Country,State,Vehicle,Year,BESS_stock_vector,BESS_stock_total
Canada,Alberta,Heavy trucks,2022,0|0|0|0|0|0|0|0|0|0|0|0|0|0|0|0|0|0|0|0|0|0|0|0|0|0|0|0|0|0|0,0
Canada,Alberta,Heavy trucks,2023,0|0|0|0|0|0|0|0|0|0|0|0|0|0|0|0|0|0|0|0|0|0|0|0|0|0|0|0|0|0|0,0
Canada,Alberta,Heavy trucks,2024,0|0|0|0|0|0|0|0|0|0|0|0|0|0|0|0|0|0|0|0|0|0|0|0|0|0|0|0|0|0|0,0
Canada,Alberta,Heavy trucks,2025,0|0|1|0|0|0|0|0|0|0|0|0|0|0|0|0|0|0|0|0|0|0|0|0|0|0|0|0|0|0|0,1
Canada,Alberta,Heavy trucks,2026,0|1|0|2|0|0|0|0|0|0|0|0|0|0|0|0|0|0|0|0|0|0|0|0|0|0|0|0|0|0|0,3
Canada,Alberta,Heavy trucks,2027,0|1|2|0|3|0|0|0|0|0|0|0|0|0|0|0|0|0|0|0|0|0|0|0|0|0|0|0|0|0|0,6
Canada,Alberta,Heavy trucks,2028,0|1|2|3|1|4|0|0|0|0|0|0|0|0|0|0|0|0|0|0|0|0|0|0|0|0|0|0|0|0|0,11
Canada,Alberta,Heavy trucks,2029,0|2|2|3|4|2|5|0|0|0|0|0|0|0|0|0|0|0|0|0|0|0|0|0|0|0|0|0|0|0|0,18
Canada,Alberta,Heavy trucks,2030,0|4|5|4|4|5|3|6|0|0|0|0|0|0|0|0|0|0|0|0|0|0|0|0|0|0|0|0|0|0|0,31
Canada,Alberta,Heavy trucks,2031,0|9|11|10|7|5|6|4|7|0|0|0|0|0|0|0|0|0|0|0|0|0|0|0|0|0|0|0|0|0|0,59
Canada,Alberta,Heavy trucks,2032,0|19|22|20|16|10|7|7|5|8|0|0|0|0|0|0|0|0|0|0|0|0|0|0|0|0|0|0|0|0|0,114
Canada,Alberta,Heavy trucks,2033,0|21|47|41|33|23|15|9|8|6|9|0|0|0|0|0|0|0|0|0|0|0|0|0|0|0|0|0|0|0|0,212
Canada,Alberta,Heavy trucks,2034,0|23|52|88|68|49|32|20|11|9|7|10|0|0|0|0|0|0|0|0|0|0|0|0|0|0|0|0|0|0|0,369
Canada,Alberta,Heavy trucks,2035,0|25|57|98|145|103|68|42|25|13|10|8|11|0|0|0|0|0|0|0|0|0|0|0|0|0|0|0|0|0|0,605
Canada,Alberta,Heavy trucks,2036,0|27|62|107|160|219|145|89|52|29|14|11|8|11|0|0|0|0|0|0|0|0|0|0|0|0|0|0|0|0|0,934
Canada,Alberta,Heavy trucks,2037,0|29|68|116|176|241|308|191|110|61|32|15|12|8|10|0|0|0|0|0|0|0|0|0|0|0|0|0|0|0|0,1377
Canada,Alberta,Heavy trucks,2038,0|36|73|128|191|266|340|404|236|128|67|35|16|13|8|10|0|0|0|0|0|0|0|0|0|0|0|0|0|0|0,1951
Canada,Alberta,Heavy trucks,2039,0|43|90|137|210|289|374|446|499|276|144|72|35|16|12|7|9|0|0|0|0|0|0|0|0|0|0|0|0|0|0,2659
Canada,Alberta,Heavy trucks,2040,0|50|107|168|225|317|406|491|552|584|306|155|74|36|17|12|7|9|0|0|0|0|0|0|0|0|0|0|0|0|0,3516
Canada,Alberta,Heavy trucks,2041,0|58|124|199|276|340|444|535|607|646|651|328|160|75|36|16|11|6|8|0|0|0|0|0|0|0|0|0|0|0|0,4520
Canada,Alberta,Heavy trucks,2042,0|65|143|232|327|416|477|583|662|709|719|699|341|163|74|36|16|10|6|7|0|0|0|0|0|0|0|0|0|0|0,5685
Canada,Alberta,Heavy trucks,2043,0|66|161|266|381|493|583|629|721|775|791|770|728|346|162|73|34|14|9|5|6|0|0|0|0|0|0|0|0|0|0,7013
Canada,Alberta,Heavy trucks,2044,0|67|164|300|435|574|693|768|779|843|864|849|802|739|344|158|70|31|13|8|4|4|0|0|0|0|0|0|0|0|0,8509
Canada,Alberta,Heavy trucks,2045,0|68|167|305|492|656|806|911|950|909|938|926|883|813|735|335|150|65|28|11|7|3|3|0|0|0|0|0|0|0|0,10161
Canada,Alberta,Heavy trucks,2046,0|69|169|310|500|741|921|1060|1128|1110|1012|1005|964|897|810|718|319|140|58|24|9|5|2|2|0|0|0|0|0|0|0,11973
Canada,Alberta,Heavy trucks,2047,0|70|172|314|508|752|1041|1211|1310|1317|1239|1085|1046|979|893|791|685|296|125|50|20|7|4|2|2|0|0|0|0|0|0,13919
Canada,Alberta,Heavy trucks,2048,0|71|175|319|515|764|1057|1369|1496|1531|1468|1328|1129|1062|974|871|754|635|266|108|41|15|5|3|1|1|0|0|0|0|0,15958
Canada,Alberta,Heavy trucks,2049,0|72|177|325|523|775|1074|1389|1692|1749|1707|1573|1381|1147|1057|951|831|699|569|228|88|32|11|4|2|1|1|0|0|0|0,18058
Canada,Alberta,Heavy trucks,2050,0|74|179|329|532|787|1090|1412|1718|1977|1949|1830|1636|1402|1142|1031|907|771|627|489|187|68|23|8|3|1|0|0|0|0|0,20172
Canada,Alberta,Medium trucks,2022,0|0|0|0|0|0|0|0|0|0|0|0|0|0|0|0|0|0|0|0|0|0|0|0|0|0|0|0|0|0|0,0
Canada,Alberta,Medium trucks,2023,0|0|0|0|0|0|0|0|0|0|0|0|0|0|0|0|0|0|0|0|0|0|0|0|0|0|0|0|0|0|0,0
Canada,Alberta,Medium trucks,2024,0|1|0|0|0|0|0|0|0|0|0|0|0|0|0|0|0|0|0|0|0|0|0|0|0|0|0|0|0|0|0,1
Canada,Alberta,Medium trucks,2025,0|3|2|0|0|0|0|0|0|0|0|0|0|0|0|0|0|0|0|0|0|0|0|0|0|0|0|0|0|0|0,5
Canada,Alberta,Medium trucks,2026,0|4|7|4|0|0|0|0|0|0|0|0|0|0|0|0|0|0|0|0|0|0|0|0|0|0|0|0|0|0|0,15
Canada,Alberta,Medium trucks,2027,0|6|10|12|7|0|0|0|0|0|0|0|0|0|0|0|0|0|0|0|0|0|0|0|0|0|0|0|0|0|0,35
Canada,Alberta,Medium trucks,2028,0|9|15|19|19|10|0|0|0|0|0|0|0|0|0|0|0|0|0|0|0|0|0|0|0|0|0|0|0|0|0,72
Canada,Alberta,Medium trucks,2029,0|15|23|28|30|28|15|0|0|0|0|0|0|0|0|0|0|0|0|0|0|0|0|0|0|0|0|0|0|0|0,139
Canada,Alberta,Medium trucks,2030,0|23|36|43|45|45|39|20|0|0|0|0|0|0|0|0|0|0|0|0|0|0|0|0|0|0|0|0|0|0|0,251
Canada,Alberta,Medium trucks,2031,0|35|56|67|70|68|63|52|25|0|0|0|0|0|0|0|0|0|0|0|0|0|0|0|0|0|0|0|0|0|0,436
Canada,Alberta,Medium trucks,2032,0|54|87|105|111|105|95|82|65|29|0|0|0|0|0|0|0|0|0|0|0|0|0|0|0|0|0|0|0|0|0,733
Canada,Alberta,Medium trucks,2033,0|65|134|162|172|167|149|126|101|76|32|0|0|0|0|0|0|0|0|0|0|0|0|0|0|0|0|0|0|0|0,1184
Canada,Alberta,Medium trucks,2034,0|76|161|251|266|259|235|197|156|117|84|35|0|0|0|0|0|0|0|0|0|0|0|0|0|0|0|0|0|0|0,1837
Canada,Alberta,Medium trucks,2035,0|88|189|300|411|401|364|309|243|182|130|91|35|0|0|0|0|0|0|0|0|0|0|0|0|0|0|0|0|0|0,2743
Canada,Alberta,Medium trucks,2036,0|98|218|352|492|620|562|478|382|285|203|139|95|36|0|0|0|0|0|0|0|0|0|0|0|0|0|0|0|0|0,3960
Canada,Alberta,Medium trucks,2037,0|111|245|406|577|742|870|740|591|446|318|218|145|96|36|0|0|0|0|0|0|0|0|0|0|0|0|0|0|0|0,5541
Canada,Alberta,Medium trucks,2038,0|123|275|457|664|868|1042|1144|913|690|497|341|227|146|95|36|0|0|0|0|0|0|0|0|0|0|0|0|0|0|0,7518
Canada,Alberta,Medium trucks,2039,0|135|304|512|748|999|1219|1370|1414|1068|770|533|355|231|146|93|34|0|0|0|0|0|0|0|0|0|0|0|0|0|0,9931
Canada,Alberta,Medium trucks,2040,0|147|335|567|838|1126|1402|1603|1695|1653|1189|825|554|360|229|142|89|31|0|0|0|0|0|0|0|0|0|0|0|0|0,12785
Canada,Alberta,Medium trucks,2041,0|159|365|623|929|1261|1582|1844|1983|1981|1840|1275|858|563|358|223|136|82|28|0|0|0|0|0|0|0|0|0|0|0|0,16090
Canada,Alberta,Medium trucks,2042,0|172|395|679|1020|1399|1771|2081|2279|2318|2207|1973|1327|871|560|349|213|127|74|24|0|0|0|0|0|0|0|0|0|0|0,19839
Canada,Alberta,Medium trucks,2043,0|174|429|737|1112|1536|1964|2330|2573|2663|2583|2367|2053|1348|866|547|332|198|113|63|20|0|0|0|0|0|0|0|0|0|0,24008
Canada,Alberta,Medium trucks,2044,0|175|433|797|1208|1675|2157|2582|2880|3008|2968|2768|2461|2085|1341|845|522|308|177|97|52|15|0|0|0|0|0|0|0|0|0,28554
Canada,Alberta,Medium trucks,2045,0|177|436|805|1305|1820|2352|2837|3192|3367|3352|3181|2880|2500|2075|1307|806|484|277|152|80|40|11|0|0|0|0|0|0|0|0,33436
Canada,Alberta,Medium trucks,2046,0|179|441|813|1319|1967|2555|3095|3507|3732|3751|3594|3309|2924|2488|2024|1248|748|434|238|124|62|30|8|0|0|0|0|0|0|0,38590
Canada,Alberta,Medium trucks,2047,0|181|446|822|1331|1987|2762|3362|3826|4099|4157|4022|3739|3360|2910|2427|1931|1159|670|372|194|97|46|21|6|0|0|0|0|0|0,43927
Canada,Alberta,Medium trucks,2048,0|183|450|830|1346|2006|2789|3632|4156|4473|4566|4457|4184|3798|3344|2840|2316|1793|1038|576|304|151|71|32|15|4|0|0|0|0|0,49354
Canada,Alberta,Medium trucks,2049,0|184|454|837|1358|2028|2817|3668|4490|4858|4985|4896|4636|4249|3780|3263|2710|2150|1608|892|471|237|112|51|22|10|2|0|0|0|0,54768
Canada,Alberta,Medium trucks,2050,0|185|458|845|1371|2046|2847|3705|4535|5248|5413|5344|5092|4709|4228|3687|3115|2515|1928|1381|729|366|175|79|35|15|6|2|0|0|0,60059
Canada,British Columbia,Heavy trucks,2022,0|0|0|0|0|0|0|0|0|0|0|0|0|0|0|0|0|0|0|0|0|0|0|0|0|0|0|0|0|0|0,0
Canada,British Columbia,Heavy trucks,2023,0|0|0|0|0|0|0|0|0|0|0|0|0|0|0|0|0|0|0|0|0|0|0|0|0|0|0|0|0|0|0,0
Canada,British Columbia,Heavy trucks,2024,0|0|0|0|0|0|0|0|0|0|0|0|0|0|0|0|0|0|0|0|0|0|0|0|0|0|0|0|0|0|0,0
Canada,British Columbia,Heavy trucks,2025,0|0|1|0|0|0|0|0|0|0|0|0|0|0|0|0|0|0|0|0|0|0|0|0|0|0|0|0|0|0|0,1
Canada,British Columbia,Heavy trucks,2026,0|1|0|2|0|0|0|0|0|0|0|0|0|0|0|0|0|0|0|0|0|0|0|0|0|0|0|0|0|0|0,3
Canada,British Columbia,Heavy trucks,2027,0|1|2|0|3|0|0|0|0|0|0|0|0|0|0|0|0|0|0|0|0|0|0|0|0|0|0|0|0|0|0,6
Canada,British Columbia,Heavy trucks,2028,0|1|2|3|1|4|0|0|0|0|0|0|0|0|0|0|0|0|0|0|0|0|0|0|0|0|0|0|0|0|0,11
Canada,British Columbia,Heavy trucks,2029,0|3|2|3|4|2|5|0|0|0|0|0|0|0|0|0|0|0|0|0|0|0|0|0|0|0|0|0|0|0|0,19
Canada,British Columbia,Heavy trucks,2030,0|5|6|5|4|5|3|6|0|0|0|0|0|0|0|0|0|0|0|0|0|0|0|0|0|0|0|0|0|0|0,34
Canada,British Columbia,Heavy trucks,2031,0|10|12|11|8|6|6|4|7|0|0|0|0|0|0|0|0|0|0|0|0|0|0|0|0|0|0|0|0|0|0,64
Canada,British Columbia,Heavy trucks,2032,0|21|25|22|18|12|9|8|5|8|0|0|0|0|0|0|0|0|0|0|0|0|0|0|0|0|0|0|0|0|0,128
Canada,British Columbia,Heavy trucks,2033,0|23|52|46|36|27|17|12|10|6|9|0|0|0|0|0|0|0|0|0|0|0|0|0|0|0|0|0|0|0|0,238
Canada,British Columbia,Heavy trucks,2034,0|25|57|98|75|54|38|22|15|11|7|10|0|0|0|0|0|0|0|0|0|0|0|0|0|0|0|0|0|0|0,412
Canada,British Columbia,Heavy trucks,2035,0|27|62|107|161|114|76|49|27|18|12|8|11|0|0|0|0|0|0|0|0|0|0|0|0|0|0|0|0|0|0,672
Canada,British Columbia,Heavy trucks,2036,0|29|68|117|176|242|161|100|60|32|20|13|8|11|0|0|0|0|0|0|0|0|0|0|0|0|0|0|0|0|0,1037
Canada,British Columbia,Heavy trucks,2037,0|32|73|128|192|266|341|212|123|70|36|21|14|8|10|0|0|0|0|0|0|0|0|0|0|0|0|0|0|0|0,1526
Canada,British Columbia,Heavy trucks,2038,0|39|80|137|210|291|374|447|261|144|77|38|22|14|8|10|0|0|0|0|0|0|0|0|0|0|0|0|0|0|0,2152
Canada,British Columbia,Heavy trucks,2039,0|46|97|149|225|317|409|491|553|306|162|83|40|22|14|7|9|0|0|0|0|0|0|0|0|0|0|0|0|0|0,2930
Canada,British Columbia,Heavy trucks,2040,0|54|115|181|245|340|445|538|608|647|342|174|86|40|23|14|7|9|0|0|0|0|0|0|0|0|0|0|0|0|0,3868
Canada,British Columbia,Heavy trucks,2041,0|61|134|214|297|369|477|584|665|710|720|367|181|88|41|22|13|6|8|0|0|0|0|0|0|0|0|0|0|0|0,4957
Canada,British Columbia,Heavy trucks,2042,0|68|151|249|351|447|518|629|722|778|792|771|382|183|87|40|21|12|6|7|0|0|0|0|0|0|0|0|0|0|0,6214
Canada,British Columbia,Heavy trucks,2043,0|70|171|282|407|529|627|683|779|844|868|850|803|388|182|85|38|19|11|5|6|0|0|0|0|0|0|0|0|0|0,7647
Canada,British Columbia,Heavy trucks,2044,0|70|173|318|462|613|743|825|843|910|940|930|884|814|387|177|81|35|17|9|4|4|0|0|0|0|0|0|0|0|0,9239
Canada,British Columbia,Heavy trucks,2045,0|71|175|321|520|697|859|977|1021|985|1014|1008|968|898|811|377|169|75|32|15|8|3|3|0|0|0|0|0|0|0|0,11007
Canada,British Columbia,Heavy trucks,2046,0|72|177|325|525|782|978|1130|1208|1194|1097|1087|1049|983|894|792|359|157|67|27|12|6|2|2|0|0|0|0|0|0|0,12925
Canada,British Columbia,Heavy trucks,2047,0|72|179|328|532|790|1099|1286|1397|1412|1330|1176|1131|1065|978|872|755|333|141|58|22|9|4|2|2|0|0|0|0|0|0,14973
Canada,British Columbia,Heavy trucks,2048,0|74|180|332|537|800|1111|1445|1590|1633|1573|1426|1223|1149|1060|955|832|700|299|121|47|17|7|3|1|1|0|0|0|0|0,17116
Canada,British Columbia,Heavy trucks,2049,0|74|183|335|544|807|1124|1460|1787|1859|1819|1686|1484|1242|1144|1034|911|772|627|257|99|37|13|5|2|1|1|0|0|0|0,19307
Canada,British Columbia,Heavy trucks,2050,0|75|185|340|549|818|1134|1478|1805|2088|2070|1950|1754|1508|1236|1116|987|846|692|539|210|77|27|9|3|1|0|0|0|0|0,21497
Canada,British Columbia,Medium trucks,2022,0|0|0|0|0|0|0|0|0|0|0|0|0|0|0|0|0|0|0|0|0|0|0|0|0|0|0|0|0|0|0,0
Canada,British Columbia,Medium trucks,2023,0|0|0|0|0|0|0|0|0|0|0|0|0|0|0|0|0|0|0|0|0|0|0|0|0|0|0|0|0|0|0,0
Canada,British Columbia,Medium trucks,2024,0|1|0|0|0|0|0|0|0|0|0|0|0|0|0|0|0|0|0|0|0|0|0|0|0|0|0|0|0|0|0,1
Canada,British Columbia,Medium trucks,2025,0|3|2|0|0|0|0|0|0|0|0|0|0|0|0|0|0|0|0|0|0|0|0|0|0|0|0|0|0|0|0,5
Canada,British Columbia,Medium trucks,2026,0|5|8|5|0|0|0|0|0|0|0|0|0|0|0|0|0|0|0|0|0|0|0|0|0|0|0|0|0|0|0,18
Canada,British Columbia,Medium trucks,2027,0|7|12|14|8|0|0|0|0|0|0|0|0|0|0|0|0|0|0|0|0|0|0|0|0|0|0|0|0|0|0,41
Canada,British Columbia,Medium trucks,2028,0|11|17|21|23|12|0|0|0|0|0|0|0|0|0|0|0|0|0|0|0|0|0|0|0|0|0|0|0|0|0,84
Canada,British Columbia,Medium trucks,2029,0|17|26|32|34|34|17|0|0|0|0|0|0|0|0|0|0|0|0|0|0|0|0|0|0|0|0|0|0|0|0,160
Canada,British Columbia,Medium trucks,2030,0|25|41|49|53|51|47|22|0|0|0|0|0|0|0|0|0|0|0|0|0|0|0|0|0|0|0|0|0|0|0,288
Canada,British Columbia,Medium trucks,2031,0|39|62|76|80|80|72|62|27|0|0|0|0|0|0|0|0|0|0|0|0|0|0|0|0|0|0|0|0|0|0,498
Canada,British Columbia,Medium trucks,2032,0|60|97|116|125|122|111|95|77|32|0|0|0|0|0|0|0|0|0|0|0|0|0|0|0|0|0|0|0|0|0,835
Canada,British Columbia,Medium trucks,2033,0|72|149|181|191|189|172|147|118|90|36|0|0|0|0|0|0|0|0|0|0|0|0|0|0|0|0|0|0|0|0,1345
Canada,British Columbia,Medium trucks,2034,0|84|179|278|296|289|266|226|181|137|99|38|0|0|0|0|0|0|0|0|0|0|0|0|0|0|0|0|0|0|0,2073
Canada,British Columbia,Medium trucks,2035,0|95|208|332|456|445|406|349|279|213|154|106|40|0|0|0|0|0|0|0|0|0|0|0|0|0|0|0|0|0|0,3083
Canada,British Columbia,Medium trucks,2036,0|108|236|386|544|687|624|534|432|327|237|165|109|40|0|0|0|0|0|0|0|0|0|0|0|0|0|0|0|0|0,4429
Canada,British Columbia,Medium trucks,2037,0|120|267|440|633|818|964|821|660|503|365|253|171|111|41|0|0|0|0|0|0|0|0|0|0|0|0|0|0|0|0,6167
Canada,British Columbia,Medium trucks,2038,0|132|297|496|721|952|1149|1268|1016|772|560|392|264|173|110|40|0|0|0|0|0|0|0|0|0|0|0|0|0|0|0,8342
Canada,British Columbia,Medium trucks,2039,0|144|328|552|813|1085|1338|1511|1567|1188|861|600|408|268|173|107|38|0|0|0|0|0|0|0|0|0|0|0|0|0|0,10981
Canada,British Columbia,Medium trucks,2040,0|157|358|609|904|1224|1524|1759|1868|1831|1324|923|624|414|267|168|103|35|0|0|0|0|0|0|0|0|0|0|0|0|0,14092
Canada,British Columbia,Medium trucks,2041,0|169|389|665|998|1362|1719|2005|2173|2184|2040|1420|961|633|412|261|160|95|32|0|0|0|0|0|0|0|0|0|0|0|0,17678
Canada,British Columbia,Medium trucks,2042,0|181|421|724|1090|1502|1912|2262|2479|2540|2433|2186|1477|976|631|402|248|149|85|27|0|0|0|0|0|0|0|0|0|0|0,21725
Canada,British Columbia,Medium trucks,2043,0|183|452|783|1186|1642|2109|2515|2796|2899|2830|2610|2274|1500|971|615|383|231|133|73|22|0|0|0|0|0|0|0|0|0|0,26207
Canada,British Columbia,Medium trucks,2044,0|183|455|842|1282|1786|2305|2773|3109|3268|3230|3034|2715|2309|1492|948|587|356|207|114|60|17|0|0|0|0|0|0|0|0|0,31072
Canada,British Columbia,Medium trucks,2045,0|185|456|847|1378|1931|2508|3032|3428|3634|3641|3462|3156|2757|2299|1456|905|545|319|178|94|47|13|0|0|0|0|0|0|0|0,36271
Canada,British Columbia,Medium trucks,2046,0|185|460|850|1386|2077|2711|3298|3749|4008|4050|3903|3601|3206|2743|2243|1390|839|488|274|146|73|34|9|0|0|0|0|0|0|0,41723
Canada,British Columbia,Medium trucks,2047,0|187|462|856|1392|2089|2916|3565|4077|4382|4465|4342|4061|3657|3191|2677|2140|1290|752|420|224|113|54|24|6|0|0|0|0|0|0,47342
Canada,British Columbia,Medium trucks,2048,0|187|465|861|1401|2099|2933|3834|4408|4766|4883|4787|4516|4124|3639|3114|2554|1987|1156|646|343|174|84|38|17|4|0|0|0|0|0,53020
Canada,British Columbia,Medium trucks,2049,0|189|466|866|1409|2112|2948|3858|4740|5153|5310|5236|4980|4587|4105|3550|2972|2370|1781|993|529|267|129|59|26|11|3|0|0|0|0,58649
Canada,British Columbia,Medium trucks,2050,0|189|470|869|1417|2124|2966|3878|4768|5541|5740|5692|5447|5057|4565|4005|3387|2759|2125|1530|813|411|198|91|41|18|7|2|0|0|0,64110
Canada,Manitoba,Heavy trucks,2022,0|0|0|0|0|0|0|0|0|0|0|0|0|0|0|0|0|0|0|0|0|0|0|0|0|0|0|0|0|0|0,0
Canada,Manitoba,Heavy trucks,2023,0|0|0|0|0|0|0|0|0|0|0|0|0|0|0|0|0|0|0|0|0|0|0|0|0|0|0|0|0|0|0,0
Canada,Manitoba,Heavy trucks,2024,0|0|0|0|0|0|0|0|0|0|0|0|0|0|0|0|0|0|0|0|0|0|0|0|0|0|0|0|0|0|0,0
Canada,Manitoba,Heavy trucks,2025,0|0|0|0|0|0|0|0|0|0|0|0|0|0|0|0|0|0|0|0|0|0|0|0|0|0|0|0|0|0|0,0
Canada,Manitoba,Heavy trucks,2026,0|0|0|0|0|0|0|0|0|0|0|0|0|0|0|0|0|0|0|0|0|0|0|0|0|0|0|0|0|0|0,0
Canada,Manitoba,Heavy trucks,2027,0|0|0|0|0|0|0|0|0|0|0|0|0|0|0|0|0|0|0|0|0|0|0|0|0|0|0|0|0|0|0,0
Canada,Manitoba,Heavy trucks,2028,0|1|0|0|0|0|0|0|0|0|0|0|0|0|0|0|0|0|0|0|0|0|0|0|0|0|0|0|0|0|0,1
Canada,Manitoba,Heavy trucks,2029,0|1|2|1|1|0|0|0|0|0|0|0|0|0|0|0|0|0|0|0|0|0|0|0|0|0|0|0|0|0|0,5
Canada,Manitoba,Heavy trucks,2030,0|1|2|3|2|2|0|1|0|0|0|0|0|0|0|0|0|0|0|0|0|0|0|0|0|0|0|0|0|0|0,11
Canada,Manitoba,Heavy trucks,2031,0|3|3|3|4|3|3|0|2|0|0|0|0|0|0|0|0|0|0|0|0|0|0|0|0|0|0|0|0|0|0,21
Canada,Manitoba,Heavy trucks,2032,0|5|7|6|4|5|4|4|0|2|0|0|0|0|0|0|0|0|0|0|0|0|0|0|0|0|0|0|0|0|0,37
Canada,Manitoba,Heavy trucks,2033,0|6|13|12|9|7|6|5|5|0|2|0|0|0|0|0|0|0|0|0|0|0|0|0|0|0|0|0|0|0|0,65
Canada,Manitoba,Heavy trucks,2034,0|7|15|24|19|14|10|7|6|6|0|2|0|0|0|0|0|0|0|0|0|0|0|0|0|0|0|0|0|0|0,110
Canada,Manitoba,Heavy trucks,2035,0|7|16|28|40|29|19|13|8|7|7|0|2|0|0|0|0|0|0|0|0|0|0|0|0|0|0|0|0|0|0,176
Canada,Manitoba,Heavy trucks,2036,0|7|18|30|45|61|41|26|16|9|8|7|0|2|0|0|0|0|0|0|0|0|0|0|0|0|0|0|0|0|0,270
Canada,Manitoba,Heavy trucks,2037,0|9|18|33|49|68|86|54|32|19|10|9|7|0|2|0|0|0|0|0|0|0|0|0|0|0|0|0|0|0|0,396
Canada,Manitoba,Heavy trucks,2038,0|10|21|35|54|74|95|113|67|37|21|11|9|7|0|2|0|0|0|0|0|0|0|0|0|0|0|0|0|0|0,556
Canada,Manitoba,Heavy trucks,2039,0|12|25|38|58|81|104|127|141|78|42|22|12|9|7|0|2|0|0|0|0|0|0|0|0|0|0|0|0|0|0,758
Canada,Manitoba,Heavy trucks,2040,0|13|29|46|63|87|114|138|158|165|86|44|22|13|8|6|0|2|0|0|0|0|0|0|0|0|0|0|0|0|0,994
Canada,Manitoba,Heavy trucks,2041,0|15|33|54|75|94|123|151|171|185|184|93|46|23|12|8|6|0|1|0|0|0|0|0|0|0|0|0|0|0|0,1274
Canada,Manitoba,Heavy trucks,2042,0|17|38|62|89|115|133|163|186|201|206|198|97|46|24|12|8|6|0|1|0|0|0|0|0|0|0|0|0|0|0,1602
Canada,Manitoba,Heavy trucks,2043,0|17|43|71|102|135|162|175|201|218|224|221|206|98|46|23|11|7|5|0|1|0|0|0|0|0|0|0|0|0|0,1966
Canada,Manitoba,Heavy trucks,2044,0|17|43|80|117|155|191|214|216|235|243|241|231|210|97|46|22|10|6|4|0|1|0|0|0|0|0|0|0|0|0,2379
Canada,Manitoba,Heavy trucks,2045,0|18|44|80|132|177|219|251|263|253|262|260|250|235|208|95|43|20|9|6|4|0|1|0|0|0|0|0|0|0|0,2830
Canada,Manitoba,Heavy trucks,2046,0|18|45|82|133|200|249|289|311|308|282|280|271|254|233|203|91|40|18|8|5|3|0|0|0|0|0|0|0|0|0,3323
Canada,Manitoba,Heavy trucks,2047,0|19|45|84|136|201|282|328|358|364|344|302|291|275|253|227|194|84|36|15|7|4|2|0|0|0|0|0|0|0|0,3851
Canada,Manitoba,Heavy trucks,2048,0|19|46|84|138|205|284|370|407|419|406|369|314|296|274|246|216|180|75|31|13|5|3|1|0|0|0|0|0|0|0,4401
Canada,Manitoba,Heavy trucks,2049,0|19|46|85|138|208|288|374|458|476|467|435|384|319|295|268|234|201|161|65|25|10|4|2|1|0|0|0|0|0|0,4963
Canada,Manitoba,Heavy trucks,2050,0|19|46|85|140|208|293|378|463|535|531|501|453|390|318|288|255|218|180|138|53|20|7|3|1|1|0|0|0|0|0,5524
Canada,Manitoba,Medium trucks,2022,0|0|0|0|0|0|0|0|0|0|0|0|0|0|0|0|0|0|0|0|0|0|0|0|0|0|0|0|0|0|0,0
Canada,Manitoba,Medium trucks,2023,0|0|0|0|0|0|0|0|0|0|0|0|0|0|0|0|0|0|0|0|0|0|0|0|0|0|0|0|0|0|0,0
Canada,Manitoba,Medium trucks,2024,0|1|0|0|0|0|0|0|0|0|0|0|0|0|0|0|0|0|0|0|0|0|0|0|0|0|0|0|0|0|0,1
Canada,Manitoba,Medium trucks,2025,0|1|2|0|0|0|0|0|0|0|0|0|0|0|0|0|0|0|0|0|0|0|0|0|0|0|0|0|0|0|0,3
Canada,Manitoba,Medium trucks,2026,0|1|2|3|0|0|0|0|0|0|0|0|0|0|0|0|0|0|0|0|0|0|0|0|0|0|0|0|0|0|0,6
Canada,Manitoba,Medium trucks,2027,0|2|2|3|4|0|0|0|0|0|0|0|0|0|0|0|0|0|0|0|0|0|0|0|0|0|0|0|0|0|0,11
Canada,Manitoba,Medium trucks,2028,0|3|5|5|6|5|0|0|0|0|0|0|0|0|0|0|0|0|0|0|0|0|0|0|0|0|0|0|0|0|0,24
Canada,Manitoba,Medium trucks,2029,0|5|7|9|8|9|6|0|0|0|0|0|0|0|0|0|0|0|0|0|0|0|0|0|0|0|0|0|0|0|0,44
Canada,Manitoba,Medium trucks,2030,0|7|12|13|14|13|12|7|0|0|0|0|0|0|0|0|0|0|0|0|0|0|0|0|0|0|0|0|0|0|0,78
Canada,Manitoba,Medium trucks,2031,0|10|17|21|21|21|18|16|8|0|0|0|0|0|0|0|0|0|0|0|0|0|0|0|0|0|0|0|0|0|0,132
Canada,Manitoba,Medium trucks,2032,0|15|25|31|34|32|30|24|20|9|0|0|0|0|0|0|0|0|0|0|0|0|0|0|0|0|0|0|0|0|0,220
Canada,Manitoba,Medium trucks,2033,0|19|38|46|50|51|45|39|30|23|10|0|0|0|0|0|0|0|0|0|0|0|0|0|0|0|0|0|0|0|0,351
Canada,Manitoba,Medium trucks,2034,0|21|46|71|75|75|70|59|48|35|26|11|0|0|0|0|0|0|0|0|0|0|0|0|0|0|0|0|0|0|0,537
Canada,Manitoba,Medium trucks,2035,0|25|53|85|117|115|105|91|73|56|39|28|12|0|0|0|0|0|0|0|0|0|0|0|0|0|0|0|0|0|0,799
Canada,Manitoba,Medium trucks,2036,0|27|61|100|141|177|163|139|112|85|62|41|28|13|0|0|0|0|0|0|0|0|0|0|0|0|0|0|0|0|0,1149
Canada,Manitoba,Medium trucks,2037,0|31|68|114|164|213|249|215|172|130|94|67|43|29|12|0|0|0|0|0|0|0|0|0|0|0|0|0|0|0|0,1601
Canada,Manitoba,Medium trucks,2038,0|33|77|128|187|247|300|328|265|202|146|101|69|43|29|12|0|0|0|0|0|0|0|0|0|0|0|0|0|0|0,2167
Canada,Manitoba,Medium trucks,2039,0|37|84|143|210|282|348|394|407|311|225|157|105|70|43|29|11|0|0|0|0|0|0|0|0|0|0|0|0|0|0,2856
Canada,Manitoba,Medium trucks,2040,0|40|93|156|235|317|397|456|487|476|347|242|162|106|70|43|28|10|0|0|0|0|0|0|0|0|0|0|0|0|0,3665
Canada,Manitoba,Medium trucks,2041,0|43|100|173|257|354|445|522|564|569|531|372|251|165|105|68|41|26|9|0|0|0|0|0|0|0|0|0|0|0|0,4595
Canada,Manitoba,Medium trucks,2042,0|47|108|186|283|388|495|585|645|660|635|568|387|255|164|102|66|38|23|8|0|0|0|0|0|0|0|0|0|0|0,5643
Canada,Manitoba,Medium trucks,2043,0|48|117|201|305|426|545|651|724|754|735|680|591|393|254|159|98|61|34|20|7|0|0|0|0|0|0|0|0|0|0,6803
Canada,Manitoba,Medium trucks,2044,0|48|118|218|330|460|597|718|805|847|840|788|707|601|391|247|152|90|55|29|16|5|0|0|0|0|0|0|0|0|0,8062
Canada,Manitoba,Medium trucks,2045,0|48|118|219|356|498|646|786|887|940|943|901|820|717|599|382|235|142|81|47|24|13|4|0|0|0|0|0|0|0|0,9406
Canada,Manitoba,Medium trucks,2046,0|48|118|219|358|536|698|850|971|1037|1048|1011|937|833|714|584|363|219|127|69|38|18|9|3|0|0|0|0|0|0|0,10808
Canada,Manitoba,Medium trucks,2047,0|48|118|220|358|538|752|918|1051|1134|1154|1123|1052|952|829|696|558|337|196|109|57|30|14|7|2|0|0|0|0|0|0,12253
Canada,Manitoba,Medium trucks,2048,0|48|119|221|360|540|754|989|1136|1229|1264|1237|1168|1068|947|809|664|517|303|168|89|44|22|10|5|1|0|0|0|0|0,13712
Canada,Manitoba,Medium trucks,2049,0|48|120|222|362|542|757|991|1222|1327|1368|1355|1286|1188|1062|925|771|616|464|260|137|69|33|16|7|3|1|0|0|0|0,15152
Canada,Manitoba,Medium trucks,2050,0|49|120|223|363|545|760|996|1225|1429|1478|1466|1410|1306|1182|1037|882|715|552|398|212|107|51|23|11|4|2|1|0|0|0,16547
Canada,New Brunswick,Heavy trucks,2022,0|0|0|0|0|0|0|0|0|0|0|0|0|0|0|0|0|0|0|0|0|0|0|0|0|0|0|0|0|0|0,0
Canada,New Brunswick,Heavy trucks,2023,0|0|0|0|0|0|0|0|0|0|0|0|0|0|0|0|0|0|0|0|0|0|0|0|0|0|0|0|0|0|0,0
Canada,New Brunswick,Heavy trucks,2024,0|0|0|0|0|0|0|0|0|0|0|0|0|0|0|0|0|0|0|0|0|0|0|0|0|0|0|0|0|0|0,0
Canada,New Brunswick,Heavy trucks,2025,0|0|0|0|0|0|0|0|0|0|0|0|0|0|0|0|0|0|0|0|0|0|0|0|0|0|0|0|0|0|0,0
Canada,New Brunswick,Heavy trucks,2026,0|0|0|0|0|0|0|0|0|0|0|0|0|0|0|0|0|0|0|0|0|0|0|0|0|0|0|0|0|0|0,0
Canada,New Brunswick,Heavy trucks,2027,0|0|0|0|0|0|0|0|0|0|0|0|0|0|0|0|0|0|0|0|0|0|0|0|0|0|0|0|0|0|0,0
Canada,New Brunswick,Heavy trucks,2028,0|0|0|0|0|0|0|0|0|0|0|0|0|0|0|0|0|0|0|0|0|0|0|0|0|0|0|0|0|0|0,0
Canada,New Brunswick,Heavy trucks,2029,0|1|0|0|0|0|0|0|0|0|0|0|0|0|0|0|0|0|0|0|0|0|0|0|0|0|0|0|0|0|0,1
Canada,New Brunswick,Heavy trucks,2030,0|1|2|1|0|0|0|0|0|0|0|0|0|0|0|0|0|0|0|0|0|0|0|0|0|0|0|0|0|0|0,4
Canada,New Brunswick,Heavy trucks,2031,0|1|2|3|2|1|1|0|0|0|0|0|0|0|0|0|0|0|0|0|0|0|0|0|0|0|0|0|0|0|0,10
Canada,New Brunswick,Heavy trucks,2032,0|3|4|3|4|3|2|2|0|0|0|0|0|0|0|0|0|0|0|0|0|0|0|0|0|0|0|0|0|0|0,21
Canada,New Brunswick,Heavy trucks,2033,0|3|8|7|5|5|4|3|3|0|0|0|0|0|0|0|0|0|0|0|0|0|0|0|0|0|0|0|0|0|0,38
Canada,New Brunswick,Heavy trucks,2034,0|4|8|15|12|8|6|5|4|3|0|0|0|0|0|0|0|0|0|0|0|0|0|0|0|0|0|0|0|0|0,65
Canada,New Brunswick,Heavy trucks,2035,0|4|9|15|24|18|11|7|6|5|3|0|0|0|0|0|0|0|0|0|0|0|0|0|0|0|0|0|0|0|0,102
Canada,New Brunswick,Heavy trucks,2036,0|5|10|17|26|37|25|14|8|7|6|3|0|0|0|0|0|0|0|0|0|0|0|0|0|0|0|0|0|0|0,158
Canada,New Brunswick,Heavy trucks,2037,0|5|12|19|28|39|52|32|17|9|8|6|3|0|0|0|0|0|0|0|0|0|0|0|0|0|0|0|0|0|0,230
Canada,New Brunswick,Heavy trucks,2038,0|6|12|21|31|43|55|68|39|20|10|9|6|3|0|0|0|0|0|0|0|0|0|0|0|0|0|0|0|0|0,323
Canada,New Brunswick,Heavy trucks,2039,0|7|15|22|34|47|60|72|84|46|23|11|10|6|3|0|0|0|0|0|0|0|0|0|0|0|0|0|0|0|0,440
Canada,New Brunswick,Heavy trucks,2040,0|8|17|28|36|51|66|79|89|98|51|25|12|10|6|3|0|0|0|0|0|0|0|0|0|0|0|0|0|0|0,579
Canada,New Brunswick,Heavy trucks,2041,0|9|19|32|45|55|72|87|98|103|108|54|25|13|9|5|3|0|0|0|0|0|0|0|0|0|0|0|0|0|0,737
Canada,New Brunswick,Heavy trucks,2042,0|10|22|36|52|67|77|95|108|114|116|115|57|26|12|9|5|2|0|0|0|0|0|0|0|0|0|0|0|0|0,923
Canada,New Brunswick,Heavy trucks,2043,0|10|25|41|59|78|94|101|117|125|127|124|119|57|26|12|9|5|2|0|0|0|0|0|0|0|0|0|0|0|0,1131
Canada,New Brunswick,Heavy trucks,2044,0|10|25|46|67|89|109|123|125|136|141|136|129|120|57|26|11|8|4|2|0|0|0|0|0|0|0|0|0|0|0,1364
Canada,New Brunswick,Heavy trucks,2045,0|10|25|46|75|101|126|145|153|146|152|151|142|130|120|56|24|10|7|4|2|0|0|0|0|0|0|0|0|0|0,1625
Canada,New Brunswick,Heavy trucks,2046,0|10|25|46|75|114|143|166|179|178|164|163|156|144|129|117|54|22|9|6|3|1|0|0|0|0|0|0|0|0|0,1904
Canada,New Brunswick,Heavy trucks,2047,0|11|25|46|75|115|161|189|205|210|199|176|168|159|143|126|112|50|20|8|5|2|1|0|0|0|0|0|0|0|0,2206
Canada,New Brunswick,Heavy trucks,2048,0|11|26|47|76|115|162|212|233|241|234|214|183|171|158|139|120|104|44|17|7|4|2|1|0|0|0|0|0|0|0,2521
Canada,New Brunswick,Heavy trucks,2049,0|11|26|48|77|116|163|214|261|273|268|250|223|185|170|154|133|112|93|38|14|5|3|1|0|0|0|0|0|0|0,2838
Canada,New Brunswick,Heavy trucks,2050,0|11|26|48|79|117|164|215|263|305|303|287|260|227|184|165|147|124|100|80|31|11|4|2|1|0|0|0|0|0|0,3154
Canada,New Brunswick,Medium trucks,2022,0|0|0|0|0|0|0|0|0|0|0|0|0|0|0|0|0|0|0|0|0|0|0|0|0|0|0|0|0|0|0,0
Canada,New Brunswick,Medium trucks,2023,0|0|0|0|0|0|0|0|0|0|0|0|0|0|0|0|0|0|0|0|0|0|0|0|0|0|0|0|0|0|0,0
Canada,New Brunswick,Medium trucks,2024,0|0|0|0|0|0|0|0|0|0|0|0|0|0|0|0|0|0|0|0|0|0|0|0|0|0|0|0|0|0|0,0
Canada,New Brunswick,Medium trucks,2025,0|1|0|0|0|0|0|0|0|0|0|0|0|0|0|0|0|0|0|0|0|0|0|0|0|0|0|0|0|0|0,1
Canada,New Brunswick,Medium trucks,2026,0|1|2|1|0|0|0|0|0|0|0|0|0|0|0|0|0|0|0|0|0|0|0|0|0|0|0|0|0|0|0,4
Canada,New Brunswick,Medium trucks,2027,0|1|2|3|2|0|0|0|0|0|0|0|0|0|0|0|0|0|0|0|0|0|0|0|0|0|0|0|0|0|0,8
Canada,New Brunswick,Medium trucks,2028,0|1|2|3|4|3|0|0|0|0|0|0|0|0|0|0|0|0|0|0|0|0|0|0|0|0|0|0|0|0|0,13
Canada,New Brunswick,Medium trucks,2029,0|3|4|4|5|5|4|0|0|0|0|0|0|0|0|0|0|0|0|0|0|0|0|0|0|0|0|0|0|0|0,25
Canada,New Brunswick,Medium trucks,2030,0|4|6|7|7|8|7|5|0|0|0|0|0|0|0|0|0|0|0|0|0|0|0|0|0|0|0|0|0|0|0,44
Canada,New Brunswick,Medium trucks,2031,0|6|9|11|12|11|11|9|6|0|0|0|0|0|0|0|0|0|0|0|0|0|0|0|0|0|0|0|0|0|0,75
Canada,New Brunswick,Medium trucks,2032,0|9|15|17|18|18|16|14|11|7|0|0|0|0|0|0|0|0|0|0|0|0|0|0|0|0|0|0|0|0|0,125
Canada,New Brunswick,Medium trucks,2033,0|11|22|28|28|27|25|21|17|13|8|0|0|0|0|0|0|0|0|0|0|0|0|0|0|0|0|0|0|0|0,200
Canada,New Brunswick,Medium trucks,2034,0|13|27|41|45|43|38|33|26|20|14|9|0|0|0|0|0|0|0|0|0|0|0|0|0|0|0|0|0|0|0,309
Canada,New Brunswick,Medium trucks,2035,0|14|32|50|68|68|60|51|41|31|23|15|10|0|0|0|0|0|0|0|0|0|0|0|0|0|0|0|0|0|0,463
Canada,New Brunswick,Medium trucks,2036,0|16|35|59|82|103|95|79|64|48|34|24|16|10|0|0|0|0|0|0|0|0|0|0|0|0|0|0|0|0|0,665
Canada,New Brunswick,Medium trucks,2037,0|17|39|66|96|124|145|125|98|75|53|36|24|16|9|0|0|0|0|0|0|0|0|0|0|0|0|0|0|0|0,923
Canada,New Brunswick,Medium trucks,2038,0|19|44|73|109|145|174|191|155|114|83|56|38|25|17|9|0|0|0|0|0|0|0|0|0|0|0|0|0|0|0,1252
Canada,New Brunswick,Medium trucks,2039,0|21|48|82|121|165|203|229|236|181|127|90|59|39|25|16|9|0|0|0|0|0|0|0|0|0|0|0|0|0|0,1651
Canada,New Brunswick,Medium trucks,2040,0|23|52|89|135|183|231|267|283|276|202|136|94|59|39|25|16|8|0|0|0|0|0|0|0|0|0|0|0|0|0,2118
Canada,New Brunswick,Medium trucks,2041,0|25|57|98|147|203|257|303|330|331|307|217|142|95|58|38|23|14|7|0|0|0|0|0|0|0|0|0|0|0|0,2652
Canada,New Brunswick,Medium trucks,2042,0|27|62|107|162|223|286|339|376|386|370|329|226|144|94|57|36|22|13|6|0|0|0|0|0|0|0|0|0|0|0,3265
Canada,New Brunswick,Medium trucks,2043,0|27|66|116|175|244|314|376|420|440|430|396|342|229|143|92|55|34|19|11|5|0|0|0|0|0|0|0|0|0|0,3934
Canada,New Brunswick,Medium trucks,2044,0|27|66|124|190|264|343|413|465|490|490|462|414|347|227|139|88|51|30|17|9|4|0|0|0|0|0|0|0|0|0,4660
Canada,New Brunswick,Medium trucks,2045,0|27|66|124|203|287|371|451|511|542|546|526|480|419|345|221|133|82|46|26|14|7|3|0|0|0|0|0|0|0|0,5430
Canada,New Brunswick,Medium trucks,2046,0|27|66|124|203|306|402|487|558|598|605|586|547|488|418|336|211|124|73|39|21|11|5|2|0|0|0|0|0|0|0,6237
Canada,New Brunswick,Medium trucks,2047,0|27|66|124|203|306|429|528|602|653|666|649|609|556|485|407|320|196|111|63|32|16|8|4|1|0|0|0|0|0|0,7061
Canada,New Brunswick,Medium trucks,2048,0|27|66|124|203|306|429|564|653|704|727|714|674|619|553|473|388|297|176|95|51|25|12|6|3|1|0|0|0|0|0,7890
Canada,New Brunswick,Medium trucks,2049,0|27|66|124|204|306|430|564|698|763|786|779|743|685|617|540|451|360|267|151|78|40|19|9|4|2|1|0|0|0|0,8714
Canada,New Brunswick,Medium trucks,2050,0|27|66|124|204|307|430|565|698|816|851|844|810|755|683|601|516|418|323|229|123|61|30|13|6|3|1|0|0|0|0,9504
Canada,Newfoundland and Labrador,Heavy trucks,2022,0|0|0|0|0|0|0|0|0|0|0|0|0|0|0|0|0|0|0|0|0|0|0|0|0|0|0|0|0|0|0,0
Canada,Newfoundland and Labrador,Heavy trucks,2023,0|0|0|0|0|0|0|0|0|0|0|0|0|0|0|0|0|0|0|0|0|0|0|0|0|0|0|0|0|0|0,0
Canada,Newfoundland and Labrador,Heavy trucks,2024,0|0|0|0|0|0|0|0|0|0|0|0|0|0|0|0|0|0|0|0|0|0|0|0|0|0|0|0|0|0|0,0
Canada,Newfoundland and Labrador,Heavy trucks,2025,0|0|0|0|0|0|0|0|0|0|0|0|0|0|0|0|0|0|0|0|0|0|0|0|0|0|0|0|0|0|0,0
Canada,Newfoundland and Labrador,Heavy trucks,2026,0|0|0|0|0|0|0|0|0|0|0|0|0|0|0|0|0|0|0|0|0|0|0|0|0|0|0|0|0|0|0,0
Canada,Newfoundland and Labrador,Heavy trucks,2027,0|0|0|0|0|0|0|0|0|0|0|0|0|0|0|0|0|0|0|0|0|0|0|0|0|0|0|0|0|0|0,0
Canada,Newfoundland and Labrador,Heavy trucks,2028,0|0|0|0|0|0|0|0|0|0|0|0|0|0|0|0|0|0|0|0|0|0|0|0|0|0|0|0|0|0|0,0
Canada,Newfoundland and Labrador,Heavy trucks,2029,0|0|0|0|0|0|0|0|0|0|0|0|0|0|0|0|0|0|0|0|0|0|0|0|0|0|0|0|0|0|0,0
Canada,Newfoundland and Labrador,Heavy trucks,2030,0|1|1|0|0|0|0|0|0|0|0|0|0|0|0|0|0|0|0|0|0|0|0|0|0|0|0|0|0|0|0,2
Canada,Newfoundland and Labrador,Heavy trucks,2031,0|1|2|2|1|0|0|0|0|0|0|0|0|0|0|0|0|0|0|0|0|0|0|0|0|0|0|0|0|0|0,6
Canada,Newfoundland and Labrador,Heavy trucks,2032,0|2|2|3|3|2|0|0|0|0|0|0|0|0|0|0|0|0|0|0|0|0|0|0|0|0|0|0|0|0|0,12
Canada,Newfoundland and Labrador,Heavy trucks,2033,0|2|5|4|4|4|3|0|0|0|0|0|0|0|0|0|0|0|0|0|0|0|0|0|0|0|0|0|0|0|0,22
Canada,Newfoundland and Labrador,Heavy trucks,2034,0|3|5|9|7|5|5|4|0|0|0|0|0|0|0|0|0|0|0|0|0|0|0|0|0|0|0|0|0|0|0,38
Canada,Newfoundland and Labrador,Heavy trucks,2035,0|3|6|10|14|10|7|6|5|0|0|0|0|0|0|0|0|0|0|0|0|0|0|0|0|0|0|0|0|0|0,61
Canada,Newfoundland and Labrador,Heavy trucks,2036,0|3|6|11|16|21|15|9|7|6|0|0|0|0|0|0|0|0|0|0|0|0|0|0|0|0|0|0|0|0|0,94
Canada,Newfoundland and Labrador,Heavy trucks,2037,0|3|7|11|18|24|30|20|11|8|7|0|0|0|0|0|0|0|0|0|0|0|0|0|0|0|0|0|0|0|0,139
Canada,Newfoundland and Labrador,Heavy trucks,2038,0|3|7|12|18|27|33|39|25|13|9|8|0|0|0|0|0|0|0|0|0|0|0|0|0|0|0|0|0|0|0,194
Canada,Newfoundland and Labrador,Heavy trucks,2039,0|4|8|13|19|27|38|44|48|29|14|10|8|0|0|0|0|0|0|0|0|0|0|0|0|0|0|0|0|0|0,262
Canada,Newfoundland and Labrador,Heavy trucks,2040,0|5|9|15|21|29|38|49|55|57|32|15|11|8|0|0|0|0|0|0|0|0|0|0|0|0|0|0|0|0|0,344
Canada,Newfoundland and Labrador,Heavy trucks,2041,0|5|12|18|25|32|41|50|60|64|63|35|16|11|8|0|0|0|0|0|0|0|0|0|0|0|0|0|0|0|0,440
Canada,Newfoundland and Labrador,Heavy trucks,2042,0|5|12|21|29|38|45|54|62|70|70|68|35|16|10|7|0|0|0|0|0|0|0|0|0|0|0|0|0|0|0,542
Canada,Newfoundland and Labrador,Heavy trucks,2043,0|5|13|23|34|44|53|59|67|73|77|75|70|36|17|10|7|0|0|0|0|0|0|0|0|0|0|0|0|0|0,663
Canada,Newfoundland and Labrador,Heavy trucks,2044,0|5|13|25|38|51|62|70|72|78|81|83|77|71|36|16|9|6|0|0|0|0|0|0|0|0|0|0|0|0|0,793
Canada,Newfoundland and Labrador,Heavy trucks,2045,0|5|13|24|41|57|72|81|87|84|86|87|86|78|71|36|16|9|6|0|0|0|0|0|0|0|0|0|0|0|0,939
Canada,Newfoundland and Labrador,Heavy trucks,2046,0|5|13|24|40|62|80|94|100|101|92|93|90|88|77|69|34|14|8|5|0|0|0|0|0|0|0|0|0|0|0,1089
Canada,Newfoundland and Labrador,Heavy trucks,2047,0|5|13|24|40|61|87|105|116|116|112|99|97|92|87|76|67|31|13|7|4|0|0|0|0|0|0|0|0|0|0,1252
Canada,Newfoundland and Labrador,Heavy trucks,2048,0|5|13|24|40|61|86|114|131|135|129|120|103|98|90|85|73|62|28|11|6|3|0|0|0|0|0|0|0|0|0,1417
Canada,Newfoundland and Labrador,Heavy trucks,2049,0|5|13|24|40|61|86|113|142|153|151|138|124|104|97|88|81|67|55|24|9|4|2|0|0|0|0|0|0|0|0,1581
Canada,Newfoundland and Labrador,Heavy trucks,2050,0|5|13|24|40|61|86|113|141|166|171|162|144|125|103|95|85|75|60|47|20|7|3|2|0|0|0|0|0|0|0,1748
Canada,Newfoundland and Labrador,Medium trucks,2022,0|0|0|0|0|0|0|0|0|0|0|0|0|0|0|0|0|0|0|0|0|0|0|0|0|0|0|0|0|0|0,0
Canada,Newfoundland and Labrador,Medium trucks,2023,0|0|0|0|0|0|0|0|0|0|0|0|0|0|0|0|0|0|0|0|0|0|0|0|0|0|0|0|0|0|0,0
Canada,Newfoundland and Labrador,Medium trucks,2024,0|0|0|0|0|0|0|0|0|0|0|0|0|0|0|0|0|0|0|0|0|0|0|0|0|0|0|0|0|0|0,0
Canada,Newfoundland and Labrador,Medium trucks,2025,0|1|0|0|0|0|0|0|0|0|0|0|0|0|0|0|0|0|0|0|0|0|0|0|0|0|0|0|0|0|0,1
Canada,Newfoundland and Labrador,Medium trucks,2026,0|1|2|0|0|0|0|0|0|0|0|0|0|0|0|0|0|0|0|0|0|0|0|0|0|0|0|0|0|0|0,3
Canada,Newfoundland and Labrador,Medium trucks,2027,0|1|2|3|1|0|0|0|0|0|0|0|0|0|0|0|0|0|0|0|0|0|0|0|0|0|0|0|0|0|0,7
Canada,Newfoundland and Labrador,Medium trucks,2028,0|1|2|3|4|2|0|0|0|0|0|0|0|0|0|0|0|0|0|0|0|0|0|0|0|0|0|0|0|0|0,12
Canada,Newfoundland and Labrador,Medium trucks,2029,0|1|2|3|4|5|3|0|0|0|0|0|0|0|0|0|0|0|0|0|0|0|0|0|0|0|0|0|0|0|0,18
Canada,Newfoundland and Labrador,Medium trucks,2030,0|3|4|4|5|5|6|4|0|0|0|0|0|0|0|0|0|0|0|0|0|0|0|0|0|0|0|0|0|0|0,31
Canada,Newfoundland and Labrador,Medium trucks,2031,0|3|6|7|7|8|7|7|5|0|0|0|0|0|0|0|0|0|0|0|0|0|0|0|0|0|0|0|0|0|0,50
Canada,Newfoundland and Labrador,Medium trucks,2032,0|5|8|11|12|11|11|9|8|6|0|0|0|0|0|0|0|0|0|0|0|0|0|0|0|0|0|0|0|0|0,81
Canada,Newfoundland and Labrador,Medium trucks,2033,0|7|13|15|18|18|16|14|11|9|7|0|0|0|0|0|0|0|0|0|0|0|0|0|0|0|0|0|0|0|0,128
Canada,Newfoundland and Labrador,Medium trucks,2034,0|7|16|24|26|27|25|21|17|13|10|8|0|0|0|0|0|0|0|0|0|0|0|0|0|0|0|0|0|0|0,194
Canada,Newfoundland and Labrador,Medium trucks,2035,0|9|18|30|40|39|38|33|26|20|14|11|8|0|0|0|0|0|0|0|0|0|0|0|0|0|0|0|0|0|0,286
Canada,Newfoundland and Labrador,Medium trucks,2036,0|9|22|34|49|61|56|50|40|31|23|15|12|8|0|0|0|0|0|0|0|0|0|0|0|0|0|0|0|0|0,410
Canada,Newfoundland and Labrador,Medium trucks,2037,0|10|23|40|56|74|86|74|61|47|34|24|16|13|8|0|0|0|0|0|0|0|0|0|0|0|0|0|0|0|0,566
Canada,Newfoundland and Labrador,Medium trucks,2038,0|11|25|43|65|85|103|113|92|72|52|36|24|16|12|7|0|0|0|0|0|0|0|0|0|0|0|0|0|0|0,756
Canada,Newfoundland and Labrador,Medium trucks,2039,0|12|28|47|70|97|120|137|141|106|79|55|37|25|17|12|7|0|0|0|0|0|0|0|0|0|0|0|0|0|0,990
Canada,Newfoundland and Labrador,Medium trucks,2040,0|13|30|52|77|105|137|158|169|165|119|85|58|38|25|16|11|6|0|0|0|0|0|0|0|0|0|0|0|0|0,1264
Canada,Newfoundland and Labrador,Medium trucks,2041,0|14|32|55|85|117|149|180|195|198|184|127|88|58|38|25|16|10|6|0|0|0|0|0|0|0|0|0|0|0|0,1577
Canada,Newfoundland and Labrador,Medium trucks,2042,0|15|35|59|90|129|165|197|221|229|221|198|132|90|57|37|23|14|9|5|0|0|0|0|0|0|0|0|0|0|0,1926
Canada,Newfoundland and Labrador,Medium trucks,2043,0|15|36|64|97|137|181|217|243|259|255|238|206|134|89|56|35|22|13|8|4|0|0|0|0|0|0|0|0|0|0,2309
Canada,Newfoundland and Labrador,Medium trucks,2044,0|15|36|67|105|147|193|238|268|285|288|273|247|210|133|87|55|33|19|11|7|3|0|0|0|0|0|0|0|0|0,2720
Canada,Newfoundland and Labrador,Medium trucks,2045,0|15|36|67|111|159|207|255|294|314|318|308|284|252|208|129|83|50|29|17|9|5|2|0|0|0|0|0|0|0|0,3152
Canada,Newfoundland and Labrador,Medium trucks,2046,0|14|36|67|111|168|223|273|315|344|351|341|321|289|250|203|124|77|45|25|14|7|4|2|0|0|0|0|0|0|0,3604
Canada,Newfoundland and Labrador,Medium trucks,2047,0|14|35|67|111|167|236|293|339|369|384|377|355|326|289|243|194|115|69|39|21|11|5|3|1|0|0|0|0|0|0,4063
Canada,Newfoundland and Labrador,Medium trucks,2048,0|14|35|66|110|167|235|310|364|397|412|412|392|360|324|282|232|180|103|59|32|16|8|4|2|1|0|0|0|0|0,4517
Canada,Newfoundland and Labrador,Medium trucks,2049,0|14|35|65|109|166|235|309|385|426|442|442|429|398|358|316|268|215|161|89|48|25|12|6|3|1|0|0|0|0|0,4957
Canada,Newfoundland and Labrador,Medium trucks,2050,0|14|35|65|107|165|233|309|383|450|475|474|460|436|397|349|301|249|193|138|72|38|18|8|4|2|1|0|0|0|0,5376
Canada,Northwest Territories,Heavy trucks,2022,0|0|0|0|0|0|0|0|0|0|0|0|0|0|0|0|0|0|0|0|0|0|0|0|0|0|0|0|0|0|0,0
Canada,Northwest Territories,Heavy trucks,2023,0|0|0|0|0|0|0|0|0|0|0|0|0|0|0|0|0|0|0|0|0|0|0|0|0|0|0|0|0|0|0,0
Canada,Northwest Territories,Heavy trucks,2024,0|0|0|0|0|0|0|0|0|0|0|0|0|0|0|0|0|0|0|0|0|0|0|0|0|0|0|0|0|0|0,0
Canada,Northwest Territories,Heavy trucks,2025,0|0|0|0|0|0|0|0|0|0|0|0|0|0|0|0|0|0|0|0|0|0|0|0|0|0|0|0|0|0|0,0
Canada,Northwest Territories,Heavy trucks,2026,0|0|0|0|0|0|0|0|0|0|0|0|0|0|0|0|0|0|0|0|0|0|0|0|0|0|0|0|0|0|0,0
Canada,Northwest Territories,Heavy trucks,2027,0|0|0|0|0|0|0|0|0|0|0|0|0|0|0|0|0|0|0|0|0|0|0|0|0|0|0|0|0|0|0,0
Canada,Northwest Territories,Heavy trucks,2028,0|0|0|0|0|0|0|0|0|0|0|0|0|0|0|0|0|0|0|0|0|0|0|0|0|0|0|0|0|0|0,0
Canada,Northwest Territories,Heavy trucks,2029,0|0|0|0|0|0|0|0|0|0|0|0|0|0|0|0|0|0|0|0|0|0|0|0|0|0|0|0|0|0|0,0
Canada,Northwest Territories,Heavy trucks,2030,0|0|0|0|0|0|0|0|0|0|0|0|0|0|0|0|0|0|0|0|0|0|0|0|0|0|0|0|0|0|0,0
Canada,Northwest Territories,Heavy trucks,2031,0|0|0|0|0|0|0|0|0|0|0|0|0|0|0|0|0|0|0|0|0|0|0|0|0|0|0|0|0|0|0,0
Canada,Northwest Territories,Heavy trucks,2032,0|0|0|0|0|0|0|0|0|0|0|0|0|0|0|0|0|0|0|0|0|0|0|0|0|0|0|0|0|0|0,0
Canada,Northwest Territories,Heavy trucks,2033,0|0|0|0|0|0|0|0|0|0|0|0|0|0|0|0|0|0|0|0|0|0|0|0|0|0|0|0|0|0|0,0
Canada,Northwest Territories,Heavy trucks,2034,0|0|1|1|0|0|0|0|0|0|0|0|0|0|0|0|0|0|0|0|0|0|0|0|0|0|0|0|0|0|0,2
Canada,Northwest Territories,Heavy trucks,2035,0|0|1|2|2|1|0|0|0|0|0|0|0|0|0|0|0|0|0|0|0|0|0|0|0|0|0|0|0|0|0,6
Canada,Northwest Territories,Heavy trucks,2036,0|0|1|2|3|3|2|0|0|0|0|0|0|0|0|0|0|0|0|0|0|0|0|0|0|0|0|0|0|0|0,11
Canada,Northwest Territories,Heavy trucks,2037,0|0|1|2|3|4|4|3|0|0|0|0|0|0|0|0|0|0|0|0|0|0|0|0|0|0|0|0|0|0|0,17
Canada,Northwest Territories,Heavy trucks,2038,0|1|1|2|3|4|5|5|4|0|0|0|0|0|0|0|0|0|0|0|0|0|0|0|0|0|0|0|0|0|0,25
Canada,Northwest Territories,Heavy trucks,2039,0|1|2|2|3|4|5|6|6|5|0|0|0|0|0|0|0|0|0|0|0|0|0|0|0|0|0|0|0|0|0,34
Canada,Northwest Territories,Heavy trucks,2040,0|1|2|3|3|4|5|6|7|7|6|0|0|0|0|0|0|0|0|0|0|0|0|0|0|0|0|0|0|0|0,44
Canada,Northwest Territories,Heavy trucks,2041,0|1|2|3|4|4|5|6|7|8|8|6|0|0|0|0|0|0|0|0|0|0|0|0|0|0|0|0|0|0|0,54
Canada,Northwest Territories,Heavy trucks,2042,0|1|2|3|4|5|5|6|7|8|9|9|6|0|0|0|0|0|0|0|0|0|0|0|0|0|0|0|0|0|0,65
Canada,Northwest Territories,Heavy trucks,2043,0|1|2|3|4|5|6|6|7|8|9|10|10|6|0|0|0|0|0|0|0|0|0|0|0|0|0|0|0|0|0,77
Canada,Northwest Territories,Heavy trucks,2044,0|1|2|3|4|5|6|7|7|8|9|10|11|10|6|0|0|0|0|0|0|0|0|0|0|0|0|0|0|0|0,89
Canada,Northwest Territories,Heavy trucks,2045,0|1|2|3|4|5|6|7|8|8|9|10|11|11|9|5|0|0|0|0|0|0|0|0|0|0|0|0|0|0|0,99
Canada,Northwest Territories,Heavy trucks,2046,0|1|2|3|4|6|7|8|8|9|9|10|11|11|10|9|5|0|0|0|0|0|0|0|0|0|0|0|0|0|0,113
Canada,Northwest Territories,Heavy trucks,2047,0|1|2|3|4|6|8|9|10|9|10|10|11|11|10|10|9|5|0|0|0|0|0|0|0|0|0|0|0|0|0,128
Canada,Northwest Territories,Heavy trucks,2048,0|1|2|3|4|6|8|11|11|11|10|11|11|11|10|10|9|8|4|0|0|0|0|0|0|0|0|0|0|0|0,141
Canada,Northwest Territories,Heavy trucks,2049,0|1|2|3|4|6|8|11|14|13|12|11|12|11|10|10|9|9|7|4|0|0|0|0|0|0|0|0|0|0|0,157
Canada,Northwest Territories,Heavy trucks,2050,0|1|2|3|4|6|8|11|14|16|14|13|12|13|10|10|9|9|8|6|3|0|0|0|0|0|0|0|0|0|0,172
Canada,Northwest Territories,Medium trucks,2022,0|0|0|0|0|0|0|0|0|0|0|0|0|0|0|0|0|0|0|0|0|0|0|0|0|0|0|0|0|0|0,0
Canada,Northwest Territories,Medium trucks,2023,0|0|0|0|0|0|0|0|0|0|0|0|0|0|0|0|0|0|0|0|0|0|0|0|0|0|0|0|0|0|0,0
Canada,Northwest Territories,Medium trucks,2024,0|0|0|0|0|0|0|0|0|0|0|0|0|0|0|0|0|0|0|0|0|0|0|0|0|0|0|0|0|0|0,0
Canada,Northwest Territories,Medium trucks,2025,0|0|0|0|0|0|0|0|0|0|0|0|0|0|0|0|0|0|0|0|0|0|0|0|0|0|0|0|0|0|0,0
Canada,Northwest Territories,Medium trucks,2026,0|0|0|0|0|0|0|0|0|0|0|0|0|0|0|0|0|0|0|0|0|0|0|0|0|0|0|0|0|0|0,0
Canada,Northwest Territories,Medium trucks,2027,0|0|0|0|0|0|0|0|0|0|0|0|0|0|0|0|0|0|0|0|0|0|0|0|0|0|0|0|0|0|0,0
Canada,Northwest Territories,Medium trucks,2028,0|0|0|0|0|0|0|0|0|0|0|0|0|0|0|0|0|0|0|0|0|0|0|0|0|0|0|0|0|0|0,0
Canada,Northwest Territories,Medium trucks,2029,0|0|0|0|0|0|0|0|0|0|0|0|0|0|0|0|0|0|0|0|0|0|0|0|0|0|0|0|0|0|0,0
Canada,Northwest Territories,Medium trucks,2030,0|0|0|0|0|0|0|0|0|0|0|0|0|0|0|0|0|0|0|0|0|0|0|0|0|0|0|0|0|0|0,0
Canada,Northwest Territories,Medium trucks,2031,0|1|1|1|0|0|0|0|0|0|0|0|0|0|0|0|0|0|0|0|0|0|0|0|0|0|0|0|0|0|0,3
Canada,Northwest Territories,Medium trucks,2032,0|1|2|2|2|1|0|0|0|0|0|0|0|0|0|0|0|0|0|0|0|0|0|0|0|0|0|0|0|0|0,8
Canada,Northwest Territories,Medium trucks,2033,0|1|2|3|3|3|2|1|0|0|0|0|0|0|0|0|0|0|0|0|0|0|0|0|0|0|0|0|0|0|0,15
Canada,Northwest Territories,Medium trucks,2034,0|1|2|3|4|4|4|3|2|0|0|0|0|0|0|0|0|0|0|0|0|0|0|0|0|0|0|0|0|0|0,23
Canada,Northwest Territories,Medium trucks,2035,0|1|2|3|4|5|5|5|4|2|0|0|0|0|0|0|0|0|0|0|0|0|0|0|0|0|0|0|0|0|0,31
Canada,Northwest Territories,Medium trucks,2036,0|1|2|3|4|5|6|6|6|5|2|0|0|0|0|0|0|0|0|0|0|0|0|0|0|0|0|0|0|0|0,40
Canada,Northwest Territories,Medium trucks,2037,0|1|2|3|5|6|7|7|7|7|6|2|0|0|0|0|0|0|0|0|0|0|0|0|0|0|0|0|0|0|0,53
Canada,Northwest Territories,Medium trucks,2038,0|1|2|3|5|8|9|10|8|8|8|6|2|0|0|0|0|0|0|0|0|0|0|0|0|0|0|0|0|0|0,70
Canada,Northwest Territories,Medium trucks,2039,0|1|2|4|6|8|11|12|12|9|9|9|6|2|0|0|0|0|0|0|0|0|0|0|0|0|0|0|0|0|0,91
Canada,Northwest Territories,Medium trucks,2040,0|1|2|4|7|9|11|14|15|14|10|10|9|6|2|0|0|0|0|0|0|0|0|0|0|0|0|0|0|0|0,114
Canada,Northwest Territories,Medium trucks,2041,0|1|2|4|7|10|12|14|17|18|15|11|11|9|6|2|0|0|0|0|0|0|0|0|0|0|0|0|0|0|0,139
Canada,Northwest Territories,Medium trucks,2042,0|1|3|5|7|10|14|16|17|20|20|16|12|11|8|5|2|0|0|0|0|0|0|0|0|0|0|0|0|0|0,167
Canada,Northwest Territories,Medium trucks,2043,0|1|3|6|8|11|15|19|20|20|22|21|17|13|10|8|5|2|0|0|0|0|0|0|0|0|0|0|0|0|0,201
Canada,Northwest Territories,Medium trucks,2044,0|1|3|6|9|12|16|20|24|23|23|23|22|17|12|10|8|5|1|0|0|0|0|0|0|0|0|0|0|0|0,235
Canada,Northwest Territories,Medium trucks,2045,0|1|3|6|9|14|17|21|25|28|26|25|23|22|18|12|9|7|4|1|0|0|0|0|0|0|0|0|0|0|0,271
Canada,Northwest Territories,Medium trucks,2046,0|1|3|6|9|14|19|22|26|29|31|28|25|24|23|17|11|9|6|4|1|0|0|0|0|0|0|0|0|0|0,308
Canada,Northwest Territories,Medium trucks,2047,0|1|3|6|9|14|20|25|27|31|32|33|28|26|25|22|16|10|8|6|3|1|0|0|0|0|0|0|0|0|0,346
Canada,Northwest Territories,Medium trucks,2048,0|1|3|6|9|14|20|27|31|32|34|35|33|29|26|24|21|15|9|7|5|2|1|0|0|0|0|0|0|0|0,384
Canada,Northwest Territories,Medium trucks,2049,0|1|3|6|9|14|20|27|34|36|36|36|35|34|29|26|22|19|14|8|6|4|2|0|0|0|0|0|0|0|0,421
Canada,Northwest Territories,Medium trucks,2050,0|1|3|6|9|14|20|27|33|39|40|38|37|36|34|29|24|21|17|12|7|4|3|1|0|0|0|0|0|0|0,455
Canada,Nova Scotia,Heavy trucks,2022,0|0|0|0|0|0|0|0|0|0|0|0|0|0|0|0|0|0|0|0|0|0|0|0|0|0|0|0|0|0|0,0
Canada,Nova Scotia,Heavy trucks,2023,0|0|0|0|0|0|0|0|0|0|0|0|0|0|0|0|0|0|0|0|0|0|0|0|0|0|0|0|0|0|0,0
Canada,Nova Scotia,Heavy trucks,2024,0|0|0|0|0|0|0|0|0|0|0|0|0|0|0|0|0|0|0|0|0|0|0|0|0|0|0|0|0|0|0,0
Canada,Nova Scotia,Heavy trucks,2025,0|0|0|0|0|0|0|0|0|0|0|0|0|0|0|0|0|0|0|0|0|0|0|0|0|0|0|0|0|0|0,0
Canada,Nova Scotia,Heavy trucks,2026,0|0|0|0|0|0|0|0|0|0|0|0|0|0|0|0|0|0|0|0|0|0|0|0|0|0|0|0|0|0|0,0
Canada,Nova Scotia,Heavy trucks,2027,0|0|0|0|0|0|0|0|0|0|0|0|0|0|0|0|0|0|0|0|0|0|0|0|0|0|0|0|0|0|0,0
Canada,Nova Scotia,Heavy trucks,2028,0|0|0|0|0|0|0|0|0|0|0|0|0|0|0|0|0|0|0|0|0|0|0|0|0|0|0|0|0|0|0,0
Canada,Nova Scotia,Heavy trucks,2029,0|1|1|0|0|0|0|0|0|0|0|0|0|0|0|0|0|0|0|0|0|0|0|0|0|0|0|0|0|0|0,2
Canada,Nova Scotia,Heavy trucks,2030,0|1|2|2|1|1|0|0|0|0|0|0|0|0|0|0|0|0|0|0|0|0|0|0|0|0|0|0|0|0|0,7
Canada,Nova Scotia,Heavy trucks,2031,0|2|2|3|3|2|2|0|0|0|0|0|0|0|0|0|0|0|0|0|0|0|0|0|0|0|0|0|0|0|0,14
Canada,Nova Scotia,Heavy trucks,2032,0|4|5|4|4|4|3|3|0|0|0|0|0|0|0|0|0|0|0|0|0|0|0|0|0|0|0|0|0|0|0,27
Canada,Nova Scotia,Heavy trucks,2033,0|5|10|9|7|5|5|4|4|0|0|0|0|0|0|0|0|0|0|0|0|0|0|0|0|0|0|0|0|0|0,49
Canada,Nova Scotia,Heavy trucks,2034,0|5|12|19|14|10|7|6|5|5|0|0|0|0|0|0|0|0|0|0|0|0|0|0|0|0|0|0|0|0|0,83
Canada,Nova Scotia,Heavy trucks,2035,0|5|12|21|31|21|14|9|7|6|5|0|0|0|0|0|0|0|0|0|0|0|0|0|0|0|0|0|0|0|0,131
Canada,Nova Scotia,Heavy trucks,2036,0|5|12|23|34|46|30|19|11|8|7|5|0|0|0|0|0|0|0|0|0|0|0|0|0|0|0|0|0|0|0,200
Canada,Nova Scotia,Heavy trucks,2037,0|6|14|23|37|51|65|39|24|13|9|7|5|0|0|0|0|0|0|0|0|0|0|0|0|0|0|0|0|0|0,293
Canada,Nova Scotia,Heavy trucks,2038,0|7|15|26|38|56|72|86|48|28|14|10|7|5|0|0|0|0|0|0|0|0|0|0|0|0|0|0|0|0|0,412
Canada,Nova Scotia,Heavy trucks,2039,0|9|18|28|43|58|78|95|106|57|31|15|11|7|5|0|0|0|0|0|0|0|0|0|0|0|0|0|0|0|0,561
Canada,Nova Scotia,Heavy trucks,2040,0|10|22|33|46|64|82|103|117|122|63|34|16|11|7|5|0|0|0|0|0|0|0|0|0|0|0|0|0|0|0,735
Canada,Nova Scotia,Heavy trucks,2041,0|11|25|41|54|69|90|109|127|136|136|68|34|16|10|6|4|0|0|0|0|0|0|0|0|0|0|0|0|0|0,936
Canada,Nova Scotia,Heavy trucks,2042,0|13|28|46|66|82|96|119|136|148|152|146|70|35|17|10|6|4|0|0|0|0|0|0|0|0|0|0|0|0|0,1174
Canada,Nova Scotia,Heavy trucks,2043,0|13|32|52|75|99|115|128|148|159|166|163|152|71|35|16|9|6|4|0|0|0|0|0|0|0|0|0|0|0|0,1443
Canada,Nova Scotia,Heavy trucks,2044,0|13|32|59|85|114|139|153|159|173|178|179|168|154|71|35|16|9|5|3|0|0|0|0|0|0|0|0|0|0|0,1745
Canada,Nova Scotia,Heavy trucks,2045,0|13|32|59|96|129|160|183|189|186|192|191|186|171|154|69|33|14|8|4|3|0|0|0|0|0|0|0|0|0|0,2072
Canada,Nova Scotia,Heavy trucks,2046,0|13|32|59|96|145|181|210|226|222|207|207|199|188|170|149|67|30|13|7|4|2|0|0|0|0|0|0|0|0|0,2427
Canada,Nova Scotia,Heavy trucks,2047,0|13|32|59|96|146|203|239|259|264|247|222|215|201|187|165|143|62|27|11|6|3|1|0|0|0|0|0|0|0|0,2801
Canada,Nova Scotia,Heavy trucks,2048,0|13|32|59|96|146|205|267|295|303|294|265|232|219|200|181|157|133|55|23|9|4|2|1|0|0|0|0|0|0|0,3191
Canada,Nova Scotia,Heavy trucks,2049,0|13|32|59|97|146|206|269|330|345|339|315|277|236|217|194|173|147|119|47|19|7|3|1|1|0|0|0|0|0|0,3592
Canada,Nova Scotia,Heavy trucks,2050,0|13|32|60|97|147|206|271|333|386|385|364|327|280|234|211|185|161|131|102|39|15|5|2|1|0|0|0|0|0|0,3987
Canada,Nova Scotia,Medium trucks,2022,0|0|0|0|0|0|0|0|0|0|0|0|0|0|0|0|0|0|0|0|0|0|0|0|0|0|0|0|0|0|0,0
Canada,Nova Scotia,Medium trucks,2023,0|0|0|0|0|0|0|0|0|0|0|0|0|0|0|0|0|0|0|0|0|0|0|0|0|0|0|0|0|0|0,0
Canada,Nova Scotia,Medium trucks,2024,0|0|0|0|0|0|0|0|0|0|0|0|0|0|0|0|0|0|0|0|0|0|0|0|0|0|0|0|0|0|0,0
Canada,Nova Scotia,Medium trucks,2025,0|1|1|0|0|0|0|0|0|0|0|0|0|0|0|0|0|0|0|0|0|0|0|0|0|0|0|0|0|0|0,2
Canada,Nova Scotia,Medium trucks,2026,0|1|2|2|0|0|0|0|0|0|0|0|0|0|0|0|0|0|0|0|0|0|0|0|0|0|0|0|0|0|0,5
Canada,Nova Scotia,Medium trucks,2027,0|1|2|3|3|0|0|0|0|0|0|0|0|0|0|0|0|0|0|0|0|0|0|0|0|0|0|0|0|0|0,9
Canada,Nova Scotia,Medium trucks,2028,0|2|3|4|4|4|0|0|0|0|0|0|0|0|0|0|0|0|0|0|0|0|0|0|0|0|0|0|0|0|0,17
Canada,Nova Scotia,Medium trucks,2029,0|3|5|6|7|6|5|0|0|0|0|0|0|0|0|0|0|0|0|0|0|0|0|0|0|0|0|0|0|0|0,32
Canada,Nova Scotia,Medium trucks,2030,0|5|8|10|10|10|9|6|0|0|0|0|0|0|0|0|0|0|0|0|0|0|0|0|0|0|0|0|0|0|0,58
Canada,Nova Scotia,Medium trucks,2031,0|7|12|15|16|15|14|12|7|0|0|0|0|0|0|0|0|0|0|0|0|0|0|0|0|0|0|0|0|0|0,98
Canada,Nova Scotia,Medium trucks,2032,0|11|18|23|24|24|21|19|15|8|0|0|0|0|0|0|0|0|0|0|0|0|0|0|0|0|0|0|0|0|0,163
Canada,Nova Scotia,Medium trucks,2033,0|13|28|34|37|36|33|28|23|18|9|0|0|0|0|0|0|0|0|0|0|0|0|0|0|0|0|0|0|0|0,259
Canada,Nova Scotia,Medium trucks,2034,0|15|33|53|56|56|51|43|35|26|20|10|0|0|0|0|0|0|0|0|0|0|0|0|0|0|0|0|0|0|0,398
Canada,Nova Scotia,Medium trucks,2035,0|18|38|62|86|85|78|66|53|41|29|21|11|0|0|0|0|0|0|0|0|0|0|0|0|0|0|0|0|0|0,588
Canada,Nova Scotia,Medium trucks,2036,0|20|45|71|102|130|120|103|81|62|46|31|22|11|0|0|0|0|0|0|0|0|0|0|0|0|0|0|0|0|0,844
Canada,Nova Scotia,Medium trucks,2037,0|23|50|84|119|155|184|158|127|94|68|48|31|22|10|0|0|0|0|0|0|0|0|0|0|0|0|0|0|0|0,1173
Canada,Nova Scotia,Medium trucks,2038,0|25|56|94|138|180|219|242|195|148|104|73|50|32|23|10|0|0|0|0|0|0|0|0|0|0|0|0|0|0|0,1589
Canada,Nova Scotia,Medium trucks,2039,0|27|62|104|154|208|254|289|300|229|166|111|75|50|32|22|9|0|0|0|0|0|0|0|0|0|0|0|0|0|0,2092
Canada,Nova Scotia,Medium trucks,2040,0|29|66|116|170|232|293|334|358|351|255|179|115|76|50|32|21|9|0|0|0|0|0|0|0|0|0|0|0|0|0,2686
Canada,Nova Scotia,Medium trucks,2041,0|31|72|124|189|257|327|384|414|418|392|273|186|117|75|49|30|19|8|0|0|0|0|0|0|0|0|0|0|0|0,3365
Canada,Nova Scotia,Medium trucks,2042,0|33|78|134|204|284|362|429|475|484|465|420|284|188|116|74|47|28|17|7|0|0|0|0|0|0|0|0|0|0|0,4129
Canada,Nova Scotia,Medium trucks,2043,0|33|83|146|220|308|399|475|529|554|538|499|437|289|187|113|71|43|25|15|6|0|0|0|0|0|0|0|0|0|0,4970
Canada,Nova Scotia,Medium trucks,2044,0|33|83|155|239|333|433|524|588|619|618|577|519|443|289|181|108|66|39|22|12|4|0|0|0|0|0|0|0|0|0,5885
Canada,Nova Scotia,Medium trucks,2045,0|33|83|155|255|360|467|569|647|686|690|662|600|528|441|282|173|100|59|33|18|9|3|0|0|0|0|0|0|0|0,6853
Canada,Nova Scotia,Medium trucks,2046,0|33|83|155|255|384|505|615|704|756|766|740|688|610|526|431|268|161|90|50|27|14|7|2|0|0|0|0|0|0|0,7870
Canada,Nova Scotia,Medium trucks,2047,0|33|83|155|255|384|539|664|761|823|842|821|770|699|607|514|411|249|144|77|41|21|10|5|2|0|0|0|0|0|0,8910
Canada,Nova Scotia,Medium trucks,2048,0|33|83|155|256|384|539|710|820|889|916|903|853|782|696|592|490|381|224|124|63|32|16|7|3|1|0|0|0|0|0,9952
Canada,Nova Scotia,Medium trucks,2049,0|33|84|155|256|385|539|710|877|958|991|982|940|867|779|679|566|455|342|192|101|49|24|11|5|2|1|0|0|0|0,10983
Canada,Nova Scotia,Medium trucks,2050,0|33|84|156|256|386|540|711|877|1026|1068|1061|1022|955|862|760|648|525|408|294|157|79|36|17|8|3|1|0|0|0|0,11973
Canada,Nunavut,Heavy trucks,2022,0|0|0|0|0|0|0|0|0|0|0|0|0|0|0|0|0|0|0|0|0|0|0|0|0|0|0|0|0|0|0,0
Canada,Nunavut,Heavy trucks,2023,0|0|0|0|0|0|0|0|0|0|0|0|0|0|0|0|0|0|0|0|0|0|0|0|0|0|0|0|0|0|0,0
Canada,Nunavut,Heavy trucks,2024,0|0|0|0|0|0|0|0|0|0|0|0|0|0|0|0|0|0|0|0|0|0|0|0|0|0|0|0|0|0|0,0
Canada,Nunavut,Heavy trucks,2025,0|0|0|0|0|0|0|0|0|0|0|0|0|0|0|0|0|0|0|0|0|0|0|0|0|0|0|0|0|0|0,0
Canada,Nunavut,Heavy trucks,2026,0|0|0|0|0|0|0|0|0|0|0|0|0|0|0|0|0|0|0|0|0|0|0|0|0|0|0|0|0|0|0,0
Canada,Nunavut,Heavy trucks,2027,0|0|0|0|0|0|0|0|0|0|0|0|0|0|0|0|0|0|0|0|0|0|0|0|0|0|0|0|0|0|0,0
Canada,Nunavut,Heavy trucks,2028,0|0|0|0|0|0|0|0|0|0|0|0|0|0|0|0|0|0|0|0|0|0|0|0|0|0|0|0|0|0|0,0
Canada,Nunavut,Heavy trucks,2029,0|0|0|0|0|0|0|0|0|0|0|0|0|0|0|0|0|0|0|0|0|0|0|0|0|0|0|0|0|0|0,0
Canada,Nunavut,Heavy trucks,2030,0|0|0|0|0|0|0|0|0|0|0|0|0|0|0|0|0|0|0|0|0|0|0|0|0|0|0|0|0|0|0,0
Canada,Nunavut,Heavy trucks,2031,0|0|0|0|0|0|0|0|0|0|0|0|0|0|0|0|0|0|0|0|0|0|0|0|0|0|0|0|0|0|0,0
Canada,Nunavut,Heavy trucks,2032,0|0|0|0|0|0|0|0|0|0|0|0|0|0|0|0|0|0|0|0|0|0|0|0|0|0|0|0|0|0|0,0
Canada,Nunavut,Heavy trucks,2033,0|0|0|0|0|0|0|0|0|0|0|0|0|0|0|0|0|0|0|0|0|0|0|0|0|0|0|0|0|0|0,0
Canada,Nunavut,Heavy trucks,2034,0|0|1|1|0|0|0|0|0|0|0|0|0|0|0|0|0|0|0|0|0|0|0|0|0|0|0|0|0|0|0,2
Canada,Nunavut,Heavy trucks,2035,0|0|1|2|2|1|0|0|0|0|0|0|0|0|0|0|0|0|0|0|0|0|0|0|0|0|0|0|0|0|0,6
Canada,Nunavut,Heavy trucks,2036,0|0|1|2|3|3|2|0|0|0|0|0|0|0|0|0|0|0|0|0|0|0|0|0|0|0|0|0|0|0|0,11
Canada,Nunavut,Heavy trucks,2037,0|0|1|2|3|4|4|3|0|0|0|0|0|0|0|0|0|0|0|0|0|0|0|0|0|0|0|0|0|0|0,17
Canada,Nunavut,Heavy trucks,2038,0|1|1|2|3|4|5|5|4|0|0|0|0|0|0|0|0|0|0|0|0|0|0|0|0|0|0|0|0|0|0,25
Canada,Nunavut,Heavy trucks,2039,0|1|2|2|3|4|5|6|6|5|0|0|0|0|0|0|0|0|0|0|0|0|0|0|0|0|0|0|0|0|0,34
Canada,Nunavut,Heavy trucks,2040,0|1|2|3|3|4|5|6|7|7|6|0|0|0|0|0|0|0|0|0|0|0|0|0|0|0|0|0|0|0|0,44
Canada,Nunavut,Heavy trucks,2041,0|1|2|3|4|4|5|6|7|8|8|6|0|0|0|0|0|0|0|0|0|0|0|0|0|0|0|0|0|0|0,54
Canada,Nunavut,Heavy trucks,2042,0|1|2|3|4|5|5|6|7|8|9|9|6|0|0|0|0|0|0|0|0|0|0|0|0|0|0|0|0|0|0,65
Canada,Nunavut,Heavy trucks,2043,0|1|2|3|4|5|6|6|7|8|9|10|10|6|0|0|0|0|0|0|0|0|0|0|0|0|0|0|0|0|0,77
Canada,Nunavut,Heavy trucks,2044,0|1|2|3|4|5|6|7|7|8|9|10|11|10|6|0|0|0|0|0|0|0|0|0|0|0|0|0|0|0|0,89
Canada,Nunavut,Heavy trucks,2045,0|1|2|3|4|5|7|7|8|8|9|10|11|11|9|5|0|0|0|0|0|0|0|0|0|0|0|0|0|0|0,100
Canada,Nunavut,Heavy trucks,2046,0|1|2|3|4|6|7|9|8|9|9|10|11|11|10|9|5|0|0|0|0|0|0|0|0|0|0|0|0|0|0,114
Canada,Nunavut,Heavy trucks,2047,0|1|2|3|4|6|9|9|11|9|10|10|11|11|10|10|9|5|0|0|0|0|0|0|0|0|0|0|0|0|0,130
Canada,Nunavut,Heavy trucks,2048,0|1|2|3|4|6|9|12|11|12|10|11|11|11|10|10|9|8|4|0|0|0|0|0|0|0|0|0|0|0|0,144
Canada,Nunavut,Heavy trucks,2049,0|1|2|3|4|6|9|12|15|13|13|11|12|11|10|10|9|9|7|4|0|0|0|0|0|0|0|0|0|0|0,161
Canada,Nunavut,Heavy trucks,2050,0|1|2|3|4|6|9|12|15|17|14|14|12|13|10|10|9|9|8|6|3|0|0|0|0|0|0|0|0|0|0,177
Canada,Nunavut,Medium trucks,2022,0|0|0|0|0|0|0|0|0|0|0|0|0|0|0|0|0|0|0|0|0|0|0|0|0|0|0|0|0|0|0,0
Canada,Nunavut,Medium trucks,2023,0|0|0|0|0|0|0|0|0|0|0|0|0|0|0|0|0|0|0|0|0|0|0|0|0|0|0|0|0|0|0,0
Canada,Nunavut,Medium trucks,2024,0|0|0|0|0|0|0|0|0|0|0|0|0|0|0|0|0|0|0|0|0|0|0|0|0|0|0|0|0|0|0,0
Canada,Nunavut,Medium trucks,2025,0|0|0|0|0|0|0|0|0|0|0|0|0|0|0|0|0|0|0|0|0|0|0|0|0|0|0|0|0|0|0,0
Canada,Nunavut,Medium trucks,2026,0|0|0|0|0|0|0|0|0|0|0|0|0|0|0|0|0|0|0|0|0|0|0|0|0|0|0|0|0|0|0,0
Canada,Nunavut,Medium trucks,2027,0|0|0|0|0|0|0|0|0|0|0|0|0|0|0|0|0|0|0|0|0|0|0|0|0|0|0|0|0|0|0,0
Canada,Nunavut,Medium trucks,2028,0|0|0|0|0|0|0|0|0|0|0|0|0|0|0|0|0|0|0|0|0|0|0|0|0|0|0|0|0|0|0,0
Canada,Nunavut,Medium trucks,2029,0|0|0|0|0|0|0|0|0|0|0|0|0|0|0|0|0|0|0|0|0|0|0|0|0|0|0|0|0|0|0,0
Canada,Nunavut,Medium trucks,2030,0|0|0|0|0|0|0|0|0|0|0|0|0|0|0|0|0|0|0|0|0|0|0|0|0|0|0|0|0|0|0,0
Canada,Nunavut,Medium trucks,2031,0|1|1|1|0|0|0|0|0|0|0|0|0|0|0|0|0|0|0|0|0|0|0|0|0|0|0|0|0|0|0,3
Canada,Nunavut,Medium trucks,2032,0|1|2|2|2|1|0|0|0|0|0|0|0|0|0|0|0|0|0|0|0|0|0|0|0|0|0|0|0|0|0,8
Canada,Nunavut,Medium trucks,2033,0|1|2|3|3|3|2|1|0|0|0|0|0|0|0|0|0|0|0|0|0|0|0|0|0|0|0|0|0|0|0,15
Canada,Nunavut,Medium trucks,2034,0|1|2|3|4|4|4|3|1|0|0|0|0|0|0|0|0|0|0|0|0|0|0|0|0|0|0|0|0|0|0,22
Canada,Nunavut,Medium trucks,2035,0|1|2|3|4|5|5|5|4|1|0|0|0|0|0|0|0|0|0|0|0|0|0|0|0|0|0|0|0|0|0,30
Canada,Nunavut,Medium trucks,2036,0|1|2|3|4|5|6|6|6|5|1|0|0|0|0|0|0|0|0|0|0|0|0|0|0|0|0|0|0|0|0,39
Canada,Nunavut,Medium trucks,2037,0|1|2|3|5|6|7|7|7|7|6|1|0|0|0|0|0|0|0|0|0|0|0|0|0|0|0|0|0|0|0,52
Canada,Nunavut,Medium trucks,2038,0|1|2|3|5|8|9|9|8|8|8|6|1|0|0|0|0|0|0|0|0|0|0|0|0|0|0|0|0|0|0,68
Canada,Nunavut,Medium trucks,2039,0|1|2|4|6|8|11|12|11|9|9|9|6|1|0|0|0|0|0|0|0|0|0|0|0|0|0|0|0|0|0,89
Canada,Nunavut,Medium trucks,2040,0|1|2|4|7|9|11|14|15|13|10|10|9|6|1|0|0|0|0|0|0|0|0|0|0|0|0|0|0|0|0,112
Canada,Nunavut,Medium trucks,2041,0|1|2|4|7|10|12|14|17|18|14|11|11|9|6|1|0|0|0|0|0|0|0|0|0|0|0|0|0|0|0,137
Canada,Nunavut,Medium trucks,2042,0|1|3|5|7|10|14|16|17|20|20|15|12|11|8|5|1|0|0|0|0|0|0|0|0|0|0|0|0|0|0,165
Canada,Nunavut,Medium trucks,2043,0|1|3|6|8|11|15|19|20|20|22|21|16|13|10|8|5|1|0|0|0|0|0|0|0|0|0|0|0|0|0,199
Canada,Nunavut,Medium trucks,2044,0|1|3|6|9|13|16|20|24|23|23|23|22|16|12|10|8|5|1|0|0|0|0|0|0|0|0|0|0|0|0,235
Canada,Nunavut,Medium trucks,2045,0|1|3|6|10|14|18|21|25|28|26|25|23|22|17|12|9|7|4|1|0|0|0|0|0|0|0|0|0|0|0,272
Canada,Nunavut,Medium trucks,2046,0|1|3|6|10|15|19|23|26|29|31|28|25|24|23|16|11|9|6|4|1|0|0|0|0|0|0|0|0|0|0,310
Canada,Nunavut,Medium trucks,2047,0|1|3|6|10|15|21|25|28|31|32|33|28|26|25|22|16|10|8|6|3|0|0|0|0|0|0|0|0|0|0,349
Canada,Nunavut,Medium trucks,2048,0|1|3|6|10|15|21|28|31|33|34|35|33|29|26|24|21|14|9|7|5|2|0|0|0|0|0|0|0|0|0,387
Canada,Nunavut,Medium trucks,2049,0|1|3|6|10|15|21|28|35|36|37|36|35|34|29|26|22|19|13|8|6|4|2|0|0|0|0|0|0|0|0,426
Canada,Nunavut,Medium trucks,2050,0|1|3|6|10|15|21|28|35|41|41|39|38|36|34|29|24|21|17|11|7|4|3|1|0|0|0|0|0|0|0,465
Canada,Ontario,Heavy trucks,2022,0|0|0|0|0|0|0|0|0|0|0|0|0|0|0|0|0|0|0|0|0|0|0|0|0|0|0|0|0|0|0,0
Canada,Ontario,Heavy trucks,2023,0|0|0|0|0|0|0|0|0|0|0|0|0|0|0|0|0|0|0|0|0|0|0|0|0|0|0|0|0|0|0,0
Canada,Ontario,Heavy trucks,2024,0|1|0|0|0|0|0|0|0|0|0|0|0|0|0|0|0|0|0|0|0|0|0|0|0|0|0|0|0|0|0,1
Canada,Ontario,Heavy trucks,2025,0|1|2|0|0|0|0|0|0|0|0|0|0|0|0|0|0|0|0|0|0|0|0|0|0|0|0|0|0|0|0,3
Canada,Ontario,Heavy trucks,2026,0|1|2|3|0|0|0|0|0|0|0|0|0|0|0|0|0|0|0|0|0|0|0|0|0|0|0|0|0|0|0,6
Canada,Ontario,Heavy trucks,2027,0|1|2|3|4|0|0|0|0|0|0|0|0|0|0|0|0|0|0|0|0|0|0|0|0|0|0|0|0|0|0,10
Canada,Ontario,Heavy trucks,2028,0|3|3|4|4|6|0|0|0|0|0|0|0|0|0|0|0|0|0|0|0|0|0|0|0|0|0|0|0|0|0,20
Canada,Ontario,Heavy trucks,2029,0|7|8|6|7|5|9|0|0|0|0|0|0|0|0|0|0|0|0|0|0|0|0|0|0|0|0|0|0|0|0,42
Canada,Ontario,Heavy trucks,2030,0|13|16|15|11|11|6|12|0|0|0|0|0|0|0|0|0|0|0|0|0|0|0|0|0|0|0|0|0|0|0,84
Canada,Ontario,Heavy trucks,2031,0|28|33|29|24|16|16|7|15|0|0|0|0|0|0|0|0|0|0|0|0|0|0|0|0|0|0|0|0|0|0,168
Canada,Ontario,Heavy trucks,2032,0|60|70|62|48|35|23|21|8|18|0|0|0|0|0|0|0|0|0|0|0|0|0|0|0|0|0|0|0|0|0,345
Canada,Ontario,Heavy trucks,2033,0|66|149|131|101|73|49|30|26|9|20|0|0|0|0|0|0|0|0|0|0|0|0|0|0|0|0|0|0|0|0,654
Canada,Ontario,Heavy trucks,2034,0|72|164|278|215|153|102|64|37|31|10|21|0|0|0|0|0|0|0|0|0|0|0|0|0|0|0|0|0|0|0,1147
Canada,Ontario,Heavy trucks,2035,0|78|179|305|456|325|215|135|79|44|34|11|22|0|0|0|0|0|0|0|0|0|0|0|0|0|0|0|0|0|0,1883
Canada,Ontario,Heavy trucks,2036,0|84|195|332|499|687|455|283|166|92|49|36|12|22|0|0|0|0|0|0|0|0|0|0|0|0|0|0|0|0|0,2912
Canada,Ontario,Heavy trucks,2037,0|90|209|362|544|751|963|600|352|195|102|51|38|13|23|0|0|0|0|0|0|0|0|0|0|0|0|0|0|0|0,4293
Canada,Ontario,Heavy trucks,2038,0|111|225|389|593|818|1056|1265|742|412|218|109|54|39|12|22|0|0|0|0|0|0|0|0|0|0|0|0|0|0|0,6065
Canada,Ontario,Heavy trucks,2039,0|131|274|419|638|892|1151|1388|1563|867|459|235|113|54|39|12|21|0|0|0|0|0|0|0|0|0|0|0|0|0|0,8256
Canada,Ontario,Heavy trucks,2040,0|151|325|511|688|961|1253|1514|1717|1826|966|492|244|115|54|38|11|19|0|0|0|0|0|0|0|0|0|0|0|0|0,10885
Canada,Ontario,Heavy trucks,2041,0|171|375|604|837|1036|1350|1647|1872|2006|2034|1036|512|249|114|53|36|10|17|0|0|0|0|0|0|0|0|0|0|0|0,13959
Canada,Ontario,Heavy trucks,2042,0|193|426|697|989|1260|1456|1777|2036|2188|2235|2180|1077|521|247|111|50|34|9|15|0|0|0|0|0|0|0|0|0|0|0,17501
Canada,Ontario,Heavy trucks,2043,0|195|479|792|1142|1488|1769|1915|2197|2379|2438|2396|2268|1094|518|240|106|46|30|8|12|0|0|0|0|0|0|0|0|0|0,21512
Canada,Ontario,Heavy trucks,2044,0|197|484|891|1297|1720|2089|2327|2369|2568|2651|2614|2493|2304|1089|506|229|98|42|26|7|9|0|0|0|0|0|0|0|0|0,26010
Canada,Ontario,Heavy trucks,2045,0|200|489|901|1457|1955|2413|2747|2876|2768|2862|2842|2720|2532|2293|1062|482|213|88|36|21|5|7|0|0|0|0|0|0|0|0,30969
Canada,Ontario,Heavy trucks,2046,0|202|495|910|1475|2196|2744|3173|3395|3362|3085|3068|2956|2761|2520|2237|1014|447|191|76|29|16|4|5|0|0|0|0|0|0|0,36361
Canada,Ontario,Heavy trucks,2047,0|204|501|920|1490|2222|3083|3609|3923|3967|3744|3308|3193|3001|2748|2458|2134|942|401|164|62|23|12|3|3|0|0|0|0|0|0,42115
Canada,Ontario,Heavy trucks,2048,0|206|505|931|1507|2244|3119|4054|4463|4586|4421|4014|3440|3243|2987|2681|2346|1981|844|344|134|48|17|9|2|2|0|0|0|0|0,48128
Canada,Ontario,Heavy trucks,2049,0|208|511|940|1524|2269|3151|4102|5013|5216|5109|4739|4175|3494|3228|2913|2558|2178|1776|725|281|104|36|12|6|1|1|0|0|0|0,54270
Canada,Ontario,Heavy trucks,2050,0|210|516|950|1539|2294|3187|4145|5072|5858|5813|5476|4929|4240|3477|3150|2780|2374|1953|1525|593|219|77|25|8|4|1|1|0|0|0,60416
Canada,Ontario,Medium trucks,2022,0|0|0|0|0|0|0|0|0|0|0|0|0|0|0|0|0|0|0|0|0|0|0|0|0|0|0|0|0|0|0,0
Canada,Ontario,Medium trucks,2023,0|0|0|0|0|0|0|0|0|0|0|0|0|0|0|0|0|0|0|0|0|0|0|0|0|0|0|0|0|0|0,0
Canada,Ontario,Medium trucks,2024,0|3|0|0|0|0|0|0|0|0|0|0|0|0|0|0|0|0|0|0|0|0|0|0|0|0|0|0|0|0|0,3
Canada,Ontario,Medium trucks,2025,0|9|8|0|0|0|0|0|0|0|0|0|0|0|0|0|0|0|0|0|0|0|0|0|0|0|0|0|0|0|0,17
Canada,Ontario,Medium trucks,2026,0|13|22|15|0|0|0|0|0|0|0|0|0|0|0|0|0|0|0|0|0|0|0|0|0|0|0|0|0|0|0,50
Canada,Ontario,Medium trucks,2027,0|19|32|39|24|0|0|0|0|0|0|0|0|0|0|0|0|0|0|0|0|0|0|0|0|0|0|0|0|0|0,114
Canada,Ontario,Medium trucks,2028,0|30|48|59|64|36|0|0|0|0|0|0|0|0|0|0|0|0|0|0|0|0|0|0|0|0|0|0|0|0|0,237
Canada,Ontario,Medium trucks,2029,0|47|76|89|96|95|50|0|0|0|0|0|0|0|0|0|0|0|0|0|0|0|0|0|0|0|0|0|0|0|0,453
Canada,Ontario,Medium trucks,2030,0|72|117|141|147|146|134|65|0|0|0|0|0|0|0|0|0|0|0|0|0|0|0|0|0|0|0|0|0|0|0,822
Canada,Ontario,Medium trucks,2031,0|111|179|218|231|223|206|176|80|0|0|0|0|0|0|0|0|0|0|0|0|0|0|0|0|0|0|0|0|0|0,1424
Canada,Ontario,Medium trucks,2032,0|169|274|332|355|348|315|271|217|93|0|0|0|0|0|0|0|0|0|0|0|0|0|0|0|0|0|0|0|0|0,2374
Canada,Ontario,Medium trucks,2033,0|202|421|511|544|534|487|414|335|255|103|0|0|0|0|0|0|0|0|0|0|0|0|0|0|0|0|0|0|0|0,3806
Canada,Ontario,Medium trucks,2034,0|235|502|783|837|818|748|641|512|392|284|110|0|0|0|0|0|0|0|0|0|0|0|0|0|0|0|0|0|0|0,5862
Canada,Ontario,Medium trucks,2035,0|269|584|934|1283|1260|1149|983|793|599|437|304|114|0|0|0|0|0|0|0|0|0|0|0|0|0|0|0|0|0|0,8709
Canada,Ontario,Medium trucks,2036,0|302|668|1086|1529|1933|1769|1511|1215|925|668|469|316|116|0|0|0|0|0|0|0|0|0|0|0|0|0|0|0|0|0,12507
Canada,Ontario,Medium trucks,2037,0|335|750|1241|1778|2304|2714|2326|1868|1421|1030|717|488|321|115|0|0|0|0|0|0|0|0|0|0|0|0|0|0|0|0,17408
Canada,Ontario,Medium trucks,2038,0|370|834|1396|2031|2679|3236|3569|2874|2184|1583|1105|746|495|320|112|0|0|0|0|0|0|0|0|0|0|0|0|0|0|0,23534
Canada,Ontario,Medium trucks,2039,0|405|920|1552|2286|3060|3763|4257|4413|3359|2433|1696|1149|758|493|312|107|0|0|0|0|0|0|0|0|0|0|0|0|0|0,30963
Canada,Ontario,Medium trucks,2040,0|440|1006|1713|2543|3443|4296|4950|5264|5159|3741|2610|1764|1167|754|481|297|99|0|0|0|0|0|0|0|0|0|0|0|0|0,39727
Canada,Ontario,Medium trucks,2041,0|475|1094|1872|2805|3830|4834|5650|6119|6153|5748|4010|2715|1793|1162|736|458|275|89|0|0|0|0|0|0|0|0|0|0|0|0,49818
Canada,Ontario,Medium trucks,2042,0|512|1181|2036|3066|4224|5379|6358|6985|7152|6855|6163|4171|2757|1784|1134|702|425|247|76|0|0|0|0|0|0|0|0|0|0|0,61207
Canada,Ontario,Medium trucks,2043,0|514|1271|2198|3334|4618|5931|7075|7861|8163|7970|7349|6410|4236|2743|1740|1082|651|381|212|62|0|0|0|0|0|0|0|0|0|0,73801
Canada,Ontario,Medium trucks,2044,0|517|1278|2364|3601|5021|6485|7801|8746|9188|9095|8543|7645|6510|4216|2677|1660|1005|584|327|174|48|0|0|0|0|0|0|0|0|0,87485
Canada,Ontario,Medium trucks,2045,0|520|1285|2376|3872|5423|7050|8530|9643|10223|10237|9751|8887|7765|6480|4113|2554|1540|901|502|268|135|36|0|0|0|0|0|0|0|0,102091
Canada,Ontario,Medium trucks,2046,0|522|1292|2389|3892|5833|7616|9273|10546|11270|11390|10974|10143|9026|7728|6322|3925|2370|1379|774|410|208|100|25|0|0|0|0|0|0|0,117407
Canada,Ontario,Medium trucks,2047,0|525|1298|2402|3913|5863|8191|10016|11464|12326|12558|12210|11417|10303|8983|7540|6032|3644|2125|1185|633|319|154|71|17|0|0|0|0|0|0,133189
Canada,Ontario,Medium trucks,2048,0|528|1305|2414|3934|5894|8234|10773|12383|13398|13734|13462|12701|11595|10254|8765|7193|5599|3267|1825|970|492|236|109|49|12|0|0|0|0|0,149126
Canada,Ontario,Medium trucks,2049,0|530|1312|2427|3954|5925|8277|10829|13318|14474|14927|14723|14003|12901|11541|10004|8364|6677|5019|2806|1493|753|364|168|75|33|8|0|0|0|0,164905
Canada,Ontario,Medium trucks,2050,0|533|1318|2440|3976|5956|8321|10886|13388|15566|16126|16001|15316|14223|12839|11261|9545|7764|5985|4311|2295|1160|558|258|115|50|21|5|0|0|0,180217
Canada,Prince Edward Island,Heavy trucks,2022,0|0|0|0|0|0|0|0|0|0|0|0|0|0|0|0|0|0|0|0|0|0|0|0|0|0|0|0|0|0|0,0
Canada,Prince Edward Island,Heavy trucks,2023,0|0|0|0|0|0|0|0|0|0|0|0|0|0|0|0|0|0|0|0|0|0|0|0|0|0|0|0|0|0|0,0
Canada,Prince Edward Island,Heavy trucks,2024,0|0|0|0|0|0|0|0|0|0|0|0|0|0|0|0|0|0|0|0|0|0|0|0|0|0|0|0|0|0|0,0
Canada,Prince Edward Island,Heavy trucks,2025,0|0|0|0|0|0|0|0|0|0|0|0|0|0|0|0|0|0|0|0|0|0|0|0|0|0|0|0|0|0|0,0
Canada,Prince Edward Island,Heavy trucks,2026,0|0|0|0|0|0|0|0|0|0|0|0|0|0|0|0|0|0|0|0|0|0|0|0|0|0|0|0|0|0|0,0
Canada,Prince Edward Island,Heavy trucks,2027,0|0|0|0|0|0|0|0|0|0|0|0|0|0|0|0|0|0|0|0|0|0|0|0|0|0|0|0|0|0|0,0
Canada,Prince Edward Island,Heavy trucks,2028,0|0|0|0|0|0|0|0|0|0|0|0|0|0|0|0|0|0|0|0|0|0|0|0|0|0|0|0|0|0|0,0
Canada,Prince Edward Island,Heavy trucks,2029,0|0|0|0|0|0|0|0|0|0|0|0|0|0|0|0|0|0|0|0|0|0|0|0|0|0|0|0|0|0|0,0
Canada,Prince Edward Island,Heavy trucks,2030,0|0|0|0|0|0|0|0|0|0|0|0|0|0|0|0|0|0|0|0|0|0|0|0|0|0|0|0|0|0|0,0
Canada,Prince Edward Island,Heavy trucks,2031,0|1|0|0|0|0|0|0|0|0|0|0|0|0|0|0|0|0|0|0|0|0|0|0|0|0|0|0|0|0|0,1
Canada,Prince Edward Island,Heavy trucks,2032,0|1|2|1|0|0|0|0|0|0|0|0|0|0|0|0|0|0|0|0|0|0|0|0|0|0|0|0|0|0|0,4
Canada,Prince Edward Island,Heavy trucks,2033,0|1|2|3|2|1|0|0|0|0|0|0|0|0|0|0|0|0|0|0|0|0|0|0|0|0|0|0|0|0|0,9
Canada,Prince Edward Island,Heavy trucks,2034,0|1|2|3|4|3|2|0|0|0|0|0|0|0|0|0|0|0|0|0|0|0|0|0|0|0|0|0|0|0|0,15
Canada,Prince Edward Island,Heavy trucks,2035,0|1|2|3|5|5|4|3|0|0|0|0|0|0|0|0|0|0|0|0|0|0|0|0|0|0|0|0|0|0|0,23
Canada,Prince Edward Island,Heavy trucks,2036,0|1|2|4|5|8|6|5|4|0|0|0|0|0|0|0|0|0|0|0|0|0|0|0|0|0|0|0|0|0|0,35
Canada,Prince Edward Island,Heavy trucks,2037,0|1|2|4|7|8|11|7|6|5|0|0|0|0|0|0|0|0|0|0|0|0|0|0|0|0|0|0|0|0|0,51
Canada,Prince Edward Island,Heavy trucks,2038,0|1|2|4|7|10|11|14|8|7|6|0|0|0|0|0|0|0|0|0|0|0|0|0|0|0|0|0|0|0|0,70
Canada,Prince Edward Island,Heavy trucks,2039,0|1|3|4|7|10|14|15|17|9|8|6|0|0|0|0|0|0|0|0|0|0|0|0|0|0|0|0|0|0|0,94
Canada,Prince Edward Island,Heavy trucks,2040,0|1|3|6|7|10|14|18|19|20|10|9|6|0|0|0|0|0|0|0|0|0|0|0|0|0|0|0|0|0|0,123
Canada,Prince Edward Island,Heavy trucks,2041,0|2|4|6|10|11|15|19|22|22|23|11|10|6|0|0|0|0|0|0|0|0|0|0|0|0|0|0|0|0|0,161
Canada,Prince Edward Island,Heavy trucks,2042,0|2|5|7|11|15|16|20|24|25|25|25|12|10|6|0|0|0|0|0|0|0|0|0|0|0|0|0|0|0|0,203
Canada,Prince Edward Island,Heavy trucks,2043,0|2|5|9|12|17|21|21|25|28|28|27|25|13|9|5|0|0|0|0|0|0|0|0|0|0|0|0|0|0|0,247
Canada,Prince Edward Island,Heavy trucks,2044,0|3|5|10|15|19|24|28|26|30|31|30|27|26|12|9|5|0|0|0|0|0|0|0|0|0|0|0|0|0|0,300
Canada,Prince Edward Island,Heavy trucks,2045,0|3|6|10|17|22|27|31|35|31|33|34|30|28|26|12|9|5|0|0|0|0|0|0|0|0|0|0|0|0|0,359
Canada,Prince Edward Island,Heavy trucks,2046,0|3|6|11|17|26|31|36|38|40|34|36|34|31|28|26|11|8|4|0|0|0|0|0|0|0|0|0|0|0|0,420
Canada,Prince Edward Island,Heavy trucks,2047,0|3|6|11|18|26|36|41|45|45|45|36|36|35|31|28|24|10|7|4|0|0|0|0|0|0|0|0|0|0|0,487
Canada,Prince Edward Island,Heavy trucks,2048,0|3|6|11|18|27|37|47|51|52|50|47|38|37|35|31|27|22|9|6|3|0|0|0|0|0|0|0|0|0|0,557
Canada,Prince Edward Island,Heavy trucks,2049,0|3|6|11|18|27|38|48|58|60|58|53|49|39|37|35|29|25|20|8|5|2|0|0|0|0|0|0|0|0|0,629
Canada,Prince Edward Island,Heavy trucks,2050,0|3|6|11|18|27|38|49|59|68|66|62|56|49|39|36|33|27|22|17|7|4|2|0|0|0|0|0|0|0|0,699
Canada,Prince Edward Island,Medium trucks,2022,0|0|0|0|0|0|0|0|0|0|0|0|0|0|0|0|0|0|0|0|0|0|0|0|0|0|0|0|0|0|0,0
Canada,Prince Edward Island,Medium trucks,2023,0|0|0|0|0|0|0|0|0|0|0|0|0|0|0|0|0|0|0|0|0|0|0|0|0|0|0|0|0|0|0,0
Canada,Prince Edward Island,Medium trucks,2024,0|0|0|0|0|0|0|0|0|0|0|0|0|0|0|0|0|0|0|0|0|0|0|0|0|0|0|0|0|0|0,0
Canada,Prince Edward Island,Medium trucks,2025,0|0|0|0|0|0|0|0|0|0|0|0|0|0|0|0|0|0|0|0|0|0|0|0|0|0|0|0|0|0|0,0
Canada,Prince Edward Island,Medium trucks,2026,0|0|0|0|0|0|0|0|0|0|0|0|0|0|0|0|0|0|0|0|0|0|0|0|0|0|0|0|0|0|0,0
Canada,Prince Edward Island,Medium trucks,2027,0|0|0|0|0|0|0|0|0|0|0|0|0|0|0|0|0|0|0|0|0|0|0|0|0|0|0|0|0|0|0,0
Canada,Prince Edward Island,Medium trucks,2028,0|1|1|1|1|0|0|0|0|0|0|0|0|0|0|0|0|0|0|0|0|0|0|0|0|0|0|0|0|0|0,4
Canada,Prince Edward Island,Medium trucks,2029,0|1|2|2|2|2|0|0|0|0|0|0|0|0|0|0|0|0|0|0|0|0|0|0|0|0|0|0|0|0|0,9
Canada,Prince Edward Island,Medium trucks,2030,0|1|2|3|3|3|3|0|0|0|0|0|0|0|0|0|0|0|0|0|0|0|0|0|0|0|0|0|0|0|0,15
Canada,Prince Edward Island,Medium trucks,2031,0|1|2|3|4|4|4|4|0|0|0|0|0|0|0|0|0|0|0|0|0|0|0|0|0|0|0|0|0|0|0,22
Canada,Prince Edward Island,Medium trucks,2032,0|2|3|3|4|5|5|5|5|0|0|0|0|0|0|0|0|0|0|0|0|0|0|0|0|0|0|0|0|0|0,32
Canada,Prince Edward Island,Medium trucks,2033,0|3|5|6|6|6|6|6|6|6|0|0|0|0|0|0|0|0|0|0|0|0|0|0|0|0|0|0|0|0|0,50
Canada,Prince Edward Island,Medium trucks,2034,0|3|6|9|9|9|9|7|7|7|7|0|0|0|0|0|0|0|0|0|0|0|0|0|0|0|0|0|0|0|0,73
Canada,Prince Edward Island,Medium trucks,2035,0|3|7|11|14|14|12|12|8|8|8|7|0|0|0|0|0|0|0|0|0|0|0|0|0|0|0|0|0|0|0,104
Canada,Prince Edward Island,Medium trucks,2036,0|3|8|13|18|21|20|16|15|9|9|9|7|0|0|0|0|0|0|0|0|0|0|0|0|0|0|0|0|0|0,148
Canada,Prince Edward Island,Medium trucks,2037,0|4|8|15|21|27|30|27|20|18|10|10|9|7|0|0|0|0|0|0|0|0|0|0|0|0|0|0|0|0|0,206
Canada,Prince Edward Island,Medium trucks,2038,0|5|9|15|24|32|38|40|33|23|20|11|11|9|7|0|0|0|0|0|0|0|0|0|0|0|0|0|0|0|0,277
Canada,Prince Edward Island,Medium trucks,2039,0|5|12|18|26|36|45|49|49|38|26|21|12|11|8|6|0|0|0|0|0|0|0|0|0|0|0|0|0|0|0,362
Canada,Prince Edward Island,Medium trucks,2040,0|5|12|21|29|39|50|58|60|58|43|28|22|13|10|8|6|0|0|0|0|0|0|0|0|0|0|0|0|0|0,462
Canada,Prince Edward Island,Medium trucks,2041,0|5|12|22|34|44|55|65|71|70|64|45|28|22|12|10|8|6|0|0|0|0|0|0|0|0|0|0|0|0|0,573
Canada,Prince Edward Island,Medium trucks,2042,0|6|13|23|36|51|62|72|80|83|77|69|47|29|23|12|9|7|5|0|0|0|0|0|0|0|0|0|0|0|0,704
Canada,Prince Edward Island,Medium trucks,2043,0|6|15|24|38|54|70|81|89|93|91|83|71|47|29|22|11|9|6|4|0|0|0|0|0|0|0|0|0|0|0,843
Canada,Prince Edward Island,Medium trucks,2044,0|6|15|28|40|57|75|91|100|103|103|98|86|72|47|29|21|10|8|6|4|0|0|0|0|0|0|0|0|0|0,999
Canada,Prince Edward Island,Medium trucks,2045,0|6|15|28|45|61|80|98|112|116|115|110|102|88|72|46|28|19|9|7|5|3|0|0|0|0|0|0|0|0|0,1165
Canada,Prince Edward Island,Medium trucks,2046,0|6|15|28|45|68|86|105|121|130|129|123|114|103|87|70|44|26|17|8|6|4|2|0|0|0|0|0|0|0|0,1337
Canada,Prince Edward Island,Medium trucks,2047,0|6|15|28|45|68|95|113|131|142|146|138|128|116|102|85|68|41|23|15|7|4|3|1|0|0|0|0|0|0|0,1520
Canada,Prince Edward Island,Medium trucks,2048,0|6|15|28|45|68|95|125|141|154|160|157|144|129|115|99|81|62|37|20|12|5|3|2|1|0|0|0|0|0|0,1704
Canada,Prince Edward Island,Medium trucks,2049,0|6|15|28|46|68|95|126|155|165|173|172|162|146|128|112|95|75|56|31|16|9|4|2|1|1|0|0|0|0|0,1887
Canada,Prince Edward Island,Medium trucks,2050,0|6|15|28|46|69|95|126|156|181|184|185|179|165|145|125|107|88|67|48|26|13|7|3|2|1|0|0|0|0|0,2067
Canada,Quebec,Heavy trucks,2022,0|0|0|0|0|0|0|0|0|0|0|0|0|0|0|0|0|0|0|0|0|0|0|0|0|0|0|0|0|0|0,0
Canada,Quebec,Heavy trucks,2023,0|0|0|0|0|0|0|0|0|0|0|0|0|0|0|0|0|0|0|0|0|0|0|0|0|0|0|0|0|0|0,0
Canada,Quebec,Heavy trucks,2024,0|1|0|0|0|0|0|0|0|0|0|0|0|0|0|0|0|0|0|0|0|0|0|0|0|0|0|0|0|0|0,1
Canada,Quebec,Heavy trucks,2025,0|0|2|0|0|0|0|0|0|0|0|0|0|0|0|0|0|0|0|0|0|0|0|0|0|0|0|0|0|0|0,2
Canada,Quebec,Heavy trucks,2026,0|1|1|3|0|0|0|0|0|0|0|0|0|0|0|0|0|0|0|0|0|0|0|0|0|0|0|0|0|0|0,5
Canada,Quebec,Heavy trucks,2027,0|1|2|2|4|0|0|0|0|0|0|0|0|0|0|0|0|0|0|0|0|0|0|0|0|0|0|0|0|0|0,9
Canada,Quebec,Heavy trucks,2028,0|1|2|3|3|5|0|0|0|0|0|0|0|0|0|0|0|0|0|0|0|0|0|0|0|0|0|0|0|0|0,14
Canada,Quebec,Heavy trucks,2029,0|3|4|3|4|4|6|0|0|0|0|0|0|0|0|0|0|0|0|0|0|0|0|0|0|0|0|0|0|0|0,24
Canada,Quebec,Heavy trucks,2030,0|7|8|7|6|6|5|7|0|0|0|0|0|0|0|0|0|0|0|0|0|0|0|0|0|0|0|0|0|0|0,46
Canada,Quebec,Heavy trucks,2031,0|15|18|15|12|9|9|6|8|0|0|0|0|0|0|0|0|0|0|0|0|0|0|0|0|0|0|0|0|0|0,92
Canada,Quebec,Heavy trucks,2032,0|33|38|34|26|19|13|12|7|9|0|0|0|0|0|0|0|0|0|0|0|0|0|0|0|0|0|0|0|0|0,191
Canada,Quebec,Heavy trucks,2033,0|35|83|71|56|39|27|17|15|8|10|0|0|0|0|0|0|0|0|0|0|0|0|0|0|0|0|0|0|0|0,361
Canada,Quebec,Heavy trucks,2034,0|39|89|154|118|85|56|36|21|18|9|11|0|0|0|0|0|0|0|0|0|0|0|0|0|0|0|0|0|0|0,636
Canada,Quebec,Heavy trucks,2035,0|42|97|167|252|179|121|74|45|24|20|10|12|0|0|0|0|0|0|0|0|0|0|0|0|0|0|0|0|0|0,1043
Canada,Quebec,Heavy trucks,2036,0|45|105|181|274|379|252|159|91|52|27|21|11|13|0|0|0|0|0|0|0|0|0|0|0|0|0|0|0|0|0,1610
Canada,Quebec,Heavy trucks,2037,0|50|113|195|298|413|531|332|196|105|58|29|22|11|12|0|0|0|0|0|0|0|0|0|0|0|0|0|0|0|0,2365
Canada,Quebec,Heavy trucks,2038,0|60|122|212|320|449|579|700|411|230|118|62|29|22|10|12|0|0|0|0|0|0|0|0|0|0|0|0|0|0|0,3336
Canada,Quebec,Heavy trucks,2039,0|70|148|227|347|484|630|762|864|481|256|126|65|30|23|10|11|0|0|0|0|0|0|0|0|0|0|0|0|0|0,4534
Canada,Quebec,Heavy trucks,2040,0|80|173|275|371|523|680|828|941|1010|535|274|131|66|30|22|9|10|0|0|0|0|0|0|0|0|0|0|0|0|0,5958
Canada,Quebec,Heavy trucks,2041,0|90|199|322|450|559|733|894|1025|1100|1125|574|285|133|65|30|21|9|9|0|0|0|0|0|0|0|0|0|0|0|0,7623
Canada,Quebec,Heavy trucks,2042,0|101|225|369|526|677|784|964|1107|1198|1227|1206|597|290|132|64|29|19|8|8|0|0|0|0|0|0|0|0|0|0|0,9531
Canada,Quebec,Heavy trucks,2043,0|102|251|419|605|791|949|1031|1191|1293|1335|1315|1254|607|289|128|61|26|17|7|7|0|0|0|0|0|0|0|0|0|0,11678
Canada,Quebec,Heavy trucks,2044,0|103|253|467|686|910|1112|1247|1274|1392|1441|1431|1368|1274|604|282|123|57|24|15|6|5|0|0|0|0|0|0|0|0|0,14074
Canada,Quebec,Heavy trucks,2045,0|103|254|470|764|1032|1279|1462|1541|1489|1551|1544|1490|1389|1268|589|269|115|51|20|12|4|4|0|0|0|0|0|0|0|0,16700
Canada,Quebec,Heavy trucks,2046,0|104|256|472|769|1150|1449|1681|1807|1801|1659|1663|1606|1513|1382|1237|563|250|103|44|17|9|3|3|0|0|0|0|0|0|0,19541
Canada,Quebec,Heavy trucks,2047,0|105|257|476|773|1157|1615|1906|2079|2113|2007|1778|1729|1632|1507|1348|1181|522|225|88|36|13|7|2|2|0|0|0|0|0|0,22558
Canada,Quebec,Heavy trucks,2048,0|105|260|478|779|1164|1625|2125|2357|2429|2354|2152|1850|1757|1623|1470|1287|1096|468|193|72|28|10|5|2|1|0|0|0|0|0,25690
Canada,Quebec,Heavy trucks,2049,0|106|260|482|784|1172|1635|2139|2628|2754|2706|2524|2238|1880|1748|1584|1403|1195|982|402|158|56|21|7|3|1|1|0|0|0|0,28869
Canada,Quebec,Heavy trucks,2050,0|107|262|484|790|1180|1646|2151|2645|3071|3069|2901|2626|2273|1869|1705|1512|1302|1071|844|329|122|41|15|5|2|1|1|0|0|0,32024
Canada,Quebec,Medium trucks,2022,0|0|0|0|0|0|0|0|0|0|0|0|0|0|0|0|0|0|0|0|0|0|0|0|0|0|0|0|0|0|0,0
Canada,Quebec,Medium trucks,2023,0|0|0|0|0|0|0|0|0|0|0|0|0|0|0|0|0|0|0|0|0|0|0|0|0|0|0|0|0|0|0,0
Canada,Quebec,Medium trucks,2024,0|1|0|0|0|0|0|0|0|0|0|0|0|0|0|0|0|0|0|0|0|0|0|0|0|0|0|0|0|0|0,1
Canada,Quebec,Medium trucks,2025,0|5|4|0|0|0|0|0|0|0|0|0|0|0|0|0|0|0|0|0|0|0|0|0|0|0|0|0|0|0|0,9
Canada,Quebec,Medium trucks,2026,0|7|12|7|0|0|0|0|0|0|0|0|0|0|0|0|0|0|0|0|0|0|0|0|0|0|0|0|0|0|0,26
Canada,Quebec,Medium trucks,2027,0|11|18|22|12|0|0|0|0|0|0|0|0|0|0|0|0|0|0|0|0|0|0|0|0|0|0|0|0|0|0,63
Canada,Quebec,Medium trucks,2028,0|17|27|33|35|19|0|0|0|0|0|0|0|0|0|0|0|0|0|0|0|0|0|0|0|0|0|0|0|0|0,131
Canada,Quebec,Medium trucks,2029,0|25|42|50|54|52|27|0|0|0|0|0|0|0|0|0|0|0|0|0|0|0|0|0|0|0|0|0|0|0|0,250
Canada,Quebec,Medium trucks,2030,0|39|63|78|82|81|73|36|0|0|0|0|0|0|0|0|0|0|0|0|0|0|0|0|0|0|0|0|0|0|0,452
Canada,Quebec,Medium trucks,2031,0|62|99|119|128|125|114|96|45|0|0|0|0|0|0|0|0|0|0|0|0|0|0|0|0|0|0|0|0|0|0,788
Canada,Quebec,Medium trucks,2032,0|94|152|184|196|193|177|151|119|52|0|0|0|0|0|0|0|0|0|0|0|0|0|0|0|0|0|0|0|0|0,1318
Canada,Quebec,Medium trucks,2033,0|111|233|283|302|297|272|233|186|140|58|0|0|0|0|0|0|0|0|0|0|0|0|0|0|0|0|0|0|0|0,2115
Canada,Quebec,Medium trucks,2034,0|129|276|433|463|455|418|358|288|218|157|62|0|0|0|0|0|0|0|0|0|0|0|0|0|0|0|0|0|0|0,3257
Canada,Quebec,Medium trucks,2035,0|146|320|514|709|698|638|549|443|337|243|169|65|0|0|0|0|0|0|0|0|0|0|0|0|0|0|0|0|0|0,4831
Canada,Quebec,Medium trucks,2036,0|163|362|595|842|1067|979|839|678|516|377|260|176|66|0|0|0|0|0|0|0|0|0|0|0|0|0|0|0|0|0,6920
Canada,Quebec,Medium trucks,2037,0|181|406|673|974|1267|1499|1287|1038|793|575|404|271|178|65|0|0|0|0|0|0|0|0|0|0|0|0|0|0|0|0,9611
Canada,Quebec,Medium trucks,2038,0|198|450|756|1103|1466|1778|1972|1591|1214|884|616|421|275|177|64|0|0|0|0|0|0|0|0|0|0|0|0|0|0|0,12965
Canada,Quebec,Medium trucks,2039,0|216|492|837|1238|1662|2059|2339|2438|1861|1353|947|641|427|274|172|61|0|0|0|0|0|0|0|0|0|0|0|0|0|0,17017
Canada,Quebec,Medium trucks,2040,0|233|536|916|1369|1864|2334|2707|2891|2848|2072|1451|985|652|425|268|164|57|0|0|0|0|0|0|0|0|0|0|0|0|0,21772
Canada,Quebec,Medium trucks,2041,0|251|579|998|1500|2063|2617|3071|3346|3380|3173|2222|1509|1001|650|415|255|153|51|0|0|0|0|0|0|0|0|0|0|0|0,27234
Canada,Quebec,Medium trucks,2042,0|269|623|1077|1634|2260|2896|3442|3796|3910|3765|3401|2311|1534|996|633|395|237|137|44|0|0|0|0|0|0|0|0|0|0|0,33360
Canada,Quebec,Medium trucks,2043,0|269|668|1160|1764|2462|3173|3808|4255|4437|4356|4036|3538|2347|1526|972|605|367|213|118|36|0|0|0|0|0|0|0|0|0|0,40110
Canada,Quebec,Medium trucks,2044,0|269|668|1241|1899|2658|3457|4174|4708|4973|4945|4670|4198|3593|2336|1490|928|561|329|183|96|28|0|0|0|0|0|0|0|0|0,47404
Canada,Quebec,Medium trucks,2045,0|269|668|1241|2031|2861|3734|4547|5160|5503|5540|5302|4858|4263|3577|2279|1422|862|503|283|150|75|21|0|0|0|0|0|0|0|0,55149
Canada,Quebec,Medium trucks,2046,0|269|668|1241|2031|3060|4017|4911|5620|6031|6131|5939|5515|4935|4242|3490|2174|1320|772|432|231|116|55|15|0|0|0|0|0|0|0,63215
Canada,Quebec,Medium trucks,2047,0|269|668|1242|2032|3060|4296|5282|6072|6567|6720|6573|6177|5602|4911|4139|3330|2019|1182|664|354|180|86|39|10|0|0|0|0|0|0,71474
Canada,Quebec,Medium trucks,2048,0|269|668|1242|2033|3061|4296|5650|6530|7097|7317|7205|6838|6274|5576|4791|3950|3090|1810|1016|543|275|133|61|27|7|0|0|0|0|0,79759
Canada,Quebec,Medium trucks,2049,0|269|668|1242|2034|3062|4297|5650|6985|7632|7907|7844|7495|6945|6244|5440|4572|3667|2770|1554|831|422|203|94|42|18|4|0|0|0|0,87891
Canada,Quebec,Medium trucks,2050,0|269|668|1243|2034|3063|4299|5652|6985|8163|8504|8476|8160|7612|6912|6092|5190|4244|3288|2378|1272|646|312|144|65|28|12|3|0|0|0,95714
Canada,Saskatchewan,Heavy trucks,2022,0|0|0|0|0|0|0|0|0|0|0|0|0|0|0|0|0|0|0|0|0|0|0|0|0|0|0|0|0|0|0,0
Canada,Saskatchewan,Heavy trucks,2023,0|0|0|0|0|0|0|0|0|0|0|0|0|0|0|0|0|0|0|0|0|0|0|0|0|0|0|0|0|0|0,0
Canada,Saskatchewan,Heavy trucks,2024,0|0|0|0|0|0|0|0|0|0|0|0|0|0|0|0|0|0|0|0|0|0|0|0|0|0|0|0|0|0|0,0
Canada,Saskatchewan,Heavy trucks,2025,0|0|0|0|0|0|0|0|0|0|0|0|0|0|0|0|0|0|0|0|0|0|0|0|0|0|0|0|0|0|0,0
Canada,Saskatchewan,Heavy trucks,2026,0|0|0|0|0|0|0|0|0|0|0|0|0|0|0|0|0|0|0|0|0|0|0|0|0|0|0|0|0|0|0,0
Canada,Saskatchewan,Heavy trucks,2027,0|0|0|0|0|0|0|0|0|0|0|0|0|0|0|0|0|0|0|0|0|0|0|0|0|0|0|0|0|0|0,0
Canada,Saskatchewan,Heavy trucks,2028,0|0|0|0|0|0|0|0|0|0|0|0|0|0|0|0|0|0|0|0|0|0|0|0|0|0|0|0|0|0|0,0
Canada,Saskatchewan,Heavy trucks,2029,0|1|1|0|0|0|0|0|0|0|0|0|0|0|0|0|0|0|0|0|0|0|0|0|0|0|0|0|0|0|0,2
Canada,Saskatchewan,Heavy trucks,2030,0|1|2|2|1|1|0|0|0|0|0|0|0|0|0|0|0|0|0|0|0|0|0|0|0|0|0|0|0|0|0,7
Canada,Saskatchewan,Heavy trucks,2031,0|2|2|3|3|2|2|0|0|0|0|0|0|0|0|0|0|0|0|0|0|0|0|0|0|0|0|0|0|0|0,14
Canada,Saskatchewan,Heavy trucks,2032,0|5|5|4|4|4|3|3|0|0|0|0|0|0|0|0|0|0|0|0|0|0|0|0|0|0|0|0|0|0|0,28
Canada,Saskatchewan,Heavy trucks,2033,0|5|12|10|7|6|5|4|4|0|0|0|0|0|0|0|0|0|0|0|0|0|0|0|0|0|0|0|0|0|0,53
Canada,Saskatchewan,Heavy trucks,2034,0|5|12|22|17|11|9|6|5|5|0|0|0|0|0|0|0|0|0|0|0|0|0|0|0|0|0|0|0|0|0,92
Canada,Saskatchewan,Heavy trucks,2035,0|6|13|23|35|26|16|12|7|6|6|0|0|0|0|0|0|0|0|0|0|0|0|0|0|0|0|0|0|0|0,150
Canada,Saskatchewan,Heavy trucks,2036,0|7|15|24|38|52|36|21|15|8|7|6|0|0|0|0|0|0|0|0|0|0|0|0|0|0|0|0|0|0|0,229
Canada,Saskatchewan,Heavy trucks,2037,0|7|16|28|40|57|73|47|26|17|9|8|6|0|0|0|0|0|0|0|0|0|0|0|0|0|0|0|0|0|0,334
Canada,Saskatchewan,Heavy trucks,2038,0|9|18|30|45|61|80|96|58|31|18|10|8|6|0|0|0|0|0|0|0|0|0|0|0|0|0|0|0|0|0,470
Canada,Saskatchewan,Heavy trucks,2039,0|10|22|33|49|68|86|105|119|67|34|19|11|8|6|0|0|0|0|0|0|0|0|0|0|0|0|0|0|0|0,637
Canada,Saskatchewan,Heavy trucks,2040,0|11|25|40|54|74|95|113|131|139|73|36|20|12|8|5|0|0|0|0|0|0|0|0|0|0|0|0|0|0|0,836
Canada,Saskatchewan,Heavy trucks,2041,0|13|28|46|65|81|103|126|141|153|156|78|38|20|11|7|5|0|0|0|0|0|0|0|0|0|0|0|0|0|0,1071
Canada,Saskatchewan,Heavy trucks,2042,0|15|32|53|75|97|113|137|156|165|171|167|80|39|21|11|7|5|0|0|0|0|0|0|0|0|0|0|0|0|0,1344
Canada,Saskatchewan,Heavy trucks,2043,0|15|37|60|87|114|137|149|169|182|184|183|174|82|39|20|10|6|4|0|0|0|0|0|0|0|0|0|0|0|0,1652
Canada,Saskatchewan,Heavy trucks,2044,0|15|37|68|99|132|160|181|184|199|203|198|192|176|81|38|19|10|6|4|0|0|0|0|0|0|0|0|0|0|0,2002
Canada,Saskatchewan,Heavy trucks,2045,0|15|38|69|112|150|186|211|223|216|222|218|206|194|175|79|36|18|9|5|3|0|0|0|0|0|0|0|0|0|0,2385
Canada,Saskatchewan,Heavy trucks,2046,0|15|38|70|114|170|211|245|260|261|241|239|227|210|192|170|76|34|16|7|4|2|0|0|0|0|0|0|0|0|0,2802
Canada,Saskatchewan,Heavy trucks,2047,0|15|38|71|116|172|238|278|303|304|290|257|248|231|208|187|163|70|30|14|6|3|2|0|0|0|0|0|0|0|0,3244
Canada,Saskatchewan,Heavy trucks,2048,0|15|38|71|117|174|242|313|345|355|340|310|268|253|229|203|178|151|63|26|11|5|2|1|0|0|0|0|0|0|0,3710
Canada,Saskatchewan,Heavy trucks,2049,0|16|38|71|117|176|244|318|388|403|397|365|323|272|251|223|194|166|136|54|21|9|3|2|1|0|0|0|0|0|0,4188
Canada,Saskatchewan,Heavy trucks,2050,0|16|39|71|118|177|247|320|393|454|449|425|380|328|271|244|213|180|148|116|44|16|6|2|1|1|0|0|0|0|0,4659
Canada,Saskatchewan,Medium trucks,2022,0|0|0|0|0|0|0|0|0|0|0|0|0|0|0|0|0|0|0|0|0|0|0|0|0|0|0|0|0|0|0,0
Canada,Saskatchewan,Medium trucks,2023,0|0|0|0|0|0|0|0|0|0|0|0|0|0|0|0|0|0|0|0|0|0|0|0|0|0|0|0|0|0|0,0
Canada,Saskatchewan,Medium trucks,2024,0|0|0|0|0|0|0|0|0|0|0|0|0|0|0|0|0|0|0|0|0|0|0|0|0|0|0|0|0|0|0,0
Canada,Saskatchewan,Medium trucks,2025,0|1|1|0|0|0|0|0|0|0|0|0|0|0|0|0|0|0|0|0|0|0|0|0|0|0|0|0|0|0|0,2
Canada,Saskatchewan,Medium trucks,2026,0|1|2|2|0|0|0|0|0|0|0|0|0|0|0|0|0|0|0|0|0|0|0|0|0|0|0|0|0|0|0,5
Canada,Saskatchewan,Medium trucks,2027,0|1|2|3|3|0|0|0|0|0|0|0|0|0|0|0|0|0|0|0|0|0|0|0|0|0|0|0|0|0|0,9
Canada,Saskatchewan,Medium trucks,2028,0|3|3|4|5|4|0|0|0|0|0|0|0|0|0|0|0|0|0|0|0|0|0|0|0|0|0|0|0|0|0,19
Canada,Saskatchewan,Medium trucks,2029,0|3|6|6|7|8|5|0|0|0|0|0|0|0|0|0|0|0|0|0|0|0|0|0|0|0|0|0|0|0|0,35
Canada,Saskatchewan,Medium trucks,2030,0|5|8|11|11|11|11|6|0|0|0|0|0|0|0|0|0|0|0|0|0|0|0|0|0|0|0|0|0|0|0,63
Canada,Saskatchewan,Medium trucks,2031,0|9|13|15|18|17|16|14|7|0|0|0|0|0|0|0|0|0|0|0|0|0|0|0|0|0|0|0|0|0|0,109
Canada,Saskatchewan,Medium trucks,2032,0|13|22|24|26|27|24|21|17|8|0|0|0|0|0|0|0|0|0|0|0|0|0|0|0|0|0|0|0|0|0,182
Canada,Saskatchewan,Medium trucks,2033,0|15|32|40|40|39|38|31|26|20|9|0|0|0|0|0|0|0|0|0|0|0|0|0|0|0|0|0|0|0|0,290
Canada,Saskatchewan,Medium trucks,2034,0|18|38|59|65|61|56|49|38|31|22|10|0|0|0|0|0|0|0|0|0|0|0|0|0|0|0|0|0|0|0,447
Canada,Saskatchewan,Medium trucks,2035,0|21|45|71|97|98|86|74|60|45|34|23|11|0|0|0|0|0|0|0|0|0|0|0|0|0|0|0|0|0|0,665
Canada,Saskatchewan,Medium trucks,2036,0|23|52|84|117|147|138|113|91|70|50|36|23|12|0|0|0|0|0|0|0|0|0|0|0|0|0|0|0|0|0,956
Canada,Saskatchewan,Medium trucks,2037,0|25|57|97|138|177|207|182|141|105|77|53|37|24|11|0|0|0|0|0|0|0|0|0|0|0|0|0|0|0|0,1331
Canada,Saskatchewan,Medium trucks,2038,0|29|63|107|159|208|249|273|224|165|118|83|56|38|25|11|0|0|0|0|0|0|0|0|0|0|0|0|0|0|0,1808
Canada,Saskatchewan,Medium trucks,2039,0|31|71|119|176|239|293|327|340|262|184|126|86|56|38|24|10|0|0|0|0|0|0|0|0|0|0|0|0|0|0,2382
Canada,Saskatchewan,Medium trucks,2040,0|33|78|133|195|266|335|385|406|398|291|198|131|88|56|37|22|10|0|0|0|0|0|0|0|0|0|0|0|0|0,3062
Canada,Saskatchewan,Medium trucks,2041,0|37|84|145|217|295|374|439|476|474|443|311|206|133|87|55|35|21|9|0|0|0|0|0|0|0|0|0|0|0|0,3841
Canada,Saskatchewan,Medium trucks,2042,0|39|92|157|238|327|415|491|542|555|528|475|324|210|132|85|53|33|19|7|0|0|0|0|0|0|0|0|0|0|0,4722
Canada,Saskatchewan,Medium trucks,2043,0|39|98|170|258|359|458|546|608|634|619|565|495|329|208|128|81|49|29|16|6|0|0|0|0|0|0|0|0|0|0,5695
Canada,Saskatchewan,Medium trucks,2044,0|39|99|182|279|389|502|603|675|710|706|664|588|502|327|203|123|75|44|25|13|5|0|0|0|0|0|0|0|0|0,6753
Canada,Saskatchewan,Medium trucks,2045,0|39|99|184|299|420|546|660|746|790|792|756|690|599|500|319|194|115|67|38|21|10|3|0|0|0|0|0|0|0|0,7887
Canada,Saskatchewan,Medium trucks,2046,0|40|99|185|301|450|589|719|815|872|881|850|787|701|596|488|303|180|103|58|31|16|8|2|0|0|0|0|0|0|0,9074
Canada,Saskatchewan,Medium trucks,2047,0|40|100|185|304|453|631|776|888|952|971|944|884|798|698|581|465|282|161|88|47|24|12|5|2|0|0|0|0|0|0,10291
Canada,Saskatchewan,Medium trucks,2048,0|41|100|186|304|457|636|831|959|1038|1062|1040|982|898|795|681|555|432|253|138|72|37|18|8|4|1|0|0|0|0|0,11528
Canada,Saskatchewan,Medium trucks,2049,0|41|102|186|305|458|640|836|1028|1120|1155|1139|1083|998|894|775|650|515|387|217|113|56|27|13|6|2|1|0|0|0|0,12747
Canada,Saskatchewan,Medium trucks,2050,0|41|102|189|306|460|643|842|1035|1202|1248|1238|1185|1100|992|872|739|602|462|332|178|88|41|19|9|4|2|0|0|0|0,13931
Canada,Yukon,Heavy trucks,2022,0|0|0|0|0|0|0|0|0|0|0|0|0|0|0|0|0|0|0|0|0|0|0|0|0|0|0|0|0|0|0,0
Canada,Yukon,Heavy trucks,2023,0|0|0|0|0|0|0|0|0|0|0|0|0|0|0|0|0|0|0|0|0|0|0|0|0|0|0|0|0|0|0,0
Canada,Yukon,Heavy trucks,2024,0|0|0|0|0|0|0|0|0|0|0|0|0|0|0|0|0|0|0|0|0|0|0|0|0|0|0|0|0|0|0,0
Canada,Yukon,Heavy trucks,2025,0|0|0|0|0|0|0|0|0|0|0|0|0|0|0|0|0|0|0|0|0|0|0|0|0|0|0|0|0|0|0,0
Canada,Yukon,Heavy trucks,2026,0|0|0|0|0|0|0|0|0|0|0|0|0|0|0|0|0|0|0|0|0|0|0|0|0|0|0|0|0|0|0,0
Canada,Yukon,Heavy trucks,2027,0|0|0|0|0|0|0|0|0|0|0|0|0|0|0|0|0|0|0|0|0|0|0|0|0|0|0|0|0|0|0,0
Canada,Yukon,Heavy trucks,2028,0|0|0|0|0|0|0|0|0|0|0|0|0|0|0|0|0|0|0|0|0|0|0|0|0|0|0|0|0|0|0,0
Canada,Yukon,Heavy trucks,2029,0|0|0|0|0|0|0|0|0|0|0|0|0|0|0|0|0|0|0|0|0|0|0|0|0|0|0|0|0|0|0,0
Canada,Yukon,Heavy trucks,2030,0|0|0|0|0|0|0|0|0|0|0|0|0|0|0|0|0|0|0|0|0|0|0|0|0|0|0|0|0|0|0,0
Canada,Yukon,Heavy trucks,2031,0|0|0|0|0|0|0|0|0|0|0|0|0|0|0|0|0|0|0|0|0|0|0|0|0|0|0|0|0|0|0,0
Canada,Yukon,Heavy trucks,2032,0|0|0|0|0|0|0|0|0|0|0|0|0|0|0|0|0|0|0|0|0|0|0|0|0|0|0|0|0|0|0,0
Canada,Yukon,Heavy trucks,2033,0|0|1|0|0|0|0|0|0|0|0|0|0|0|0|0|0|0|0|0|0|0|0|0|0|0|0|0|0|0|0,1
Canada,Yukon,Heavy trucks,2034,0|0|1|2|0|0|0|0|0|0|0|0|0|0|0|0|0|0|0|0|0|0|0|0|0|0|0|0|0|0|0,3
Canada,Yukon,Heavy trucks,2035,0|0|1|2|3|1|0|0|0|0|0|0|0|0|0|0|0|0|0|0|0|0|0|0|0|0|0|0|0|0|0,7
Canada,Yukon,Heavy trucks,2036,0|0|1|2|3|4|2|0|0|0|0|0|0|0|0|0|0|0|0|0|0|0|0|0|0|0|0|0|0|0|0,12
Canada,Yukon,Heavy trucks,2037,0|1|1|2|3|4|5|3|0|0|0|0|0|0|0|0|0|0|0|0|0|0|0|0|0|0|0|0|0|0|0,19
Canada,Yukon,Heavy trucks,2038,0|1|2|2|3|4|5|6|4|0|0|0|0|0|0|0|0|0|0|0|0|0|0|0|0|0|0|0|0|0|0,27
Canada,Yukon,Heavy trucks,2039,0|1|2|3|3|4|5|6|7|5|0|0|0|0|0|0|0|0|0|0|0|0|0|0|0|0|0|0|0|0|0,36
Canada,Yukon,Heavy trucks,2040,0|1|2|3|4|4|5|6|7|8|6|0|0|0|0|0|0|0|0|0|0|0|0|0|0|0|0|0|0|0|0,46
Canada,Yukon,Heavy trucks,2041,0|1|2|3|4|5|5|6|7|8|9|6|0|0|0|0|0|0|0|0|0|0|0|0|0|0|0|0|0|0|0,56
Canada,Yukon,Heavy trucks,2042,0|1|2|3|4|5|6|6|7|8|9|10|6|0|0|0|0|0|0|0|0|0|0|0|0|0|0|0|0|0|0,67
Canada,Yukon,Heavy trucks,2043,0|1|2|3|4|5|6|7|7|8|9|10|11|6|0|0|0|0|0|0|0|0|0|0|0|0|0|0|0|0|0,79
Canada,Yukon,Heavy trucks,2044,0|1|2|3|4|5|6|7|8|8|9|10|11|11|6|0|0|0|0|0|0|0|0|0|0|0|0|0|0|0|0,91
Canada,Yukon,Heavy trucks,2045,0|1|2|3|4|6|7|8|8|9|9|10|11|11|10|5|0|0|0|0|0|0|0|0|0|0|0|0|0|0|0,104
Canada,Yukon,Heavy trucks,2046,0|1|2|3|4|6|9|9|10|9|10|10|11|11|10|10|5|0|0|0|0|0|0|0|0|0|0|0|0|0|0,120
Canada,Yukon,Heavy trucks,2047,0|1|2|3|4|6|9|12|11|11|10|11|11|11|10|10|9|5|0|0|0|0|0|0|0|0|0|0|0|0|0,136
Canada,Yukon,Heavy trucks,2048,0|1|2|3|4|6|9|12|15|13|12|11|12|12|10|10|9|9|4|0|0|0|0|0|0|0|0|0|0|0|0,154
Canada,Yukon,Heavy trucks,2049,0|1|2|3|4|6|9|12|15|17|14|13|12|13|11|10|9|9|8|4|0|0|0|0|0|0|0|0|0|0|0,172
Canada,Yukon,Heavy trucks,2050,0|1|2|3|4|6|9|12|15|18|18|15|14|13|12|11|9|9|8|7|3|0|0|0|0|0|0|0|0|0|0,189
Canada,Yukon,Medium trucks,2022,0|0|0|0|0|0|0|0|0|0|0|0|0|0|0|0|0|0|0|0|0|0|0|0|0|0|0|0|0|0|0,0
Canada,Yukon,Medium trucks,2023,0|0|0|0|0|0|0|0|0|0|0|0|0|0|0|0|0|0|0|0|0|0|0|0|0|0|0|0|0|0|0,0
Canada,Yukon,Medium trucks,2024,0|0|0|0|0|0|0|0|0|0|0|0|0|0|0|0|0|0|0|0|0|0|0|0|0|0|0|0|0|0|0,0
Canada,Yukon,Medium trucks,2025,0|0|0|0|0|0|0|0|0|0|0|0|0|0|0|0|0|0|0|0|0|0|0|0|0|0|0|0|0|0|0,0
Canada,Yukon,Medium trucks,2026,0|0|0|0|0|0|0|0|0|0|0|0|0|0|0|0|0|0|0|0|0|0|0|0|0|0|0|0|0|0|0,0
Canada,Yukon,Medium trucks,2027,0|0|0|0|0|0|0|0|0|0|0|0|0|0|0|0|0|0|0|0|0|0|0|0|0|0|0|0|0|0|0,0
Canada,Yukon,Medium trucks,2028,0|0|0|0|0|0|0|0|0|0|0|0|0|0|0|0|0|0|0|0|0|0|0|0|0|0|0|0|0|0|0,0
Canada,Yukon,Medium trucks,2029,0|0|0|0|0|0|0|0|0|0|0|0|0|0|0|0|0|0|0|0|0|0|0|0|0|0|0|0|0|0|0,0
Canada,Yukon,Medium trucks,2030,0|0|0|0|0|0|0|0|0|0|0|0|0|0|0|0|0|0|0|0|0|0|0|0|0|0|0|0|0|0|0,0
Canada,Yukon,Medium trucks,2031,0|1|1|1|1|0|0|0|0|0|0|0|0|0|0|0|0|0|0|0|0|0|0|0|0|0|0|0|0|0|0,4
Canada,Yukon,Medium trucks,2032,0|1|2|2|2|2|1|0|0|0|0|0|0|0|0|0|0|0|0|0|0|0|0|0|0|0|0|0|0|0|0,10
Canada,Yukon,Medium trucks,2033,0|1|2|3|3|3|3|2|0|0|0|0|0|0|0|0|0|0|0|0|0|0|0|0|0|0|0|0|0|0|0,17
Canada,Yukon,Medium trucks,2034,0|1|2|3|4|4|4|4|3|0|0|0|0|0|0|0|0|0|0|0|0|0|0|0|0|0|0|0|0|0|0,25
Canada,Yukon,Medium trucks,2035,0|1|2|3|4|5|5|5|5|3|0|0|0|0|0|0|0|0|0|0|0|0|0|0|0|0|0|0|0|0|0,33
Canada,Yukon,Medium trucks,2036,0|1|2|3|4|6|6|6|6|6|3|0|0|0|0|0|0|0|0|0|0|0|0|0|0|0|0|0|0|0|0,43
Canada,Yukon,Medium trucks,2037,0|1|2|3|5|7|9|7|7|7|7|3|0|0|0|0|0|0|0|0|0|0|0|0|0|0|0|0|0|0|0,58
Canada,Yukon,Medium trucks,2038,0|1|2|4|6|8|10|12|8|8|8|7|3|0|0|0|0|0|0|0|0|0|0|0|0|0|0|0|0|0|0,77
Canada,Yukon,Medium trucks,2039,0|1|2|4|7|9|11|13|15|9|9|9|7|3|0|0|0|0|0|0|0|0|0|0|0|0|0|0|0|0|0,99
Canada,Yukon,Medium trucks,2040,0|1|2|5|7|10|12|14|16|17|10|10|9|7|3|0|0|0|0|0|0|0|0|0|0|0|0|0|0|0|0,123
Canada,Yukon,Medium trucks,2041,0|1|3|5|8|10|14|16|17|19|18|11|11|9|7|3|0|0|0|0|0|0|0|0|0|0|0|0|0|0|0,152
Canada,Yukon,Medium trucks,2042,0|1|3|6|8|12|15|19|20|20|21|19|12|11|8|6|3|0|0|0|0|0|0|0|0|0|0|0|0|0|0,184
Canada,Yukon,Medium trucks,2043,0|1|3|6|10|13|17|20|24|23|23|22|20|13|10|8|6|2|0|0|0|0|0|0|0|0|0|0|0|0|0,221
Canada,Yukon,Medium trucks,2044,0|1|3|6|10|15|18|22|25|28|26|25|22|20|12|10|8|6|2|0|0|0|0|0|0|0|0|0|0|0|0,259
Canada,Yukon,Medium trucks,2045,0|1|3|6|11|15|21|24|27|30|31|28|25|23|21|12|9|7|5|2|0|0|0|0|0|0|0|0|0|0|0,301
Canada,Yukon,Medium trucks,2046,0|1|3|6|11|16|22|28|30|32|33|33|28|26|24|20|11|9|6|4|2|0|0|0|0|0|0|0|0|0|0,345
Canada,Yukon,Medium trucks,2047,0|1|3|6|11|16|23|29|35|35|36|36|33|29|26|23|19|10|8|6|4|1|0|0|0|0|0|0|0|0|0,390
Canada,Yukon,Medium trucks,2048,0|1|3|6|11|16|23|30|36|40|39|38|36|34|29|26|22|18|9|7|5|3|1|0|0|0|0|0|0|0|0,433
Canada,Yukon,Medium trucks,2049,0|1|3|6|11|16|23|30|37|42|45|41|40|37|34|29|24|20|16|8|6|4|2|1|0|0|0|0|0|0|0,476
Canada,Yukon,Medium trucks,2050,0|1|3|6|11|16|23|30|37|44|47|47|43|40|37|34|28|22|18|14|7|4|3|1|0|0|0|0|0|0|0,516
Mexico,Mexico,Heavy trucks,2022,0|0|0|0|0|0|0|0|0|0|0|0|0|0|0|0|0|0|0|0|0|0|0|0|0|0|0|0|0|0|0,0
Mexico,Mexico,Heavy trucks,2023,0|0|0|0|0|0|0|0|0|0|0|0|0|0|0|0|0|0|0|0|0|0|0|0|0|0|0|0|0|0|0,0
Mexico,Mexico,Heavy trucks,2024,0|1|0|0|0|0|0|0|0|0|0|0|0|0|0|0|0|0|0|0|0|0|0|0|0|0|0|0|0|0|0,1
Mexico,Mexico,Heavy trucks,2025,0|1|2|0|0|0|0|0|0|0|0|0|0|0|0|0|0|0|0|0|0|0|0|0|0|0|0|0|0|0|0,3
Mexico,Mexico,Heavy trucks,2026,0|3|2|4|0|0|0|0|0|0|0|0|0|0|0|0|0|0|0|0|0|0|0|0|0|0|0|0|0|0|0,9
Mexico,Mexico,Heavy trucks,2027,0|4|8|3|7|0|0|0|0|0|0|0|0|0|0|0|0|0|0|0|0|0|0|0|0|0|0|0|0|0|0,22
Mexico,Mexico,Heavy trucks,2028,0|5|10|15|4|10|0|0|0|0|0|0|0|0|0|0|0|0|0|0|0|0|0|0|0|0|0|0|0|0|0,44
Mexico,Mexico,Heavy trucks,2029,0|5|12|19|25|5|15|0|0|0|0|0|0|0|0|0|0|0|0|0|0|0|0|0|0|0|0|0|0|0|0,81
Mexico,Mexico,Heavy trucks,2030,0|6|13|23|32|38|7|20|0|0|0|0|0|0|0|0|0|0|0|0|0|0|0|0|0|0|0|0|0|0|0,139
Mexico,Mexico,Heavy trucks,2031,0|7|15|24|38|48|54|9|25|0|0|0|0|0|0|0|0|0|0|0|0|0|0|0|0|0|0|0|0|0|0,220
Mexico,Mexico,Heavy trucks,2032,0|7|17|28|40|57|67|71|11|29|0|0|0|0|0|0|0|0|0|0|0|0|0|0|0|0|0|0|0|0|0,327
Mexico,Mexico,Heavy trucks,2033,0|13|18|31|46|61|80|88|88|13|32|0|0|0|0|0|0|0|0|0|0|0|0|0|0|0|0|0|0|0|0,470
Mexico,Mexico,Heavy trucks,2034,0|17|32|33|50|69|86|105|109|102|14|35|0|0|0|0|0|0|0|0|0|0|0|0|0|0|0|0|0|0|0,652
Mexico,Mexico,Heavy trucks,2035,0|22|42|59|54|75|97|113|129|127|114|15|35|0|0|0|0|0|0|0|0|0|0|0|0|0|0|0|0|0|0,882
Mexico,Mexico,Heavy trucks,2036,0|26|55|79|95|81|106|129|141|150|143|122|16|36|0|0|0|0|0|0|0|0|0|0|0|0|0|0|0|0|0,1179
Mexico,Mexico,Heavy trucks,2037,0|30|65|103|131|143|114|140|160|165|168|154|127|16|36|0|0|0|0|0|0|0|0|0|0|0|0|0|0|0|0,1552
Mexico,Mexico,Heavy trucks,2038,0|35|76|122|169|198|201|151|173|187|184|180|159|128|16|36|0|0|0|0|0|0|0|0|0|0|0|0|0|0|0,2015
Mexico,Mexico,Heavy trucks,2039,0|40|88|142|200|254|279|264|186|203|208|198|189|162|127|15|34|0|0|0|0|0|0|0|0|0|0|0|0|0|0,2589
Mexico,Mexico,Heavy trucks,2040,0|44|100|164|232|302|357|367|326|218|226|223|206|191|161|124|15|31|0|0|0|0|0|0|0|0|0|0|0|0|0,3287
Mexico,Mexico,Heavy trucks,2041,0|49|110|186|269|349|425|468|454|381|243|243|233|210|189|157|118|14|28|0|0|0|0|0|0|0|0|0|0|0|0,4126
Mexico,Mexico,Heavy trucks,2042,0|52|121|205|305|406|489|559|578|529|424|260|252|237|208|184|150|111|12|24|0|0|0|0|0|0|0|0|0|0|0,5106
Mexico,Mexico,Heavy trucks,2043,0|56|130|226|336|459|569|644|691|676|590|455|271|256|235|203|176|139|99|10|20|0|0|0|0|0|0|0|0|0|0,6241
Mexico,Mexico,Heavy trucks,2044,0|58|138|242|369|508|644|750|797|808|753|632|473|275|255|229|194|163|125|85|9|15|0|0|0|0|0|0|0|0|0,7522
Mexico,Mexico,Heavy trucks,2045,0|61|144|257|395|555|714|847|927|931|900|806|657|481|274|248|218|180|146|107|69|7|11|0|0|0|0|0|0|0|0,8935
Mexico,Mexico,Heavy trucks,2046,0|63|151|269|420|595|778|939|1048|1083|1037|965|838|668|478|268|236|203|161|126|88|54|5|8|0|0|0|0|0|0|0,10481
Mexico,Mexico,Heavy trucks,2047,0|65|156|281|440|633|835|1023|1161|1226|1207|1111|1005|850|666|466|255|219|181|138|103|68|40|3|6|0|0|0|0|0|0,12138
Mexico,Mexico,Heavy trucks,2048,0|66|161|291|461|663|888|1099|1264|1357|1365|1293|1155|1021|846|649|445|237|196|156|113|80|50|28|2|4|0|0|0|0|0,13890
Mexico,Mexico,Heavy trucks,2049,0|68|164|300|477|694|931|1168|1358|1477|1512|1464|1345|1174|1015|825|619|412|213|169|127|88|59|36|19|2|2|0|0|0|0,15718
Mexico,Mexico,Heavy trucks,2050,0|68|169|305|491|718|973|1225|1444|1587|1646|1620|1523|1366|1169|991|787|574|370|183|138|99|65|42|25|13|1|2|0|0|0,17594
Mexico,Mexico,Medium trucks,2022,0|0|0|0|0|0|0|0|0|0|0|0|0|0|0|0|0|0|0|0|0|0|0|0|0|0|0|0|0|0|0,0
Mexico,Mexico,Medium trucks,2023,0|0|0|0|0|0|0|0|0|0|0|0|0|0|0|0|0|0|0|0|0|0|0|0|0|0|0|0|0|0|0,0
Mexico,Mexico,Medium trucks,2024,0|0|0|0|0|0|0|0|0|0|0|0|0|0|0|0|0|0|0|0|0|0|0|0|0|0|0|0|0|0|0,0
Mexico,Mexico,Medium trucks,2025,0|0|0|0|0|0|0|0|0|0|0|0|0|0|0|0|0|0|0|0|0|0|0|0|0|0|0|0|0|0|0,0
Mexico,Mexico,Medium trucks,2026,0|5|1|0|0|0|0|0|0|0|0|0|0|0|0|0|0|0|0|0|0|0|0|0|0|0|0|0|0|0|0,6
Mexico,Mexico,Medium trucks,2027,0|6|12|2|0|0|0|0|0|0|0|0|0|0|0|0|0|0|0|0|0|0|0|0|0|0|0|0|0|0|0,20
Mexico,Mexico,Medium trucks,2028,0|7|15|21|3|0|0|0|0|0|0|0|0|0|0|0|0|0|0|0|0|0|0|0|0|0|0|0|0|0|0,46
Mexico,Mexico,Medium trucks,2029,0|8|18|28|34|4|0|0|0|0|0|0|0|0|0|0|0|0|0|0|0|0|0|0|0|0|0|0|0|0|0,92
Mexico,Mexico,Medium trucks,2030,0|9|20|33|45|51|5|0|0|0|0|0|0|0|0|0|0|0|0|0|0|0|0|0|0|0|0|0|0|0|0,163
Mexico,Mexico,Medium trucks,2031,0|11|23|37|54|67|71|6|0|0|0|0|0|0|0|0|0|0|0|0|0|0|0|0|0|0|0|0|0|0|0,269
Mexico,Mexico,Medium trucks,2032,0|13|27|44|61|81|94|93|7|0|0|0|0|0|0|0|0|0|0|0|0|0|0|0|0|0|0|0|0|0|0,420
Mexico,Mexico,Medium trucks,2033,0|19|32|50|72|92|113|123|114|8|0|0|0|0|0|0|0|0|0|0|0|0|0|0|0|0|0|0|0|0|0,623
Mexico,Mexico,Medium trucks,2034,0|27|48|59|82|109|130|149|153|133|9|0|0|0|0|0|0|0|0|0|0|0|0|0|0|0|0|0|0|0|0,899
Mexico,Mexico,Medium trucks,2035,0|36|68|90|96|125|154|172|184|178|149|10|0|0|0|0|0|0|0|0|0|0|0|0|0|0|0|0|0|0|0,1262
Mexico,Mexico,Medium trucks,2036,0|45|90|128|149|144|177|203|213|216|199|160|11|0|0|0|0|0|0|0|0|0|0|0|0|0|0|0|0|0|0,1735
Mexico,Mexico,Medium trucks,2037,0|56|113|168|210|225|202|233|250|250|241|214|165|12|0|0|0|0|0|0|0|0|0|0|0|0|0|0|0|0|0,2339
Mexico,Mexico,Medium trucks,2038,0|70|138|212|276|317|318|266|288|293|279|257|223|168|11|0|0|0|0|0|0|0|0|0|0|0|0|0|0|0|0,3116
Mexico,Mexico,Medium trucks,2039,0|84|173|257|347|416|446|418|328|337|326|299|268|227|167|11|0|0|0|0|0|0|0|0|0|0|0|0|0|0|0,4104
Mexico,Mexico,Medium trucks,2040,0|100|209|322|420|523|583|587|517|384|377|351|311|272|224|162|10|0|0|0|0|0|0|0|0|0|0|0|0|0|0,5352
Mexico,Mexico,Medium trucks,2041,0|117|249|389|527|633|733|768|727|606|427|404|366|316|272|219|155|10|0|0|0|0|0|0|0|0|0|0|0|0|0,6918
Mexico,Mexico,Medium trucks,2042,0|145|290|463|638|793|888|964|950|850|675|458|421|371|315|265|208|144|9|0|0|0|0|0|0|0|0|0|0|0|0,8847
Mexico,Mexico,Medium trucks,2043,0|165|361|541|758|961|1114|1168|1191|1110|947|725|476|427|370|307|253|194|129|7|0|0|0|0|0|0|0|0|0|0|0,11204
Mexico,Mexico,Medium trucks,2044,0|185|410|672|886|1142|1350|1464|1444|1391|1239|1016|754|484|425|361|292|235|173|111|6|0|0|0|0|0|0|0|0|0|0,14040
Mexico,Mexico,Medium trucks,2045,0|206|460|762|1101|1333|1604|1777|1810|1686|1550|1328|1057|765|481|415|343|271|211|149|91|5|0|0|0|0|0|0|0|0|0,17405
Mexico,Mexico,Medium trucks,2046,0|228|512|857|1248|1658|1873|2111|2197|2116|1878|1662|1381|1073|762|469|395|319|244|181|122|70|3|0|0|0|0|0|0|0|0,21359
Mexico,Mexico,Medium trucks,2047,0|252|568|953|1402|1880|2327|2463|2611|2568|2358|2013|1728|1402|1067|743|447|367|286|209|148|95|52|2|0|0|0|0|0|0|0,25941
Mexico,Mexico,Medium trucks,2048,0|276|626|1057|1561|2113|2640|3061|3047|3051|2862|2528|2094|1756|1396|1041|709|415|329|246|171|115|70|37|2|0|0|0|0|0|0,31203
Mexico,Mexico,Medium trucks,2049,0|301|685|1165|1731|2352|2967|3474|3784|3562|3400|3068|2630|2126|1747|1362|994|657|372|283|201|133|85|50|25|1|0|0|0|0|0,37155
Mexico,Mexico,Medium trucks,2050,0|355|748|1274|1906|2607|3304|3902|4295|4423|3969|3646|3193|2671|2116|1705|1300|923|589|319|231|156|98|60|34|17|1|0|0|0|0,43842
United States,Alabama,Heavy trucks,2022,0|0|0|0|0|0|0|0|0|0|0|0|0|0|0|0|0|0|0|0|0|0|0|0|0|0|0|0|0|0|0,0
United States,Alabama,Heavy trucks,2023,0|0|0|0|0|0|0|0|0|0|0|0|0|0|0|0|0|0|0|0|0|0|0|0|0|0|0|0|0|0|0,0
United States,Alabama,Heavy trucks,2024,0|0|0|0|0|0|0|0|0|0|0|0|0|0|0|0|0|0|0|0|0|0|0|0|0|0|0|0|0|0|0,0
United States,Alabama,Heavy trucks,2025,0|0|0|0|0|0|0|0|0|0|0|0|0|0|0|0|0|0|0|0|0|0|0|0|0|0|0|0|0|0|0,0
United States,Alabama,Heavy trucks,2026,0|1|0|0|0|0|0|0|0|0|0|0|0|0|0|0|0|0|0|0|0|0|0|0|0|0|0|0|0|0|0,1
United States,Alabama,Heavy trucks,2027,0|3|4|1|0|0|0|0|0|0|0|0|0|0|0|0|0|0|0|0|0|0|0|0|0|0|0|0|0|0|0,8
United States,Alabama,Heavy trucks,2028,0|5|8|7|2|0|0|0|0|0|0|0|0|0|0|0|0|0|0|0|0|0|0|0|0|0|0|0|0|0|0,22
United States,Alabama,Heavy trucks,2029,0|7|12|15|12|3|0|0|0|0|0|0|0|0|0|0|0|0|0|0|0|0|0|0|0|0|0|0|0|0|0,49
United States,Alabama,Heavy trucks,2030,0|7|16|23|25|18|4|0|0|0|0|0|0|0|0|0|0|0|0|0|0|0|0|0|0|0|0|0|0|0|0,93
United States,Alabama,Heavy trucks,2031,0|9|18|29|38|38|25|5|0|0|0|0|0|0|0|0|0|0|0|0|0|0|0|0|0|0|0|0|0|0|0,162
United States,Alabama,Heavy trucks,2032,0|9|22|35|48|58|54|33|6|0|0|0|0|0|0|0|0|0|0|0|0|0|0|0|0|0|0|0|0|0|0,265
United States,Alabama,Heavy trucks,2033,0|12|23|41|58|72|82|71|41|7|0|0|0|0|0|0|0|0|0|0|0|0|0|0|0|0|0|0|0|0|0,407
United States,Alabama,Heavy trucks,2034,0|14|30|43|68|87|101|108|88|48|8|0|0|0|0|0|0|0|0|0|0|0|0|0|0|0|0|0|0|0|0,595
United States,Alabama,Heavy trucks,2035,0|16|35|56|70|102|123|133|134|102|53|9|0|0|0|0|0|0|0|0|0|0|0|0|0|0|0|0|0|0|0,833
United States,Alabama,Heavy trucks,2036,0|17|39|65|91|106|144|163|164|157|114|56|9|0|0|0|0|0|0|0|0|0|0|0|0|0|0|0|0|0|0,1125
United States,Alabama,Heavy trucks,2037,0|19|44|73|107|139|150|190|201|192|176|122|59|9|0|0|0|0|0|0|0|0|0|0|0|0|0|0|0|0|0,1481
United States,Alabama,Heavy trucks,2038,0|21|48|82|121|161|196|198|235|235|214|188|127|59|8|0|0|0|0|0|0|0|0|0|0|0|0|0|0|0|0,1893
United States,Alabama,Heavy trucks,2039,0|23|52|90|135|183|226|258|245|275|262|230|196|128|58|8|0|0|0|0|0|0|0|0|0|0|0|0|0|0|0,2369
United States,Alabama,Heavy trucks,2040,0|25|57|98|148|204|257|297|319|287|305|280|240|199|127|57|8|0|0|0|0|0|0|0|0|0|0|0|0|0|0,2908
United States,Alabama,Heavy trucks,2041,0|26|61|107|162|224|287|337|368|373|320|327|291|244|197|124|55|7|0|0|0|0|0|0|0|0|0|0|0|0|0,3510
United States,Alabama,Heavy trucks,2042,0|29|65|114|175|244|316|377|418|430|416|344|340|296|242|191|118|51|6|0|0|0|0|0|0|0|0|0|0|0|0,4172
United States,Alabama,Heavy trucks,2043,0|29|72|121|186|264|344|416|467|488|479|447|358|345|295|236|182|111|46|6|0|0|0|0|0|0|0|0|0|0|0,4892
United States,Alabama,Heavy trucks,2044,0|29|72|136|198|281|371|452|514|545|542|513|465|363|343|288|225|170|99|39|5|0|0|0|0|0|0|0|0|0|0,5650
United States,Alabama,Heavy trucks,2045,0|29|72|136|224|299|395|487|559|602|608|582|534|473|362|334|274|209|152|85|32|4|0|0|0|0|0|0|0|0|0,6452
United States,Alabama,Heavy trucks,2046,0|29|72|135|223|338|420|519|602|654|671|652|605|543|470|354|318|255|187|130|69|25|3|0|0|0|0|0|0|0|0,7274
United States,Alabama,Heavy trucks,2047,0|28|72|135|221|337|474|552|642|703|729|720|678|615|540|459|336|295|229|161|107|54|19|2|0|0|0|0|0|0|0,8108
United States,Alabama,Heavy trucks,2048,0|27|70|134|221|334|473|624|682|751|783|782|749|689|612|528|438|312|265|196|131|83|40|13|1|0|0|0|0|0|0,8938
United States,Alabama,Heavy trucks,2049,0|27|68|132|220|334|468|623|772|797|837|840|814|761|686|597|503|406|280|228|161|102|61|28|9|1|0|0|0|0|0,9755
United States,Alabama,Heavy trucks,2050,0|27|68|128|216|331|468|617|771|902|888|897|874|827|757|670|570|467|364|241|186|125|76|44|19|6|1|0|0|0|0,10540
United States,Alabama,Medium trucks,2022,0|0|0|0|0|0|0|0|0|0|0|0|0|0|0|0|0|0|0|0|0|0|0|0|0|0|0|0|0|0|0,0
United States,Alabama,Medium trucks,2023,0|0|0|0|0|0|0|0|0|0|0|0|0|0|0|0|0|0|0|0|0|0|0|0|0|0|0|0|0|0|0,0
United States,Alabama,Medium trucks,2024,0|0|0|0|0|0|0|0|0|0|0|0|0|0|0|0|0|0|0|0|0|0|0|0|0|0|0|0|0|0|0,0
United States,Alabama,Medium trucks,2025,0|0|0|0|0|0|0|0|0|0|0|0|0|0|0|0|0|0|0|0|0|0|0|0|0|0|0|0|0|0|0,0
United States,Alabama,Medium trucks,2026,0|15|0|1|0|0|0|0|0|0|0|0|0|0|0|0|0|0|0|0|0|0|0|0|0|0|0|0|0|0|0,16
United States,Alabama,Medium trucks,2027,0|23|36|0|2|0|0|0|0|0|0|0|0|0|0|0|0|0|0|0|0|0|0|0|0|0|0|0|0|0|0,61
United States,Alabama,Medium trucks,2028,0|25|58|67|1|3|0|0|0|0|0|0|0|0|0|0|0|0|0|0|0|0|0|0|0|0|0|0|0|0|0,154
United States,Alabama,Medium trucks,2029,0|31|63|110|111|2|4|0|0|0|0|0|0|0|0|0|0|0|0|0|0|0|0|0|0|0|0|0|0|0|0,321
United States,Alabama,Medium trucks,2030,0|38|77|119|180|167|3|5|0|0|0|0|0|0|0|0|0|0|0|0|0|0|0|0|0|0|0|0|0|0|0,589
United States,Alabama,Medium trucks,2031,0|43|96|144|195|272|234|4|6|0|0|0|0|0|0|0|0|0|0|0|0|0|0|0|0|0|0|0|0|0|0,994
United States,Alabama,Medium trucks,2032,0|52|109|178|237|295|383|308|5|7|0|0|0|0|0|0|0|0|0|0|0|0|0|0|0|0|0|0|0|0|0,1574
United States,Alabama,Medium trucks,2033,0|63|130|203|292|356|414|503|381|6|8|0|0|0|0|0|0|0|0|0|0|0|0|0|0|0|0|0|0|0|0,2356
United States,Alabama,Medium trucks,2034,0|70|156|242|334|439|498|545|622|445|7|9|0|0|0|0|0|0|0|0|0|0|0|0|0|0|0|0|0|0|0,3367
United States,Alabama,Medium trucks,2035,0|81|175|291|395|504|616|656|674|727|496|8|9|0|0|0|0|0|0|0|0|0|0|0|0|0|0|0|0|0|0,4632
United States,Alabama,Medium trucks,2036,0|91|202|326|477|595|708|811|812|788|811|532|8|9|0|0|0|0|0|0|0|0|0|0|0|0|0|0|0|0|0,6170
United States,Alabama,Medium trucks,2037,0|103|226|375|534|718|835|931|1003|948|878|870|553|8|8|0|0|0|0|0|0|0|0|0|0|0|0|0|0|0|0,7990
United States,Alabama,Medium trucks,2038,0|109|254|422|615|803|1007|1099|1152|1173|1057|941|905|562|8|8|0|0|0|0|0|0|0|0|0|0|0|0|0|0|0,10115
United States,Alabama,Medium trucks,2039,0|115|269|472|691|926|1129|1324|1358|1346|1307|1134|979|920|559|7|8|0|0|0|0|0|0|0|0|0|0|0|0|0|0,12544
United States,Alabama,Medium trucks,2040,0|121|284|499|771|1041|1302|1485|1636|1588|1500|1401|1180|994|915|546|7|7|0|0|0|0|0|0|0|0|0|0|0|0|0,15277
United States,Alabama,Medium trucks,2041,0|127|300|529|817|1160|1462|1711|1836|1911|1770|1608|1458|1199|988|894|521|6|6|0|0|0|0|0|0|0|0|0|0|0|0,18303
United States,Alabama,Medium trucks,2042,0|134|316|558|866|1230|1628|1923|2115|2146|2130|1897|1673|1481|1194|965|853|483|6|6|0|0|0|0|0|0|0|0|0|0|0,21604
United States,Alabama,Medium trucks,2043,0|135|333|588|914|1303|1727|2142|2379|2472|2391|2283|1974|1699|1474|1164|921|791|433|5|5|0|0|0|0|0|0|0|0|0|0,25133
United States,Alabama,Medium trucks,2044,0|136|336|620|963|1376|1830|2272|2648|2780|2755|2562|2373|2005|1691|1438|1111|855|709|372|4|4|0|0|0|0|0|0|0|0|0,28840
United States,Alabama,Medium trucks,2045,0|137|338|625|1015|1449|1932|2407|2808|3094|3097|2954|2666|2411|1995|1651|1373|1032|767|610|304|3|3|0|0|0|0|0|0|0|0,32671
United States,Alabama,Medium trucks,2046,0|138|341|629|1024|1527|2036|2540|2975|3282|3447|3320|3072|2708|2399|1947|1575|1274|924|659|498|236|2|2|0|0|0|0|0|0|0,36555
United States,Alabama,Medium trucks,2047,0|139|343|634|1030|1541|2144|2678|3139|3476|3657|3695|3453|3121|2694|2341|1858|1461|1141|794|539|387|175|2|1|0|0|0|0|0|0,40443
United States,Alabama,Medium trucks,2048,0|140|345|638|1039|1550|2164|2820|3310|3668|3873|3920|3844|3507|3106|2629|2235|1724|1309|981|649|419|287|124|1|1|0|0|0|0|0,44283
United States,Alabama,Medium trucks,2049,0|141|348|642|1045|1563|2178|2846|3486|3868|4087|4152|4077|3905|3489|3031|2508|2075|1546|1125|803|505|310|204|85|1|1|0|0|0|0,48021
United States,Alabama,Medium trucks,2050,0|142|350|647|1052|1574|2196|2864|3518|4074|4310|4382|4320|4142|3886|3405|2892|2328|1861|1328|920|624|374|220|140|57|0|0|0|0|0,51606
United States,Alaska,Heavy trucks,2022,0|0|0|0|0|0|0|0|0|0|0|0|0|0|0|0|0|0|0|0|0|0|0|0|0|0|0|0|0|0|0,0
United States,Alaska,Heavy trucks,2023,0|0|0|0|0|0|0|0|0|0|0|0|0|0|0|0|0|0|0|0|0|0|0|0|0|0|0|0|0|0|0,0
United States,Alaska,Heavy trucks,2024,0|0|0|0|0|0|0|0|0|0|0|0|0|0|0|0|0|0|0|0|0|0|0|0|0|0|0|0|0|0|0,0
United States,Alaska,Heavy trucks,2025,0|0|0|0|0|0|0|0|0|0|0|0|0|0|0|0|0|0|0|0|0|0|0|0|0|0|0|0|0|0|0,0
United States,Alaska,Heavy trucks,2026,0|0|0|0|0|0|0|0|0|0|0|0|0|0|0|0|0|0|0|0|0|0|0|0|0|0|0|0|0|0|0,0
United States,Alaska,Heavy trucks,2027,0|1|1|0|0|0|0|0|0|0|0|0|0|0|0|0|0|0|0|0|0|0|0|0|0|0|0|0|0|0|0,2
United States,Alaska,Heavy trucks,2028,0|1|2|2|0|0|0|0|0|0|0|0|0|0|0|0|0|0|0|0|0|0|0|0|0|0|0|0|0|0|0,5
United States,Alaska,Heavy trucks,2029,0|1|2|3|3|0|0|0|0|0|0|0|0|0|0|0|0|0|0|0|0|0|0|0|0|0|0|0|0|0|0,9
United States,Alaska,Heavy trucks,2030,0|1|2|3|4|4|0|0|0|0|0|0|0|0|0|0|0|0|0|0|0|0|0|0|0|0|0|0|0|0|0,14
United States,Alaska,Heavy trucks,2031,0|1|2|4|5|6|5|0|0|0|0|0|0|0|0|0|0|0|0|0|0|0|0|0|0|0|0|0|0|0|0,23
United States,Alaska,Heavy trucks,2032,0|1|3|5|7|8|9|6|0|0|0|0|0|0|0|0|0|0|0|0|0|0|0|0|0|0|0|0|0|0|0,39
United States,Alaska,Heavy trucks,2033,0|1|3|6|8|10|11|12|7|0|0|0|0|0|0|0|0|0|0|0|0|0|0|0|0|0|0|0|0|0|0,58
United States,Alaska,Heavy trucks,2034,0|2|4|6|10|12|14|15|15|8|0|0|0|0|0|0|0|0|0|0|0|0|0|0|0|0|0|0|0|0|0,86
United States,Alaska,Heavy trucks,2035,0|3|5|7|10|15|17|19|18|17|9|0|0|0|0|0|0|0|0|0|0|0|0|0|0|0|0|0|0|0|0,120
United States,Alaska,Heavy trucks,2036,0|3|6|10|12|15|21|22|24|21|18|10|0|0|0|0|0|0|0|0|0|0|0|0|0|0|0|0|0|0|0,162
United States,Alaska,Heavy trucks,2037,0|3|7|11|16|19|21|28|27|28|24|19|11|0|0|0|0|0|0|0|0|0|0|0|0|0|0|0|0|0|0,214
United States,Alaska,Heavy trucks,2038,0|3|7|12|18|23|27|28|35|32|31|26|20|11|0|0|0|0|0|0|0|0|0|0|0|0|0|0|0|0|0,273
United States,Alaska,Heavy trucks,2039,0|3|8|13|19|27|32|36|35|40|36|34|26|20|10|0|0|0|0|0|0|0|0|0|0|0|0|0|0|0|0,339
United States,Alaska,Heavy trucks,2040,0|3|8|15|21|28|38|42|45|41|45|38|34|27|21|10|0|0|0|0|0|0|0|0|0|0|0|0|0|0|0,416
United States,Alaska,Heavy trucks,2041,0|3|8|15|24|32|39|49|52|52|46|47|40|35|27|20|9|0|0|0|0|0|0|0|0|0|0|0|0|0|0,498
United States,Alaska,Heavy trucks,2042,0|4|8|15|24|35|45|52|60|61|58|48|49|40|35|26|19|9|0|0|0|0|0|0|0|0|0|0|0|0|0,588
United States,Alaska,Heavy trucks,2043,0|4|10|16|25|37|49|59|65|70|67|62|51|49|41|35|25|18|8|0|0|0|0|0|0|0|0|0|0|0|0,691
United States,Alaska,Heavy trucks,2044,0|4|10|19|27|38|52|64|73|76|77|72|65|51|49|40|33|23|16|7|0|0|0|0|0|0|0|0|0|0|0,796
United States,Alaska,Heavy trucks,2045,0|4|10|19|31|41|54|69|79|86|84|83|74|66|51|48|38|30|21|14|6|0|0|0|0|0|0|0|0|0|0,908
United States,Alaska,Heavy trucks,2046,0|4|10|19|31|47|58|71|85|92|95|91|86|75|65|50|46|35|27|18|11|4|0|0|0|0|0|0|0|0|0,1020
United States,Alaska,Heavy trucks,2047,0|4|10|19|31|47|66|77|88|98|102|102|95|88|74|64|48|42|32|23|15|9|3|0|0|0|0|0|0|0|0,1137
United States,Alaska,Heavy trucks,2048,0|4|10|19|31|46|66|87|95|102|109|108|106|96|87|73|61|44|38|27|19|11|6|2|0|0|0|0|0|0|0,1247
United States,Alaska,Heavy trucks,2049,0|4|9|19|31|46|65|87|108|110|114|117|112|107|95|85|70|57|39|33|22|15|8|5|2|0|0|0|0|0|0,1360
United States,Alaska,Heavy trucks,2050,0|4|9|18|30|46|65|86|108|125|123|122|121|114|106|93|81|65|51|34|27|17|11|6|3|1|0|0|0|0|0,1466
United States,Alaska,Medium trucks,2022,0|0|0|0|0|0|0|0|0|0|0|0|0|0|0|0|0|0|0|0|0|0|0|0|0|0|0|0|0|0|0,0
United States,Alaska,Medium trucks,2023,0|0|0|0|0|0|0|0|0|0|0|0|0|0|0|0|0|0|0|0|0|0|0|0|0|0|0|0|0|0|0,0
United States,Alaska,Medium trucks,2024,0|0|0|0|0|0|0|0|0|0|0|0|0|0|0|0|0|0|0|0|0|0|0|0|0|0|0|0|0|0|0,0
United States,Alaska,Medium trucks,2025,0|0|0|0|0|0|0|0|0|0|0|0|0|0|0|0|0|0|0|0|0|0|0|0|0|0|0|0|0|0|0,0
United States,Alaska,Medium trucks,2026,0|2|0|0|0|0|0|0|0|0|0|0|0|0|0|0|0|0|0|0|0|0|0|0|0|0|0|0|0|0|0,2
United States,Alaska,Medium trucks,2027,0|3|5|0|0|0|0|0|0|0|0|0|0|0|0|0|0|0|0|0|0|0|0|0|0|0|0|0|0|0|0,8
United States,Alaska,Medium trucks,2028,0|3|8|10|0|0|0|0|0|0|0|0|0|0|0|0|0|0|0|0|0|0|0|0|0|0|0|0|0|0|0,21
United States,Alaska,Medium trucks,2029,0|5|8|15|16|0|0|0|0|0|0|0|0|0|0|0|0|0|0|0|0|0|0|0|0|0|0|0|0|0|0,44
United States,Alaska,Medium trucks,2030,0|5|12|16|25|24|0|0|0|0|0|0|0|0|0|0|0|0|0|0|0|0|0|0|0|0|0|0|0|0|0,82
United States,Alaska,Medium trucks,2031,0|7|13|21|27|38|33|0|0|0|0|0|0|0|0|0|0|0|0|0|0|0|0|0|0|0|0|0|0|0|0,139
United States,Alaska,Medium trucks,2032,0|7|16|24|34|41|53|44|0|0|0|0|0|0|0|0|0|0|0|0|0|0|0|0|0|0|0|0|0|0|0,219
United States,Alaska,Medium trucks,2033,0|9|18|29|40|51|58|70|55|0|0|0|0|0|0|0|0|0|0|0|0|0|0|0|0|0|0|0|0|0|0,330
United States,Alaska,Medium trucks,2034,0|10|22|34|48|61|72|77|87|64|0|0|0|0|0|0|0|0|0|0|0|0|0|0|0|0|0|0|0|0|0,475
United States,Alaska,Medium trucks,2035,0|11|25|41|56|72|86|95|96|101|70|0|0|0|0|0|0|0|0|0|0|0|0|0|0|0|0|0|0|0|0,653
United States,Alaska,Medium trucks,2036,0|13|28|46|67|85|101|113|117|111|113|75|0|0|0|0|0|0|0|0|0|0|0|0|0|0|0|0|0|0|0,869
United States,Alaska,Medium trucks,2037,0|15|32|53|75|101|120|133|141|136|124|121|77|0|0|0|0|0|0|0|0|0|0|0|0|0|0|0|0|0|0,1128
United States,Alaska,Medium trucks,2038,0|15|36|59|87|114|143|158|164|165|152|132|126|78|0|0|0|0|0|0|0|0|0|0|0|0|0|0|0|0|0,1429
United States,Alaska,Medium trucks,2039,0|16|38|67|97|132|161|189|195|192|184|163|138|127|77|0|0|0|0|0|0|0|0|0|0|0|0|0|0|0|0,1776
United States,Alaska,Medium trucks,2040,0|17|40|71|110|147|186|213|233|229|214|198|168|140|126|76|0|0|0|0|0|0|0|0|0|0|0|0|0|0|0,2168
United States,Alaska,Medium trucks,2041,0|18|42|74|117|166|207|245|262|273|255|230|206|171|140|123|73|0|0|0|0|0|0|0|0|0|0|0|0|0|0,2602
United States,Alaska,Medium trucks,2042,0|19|45|78|122|176|233|273|303|307|303|273|240|210|170|136|118|67|0|0|0|0|0|0|0|0|0|0|0|0|0,3073
United States,Alaska,Medium trucks,2043,0|19|46|83|128|184|246|306|339|355|343|325|284|244|208|165|130|110|60|0|0|0|0|0|0|0|0|0|0|0|0,3575
United States,Alaska,Medium trucks,2044,0|19|47|86|137|194|258|324|379|397|397|368|338|289|242|203|157|121|98|52|0|0|0|0|0|0|0|0|0|0|0,4106
United States,Alaska,Medium trucks,2045,0|19|47|88|142|206|273|340|401|443|442|425|383|343|289|236|194|147|108|84|42|0|0|0|0|0|0|0|0|0|0,4652
United States,Alaska,Medium trucks,2046,0|19|48|88|144|214|289|359|421|469|493|474|442|389|341|282|225|180|131|93|69|33|0|0|0|0|0|0|0|0|0,5203
United States,Alaska,Medium trucks,2047,0|19|48|89|145|217|302|379|444|492|522|529|494|448|387|332|268|209|161|113|76|54|24|0|0|0|0|0|0|0|0,5752
United States,Alaska,Medium trucks,2048,0|19|48|89|146|219|306|397|469|518|548|559|550|501|446|378|316|249|187|138|92|59|40|17|0|0|0|0|0|0|0,6291
United States,Alaska,Medium trucks,2049,0|19|48|89|147|220|308|402|491|547|577|588|582|559|499|435|360|294|224|161|113|72|44|28|12|0|0|0|0|0|0,6819
United States,Alaska,Medium trucks,2050,0|19|48|89|147|221|309|404|496|575|611|618|611|591|556|487|415|334|264|192|131|88|53|31|19|8|0|0|0|0|0,7317
United States,Arizona,Heavy trucks,2022,0|0|0|0|0|0|0|0|0|0|0|0|0|0|0|0|0|0|0|0|0|0|0|0|0|0|0|0|0|0|0,0
United States,Arizona,Heavy trucks,2023,0|0|0|0|0|0|0|0|0|0|0|0|0|0|0|0|0|0|0|0|0|0|0|0|0|0|0|0|0|0|0,0
United States,Arizona,Heavy trucks,2024,0|0|0|0|0|0|0|0|0|0|0|0|0|0|0|0|0|0|0|0|0|0|0|0|0|0|0|0|0|0|0,0
United States,Arizona,Heavy trucks,2025,0|0|0|0|0|0|0|0|0|0|0|0|0|0|0|0|0|0|0|0|0|0|0|0|0|0|0|0|0|0|0,0
United States,Arizona,Heavy trucks,2026,0|3|1|0|0|0|0|0|0|0|0|0|0|0|0|0|0|0|0|0|0|0|0|0|0|0|0|0|0|0|0,4
United States,Arizona,Heavy trucks,2027,0|5|6|2|0|0|0|0|0|0|0|0|0|0|0|0|0|0|0|0|0|0|0|0|0|0|0|0|0|0|0,13
United States,Arizona,Heavy trucks,2028,0|7|12|11|3|0|0|0|0|0|0|0|0|0|0|0|0|0|0|0|0|0|0|0|0|0|0|0|0|0|0,33
United States,Arizona,Heavy trucks,2029,0|9|18|23|18|4|0|0|0|0|0|0|0|0|0|0|0|0|0|0|0|0|0|0|0|0|0|0|0|0|0,72
United States,Arizona,Heavy trucks,2030,0|11|22|34|38|27|5|0|0|0|0|0|0|0|0|0|0|0|0|0|0|0|0|0|0|0|0|0|0|0|0,137
United States,Arizona,Heavy trucks,2031,0|13|28|42|57|57|38|6|0|0|0|0|0|0|0|0|0|0|0|0|0|0|0|0|0|0|0|0|0|0|0,241
United States,Arizona,Heavy trucks,2032,0|14|32|52|69|86|80|49|7|0|0|0|0|0|0|0|0|0|0|0|0|0|0|0|0|0|0|0|0|0|0,389
United States,Arizona,Heavy trucks,2033,0|18|35|61|85|104|122|105|60|8|0|0|0|0|0|0|0|0|0|0|0|0|0|0|0|0|0|0|0|0|0,598
United States,Arizona,Heavy trucks,2034,0|21|45|65|100|129|148|161|131|70|9|0|0|0|0|0|0|0|0|0|0|0|0|0|0|0|0|0|0|0|0,879
United States,Arizona,Heavy trucks,2035,0|24|52|84|107|152|182|196|198|153|77|10|0|0|0|0|0|0|0|0|0|0|0|0|0|0|0|0|0|0|0,1235
United States,Arizona,Heavy trucks,2036,0|27|59|98|138|161|214|240|242|232|171|83|11|0|0|0|0|0|0|0|0|0|0|0|0|0|0|0|0|0|0,1676
United States,Arizona,Heavy trucks,2037,0|30|67|111|161|208|227|282|298|284|259|183|86|11|0|0|0|0|0|0|0|0|0|0|0|0|0|0|0|0|0,2207
United States,Arizona,Heavy trucks,2038,0|33|76|126|183|243|293|299|350|349|317|277|192|88|10|0|0|0|0|0|0|0|0|0|0|0|0|0|0|0|0,2836
United States,Arizona,Heavy trucks,2039,0|35|83|142|207|277|342|385|370|409|390|340|288|194|87|10|0|0|0|0|0|0|0|0|0|0|0|0|0|0|0,3559
United States,Arizona,Heavy trucks,2040,0|38|89|155|232|312|390|449|477|432|456|418|354|293|192|85|9|0|0|0|0|0|0|0|0|0|0|0|0|0|0,4381
United States,Arizona,Heavy trucks,2041,0|41|96|165|254|349|439|512|556|557|481|489|435|360|292|187|81|9|0|0|0|0|0|0|0|0|0|0|0|0|0,5303
United States,Arizona,Heavy trucks,2042,0|48|103|178|272|382|489|578|633|651|621|515|509|441|357|285|178|75|8|0|0|0|0|0|0|0|0|0|0|0|0,6323
United States,Arizona,Heavy trucks,2043,0|48|118|191|292|409|535|643|716|740|725|667|536|518|439|348|272|166|67|7|0|0|0|0|0|0|0|0|0|0|0,7437
United States,Arizona,Heavy trucks,2044,0|48|118|219|313|439|574|704|795|837|826|776|693|545|515|428|331|252|148|58|6|0|0|0|0|0|0|0|0|0|0,8625
United States,Arizona,Heavy trucks,2045,0|48|118|219|358|470|616|756|869|928|932|886|807|704|542|503|408|307|227|127|47|4|0|0|0|0|0|0|0|0|0,9876
United States,Arizona,Heavy trucks,2046,0|48|118|219|358|538|660|811|933|1017|1033|999|921|820|700|529|479|379|276|195|104|37|3|0|0|0|0|0|0|0|0,11177
United States,Arizona,Heavy trucks,2047,0|47|118|220|358|540|754|868|1003|1090|1132|1107|1040|935|816|683|505|444|340|237|159|81|27|2|0|0|0|0|0|0|0,12506
United States,Arizona,Heavy trucks,2048,0|46|117|219|360|540|758|991|1073|1173|1216|1214|1152|1056|931|797|652|468|399|292|194|124|60|19|2|0|0|0|0|0|0,13853
United States,Arizona,Heavy trucks,2049,0|46|114|218|358|542|758|997|1225|1255|1307|1304|1262|1170|1051|908|760|605|420|342|239|151|92|43|13|1|0|0|0|0|0,15181
United States,Arizona,Heavy trucks,2050,0|46|114|213|356|540|760|997|1232|1432|1398|1401|1357|1282|1165|1026|867|705|542|361|280|185|111|65|29|9|1|0|0|0|0,16474
United States,Arizona,Medium trucks,2022,0|0|0|0|0|0|0|0|0|0|0|0|0|0|0|0|0|0|0|0|0|0|0|0|0|0|0|0|0|0|0,0
United States,Arizona,Medium trucks,2023,0|0|0|0|0|0|0|0|0|0|0|0|0|0|0|0|0|0|0|0|0|0|0|0|0|0|0|0|0|0|0,0
United States,Arizona,Medium trucks,2024,0|0|0|0|0|0|0|0|0|0|0|0|0|0|0|0|0|0|0|0|0|0|0|0|0|0|0|0|0|0|0,0
United States,Arizona,Medium trucks,2025,0|0|1|0|0|0|0|0|0|0|0|0|0|0|0|0|0|0|0|0|0|0|0|0|0|0|0|0|0|0|0,1
United States,Arizona,Medium trucks,2026,0|21|1|2|0|0|0|0|0|0|0|0|0|0|0|0|0|0|0|0|0|0|0|0|0|0|0|0|0|0|0,24
United States,Arizona,Medium trucks,2027,0|35|52|2|3|0|0|0|0|0|0|0|0|0|0|0|0|0|0|0|0|0|0|0|0|0|0|0|0|0|0,92
United States,Arizona,Medium trucks,2028,0|37|87|98|3|4|0|0|0|0|0|0|0|0|0|0|0|0|0|0|0|0|0|0|0|0|0|0|0|0|0,229
United States,Arizona,Medium trucks,2029,0|46|93|161|160|4|5|0|0|0|0|0|0|0|0|0|0|0|0|0|0|0|0|0|0|0|0|0|0|0|0,469
United States,Arizona,Medium trucks,2030,0|57|114|174|264|240|5|6|0|0|0|0|0|0|0|0|0|0|0|0|0|0|0|0|0|0|0|0|0|0|0,860
United States,Arizona,Medium trucks,2031,0|66|141|213|286|397|338|6|7|0|0|0|0|0|0|0|0|0|0|0|0|0|0|0|0|0|0|0|0|0|0,1454
United States,Arizona,Medium trucks,2032,0|78|163|263|348|431|557|444|7|8|0|0|0|0|0|0|0|0|0|0|0|0|0|0|0|0|0|0|0|0|0,2299
United States,Arizona,Medium trucks,2033,0|94|194|304|430|524|605|734|549|8|9|0|0|0|0|0|0|0|0|0|0|0|0|0|0|0|0|0|0|0|0,3451
United States,Arizona,Medium trucks,2034,0|107|233|360|498|649|735|797|907|642|9|10|0|0|0|0|0|0|0|0|0|0|0|0|0|0|0|0|0|0|0,4947
United States,Arizona,Medium trucks,2035,0|123|265|435|590|748|912|966|985|1061|715|10|11|0|0|0|0|0|0|0|0|0|0|0|0|0|0|0|0|0|0,6821
United States,Arizona,Medium trucks,2036,0|139|306|493|712|887|1051|1200|1195|1152|1182|766|11|11|0|0|0|0|0|0|0|0|0|0|0|0|0|0|0|0|0,9105
United States,Arizona,Medium trucks,2037,0|157|346|570|807|1072|1246|1381|1483|1397|1284|1266|797|11|10|0|0|0|0|0|0|0|0|0|0|0|0|0|0|0|0,11827
United States,Arizona,Medium trucks,2038,0|167|389|644|935|1214|1506|1638|1708|1734|1557|1377|1318|809|10|10|0|0|0|0|0|0|0|0|0|0|0|0|0|0|0,15016
United States,Arizona,Medium trucks,2039,0|177|416|723|1055|1408|1705|1981|2026|1996|1932|1669|1432|1339|805|10|9|0|0|0|0|0|0|0|0|0|0|0|0|0|0,18683
United States,Arizona,Medium trucks,2040,0|188|441|773|1185|1590|1977|2242|2449|2368|2224|2070|1735|1454|1332|786|9|9|0|0|0|0|0|0|0|0|0|0|0|0|0,22832
United States,Arizona,Medium trucks,2041,0|200|469|822|1265|1785|2234|2600|2772|2862|2639|2385|2154|1763|1447|1299|750|9|8|0|0|0|0|0|0|0|0|0|0|0|0,27463
United States,Arizona,Medium trucks,2042,0|212|497|873|1346|1905|2505|2939|3214|3240|3189|2828|2481|2187|1754|1412|1239|695|8|7|0|0|0|0|0|0|0|0|0|0|0,32531
United States,Arizona,Medium trucks,2043,0|216|527|925|1429|2028|2674|3295|3634|3757|3610|3419|2942|2521|2177|1711|1349|1151|623|7|6|0|0|0|0|0|0|0|0|0|0,38001
United States,Arizona,Medium trucks,2044,0|218|535|980|1515|2154|2848|3517|4073|4247|4186|3871|3557|2988|2508|2125|1632|1252|1031|536|6|4|0|0|0|0|0|0|0|0|0,43783
United States,Arizona,Medium trucks,2045,0|222|542|997|1606|2282|3024|3745|4349|4761|4733|4487|4025|3614|2974|2446|2026|1514|1121|886|438|4|3|0|0|0|0|0|0|0|0,49799
United States,Arizona,Medium trucks,2046,0|224|551|1010|1633|2419|3206|3977|4629|5083|5305|5074|4668|4088|3597|2901|2334|1882|1356|963|724|340|3|2|0|0|0|0|0|0|0,55969
United States,Arizona,Medium trucks,2047,0|228|558|1025|1654|2460|3398|4217|4916|5409|5663|5686|5278|4740|4069|3509|2768|2167|1687|1165|789|563|252|2|2|0|0|0|0|0|0,62205
United States,Arizona,Medium trucks,2048,0|230|566|1038|1678|2492|3455|4470|5213|5746|6028|6071|5915|5360|4719|3970|3348|2569|1943|1449|954|613|417|179|2|1|0|0|0|0|0,68426
United States,Arizona,Medium trucks,2049,0|233|572|1052|1700|2528|3499|4545|5527|6093|6402|6462|6315|6007|5335|4604|3787|3107|2303|1669|1186|741|454|296|123|1|1|0|0|0|0,74542
United States,Arizona,Medium trucks,2050,0|236|579|1064|1722|2561|3549|4602|5618|6460|6789|6863|6721|6415|5978|5205|4393|3516|2785|1978|1366|922|549|322|203|82|1|0|0|0|0,80479
United States,Arkansas,Heavy trucks,2022,0|0|0|0|0|0|0|0|0|0|0|0|0|0|0|0|0|0|0|0|0|0|0|0|0|0|0|0|0|0|0,0
United States,Arkansas,Heavy trucks,2023,0|0|0|0|0|0|0|0|0|0|0|0|0|0|0|0|0|0|0|0|0|0|0|0|0|0|0|0|0|0|0,0
United States,Arkansas,Heavy trucks,2024,0|0|0|0|0|0|0|0|0|0|0|0|0|0|0|0|0|0|0|0|0|0|0|0|0|0|0|0|0|0|0,0
United States,Arkansas,Heavy trucks,2025,0|0|0|0|0|0|0|0|0|0|0|0|0|0|0|0|0|0|0|0|0|0|0|0|0|0|0|0|0|0|0,0
United States,Arkansas,Heavy trucks,2026,0|1|0|0|0|0|0|0|0|0|0|0|0|0|0|0|0|0|0|0|0|0|0|0|0|0|0|0|0|0|0,1
United States,Arkansas,Heavy trucks,2027,0|2|2|0|0|0|0|0|0|0|0|0|0|0|0|0|0|0|0|0|0|0|0|0|0|0|0|0|0|0|0,4
United States,Arkansas,Heavy trucks,2028,0|3|5|4|0|0|0|0|0|0|0|0|0|0|0|0|0|0|0|0|0|0|0|0|0|0|0|0|0|0|0,12
United States,Arkansas,Heavy trucks,2029,0|3|8|10|7|1|0|0|0|0|0|0|0|0|0|0|0|0|0|0|0|0|0|0|0|0|0|0|0|0|0,29
United States,Arkansas,Heavy trucks,2030,0|5|8|15|16|10|2|0|0|0|0|0|0|0|0|0|0|0|0|0|0|0|0|0|0|0|0|0|0|0|0,56
United States,Arkansas,Heavy trucks,2031,0|5|12|16|24|24|15|3|0|0|0|0|0|0|0|0|0|0|0|0|0|0|0|0|0|0|0|0|0|0|0,99
United States,Arkansas,Heavy trucks,2032,0|5|13|21|27|36|33|20|4|0|0|0|0|0|0|0|0|0|0|0|0|0|0|0|0|0|0|0|0|0|0,159
United States,Arkansas,Heavy trucks,2033,0|7|13|24|34|42|50|44|25|5|0|0|0|0|0|0|0|0|0|0|0|0|0|0|0|0|0|0|0|0|0,244
United States,Arkansas,Heavy trucks,2034,0|8|18|25|39|51|59|65|54|29|6|0|0|0|0|0|0|0|0|0|0|0|0|0|0|0|0|0|0|0|0,354
United States,Arkansas,Heavy trucks,2035,0|9|20|33|42|60|72|78|80|63|32|6|0|0|0|0|0|0|0|0|0|0|0|0|0|0|0|0|0|0|0,495
United States,Arkansas,Heavy trucks,2036,0|11|23|37|54|63|85|95|97|93|69|35|6|0|0|0|0|0|0|0|0|0|0|0|0|0|0|0|0|0|0,668
United States,Arkansas,Heavy trucks,2037,0|11|26|43|61|81|88|112|118|113|103|74|35|6|0|0|0|0|0|0|0|0|0|0|0|0|0|0|0|0|0,871
United States,Arkansas,Heavy trucks,2038,0|13|28|48|70|92|114|116|140|138|126|110|76|36|6|0|0|0|0|0|0|0|0|0|0|0|0|0|0|0|0,1113
United States,Arkansas,Heavy trucks,2039,0|13|32|53|79|105|131|151|144|163|155|134|114|77|36|5|0|0|0|0|0|0|0|0|0|0|0|0|0|0|0,1392
United States,Arkansas,Heavy trucks,2040,0|14|32|59|87|120|149|173|186|169|182|166|140|116|76|36|5|0|0|0|0|0|0|0|0|0|0|0|0|0|0,1710
United States,Arkansas,Heavy trucks,2041,0|15|35|61|96|132|169|197|214|218|188|195|173|142|115|75|34|5|0|0|0|0|0|0|0|0|0|0|0|0|0,2064
United States,Arkansas,Heavy trucks,2042,0|17|38|66|100|144|186|223|243|251|243|202|203|175|141|112|72|31|4|0|0|0|0|0|0|0|0|0|0|0|0,2451
United States,Arkansas,Heavy trucks,2043,0|17|42|70|109|152|202|245|274|285|280|261|210|206|174|138|107|66|28|4|0|0|0|0|0|0|0|0|0|0|0,2870
United States,Arkansas,Heavy trucks,2044,0|17|42|79|116|165|214|266|303|320|318|300|272|214|205|169|131|99|59|24|3|0|0|0|0|0|0|0|0|0|0,3316
United States,Arkansas,Heavy trucks,2045,0|17|42|79|130|174|231|282|329|355|358|342|312|276|212|199|162|123|89|51|20|2|0|0|0|0|0|0|0|0|0,3785
United States,Arkansas,Heavy trucks,2046,0|17|42|78|130|196|244|303|350|385|397|385|356|317|275|207|190|151|110|76|42|15|2|0|0|0|0|0|0|0|0,4268
United States,Arkansas,Heavy trucks,2047,0|16|42|78|128|196|277|320|376|410|428|425|401|361|316|269|197|177|135|94|62|32|11|1|0|0|0|0|0|0|0,4752
United States,Arkansas,Heavy trucks,2048,0|16|40|77|128|194|276|363|397|439|457|460|442|407|359|308|256|183|158|116|77|48|24|8|1|0|0|0|0|0|0,5234
United States,Arkansas,Heavy trucks,2049,0|15|39|75|127|193|273|362|450|464|488|490|478|448|405|350|293|238|164|136|95|60|36|17|6|1|0|0|0|0|0,5703
United States,Arkansas,Heavy trucks,2050,0|15|38|73|124|191|272|359|448|525|517|523|510|486|446|395|333|272|214|141|111|74|44|25|12|4|0|0|0|0|0,6152
United States,Arkansas,Medium trucks,2022,0|0|0|0|0|0|0|0|0|0|0|0|0|0|0|0|0|0|0|0|0|0|0|0|0|0|0|0|0|0|0,0
United States,Arkansas,Medium trucks,2023,0|0|0|0|0|0|0|0|0|0|0|0|0|0|0|0|0|0|0|0|0|0|0|0|0|0|0|0|0|0|0,0
United States,Arkansas,Medium trucks,2024,0|0|0|0|0|0|0|0|0|0|0|0|0|0|0|0|0|0|0|0|0|0|0|0|0|0|0|0|0|0|0,0
United States,Arkansas,Medium trucks,2025,0|0|0|0|0|0|0|0|0|0|0|0|0|0|0|0|0|0|0|0|0|0|0|0|0|0|0|0|0|0|0,0
United States,Arkansas,Medium trucks,2026,0|9|0|0|0|0|0|0|0|0|0|0|0|0|0|0|0|0|0|0|0|0|0|0|0|0|0|0|0|0|0,9
United States,Arkansas,Medium trucks,2027,0|14|22|0|0|0|0|0|0|0|0|0|0|0|0|0|0|0|0|0|0|0|0|0|0|0|0|0|0|0|0,36
United States,Arkansas,Medium trucks,2028,0|15|35|41|0|1|0|0|0|0|0|0|0|0|0|0|0|0|0|0|0|0|0|0|0|0|0|0|0|0|0,92
United States,Arkansas,Medium trucks,2029,0|19|38|65|66|1|2|0|0|0|0|0|0|0|0|0|0|0|0|0|0|0|0|0|0|0|0|0|0|0|0,191
United States,Arkansas,Medium trucks,2030,0|23|46|71|107|99|2|3|0|0|0|0|0|0|0|0|0|0|0|0|0|0|0|0|0|0|0|0|0|0|0,351
United States,Arkansas,Medium trucks,2031,0|26|56|85|117|161|139|3|4|0|0|0|0|0|0|0|0|0|0|0|0|0|0|0|0|0|0|0|0|0|0,591
United States,Arkansas,Medium trucks,2032,0|31|65|105|140|176|227|183|4|5|0|0|0|0|0|0|0|0|0|0|0|0|0|0|0|0|0|0|0|0|0,936
United States,Arkansas,Medium trucks,2033,0|37|77|121|173|211|247|299|226|5|6|0|0|0|0|0|0|0|0|0|0|0|0|0|0|0|0|0|0|0|0,1402
United States,Arkansas,Medium trucks,2034,0|41|93|143|198|262|297|325|370|264|5|6|0|0|0|0|0|0|0|0|0|0|0|0|0|0|0|0|0|0|0,2004
United States,Arkansas,Medium trucks,2035,0|48|103|172|235|299|368|390|402|432|294|5|6|0|0|0|0|0|0|0|0|0|0|0|0|0|0|0|0|0|0,2754
United States,Arkansas,Medium trucks,2036,0|54|119|191|281|354|420|482|483|470|481|315|5|6|0|0|0|0|0|0|0|0|0|0|0|0|0|0|0|0|0,3661
United States,Arkansas,Medium trucks,2037,0|60|134|222|314|423|495|552|596|564|523|516|327|5|6|0|0|0|0|0|0|0|0|0|0|0|0|0|0|0|0,4737
United States,Arkansas,Medium trucks,2038,0|64|148|249|363|473|593|651|682|696|629|560|537|333|5|5|0|0|0|0|0|0|0|0|0|0|0|0|0|0|0,5988
United States,Arkansas,Medium trucks,2039,0|67|158|275|407|547|665|781|805|797|776|675|583|546|331|5|5|0|0|0|0|0|0|0|0|0|0|0|0|0|0,7423
United States,Arkansas,Medium trucks,2040,0|70|166|293|451|613|767|875|965|939|888|832|701|592|543|322|4|5|0|0|0|0|0|0|0|0|0|0|0|0|0,9026
United States,Arkansas,Medium trucks,2041,0|74|175|309|479|680|859|1008|1082|1128|1047|953|866|711|589|530|307|4|4|0|0|0|0|0|0|0|0|0|0|0|0,10805
United States,Arkansas,Medium trucks,2042,0|78|185|325|506|722|955|1130|1246|1265|1257|1121|991|880|708|575|506|285|4|4|0|0|0|0|0|0|0|0|0|0|0,12743
United States,Arkansas,Medium trucks,2043,0|78|194|343|533|761|1013|1256|1398|1457|1409|1348|1166|1006|876|691|549|469|256|3|3|0|0|0|0|0|0|0|0|0|0,14809
United States,Arkansas,Medium trucks,2044,0|79|195|360|561|801|1070|1332|1552|1634|1622|1511|1403|1186|1001|855|659|509|421|220|3|2|0|0|0|0|0|0|0|0|0,16976
United States,Arkansas,Medium trucks,2045,0|79|196|362|591|844|1126|1406|1646|1814|1820|1740|1572|1425|1180|978|816|611|457|361|180|2|2|0|0|0|0|0|0|0|0,19208
United States,Arkansas,Medium trucks,2046,0|80|197|364|594|889|1185|1481|1739|1923|2021|1951|1809|1596|1419|1152|933|757|548|392|295|140|1|1|0|0|0|0|0|0|0,21467
United States,Arkansas,Medium trucks,2047,0|80|199|366|597|894|1248|1558|1831|2033|2144|2167|2029|1838|1589|1384|1098|867|678|471|321|230|103|1|1|0|0|0|0|0|0,23727
United States,Arkansas,Medium trucks,2048,0|80|199|369|601|898|1256|1641|1926|2140|2265|2298|2254|2061|1829|1550|1321|1020|777|583|385|249|170|73|1|1|0|0|0|0|0,25947
United States,Arkansas,Medium trucks,2049,0|80|200|370|604|904|1261|1651|2029|2252|2384|2428|2391|2290|2051|1784|1479|1226|914|667|477|299|184|121|50|0|0|0|0|0|0,28096
United States,Arkansas,Medium trucks,2050,0|81|200|371|607|909|1270|1658|2041|2371|2509|2555|2526|2429|2280|2002|1702|1373|1098|786|546|371|222|131|83|34|0|0|0|0|0,30155
United States,California,Heavy trucks,2022,0|0|0|0|0|0|0|0|0|0|0|0|0|0|0|0|0|0|0|0|0|0|0|0|0|0|0|0|0|0|0,0
United States,California,Heavy trucks,2023,0|0|0|0|0|0|0|0|0|0|0|0|0|0|0|0|0|0|0|0|0|0|0|0|0|0|0|0|0|0|0,0
United States,California,Heavy trucks,2024,0|1|0|0|0|0|0|0|0|0|0|0|0|0|0|0|0|0|0|0|0|0|0|0|0|0|0|0|0|0|0,1
United States,California,Heavy trucks,2025,0|1|2|0|0|0|0|0|0|0|0|0|0|0|0|0|0|0|0|0|0|0|0|0|0|0|0|0|0|0|0,3
United States,California,Heavy trucks,2026,0|13|2|3|0|0|0|0|0|0|0|0|0|0|0|0|0|0|0|0|0|0|0|0|0|0|0|0|0|0|0,18
United States,California,Heavy trucks,2027,0|27|32|4|4|0|0|0|0|0|0|0|0|0|0|0|0|0|0|0|0|0|0|0|0|0|0|0|0|0|0,67
United States,California,Heavy trucks,2028,0|41|68|59|7|5|0|0|0|0|0|0|0|0|0|0|0|0|0|0|0|0|0|0|0|0|0|0|0|0|0,180
United States,California,Heavy trucks,2029,0|50|103|127|96|11|6|0|0|0|0|0|0|0|0|0|0|0|0|0|0|0|0|0|0|0|0|0|0|0|0,393
United States,California,Heavy trucks,2030,0|62|125|191|208|144|16|7|0|0|0|0|0|0|0|0|0|0|0|0|0|0|0|0|0|0|0|0|0|0|0,753
United States,California,Heavy trucks,2031,0|72|153|234|314|314|202|21|8|0|0|0|0|0|0|0|0|0|0|0|0|0|0|0|0|0|0|0|0|0|0,1318
United States,California,Heavy trucks,2032,0|76|179|285|383|472|441|266|26|9|0|0|0|0|0|0|0|0|0|0|0|0|0|0|0|0|0|0|0|0|0,2137
United States,California,Heavy trucks,2033,0|97|189|332|467|577|663|580|328|31|10|0|0|0|0|0|0|0|0|0|0|0|0|0|0|0|0|0|0|0|0,3274
United States,California,Heavy trucks,2034,0|113|242|350|544|704|809|871|718|384|34|11|0|0|0|0|0|0|0|0|0|0|0|0|0|0|0|0|0|0|0,4780
United States,California,Heavy trucks,2035,0|128|280|450|573|818|987|1063|1078|839|427|36|12|0|0|0|0|0|0|0|0|0|0|0|0|0|0|0|0|0|0,6691
United States,California,Heavy trucks,2036,0|143|318|521|737|862|1149|1298|1314|1260|934|459|37|13|0|0|0|0|0|0|0|0|0|0|0|0|0|0|0|0|0,9045
United States,California,Heavy trucks,2037,0|158|355|591|853|1111|1211|1512|1604|1535|1403|1001|477|38|12|0|0|0|0|0|0|0|0|0|0|0|0|0|0|0|0,11861
United States,California,Heavy trucks,2038,0|171|392|660|968|1283|1561|1592|1869|1875|1712|1504|1042|485|38|12|0|0|0|0|0|0|0|0|0|0|0|0|0|0|0,15164
United States,California,Heavy trucks,2039,0|183|427|730|1081|1456|1801|2054|1968|2185|2089|1835|1564|1058|482|37|11|0|0|0|0|0|0|0|0|0|0|0|0|0|0,18961
United States,California,Heavy trucks,2040,0|197|456|795|1197|1628|2045|2368|2539|2300|2434|2240|1909|1588|1053|470|35|10|0|0|0|0|0|0|0|0|0|0|0|0|0,23264
United States,California,Heavy trucks,2041,0|210|489|850|1302|1803|2287|2689|2926|2969|2562|2610|2329|1939|1581|1028|448|33|9|0|0|0|0|0|0|0|0|0|0|0|0,28064
United States,California,Heavy trucks,2042,0|238|521|910|1392|1962|2532|3008|3324|3420|3307|2747|2716|2366|1931|1542|981|416|29|8|0|0|0|0|0|0|0|0|0|0|0,33350
United States,California,Heavy trucks,2043,0|238|591|968|1490|2099|2754|3331|3720|3885|3810|3544|2856|2758|2355|1884|1472|911|373|25|7|0|0|0|0|0|0|0|0|0|0,39071
United States,California,Heavy trucks,2044,0|236|590|1099|1584|2244|2948|3621|4118|4348|4328|4085|3688|2901|2744|2298|1798|1366|816|320|21|5|0|0|0|0|0|0|0|0|0,45158
United States,California,Heavy trucks,2045,0|235|586|1098|1800|2385|3151|3877|4477|4813|4845|4640|4249|3747|2887|2678|2192|1669|1224|701|262|16|4|0|0|0|0|0|0|0|0,51536
United States,California,Heavy trucks,2046,0|234|585|1091|1798|2711|3350|4145|4792|5233|5364|5193|4827|4315|3729|2817|2555|2035|1497|1051|573|203|12|3|0|0|0|0|0|0|0,58113
United States,California,Heavy trucks,2047,0|230|581|1088|1787|2709|3806|4407|5125|5601|5832|5751|5403|4902|4294|3638|2688|2371|1824|1286|861|446|151|8|2|0|0|0|0|0|0,64791
United States,California,Heavy trucks,2048,0|226|572|1080|1781|2692|3804|5005|5447|5989|6241|6253|5983|5487|4879|4191|3471|2495|2126|1567|1052|669|330|107|6|1|0|0|0|0|0,71454
United States,California,Heavy trucks,2049,0|224|562|1064|1768|2684|3781|5003|6187|6367|6674|6690|6505|6076|5462|4759|3999|3221|2237|1826|1282|818|495|234|73|4|1|0|0|0|0,77996
United States,California,Heavy trucks,2050,0|224|557|1045|1741|2662|3770|4973|6184|7231|7093|7155|6959|6606|6047|5330|4542|3713|2887|1921|1494|996|605|351|161|49|3|1|0|0|0,84300
United States,California,Medium trucks,2022,0|0|0|0|0|0|0|0|0|0|0|0|0|0|0|0|0|0|0|0|0|0|0|0|0|0|0|0|0|0|0,0
United States,California,Medium trucks,2023,0|0|0|0|0|0|0|0|0|0|0|0|0|0|0|0|0|0|0|0|0|0|0|0|0|0|0|0|0|0|0,0
United States,California,Medium trucks,2024,0|1|0|0|0|0|0|0|0|0|0|0|0|0|0|0|0|0|0|0|0|0|0|0|0|0|0|0|0|0|0,1
United States,California,Medium trucks,2025,0|1|2|0|0|0|0|0|0|0|0|0|0|0|0|0|0|0|0|0|0|0|0|0|0|0|0|0|0|0|0,3
United States,California,Medium trucks,2026,0|115|2|4|0|0|0|0|0|0|0|0|0|0|0|0|0|0|0|0|0|0|0|0|0|0|0|0|0|0|0,121
United States,California,Medium trucks,2027,0|188|286|4|7|0|0|0|0|0|0|0|0|0|0|0|0|0|0|0|0|0|0|0|0|0|0|0|0|0|0,485
United States,California,Medium trucks,2028,0|205|469|533|7|10|0|0|0|0|0|0|0|0|0|0|0|0|0|0|0|0|0|0|0|0|0|0|0|0|0,1224
United States,California,Medium trucks,2029,0|246|508|873|872|10|15|0|0|0|0|0|0|0|0|0|0|0|0|0|0|0|0|0|0|0|0|0|0|0|0,2524
United States,California,Medium trucks,2030,0|305|612|945|1429|1312|14|20|0|0|0|0|0|0|0|0|0|0|0|0|0|0|0|0|0|0|0|0|0|0|0,4637
United States,California,Medium trucks,2031,0|350|758|1140|1548|2154|1842|19|25|0|0|0|0|0|0|0|0|0|0|0|0|0|0|0|0|0|0|0|0|0|0,7836
United States,California,Medium trucks,2032,0|414|870|1411|1867|2333|3025|2423|24|29|0|0|0|0|0|0|0|0|0|0|0|0|0|0|0|0|0|0|0|0|0,12396
United States,California,Medium trucks,2033,0|498|1027|1620|2311|2813|3277|3978|2995|28|32|0|0|0|0|0|0|0|0|0|0|0|0|0|0|0|0|0|0|0|0,18579
United States,California,Medium trucks,2034,0|561|1237|1912|2653|3481|3951|4311|4917|3499|31|35|0|0|0|0|0|0|0|0|0|0|0|0|0|0|0|0|0|0|0,26588
United States,California,Medium trucks,2035,0|646|1393|2300|3132|3996|4889|5196|5330|5747|3898|34|35|0|0|0|0|0|0|0|0|0|0|0|0|0|0|0|0|0|0,36596
United States,California,Medium trucks,2036,0|727|1605|2590|3768|4717|5611|6429|6424|6229|6403|4179|34|36|0|0|0|0|0|0|0|0|0|0|0|0|0|0|0|0|0,48752
United States,California,Medium trucks,2037,0|810|1805|2986|4241|5676|6625|7379|7949|7509|6940|6864|4346|35|36|0|0|0|0|0|0|0|0|0|0|0|0|0|0|0|0,63201
United States,California,Medium trucks,2038,0|860|2012|3357|4891|6388|7972|8713|9122|9290|8366|7440|7140|4415|35|36|0|0|0|0|0|0|0|0|0|0|0|0|0|0|0,80037
United States,California,Medium trucks,2039,0|911|2137|3743|5499|7367|8970|10486|10771|10663|10350|8969|7739|7251|4393|35|34|0|0|0|0|0|0|0|0|0|0|0|0|0|0,99318
United States,California,Medium trucks,2040,0|962|2263|3975|6132|8282|10345|11798|12963|12590|11879|11096|9329|7860|7217|4286|33|31|0|0|0|0|0|0|0|0|0|0|0|0|0,121041
United States,California,Medium trucks,2041,0|1016|2391|4210|6510|9236|11631|13607|14585|15152|14027|12735|11542|9475|7822|7040|4090|30|28|0|0|0|0|0|0|0|0|0|0|0|0,145127
United States,California,Medium trucks,2042,0|1071|2524|4449|6896|9805|12971|15298|16822|17047|16881|15039|13247|11723|9430|7633|6718|3797|27|24|0|0|0|0|0|0|0|0|0|0|0,171402
United States,California,Medium trucks,2043,0|1083|2662|4695|7287|10388|13770|17060|18913|19663|18993|18098|15644|13455|11667|9201|7283|6235|3404|23|20|0|0|0|0|0|0|0|0|0|0,199544
United States,California,Medium trucks,2044,0|1091|2690|4953|7691|10975|14588|18111|21090|22104|21908|20361|18825|15890|13389|11383|8779|6760|5589|2924|19|15|0|0|0|0|0|0|0|0|0,229135
United States,California,Medium trucks,2045,0|1100|2710|5005|8114|11584|15410|19187|22389|24650|24628|23485|21179|19121|15813|13063|10862|8148|6060|4801|2392|15|11|0|0|0|0|0|0|0|0,259727
United States,California,Medium trucks,2046,0|1110|2734|5043|8198|12221|16267|20268|23719|26167|27465|26403|24431|21511|19030|15429|12465|10083|7305|5205|3927|1860|11|8|0|0|0|0|0|0|0,290860
United States,California,Medium trucks,2047,0|1118|2757|5086|8261|12348|17161|21395|25057|27724|29156|29444|27464|24813|21409|18568|14722|11570|9039|6275|4257|3052|1377|8|6|0|0|0|0|0|0,322067
United States,California,Medium trucks,2048,0|1125|2777|5129|8330|12443|17339|22571|26451|29287|30888|31257|30628|27895|24695|20888|17717|13666|10372|7764|5133|3309|2260|977|5|4|0|0|0|0|0,352910
United States,California,Medium trucks,2049,0|1133|2795|5166|8401|12547|17473|22805|27904|30915|32631|33114|32514|31109|27761|24094|19932|16445|12250|8908|6352|3990|2450|1604|671|4|2|0|0|0|0,382970
United States,California,Medium trucks,2050,0|1145|2815|5202|8462|12653|17618|22981|28192|32615|34444|34982|34446|33023|30960|27086|22990|18502|14742|10523|7288|4936|2954|1739|1101|449|2|2|0|0|0,411852
United States,Colorado,Heavy trucks,2022,0|0|0|0|0|0|0|0|0|0|0|0|0|0|0|0|0|0|0|0|0|0|0|0|0|0|0|0|0|0|0,0
United States,Colorado,Heavy trucks,2023,0|0|0|0|0|0|0|0|0|0|0|0|0|0|0|0|0|0|0|0|0|0|0|0|0|0|0|0|0|0|0,0
United States,Colorado,Heavy trucks,2024,0|0|0|0|0|0|0|0|0|0|0|0|0|0|0|0|0|0|0|0|0|0|0|0|0|0|0|0|0|0|0,0
United States,Colorado,Heavy trucks,2025,0|0|0|0|0|0|0|0|0|0|0|0|0|0|0|0|0|0|0|0|0|0|0|0|0|0|0|0|0|0|0,0
United States,Colorado,Heavy trucks,2026,0|2|0|0|0|0|0|0|0|0|0|0|0|0|0|0|0|0|0|0|0|0|0|0|0|0|0|0|0|0|0,2
United States,Colorado,Heavy trucks,2027,0|4|5|1|0|0|0|0|0|0|0|0|0|0|0|0|0|0|0|0|0|0|0|0|0|0|0|0|0|0|0,10
United States,Colorado,Heavy trucks,2028,0|6|10|9|2|0|0|0|0|0|0|0|0|0|0|0|0|0|0|0|0|0|0|0|0|0|0|0|0|0|0,27
United States,Colorado,Heavy trucks,2029,0|7|15|19|14|3|0|0|0|0|0|0|0|0|0|0|0|0|0|0|0|0|0|0|0|0|0|0|0|0|0,58
United States,Colorado,Heavy trucks,2030,0|9|18|28|31|21|4|0|0|0|0|0|0|0|0|0|0|0|0|0|0|0|0|0|0|0|0|0|0|0|0,111
United States,Colorado,Heavy trucks,2031,0|11|23|34|46|46|30|5|0|0|0|0|0|0|0|0|0|0|0|0|0|0|0|0|0|0|0|0|0|0|0,195
United States,Colorado,Heavy trucks,2032,0|11|27|43|57|69|65|39|6|0|0|0|0|0|0|0|0|0|0|0|0|0|0|0|0|0|0|0|0|0|0,317
United States,Colorado,Heavy trucks,2033,0|15|28|50|70|86|98|86|48|7|0|0|0|0|0|0|0|0|0|0|0|0|0|0|0|0|0|0|0|0|0,488
United States,Colorado,Heavy trucks,2034,0|17|38|53|82|105|122|130|107|56|8|0|0|0|0|0|0|0|0|0|0|0|0|0|0|0|0|0|0|0|0,718
United States,Colorado,Heavy trucks,2035,0|20|43|70|87|124|149|161|162|124|62|9|0|0|0|0|0|0|0|0|0|0|0|0|0|0|0|0|0|0|0,1011
United States,Colorado,Heavy trucks,2036,0|23|49|80|115|132|175|197|198|189|139|67|10|0|0|0|0|0|0|0|0|0|0|0|0|0|0|0|0|0|0,1374
United States,Colorado,Heavy trucks,2037,0|25|56|92|132|173|186|231|243|232|210|149|69|10|0|0|0|0|0|0|0|0|0|0|0|0|0|0|0|0|0,1808
United States,Colorado,Heavy trucks,2038,0|27|62|105|152|200|243|245|286|285|259|225|154|70|9|0|0|0|0|0|0|0|0|0|0|0|0|0|0|0|0,2322
United States,Colorado,Heavy trucks,2039,0|29|68|116|173|230|282|319|303|335|318|277|235|157|70|9|0|0|0|0|0|0|0|0|0|0|0|0|0|0|0,2921
United States,Colorado,Heavy trucks,2040,0|32|73|128|191|261|323|370|396|355|374|341|288|239|157|68|9|0|0|0|0|0|0|0|0|0|0|0|0|0|0,3605
United States,Colorado,Heavy trucks,2041,0|34|80|137|210|289|366|425|459|463|397|401|355|293|238|152|66|8|0|0|0|0|0|0|0|0|0|0|0|0|0,4373
United States,Colorado,Heavy trucks,2042,0|39|86|150|225|317|406|480|525|536|516|425|418|360|292|231|145|61|7|0|0|0|0|0|0|0|0|0|0|0|0,5219
United States,Colorado,Heavy trucks,2043,0|39|98|160|246|340|446|535|593|614|598|553|442|424|358|285|221|135|55|6|0|0|0|0|0|0|0|0|0|0|0,6148
United States,Colorado,Heavy trucks,2044,0|39|99|182|263|371|478|587|662|693|684|641|575|448|422|349|272|205|121|47|5|0|0|0|0|0|0|0|0|0|0,7143
United States,Colorado,Heavy trucks,2045,0|40|99|185|299|396|520|630|727|774|773|734|666|584|446|412|332|252|184|104|38|4|0|0|0|0|0|0|0|0|0,8199
United States,Colorado,Heavy trucks,2046,0|40|100|185|304|451|555|685|780|850|863|829|763|677|582|435|393|308|227|158|85|30|3|0|0|0|0|0|0|0|0,9303
United States,Colorado,Heavy trucks,2047,0|39|100|186|304|457|633|732|846|911|947|925|863|775|674|568|415|364|277|195|129|66|22|2|0|0|0|0|0|0|0,10430
United States,Colorado,Heavy trucks,2048,0|39|99|186|305|457|640|833|904|989|1015|1015|963|877|771|658|542|385|327|238|159|100|49|16|1|0|0|0|0|0|0,11568
United States,Colorado,Heavy trucks,2049,0|39|98|185|305|459|641|842|1032|1058|1102|1088|1056|978|873|753|628|503|346|281|194|124|74|35|11|1|0|0|0|0|0,12706
United States,Colorado,Heavy trucks,2050,0|39|98|182|304|459|645|843|1042|1207|1178|1180|1132|1072|973|852|718|582|451|297|230|151|92|53|24|7|1|0|0|0|0,13812
United States,Colorado,Medium trucks,2022,0|0|0|0|0|0|0|0|0|0|0|0|0|0|0|0|0|0|0|0|0|0|0|0|0|0|0|0|0|0|0,0
United States,Colorado,Medium trucks,2023,0|0|0|0|0|0|0|0|0|0|0|0|0|0|0|0|0|0|0|0|0|0|0|0|0|0|0|0|0|0|0,0
United States,Colorado,Medium trucks,2024,0|0|0|0|0|0|0|0|0|0|0|0|0|0|0|0|0|0|0|0|0|0|0|0|0|0|0|0|0|0|0,0
United States,Colorado,Medium trucks,2025,0|0|0|0|0|0|0|0|0|0|0|0|0|0|0|0|0|0|0|0|0|0|0|0|0|0|0|0|0|0|0,0
United States,Colorado,Medium trucks,2026,0|17|0|1|0|0|0|0|0|0|0|0|0|0|0|0|0|0|0|0|0|0|0|0|0|0|0|0|0|0|0,18
United States,Colorado,Medium trucks,2027,0|28|42|1|2|0|0|0|0|0|0|0|0|0|0|0|0|0|0|0|0|0|0|0|0|0|0|0|0|0|0,73
United States,Colorado,Medium trucks,2028,0|31|69|78|2|3|0|0|0|0|0|0|0|0|0|0|0|0|0|0|0|0|0|0|0|0|0|0|0|0|0,183
United States,Colorado,Medium trucks,2029,0|37|77|130|129|3|4|0|0|0|0|0|0|0|0|0|0|0|0|0|0|0|0|0|0|0|0|0|0|0|0,380
United States,Colorado,Medium trucks,2030,0|47|93|143|214|195|4|5|0|0|0|0|0|0|0|0|0|0|0|0|0|0|0|0|0|0|0|0|0|0|0,701
United States,Colorado,Medium trucks,2031,0|54|117|173|235|323|275|5|6|0|0|0|0|0|0|0|0|0|0|0|0|0|0|0|0|0|0|0|0|0|0,1188
United States,Colorado,Medium trucks,2032,0|64|134|218|284|354|453|361|6|7|0|0|0|0|0|0|0|0|0|0|0|0|0|0|0|0|0|0|0|0|0,1881
United States,Colorado,Medium trucks,2033,0|78|158|249|355|427|496|597|447|7|8|0|0|0|0|0|0|0|0|0|0|0|0|0|0|0|0|0|0|0|0,2822
United States,Colorado,Medium trucks,2034,0|88|193|295|408|534|599|652|739|522|8|9|0|0|0|0|0|0|0|0|0|0|0|0|0|0|0|0|0|0|0,4047
United States,Colorado,Medium trucks,2035,0|103|219|358|484|614|748|789|806|864|581|9|9|0|0|0|0|0|0|0|0|0|0|0|0|0|0|0|0|0|0,5584
United States,Colorado,Medium trucks,2036,0|117|255|407|587|729|862|983|975|941|962|622|9|9|0|0|0|0|0|0|0|0|0|0|0|0|0|0|0|0|0,7458
United States,Colorado,Medium trucks,2037,0|131|289|473|667|884|1023|1134|1216|1140|1049|1031|647|9|8|0|0|0|0|0|0|0|0|0|0|0|0|0|0|0|0,9701
United States,Colorado,Medium trucks,2038,0|139|325|538|774|1004|1242|1346|1402|1422|1270|1124|1072|657|8|8|0|0|0|0|0|0|0|0|0|0|0|0|0|0|0,12331
United States,Colorado,Medium trucks,2039,0|149|346|604|880|1166|1409|1633|1664|1639|1584|1363|1169|1088|655|8|8|0|0|0|0|0|0|0|0|0|0|0|0|0|0,15365
United States,Colorado,Medium trucks,2040,0|159|370|644|989|1324|1638|1854|2019|1945|1826|1697|1417|1188|1083|639|8|7|0|0|0|0|0|0|0|0|0|0|0|0|0,18807
United States,Colorado,Medium trucks,2041,0|169|394|688|1055|1488|1859|2155|2292|2360|2168|1957|1765|1439|1183|1057|610|7|6|0|0|0|0|0|0|0|0|0|0|0|0,22652
United States,Colorado,Medium trucks,2042,0|179|420|733|1128|1590|2089|2443|2665|2678|2631|2324|2036|1794|1433|1154|1008|565|6|6|0|0|0|0|0|0|0|0|0|0|0,26882
United States,Colorado,Medium trucks,2043,0|182|446|780|1201|1698|2234|2747|3021|3114|2985|2821|2417|2068|1785|1398|1101|936|507|6|5|0|0|0|0|0|0|0|0|0|0,31452
United States,Colorado,Medium trucks,2044,0|185|453|829|1277|1809|2383|2939|3395|3530|3470|3199|2935|2456|2059|1741|1334|1023|839|436|5|4|0|0|0|0|0|0|0|0|0,36301
United States,Colorado,Medium trucks,2045,0|188|460|844|1357|1924|2539|3135|3633|3968|3934|3719|3329|2980|2445|2009|1661|1238|916|721|357|4|3|0|0|0|0|0|0|0|0,41364
United States,Colorado,Medium trucks,2046,0|191|468|857|1382|2045|2701|3340|3877|4245|4422|4217|3869|3380|2966|2385|1917|1541|1109|787|590|277|3|2|0|0|0|0|0|0|0,46571
United States,Colorado,Medium trucks,2047,0|195|476|871|1403|2083|2871|3552|4128|4532|4730|4740|4386|3930|3364|2893|2277|1779|1380|953|644|458|205|2|1|0|0|0|0|0|0,51853
United States,Colorado,Medium trucks,2048,0|198|484|886|1426|2115|2924|3775|4392|4824|5049|5071|4930|4455|3912|3283|2761|2114|1595|1185|780|500|339|146|1|1|0|0|0|0|0,57146
United States,Colorado,Medium trucks,2049,0|200|491|900|1450|2149|2970|3845|4668|5132|5375|5413|5275|5007|4434|3816|3133|2563|1895|1370|970|606|370|241|100|1|1|0|0|0|0,62375
United States,Colorado,Medium trucks,2050,0|204|497|913|1473|2185|3018|3907|4753|5455|5718|5763|5631|5357|4984|4327|3641|2908|2298|1628|1121|754|449|263|165|67|1|0|0|0|0,67480
United States,Connecticut,Heavy trucks,2022,0|0|0|0|0|0|0|0|0|0|0|0|0|0|0|0|0|0|0|0|0|0|0|0|0|0|0|0|0|0|0,0
United States,Connecticut,Heavy trucks,2023,0|0|0|0|0|0|0|0|0|0|0|0|0|0|0|0|0|0|0|0|0|0|0|0|0|0|0|0|0|0|0,0
United States,Connecticut,Heavy trucks,2024,0|0|0|0|0|0|0|0|0|0|0|0|0|0|0|0|0|0|0|0|0|0|0|0|0|0|0|0|0|0|0,0
United States,Connecticut,Heavy trucks,2025,0|0|0|0|0|0|0|0|0|0|0|0|0|0|0|0|0|0|0|0|0|0|0|0|0|0|0|0|0|0|0,0
United States,Connecticut,Heavy trucks,2026,0|1|0|0|0|0|0|0|0|0|0|0|0|0|0|0|0|0|0|0|0|0|0|0|0|0|0|0|0|0|0,1
United States,Connecticut,Heavy trucks,2027,0|3|2|0|0|0|0|0|0|0|0|0|0|0|0|0|0|0|0|0|0|0|0|0|0|0|0|0|0|0|0,5
United States,Connecticut,Heavy trucks,2028,0|3|6|5|1|0|0|0|0|0|0|0|0|0|0|0|0|0|0|0|0|0|0|0|0|0|0|0|0|0|0,15
United States,Connecticut,Heavy trucks,2029,0|5|8|11|8|2|0|0|0|0|0|0|0|0|0|0|0|0|0|0|0|0|0|0|0|0|0|0|0|0|0,34
United States,Connecticut,Heavy trucks,2030,0|5|12|16|18|13|3|0|0|0|0|0|0|0|0|0|0|0|0|0|0|0|0|0|0|0|0|0|0|0|0,67
United States,Connecticut,Heavy trucks,2031,0|6|13|21|27|27|18|4|0|0|0|0|0|0|0|0|0|0|0|0|0|0|0|0|0|0|0|0|0|0|0,116
United States,Connecticut,Heavy trucks,2032,0|7|15|24|34|41|38|23|5|0|0|0|0|0|0|0|0|0|0|0|0|0|0|0|0|0|0|0|0|0|0,187
United States,Connecticut,Heavy trucks,2033,0|9|16|28|40|51|58|50|28|6|0|0|0|0|0|0|0|0|0|0|0|0|0|0|0|0|0|0|0|0|0,286
United States,Connecticut,Heavy trucks,2034,0|9|22|30|47|61|72|77|62|33|7|0|0|0|0|0|0|0|0|0|0|0|0|0|0|0|0|0|0|0|0,420
United States,Connecticut,Heavy trucks,2035,0|11|24|40|49|71|86|94|95|73|37|7|0|0|0|0|0|0|0|0|0|0|0|0|0|0|0|0|0|0|0,587
United States,Connecticut,Heavy trucks,2036,0|12|27|45|65|74|100|113|116|110|81|39|7|0|0|0|0|0|0|0|0|0|0|0|0|0|0|0|0|0|0,789
United States,Connecticut,Heavy trucks,2037,0|13|30|50|74|97|104|132|141|135|123|87|41|7|0|0|0|0|0|0|0|0|0|0|0|0|0|0|0|0|0,1034
United States,Connecticut,Heavy trucks,2038,0|15|33|56|82|111|137|138|163|164|151|131|90|41|7|0|0|0|0|0|0|0|0|0|0|0|0|0|0|0|0,1319
United States,Connecticut,Heavy trucks,2039,0|15|36|62|92|124|157|181|171|191|183|162|136|92|41|6|0|0|0|0|0|0|0|0|0|0|0|0|0|0|0,1649
United States,Connecticut,Heavy trucks,2040,0|17|38|67|101|140|175|207|222|201|213|196|167|138|90|41|6|0|0|0|0|0|0|0|0|0|0|0|0|0|0,2019
United States,Connecticut,Heavy trucks,2041,0|17|42|71|111|153|197|231|255|260|224|229|204|170|137|88|39|6|0|0|0|0|0|0|0|0|0|0|0|0|0,2434
United States,Connecticut,Heavy trucks,2042,0|19|42|77|117|167|215|259|286|299|289|241|239|207|169|133|85|36|5|0|0|0|0|0|0|0|0|0|0|0|0,2885
United States,Connecticut,Heavy trucks,2043,0|19|48|79|126|177|235|283|320|335|334|309|250|243|205|164|127|78|32|4|0|0|0|0|0|0|0|0|0|0|0,3368
United States,Connecticut,Heavy trucks,2044,0|19|48|90|131|190|249|309|352|374|374|359|322|254|241|200|157|119|70|28|4|0|0|0|0|0|0|0|0|0|0,3890
United States,Connecticut,Heavy trucks,2045,0|19|48|89|148|199|267|327|382|412|417|401|373|327|253|235|191|146|106|60|23|3|0|0|0|0|0|0|0|0|0,4426
United States,Connecticut,Heavy trucks,2046,0|19|48|89|147|224|280|351|406|446|459|448|418|379|325|246|224|178|130|91|49|18|2|0|0|0|0|0|0|0|0,4977
United States,Connecticut,Heavy trucks,2047,0|19|47|89|147|223|316|368|434|474|497|492|466|424|377|317|234|208|159|112|74|38|13|1|0|0|0|0|0|0|0,5529
United States,Connecticut,Heavy trucks,2048,0|18|46|88|147|221|314|416|456|506|528|533|512|474|422|368|302|218|186|137|92|58|28|9|1|0|0|0|0|0|0,6080
United States,Connecticut,Heavy trucks,2049,0|18|45|85|144|221|312|413|514|532|563|565|554|521|471|412|350|280|195|160|112|71|43|20|6|1|0|0|0|0|0,6608
United States,Connecticut,Heavy trucks,2050,0|17|45|84|141|217|311|410|511|602|594|604|588|563|518|460|393|325|252|167|131|87|53|30|14|4|0|0|0|0|0,7121
United States,Connecticut,Medium trucks,2022,0|0|0|0|0|0|0|0|0|0|0|0|0|0|0|0|0|0|0|0|0|0|0|0|0|0|0|0|0|0|0,0
United States,Connecticut,Medium trucks,2023,0|0|0|0|0|0|0|0|0|0|0|0|0|0|0|0|0|0|0|0|0|0|0|0|0|0|0|0|0|0|0,0
United States,Connecticut,Medium trucks,2024,0|0|0|0|0|0|0|0|0|0|0|0|0|0|0|0|0|0|0|0|0|0|0|0|0|0|0|0|0|0|0,0
United States,Connecticut,Medium trucks,2025,0|0|0|0|0|0|0|0|0|0|0|0|0|0|0|0|0|0|0|0|0|0|0|0|0|0|0|0|0|0|0,0
United States,Connecticut,Medium trucks,2026,0|10|0|0|0|0|0|0|0|0|0|0|0|0|0|0|0|0|0|0|0|0|0|0|0|0|0|0|0|0|0,10
United States,Connecticut,Medium trucks,2027,0|17|25|0|1|0|0|0|0|0|0|0|0|0|0|0|0|0|0|0|0|0|0|0|0|0|0|0|0|0|0,43
United States,Connecticut,Medium trucks,2028,0|18|42|47|0|2|0|0|0|0|0|0|0|0|0|0|0|0|0|0|0|0|0|0|0|0|0|0|0|0|0,109
United States,Connecticut,Medium trucks,2029,0|21|45|77|77|1|3|0|0|0|0|0|0|0|0|0|0|0|0|0|0|0|0|0|0|0|0|0|0|0|0,224
United States,Connecticut,Medium trucks,2030,0|27|53|84|127|117|2|4|0|0|0|0|0|0|0|0|0|0|0|0|0|0|0|0|0|0|0|0|0|0|0,414
United States,Connecticut,Medium trucks,2031,0|31|66|100|138|192|165|3|5|0|0|0|0|0|0|0|0|0|0|0|0|0|0|0|0|0|0|0|0|0|0,700
United States,Connecticut,Medium trucks,2032,0|36|77|124|164|208|271|217|4|6|0|0|0|0|0|0|0|0|0|0|0|0|0|0|0|0|0|0|0|0|0,1107
United States,Connecticut,Medium trucks,2033,0|43|90|143|204|248|293|356|268|5|7|0|0|0|0|0|0|0|0|0|0|0|0|0|0|0|0|0|0|0|0,1657
United States,Connecticut,Medium trucks,2034,0|49|107|168|235|308|349|385|441|314|6|7|0|0|0|0|0|0|0|0|0|0|0|0|0|0|0|0|0|0|0,2369
United States,Connecticut,Medium trucks,2035,0|56|121|199|275|354|433|459|476|514|350|6|7|0|0|0|0|0|0|0|0|0|0|0|0|0|0|0|0|0|0,3250
United States,Connecticut,Medium trucks,2036,0|62|139|226|328|414|495|569|568|555|573|376|6|7|0|0|0|0|0|0|0|0|0|0|0|0|0|0|0|0|0,4318
United States,Connecticut,Medium trucks,2037,0|70|154|259|369|496|581|651|704|665|619|614|391|6|7|0|0|0|0|0|0|0|0|0|0|0|0|0|0|0|0,5586
United States,Connecticut,Medium trucks,2038,0|74|173|288|424|556|696|766|805|823|741|664|639|397|6|6|0|0|0|0|0|0|0|0|0|0|0|0|0|0|0,7058
United States,Connecticut,Medium trucks,2039,0|77|183|321|472|639|780|915|945|939|916|794|690|649|395|5|6|0|0|0|0|0|0|0|0|0|0|0|0|0|0,8726
United States,Connecticut,Medium trucks,2040,0|81|192|340|525|712|896|1026|1133|1104|1047|982|826|701|646|385|5|6|0|0|0|0|0|0|0|0|0|0|0|0|0,10607
United States,Connecticut,Medium trucks,2041,0|85|202|357|556|790|999|1178|1268|1324|1231|1121|1022|839|698|629|367|5|5|0|0|0|0|0|0|0|0|0|0|0|0,12676
United States,Connecticut,Medium trucks,2042,0|90|212|375|586|836|1111|1316|1456|1482|1476|1320|1166|1037|834|681|601|340|4|4|0|0|0|0|0|0|0|0|0|0|0,14927
United States,Connecticut,Medium trucks,2043,0|90|223|394|615|881|1175|1461|1627|1701|1652|1581|1372|1186|1032|814|650|557|305|4|4|0|0|0|0|0|0|0|0|0|0,17324
United States,Connecticut,Medium trucks,2044,0|90|223|415|646|926|1238|1544|1806|1902|1895|1771|1644|1394|1180|1008|777|602|500|262|3|3|0|0|0|0|0|0|0|0|0,19829
United States,Connecticut,Medium trucks,2045,0|90|224|415|679|972|1302|1627|1909|2112|2119|2032|1843|1669|1387|1152|962|720|540|430|214|2|2|0|0|0|0|0|0|0|0,22402
United States,Connecticut,Medium trucks,2046,0|90|225|417|680|1022|1365|1711|2012|2231|2353|2271|2113|1872|1662|1353|1098|893|645|464|351|167|2|1|0|0|0|0|0|0|0,24998
United States,Connecticut,Medium trucks,2047,0|91|225|419|683|1024|1435|1796|2115|2352|2485|2523|2362|2147|1862|1622|1291|1020|800|555|380|273|123|1|1|0|0|0|0|0|0,27585
United States,Connecticut,Medium trucks,2048,0|91|226|419|686|1029|1439|1888|2220|2471|2621|2665|2625|2398|2136|1817|1547|1199|914|688|454|295|202|88|1|1|0|0|0|0|0,30120
United States,Connecticut,Medium trucks,2049,0|91|226|421|687|1032|1445|1894|2332|2595|2754|2811|2771|2666|2387|2084|1733|1436|1074|786|562|352|218|144|60|1|0|0|0|0|0,32562
United States,Connecticut,Medium trucks,2050,0|92|226|421|690|1035|1450|1901|2343|2725|2892|2952|2923|2815|2653|2330|1988|1609|1286|923|642|437|261|155|99|40|0|0|0|0|0,34888
United States,Delaware,Heavy trucks,2022,0|0|0|0|0|0|0|0|0|0|0|0|0|0|0|0|0|0|0|0|0|0|0|0|0|0|0|0|0|0|0,0
United States,Delaware,Heavy trucks,2023,0|0|0|0|0|0|0|0|0|0|0|0|0|0|0|0|0|0|0|0|0|0|0|0|0|0|0|0|0|0|0,0
United States,Delaware,Heavy trucks,2024,0|0|0|0|0|0|0|0|0|0|0|0|0|0|0|0|0|0|0|0|0|0|0|0|0|0|0|0|0|0|0,0
United States,Delaware,Heavy trucks,2025,0|0|0|0|0|0|0|0|0|0|0|0|0|0|0|0|0|0|0|0|0|0|0|0|0|0|0|0|0|0|0,0
United States,Delaware,Heavy trucks,2026,0|1|0|0|0|0|0|0|0|0|0|0|0|0|0|0|0|0|0|0|0|0|0|0|0|0|0|0|0|0|0,1
United States,Delaware,Heavy trucks,2027,0|1|2|0|0|0|0|0|0|0|0|0|0|0|0|0|0|0|0|0|0|0|0|0|0|0|0|0|0|0|0,3
United States,Delaware,Heavy trucks,2028,0|1|2|3|0|0|0|0|0|0|0|0|0|0|0|0|0|0|0|0|0|0|0|0|0|0|0|0|0|0|0,6
United States,Delaware,Heavy trucks,2029,0|1|2|3|4|0|0|0|0|0|0|0|0|0|0|0|0|0|0|0|0|0|0|0|0|0|0|0|0|0|0,10
United States,Delaware,Heavy trucks,2030,0|1|3|4|5|5|0|0|0|0|0|0|0|0|0|0|0|0|0|0|0|0|0|0|0|0|0|0|0|0|0,18
United States,Delaware,Heavy trucks,2031,0|2|4|6|7|8|6|0|0|0|0|0|0|0|0|0|0|0|0|0|0|0|0|0|0|0|0|0|0|0|0,33
United States,Delaware,Heavy trucks,2032,0|2|5|7|9|11|11|7|0|0|0|0|0|0|0|0|0|0|0|0|0|0|0|0|0|0|0|0|0|0|0,52
United States,Delaware,Heavy trucks,2033,0|3|5|9|12|14|16|14|8|0|0|0|0|0|0|0|0|0|0|0|0|0|0|0|0|0|0|0|0|0|0,81
United States,Delaware,Heavy trucks,2034,0|3|6|9|14|18|20|21|17|9|0|0|0|0|0|0|0|0|0|0|0|0|0|0|0|0|0|0|0|0|0,117
United States,Delaware,Heavy trucks,2035,0|3|8|11|14|21|25|27|26|20|10|0|0|0|0|0|0|0|0|0|0|0|0|0|0|0|0|0|0|0|0,165
United States,Delaware,Heavy trucks,2036,0|3|8|14|18|21|30|33|34|31|23|11|0|0|0|0|0|0|0|0|0|0|0|0|0|0|0|0|0|0|0,226
United States,Delaware,Heavy trucks,2037,0|4|8|15|23|27|30|39|40|39|34|25|12|0|0|0|0|0|0|0|0|0|0|0|0|0|0|0|0|0|0,296
United States,Delaware,Heavy trucks,2038,0|5|10|16|24|34|38|39|48|47|44|36|25|13|0|0|0|0|0|0|0|0|0|0|0|0|0|0|0|0|0,379
United States,Delaware,Heavy trucks,2039,0|5|12|19|27|37|47|51|48|56|52|46|38|26|12|0|0|0|0|0|0|0|0|0|0|0|0|0|0|0|0,476
United States,Delaware,Heavy trucks,2040,0|5|12|21|31|41|52|62|64|57|62|55|48|39|26|12|0|0|0|0|0|0|0|0|0|0|0|0|0|0|0,587
United States,Delaware,Heavy trucks,2041,0|5|12|23|34|46|58|69|76|75|63|67|58|48|39|26|11|0|0|0|0|0|0|0|0|0|0|0|0|0|0,710
United States,Delaware,Heavy trucks,2042,0|7|13|23|37|51|65|77|86|89|83|68|69|58|48|38|24|10|0|0|0|0|0|0|0|0|0|0|0|0|0,846
United States,Delaware,Heavy trucks,2043,0|7|16|24|38|56|72|86|96|100|98|90|70|70|57|47|36|22|9|0|0|0|0|0|0|0|0|0|0|0|0,994
United States,Delaware,Heavy trucks,2044,0|7|16|29|40|57|78|95|107|111|111|105|93|71|70|56|45|34|20|8|0|0|0|0|0|0|0|0|0|0|0,1153
United States,Delaware,Heavy trucks,2045,0|7|16|29|48|61|80|102|117|124|124|119|108|94|71|68|55|42|30|17|7|0|0|0|0|0|0|0|0|0|0,1319
United States,Delaware,Heavy trucks,2046,0|7|16|29|48|72|86|106|126|136|139|132|123|110|93|69|66|50|37|26|14|5|0|0|0|0|0|0|0|0|0,1490
United States,Delaware,Heavy trucks,2047,0|6|16|29|48|72|101|113|132|147|152|149|138|124|109|91|67|61|45|32|21|11|4|0|0|0|0|0|0|0|0,1668
United States,Delaware,Heavy trucks,2048,0|6|15|29|48|72|101|133|141|155|165|163|154|140|123|107|87|62|55|39|26|16|8|3|0|0|0|0|0|0|0,1848
United States,Delaware,Heavy trucks,2049,0|6|15|28|48|72|101|133|164|165|174|177|168|157|140|120|102|81|55|47|32|20|12|6|2|0|0|0|0|0|0,2025
United States,Delaware,Heavy trucks,2050,0|6|15|28|46|72|101|133|164|192|184|186|184|171|157|136|115|94|72|47|38|25|15|9|4|1|0|0|0|0|0,2195
United States,Delaware,Medium trucks,2022,0|0|0|0|0|0|0|0|0|0|0|0|0|0|0|0|0|0|0|0|0|0|0|0|0|0|0|0|0|0|0,0
United States,Delaware,Medium trucks,2023,0|0|0|0|0|0|0|0|0|0|0|0|0|0|0|0|0|0|0|0|0|0|0|0|0|0|0|0|0|0|0,0
United States,Delaware,Medium trucks,2024,0|0|0|0|0|0|0|0|0|0|0|0|0|0|0|0|0|0|0|0|0|0|0|0|0|0|0|0|0|0|0,0
United States,Delaware,Medium trucks,2025,0|0|0|0|0|0|0|0|0|0|0|0|0|0|0|0|0|0|0|0|0|0|0|0|0|0|0|0|0|0|0,0
United States,Delaware,Medium trucks,2026,0|3|0|0|0|0|0|0|0|0|0|0|0|0|0|0|0|0|0|0|0|0|0|0|0|0|0|0|0|0|0,3
United States,Delaware,Medium trucks,2027,0|5|8|0|0|0|0|0|0|0|0|0|0|0|0|0|0|0|0|0|0|0|0|0|0|0|0|0|0|0|0,13
United States,Delaware,Medium trucks,2028,0|5|12|14|0|0|0|0|0|0|0|0|0|0|0|0|0|0|0|0|0|0|0|0|0|0|0|0|0|0|0,31
United States,Delaware,Medium trucks,2029,0|6|12|22|23|0|0|0|0|0|0|0|0|0|0|0|0|0|0|0|0|0|0|0|0|0|0|0|0|0|0,63
United States,Delaware,Medium trucks,2030,0|7|15|23|36|34|0|0|0|0|0|0|0|0|0|0|0|0|0|0|0|0|0|0|0|0|0|0|0|0|0,115
United States,Delaware,Medium trucks,2031,0|9|18|28|38|54|47|0|0|0|0|0|0|0|0|0|0|0|0|0|0|0|0|0|0|0|0|0|0|0|0,194
United States,Delaware,Medium trucks,2032,0|11|22|35|47|57|76|62|0|0|0|0|0|0|0|0|0|0|0|0|0|0|0|0|0|0|0|0|0|0|0,310
United States,Delaware,Medium trucks,2033,0|13|26|41|58|71|80|100|76|0|0|0|0|0|0|0|0|0|0|0|0|0|0|0|0|0|0|0|0|0|0,465
United States,Delaware,Medium trucks,2034,0|15|32|49|67|87|100|106|123|89|0|0|0|0|0|0|0|0|0|0|0|0|0|0|0|0|0|0|0|0|0,668
United States,Delaware,Medium trucks,2035,0|17|36|59|80|101|123|132|132|144|98|0|0|0|0|0|0|0|0|0|0|0|0|0|0|0|0|0|0|0|0,922
United States,Delaware,Medium trucks,2036,0|19|42|67|96|121|143|163|163|155|162|105|0|0|0|0|0|0|0|0|0|0|0|0|0|0|0|0|0|0|0,1236
United States,Delaware,Medium trucks,2037,0|21|47|77|110|146|171|189|201|191|174|174|108|0|0|0|0|0|0|0|0|0|0|0|0|0|0|0|0|0|0,1609
United States,Delaware,Medium trucks,2038,0|23|52|87|127|166|206|225|233|236|213|186|181|110|0|0|0|0|0|0|0|0|0|0|0|0|0|0|0|0|0,2045
United States,Delaware,Medium trucks,2039,0|24|56|98|143|191|233|271|277|273|263|229|195|183|109|0|0|0|0|0|0|0|0|0|0|0|0|0|0|0|0,2545
United States,Delaware,Medium trucks,2040,0|25|59|105|161|215|270|306|335|324|303|281|239|197|182|107|0|0|0|0|0|0|0|0|0|0|0|0|0|0|0,3109
United States,Delaware,Medium trucks,2041,0|27|62|111|172|242|303|354|379|391|362|325|292|243|195|177|102|0|0|0|0|0|0|0|0|0|0|0|0|0|0,3737
United States,Delaware,Medium trucks,2042,0|29|66|117|182|259|341|399|439|443|436|389|338|297|241|189|169|94|0|0|0|0|0|0|0|0|0|0|0|0|0,4428
United States,Delaware,Medium trucks,2043,0|29|71|124|192|275|364|447|493|512|493|468|405|343|296|235|181|157|85|0|0|0|0|0|0|0|0|0|0|0|0,5170
United States,Delaware,Medium trucks,2044,0|29|72|133|204|291|386|478|553|577|570|529|487|411|341|289|224|168|141|73|0|0|0|0|0|0|0|0|0|0|0,5956
United States,Delaware,Medium trucks,2045,0|29|72|134|217|308|409|506|591|647|643|611|550|494|409|332|275|208|151|121|59|0|0|0|0|0|0|0|0|0|0,6766
United States,Delaware,Medium trucks,2046,0|29|72|135|220|327|433|538|626|690|720|689|636|559|492|399|316|255|186|129|99|46|0|0|0|0|0|0|0|0|0,7596
United States,Delaware,Medium trucks,2047,0|30|73|136|221|331|458|570|665|733|770|771|717|646|556|480|381|294|230|160|106|77|34|0|0|0|0|0|0|0|0,8439
United States,Delaware,Medium trucks,2048,0|31|76|137|224|334|464|603|706|778|817|825|803|728|643|543|457|353|264|197|131|82|57|24|0|0|0|0|0|0|0,9277
United States,Delaware,Medium trucks,2049,0|31|77|141|225|339|468|612|746|825|868|877|858|814|724|627|518|424|317|227|161|102|61|40|17|0|0|0|0|0|0,10099
United States,Delaware,Medium trucks,2050,0|31|77|143|231|340|475|617|757|872|918|931|912|871|811|706|599|480|381|272|185|125|75|43|28|11|0|0|0|0|0,10891
United States,District of Columbia,Heavy trucks,2022,0|0|0|0|0|0|0|0|0|0|0|0|0|0|0|0|0|0|0|0|0|0|0|0|0|0|0|0|0|0|0,0
United States,District of Columbia,Heavy trucks,2023,0|0|0|0|0|0|0|0|0|0|0|0|0|0|0|0|0|0|0|0|0|0|0|0|0|0|0|0|0|0|0,0
United States,District of Columbia,Heavy trucks,2024,0|0|0|0|0|0|0|0|0|0|0|0|0|0|0|0|0|0|0|0|0|0|0|0|0|0|0|0|0|0|0,0
United States,District of Columbia,Heavy trucks,2025,0|0|0|0|0|0|0|0|0|0|0|0|0|0|0|0|0|0|0|0|0|0|0|0|0|0|0|0|0|0|0,0
United States,District of Columbia,Heavy trucks,2026,0|0|0|0|0|0|0|0|0|0|0|0|0|0|0|0|0|0|0|0|0|0|0|0|0|0|0|0|0|0|0,0
United States,District of Columbia,Heavy trucks,2027,0|1|1|0|0|0|0|0|0|0|0|0|0|0|0|0|0|0|0|0|0|0|0|0|0|0|0|0|0|0|0,2
United States,District of Columbia,Heavy trucks,2028,0|1|2|2|0|0|0|0|0|0|0|0|0|0|0|0|0|0|0|0|0|0|0|0|0|0|0|0|0|0|0,5
United States,District of Columbia,Heavy trucks,2029,0|1|2|3|3|0|0|0|0|0|0|0|0|0|0|0|0|0|0|0|0|0|0|0|0|0|0|0|0|0|0,9
United States,District of Columbia,Heavy trucks,2030,0|1|2|3|4|4|0|0|0|0|0|0|0|0|0|0|0|0|0|0|0|0|0|0|0|0|0|0|0|0|0,14
United States,District of Columbia,Heavy trucks,2031,0|1|2|4|5|6|5|0|0|0|0|0|0|0|0|0|0|0|0|0|0|0|0|0|0|0|0|0|0|0|0,23
United States,District of Columbia,Heavy trucks,2032,0|1|3|5|7|8|8|6|0|0|0|0|0|0|0|0|0|0|0|0|0|0|0|0|0|0|0|0|0|0|0,38
United States,District of Columbia,Heavy trucks,2033,0|2|3|6|8|10|11|11|7|0|0|0|0|0|0|0|0|0|0|0|0|0|0|0|0|0|0|0|0|0|0,58
United States,District of Columbia,Heavy trucks,2034,0|2|5|6|10|12|14|14|14|8|0|0|0|0|0|0|0|0|0|0|0|0|0|0|0|0|0|0|0|0|0,85
United States,District of Columbia,Heavy trucks,2035,0|3|5|9|10|15|17|19|17|16|9|0|0|0|0|0|0|0|0|0|0|0|0|0|0|0|0|0|0|0|0,120
United States,District of Columbia,Heavy trucks,2036,0|3|6|10|14|15|21|22|24|20|17|10|0|0|0|0|0|0|0|0|0|0|0|0|0|0|0|0|0|0|0,162
United States,District of Columbia,Heavy trucks,2037,0|3|7|11|16|21|22|28|27|28|23|18|11|0|0|0|0|0|0|0|0|0|0|0|0|0|0|0|0|0|0,215
United States,District of Columbia,Heavy trucks,2038,0|3|8|12|18|24|29|29|35|32|31|25|19|11|0|0|0|0|0|0|0|0|0|0|0|0|0|0|0|0|0,276
United States,District of Columbia,Heavy trucks,2039,0|3|8|15|20|27|33|38|36|40|36|34|25|19|10|0|0|0|0|0|0|0|0|0|0|0|0|0|0|0|0,344
United States,District of Columbia,Heavy trucks,2040,0|4|8|15|24|31|38|44|47|42|45|38|34|26|20|10|0|0|0|0|0|0|0|0|0|0|0|0|0|0|0,426
United States,District of Columbia,Heavy trucks,2041,0|4|9|15|24|35|44|50|55|55|47|47|40|35|26|19|9|0|0|0|0|0|0|0|0|0|0|0|0|0|0,514
United States,District of Columbia,Heavy trucks,2042,0|5|10|17|26|37|49|57|62|64|61|49|49|40|35|26|18|9|0|0|0|0|0|0|0|0|0|0|0|0|0,614
United States,District of Columbia,Heavy trucks,2043,0|5|12|19|28|39|52|64|70|73|70|66|52|49|41|35|24|17|8|0|0|0|0|0|0|0|0|0|0|0|0,724
United States,District of Columbia,Heavy trucks,2044,0|5|12|22|31|43|56|69|79|82|81|75|68|52|49|40|33|22|15|7|0|0|0|0|0|0|0|0|0|0|0,841
United States,District of Columbia,Heavy trucks,2045,0|5|12|22|35|46|60|74|86|92|90|87|77|69|52|48|38|30|20|13|6|0|0|0|0|0|0|0|0|0|0,962
United States,District of Columbia,Heavy trucks,2046,0|5|12|22|36|53|65|79|91|100|102|97|90|78|69|51|46|35|27|17|11|4|0|0|0|0|0|0|0|0|0,1090
United States,District of Columbia,Heavy trucks,2047,0|5|12|22|36|54|74|86|98|105|111|108|101|92|77|67|48|42|32|23|14|8|3|0|0|0|0|0|0|0|0,1218
United States,District of Columbia,Heavy trucks,2048,0|5|12|22|36|54|75|97|106|114|118|119|112|102|90|76|65|45|38|27|19|11|6|2|0|0|0|0|0|0|0,1351
United States,District of Columbia,Heavy trucks,2049,0|5|12|22|36|54|75|98|120|123|127|126|123|114|101|88|73|60|40|33|22|15|8|4|2|0|0|0|0|0|0,1481
United States,District of Columbia,Heavy trucks,2050,0|5|12|22|36|54|76|98|121|141|138|135|131|124|113|98|85|67|54|34|27|17|11|6|3|1|0|0|0|0|0,1609
United States,District of Columbia,Medium trucks,2022,0|0|0|0|0|0|0|0|0|0|0|0|0|0|0|0|0|0|0|0|0|0|0|0|0|0|0|0|0|0|0,0
United States,District of Columbia,Medium trucks,2023,0|0|0|0|0|0|0|0|0|0|0|0|0|0|0|0|0|0|0|0|0|0|0|0|0|0|0|0|0|0|0,0
United States,District of Columbia,Medium trucks,2024,0|0|0|0|0|0|0|0|0|0|0|0|0|0|0|0|0|0|0|0|0|0|0|0|0|0|0|0|0|0|0,0
United States,District of Columbia,Medium trucks,2025,0|0|0|0|0|0|0|0|0|0|0|0|0|0|0|0|0|0|0|0|0|0|0|0|0|0|0|0|0|0|0,0
United States,District of Columbia,Medium trucks,2026,0|2|0|0|0|0|0|0|0|0|0|0|0|0|0|0|0|0|0|0|0|0|0|0|0|0|0|0|0|0|0,2
United States,District of Columbia,Medium trucks,2027,0|3|5|0|0|0|0|0|0|0|0|0|0|0|0|0|0|0|0|0|0|0|0|0|0|0|0|0|0|0|0,8
United States,District of Columbia,Medium trucks,2028,0|3|8|10|0|0|0|0|0|0|0|0|0|0|0|0|0|0|0|0|0|0|0|0|0|0|0|0|0|0|0,21
United States,District of Columbia,Medium trucks,2029,0|5|8|15|16|0|0|0|0|0|0|0|0|0|0|0|0|0|0|0|0|0|0|0|0|0|0|0|0|0|0,44
United States,District of Columbia,Medium trucks,2030,0|5|12|16|25|23|0|0|0|0|0|0|0|0|0|0|0|0|0|0|0|0|0|0|0|0|0|0|0|0|0,81
United States,District of Columbia,Medium trucks,2031,0|7|13|21|27|38|32|0|0|0|0|0|0|0|0|0|0|0|0|0|0|0|0|0|0|0|0|0|0|0|0,138
United States,District of Columbia,Medium trucks,2032,0|7|16|24|34|41|53|42|0|0|0|0|0|0|0|0|0|0|0|0|0|0|0|0|0|0|0|0|0|0|0,217
United States,District of Columbia,Medium trucks,2033,0|9|18|29|40|51|58|70|52|0|0|0|0|0|0|0|0|0|0|0|0|0|0|0|0|0|0|0|0|0|0,327
United States,District of Columbia,Medium trucks,2034,0|11|22|34|48|61|72|77|87|61|0|0|0|0|0|0|0|0|0|0|0|0|0|0|0|0|0|0|0|0|0,473
United States,District of Columbia,Medium trucks,2035,0|12|26|41|56|73|86|94|95|101|67|0|0|0|0|0|0|0|0|0|0|0|0|0|0|0|0|0|0|0|0,651
United States,District of Columbia,Medium trucks,2036,0|13|30|48|68|85|102|113|116|110|112|72|0|0|0|0|0|0|0|0|0|0|0|0|0|0|0|0|0|0|0,869
United States,District of Columbia,Medium trucks,2037,0|15|33|55|79|103|121|135|141|135|123|120|74|0|0|0|0|0|0|0|0|0|0|0|0|0|0|0|0|0|0,1134
United States,District of Columbia,Medium trucks,2038,0|17|38|62|90|119|146|160|166|165|151|131|124|75|0|0|0|0|0|0|0|0|0|0|0|0|0|0|0|0|0,1444
United States,District of Columbia,Medium trucks,2039,0|17|42|71|102|137|167|193|197|195|184|162|136|125|74|0|0|0|0|0|0|0|0|0|0|0|0|0|0|0|0,1802
United States,District of Columbia,Medium trucks,2040,0|19|43|77|117|155|193|220|238|231|217|198|167|138|124|73|0|0|0|0|0|0|0|0|0|0|0|0|0|0|0,2210
United States,District of Columbia,Medium trucks,2041,0|20|46|80|127|177|219|255|271|279|258|233|206|170|137|121|70|0|0|0|0|0|0|0|0|0|0|0|0|0|0,2669
United States,District of Columbia,Medium trucks,2042,0|21|49|86|132|191|249|289|315|317|311|276|242|210|169|133|116|65|0|0|0|0|0|0|0|0|0|0|0|0|0,3171
United States,District of Columbia,Medium trucks,2043,0|21|52|92|142|200|268|327|358|369|355|333|287|247|208|164|127|108|58|0|0|0|0|0|0|0|0|0|0|0|0,3716
United States,District of Columbia,Medium trucks,2044,0|22|53|98|152|214|283|352|405|419|412|382|346|292|245|203|157|119|97|50|0|0|0|0|0|0|0|0|0|0|0,4301
United States,District of Columbia,Medium trucks,2045,0|22|55|100|161|229|301|372|435|473|467|442|397|351|291|239|194|146|106|83|41|0|0|0|0|0|0|0|0|0|0,4905
United States,District of Columbia,Medium trucks,2046,0|23|55|103|164|243|322|395|461|507|526|501|460|403|349|284|227|180|130|91|68|32|0|0|0|0|0|0|0|0|0,5524
United States,District of Columbia,Medium trucks,2047,0|23|56|103|168|247|342|422|489|538|564|563|521|468|402|340|271|211|161|112|74|53|23|0|0|0|0|0|0|0|0,6151
United States,District of Columbia,Medium trucks,2048,0|23|57|105|169|253|348|449|521|572|600|605|586|530|466|392|323|251|189|138|92|58|39|17|0|0|0|0|0|0|0,6783
United States,District of Columbia,Medium trucks,2049,0|23|58|107|172|256|355|457|556|610|638|644|629|595|528|455|373|300|226|162|113|71|43|28|11|0|0|0|0|0|0,7410
United States,District of Columbia,Medium trucks,2050,0|24|58|108|175|260|360|465|566|651|679|683|670|638|592|516|433|346|270|194|133|88|53|30|19|8|0|0|0|0|0,8019
United States,Florida,Heavy trucks,2022,0|0|0|0|0|0|0|0|0|0|0|0|0|0|0|0|0|0|0|0|0|0|0|0|0|0|0|0|0|0|0,0
United States,Florida,Heavy trucks,2023,0|0|0|0|0|0|0|0|0|0|0|0|0|0|0|0|0|0|0|0|0|0|0|0|0|0|0|0|0|0|0,0
United States,Florida,Heavy trucks,2024,0|0|0|0|0|0|0|0|0|0|0|0|0|0|0|0|0|0|0|0|0|0|0|0|0|0|0|0|0|0|0,0
United States,Florida,Heavy trucks,2025,0|1|0|0|0|0|0|0|0|0|0|0|0|0|0|0|0|0|0|0|0|0|0|0|0|0|0|0|0|0|0,1
United States,Florida,Heavy trucks,2026,0|7|2|1|0|0|0|0|0|0|0|0|0|0|0|0|0|0|0|0|0|0|0|0|0|0|0|0|0|0|0,10
United States,Florida,Heavy trucks,2027,0|15|18|3|2|0|0|0|0|0|0|0|0|0|0|0|0|0|0|0|0|0|0|0|0|0|0|0|0|0|0,38
United States,Florida,Heavy trucks,2028,0|23|38|33|4|3|0|0|0|0|0|0|0|0|0|0|0|0|0|0|0|0|0|0|0|0|0|0|0|0|0,101
United States,Florida,Heavy trucks,2029,0|28|57|71|54|6|4|0|0|0|0|0|0|0|0|0|0|0|0|0|0|0|0|0|0|0|0|0|0|0|0,220
United States,Florida,Heavy trucks,2030,0|35|70|107|117|81|9|5|0|0|0|0|0|0|0|0|0|0|0|0|0|0|0|0|0|0|0|0|0|0|0,424
United States,Florida,Heavy trucks,2031,0|41|87|131|176|177|113|12|6|0|0|0|0|0|0|0|0|0|0|0|0|0|0|0|0|0|0|0|0|0|0,743
United States,Florida,Heavy trucks,2032,0|43|102|162|215|266|248|149|15|7|0|0|0|0|0|0|0|0|0|0|0|0|0|0|0|0|0|0|0|0|0,1207
United States,Florida,Heavy trucks,2033,0|57|107|190|266|325|374|326|184|18|8|0|0|0|0|0|0|0|0|0|0|0|0|0|0|0|0|0|0|0|0,1855
United States,Florida,Heavy trucks,2034,0|66|141|199|311|401|455|491|403|216|20|9|0|0|0|0|0|0|0|0|0|0|0|0|0|0|0|0|0|0|0,2712
United States,Florida,Heavy trucks,2035,0|75|163|262|328|468|562|600|607|471|241|21|9|0|0|0|0|0|0|0|0|0|0|0|0|0|0|0|0|0|0,3807
United States,Florida,Heavy trucks,2036,0|85|187|304|429|495|658|741|742|709|524|257|22|9|0|0|0|0|0|0|0|0|0|0|0|0|0|0|0|0|0,5162
United States,Florida,Heavy trucks,2037,0|94|212|348|498|647|695|865|915|867|791|561|268|22|8|0|0|0|0|0|0|0|0|0|0|0|0|0|0|0|0,6791
United States,Florida,Heavy trucks,2038,0|105|235|393|570|749|908|913|1070|1070|966|849|584|272|23|8|0|0|0|0|0|0|0|0|0|0|0|0|0|0|0,8715
United States,Florida,Heavy trucks,2039,0|113|259|437|644|858|1053|1194|1131|1251|1191|1036|883|593|272|22|8|0|0|0|0|0|0|0|0|0|0|0|0|0|0,10945
United States,Florida,Heavy trucks,2040,0|121|279|481|716|969|1205|1384|1475|1321|1393|1277|1077|897|590|265|21|7|0|0|0|0|0|0|0|0|0|0|0|0|0,13478
United States,Florida,Heavy trucks,2041,0|129|300|519|787|1078|1360|1584|1711|1724|1472|1493|1328|1094|893|576|253|19|6|0|0|0|0|0|0|0|0|0|0|0|0,16326
United States,Florida,Heavy trucks,2042,0|147|321|558|849|1183|1515|1789|1959|2000|1921|1577|1553|1349|1089|871|550|235|17|6|0|0|0|0|0|0|0|0|0|0|0,19489
United States,Florida,Heavy trucks,2043,0|149|366|597|915|1278|1662|1994|2211|2289|2228|2059|1640|1578|1343|1062|831|510|211|15|5|0|0|0|0|0|0|0|0|0|0,22943
United States,Florida,Heavy trucks,2044,0|149|370|681|978|1377|1793|2186|2465|2584|2550|2389|2142|1666|1571|1309|1014|771|458|181|12|4|0|0|0|0|0|0|0|0|0,26650
United States,Florida,Heavy trucks,2045,0|149|371|687|1116|1472|1933|2358|2702|2882|2879|2734|2485|2175|1658|1532|1250|942|691|393|148|9|3|0|0|0|0|0|0|0|0,30569
United States,Florida,Heavy trucks,2046,0|149|371|690|1127|1681|2067|2541|2914|3158|3211|3085|2844|2524|2165|1618|1463|1160|844|594|321|115|7|2|0|0|0|0|0|0|0,34651
United States,Florida,Heavy trucks,2047,0|149|371|690|1130|1696|2360|2719|3140|3406|3519|3443|3209|2889|2512|2113|1544|1357|1040|725|486|250|85|5|1|0|0|0|0|0|0,38839
United States,Florida,Heavy trucks,2048,0|147|369|690|1132|1701|2381|3106|3361|3669|3795|3773|3581|3260|2875|2450|2015|1433|1216|893|593|378|185|60|3|1|0|0|0|0|0,43067
United States,Florida,Heavy trucks,2049,0|147|365|686|1132|1706|2388|3133|3841|3928|4088|4067|3925|3637|3244|2805|2338|1872|1283|1045|730|461|279|131|42|2|1|0|0|0|0,47276
United States,Florida,Heavy trucks,2050,0|147|365|679|1124|1706|2395|3141|3873|4490|4376|4383|4231|3987|3619|3165|2677|2170|1678|1102|855|568|341|198|90|28|1|0|0|0|0,51389
United States,Florida,Medium trucks,2022,0|0|0|0|0|0|0|0|0|0|0|0|0|0|0|0|0|0|0|0|0|0|0|0|0|0|0|0|0|0|0,0
United States,Florida,Medium trucks,2023,0|0|0|0|0|0|0|0|0|0|0|0|0|0|0|0|0|0|0|0|0|0|0|0|0|0|0|0|0|0|0,0
United States,Florida,Medium trucks,2024,0|1|0|0|0|0|0|0|0|0|0|0|0|0|0|0|0|0|0|0|0|0|0|0|0|0|0|0|0|0|0,1
United States,Florida,Medium trucks,2025,0|1|2|0|0|0|0|0|0|0|0|0|0|0|0|0|0|0|0|0|0|0|0|0|0|0|0|0|0|0|0,3
United States,Florida,Medium trucks,2026,0|64|2|3|0|0|0|0|0|0|0|0|0|0|0|0|0|0|0|0|0|0|0|0|0|0|0|0|0|0|0,69
United States,Florida,Medium trucks,2027,0|107|159|3|4|0|0|0|0|0|0|0|0|0|0|0|0|0|0|0|0|0|0|0|0|0|0|0|0|0|0,273
United States,Florida,Medium trucks,2028,0|116|264|296|4|6|0|0|0|0|0|0|0|0|0|0|0|0|0|0|0|0|0|0|0|0|0|0|0|0|0,686
United States,Florida,Medium trucks,2029,0|140|287|490|486|6|9|0|0|0|0|0|0|0|0|0|0|0|0|0|0|0|0|0|0|0|0|0|0|0|0,1418
United States,Florida,Medium trucks,2030,0|173|348|534|802|732|9|12|0|0|0|0|0|0|0|0|0|0|0|0|0|0|0|0|0|0|0|0|0|0|0,2610
United States,Florida,Medium trucks,2031,0|201|432|647|874|1207|1027|12|15|0|0|0|0|0|0|0|0|0|0|0|0|0|0|0|0|0|0|0|0|0|0,4415
United States,Florida,Medium trucks,2032,0|238|498|804|1060|1315|1695|1351|15|18|0|0|0|0|0|0|0|0|0|0|0|0|0|0|0|0|0|0|0|0|0,6994
United States,Florida,Medium trucks,2033,0|289|592|927|1316|1596|1847|2229|1669|17|20|0|0|0|0|0|0|0|0|0|0|0|0|0|0|0|0|0|0|0|0,10502
United States,Florida,Medium trucks,2034,0|327|718|1101|1518|1984|2242|2430|2756|1950|19|21|0|0|0|0|0|0|0|0|0|0|0|0|0|0|0|0|0|0|0,15066
United States,Florida,Medium trucks,2035,0|380|813|1336|1803|2286|2785|2948|3004|3221|2173|20|22|0|0|0|0|0|0|0|0|0|0|0|0|0|0|0|0|0|0,20791
United States,Florida,Medium trucks,2036,0|431|945|1514|2188|2716|3211|3662|3644|3510|3589|2329|21|22|0|0|0|0|0|0|0|0|0|0|0|0|0|0|0|0|0,27782
United States,Florida,Medium trucks,2037,0|485|1072|1760|2481|3296|3815|4224|4528|4258|3911|3848|2423|21|23|0|0|0|0|0|0|0|0|0|0|0|0|0|0|0|0,36145
United States,Florida,Medium trucks,2038,0|518|1205|1995|2883|3736|4628|5017|5223|5293|4744|4193|4003|2462|22|22|0|0|0|0|0|0|0|0|0|0|0|0|0|0|0,45944
United States,Florida,Medium trucks,2039,0|554|1288|2242|3268|4343|5248|6088|6202|6105|5897|5086|4363|4066|2450|21|21|0|0|0|0|0|0|0|0|0|0|0|0|0|0,57242
United States,Florida,Medium trucks,2040,0|589|1377|2396|3673|4922|6099|6903|7525|7249|6801|6322|5289|4432|4046|2391|20|19|0|0|0|0|0|0|0|0|0|0|0|0|0,70053
United States,Florida,Medium trucks,2041,0|626|1464|2560|3926|5531|6911|8022|8535|8795|8077|7292|6576|5372|4410|3949|2282|18|17|0|0|0|0|0|0|0|0|0|0|0|0,84363
United States,Florida,Medium trucks,2042,0|666|1556|2723|4193|5915|7767|9091|9918|9974|9799|8658|7586|6679|5346|4303|3767|2118|16|15|0|0|0|0|0|0|0|0|0|0|0,100090
United States,Florida,Medium trucks,2043,0|678|1655|2895|4461|6317|8307|10216|11239|11592|11113|10505|9006|7705|6647|5216|4106|3496|1900|14|12|0|0|0|0|0|0|0|0|0|0,117080
United States,Florida,Medium trucks,2044,0|689|1685|3078|4743|6720|8869|10926|12631|13136|12916|11913|10928|9147|7668|6486|4977|3811|3134|1632|12|9|0|0|0|0|0|0|0|0|0,135110
United States,Florida,Medium trucks,2045,0|701|1712|3134|5042|7144|9436|11665|13508|14763|14636|13846|12392|11099|9103|7481|6188|4620|3417|2692|1335|9|7|0|0|0|0|0|0|0|0,153930
United States,Florida,Medium trucks,2046,0|711|1740|3184|5134|7595|10033|12411|14422|15787|16449|15690|14403|12586|11047|8882|7137|5744|4142|2936|2202|1037|7|5|0|0|0|0|0|0|0,173284
United States,Florida,Medium trucks,2047,0|723|1767|3237|5216|7733|10665|13197|15345|16856|17590|17634|16321|14630|12526|10778|8474|6625|5148|3558|2401|1712|768|5|3|0|0|0|0|0|0,192912
United States,Florida,Medium trucks,2048,0|733|1795|3287|5302|7857|10860|14027|16315|17935|18781|18857|18343|16577|14559|12222|10283|7867|5939|4423|2910|1867|1267|545|3|2|0|0|0|0|0,212556
United States,Florida,Medium trucks,2049,0|743|1821|3339|5385|7986|11033|14284|17341|19070|19983|20133|19615|18630|16498|14205|11662|9545|7052|5101|3617|2262|1382|900|374|2|1|0|0|0|0,231964
United States,Florida,Medium trucks,2050,0|756|1847|3387|5469|8111|11213|14510|17659|20269|21248|21423|20943|19923|18541|16096|13554|10825|8558|6059|4172|2812|1675|981|618|251|1|1|0|0|0,250902
United States,Georgia,Heavy trucks,2022,0|0|0|0|0|0|0|0|0|0|0|0|0|0|0|0|0|0|0|0|0|0|0|0|0|0|0|0|0|0|0,0
United States,Georgia,Heavy trucks,2023,0|0|0|0|0|0|0|0|0|0|0|0|0|0|0|0|0|0|0|0|0|0|0|0|0|0|0|0|0|0|0,0
United States,Georgia,Heavy trucks,2024,0|0|0|0|0|0|0|0|0|0|0|0|0|0|0|0|0|0|0|0|0|0|0|0|0|0|0|0|0|0|0,0
United States,Georgia,Heavy trucks,2025,0|1|0|0|0|0|0|0|0|0|0|0|0|0|0|0|0|0|0|0|0|0|0|0|0|0|0|0|0|0|0,1
United States,Georgia,Heavy trucks,2026,0|3|2|0|0|0|0|0|0|0|0|0|0|0|0|0|0|0|0|0|0|0|0|0|0|0|0|0|0|0|0,5
United States,Georgia,Heavy trucks,2027,0|7|8|3|0|0|0|0|0|0|0|0|0|0|0|0|0|0|0|0|0|0|0|0|0|0|0|0|0|0|0,18
United States,Georgia,Heavy trucks,2028,0|11|18|15|4|1|0|0|0|0|0|0|0|0|0|0|0|0|0|0|0|0|0|0|0|0|0|0|0|0|0,49
United States,Georgia,Heavy trucks,2029,0|14|28|34|25|5|2|0|0|0|0|0|0|0|0|0|0|0|0|0|0|0|0|0|0|0|0|0|0|0|0,108
United States,Georgia,Heavy trucks,2030,0|17|35|52|56|38|6|3|0|0|0|0|0|0|0|0|0|0|0|0|0|0|0|0|0|0|0|0|0|0|0,207
United States,Georgia,Heavy trucks,2031,0|19|42|64|85|85|53|7|4|0|0|0|0|0|0|0|0|0|0|0|0|0|0|0|0|0|0|0|0|0|0,359
United States,Georgia,Heavy trucks,2032,0|21|48|78|105|129|121|70|8|5|0|0|0|0|0|0|0|0|0|0|0|0|0|0|0|0|0|0|0|0|0,585
United States,Georgia,Heavy trucks,2033,0|27|52|90|128|159|182|159|87|9|5|0|0|0|0|0|0|0|0|0|0|0|0|0|0|0|0|0|0|0|0,898
United States,Georgia,Heavy trucks,2034,0|31|67|98|149|194|223|240|196|101|10|5|0|0|0|0|0|0|0|0|0|0|0|0|0|0|0|0|0|0|0,1314
United States,Georgia,Heavy trucks,2035,0|35|79|125|160|225|273|293|297|230|113|11|5|0|0|0|0|0|0|0|0|0|0|0|0|0|0|0|0|0|0,1846
United States,Georgia,Heavy trucks,2036,0|40|89|147|205|240|318|359|363|347|256|121|12|5|0|0|0|0|0|0|0|0|0|0|0|0|0|0|0|0|0,2502
United States,Georgia,Heavy trucks,2037,0|45|100|166|241|310|337|418|444|425|387|274|126|13|5|0|0|0|0|0|0|0|0|0|0|0|0|0|0|0|0,3291
United States,Georgia,Heavy trucks,2038,0|50|112|186|273|362|436|443|516|518|473|415|285|127|12|5|0|0|0|0|0|0|0|0|0|0|0|0|0|0|0,4213
United States,Georgia,Heavy trucks,2039,0|53|123|209|306|411|507|574|548|605|577|507|432|290|126|12|4|0|0|0|0|0|0|0|0|0|0|0|0|0|0,5284
United States,Georgia,Heavy trucks,2040,0|57|131|229|342|461|576|667|711|641|674|618|527|439|289|123|11|4|0|0|0|0|0|0|0|0|0|0|0|0|0,6500
United States,Georgia,Heavy trucks,2041,0|61|141|244|374|515|648|759|824|832|714|724|643|536|437|282|118|10|4|0|0|0|0|0|0|0|0|0|0|0|0,7866
United States,Georgia,Heavy trucks,2042,0|69|151|262|399|563|723|852|938|963|927|765|753|654|534|425|269|110|9|3|0|0|0|0|0|0|0|0|0|0|0,9369
United States,Georgia,Heavy trucks,2043,0|70|172|280|429|601|789|951|1055|1096|1073|994|796|764|651|521|406|250|98|8|3|0|0|0|0|0|0|0|0|0|0,11007
United States,Georgia,Heavy trucks,2044,0|70|173|319|459|648|844|1038|1176|1233|1223|1150|1034|808|761|635|497|376|225|84|7|2|0|0|0|0|0|0|0|0|0,12762
United States,Georgia,Heavy trucks,2045,0|70|173|321|523|692|909|1112|1283|1374|1374|1311|1196|1051|804|743|606|461|338|193|69|5|1|0|0|0|0|0|0|0|0,14609
United States,Georgia,Heavy trucks,2046,0|69|173|321|525|787|971|1196|1376|1499|1531|1473|1364|1214|1046|785|708|562|414|290|158|54|4|1|0|0|0|0|0|0|0,16521
United States,Georgia,Heavy trucks,2047,0|68|172|321|525|790|1106|1277|1477|1609|1671|1641|1534|1384|1209|1020|749|657|504|355|237|122|40|3|1|0|0|0|0|0|0,18472
United States,Georgia,Heavy trucks,2048,0|68|170|319|525|789|1111|1454|1579|1726|1793|1791|1707|1559|1377|1180|974|694|589|434|290|184|91|28|2|0|0|0|0|0|0,20434
United States,Georgia,Heavy trucks,2049,0|67|169|316|523|789|1109|1461|1798|1846|1924|1922|1863|1733|1552|1344|1125|904|622|506|355|226|136|64|19|1|0|0|0|0|0,22374
United States,Georgia,Heavy trucks,2050,0|68|167|313|518|787|1110|1457|1806|2102|2056|2062|1999|1892|1724|1514|1283|1045|810|535|414|275|167|97|44|13|1|0|0|0|0,24259
United States,Georgia,Medium trucks,2022,0|0|0|0|0|0|0|0|0|0|0|0|0|0|0|0|0|0|0|0|0|0|0|0|0|0|0|0|0|0|0,0
United States,Georgia,Medium trucks,2023,0|0|0|0|0|0|0|0|0|0|0|0|0|0|0|0|0|0|0|0|0|0|0|0|0|0|0|0|0|0|0,0
United States,Georgia,Medium trucks,2024,0|1|0|0|0|0|0|0|0|0|0|0|0|0|0|0|0|0|0|0|0|0|0|0|0|0|0|0|0|0|0,1
United States,Georgia,Medium trucks,2025,0|1|2|0|0|0|0|0|0|0|0|0|0|0|0|0|0|0|0|0|0|0|0|0|0|0|0|0|0|0|0,3
United States,Georgia,Medium trucks,2026,0|31|2|3|0|0|0|0|0|0|0|0|0|0|0|0|0|0|0|0|0|0|0|0|0|0|0|0|0|0|0,36
United States,Georgia,Medium trucks,2027,0|52|78|3|4|0|0|0|0|0|0|0|0|0|0|0|0|0|0|0|0|0|0|0|0|0|0|0|0|0|0,137
United States,Georgia,Medium trucks,2028,0|56|129|146|4|5|0|0|0|0|0|0|0|0|0|0|0|0|0|0|0|0|0|0|0|0|0|0|0|0|0,340
United States,Georgia,Medium trucks,2029,0|68|140|240|239|5|6|0|0|0|0|0|0|0|0|0|0|0|0|0|0|0|0|0|0|0|0|0|0|0|0,698
United States,Georgia,Medium trucks,2030,0|84|170|261|393|360|6|7|0|0|0|0|0|0|0|0|0|0|0|0|0|0|0|0|0|0|0|0|0|0|0,1281
United States,Georgia,Medium trucks,2031,0|97|210|316|427|592|505|7|8|0|0|0|0|0|0|0|0|0|0|0|0|0|0|0|0|0|0|0|0|0|0,2162
United States,Georgia,Medium trucks,2032,0|116|242|391|518|644|830|665|8|9|0|0|0|0|0|0|0|0|0|0|0|0|0|0|0|0|0|0|0|0|0,3423
United States,Georgia,Medium trucks,2033,0|139|287|450|641|778|904|1093|821|9|10|0|0|0|0|0|0|0|0|0|0|0|0|0|0|0|0|0|0|0|0,5132
United States,Georgia,Medium trucks,2034,0|157|347|534|737|965|1093|1190|1351|960|10|11|0|0|0|0|0|0|0|0|0|0|0|0|0|0|0|0|0|0|0,7355
United States,Georgia,Medium trucks,2035,0|182|391|645|874|1110|1356|1437|1470|1580|1070|11|12|0|0|0|0|0|0|0|0|0|0|0|0|0|0|0|0|0|0,10138
United States,Georgia,Medium trucks,2036,0|206|453|729|1056|1316|1560|1785|1778|1719|1760|1147|12|13|0|0|0|0|0|0|0|0|0|0|0|0|0|0|0|0|0,13534
United States,Georgia,Medium trucks,2037,0|230|512|844|1194|1591|1849|2052|2207|2077|1915|1888|1193|13|12|0|0|0|0|0|0|0|0|0|0|0|0|0|0|0|0,17577
United States,Georgia,Medium trucks,2038,0|246|573|953|1382|1798|2235|2432|2537|2580|2314|2052|1963|1212|12|12|0|0|0|0|0|0|0|0|0|0|0|0|0|0|0,22301
United States,Georgia,Medium trucks,2039,0|262|611|1067|1560|2083|2524|2940|3006|2966|2875|2481|2135|1994|1206|12|11|0|0|0|0|0|0|0|0|0|0|0|0|0|0,27733
United States,Georgia,Medium trucks,2040,0|278|651|1138|1747|2350|2925|3321|3635|3513|3304|3081|2582|2169|1985|1177|11|10|0|0|0|0|0|0|0|0|0|0|0|0|0,33877
United States,Georgia,Medium trucks,2041,0|294|691|1211|1863|2631|3300|3848|4105|4248|3914|3541|3205|2622|2158|1937|1123|10|9|0|0|0|0|0|0|0|0|0|0|0|0,40710
United States,Georgia,Medium trucks,2042,0|311|731|1284|1983|2807|3695|4341|4756|4799|4734|4196|3685|3256|2609|2106|1848|1043|9|8|0|0|0|0|0|0|0|0|0|0|0,48201
United States,Georgia,Medium trucks,2043,0|316|773|1360|2102|2986|3942|4860|5368|5560|5347|5075|4366|3744|3240|2545|2009|1715|934|8|7|0|0|0|0|0|0|0|0|0|0,56257
United States,Georgia,Medium trucks,2044,0|319|785|1440|2227|3167|4192|5183|6009|6274|6194|5733|5279|4435|3726|3161|2429|1866|1538|803|7|5|0|0|0|0|0|0|0|0|0,64772
United States,Georgia,Medium trucks,2045,0|323|794|1462|2359|3355|4446|5514|6407|7023|6991|6639|5963|5361|4414|3635|3017|2254|1673|1321|656|5|4|0|0|0|0|0|0|0|0,73616
United States,Georgia,Medium trucks,2046,0|327|805|1479|2394|3555|4712|5848|6817|7489|7825|7494|6905|6056|5336|4307|3468|2801|2022|1437|1081|510|4|3|0|0|0|0|0|0|0,82675
United States,Georgia,Medium trucks,2047,0|331|814|1498|2422|3606|4991|6198|7230|7967|8344|8389|7795|7014|6026|5206|4109|3218|2511|1736|1176|840|378|3|2|0|0|0|0|0|0,91804
United States,Georgia,Medium trucks,2048,0|335|824|1515|2452|3649|5063|6565|7661|8450|8877|8945|8726|7916|6981|5879|4967|3814|2885|2156|1420|914|622|268|2|1|0|0|0|0|0,100887
United States,Georgia,Medium trucks,2049,0|340|833|1533|2482|3694|5123|6660|8117|8954|9414|9517|9305|8863|7879|6811|5610|4611|3420|2477|1764|1104|676|442|184|1|1|0|0|0|0,109815
United States,Georgia,Medium trucks,2050,0|344|844|1550|2512|3739|5187|6740|8234|9487|9977|10093|9900|9451|8821|7687|6499|5208|4134|2938|2026|1370|817|480|303|123|1|1|0|0|0,118466
United States,Hawaii,Heavy trucks,2022,0|0|0|0|0|0|0|0|0|0|0|0|0|0|0|0|0|0|0|0|0|0|0|0|0|0|0|0|0|0|0,0
United States,Hawaii,Heavy trucks,2023,0|0|0|0|0|0|0|0|0|0|0|0|0|0|0|0|0|0|0|0|0|0|0|0|0|0|0|0|0|0|0,0
United States,Hawaii,Heavy trucks,2024,0|0|0|0|0|0|0|0|0|0|0|0|0|0|0|0|0|0|0|0|0|0|0|0|0|0|0|0|0|0|0,0
United States,Hawaii,Heavy trucks,2025,0|0|0|0|0|0|0|0|0|0|0|0|0|0|0|0|0|0|0|0|0|0|0|0|0|0|0|0|0|0|0,0
United States,Hawaii,Heavy trucks,2026,0|1|0|0|0|0|0|0|0|0|0|0|0|0|0|0|0|0|0|0|0|0|0|0|0|0|0|0|0|0|0,1
United States,Hawaii,Heavy trucks,2027,0|1|2|0|0|0|0|0|0|0|0|0|0|0|0|0|0|0|0|0|0|0|0|0|0|0|0|0|0|0|0,3
United States,Hawaii,Heavy trucks,2028,0|1|2|3|0|0|0|0|0|0|0|0|0|0|0|0|0|0|0|0|0|0|0|0|0|0|0|0|0|0|0,6
United States,Hawaii,Heavy trucks,2029,0|2|3|4|4|0|0|0|0|0|0|0|0|0|0|0|0|0|0|0|0|0|0|0|0|0|0|0|0|0|0,13
United States,Hawaii,Heavy trucks,2030,0|2|5|6|7|6|0|0|0|0|0|0|0|0|0|0|0|0|0|0|0|0|0|0|0|0|0|0|0|0|0,26
United States,Hawaii,Heavy trucks,2031,0|3|5|9|11|11|8|0|0|0|0|0|0|0|0|0|0|0|0|0|0|0|0|0|0|0|0|0|0|0|0,47
United States,Hawaii,Heavy trucks,2032,0|3|7|10|14|17|16|11|0|0|0|0|0|0|0|0|0|0|0|0|0|0|0|0|0|0|0|0|0|0|0,78
United States,Hawaii,Heavy trucks,2033,0|3|7|12|17|21|24|21|14|0|0|0|0|0|0|0|0|0|0|0|0|0|0|0|0|0|0|0|0|0|0,119
United States,Hawaii,Heavy trucks,2034,0|4|8|13|19|26|30|31|26|16|0|0|0|0|0|0|0|0|0|0|0|0|0|0|0|0|0|0|0|0|0,173
United States,Hawaii,Heavy trucks,2035,0|5|10|15|21|29|37|39|38|31|17|0|0|0|0|0|0|0|0|0|0|0|0|0|0|0|0|0|0|0|0,242
United States,Hawaii,Heavy trucks,2036,0|5|12|19|26|32|41|48|48|45|34|18|0|0|0|0|0|0|0|0|0|0|0|0|0|0|0|0|0|0|0,328
United States,Hawaii,Heavy trucks,2037,0|6|13|22|31|39|45|54|59|56|50|36|19|0|0|0|0|0|0|0|0|0|0|0|0|0|0|0|0|0|0,430
United States,Hawaii,Heavy trucks,2038,0|7|15|24|36|46|56|59|67|69|62|53|37|19|0|0|0|0|0|0|0|0|0|0|0|0|0|0|0|0|0,550
United States,Hawaii,Heavy trucks,2039,0|7|16|28|39|54|65|74|72|78|76|67|56|38|20|0|0|0|0|0|0|0|0|0|0|0|0|0|0|0|0,690
United States,Hawaii,Heavy trucks,2040,0|7|17|29|45|59|75|86|91|84|86|81|69|56|38|19|0|0|0|0|0|0|0|0|0|0|0|0|0|0|0,842
United States,Hawaii,Heavy trucks,2041,0|7|18|32|48|67|83|98|107|105|92|93|84|70|56|37|18|0|0|0|0|0|0|0|0|0|0|0|0|0|0,1015
United States,Hawaii,Heavy trucks,2042,0|9|18|33|52|72|94|110|121|124|118|99|97|86|70|55|35|17|0|0|0|0|0|0|0|0|0|0|0|0|0,1210
United States,Hawaii,Heavy trucks,2043,0|9|22|35|54|78|101|123|137|142|139|126|103|98|85|68|53|33|15|0|0|0|0|0|0|0|0|0|0|0|0,1421
United States,Hawaii,Heavy trucks,2044,0|9|22|41|58|81|109|134|153|160|160|149|131|104|97|83|66|49|29|13|0|0|0|0|0|0|0|0|0|0|0,1648
United States,Hawaii,Heavy trucks,2045,0|9|22|41|67|87|114|144|165|178|179|172|154|133|103|95|80|61|44|25|11|0|0|0|0|0|0|0|0|0|0,1884
United States,Hawaii,Heavy trucks,2046,0|9|22|41|67|100|123|152|177|193|199|192|179|157|132|100|91|74|55|38|21|8|0|0|0|0|0|0|0|0|0,2130
United States,Hawaii,Heavy trucks,2047,0|9|22|41|66|100|141|163|188|207|215|214|200|181|157|128|96|84|66|47|31|16|6|0|0|0|0|0|0|0|0,2378
United States,Hawaii,Heavy trucks,2048,0|9|22|41|66|99|141|186|201|220|230|231|223|203|180|152|123|89|75|57|38|24|12|4|0|0|0|0|0|0|0,2626
United States,Hawaii,Heavy trucks,2049,0|9|22|40|66|99|140|186|229|236|245|247|240|227|202|175|145|115|80|65|46|30|18|8|3|0|0|0|0|0|0,2873
United States,Hawaii,Heavy trucks,2050,0|9|22|40|65|99|140|185|229|269|263|263|256|245|224|196|167|135|103|68|53|36|22|13|6|2|0|0|0|0|0,3110
United States,Hawaii,Medium trucks,2022,0|0|0|0|0|0|0|0|0|0|0|0|0|0|0|0|0|0|0|0|0|0|0|0|0|0|0|0|0|0|0,0
United States,Hawaii,Medium trucks,2023,0|0|0|0|0|0|0|0|0|0|0|0|0|0|0|0|0|0|0|0|0|0|0|0|0|0|0|0|0|0|0,0
United States,Hawaii,Medium trucks,2024,0|0|0|0|0|0|0|0|0|0|0|0|0|0|0|0|0|0|0|0|0|0|0|0|0|0|0|0|0|0|0,0
United States,Hawaii,Medium trucks,2025,0|0|0|0|0|0|0|0|0|0|0|0|0|0|0|0|0|0|0|0|0|0|0|0|0|0|0|0|0|0|0,0
United States,Hawaii,Medium trucks,2026,0|4|0|0|0|0|0|0|0|0|0|0|0|0|0|0|0|0|0|0|0|0|0|0|0|0|0|0|0|0|0,4
United States,Hawaii,Medium trucks,2027,0|7|10|0|0|0|0|0|0|0|0|0|0|0|0|0|0|0|0|0|0|0|0|0|0|0|0|0|0|0|0,17
United States,Hawaii,Medium trucks,2028,0|7|17|19|0|0|0|0|0|0|0|0|0|0|0|0|0|0|0|0|0|0|0|0|0|0|0|0|0|0|0,43
United States,Hawaii,Medium trucks,2029,0|9|18|32|32|0|0|0|0|0|0|0|0|0|0|0|0|0|0|0|0|0|0|0|0|0|0|0|0|0|0,91
United States,Hawaii,Medium trucks,2030,0|11|22|34|53|48|0|0|0|0|0|0|0|0|0|0|0|0|0|0|0|0|0|0|0|0|0|0|0|0|0,168
United States,Hawaii,Medium trucks,2031,0|13|28|41|56|80|67|0|0|0|0|0|0|0|0|0|0|0|0|0|0|0|0|0|0|0|0|0|0|0|0,285
United States,Hawaii,Medium trucks,2032,0|15|32|52|68|85|111|88|0|0|0|0|0|0|0|0|0|0|0|0|0|0|0|0|0|0|0|0|0|0|0,451
United States,Hawaii,Medium trucks,2033,0|18|38|59|85|103|121|147|109|0|0|0|0|0|0|0|0|0|0|0|0|0|0|0|0|0|0|0|0|0|0,680
United States,Hawaii,Medium trucks,2034,0|21|45|71|96|129|145|159|181|127|0|0|0|0|0|0|0|0|0|0|0|0|0|0|0|0|0|0|0|0|0,974
United States,Hawaii,Medium trucks,2035,0|23|52|84|117|146|181|191|196|212|143|0|0|0|0|0|0|0|0|0|0|0|0|0|0|0|0|0|0|0|0,1345
United States,Hawaii,Medium trucks,2036,0|27|58|97|138|176|206|238|236|230|236|154|0|0|0|0|0|0|0|0|0|0|0|0|0|0|0|0|0|0|0,1796
United States,Hawaii,Medium trucks,2037,0|29|66|110|159|208|246|272|294|276|256|252|159|0|0|0|0|0|0|0|0|0|0|0|0|0|0|0|0|0|0,2327
United States,Hawaii,Medium trucks,2038,0|31|73|124|180|239|293|323|337|344|306|274|262|162|0|0|0|0|0|0|0|0|0|0|0|0|0|0|0|0|0,2948
United States,Hawaii,Medium trucks,2039,0|33|79|137|204|273|335|385|400|394|384|328|285|266|161|0|0|0|0|0|0|0|0|0|0|0|0|0|0|0|0,3664
United States,Hawaii,Medium trucks,2040,0|35|83|147|225|308|384|439|477|468|439|412|341|290|265|157|0|0|0|0|0|0|0|0|0|0|0|0|0|0|0,4470
United States,Hawaii,Medium trucks,2041,0|37|89|155|242|340|433|504|542|557|521|471|429|346|289|259|150|0|0|0|0|0|0|0|0|0|0|0|0|0|0,5364
United States,Hawaii,Medium trucks,2042,0|39|93|165|256|365|478|569|623|634|622|558|491|436|344|282|246|139|0|0|0|0|0|0|0|0|0|0|0|0|0,6340
United States,Hawaii,Medium trucks,2043,0|40|99|174|271|386|512|630|704|729|706|668|581|498|434|335|269|229|125|0|0|0|0|0|0|0|0|0|0|0|0,7390
United States,Hawaii,Medium trucks,2044,0|40|100|185|286|408|542|675|780|823|813|757|694|590|496|423|319|250|206|107|0|0|0|0|0|0|0|0|0|0|0,8494
United States,Hawaii,Medium trucks,2045,0|41|100|186|303|431|573|715|834|912|916|873|788|705|587|484|403|296|225|177|88|0|0|0|0|0|0|0|0|0|0,9637
United States,Hawaii,Medium trucks,2046,0|41|103|187|305|456|605|755|883|975|1016|982|908|799|701|573|461|374|266|193|145|68|0|0|0|0|0|0|0|0|0,10796
United States,Hawaii,Medium trucks,2047,0|41|103|191|308|460|639|797|932|1033|1087|1090|1022|922|796|684|548|428|336|228|158|112|50|0|0|0|0|0|0|0|0,11965
United States,Hawaii,Medium trucks,2048,0|41|103|191|312|464|646|841|985|1089|1150|1166|1134|1037|918|776|653|508|384|288|187|122|83|36|0|0|0|0|0|0|0,13114
United States,Hawaii,Medium trucks,2049,0|42|104|193|314|469|652|850|1040|1152|1214|1233|1212|1152|1032|897|740|605|455|329|236|145|91|59|25|0|0|0|0|0|0,14241
United States,Hawaii,Medium trucks,2050,0|43|105|194|316|473|659|858|1052|1216|1284|1301|1283|1231|1146|1008|855|686|543|391|269|183|107|64|41|16|0|0|0|0|0,15324
United States,Idaho,Heavy trucks,2022,0|0|0|0|0|0|0|0|0|0|0|0|0|0|0|0|0|0|0|0|0|0|0|0|0|0|0|0|0|0|0,0
United States,Idaho,Heavy trucks,2023,0|0|0|0|0|0|0|0|0|0|0|0|0|0|0|0|0|0|0|0|0|0|0|0|0|0|0|0|0|0|0,0
United States,Idaho,Heavy trucks,2024,0|0|0|0|0|0|0|0|0|0|0|0|0|0|0|0|0|0|0|0|0|0|0|0|0|0|0|0|0|0|0,0
United States,Idaho,Heavy trucks,2025,0|0|0|0|0|0|0|0|0|0|0|0|0|0|0|0|0|0|0|0|0|0|0|0|0|0|0|0|0|0|0,0
United States,Idaho,Heavy trucks,2026,0|1|0|0|0|0|0|0|0|0|0|0|0|0|0|0|0|0|0|0|0|0|0|0|0|0|0|0|0|0|0,1
United States,Idaho,Heavy trucks,2027,0|1|2|0|0|0|0|0|0|0|0|0|0|0|0|0|0|0|0|0|0|0|0|0|0|0|0|0|0|0|0,3
United States,Idaho,Heavy trucks,2028,0|2|3|3|0|0|0|0|0|0|0|0|0|0|0|0|0|0|0|0|0|0|0|0|0|0|0|0|0|0|0,8
United States,Idaho,Heavy trucks,2029,0|3|5|6|5|0|0|0|0|0|0|0|0|0|0|0|0|0|0|0|0|0|0|0|0|0|0|0|0|0|0,19
United States,Idaho,Heavy trucks,2030,0|3|6|9|10|8|0|0|0|0|0|0|0|0|0|0|0|0|0|0|0|0|0|0|0|0|0|0|0|0|0,36
United States,Idaho,Heavy trucks,2031,0|3|8|11|15|15|11|0|0|0|0|0|0|0|0|0|0|0|0|0|0|0|0|0|0|0|0|0|0|0|0,63
United States,Idaho,Heavy trucks,2032,0|3|8|15|18|22|21|14|0|0|0|0|0|0|0|0|0|0|0|0|0|0|0|0|0|0|0|0|0|0|0,101
United States,Idaho,Heavy trucks,2033,0|5|8|15|24|27|31|28|17|0|0|0|0|0|0|0|0|0|0|0|0|0|0|0|0|0|0|0|0|0|0,155
United States,Idaho,Heavy trucks,2034,0|5|12|16|26|35|38|41|35|20|0|0|0|0|0|0|0|0|0|0|0|0|0|0|0|0|0|0|0|0|0,228
United States,Idaho,Heavy trucks,2035,0|7|14|23|27|39|49|51|51|41|22|0|0|0|0|0|0|0|0|0|0|0|0|0|0|0|0|0|0|0|0,324
United States,Idaho,Heavy trucks,2036,0|7|16|26|38|41|55|64|63|60|46|23|0|0|0|0|0|0|0|0|0|0|0|0|0|0|0|0|0|0|0,439
United States,Idaho,Heavy trucks,2037,0|8|18|30|43|57|58|72|79|74|66|48|23|0|0|0|0|0|0|0|0|0|0|0|0|0|0|0|0|0|0,576
United States,Idaho,Heavy trucks,2038,0|9|20|33|49|64|80|77|89|92|82|71|50|24|0|0|0|0|0|0|0|0|0|0|0|0|0|0|0|0|0,740
United States,Idaho,Heavy trucks,2039,0|10|22|37|54|74|90|105|96|103|102|88|73|50|25|0|0|0|0|0|0|0|0|0|0|0|0|0|0|0|0,929
United States,Idaho,Heavy trucks,2040,0|11|25|41|61|82|104|119|129|112|116|108|91|74|50|24|0|0|0|0|0|0|0|0|0|0|0|0|0|0|0,1147
United States,Idaho,Heavy trucks,2041,0|11|26|46|68|92|116|138|148|150|125|124|112|93|74|49|22|0|0|0|0|0|0|0|0|0|0|0|0|0|0,1394
United States,Idaho,Heavy trucks,2042,0|13|28|49|75|103|131|154|170|173|168|133|129|114|91|72|47|21|0|0|0|0|0|0|0|0|0|0|0|0|0,1671
United States,Idaho,Heavy trucks,2043,0|13|32|52|80|112|145|173|191|200|193|180|139|130|113|89|69|43|19|0|0|0|0|0|0|0|0|0|0|0|0,1973
United States,Idaho,Heavy trucks,2044,0|13|32|59|85|122|158|191|214|225|223|208|189|141|129|110|86|64|39|16|0|0|0|0|0|0|0|0|0|0|0,2304
United States,Idaho,Heavy trucks,2045,0|13|32|60|97|129|172|208|236|251|251|240|216|191|140|126|106|79|57|33|13|0|0|0|0|0|0|0|0|0|0,2650
United States,Idaho,Heavy trucks,2046,0|13|32|60|99|147|182|226|257|276|280|269|249|220|189|137|120|98|71|49|27|10|0|0|0|0|0|0|0|0|0,3011
United States,Idaho,Heavy trucks,2047,0|13|32|61|99|150|207|240|278|301|306|300|281|254|218|184|131|112|87|61|40|21|8|0|0|0|0|0|0|0|0,3384
United States,Idaho,Heavy trucks,2048,0|13|32|61|100|151|211|273|297|325|336|328|312|285|252|212|176|122|100|75|50|31|16|5|0|0|0|0|0|0|0,3763
United States,Idaho,Heavy trucks,2049,0|13|32|60|100|152|213|278|339|347|363|361|341|317|285|245|202|163|109|86|61|39|23|11|4|0|0|0|0|0|0,4144
United States,Idaho,Heavy trucks,2050,0|13|32|60|99|152|214|280|345|397|387|390|375|346|316|278|233|188|146|94|70|48|29|16|8|2|0|0|0|0|0,4518
United States,Idaho,Medium trucks,2022,0|0|0|0|0|0|0|0|0|0|0|0|0|0|0|0|0|0|0|0|0|0|0|0|0|0|0|0|0|0|0,0
United States,Idaho,Medium trucks,2023,0|0|0|0|0|0|0|0|0|0|0|0|0|0|0|0|0|0|0|0|0|0|0|0|0|0|0|0|0|0|0,0
United States,Idaho,Medium trucks,2024,0|0|0|0|0|0|0|0|0|0|0|0|0|0|0|0|0|0|0|0|0|0|0|0|0|0|0|0|0|0|0,0
United States,Idaho,Medium trucks,2025,0|0|0|0|0|0|0|0|0|0|0|0|0|0|0|0|0|0|0|0|0|0|0|0|0|0|0|0|0|0|0,0
United States,Idaho,Medium trucks,2026,0|5|0|0|0|0|0|0|0|0|0|0|0|0|0|0|0|0|0|0|0|0|0|0|0|0|0|0|0|0|0,5
United States,Idaho,Medium trucks,2027,0|9|13|0|0|0|0|0|0|0|0|0|0|0|0|0|0|0|0|0|0|0|0|0|0|0|0|0|0|0|0,22
United States,Idaho,Medium trucks,2028,0|10|22|24|0|0|0|0|0|0|0|0|0|0|0|0|0|0|0|0|0|0|0|0|0|0|0|0|0|0|0,56
United States,Idaho,Medium trucks,2029,0|12|25|41|40|0|0|0|0|0|0|0|0|0|0|0|0|0|0|0|0|0|0|0|0|0|0|0|0|0|0,118
United States,Idaho,Medium trucks,2030,0|15|29|46|68|61|0|0|0|0|0|0|0|0|0|0|0|0|0|0|0|0|0|0|0|0|0|0|0|0|0,219
United States,Idaho,Medium trucks,2031,0|17|37|54|75|103|86|0|0|0|0|0|0|0|0|0|0|0|0|0|0|0|0|0|0|0|0|0|0|0|0,372
United States,Idaho,Medium trucks,2032,0|21|42|68|89|112|145|113|0|0|0|0|0|0|0|0|0|0|0|0|0|0|0|0|0|0|0|0|0|0|0,590
United States,Idaho,Medium trucks,2033,0|25|52|79|113|135|158|191|141|0|0|0|0|0|0|0|0|0|0|0|0|0|0|0|0|0|0|0|0|0|0,894
United States,Idaho,Medium trucks,2034,0|28|62|96|131|171|191|208|236|165|0|0|0|0|0|0|0|0|0|0|0|0|0|0|0|0|0|0|0|0|0,1288
United States,Idaho,Medium trucks,2035,0|33|70|116|157|197|241|252|257|276|184|0|0|0|0|0|0|0|0|0|0|0|0|0|0|0|0|0|0|0|0,1783
United States,Idaho,Medium trucks,2036,0|37|83|132|190|236|278|317|312|301|306|198|0|0|0|0|0|0|0|0|0|0|0|0|0|0|0|0|0|0|0,2390
United States,Idaho,Medium trucks,2037,0|42|93|155|216|287|332|366|392|366|337|328|206|0|0|0|0|0|0|0|0|0|0|0|0|0|0|0|0|0|0,3120
United States,Idaho,Medium trucks,2038,0|45|106|174|254|326|403|436|453|458|409|362|341|210|0|0|0|0|0|0|0|0|0|0|0|0|0|0|0|0|0,3977
United States,Idaho,Medium trucks,2039,0|50|113|197|286|382|457|530|538|528|510|439|376|346|208|0|0|0|0|0|0|0|0|0|0|0|0|0|0|0|0,4960
United States,Idaho,Medium trucks,2040,0|52|122|212|323|431|535|602|655|629|588|546|458|383|344|203|0|0|0|0|0|0|0|0|0|0|0|0|0|0|0,6083
United States,Idaho,Medium trucks,2041,0|56|130|227|347|487|605|704|745|766|700|630|568|466|381|335|194|0|0|0|0|0|0|0|0|0|0|0|0|0|0,7341
United States,Idaho,Medium trucks,2042,0|60|138|242|371|523|683|797|869|871|854|750|655|576|463|372|319|180|0|0|0|0|0|0|0|0|0|0|0|0|0,8723
United States,Idaho,Medium trucks,2043,0|60|148|257|395|559|733|897|985|1017|970|915|781|665|574|452|354|296|161|0|0|0|0|0|0|0|0|0|0|0|0,10219
United States,Idaho,Medium trucks,2044,0|62|150|275|420|595|784|964|1111|1152|1132|1039|953|792|663|560|431|328|266|138|0|0|0|0|0|0|0|0|0|0|0,11815
United States,Idaho,Medium trucks,2045,0|63|153|279|450|634|835|1031|1191|1298|1284|1214|1081|969|789|646|535|400|295|228|113|0|0|0|0|0|0|0|0|0|0,13488
United States,Idaho,Medium trucks,2046,0|64|156|285|458|677|891|1099|1274|1392|1446|1377|1262|1098|964|770|617|497|359|253|187|88|0|0|0|0|0|0|0|0|0,15214
United States,Idaho,Medium trucks,2047,0|65|158|291|467|691|950|1172|1358|1489|1551|1549|1432|1282|1093|940|734|572|445|308|207|145|65|0|0|0|0|0|0|0|0,16964
United States,Idaho,Medium trucks,2048,0|66|161|295|477|704|970|1249|1449|1588|1659|1663|1612|1454|1276|1066|897|681|513|382|252|161|107|46|0|0|0|0|0|0|0,18728
United States,Idaho,Medium trucks,2049,0|68|164|300|484|718|987|1275|1543|1693|1770|1778|1729|1638|1447|1244|1017|832|610|441|313|196|119|76|32|0|0|0|0|0|0,20474
United States,Idaho,Medium trucks,2050,0|68|169|305|492|729|1007|1297|1576|1804|1887|1897|1850|1757|1630|1412|1188|945|746|525|361|243|145|84|52|21|0|0|0|0|0,22190
United States,Illinois,Heavy trucks,2022,0|0|0|0|0|0|0|0|0|0|0|0|0|0|0|0|0|0|0|0|0|0|0|0|0|0|0|0|0|0|0,0
United States,Illinois,Heavy trucks,2023,0|0|0|0|0|0|0|0|0|0|0|0|0|0|0|0|0|0|0|0|0|0|0|0|0|0|0|0|0|0|0,0
United States,Illinois,Heavy trucks,2024,0|0|0|0|0|0|0|0|0|0|0|0|0|0|0|0|0|0|0|0|0|0|0|0|0|0|0|0|0|0|0,0
United States,Illinois,Heavy trucks,2025,0|1|0|0|0|0|0|0|0|0|0|0|0|0|0|0|0|0|0|0|0|0|0|0|0|0|0|0|0|0|0,1
United States,Illinois,Heavy trucks,2026,0|4|2|0|0|0|0|0|0|0|0|0|0|0|0|0|0|0|0|0|0|0|0|0|0|0|0|0|0|0|0,6
United States,Illinois,Heavy trucks,2027,0|9|10|3|0|0|0|0|0|0|0|0|0|0|0|0|0|0|0|0|0|0|0|0|0|0|0|0|0|0|0,22
United States,Illinois,Heavy trucks,2028,0|13|22|19|4|1|0|0|0|0|0|0|0|0|0|0|0|0|0|0|0|0|0|0|0|0|0|0|0|0|0,59
United States,Illinois,Heavy trucks,2029,0|15|32|41|30|5|2|0|0|0|0|0|0|0|0|0|0|0|0|0|0|0|0|0|0|0|0|0|0|0|0,125
United States,Illinois,Heavy trucks,2030,0|19|38|59|66|45|6|3|0|0|0|0|0|0|0|0|0|0|0|0|0|0|0|0|0|0|0|0|0|0|0,236
United States,Illinois,Heavy trucks,2031,0|22|47|71|97|99|63|7|4|0|0|0|0|0|0|0|0|0|0|0|0|0|0|0|0|0|0|0|0|0|0,410
United States,Illinois,Heavy trucks,2032,0|23|55|88|118|147|139|83|8|5|0|0|0|0|0|0|0|0|0|0|0|0|0|0|0|0|0|0|0|0|0,666
United States,Illinois,Heavy trucks,2033,0|29|57|103|145|178|207|183|102|9|6|0|0|0|0|0|0|0|0|0|0|0|0|0|0|0|0|0|0|0|0,1019
United States,Illinois,Heavy trucks,2034,0|34|73|107|169|219|251|273|226|118|10|6|0|0|0|0|0|0|0|0|0|0|0|0|0|0|0|0|0|0|0,1486
United States,Illinois,Heavy trucks,2035,0|39|86|137|176|256|308|331|339|265|132|11|6|0|0|0|0|0|0|0|0|0|0|0|0|0|0|0|0|0|0,2086
United States,Illinois,Heavy trucks,2036,0|43|97|160|225|266|359|404|410|397|295|141|12|6|0|0|0|0|0|0|0|0|0|0|0|0|0|0|0|0|0,2815
United States,Illinois,Heavy trucks,2037,0|48|107|180|262|340|374|471|499|480|442|316|147|13|6|0|0|0|0|0|0|0|0|0|0|0|0|0|0|0|0,3685
United States,Illinois,Heavy trucks,2038,0|52|118|199|295|393|478|491|582|584|534|474|328|148|12|5|0|0|0|0|0|0|0|0|0|0|0|0|0|0|0,4693
United States,Illinois,Heavy trucks,2039,0|55|128|220|326|444|551|630|608|681|651|573|494|333|148|12|5|0|0|0|0|0|0|0|0|0|0|0|0|0|0,5859
United States,Illinois,Heavy trucks,2040,0|58|136|239|360|492|622|726|780|710|758|699|596|501|332|144|11|5|0|0|0|0|0|0|0|0|0|0|0|0|0,7169
United States,Illinois,Heavy trucks,2041,0|62|144|253|390|542|691|818|896|911|792|812|728|606|499|323|138|10|4|0|0|0|0|0|0|0|0|0|0|0|0,8619
United States,Illinois,Heavy trucks,2042,0|70|153|269|414|587|760|909|1012|1048|1015|850|844|739|603|487|308|128|9|4|0|0|0|0|0|0|0|0|0|0|0,10209
United States,Illinois,Heavy trucks,2043,0|69|173|284|440|624|823|1000|1125|1183|1167|1088|884|857|735|589|464|286|115|8|3|0|0|0|0|0|0|0|0|0|0,11917
United States,Illinois,Heavy trucks,2044,0|68|172|321|466|663|875|1083|1237|1314|1318|1251|1132|898|852|718|562|431|257|98|7|2|0|0|0|0|0|0|0|0|0,13725
United States,Illinois,Heavy trucks,2045,0|68|169|319|525|701|930|1151|1338|1447|1464|1412|1302|1150|894|832|685|521|387|220|81|5|2|0|0|0|0|0|0|0|0,15603
United States,Illinois,Heavy trucks,2046,0|66|169|314|522|789|984|1223|1423|1564|1612|1569|1468|1322|1145|872|793|635|468|332|180|63|4|1|0|0|0|0|0|0|0,17518
United States,Illinois,Heavy trucks,2047,0|65|165|313|514|784|1109|1294|1511|1664|1742|1728|1632|1491|1316|1117|832|736|569|401|271|140|46|3|1|0|0|0|0|0|0,19444
United States,Illinois,Heavy trucks,2048,0|64|161|307|512|774|1102|1457|1599|1766|1853|1868|1797|1658|1484|1284|1066|772|660|489|328|211|104|33|2|1|0|0|0|0|0,21352
United States,Illinois,Heavy trucks,2049,0|62|158|300|503|770|1089|1448|1802|1868|1968|1986|1943|1825|1650|1448|1225|990|692|567|400|255|156|74|23|1|0|0|0|0|0,23203
United States,Illinois,Heavy trucks,2050,0|62|154|293|492|757|1081|1431|1791|2106|2081|2109|2067|1973|1816|1610|1382|1137|887|595|464|311|189|111|51|15|1|0|0|0|0,24966
United States,Illinois,Medium trucks,2022,0|0|0|0|0|0|0|0|0|0|0|0|0|0|0|0|0|0|0|0|0|0|0|0|0|0|0|0|0|0|0,0
United States,Illinois,Medium trucks,2023,0|0|0|0|0|0|0|0|0|0|0|0|0|0|0|0|0|0|0|0|0|0|0|0|0|0|0|0|0|0|0,0
United States,Illinois,Medium trucks,2024,0|1|0|0|0|0|0|0|0|0|0|0|0|0|0|0|0|0|0|0|0|0|0|0|0|0|0|0|0|0|0,1
United States,Illinois,Medium trucks,2025,0|1|2|0|0|0|0|0|0|0|0|0|0|0|0|0|0|0|0|0|0|0|0|0|0|0|0|0|0|0|0,3
United States,Illinois,Medium trucks,2026,0|36|2|3|0|0|0|0|0|0|0|0|0|0|0|0|0|0|0|0|0|0|0|0|0|0|0|0|0|0|0,41
United States,Illinois,Medium trucks,2027,0|60|90|3|4|0|0|0|0|0|0|0|0|0|0|0|0|0|0|0|0|0|0|0|0|0|0|0|0|0|0,157
United States,Illinois,Medium trucks,2028,0|64|148|168|4|5|0|0|0|0|0|0|0|0|0|0|0|0|0|0|0|0|0|0|0|0|0|0|0|0|0,389
United States,Illinois,Medium trucks,2029,0|78|160|276|277|5|6|0|0|0|0|0|0|0|0|0|0|0|0|0|0|0|0|0|0|0|0|0|0|0|0,802
United States,Illinois,Medium trucks,2030,0|95|193|298|453|417|6|7|0|0|0|0|0|0|0|0|0|0|0|0|0|0|0|0|0|0|0|0|0|0|0,1469
United States,Illinois,Medium trucks,2031,0|109|236|358|488|682|585|7|8|0|0|0|0|0|0|0|0|0|0|0|0|0|0|0|0|0|0|0|0|0|0,2473
United States,Illinois,Medium trucks,2032,0|129|270|440|587|735|957|770|8|9|0|0|0|0|0|0|0|0|0|0|0|0|0|0|0|0|0|0|0|0|0,3905
United States,Illinois,Medium trucks,2033,0|153|319|502|721|884|1033|1259|952|9|10|0|0|0|0|0|0|0|0|0|0|0|0|0|0|0|0|0|0|0|0,5842
United States,Illinois,Medium trucks,2034,0|171|381|593|824|1086|1241|1359|1557|1113|10|11|0|0|0|0|0|0|0|0|0|0|0|0|0|0|0|0|0|0|0,8346
United States,Illinois,Medium trucks,2035,0|197|426|709|972|1241|1526|1632|1680|1820|1241|11|12|0|0|0|0|0|0|0|0|0|0|0|0|0|0|0|0|0|0,11467
United States,Illinois,Medium trucks,2036,0|220|488|792|1161|1462|1744|2007|2018|1963|2028|1331|12|13|0|0|0|0|0|0|0|0|0|0|0|0|0|0|0|0|0,15239
United States,Illinois,Medium trucks,2037,0|243|545|908|1297|1749|2053|2295|2482|2358|2187|2175|1384|13|12|0|0|0|0|0|0|0|0|0|0|0|0|0|0|0|0,19701
United States,Illinois,Medium trucks,2038,0|257|605|1015|1487|1955|2455|2700|2837|2902|2627|2346|2262|1405|12|12|0|0|0|0|0|0|0|0|0|0|0|0|0|0|0,24877
United States,Illinois,Medium trucks,2039,0|271|638|1126|1662|2240|2744|3229|3338|3316|3233|2817|2441|2298|1399|12|11|0|0|0|0|0|0|0|0|0|0|0|0|0|0,30775
United States,Illinois,Medium trucks,2040,0|284|673|1187|1843|2504|3145|3609|3992|3901|3695|3466|2931|2479|2287|1365|11|10|0|0|0|0|0|0|0|0|0|0|0|0|0,37382
United States,Illinois,Medium trucks,2041,0|298|705|1251|1945|2776|3516|4137|4463|4665|4346|3961|3605|2976|2467|2231|1303|10|9|0|0|0|0|0|0|0|0|0|0|0|0,44664
United States,Illinois,Medium trucks,2042,0|312|740|1313|2048|2929|3898|4624|5115|5216|5198|4660|4119|3661|2962|2407|2129|1209|9|8|0|0|0|0|0|0|0|0|0|0|0,52557
United States,Illinois,Medium trucks,2043,0|313|775|1377|2150|3085|4113|5127|5717|5979|5813|5572|4848|4184|3643|2890|2297|1977|1083|8|7|0|0|0|0|0|0|0|0|0|0,60958
United States,Illinois,Medium trucks,2044,0|314|778|1444|2254|3238|4332|5410|6339|6683|6663|6232|5797|4923|4164|3554|2757|2133|1772|931|7|5|0|0|0|0|0|0|0|0|0,69730
United States,Illinois,Medium trucks,2045,0|315|780|1449|2364|3397|4547|5697|6687|7407|7446|7143|6483|5888|4900|4062|3390|2559|1913|1522|761|5|4|0|0|0|0|0|0|0|0,78719
United States,Illinois,Medium trucks,2046,0|315|782|1453|2373|3562|4770|5980|7043|7815|8252|7982|7430|6584|5860|4780|3876|3146|2295|1643|1245|591|4|3|0|0|0|0|0|0|0,87784
United States,Illinois,Medium trucks,2047,0|315|783|1456|2379|3576|5001|6274|7393|8232|8707|8847|8303|7546|6552|5718|4562|3598|2820|1970|1344|968|438|3|2|0|0|0|0|0|0,96787
United States,Illinois,Medium trucks,2048,0|316|784|1458|2384|3584|5021|6579|7757|8641|9171|9334|9204|8433|7510|6393|5455|4234|3226|2421|1612|1044|716|311|2|1|0|0|0|0|0,105591
United States,Illinois,Medium trucks,2049,0|316|785|1460|2388|3592|5031|6605|8133|9066|9626|9832|9710|9349|8393|7328|6100|5064|3796|2771|1981|1253|773|509|213|1|1|0|0|0|0,114076
United States,Illinois,Medium trucks,2050,0|317|785|1462|2392|3598|5043|6617|8166|9505|10100|10321|10227|9862|9303|8187|6992|5662|4539|3261|2267|1540|927|549|349|143|1|1|0|0|0,122116
United States,Indiana,Heavy trucks,2022,0|0|0|0|0|0|0|0|0|0|0|0|0|0|0|0|0|0|0|0|0|0|0|0|0|0|0|0|0|0|0,0
United States,Indiana,Heavy trucks,2023,0|0|0|0|0|0|0|0|0|0|0|0|0|0|0|0|0|0|0|0|0|0|0|0|0|0|0|0|0|0|0,0
United States,Indiana,Heavy trucks,2024,0|0|0|0|0|0|0|0|0|0|0|0|0|0|0|0|0|0|0|0|0|0|0|0|0|0|0|0|0|0|0,0
United States,Indiana,Heavy trucks,2025,0|0|0|0|0|0|0|0|0|0|0|0|0|0|0|0|0|0|0|0|0|0|0|0|0|0|0|0|0|0|0,0
United States,Indiana,Heavy trucks,2026,0|2|1|0|0|0|0|0|0|0|0|0|0|0|0|0|0|0|0|0|0|0|0|0|0|0|0|0|0|0|0,3
United States,Indiana,Heavy trucks,2027,0|5|5|2|0|0|0|0|0|0|0|0|0|0|0|0|0|0|0|0|0|0|0|0|0|0|0|0|0|0|0,12
United States,Indiana,Heavy trucks,2028,0|7|12|10|3|0|0|0|0|0|0|0|0|0|0|0|0|0|0|0|0|0|0|0|0|0|0|0|0|0|0,32
United States,Indiana,Heavy trucks,2029,0|9|18|22|17|4|0|0|0|0|0|0|0|0|0|0|0|0|0|0|0|0|0|0|0|0|0|0|0|0|0,70
United States,Indiana,Heavy trucks,2030,0|11|22|33|35|25|5|0|0|0|0|0|0|0|0|0|0|0|0|0|0|0|0|0|0|0|0|0|0|0|0,131
United States,Indiana,Heavy trucks,2031,0|12|26|40|54|53|35|6|0|0|0|0|0|0|0|0|0|0|0|0|0|0|0|0|0|0|0|0|0|0|0,226
United States,Indiana,Heavy trucks,2032,0|13|30|48|65|81|74|46|7|0|0|0|0|0|0|0|0|0|0|0|0|0|0|0|0|0|0|0|0|0|0,364
United States,Indiana,Heavy trucks,2033,0|17|32|55|79|98|113|97|57|8|0|0|0|0|0|0|0|0|0|0|0|0|0|0|0|0|0|0|0|0|0,556
United States,Indiana,Heavy trucks,2034,0|19|41|59|90|119|138|149|120|66|9|0|0|0|0|0|0|0|0|0|0|0|0|0|0|0|0|0|0|0|0,810
United States,Indiana,Heavy trucks,2035,0|21|47|76|96|137|167|182|184|141|72|10|0|0|0|0|0|0|0|0|0|0|0|0|0|0|0|0|0|0|0,1133
United States,Indiana,Heavy trucks,2036,0|24|52|87|125|146|193|220|224|216|159|77|11|0|0|0|0|0|0|0|0|0|0|0|0|0|0|0|0|0|0,1534
United States,Indiana,Heavy trucks,2037,0|27|59|98|143|189|205|255|271|262|241|171|79|11|0|0|0|0|0|0|0|0|0|0|0|0|0|0|0|0|0,2011
United States,Indiana,Heavy trucks,2038,0|29|66|111|162|216|266|269|315|317|291|258|178|81|10|0|0|0|0|0|0|0|0|0|0|0|0|0|0|0|0,2569
United States,Indiana,Heavy trucks,2039,0|31|72|124|182|244|305|349|333|369|355|311|269|180|80|10|0|0|0|0|0|0|0|0|0|0|0|0|0|0|0,3214
United States,Indiana,Heavy trucks,2040,0|33|77|134|202|275|344|401|432|389|412|382|324|273|179|78|9|0|0|0|0|0|0|0|0|0|0|0|0|0|0,3944
United States,Indiana,Heavy trucks,2041,0|35|83|143|219|305|386|452|495|503|434|442|397|329|272|174|75|9|0|0|0|0|0|0|0|0|0|0|0|0|0,4753
United States,Indiana,Heavy trucks,2042,0|39|87|153|235|330|428|507|559|580|560|466|460|403|327|266|166|70|8|0|0|0|0|0|0|0|0|0|0|0|0,5644
United States,Indiana,Heavy trucks,2043,0|39|98|162|251|354|462|563|627|654|647|600|485|468|402|319|253|155|62|7|0|0|0|0|0|0|0|0|0|0|0,6608
United States,Indiana,Heavy trucks,2044,0|39|98|183|266|378|496|609|697|734|729|693|624|493|466|392|303|235|138|54|6|0|0|0|0|0|0|0|0|0|0,7633
United States,Indiana,Heavy trucks,2045,0|39|97|182|300|401|530|652|753|814|818|782|720|633|489|455|373|282|212|119|44|4|0|0|0|0|0|0|0|0|0,8699
United States,Indiana,Heavy trucks,2046,0|39|97|181|299|452|562|698|806|880|907|878|814|732|631|477|433|346|253|182|97|34|3|0|0|0|0|0|0|0|0,9801
United States,Indiana,Heavy trucks,2047,0|37|97|181|298|451|635|740|861|941|980|972|913|827|728|615|455|402|311|217|149|75|25|2|0|0|0|0|0|0|0,10912
United States,Indiana,Heavy trucks,2048,0|37|94|180|297|449|633|835|913|1007|1049|1050|1012|927|823|710|587|422|361|267|178|115|56|18|2|0|0|0|0|0|0,12022
United States,Indiana,Heavy trucks,2049,0|37|93|176|295|447|630|833|1034|1068|1122|1124|1093|1027|923|804|677|545|379|310|218|138|85|40|12|1|0|0|0|0|0,13111
United States,Indiana,Heavy trucks,2050,0|37|93|173|289|444|627|829|1032|1209|1189|1203|1169|1111|1022|901|766|628|488|325|253|169|102|61|27|8|1|0|0|0|0,14156
United States,Indiana,Medium trucks,2022,0|0|0|0|0|0|0|0|0|0|0|0|0|0|0|0|0|0|0|0|0|0|0|0|0|0|0|0|0|0|0,0
United States,Indiana,Medium trucks,2023,0|0|0|0|0|0|0|0|0|0|0|0|0|0|0|0|0|0|0|0|0|0|0|0|0|0|0|0|0|0|0,0
United States,Indiana,Medium trucks,2024,0|0|0|0|0|0|0|0|0|0|0|0|0|0|0|0|0|0|0|0|0|0|0|0|0|0|0|0|0|0|0,0
United States,Indiana,Medium trucks,2025,0|0|0|0|0|0|0|0|0|0|0|0|0|0|0|0|0|0|0|0|0|0|0|0|0|0|0|0|0|0|0,0
United States,Indiana,Medium trucks,2026,0|19|0|1|0|0|0|0|0|0|0|0|0|0|0|0|0|0|0|0|0|0|0|0|0|0|0|0|0|0|0,20
United States,Indiana,Medium trucks,2027,0|32|48|1|2|0|0|0|0|0|0|0|0|0|0|0|0|0|0|0|0|0|0|0|0|0|0|0|0|0|0,83
United States,Indiana,Medium trucks,2028,0|35|80|89|2|3|0|0|0|0|0|0|0|0|0|0|0|0|0|0|0|0|0|0|0|0|0|0|0|0|0,209
United States,Indiana,Medium trucks,2029,0|41|87|149|147|3|4|0|0|0|0|0|0|0|0|0|0|0|0|0|0|0|0|0|0|0|0|0|0|0|0,431
United States,Indiana,Medium trucks,2030,0|52|103|161|244|222|4|5|0|0|0|0|0|0|0|0|0|0|0|0|0|0|0|0|0|0|0|0|0|0|0,791
United States,Indiana,Medium trucks,2031,0|60|129|193|264|367|313|5|6|0|0|0|0|0|0|0|0|0|0|0|0|0|0|0|0|0|0|0|0|0|0,1337
United States,Indiana,Medium trucks,2032,0|70|148|240|317|398|515|411|6|7|0|0|0|0|0|0|0|0|0|0|0|0|0|0|0|0|0|0|0|0|0,2112
United States,Indiana,Medium trucks,2033,0|84|175|275|393|479|559|679|508|7|8|0|0|0|0|0|0|0|0|0|0|0|0|0|0|0|0|0|0|0|0,3167
United States,Indiana,Medium trucks,2034,0|94|209|325|451|592|673|736|838|595|8|9|0|0|0|0|0|0|0|0|0|0|0|0|0|0|0|0|0|0|0,4530
United States,Indiana,Medium trucks,2035,0|110|235|389|532|680|830|885|909|979|663|9|10|0|0|0|0|0|0|0|0|0|0|0|0|0|0|0|0|0|0,6231
United States,Indiana,Medium trucks,2036,0|123|272|438|638|800|954|1093|1094|1063|1091|711|10|10|0|0|0|0|0|0|0|0|0|0|0|0|0|0|0|0|0,8297
United States,Indiana,Medium trucks,2037,0|137|304|506|717|961|1125|1254|1351|1278|1184|1170|740|10|9|0|0|0|0|0|0|0|0|0|0|0|0|0|0|0|0,10746
United States,Indiana,Medium trucks,2038,0|145|340|567|828|1080|1350|1480|1550|1580|1424|1269|1217|752|9|9|0|0|0|0|0|0|0|0|0|0|0|0|0|0|0,13600
United States,Indiana,Medium trucks,2039,0|153|360|632|930|1247|1518|1777|1829|1812|1760|1527|1321|1236|749|9|9|0|0|0|0|0|0|0|0|0|0|0|0|0|0,16869
United States,Indiana,Medium trucks,2040,0|161|381|669|1035|1400|1750|1997|2197|2138|2019|1888|1589|1342|1229|731|9|8|0|0|0|0|0|0|0|0|0|0|0|0|0,20543
United States,Indiana,Medium trucks,2041,0|170|401|709|1096|1557|1966|2303|2469|2568|2382|2165|1963|1614|1335|1200|697|8|7|0|0|0|0|0|0|0|0|0|0|0|0,24610
United States,Indiana,Medium trucks,2042,0|179|423|747|1161|1651|2188|2585|2847|2887|2862|2553|2252|1994|1606|1302|1144|646|7|6|0|0|0|0|0|0|0|0|0|0|0,29040
United States,Indiana,Medium trucks,2043,0|181|446|787|1223|1749|2318|2877|3196|3328|3217|3068|2657|2288|1985|1566|1243|1063|579|6|5|0|0|0|0|0|0|0|0|0|0,33782
United States,Indiana,Medium trucks,2044,0|182|450|831|1289|1842|2455|3049|3556|3736|3708|3449|3193|2698|2278|1937|1495|1154|952|498|5|4|0|0|0|0|0|0|0|0|0,38761
United States,Indiana,Medium trucks,2045,0|183|453|837|1359|1943|2587|3229|3770|4157|4162|3974|3588|3243|2685|2222|1848|1387|1034|818|407|4|3|0|0|0|0|0|0|0|0,43893
United States,Indiana,Medium trucks,2046,0|185|456|843|1371|2047|2728|3403|3992|4407|4632|4462|4134|3643|3228|2620|2120|1715|1242|888|669|317|3|2|0|0|0|0|0|0|0,49107
United States,Indiana,Medium trucks,2047,0|185|460|849|1379|2065|2875|3587|4207|4665|4910|4965|4641|4200|3626|3150|2500|1969|1538|1067|726|520|234|2|1|0|0|0|0|0|0,54321
United States,Indiana,Medium trucks,2048,0|187|461|855|1389|2079|2899|3781|4435|4917|5197|5265|5164|4714|4179|3538|3006|2320|1765|1321|874|564|385|166|1|1|0|0|0|0|0,59463
United States,Indiana,Medium trucks,2049,0|187|464|859|1399|2094|2919|3813|4675|5184|5479|5571|5477|5245|4691|4077|3375|2790|2080|1516|1081|679|418|273|114|1|1|0|0|0|0,64462
United States,Indiana,Medium trucks,2050,0|189|466|864|1406|2108|2940|3839|4714|5464|5776|5874|5795|5563|5221|4577|3889|3132|2501|1786|1240|840|503|297|188|76|1|0|0|0|0,69249
United States,Iowa,Heavy trucks,2022,0|0|0|0|0|0|0|0|0|0|0|0|0|0|0|0|0|0|0|0|0|0|0|0|0|0|0|0|0|0|0,0
United States,Iowa,Heavy trucks,2023,0|0|0|0|0|0|0|0|0|0|0|0|0|0|0|0|0|0|0|0|0|0|0|0|0|0|0|0|0|0|0,0
United States,Iowa,Heavy trucks,2024,0|0|0|0|0|0|0|0|0|0|0|0|0|0|0|0|0|0|0|0|0|0|0|0|0|0|0|0|0|0|0,0
United States,Iowa,Heavy trucks,2025,0|0|0|0|0|0|0|0|0|0|0|0|0|0|0|0|0|0|0|0|0|0|0|0|0|0|0|0|0|0|0,0
United States,Iowa,Heavy trucks,2026,0|1|0|0|0|0|0|0|0|0|0|0|0|0|0|0|0|0|0|0|0|0|0|0|0|0|0|0|0|0|0,1
United States,Iowa,Heavy trucks,2027,0|2|2|0|0|0|0|0|0|0|0|0|0|0|0|0|0|0|0|0|0|0|0|0|0|0|0|0|0|0|0,4
United States,Iowa,Heavy trucks,2028,0|3|5|4|0|0|0|0|0|0|0|0|0|0|0|0|0|0|0|0|0|0|0|0|0|0|0|0|0|0|0,12
United States,Iowa,Heavy trucks,2029,0|4|8|10|7|1|0|0|0|0|0|0|0|0|0|0|0|0|0|0|0|0|0|0|0|0|0|0|0|0|0,30
United States,Iowa,Heavy trucks,2030,0|5|10|15|17|11|2|0|0|0|0|0|0|0|0|0|0|0|0|0|0|0|0|0|0|0|0|0|0|0|0,60
United States,Iowa,Heavy trucks,2031,0|5|12|19|24|26|16|3|0|0|0|0|0|0|0|0|0|0|0|0|0|0|0|0|0|0|0|0|0|0|0,105
United States,Iowa,Heavy trucks,2032,0|6|14|23|30|37|36|21|4|0|0|0|0|0|0|0|0|0|0|0|0|0|0|0|0|0|0|0|0|0|0,171
United States,Iowa,Heavy trucks,2033,0|7|15|26|38|45|52|47|26|5|0|0|0|0|0|0|0|0|0|0|0|0|0|0|0|0|0|0|0|0|0,261
United States,Iowa,Heavy trucks,2034,0|9|18|28|43|57|64|69|58|31|6|0|0|0|0|0|0|0|0|0|0|0|0|0|0|0|0|0|0|0|0,383
United States,Iowa,Heavy trucks,2035,0|10|22|35|45|64|80|84|85|67|34|6|0|0|0|0|0|0|0|0|0|0|0|0|0|0|0|0|0|0|0,532
United States,Iowa,Heavy trucks,2036,0|11|25|41|58|68|90|105|104|99|73|36|6|0|0|0|0|0|0|0|0|0|0|0|0|0|0|0|0|0|0,716
United States,Iowa,Heavy trucks,2037,0|13|28|46|67|87|95|119|129|120|110|78|37|6|0|0|0|0|0|0|0|0|0|0|0|0|0|0|0|0|0,935
United States,Iowa,Heavy trucks,2038,0|13|32|52|75|101|123|126|148|150|134|118|80|38|6|0|0|0|0|0|0|0|0|0|0|0|0|0|0|0|0,1196
United States,Iowa,Heavy trucks,2039,0|15|33|59|85|115|143|163|156|173|168|143|122|82|38|5|0|0|0|0|0|0|0|0|0|0|0|0|0|0|0,1500
United States,Iowa,Heavy trucks,2040,0|15|36|62|96|129|162|189|201|182|193|180|149|123|81|37|5|0|0|0|0|0|0|0|0|0|0|0|0|0|0,1840
United States,Iowa,Heavy trucks,2041,0|17|38|67|101|144|181|214|233|235|203|208|189|150|123|79|35|5|0|0|0|0|0|0|0|0|0|0|0|0|0,2222
United States,Iowa,Heavy trucks,2042,0|19|41|71|111|153|202|239|263|273|262|218|216|191|150|119|76|33|4|0|0|0|0|0|0|0|0|0|0|0|0,2641
United States,Iowa,Heavy trucks,2043,0|19|46|76|117|167|216|266|295|308|303|280|227|220|189|146|114|70|29|4|0|0|0|0|0|0|0|0|0|0|0,3092
United States,Iowa,Heavy trucks,2044,0|19|46|85|125|177|234|284|328|345|344|325|291|231|218|184|139|107|63|25|3|0|0|0|0|0|0|0|0|0|0,3573
United States,Iowa,Heavy trucks,2045,0|18|46|85|141|189|249|308|353|384|385|369|338|296|229|212|176|130|95|54|21|2|0|0|0|0|0|0|0|0|0,4080
United States,Iowa,Heavy trucks,2046,0|18|45|85|141|213|266|327|381|413|427|413|384|343|295|223|202|163|116|82|44|16|2|0|0|0|0|0|0|0|0,4599
United States,Iowa,Heavy trucks,2047,0|18|45|84|140|213|300|349|405|445|460|458|430|390|341|288|213|188|146|100|67|34|12|1|0|0|0|0|0|0|0,5127
United States,Iowa,Heavy trucks,2048,0|17|45|84|138|211|300|394|432|473|496|494|476|437|388|332|274|198|168|126|82|52|25|8|1|0|0|0|0|0|0,5651
United States,Iowa,Heavy trucks,2049,0|17|43|83|138|209|297|394|487|503|527|532|514|484|435|379|316|255|177|145|103|63|39|18|6|1|0|0|0|0|0,6165
United States,Iowa,Heavy trucks,2050,0|17|42|80|137|208|295|390|487|569|560|564|553|523|481|424|361|294|229|152|118|80|47|27|12|4|0|0|0|0|0,6654
United States,Iowa,Medium trucks,2022,0|0|0|0|0|0|0|0|0|0|0|0|0|0|0|0|0|0|0|0|0|0|0|0|0|0|0|0|0|0|0,0
United States,Iowa,Medium trucks,2023,0|0|0|0|0|0|0|0|0|0|0|0|0|0|0|0|0|0|0|0|0|0|0|0|0|0|0|0|0|0|0,0
United States,Iowa,Medium trucks,2024,0|0|0|0|0|0|0|0|0|0|0|0|0|0|0|0|0|0|0|0|0|0|0|0|0|0|0|0|0|0|0,0
United States,Iowa,Medium trucks,2025,0|0|0|0|0|0|0|0|0|0|0|0|0|0|0|0|0|0|0|0|0|0|0|0|0|0|0|0|0|0|0,0
United States,Iowa,Medium trucks,2026,0|9|0|0|0|0|0|0|0|0|0|0|0|0|0|0|0|0|0|0|0|0|0|0|0|0|0|0|0|0|0,9
United States,Iowa,Medium trucks,2027,0|15|22|0|0|0|0|0|0|0|0|0|0|0|0|0|0|0|0|0|0|0|0|0|0|0|0|0|0|0|0,37
United States,Iowa,Medium trucks,2028,0|16|37|41|0|1|0|0|0|0|0|0|0|0|0|0|0|0|0|0|0|0|0|0|0|0|0|0|0|0|0,95
United States,Iowa,Medium trucks,2029,0|19|40|69|68|1|2|0|0|0|0|0|0|0|0|0|0|0|0|0|0|0|0|0|0|0|0|0|0|0|0,199
United States,Iowa,Medium trucks,2030,0|24|48|75|114|103|2|3|0|0|0|0|0|0|0|0|0|0|0|0|0|0|0|0|0|0|0|0|0|0|0,369
United States,Iowa,Medium trucks,2031,0|27|60|89|123|172|146|3|4|0|0|0|0|0|0|0|0|0|0|0|0|0|0|0|0|0|0|0|0|0|0,624
United States,Iowa,Medium trucks,2032,0|33|68|112|147|186|242|193|4|5|0|0|0|0|0|0|0|0|0|0|0|0|0|0|0|0|0|0|0|0|0,990
United States,Iowa,Medium trucks,2033,0|39|83|128|184|223|262|318|238|5|6|0|0|0|0|0|0|0|0|0|0|0|0|0|0|0|0|0|0|0|0,1486
United States,Iowa,Medium trucks,2034,0|44|98|153|210|278|314|344|394|279|6|6|0|0|0|0|0|0|0|0|0|0|0|0|0|0|0|0|0|0|0,2126
United States,Iowa,Medium trucks,2035,0|52|110|182|251|318|391|413|427|460|311|6|6|0|0|0|0|0|0|0|0|0|0|0|0|0|0|0|0|0|0,2927
United States,Iowa,Medium trucks,2036,0|58|128|206|299|378|447|513|511|498|513|333|6|6|0|0|0|0|0|0|0|0|0|0|0|0|0|0|0|0|0,3896
United States,Iowa,Medium trucks,2037,0|64|144|239|337|451|530|588|634|598|555|549|346|6|6|0|0|0|0|0|0|0|0|0|0|0|0|0|0|0|0,5047
United States,Iowa,Medium trucks,2038,0|68|159|267|390|509|633|698|728|742|667|595|571|351|6|5|0|0|0|0|0|0|0|0|0|0|0|0|0|0|0,6389
United States,Iowa,Medium trucks,2039,0|72|170|296|437|587|715|833|861|851|828|715|618|580|349|5|5|0|0|0|0|0|0|0|0|0|0|0|0|0|0,7922
United States,Iowa,Medium trucks,2040,0|76|179|315|486|659|823|940|1032|1007|948|888|744|627|578|340|5|5|0|0|0|0|0|0|0|0|0|0|0|0|0,9652
United States,Iowa,Medium trucks,2041,0|80|189|333|516|733|925|1083|1163|1207|1122|1017|923|756|625|564|323|5|4|0|0|0|0|0|0|0|0|0|0|0|0,11568
United States,Iowa,Medium trucks,2042,0|84|199|352|545|776|1029|1217|1338|1359|1345|1203|1058|937|752|609|539|300|4|4|0|0|0|0|0|0|0|0|0|0|0,13650
United States,Iowa,Medium trucks,2043,0|85|209|370|577|820|1091|1353|1504|1564|1515|1442|1250|1074|932|734|582|500|270|4|3|0|0|0|0|0|0|0|0|0|0,15879
United States,Iowa,Medium trucks,2044,0|86|212|389|607|868|1153|1435|1674|1758|1742|1624|1501|1270|1068|910|701|540|448|231|3|2|0|0|0|0|0|0|0|0|0,18222
United States,Iowa,Medium trucks,2045,0|86|213|394|638|914|1219|1517|1775|1957|1958|1868|1689|1524|1264|1042|868|649|484|385|189|2|2|0|0|0|0|0|0|0|0,20637
United States,Iowa,Medium trucks,2046,0|87|215|397|646|961|1285|1602|1876|2074|2181|2099|1943|1716|1517|1234|995|806|582|416|315|147|2|1|0|0|0|0|0|0|0,23097
United States,Iowa,Medium trucks,2047,0|88|216|400|650|972|1350|1689|1981|2193|2310|2337|2183|1974|1707|1480|1177|923|722|501|340|244|109|1|1|0|0|0|0|0|0,25548
United States,Iowa,Medium trucks,2048,0|88|218|402|655|978|1365|1777|2088|2315|2443|2476|2432|2218|1965|1666|1412|1093|827|621|409|265|181|77|1|1|0|0|0|0|0,27973
United States,Iowa,Medium trucks,2049,0|88|219|406|659|986|1373|1796|2197|2441|2580|2619|2576|2470|2207|1918|1590|1311|979|711|507|318|196|128|53|1|0|0|0|0|0,30329
United States,Iowa,Medium trucks,2050,0|89|219|407|665|993|1384|1807|2220|2568|2719|2765|2724|2616|2459|2154|1830|1475|1174|842|581|394|235|139|88|36|0|0|0|0|0,32583
United States,Kansas,Heavy trucks,2022,0|0|0|0|0|0|0|0|0|0|0|0|0|0|0|0|0|0|0|0|0|0|0|0|0|0|0|0|0|0|0,0
United States,Kansas,Heavy trucks,2023,0|0|0|0|0|0|0|0|0|0|0|0|0|0|0|0|0|0|0|0|0|0|0|0|0|0|0|0|0|0|0,0
United States,Kansas,Heavy trucks,2024,0|0|0|0|0|0|0|0|0|0|0|0|0|0|0|0|0|0|0|0|0|0|0|0|0|0|0|0|0|0|0,0
United States,Kansas,Heavy trucks,2025,0|0|0|0|0|0|0|0|0|0|0|0|0|0|0|0|0|0|0|0|0|0|0|0|0|0|0|0|0|0|0,0
United States,Kansas,Heavy trucks,2026,0|1|0|0|0|0|0|0|0|0|0|0|0|0|0|0|0|0|0|0|0|0|0|0|0|0|0|0|0|0|0,1
United States,Kansas,Heavy trucks,2027,0|2|2|0|0|0|0|0|0|0|0|0|0|0|0|0|0|0|0|0|0|0|0|0|0|0|0|0|0|0|0,4
United States,Kansas,Heavy trucks,2028,0|3|5|4|0|0|0|0|0|0|0|0|0|0|0|0|0|0|0|0|0|0|0|0|0|0|0|0|0|0|0,12
United States,Kansas,Heavy trucks,2029,0|3|8|10|7|1|0|0|0|0|0|0|0|0|0|0|0|0|0|0|0|0|0|0|0|0|0|0|0|0|0,29
United States,Kansas,Heavy trucks,2030,0|5|8|15|16|10|2|0|0|0|0|0|0|0|0|0|0|0|0|0|0|0|0|0|0|0|0|0|0|0|0,56
United States,Kansas,Heavy trucks,2031,0|5|12|16|24|23|14|3|0|0|0|0|0|0|0|0|0|0|0|0|0|0|0|0|0|0|0|0|0|0|0,97
United States,Kansas,Heavy trucks,2032,0|5|12|21|27|35|32|19|4|0|0|0|0|0|0|0|0|0|0|0|0|0|0|0|0|0|0|0|0|0|0,155
United States,Kansas,Heavy trucks,2033,0|7|13|23|34|41|49|42|24|5|0|0|0|0|0|0|0|0|0|0|0|0|0|0|0|0|0|0|0|0|0,238
United States,Kansas,Heavy trucks,2034,0|8|18|24|38|51|58|64|52|28|6|0|0|0|0|0|0|0|0|0|0|0|0|0|0|0|0|0|0|0|0,347
United States,Kansas,Heavy trucks,2035,0|9|20|33|40|57|72|77|79|61|31|6|0|0|0|0|0|0|0|0|0|0|0|0|0|0|0|0|0|0|0,485
United States,Kansas,Heavy trucks,2036,0|10|22|37|54|61|80|95|95|92|67|34|6|0|0|0|0|0|0|0|0|0|0|0|0|0|0|0|0|0|0,653
United States,Kansas,Heavy trucks,2037,0|11|25|41|60|81|86|106|117|110|102|72|34|6|0|0|0|0|0|0|0|0|0|0|0|0|0|0|0|0|0,851
United States,Kansas,Heavy trucks,2038,0|12|28|46|68|91|113|113|132|136|123|108|74|35|6|0|0|0|0|0|0|0|0|0|0|0|0|0|0|0|0,1085
United States,Kansas,Heavy trucks,2039,0|13|30|52|76|103|129|149|141|155|152|131|112|75|35|5|0|0|0|0|0|0|0|0|0|0|0|0|0|0|0,1358
United States,Kansas,Heavy trucks,2040,0|14|32|56|85|116|145|171|184|164|174|163|136|114|74|35|5|0|0|0|0|0|0|0|0|0|0|0|0|0|0,1668
United States,Kansas,Heavy trucks,2041,0|15|35|59|91|129|164|191|210|216|183|186|168|138|113|73|33|5|0|0|0|0|0|0|0|0|0|0|0|0|0,2009
United States,Kansas,Heavy trucks,2042,0|17|36|64|97|139|181|216|236|246|241|197|195|171|137|110|70|30|4|0|0|0|0|0|0|0|0|0|0|0|0,2387
United States,Kansas,Heavy trucks,2043,0|17|42|67|105|147|195|238|266|277|274|258|205|197|170|133|106|65|27|4|0|0|0|0|0|0|0|0|0|0|0,2793
United States,Kansas,Heavy trucks,2044,0|17|42|77|111|159|207|257|294|312|309|294|269|208|195|165|127|98|58|23|3|0|0|0|0|0|0|0|0|0|0,3225
United States,Kansas,Heavy trucks,2045,0|16|41|77|127|168|223|273|318|344|348|331|305|273|206|189|157|119|87|50|19|2|0|0|0|0|0|0|0|0|0,3673
United States,Kansas,Heavy trucks,2046,0|16|40|76|127|191|236|293|339|372|384|374|344|310|272|201|181|147|106|75|41|15|2|0|0|0|0|0|0|0|0,4142
United States,Kansas,Heavy trucks,2047,0|15|40|75|125|191|269|310|364|397|415|412|389|349|309|266|192|168|131|91|61|32|11|1|0|0|0|0|0|0|0,4613
United States,Kansas,Heavy trucks,2048,0|15|38|75|124|189|268|353|385|426|442|446|429|395|347|302|253|179|151|113|74|48|23|8|1|0|0|0|0|0|0,5084
United States,Kansas,Heavy trucks,2049,0|15|38|71|123|187|266|352|437|450|475|474|464|436|393|338|287|235|160|129|92|58|35|17|5|1|0|0|0|0|0,5538
United States,Kansas,Heavy trucks,2050,0|15|38|71|119|185|264|349|435|510|501|509|494|472|434|384|322|267|212|137|106|72|43|25|11|4|0|0|0|0|0,5979
United States,Kansas,Medium trucks,2022,0|0|0|0|0|0|0|0|0|0|0|0|0|0|0|0|0|0|0|0|0|0|0|0|0|0|0|0|0|0|0,0
United States,Kansas,Medium trucks,2023,0|0|0|0|0|0|0|0|0|0|0|0|0|0|0|0|0|0|0|0|0|0|0|0|0|0|0|0|0|0|0,0
United States,Kansas,Medium trucks,2024,0|0|0|0|0|0|0|0|0|0|0|0|0|0|0|0|0|0|0|0|0|0|0|0|0|0|0|0|0|0|0,0
United States,Kansas,Medium trucks,2025,0|0|0|0|0|0|0|0|0|0|0|0|0|0|0|0|0|0|0|0|0|0|0|0|0|0|0|0|0|0|0,0
United States,Kansas,Medium trucks,2026,0|9|0|0|0|0|0|0|0|0|0|0|0|0|0|0|0|0|0|0|0|0|0|0|0|0|0|0|0|0|0,9
United States,Kansas,Medium trucks,2027,0|13|22|0|0|0|0|0|0|0|0|0|0|0|0|0|0|0|0|0|0|0|0|0|0|0|0|0|0|0|0,35
United States,Kansas,Medium trucks,2028,0|15|34|40|0|1|0|0|0|0|0|0|0|0|0|0|0|0|0|0|0|0|0|0|0|0|0|0|0|0|0,90
United States,Kansas,Medium trucks,2029,0|18|37|63|65|1|2|0|0|0|0|0|0|0|0|0|0|0|0|0|0|0|0|0|0|0|0|0|0|0|0,186
United States,Kansas,Medium trucks,2030,0|22|45|68|104|97|2|3|0|0|0|0|0|0|0|0|0|0|0|0|0|0|0|0|0|0|0|0|0|0|0,341
United States,Kansas,Medium trucks,2031,0|25|55|83|112|158|137|3|4|0|0|0|0|0|0|0|0|0|0|0|0|0|0|0|0|0|0|0|0|0|0,577
United States,Kansas,Medium trucks,2032,0|29|62|103|137|170|222|180|4|5|0|0|0|0|0|0|0|0|0|0|0|0|0|0|0|0|0|0|0|0|0,912
United States,Kansas,Medium trucks,2033,0|35|73|117|169|206|239|292|221|5|5|0|0|0|0|0|0|0|0|0|0|0|0|0|0|0|0|0|0|0|0,1362
United States,Kansas,Medium trucks,2034,0|40|89|137|192|255|290|315|362|259|5|5|0|0|0|0|0|0|0|0|0|0|0|0|0|0|0|0|0|0|0,1949
United States,Kansas,Medium trucks,2035,0|47|100|166|225|291|358|380|390|423|288|5|5|0|0|0|0|0|0|0|0|0|0|0|0|0|0|0|0|0|0,2678
United States,Kansas,Medium trucks,2036,0|52|116|186|273|340|408|470|471|456|471|308|5|5|0|0|0|0|0|0|0|0|0|0|0|0|0|0|0|0|0,3561
United States,Kansas,Medium trucks,2037,0|58|130|216|305|411|478|537|581|549|508|505|321|5|5|0|0|0|0|0|0|0|0|0|0|0|0|0|0|0|0,4609
United States,Kansas,Medium trucks,2038,0|62|144|242|353|460|576|630|664|680|613|543|525|326|5|5|0|0|0|0|0|0|0|0|0|0|0|0|0|0|0,5828
United States,Kansas,Medium trucks,2039,0|65|153|268|395|531|646|759|780|777|757|657|565|534|324|5|4|0|0|0|0|0|0|0|0|0|0|0|0|0|0,7220
United States,Kansas,Medium trucks,2040,0|68|161|284|439|595|745|850|938|911|866|811|683|573|532|316|4|4|0|0|0|0|0|0|0|0|0|0|0|0|0,8780
United States,Kansas,Medium trucks,2041,0|72|170|300|466|662|835|980|1052|1096|1015|928|843|694|571|519|301|4|4|0|0|0|0|0|0|0|0|0|0|0|0,10512
United States,Kansas,Medium trucks,2042,0|76|179|316|492|701|929|1099|1211|1230|1223|1088|966|855|691|558|496|279|4|3|0|0|0|0|0|0|0|0|0|0|0,12396
United States,Kansas,Medium trucks,2043,0|76|189|332|518|741|984|1222|1358|1415|1370|1311|1132|981|850|674|533|460|251|3|3|0|0|0|0|0|0|0|0|0|0,14403
United States,Kansas,Medium trucks,2044,0|76|189|350|544|778|1040|1294|1509|1587|1577|1469|1364|1150|976|830|644|494|412|215|3|2|0|0|0|0|0|0|0|0|0,16503
United States,Kansas,Medium trucks,2045,0|77|190|352|573|818|1093|1366|1599|1764|1769|1690|1529|1384|1145|953|791|597|443|354|176|2|1|0|0|0|0|0|0|0|0,18666
United States,Kansas,Medium trucks,2046,0|77|192|353|577|862|1150|1437|1689|1868|1966|1896|1759|1554|1377|1117|909|734|535|380|289|137|1|1|0|0|0|0|0|0|0,20860
United States,Kansas,Medium trucks,2047,0|78|192|356|579|868|1211|1513|1778|1974|2081|2108|1973|1787|1547|1344|1066|843|658|460|311|225|101|1|1|0|0|0|0|0|0,23055
United States,Kansas,Medium trucks,2048,0|78|193|357|583|872|1219|1592|1870|2077|2199|2232|2192|2004|1778|1510|1283|990|756|566|376|242|167|72|1|0|0|0|0|0|0,25209
United States,Kansas,Medium trucks,2049,0|78|194|358|586|877|1225|1602|1968|2186|2314|2358|2321|2227|1994|1735|1441|1191|887|650|463|292|179|118|49|0|0|0|0|0|0,27293
United States,Kansas,Medium trucks,2050,0|78|195|361|587|881|1232|1610|1981|2300|2436|2480|2453|2357|2216|1946|1655|1337|1067|762|531|360|216|127|81|33|0|0|0|0|0,29282
United States,Kentucky,Heavy trucks,2022,0|0|0|0|0|0|0|0|0|0|0|0|0|0|0|0|0|0|0|0|0|0|0|0|0|0|0|0|0|0|0,0
United States,Kentucky,Heavy trucks,2023,0|0|0|0|0|0|0|0|0|0|0|0|0|0|0|0|0|0|0|0|0|0|0|0|0|0|0|0|0|0|0,0
United States,Kentucky,Heavy trucks,2024,0|0|0|0|0|0|0|0|0|0|0|0|0|0|0|0|0|0|0|0|0|0|0|0|0|0|0|0|0|0|0,0
United States,Kentucky,Heavy trucks,2025,0|0|0|0|0|0|0|0|0|0|0|0|0|0|0|0|0|0|0|0|0|0|0|0|0|0|0|0|0|0|0,0
United States,Kentucky,Heavy trucks,2026,0|1|0|0|0|0|0|0|0|0|0|0|0|0|0|0|0|0|0|0|0|0|0|0|0|0|0|0|0|0|0,1
United States,Kentucky,Heavy trucks,2027,0|3|3|0|0|0|0|0|0|0|0|0|0|0|0|0|0|0|0|0|0|0|0|0|0|0|0|0|0|0|0,6
United States,Kentucky,Heavy trucks,2028,0|5|8|6|1|0|0|0|0|0|0|0|0|0|0|0|0|0|0|0|0|0|0|0|0|0|0|0|0|0|0,20
United States,Kentucky,Heavy trucks,2029,0|5|12|15|10|2|0|0|0|0|0|0|0|0|0|0|0|0|0|0|0|0|0|0|0|0|0|0|0|0|0,44
United States,Kentucky,Heavy trucks,2030,0|7|14|22|24|15|3|0|0|0|0|0|0|0|0|0|0|0|0|0|0|0|0|0|0|0|0|0|0|0|0,85
United States,Kentucky,Heavy trucks,2031,0|8|17|26|35|36|22|4|0|0|0|0|0|0|0|0|0|0|0|0|0|0|0|0|0|0|0|0|0|0|0,148
United States,Kentucky,Heavy trucks,2032,0|9|20|32|43|52|50|29|5|0|0|0|0|0|0|0|0|0|0|0|0|0|0|0|0|0|0|0|0|0|0,240
United States,Kentucky,Heavy trucks,2033,0|11|22|37|52|64|73|65|36|6|0|0|0|0|0|0|0|0|0|0|0|0|0|0|0|0|0|0|0|0|0,366
United States,Kentucky,Heavy trucks,2034,0|13|27|40|60|78|90|96|80|42|7|0|0|0|0|0|0|0|0|0|0|0|0|0|0|0|0|0|0|0|0,533
United States,Kentucky,Heavy trucks,2035,0|14|32|50|65|91|109|118|119|93|47|8|0|0|0|0|0|0|0|0|0|0|0|0|0|0|0|0|0|0|0,746
United States,Kentucky,Heavy trucks,2036,0|15|35|59|81|97|129|145|147|139|103|49|8|0|0|0|0|0|0|0|0|0|0|0|0|0|0|0|0|0|0,1007
United States,Kentucky,Heavy trucks,2037,0|17|38|65|96|123|137|170|179|172|156|110|52|8|0|0|0|0|0|0|0|0|0|0|0|0|0|0|0|0|0,1323
United States,Kentucky,Heavy trucks,2038,0|19|42|71|107|144|173|180|209|210|191|168|114|52|8|0|0|0|0|0|0|0|0|0|0|0|0|0|0|0|0,1688
United States,Kentucky,Heavy trucks,2039,0|20|47|79|118|161|202|228|221|245|234|206|175|116|52|7|0|0|0|0|0|0|0|0|0|0|0|0|0|0|0,2111
United States,Kentucky,Heavy trucks,2040,0|21|50|87|131|179|227|265|282|259|273|250|214|177|115|51|7|0|0|0|0|0|0|0|0|0|0|0|0|0|0,2588
United States,Kentucky,Heavy trucks,2041,0|23|52|94|143|198|252|299|327|330|288|293|260|218|176|112|48|6|0|0|0|0|0|0|0|0|0|0|0|0|0,3119
United States,Kentucky,Heavy trucks,2042,0|25|56|98|154|216|279|332|370|383|368|308|304|264|216|171|107|45|6|0|0|0|0|0|0|0|0|0|0|0|0,3702
United States,Kentucky,Heavy trucks,2043,0|25|63|106|162|232|305|367|411|432|426|394|321|309|263|210|163|99|40|5|0|0|0|0|0|0|0|0|0|0|0,4333
United States,Kentucky,Heavy trucks,2044,0|25|63|119|174|245|326|401|455|481|481|457|412|326|308|257|201|152|89|34|4|0|0|0|0|0|0|0|0|0|0,5010
United States,Kentucky,Heavy trucks,2045,0|25|63|119|195|263|346|428|495|531|535|516|475|417|324|301|245|187|136|76|28|3|0|0|0|0|0|0|0|0|0,5708
United States,Kentucky,Heavy trucks,2046,0|25|62|119|195|296|370|454|528|580|593|574|537|483|416|316|286|227|167|117|62|22|2|0|0|0|0|0|0|0|0,6431
United States,Kentucky,Heavy trucks,2047,0|25|62|117|195|295|416|485|562|618|647|635|597|546|480|405|301|266|204|143|96|48|16|2|0|0|0|0|0|0|0,7161
United States,Kentucky,Heavy trucks,2048,0|24|62|116|193|294|415|547|600|658|689|693|660|607|543|468|387|279|239|175|117|74|36|12|1|0|0|0|0|0|0,7889
United States,Kentucky,Heavy trucks,2049,0|24|60|116|191|292|413|546|676|700|733|739|720|671|604|530|446|359|251|205|143|91|55|25|8|1|0|0|0|0|0,8599
United States,Kentucky,Heavy trucks,2050,0|24|59|112|190|289|411|543|675|791|780|786|768|732|668|589|506|414|322|215|168|111|67|39|17|5|0|0|0|0|0,9281
United States,Kentucky,Medium trucks,2022,0|0|0|0|0|0|0|0|0|0|0|0|0|0|0|0|0|0|0|0|0|0|0|0|0|0|0|0|0|0|0,0
United States,Kentucky,Medium trucks,2023,0|0|0|0|0|0|0|0|0|0|0|0|0|0|0|0|0|0|0|0|0|0|0|0|0|0|0|0|0|0|0,0
United States,Kentucky,Medium trucks,2024,0|0|0|0|0|0|0|0|0|0|0|0|0|0|0|0|0|0|0|0|0|0|0|0|0|0|0|0|0|0|0,0
United States,Kentucky,Medium trucks,2025,0|0|0|0|0|0|0|0|0|0|0|0|0|0|0|0|0|0|0|0|0|0|0|0|0|0|0|0|0|0|0,0
United States,Kentucky,Medium trucks,2026,0|13|0|0|0|0|0|0|0|0|0|0|0|0|0|0|0|0|0|0|0|0|0|0|0|0|0|0|0|0|0,13
United States,Kentucky,Medium trucks,2027,0|21|32|0|1|0|0|0|0|0|0|0|0|0|0|0|0|0|0|0|0|0|0|0|0|0|0|0|0|0|0,54
United States,Kentucky,Medium trucks,2028,0|23|52|59|1|2|0|0|0|0|0|0|0|0|0|0|0|0|0|0|0|0|0|0|0|0|0|0|0|0|0,137
United States,Kentucky,Medium trucks,2029,0|27|57|98|97|2|3|0|0|0|0|0|0|0|0|0|0|0|0|0|0|0|0|0|0|0|0|0|0|0|0,284
United States,Kentucky,Medium trucks,2030,0|34|68|107|161|147|3|4|0|0|0|0|0|0|0|0|0|0|0|0|0|0|0|0|0|0|0|0|0|0|0,524
United States,Kentucky,Medium trucks,2031,0|39|86|128|175|243|207|4|5|0|0|0|0|0|0|0|0|0|0|0|0|0|0|0|0|0|0|0|0|0|0,887
United States,Kentucky,Medium trucks,2032,0|47|97|160|210|264|342|273|5|6|0|0|0|0|0|0|0|0|0|0|0|0|0|0|0|0|0|0|0|0|0,1404
United States,Kentucky,Medium trucks,2033,0|56|116|181|262|317|371|449|338|6|7|0|0|0|0|0|0|0|0|0|0|0|0|0|0|0|0|0|0|0|0,2103
United States,Kentucky,Medium trucks,2034,0|62|138|216|298|393|445|487|556|396|7|8|0|0|0|0|0|0|0|0|0|0|0|0|0|0|0|0|0|0|0,3006
United States,Kentucky,Medium trucks,2035,0|72|154|257|353|449|551|585|602|651|441|8|8|0|0|0|0|0|0|0|0|0|0|0|0|0|0|0|0|0|0,4131
United States,Kentucky,Medium trucks,2036,0|80|179|288|421|531|630|726|724|703|725|473|8|8|0|0|0|0|0|0|0|0|0|0|0|0|0|0|0|0|0,5496
United States,Kentucky,Medium trucks,2037,0|90|200|332|472|636|745|828|896|847|784|776|493|8|8|0|0|0|0|0|0|0|0|0|0|0|0|0|0|0|0,7115
United States,Kentucky,Medium trucks,2038,0|95|223|372|544|712|893|980|1025|1048|943|841|807|500|8|7|0|0|0|0|0|0|0|0|0|0|0|0|0|0|0,8998
United States,Kentucky,Medium trucks,2039,0|100|236|415|611|818|999|1175|1211|1199|1167|1011|875|820|498|7|7|0|0|0|0|0|0|0|0|0|0|0|0|0|0,11149
United States,Kentucky,Medium trucks,2040,0|107|249|440|680|920|1151|1316|1453|1415|1336|1251|1052|889|816|486|7|6|0|0|0|0|0|0|0|0|0|0|0|0|0,13574
United States,Kentucky,Medium trucks,2041,0|112|264|464|721|1024|1294|1514|1627|1697|1577|1432|1302|1068|884|797|463|6|6|0|0|0|0|0|0|0|0|0|0|0|0,16252
United States,Kentucky,Medium trucks,2042,0|118|277|490|761|1085|1438|1701|1872|1902|1891|1690|1491|1322|1062|863|760|429|6|5|0|0|0|0|0|0|0|0|0|0|0,19163
United States,Kentucky,Medium trucks,2043,0|119|292|516|803|1145|1523|1893|2103|2188|2119|2027|1758|1514|1316|1037|823|705|385|5|4|0|0|0|0|0|0|0|0|0|0,22275
United States,Kentucky,Medium trucks,2044,0|119|294|544|846|1209|1609|2004|2340|2457|2438|2271|2109|1786|1508|1284|989|764|632|331|4|3|0|0|0|0|0|0|0|0|0,25541
United States,Kentucky,Medium trucks,2045,0|121|296|548|890|1273|1698|2117|2477|2735|2738|2614|2362|2142|1777|1470|1225|919|685|543|270|3|2|0|0|0|0|0|0|0|0,28905
United States,Kentucky,Medium trucks,2046,0|121|298|551|898|1340|1788|2234|2618|2896|3048|2935|2720|2398|2131|1734|1404|1137|823|589|444|210|2|2|0|0|0|0|0|0|0,32321
United States,Kentucky,Medium trucks,2047,0|121|300|555|903|1352|1882|2353|2763|3059|3227|3267|3053|2761|2387|2079|1654|1303|1019|707|481|345|155|2|1|0|0|0|0|0|0,35729
United States,Kentucky,Medium trucks,2048,0|122|300|559|909|1360|1898|2474|2909|3229|3409|3459|3398|3102|2748|2330|1983|1534|1167|875|578|374|255|110|1|1|0|0|0|0|0,39084
United States,Kentucky,Medium trucks,2049,0|123|303|559|916|1369|1910|2496|3060|3400|3598|3655|3598|3451|3088|2681|2224|1841|1374|1003|716|450|277|181|76|1|0|0|0|0|0,42350
United States,Kentucky,Medium trucks,2050,0|123|304|564|918|1378|1922|2511|3086|3577|3788|3857|3802|3654|3435|3013|2558|2065|1651|1180|821|556|333|197|124|51|0|0|0|0|0,45468
United States,Louisiana,Heavy trucks,2022,0|0|0|0|0|0|0|0|0|0|0|0|0|0|0|0|0|0|0|0|0|0|0|0|0|0|0|0|0|0|0,0
United States,Louisiana,Heavy trucks,2023,0|0|0|0|0|0|0|0|0|0|0|0|0|0|0|0|0|0|0|0|0|0|0|0|0|0|0|0|0|0|0,0
United States,Louisiana,Heavy trucks,2024,0|0|0|0|0|0|0|0|0|0|0|0|0|0|0|0|0|0|0|0|0|0|0|0|0|0|0|0|0|0|0,0
United States,Louisiana,Heavy trucks,2025,0|0|0|0|0|0|0|0|0|0|0|0|0|0|0|0|0|0|0|0|0|0|0|0|0|0|0|0|0|0|0,0
United States,Louisiana,Heavy trucks,2026,0|1|0|0|0|0|0|0|0|0|0|0|0|0|0|0|0|0|0|0|0|0|0|0|0|0|0|0|0|0|0,1
United States,Louisiana,Heavy trucks,2027,0|3|3|1|0|0|0|0|0|0|0|0|0|0|0|0|0|0|0|0|0|0|0|0|0|0|0|0|0|0|0,7
United States,Louisiana,Heavy trucks,2028,0|5|8|6|2|0|0|0|0|0|0|0|0|0|0|0|0|0|0|0|0|0|0|0|0|0|0|0|0|0|0,21
United States,Louisiana,Heavy trucks,2029,0|6|12|15|11|3|0|0|0|0|0|0|0|0|0|0|0|0|0|0|0|0|0|0|0|0|0|0|0|0|0,47
United States,Louisiana,Heavy trucks,2030,0|7|15|22|24|16|4|0|0|0|0|0|0|0|0|0|0|0|0|0|0|0|0|0|0|0|0|0|0|0|0,88
United States,Louisiana,Heavy trucks,2031,0|8|18|28|36|36|23|5|0|0|0|0|0|0|0|0|0|0|0|0|0|0|0|0|0|0|0|0|0|0|0,154
United States,Louisiana,Heavy trucks,2032,0|9|20|33|45|54|51|30|6|0|0|0|0|0|0|0|0|0|0|0|0|0|0|0|0|0|0|0|0|0|0,248
United States,Louisiana,Heavy trucks,2033,0|11|22|37|54|67|76|67|37|7|0|0|0|0|0|0|0|0|0|0|0|0|0|0|0|0|0|0|0|0|0,378
United States,Louisiana,Heavy trucks,2034,0|13|28|41|61|81|94|100|82|44|8|0|0|0|0|0|0|0|0|0|0|0|0|0|0|0|0|0|0|0|0,552
United States,Louisiana,Heavy trucks,2035,0|15|32|51|66|92|114|123|123|96|49|9|0|0|0|0|0|0|0|0|0|0|0|0|0|0|0|0|0|0|0,770
United States,Louisiana,Heavy trucks,2036,0|16|36|59|84|99|130|150|153|144|106|51|9|0|0|0|0|0|0|0|0|0|0|0|0|0|0|0|0|0|0,1037
United States,Louisiana,Heavy trucks,2037,0|17|40|67|96|127|139|172|185|178|162|113|54|9|0|0|0|0|0|0|0|0|0|0|0|0|0|0|0|0|0,1359
United States,Louisiana,Heavy trucks,2038,0|19|43|74|110|146|179|183|213|217|198|174|117|54|8|0|0|0|0|0|0|0|0|0|0|0|0|0|0|0|0,1735
United States,Louisiana,Heavy trucks,2039,0|21|48|80|122|166|205|235|226|250|242|213|181|119|54|8|0|0|0|0|0|0|0|0|0|0|0|0|0|0|0,2170
United States,Louisiana,Heavy trucks,2040,0|22|52|89|133|184|233|269|291|264|279|259|222|183|118|53|8|0|0|0|0|0|0|0|0|0|0|0|0|0|0,2659
United States,Louisiana,Heavy trucks,2041,0|23|55|96|147|201|258|306|333|341|294|299|270|226|182|115|50|7|0|0|0|0|0|0|0|0|0|0|0|0|0,3203
United States,Louisiana,Heavy trucks,2042,0|26|57|103|157|221|284|340|379|389|381|315|311|274|223|177|110|46|6|0|0|0|0|0|0|0|0|0|0|0|0,3799
United States,Louisiana,Heavy trucks,2043,0|26|65|107|168|236|311|374|421|443|434|408|327|316|273|218|169|103|42|6|0|0|0|0|0|0|0|0|0|0|0,4447
United States,Louisiana,Heavy trucks,2044,0|26|65|122|176|253|332|409|463|491|493|466|425|333|315|267|208|157|92|36|5|0|0|0|0|0|0|0|0|0|0,5134
United States,Louisiana,Heavy trucks,2045,0|25|64|121|200|266|355|436|505|540|547|529|485|431|331|307|254|193|141|79|29|4|0|0|0|0|0|0|0|0|0,5842
United States,Louisiana,Heavy trucks,2046,0|25|63|120|199|302|374|465|538|591|603|587|550|493|429|322|292|236|173|121|64|23|3|0|0|0|0|0|0|0|0,6573
United States,Louisiana,Heavy trucks,2047,0|25|62|119|197|300|424|491|575|629|658|647|610|559|490|418|307|271|212|148|99|50|17|2|0|0|0|0|0|0|0,7310
United States,Louisiana,Heavy trucks,2048,0|25|62|117|195|298|421|557|608|672|700|706|673|620|556|478|399|285|244|182|121|77|37|12|1|0|0|0|0|0|0,8046
United States,Louisiana,Heavy trucks,2049,0|24|61|116|193|295|419|554|688|710|748|750|735|683|618|543|456|370|256|209|149|94|57|26|8|1|0|0|0|0|0,8763
United States,Louisiana,Heavy trucks,2050,0|24|59|114|190|292|415|550|685|805|792|801|781|747|681|602|518|423|332|220|171|116|70|40|18|5|1|0|0|0|0,9452
United States,Louisiana,Medium trucks,2022,0|0|0|0|0|0|0|0|0|0|0|0|0|0|0|0|0|0|0|0|0|0|0|0|0|0|0|0|0|0|0,0
United States,Louisiana,Medium trucks,2023,0|0|0|0|0|0|0|0|0|0|0|0|0|0|0|0|0|0|0|0|0|0|0|0|0|0|0|0|0|0|0,0
United States,Louisiana,Medium trucks,2024,0|0|0|0|0|0|0|0|0|0|0|0|0|0|0|0|0|0|0|0|0|0|0|0|0|0|0|0|0|0|0,0
United States,Louisiana,Medium trucks,2025,0|0|0|0|0|0|0|0|0|0|0|0|0|0|0|0|0|0|0|0|0|0|0|0|0|0|0|0|0|0|0,0
United States,Louisiana,Medium trucks,2026,0|13|0|0|0|0|0|0|0|0|0|0|0|0|0|0|0|0|0|0|0|0|0|0|0|0|0|0|0|0|0,13
United States,Louisiana,Medium trucks,2027,0|21|32|0|1|0|0|0|0|0|0|0|0|0|0|0|0|0|0|0|0|0|0|0|0|0|0|0|0|0|0,54
United States,Louisiana,Medium trucks,2028,0|23|53|61|1|2|0|0|0|0|0|0|0|0|0|0|0|0|0|0|0|0|0|0|0|0|0|0|0|0|0,140
United States,Louisiana,Medium trucks,2029,0|28|58|101|100|2|3|0|0|0|0|0|0|0|0|0|0|0|0|0|0|0|0|0|0|0|0|0|0|0|0,292
United States,Louisiana,Medium trucks,2030,0|35|70|109|166|152|3|4|0|0|0|0|0|0|0|0|0|0|0|0|0|0|0|0|0|0|0|0|0|0|0,539
United States,Louisiana,Medium trucks,2031,0|40|87|131|179|251|214|4|5|0|0|0|0|0|0|0|0|0|0|0|0|0|0|0|0|0|0|0|0|0|0,911
United States,Louisiana,Medium trucks,2032,0|48|100|163|215|270|352|282|5|6|0|0|0|0|0|0|0|0|0|0|0|0|0|0|0|0|0|0|0|0|0,1441
United States,Louisiana,Medium trucks,2033,0|58|118|186|268|325|380|462|349|6|7|0|0|0|0|0|0|0|0|0|0|0|0|0|0|0|0|0|0|0|0,2159
United States,Louisiana,Medium trucks,2034,0|64|142|221|305|403|455|499|571|408|7|8|0|0|0|0|0|0|0|0|0|0|0|0|0|0|0|0|0|0|0,3083
United States,Louisiana,Medium trucks,2035,0|74|158|265|362|460|565|600|617|668|455|8|8|0|0|0|0|0|0|0|0|0|0|0|0|0|0|0|0|0|0,4240
United States,Louisiana,Medium trucks,2036,0|82|183|295|433|544|646|744|743|722|744|487|8|8|0|0|0|0|0|0|0|0|0|0|0|0|0|0|0|0|0,5639
United States,Louisiana,Medium trucks,2037,0|92|205|340|484|652|763|850|919|868|805|797|507|8|8|0|0|0|0|0|0|0|0|0|0|0|0|0|0|0|0,7298
United States,Louisiana,Medium trucks,2038,0|96|228|381|557|729|915|1003|1051|1075|967|864|829|516|8|7|0|0|0|0|0|0|0|0|0|0|0|0|0|0|0,9226
United States,Louisiana,Medium trucks,2039,0|103|240|424|624|838|1024|1203|1240|1229|1197|1037|898|841|513|7|7|0|0|0|0|0|0|0|0|0|0|0|0|0|0,11425
United States,Louisiana,Medium trucks,2040,0|109|255|448|695|939|1178|1347|1486|1450|1368|1283|1078|913|837|501|7|6|0|0|0|0|0|0|0|0|0|0|0|0|0,13900
United States,Louisiana,Medium trucks,2041,0|114|269|474|734|1046|1320|1549|1665|1737|1615|1466|1334|1095|909|817|477|6|6|0|0|0|0|0|0|0|0|0|0|0|0,16633
United States,Louisiana,Medium trucks,2042,0|119|282|499|775|1105|1469|1736|1915|1946|1935|1731|1526|1355|1090|886|779|443|6|5|0|0|0|0|0|0|0|0|0|0|0,19602
United States,Louisiana,Medium trucks,2043,0|121|296|525|817|1167|1552|1932|2145|2239|2169|2073|1800|1550|1348|1063|846|722|397|5|4|0|0|0|0|0|0|0|0|0|0,22771
United States,Louisiana,Medium trucks,2044,0|121|299|551|860|1230|1639|2041|2390|2508|2495|2325|2156|1828|1543|1315|1015|785|647|341|4|3|0|0|0|0|0|0|0|0|0,26096
United States,Louisiana,Medium trucks,2045,0|121|300|556|903|1295|1727|2157|2524|2793|2794|2675|2419|2190|1820|1506|1255|943|703|556|279|3|2|0|0|0|0|0|0|0|0,29521
United States,Louisiana,Medium trucks,2046,0|123|300|559|910|1361|1819|2272|2667|2951|3112|2995|2782|2458|2180|1775|1438|1165|845|605|455|217|2|2|0|0|0|0|0|0|0,32993
United States,Louisiana,Medium trucks,2047,0|123|304|560|916|1370|1911|2392|2808|3116|3287|3336|3115|2826|2447|2127|1693|1334|1044|726|494|354|160|2|1|0|0|0|0|0|0,36446
United States,Louisiana,Medium trucks,2048,0|123|304|565|919|1378|1924|2514|2956|3282|3472|3524|3470|3164|2813|2387|2029|1571|1195|897|594|384|262|114|1|1|0|0|0|0|0,39843
United States,Louisiana,Medium trucks,2049,0|123|305|566|926|1384|1934|2531|3107|3454|3657|3721|3665|3525|3150|2745|2278|1884|1407|1027|733|461|284|186|78|1|0|0|0|0|0,43132
United States,Louisiana,Medium trucks,2050,0|125|306|568|928|1394|1944|2543|3128|3632|3849|3920|3871|3722|3507|3074|2619|2115|1690|1209|840|570|341|202|128|52|0|0|0|0|0,46277
United States,Maine,Heavy trucks,2022,0|0|0|0|0|0|0|0|0|0|0|0|0|0|0|0|0|0|0|0|0|0|0|0|0|0|0|0|0|0|0,0
United States,Maine,Heavy trucks,2023,0|0|0|0|0|0|0|0|0|0|0|0|0|0|0|0|0|0|0|0|0|0|0|0|0|0|0|0|0|0|0,0
United States,Maine,Heavy trucks,2024,0|0|0|0|0|0|0|0|0|0|0|0|0|0|0|0|0|0|0|0|0|0|0|0|0|0|0|0|0|0|0,0
United States,Maine,Heavy trucks,2025,0|0|0|0|0|0|0|0|0|0|0|0|0|0|0|0|0|0|0|0|0|0|0|0|0|0|0|0|0|0|0,0
United States,Maine,Heavy trucks,2026,0|1|0|0|0|0|0|0|0|0|0|0|0|0|0|0|0|0|0|0|0|0|0|0|0|0|0|0|0|0|0,1
United States,Maine,Heavy trucks,2027,0|1|2|0|0|0|0|0|0|0|0|0|0|0|0|0|0|0|0|0|0|0|0|0|0|0|0|0|0|0|0,3
United States,Maine,Heavy trucks,2028,0|1|2|3|0|0|0|0|0|0|0|0|0|0|0|0|0|0|0|0|0|0|0|0|0|0|0|0|0|0|0,6
United States,Maine,Heavy trucks,2029,0|1|3|4|4|0|0|0|0|0|0|0|0|0|0|0|0|0|0|0|0|0|0|0|0|0|0|0|0|0|0,12
United States,Maine,Heavy trucks,2030,0|2|4|6|7|5|0|0|0|0|0|0|0|0|0|0|0|0|0|0|0|0|0|0|0|0|0|0|0|0|0,24
United States,Maine,Heavy trucks,2031,0|3|5|7|10|10|7|0|0|0|0|0|0|0|0|0|0|0|0|0|0|0|0|0|0|0|0|0|0|0|0,42
United States,Maine,Heavy trucks,2032,0|3|6|10|12|15|15|9|0|0|0|0|0|0|0|0|0|0|0|0|0|0|0|0|0|0|0|0|0|0|0,70
United States,Maine,Heavy trucks,2033,0|3|6|11|16|19|22|20|11|0|0|0|0|0|0|0|0|0|0|0|0|0|0|0|0|0|0|0|0|0|0,108
United States,Maine,Heavy trucks,2034,0|3|8|11|18|24|26|29|25|13|0|0|0|0|0|0|0|0|0|0|0|0|0|0|0|0|0|0|0|0|0,157
United States,Maine,Heavy trucks,2035,0|4|8|15|18|27|33|35|36|29|14|0|0|0|0|0|0|0|0|0|0|0|0|0|0|0|0|0|0|0|0,219
United States,Maine,Heavy trucks,2036,0|5|10|16|24|27|38|44|44|42|32|15|0|0|0|0|0|0|0|0|0|0|0|0|0|0|0|0|0|0|0,297
United States,Maine,Heavy trucks,2037,0|5|12|19|27|37|38|50|54|51|47|35|16|0|0|0|0|0|0|0|0|0|0|0|0|0|0|0|0|0|0,391
United States,Maine,Heavy trucks,2038,0|5|12|22|32|41|52|51|62|63|57|49|35|16|0|0|0|0|0|0|0|0|0|0|0|0|0|0|0|0|0,497
United States,Maine,Heavy trucks,2039,0|6|14|23|36|48|58|68|64|73|69|61|52|36|17|0|0|0|0|0|0|0|0|0|0|0|0|0|0|0|0,625
United States,Maine,Heavy trucks,2040,0|7|15|26|38|54|67|77|84|75|81|74|64|52|36|16|0|0|0|0|0|0|0|0|0|0|0|0|0|0|0,766
United States,Maine,Heavy trucks,2041,0|7|16|28|43|57|75|88|96|98|83|87|76|65|52|36|16|0|0|0|0|0|0|0|0|0|0|0|0|0|0,923
United States,Maine,Heavy trucks,2042,0|7|17|29|45|64|80|98|109|111|108|90|90|77|64|51|34|14|0|0|0|0|0|0|0|0|0|0|0|0|0,1088
United States,Maine,Heavy trucks,2043,0|7|18|32|48|68|89|106|121|127|124|115|94|92|76|63|48|31|13|0|0|0|0|0|0|0|0|0|0|0|0,1272
United States,Maine,Heavy trucks,2044,0|7|18|35|52|73|95|117|132|142|143|132|119|95|90|75|61|45|28|11|0|0|0|0|0|0|0|0|0|0|0,1470
United States,Maine,Heavy trucks,2045,0|7|18|34|58|77|102|126|145|155|160|154|138|120|94|88|72|56|40|24|9|0|0|0|0|0|0|0|0|0|0,1677
United States,Maine,Heavy trucks,2046,0|7|18|34|57|87|108|135|156|170|174|172|159|140|120|92|85|66|50|34|20|7|0|0|0|0|0|0|0|0|0,1891
United States,Maine,Heavy trucks,2047,0|7|18|34|56|86|123|143|166|182|189|186|179|162|140|117|88|78|59|43|28|15|5|0|0|0|0|0|0|0|0,2104
United States,Maine,Heavy trucks,2048,0|7|18|34|56|85|122|163|176|195|203|203|195|181|161|136|112|82|70|51|35|22|11|4|0|0|0|0|0|0|0,2322
United States,Maine,Heavy trucks,2049,0|7|18|33|55|85|121|161|200|206|217|218|211|197|180|157|130|104|73|60|42|27|16|8|3|0|0|0|0|0|0,2529
United States,Maine,Heavy trucks,2050,0|7|18|33|54|83|121|160|198|234|229|233|227|215|195|175|150|121|93|63|49|32|20|12|6|2|0|0|0|0|0,2730
United States,Maine,Medium trucks,2022,0|0|0|0|0|0|0|0|0|0|0|0|0|0|0|0|0|0|0|0|0|0|0|0|0|0|0|0|0|0|0,0
United States,Maine,Medium trucks,2023,0|0|0|0|0|0|0|0|0|0|0|0|0|0|0|0|0|0|0|0|0|0|0|0|0|0|0|0|0|0|0,0
United States,Maine,Medium trucks,2024,0|0|0|0|0|0|0|0|0|0|0|0|0|0|0|0|0|0|0|0|0|0|0|0|0|0|0|0|0|0|0,0
United States,Maine,Medium trucks,2025,0|0|0|0|0|0|0|0|0|0|0|0|0|0|0|0|0|0|0|0|0|0|0|0|0|0|0|0|0|0|0,0
United States,Maine,Medium trucks,2026,0|4|0|0|0|0|0|0|0|0|0|0|0|0|0|0|0|0|0|0|0|0|0|0|0|0|0|0|0|0|0,4
United States,Maine,Medium trucks,2027,0|7|9|0|0|0|0|0|0|0|0|0|0|0|0|0|0|0|0|0|0|0|0|0|0|0|0|0|0|0|0,16
United States,Maine,Medium trucks,2028,0|7|16|18|0|0|0|0|0|0|0|0|0|0|0|0|0|0|0|0|0|0|0|0|0|0|0|0|0|0|0,41
United States,Maine,Medium trucks,2029,0|8|17|29|29|0|0|0|0|0|0|0|0|0|0|0|0|0|0|0|0|0|0|0|0|0|0|0|0|0|0,83
United States,Maine,Medium trucks,2030,0|10|20|32|48|44|0|0|0|0|0|0|0|0|0|0|0|0|0|0|0|0|0|0|0|0|0|0|0|0|0,154
United States,Maine,Medium trucks,2031,0|11|25|37|52|72|62|0|0|0|0|0|0|0|0|0|0|0|0|0|0|0|0|0|0|0|0|0|0|0|0,259
United States,Maine,Medium trucks,2032,0|13|28|46|62|78|101|81|0|0|0|0|0|0|0|0|0|0|0|0|0|0|0|0|0|0|0|0|0|0|0,409
United States,Maine,Medium trucks,2033,0|17|34|53|76|93|109|134|100|0|0|0|0|0|0|0|0|0|0|0|0|0|0|0|0|0|0|0|0|0|0,616
United States,Maine,Medium trucks,2034,0|19|42|63|88|116|132|145|165|116|0|0|0|0|0|0|0|0|0|0|0|0|0|0|0|0|0|0|0|0|0,886
United States,Maine,Medium trucks,2035,0|21|46|77|104|134|164|174|179|194|129|0|0|0|0|0|0|0|0|0|0|0|0|0|0|0|0|0|0|0|0,1222
United States,Maine,Medium trucks,2036,0|23|52|85|127|158|188|216|215|210|216|138|0|0|0|0|0|0|0|0|0|0|0|0|0|0|0|0|0|0|0,1628
United States,Maine,Medium trucks,2037,0|27|58|98|141|191|222|248|267|252|234|232|144|0|0|0|0|0|0|0|0|0|0|0|0|0|0|0|0|0|0,2114
United States,Maine,Medium trucks,2038,0|28|66|110|162|213|268|292|306|313|281|250|241|146|0|0|0|0|0|0|0|0|0|0|0|0|0|0|0|0|0,2676
United States,Maine,Medium trucks,2039,0|29|69|124|181|244|300|352|362|358|349|301|260|246|145|0|0|0|0|0|0|0|0|0|0|0|0|0|0|0|0,3320
United States,Maine,Medium trucks,2040,0|31|72|129|202|274|343|394|435|423|400|375|313|264|244|141|0|0|0|0|0|0|0|0|0|0|0|0|0|0|0,4040
United States,Maine,Medium trucks,2041,0|33|78|136|212|305|385|451|487|507|471|428|390|318|263|238|135|0|0|0|0|0|0|0|0|0|0|0|0|0|0,4837
United States,Maine,Medium trucks,2042,0|35|83|146|224|321|428|505|558|569|564|505|446|396|317|257|227|126|0|0|0|0|0|0|0|0|0|0|0|0|0,5707
United States,Maine,Medium trucks,2043,0|35|87|154|239|339|451|563|624|653|635|605|525|454|394|309|245|211|113|0|0|0|0|0|0|0|0|0|0|0|0,6636
United States,Maine,Medium trucks,2044,0|35|87|161|252|360|475|595|697|730|728|680|629|534|452|384|294|227|189|97|0|0|0|0|0|0|0|0|0|0|0,7606
United States,Maine,Medium trucks,2045,0|35|87|162|264|379|505|627|737|815|814|780|707|638|532|441|366|273|204|162|79|0|0|0|0|0|0|0|0|0|0,8607
United States,Maine,Medium trucks,2046,0|35|88|162|266|397|531|664|776|862|908|874|811|717|635|519|420|339|245|175|132|61|0|0|0|0|0|0|0|0|0,9617
United States,Maine,Medium trucks,2047,0|35|88|164|267|400|557|700|820|906|960|973|909|824|714|619|496|390|305|211|143|103|45|0|0|0|0|0|0|0|0,10629
United States,Maine,Medium trucks,2048,0|35|88|164|269|402|561|734|864|958|1009|1029|1013|923|820|696|592|460|350|262|172|111|76|32|0|0|0|0|0|0|0,11620
United States,Maine,Medium trucks,2049,0|35|89|164|269|404|563|739|906|1010|1068|1082|1069|1028|919|801|664|548|412|300|214|134|82|54|22|0|0|0|0|0|0,12576
United States,Maine,Medium trucks,2050,0|35|89|165|269|405|567|742|912|1060|1125|1145|1126|1085|1023|897|764|616|492|354|246|166|99|58|37|15|0|0|0|0|0,13492
United States,Maryland,Heavy trucks,2022,0|0|0|0|0|0|0|0|0|0|0|0|0|0|0|0|0|0|0|0|0|0|0|0|0|0|0|0|0|0|0,0
United States,Maryland,Heavy trucks,2023,0|0|0|0|0|0|0|0|0|0|0|0|0|0|0|0|0|0|0|0|0|0|0|0|0|0|0|0|0|0|0,0
United States,Maryland,Heavy trucks,2024,0|0|0|0|0|0|0|0|0|0|0|0|0|0|0|0|0|0|0|0|0|0|0|0|0|0|0|0|0|0|0,0
United States,Maryland,Heavy trucks,2025,0|0|0|0|0|0|0|0|0|0|0|0|0|0|0|0|0|0|0|0|0|0|0|0|0|0|0|0|0|0|0,0
United States,Maryland,Heavy trucks,2026,0|2|0|0|0|0|0|0|0|0|0|0|0|0|0|0|0|0|0|0|0|0|0|0|0|0|0|0|0|0|0,2
United States,Maryland,Heavy trucks,2027,0|5|5|1|0|0|0|0|0|0|0|0|0|0|0|0|0|0|0|0|0|0|0|0|0|0|0|0|0|0|0,11
United States,Maryland,Heavy trucks,2028,0|7|12|9|2|0|0|0|0|0|0|0|0|0|0|0|0|0|0|0|0|0|0|0|0|0|0|0|0|0|0,30
United States,Maryland,Heavy trucks,2029,0|8|16|21|14|3|0|0|0|0|0|0|0|0|0|0|0|0|0|0|0|0|0|0|0|0|0|0|0|0|0,62
United States,Maryland,Heavy trucks,2030,0|9|19|29|34|21|4|0|0|0|0|0|0|0|0|0|0|0|0|0|0|0|0|0|0|0|0|0|0|0|0,116
United States,Maryland,Heavy trucks,2031,0|11|23|36|48|51|30|5|0|0|0|0|0|0|0|0|0|0|0|0|0|0|0|0|0|0|0|0|0|0|0,204
United States,Maryland,Heavy trucks,2032,0|11|28|44|59|73|70|40|6|0|0|0|0|0|0|0|0|0|0|0|0|0|0|0|0|0|0|0|0|0|0,331
United States,Maryland,Heavy trucks,2033,0|15|28|52|72|89|102|91|49|7|0|0|0|0|0|0|0|0|0|0|0|0|0|0|0|0|0|0|0|0|0,505
United States,Maryland,Heavy trucks,2034,0|17|38|53|85|109|126|135|112|58|8|0|0|0|0|0|0|0|0|0|0|0|0|0|0|0|0|0|0|0|0,741
United States,Maryland,Heavy trucks,2035,0|20|43|71|88|129|154|166|166|130|64|9|0|0|0|0|0|0|0|0|0|0|0|0|0|0|0|0|0|0|0,1040
United States,Maryland,Heavy trucks,2036,0|22|49|80|117|134|181|203|205|195|146|69|10|0|0|0|0|0|0|0|0|0|0|0|0|0|0|0|0|0|0,1411
United States,Maryland,Heavy trucks,2037,0|25|55|92|132|176|189|238|250|240|218|157|71|10|0|0|0|0|0|0|0|0|0|0|0|0|0|0|0|0|0,1853
United States,Maryland,Heavy trucks,2038,0|27|62|103|152|200|246|249|294|294|267|235|162|72|9|0|0|0|0|0|0|0|0|0|0|0|0|0|0|0|0,2372
United States,Maryland,Heavy trucks,2039,0|29|67|116|169|229|282|323|308|344|327|286|244|165|72|9|0|0|0|0|0|0|0|0|0|0|0|0|0|0|0,2970
United States,Maryland,Heavy trucks,2040,0|31|72|125|190|256|322|370|400|360|384|352|297|249|164|70|9|0|0|0|0|0|0|0|0|0|0|0|0|0|0,3651
United States,Maryland,Heavy trucks,2041,0|33|77|134|205|286|361|423|459|468|402|412|367|303|247|159|68|8|0|0|0|0|0|0|0|0|0|0|0|0|0,4412
United States,Maryland,Heavy trucks,2042,0|37|83|143|220|310|401|474|523|536|521|431|429|372|302|240|152|62|7|0|0|0|0|0|0|0|0|0|0|0|0,5243
United States,Maryland,Heavy trucks,2043,0|37|93|154|236|332|435|527|586|612|598|558|449|436|371|294|229|142|56|6|0|0|0|0|0|0|0|0|0|0|0,6151
United States,Maryland,Heavy trucks,2044,0|37|93|173|253|355|465|572|651|685|681|641|581|457|434|362|280|213|127|48|5|0|0|0|0|0|0|0|0|0|0,7113
United States,Maryland,Heavy trucks,2045,0|37|93|173|284|380|497|613|708|761|764|731|667|590|454|423|344|260|191|109|39|4|0|0|0|0|0|0|0|0|0,8122
United States,Maryland,Heavy trucks,2046,0|37|93|173|284|428|532|655|759|827|849|819|761|678|587|444|403|319|234|164|89|31|3|0|0|0|0|0|0|0|0,9169
United States,Maryland,Heavy trucks,2047,0|36|93|173|284|428|601|701|811|886|921|910|851|772|675|573|423|374|287|201|134|69|23|2|0|0|0|0|0|0|0,10228
United States,Maryland,Heavy trucks,2048,0|35|90|172|284|427|601|792|865|947|988|988|947|865|768|659|548|392|336|246|164|104|51|16|1|0|0|0|0|0|0,11286
United States,Maryland,Heavy trucks,2049,0|35|89|168|282|427|599|792|979|1011|1055|1058|1028|962|860|750|629|508|352|288|201|128|77|36|11|1|0|0|0|0|0,12326
United States,Maryland,Heavy trucks,2050,0|35|88|166|276|424|598|789|979|1144|1126|1131|1101|1045|957|839|715|583|455|302|236|156|94|55|25|7|1|0|0|0|0,13327
United States,Maryland,Medium trucks,2022,0|0|0|0|0|0|0|0|0|0|0|0|0|0|0|0|0|0|0|0|0|0|0|0|0|0|0|0|0|0|0,0
United States,Maryland,Medium trucks,2023,0|0|0|0|0|0|0|0|0|0|0|0|0|0|0|0|0|0|0|0|0|0|0|0|0|0|0|0|0|0|0,0
United States,Maryland,Medium trucks,2024,0|0|0|0|0|0|0|0|0|0|0|0|0|0|0|0|0|0|0|0|0|0|0|0|0|0|0|0|0|0|0,0
United States,Maryland,Medium trucks,2025,0|0|0|0|0|0|0|0|0|0|0|0|0|0|0|0|0|0|0|0|0|0|0|0|0|0|0|0|0|0|0,0
United States,Maryland,Medium trucks,2026,0|18|0|1|0|0|0|0|0|0|0|0|0|0|0|0|0|0|0|0|0|0|0|0|0|0|0|0|0|0|0,19
United States,Maryland,Medium trucks,2027,0|29|45|1|2|0|0|0|0|0|0|0|0|0|0|0|0|0|0|0|0|0|0|0|0|0|0|0|0|0|0,77
United States,Maryland,Medium trucks,2028,0|31|72|83|2|3|0|0|0|0|0|0|0|0|0|0|0|0|0|0|0|0|0|0|0|0|0|0|0|0|0,191
United States,Maryland,Medium trucks,2029,0|38|79|136|137|3|4|0|0|0|0|0|0|0|0|0|0|0|0|0|0|0|0|0|0|0|0|0|0|0|0,397
United States,Maryland,Medium trucks,2030,0|48|96|147|223|206|4|5|0|0|0|0|0|0|0|0|0|0|0|0|0|0|0|0|0|0|0|0|0|0|0,729
United States,Maryland,Medium trucks,2031,0|56|119|178|242|336|289|5|6|0|0|0|0|0|0|0|0|0|0|0|0|0|0|0|0|0|0|0|0|0|0,1231
United States,Maryland,Medium trucks,2032,0|65|138|222|293|365|471|379|6|7|0|0|0|0|0|0|0|0|0|0|0|0|0|0|0|0|0|0|0|0|0,1946
United States,Maryland,Medium trucks,2033,0|78|161|256|363|441|512|621|469|7|8|0|0|0|0|0|0|0|0|0|0|0|0|0|0|0|0|0|0|0|0,2916
United States,Maryland,Medium trucks,2034,0|88|195|300|418|547|618|675|769|547|8|9|0|0|0|0|0|0|0|0|0|0|0|0|0|0|0|0|0|0|0,4174
United States,Maryland,Medium trucks,2035,0|103|219|362|492|629|767|813|834|898|610|9|10|0|0|0|0|0|0|0|0|0|0|0|0|0|0|0|0|0|0,5746
United States,Maryland,Medium trucks,2036,0|115|254|408|593|741|881|1009|1006|975|1002|654|9|10|0|0|0|0|0|0|0|0|0|0|0|0|0|0|0|0|0,7657
United States,Maryland,Medium trucks,2037,0|128|284|472|668|892|1041|1159|1248|1176|1087|1074|680|9|9|0|0|0|0|0|0|0|0|0|0|0|0|0|0|0|0,9927
United States,Maryland,Medium trucks,2038,0|136|318|529|772|1006|1253|1369|1433|1459|1311|1166|1117|691|8|9|0|0|0|0|0|0|0|0|0|0|0|0|0|0|0,12577
United States,Maryland,Medium trucks,2039,0|144|338|591|867|1161|1413|1648|1693|1674|1624|1405|1212|1135|688|8|9|0|0|0|0|0|0|0|0|0|0|0|0|0|0,15610
United States,Maryland,Medium trucks,2040,0|152|358|628|968|1306|1630|1858|2038|1978|1865|1742|1461|1231|1130|671|8|8|0|0|0|0|0|0|0|0|0|0|0|0|0,19032
United States,Maryland,Medium trucks,2041,0|161|378|665|1029|1458|1834|2144|2296|2382|2204|2000|1811|1484|1225|1102|641|7|7|0|0|0|0|0|0|0|0|0|0|0|0,22828
United States,Maryland,Medium trucks,2042,0|169|399|704|1090|1549|2048|2413|2651|2682|2655|2363|2081|1840|1477|1195|1052|594|6|6|0|0|0|0|0|0|0|0|0|0|0,26974
United States,Maryland,Medium trucks,2043,0|171|422|743|1154|1641|2175|2694|2982|3098|2989|2846|2458|2113|1831|1441|1140|977|533|6|5|0|0|0|0|0|0|0|0|0|0,31419
United States,Maryland,Medium trucks,2044,0|173|426|785|1217|1738|2304|2860|3330|3484|3452|3204|2961|2496|2102|1786|1376|1059|876|458|5|4|0|0|0|0|0|0|0|0|0,36096
United States,Maryland,Medium trucks,2045,0|175|430|793|1285|1833|2440|3031|3535|3891|3882|3700|3333|3007|2484|2052|1704|1277|949|752|375|4|3|0|0|0|0|0|0|0|0,40935
United States,Maryland,Medium trucks,2046,0|176|435|800|1299|1937|2574|3208|3747|4132|4335|4162|3849|3385|2992|2423|1957|1582|1144|815|615|291|3|2|0|0|0|0|0|0|0,45863
United States,Maryland,Medium trucks,2047,0|177|438|810|1310|1958|2720|3386|3966|4380|4603|4647|4330|3909|3369|2919|2313|1817|1417|983|667|478|216|2|1|0|0|0|0|0|0,50816
United States,Maryland,Medium trucks,2048,0|179|442|815|1325|1974|2749|3577|4186|4635|4880|4934|4834|4398|3891|3287|2785|2147|1629|1217|805|518|354|153|1|1|0|0|0|0|0,55716
United States,Maryland,Medium trucks,2049,0|180|446|823|1335|1995|2771|3615|4423|4893|5164|5231|5133|4909|4376|3796|3137|2585|1926|1399|996|625|383|251|105|1|1|0|0|0|0,60499
United States,Maryland,Medium trucks,2050,0|182|448|829|1347|2011|2801|3644|4469|5170|5452|5536|5442|5214|4885|4270|3622|2912|2318|1654|1145|774|463|272|172|70|1|0|0|0|0,65103
United States,Massachusetts,Heavy trucks,2022,0|0|0|0|0|0|0|0|0|0|0|0|0|0|0|0|0|0|0|0|0|0|0|0|0|0|0|0|0|0|0,0
United States,Massachusetts,Heavy trucks,2023,0|0|0|0|0|0|0|0|0|0|0|0|0|0|0|0|0|0|0|0|0|0|0|0|0|0|0|0|0|0|0,0
United States,Massachusetts,Heavy trucks,2024,0|0|0|0|0|0|0|0|0|0|0|0|0|0|0|0|0|0|0|0|0|0|0|0|0|0|0|0|0|0|0,0
United States,Massachusetts,Heavy trucks,2025,0|0|0|0|0|0|0|0|0|0|0|0|0|0|0|0|0|0|0|0|0|0|0|0|0|0|0|0|0|0|0,0
United States,Massachusetts,Heavy trucks,2026,0|2|1|0|0|0|0|0|0|0|0|0|0|0|0|0|0|0|0|0|0|0|0|0|0|0|0|0|0|0|0,3
United States,Massachusetts,Heavy trucks,2027,0|5|5|2|0|0|0|0|0|0|0|0|0|0|0|0|0|0|0|0|0|0|0|0|0|0|0|0|0|0|0,12
United States,Massachusetts,Heavy trucks,2028,0|7|12|10|3|0|0|0|0|0|0|0|0|0|0|0|0|0|0|0|0|0|0|0|0|0|0|0|0|0|0,32
United States,Massachusetts,Heavy trucks,2029,0|9|18|23|17|4|0|0|0|0|0|0|0|0|0|0|0|0|0|0|0|0|0|0|0|0|0|0|0|0|0,71
United States,Massachusetts,Heavy trucks,2030,0|11|22|33|38|26|5|0|0|0|0|0|0|0|0|0|0|0|0|0|0|0|0|0|0|0|0|0|0|0|0,135
United States,Massachusetts,Heavy trucks,2031,0|13|27|41|54|57|36|6|0|0|0|0|0|0|0|0|0|0|0|0|0|0|0|0|0|0|0|0|0|0|0,234
United States,Massachusetts,Heavy trucks,2032,0|13|32|50|67|82|80|47|7|0|0|0|0|0|0|0|0|0|0|0|0|0|0|0|0|0|0|0|0|0|0,378
United States,Massachusetts,Heavy trucks,2033,0|17|33|59|82|101|115|105|58|8|0|0|0|0|0|0|0|0|0|0|0|0|0|0|0|0|0|0|0|0|0,578
United States,Massachusetts,Heavy trucks,2034,0|20|42|62|96|124|143|153|129|67|9|0|0|0|0|0|0|0|0|0|0|0|0|0|0|0|0|0|0|0|0,845
United States,Massachusetts,Heavy trucks,2035,0|23|49|79|101|146|175|189|189|150|74|10|0|0|0|0|0|0|0|0|0|0|0|0|0|0|0|0|0|0|0,1185
United States,Massachusetts,Heavy trucks,2036,0|25|56|92|131|153|206|231|233|222|168|79|11|0|0|0|0|0|0|0|0|0|0|0|0|0|0|0|0|0|0,1607
United States,Massachusetts,Heavy trucks,2037,0|28|62|106|152|198|215|271|286|273|247|180|82|11|0|0|0|0|0|0|0|0|0|0|0|0|0|0|0|0|0,2111
United States,Massachusetts,Heavy trucks,2038,0|31|70|118|174|229|279|283|335|335|303|265|189|84|10|0|0|0|0|0|0|0|0|0|0|0|0|0|0|0|0,2705
United States,Massachusetts,Heavy trucks,2039,0|33|77|131|194|263|322|367|351|391|374|325|277|191|83|10|0|0|0|0|0|0|0|0|0|0|0|0|0|0|0,3389
United States,Massachusetts,Heavy trucks,2040,0|35|83|143|215|293|369|423|454|411|436|401|338|280|189|81|9|0|0|0|0|0|0|0|0|0|0|0|0|0|0,4160
United States,Massachusetts,Heavy trucks,2041,0|37|88|154|236|324|412|484|523|530|458|468|418|343|280|184|78|9|0|0|0|0|0|0|0|0|0|0|0|0|0,5026
United States,Massachusetts,Heavy trucks,2042,0|43|93|164|253|355|454|542|599|612|592|491|487|424|341|273|176|72|8|0|0|0|0|0|0|0|0|0|0|0|0,5979
United States,Massachusetts,Heavy trucks,2043,0|43|107|174|269|380|497|598|670|699|682|634|511|494|422|332|260|163|65|7|0|0|0|0|0|0|0|0|0|0|0,7007
United States,Massachusetts,Heavy trucks,2044,0|43|107|199|286|406|533|654|740|783|779|732|659|520|492|412|316|242|146|55|6|0|0|0|0|0|0|0|0|0|0,8110
United States,Massachusetts,Heavy trucks,2045,0|43|107|199|326|431|569|702|809|865|873|836|762|670|517|480|393|294|217|126|45|4|0|0|0|0|0|0|0|0|0,9268
United States,Massachusetts,Heavy trucks,2046,0|42|107|199|326|492|605|750|867|945|964|936|870|773|668|505|457|364|264|187|103|35|3|0|0|0|0|0|0|0|0,10462
United States,Massachusetts,Heavy trucks,2047,0|41|106|199|326|492|690|797|926|1014|1053|1034|974|884|769|650|481|424|327|227|153|80|26|2|0|0|0|0|0|0|0,11675
United States,Massachusetts,Heavy trucks,2048,0|41|103|196|326|491|690|907|985|1082|1129|1128|1075|989|880|751|621|446|381|281|185|119|59|18|2|0|0|0|0|0|0,12885
United States,Massachusetts,Heavy trucks,2049,0|41|103|193|321|490|689|907|1123|1152|1206|1210|1174|1092|983|858|716|576|400|327|230|144|88|42|13|1|0|0|0|0|0,14079
United States,Massachusetts,Heavy trucks,2050,0|41|102|191|317|485|688|905|1123|1312|1284|1292|1258|1193|1087|960|819|664|516|343|267|178|107|62|29|9|1|0|0|0|0,15233
United States,Massachusetts,Medium trucks,2022,0|0|0|0|0|0|0|0|0|0|0|0|0|0|0|0|0|0|0|0|0|0|0|0|0|0|0|0|0|0|0,0
United States,Massachusetts,Medium trucks,2023,0|0|0|0|0|0|0|0|0|0|0|0|0|0|0|0|0|0|0|0|0|0|0|0|0|0|0|0|0|0|0,0
United States,Massachusetts,Medium trucks,2024,0|0|0|0|0|0|0|0|0|0|0|0|0|0|0|0|0|0|0|0|0|0|0|0|0|0|0|0|0|0|0,0
United States,Massachusetts,Medium trucks,2025,0|0|1|0|0|0|0|0|0|0|0|0|0|0|0|0|0|0|0|0|0|0|0|0|0|0|0|0|0|0|0,1
United States,Massachusetts,Medium trucks,2026,0|20|0|2|0|0|0|0|0|0|0|0|0|0|0|0|0|0|0|0|0|0|0|0|0|0|0|0|0|0|0,22
United States,Massachusetts,Medium trucks,2027,0|33|50|1|3|0|0|0|0|0|0|0|0|0|0|0|0|0|0|0|0|0|0|0|0|0|0|0|0|0|0,87
United States,Massachusetts,Medium trucks,2028,0|36|83|94|2|4|0|0|0|0|0|0|0|0|0|0|0|0|0|0|0|0|0|0|0|0|0|0|0|0|0,219
United States,Massachusetts,Medium trucks,2029,0|43|90|155|154|3|5|0|0|0|0|0|0|0|0|0|0|0|0|0|0|0|0|0|0|0|0|0|0|0|0,450
United States,Massachusetts,Medium trucks,2030,0|55|109|168|255|232|4|6|0|0|0|0|0|0|0|0|0|0|0|0|0|0|0|0|0|0|0|0|0|0|0,829
United States,Massachusetts,Medium trucks,2031,0|63|136|203|277|384|327|5|7|0|0|0|0|0|0|0|0|0|0|0|0|0|0|0|0|0|0|0|0|0|0,1402
United States,Massachusetts,Medium trucks,2032,0|74|156|253|334|417|539|430|6|8|0|0|0|0|0|0|0|0|0|0|0|0|0|0|0|0|0|0|0|0|0,2217
United States,Massachusetts,Medium trucks,2033,0|89|185|291|414|504|585|710|532|7|9|0|0|0|0|0|0|0|0|0|0|0|0|0|0|0|0|0|0|0|0,3326
United States,Massachusetts,Medium trucks,2034,0|100|222|344|477|624|707|770|877|623|8|10|0|0|0|0|0|0|0|0|0|0|0|0|0|0|0|0|0|0|0,4762
United States,Massachusetts,Medium trucks,2035,0|117|249|414|562|718|875|930|952|1026|694|9|11|0|0|0|0|0|0|0|0|0|0|0|0|0|0|0|0|0|0,6557
United States,Massachusetts,Medium trucks,2036,0|131|289|464|678|846|1007|1151|1150|1113|1143|744|10|11|0|0|0|0|0|0|0|0|0|0|0|0|0|0|0|0|0,8737
United States,Massachusetts,Medium trucks,2037,0|146|325|538|761|1020|1189|1324|1423|1344|1241|1226|774|10|10|0|0|0|0|0|0|0|0|0|0|0|0|0|0|0|0,11331
United States,Massachusetts,Medium trucks,2038,0|155|363|605|881|1146|1432|1563|1636|1664|1497|1331|1276|786|9|10|0|0|0|0|0|0|0|0|0|0|0|0|0|0|0,14354
United States,Massachusetts,Medium trucks,2039,0|165|385|675|992|1326|1610|1884|1933|1911|1853|1605|1384|1295|783|9|9|0|0|0|0|0|0|0|0|0|0|0|0|0|0,17819
United States,Massachusetts,Medium trucks,2040,0|174|410|717|1106|1493|1862|2118|2328|2258|2130|1986|1670|1406|1290|763|9|9|0|0|0|0|0|0|0|0|0|0|0|0|0,21729
United States,Massachusetts,Medium trucks,2041,0|183|433|762|1175|1665|2096|2448|2620|2721|2517|2283|2067|1695|1400|1258|728|8|8|0|0|0|0|0|0|0|0|0|0|0|0,26067
United States,Massachusetts,Medium trucks,2042,0|194|456|805|1248|1770|2338|2756|3028|3061|3032|2698|2373|2098|1688|1366|1201|675|7|7|0|0|0|0|0|0|0|0|0|0|0,30801
United States,Massachusetts,Medium trucks,2043,0|197|483|850|1318|1878|2486|3076|3407|3538|3411|3251|2807|2411|2088|1647|1303|1115|605|6|6|0|0|0|0|0|0|0|0|0|0,35883
United States,Massachusetts,Medium trucks,2044,0|198|489|899|1392|1986|2637|3270|3803|3982|3943|3657|3381|2850|2399|2038|1572|1210|999|520|5|4|0|0|0|0|0|0|0|0|0,41234
United States,Massachusetts,Medium trucks,2045,0|200|493|910|1472|2099|2788|3469|4043|4446|4437|4227|3804|3433|2837|2341|1944|1458|1084|858|425|4|3|0|0|0|0|0|0|0|0,46775
United States,Massachusetts,Medium trucks,2046,0|202|497|917|1489|2218|2948|3667|4288|4725|4954|4757|4397|3863|3417|2768|2235|1805|1306|931|702|331|3|2|0|0|0|0|0|0|0,52422
United States,Massachusetts,Medium trucks,2047,0|204|502|925|1502|2242|3114|3877|4534|5012|5264|5311|4949|4466|3845|3333|2641|2075|1619|1122|762|545|245|2|2|0|0|0|0|0|0,58093
United States,Massachusetts,Medium trucks,2048,0|206|507|934|1515|2262|3148|4094|4792|5300|5585|5644|5524|5028|4444|3752|3181|2451|1861|1390|918|592|404|174|1|1|0|0|0|0|0,63708
United States,Massachusetts,Medium trucks,2049,0|208|511|943|1529|2282|3176|4141|5061|5601|5905|5987|5870|5611|5003|4337|3580|2953|2198|1598|1138|714|438|287|119|1|1|0|0|0|0,69192
United States,Massachusetts,Medium trucks,2050,0|210|515|950|1544|2304|3206|4178|5119|5916|6242|6330|6227|5963|5585|4882|4138|3323|2647|1887|1308|884|528|311|197|80|1|0|0|0|0,74475
United States,Michigan,Heavy trucks,2022,0|0|0|0|0|0|0|0|0|0|0|0|0|0|0|0|0|0|0|0|0|0|0|0|0|0|0|0|0|0|0,0
United States,Michigan,Heavy trucks,2023,0|0|0|0|0|0|0|0|0|0|0|0|0|0|0|0|0|0|0|0|0|0|0|0|0|0|0|0|0|0|0,0
United States,Michigan,Heavy trucks,2024,0|0|0|0|0|0|0|0|0|0|0|0|0|0|0|0|0|0|0|0|0|0|0|0|0|0|0|0|0|0|0,0
United States,Michigan,Heavy trucks,2025,0|1|0|0|0|0|0|0|0|0|0|0|0|0|0|0|0|0|0|0|0|0|0|0|0|0|0|0|0|0|0,1
United States,Michigan,Heavy trucks,2026,0|3|2|0|0|0|0|0|0|0|0|0|0|0|0|0|0|0|0|0|0|0|0|0|0|0|0|0|0|0|0,5
United States,Michigan,Heavy trucks,2027,0|7|8|3|0|0|0|0|0|0|0|0|0|0|0|0|0|0|0|0|0|0|0|0|0|0|0|0|0|0|0,18
United States,Michigan,Heavy trucks,2028,0|10|17|15|4|0|0|0|0|0|0|0|0|0|0|0|0|0|0|0|0|0|0|0|0|0|0|0|0|0|0,46
United States,Michigan,Heavy trucks,2029,0|13|25|32|24|5|1|0|0|0|0|0|0|0|0|0|0|0|0|0|0|0|0|0|0|0|0|0|0|0|0,100
United States,Michigan,Heavy trucks,2030,0|15|32|47|52|36|6|2|0|0|0|0|0|0|0|0|0|0|0|0|0|0|0|0|0|0|0|0|0|0|0,190
United States,Michigan,Heavy trucks,2031,0|17|38|59|77|78|51|7|3|0|0|0|0|0|0|0|0|0|0|0|0|0|0|0|0|0|0|0|0|0|0,330
United States,Michigan,Heavy trucks,2032,0|19|43|71|96|117|109|67|8|4|0|0|0|0|0|0|0|0|0|0|0|0|0|0|0|0|0|0|0|0|0,534
United States,Michigan,Heavy trucks,2033,0|23|46|80|117|144|165|145|82|9|4|0|0|0|0|0|0|0|0|0|0|0|0|0|0|0|0|0|0|0|0,815
United States,Michigan,Heavy trucks,2034,0|27|58|85|133|176|202|217|179|96|10|4|0|0|0|0|0|0|0|0|0|0|0|0|0|0|0|0|0|0|0,1187
United States,Michigan,Heavy trucks,2035,0|31|68|110|141|201|246|266|268|210|106|11|4|0|0|0|0|0|0|0|0|0|0|0|0|0|0|0|0|0|0,1662
United States,Michigan,Heavy trucks,2036,0|35|77|127|181|213|284|323|328|314|234|113|12|4|0|0|0|0|0|0|0|0|0|0|0|0|0|0|0|0|0,2245
United States,Michigan,Heavy trucks,2037,0|38|87|144|208|274|300|374|400|384|351|250|117|13|4|0|0|0|0|0|0|0|0|0|0|0|0|0|0|0|0,2944
United States,Michigan,Heavy trucks,2038,0|41|95|161|237|314|385|394|463|468|427|377|260|119|12|4|0|0|0|0|0|0|0|0|0|0|0|0|0|0|0,3757
United States,Michigan,Heavy trucks,2039,0|43|103|177|264|356|441|505|487|540|521|458|392|264|118|12|3|0|0|0|0|0|0|0|0|0|0|0|0|0|0,4684
United States,Michigan,Heavy trucks,2040,0|48|109|191|290|397|498|580|624|569|602|558|476|398|263|115|11|3|0|0|0|0|0|0|0|0|0|0|0|0|0,5732
United States,Michigan,Heavy trucks,2041,0|50|118|203|314|437|557|656|718|730|635|646|581|484|397|257|110|10|3|0|0|0|0|0|0|0|0|0|0|0|0,6906
United States,Michigan,Heavy trucks,2042,0|56|124|219|334|473|613|734|812|839|814|680|672|590|481|387|245|103|9|2|0|0|0|0|0|0|0|0|0|0|0,8187
United States,Michigan,Heavy trucks,2043,0|56|140|231|358|504|665|808|906|948|934|874|707|682|587|469|368|227|92|8|2|0|0|0|0|0|0|0|0|0|0,9566
United States,Michigan,Heavy trucks,2044,0|56|140|261|378|539|708|874|998|1060|1057|1001|909|717|680|573|447|342|204|79|7|2|0|0|0|0|0|0|0|0|0,11032
United States,Michigan,Heavy trucks,2045,0|56|138|261|427|570|756|932|1081|1167|1181|1134|1042|923|714|663|548|415|307|175|64|5|1|0|0|0|0|0|0|0|0,12560
United States,Michigan,Heavy trucks,2046,0|55|138|257|426|644|800|994|1153|1264|1301|1265|1180|1058|919|696|633|508|372|263|143|50|4|1|0|0|0|0|0|0|0,14124
United States,Michigan,Heavy trucks,2047,0|54|136|257|421|643|904|1052|1229|1347|1407|1395|1317|1199|1053|897|664|587|455|319|215|111|37|3|1|0|0|0|0|0|0,15703
United States,Michigan,Heavy trucks,2048,0|52|134|253|420|635|902|1190|1300|1437|1501|1509|1452|1338|1194|1028|856|616|526|391|261|167|82|26|2|0|0|0|0|0|0,17272
United States,Michigan,Heavy trucks,2049,0|52|130|249|414|633|892|1186|1470|1519|1600|1608|1570|1474|1331|1164|981|794|552|453|320|203|124|58|18|1|0|0|0|0|0,18796
United States,Michigan,Heavy trucks,2050,0|52|129|243|406|624|888|1174|1465|1719|1694|1716|1674|1594|1467|1298|1111|911|712|475|370|248|150|88|40|12|1|0|0|0|0,20261
United States,Michigan,Medium trucks,2022,0|0|0|0|0|0|0|0|0|0|0|0|0|0|0|0|0|0|0|0|0|0|0|0|0|0|0|0|0|0|0,0
United States,Michigan,Medium trucks,2023,0|0|0|0|0|0|0|0|0|0|0|0|0|0|0|0|0|0|0|0|0|0|0|0|0|0|0|0|0|0|0,0
United States,Michigan,Medium trucks,2024,0|0|0|0|0|0|0|0|0|0|0|0|0|0|0|0|0|0|0|0|0|0|0|0|0|0|0|0|0|0|0,0
United States,Michigan,Medium trucks,2025,0|0|1|0|0|0|0|0|0|0|0|0|0|0|0|0|0|0|0|0|0|0|0|0|0|0|0|0|0|0|0,1
United States,Michigan,Medium trucks,2026,0|29|1|2|0|0|0|0|0|0|0|0|0|0|0|0|0|0|0|0|0|0|0|0|0|0|0|0|0|0|0,32
United States,Michigan,Medium trucks,2027,0|48|72|2|3|0|0|0|0|0|0|0|0|0|0|0|0|0|0|0|0|0|0|0|0|0|0|0|0|0|0,125
United States,Michigan,Medium trucks,2028,0|52|118|134|3|4|0|0|0|0|0|0|0|0|0|0|0|0|0|0|0|0|0|0|0|0|0|0|0|0|0,311
United States,Michigan,Medium trucks,2029,0|62|128|220|219|4|5|0|0|0|0|0|0|0|0|0|0|0|0|0|0|0|0|0|0|0|0|0|0|0|0,638
United States,Michigan,Medium trucks,2030,0|76|153|238|360|330|5|6|0|0|0|0|0|0|0|0|0|0|0|0|0|0|0|0|0|0|0|0|0|0|0,1168
United States,Michigan,Medium trucks,2031,0|86|189|285|389|542|462|6|7|0|0|0|0|0|0|0|0|0|0|0|0|0|0|0|0|0|0|0|0|0|0,1966
United States,Michigan,Medium trucks,2032,0|103|215|351|467|585|760|608|7|8|0|0|0|0|0|0|0|0|0|0|0|0|0|0|0|0|0|0|0|0|0,3104
United States,Michigan,Medium trucks,2033,0|123|255|401|576|704|821|999|752|8|9|0|0|0|0|0|0|0|0|0|0|0|0|0|0|0|0|0|0|0|0,4648
United States,Michigan,Medium trucks,2034,0|137|304|474|658|867|987|1081|1235|879|9|10|0|0|0|0|0|0|0|0|0|0|0|0|0|0|0|0|0|0|0,6641
United States,Michigan,Medium trucks,2035,0|158|341|567|775|991|1218|1297|1336|1444|979|10|11|0|0|0|0|0|0|0|0|0|0|0|0|0|0|0|0|0|0,9127
United States,Michigan,Medium trucks,2036,0|177|392|635|930|1167|1392|1601|1603|1561|1608|1049|11|12|0|0|0|0|0|0|0|0|0|0|0|0|0|0|0|0|0,12138
United States,Michigan,Medium trucks,2037,0|197|440|730|1040|1400|1639|1831|1979|1874|1739|1724|1092|11|11|0|0|0|0|0|0|0|0|0|0|0|0|0|0|0|0,15707
United States,Michigan,Medium trucks,2038,0|208|488|819|1196|1566|1966|2156|2263|2313|2088|1865|1793|1110|10|11|0|0|0|0|0|0|0|0|0|0|0|0|0|0|0,19852
United States,Michigan,Medium trucks,2039,0|219|516|908|1340|1801|2200|2585|2666|2645|2578|2239|1940|1821|1105|10|10|0|0|0|0|0|0|0|0|0|0|0|0|0|0,24583
United States,Michigan,Medium trucks,2040,0|230|544|960|1487|2018|2529|2894|3196|3115|2948|2763|2328|1970|1812|1078|9|10|0|0|0|0|0|0|0|0|0|0|0|0|0,29891
United States,Michigan,Medium trucks,2041,0|242|572|1013|1571|2239|2834|3327|3579|3736|3471|3161|2874|2364|1961|1767|1028|9|9|0|0|0|0|0|0|0|0|0|0|0|0,35757
United States,Michigan,Medium trucks,2042,0|255|602|1065|1659|2367|3144|3727|4113|4184|4162|3720|3288|2919|2353|1914|1687|956|8|7|0|0|0|0|0|0|0|0|0|0|0,42130
United States,Michigan,Medium trucks,2043,0|257|633|1121|1744|2499|3325|4136|4607|4806|4661|4462|3870|3340|2905|2296|1827|1565|856|7|6|0|0|0|0|0|0|0|0|0|0,48923
United States,Michigan,Medium trucks,2044,0|258|637|1178|1836|2628|3509|4374|5114|5384|5356|4996|4641|3931|3324|2834|2190|1695|1402|736|6|5|0|0|0|0|0|0|0|0|0,56034
United States,Michigan,Medium trucks,2045,0|259|640|1186|1930|2765|3691|4615|5407|5977|5997|5742|5197|4714|3913|3244|2705|2033|1520|1204|602|4|3|0|0|0|0|0|0|0|0,63348
United States,Michigan,Medium trucks,2046,0|260|643|1191|1942|2906|3883|4855|5706|6321|6661|6429|5973|5278|4691|3817|3097|2511|1823|1306|985|468|3|2|0|0|0|0|0|0|0,70751
United States,Michigan,Medium trucks,2047,0|261|645|1196|1950|2924|4079|5107|6003|6670|7042|7140|6687|6066|5253|4577|3642|2874|2251|1565|1069|766|346|2|2|0|0|0|0|0|0,78117
United States,Michigan,Medium trucks,2048,0|261|648|1200|1958|2936|4106|5366|6313|7016|7431|7550|7427|6792|6037|5126|4367|3380|2577|1933|1281|830|567|246|2|1|0|0|0|0|0,85351
United States,Michigan,Medium trucks,2049,0|263|650|1205|1966|2948|4122|5401|6634|7377|7817|7966|7854|7543|6760|5889|4891|4053|3029|2212|1581|995|615|402|169|1|1|0|0|0|0,92344
United States,Michigan,Medium trucks,2050,0|264|652|1209|1973|2960|4140|5421|6675|7753|8219|8380|8286|7976|7507|6595|5619|4540|3634|2602|1810|1229|737|436|276|113|1|0|0|0|0,99007
United States,Minnesota,Heavy trucks,2022,0|0|0|0|0|0|0|0|0|0|0|0|0|0|0|0|0|0|0|0|0|0|0|0|0|0|0|0|0|0|0,0
United States,Minnesota,Heavy trucks,2023,0|0|0|0|0|0|0|0|0|0|0|0|0|0|0|0|0|0|0|0|0|0|0|0|0|0|0|0|0|0|0,0
United States,Minnesota,Heavy trucks,2024,0|0|0|0|0|0|0|0|0|0|0|0|0|0|0|0|0|0|0|0|0|0|0|0|0|0|0|0|0|0|0,0
United States,Minnesota,Heavy trucks,2025,0|0|0|0|0|0|0|0|0|0|0|0|0|0|0|0|0|0|0|0|0|0|0|0|0|0|0|0|0|0|0,0
United States,Minnesota,Heavy trucks,2026,0|2|0|0|0|0|0|0|0|0|0|0|0|0|0|0|0|0|0|0|0|0|0|0|0|0|0|0|0|0|0,2
United States,Minnesota,Heavy trucks,2027,0|4|5|1|0|0|0|0|0|0|0|0|0|0|0|0|0|0|0|0|0|0|0|0|0|0|0|0|0|0|0,10
United States,Minnesota,Heavy trucks,2028,0|6|10|9|2|0|0|0|0|0|0|0|0|0|0|0|0|0|0|0|0|0|0|0|0|0|0|0|0|0|0,27
United States,Minnesota,Heavy trucks,2029,0|7|15|19|14|3|0|0|0|0|0|0|0|0|0|0|0|0|0|0|0|0|0|0|0|0|0|0|0|0|0,58
United States,Minnesota,Heavy trucks,2030,0|9|18|28|30|21|4|0|0|0|0|0|0|0|0|0|0|0|0|0|0|0|0|0|0|0|0|0|0|0|0,110
United States,Minnesota,Heavy trucks,2031,0|11|22|33|45|45|30|5|0|0|0|0|0|0|0|0|0|0|0|0|0|0|0|0|0|0|0|0|0|0|0,191
United States,Minnesota,Heavy trucks,2032,0|11|26|41|54|68|63|39|6|0|0|0|0|0|0|0|0|0|0|0|0|0|0|0|0|0|0|0|0|0|0,308
United States,Minnesota,Heavy trucks,2033,0|14|27|48|67|81|95|83|48|7|0|0|0|0|0|0|0|0|0|0|0|0|0|0|0|0|0|0|0|0|0,470
United States,Minnesota,Heavy trucks,2034,0|16|35|50|79|101|114|126|102|56|8|0|0|0|0|0|0|0|0|0|0|0|0|0|0|0|0|0|0|0|0,687
United States,Minnesota,Heavy trucks,2035,0|19|40|65|82|119|143|152|156|118|62|9|0|0|0|0|0|0|0|0|0|0|0|0|0|0|0|0|0|0|0,965
United States,Minnesota,Heavy trucks,2036,0|21|46|75|107|124|167|189|188|182|132|67|10|0|0|0|0|0|0|0|0|0|0|0|0|0|0|0|0|0|0,1308
United States,Minnesota,Heavy trucks,2037,0|23|52|85|123|162|175|220|233|220|203|141|69|10|0|0|0|0|0|0|0|0|0|0|0|0|0|0|0|0|0,1716
United States,Minnesota,Heavy trucks,2038,0|25|57|97|141|186|228|231|271|273|245|218|147|70|9|0|0|0|0|0|0|0|0|0|0|0|0|0|0|0|0,2198
United States,Minnesota,Heavy trucks,2039,0|27|62|107|159|213|262|300|286|317|303|263|227|148|70|9|0|0|0|0|0|0|0|0|0|0|0|0|0|0|0,2753
United States,Minnesota,Heavy trucks,2040,0|29|66|116|175|239|300|344|371|334|354|325|275|231|148|68|9|0|0|0|0|0|0|0|0|0|0|0|0|0|0,3384
United States,Minnesota,Heavy trucks,2041,0|31|72|124|190|264|336|394|427|433|373|381|338|279|229|144|66|8|0|0|0|0|0|0|0|0|0|0|0|0|0,4089
United States,Minnesota,Heavy trucks,2042,0|35|77|134|204|287|371|441|487|498|482|399|396|343|278|223|138|61|7|0|0|0|0|0|0|0|0|0|0|0|0,4861
United States,Minnesota,Heavy trucks,2043,0|35|87|143|220|308|404|487|546|569|555|517|416|402|341|272|213|128|55|6|0|0|0|0|0|0|0|0|0|0|0,5704
United States,Minnesota,Heavy trucks,2044,0|35|87|162|234|331|433|531|602|639|635|595|538|422|401|332|259|198|115|47|5|0|0|0|0|0|0|0|0|0|0,6601
United States,Minnesota,Heavy trucks,2045,0|35|87|162|266|353|463|570|656|704|712|680|618|547|420|391|316|240|177|98|38|4|0|0|0|0|0|0|0|0|0,7537
United States,Minnesota,Heavy trucks,2046,0|34|87|162|266|401|494|610|706|767|786|763|707|627|544|410|372|294|216|152|81|30|3|0|0|0|0|0|0|0|0,8512
United States,Minnesota,Heavy trucks,2047,0|33|86|161|265|401|562|650|755|825|855|844|794|717|625|531|391|345|264|185|124|63|22|2|0|0|0|0|0|0|0,9500
United States,Minnesota,Heavy trucks,2048,0|33|84|160|264|399|562|741|804|882|918|916|878|806|714|609|507|363|310|227|152|97|46|16|1|0|0|0|0|0|0,10489
United States,Minnesota,Heavy trucks,2049,0|33|83|157|263|398|560|741|914|938|983|984|954|893|802|696|582|470|326|266|185|118|71|33|11|1|0|0|0|0|0,11462
United States,Minnesota,Heavy trucks,2050,0|33|83|155|258|396|559|737|915|1069|1046|1053|1023|970|888|784|664|540|422|279|217|144|87|51|23|7|1|0|0|0|0,12404
United States,Minnesota,Medium trucks,2022,0|0|0|0|0|0|0|0|0|0|0|0|0|0|0|0|0|0|0|0|0|0|0|0|0|0|0|0|0|0|0,0
United States,Minnesota,Medium trucks,2023,0|0|0|0|0|0|0|0|0|0|0|0|0|0|0|0|0|0|0|0|0|0|0|0|0|0|0|0|0|0|0,0
United States,Minnesota,Medium trucks,2024,0|0|0|0|0|0|0|0|0|0|0|0|0|0|0|0|0|0|0|0|0|0|0|0|0|0|0|0|0|0|0,0
United States,Minnesota,Medium trucks,2025,0|0|0|0|0|0|0|0|0|0|0|0|0|0|0|0|0|0|0|0|0|0|0|0|0|0|0|0|0|0|0,0
United States,Minnesota,Medium trucks,2026,0|17|0|1|0|0|0|0|0|0|0|0|0|0|0|0|0|0|0|0|0|0|0|0|0|0|0|0|0|0|0,18
United States,Minnesota,Medium trucks,2027,0|27|42|1|2|0|0|0|0|0|0|0|0|0|0|0|0|0|0|0|0|0|0|0|0|0|0|0|0|0|0,72
United States,Minnesota,Medium trucks,2028,0|29|67|77|2|3|0|0|0|0|0|0|0|0|0|0|0|0|0|0|0|0|0|0|0|0|0|0|0|0|0,178
United States,Minnesota,Medium trucks,2029,0|35|72|125|127|3|4|0|0|0|0|0|0|0|0|0|0|0|0|0|0|0|0|0|0|0|0|0|0|0|0,366
United States,Minnesota,Medium trucks,2030,0|44|89|136|205|191|4|5|0|0|0|0|0|0|0|0|0|0|0|0|0|0|0|0|0|0|0|0|0|0|0,674
United States,Minnesota,Medium trucks,2031,0|52|110|165|224|310|268|5|6|0|0|0|0|0|0|0|0|0|0|0|0|0|0|0|0|0|0|0|0|0|0,1140
United States,Minnesota,Medium trucks,2032,0|60|128|204|271|338|436|352|6|7|0|0|0|0|0|0|0|0|0|0|0|0|0|0|0|0|0|0|0|0|0,1802
United States,Minnesota,Medium trucks,2033,0|72|150|237|335|408|474|574|435|7|8|0|0|0|0|0|0|0|0|0|0|0|0|0|0|0|0|0|0|0|0,2700
United States,Minnesota,Medium trucks,2034,0|82|181|279|388|505|573|624|711|507|8|9|0|0|0|0|0|0|0|0|0|0|0|0|0|0|0|0|0|0|0,3867
United States,Minnesota,Medium trucks,2035,0|94|204|336|457|584|709|755|772|832|564|9|9|0|0|0|0|0|0|0|0|0|0|0|0|0|0|0|0|0|0,5325
United States,Minnesota,Medium trucks,2036,0|107|235|379|550|688|818|934|932|902|927|605|9|9|0|0|0|0|0|0|0|0|0|0|0|0|0|0|0|0|0,7095
United States,Minnesota,Medium trucks,2037,0|119|265|437|621|828|965|1076|1155|1089|1005|994|629|9|8|0|0|0|0|0|0|0|0|0|0|0|0|0|0|0|0,9200
United States,Minnesota,Medium trucks,2038,0|127|295|493|716|934|1163|1269|1329|1350|1214|1078|1034|638|8|8|0|0|0|0|0|0|0|0|0|0|0|0|0|0|0,11656
United States,Minnesota,Medium trucks,2039,0|134|314|550|807|1078|1312|1530|1569|1553|1504|1301|1121|1051|635|8|8|0|0|0|0|0|0|0|0|0|0|0|0|0|0,14475
United States,Minnesota,Medium trucks,2040,0|142|334|585|900|1215|1514|1726|1891|1834|1731|1611|1354|1139|1046|619|8|7|0|0|0|0|0|0|0|0|0|0|0|0|0,17656
United States,Minnesota,Medium trucks,2041,0|150|352|621|958|1356|1706|1991|2133|2211|2044|1857|1676|1374|1134|1020|592|7|6|0|0|0|0|0|0|0|0|0|0|0|0,21188
United States,Minnesota,Medium trucks,2042,0|158|372|655|1016|1442|1904|2244|2462|2494|2463|2190|1932|1703|1367|1106|974|548|6|6|0|0|0|0|0|0|0|0|0|0|0,25042
United States,Minnesota,Medium trucks,2043,0|160|393|692|1073|1529|2024|2503|2774|2878|2778|2641|2278|1961|1695|1333|1055|904|492|6|5|0|0|0|0|0|0|0|0|0|0,29174
United States,Minnesota,Medium trucks,2044,0|161|398|732|1134|1616|2147|2662|3094|3242|3207|2978|2748|2313|1953|1654|1272|980|810|423|5|4|0|0|0|0|0|0|0|0|0,33533
United States,Minnesota,Medium trucks,2045,0|163|401|740|1200|1709|2269|2823|3291|3618|3612|3438|3098|2790|2303|1905|1578|1181|878|696|346|4|3|0|0|0|0|0|0|0|0,38046
United States,Minnesota,Medium trucks,2046,0|165|406|747|1212|1807|2399|2985|3490|3846|4031|3873|3576|3146|2777|2247|1818|1465|1058|755|569|269|3|2|0|0|0|0|0|0|0,42646
United States,Minnesota,Medium trucks,2047,0|166|410|755|1224|1826|2537|3156|3691|4080|4286|4322|4027|3632|3131|2709|2143|1687|1312|909|617|443|199|2|1|0|0|0|0|0|0,47265
United States,Minnesota,Medium trucks,2048,0|167|413|762|1237|1844|2565|3337|3902|4314|4546|4595|4496|4090|3615|3056|2585|1990|1513|1127|743|480|328|141|1|1|0|0|0|0|0,51848
United States,Minnesota,Medium trucks,2049,0|169|416|769|1248|1863|2589|3374|4125|4561|4807|4873|4779|4567|4071|3527|2916|2399|1784|1300|922|578|355|233|97|1|1|0|0|0|0,56324
United States,Minnesota,Medium trucks,2050,0|171|420|774|1259|1880|2616|3406|4170|4820|5081|5154|5069|4854|4545|3972|3364|2707|2151|1532|1064|717|428|252|160|65|1|0|0|0|0,60632
United States,Mississippi,Heavy trucks,2022,0|0|0|0|0|0|0|0|0|0|0|0|0|0|0|0|0|0|0|0|0|0|0|0|0|0|0|0|0|0|0,0
United States,Mississippi,Heavy trucks,2023,0|0|0|0|0|0|0|0|0|0|0|0|0|0|0|0|0|0|0|0|0|0|0|0|0|0|0|0|0|0|0,0
United States,Mississippi,Heavy trucks,2024,0|0|0|0|0|0|0|0|0|0|0|0|0|0|0|0|0|0|0|0|0|0|0|0|0|0|0|0|0|0|0,0
United States,Mississippi,Heavy trucks,2025,0|0|0|0|0|0|0|0|0|0|0|0|0|0|0|0|0|0|0|0|0|0|0|0|0|0|0|0|0|0|0,0
United States,Mississippi,Heavy trucks,2026,0|1|0|0|0|0|0|0|0|0|0|0|0|0|0|0|0|0|0|0|0|0|0|0|0|0|0|0|0|0|0,1
United States,Mississippi,Heavy trucks,2027,0|2|2|0|0|0|0|0|0|0|0|0|0|0|0|0|0|0|0|0|0|0|0|0|0|0|0|0|0|0|0,4
United States,Mississippi,Heavy trucks,2028,0|3|5|4|0|0|0|0|0|0|0|0|0|0|0|0|0|0|0|0|0|0|0|0|0|0|0|0|0|0|0,12
United States,Mississippi,Heavy trucks,2029,0|3|8|10|7|1|0|0|0|0|0|0|0|0|0|0|0|0|0|0|0|0|0|0|0|0|0|0|0|0|0,29
United States,Mississippi,Heavy trucks,2030,0|5|8|15|16|10|2|0|0|0|0|0|0|0|0|0|0|0|0|0|0|0|0|0|0|0|0|0|0|0|0,56
United States,Mississippi,Heavy trucks,2031,0|5|12|15|24|23|14|3|0|0|0|0|0|0|0|0|0|0|0|0|0|0|0|0|0|0|0|0|0|0|0,96
United States,Mississippi,Heavy trucks,2032,0|5|12|21|26|35|32|19|4|0|0|0|0|0|0|0|0|0|0|0|0|0|0|0|0|0|0|0|0|0|0,154
United States,Mississippi,Heavy trucks,2033,0|7|13|23|34|40|48|42|24|5|0|0|0|0|0|0|0|0|0|0|0|0|0|0|0|0|0|0|0|0|0,236
United States,Mississippi,Heavy trucks,2034,0|8|17|24|38|51|57|63|52|28|6|0|0|0|0|0|0|0|0|0|0|0|0|0|0|0|0|0|0|0|0,344
United States,Mississippi,Heavy trucks,2035,0|9|19|32|39|57|71|75|78|61|31|6|0|0|0|0|0|0|0|0|0|0|0|0|0|0|0|0|0|0|0,478
United States,Mississippi,Heavy trucks,2036,0|10|22|36|52|60|80|93|93|91|67|34|6|0|0|0|0|0|0|0|0|0|0|0|0|0|0|0|0|0|0,644
United States,Mississippi,Heavy trucks,2037,0|11|25|41|59|78|85|105|115|108|101|72|34|6|0|0|0|0|0|0|0|0|0|0|0|0|0|0|0|0|0,840
United States,Mississippi,Heavy trucks,2038,0|11|27|46|67|89|109|112|131|134|121|107|74|35|6|0|0|0|0|0|0|0|0|0|0|0|0|0|0|0|0,1069
United States,Mississippi,Heavy trucks,2039,0|13|28|50|75|101|126|145|140|154|150|129|111|75|35|5|0|0|0|0|0|0|0|0|0|0|0|0|0|0|0,1337
United States,Mississippi,Heavy trucks,2040,0|13|32|53|82|112|143|166|179|163|173|161|134|113|74|35|5|0|0|0|0|0|0|0|0|0|0|0|0|0|0,1638
United States,Mississippi,Heavy trucks,2041,0|14|32|59|88|124|158|189|205|210|182|185|166|136|112|73|33|5|0|0|0|0|0|0|0|0|0|0|0|0|0,1971
United States,Mississippi,Heavy trucks,2042,0|16|35|61|96|134|175|208|233|241|234|195|194|169|135|109|70|30|4|0|0|0|0|0|0|0|0|0|0|0|0,2339
United States,Mississippi,Heavy trucks,2043,0|15|39|65|100|144|189|231|257|273|268|250|203|196|168|131|105|65|27|4|0|0|0|0|0|0|0|0|0|0|0,2730
United States,Mississippi,Heavy trucks,2044,0|15|38|72|107|152|202|249|285|301|303|287|260|206|194|163|125|97|58|23|3|0|0|0|0|0|0|0|0|0|0,3140
United States,Mississippi,Heavy trucks,2045,0|15|38|71|120|161|214|266|308|333|337|325|298|264|205|189|156|117|87|50|19|2|0|0|0|0|0|0|0|0|0,3575
United States,Mississippi,Heavy trucks,2046,0|15|38|71|118|182|227|282|328|360|372|362|338|304|263|199|180|145|105|74|41|15|2|0|0|0|0|0|0|0|0,4021
United States,Mississippi,Heavy trucks,2047,0|15|38|71|117|179|256|299|349|384|402|398|376|343|303|257|190|167|130|90|61|32|11|1|0|0|0|0|0|0|0,4469
United States,Mississippi,Heavy trucks,2048,0|15|37|71|117|177|252|336|370|408|427|431|415|383|341|295|245|177|150|111|73|47|23|8|1|0|0|0|0|0|0,4910
United States,Mississippi,Heavy trucks,2049,0|14|36|68|117|177|249|332|416|432|455|458|449|421|381|332|281|227|158|129|91|57|35|17|5|1|0|0|0|0|0,5338
United States,Mississippi,Heavy trucks,2050,0|14|35|67|112|176|249|328|411|486|481|487|476|457|420|372|316|261|204|136|105|71|42|25|11|4|0|0|0|0|0,5746
United States,Mississippi,Medium trucks,2022,0|0|0|0|0|0|0|0|0|0|0|0|0|0|0|0|0|0|0|0|0|0|0|0|0|0|0|0|0|0|0,0
United States,Mississippi,Medium trucks,2023,0|0|0|0|0|0|0|0|0|0|0|0|0|0|0|0|0|0|0|0|0|0|0|0|0|0|0|0|0|0|0,0
United States,Mississippi,Medium trucks,2024,0|0|0|0|0|0|0|0|0|0|0|0|0|0|0|0|0|0|0|0|0|0|0|0|0|0|0|0|0|0|0,0
United States,Mississippi,Medium trucks,2025,0|0|0|0|0|0|0|0|0|0|0|0|0|0|0|0|0|0|0|0|0|0|0|0|0|0|0|0|0|0|0,0
United States,Mississippi,Medium trucks,2026,0|9|0|0|0|0|0|0|0|0|0|0|0|0|0|0|0|0|0|0|0|0|0|0|0|0|0|0|0|0|0,9
United States,Mississippi,Medium trucks,2027,0|13|22|0|0|0|0|0|0|0|0|0|0|0|0|0|0|0|0|0|0|0|0|0|0|0|0|0|0|0|0,35
United States,Mississippi,Medium trucks,2028,0|15|33|40|0|1|0|0|0|0|0|0|0|0|0|0|0|0|0|0|0|0|0|0|0|0|0|0|0|0|0,89
United States,Mississippi,Medium trucks,2029,0|17|37|62|65|1|2|0|0|0|0|0|0|0|0|0|0|0|0|0|0|0|0|0|0|0|0|0|0|0|0,184
United States,Mississippi,Medium trucks,2030,0|21|43|68|102|97|2|3|0|0|0|0|0|0|0|0|0|0|0|0|0|0|0|0|0|0|0|0|0|0|0,336
United States,Mississippi,Medium trucks,2031,0|25|54|80|112|155|137|3|4|0|0|0|0|0|0|0|0|0|0|0|0|0|0|0|0|0|0|0|0|0|0,570
United States,Mississippi,Medium trucks,2032,0|29|62|102|133|170|219|180|4|5|0|0|0|0|0|0|0|0|0|0|0|0|0|0|0|0|0|0|0|0|0,904
United States,Mississippi,Medium trucks,2033,0|35|72|116|167|201|238|289|221|5|5|0|0|0|0|0|0|0|0|0|0|0|0|0|0|0|0|0|0|0|0,1349
United States,Mississippi,Medium trucks,2034,0|39|88|136|190|252|284|313|358|259|5|5|0|0|0|0|0|0|0|0|0|0|0|0|0|0|0|0|0|0|0,1929
United States,Mississippi,Medium trucks,2035,0|45|98|164|223|287|354|374|388|419|288|5|5|0|0|0|0|0|0|0|0|0|0|0|0|0|0|0|0|0|0,2650
United States,Mississippi,Medium trucks,2036,0|51|113|182|269|336|403|464|463|454|467|308|5|5|0|0|0|0|0|0|0|0|0|0|0|0|0|0|0|0|0,3520
United States,Mississippi,Medium trucks,2037,0|56|126|210|299|404|472|530|574|540|505|501|320|5|5|0|0|0|0|0|0|0|0|0|0|0|0|0|0|0|0,4547
United States,Mississippi,Medium trucks,2038,0|60|140|235|344|450|567|622|655|671|603|540|521|325|5|5|0|0|0|0|0|0|0|0|0|0|0|0|0|0|0,5743
United States,Mississippi,Medium trucks,2039,0|62|148|261|384|518|631|747|770|766|747|647|562|530|323|5|4|0|0|0|0|0|0|0|0|0|0|0|0|0|0,7105
United States,Mississippi,Medium trucks,2040,0|66|154|275|426|578|727|831|922|899|854|800|673|571|528|315|4|4|0|0|0|0|0|0|0|0|0|0|0|0|0,8627
United States,Mississippi,Medium trucks,2041,0|69|163|287|451|642|811|956|1028|1077|1003|915|832|683|569|516|300|4|4|0|0|0|0|0|0|0|0|0|0|0|0,10310
United States,Mississippi,Medium trucks,2042,0|72|172|303|471|679|901|1067|1182|1202|1201|1075|953|844|681|555|492|279|4|3|0|0|0|0|0|0|0|0|0|0|0,12136
United States,Mississippi,Medium trucks,2043,0|72|179|319|497|710|952|1185|1319|1382|1340|1287|1118|969|840|664|530|456|250|3|3|0|0|0|0|0|0|0|0|0|0,14075
United States,Mississippi,Medium trucks,2044,0|72|180|333|522|747|997|1252|1465|1541|1540|1436|1338|1136|964|820|634|492|410|215|3|2|0|0|0|0|0|0|0|0|0,16099
United States,Mississippi,Medium trucks,2045,0|72|180|335|545|784|1050|1312|1547|1711|1717|1651|1495|1359|1131|940|782|588|441|352|176|2|1|0|0|0|0|0|0|0|0,18171
United States,Mississippi,Medium trucks,2046,0|73|181|335|549|820|1102|1380|1622|1808|1907|1841|1718|1518|1352|1103|897|725|527|379|287|137|1|1|0|0|0|0|0|0|0,20263
United States,Mississippi,Medium trucks,2047,0|73|182|336|549|825|1153|1448|1707|1897|2014|2043|1915|1744|1511|1318|1053|832|649|453|310|223|101|1|1|0|0|0|0|0|0,22338
United States,Mississippi,Medium trucks,2048,0|73|182|337|550|826|1160|1517|1791|1994|2114|2159|2126|1945|1735|1474|1258|978|746|558|371|241|165|72|1|0|0|0|0|0|0,24373
United States,Mississippi,Medium trucks,2049,0|73|182|338|551|828|1161|1525|1876|2093|2222|2266|2245|2159|1936|1693|1407|1168|876|641|457|288|178|117|49|0|0|0|0|0|0,26329
United States,Mississippi,Medium trucks,2050,0|74|182|338|553|829|1164|1527|1885|2193|2331|2383|2357|2281|2149|1890|1615|1306|1047|753|524|355|213|126|81|33|0|0|0|0|0,28189
United States,Missouri,Heavy trucks,2022,0|0|0|0|0|0|0|0|0|0|0|0|0|0|0|0|0|0|0|0|0|0|0|0|0|0|0|0|0|0|0,0
United States,Missouri,Heavy trucks,2023,0|0|0|0|0|0|0|0|0|0|0|0|0|0|0|0|0|0|0|0|0|0|0|0|0|0|0|0|0|0|0,0
United States,Missouri,Heavy trucks,2024,0|0|0|0|0|0|0|0|0|0|0|0|0|0|0|0|0|0|0|0|0|0|0|0|0|0|0|0|0|0|0,0
United States,Missouri,Heavy trucks,2025,0|0|0|0|0|0|0|0|0|0|0|0|0|0|0|0|0|0|0|0|0|0|0|0|0|0|0|0|0|0|0,0
United States,Missouri,Heavy trucks,2026,0|2|0|0|0|0|0|0|0|0|0|0|0|0|0|0|0|0|0|0|0|0|0|0|0|0|0|0|0|0|0,2
United States,Missouri,Heavy trucks,2027,0|4|5|1|0|0|0|0|0|0|0|0|0|0|0|0|0|0|0|0|0|0|0|0|0|0|0|0|0|0|0,10
United States,Missouri,Heavy trucks,2028,0|7|10|9|2|0|0|0|0|0|0|0|0|0|0|0|0|0|0|0|0|0|0|0|0|0|0|0|0|0|0,28
United States,Missouri,Heavy trucks,2029,0|7|16|19|14|3|0|0|0|0|0|0|0|0|0|0|0|0|0|0|0|0|0|0|0|0|0|0|0|0|0,59
United States,Missouri,Heavy trucks,2030,0|9|18|29|32|21|4|0|0|0|0|0|0|0|0|0|0|0|0|0|0|0|0|0|0|0|0|0|0|0|0,113
United States,Missouri,Heavy trucks,2031,0|11|23|35|48|48|30|5|0|0|0|0|0|0|0|0|0|0|0|0|0|0|0|0|0|0|0|0|0|0|0,200
United States,Missouri,Heavy trucks,2032,0|11|27|43|58|72|67|39|6|0|0|0|0|0|0|0|0|0|0|0|0|0|0|0|0|0|0|0|0|0|0,323
United States,Missouri,Heavy trucks,2033,0|15|28|50|70|87|101|88|48|7|0|0|0|0|0|0|0|0|0|0|0|0|0|0|0|0|0|0|0|0|0,494
United States,Missouri,Heavy trucks,2034,0|17|36|52|82|105|123|133|109|57|8|0|0|0|0|0|0|0|0|0|0|0|0|0|0|0|0|0|0|0|0,722
United States,Missouri,Heavy trucks,2035,0|19|42|67|85|124|149|163|164|127|63|9|0|0|0|0|0|0|0|0|0|0|0|0|0|0|0|0|0|0|0,1012
United States,Missouri,Heavy trucks,2036,0|21|47|78|111|129|174|197|200|192|143|68|10|0|0|0|0|0|0|0|0|0|0|0|0|0|0|0|0|0|0,1370
United States,Missouri,Heavy trucks,2037,0|23|52|88|128|168|182|230|243|234|214|154|70|10|0|0|0|0|0|0|0|0|0|0|0|0|0|0|0|0|0,1796
United States,Missouri,Heavy trucks,2038,0|25|58|98|145|193|236|240|284|285|261|230|159|71|9|0|0|0|0|0|0|0|0|0|0|0|0|0|0|0|0,2294
United States,Missouri,Heavy trucks,2039,0|27|62|109|162|219|272|310|297|332|318|279|240|162|71|9|0|0|0|0|0|0|0|0|0|0|0|0|0|0|0,2869
United States,Missouri,Heavy trucks,2040,0|29|67|117|179|244|308|357|385|347|371|341|290|244|161|69|9|0|0|0|0|0|0|0|0|0|0|0|0|0|0,3518
United States,Missouri,Heavy trucks,2041,0|31|72|125|193|270|343|404|442|450|387|397|355|295|242|157|67|8|0|0|0|0|0|0|0|0|0|0|0|0|0,4238
United States,Missouri,Heavy trucks,2042,0|35|77|134|205|292|379|451|499|515|501|415|414|360|294|236|150|62|7|0|0|0|0|0|0|0|0|0|0|0|0,5026
United States,Missouri,Heavy trucks,2043,0|35|87|143|220|310|411|497|558|584|574|536|432|420|358|287|225|139|55|6|0|0|0|0|0|0|0|0|0|0|0,5877
United States,Missouri,Heavy trucks,2044,0|34|87|161|235|332|436|540|615|653|651|615|558|439|419|349|273|209|125|47|5|0|0|0|0|0|0|0|0|0|0,6783
United States,Missouri,Heavy trucks,2045,0|34|86|161|264|354|466|574|667|719|727|699|640|567|437|408|332|254|187|107|39|4|0|0|0|0|0|0|0|0|0,7726
United States,Missouri,Heavy trucks,2046,0|33|85|160|264|398|495|614|711|780|802|779|728|650|564|425|389|308|228|161|88|30|3|0|0|0|0|0|0|0|0,8695
United States,Missouri,Heavy trucks,2047,0|33|83|159|263|397|559|651|760|832|870|860|810|739|647|550|406|361|277|196|131|68|22|2|0|0|0|0|0|0|0,9676
United States,Missouri,Heavy trucks,2048,0|32|83|155|260|396|557|736|805|887|927|933|894|823|735|630|526|376|324|238|160|102|50|16|1|0|0|0|0|0|0,10646
United States,Missouri,Heavy trucks,2049,0|32|80|154|256|391|555|734|909|939|989|994|971|909|819|718|602|488|338|278|194|124|76|36|11|1|0|0|0|0|0,11598
United States,Missouri,Heavy trucks,2050,0|31|80|150|253|386|548|730|907|1063|1047|1059|1034|986|905|800|685|558|437|290|228|151|92|54|25|7|1|0|0|0|0,12507
United States,Missouri,Medium trucks,2022,0|0|0|0|0|0|0|0|0|0|0|0|0|0|0|0|0|0|0|0|0|0|0|0|0|0|0|0|0|0|0,0
United States,Missouri,Medium trucks,2023,0|0|0|0|0|0|0|0|0|0|0|0|0|0|0|0|0|0|0|0|0|0|0|0|0|0|0|0|0|0|0,0
United States,Missouri,Medium trucks,2024,0|0|0|0|0|0|0|0|0|0|0|0|0|0|0|0|0|0|0|0|0|0|0|0|0|0|0|0|0|0|0,0
United States,Missouri,Medium trucks,2025,0|0|0|0|0|0|0|0|0|0|0|0|0|0|0|0|0|0|0|0|0|0|0|0|0|0|0|0|0|0|0,0
United States,Missouri,Medium trucks,2026,0|17|0|1|0|0|0|0|0|0|0|0|0|0|0|0|0|0|0|0|0|0|0|0|0|0|0|0|0|0|0,18
United States,Missouri,Medium trucks,2027,0|29|43|1|2|0|0|0|0|0|0|0|0|0|0|0|0|0|0|0|0|0|0|0|0|0|0|0|0|0|0,75
United States,Missouri,Medium trucks,2028,0|31|72|80|2|3|0|0|0|0|0|0|0|0|0|0|0|0|0|0|0|0|0|0|0|0|0|0|0|0|0,188
United States,Missouri,Medium trucks,2029,0|37|78|134|132|3|4|0|0|0|0|0|0|0|0|0|0|0|0|0|0|0|0|0|0|0|0|0|0|0|0,388
United States,Missouri,Medium trucks,2030,0|47|93|145|220|200|4|5|0|0|0|0|0|0|0|0|0|0|0|0|0|0|0|0|0|0|0|0|0|0|0,714
United States,Missouri,Medium trucks,2031,0|54|116|173|238|331|283|5|6|0|0|0|0|0|0|0|0|0|0|0|0|0|0|0|0|0|0|0|0|0|0,1206
United States,Missouri,Medium trucks,2032,0|63|133|217|285|359|463|372|6|7|0|0|0|0|0|0|0|0|0|0|0|0|0|0|0|0|0|0|0|0|0,1905
United States,Missouri,Medium trucks,2033,0|76|156|248|354|430|504|610|461|7|8|0|0|0|0|0|0|0|0|0|0|0|0|0|0|0|0|0|0|0|0,2854
United States,Missouri,Medium trucks,2034,0|84|189|291|405|533|603|663|755|538|8|9|0|0|0|0|0|0|0|0|0|0|0|0|0|0|0|0|0|0|0,4078
United States,Missouri,Medium trucks,2035,0|97|210|350|477|609|747|794|818|882|600|9|10|0|0|0|0|0|0|0|0|0|0|0|0|0|0|0|0|0|0,5603
United States,Missouri,Medium trucks,2036,0|109|242|391|572|718|854|982|982|956|983|644|9|10|0|0|0|0|0|0|0|0|0|0|0|0|0|0|0|0|0,7452
United States,Missouri,Medium trucks,2037,0|121|270|450|641|861|1007|1124|1214|1147|1066|1053|670|9|9|0|0|0|0|0|0|0|0|0|0|0|0|0|0|0|0,9642
United States,Missouri,Medium trucks,2038,0|129|300|503|737|964|1210|1325|1390|1419|1279|1143|1096|681|8|9|0|0|0|0|0|0|0|0|0|0|0|0|0|0|0,12193
United States,Missouri,Medium trucks,2039,0|135|319|559|825|1109|1354|1591|1637|1625|1581|1372|1189|1114|678|8|9|0|0|0|0|0|0|0|0|0|0|0|0|0|0,15105
United States,Missouri,Medium trucks,2040,0|143|336|594|917|1242|1557|1782|1967|1913|1811|1694|1426|1208|1109|661|8|8|0|0|0|0|0|0|0|0|0|0|0|0|0,18376
United States,Missouri,Medium trucks,2041,0|150|355|625|973|1381|1745|2048|2203|2299|2132|1942|1762|1448|1202|1081|631|7|7|0|0|0|0|0|0|0|0|0|0|0|0,21991
United States,Missouri,Medium trucks,2042,0|157|372|660|1024|1464|1939|2296|2531|2575|2561|2285|2020|1791|1442|1173|1032|585|6|6|0|0|0|0|0|0|0|0|0|0|0,25919
United States,Missouri,Medium trucks,2043,0|159|391|692|1081|1542|2055|2550|2838|2959|2870|2746|2377|2051|1782|1407|1118|959|525|6|5|0|0|0|0|0|0|0|0|0|0,30113
United States,Missouri,Medium trucks,2044,0|159|395|729|1135|1627|2166|2703|3153|3318|3297|3076|2855|2415|2041|1738|1342|1039|859|451|5|4|0|0|0|0|0|0|0|0|0,34507
United States,Missouri,Medium trucks,2045,0|160|395|735|1195|1710|2284|2849|3341|3686|3697|3535|3200|2900|2404|1992|1658|1246|931|738|369|4|3|0|0|0|0|0|0|0|0,39032
United States,Missouri,Medium trucks,2046,0|161|398|737|1203|1799|2401|3003|3522|3904|4107|3963|3677|3251|2886|2346|1900|1538|1116|800|604|287|3|2|0|0|0|0|0|0|0,43608
United States,Missouri,Medium trucks,2047,0|161|400|741|1208|1811|2525|3159|3713|4117|4349|4403|4121|3734|3236|2816|2239|1763|1378|959|654|469|212|2|1|0|0|0|0|0|0,48171
United States,Missouri,Medium trucks,2048,0|163|401|745|1214|1820|2543|3322|3905|4339|4587|4663|4581|4186|3716|3157|2687|2079|1581|1184|785|508|347|151|1|1|0|0|0|0|0,52666
United States,Missouri,Medium trucks,2049,0|163|404|747|1221|1828|2555|3346|4106|4564|4834|4918|4851|4653|4166|3625|3013|2495|1865|1358|969|610|376|247|103|1|1|0|0|0|0,57019
United States,Missouri,Medium trucks,2050,0|164|405|752|1225|1839|2568|3361|4136|4800|5085|5182|5115|4926|4630|4064|3459|2797|2237|1601|1111|753|452|267|169|69|1|0|0|0|0,61168
United States,Montana,Heavy trucks,2022,0|0|0|0|0|0|0|0|0|0|0|0|0|0|0|0|0|0|0|0|0|0|0|0|0|0|0|0|0|0|0,0
United States,Montana,Heavy trucks,2023,0|0|0|0|0|0|0|0|0|0|0|0|0|0|0|0|0|0|0|0|0|0|0|0|0|0|0|0|0|0|0,0
United States,Montana,Heavy trucks,2024,0|0|0|0|0|0|0|0|0|0|0|0|0|0|0|0|0|0|0|0|0|0|0|0|0|0|0|0|0|0|0,0
United States,Montana,Heavy trucks,2025,0|0|0|0|0|0|0|0|0|0|0|0|0|0|0|0|0|0|0|0|0|0|0|0|0|0|0|0|0|0|0,0
United States,Montana,Heavy trucks,2026,0|1|0|0|0|0|0|0|0|0|0|0|0|0|0|0|0|0|0|0|0|0|0|0|0|0|0|0|0|0|0,1
United States,Montana,Heavy trucks,2027,0|1|2|0|0|0|0|0|0|0|0|0|0|0|0|0|0|0|0|0|0|0|0|0|0|0|0|0|0|0|0,3
United States,Montana,Heavy trucks,2028,0|1|2|3|0|0|0|0|0|0|0|0|0|0|0|0|0|0|0|0|0|0|0|0|0|0|0|0|0|0|0,6
United States,Montana,Heavy trucks,2029,0|1|2|3|4|0|0|0|0|0|0|0|0|0|0|0|0|0|0|0|0|0|0|0|0|0|0|0|0|0|0,10
United States,Montana,Heavy trucks,2030,0|1|3|5|5|5|0|0|0|0|0|0|0|0|0|0|0|0|0|0|0|0|0|0|0|0|0|0|0|0|0,19
United States,Montana,Heavy trucks,2031,0|2|4|6|8|8|6|0|0|0|0|0|0|0|0|0|0|0|0|0|0|0|0|0|0|0|0|0|0|0|0,34
United States,Montana,Heavy trucks,2032,0|2|5|7|10|13|11|7|0|0|0|0|0|0|0|0|0|0|0|0|0|0|0|0|0|0|0|0|0|0|0,55
United States,Montana,Heavy trucks,2033,0|3|5|9|12|15|18|15|8|0|0|0|0|0|0|0|0|0|0|0|0|0|0|0|0|0|0|0|0|0|0,85
United States,Montana,Heavy trucks,2034,0|3|7|10|15|19|22|23|18|9|0|0|0|0|0|0|0|0|0|0|0|0|0|0|0|0|0|0|0|0|0,126
United States,Montana,Heavy trucks,2035,0|3|8|13|16|22|27|29|28|21|10|0|0|0|0|0|0|0|0|0|0|0|0|0|0|0|0|0|0|0|0,177
United States,Montana,Heavy trucks,2036,0|4|8|15|21|24|31|36|36|33|24|11|0|0|0|0|0|0|0|0|0|0|0|0|0|0|0|0|0|0|0,243
United States,Montana,Heavy trucks,2037,0|5|10|15|24|32|33|41|45|42|37|26|12|0|0|0|0|0|0|0|0|0|0|0|0|0|0|0|0|0|0,322
United States,Montana,Heavy trucks,2038,0|5|12|19|26|36|45|44|51|52|47|39|26|13|0|0|0|0|0|0|0|0|0|0|0|0|0|0|0|0|0,415
United States,Montana,Heavy trucks,2039,0|5|12|21|31|39|51|58|55|60|58|49|41|27|12|0|0|0|0|0|0|0|0|0|0|0|0|0|0|0|0,519
United States,Montana,Heavy trucks,2040,0|5|12|23|34|46|56|66|71|64|66|62|52|41|27|12|0|0|0|0|0|0|0|0|0|0|0|0|0|0|0,637
United States,Montana,Heavy trucks,2041,0|6|14|23|38|51|65|74|81|83|70|71|65|52|41|26|11|0|0|0|0|0|0|0|0|0|0|0|0|0|0,771
United States,Montana,Heavy trucks,2042,0|7|15|26|38|57|72|85|91|94|91|75|73|66|52|41|25|10|0|0|0|0|0|0|0|0|0|0|0|0|0,918
United States,Montana,Heavy trucks,2043,0|7|17|28|43|58|80|95|105|105|104|98|77|74|65|51|39|23|9|0|0|0|0|0|0|0|0|0|0|0|0,1078
United States,Montana,Heavy trucks,2044,0|7|17|32|45|64|82|105|117|121|118|111|102|78|74|64|48|36|21|8|0|0|0|0|0|0|0|0|0|0|0,1250
United States,Montana,Heavy trucks,2045,0|7|17|32|52|68|89|108|129|136|135|126|115|103|77|72|61|45|32|18|7|0|0|0|0|0|0|0|0|0|0,1429
United States,Montana,Heavy trucks,2046,0|7|17|32|52|78|95|117|135|150|152|144|131|117|102|76|69|57|40|28|15|5|0|0|0|0|0|0|0|0|0,1619
United States,Montana,Heavy trucks,2047,0|7|17|32|52|78|109|126|145|158|168|163|150|133|116|99|73|64|51|34|23|11|4|0|0|0|0|0|0|0|0,1813
United States,Montana,Heavy trucks,2048,0|7|17|32|52|78|109|144|156|170|178|180|168|152|132|113|95|67|57|44|28|18|8|3|0|0|0|0|0|0|0,2008
United States,Montana,Heavy trucks,2049,0|7|17|32|52|78|109|145|177|182|189|190|189|171|152|128|108|88|60|49|36|22|13|6|2|0|0|0|0|0|0,2202
United States,Montana,Heavy trucks,2050,0|7|16|31|51|78|109|144|179|208|203|204|198|191|170|148|123|100|79|52|40|28|16|9|4|1|0|0|0|0|0,2389
United States,Montana,Medium trucks,2022,0|0|0|0|0|0|0|0|0|0|0|0|0|0|0|0|0|0|0|0|0|0|0|0|0|0|0|0|0|0|0,0
United States,Montana,Medium trucks,2023,0|0|0|0|0|0|0|0|0|0|0|0|0|0|0|0|0|0|0|0|0|0|0|0|0|0|0|0|0|0|0,0
United States,Montana,Medium trucks,2024,0|0|0|0|0|0|0|0|0|0|0|0|0|0|0|0|0|0|0|0|0|0|0|0|0|0|0|0|0|0|0,0
United States,Montana,Medium trucks,2025,0|0|0|0|0|0|0|0|0|0|0|0|0|0|0|0|0|0|0|0|0|0|0|0|0|0|0|0|0|0|0,0
United States,Montana,Medium trucks,2026,0|3|0|0|0|0|0|0|0|0|0|0|0|0|0|0|0|0|0|0|0|0|0|0|0|0|0|0|0|0|0,3
United States,Montana,Medium trucks,2027,0|5|8|0|0|0|0|0|0|0|0|0|0|0|0|0|0|0|0|0|0|0|0|0|0|0|0|0|0|0|0,13
United States,Montana,Medium trucks,2028,0|5|12|15|0|0|0|0|0|0|0|0|0|0|0|0|0|0|0|0|0|0|0|0|0|0|0|0|0|0|0,32
United States,Montana,Medium trucks,2029,0|7|14|23|24|0|0|0|0|0|0|0|0|0|0|0|0|0|0|0|0|0|0|0|0|0|0|0|0|0|0,68
United States,Montana,Medium trucks,2030,0|9|17|26|38|36|0|0|0|0|0|0|0|0|0|0|0|0|0|0|0|0|0|0|0|0|0|0|0|0|0,126
United States,Montana,Medium trucks,2031,0|9|22|32|43|58|51|0|0|0|0|0|0|0|0|0|0|0|0|0|0|0|0|0|0|0|0|0|0|0|0,215
United States,Montana,Medium trucks,2032,0|11|24|40|52|64|82|67|0|0|0|0|0|0|0|0|0|0|0|0|0|0|0|0|0|0|0|0|0|0|0,340
United States,Montana,Medium trucks,2033,0|14|28|45|65|78|90|108|82|0|0|0|0|0|0|0|0|0|0|0|0|0|0|0|0|0|0|0|0|0|0,510
United States,Montana,Medium trucks,2034,0|15|35|53|74|97|109|119|134|96|0|0|0|0|0|0|0|0|0|0|0|0|0|0|0|0|0|0|0|0|0,732
United States,Montana,Medium trucks,2035,0|18|38|64|86|111|137|144|148|157|106|0|0|0|0|0|0|0|0|0|0|0|0|0|0|0|0|0|0|0|0,1009
United States,Montana,Medium trucks,2036,0|21|45|71|106|131|157|181|177|173|176|113|0|0|0|0|0|0|0|0|0|0|0|0|0|0|0|0|0|0|0,1351
United States,Montana,Medium trucks,2037,0|23|51|84|118|160|185|207|222|208|192|188|117|0|0|0|0|0|0|0|0|0|0|0|0|0|0|0|0|0|0,1755
United States,Montana,Medium trucks,2038,0|25|57|95|138|178|224|243|255|260|232|207|196|119|0|0|0|0|0|0|0|0|0|0|0|0|0|0|0|0|0,2229
United States,Montana,Medium trucks,2039,0|26|61|107|156|208|251|294|301|299|289|249|215|199|118|0|0|0|0|0|0|0|0|0|0|0|0|0|0|0|0,2773
United States,Montana,Medium trucks,2040,0|27|65|114|175|235|293|331|365|353|334|309|258|219|197|115|0|0|0|0|0|0|0|0|0|0|0|0|0|0|0,3390
United States,Montana,Medium trucks,2041,0|29|68|121|186|264|330|385|410|427|394|359|322|262|217|191|110|0|0|0|0|0|0|0|0|0|0|0|0|0|0,4075
United States,Montana,Medium trucks,2042,0|31|72|128|198|281|371|434|476|480|476|422|373|327|261|211|182|103|0|0|0|0|0|0|0|0|0|0|0|0|0,4826
United States,Montana,Medium trucks,2043,0|31|77|135|210|299|394|487|536|555|534|510|439|380|325|254|201|170|92|0|0|0|0|0|0|0|0|0|0|0|0,5629
United States,Montana,Medium trucks,2044,0|31|78|143|221|317|420|517|602|627|619|573|530|445|378|317|242|187|152|79|0|0|0|0|0|0|0|0|0|0|0,6478
United States,Montana,Medium trucks,2045,0|32|79|146|236|334|444|552|640|703|698|664|596|539|443|369|302|225|168|130|64|0|0|0|0|0|0|0|0|0|0,7364
United States,Montana,Medium trucks,2046,0|32|80|147|239|355|468|583|682|749|784|749|690|606|536|433|351|280|201|144|107|50|0|0|0|0|0|0|0|0|0,8266
United States,Montana,Medium trucks,2047,0|33|80|149|242|360|497|616|721|797|835|841|779|701|603|524|413|326|252|173|118|83|37|0|0|0|0|0|0|0|0,9180
United States,Montana,Medium trucks,2048,0|33|82|150|244|364|505|654|762|843|888|895|875|790|698|589|500|383|293|216|141|91|61|26|0|0|0|0|0|0|0,10083
United States,Montana,Medium trucks,2049,0|33|83|152|247|367|511|665|809|890|939|953|932|889|787|681|562|464|344|251|177|110|68|44|18|0|0|0|0|0|0,10976
United States,Montana,Medium trucks,2050,0|33|83|154|249|372|515|673|821|945|992|1006|991|946|884|768|650|521|416|295|205|137|81|48|30|12|0|0|0|0|0,11827
United States,Nebraska,Heavy trucks,2022,0|0|0|0|0|0|0|0|0|0|0|0|0|0|0|0|0|0|0|0|0|0|0|0|0|0|0|0|0|0|0,0
United States,Nebraska,Heavy trucks,2023,0|0|0|0|0|0|0|0|0|0|0|0|0|0|0|0|0|0|0|0|0|0|0|0|0|0|0|0|0|0|0,0
United States,Nebraska,Heavy trucks,2024,0|0|0|0|0|0|0|0|0|0|0|0|0|0|0|0|0|0|0|0|0|0|0|0|0|0|0|0|0|0|0,0
United States,Nebraska,Heavy trucks,2025,0|0|0|0|0|0|0|0|0|0|0|0|0|0|0|0|0|0|0|0|0|0|0|0|0|0|0|0|0|0|0,0
United States,Nebraska,Heavy trucks,2026,0|1|0|0|0|0|0|0|0|0|0|0|0|0|0|0|0|0|0|0|0|0|0|0|0|0|0|0|0|0|0,1
United States,Nebraska,Heavy trucks,2027,0|1|2|0|0|0|0|0|0|0|0|0|0|0|0|0|0|0|0|0|0|0|0|0|0|0|0|0|0|0|0,3
United States,Nebraska,Heavy trucks,2028,0|2|3|3|0|0|0|0|0|0|0|0|0|0|0|0|0|0|0|0|0|0|0|0|0|0|0|0|0|0|0,8
United States,Nebraska,Heavy trucks,2029,0|3|5|6|5|0|0|0|0|0|0|0|0|0|0|0|0|0|0|0|0|0|0|0|0|0|0|0|0|0|0,19
United States,Nebraska,Heavy trucks,2030,0|3|6|10|10|8|0|0|0|0|0|0|0|0|0|0|0|0|0|0|0|0|0|0|0|0|0|0|0|0|0,37
United States,Nebraska,Heavy trucks,2031,0|3|8|11|16|15|11|1|0|0|0|0|0|0|0|0|0|0|0|0|0|0|0|0|0|0|0|0|0|0|0,65
United States,Nebraska,Heavy trucks,2032,0|3|8|15|18|24|21|14|1|0|0|0|0|0|0|0|0|0|0|0|0|0|0|0|0|0|0|0|0|0|0,104
United States,Nebraska,Heavy trucks,2033,0|5|8|15|24|27|33|28|17|1|0|0|0|0|0|0|0|0|0|0|0|0|0|0|0|0|0|0|0|0|0,158
United States,Nebraska,Heavy trucks,2034,0|5|12|16|26|35|38|43|35|20|1|0|0|0|0|0|0|0|0|0|0|0|0|0|0|0|0|0|0|0|0,231
United States,Nebraska,Heavy trucks,2035,0|7|13|23|27|39|49|51|53|41|22|1|0|0|0|0|0|0|0|0|0|0|0|0|0|0|0|0|0|0|0,326
United States,Nebraska,Heavy trucks,2036,0|7|16|25|37|42|56|64|64|62|46|23|1|0|0|0|0|0|0|0|0|0|0|0|0|0|0|0|0|0|0,443
United States,Nebraska,Heavy trucks,2037,0|8|18|29|42|56|59|74|79|75|68|48|23|1|0|0|0|0|0|0|0|0|0|0|0|0|0|0|0|0|0,580
United States,Nebraska,Heavy trucks,2038,0|9|19|33|48|63|78|78|91|92|83|73|51|24|1|0|0|0|0|0|0|0|0|0|0|0|0|0|0|0|0,743
United States,Nebraska,Heavy trucks,2039,0|9|22|36|54|72|88|103|97|105|102|90|75|51|25|1|0|0|0|0|0|0|0|0|0|0|0|0|0|0|0,930
United States,Nebraska,Heavy trucks,2040,0|10|22|41|59|81|101|116|127|113|118|108|93|76|51|24|1|0|0|0|0|0|0|0|0|0|0|0|0|0|0,1141
United States,Nebraska,Heavy trucks,2041,0|11|25|41|66|89|114|134|144|148|126|126|112|94|75|50|22|1|0|0|0|0|0|0|0|0|0|0|0|0|0,1378
United States,Nebraska,Heavy trucks,2042,0|12|26|46|68|99|126|150|165|169|166|134|131|114|93|74|48|21|1|0|0|0|0|0|0|0|0|0|0|0|0,1643
United States,Nebraska,Heavy trucks,2043,0|12|29|49|75|103|139|166|185|193|188|179|140|133|113|91|71|44|19|1|0|0|0|0|0|0|0|0|0|0|0,1930
United States,Nebraska,Heavy trucks,2044,0|12|29|54|80|112|146|183|205|217|215|202|186|142|132|110|87|66|39|16|1|0|0|0|0|0|0|0|0|0|0,2234
United States,Nebraska,Heavy trucks,2045,0|12|29|54|89|121|158|193|226|241|242|231|210|188|141|128|106|81|59|34|13|0|0|0|0|0|0|0|0|0|0,2556
United States,Nebraska,Heavy trucks,2046,0|11|29|54|89|135|170|208|238|264|268|259|240|214|187|138|123|98|72|50|28|10|0|0|0|0|0|0|0|0|0,2885
United States,Nebraska,Heavy trucks,2047,0|11|28|54|89|135|191|224|257|279|294|287|270|245|212|181|131|115|87|62|41|21|8|0|0|0|0|0|0|0|0,3222
United States,Nebraska,Heavy trucks,2048,0|11|28|53|89|135|191|251|276|301|311|315|298|274|243|207|173|123|103|75|51|32|16|5|0|0|0|0|0|0|0,3561
United States,Nebraska,Heavy trucks,2049,0|11|28|53|88|135|191|252|311|323|337|334|327|304|273|237|197|161|110|88|61|39|24|11|4|0|0|0|0|0|0,3899
United States,Nebraska,Heavy trucks,2050,0|11|28|53|87|134|191|251|312|364|361|362|347|333|303|267|226|183|144|94|72|48|29|17|8|2|0|0|0|0|0,4227
United States,Nebraska,Medium trucks,2022,0|0|0|0|0|0|0|0|0|0|0|0|0|0|0|0|0|0|0|0|0|0|0|0|0|0|0|0|0|0|0,0
United States,Nebraska,Medium trucks,2023,0|0|0|0|0|0|0|0|0|0|0|0|0|0|0|0|0|0|0|0|0|0|0|0|0|0|0|0|0|0|0,0
United States,Nebraska,Medium trucks,2024,0|0|0|0|0|0|0|0|0|0|0|0|0|0|0|0|0|0|0|0|0|0|0|0|0|0|0|0|0|0|0,0
United States,Nebraska,Medium trucks,2025,0|0|0|0|0|0|0|0|0|0|0|0|0|0|0|0|0|0|0|0|0|0|0|0|0|0|0|0|0|0|0,0
United States,Nebraska,Medium trucks,2026,0|5|0|0|0|0|0|0|0|0|0|0|0|0|0|0|0|0|0|0|0|0|0|0|0|0|0|0|0|0|0,5
United States,Nebraska,Medium trucks,2027,0|9|14|0|0|0|0|0|0|0|0|0|0|0|0|0|0|0|0|0|0|0|0|0|0|0|0|0|0|0|0,23
United States,Nebraska,Medium trucks,2028,0|10|23|26|0|0|0|0|0|0|0|0|0|0|0|0|0|0|0|0|0|0|0|0|0|0|0|0|0|0|0,59
United States,Nebraska,Medium trucks,2029,0|12|25|43|43|0|0|0|0|0|0|0|0|0|0|0|0|0|0|0|0|0|0|0|0|0|0|0|0|0|0,123
United States,Nebraska,Medium trucks,2030,0|15|30|46|70|64|0|0|0|0|0|0|0|0|0|0|0|0|0|0|0|0|0|0|0|0|0|0|0|0|0,225
United States,Nebraska,Medium trucks,2031,0|17|38|56|75|105|90|0|0|0|0|0|0|0|0|0|0|0|0|0|0|0|0|0|0|0|0|0|0|0|0,381
United States,Nebraska,Medium trucks,2032,0|21|42|70|92|115|149|119|0|0|0|0|0|0|0|0|0|0|0|0|0|0|0|0|0|0|0|0|0|0|0,608
United States,Nebraska,Medium trucks,2033,0|25|52|79|116|140|163|197|148|0|0|0|0|0|0|0|0|0|0|0|0|0|0|0|0|0|0|0|0|0|0,920
United States,Nebraska,Medium trucks,2034,0|27|62|96|131|174|197|215|243|173|0|0|0|0|0|0|0|0|0|0|0|0|0|0|0|0|0|0|0|0|0,1318
United States,Nebraska,Medium trucks,2035,0|32|68|116|157|198|244|259|265|285|193|0|0|0|0|0|0|0|0|0|0|0|0|0|0|0|0|0|0|0|0,1817
United States,Nebraska,Medium trucks,2036,0|36|80|128|190|236|279|320|320|310|318|208|0|0|0|0|0|0|0|0|0|0|0|0|0|0|0|0|0|0|0,2425
United States,Nebraska,Medium trucks,2037,0|40|90|150|210|286|332|367|397|374|346|341|216|0|0|0|0|0|0|0|0|0|0|0|0|0|0|0|0|0|0,3149
United States,Nebraska,Medium trucks,2038,0|43|100|168|247|318|401|436|454|464|417|371|355|220|0|0|0|0|0|0|0|0|0|0|0|0|0|0|0|0|0,3994
United States,Nebraska,Medium trucks,2039,0|46|107|187|276|372|447|527|538|530|517|448|386|360|218|0|0|0|0|0|0|0|0|0|0|0|0|0|0|0|0,4959
United States,Nebraska,Medium trucks,2040,0|49|114|199|308|416|521|588|651|629|592|554|466|392|358|212|0|0|0|0|0|0|0|0|0|0|0|0|0|0|0,6049
United States,Nebraska,Medium trucks,2041,0|52|121|213|327|464|583|686|728|761|700|634|576|474|390|349|202|0|0|0|0|0|0|0|0|0|0|0|0|0|0,7260
United States,Nebraska,Medium trucks,2042,0|54|128|226|348|493|652|768|847|851|848|750|659|585|471|381|332|188|0|0|0|0|0|0|0|0|0|0|0|0|0,8581
United States,Nebraska,Medium trucks,2043,0|55|134|239|369|524|693|858|950|990|948|909|781|670|583|460|362|308|168|0|0|0|0|0|0|0|0|0|0|0|0,10001
United States,Nebraska,Medium trucks,2044,0|56|137|251|390|555|736|911|1061|1110|1103|1017|946|792|668|569|438|336|277|145|0|0|0|0|0|0|0|0|0|0|0,11498
United States,Nebraska,Medium trucks,2045,0|56|138|254|410|587|779|968|1128|1241|1239|1181|1058|961|789|650|543|407|302|238|118|0|0|0|0|0|0|0|0|0|0,13047
United States,Nebraska,Medium trucks,2046,0|56|139|257|415|619|823|1024|1197|1317|1382|1328|1229|1074|956|770|621|504|365|259|194|92|0|0|0|0|0|0|0|0|0,14621
United States,Nebraska,Medium trucks,2047,0|57|140|259|420|626|868|1083|1266|1399|1468|1482|1381|1248|1068|933|734|576|452|313|212|151|68|0|0|0|0|0|0|0|0,16204
United States,Nebraska,Medium trucks,2048,0|58|141|261|424|633|878|1142|1338|1480|1559|1573|1543|1402|1242|1042|890|681|516|388|256|165|112|48|0|0|0|0|0|0|0,17772
United States,Nebraska,Medium trucks,2049,0|58|143|263|427|639|888|1156|1412|1564|1649|1671|1636|1567|1396|1212|995|826|610|444|317|199|122|79|33|0|0|0|0|0|0,19306
United States,Nebraska,Medium trucks,2050,0|58|144|266|430|644|896|1168|1430|1651|1742|1768|1737|1662|1560|1362|1155|923|740|525|363|246|147|87|54|22|0|0|0|0|0,20780
United States,Nevada,Heavy trucks,2022,0|0|0|0|0|0|0|0|0|0|0|0|0|0|0|0|0|0|0|0|0|0|0|0|0|0|0|0|0|0|0,0
United States,Nevada,Heavy trucks,2023,0|0|0|0|0|0|0|0|0|0|0|0|0|0|0|0|0|0|0|0|0|0|0|0|0|0|0|0|0|0|0,0
United States,Nevada,Heavy trucks,2024,0|0|0|0|0|0|0|0|0|0|0|0|0|0|0|0|0|0|0|0|0|0|0|0|0|0|0|0|0|0|0,0
United States,Nevada,Heavy trucks,2025,0|0|0|0|0|0|0|0|0|0|0|0|0|0|0|0|0|0|0|0|0|0|0|0|0|0|0|0|0|0|0,0
United States,Nevada,Heavy trucks,2026,0|1|0|0|0|0|0|0|0|0|0|0|0|0|0|0|0|0|0|0|0|0|0|0|0|0|0|0|0|0|0,1
United States,Nevada,Heavy trucks,2027,0|2|2|0|0|0|0|0|0|0|0|0|0|0|0|0|0|0|0|0|0|0|0|0|0|0|0|0|0|0|0,4
United States,Nevada,Heavy trucks,2028,0|3|5|4|0|0|0|0|0|0|0|0|0|0|0|0|0|0|0|0|0|0|0|0|0|0|0|0|0|0|0,12
United States,Nevada,Heavy trucks,2029,0|4|8|10|7|1|0|0|0|0|0|0|0|0|0|0|0|0|0|0|0|0|0|0|0|0|0|0|0|0|0,30
United States,Nevada,Heavy trucks,2030,0|5|10|15|17|11|2|0|0|0|0|0|0|0|0|0|0|0|0|0|0|0|0|0|0|0|0|0|0|0|0,60
United States,Nevada,Heavy trucks,2031,0|6|12|19|25|26|16|3|0|0|0|0|0|0|0|0|0|0|0|0|0|0|0|0|0|0|0|0|0|0|0,107
United States,Nevada,Heavy trucks,2032,0|6|15|23|31|38|36|21|4|0|0|0|0|0|0|0|0|0|0|0|0|0|0|0|0|0|0|0|0|0|0,174
United States,Nevada,Heavy trucks,2033,0|8|15|28|38|46|53|47|26|5|0|0|0|0|0|0|0|0|0|0|0|0|0|0|0|0|0|0|0|0|0,266
United States,Nevada,Heavy trucks,2034,0|9|20|28|45|57|65|70|58|31|6|0|0|0|0|0|0|0|0|0|0|0|0|0|0|0|0|0|0|0|0,389
United States,Nevada,Heavy trucks,2035,0|11|23|37|46|68|80|86|87|67|34|6|0|0|0|0|0|0|0|0|0|0|0|0|0|0|0|0|0|0|0,545
United States,Nevada,Heavy trucks,2036,0|12|27|43|61|69|95|105|106|101|73|36|6|0|0|0|0|0|0|0|0|0|0|0|0|0|0|0|0|0|0,734
United States,Nevada,Heavy trucks,2037,0|13|30|50|70|92|98|125|131|123|112|78|37|6|0|0|0|0|0|0|0|0|0|0|0|0|0|0|0|0|0,965
United States,Nevada,Heavy trucks,2038,0|15|33|56|81|106|130|130|155|153|138|120|81|38|6|0|0|0|0|0|0|0|0|0|0|0|0|0|0|0|0,1242
United States,Nevada,Heavy trucks,2039,0|16|37|62|91|123|150|172|162|180|171|148|124|83|38|5|0|0|0|0|0|0|0|0|0|0|0|0|0|0|0,1562
United States,Nevada,Heavy trucks,2040,0|17|39|68|102|139|173|198|212|189|201|183|153|125|82|37|5|0|0|0|0|0|0|0|0|0|0|0|0|0|0,1923
United States,Nevada,Heavy trucks,2041,0|19|42|73|112|155|196|228|245|248|210|216|192|156|124|80|35|5|0|0|0|0|0|0|0|0|0|0|0|0|0,2336
United States,Nevada,Heavy trucks,2042,0|21|46|79|121|170|218|258|282|287|277|226|225|194|156|121|77|33|4|0|0|0|0|0|0|0|0|0|0|0|0,2795
United States,Nevada,Heavy trucks,2043,0|21|52|85|131|183|239|287|319|330|320|297|236|228|192|151|116|71|29|4|0|0|0|0|0|0|0|0|0|0|0,3291
United States,Nevada,Heavy trucks,2044,0|21|52|98|141|198|257|315|356|373|368|344|309|240|226|187|144|108|64|25|3|0|0|0|0|0|0|0|0|0|0,3829
United States,Nevada,Heavy trucks,2045,0|21|52|98|161|213|279|339|390|416|416|394|358|314|239|220|178|135|97|55|21|2|0|0|0|0|0|0|0|0|0,4398
United States,Nevada,Heavy trucks,2046,0|21|53|98|162|243|300|367|420|456|463|447|412|363|313|232|210|166|120|83|45|16|2|0|0|0|0|0|0|0|0,4992
United States,Nevada,Heavy trucks,2047,0|21|53|100|162|244|342|394|454|490|508|497|465|417|361|305|221|195|148|103|68|35|12|1|0|0|0|0|0|0|0,5596
United States,Nevada,Heavy trucks,2048,0|21|52|100|164|244|344|450|487|529|546|544|517|473|416|353|291|206|175|127|85|53|26|8|1|0|0|0|0|0|0,6212
United States,Nevada,Heavy trucks,2049,0|21|52|98|164|247|344|452|557|569|590|586|566|526|470|405|336|270|184|150|104|66|39|18|6|1|0|0|0|0|0,6821
United States,Nevada,Heavy trucks,2050,0|21|52|98|162|247|348|452|559|652|635|632|609|574|524|459|387|311|242|158|123|81|49|28|13|4|0|0|0|0|0,7420
United States,Nevada,Medium trucks,2022,0|0|0|0|0|0|0|0|0|0|0|0|0|0|0|0|0|0|0|0|0|0|0|0|0|0|0|0|0|0|0,0
United States,Nevada,Medium trucks,2023,0|0|0|0|0|0|0|0|0|0|0|0|0|0|0|0|0|0|0|0|0|0|0|0|0|0|0|0|0|0|0,0
United States,Nevada,Medium trucks,2024,0|0|0|0|0|0|0|0|0|0|0|0|0|0|0|0|0|0|0|0|0|0|0|0|0|0|0|0|0|0|0,0
United States,Nevada,Medium trucks,2025,0|0|0|0|0|0|0|0|0|0|0|0|0|0|0|0|0|0|0|0|0|0|0|0|0|0|0|0|0|0|0,0
United States,Nevada,Medium trucks,2026,0|9|0|0|0|0|0|0|0|0|0|0|0|0|0|0|0|0|0|0|0|0|0|0|0|0|0|0|0|0|0,9
United States,Nevada,Medium trucks,2027,0|15|22|0|0|0|0|0|0|0|0|0|0|0|0|0|0|0|0|0|0|0|0|0|0|0|0|0|0|0|0,37
United States,Nevada,Medium trucks,2028,0|17|38|41|0|1|0|0|0|0|0|0|0|0|0|0|0|0|0|0|0|0|0|0|0|0|0|0|0|0|0,97
United States,Nevada,Medium trucks,2029,0|20|42|70|68|1|2|0|0|0|0|0|0|0|0|0|0|0|0|0|0|0|0|0|0|0|0|0|0|0|0,203
United States,Nevada,Medium trucks,2030,0|25|49|77|116|103|2|3|0|0|0|0|0|0|0|0|0|0|0|0|0|0|0|0|0|0|0|0|0|0|0,375
United States,Nevada,Medium trucks,2031,0|29|62|92|127|174|146|3|4|0|0|0|0|0|0|0|0|0|0|0|0|0|0|0|0|0|0|0|0|0|0,637
United States,Nevada,Medium trucks,2032,0|34|72|116|152|191|244|193|4|5|0|0|0|0|0|0|0|0|0|0|0|0|0|0|0|0|0|0|0|0|0,1011
United States,Nevada,Medium trucks,2033,0|41|86|134|190|229|268|321|238|5|6|0|0|0|0|0|0|0|0|0|0|0|0|0|0|0|0|0|0|0|0,1518
United States,Nevada,Medium trucks,2034,0|48|103|160|219|287|322|352|398|279|6|6|0|0|0|0|0|0|0|0|0|0|0|0|0|0|0|0|0|0|0,2180
United States,Nevada,Medium trucks,2035,0|56|118|192|262|330|403|423|435|465|311|6|6|0|0|0|0|0|0|0|0|0|0|0|0|0|0|0|0|0|0,3007
United States,Nevada,Medium trucks,2036,0|62|138|220|315|394|462|530|523|507|518|333|6|6|0|0|0|0|0|0|0|0|0|0|0|0|0|0|0|0|0,4014
United States,Nevada,Medium trucks,2037,0|70|154|256|359|474|552|609|655|612|564|555|346|6|6|0|0|0|0|0|0|0|0|0|0|0|0|0|0|0|0,5218
United States,Nevada,Medium trucks,2038,0|75|175|287|418|541|666|727|754|766|682|605|577|351|6|5|0|0|0|0|0|0|0|0|0|0|0|0|0|0|0,6635
United States,Nevada,Medium trucks,2039,0|80|187|325|471|630|759|876|898|881|854|732|629|586|349|5|5|0|0|0|0|0|0|0|0|0|0|0|0|0|0,8267
United States,Nevada,Medium trucks,2040,0|85|199|348|532|711|883|998|1085|1050|981|915|762|638|584|340|5|5|0|0|0|0|0|0|0|0|0|0|0|0|0,10121
United States,Nevada,Medium trucks,2041,0|90|212|370|570|800|998|1161|1234|1269|1169|1051|953|773|635|569|323|5|4|0|0|0|0|0|0|0|0|0|0|0|0,12186
United States,Nevada,Medium trucks,2042,0|96|225|395|607|857|1125|1314|1435|1443|1414|1253|1094|969|769|619|544|300|4|4|0|0|0|0|0|0|0|0|0|0|0,14467
United States,Nevada,Medium trucks,2043,0|98|239|419|647|914|1204|1480|1624|1677|1607|1516|1304|1112|964|751|592|505|270|4|3|0|0|0|0|0|0|0|0|0|0,16930
United States,Nevada,Medium trucks,2044,0|100|244|445|687|974|1285|1583|1829|1899|1869|1723|1578|1324|1107|940|716|548|453|231|3|2|0|0|0|0|0|0|0|0|0,19540
United States,Nevada,Medium trucks,2045,0|103|249|454|730|1035|1367|1689|1957|2138|2116|2004|1792|1602|1318|1080|897|664|492|388|189|2|2|0|0|0|0|0|0|0|0,22268
United States,Nevada,Medium trucks,2046,0|104|254|463|744|1100|1454|1799|2089|2287|2382|2268|2085|1820|1594|1285|1030|832|595|423|318|147|2|1|0|0|0|0|0|0|0,25076
United States,Nevada,Medium trucks,2047,0|105|257|472|758|1120|1545|1913|2223|2442|2548|2553|2359|2117|1811|1555|1226|957|746|512|346|247|109|1|1|0|0|0|0|0|0,27923
United States,Nevada,Medium trucks,2048,0|107|260|478|771|1140|1574|2032|2367|2598|2720|2732|2657|2395|2106|1766|1484|1139|858|641|418|269|183|77|1|1|0|0|0|0|0,30774
United States,Nevada,Medium trucks,2049,0|109|265|484|783|1159|1600|2071|2513|2766|2894|2916|2842|2698|2383|2055|1686|1377|1020|737|524|325|199|130|53|1|0|0|0|0|0,33590
United States,Nevada,Medium trucks,2050,0|111|269|493|794|1178|1627|2105|2560|2938|3082|3104|3033|2887|2685|2326|1961|1564|1234|877|603|407|241|141|89|36|0|0|0|0|0,36345
United States,New Hampshire,Heavy trucks,2022,0|0|0|0|0|0|0|0|0|0|0|0|0|0|0|0|0|0|0|0|0|0|0|0|0|0|0|0|0|0|0,0
United States,New Hampshire,Heavy trucks,2023,0|0|0|0|0|0|0|0|0|0|0|0|0|0|0|0|0|0|0|0|0|0|0|0|0|0|0|0|0|0|0,0
United States,New Hampshire,Heavy trucks,2024,0|0|0|0|0|0|0|0|0|0|0|0|0|0|0|0|0|0|0|0|0|0|0|0|0|0|0|0|0|0|0,0
United States,New Hampshire,Heavy trucks,2025,0|0|0|0|0|0|0|0|0|0|0|0|0|0|0|0|0|0|0|0|0|0|0|0|0|0|0|0|0|0|0,0
United States,New Hampshire,Heavy trucks,2026,0|1|0|0|0|0|0|0|0|0|0|0|0|0|0|0|0|0|0|0|0|0|0|0|0|0|0|0|0|0|0,1
United States,New Hampshire,Heavy trucks,2027,0|1|2|0|0|0|0|0|0|0|0|0|0|0|0|0|0|0|0|0|0|0|0|0|0|0|0|0|0|0|0,3
United States,New Hampshire,Heavy trucks,2028,0|1|2|3|0|0|0|0|0|0|0|0|0|0|0|0|0|0|0|0|0|0|0|0|0|0|0|0|0|0|0,6
United States,New Hampshire,Heavy trucks,2029,0|1|3|4|4|0|0|0|0|0|0|0|0|0|0|0|0|0|0|0|0|0|0|0|0|0|0|0|0|0|0,12
United States,New Hampshire,Heavy trucks,2030,0|2|4|6|7|5|0|0|0|0|0|0|0|0|0|0|0|0|0|0|0|0|0|0|0|0|0|0|0|0|0,24
United States,New Hampshire,Heavy trucks,2031,0|3|5|7|10|10|7|0|0|0|0|0|0|0|0|0|0|0|0|0|0|0|0|0|0|0|0|0|0|0|0,42
United States,New Hampshire,Heavy trucks,2032,0|3|6|10|12|15|15|9|0|0|0|0|0|0|0|0|0|0|0|0|0|0|0|0|0|0|0|0|0|0|0,70
United States,New Hampshire,Heavy trucks,2033,0|3|7|11|16|19|22|20|11|0|0|0|0|0|0|0|0|0|0|0|0|0|0|0|0|0|0|0|0|0|0,109
United States,New Hampshire,Heavy trucks,2034,0|4|8|12|18|24|27|29|25|13|0|0|0|0|0|0|0|0|0|0|0|0|0|0|0|0|0|0|0|0|0,160
United States,New Hampshire,Heavy trucks,2035,0|5|9|15|19|27|33|36|36|29|14|0|0|0|0|0|0|0|0|0|0|0|0|0|0|0|0|0|0|0|0,223
United States,New Hampshire,Heavy trucks,2036,0|5|12|17|25|29|38|44|45|42|32|15|0|0|0|0|0|0|0|0|0|0|0|0|0|0|0|0|0|0|0,304
United States,New Hampshire,Heavy trucks,2037,0|5|12|21|28|38|41|51|55|52|47|35|16|0|0|0|0|0|0|0|0|0|0|0|0|0|0|0|0|0|0,401
United States,New Hampshire,Heavy trucks,2038,0|6|13|23|34|43|53|54|63|64|58|49|35|16|0|0|0|0|0|0|0|0|0|0|0|0|0|0|0|0|0,511
United States,New Hampshire,Heavy trucks,2039,0|6|15|24|37|51|60|70|67|74|70|62|52|36|17|0|0|0|0|0|0|0|0|0|0|0|0|0|0|0|0,641
United States,New Hampshire,Heavy trucks,2040,0|7|15|28|39|56|71|79|87|78|82|75|65|52|36|16|0|0|0|0|0|0|0|0|0|0|0|0|0|0|0,786
United States,New Hampshire,Heavy trucks,2041,0|7|17|28|45|60|78|92|98|101|86|88|77|66|52|36|16|0|0|0|0|0|0|0|0|0|0|0|0|0|0,947
United States,New Hampshire,Heavy trucks,2042,0|8|18|31|47|67|85|103|113|114|112|93|91|78|65|51|34|14|0|0|0|0|0|0|0|0|0|0|0|0|0,1124
United States,New Hampshire,Heavy trucks,2043,0|8|20|33|50|70|94|112|127|131|127|120|97|93|77|64|48|31|13|0|0|0|0|0|0|0|0|0|0|0|0,1315
United States,New Hampshire,Heavy trucks,2044,0|8|20|37|54|75|99|123|140|148|147|135|124|98|91|76|61|45|28|11|0|0|0|0|0|0|0|0|0|0|0,1520
United States,New Hampshire,Heavy trucks,2045,0|8|19|37|60|81|106|131|153|163|166|158|141|125|97|89|73|57|40|24|9|0|0|0|0|0|0|0|0|0|0,1737
United States,New Hampshire,Heavy trucks,2046,0|8|19|36|60|91|114|140|163|178|182|179|163|143|124|95|86|67|51|34|20|7|0|0|0|0|0|0|0|0|0,1960
United States,New Hampshire,Heavy trucks,2047,0|7|19|36|59|91|129|150|173|190|199|195|187|166|142|121|91|79|60|44|28|15|5|0|0|0|0|0|0|0|0,2186
United States,New Hampshire,Heavy trucks,2048,0|7|18|36|59|89|129|170|185|203|211|214|203|189|165|138|116|84|71|52|36|22|11|4|0|0|0|0|0|0|0,2412
United States,New Hampshire,Heavy trucks,2049,0|7|18|35|59|89|127|170|209|217|226|227|223|206|188|160|132|108|75|61|42|28|16|8|3|0|0|0|0|0|0,2634
United States,New Hampshire,Heavy trucks,2050,0|7|18|34|58|89|126|167|209|245|242|243|237|227|205|182|153|123|97|65|50|33|21|12|6|2|0|0|0|0|0,2851
United States,New Hampshire,Medium trucks,2022,0|0|0|0|0|0|0|0|0|0|0|0|0|0|0|0|0|0|0|0|0|0|0|0|0|0|0|0|0|0|0,0
United States,New Hampshire,Medium trucks,2023,0|0|0|0|0|0|0|0|0|0|0|0|0|0|0|0|0|0|0|0|0|0|0|0|0|0|0|0|0|0|0,0
United States,New Hampshire,Medium trucks,2024,0|0|0|0|0|0|0|0|0|0|0|0|0|0|0|0|0|0|0|0|0|0|0|0|0|0|0|0|0|0|0,0
United States,New Hampshire,Medium trucks,2025,0|0|0|0|0|0|0|0|0|0|0|0|0|0|0|0|0|0|0|0|0|0|0|0|0|0|0|0|0|0|0,0
United States,New Hampshire,Medium trucks,2026,0|4|0|0|0|0|0|0|0|0|0|0|0|0|0|0|0|0|0|0|0|0|0|0|0|0|0|0|0|0|0,4
United States,New Hampshire,Medium trucks,2027,0|7|10|0|0|0|0|0|0|0|0|0|0|0|0|0|0|0|0|0|0|0|0|0|0|0|0|0|0|0|0,17
United States,New Hampshire,Medium trucks,2028,0|7|16|19|0|0|0|0|0|0|0|0|0|0|0|0|0|0|0|0|0|0|0|0|0|0|0|0|0|0|0,42
United States,New Hampshire,Medium trucks,2029,0|9|18|30|30|0|0|0|0|0|0|0|0|0|0|0|0|0|0|0|0|0|0|0|0|0|0|0|0|0|0,87
United States,New Hampshire,Medium trucks,2030,0|11|22|33|49|45|0|0|0|0|0|0|0|0|0|0|0|0|0|0|0|0|0|0|0|0|0|0|0|0|0,160
United States,New Hampshire,Medium trucks,2031,0|12|26|40|54|74|63|0|0|0|0|0|0|0|0|0|0|0|0|0|0|0|0|0|0|0|0|0|0|0|0,269
United States,New Hampshire,Medium trucks,2032,0|14|29|48|65|81|103|83|0|0|0|0|0|0|0|0|0|0|0|0|0|0|0|0|0|0|0|0|0|0|0,423
United States,New Hampshire,Medium trucks,2033,0|17|35|54|79|97|113|137|102|0|0|0|0|0|0|0|0|0|0|0|0|0|0|0|0|0|0|0|0|0|0,634
United States,New Hampshire,Medium trucks,2034,0|19|42|65|89|120|137|149|169|118|0|0|0|0|0|0|0|0|0|0|0|0|0|0|0|0|0|0|0|0|0,908
United States,New Hampshire,Medium trucks,2035,0|22|47|78|107|135|169|181|184|199|132|0|0|0|0|0|0|0|0|0|0|0|0|0|0|0|0|0|0|0|0,1254
United States,New Hampshire,Medium trucks,2036,0|25|55|88|129|162|191|223|222|216|222|141|0|0|0|0|0|0|0|0|0|0|0|0|0|0|0|0|0|0|0,1674
United States,New Hampshire,Medium trucks,2037,0|27|62|103|145|195|228|252|274|260|241|239|147|0|0|0|0|0|0|0|0|0|0|0|0|0|0|0|0|0|0,2173
United States,New Hampshire,Medium trucks,2038,0|29|68|116|169|219|275|300|312|320|289|258|248|148|0|0|0|0|0|0|0|0|0|0|0|0|0|0|0|0|0,2751
United States,New Hampshire,Medium trucks,2039,0|31|72|128|190|254|308|361|372|366|358|309|269|253|148|0|0|0|0|0|0|0|0|0|0|0|0|0|0|0|0,3419
United States,New Hampshire,Medium trucks,2040,0|33|77|135|210|286|357|404|447|434|409|385|322|273|251|144|0|0|0|0|0|0|0|0|0|0|0|0|0|0|0,4167
United States,New Hampshire,Medium trucks,2041,0|34|82|143|221|317|401|468|499|521|483|439|401|327|272|244|138|0|0|0|0|0|0|0|0|0|0|0|0|0|0,4990
United States,New Hampshire,Medium trucks,2042,0|36|86|152|236|334|445|526|579|584|580|518|458|407|325|266|233|128|0|0|0|0|0|0|0|0|0|0|0|0|0,5893
United States,New Hampshire,Medium trucks,2043,0|36|90|160|249|355|468|584|650|677|651|621|539|466|405|317|253|216|115|0|0|0|0|0|0|0|0|0|0|0|0,6852
United States,New Hampshire,Medium trucks,2044,0|37|91|168|263|375|497|617|722|760|754|699|646|547|463|395|302|235|194|98|0|0|0|0|0|0|0|0|0|0|0,7863
United States,New Hampshire,Medium trucks,2045,0|37|92|169|276|396|526|655|764|844|847|808|728|656|545|452|376|280|212|166|81|0|0|0|0|0|0|0|0|0|0,8910
United States,New Hampshire,Medium trucks,2046,0|37|93|171|278|415|555|693|810|892|940|908|840|739|654|532|431|349|252|182|136|63|0|0|0|0|0|0|0|0|0,9970
United States,New Hampshire,Medium trucks,2047,0|37|93|173|280|419|582|730|856|946|994|1008|945|852|735|638|508|400|313|216|149|106|46|0|0|0|0|0|0|0|0,11026
United States,New Hampshire,Medium trucks,2048,0|37|93|173|283|421|588|767|901|1001|1054|1065|1049|960|848|718|609|471|359|269|177|115|78|33|0|0|0|0|0|0|0,12069
United States,New Hampshire,Medium trucks,2049,0|37|93|173|284|426|591|775|947|1053|1115|1129|1108|1065|955|827|685|565|422|308|220|137|85|55|23|0|0|0|0|0|0,13078
United States,New Hampshire,Medium trucks,2050,0|38|94|174|284|427|597|778|957|1106|1172|1195|1175|1126|1060|932|789|635|506|363|252|171|102|61|38|15|0|0|0|0|0,14047
United States,New Jersey,Heavy trucks,2022,0|0|0|0|0|0|0|0|0|0|0|0|0|0|0|0|0|0|0|0|0|0|0|0|0|0|0|0|0|0|0,0
United States,New Jersey,Heavy trucks,2023,0|0|0|0|0|0|0|0|0|0|0|0|0|0|0|0|0|0|0|0|0|0|0|0|0|0|0|0|0|0|0,0
United States,New Jersey,Heavy trucks,2024,0|0|0|0|0|0|0|0|0|0|0|0|0|0|0|0|0|0|0|0|0|0|0|0|0|0|0|0|0|0|0,0
United States,New Jersey,Heavy trucks,2025,0|0|0|0|0|0|0|0|0|0|0|0|0|0|0|0|0|0|0|0|0|0|0|0|0|0|0|0|0|0|0,0
United States,New Jersey,Heavy trucks,2026,0|3|1|0|0|0|0|0|0|0|0|0|0|0|0|0|0|0|0|0|0|0|0|0|0|0|0|0|0|0|0,4
United States,New Jersey,Heavy trucks,2027,0|7|8|2|0|0|0|0|0|0|0|0|0|0|0|0|0|0|0|0|0|0|0|0|0|0|0|0|0|0|0,17
United States,New Jersey,Heavy trucks,2028,0|9|16|14|3|0|0|0|0|0|0|0|0|0|0|0|0|0|0|0|0|0|0|0|0|0|0|0|0|0|0,42
United States,New Jersey,Heavy trucks,2029,0|11|23|29|23|4|1|0|0|0|0|0|0|0|0|0|0|0|0|0|0|0|0|0|0|0|0|0|0|0|0,91
United States,New Jersey,Heavy trucks,2030,0|14|28|44|48|34|5|2|0|0|0|0|0|0|0|0|0|0|0|0|0|0|0|0|0|0|0|0|0|0|0,175
United States,New Jersey,Heavy trucks,2031,0|17|35|53|72|73|47|6|3|0|0|0|0|0|0|0|0|0|0|0|0|0|0|0|0|0|0|0|0|0|0,306
United States,New Jersey,Heavy trucks,2032,0|17|42|66|88|109|102|62|7|4|0|0|0|0|0|0|0|0|0|0|0|0|0|0|0|0|0|0|0|0|0,497
United States,New Jersey,Heavy trucks,2033,0|23|43|77|109|134|154|135|77|8|4|0|0|0|0|0|0|0|0|0|0|0|0|0|0|0|0|0|0|0|0,764
United States,New Jersey,Heavy trucks,2034,0|26|56|80|127|165|188|203|166|90|9|4|0|0|0|0|0|0|0|0|0|0|0|0|0|0|0|0|0|0|0,1114
United States,New Jersey,Heavy trucks,2035,0|29|65|105|132|191|231|248|250|195|99|10|4|0|0|0|0|0|0|0|0|0|0|0|0|0|0|0|0|0|0,1559
United States,New Jersey,Heavy trucks,2036,0|33|72|121|173|200|270|303|307|294|218|106|11|4|0|0|0|0|0|0|0|0|0|0|0|0|0|0|0|0|0,2112
United States,New Jersey,Heavy trucks,2037,0|37|83|136|199|261|282|354|376|359|327|235|109|12|4|0|0|0|0|0|0|0|0|0|0|0|0|0|0|0|0,2774
United States,New Jersey,Heavy trucks,2038,0|39|92|155|224|300|366|370|439|440|401|352|244|111|11|4|0|0|0|0|0|0|0|0|0|0|0|0|0|0|0,3548
United States,New Jersey,Heavy trucks,2039,0|43|99|171|254|339|421|480|459|512|490|429|367|249|110|11|3|0|0|0|0|0|0|0|0|0|0|0|0|0|0,4437
United States,New Jersey,Heavy trucks,2040,0|46|107|185|280|382|475|554|593|536|570|526|447|372|247|107|10|3|0|0|0|0|0|0|0|0|0|0|0|0|0,5440
United States,New Jersey,Heavy trucks,2041,0|49|114|199|304|421|535|626|685|693|598|611|547|455|371|240|103|10|3|0|0|0|0|0|0|0|0|0|0|0|0,6564
United States,New Jersey,Heavy trucks,2042,0|56|121|213|326|457|590|705|775|800|773|641|636|556|453|362|229|95|9|2|0|0|0|0|0|0|0|0|0|0|0,7799
United States,New Jersey,Heavy trucks,2043,0|56|138|226|348|491|641|777|870|905|891|829|667|646|553|442|344|213|85|7|2|0|0|0|0|0|0|0|0|0|0,9131
United States,New Jersey,Heavy trucks,2044,0|55|138|257|370|524|689|843|961|1018|1008|956|863|678|643|540|421|319|191|73|6|2|0|0|0|0|0|0|0|0|0,10555
United States,New Jersey,Heavy trucks,2045,0|55|137|257|420|557|736|905|1044|1123|1133|1081|995|877|675|627|516|391|287|164|60|5|1|0|0|0|0|0|0|0|0,12046
United States,New Jersey,Heavy trucks,2046,0|54|136|255|420|633|781|968|1120|1221|1252|1215|1125|1010|873|659|599|478|351|246|134|47|3|1|0|0|0|0|0|0|0,13581
United States,New Jersey,Heavy trucks,2047,0|54|134|253|417|633|888|1027|1197|1308|1360|1343|1264|1143|1005|852|629|555|429|301|201|104|34|2|1|0|0|0|0|0|0,15134
United States,New Jersey,Heavy trucks,2048,0|53|133|251|414|628|888|1168|1270|1399|1458|1459|1398|1284|1138|981|813|583|498|368|246|156|77|24|2|0|0|0|0|0|0,16689
United States,New Jersey,Heavy trucks,2049,0|52|131|248|411|625|880|1168|1444|1484|1559|1562|1517|1420|1277|1110|937|754|523|428|301|191|116|55|17|1|0|0|0|0|0,18211
United States,New Jersey,Heavy trucks,2050,0|52|129|244|405|620|877|1158|1444|1686|1654|1671|1626|1541|1414|1246|1059|870|676|450|350|234|142|82|38|11|1|0|0|0|0,19680
United States,New Jersey,Medium trucks,2022,0|0|0|0|0|0|0|0|0|0|0|0|0|0|0|0|0|0|0|0|0|0|0|0|0|0|0|0|0|0|0,0
United States,New Jersey,Medium trucks,2023,0|0|0|0|0|0|0|0|0|0|0|0|0|0|0|0|0|0|0|0|0|0|0|0|0|0|0|0|0|0|0,0
United States,New Jersey,Medium trucks,2024,0|0|0|0|0|0|0|0|0|0|0|0|0|0|0|0|0|0|0|0|0|0|0|0|0|0|0|0|0|0|0,0
United States,New Jersey,Medium trucks,2025,0|0|1|0|0|0|0|0|0|0|0|0|0|0|0|0|0|0|0|0|0|0|0|0|0|0|0|0|0|0|0,1
United States,New Jersey,Medium trucks,2026,0|27|1|2|0|0|0|0|0|0|0|0|0|0|0|0|0|0|0|0|0|0|0|0|0|0|0|0|0|0|0,30
United States,New Jersey,Medium trucks,2027,0|43|66|2|3|0|0|0|0|0|0|0|0|0|0|0|0|0|0|0|0|0|0|0|0|0|0|0|0|0|0,114
United States,New Jersey,Medium trucks,2028,0|48|109|124|3|4|0|0|0|0|0|0|0|0|0|0|0|0|0|0|0|0|0|0|0|0|0|0|0|0|0,288
United States,New Jersey,Medium trucks,2029,0|58|120|203|204|4|5|0|0|0|0|0|0|0|0|0|0|0|0|0|0|0|0|0|0|0|0|0|0|0|0,594
United States,New Jersey,Medium trucks,2030,0|72|144|223|334|308|5|6|0|0|0|0|0|0|0|0|0|0|0|0|0|0|0|0|0|0|0|0|0|0|0,1092
United States,New Jersey,Medium trucks,2031,0|82|179|268|364|504|433|6|7|0|0|0|0|0|0|0|0|0|0|0|0|0|0|0|0|0|0|0|0|0|0,1843
United States,New Jersey,Medium trucks,2032,0|96|204|332|438|548|708|569|7|8|0|0|0|0|0|0|0|0|0|0|0|0|0|0|0|0|0|0|0|0|0,2910
United States,New Jersey,Medium trucks,2033,0|117|240|379|543|661|768|932|704|8|9|0|0|0|0|0|0|0|0|0|0|0|0|0|0|0|0|0|0|0|0,4361
United States,New Jersey,Medium trucks,2034,0|131|290|447|622|816|928|1010|1153|823|9|10|0|0|0|0|0|0|0|0|0|0|0|0|0|0|0|0|0|0|0,6239
United States,New Jersey,Medium trucks,2035,0|151|326|539|732|935|1147|1220|1249|1347|916|10|11|0|0|0|0|0|0|0|0|0|0|0|0|0|0|0|0|0|0,8583
United States,New Jersey,Medium trucks,2036,0|169|375|606|883|1102|1315|1508|1507|1460|1501|982|11|11|0|0|0|0|0|0|0|0|0|0|0|0|0|0|0|0|0,11430
United States,New Jersey,Medium trucks,2037,0|189|422|699|993|1329|1548|1729|1864|1762|1626|1608|1022|11|10|0|0|0|0|0|0|0|0|0|0|0|0|0|0|0|0,14812
United States,New Jersey,Medium trucks,2038,0|201|470|785|1145|1495|1867|2037|2136|2178|1963|1744|1674|1037|10|10|0|0|0|0|0|0|0|0|0|0|0|0|0|0|0,18752
United States,New Jersey,Medium trucks,2039,0|212|499|875|1285|1725|2100|2455|2519|2497|2426|2104|1813|1700|1032|10|9|0|0|0|0|0|0|0|0|0|0|0|0|0|0,23261
United States,New Jersey,Medium trucks,2040,0|224|527|928|1432|1937|2421|2762|3036|2945|2781|2601|2188|1842|1692|1008|9|9|0|0|0|0|0|0|0|0|0|0|0|0|0,28342
United States,New Jersey,Medium trucks,2041,0|236|558|981|1519|2159|2719|3184|3414|3548|3281|2982|2706|2223|1833|1652|962|9|8|0|0|0|0|0|0|0|0|0|0|0|0,33974
United States,New Jersey,Medium trucks,2042,0|251|588|1038|1608|2288|3032|3576|3936|3989|3954|3517|3102|2748|2212|1787|1576|893|8|7|0|0|0|0|0|0|0|0|0|0|0,40110
United States,New Jersey,Medium trucks,2043,0|253|621|1094|1700|2423|3214|3987|4422|4601|4444|4238|3658|3151|2734|2158|1706|1462|800|7|6|0|0|0|0|0|0|0|0|0|0,46679
United States,New Jersey,Medium trucks,2044,0|255|627|1156|1792|2560|3404|4228|4928|5169|5127|4764|4409|3716|3136|2667|2058|1583|1310|688|6|4|0|0|0|0|0|0|0|0|0,53587
United States,New Jersey,Medium trucks,2045,0|257|632|1166|1892|2700|3596|4477|5228|5760|5759|5495|4956|4478|3699|3060|2545|1912|1418|1125|562|4|3|0|0|0|0|0|0|0|0,60724
United States,New Jersey,Medium trucks,2046,0|259|637|1175|1909|2850|3793|4730|5535|6110|6417|6174|5717|5034|4457|3608|2920|2362|1714|1218|921|437|3|2|0|0|0|0|0|0|0,67982
United States,New Jersey,Medium trucks,2047,0|261|642|1185|1924|2876|4002|4989|5847|6470|6807|6879|6421|5806|5010|4349|3442|2711|2118|1472|997|716|324|2|2|0|0|0|0|0|0,75252
United States,New Jersey,Medium trucks,2048,0|262|648|1194|1941|2898|4039|5262|6168|6833|7209|7298|7156|6522|5778|4889|4150|3194|2430|1819|1204|775|530|230|2|1|0|0|0|0|0,82432
United States,New Jersey,Medium trucks,2049,0|263|651|1204|1955|2923|4069|5313|6506|7209|7614|7729|7593|7268|6491|5638|4664|3852|2863|2087|1488|936|573|376|158|1|1|0|0|0|0,89425
United States,New Jersey,Medium trucks,2050,0|266|654|1210|1970|2945|4104|5352|6569|7604|8033|8162|8039|7712|7234|6333|5379|4330|3454|2458|1707|1157|693|407|258|106|1|0|0|0|0,96137
United States,New Mexico,Heavy trucks,2022,0|0|0|0|0|0|0|0|0|0|0|0|0|0|0|0|0|0|0|0|0|0|0|0|0|0|0|0|0|0|0,0
United States,New Mexico,Heavy trucks,2023,0|0|0|0|0|0|0|0|0|0|0|0|0|0|0|0|0|0|0|0|0|0|0|0|0|0|0|0|0|0|0,0
United States,New Mexico,Heavy trucks,2024,0|0|0|0|0|0|0|0|0|0|0|0|0|0|0|0|0|0|0|0|0|0|0|0|0|0|0|0|0|0|0,0
United States,New Mexico,Heavy trucks,2025,0|0|0|0|0|0|0|0|0|0|0|0|0|0|0|0|0|0|0|0|0|0|0|0|0|0|0|0|0|0|0,0
United States,New Mexico,Heavy trucks,2026,0|1|0|0|0|0|0|0|0|0|0|0|0|0|0|0|0|0|0|0|0|0|0|0|0|0|0|0|0|0|0,1
United States,New Mexico,Heavy trucks,2027,0|1|2|0|0|0|0|0|0|0|0|0|0|0|0|0|0|0|0|0|0|0|0|0|0|0|0|0|0|0|0,3
United States,New Mexico,Heavy trucks,2028,0|2|3|3|0|0|0|0|0|0|0|0|0|0|0|0|0|0|0|0|0|0|0|0|0|0|0|0|0|0|0,8
United States,New Mexico,Heavy trucks,2029,0|3|5|6|5|0|0|0|0|0|0|0|0|0|0|0|0|0|0|0|0|0|0|0|0|0|0|0|0|0|0,19
United States,New Mexico,Heavy trucks,2030,0|3|7|10|10|8|0|0|0|0|0|0|0|0|0|0|0|0|0|0|0|0|0|0|0|0|0|0|0|0|0,38
United States,New Mexico,Heavy trucks,2031,0|3|8|12|17|15|11|1|0|0|0|0|0|0|0|0|0|0|0|0|0|0|0|0|0|0|0|0|0|0|0,67
United States,New Mexico,Heavy trucks,2032,0|4|8|15|19|25|22|14|2|0|0|0|0|0|0|0|0|0|0|0|0|0|0|0|0|0|0|0|0|0|0,109
United States,New Mexico,Heavy trucks,2033,0|5|10|16|24|29|35|29|17|2|0|0|0|0|0|0|0|0|0|0|0|0|0|0|0|0|0|0|0|0|0,167
United States,New Mexico,Heavy trucks,2034,0|6|12|19|27|36|41|46|36|20|2|0|0|0|0|0|0|0|0|0|0|0|0|0|0|0|0|0|0|0|0,245
United States,New Mexico,Heavy trucks,2035,0|7|15|23|30|41|51|54|57|43|23|2|0|0|0|0|0|0|0|0|0|0|0|0|0|0|0|0|0|0|0,346
United States,New Mexico,Heavy trucks,2036,0|7|16|28|38|45|58|67|67|66|48|24|2|0|0|0|0|0|0|0|0|0|0|0|0|0|0|0|0|0|0,466
United States,New Mexico,Heavy trucks,2037,0|8|18|30|45|57|63|77|83|78|72|50|24|2|0|0|0|0|0|0|0|0|0|0|0|0|0|0|0|0|0,607
United States,New Mexico,Heavy trucks,2038,0|9|20|33|49|67|80|82|96|97|86|77|53|25|2|0|0|0|0|0|0|0|0|0|0|0|0|0|0|0|0,776
United States,New Mexico,Heavy trucks,2039,0|9|22|37|54|74|94|105|101|112|107|93|79|53|25|2|0|0|0|0|0|0|0|0|0|0|0|0|0|0|0,967
United States,New Mexico,Heavy trucks,2040,0|10|23|41|60|82|104|123|131|117|125|114|97|81|53|25|2|0|0|0|0|0|0|0|0|0|0|0|0|0|0,1188
United States,New Mexico,Heavy trucks,2041,0|11|25|43|66|91|115|138|153|153|130|133|118|98|80|52|23|2|0|0|0|0|0|0|0|0|0|0|0|0|0,1431
United States,New Mexico,Heavy trucks,2042,0|12|26|46|70|99|129|153|171|178|171|139|139|119|97|78|49|22|1|0|0|0|0|0|0|0|0|0|0|0|0,1699
United States,New Mexico,Heavy trucks,2043,0|12|29|49|75|105|140|171|189|201|198|183|145|141|119|95|75|46|19|1|0|0|0|0|0|0|0|0|0|0|0,1993
United States,New Mexico,Heavy trucks,2044,0|11|29|54|80|114|149|185|211|222|224|213|192|146|140|116|91|70|41|17|1|0|0|0|0|0|0|0|0|0|0,2306
United States,New Mexico,Heavy trucks,2045,0|11|28|54|89|121|160|197|228|247|247|241|222|194|146|137|111|84|62|35|14|1|0|0|0|0|0|0|0|0|0,2629
United States,New Mexico,Heavy trucks,2046,0|11|28|53|89|135|171|211|243|267|275|265|250|226|192|142|131|103|75|54|29|11|1|0|0|0|0|0|0|0|0,2962
United States,New Mexico,Heavy trucks,2047,0|11|28|53|88|135|191|225|260|285|297|295|277|254|223|187|136|122|93|65|44|22|8|0|0|0|0|0|0|0|0,3299
United States,New Mexico,Heavy trucks,2048,0|11|28|53|88|134|191|252|277|304|318|319|306|280|253|218|178|127|109|79|53|34|16|6|0|0|0|0|0|0|0,3634
United States,New Mexico,Heavy trucks,2049,0|11|28|52|87|134|189|251|312|324|340|341|331|311|280|246|208|166|113|94|65|41|25|12|4|0|0|0|0|0|0,3965
United States,New Mexico,Heavy trucks,2050,0|11|28|51|85|132|188|249|311|365|362|365|355|336|310|273|234|193|148|97|77|50|30|18|8|3|0|0|0|0|0,4279
United States,New Mexico,Medium trucks,2022,0|0|0|0|0|0|0|0|0|0|0|0|0|0|0|0|0|0|0|0|0|0|0|0|0|0|0|0|0|0|0,0
United States,New Mexico,Medium trucks,2023,0|0|0|0|0|0|0|0|0|0|0|0|0|0|0|0|0|0|0|0|0|0|0|0|0|0|0|0|0|0|0,0
United States,New Mexico,Medium trucks,2024,0|0|0|0|0|0|0|0|0|0|0|0|0|0|0|0|0|0|0|0|0|0|0|0|0|0|0|0|0|0|0,0
United States,New Mexico,Medium trucks,2025,0|0|0|0|0|0|0|0|0|0|0|0|0|0|0|0|0|0|0|0|0|0|0|0|0|0|0|0|0|0|0,0
United States,New Mexico,Medium trucks,2026,0|6|0|0|0|0|0|0|0|0|0|0|0|0|0|0|0|0|0|0|0|0|0|0|0|0|0|0|0|0|0,6
United States,New Mexico,Medium trucks,2027,0|10|15|0|0|0|0|0|0|0|0|0|0|0|0|0|0|0|0|0|0|0|0|0|0|0|0|0|0|0|0,25
United States,New Mexico,Medium trucks,2028,0|11|25|28|0|0|0|0|0|0|0|0|0|0|0|0|0|0|0|0|0|0|0|0|0|0|0|0|0|0|0,64
United States,New Mexico,Medium trucks,2029,0|13|27|46|45|0|0|0|0|0|0|0|0|0|0|0|0|0|0|0|0|0|0|0|0|0|0|0|0|0|0,131
United States,New Mexico,Medium trucks,2030,0|16|32|50|75|68|0|1|0|0|0|0|0|0|0|0|0|0|0|0|0|0|0|0|0|0|0|0|0|0|0,242
United States,New Mexico,Medium trucks,2031,0|18|39|59|81|113|95|0|2|0|0|0|0|0|0|0|0|0|0|0|0|0|0|0|0|0|0|0|0|0|0,407
United States,New Mexico,Medium trucks,2032,0|21|45|73|97|123|159|127|0|2|0|0|0|0|0|0|0|0|0|0|0|0|0|0|0|0|0|0|0|0|0,647
United States,New Mexico,Medium trucks,2033,0|25|52|84|121|147|173|209|158|0|2|0|0|0|0|0|0|0|0|0|0|0|0|0|0|0|0|0|0|0|0,971
United States,New Mexico,Medium trucks,2034,0|29|63|98|138|183|207|227|258|185|0|2|0|0|0|0|0|0|0|0|0|0|0|0|0|0|0|0|0|0|0,1390
United States,New Mexico,Medium trucks,2035,0|33|72|119|162|208|257|273|280|302|206|0|2|0|0|0|0|0|0|0|0|0|0|0|0|0|0|0|0|0|0,1914
United States,New Mexico,Medium trucks,2036,0|37|83|134|195|244|293|337|338|328|338|221|0|2|0|0|0|0|0|0|0|0|0|0|0|0|0|0|0|0|0,2550
United States,New Mexico,Medium trucks,2037,0|41|93|155|220|295|344|385|418|396|366|363|231|0|2|0|0|0|0|0|0|0|0|0|0|0|0|0|0|0|0,3309
United States,New Mexico,Medium trucks,2038,0|43|103|173|254|332|415|452|477|488|441|393|377|235|0|2|0|0|0|0|0|0|0|0|0|0|0|0|0|0|0,4185
United States,New Mexico,Medium trucks,2039,0|47|109|192|284|383|465|546|560|556|542|473|409|384|233|0|2|0|0|0|0|0|0|0|0|0|0|0|0|0|0,5185
United States,New Mexico,Medium trucks,2040,0|50|116|203|315|427|537|613|675|655|620|582|493|414|382|227|0|2|0|0|0|0|0|0|0|0|0|0|0|0|0,6311
United States,New Mexico,Medium trucks,2041,0|52|123|217|334|474|599|707|759|790|730|665|605|500|413|373|216|0|1|0|0|0|0|0|0|0|0|0|0|0|0,7558
United States,New Mexico,Medium trucks,2042,0|54|128|228|354|504|666|790|873|886|881|783|691|615|498|403|355|201|0|1|0|0|0|0|0|0|0|0|0|0|0,8911
United States,New Mexico,Medium trucks,2043,0|55|134|239|373|533|708|876|976|1021|988|944|815|702|612|486|384|329|180|0|1|0|0|0|0|0|0|0|0|0|0,10356
United States,New Mexico,Medium trucks,2044,0|55|136|251|391|561|747|931|1084|1141|1137|1058|982|828|699|597|463|356|295|154|0|1|0|0|0|0|0|0|0|0|0,11867
United States,New Mexico,Medium trucks,2045,0|56|137|253|411|589|787|982|1151|1268|1271|1219|1101|998|824|681|570|429|320|254|126|0|1|0|0|0|0|0|0|0|0,13428
United States,New Mexico,Medium trucks,2046,0|56|138|255|414|620|827|1034|1214|1345|1412|1364|1268|1119|992|804|650|529|385|275|207|98|0|0|0|0|0|0|0|0|0,15006
United States,New Mexico,Medium trucks,2047,0|56|138|257|417|625|870|1089|1278|1419|1498|1514|1418|1288|1113|968|767|603|474|331|225|161|73|0|0|0|0|0|0|0|0,16582
United States,New Mexico,Medium trucks,2048,0|56|138|257|420|628|876|1144|1346|1494|1581|1606|1576|1440|1281|1086|925|711|541|408|270|174|119|52|0|0|0|0|0|0|0,18129
United States,New Mexico,Medium trucks,2049,0|56|139|257|420|633|880|1152|1414|1572|1664|1694|1671|1600|1434|1250|1036|859|637|465|333|210|129|85|35|0|0|0|0|0|0,19625
United States,New Mexico,Medium trucks,2050,0|57|139|259|421|633|888|1158|1424|1653|1752|1783|1762|1696|1592|1398|1193|963|769|548|380|259|155|92|58|24|0|0|0|0|0,21056
United States,New York,Heavy trucks,2022,0|0|0|0|0|0|0|0|0|0|0|0|0|0|0|0|0|0|0|0|0|0|0|0|0|0|0|0|0|0|0,0
United States,New York,Heavy trucks,2023,0|0|0|0|0|0|0|0|0|0|0|0|0|0|0|0|0|0|0|0|0|0|0|0|0|0|0|0|0|0|0,0
United States,New York,Heavy trucks,2024,0|0|0|0|0|0|0|0|0|0|0|0|0|0|0|0|0|0|0|0|0|0|0|0|0|0|0|0|0|0|0,0
United States,New York,Heavy trucks,2025,0|1|0|0|0|0|0|0|0|0|0|0|0|0|0|0|0|0|0|0|0|0|0|0|0|0|0|0|0|0|0,1
United States,New York,Heavy trucks,2026,0|7|2|1|0|0|0|0|0|0|0|0|0|0|0|0|0|0|0|0|0|0|0|0|0|0|0|0|0|0|0,10
United States,New York,Heavy trucks,2027,0|14|16|3|2|0|0|0|0|0|0|0|0|0|0|0|0|0|0|0|0|0|0|0|0|0|0|0|0|0|0,35
United States,New York,Heavy trucks,2028,0|21|35|29|4|3|0|0|0|0|0|0|0|0|0|0|0|0|0|0|0|0|0|0|0|0|0|0|0|0|0,92
United States,New York,Heavy trucks,2029,0|25|52|64|48|6|4|0|0|0|0|0|0|0|0|0|0|0|0|0|0|0|0|0|0|0|0|0|0|0|0,199
United States,New York,Heavy trucks,2030,0|31|62|97|106|72|9|5|0|0|0|0|0|0|0|0|0|0|0|0|0|0|0|0|0|0|0|0|0|0|0,382
United States,New York,Heavy trucks,2031,0|36|77|117|159|160|101|12|6|0|0|0|0|0|0|0|0|0|0|0|0|0|0|0|0|0|0|0|0|0|0,668
United States,New York,Heavy trucks,2032,0|37|90|143|192|239|224|134|15|7|0|0|0|0|0|0|0|0|0|0|0|0|0|0|0|0|0|0|0|0|0,1081
United States,New York,Heavy trucks,2033,0|50|93|168|236|291|336|294|165|18|8|0|0|0|0|0|0|0|0|0|0|0|0|0|0|0|0|0|0|0|0,1659
United States,New York,Heavy trucks,2034,0|56|123|174|275|355|408|441|365|194|20|9|0|0|0|0|0|0|0|0|0|0|0|0|0|0|0|0|0|0|0,2420
United States,New York,Heavy trucks,2035,0|64|140|228|287|414|497|537|546|427|216|21|9|0|0|0|0|0|0|0|0|0|0|0|0|0|0|0|0|0|0,3386
United States,New York,Heavy trucks,2036,0|72|158|261|373|432|581|655|664|639|476|232|22|9|0|0|0|0|0|0|0|0|0|0|0|0|0|0|0|0|0,4574
United States,New York,Heavy trucks,2037,0|79|179|295|427|561|607|765|811|777|712|510|241|22|8|0|0|0|0|0|0|0|0|0|0|0|0|0|0|0|0,5994
United States,New York,Heavy trucks,2038,0|86|196|332|484|644|787|800|944|947|866|763|530|246|23|8|0|0|0|0|0|0|0|0|0|0|0|0|0|0|0,7656
United States,New York,Heavy trucks,2039,0|92|213|365|543|729|904|1035|989|1103|1055|928|794|539|244|22|8|0|0|0|0|0|0|0|0|0|0|0|0|0|0,9563
United States,New York,Heavy trucks,2040,0|98|228|397|599|816|1024|1189|1279|1157|1230|1131|966|806|536|238|21|7|0|0|0|0|0|0|0|0|0|0|0|0|0,11722
United States,New York,Heavy trucks,2041,0|105|243|424|650|902|1147|1347|1469|1495|1289|1319|1177|981|802|524|227|19|6|0|0|0|0|0|0|0|0|0|0|0|0,14126
United States,New York,Heavy trucks,2042,0|118|259|452|695|978|1267|1508|1665|1717|1666|1382|1371|1196|976|784|500|211|17|6|0|0|0|0|0|0|0|0|0|0|0,16768
United States,New York,Heavy trucks,2043,0|118|292|481|741|1046|1373|1666|1864|1946|1913|1785|1437|1393|1191|953|747|464|189|15|5|0|0|0|0|0|0|0|0|0|0,19619
United States,New York,Heavy trucks,2044,0|117|292|544|787|1115|1468|1807|2060|2178|2169|2050|1857|1459|1386|1162|909|693|416|162|12|4|0|0|0|0|0|0|0|0|0,22647
United States,New York,Heavy trucks,2045,0|117|290|543|891|1184|1565|1931|2233|2407|2426|2325|2133|1886|1453|1352|1108|843|621|357|132|9|3|0|0|0|0|0|0|0|0,25809
United States,New York,Heavy trucks,2046,0|115|289|539|889|1341|1663|2058|2388|2610|2681|2601|2419|2167|1876|1418|1290|1029|756|534|292|103|7|2|0|0|0|0|0|0|0,29067
United States,New York,Heavy trucks,2047,0|113|285|538|883|1338|1884|2187|2545|2791|2908|2875|2706|2458|2156|1830|1354|1198|922|650|436|227|76|5|1|0|0|0|0|0|0,32366
United States,New York,Heavy trucks,2048,0|111|280|531|880|1329|1880|2477|2703|2975|3110|3118|2990|2748|2447|2105|1746|1257|1073|792|531|339|168|54|3|1|0|0|0|0|0,35648
United States,New York,Heavy trucks,2049,0|110|275|522|869|1323|1867|2472|3063|3159|3315|3334|3244|3037|2735|2387|2007|1621|1126|922|648|413|251|119|37|2|1|0|0|0|0,38859
United States,New York,Heavy trucks,2050,0|109|273|512|855|1308|1858|2455|3058|3580|3520|3553|3468|3295|3023|2668|2278|1864|1454|967|754|503|306|178|82|25|1|0|0|0|0,41947
United States,New York,Medium trucks,2022,0|0|0|0|0|0|0|0|0|0|0|0|0|0|0|0|0|0|0|0|0|0|0|0|0|0|0|0|0|0|0,0
United States,New York,Medium trucks,2023,0|0|0|0|0|0|0|0|0|0|0|0|0|0|0|0|0|0|0|0|0|0|0|0|0|0|0|0|0|0|0,0
United States,New York,Medium trucks,2024,0|1|0|0|0|0|0|0|0|0|0|0|0|0|0|0|0|0|0|0|0|0|0|0|0|0|0|0|0|0|0,1
United States,New York,Medium trucks,2025,0|1|2|0|0|0|0|0|0|0|0|0|0|0|0|0|0|0|0|0|0|0|0|0|0|0|0|0|0|0|0,3
United States,New York,Medium trucks,2026,0|58|2|3|0|0|0|0|0|0|0|0|0|0|0|0|0|0|0|0|0|0|0|0|0|0|0|0|0|0|0,63
United States,New York,Medium trucks,2027,0|96|144|3|4|0|0|0|0|0|0|0|0|0|0|0|0|0|0|0|0|0|0|0|0|0|0|0|0|0|0,247
United States,New York,Medium trucks,2028,0|105|239|269|4|6|0|0|0|0|0|0|0|0|0|0|0|0|0|0|0|0|0|0|0|0|0|0|0|0|0,623
United States,New York,Medium trucks,2029,0|125|259|444|441|6|8|0|0|0|0|0|0|0|0|0|0|0|0|0|0|0|0|0|0|0|0|0|0|0|0,1283
United States,New York,Medium trucks,2030,0|154|310|481|727|666|8|11|0|0|0|0|0|0|0|0|0|0|0|0|0|0|0|0|0|0|0|0|0|0|0,2357
United States,New York,Medium trucks,2031,0|177|383|577|787|1093|935|11|14|0|0|0|0|0|0|0|0|0|0|0|0|0|0|0|0|0|0|0|0|0|0,3977
United States,New York,Medium trucks,2032,0|208|440|713|946|1183|1535|1230|14|16|0|0|0|0|0|0|0|0|0|0|0|0|0|0|0|0|0|0|0|0|0,6285
United States,New York,Medium trucks,2033,0|251|517|819|1169|1424|1662|2018|1520|16|17|0|0|0|0|0|0|0|0|0|0|0|0|0|0|0|0|0|0|0|0,9413
United States,New York,Medium trucks,2034,0|281|623|962|1340|1761|2000|2186|2495|1777|17|18|0|0|0|0|0|0|0|0|0|0|0|0|0|0|0|0|0|0|0,13460
United States,New York,Medium trucks,2035,0|323|699|1159|1576|2018|2472|2630|2702|2917|1980|18|19|0|0|0|0|0|0|0|0|0|0|0|0|0|0|0|0|0|0,18513
United States,New York,Medium trucks,2036,0|364|805|1301|1898|2375|2834|3251|3252|3158|3249|2123|19|19|0|0|0|0|0|0|0|0|0|0|0|0|0|0|0|0|0,24648
United States,New York,Medium trucks,2037,0|405|905|1498|2130|2859|3338|3727|4020|3802|3519|3483|2209|19|20|0|0|0|0|0|0|0|0|0|0|0|0|0|0|0|0,31934
United States,New York,Medium trucks,2038,0|429|1006|1683|2452|3209|4015|4391|4607|4698|4235|3773|3623|2244|20|19|0|0|0|0|0|0|0|0|0|0|0|0|0|0|0,40404
United States,New York,Medium trucks,2039,0|453|1066|1871|2755|3694|4507|5279|5428|5384|5234|4539|3925|3679|2233|19|18|0|0|0|0|0|0|0|0|0|0|0|0|0|0,50084
United States,New York,Medium trucks,2040,0|478|1127|1983|3065|4149|5187|5928|6526|6346|5997|5611|4722|3987|3662|2179|18|17|0|0|0|0|0|0|0|0|0|0|0|0|0,60982
United States,New York,Medium trucks,2041,0|504|1188|2097|3248|4616|5825|6823|7329|7628|7070|6429|5836|4797|3968|3572|2078|17|15|0|0|0|0|0|0|0|0|0|0|0|0,73040
United States,New York,Medium trucks,2042,0|530|1252|2210|3435|4892|6482|7660|8436|8566|8500|7580|6687|5927|4774|3872|3409|1930|15|13|0|0|0|0|0|0|0|0|0|0|0,86170
United States,New York,Medium trucks,2043,0|535|1318|2330|3622|5173|6869|8525|9470|9861|9544|9113|7885|6792|5898|4658|3694|3163|1730|13|11|0|0|0|0|0|0|0|0|0|0,100204
United States,New York,Medium trucks,2044,0|538|1329|2452|3816|5454|7263|9035|10539|11069|10986|10232|9478|8008|6760|5755|4445|3428|2835|1486|11|8|0|0|0|0|0|0|0|0|0,114927
United States,New York,Medium trucks,2045,0|543|1338|2473|4018|5749|7659|9552|11170|12318|12332|11777|10643|9627|7969|6595|5490|4126|3072|2434|1216|8|6|0|0|0|0|0|0|0|0,130115
United States,New York,Medium trucks,2046,0|546|1347|2488|4051|6052|8073|10074|11811|13055|13725|13220|12250|10811|9581|7776|6293|5096|3700|2639|1991|945|6|4|0|0|0|0|0|0|0,145534
United States,New York,Medium trucks,2047,0|549|1356|2506|4076|6104|8499|10617|12454|13804|14546|14714|13752|12443|10759|9346|7420|5841|4568|3178|2159|1548|700|4|3|0|0|0|0|0|0,160946
United States,New York,Medium trucks,2048,0|552|1363|2522|4104|6141|8571|11178|13126|14556|15380|15594|15306|13968|12383|10496|8917|6888|5237|3925|2600|1678|1146|497|3|2|0|0|0|0|0,176133
United States,New York,Medium trucks,2049,0|555|1371|2536|4130|6182|8623|11274|13820|15341|16218|16487|16221|15546|13900|12081|10016|8276|6175|4498|3210|2021|1242|814|341|2|1|0|0|0|0,190881
United States,New York,Medium trucks,2050,0|559|1378|2550|4154|6221|8681|11342|13938|16153|17093|17386|17150|16476|15473|13563|11527|9297|7419|5304|3679|2495|1496|882|559|228|1|1|0|0|0,205005
United States,North Carolina,Heavy trucks,2022,0|0|0|0|0|0|0|0|0|0|0|0|0|0|0|0|0|0|0|0|0|0|0|0|0|0|0|0|0|0|0,0
United States,North Carolina,Heavy trucks,2023,0|0|0|0|0|0|0|0|0|0|0|0|0|0|0|0|0|0|0|0|0|0|0|0|0|0|0|0|0|0|0,0
United States,North Carolina,Heavy trucks,2024,0|0|0|0|0|0|0|0|0|0|0|0|0|0|0|0|0|0|0|0|0|0|0|0|0|0|0|0|0|0|0,0
United States,North Carolina,Heavy trucks,2025,0|1|0|0|0|0|0|0|0|0|0|0|0|0|0|0|0|0|0|0|0|0|0|0|0|0|0|0|0|0|0,1
United States,North Carolina,Heavy trucks,2026,0|3|2|0|0|0|0|0|0|0|0|0|0|0|0|0|0|0|0|0|0|0|0|0|0|0|0|0|0|0|0,5
United States,North Carolina,Heavy trucks,2027,0|7|8|3|0|0|0|0|0|0|0|0|0|0|0|0|0|0|0|0|0|0|0|0|0|0|0|0|0|0|0,18
United States,North Carolina,Heavy trucks,2028,0|11|18|15|4|1|0|0|0|0|0|0|0|0|0|0|0|0|0|0|0|0|0|0|0|0|0|0|0|0|0,49
United States,North Carolina,Heavy trucks,2029,0|13|27|33|25|5|2|0|0|0|0|0|0|0|0|0|0|0|0|0|0|0|0|0|0|0|0|0|0|0|0,105
United States,North Carolina,Heavy trucks,2030,0|17|33|50|54|38|6|3|0|0|0|0|0|0|0|0|0|0|0|0|0|0|0|0|0|0|0|0|0|0|0,201
United States,North Carolina,Heavy trucks,2031,0|19|42|62|82|82|53|7|4|0|0|0|0|0|0|0|0|0|0|0|0|0|0|0|0|0|0|0|0|0|0,351
United States,North Carolina,Heavy trucks,2032,0|20|48|77|101|125|115|70|8|5|0|0|0|0|0|0|0|0|0|0|0|0|0|0|0|0|0|0|0|0|0,569
United States,North Carolina,Heavy trucks,2033,0|26|50|89|126|153|177|153|87|9|5|0|0|0|0|0|0|0|0|0|0|0|0|0|0|0|0|0|0|0|0,875
United States,North Carolina,Heavy trucks,2034,0|30|65|94|146|190|215|233|189|101|10|5|0|0|0|0|0|0|0|0|0|0|0|0|0|0|0|0|0|0|0,1278
United States,North Carolina,Heavy trucks,2035,0|35|76|121|154|220|267|283|288|222|112|11|5|0|0|0|0|0|0|0|0|0|0|0|0|0|0|0|0|0|0,1794
United States,North Carolina,Heavy trucks,2036,0|39|87|142|199|232|310|351|351|337|247|120|12|5|0|0|0|0|0|0|0|0|0|0|0|0|0|0|0|0|0,2432
United States,North Carolina,Heavy trucks,2037,0|43|97|161|232|301|327|407|434|411|377|265|124|13|5|0|0|0|0|0|0|0|0|0|0|0|0|0|0|0|0,3197
United States,North Carolina,Heavy trucks,2038,0|48|107|181|264|349|423|429|503|505|458|404|277|125|12|5|0|0|0|0|0|0|0|0|0|0|0|0|0|0|0,4090
United States,North Carolina,Heavy trucks,2039,0|51|118|199|296|397|489|556|529|588|562|491|421|280|124|12|4|0|0|0|0|0|0|0|0|0|0|0|0|0|0,5117
United States,North Carolina,Heavy trucks,2040,0|55|127|220|327|445|557|643|687|619|655|602|511|427|280|121|11|4|0|0|0|0|0|0|0|0|0|0|0|0|0,6291
United States,North Carolina,Heavy trucks,2041,0|58|136|236|359|494|624|734|795|804|690|703|626|520|425|273|116|10|4|0|0|0|0|0|0|0|0|0|0|0|0,7607
United States,North Carolina,Heavy trucks,2042,0|66|144|253|385|541|694|821|906|928|895|740|732|635|517|415|260|108|9|3|0|0|0|0|0|0|0|0|0|0|0,9052
United States,North Carolina,Heavy trucks,2043,0|66|164|269|414|580|759|912|1016|1060|1033|961|770|743|633|505|395|242|97|8|3|0|0|0|0|0|0|0|0|0|0,10630
United States,North Carolina,Heavy trucks,2044,0|66|164|305|440|623|814|998|1130|1188|1181|1107|1000|782|739|617|481|367|217|83|7|2|0|0|0|0|0|0|0|0|0,12311
United States,North Carolina,Heavy trucks,2045,0|66|164|306|501|663|873|1071|1233|1320|1324|1265|1152|1015|779|722|589|446|329|187|68|5|1|0|0|0|0|0|0|0|0,14079
United States,North Carolina,Heavy trucks,2046,0|66|164|305|502|754|930|1149|1324|1442|1471|1420|1317|1170|1010|760|688|546|400|283|153|53|4|1|0|0|0|0|0|0|0,15912
United States,North Carolina,Heavy trucks,2047,0|65|164|305|501|756|1060|1224|1421|1547|1605|1576|1477|1338|1165|986|725|638|490|343|231|119|39|3|1|0|0|0|0|0|0,17779
United States,North Carolina,Heavy trucks,2048,0|64|161|305|501|754|1063|1394|1512|1661|1723|1721|1639|1500|1331|1137|941|672|572|421|281|180|88|28|2|0|0|0|0|0|0,19651
United States,North Carolina,Heavy trucks,2049,0|64|159|300|499|754|1061|1397|1723|1767|1850|1848|1790|1665|1492|1298|1085|874|602|492|344|218|133|62|19|1|0|0|0|0|0,21497
United States,North Carolina,Heavy trucks,2050,0|64|158|296|492|751|1061|1395|1728|2015|1969|1983|1922|1818|1656|1456|1239|1008|783|518|402|268|162|94|43|13|1|0|0|0|0,23295
United States,North Carolina,Medium trucks,2022,0|0|0|0|0|0|0|0|0|0|0|0|0|0|0|0|0|0|0|0|0|0|0|0|0|0|0|0|0|0|0,0
United States,North Carolina,Medium trucks,2023,0|0|0|0|0|0|0|0|0|0|0|0|0|0|0|0|0|0|0|0|0|0|0|0|0|0|0|0|0|0|0,0
United States,North Carolina,Medium trucks,2024,0|1|0|0|0|0|0|0|0|0|0|0|0|0|0|0|0|0|0|0|0|0|0|0|0|0|0|0|0|0|0,1
United States,North Carolina,Medium trucks,2025,0|0|2|0|0|0|0|0|0|0|0|0|0|0|0|0|0|0|0|0|0|0|0|0|0|0|0|0|0|0|0,2
United States,North Carolina,Medium trucks,2026,0|30|1|3|0|0|0|0|0|0|0|0|0|0|0|0|0|0|0|0|0|0|0|0|0|0|0|0|0|0|0,34
United States,North Carolina,Medium trucks,2027,0|50|76|2|4|0|0|0|0|0|0|0|0|0|0|0|0|0|0|0|0|0|0|0|0|0|0|0|0|0|0,132
United States,North Carolina,Medium trucks,2028,0|55|125|142|3|5|0|0|0|0|0|0|0|0|0|0|0|0|0|0|0|0|0|0|0|0|0|0|0|0|0,330
United States,North Carolina,Medium trucks,2029,0|66|136|234|232|4|6|0|0|0|0|0|0|0|0|0|0|0|0|0|0|0|0|0|0|0|0|0|0|0|0,678
United States,North Carolina,Medium trucks,2030,0|82|164|253|383|349|5|7|0|0|0|0|0|0|0|0|0|0|0|0|0|0|0|0|0|0|0|0|0|0|0,1243
United States,North Carolina,Medium trucks,2031,0|94|204|305|414|577|489|6|8|0|0|0|0|0|0|0|0|0|0|0|0|0|0|0|0|0|0|0|0|0|0,2097
United States,North Carolina,Medium trucks,2032,0|112|234|379|501|625|809|644|7|9|0|0|0|0|0|0|0|0|0|0|0|0|0|0|0|0|0|0|0|0|0,3320
United States,North Carolina,Medium trucks,2033,0|135|277|436|622|754|877|1064|797|8|10|0|0|0|0|0|0|0|0|0|0|0|0|0|0|0|0|0|0|0|0,4980
United States,North Carolina,Medium trucks,2034,0|152|335|516|715|936|1061|1154|1315|931|9|11|0|0|0|0|0|0|0|0|0|0|0|0|0|0|0|0|0|0|0,7135
United States,North Carolina,Medium trucks,2035,0|176|378|624|846|1077|1316|1395|1427|1537|1037|10|12|0|0|0|0|0|0|0|0|0|0|0|0|0|0|0|0|0|0,9835
United States,North Carolina,Medium trucks,2036,0|199|438|704|1022|1273|1513|1730|1725|1667|1713|1111|11|13|0|0|0|0|0|0|0|0|0|0|0|0|0|0|0|0|0,13119
United States,North Carolina,Medium trucks,2037,0|222|494|815|1154|1538|1788|1990|2137|2017|1857|1837|1155|12|12|0|0|0|0|0|0|0|0|0|0|0|0|0|0|0|0,17028
United States,North Carolina,Medium trucks,2038,0|236|551|919|1334|1738|2160|2353|2460|2498|2247|1991|1911|1174|11|12|0|0|0|0|0|0|0|0|0|0|0|0|0|0|0,21595
United States,North Carolina,Medium trucks,2039,0|252|588|1027|1504|2010|2440|2840|2909|2876|2782|2409|2072|1941|1169|11|11|0|0|0|0|0|0|0|0|0|0|0|0|0|0,26841
United States,North Carolina,Medium trucks,2040,0|267|625|1094|1682|2265|2822|3208|3511|3400|3205|2983|2505|2104|1933|1141|10|10|0|0|0|0|0|0|0|0|0|0|0|0|0,32765
United States,North Carolina,Medium trucks,2041,0|283|663|1163|1791|2534|3181|3712|3966|4104|3788|3435|3104|2545|2094|1886|1088|10|9|0|0|0|0|0|0|0|0|0|0|0|0,39356
United States,North Carolina,Medium trucks,2042,0|299|702|1232|1904|2698|3558|4184|4588|4635|4573|4060|3573|3153|2532|2043|1800|1011|9|8|0|0|0|0|0|0|0|0|0|0|0,46562
United States,North Carolina,Medium trucks,2043,0|303|742|1306|2018|2868|3789|4680|5172|5363|5165|4902|4223|3629|3138|2470|1949|1671|906|7|7|0|0|0|0|0|0|0|0|0|0,54308
United States,North Carolina,Medium trucks,2044,0|305|752|1380|2137|3040|4028|4984|5786|6045|5974|5537|5099|4289|3612|3062|2357|1810|1498|778|6|5|0|0|0|0|0|0|0|0|0,62484
United States,North Carolina,Medium trucks,2045,0|309|759|1399|2259|3219|4268|5298|6161|6763|6736|6404|5760|5179|4268|3524|2922|2188|1623|1287|636|5|4|0|0|0|0|0|0|0|0,70971
United States,North Carolina,Medium trucks,2046,0|313|768|1414|2291|3404|4520|5614|6550|7202|7536|7222|6662|5850|5153|4164|3362|2713|1962|1394|1053|495|3|3|0|0|0|0|0|0|0,79648
United States,North Carolina,Medium trucks,2047,0|316|777|1431|2316|3451|4781|5945|6940|7656|8025|8079|7512|6766|5822|5028|3974|3120|2432|1685|1141|818|366|2|2|0|0|0|0|0|0,88385
United States,North Carolina,Medium trucks,2048,0|319|785|1447|2343|3489|4846|6288|7349|8111|8530|8603|8404|7631|6734|5679|4798|3690|2796|2088|1379|886|606|260|2|1|0|0|0|0|0,97064
United States,North Carolina,Medium trucks,2049,0|322|792|1462|2369|3529|4900|6373|7775|8589|9036|9144|8948|8536|7594|6570|5419|4453|3308|2401|1708|1071|656|430|178|1|1|0|0|0|0,105565
United States,North Carolina,Medium trucks,2050,0|327|801|1475|2394|3569|4955|6444|7879|9088|9569|9688|9510|9088|8495|7410|6270|5030|3993|2842|1964|1327|793|466|295|119|1|1|0|0|0,113793
United States,North Dakota,Heavy trucks,2022,0|0|0|0|0|0|0|0|0|0|0|0|0|0|0|0|0|0|0|0|0|0|0|0|0|0|0|0|0|0|0,0
United States,North Dakota,Heavy trucks,2023,0|0|0|0|0|0|0|0|0|0|0|0|0|0|0|0|0|0|0|0|0|0|0|0|0|0|0|0|0|0|0,0
United States,North Dakota,Heavy trucks,2024,0|0|0|0|0|0|0|0|0|0|0|0|0|0|0|0|0|0|0|0|0|0|0|0|0|0|0|0|0|0|0,0
United States,North Dakota,Heavy trucks,2025,0|0|0|0|0|0|0|0|0|0|0|0|0|0|0|0|0|0|0|0|0|0|0|0|0|0|0|0|0|0|0,0
United States,North Dakota,Heavy trucks,2026,0|1|0|0|0|0|0|0|0|0|0|0|0|0|0|0|0|0|0|0|0|0|0|0|0|0|0|0|0|0|0,1
United States,North Dakota,Heavy trucks,2027,0|1|2|0|0|0|0|0|0|0|0|0|0|0|0|0|0|0|0|0|0|0|0|0|0|0|0|0|0|0|0,3
United States,North Dakota,Heavy trucks,2028,0|1|2|3|0|0|0|0|0|0|0|0|0|0|0|0|0|0|0|0|0|0|0|0|0|0|0|0|0|0|0,6
United States,North Dakota,Heavy trucks,2029,0|1|2|3|4|0|0|0|0|0|0|0|0|0|0|0|0|0|0|0|0|0|0|0|0|0|0|0|0|0|0,10
United States,North Dakota,Heavy trucks,2030,0|1|2|4|4|5|0|0|0|0|0|0|0|0|0|0|0|0|0|0|0|0|0|0|0|0|0|0|0|0|0,16
United States,North Dakota,Heavy trucks,2031,0|1|3|4|7|6|6|0|0|0|0|0|0|0|0|0|0|0|0|0|0|0|0|0|0|0|0|0|0|0|0,27
United States,North Dakota,Heavy trucks,2032,0|1|3|6|7|10|9|7|0|0|0|0|0|0|0|0|0|0|0|0|0|0|0|0|0|0|0|0|0|0|0,43
United States,North Dakota,Heavy trucks,2033,0|2|4|6|9|11|14|12|8|0|0|0|0|0|0|0|0|0|0|0|0|0|0|0|0|0|0|0|0|0|0,66
United States,North Dakota,Heavy trucks,2034,0|3|5|7|11|14|16|18|15|9|0|0|0|0|0|0|0|0|0|0|0|0|0|0|0|0|0|0|0|0|0,98
United States,North Dakota,Heavy trucks,2035,0|3|6|10|12|16|20|21|22|18|10|0|0|0|0|0|0|0|0|0|0|0|0|0|0|0|0|0|0|0|0,138
United States,North Dakota,Heavy trucks,2036,0|3|7|11|16|18|23|27|26|25|20|11|0|0|0|0|0|0|0|0|0|0|0|0|0|0|0|0|0|0|0,187
United States,North Dakota,Heavy trucks,2037,0|3|8|13|18|24|25|30|34|31|28|21|12|0|0|0|0|0|0|0|0|0|0|0|0|0|0|0|0|0|0,247
United States,North Dakota,Heavy trucks,2038,0|4|8|15|21|27|33|33|37|39|34|30|22|13|0|0|0|0|0|0|0|0|0|0|0|0|0|0|0|0|0,316
United States,North Dakota,Heavy trucks,2039,0|4|9|15|24|32|38|44|40|44|44|36|30|22|12|0|0|0|0|0|0|0|0|0|0|0|0|0|0|0|0,394
United States,North Dakota,Heavy trucks,2040,0|5|10|17|25|35|45|50|54|47|49|46|38|31|23|12|0|0|0|0|0|0|0|0|0|0|0|0|0|0|0,487
United States,North Dakota,Heavy trucks,2041,0|5|12|19|28|38|49|58|61|63|52|52|48|39|31|22|11|0|0|0|0|0|0|0|0|0|0|0|0|0|0,588
United States,North Dakota,Heavy trucks,2042,0|5|12|21|31|43|54|64|71|72|69|55|55|48|39|31|21|10|0|0|0|0|0|0|0|0|0|0|0|0|0,701
United States,North Dakota,Heavy trucks,2043,0|5|13|22|34|46|60|71|79|83|80|74|58|55|48|38|29|19|9|0|0|0|0|0|0|0|0|0|0|0|0,823
United States,North Dakota,Heavy trucks,2044,0|5|13|24|36|51|65|79|88|92|91|86|76|58|55|47|36|27|17|8|0|0|0|0|0|0|0|0|0|0|0,954
United States,North Dakota,Heavy trucks,2045,0|5|13|24|40|54|71|86|98|102|102|98|89|77|57|54|45|34|24|15|7|0|0|0|0|0|0|0|0|0|0,1095
United States,North Dakota,Heavy trucks,2046,0|5|13|24|40|61|75|93|106|114|114|109|102|91|76|56|51|42|30|21|12|5|0|0|0|0|0|0|0|0|0,1240
United States,North Dakota,Heavy trucks,2047,0|5|13|24|40|61|86|98|114|123|127|122|113|103|90|75|55|47|37|26|17|9|4|0|0|0|0|0|0|0|0,1389
United States,North Dakota,Heavy trucks,2048,0|5|13|24|40|61|86|113|121|133|137|135|127|115|102|87|72|50|42|32|21|13|7|3|0|0|0|0|0|0|0,1539
United States,North Dakota,Heavy trucks,2049,0|5|13|24|40|61|86|113|141|142|149|147|141|128|114|99|84|66|45|36|26|16|10|5|2|0|0|0|0|0|0,1693
United States,North Dakota,Heavy trucks,2050,0|5|13|24|40|61|86|113|141|164|160|160|152|143|127|111|95|78|59|39|30|20|12|7|3|1|0|0|0|0|0,1844
United States,North Dakota,Medium trucks,2022,0|0|0|0|0|0|0|0|0|0|0|0|0|0|0|0|0|0|0|0|0|0|0|0|0|0|0|0|0|0|0,0
United States,North Dakota,Medium trucks,2023,0|0|0|0|0|0|0|0|0|0|0|0|0|0|0|0|0|0|0|0|0|0|0|0|0|0|0|0|0|0|0,0
United States,North Dakota,Medium trucks,2024,0|0|0|0|0|0|0|0|0|0|0|0|0|0|0|0|0|0|0|0|0|0|0|0|0|0|0|0|0|0|0,0
United States,North Dakota,Medium trucks,2025,0|0|0|0|0|0|0|0|0|0|0|0|0|0|0|0|0|0|0|0|0|0|0|0|0|0|0|0|0|0|0,0
United States,North Dakota,Medium trucks,2026,0|3|0|0|0|0|0|0|0|0|0|0|0|0|0|0|0|0|0|0|0|0|0|0|0|0|0|0|0|0|0,3
United States,North Dakota,Medium trucks,2027,0|4|6|0|0|0|0|0|0|0|0|0|0|0|0|0|0|0|0|0|0|0|0|0|0|0|0|0|0|0|0,10
United States,North Dakota,Medium trucks,2028,0|4|9|11|0|0|0|0|0|0|0|0|0|0|0|0|0|0|0|0|0|0|0|0|0|0|0|0|0|0|0,24
United States,North Dakota,Medium trucks,2029,0|5|10|17|18|0|0|0|0|0|0|0|0|0|0|0|0|0|0|0|0|0|0|0|0|0|0|0|0|0|0,50
United States,North Dakota,Medium trucks,2030,0|6|12|19|28|27|0|0|0|0|0|0|0|0|0|0|0|0|0|0|0|0|0|0|0|0|0|0|0|0|0,92
United States,North Dakota,Medium trucks,2031,0|7|15|23|31|43|38|0|0|0|0|0|0|0|0|0|0|0|0|0|0|0|0|0|0|0|0|0|0|0|0,157
United States,North Dakota,Medium trucks,2032,0|9|18|28|38|47|60|49|0|0|0|0|0|0|0|0|0|0|0|0|0|0|0|0|0|0|0|0|0|0|0,249
United States,North Dakota,Medium trucks,2033,0|11|22|33|47|57|66|79|60|0|0|0|0|0|0|0|0|0|0|0|0|0|0|0|0|0|0|0|0|0|0,375
United States,North Dakota,Medium trucks,2034,0|12|26|41|54|71|80|87|98|70|0|0|0|0|0|0|0|0|0|0|0|0|0|0|0|0|0|0|0|0|0,539
United States,North Dakota,Medium trucks,2035,0|13|29|48|66|81|100|105|108|114|77|0|0|0|0|0|0|0|0|0|0|0|0|0|0|0|0|0|0|0|0,741
United States,North Dakota,Medium trucks,2036,0|15|34|54|79|99|114|132|131|125|127|83|0|0|0|0|0|0|0|0|0|0|0|0|0|0|0|0|0|0|0,993
United States,North Dakota,Medium trucks,2037,0|17|38|63|89|120|139|152|163|153|141|135|86|0|0|0|0|0|0|0|0|0|0|0|0|0|0|0|0|0|0,1296
United States,North Dakota,Medium trucks,2038,0|19|43|71|104|135|169|183|188|191|171|151|141|88|0|0|0|0|0|0|0|0|0|0|0|0|0|0|0|0|0,1654
United States,North Dakota,Medium trucks,2039,0|20|47|80|118|158|191|223|226|220|213|183|156|143|87|0|0|0|0|0|0|0|0|0|0|0|0|0|0|0|0,2065
United States,North Dakota,Medium trucks,2040,0|21|50|87|132|178|222|251|274|264|245|229|192|159|142|85|0|0|0|0|0|0|0|0|0|0|0|0|0|0|0,2531
United States,North Dakota,Medium trucks,2041,0|23|52|94|143|200|250|292|311|320|294|263|239|194|158|138|81|0|0|0|0|0|0|0|0|0|0|0|0|0|0,3052
United States,North Dakota,Medium trucks,2042,0|24|57|98|154|216|283|330|362|364|358|315|275|243|192|154|132|75|0|0|0|0|0|0|0|0|0|0|0|0|0,3632
United States,North Dakota,Medium trucks,2043,0|25|60|107|162|232|305|373|409|424|406|385|327|279|241|187|147|123|67|0|0|0|0|0|0|0|0|0|0|0|0,4259
United States,North Dakota,Medium trucks,2044,0|25|62|113|175|245|327|401|462|479|472|435|401|333|278|235|178|137|110|58|0|0|0|0|0|0|0|0|0|0|0,4926
United States,North Dakota,Medium trucks,2045,0|25|62|116|185|264|346|429|495|539|533|506|453|407|331|272|224|166|123|95|47|0|0|0|0|0|0|0|0|0|0,5618
United States,North Dakota,Medium trucks,2046,0|26|63|116|190|280|371|454|529|580|601|572|526|461|405|322|259|208|148|105|78|37|0|0|0|0|0|0|0|0|0,6331
United States,North Dakota,Medium trucks,2047,0|27|65|119|191|287|393|487|562|619|647|645|595|535|458|395|307|240|186|127|86|60|27|0|0|0|0|0|0|0|0,7058
United States,North Dakota,Medium trucks,2048,0|27|66|121|195|289|402|516|602|658|690|693|671|605|533|447|376|285|216|160|104|67|45|19|0|0|0|0|0|0|0,7787
United States,North Dakota,Medium trucks,2049,0|27|67|124|199|295|406|529|638|703|733|740|720|681|602|520|426|349|256|185|131|81|50|32|13|0|0|0|0|0|0,8507
United States,North Dakota,Medium trucks,2050,0|28|68|125|203|300|414|535|654|747|784|786|770|732|679|588|497|396|313|220|152|102|60|35|22|9|0|0|0|0|0,9219
United States,Ohio,Heavy trucks,2022,0|0|0|0|0|0|0|0|0|0|0|0|0|0|0|0|0|0|0|0|0|0|0|0|0|0|0|0|0|0|0,0
United States,Ohio,Heavy trucks,2023,0|0|0|0|0|0|0|0|0|0|0|0|0|0|0|0|0|0|0|0|0|0|0|0|0|0|0|0|0|0|0,0
United States,Ohio,Heavy trucks,2024,0|0|0|0|0|0|0|0|0|0|0|0|0|0|0|0|0|0|0|0|0|0|0|0|0|0|0|0|0|0|0,0
United States,Ohio,Heavy trucks,2025,0|1|0|0|0|0|0|0|0|0|0|0|0|0|0|0|0|0|0|0|0|0|0|0|0|0|0|0|0|0|0,1
United States,Ohio,Heavy trucks,2026,0|3|2|0|0|0|0|0|0|0|0|0|0|0|0|0|0|0|0|0|0|0|0|0|0|0|0|0|0|0|0,5
United States,Ohio,Heavy trucks,2027,0|8|8|3|0|0|0|0|0|0|0|0|0|0|0|0|0|0|0|0|0|0|0|0|0|0|0|0|0|0|0,19
United States,Ohio,Heavy trucks,2028,0|12|20|16|4|1|0|0|0|0|0|0|0|0|0|0|0|0|0|0|0|0|0|0|0|0|0|0|0|0|0,53
United States,Ohio,Heavy trucks,2029,0|15|30|37|27|5|2|0|0|0|0|0|0|0|0|0|0|0|0|0|0|0|0|0|0|0|0|0|0|0|0,116
United States,Ohio,Heavy trucks,2030,0|17|36|55|60|41|6|3|0|0|0|0|0|0|0|0|0|0|0|0|0|0|0|0|0|0|0|0|0|0|0,218
United States,Ohio,Heavy trucks,2031,0|21|44|67|90|91|58|7|4|0|0|0|0|0|0|0|0|0|0|0|0|0|0|0|0|0|0|0|0|0|0,382
United States,Ohio,Heavy trucks,2032,0|21|52|82|111|137|129|77|8|5|0|0|0|0|0|0|0|0|0|0|0|0|0|0|0|0|0|0|0|0|0,622
United States,Ohio,Heavy trucks,2033,0|28|53|97|136|167|193|171|95|9|6|0|0|0|0|0|0|0|0|0|0|0|0|0|0|0|0|0|0|0|0,955
United States,Ohio,Heavy trucks,2034,0|32|69|100|159|205|235|255|210|110|10|6|0|0|0|0|0|0|0|0|0|0|0|0|0|0|0|0|0|0|0,1391
United States,Ohio,Heavy trucks,2035,0|36|80|129|164|239|288|309|315|246|123|11|6|0|0|0|0|0|0|0|0|0|0|0|0|0|0|0|0|0|0,1946
United States,Ohio,Heavy trucks,2036,0|41|90|149|212|248|336|378|383|369|274|131|12|6|0|0|0|0|0|0|0|0|0|0|0|0|0|0|0|0|0,2629
United States,Ohio,Heavy trucks,2037,0|45|102|168|245|321|349|441|468|448|412|294|137|13|6|0|0|0|0|0|0|0|0|0|0|0|0|0|0|0|0,3449
United States,Ohio,Heavy trucks,2038,0|49|112|189|277|369|450|459|545|546|499|442|305|139|12|5|0|0|0|0|0|0|0|0|0|0|0|0|0|0|0,4398
United States,Ohio,Heavy trucks,2039,0|52|121|209|310|418|518|593|568|638|609|535|460|310|139|12|5|0|0|0|0|0|0|0|0|0|0|0|0|0|0,5497
United States,Ohio,Heavy trucks,2040,0|56|129|226|342|467|586|683|734|665|711|653|556|468|309|135|11|5|0|0|0|0|0|0|0|0|0|0|0|0|0,6736
United States,Ohio,Heavy trucks,2041,0|59|138|241|370|516|655|772|844|858|741|762|679|565|466|302|129|10|4|0|0|0|0|0|0|0|0|0|0|0|0,8111
United States,Ohio,Heavy trucks,2042,0|66|146|257|394|558|724|861|954|986|955|794|793|690|562|455|287|120|9|4|0|0|0|0|0|0|0|0|0|0|0,9615
United States,Ohio,Heavy trucks,2043,0|66|165|272|420|594|782|952|1065|1115|1099|1024|826|805|687|548|433|267|108|8|3|0|0|0|0|0|0|0|0|0|0,11239
United States,Ohio,Heavy trucks,2044,0|66|164|307|446|633|833|1029|1177|1245|1243|1178|1065|839|801|671|523|402|240|92|7|2|0|0|0|0|0|0|0|0|0,12963
United States,Ohio,Heavy trucks,2045,0|66|163|305|503|672|888|1097|1272|1375|1386|1333|1225|1080|834|783|640|485|361|206|76|5|2|0|0|0|0|0|0|0|0,14757
United States,Ohio,Heavy trucks,2046,0|64|162|304|501|757|943|1168|1356|1486|1532|1486|1386|1244|1075|814|746|593|435|310|168|59|4|1|0|0|0|0|0|0|0,16594
United States,Ohio,Heavy trucks,2047,0|64|160|301|498|754|1064|1239|1444|1585|1656|1642|1546|1408|1238|1049|777|692|532|374|253|131|43|3|1|0|0|0|0|0|0,18454
United States,Ohio,Heavy trucks,2048,0|62|158|297|493|748|1061|1399|1531|1687|1766|1775|1708|1571|1402|1208|1001|720|620|458|306|197|97|31|2|1|0|0|0|0|0,20299
United States,Ohio,Heavy trucks,2049,0|61|154|293|487|743|1051|1395|1730|1790|1880|1894|1848|1734|1564|1367|1152|929|645|533|374|237|146|69|21|1|0|0|0|0|0,22098
United States,Ohio,Heavy trucks,2050,0|61|151|287|479|734|1043|1381|1725|2023|1994|2015|1969|1877|1725|1526|1305|1070|832|555|436|291|176|103|47|14|1|0|0|0|0,23820
United States,Ohio,Medium trucks,2022,0|0|0|0|0|0|0|0|0|0|0|0|0|0|0|0|0|0|0|0|0|0|0|0|0|0|0|0|0|0|0,0
United States,Ohio,Medium trucks,2023,0|0|0|0|0|0|0|0|0|0|0|0|0|0|0|0|0|0|0|0|0|0|0|0|0|0|0|0|0|0|0,0
United States,Ohio,Medium trucks,2024,0|1|0|0|0|0|0|0|0|0|0|0|0|0|0|0|0|0|0|0|0|0|0|0|0|0|0|0|0|0|0,1
United States,Ohio,Medium trucks,2025,0|1|2|0|0|0|0|0|0|0|0|0|0|0|0|0|0|0|0|0|0|0|0|0|0|0|0|0|0|0|0,3
United States,Ohio,Medium trucks,2026,0|33|2|3|0|0|0|0|0|0|0|0|0|0|0|0|0|0|0|0|0|0|0|0|0|0|0|0|0|0|0,38
United States,Ohio,Medium trucks,2027,0|56|83|3|4|0|0|0|0|0|0|0|0|0|0|0|0|0|0|0|0|0|0|0|0|0|0|0|0|0|0,146
United States,Ohio,Medium trucks,2028,0|60|138|155|4|5|0|0|0|0|0|0|0|0|0|0|0|0|0|0|0|0|0|0|0|0|0|0|0|0|0,362
United States,Ohio,Medium trucks,2029,0|72|149|257|256|5|6|0|0|0|0|0|0|0|0|0|0|0|0|0|0|0|0|0|0|0|0|0|0|0|0,745
United States,Ohio,Medium trucks,2030,0|89|179|278|420|386|6|7|0|0|0|0|0|0|0|0|0|0|0|0|0|0|0|0|0|0|0|0|0|0|0,1365
United States,Ohio,Medium trucks,2031,0|103|222|333|456|633|542|7|8|0|0|0|0|0|0|0|0|0|0|0|0|0|0|0|0|0|0|0|0|0|0,2304
United States,Ohio,Medium trucks,2032,0|121|254|413|546|687|889|715|8|9|0|0|0|0|0|0|0|0|0|0|0|0|0|0|0|0|0|0|0|0|0,3642
United States,Ohio,Medium trucks,2033,0|144|299|472|676|822|964|1170|883|9|10|0|0|0|0|0|0|0|0|0|0|0|0|0|0|0|0|0|0|0|0,5449
United States,Ohio,Medium trucks,2034,0|161|358|556|773|1018|1155|1267|1447|1033|10|11|0|0|0|0|0|0|0|0|0|0|0|0|0|0|0|0|0|0|0,7789
United States,Ohio,Medium trucks,2035,0|185|401|665|910|1163|1429|1520|1566|1691|1150|11|12|0|0|0|0|0|0|0|0|0|0|0|0|0|0|0|0|0|0,10703
United States,Ohio,Medium trucks,2036,0|208|460|747|1090|1370|1633|1881|1879|1830|1884|1233|12|13|0|0|0|0|0|0|0|0|0|0|0|0|0|0|0|0|0,14240
United States,Ohio,Medium trucks,2037,0|231|516|857|1223|1641|1924|2149|2324|2197|2038|2020|1283|13|12|0|0|0|0|0|0|0|0|0|0|0|0|0|0|0|0,18428
United States,Ohio,Medium trucks,2038,0|244|574|960|1403|1841|2304|2531|2657|2715|2447|2184|2101|1302|12|12|0|0|0|0|0|0|0|0|0|0|0|0|0|0|0,23287
United States,Ohio,Medium trucks,2039,0|259|606|1068|1572|2116|2586|3031|3128|3104|3024|2623|2272|2133|1296|12|11|0|0|0|0|0|0|0|0|0|0|0|0|0|0,28841
United States,Ohio,Medium trucks,2040,0|271|641|1129|1748|2369|2971|3401|3748|3656|3459|3242|2728|2308|2122|1265|11|10|0|0|0|0|0|0|0|0|0|0|0|0|0,35079
United States,Ohio,Medium trucks,2041,0|285|674|1192|1849|2632|3328|3908|4203|4381|4074|3708|3372|2770|2298|2071|1207|10|9|0|0|0|0|0|0|0|0|0|0|0|0,41971
United States,Ohio,Medium trucks,2042,0|300|708|1254|1952|2785|3696|4377|4831|4913|4882|4367|3857|3424|2757|2241|1975|1120|9|8|0|0|0|0|0|0|0|0|0|0|0,49456
United States,Ohio,Medium trucks,2043,0|301|745|1318|2054|2940|3911|4861|5411|5646|5474|5234|4543|3918|3407|2689|2138|1834|1004|8|7|0|0|0|0|0|0|0|0|0|0,57443
United States,Ohio,Medium trucks,2044,0|303|749|1386|2159|3094|4128|5143|6010|6325|6291|5868|5445|4613|3899|3324|2566|1985|1644|862|7|5|0|0|0|0|0|0|0|0|0,65806
United States,Ohio,Medium trucks,2045,0|305|753|1395|2270|3253|4345|5429|6359|7024|7047|6745|6104|5531|4591|3805|3173|2382|1780|1412|705|5|4|0|0|0|0|0|0|0|0,74417
United States,Ohio,Medium trucks,2046,0|306|757|1401|2285|3420|4569|5715|6712|7433|7826|7555|7017|6200|5504|4480|3630|2945|2135|1529|1156|548|4|3|0|0|0|0|0|0|0,83130
United States,Ohio,Medium trucks,2047,0|307|760|1409|2295|3442|4803|6009|7065|7845|8282|8390|7858|7127|6170|5371|4274|3369|2639|1834|1251|898|406|3|2|0|0|0|0|0|0,91809
United States,Ohio,Medium trucks,2048,0|308|762|1415|2307|3457|4833|6317|7428|8257|8741|8879|8727|7981|7093|6020|5125|3967|3019|2266|1500|972|665|288|2|1|0|0|0|0|0,100330
United States,Ohio,Medium trucks,2049,0|309|765|1419|2317|3474|4855|6357|7810|8682|9200|9371|9236|8864|7942|6920|5745|4757|3558|2593|1854|1166|720|472|198|1|1|0|0|0|0,108586
United States,Ohio,Medium trucks,2050,0|311|767|1424|2325|3490|4878|6385|7860|9127|9674|9863|9749|9380|8822|7748|6604|5333|4264|3056|2121|1442|863|511|324|132|1|1|0|0|0,116455
United States,Oklahoma,Heavy trucks,2022,0|0|0|0|0|0|0|0|0|0|0|0|0|0|0|0|0|0|0|0|0|0|0|0|0|0|0|0|0|0|0,0
United States,Oklahoma,Heavy trucks,2023,0|0|0|0|0|0|0|0|0|0|0|0|0|0|0|0|0|0|0|0|0|0|0|0|0|0|0|0|0|0|0,0
United States,Oklahoma,Heavy trucks,2024,0|0|0|0|0|0|0|0|0|0|0|0|0|0|0|0|0|0|0|0|0|0|0|0|0|0|0|0|0|0|0,0
United States,Oklahoma,Heavy trucks,2025,0|0|0|0|0|0|0|0|0|0|0|0|0|0|0|0|0|0|0|0|0|0|0|0|0|0|0|0|0|0|0,0
United States,Oklahoma,Heavy trucks,2026,0|1|0|0|0|0|0|0|0|0|0|0|0|0|0|0|0|0|0|0|0|0|0|0|0|0|0|0|0|0|0,1
United States,Oklahoma,Heavy trucks,2027,0|3|3|0|0|0|0|0|0|0|0|0|0|0|0|0|0|0|0|0|0|0|0|0|0|0|0|0|0|0|0,6
United States,Oklahoma,Heavy trucks,2028,0|4|7|6|1|0|0|0|0|0|0|0|0|0|0|0|0|0|0|0|0|0|0|0|0|0|0|0|0|0|0,18
United States,Oklahoma,Heavy trucks,2029,0|5|10|13|9|2|0|0|0|0|0|0|0|0|0|0|0|0|0|0|0|0|0|0|0|0|0|0|0|0|0,39
United States,Oklahoma,Heavy trucks,2030,0|6|12|19|21|14|3|0|0|0|0|0|0|0|0|0|0|0|0|0|0|0|0|0|0|0|0|0|0|0|0,75
United States,Oklahoma,Heavy trucks,2031,0|7|15|23|31|32|19|4|0|0|0|0|0|0|0|0|0|0|0|0|0|0|0|0|0|0|0|0|0|0|0,131
United States,Oklahoma,Heavy trucks,2032,0|7|18|28|38|46|45|26|5|0|0|0|0|0|0|0|0|0|0|0|0|0|0|0|0|0|0|0|0|0|0,213
United States,Oklahoma,Heavy trucks,2033,0|9|18|33|46|57|65|58|32|6|0|0|0|0|0|0|0|0|0|0|0|0|0|0|0|0|0|0|0|0|0,324
United States,Oklahoma,Heavy trucks,2034,0|11|23|34|54|69|80|86|71|37|7|0|0|0|0|0|0|0|0|0|0|0|0|0|0|0|0|0|0|0|0,472
United States,Oklahoma,Heavy trucks,2035,0|13|28|44|56|81|97|105|106|83|42|8|0|0|0|0|0|0|0|0|0|0|0|0|0|0|0|0|0|0|0,663
United States,Oklahoma,Heavy trucks,2036,0|14|32|51|73|85|114|129|131|123|91|44|8|0|0|0|0|0|0|0|0|0|0|0|0|0|0|0|0|0|0,895
United States,Oklahoma,Heavy trucks,2037,0|15|35|59|84|110|120|150|160|153|138|98|46|8|0|0|0|0|0|0|0|0|0|0|0|0|0|0|0|0|0,1176
United States,Oklahoma,Heavy trucks,2038,0|17|38|65|96|127|155|158|185|187|171|148|102|46|8|0|0|0|0|0|0|0|0|0|0|0|0|0|0|0|0,1503
United States,Oklahoma,Heavy trucks,2039,0|18|42|71|107|145|179|205|195|217|208|183|153|103|46|7|0|0|0|0|0|0|0|0|0|0|0|0|0|0|0,1879
United States,Oklahoma,Heavy trucks,2040,0|19|45|78|117|161|203|235|252|229|242|223|192|156|102|46|7|0|0|0|0|0|0|0|0|0|0|0|0|0|0,2307
United States,Oklahoma,Heavy trucks,2041,0|21|48|84|128|177|227|267|291|295|255|259|233|194|156|99|43|6|0|0|0|0|0|0|0|0|0|0|0|0|0,2783
United States,Oklahoma,Heavy trucks,2042,0|23|52|89|138|194|249|299|330|341|329|273|270|237|192|151|95|40|6|0|0|0|0|0|0|0|0|0|0|0|0,3308
United States,Oklahoma,Heavy trucks,2043,0|23|58|97|147|208|273|328|370|386|381|354|284|274|235|187|144|88|36|5|0|0|0|0|0|0|0|0|0|0|0,3878
United States,Oklahoma,Heavy trucks,2044,0|23|58|108|159|222|293|359|407|432|430|408|369|289|273|229|178|135|79|31|4|0|0|0|0|0|0|0|0|0|0,4486
United States,Oklahoma,Heavy trucks,2045,0|23|57|108|178|239|313|385|444|476|481|462|425|374|289|267|218|166|120|68|25|3|0|0|0|0|0|0|0|0|0,5121
United States,Oklahoma,Heavy trucks,2046,0|23|57|107|178|269|335|411|476|518|531|516|480|431|372|282|254|203|148|103|55|20|2|0|0|0|0|0|0|0|0,5771
United States,Oklahoma,Heavy trucks,2047,0|23|57|107|176|269|378|439|507|555|577|568|537|488|429|364|268|236|181|127|85|43|14|2|0|0|0|0|0|0|0,6430
United States,Oklahoma,Heavy trucks,2048,0|22|56|107|175|267|378|496|542|594|619|618|591|546|485|418|346|249|212|156|104|66|32|10|1|0|0|0|0|0|0,7090
United States,Oklahoma,Heavy trucks,2049,0|22|55|105|175|265|375|496|613|634|661|664|643|601|543|473|399|321|224|182|127|81|49|23|7|1|0|0|0|0|0,7739
United States,Oklahoma,Heavy trucks,2050,0|22|55|103|172|264|372|492|613|716|706|709|690|654|599|530|451|370|288|192|149|99|60|35|16|5|0|0|0|0|0,8362
United States,Oklahoma,Medium trucks,2022,0|0|0|0|0|0|0|0|0|0|0|0|0|0|0|0|0|0|0|0|0|0|0|0|0|0|0|0|0|0|0,0
United States,Oklahoma,Medium trucks,2023,0|0|0|0|0|0|0|0|0|0|0|0|0|0|0|0|0|0|0|0|0|0|0|0|0|0|0|0|0|0|0,0
United States,Oklahoma,Medium trucks,2024,0|0|0|0|0|0|0|0|0|0|0|0|0|0|0|0|0|0|0|0|0|0|0|0|0|0|0|0|0|0|0,0
United States,Oklahoma,Medium trucks,2025,0|0|0|0|0|0|0|0|0|0|0|0|0|0|0|0|0|0|0|0|0|0|0|0|0|0|0|0|0|0|0,0
United States,Oklahoma,Medium trucks,2026,0|11|0|0|0|0|0|0|0|0|0|0|0|0|0|0|0|0|0|0|0|0|0|0|0|0|0|0|0|0|0,11
United States,Oklahoma,Medium trucks,2027,0|19|28|0|1|0|0|0|0|0|0|0|0|0|0|0|0|0|0|0|0|0|0|0|0|0|0|0|0|0|0,48
United States,Oklahoma,Medium trucks,2028,0|20|46|52|1|2|0|0|0|0|0|0|0|0|0|0|0|0|0|0|0|0|0|0|0|0|0|0|0|0|0,121
United States,Oklahoma,Medium trucks,2029,0|25|50|86|85|2|3|0|0|0|0|0|0|0|0|0|0|0|0|0|0|0|0|0|0|0|0|0|0|0|0,251
United States,Oklahoma,Medium trucks,2030,0|30|61|94|142|129|3|4|0|0|0|0|0|0|0|0|0|0|0|0|0|0|0|0|0|0|0|0|0|0|0,463
United States,Oklahoma,Medium trucks,2031,0|35|76|114|154|214|182|4|5|0|0|0|0|0|0|0|0|0|0|0|0|0|0|0|0|0|0|0|0|0|0,784
United States,Oklahoma,Medium trucks,2032,0|41|87|141|186|232|301|240|5|6|0|0|0|0|0|0|0|0|0|0|0|0|0|0|0|0|0|0|0|0|0,1239
United States,Oklahoma,Medium trucks,2033,0|50|103|161|231|281|327|395|297|6|7|0|0|0|0|0|0|0|0|0|0|0|0|0|0|0|0|0|0|0|0,1858
United States,Oklahoma,Medium trucks,2034,0|56|124|191|264|348|395|429|489|347|7|7|0|0|0|0|0|0|0|0|0|0|0|0|0|0|0|0|0|0|0,2657
United States,Oklahoma,Medium trucks,2035,0|64|138|231|313|398|487|519|530|572|387|7|7|0|0|0|0|0|0|0|0|0|0|0|0|0|0|0|0|0|0,3653
United States,Oklahoma,Medium trucks,2036,0|72|159|257|377|470|559|641|642|621|638|415|7|7|0|0|0|0|0|0|0|0|0|0|0|0|0|0|0|0|0,4865
United States,Oklahoma,Medium trucks,2037,0|80|180|296|421|567|660|736|793|751|692|683|432|7|7|0|0|0|0|0|0|0|0|0|0|0|0|0|0|0|0,6305
United States,Oklahoma,Medium trucks,2038,0|86|200|335|486|636|795|868|909|926|837|742|711|439|7|6|0|0|0|0|0|0|0|0|0|0|0|0|0|0|0,7983
United States,Oklahoma,Medium trucks,2039,0|90|213|372|548|733|893|1046|1074|1063|1031|897|772|721|437|6|6|0|0|0|0|0|0|0|0|0|0|0|0|0|0,9902
United States,Oklahoma,Medium trucks,2040,0|95|225|396|610|824|1030|1175|1293|1256|1184|1106|934|784|717|425|6|6|0|0|0|0|0|0|0|0|0|0|0|0|0,12066
United States,Oklahoma,Medium trucks,2041,0|101|237|419|649|918|1158|1354|1453|1511|1399|1269|1150|948|781|700|406|6|5|0|0|0|0|0|0|0|0|0|0|0|0,14464
United States,Oklahoma,Medium trucks,2042,0|107|250|441|686|976|1290|1523|1675|1697|1684|1500|1321|1168|944|762|668|376|5|4|0|0|0|0|0|0|0|0|0|0|0,17077
United States,Oklahoma,Medium trucks,2043,0|108|264|466|722|1032|1369|1696|1882|1958|1891|1805|1560|1342|1163|921|727|619|338|4|4|0|0|0|0|0|0|0|0|0|0,19871
United States,Oklahoma,Medium trucks,2044,0|109|267|491|763|1088|1450|1801|2097|2200|2183|2028|1877|1585|1335|1135|879|673|555|290|4|3|0|0|0|0|0|0|0|0|0,22813
United States,Oklahoma,Medium trucks,2045,0|109|269|496|805|1149|1528|1907|2226|2451|2451|2340|2110|1907|1577|1302|1083|815|604|477|237|3|2|0|0|0|0|0|0|0|0,25848
United States,Oklahoma,Medium trucks,2046,0|111|270|500|813|1212|1613|2010|2359|2602|2732|2628|2435|2143|1897|1539|1243|1006|731|519|390|184|2|1|0|0|0|0|0|0|0,28940
United States,Oklahoma,Medium trucks,2047,0|111|274|502|819|1224|1702|2123|2485|2756|2898|2929|2734|2473|2132|1850|1469|1154|901|628|424|303|136|1|1|0|0|0|0|0|0,32029
United States,Oklahoma,Medium trucks,2048,0|111|275|509|824|1233|1719|2238|2625|2905|3071|3108|3046|2776|2462|2080|1765|1363|1034|775|514|330|224|97|1|1|0|0|0|0|0,35086
United States,Oklahoma,Medium trucks,2049,0|113|276|512|833|1241|1732|2262|2767|3068|3238|3292|3233|3094|2762|2402|1984|1638|1221|888|633|399|244|159|66|1|0|0|0|0|0,38058
United States,Oklahoma,Medium trucks,2050,0|113|279|515|838|1254|1743|2279|2796|3234|3419|3471|3424|3283|3080|2695|2292|1842|1469|1049|726|492|295|173|109|45|0|0|0|0|0,40915
United States,Oregon,Heavy trucks,2022,0|0|0|0|0|0|0|0|0|0|0|0|0|0|0|0|0|0|0|0|0|0|0|0|0|0|0|0|0|0|0,0
United States,Oregon,Heavy trucks,2023,0|0|0|0|0|0|0|0|0|0|0|0|0|0|0|0|0|0|0|0|0|0|0|0|0|0|0|0|0|0|0,0
United States,Oregon,Heavy trucks,2024,0|0|0|0|0|0|0|0|0|0|0|0|0|0|0|0|0|0|0|0|0|0|0|0|0|0|0|0|0|0|0,0
United States,Oregon,Heavy trucks,2025,0|0|0|0|0|0|0|0|0|0|0|0|0|0|0|0|0|0|0|0|0|0|0|0|0|0|0|0|0|0|0,0
United States,Oregon,Heavy trucks,2026,0|1|0|0|0|0|0|0|0|0|0|0|0|0|0|0|0|0|0|0|0|0|0|0|0|0|0|0|0|0|0,1
United States,Oregon,Heavy trucks,2027,0|3|3|0|0|0|0|0|0|0|0|0|0|0|0|0|0|0|0|0|0|0|0|0|0|0|0|0|0|0|0,6
United States,Oregon,Heavy trucks,2028,0|5|8|6|1|0|0|0|0|0|0|0|0|0|0|0|0|0|0|0|0|0|0|0|0|0|0|0|0|0|0,20
United States,Oregon,Heavy trucks,2029,0|5|12|15|10|2|0|0|0|0|0|0|0|0|0|0|0|0|0|0|0|0|0|0|0|0|0|0|0|0|0,44
United States,Oregon,Heavy trucks,2030,0|7|13|21|24|15|3|0|0|0|0|0|0|0|0|0|0|0|0|0|0|0|0|0|0|0|0|0|0|0|0,83
United States,Oregon,Heavy trucks,2031,0|8|17|24|34|35|21|4|0|0|0|0|0|0|0|0|0|0|0|0|0|0|0|0|0|0|0|0|0|0|0,143
United States,Oregon,Heavy trucks,2032,0|8|19|32|40|51|48|28|5|0|0|0|0|0|0|0|0|0|0|0|0|0|0|0|0|0|0|0|0|0|0,231
United States,Oregon,Heavy trucks,2033,0|11|20|36|51|61|72|63|35|6|0|0|0|0|0|0|0|0|0|0|0|0|0|0|0|0|0|0|0|0|0,355
United States,Oregon,Heavy trucks,2034,0|13|27|37|59|76|86|95|78|41|7|0|0|0|0|0|0|0|0|0|0|0|0|0|0|0|0|0|0|0|0,519
United States,Oregon,Heavy trucks,2035,0|14|32|50|61|89|107|113|117|91|46|8|0|0|0|0|0|0|0|0|0|0|0|0|0|0|0|0|0|0|0,728
United States,Oregon,Heavy trucks,2036,0|16|35|59|81|92|126|141|141|136|101|48|8|0|0|0|0|0|0|0|0|0|0|0|0|0|0|0|0|0|0,984
United States,Oregon,Heavy trucks,2037,0|17|39|65|96|123|131|166|174|165|152|107|51|8|0|0|0|0|0|0|0|0|0|0|0|0|0|0|0|0|0,1294
United States,Oregon,Heavy trucks,2038,0|19|43|73|107|144|173|173|205|204|184|163|111|51|8|0|0|0|0|0|0|0|0|0|0|0|0|0|0|0|0,1658
United States,Oregon,Heavy trucks,2039,0|21|48|80|121|162|202|227|214|240|227|198|168|113|51|7|0|0|0|0|0|0|0|0|0|0|0|0|0|0|0,2079
United States,Oregon,Heavy trucks,2040,0|22|52|89|133|183|228|265|280|251|267|244|206|171|112|50|7|0|0|0|0|0|0|0|0|0|0|0|0|0|0,2560
United States,Oregon,Heavy trucks,2041,0|23|55|97|147|201|257|300|327|328|280|286|253|210|170|109|48|6|0|0|0|0|0|0|0|0|0|0|0|0|0,3097
United States,Oregon,Heavy trucks,2042,0|27|58|103|159|221|284|337|372|382|366|300|297|257|208|165|105|44|6|0|0|0|0|0|0|0|0|0|0|0|0,3691
United States,Oregon,Heavy trucks,2043,0|27|67|110|169|239|312|374|418|435|425|393|312|303|256|203|157|97|39|5|0|0|0|0|0|0|0|0|0|0|0,4341
United States,Oregon,Heavy trucks,2044,0|27|67|125|180|256|336|410|463|488|484|456|409|317|302|250|194|147|87|34|4|0|0|0|0|0|0|0|0|0|0,5036
United States,Oregon,Heavy trucks,2045,0|27|67|126|205|273|360|441|506|540|542|519|474|414|316|294|238|180|131|74|28|3|0|0|0|0|0|0|0|0|0,5758
United States,Oregon,Heavy trucks,2046,0|27|67|126|207|310|384|472|546|593|602|582|540|482|413|308|280|221|161|113|61|21|2|0|0|0|0|0|0|0|0,6518
United States,Oregon,Heavy trucks,2047,0|27|67|126|206|312|436|504|584|639|660|646|605|548|479|403|293|260|198|138|92|47|16|2|0|0|0|0|0|0|0,7288
United States,Oregon,Heavy trucks,2048,0|27|66|125|206|311|439|573|623|683|712|708|672|615|546|467|384|272|234|170|113|72|35|11|1|0|0|0|0|0|0,8065
United States,Oregon,Heavy trucks,2049,0|26|66|124|205|311|438|578|709|729|760|763|737|682|612|533|445|356|245|201|139|88|53|25|8|1|0|0|0|0|0,8834
United States,Oregon,Heavy trucks,2050,0|26|65|123|204|310|438|576|716|830|813|815|794|749|680|597|509|413|320|210|164|108|65|38|17|5|0|0|0|0|0,9585
United States,Oregon,Medium trucks,2022,0|0|0|0|0|0|0|0|0|0|0|0|0|0|0|0|0|0|0|0|0|0|0|0|0|0|0|0|0|0|0,0
United States,Oregon,Medium trucks,2023,0|0|0|0|0|0|0|0|0|0|0|0|0|0|0|0|0|0|0|0|0|0|0|0|0|0|0|0|0|0|0,0
United States,Oregon,Medium trucks,2024,0|0|0|0|0|0|0|0|0|0|0|0|0|0|0|0|0|0|0|0|0|0|0|0|0|0|0|0|0|0|0,0
United States,Oregon,Medium trucks,2025,0|0|0|0|0|0|0|0|0|0|0|0|0|0|0|0|0|0|0|0|0|0|0|0|0|0|0|0|0|0|0,0
United States,Oregon,Medium trucks,2026,0|13|0|0|0|0|0|0|0|0|0|0|0|0|0|0|0|0|0|0|0|0|0|0|0|0|0|0|0|0|0,13
United States,Oregon,Medium trucks,2027,0|21|32|0|1|0|0|0|0|0|0|0|0|0|0|0|0|0|0|0|0|0|0|0|0|0|0|0|0|0|0,54
United States,Oregon,Medium trucks,2028,0|22|51|59|1|2|0|0|0|0|0|0|0|0|0|0|0|0|0|0|0|0|0|0|0|0|0|0|0|0|0,135
United States,Oregon,Medium trucks,2029,0|27|55|95|96|2|3|0|0|0|0|0|0|0|0|0|0|0|0|0|0|0|0|0|0|0|0|0|0|0|0,278
United States,Oregon,Medium trucks,2030,0|33|66|103|155|144|3|4|0|0|0|0|0|0|0|0|0|0|0|0|0|0|0|0|0|0|0|0|0|0|0,508
United States,Oregon,Medium trucks,2031,0|38|83|124|169|233|202|4|5|0|0|0|0|0|0|0|0|0|0|0|0|0|0|0|0|0|0|0|0|0|0,858
United States,Oregon,Medium trucks,2032,0|45|96|155|204|256|328|265|5|6|0|0|0|0|0|0|0|0|0|0|0|0|0|0|0|0|0|0|0|0|0,1360
United States,Oregon,Medium trucks,2033,0|56|113|178|254|308|359|431|327|6|7|0|0|0|0|0|0|0|0|0|0|0|0|0|0|0|0|0|0|0|0,2039
United States,Oregon,Medium trucks,2034,0|62|138|212|292|383|433|471|533|382|7|8|0|0|0|0|0|0|0|0|0|0|0|0|0|0|0|0|0|0|0,2921
United States,Oregon,Medium trucks,2035,0|72|154|257|347|439|537|569|582|624|425|8|8|0|0|0|0|0|0|0|0|0|0|0|0|0|0|0|0|0|0,4022
United States,Oregon,Medium trucks,2036,0|82|180|287|420|523|616|708|704|681|695|456|8|8|0|0|0|0|0|0|0|0|0|0|0|0|0|0|0|0|0,5368
United States,Oregon,Medium trucks,2037,0|91|203|335|471|633|733|811|874|823|758|745|474|8|8|0|0|0|0|0|0|0|0|0|0|0|0|0|0|0|0,6967
United States,Oregon,Medium trucks,2038,0|97|226|377|548|710|887|964|1003|1022|916|812|775|482|8|7|0|0|0|0|0|0|0|0|0|0|0|0|0|0|0,8834
United States,Oregon,Medium trucks,2039,0|104|242|422|618|824|997|1166|1191|1173|1138|982|844|787|479|7|7|0|0|0|0|0|0|0|0|0|0|0|0|0|0,10981
United States,Oregon,Medium trucks,2040,0|111|257|450|691|930|1158|1311|1441|1391|1307|1221|1022|857|783|467|7|6|0|0|0|0|0|0|0|0|0|0|0|0|0,13410
United States,Oregon,Medium trucks,2041,0|117|274|479|737|1041|1307|1523|1621|1683|1550|1401|1270|1037|852|764|445|6|6|0|0|0|0|0|0|0|0|0|0|0|0,16113
United States,Oregon,Medium trucks,2042,0|123|290|509|785|1109|1463|1719|1882|1895|1875|1662|1458|1290|1032|832|729|413|6|5|0|0|0|0|0|0|0|0|0|0|0,19077
United States,Oregon,Medium trucks,2043,0|125|306|539|833|1181|1558|1924|2124|2200|2111|2010|1728|1481|1283|1008|793|676|371|5|4|0|0|0|0|0|0|0|0|0|0,22260
United States,Oregon,Medium trucks,2044,0|127|310|570|883|1254|1659|2049|2380|2483|2451|2263|2091|1756|1474|1252|962|736|606|318|4|3|0|0|0|0|0|0|0|0|0,25631
United States,Oregon,Medium trucks,2045,0|129|314|578|935|1328|1761|2182|2534|2781|2767|2628|2354|2122|1747|1438|1194|893|660|521|260|3|2|0|0|0|0|0|0|0|0,29131
United States,Oregon,Medium trucks,2046,0|130|319|585|947|1407|1865|2316|2698|2962|3099|2966|2733|2390|2112|1705|1373|1109|800|567|426|202|2|2|0|0|0|0|0|0|0,32715
United States,Oregon,Medium trucks,2047,0|131|323|594|959|1427|1975|2452|2862|3154|3300|3323|3084|2775|2379|2061|1626|1274|994|688|464|331|150|2|1|0|0|0|0|0|0,36329
United States,Oregon,Medium trucks,2048,0|133|327|600|973|1444|2003|2597|3032|3345|3514|3538|3456|3133|2761|2321|1966|1509|1141|854|562|360|245|106|1|1|0|0|0|0|0,39922
United States,Oregon,Medium trucks,2049,0|135|331|608|983|1464|2028|2634|3211|3543|3726|3767|3679|3509|3118|2694|2216|1825|1351|981|698|437|267|174|73|1|0|0|0|0|0,43453
United States,Oregon,Medium trucks,2050,0|137|335|615|995|1480|2056|2668|3257|3754|3949|3995|3919|3738|3492|3043|2570|2058|1636|1161|803|543|324|189|119|49|0|0|0|0|0,46885
United States,Pennsylvania,Heavy trucks,2022,0|0|0|0|0|0|0|0|0|0|0|0|0|0|0|0|0|0|0|0|0|0|0|0|0|0|0|0|0|0|0,0
United States,Pennsylvania,Heavy trucks,2023,0|0|0|0|0|0|0|0|0|0|0|0|0|0|0|0|0|0|0|0|0|0|0|0|0|0|0|0|0|0|0,0
United States,Pennsylvania,Heavy trucks,2024,0|0|0|0|0|0|0|0|0|0|0|0|0|0|0|0|0|0|0|0|0|0|0|0|0|0|0|0|0|0|0,0
United States,Pennsylvania,Heavy trucks,2025,0|1|0|0|0|0|0|0|0|0|0|0|0|0|0|0|0|0|0|0|0|0|0|0|0|0|0|0|0|0|0,1
United States,Pennsylvania,Heavy trucks,2026,0|4|2|0|0|0|0|0|0|0|0|0|0|0|0|0|0|0|0|0|0|0|0|0|0|0|0|0|0|0|0,6
United States,Pennsylvania,Heavy trucks,2027,0|9|10|3|0|0|0|0|0|0|0|0|0|0|0|0|0|0|0|0|0|0|0|0|0|0|0|0|0|0|0,22
United States,Pennsylvania,Heavy trucks,2028,0|13|22|19|4|1|0|0|0|0|0|0|0|0|0|0|0|0|0|0|0|0|0|0|0|0|0|0|0|0|0,59
United States,Pennsylvania,Heavy trucks,2029,0|16|32|41|31|5|2|0|0|0|0|0|0|0|0|0|0|0|0|0|0|0|0|0|0|0|0|0|0|0|0,127
United States,Pennsylvania,Heavy trucks,2030,0|19|40|60|67|46|6|3|0|0|0|0|0|0|0|0|0|0|0|0|0|0|0|0|0|0|0|0|0|0|0,241
United States,Pennsylvania,Heavy trucks,2031,0|23|48|75|99|100|65|7|4|0|0|0|0|0|0|0|0|0|0|0|0|0|0|0|0|0|0|0|0|0|0,421
United States,Pennsylvania,Heavy trucks,2032,0|24|56|90|123|151|142|86|8|5|0|0|0|0|0|0|0|0|0|0|0|0|0|0|0|0|0|0|0|0|0,685
United States,Pennsylvania,Heavy trucks,2033,0|31|59|106|148|185|213|188|106|9|6|0|0|0|0|0|0|0|0|0|0|0|0|0|0|0|0|0|0|0|0,1051
United States,Pennsylvania,Heavy trucks,2034,0|35|77|111|174|224|260|281|231|123|10|6|0|0|0|0|0|0|0|0|0|0|0|0|0|0|0|0|0|0|0,1532
United States,Pennsylvania,Heavy trucks,2035,0|40|89|143|182|263|316|342|348|271|137|11|6|0|0|0|0|0|0|0|0|0|0|0|0|0|0|0|0|0|0,2148
United States,Pennsylvania,Heavy trucks,2036,0|45|100|165|236|275|370|416|423|407|301|147|12|6|0|0|0|0|0|0|0|0|0|0|0|0|0|0|0|0|0,2903
United States,Pennsylvania,Heavy trucks,2037,0|50|112|186|270|355|386|486|514|494|454|323|152|13|6|0|0|0|0|0|0|0|0|0|0|0|0|0|0|0|0,3801
United States,Pennsylvania,Heavy trucks,2038,0|54|124|209|305|407|497|507|601|602|550|486|336|155|12|5|0|0|0|0|0|0|0|0|0|0|0|0|0|0|0,4850
United States,Pennsylvania,Heavy trucks,2039,0|58|134|231|342|460|571|655|627|702|671|590|506|341|155|12|5|0|0|0|0|0|0|0|0|0|0|0|0|0|0,6060
United States,Pennsylvania,Heavy trucks,2040,0|62|143|249|378|516|646|752|811|734|782|720|613|515|339|150|11|5|0|0|0|0|0|0|0|0|0|0|0|0|0,7426
United States,Pennsylvania,Heavy trucks,2041,0|65|152|266|408|569|724|850|929|947|818|839|749|623|512|331|144|10|4|0|0|0|0|0|0|0|0|0|0|0|0,8940
United States,Pennsylvania,Heavy trucks,2042,0|74|161|283|435|614|797|952|1051|1086|1055|878|873|761|620|500|315|134|9|4|0|0|0|0|0|0|0|0|0|0|0,10602
United States,Pennsylvania,Heavy trucks,2043,0|73|183|300|464|656|862|1048|1177|1229|1210|1131|913|887|757|605|477|292|120|8|3|0|0|0|0|0|0|0|0|0|0,12395
United States,Pennsylvania,Heavy trucks,2044,0|72|182|340|492|699|921|1134|1295|1375|1368|1297|1177|927|882|739|578|442|262|103|7|2|0|0|0|0|0|0|0|0|0,14294
United States,Pennsylvania,Heavy trucks,2045,0|72|180|338|556|741|980|1211|1402|1513|1532|1466|1349|1196|923|861|705|536|397|225|84|5|2|0|0|0|0|0|0|0|0,16274
United States,Pennsylvania,Heavy trucks,2046,0|71|179|335|554|836|1040|1289|1496|1639|1687|1642|1526|1370|1191|901|822|653|480|340|184|65|4|1|0|0|0|0|0|0|0,18305
United States,Pennsylvania,Heavy trucks,2047,0|70|177|332|549|833|1175|1367|1593|1749|1827|1809|1708|1551|1362|1162|860|762|586|413|278|143|48|3|1|0|0|0|0|0|0,20358
United States,Pennsylvania,Heavy trucks,2048,0|68|174|329|544|825|1170|1545|1690|1862|1949|1958|1882|1734|1544|1328|1108|798|683|504|338|216|106|34|2|1|0|0|0|0|0,22392
United States,Pennsylvania,Heavy trucks,2049,0|68|170|323|539|818|1160|1539|1910|1975|2074|2089|2037|1911|1725|1507|1268|1029|715|587|412|263|160|75|24|1|0|0|0|0|0,24379
United States,Pennsylvania,Heavy trucks,2050,0|67|169|316|529|811|1151|1525|1902|2232|2200|2224|2173|2069|1902|1684|1438|1177|922|614|480|320|194|114|52|16|1|0|0|0|0,26282
United States,Pennsylvania,Medium trucks,2022,0|0|0|0|0|0|0|0|0|0|0|0|0|0|0|0|0|0|0|0|0|0|0|0|0|0|0|0|0|0|0,0
United States,Pennsylvania,Medium trucks,2023,0|0|0|0|0|0|0|0|0|0|0|0|0|0|0|0|0|0|0|0|0|0|0|0|0|0|0|0|0|0|0,0
United States,Pennsylvania,Medium trucks,2024,0|1|0|0|0|0|0|0|0|0|0|0|0|0|0|0|0|0|0|0|0|0|0|0|0|0|0|0|0|0|0,1
United States,Pennsylvania,Medium trucks,2025,0|1|2|0|0|0|0|0|0|0|0|0|0|0|0|0|0|0|0|0|0|0|0|0|0|0|0|0|0|0|0,3
United States,Pennsylvania,Medium trucks,2026,0|37|2|3|0|0|0|0|0|0|0|0|0|0|0|0|0|0|0|0|0|0|0|0|0|0|0|0|0|0|0,42
United States,Pennsylvania,Medium trucks,2027,0|62|93|3|4|0|0|0|0|0|0|0|0|0|0|0|0|0|0|0|0|0|0|0|0|0|0|0|0|0|0,162
United States,Pennsylvania,Medium trucks,2028,0|66|152|173|4|5|0|0|0|0|0|0|0|0|0|0|0|0|0|0|0|0|0|0|0|0|0|0|0|0|0,400
United States,Pennsylvania,Medium trucks,2029,0|80|164|283|284|5|6|0|0|0|0|0|0|0|0|0|0|0|0|0|0|0|0|0|0|0|0|0|0|0|0,822
United States,Pennsylvania,Medium trucks,2030,0|98|199|305|464|427|6|7|0|0|0|0|0|0|0|0|0|0|0|0|0|0|0|0|0|0|0|0|0|0|0,1506
United States,Pennsylvania,Medium trucks,2031,0|113|244|369|501|699|598|7|8|0|0|0|0|0|0|0|0|0|0|0|0|0|0|0|0|0|0|0|0|0|0,2539
United States,Pennsylvania,Medium trucks,2032,0|133|280|454|604|754|981|787|8|9|0|0|0|0|0|0|0|0|0|0|0|0|0|0|0|0|0|0|0|0|0,4010
United States,Pennsylvania,Medium trucks,2033,0|159|330|521|743|909|1061|1290|973|9|10|0|0|0|0|0|0|0|0|0|0|0|0|0|0|0|0|0|0|0|0,6005
United States,Pennsylvania,Medium trucks,2034,0|177|395|613|853|1119|1277|1395|1594|1137|10|11|0|0|0|0|0|0|0|0|0|0|0|0|0|0|0|0|0|0|0,8581
United States,Pennsylvania,Medium trucks,2035,0|205|442|735|1004|1284|1571|1678|1725|1863|1267|11|12|0|0|0|0|0|0|0|0|0|0|0|0|0|0|0|0|0|0,11797
United States,Pennsylvania,Medium trucks,2036,0|229|508|823|1203|1511|1803|2066|2074|2017|2075|1359|12|13|0|0|0|0|0|0|0|0|0|0|0|0|0|0|0|0|0,15693
United States,Pennsylvania,Medium trucks,2037,0|255|569|945|1347|1811|2122|2371|2555|2424|2247|2225|1414|13|12|0|0|0|0|0|0|0|0|0|0|0|0|0|0|0|0,20310
United States,Pennsylvania,Medium trucks,2038,0|269|633|1059|1548|2030|2543|2790|2930|2987|2700|2409|2314|1435|12|12|0|0|0|0|0|0|0|0|0|0|0|0|0|0|0,25671
United States,Pennsylvania,Medium trucks,2039,0|285|670|1178|1734|2333|2850|3346|3449|3425|3328|2895|2505|2350|1429|12|11|0|0|0|0|0|0|0|0|0|0|0|0|0|0,31800
United States,Pennsylvania,Medium trucks,2040,0|299|708|1246|1930|2612|3277|3749|4136|4031|3816|3567|3012|2545|2339|1394|11|10|0|0|0|0|0|0|0|0|0|0|0|0|0,38682
United States,Pennsylvania,Medium trucks,2041,0|315|743|1316|2040|2906|3669|4311|4635|4833|4492|4091|3711|3059|2532|2282|1330|10|9|0|0|0|0|0|0|0|0|0|0|0|0,46284
United States,Pennsylvania,Medium trucks,2042,0|331|782|1383|2155|3073|4079|4826|5330|5417|5385|4816|4255|3770|3044|2470|2177|1235|9|8|0|0|0|0|0|0|0|0|0|0|0,54545
United States,Pennsylvania,Medium trucks,2043,0|333|823|1455|2266|3245|4314|5366|5967|6228|6036|5773|5009|4321|3751|2970|2357|2021|1106|8|7|0|0|0|0|0|0|0|0|0|0,63356
United States,Pennsylvania,Medium trucks,2044,0|334|827|1530|2383|3414|4556|5674|6634|6973|6939|6470|6005|5088|4300|3660|2833|2188|1812|950|7|5|0|0|0|0|0|0|0|0|0,72582
United States,Pennsylvania,Medium trucks,2045,0|335|831|1540|2506|3591|4794|5991|7013|7753|7770|7439|6730|6099|5064|4196|3492|2631|1962|1556|778|5|4|0|0|0|0|0|0|0|0,82080
United States,Pennsylvania,Medium trucks,2046,0|337|834|1546|2523|3774|5042|6305|7406|8197|8639|8330|7738|6836|6071|4941|4005|3240|2359|1685|1273|605|4|3|0|0|0|0|0|0|0,91693
United States,Pennsylvania,Medium trucks,2047,0|339|839|1553|2533|3799|5300|6633|7795|8656|9133|9261|8666|7859|6802|5923|4715|3718|2904|2025|1379|990|448|3|2|0|0|0|0|0|0,101275
United States,Pennsylvania,Medium trucks,2048,0|340|843|1561|2544|3815|5335|6971|8200|9110|9643|9791|9634|8801|7821|6637|5651|4377|3333|2493|1657|1071|733|318|2|1|0|0|0|0|0,110682
United States,Pennsylvania,Medium trucks,2049,0|342|845|1568|2556|3832|5358|7016|8619|9584|10150|10337|10185|9785|8759|7632|6333|5246|3924|2864|2040|1288|793|520|218|1|1|0|0|0|0,119796
United States,Pennsylvania,Medium trucks,2050,0|344|848|1572|2567|3850|5382|7048|8673|10074|10679|10881|10753|10344|9739|8547|7282|5878|4703|3371|2342|1586|953|563|357|146|1|1|0|0|0,128484
United States,Rhode Island,Heavy trucks,2022,0|0|0|0|0|0|0|0|0|0|0|0|0|0|0|0|0|0|0|0|0|0|0|0|0|0|0|0|0|0|0,0
United States,Rhode Island,Heavy trucks,2023,0|0|0|0|0|0|0|0|0|0|0|0|0|0|0|0|0|0|0|0|0|0|0|0|0|0|0|0|0|0|0,0
United States,Rhode Island,Heavy trucks,2024,0|0|0|0|0|0|0|0|0|0|0|0|0|0|0|0|0|0|0|0|0|0|0|0|0|0|0|0|0|0|0,0
United States,Rhode Island,Heavy trucks,2025,0|0|0|0|0|0|0|0|0|0|0|0|0|0|0|0|0|0|0|0|0|0|0|0|0|0|0|0|0|0|0,0
United States,Rhode Island,Heavy trucks,2026,0|1|0|0|0|0|0|0|0|0|0|0|0|0|0|0|0|0|0|0|0|0|0|0|0|0|0|0|0|0|0,1
United States,Rhode Island,Heavy trucks,2027,0|1|2|0|0|0|0|0|0|0|0|0|0|0|0|0|0|0|0|0|0|0|0|0|0|0|0|0|0|0|0,3
United States,Rhode Island,Heavy trucks,2028,0|1|2|3|0|0|0|0|0|0|0|0|0|0|0|0|0|0|0|0|0|0|0|0|0|0|0|0|0|0|0,6
United States,Rhode Island,Heavy trucks,2029,0|1|2|3|4|0|0|0|0|0|0|0|0|0|0|0|0|0|0|0|0|0|0|0|0|0|0|0|0|0|0,10
United States,Rhode Island,Heavy trucks,2030,0|1|3|5|5|5|0|0|0|0|0|0|0|0|0|0|0|0|0|0|0|0|0|0|0|0|0|0|0|0|0,19
United States,Rhode Island,Heavy trucks,2031,0|2|4|6|8|8|6|0|0|0|0|0|0|0|0|0|0|0|0|0|0|0|0|0|0|0|0|0|0|0|0,34
United States,Rhode Island,Heavy trucks,2032,0|2|5|7|10|13|11|7|0|0|0|0|0|0|0|0|0|0|0|0|0|0|0|0|0|0|0|0|0|0|0,55
United States,Rhode Island,Heavy trucks,2033,0|3|5|9|12|15|18|15|8|0|0|0|0|0|0|0|0|0|0|0|0|0|0|0|0|0|0|0|0|0|0,85
United States,Rhode Island,Heavy trucks,2034,0|3|7|10|14|19|22|23|18|9|0|0|0|0|0|0|0|0|0|0|0|0|0|0|0|0|0|0|0|0|0,125
United States,Rhode Island,Heavy trucks,2035,0|3|8|12|16|21|26|29|28|21|10|0|0|0|0|0|0|0|0|0|0|0|0|0|0|0|0|0|0|0|0,174
United States,Rhode Island,Heavy trucks,2036,0|4|8|15|20|24|30|35|36|33|24|11|0|0|0|0|0|0|0|0|0|0|0|0|0|0|0|0|0|0|0,240
United States,Rhode Island,Heavy trucks,2037,0|4|9|15|24|30|33|40|44|42|37|26|12|0|0|0|0|0|0|0|0|0|0|0|0|0|0|0|0|0|0,316
United States,Rhode Island,Heavy trucks,2038,0|5|11|17|25|35|42|44|49|51|47|39|26|13|0|0|0|0|0|0|0|0|0|0|0|0|0|0|0|0|0,404
United States,Rhode Island,Heavy trucks,2039,0|5|12|20|28|38|49|55|54|58|57|49|41|27|12|0|0|0|0|0|0|0|0|0|0|0|0|0|0|0|0,505
United States,Rhode Island,Heavy trucks,2040,0|5|12|22|33|43|54|64|68|63|64|61|52|41|27|12|0|0|0|0|0|0|0|0|0|0|0|0|0|0|0,621
United States,Rhode Island,Heavy trucks,2041,0|5|13|23|35|49|60|71|79|79|69|69|64|52|41|26|11|0|0|0|0|0|0|0|0|0|0|0|0|0|0,746
United States,Rhode Island,Heavy trucks,2042,0|7|14|24|38|52|68|79|88|92|87|74|71|65|52|41|25|10|0|0|0|0|0|0|0|0|0|0|0|0|0,887
United States,Rhode Island,Heavy trucks,2043,0|7|16|26|39|57|73|89|98|102|102|94|76|72|64|51|39|23|9|0|0|0|0|0|0|0|0|0|0|0|0,1037
United States,Rhode Island,Heavy trucks,2044,0|6|16|29|43|59|80|96|110|114|114|108|98|77|72|63|48|36|21|8|0|0|0|0|0|0|0|0|0|0|0,1198
United States,Rhode Island,Heavy trucks,2045,0|6|15|29|48|64|83|105|119|128|127|122|112|99|76|70|61|45|32|18|7|0|0|0|0|0|0|0|0|0|0,1366
United States,Rhode Island,Heavy trucks,2046,0|6|15|28|48|72|89|110|131|139|144|136|127|114|98|75|68|56|40|28|15|5|0|0|0|0|0|0|0|0|0,1544
United States,Rhode Island,Heavy trucks,2047,0|6|15|28|47|72|101|117|137|152|156|155|142|128|113|96|72|62|50|34|23|11|4|0|0|0|0|0|0|0|0,1721
United States,Rhode Island,Heavy trucks,2048,0|6|15|28|47|71|101|133|145|160|170|167|160|144|127|110|92|66|56|43|28|18|8|3|0|0|0|0|0|0|0,1898
United States,Rhode Island,Heavy trucks,2049,0|6|15|28|46|71|100|133|164|170|179|182|174|163|143|124|106|85|59|48|35|22|13|6|2|0|0|0|0|0|0,2074
United States,Rhode Island,Heavy trucks,2050,0|6|15|28|46|69|100|132|164|192|189|192|191|176|162|139|118|98|76|51|39|27|16|9|4|1|0|0|0|0|0,2240
United States,Rhode Island,Medium trucks,2022,0|0|0|0|0|0|0|0|0|0|0|0|0|0|0|0|0|0|0|0|0|0|0|0|0|0|0|0|0|0|0,0
United States,Rhode Island,Medium trucks,2023,0|0|0|0|0|0|0|0|0|0|0|0|0|0|0|0|0|0|0|0|0|0|0|0|0|0|0|0|0|0|0,0
United States,Rhode Island,Medium trucks,2024,0|0|0|0|0|0|0|0|0|0|0|0|0|0|0|0|0|0|0|0|0|0|0|0|0|0|0|0|0|0|0,0
United States,Rhode Island,Medium trucks,2025,0|0|0|0|0|0|0|0|0|0|0|0|0|0|0|0|0|0|0|0|0|0|0|0|0|0|0|0|0|0|0,0
United States,Rhode Island,Medium trucks,2026,0|3|0|0|0|0|0|0|0|0|0|0|0|0|0|0|0|0|0|0|0|0|0|0|0|0|0|0|0|0|0,3
United States,Rhode Island,Medium trucks,2027,0|5|8|0|0|0|0|0|0|0|0|0|0|0|0|0|0|0|0|0|0|0|0|0|0|0|0|0|0|0|0,13
United States,Rhode Island,Medium trucks,2028,0|5|12|15|0|0|0|0|0|0|0|0|0|0|0|0|0|0|0|0|0|0|0|0|0|0|0|0|0|0|0,32
United States,Rhode Island,Medium trucks,2029,0|7|14|23|24|0|0|0|0|0|0|0|0|0|0|0|0|0|0|0|0|0|0|0|0|0|0|0|0|0|0,68
United States,Rhode Island,Medium trucks,2030,0|9|17|26|38|36|0|0|0|0|0|0|0|0|0|0|0|0|0|0|0|0|0|0|0|0|0|0|0|0|0,126
United States,Rhode Island,Medium trucks,2031,0|9|22|32|43|57|51|0|0|0|0|0|0|0|0|0|0|0|0|0|0|0|0|0|0|0|0|0|0|0|0,214
United States,Rhode Island,Medium trucks,2032,0|11|23|39|51|64|80|67|0|0|0|0|0|0|0|0|0|0|0|0|0|0|0|0|0|0|0|0|0|0|0,335
United States,Rhode Island,Medium trucks,2033,0|13|28|44|64|76|89|106|82|0|0|0|0|0|0|0|0|0|0|0|0|0|0|0|0|0|0|0|0|0|0,502
United States,Rhode Island,Medium trucks,2034,0|15|33|52|72|95|107|117|132|95|0|0|0|0|0|0|0|0|0|0|0|0|0|0|0|0|0|0|0|0|0,718
United States,Rhode Island,Medium trucks,2035,0|17|38|62|85|109|134|141|145|155|105|0|0|0|0|0|0|0|0|0|0|0|0|0|0|0|0|0|0|0|0,991
United States,Rhode Island,Medium trucks,2036,0|19|43|70|101|129|153|176|174|170|174|112|0|0|0|0|0|0|0|0|0|0|0|0|0|0|0|0|0|0|0,1321
United States,Rhode Island,Medium trucks,2037,0|21|48|80|116|153|181|201|217|204|189|186|116|0|0|0|0|0|0|0|0|0|0|0|0|0|0|0|0|0|0,1712
United States,Rhode Island,Medium trucks,2038,0|23|53|89|132|174|216|238|248|255|227|203|195|118|0|0|0|0|0|0|0|0|0|0|0|0|0|0|0|0|0,2171
United States,Rhode Island,Medium trucks,2039,0|25|57|101|147|200|244|284|294|290|284|244|211|197|117|0|0|0|0|0|0|0|0|0|0|0|0|0|0|0|0,2695
United States,Rhode Island,Medium trucks,2040,0|25|61|107|166|223|282|321|353|344|323|304|253|215|195|114|0|0|0|0|0|0|0|0|0|0|0|0|0|0|0,3286
United States,Rhode Island,Medium trucks,2041,0|27|63|114|175|251|314|370|398|413|384|347|316|257|213|189|109|0|0|0|0|0|0|0|0|0|0|0|0|0|0,3940
United States,Rhode Island,Medium trucks,2042,0|29|67|119|186|265|353|413|458|465|460|412|361|321|256|208|181|102|0|0|0|0|0|0|0|0|0|0|0|0|0,4656
United States,Rhode Island,Medium trucks,2043,0|29|71|125|195|281|372|463|511|534|518|494|429|366|320|250|198|168|91|0|0|0|0|0|0|0|0|0|0|0|0,5415
United States,Rhode Island,Medium trucks,2044,0|29|72|133|205|295|395|488|572|598|596|555|514|436|365|312|238|184|151|78|0|0|0|0|0|0|0|0|0|0|0,6216
United States,Rhode Island,Medium trucks,2045,0|29|72|134|218|310|415|519|604|669|667|639|578|522|434|356|297|221|165|129|64|0|0|0|0|0|0|0|0|0|0,7042
United States,Rhode Island,Medium trucks,2046,0|29|72|134|220|329|436|546|642|706|745|715|664|587|519|423|339|275|198|142|106|50|0|0|0|0|0|0|0|0|0,7877
United States,Rhode Island,Medium trucks,2047,0|29|72|135|220|332|461|574|675|751|788|798|744|675|585|507|403|315|247|170|116|82|37|0|0|0|0|0|0|0|0,8716
United States,Rhode Island,Medium trucks,2048,0|29|72|136|221|333|465|607|711|790|837|846|830|756|672|570|483|374|283|212|139|90|61|26|0|0|0|0|0|0|0,9543
United States,Rhode Island,Medium trucks,2049,0|29|73|136|223|334|467|613|751|832|881|897|880|842|752|655|545|448|336|243|174|108|67|43|18|0|0|0|0|0|0,10347
United States,Rhode Island,Medium trucks,2050,0|30|73|137|224|337|468|615|758|878|927|944|934|895|838|734|625|505|402|288|198|135|80|47|30|12|0|0|0|0|0,11114
United States,South Carolina,Heavy trucks,2022,0|0|0|0|0|0|0|0|0|0|0|0|0|0|0|0|0|0|0|0|0|0|0|0|0|0|0|0|0|0|0,0
United States,South Carolina,Heavy trucks,2023,0|0|0|0|0|0|0|0|0|0|0|0|0|0|0|0|0|0|0|0|0|0|0|0|0|0|0|0|0|0|0,0
United States,South Carolina,Heavy trucks,2024,0|0|0|0|0|0|0|0|0|0|0|0|0|0|0|0|0|0|0|0|0|0|0|0|0|0|0|0|0|0|0,0
United States,South Carolina,Heavy trucks,2025,0|0|0|0|0|0|0|0|0|0|0|0|0|0|0|0|0|0|0|0|0|0|0|0|0|0|0|0|0|0|0,0
United States,South Carolina,Heavy trucks,2026,0|1|0|0|0|0|0|0|0|0|0|0|0|0|0|0|0|0|0|0|0|0|0|0|0|0|0|0|0|0|0,1
United States,South Carolina,Heavy trucks,2027,0|3|4|1|0|0|0|0|0|0|0|0|0|0|0|0|0|0|0|0|0|0|0|0|0|0|0|0|0|0|0,8
United States,South Carolina,Heavy trucks,2028,0|5|8|7|2|0|0|0|0|0|0|0|0|0|0|0|0|0|0|0|0|0|0|0|0|0|0|0|0|0|0,22
United States,South Carolina,Heavy trucks,2029,0|7|13|15|12|3|0|0|0|0|0|0|0|0|0|0|0|0|0|0|0|0|0|0|0|0|0|0|0|0|0,50
United States,South Carolina,Heavy trucks,2030,0|8|17|24|26|18|4|0|0|0|0|0|0|0|0|0|0|0|0|0|0|0|0|0|0|0|0|0|0|0|0,97
United States,South Carolina,Heavy trucks,2031,0|9|20|31|40|39|25|5|0|0|0|0|0|0|0|0|0|0|0|0|0|0|0|0|0|0|0|0|0|0|0,169
United States,South Carolina,Heavy trucks,2032,0|10|23|37|50|61|56|33|6|0|0|0|0|0|0|0|0|0|0|0|0|0|0|0|0|0|0|0|0|0|0,276
United States,South Carolina,Heavy trucks,2033,0|13|25|43|61|75|86|74|41|7|0|0|0|0|0|0|0|0|0|0|0|0|0|0|0|0|0|0|0|0|0,425
United States,South Carolina,Heavy trucks,2034,0|15|32|46|71|92|106|113|91|48|8|0|0|0|0|0|0|0|0|0|0|0|0|0|0|0|0|0|0|0|0,622
United States,South Carolina,Heavy trucks,2035,0|17|37|59|75|107|130|140|141|105|53|9|0|0|0|0|0|0|0|0|0|0|0|0|0|0|0|0|0|0|0,873
United States,South Carolina,Heavy trucks,2036,0|19|42|69|97|114|151|172|173|164|118|56|9|0|0|0|0|0|0|0|0|0|0|0|0|0|0|0|0|0|0,1184
United States,South Carolina,Heavy trucks,2037,0|21|48|79|114|147|160|199|212|203|183|126|59|9|0|0|0|0|0|0|0|0|0|0|0|0|0|0|0|0|0,1560
United States,South Carolina,Heavy trucks,2038,0|23|52|89|130|172|207|211|246|248|226|196|131|59|8|0|0|0|0|0|0|0|0|0|0|0|0|0|0|0|0,1998
United States,South Carolina,Heavy trucks,2039,0|25|58|98|147|196|242|273|260|288|277|243|204|133|58|8|0|0|0|0|0|0|0|0|0|0|0|0|0|0|0,2510
United States,South Carolina,Heavy trucks,2040,0|27|62|108|162|221|276|318|339|304|321|297|252|207|132|57|8|0|0|0|0|0|0|0|0|0|0|0|0|0|0,3091
United States,South Carolina,Heavy trucks,2041,0|29|67|116|178|244|311|362|394|397|340|345|309|256|205|128|55|7|0|0|0|0|0|0|0|0|0|0|0|0|0,3743
United States,South Carolina,Heavy trucks,2042,0|33|72|125|190|269|344|409|449|460|442|365|359|314|255|200|123|51|6|0|0|0|0|0|0|0|0|0|0|0|0,4466
United States,South Carolina,Heavy trucks,2043,0|33|83|134|205|287|378|452|505|524|513|474|380|364|313|248|191|115|46|6|0|0|0|0|0|0|0|0|0|0|0,5251
United States,South Carolina,Heavy trucks,2044,0|33|83|153|220|310|404|496|559|591|583|549|494|387|363|305|236|178|103|39|5|0|0|0|0|0|0|0|0|0|0,6091
United States,South Carolina,Heavy trucks,2045,0|33|83|154|251|331|435|531|613|654|658|624|571|501|385|354|291|219|159|88|32|4|0|0|0|0|0|0|0|0|0,6971
United States,South Carolina,Heavy trucks,2046,0|33|83|154|253|378|463|572|656|716|729|706|649|580|499|375|337|270|196|137|72|25|3|0|0|0|0|0|0|0|0,7886
United States,South Carolina,Heavy trucks,2047,0|32|83|154|253|380|530|610|708|767|798|782|735|659|578|487|357|313|242|169|112|56|19|2|0|0|0|0|0|0|0,8826
United States,South Carolina,Heavy trucks,2048,0|32|81|153|253|380|533|698|755|827|855|856|814|747|657|564|464|331|281|208|138|87|41|13|1|0|0|0|0|0|0,9769
United States,South Carolina,Heavy trucks,2049,0|31|80|151|251|380|533|702|861|882|921|916|890|827|743|640|539|431|298|241|170|107|64|29|9|1|0|0|0|0|0,10697
United States,South Carolina,Heavy trucks,2050,0|31|79|149|248|378|533|702|867|1007|982|988|954|904|823|725|612|500|387|255|197|132|79|46|20|6|1|0|0|0|0,11605
United States,South Carolina,Medium trucks,2022,0|0|0|0|0|0|0|0|0|0|0|0|0|0|0|0|0|0|0|0|0|0|0|0|0|0|0|0|0|0|0,0
United States,South Carolina,Medium trucks,2023,0|0|0|0|0|0|0|0|0|0|0|0|0|0|0|0|0|0|0|0|0|0|0|0|0|0|0|0|0|0|0,0
United States,South Carolina,Medium trucks,2024,0|0|0|0|0|0|0|0|0|0|0|0|0|0|0|0|0|0|0|0|0|0|0|0|0|0|0|0|0|0|0,0
United States,South Carolina,Medium trucks,2025,0|0|0|0|0|0|0|0|0|0|0|0|0|0|0|0|0|0|0|0|0|0|0|0|0|0|0|0|0|0|0,0
United States,South Carolina,Medium trucks,2026,0|15|0|1|0|0|0|0|0|0|0|0|0|0|0|0|0|0|0|0|0|0|0|0|0|0|0|0|0|0|0,16
United States,South Carolina,Medium trucks,2027,0|25|37|1|2|0|0|0|0|0|0|0|0|0|0|0|0|0|0|0|0|0|0|0|0|0|0|0|0|0|0,65
United States,South Carolina,Medium trucks,2028,0|27|62|69|2|3|0|0|0|0|0|0|0|0|0|0|0|0|0|0|0|0|0|0|0|0|0|0|0|0|0,163
United States,South Carolina,Medium trucks,2029,0|32|66|116|114|3|4|0|0|0|0|0|0|0|0|0|0|0|0|0|0|0|0|0|0|0|0|0|0|0|0,335
United States,South Carolina,Medium trucks,2030,0|40|81|124|189|172|4|5|0|0|0|0|0|0|0|0|0|0|0|0|0|0|0|0|0|0|0|0|0|0|0,615
United States,South Carolina,Medium trucks,2031,0|47|100|151|204|284|242|5|6|0|0|0|0|0|0|0|0|0|0|0|0|0|0|0|0|0|0|0|0|0|0,1039
United States,South Carolina,Medium trucks,2032,0|56|116|186|248|308|399|318|6|7|0|0|0|0|0|0|0|0|0|0|0|0|0|0|0|0|0|0|0|0|0,1644
United States,South Carolina,Medium trucks,2033,0|67|138|217|305|373|433|524|393|7|8|0|0|0|0|0|0|0|0|0|0|0|0|0|0|0|0|0|0|0|0,2465
United States,South Carolina,Medium trucks,2034,0|76|166|257|354|460|523|569|647|459|8|9|0|0|0|0|0|0|0|0|0|0|0|0|0|0|0|0|0|0|0,3528
United States,South Carolina,Medium trucks,2035,0|87|189|309|420|533|646|689|704|756|511|9|9|0|0|0|0|0|0|0|0|0|0|0|0|0|0|0|0|0|0,4862
United States,South Carolina,Medium trucks,2036,0|98|217|350|506|633|747|850|850|823|843|547|9|9|0|0|0|0|0|0|0|0|0|0|0|0|0|0|0|0|0,6482
United States,South Carolina,Medium trucks,2037,0|111|245|404|572|761|887|982|1052|994|916|904|569|9|8|0|0|0|0|0|0|0|0|0|0|0|0|0|0|0|0,8414
United States,South Carolina,Medium trucks,2038,0|118|274|456|662|861|1070|1166|1214|1230|1108|982|941|578|8|8|0|0|0|0|0|0|0|0|0|0|0|0|0|0|0,10676
United States,South Carolina,Medium trucks,2039,0|125|293|511|747|996|1209|1406|1441|1419|1370|1187|1022|956|576|8|8|0|0|0|0|0|0|0|0|0|0|0|0|0|0,13274
United States,South Carolina,Medium trucks,2040,0|133|310|545|837|1124|1398|1589|1739|1683|1581|1469|1235|1037|951|562|8|7|0|0|0|0|0|0|0|0|0|0|0|0|0,16208
United States,South Carolina,Medium trucks,2041,0|141|331|578|892|1260|1578|1839|1965|2033|1875|1694|1529|1254|1032|928|537|7|6|0|0|0|0|0|0|0|0|0|0|0|0,19479
United States,South Carolina,Medium trucks,2042,0|149|350|615|948|1343|1769|2075|2273|2297|2265|2010|1762|1554|1247|1008|886|498|6|6|0|0|0|0|0|0|0|0|0|0|0,23061
United States,South Carolina,Medium trucks,2043,0|151|371|651|1007|1428|1886|2327|2566|2656|2559|2428|2091|1791|1547|1217|962|822|447|6|5|0|0|0|0|0|0|0|0|0|0,26918
United States,South Carolina,Medium trucks,2044,0|153|375|690|1066|1515|2005|2480|2876|3000|2960|2743|2526|2122|1782|1510|1162|893|736|384|5|4|0|0|0|0|0|0|0|0|0,30987
United States,South Carolina,Medium trucks,2045,0|155|380|699|1130|1605|2128|2636|3066|3362|3343|3173|2852|2566|2112|1738|1441|1079|800|633|314|4|3|0|0|0|0|0|0|0|0,35219
United States,South Carolina,Medium trucks,2046,0|157|385|708|1145|1701|2254|2798|3260|3583|3744|3584|3300|2897|2554|2061|1658|1337|967|688|518|244|3|2|0|0|0|0|0|0|0,39548
United States,South Carolina,Medium trucks,2047,0|159|390|717|1160|1725|2388|2966|3458|3811|3992|4014|3728|3351|2883|2491|1966|1538|1198|831|562|402|180|2|1|0|0|0|0|0|0,43913
United States,South Carolina,Medium trucks,2048,0|161|395|726|1175|1747|2423|3141|3667|4042|4246|4280|4175|3787|3336|2813|2377|1825|1378|1029|679|437|298|128|1|1|0|0|0|0|0,48267
United States,South Carolina,Medium trucks,2049,0|162|399|735|1190|1769|2453|3187|3883|4285|4504|4551|4453|4240|3768|3255|2685|2206|1636|1184|842|528|324|211|88|1|1|0|0|0|0,52540
United States,South Carolina,Medium trucks,2050,0|165|402|743|1203|1792|2483|3226|3940|4538|4775|4828|4734|4523|4220|3676|3107|2492|1979|1405|969|655|391|230|145|59|1|0|0|0|0,56681
United States,South Dakota,Heavy trucks,2022,0|0|0|0|0|0|0|0|0|0|0|0|0|0|0|0|0|0|0|0|0|0|0|0|0|0|0|0|0|0|0,0
United States,South Dakota,Heavy trucks,2023,0|0|0|0|0|0|0|0|0|0|0|0|0|0|0|0|0|0|0|0|0|0|0|0|0|0|0|0|0|0|0,0
United States,South Dakota,Heavy trucks,2024,0|0|0|0|0|0|0|0|0|0|0|0|0|0|0|0|0|0|0|0|0|0|0|0|0|0|0|0|0|0|0,0
United States,South Dakota,Heavy trucks,2025,0|0|0|0|0|0|0|0|0|0|0|0|0|0|0|0|0|0|0|0|0|0|0|0|0|0|0|0|0|0|0,0
United States,South Dakota,Heavy trucks,2026,0|1|0|0|0|0|0|0|0|0|0|0|0|0|0|0|0|0|0|0|0|0|0|0|0|0|0|0|0|0|0,1
United States,South Dakota,Heavy trucks,2027,0|1|2|0|0|0|0|0|0|0|0|0|0|0|0|0|0|0|0|0|0|0|0|0|0|0|0|0|0|0|0,3
United States,South Dakota,Heavy trucks,2028,0|1|2|3|0|0|0|0|0|0|0|0|0|0|0|0|0|0|0|0|0|0|0|0|0|0|0|0|0|0|0,6
United States,South Dakota,Heavy trucks,2029,0|1|2|3|4|0|0|0|0|0|0|0|0|0|0|0|0|0|0|0|0|0|0|0|0|0|0|0|0|0|0,10
United States,South Dakota,Heavy trucks,2030,0|1|2|4|5|5|0|0|0|0|0|0|0|0|0|0|0|0|0|0|0|0|0|0|0|0|0|0|0|0|0,17
United States,South Dakota,Heavy trucks,2031,0|1|3|5|7|8|6|0|0|0|0|0|0|0|0|0|0|0|0|0|0|0|0|0|0|0|0|0|0|0|0,30
United States,South Dakota,Heavy trucks,2032,0|1|4|6|8|10|11|7|0|0|0|0|0|0|0|0|0|0|0|0|0|0|0|0|0|0|0|0|0|0|0,47
United States,South Dakota,Heavy trucks,2033,0|2|4|7|10|13|15|14|8|0|0|0|0|0|0|0|0|0|0|0|0|0|0|0|0|0|0|0|0|0|0,73
United States,South Dakota,Heavy trucks,2034,0|3|5|7|12|15|18|20|17|9|0|0|0|0|0|0|0|0|0|0|0|0|0|0|0|0|0|0|0|0|0,106
United States,South Dakota,Heavy trucks,2035,0|3|7|10|12|18|22|23|25|20|10|0|0|0|0|0|0|0|0|0|0|0|0|0|0|0|0|0|0|0|0,150
United States,South Dakota,Heavy trucks,2036,0|3|8|12|17|19|25|29|28|29|22|11|0|0|0|0|0|0|0|0|0|0|0|0|0|0|0|0|0|0|0,203
United States,South Dakota,Heavy trucks,2037,0|3|8|14|19|26|27|33|36|33|32|23|12|0|0|0|0|0|0|0|0|0|0|0|0|0|0|0|0|0|0,266
United States,South Dakota,Heavy trucks,2038,0|4|8|15|23|28|36|36|41|42|37|35|23|13|0|0|0|0|0|0|0|0|0|0|0|0|0|0|0|0|0,341
United States,South Dakota,Heavy trucks,2039,0|4|10|15|24|34|39|47|45|48|47|39|35|24|12|0|0|0|0|0|0|0|0|0|0|0|0|0|0|0|0,423
United States,South Dakota,Heavy trucks,2040,0|5|11|19|26|37|47|52|58|52|53|49|41|36|25|12|0|0|0|0|0|0|0|0|0|0|0|0|0|0|0,523
United States,South Dakota,Heavy trucks,2041,0|5|12|20|30|40|52|62|65|67|58|56|52|41|36|24|11|0|0|0|0|0|0|0|0|0|0|0|0|0|0,631
United States,South Dakota,Heavy trucks,2042,0|5|12|21|33|45|57|69|77|76|73|62|59|52|41|36|22|10|0|0|0|0|0|0|0|0|0|0|0|0|0,750
United States,South Dakota,Heavy trucks,2043,0|5|13|23|34|49|63|75|85|90|84|78|65|59|52|41|34|21|9|0|0|0|0|0|0|0|0|0|0|0|0,880
United States,South Dakota,Heavy trucks,2044,0|5|13|24|37|51|68|83|93|99|99|91|81|66|58|51|39|31|19|8|0|0|0|0|0|0|0|0|0|0|0,1016
United States,South Dakota,Heavy trucks,2045,0|5|13|25|40|56|72|89|102|108|110|106|95|83|65|57|48|36|28|16|7|0|0|0|0|0|0|0|0|0|0,1161
United States,South Dakota,Heavy trucks,2046,0|5|13|24|41|61|78|95|110|118|121|118|109|96|82|64|55|45|32|24|13|5|0|0|0|0|0|0|0|0|0,1309
United States,South Dakota,Heavy trucks,2047,0|5|13|24|40|62|86|103|118|128|132|129|122|111|95|80|61|51|40|28|20|10|4|0|0|0|0|0|0|0|0,1462
United States,South Dakota,Heavy trucks,2048,0|5|13|24|40|61|87|113|127|138|144|141|134|123|110|93|77|57|46|34|23|15|8|3|0|0|0|0|0|0|0,1616
United States,South Dakota,Heavy trucks,2049,0|5|13|24|40|61|86|114|141|148|155|155|147|136|123|107|89|71|51|39|28|18|11|5|2|0|0|0|0|0|0,1769
United States,South Dakota,Heavy trucks,2050,0|5|13|24|40|61|86|113|142|165|166|166|160|148|135|119|103|82|64|44|32|22|13|8|4|1|0|0|0|0|0,1916
United States,South Dakota,Medium trucks,2022,0|0|0|0|0|0|0|0|0|0|0|0|0|0|0|0|0|0|0|0|0|0|0|0|0|0|0|0|0|0|0,0
United States,South Dakota,Medium trucks,2023,0|0|0|0|0|0|0|0|0|0|0|0|0|0|0|0|0|0|0|0|0|0|0|0|0|0|0|0|0|0|0,0
United States,South Dakota,Medium trucks,2024,0|0|0|0|0|0|0|0|0|0|0|0|0|0|0|0|0|0|0|0|0|0|0|0|0|0|0|0|0|0|0,0
United States,South Dakota,Medium trucks,2025,0|0|0|0|0|0|0|0|0|0|0|0|0|0|0|0|0|0|0|0|0|0|0|0|0|0|0|0|0|0|0,0
United States,South Dakota,Medium trucks,2026,0|3|0|0|0|0|0|0|0|0|0|0|0|0|0|0|0|0|0|0|0|0|0|0|0|0|0|0|0|0|0,3
United States,South Dakota,Medium trucks,2027,0|4|7|0|0|0|0|0|0|0|0|0|0|0|0|0|0|0|0|0|0|0|0|0|0|0|0|0|0|0|0,11
United States,South Dakota,Medium trucks,2028,0|5|11|12|0|0|0|0|0|0|0|0|0|0|0|0|0|0|0|0|0|0|0|0|0|0|0|0|0|0|0,28
United States,South Dakota,Medium trucks,2029,0|5|12|20|19|0|0|0|0|0|0|0|0|0|0|0|0|0|0|0|0|0|0|0|0|0|0|0|0|0|0,56
United States,South Dakota,Medium trucks,2030,0|7|13|22|33|29|0|0|0|0|0|0|0|0|0|0|0|0|0|0|0|0|0|0|0|0|0|0|0|0|0,104
United States,South Dakota,Medium trucks,2031,0|8|17|25|35|49|41|0|0|0|0|0|0|0|0|0|0|0|0|0|0|0|0|0|0|0|0|0|0|0|0,175
United States,South Dakota,Medium trucks,2032,0|9|19|32|42|52|68|54|0|0|0|0|0|0|0|0|0|0|0|0|0|0|0|0|0|0|0|0|0|0|0,276
United States,South Dakota,Medium trucks,2033,0|11|23|36|52|63|73|89|67|0|0|0|0|0|0|0|0|0|0|0|0|0|0|0|0|0|0|0|0|0|0,414
United States,South Dakota,Medium trucks,2034,0|13|28|43|59|78|88|96|110|78|0|0|0|0|0|0|0|0|0|0|0|0|0|0|0|0|0|0|0|0|0,593
United States,South Dakota,Medium trucks,2035,0|15|32|52|70|89|109|116|119|128|86|0|0|0|0|0|0|0|0|0|0|0|0|0|0|0|0|0|0|0|0,816
United States,South Dakota,Medium trucks,2036,0|17|37|59|85|105|127|145|144|139|144|93|0|0|0|0|0|0|0|0|0|0|0|0|0|0|0|0|0|0|0,1095
United States,South Dakota,Medium trucks,2037,0|19|42|68|96|129|149|167|179|169|156|155|97|0|0|0|0|0|0|0|0|0|0|0|0|0|0|0|0|0|0,1426
United States,South Dakota,Medium trucks,2038,0|19|46|77|112|146|182|197|206|210|188|167|160|98|0|0|0|0|0|0|0|0|0|0|0|0|0|0|0|0|0,1808
United States,South Dakota,Medium trucks,2039,0|21|48|85|127|169|206|240|243|242|234|202|174|163|97|0|0|0|0|0|0|0|0|0|0|0|0|0|0|0|0,2251
United States,South Dakota,Medium trucks,2040,0|22|52|90|141|191|237|271|297|285|269|250|210|176|162|95|0|0|0|0|0|0|0|0|0|0|0|0|0|0|0,2748
United States,South Dakota,Medium trucks,2041,0|23|55|98|149|213|269|312|335|347|318|288|260|214|175|158|91|0|0|0|0|0|0|0|0|0|0|0|0|0|0,3305
United States,South Dakota,Medium trucks,2042,0|25|58|103|160|225|300|353|387|391|387|342|299|264|212|170|150|84|0|0|0|0|0|0|0|0|0|0|0|0|0,3910
United States,South Dakota,Medium trucks,2043,0|25|62|109|169|241|318|394|437|453|436|415|356|305|263|207|163|140|75|0|0|0|0|0|0|0|0|0|0|0|0,4568
United States,South Dakota,Medium trucks,2044,0|25|62|116|179|256|339|418|487|510|504|468|432|361|304|257|197|151|125|65|0|0|0|0|0|0|0|0|0|0|0,5256
United States,South Dakota,Medium trucks,2045,0|25|62|116|190|270|360|445|516|569|568|539|487|439|359|296|245|183|136|108|53|0|0|0|0|0|0|0|0|0|0,5966
United States,South Dakota,Medium trucks,2046,0|26|63|117|191|287|380|472|550|605|635|608|561|494|437|350|282|227|164|116|88|41|0|0|0|0|0|0|0|0|0,6694
United States,South Dakota,Medium trucks,2047,0|26|65|119|193|289|403|499|584|644|674|680|633|570|492|425|333|262|204|141|95|68|30|0|0|0|0|0|0|0|0,7429
United States,South Dakota,Medium trucks,2048,0|27|65|121|195|292|406|530|617|683|717|723|707|643|568|480|406|309|235|175|115|74|51|22|0|0|0|0|0|0|0,8161
United States,South Dakota,Medium trucks,2049,0|27|66|122|199|295|411|535|655|722|760|768|752|717|640|554|457|376|278|202|143|90|55|36|15|0|0|0|0|0|0,8875
United States,South Dakota,Medium trucks,2050,0|27|66|124|200|300|415|540|662|766|805|815|799|763|714|624|529|424|338|238|165|111|66|39|25|10|0|0|0|0|0,9565
United States,Tennessee,Heavy trucks,2022,0|0|0|0|0|0|0|0|0|0|0|0|0|0|0|0|0|0|0|0|0|0|0|0|0|0|0|0|0|0|0,0
United States,Tennessee,Heavy trucks,2023,0|0|0|0|0|0|0|0|0|0|0|0|0|0|0|0|0|0|0|0|0|0|0|0|0|0|0|0|0|0|0,0
United States,Tennessee,Heavy trucks,2024,0|0|0|0|0|0|0|0|0|0|0|0|0|0|0|0|0|0|0|0|0|0|0|0|0|0|0|0|0|0|0,0
United States,Tennessee,Heavy trucks,2025,0|0|0|0|0|0|0|0|0|0|0|0|0|0|0|0|0|0|0|0|0|0|0|0|0|0|0|0|0|0|0,0
United States,Tennessee,Heavy trucks,2026,0|2|1|0|0|0|0|0|0|0|0|0|0|0|0|0|0|0|0|0|0|0|0|0|0|0|0|0|0|0|0,3
United States,Tennessee,Heavy trucks,2027,0|5|5|2|0|0|0|0|0|0|0|0|0|0|0|0|0|0|0|0|0|0|0|0|0|0|0|0|0|0|0,12
United States,Tennessee,Heavy trucks,2028,0|7|12|10|3|0|0|0|0|0|0|0|0|0|0|0|0|0|0|0|0|0|0|0|0|0|0|0|0|0|0,32
United States,Tennessee,Heavy trucks,2029,0|9|18|23|17|4|0|0|0|0|0|0|0|0|0|0|0|0|0|0|0|0|0|0|0|0|0|0|0|0|0,71
United States,Tennessee,Heavy trucks,2030,0|11|22|33|37|26|5|0|0|0|0|0|0|0|0|0|0|0|0|0|0|0|0|0|0|0|0|0|0|0|0,134
United States,Tennessee,Heavy trucks,2031,0|13|27|41|54|56|36|6|0|0|0|0|0|0|0|0|0|0|0|0|0|0|0|0|0|0|0|0|0|0|0,233
United States,Tennessee,Heavy trucks,2032,0|13|32|50|67|81|78|47|7|0|0|0|0|0|0|0|0|0|0|0|0|0|0|0|0|0|0|0|0|0|0,375
United States,Tennessee,Heavy trucks,2033,0|17|32|59|82|100|114|102|58|8|0|0|0|0|0|0|0|0|0|0|0|0|0|0|0|0|0|0|0|0|0,572
United States,Tennessee,Heavy trucks,2034,0|20|42|61|96|124|142|152|126|67|9|0|0|0|0|0|0|0|0|0|0|0|0|0|0|0|0|0|0|0|0,839
United States,Tennessee,Heavy trucks,2035,0|23|49|79|100|145|174|188|188|147|73|10|0|0|0|0|0|0|0|0|0|0|0|0|0|0|0|0|0|0|0,1176
United States,Tennessee,Heavy trucks,2036,0|25|56|92|131|152|204|230|231|220|165|78|11|0|0|0|0|0|0|0|0|0|0|0|0|0|0|0|0|0|0,1595
United States,Tennessee,Heavy trucks,2037,0|28|62|106|152|198|214|268|284|271|245|177|80|11|0|0|0|0|0|0|0|0|0|0|0|0|0|0|0|0|0,2096
United States,Tennessee,Heavy trucks,2038,0|31|70|117|174|229|279|282|332|332|301|263|184|82|10|0|0|0|0|0|0|0|0|0|0|0|0|0|0|0|0,2686
United States,Tennessee,Heavy trucks,2039,0|33|77|131|193|263|322|367|349|388|371|323|275|186|81|10|0|0|0|0|0|0|0|0|0|0|0|0|0|0|0,3369
United States,Tennessee,Heavy trucks,2040,0|35|83|143|215|292|369|423|454|408|432|397|336|279|185|79|9|0|0|0|0|0|0|0|0|0|0|0|0|0|0,4139
United States,Tennessee,Heavy trucks,2041,0|37|89|155|236|325|411|483|523|529|455|464|414|341|278|179|76|9|0|0|0|0|0|0|0|0|0|0|0|0|0,5004
United States,Tennessee,Heavy trucks,2042,0|43|94|165|254|355|455|540|597|612|589|488|482|420|339|272|171|70|8|0|0|0|0|0|0|0|0|0|0|0|0,5954
United States,Tennessee,Heavy trucks,2043,0|43|107|176|271|382|497|599|668|697|681|631|508|490|419|331|259|159|63|7|0|0|0|0|0|0|0|0|0|0|0,6988
United States,Tennessee,Heavy trucks,2044,0|43|107|199|289|408|535|655|741|781|777|731|656|517|486|408|315|240|143|54|6|0|0|0|0|0|0|0|0|0|0,8091
United States,Tennessee,Heavy trucks,2045,0|43|107|199|327|435|573|704|810|866|871|833|761|666|514|475|389|292|216|122|44|4|0|0|0|0|0|0|0|0|0,9251
United States,Tennessee,Heavy trucks,2046,0|43|107|199|328|494|610|754|869|946|965|934|867|772|664|502|452|361|262|185|100|34|3|0|0|0|0|0|0|0|0,10451
United States,Tennessee,Heavy trucks,2047,0|42|107|199|327|496|694|803|931|1017|1054|1035|972|881|768|647|478|420|324|225|152|78|25|2|0|0|0|0|0|0|0,11677
United States,Tennessee,Heavy trucks,2048,0|41|106|199|327|493|696|912|993|1088|1132|1130|1076|987|877|750|618|444|376|278|184|118|58|18|2|0|0|0|0|0|0,12903
United States,Tennessee,Heavy trucks,2049,0|41|103|196|326|493|693|915|1130|1161|1212|1214|1176|1093|981|855|715|573|398|323|228|143|87|41|12|1|0|0|0|0|0,14110
United States,Tennessee,Heavy trucks,2050,0|41|103|193|321|492|693|911|1133|1320|1294|1299|1262|1195|1088|958|817|663|513|342|264|177|106|62|28|8|1|0|0|0|0,15284
United States,Tennessee,Medium trucks,2022,0|0|0|0|0|0|0|0|0|0|0|0|0|0|0|0|0|0|0|0|0|0|0|0|0|0|0|0|0|0|0,0
United States,Tennessee,Medium trucks,2023,0|0|0|0|0|0|0|0|0|0|0|0|0|0|0|0|0|0|0|0|0|0|0|0|0|0|0|0|0|0|0,0
United States,Tennessee,Medium trucks,2024,0|0|0|0|0|0|0|0|0|0|0|0|0|0|0|0|0|0|0|0|0|0|0|0|0|0|0|0|0|0|0,0
United States,Tennessee,Medium trucks,2025,0|0|0|0|0|0|0|0|0|0|0|0|0|0|0|0|0|0|0|0|0|0|0|0|0|0|0|0|0|0|0,0
United States,Tennessee,Medium trucks,2026,0|20|0|1|0|0|0|0|0|0|0|0|0|0|0|0|0|0|0|0|0|0|0|0|0|0|0|0|0|0|0,21
United States,Tennessee,Medium trucks,2027,0|33|49|1|2|0|0|0|0|0|0|0|0|0|0|0|0|0|0|0|0|0|0|0|0|0|0|0|0|0|0,85
United States,Tennessee,Medium trucks,2028,0|35|83|92|2|3|0|0|0|0|0|0|0|0|0|0|0|0|0|0|0|0|0|0|0|0|0|0|0|0|0,215
United States,Tennessee,Medium trucks,2029,0|43|89|154|152|3|4|0|0|0|0|0|0|0|0|0|0|0|0|0|0|0|0|0|0|0|0|0|0|0|0,445
United States,Tennessee,Medium trucks,2030,0|54|108|167|253|230|4|5|0|0|0|0|0|0|0|0|0|0|0|0|0|0|0|0|0|0|0|0|0|0|0,821
United States,Tennessee,Medium trucks,2031,0|62|134|201|274|381|324|5|6|0|0|0|0|0|0|0|0|0|0|0|0|0|0|0|0|0|0|0|0|0|0,1387
United States,Tennessee,Medium trucks,2032,0|74|154|250|330|413|534|426|6|7|0|0|0|0|0|0|0|0|0|0|0|0|0|0|0|0|0|0|0|0|0,2194
United States,Tennessee,Medium trucks,2033,0|88|184|287|409|498|579|703|526|7|8|0|0|0|0|0|0|0|0|0|0|0|0|0|0|0|0|0|0|0|0,3289
United States,Tennessee,Medium trucks,2034,0|100|220|341|471|618|700|762|868|615|8|9|0|0|0|0|0|0|0|0|0|0|0|0|0|0|0|0|0|0|0,4712
United States,Tennessee,Medium trucks,2035,0|117|249|410|558|710|866|921|941|1015|685|9|10|0|0|0|0|0|0|0|0|0|0|0|0|0|0|0|0|0|0,6491
United States,Tennessee,Medium trucks,2036,0|131|289|463|673|839|997|1140|1140|1100|1130|735|10|10|0|0|0|0|0|0|0|0|0|0|0|0|0|0|0|0|0,8657
United States,Tennessee,Medium trucks,2037,0|146|325|538|758|1013|1179|1311|1410|1331|1227|1212|764|10|9|0|0|0|0|0|0|0|0|0|0|0|0|0|0|0|0,11233
United States,Tennessee,Medium trucks,2038,0|155|363|604|880|1142|1423|1550|1621|1649|1482|1315|1260|776|9|9|0|0|0|0|0|0|0|0|0|0|0|0|0|0|0,14238
United States,Tennessee,Medium trucks,2039,0|165|385|675|990|1324|1604|1873|1917|1894|1836|1589|1368|1280|772|9|9|0|0|0|0|0|0|0|0|0|0|0|0|0|0,17690
United States,Tennessee,Medium trucks,2040,0|175|411|718|1106|1490|1859|2111|2315|2241|2110|1969|1652|1389|1274|753|9|8|0|0|0|0|0|0|0|0|0|0|0|0|0,21590
United States,Tennessee,Medium trucks,2041,0|185|435|765|1177|1665|2093|2443|2611|2706|2497|2262|2049|1677|1382|1243|719|8|7|0|0|0|0|0|0|0|0|0|0|0|0,25924
United States,Tennessee,Medium trucks,2042,0|196|460|810|1252|1773|2338|2753|3021|3051|3014|2677|2353|2081|1670|1348|1186|666|7|6|0|0|0|0|0|0|0|0|0|0|0,30662
United States,Tennessee,Medium trucks,2043,0|198|487|857|1326|1885|2489|3076|3403|3530|3400|3231|2784|2389|2071|1629|1287|1101|597|6|5|0|0|0|0|0|0|0|0|0|0,35751
United States,Tennessee,Medium trucks,2044,0|200|493|906|1402|1998|2646|3274|3803|3977|3934|3646|3361|2828|2378|2021|1554|1195|987|513|5|4|0|0|0|0|0|0|0|0|0,41125
United States,Tennessee,Medium trucks,2045,0|203|497|917|1483|2113|2804|3481|4049|4446|4431|4217|3793|3413|2815|2320|1928|1442|1071|848|420|4|3|0|0|0|0|0|0|0|0,46698
United States,Tennessee,Medium trucks,2046,0|205|504|926|1502|2234|2967|3687|4303|4732|4954|4752|4386|3853|3396|2747|2215|1790|1292|920|693|326|3|2|0|0|0|0|0|0|0,52389
United States,Tennessee,Medium trucks,2047,0|207|509|937|1517|2262|3137|3902|4558|5029|5272|5311|4942|4455|3834|3313|2621|2057|1605|1110|752|539|242|2|1|0|0|0|0|0|0,58114
United States,Tennessee,Medium trucks,2048,0|209|514|947|1534|2285|3176|4125|4823|5327|5604|5652|5525|5021|4434|3741|3162|2433|1844|1378|908|584|399|171|1|1|0|0|0|0|0,63798
United States,Tennessee,Medium trucks,2049,0|211|519|956|1550|2311|3209|4178|5100|5636|5935|6006|5879|5612|4997|4327|3570|2935|2181|1583|1128|706|433|283|118|1|1|0|0|0|0,69365
United States,Tennessee,Medium trucks,2050,0|214|524|966|1565|2335|3245|4221|5165|5961|6280|6362|6248|5971|5586|4875|4128|3313|2631|1873|1296|877|523|307|194|79|1|0|0|0|0,74740
United States,Texas,Heavy trucks,2022,0|0|0|0|0|0|0|0|0|0|0|0|0|0|0|0|0|0|0|0|0|0|0|0|0|0|0|0|0|0|0,0
United States,Texas,Heavy trucks,2023,0|0|0|0|0|0|0|0|0|0|0|0|0|0|0|0|0|0|0|0|0|0|0|0|0|0|0|0|0|0|0,0
United States,Texas,Heavy trucks,2024,0|0|0|0|0|0|0|0|0|0|0|0|0|0|0|0|0|0|0|0|0|0|0|0|0|0|0|0|0|0|0,0
United States,Texas,Heavy trucks,2025,0|1|1|0|0|0|0|0|0|0|0|0|0|0|0|0|0|0|0|0|0|0|0|0|0|0|0|0|0|0|0,2
United States,Texas,Heavy trucks,2026,0|9|2|2|0|0|0|0|0|0|0|0|0|0|0|0|0|0|0|0|0|0|0|0|0|0|0|0|0|0|0,13
United States,Texas,Heavy trucks,2027,0|21|23|3|3|0|0|0|0|0|0|0|0|0|0|0|0|0|0|0|0|0|0|0|0|0|0|0|0|0|0,50
United States,Texas,Heavy trucks,2028,0|31|52|43|5|4|0|0|0|0|0|0|0|0|0|0|0|0|0|0|0|0|0|0|0|0|0|0|0|0|0,135
United States,Texas,Heavy trucks,2029,0|39|79|98|71|8|5|0|0|0|0|0|0|0|0|0|0|0|0|0|0|0|0|0|0|0|0|0|0|0|0,300
United States,Texas,Heavy trucks,2030,0|48|97|147|160|107|11|6|0|0|0|0|0|0|0|0|0|0|0|0|0|0|0|0|0|0|0|0|0|0|0,576
United States,Texas,Heavy trucks,2031,0|56|119|180|241|240|151|15|7|0|0|0|0|0|0|0|0|0|0|0|0|0|0|0|0|0|0|0|0|0|0,1009
United States,Texas,Heavy trucks,2032,0|60|139|222|295|363|337|199|19|8|0|0|0|0|0|0|0|0|0|0|0|0|0|0|0|0|0|0|0|0|0,1642
United States,Texas,Heavy trucks,2033,0|78|148|259|363|444|509|442|246|22|9|0|0|0|0|0|0|0|0|0|0|0|0|0|0|0|0|0|0|0|0,2520
United States,Texas,Heavy trucks,2034,0|90|193|275|424|547|623|669|547|288|25|10|0|0|0|0|0|0|0|0|0|0|0|0|0|0|0|0|0|0|0,3691
United States,Texas,Heavy trucks,2035,0|103|223|358|451|639|767|819|826|640|321|27|11|0|0|0|0|0|0|0|0|0|0|0|0|0|0|0|0|0|0,5185
United States,Texas,Heavy trucks,2036,0|117|256|415|587|679|898|1008|1013|965|713|345|27|11|0|0|0|0|0|0|0|0|0|0|0|0|0|0|0|0|0,7034
United States,Texas,Heavy trucks,2037,0|131|290|476|680|883|952|1182|1246|1185|1075|764|359|28|10|0|0|0|0|0|0|0|0|0|0|0|0|0|0|0|0,9261
United States,Texas,Heavy trucks,2038,0|143|325|539|779|1024|1240|1252|1462|1457|1321|1153|795|364|28|10|0|0|0|0|0|0|0|0|0|0|0|0|0|0|0,11892
United States,Texas,Heavy trucks,2039,0|154|355|603|883|1173|1438|1630|1547|1708|1622|1416|1198|807|363|28|9|0|0|0|0|0|0|0|0|0|0|0|0|0|0,14934
United States,Texas,Heavy trucks,2040,0|166|382|660|987|1328|1648|1893|2016|1808|1903|1740|1472|1217|803|354|27|9|0|0|0|0|0|0|0|0|0|0|0|0|0,18413
United States,Texas,Heavy trucks,2041,0|177|413|712|1081|1485|1866|2168|2340|2356|2014|2039|1809|1495|1211|784|337|25|8|0|0|0|0|0|0|0|0|0|0|0|0,22320
United States,Texas,Heavy trucks,2042,0|204|442|768|1166|1628|2085|2453|2681|2735|2625|2159|2122|1838|1488|1183|748|313|22|7|0|0|0|0|0|0|0|0|0|0|0,26667
United States,Texas,Heavy trucks,2043,0|206|507|823|1258|1756|2285|2741|3034|3134|3048|2815|2245|2155|1829|1451|1128|693|281|19|6|0|0|0|0|0|0|0|0|0|0,31414
United States,Texas,Heavy trucks,2044,0|206|511|942|1347|1895|2466|3005|3389|3545|3492|3267|2929|2281|2145|1784|1386|1048|622|241|16|4|0|0|0|0|0|0|0|0|0,36521
United States,Texas,Heavy trucks,2045,0|208|512|950|1543|2030|2660|3243|3715|3960|3951|3744|3398|2975|2270|2094|1702|1286|939|534|197|12|3|0|0|0|0|0|0|0|0,41926
United States,Texas,Heavy trucks,2046,0|208|516|953|1556|2324|2850|3499|4010|4341|4412|4235|3894|3451|2960|2215|1997|1580|1152|807|437|153|9|2|0|0|0|0|0|0|0,47561
United States,Texas,Heavy trucks,2047,0|206|516|959|1560|2345|3264|3748|4325|4687|4837|4729|4406|3955|3435|2888|2113|1854|1415|990|659|340|114|6|2|0|0|0|0|0|0,53353
United States,Texas,Heavy trucks,2048,0|204|512|960|1570|2351|3293|4293|4634|5055|5222|5185|4919|4475|3937|3351|2756|1962|1662|1216|810|512|251|81|4|1|0|0|0|0|0,59216
United States,Texas,Heavy trucks,2049,0|205|507|953|1572|2365|3302|4332|5308|5416|5632|5598|5395|4996|4455|3841|3198|2558|1759|1428|995|630|379|178|55|3|1|0|0|0|0,65061
United States,Texas,Heavy trucks,2050,0|206|508|944|1560|2369|3322|4345|5356|6203|6035|6038|5822|5480|4972|4347|3665|2968|2293|1511|1168|773|466|269|123|37|2|0|0|0|0,70782
United States,Texas,Medium trucks,2022,0|0|0|0|0|0|0|0|0|0|0|0|0|0|0|0|0|0|0|0|0|0|0|0|0|0|0|0|0|0|0,0
United States,Texas,Medium trucks,2023,0|0|0|0|0|0|0|0|0|0|0|0|0|0|0|0|0|0|0|0|0|0|0|0|0|0|0|0|0|0|0,0
United States,Texas,Medium trucks,2024,0|1|0|0|0|0|0|0|0|0|0|0|0|0|0|0|0|0|0|0|0|0|0|0|0|0|0|0|0|0|0,1
United States,Texas,Medium trucks,2025,0|1|2|0|0|0|0|0|0|0|0|0|0|0|0|0|0|0|0|0|0|0|0|0|0|0|0|0|0|0|0,3
United States,Texas,Medium trucks,2026,0|87|2|3|0|0|0|0|0|0|0|0|0|0|0|0|0|0|0|0|0|0|0|0|0|0|0|0|0|0|0,92
United States,Texas,Medium trucks,2027,0|144|216|3|5|0|0|0|0|0|0|0|0|0|0|0|0|0|0|0|0|0|0|0|0|0|0|0|0|0|0,368
United States,Texas,Medium trucks,2028,0|157|358|402|5|8|0|0|0|0|0|0|0|0|0|0|0|0|0|0|0|0|0|0|0|0|0|0|0|0|0,930
United States,Texas,Medium trucks,2029,0|189|389|665|659|8|11|0|0|0|0|0|0|0|0|0|0|0|0|0|0|0|0|0|0|0|0|0|0|0|0,1921
United States,Texas,Medium trucks,2030,0|236|472|725|1089|993|11|14|0|0|0|0|0|0|0|0|0|0|0|0|0|0|0|0|0|0|0|0|0|0|0,3540
United States,Texas,Medium trucks,2031,0|274|588|879|1188|1640|1394|14|17|0|0|0|0|0|0|0|0|0|0|0|0|0|0|0|0|0|0|0|0|0|0,5994
United States,Texas,Medium trucks,2032,0|325|681|1094|1439|1790|2303|1834|17|20|0|0|0|0|0|0|0|0|0|0|0|0|0|0|0|0|0|0|0|0|0,9503
United States,Texas,Medium trucks,2033,0|395|808|1266|1792|2170|2513|3029|2266|20|23|0|0|0|0|0|0|0|0|0|0|0|0|0|0|0|0|0|0|0|0,14282
United States,Texas,Medium trucks,2034,0|448|981|1503|2072|2701|3047|3306|3744|2648|23|25|0|0|0|0|0|0|0|0|0|0|0|0|0|0|0|0|0|0|0,20498
United States,Texas,Medium trucks,2035,0|522|1113|1825|2461|3121|3794|4008|4086|4377|2951|25|25|0|0|0|0|0|0|0|0|0|0|0|0|0|0|0|0|0|0,28308
United States,Texas,Medium trucks,2036,0|592|1297|2072|2989|3707|4382|4990|4955|4776|4877|3164|25|26|0|0|0|0|0|0|0|0|0|0|0|0|0|0|0|0|0,37852
United States,Texas,Medium trucks,2037,0|666|1471|2412|3394|4503|5205|5763|6169|5791|5322|5228|3291|26|26|0|0|0|0|0|0|0|0|0|0|0|0|0|0|0|0,49267
United States,Texas,Medium trucks,2038,0|713|1655|2735|3951|5112|6323|6845|7125|7210|6452|5705|5439|3343|26|26|0|0|0|0|0|0|0|0|0|0|0|0|0|0|0,62660
United States,Texas,Medium trucks,2039,0|761|1772|3078|4480|5951|7178|8316|8462|8327|8034|6917|5936|5525|3327|26|24|0|0|0|0|0|0|0|0|0|0|0|0|0|0,78114
United States,Texas,Medium trucks,2040,0|812|1892|3296|5042|6748|8357|9442|10280|9891|9278|8613|7196|6028|5498|3247|24|22|0|0|0|0|0|0|0|0|0|0|0|0|0,95666
United States,Texas,Medium trucks,2041,0|865|2018|3522|5400|7594|9477|10991|11673|12016|11020|9947|8958|7308|5999|5365|3099|22|20|0|0|0|0|0|0|0|0|0|0|0|0,115294
United States,Texas,Medium trucks,2042,0|919|2148|3753|5770|8134|10664|12466|13587|13643|13388|11813|10347|9099|7274|5853|5119|2877|20|17|0|0|0|0|0|0|0|0|0|0|0,136891
United States,Texas,Medium trucks,2043,0|938|2284|3996|6147|8691|11421|14026|15412|15881|15200|14351|12288|10509|9055|7096|5585|4751|2579|17|14|0|0|0|0|0|0|0|0|0|0,160241
United States,Texas,Medium trucks,2044,0|954|2331|4249|6545|9259|12204|15022|17340|18013|17694|16295|14928|12480|10458|8835|6770|5185|4259|2214|14|11|0|0|0|0|0|0|0|0|0,185060
United States,Texas,Medium trucks,2045,0|970|2370|4335|6961|9858|13002|16052|18571|20268|20070|18970|16951|15162|12421|10204|8430|6285|4647|3659|1811|11|8|0|0|0|0|0|0|0|0,211016
United States,Texas,Medium trucks,2046,0|987|2411|4409|7100|10486|13843|17100|19844|21705|22582|21516|19733|17217|15089|12120|9736|7826|5634|3992|2993|1408|8|6|0|0|0|0|0|0|0,237745
United States,Texas,Medium trucks,2047,0|1003|2452|4485|7221|10694|14725|18206|21141|23194|24183|24208|22381|20042|17135|14722|11564|9037|7016|4839|3266|2327|1042|6|4|0|0|0|0|0|0,264893
United States,Texas,Medium trucks,2048,0|1019|2493|4562|7347|10876|15015|19367|22508|24709|25842|25925|25182|22732|19945|16719|14048|10734|8102|6026|3958|2538|1722|740|4|3|0|0|0|0|0,292116
United States,Texas,Medium trucks,2049,0|1035|2532|4638|7473|11067|15272|19748|23942|26307|27531|27703|26967|25577|22623|19460|15952|13040|9621|6961|4930|3077|1879|1223|508|3|2|0|0|0|0,319071
United States,Texas,Medium trucks,2050,0|1054|2572|4712|7596|11256|15539|20086|24414|27984|29311|29514|28818|27390|25456|22073|18568|14808|11690|8265|5694|3831|2278|1334|839|340|2|1|0|0|0,345425
United States,Utah,Heavy trucks,2022,0|0|0|0|0|0|0|0|0|0|0|0|0|0|0|0|0|0|0|0|0|0|0|0|0|0|0|0|0|0|0,0
United States,Utah,Heavy trucks,2023,0|0|0|0|0|0|0|0|0|0|0|0|0|0|0|0|0|0|0|0|0|0|0|0|0|0|0|0|0|0|0,0
United States,Utah,Heavy trucks,2024,0|0|0|0|0|0|0|0|0|0|0|0|0|0|0|0|0|0|0|0|0|0|0|0|0|0|0|0|0|0|0,0
United States,Utah,Heavy trucks,2025,0|0|0|0|0|0|0|0|0|0|0|0|0|0|0|0|0|0|0|0|0|0|0|0|0|0|0|0|0|0|0,0
United States,Utah,Heavy trucks,2026,0|1|0|0|0|0|0|0|0|0|0|0|0|0|0|0|0|0|0|0|0|0|0|0|0|0|0|0|0|0|0,1
United States,Utah,Heavy trucks,2027,0|3|2|0|0|0|0|0|0|0|0|0|0|0|0|0|0|0|0|0|0|0|0|0|0|0|0|0|0|0|0,5
United States,Utah,Heavy trucks,2028,0|3|6|5|1|0|0|0|0|0|0|0|0|0|0|0|0|0|0|0|0|0|0|0|0|0|0|0|0|0|0,15
United States,Utah,Heavy trucks,2029,0|5|8|11|8|2|0|0|0|0|0|0|0|0|0|0|0|0|0|0|0|0|0|0|0|0|0|0|0|0|0,34
United States,Utah,Heavy trucks,2030,0|5|12|15|18|12|3|0|0|0|0|0|0|0|0|0|0|0|0|0|0|0|0|0|0|0|0|0|0|0|0,65
United States,Utah,Heavy trucks,2031,0|7|13|21|26|27|17|4|0|0|0|0|0|0|0|0|0|0|0|0|0|0|0|0|0|0|0|0|0|0|0,115
United States,Utah,Heavy trucks,2032,0|7|16|24|34|39|38|22|5|0|0|0|0|0|0|0|0|0|0|0|0|0|0|0|0|0|0|0|0|0|0,185
United States,Utah,Heavy trucks,2033,0|9|17|29|40|51|56|50|27|6|0|0|0|0|0|0|0|0|0|0|0|0|0|0|0|0|0|0|0|0|0,285
United States,Utah,Heavy trucks,2034,0|10|22|31|48|61|71|74|61|32|7|0|0|0|0|0|0|0|0|0|0|0|0|0|0|0|0|0|0|0|0,417
United States,Utah,Heavy trucks,2035,0|11|25|41|50|72|86|93|91|72|35|7|0|0|0|0|0|0|0|0|0|0|0|0|0|0|0|0|0|0|0,583
United States,Utah,Heavy trucks,2036,0|13|28|46|66|75|101|113|114|105|79|37|7|0|0|0|0|0|0|0|0|0|0|0|0|0|0|0|0|0|0,784
United States,Utah,Heavy trucks,2037,0|15|32|53|76|99|106|133|141|133|118|85|39|7|0|0|0|0|0|0|0|0|0|0|0|0|0|0|0|0|0,1037
United States,Utah,Heavy trucks,2038,0|16|37|60|88|116|140|140|164|164|149|126|88|40|7|0|0|0|0|0|0|0|0|0|0|0|0|0|0|0|0,1335
United States,Utah,Heavy trucks,2039,0|17|40|68|99|134|164|185|173|192|183|160|131|90|40|6|0|0|0|0|0|0|0|0|0|0|0|0|0|0|0,1682
United States,Utah,Heavy trucks,2040,0|19|43|75|112|151|188|216|228|203|214|196|165|133|89|39|6|0|0|0|0|0|0|0|0|0|0|0|0|0|0,2077
United States,Utah,Heavy trucks,2041,0|21|47|80|124|170|213|248|267|268|226|230|204|168|132|87|37|6|0|0|0|0|0|0|0|0|0|0|0|0|0,2528
United States,Utah,Heavy trucks,2042,0|23|52|88|133|187|239|281|307|313|298|243|240|207|167|128|83|34|5|0|0|0|0|0|0|0|0|0|0|0|0,3028
United States,Utah,Heavy trucks,2043,0|23|58|96|145|201|264|315|348|359|349|320|252|244|205|162|123|77|31|4|0|0|0|0|0|0|0|0|0|0|0,3576
United States,Utah,Heavy trucks,2044,0|24|58|109|157|219|284|347|390|407|401|375|332|256|242|200|155|115|69|26|4|0|0|0|0|0|0|0|0|0|0,4170
United States,Utah,Heavy trucks,2045,0|24|59|110|179|236|308|374|430|456|454|429|390|337|256|236|191|144|103|59|22|3|0|0|0|0|0|0|0|0|0,4800
United States,Utah,Heavy trucks,2046,0|24|59|111|180|270|332|404|463|501|508|486|447|396|336|249|225|178|129|88|48|17|2|0|0|0|0|0|0|0|0,5453
United States,Utah,Heavy trucks,2047,0|24|59|111|182|273|379|436|499|540|558|543|506|455|394|327|237|209|159|111|72|38|12|1|0|0|0|0|0|0|0,6125
United States,Utah,Heavy trucks,2048,0|24|59|111|183|275|384|497|538|584|602|598|565|515|453|384|311|220|187|137|91|56|28|9|1|0|0|0|0|0|0,6812
United States,Utah,Heavy trucks,2049,0|24|59|111|183|277|386|504|615|629|651|646|621|573|512|442|366|289|197|161|112|70|41|20|6|1|0|0|0|0|0,7496
United States,Utah,Heavy trucks,2050,0|24|59|111|183|277|390|506|623|719|700|699|672|630|571|500|421|339|260|169|131|87|52|29|14|4|0|0|0|0|0,8170
United States,Utah,Medium trucks,2022,0|0|0|0|0|0|0|0|0|0|0|0|0|0|0|0|0|0|0|0|0|0|0|0|0|0|0|0|0|0|0,0
United States,Utah,Medium trucks,2023,0|0|0|0|0|0|0|0|0|0|0|0|0|0|0|0|0|0|0|0|0|0|0|0|0|0|0|0|0|0|0,0
United States,Utah,Medium trucks,2024,0|0|0|0|0|0|0|0|0|0|0|0|0|0|0|0|0|0|0|0|0|0|0|0|0|0|0|0|0|0|0,0
United States,Utah,Medium trucks,2025,0|0|0|0|0|0|0|0|0|0|0|0|0|0|0|0|0|0|0|0|0|0|0|0|0|0|0|0|0|0|0,0
United States,Utah,Medium trucks,2026,0|9|0|0|0|0|0|0|0|0|0|0|0|0|0|0|0|0|0|0|0|0|0|0|0|0|0|0|0|0|0,9
United States,Utah,Medium trucks,2027,0|16|24|0|0|0|0|0|0|0|0|0|0|0|0|0|0|0|0|0|0|0|0|0|0|0|0|0|0|0|0,40
United States,Utah,Medium trucks,2028,0|17|40|45|0|1|0|0|0|0|0|0|0|0|0|0|0|0|0|0|0|0|0|0|0|0|0|0|0|0|0,103
United States,Utah,Medium trucks,2029,0|21|43|75|74|1|2|0|0|0|0|0|0|0|0|0|0|0|0|0|0|0|0|0|0|0|0|0|0|0|0,216
United States,Utah,Medium trucks,2030,0|27|52|80|123|111|2|3|0|0|0|0|0|0|0|0|0|0|0|0|0|0|0|0|0|0|0|0|0|0|0,398
United States,Utah,Medium trucks,2031,0|31|66|98|132|185|157|3|4|0|0|0|0|0|0|0|0|0|0|0|0|0|0|0|0|0|0|0|0|0|0,676
United States,Utah,Medium trucks,2032,0|37|77|124|162|200|260|207|4|5|0|0|0|0|0|0|0|0|0|0|0|0|0|0|0|0|0|0|0|0|0,1076
United States,Utah,Medium trucks,2033,0|45|92|143|203|244|283|342|255|5|6|0|0|0|0|0|0|0|0|0|0|0|0|0|0|0|0|0|0|0|0,1618
United States,Utah,Medium trucks,2034,0|52|112|171|236|306|344|373|423|299|6|6|0|0|0|0|0|0|0|0|0|0|0|0|0|0|0|0|0|0|0,2328
United States,Utah,Medium trucks,2035,0|60|128|209|280|355|430|452|462|494|334|6|6|0|0|0|0|0|0|0|0|0|0|0|0|0|0|0|0|0|0,3216
United States,Utah,Medium trucks,2036,0|68|148|238|342|422|497|565|559|539|551|359|6|6|0|0|0|0|0|0|0|0|0|0|0|0|0|0|0|0|0,4300
United States,Utah,Medium trucks,2037,0|76|169|276|389|515|592|655|699|654|601|591|373|6|6|0|0|0|0|0|0|0|0|0|0|0|0|0|0|0|0,5602
United States,Utah,Medium trucks,2038,0|82|191|314|453|585|723|780|811|818|729|645|614|380|6|5|0|0|0|0|0|0|0|0|0|0|0|0|0|0|0,7136
United States,Utah,Medium trucks,2039,0|88|205|354|515|683|821|951|964|947|911|782|671|624|378|5|5|0|0|0|0|0|0|0|0|0|0|0|0|0|0,8904
United States,Utah,Medium trucks,2040,0|94|219|380|581|775|958|1081|1176|1127|1055|976|814|681|621|369|5|5|0|0|0|0|0|0|0|0|0|0|0|0|0,10917
United States,Utah,Medium trucks,2041,0|100|234|408|623|874|1090|1260|1336|1374|1256|1131|1016|827|679|606|351|5|4|0|0|0|0|0|0|0|0|0|0|0|0,13174
United States,Utah,Medium trucks,2042,0|107|249|436|668|938|1228|1433|1558|1561|1531|1347|1177|1031|823|662|579|326|4|4|0|0|0|0|0|0|0|0|0|0|0,15662
United States,Utah,Medium trucks,2043,0|110|266|463|713|1006|1318|1615|1772|1821|1739|1641|1402|1196|1027|804|632|537|293|4|3|0|0|0|0|0|0|0|0|0|0,18362
United States,Utah,Medium trucks,2044,0|112|272|494|758|1073|1413|1734|1997|2071|2029|1865|1707|1424|1191|1002|766|586|481|251|3|2|0|0|0|0|0|0|0|0|0,21231
United States,Utah,Medium trucks,2045,0|114|277|506|810|1142|1507|1858|2143|2334|2307|2176|1940|1733|1418|1162|957|710|526|414|205|2|2|0|0|0|0|0|0|0|0,24243
United States,Utah,Medium trucks,2046,0|117|283|516|829|1220|1604|1982|2296|2506|2601|2473|2263|1970|1724|1383|1108|888|637|452|338|160|2|1|0|0|0|0|0|0|0,27353
United States,Utah,Medium trucks,2047,0|119|288|526|845|1248|1713|2112|2451|2682|2792|2789|2573|2299|1961|1683|1320|1029|796|547|370|263|118|1|1|0|0|0|0|0|0,30526
United States,Utah,Medium trucks,2048,0|121|294|537|862|1272|1752|2253|2612|2864|2989|2993|2900|2613|2288|1914|1605|1225|922|684|448|287|195|84|1|1|0|0|0|0|0,33716
United States,Utah,Medium trucks,2049,0|123|299|547|879|1297|1785|2305|2785|3053|3191|3204|3113|2946|2600|2232|1827|1489|1098|792|559|348|213|138|58|1|0|0|0|0|0,36882
United States,Utah,Medium trucks,2050,0|125|304|556|895|1322|1821|2348|2849|3255|3402|3421|3333|3162|2932|2536|2129|1695|1334|943|648|435|257|151|95|39|0|0|0|0|0,39987
United States,Vermont,Heavy trucks,2022,0|0|0|0|0|0|0|0|0|0|0|0|0|0|0|0|0|0|0|0|0|0|0|0|0|0|0|0|0|0|0,0
United States,Vermont,Heavy trucks,2023,0|0|0|0|0|0|0|0|0|0|0|0|0|0|0|0|0|0|0|0|0|0|0|0|0|0|0|0|0|0|0,0
United States,Vermont,Heavy trucks,2024,0|0|0|0|0|0|0|0|0|0|0|0|0|0|0|0|0|0|0|0|0|0|0|0|0|0|0|0|0|0|0,0
United States,Vermont,Heavy trucks,2025,0|0|0|0|0|0|0|0|0|0|0|0|0|0|0|0|0|0|0|0|0|0|0|0|0|0|0|0|0|0|0,0
United States,Vermont,Heavy trucks,2026,0|0|0|0|0|0|0|0|0|0|0|0|0|0|0|0|0|0|0|0|0|0|0|0|0|0|0|0|0|0|0,0
United States,Vermont,Heavy trucks,2027,0|1|1|0|0|0|0|0|0|0|0|0|0|0|0|0|0|0|0|0|0|0|0|0|0|0|0|0|0|0|0,2
United States,Vermont,Heavy trucks,2028,0|1|2|2|0|0|0|0|0|0|0|0|0|0|0|0|0|0|0|0|0|0|0|0|0|0|0|0|0|0|0,5
United States,Vermont,Heavy trucks,2029,0|1|2|3|3|0|0|0|0|0|0|0|0|0|0|0|0|0|0|0|0|0|0|0|0|0|0|0|0|0|0,9
United States,Vermont,Heavy trucks,2030,0|1|2|3|4|4|0|0|0|0|0|0|0|0|0|0|0|0|0|0|0|0|0|0|0|0|0|0|0|0|0,14
United States,Vermont,Heavy trucks,2031,0|1|2|3|5|5|5|0|0|0|0|0|0|0|0|0|0|0|0|0|0|0|0|0|0|0|0|0|0|0|0,21
United States,Vermont,Heavy trucks,2032,0|1|2|4|6|8|7|6|0|0|0|0|0|0|0|0|0|0|0|0|0|0|0|0|0|0|0|0|0|0|0,34
United States,Vermont,Heavy trucks,2033,0|1|3|5|7|9|11|9|7|0|0|0|0|0|0|0|0|0|0|0|0|0|0|0|0|0|0|0|0|0|0,52
United States,Vermont,Heavy trucks,2034,0|1|4|6|8|10|12|14|11|8|0|0|0|0|0|0|0|0|0|0|0|0|0|0|0|0|0|0|0|0|0,74
United States,Vermont,Heavy trucks,2035,0|2|4|7|9|13|15|16|17|13|9|0|0|0|0|0|0|0|0|0|0|0|0|0|0|0|0|0|0|0|0,105
United States,Vermont,Heavy trucks,2036,0|2|5|7|12|14|18|20|20|20|14|10|0|0|0|0|0|0|0|0|0|0|0|0|0|0|0|0|0|0|0,142
United States,Vermont,Heavy trucks,2037,0|3|5|9|12|18|19|23|25|23|23|15|11|0|0|0|0|0|0|0|0|0|0|0|0|0|0|0|0|0|0,186
United States,Vermont,Heavy trucks,2038,0|3|6|10|15|19|25|25|28|30|26|24|16|11|0|0|0|0|0|0|0|0|0|0|0|0|0|0|0|0|0,238
United States,Vermont,Heavy trucks,2039,0|3|7|11|17|22|27|32|31|33|33|28|24|16|10|0|0|0|0|0|0|0|0|0|0|0|0|0|0|0|0,294
United States,Vermont,Heavy trucks,2040,0|3|7|12|18|26|31|36|39|36|37|36|28|25|17|10|0|0|0|0|0|0|0|0|0|0|0|0|0|0|0,361
United States,Vermont,Heavy trucks,2041,0|3|8|13|20|27|36|41|45|46|40|39|36|29|25|16|9|0|0|0|0|0|0|0|0|0|0|0|0|0|0,433
United States,Vermont,Heavy trucks,2042,0|3|8|15|22|30|38|47|51|52|51|42|41|37|29|25|16|9|0|0|0|0|0|0|0|0|0|0|0|0|0,516
United States,Vermont,Heavy trucks,2043,0|3|8|15|24|33|42|51|58|60|58|54|44|41|37|29|23|14|8|0|0|0|0|0|0|0|0|0|0|0|0,602
United States,Vermont,Heavy trucks,2044,0|3|8|15|24|35|46|55|63|67|66|62|57|44|41|36|28|22|13|7|0|0|0|0|0|0|0|0|0|0|0,692
United States,Vermont,Heavy trucks,2045,0|3|8|15|26|36|49|60|68|74|73|71|65|57|44|41|35|26|19|11|6|0|0|0|0|0|0|0|0|0|0,787
United States,Vermont,Heavy trucks,2046,0|3|8|15|26|40|51|64|74|79|82|78|73|66|57|44|39|32|23|17|9|4|0|0|0|0|0|0|0|0|0,884
United States,Vermont,Heavy trucks,2047,0|3|8|15|26|39|57|67|79|87|87|88|81|74|65|56|42|36|29|20|14|7|3|0|0|0|0|0|0|0|0,983
United States,Vermont,Heavy trucks,2048,0|3|8|15|26|39|56|75|83|92|96|94|91|83|74|64|54|38|32|25|16|11|5|2|0|0|0|0|0|0|0,1082
United States,Vermont,Heavy trucks,2049,0|3|8|15|26|39|56|74|93|97|102|103|98|93|82|72|61|50|34|28|20|13|8|4|2|0|0|0|0|0|0,1181
United States,Vermont,Heavy trucks,2050,0|3|8|15|25|39|56|74|92|108|107|108|107|99|91|80|69|57|44|30|23|16|9|6|3|1|0|0|0|0|0,1270
United States,Vermont,Medium trucks,2022,0|0|0|0|0|0|0|0|0|0|0|0|0|0|0|0|0|0|0|0|0|0|0|0|0|0|0|0|0|0|0,0
United States,Vermont,Medium trucks,2023,0|0|0|0|0|0|0|0|0|0|0|0|0|0|0|0|0|0|0|0|0|0|0|0|0|0|0|0|0|0|0,0
United States,Vermont,Medium trucks,2024,0|0|0|0|0|0|0|0|0|0|0|0|0|0|0|0|0|0|0|0|0|0|0|0|0|0|0|0|0|0|0,0
United States,Vermont,Medium trucks,2025,0|0|0|0|0|0|0|0|0|0|0|0|0|0|0|0|0|0|0|0|0|0|0|0|0|0|0|0|0|0|0,0
United States,Vermont,Medium trucks,2026,0|2|0|0|0|0|0|0|0|0|0|0|0|0|0|0|0|0|0|0|0|0|0|0|0|0|0|0|0|0|0,2
United States,Vermont,Medium trucks,2027,0|3|5|0|0|0|0|0|0|0|0|0|0|0|0|0|0|0|0|0|0|0|0|0|0|0|0|0|0|0|0,8
United States,Vermont,Medium trucks,2028,0|3|8|9|0|0|0|0|0|0|0|0|0|0|0|0|0|0|0|0|0|0|0|0|0|0|0|0|0|0|0,20
United States,Vermont,Medium trucks,2029,0|4|8|15|14|0|0|0|0|0|0|0|0|0|0|0|0|0|0|0|0|0|0|0|0|0|0|0|0|0|0,41
United States,Vermont,Medium trucks,2030,0|5|10|15|24|21|0|0|0|0|0|0|0|0|0|0|0|0|0|0|0|0|0|0|0|0|0|0|0|0|0,75
United States,Vermont,Medium trucks,2031,0|5|12|19|24|35|30|0|0|0|0|0|0|0|0|0|0|0|0|0|0|0|0|0|0|0|0|0|0|0|0,125
United States,Vermont,Medium trucks,2032,0|7|13|23|30|37|49|39|0|0|0|0|0|0|0|0|0|0|0|0|0|0|0|0|0|0|0|0|0|0|0,198
United States,Vermont,Medium trucks,2033,0|8|16|25|37|45|52|64|48|0|0|0|0|0|0|0|0|0|0|0|0|0|0|0|0|0|0|0|0|0|0,295
United States,Vermont,Medium trucks,2034,0|9|19|30|41|56|63|69|79|56|0|0|0|0|0|0|0|0|0|0|0|0|0|0|0|0|0|0|0|0|0,422
United States,Vermont,Medium trucks,2035,0|10|22|36|49|62|78|82|85|92|62|0|0|0|0|0|0|0|0|0|0|0|0|0|0|0|0|0|0|0|0,578
United States,Vermont,Medium trucks,2036,0|11|25|41|59|74|87|102|101|98|102|67|0|0|0|0|0|0|0|0|0|0|0|0|0|0|0|0|0|0|0,767
United States,Vermont,Medium trucks,2037,0|13|28|46|66|89|104|114|126|117|109|108|69|0|0|0|0|0|0|0|0|0|0|0|0|0|0|0|0|0|0,989
United States,Vermont,Medium trucks,2038,0|13|32|52|75|99|126|138|142|147|130|117|112|70|0|0|0|0|0|0|0|0|0|0|0|0|0|0|0|0|0,1253
United States,Vermont,Medium trucks,2039,0|14|32|59|85|115|140|166|170|166|165|139|121|114|70|0|0|0|0|0|0|0|0|0|0|0|0|0|0|0|0,1556
United States,Vermont,Medium trucks,2040,0|15|35|60|96|129|162|185|205|200|185|178|145|122|113|68|0|0|0|0|0|0|0|0|0|0|0|0|0|0|0,1898
United States,Vermont,Medium trucks,2041,0|15|37|65|99|145|181|214|228|240|223|199|185|146|122|110|66|0|0|0|0|0|0|0|0|0|0|0|0|0|0,2275
United States,Vermont,Medium trucks,2042,0|17|38|68|107|151|203|239|263|268|267|240|207|187|146|118|106|61|0|0|0|0|0|0|0|0|0|0|0|0|0,2686
United States,Vermont,Medium trucks,2043,0|17|41|71|112|161|213|267|295|308|298|286|249|211|186|142|113|98|55|0|0|0|0|0|0|0|0|0|0|0|0,3123
United States,Vermont,Medium trucks,2044,0|17|42|76|117|169|226|281|330|345|344|320|297|254|209|180|136|106|87|47|0|0|0|0|0|0|0|0|0|0|0,3583
United States,Vermont,Medium trucks,2045,0|17|42|77|125|177|237|297|348|386|385|369|332|302|252|204|172|127|95|75|38|0|0|0|0|0|0|0|0|0|0,4057
United States,Vermont,Medium trucks,2046,0|17|42|77|126|188|249|312|368|407|430|413|384|337|301|245|195|160|113|81|61|30|0|0|0|0|0|0|0|0|0,4536
United States,Vermont,Medium trucks,2047,0|17|42|77|127|190|265|328|387|430|454|462|430|390|336|293|233|181|143|97|66|48|22|0|0|0|0|0|0|0|0,5018
United States,Vermont,Medium trucks,2048,0|17|42|77|127|191|267|348|407|453|479|486|480|437|388|327|279|217|162|123|80|52|35|16|0|0|0|0|0|0|0,5490
United States,Vermont,Medium trucks,2049,0|17|42|77|127|191|268|351|431|476|504|513|506|488|435|379|311|259|194|139|101|62|38|25|11|0|0|0|0|0|0,5945
United States,Vermont,Medium trucks,2050,0|17|42|78|127|191|269|352|434|502|530|539|534|515|485|424|361|289|233|167|114|78|46|27|17|7|0|0|0|0|0,6378
United States,Virginia,Heavy trucks,2022,0|0|0|0|0|0|0|0|0|0|0|0|0|0|0|0|0|0|0|0|0|0|0|0|0|0|0|0|0|0|0,0
United States,Virginia,Heavy trucks,2023,0|0|0|0|0|0|0|0|0|0|0|0|0|0|0|0|0|0|0|0|0|0|0|0|0|0|0|0|0|0|0,0
United States,Virginia,Heavy trucks,2024,0|0|0|0|0|0|0|0|0|0|0|0|0|0|0|0|0|0|0|0|0|0|0|0|0|0|0|0|0|0|0,0
United States,Virginia,Heavy trucks,2025,0|0|0|0|0|0|0|0|0|0|0|0|0|0|0|0|0|0|0|0|0|0|0|0|0|0|0|0|0|0|0,0
United States,Virginia,Heavy trucks,2026,0|3|1|0|0|0|0|0|0|0|0|0|0|0|0|0|0|0|0|0|0|0|0|0|0|0|0|0|0|0|0,4
United States,Virginia,Heavy trucks,2027,0|6|7|2|0|0|0|0|0|0|0|0|0|0|0|0|0|0|0|0|0|0|0|0|0|0|0|0|0|0|0,15
United States,Virginia,Heavy trucks,2028,0|9|15|13|3|0|0|0|0|0|0|0|0|0|0|0|0|0|0|0|0|0|0|0|0|0|0|0|0|0|0,40
United States,Virginia,Heavy trucks,2029,0|11|22|28|21|4|1|0|0|0|0|0|0|0|0|0|0|0|0|0|0|0|0|0|0|0|0|0|0|0|0,87
United States,Virginia,Heavy trucks,2030,0|13|27|41|45|32|5|2|0|0|0|0|0|0|0|0|0|0|0|0|0|0|0|0|0|0|0|0|0|0|0,165
United States,Virginia,Heavy trucks,2031,0|15|33|50|68|68|45|6|3|0|0|0|0|0|0|0|0|0|0|0|0|0|0|0|0|0|0|0|0|0|0,288
United States,Virginia,Heavy trucks,2032,0|17|38|62|83|103|95|58|7|3|0|0|0|0|0|0|0|0|0|0|0|0|0|0|0|0|0|0|0|0|0,466
United States,Virginia,Heavy trucks,2033,0|21|42|71|101|126|145|126|71|8|3|0|0|0|0|0|0|0|0|0|0|0|0|0|0|0|0|0|0|0|0,714
United States,Virginia,Heavy trucks,2034,0|25|52|77|118|153|178|191|156|83|9|3|0|0|0|0|0|0|0|0|0|0|0|0|0|0|0|0|0|0|0,1045
United States,Virginia,Heavy trucks,2035,0|28|62|98|127|179|215|234|236|182|91|10|3|0|0|0|0|0|0|0|0|0|0|0|0|0|0|0|0|0|0,1465
United States,Virginia,Heavy trucks,2036,0|31|69|116|162|191|252|283|290|276|203|98|11|3|0|0|0|0|0|0|0|0|0|0|0|0|0|0|0|0|0,1985
United States,Virginia,Heavy trucks,2037,0|35|79|129|190|244|268|332|352|339|306|218|102|11|3|0|0|0|0|0|0|0|0|0|0|0|0|0|0|0|0,2608
United States,Virginia,Heavy trucks,2038,0|38|87|147|213|286|344|352|411|412|379|328|227|103|10|3|0|0|0|0|0|0|0|0|0|0|0|0|0|0|0,3340
United States,Virginia,Heavy trucks,2039,0|41|95|163|242|322|401|452|435|481|459|406|341|231|102|10|3|0|0|0|0|0|0|0|0|0|0|0|0|0|0,4184
United States,Virginia,Heavy trucks,2040,0|43|102|177|268|364|452|526|559|507|535|492|423|346|229|99|9|2|0|0|0|0|0|0|0|0|0|0|0|0|0,5133
United States,Virginia,Heavy trucks,2041,0|48|109|190|290|403|510|596|649|654|564|574|512|429|344|223|95|9|2|0|0|0|0|0|0|0|0|0|0|0|0,6201
United States,Virginia,Heavy trucks,2042,0|54|118|203|311|437|565|671|738|758|729|605|597|521|427|335|213|88|8|2|0|0|0|0|0|0|0|0|0|0|0,7380
United States,Virginia,Heavy trucks,2043,0|54|133|219|333|468|613|744|828|863|845|782|629|607|518|416|319|198|79|7|2|0|0|0|0|0|0|0|0|0|0,8657
United States,Virginia,Heavy trucks,2044,0|54|133|248|358|503|658|808|919|967|961|906|814|638|604|506|397|296|177|68|6|1|0|0|0|0|0|0|0|0|0,10022
United States,Virginia,Heavy trucks,2045,0|54|133|248|405|538|706|865|998|1075|1078|1030|943|827|635|589|482|368|266|152|55|4|1|0|0|0|0|0|0|0|0,11452
United States,Virginia,Heavy trucks,2046,0|53|133|247|405|609|754|929|1070|1167|1197|1156|1070|958|823|619|563|447|331|228|124|43|3|1|0|0|0|0|0|0|0,12930
United States,Virginia,Heavy trucks,2047,0|52|131|247|404|609|854|991|1148|1251|1301|1283|1201|1086|953|804|592|522|401|284|187|97|32|2|0|0|0|0|0|0|0,14432
United States,Virginia,Heavy trucks,2048,0|52|129|244|404|608|855|1124|1224|1342|1393|1395|1334|1220|1080|930|766|548|468|344|232|145|71|23|2|0|0|0|0|0|0,15933
United States,Virginia,Heavy trucks,2049,0|51|128|240|399|608|852|1125|1390|1431|1495|1493|1452|1355|1214|1054|887|710|492|402|281|180|107|51|16|1|0|0|0|0|0,17414
United States,Virginia,Heavy trucks,2050,0|51|127|238|393|601|852|1121|1391|1625|1594|1603|1553|1474|1348|1185|1006|823|637|423|329|219|133|76|35|10|1|0|0|0|0,18848
United States,Virginia,Medium trucks,2022,0|0|0|0|0|0|0|0|0|0|0|0|0|0|0|0|0|0|0|0|0|0|0|0|0|0|0|0|0|0|0,0
United States,Virginia,Medium trucks,2023,0|0|0|0|0|0|0|0|0|0|0|0|0|0|0|0|0|0|0|0|0|0|0|0|0|0|0|0|0|0|0,0
United States,Virginia,Medium trucks,2024,0|0|0|0|0|0|0|0|0|0|0|0|0|0|0|0|0|0|0|0|0|0|0|0|0|0|0|0|0|0|0,0
United States,Virginia,Medium trucks,2025,0|0|1|0|0|0|0|0|0|0|0|0|0|0|0|0|0|0|0|0|0|0|0|0|0|0|0|0|0|0|0,1
United States,Virginia,Medium trucks,2026,0|25|1|2|0|0|0|0|0|0|0|0|0|0|0|0|0|0|0|0|0|0|0|0|0|0|0|0|0|0|0,28
United States,Virginia,Medium trucks,2027,0|41|62|2|3|0|0|0|0|0|0|0|0|0|0|0|0|0|0|0|0|0|0|0|0|0|0|0|0|0|0,108
United States,Virginia,Medium trucks,2028,0|45|103|116|3|4|0|0|0|0|0|0|0|0|0|0|0|0|0|0|0|0|0|0|0|0|0|0|0|0|0,271
United States,Virginia,Medium trucks,2029,0|54|112|191|190|4|5|0|0|0|0|0|0|0|0|0|0|0|0|0|0|0|0|0|0|0|0|0|0|0|0,556
United States,Virginia,Medium trucks,2030,0|68|134|209|314|287|5|6|0|0|0|0|0|0|0|0|0|0|0|0|0|0|0|0|0|0|0|0|0|0|0,1023
United States,Virginia,Medium trucks,2031,0|78|169|251|342|473|404|6|7|0|0|0|0|0|0|0|0|0|0|0|0|0|0|0|0|0|0|0|0|0|0,1730
United States,Virginia,Medium trucks,2032,0|91|193|313|411|515|664|531|7|8|0|0|0|0|0|0|0|0|0|0|0|0|0|0|0|0|0|0|0|0|0,2733
United States,Virginia,Medium trucks,2033,0|111|227|358|511|620|722|873|656|8|9|0|0|0|0|0|0|0|0|0|0|0|0|0|0|0|0|0|0|0|0,4095
United States,Virginia,Medium trucks,2034,0|125|274|423|587|768|870|949|1080|767|9|10|0|0|0|0|0|0|0|0|0|0|0|0|0|0|0|0|0|0|0,5862
United States,Virginia,Medium trucks,2035,0|143|308|510|692|883|1079|1144|1173|1262|855|10|11|0|0|0|0|0|0|0|0|0|0|0|0|0|0|0|0|0|0,8070
United States,Virginia,Medium trucks,2036,0|161|356|573|835|1042|1240|1418|1414|1371|1405|916|11|11|0|0|0|0|0|0|0|0|0|0|0|0|0|0|0|0|0,10753
United States,Virginia,Medium trucks,2037,0|180|401|663|940|1257|1464|1629|1753|1653|1527|1507|954|11|10|0|0|0|0|0|0|0|0|0|0|0|0|0|0|0|0,13949
United States,Virginia,Medium trucks,2038,0|191|448|747|1086|1416|1765|1925|2014|2049|1841|1637|1568|970|10|10|0|0|0|0|0|0|0|0|0|0|0|0|0|0|0,17677
United States,Virginia,Medium trucks,2039,0|204|476|835|1223|1635|1988|2322|2381|2354|2283|1974|1703|1592|964|10|9|0|0|0|0|0|0|0|0|0|0|0|0|0|0,21953
United States,Virginia,Medium trucks,2040,0|216|506|887|1367|1841|2296|2614|2870|2782|2623|2447|2054|1729|1585|941|9|9|0|0|0|0|0|0|0|0|0|0|0|0|0,26776
United States,Virginia,Medium trucks,2041,0|228|535|941|1451|2059|2586|3020|3232|3355|3100|2813|2545|2086|1721|1546|898|9|8|0|0|0|0|0|0|0|0|0|0|0|0,32133
United States,Virginia,Medium trucks,2042,0|240|566|996|1540|2187|2891|3402|3734|3778|3737|3324|2925|2585|2076|1679|1476|833|8|7|0|0|0|0|0|0|0|0|0|0|0,37984
United States,Virginia,Medium trucks,2043,0|243|598|1053|1631|2321|3072|3801|4205|4364|4208|4006|3457|2971|2573|2025|1602|1369|746|7|6|0|0|0|0|0|0|0|0|0|0,44258
United States,Virginia,Medium trucks,2044,0|246|605|1113|1724|2457|3259|4041|4700|4915|4863|4512|4166|3510|2957|2510|1932|1486|1227|641|6|4|0|0|0|0|0|0|0|0|0,50874
United States,Virginia,Medium trucks,2045,0|249|611|1126|1822|2596|3450|4288|4996|5493|5477|5213|4693|4231|3493|2884|2395|1794|1331|1054|525|4|3|0|0|0|0|0|0|0|0,57728
United States,Virginia,Medium trucks,2046,0|251|617|1137|1843|2745|3646|4538|5301|5839|6120|5872|5422|4767|4211|3408|2752|2223|1608|1144|863|408|3|2|0|0|0|0|0|0|0,64720
United States,Virginia,Medium trucks,2047,0|253|623|1148|1862|2776|3855|4796|5609|6195|6506|6561|6108|5508|4745|4109|3252|2555|1994|1381|936|670|302|2|2|0|0|0|0|0|0,71748
United States,Virginia,Medium trucks,2048,0|256|629|1160|1879|2805|3899|5071|5930|6556|6903|6974|6825|6204|5481|4630|3921|3018|2290|1712|1130|727|496|214|2|1|0|0|0|0|0,78713
United States,Virginia,Medium trucks,2049,0|258|634|1170|1899|2831|3938|5129|6268|6930|7304|7399|7254|6932|6173|5349|4418|3640|2705|1967|1401|878|538|352|147|1|1|0|0|0|0,85516
United States,Virginia,Medium trucks,2050,0|261|640|1180|1915|2861|3977|5179|6341|7325|7721|7830|7697|7368|6899|6024|5103|4101|3264|2323|1609|1089|650|382|242|98|1|0|0|0|0,92080
United States,Washington,Heavy trucks,2022,0|0|0|0|0|0|0|0|0|0|0|0|0|0|0|0|0|0|0|0|0|0|0|0|0|0|0|0|0|0|0,0
United States,Washington,Heavy trucks,2023,0|0|0|0|0|0|0|0|0|0|0|0|0|0|0|0|0|0|0|0|0|0|0|0|0|0|0|0|0|0|0,0
United States,Washington,Heavy trucks,2024,0|0|0|0|0|0|0|0|0|0|0|0|0|0|0|0|0|0|0|0|0|0|0|0|0|0|0|0|0|0|0,0
United States,Washington,Heavy trucks,2025,0|0|0|0|0|0|0|0|0|0|0|0|0|0|0|0|0|0|0|0|0|0|0|0|0|0|0|0|0|0|0,0
United States,Washington,Heavy trucks,2026,0|3|1|0|0|0|0|0|0|0|0|0|0|0|0|0|0|0|0|0|0|0|0|0|0|0|0|0|0|0|0,4
United States,Washington,Heavy trucks,2027,0|5|6|2|0|0|0|0|0|0|0|0|0|0|0|0|0|0|0|0|0|0|0|0|0|0|0|0|0|0|0,13
United States,Washington,Heavy trucks,2028,0|8|13|11|3|0|0|0|0|0|0|0|0|0|0|0|0|0|0|0|0|0|0|0|0|0|0|0|0|0|0,35
United States,Washington,Heavy trucks,2029,0|10|20|24|18|4|0|0|0|0|0|0|0|0|0|0|0|0|0|0|0|0|0|0|0|0|0|0|0|0|0,76
United States,Washington,Heavy trucks,2030,0|13|25|37|40|27|5|1|0|0|0|0|0|0|0|0|0|0|0|0|0|0|0|0|0|0|0|0|0|0|0,148
United States,Washington,Heavy trucks,2031,0|15|32|46|62|61|38|6|2|0|0|0|0|0|0|0|0|0|0|0|0|0|0|0|0|0|0|0|0|0|0,262
United States,Washington,Heavy trucks,2032,0|15|36|59|75|93|86|51|7|2|0|0|0|0|0|0|0|0|0|0|0|0|0|0|0|0|0|0|0|0|0,424
United States,Washington,Heavy trucks,2033,0|20|38|67|96|115|132|113|64|8|2|0|0|0|0|0|0|0|0|0|0|0|0|0|0|0|0|0|0|0|0,655
United States,Washington,Heavy trucks,2034,0|23|49|71|111|144|163|174|141|75|9|2|0|0|0|0|0|0|0|0|0|0|0|0|0|0|0|0|0|0|0,962
United States,Washington,Heavy trucks,2035,0|27|58|92|117|167|202|215|215|165|83|10|2|0|0|0|0|0|0|0|0|0|0|0|0|0|0|0|0|0|0,1353
United States,Washington,Heavy trucks,2036,0|30|66|108|152|177|235|266|265|252|184|90|11|2|0|0|0|0|0|0|0|0|0|0|0|0|0|0|0|0|0,1838
United States,Washington,Heavy trucks,2037,0|33|76|124|178|230|249|309|328|310|281|198|93|11|2|0|0|0|0|0|0|0|0|0|0|0|0|0|0|0|0,2422
United States,Washington,Heavy trucks,2038,0|37|83|141|203|269|324|327|383|384|346|301|206|94|10|2|0|0|0|0|0|0|0|0|0|0|0|0|0|0|0,3110
United States,Washington,Heavy trucks,2039,0|39|93|155|231|306|378|426|405|447|427|371|313|210|93|10|2|0|0|0|0|0|0|0|0|0|0|0|0|0|0,3906
United States,Washington,Heavy trucks,2040,0|43|99|173|256|348|430|496|526|473|498|458|386|318|208|91|9|2|0|0|0|0|0|0|0|0|0|0|0|0|0,4814
United States,Washington,Heavy trucks,2041,0|46|107|185|283|386|487|565|613|615|526|534|476|392|317|203|87|9|1|0|0|0|0|0|0|0|0|0|0|0|0,5832
United States,Washington,Heavy trucks,2042,0|53|114|199|304|425|542|641|699|715|685|563|555|484|390|309|194|81|8|1|0|0|0|0|0|0|0|0|0|0|0,6962
United States,Washington,Heavy trucks,2043,0|54|131|213|326|457|596|715|793|818|797|735|586|564|481|381|294|180|72|7|1|0|0|0|0|0|0|0|0|0|0,8201
United States,Washington,Heavy trucks,2044,0|54|133|244|349|492|640|785|883|925|911|855|764|596|561|469|362|273|161|62|6|1|0|0|0|0|0|0|0|0|0,9526
United States,Washington,Heavy trucks,2045,0|54|133|247|399|527|690|842|969|1033|1030|976|889|776|593|548|447|336|245|138|51|4|1|0|0|0|0|0|0|0|0,10928
United States,Washington,Heavy trucks,2046,0|54|134|248|404|601|739|907|1042|1132|1150|1105|1016|903|772|579|522|415|302|211|113|39|3|0|0|0|0|0|0|0|0,12391
United States,Washington,Heavy trucks,2047,0|54|134|249|405|608|843|972|1123|1218|1262|1233|1149|1031|898|753|553|484|372|259|172|88|29|2|0|0|0|0|0|0|0,13891
United States,Washington,Heavy trucks,2048,0|53|133|249|407|609|852|1111|1202|1312|1358|1353|1283|1167|1027|876|719|513|435|319|212|134|65|21|2|0|0|0|0|0|0,15412
United States,Washington,Heavy trucks,2049,0|53|131|247|407|613|854|1122|1375|1405|1462|1456|1408|1302|1162|1002|836|666|460|373|261|165|99|46|14|1|0|0|0|0|0,16920
United States,Washington,Heavy trucks,2050,0|53|131|244|404|613|859|1124|1388|1608|1565|1567|1514|1429|1296|1134|957|776|597|395|305|203|122|70|32|10|1|0|0|0|0,18397
United States,Washington,Medium trucks,2022,0|0|0|0|0|0|0|0|0|0|0|0|0|0|0|0|0|0|0|0|0|0|0|0|0|0|0|0|0|0|0,0
United States,Washington,Medium trucks,2023,0|0|0|0|0|0|0|0|0|0|0|0|0|0|0|0|0|0|0|0|0|0|0|0|0|0|0|0|0|0|0,0
United States,Washington,Medium trucks,2024,0|0|0|0|0|0|0|0|0|0|0|0|0|0|0|0|0|0|0|0|0|0|0|0|0|0|0|0|0|0|0,0
United States,Washington,Medium trucks,2025,0|0|1|0|0|0|0|0|0|0|0|0|0|0|0|0|0|0|0|0|0|0|0|0|0|0|0|0|0|0|0,1
United States,Washington,Medium trucks,2026,0|23|1|2|0|0|0|0|0|0|0|0|0|0|0|0|0|0|0|0|0|0|0|0|0|0|0|0|0|0|0,26
United States,Washington,Medium trucks,2027,0|37|56|2|3|0|0|0|0|0|0|0|0|0|0|0|0|0|0|0|0|0|0|0|0|0|0|0|0|0|0,98
United States,Washington,Medium trucks,2028,0|41|93|106|3|4|0|0|0|0|0|0|0|0|0|0|0|0|0|0|0|0|0|0|0|0|0|0|0|0|0,247
United States,Washington,Medium trucks,2029,0|50|103|174|174|4|5|0|0|0|0|0|0|0|0|0|0|0|0|0|0|0|0|0|0|0|0|0|0|0|0,510
United States,Washington,Medium trucks,2030,0|62|124|191|286|263|5|6|0|0|0|0|0|0|0|0|0|0|0|0|0|0|0|0|0|0|0|0|0|0|0,937
United States,Washington,Medium trucks,2031,0|72|154|231|313|431|369|6|7|0|0|0|0|0|0|0|0|0|0|0|0|0|0|0|0|0|0|0|0|0|0,1583
United States,Washington,Medium trucks,2032,0|85|179|287|378|471|605|484|7|8|0|0|0|0|0|0|0|0|0|0|0|0|0|0|0|0|0|0|0|0|0,2504
United States,Washington,Medium trucks,2033,0|104|212|332|471|570|661|797|598|8|9|0|0|0|0|0|0|0|0|0|0|0|0|0|0|0|0|0|0|0|0,3762
United States,Washington,Medium trucks,2034,0|117|257|394|544|710|800|869|985|698|9|10|0|0|0|0|0|0|0|0|0|0|0|0|0|0|0|0|0|0|0,5393
United States,Washington,Medium trucks,2035,0|137|290|478|645|818|997|1053|1075|1152|778|10|11|0|0|0|0|0|0|0|0|0|0|0|0|0|0|0|0|0|0,7444
United States,Washington,Medium trucks,2036,0|155|339|541|783|970|1149|1311|1302|1257|1284|834|11|11|0|0|0|0|0|0|0|0|0|0|0|0|0|0|0|0|0,9947
United States,Washington,Medium trucks,2037,0|173|384|630|887|1179|1363|1512|1621|1522|1400|1377|868|11|10|0|0|0|0|0|0|0|0|0|0|0|0|0|0|0|0,12937
United States,Washington,Medium trucks,2038,0|185|431|714|1032|1336|1656|1794|1869|1894|1697|1501|1432|882|10|10|0|0|0|0|0|0|0|0|0|0|0|0|0|0|0,16443
United States,Washington,Medium trucks,2039,0|198|461|802|1170|1554|1877|2178|2218|2185|2110|1820|1561|1454|878|10|9|0|0|0|0|0|0|0|0|0|0|0|0|0|0,20485
United States,Washington,Medium trucks,2040,0|211|492|858|1314|1762|2184|2468|2692|2593|2434|2262|1894|1586|1447|856|9|9|0|0|0|0|0|0|0|0|0|0|0|0|0,25071
United States,Washington,Medium trucks,2041,0|224|524|915|1404|1980|2474|2872|3052|3146|2890|2610|2353|1924|1578|1412|817|9|8|0|0|0|0|0|0|0|0|0|0|0|0,30192
United States,Washington,Medium trucks,2042,0|238|558|975|1499|2117|2779|3254|3550|3567|3505|3099|2716|2389|1915|1540|1348|758|8|7|0|0|0|0|0|0|0|0|0|0|0,35822
United States,Washington,Medium trucks,2043,0|242|592|1038|1597|2258|2974|3654|4023|4149|3974|3757|3223|2758|2378|1869|1470|1251|680|7|6|0|0|0|0|0|0|0|0|0|0,41900
United States,Washington,Medium trucks,2044,0|246|602|1102|1699|2405|3171|3911|4518|4702|4622|4261|3908|3273|2744|2320|1783|1364|1121|584|6|4|0|0|0|0|0|0|0|0|0,48346
United States,Washington,Medium trucks,2045,0|251|612|1121|1805|2559|3378|4171|4835|5281|5239|4955|4432|3969|3257|2678|2215|1655|1222|963|478|4|3|0|0|0|0|0|0|0|0,55083
United States,Washington,Medium trucks,2046,0|255|623|1140|1836|2718|3593|4443|5157|5650|5884|5616|5154|4502|3951|3179|2555|2057|1484|1050|788|371|3|2|0|0|0|0|0|0|0,62011
United States,Washington,Medium trucks,2047,0|259|633|1159|1867|2766|3817|4725|5492|6028|6296|6309|5842|5235|4481|3855|3033|2371|1844|1274|859|612|275|2|2|0|0|0|0|0|0,69036
United States,Washington,Medium trucks,2048,0|263|643|1178|1898|2813|3885|5020|5841|6419|6717|6750|6563|5933|5210|4372|3678|2816|2126|1583|1043|668|453|195|2|1|0|0|0|0|0,76070
United States,Washington,Medium trucks,2049,0|267|653|1196|1929|2859|3951|5111|6206|6827|7152|7202|7022|6665|5904|5084|4171|3413|2524|1826|1296|810|494|322|134|1|1|0|0|0|0,83020
United States,Washington,Medium trucks,2050,0|271|662|1214|1958|2905|4015|5195|6319|7253|7607|7668|7492|7132|6633|5761|4851|3872|3059|2167|1494|1007|600|351|221|90|1|0|0|0|0,89798
United States,West Virginia,Heavy trucks,2022,0|0|0|0|0|0|0|0|0|0|0|0|0|0|0|0|0|0|0|0|0|0|0|0|0|0|0|0|0|0|0,0
United States,West Virginia,Heavy trucks,2023,0|0|0|0|0|0|0|0|0|0|0|0|0|0|0|0|0|0|0|0|0|0|0|0|0|0|0|0|0|0|0,0
United States,West Virginia,Heavy trucks,2024,0|0|0|0|0|0|0|0|0|0|0|0|0|0|0|0|0|0|0|0|0|0|0|0|0|0|0|0|0|0|0,0
United States,West Virginia,Heavy trucks,2025,0|0|0|0|0|0|0|0|0|0|0|0|0|0|0|0|0|0|0|0|0|0|0|0|0|0|0|0|0|0|0,0
United States,West Virginia,Heavy trucks,2026,0|1|0|0|0|0|0|0|0|0|0|0|0|0|0|0|0|0|0|0|0|0|0|0|0|0|0|0|0|0|0,1
United States,West Virginia,Heavy trucks,2027,0|1|2|0|0|0|0|0|0|0|0|0|0|0|0|0|0|0|0|0|0|0|0|0|0|0|0|0|0|0|0,3
United States,West Virginia,Heavy trucks,2028,0|2|3|3|0|0|0|0|0|0|0|0|0|0|0|0|0|0|0|0|0|0|0|0|0|0|0|0|0|0|0,8
United States,West Virginia,Heavy trucks,2029,0|2|5|6|4|0|0|0|0|0|0|0|0|0|0|0|0|0|0|0|0|0|0|0|0|0|0|0|0|0|0,17
United States,West Virginia,Heavy trucks,2030,0|3|5|9|9|6|0|0|0|0|0|0|0|0|0|0|0|0|0|0|0|0|0|0|0|0|0|0|0|0|0,32
United States,West Virginia,Heavy trucks,2031,0|3|7|10|14|14|9|0|0|0|0|0|0|0|0|0|0|0|0|0|0|0|0|0|0|0|0|0|0|0|0,57
United States,West Virginia,Heavy trucks,2032,0|3|8|12|17|21|19|12|0|0|0|0|0|0|0|0|0|0|0|0|0|0|0|0|0|0|0|0|0|0|0,92
United States,West Virginia,Heavy trucks,2033,0|4|8|15|19|25|29|25|15|0|0|0|0|0|0|0|0|0|0|0|0|0|0|0|0|0|0|0|0|0|0,140
United States,West Virginia,Heavy trucks,2034,0|5|10|15|24|29|35|38|31|18|0|0|0|0|0|0|0|0|0|0|0|0|0|0|0|0|0|0|0|0|0,205
United States,West Virginia,Heavy trucks,2035,0|5|12|19|24|35|41|46|47|36|20|0|0|0|0|0|0|0|0|0|0|0|0|0|0|0|0|0|0|0|0,285
United States,West Virginia,Heavy trucks,2036,0|6|12|22|31|36|49|54|57|55|40|21|0|0|0|0|0|0|0|0|0|0|0|0|0|0|0|0|0|0|0,383
United States,West Virginia,Heavy trucks,2037,0|7|15|23|35|46|51|64|67|66|60|42|22|0|0|0|0|0|0|0|0|0|0|0|0|0|0|0|0|0|0,498
United States,West Virginia,Heavy trucks,2038,0|7|16|28|38|52|65|67|79|78|72|65|44|22|0|0|0|0|0|0|0|0|0|0|0|0|0|0|0|0|0,633
United States,West Virginia,Heavy trucks,2039,0|7|17|29|45|58|73|86|82|92|86|77|67|44|23|0|0|0|0|0|0|0|0|0|0|0|0|0|0|0|0,786
United States,West Virginia,Heavy trucks,2040,0|7|18|32|48|67|82|96|106|96|102|93|79|68|44|22|0|0|0|0|0|0|0|0|0|0|0|0|0|0|0,960
United States,West Virginia,Heavy trucks,2041,0|8|18|33|52|72|94|108|119|122|106|108|97|81|68|44|21|0|0|0|0|0|0|0|0|0|0|0|0|0|0,1151
United States,West Virginia,Heavy trucks,2042,0|9|20|35|54|78|101|123|134|139|136|113|112|98|80|67|42|19|0|0|0|0|0|0|0|0|0|0|0|0|0,1360
United States,West Virginia,Heavy trucks,2043,0|9|22|37|58|81|109|134|153|157|156|146|117|114|97|78|64|38|17|0|0|0|0|0|0|0|0|0|0|0|0,1587
United States,West Virginia,Heavy trucks,2044,0|9|22|41|60|87|114|144|165|178|176|168|152|119|113|95|75|59|34|15|0|0|0|0|0|0|0|0|0|0|0,1826
United States,West Virginia,Heavy trucks,2045,0|9|22|41|68|91|123|152|177|193|198|188|175|154|118|110|91|70|53|30|12|0|0|0|0|0|0|0|0|0|0,2075
United States,West Virginia,Heavy trucks,2046,0|9|22|41|68|103|129|163|188|208|215|213|196|177|154|115|106|84|62|46|24|9|0|0|0|0|0|0|0|0|0,2332
United States,West Virginia,Heavy trucks,2047,0|9|22|41|67|103|145|171|201|220|232|231|222|199|176|149|110|98|75|54|37|19|7|0|0|0|0|0|0|0|0,2588
United States,West Virginia,Heavy trucks,2048,0|8|22|41|66|101|145|191|211|235|245|249|240|226|197|171|143|103|87|65|44|29|14|5|0|0|0|0|0|0|0,2838
United States,West Virginia,Heavy trucks,2049,0|8|20|40|66|99|143|191|236|247|262|263|258|245|223|191|163|133|92|75|53|34|21|10|3|0|0|0|0|0|0,3076
United States,West Virginia,Heavy trucks,2050,0|8|20|37|65|99|140|189|236|276|275|280|275|262|243|218|182|152|119|79|61|41|25|15|7|2|0|0|0|0|0,3306
United States,West Virginia,Medium trucks,2022,0|0|0|0|0|0|0|0|0|0|0|0|0|0|0|0|0|0|0|0|0|0|0|0|0|0|0|0|0|0|0,0
United States,West Virginia,Medium trucks,2023,0|0|0|0|0|0|0|0|0|0|0|0|0|0|0|0|0|0|0|0|0|0|0|0|0|0|0|0|0|0|0,0
United States,West Virginia,Medium trucks,2024,0|0|0|0|0|0|0|0|0|0|0|0|0|0|0|0|0|0|0|0|0|0|0|0|0|0|0|0|0|0|0,0
United States,West Virginia,Medium trucks,2025,0|0|0|0|0|0|0|0|0|0|0|0|0|0|0|0|0|0|0|0|0|0|0|0|0|0|0|0|0|0|0,0
United States,West Virginia,Medium trucks,2026,0|5|0|0|0|0|0|0|0|0|0|0|0|0|0|0|0|0|0|0|0|0|0|0|0|0|0|0|0|0|0,5
United States,West Virginia,Medium trucks,2027,0|8|12|0|0|0|0|0|0|0|0|0|0|0|0|0|0|0|0|0|0|0|0|0|0|0|0|0|0|0|0,20
United States,West Virginia,Medium trucks,2028,0|9|20|23|0|0|0|0|0|0|0|0|0|0|0|0|0|0|0|0|0|0|0|0|0|0|0|0|0|0|0,52
United States,West Virginia,Medium trucks,2029,0|11|22|37|38|0|0|0|0|0|0|0|0|0|0|0|0|0|0|0|0|0|0|0|0|0|0|0|0|0|0,108
United States,West Virginia,Medium trucks,2030,0|13|26|41|61|57|0|0|0|0|0|0|0|0|0|0|0|0|0|0|0|0|0|0|0|0|0|0|0|0|0,198
United States,West Virginia,Medium trucks,2031,0|15|32|49|67|92|80|0|0|0|0|0|0|0|0|0|0|0|0|0|0|0|0|0|0|0|0|0|0|0|0,335
United States,West Virginia,Medium trucks,2032,0|17|37|59|80|100|130|105|0|0|0|0|0|0|0|0|0|0|0|0|0|0|0|0|0|0|0|0|0|0|0,528
United States,West Virginia,Medium trucks,2033,0|21|42|68|97|122|142|172|131|0|0|0|0|0|0|0|0|0|0|0|0|0|0|0|0|0|0|0|0|0|0,795
United States,West Virginia,Medium trucks,2034,0|23|52|79|112|147|172|187|213|153|0|0|0|0|0|0|0|0|0|0|0|0|0|0|0|0|0|0|0|0|0,1138
United States,West Virginia,Medium trucks,2035,0|27|57|97|131|170|207|226|230|250|171|0|0|0|0|0|0|0|0|0|0|0|0|0|0|0|0|0|0|0|0,1566
United States,West Virginia,Medium trucks,2036,0|29|66|107|159|198|239|273|278|270|279|183|0|0|0|0|0|0|0|0|0|0|0|0|0|0|0|0|0|0|0,2081
United States,West Virginia,Medium trucks,2037,0|33|72|123|175|239|279|314|339|325|300|299|192|0|0|0|0|0|0|0|0|0|0|0|0|0|0|0|0|0|0,2690
United States,West Virginia,Medium trucks,2038,0|34|82|136|201|265|336|367|389|397|363|322|311|194|0|0|0|0|0|0|0|0|0|0|0|0|0|0|0|0|0,3397
United States,West Virginia,Medium trucks,2039,0|35|86|152|223|304|372|440|454|455|442|390|335|316|192|0|0|0|0|0|0|0|0|0|0|0|0|0|0|0|0,4196
United States,West Virginia,Medium trucks,2040,0|37|89|160|249|337|427|488|544|530|506|474|406|340|315|187|0|0|0|0|0|0|0|0|0|0|0|0|0|0|0,5089
United States,West Virginia,Medium trucks,2041,0|39|93|167|262|374|473|561|604|637|592|541|494|412|338|307|178|0|0|0|0|0|0|0|0|0|0|0|0|0|0,6072
United States,West Virginia,Medium trucks,2042,0|41|98|174|274|394|525|623|694|706|709|634|563|501|410|330|292|166|0|0|0|0|0|0|0|0|0|0|0|0|0,7134
United States,West Virginia,Medium trucks,2043,0|41|103|182|286|413|553|692|771|811|788|760|659|572|499|400|314|271|148|0|0|0|0|0|0|0|0|0|0|0|0,8263
United States,West Virginia,Medium trucks,2044,0|41|103|191|299|431|579|728|855|901|903|846|791|670|569|487|381|291|244|127|0|0|0|0|0|0|0|0|0|0|0,9437
United States,West Virginia,Medium trucks,2045,0|41|103|191|314|450|605|762|899|1000|1004|968|880|803|668|556|464|354|262|209|104|0|0|0|0|0|0|0|0|0|0,10637
United States,West Virginia,Medium trucks,2046,0|41|103|191|314|473|631|797|941|1051|1114|1077|1008|895|799|650|531|431|318|225|171|81|0|0|0|0|0|0|0|0|0,11842
United States,West Virginia,Medium trucks,2047,0|41|103|191|314|473|664|831|985|1100|1170|1194|1120|1024|890|781|621|493|387|273|184|133|60|0|0|0|0|0|0|0|0,13032
United States,West Virginia,Medium trucks,2048,0|41|103|191|314|473|664|872|1028|1152|1227|1254|1241|1138|1018|868|745|576|442|332|223|143|98|43|0|0|0|0|0|0|0,14186
United States,West Virginia,Medium trucks,2049,0|41|103|191|313|472|664|873|1079|1202|1284|1315|1305|1262|1133|994|829|690|516|379|271|173|106|70|29|0|0|0|0|0|0,15294
United States,West Virginia,Medium trucks,2050,0|41|102|191|313|471|662|872|1080|1261|1340|1377|1368|1325|1256|1105|949|769|619|444|310|211|128|75|48|20|0|0|0|0|0,16337
United States,Wisconsin,Heavy trucks,2022,0|0|0|0|0|0|0|0|0|0|0|0|0|0|0|0|0|0|0|0|0|0|0|0|0|0|0|0|0|0|0,0
United States,Wisconsin,Heavy trucks,2023,0|0|0|0|0|0|0|0|0|0|0|0|0|0|0|0|0|0|0|0|0|0|0|0|0|0|0|0|0|0|0,0
United States,Wisconsin,Heavy trucks,2024,0|0|0|0|0|0|0|0|0|0|0|0|0|0|0|0|0|0|0|0|0|0|0|0|0|0|0|0|0|0|0,0
United States,Wisconsin,Heavy trucks,2025,0|0|0|0|0|0|0|0|0|0|0|0|0|0|0|0|0|0|0|0|0|0|0|0|0|0|0|0|0|0|0,0
United States,Wisconsin,Heavy trucks,2026,0|2|0|0|0|0|0|0|0|0|0|0|0|0|0|0|0|0|0|0|0|0|0|0|0|0|0|0|0|0|0,2
United States,Wisconsin,Heavy trucks,2027,0|4|5|1|0|0|0|0|0|0|0|0|0|0|0|0|0|0|0|0|0|0|0|0|0|0|0|0|0|0|0,10
United States,Wisconsin,Heavy trucks,2028,0|6|10|9|2|0|0|0|0|0|0|0|0|0|0|0|0|0|0|0|0|0|0|0|0|0|0|0|0|0|0,27
United States,Wisconsin,Heavy trucks,2029,0|7|15|19|14|3|0|0|0|0|0|0|0|0|0|0|0|0|0|0|0|0|0|0|0|0|0|0|0|0|0,58
United States,Wisconsin,Heavy trucks,2030,0|9|18|28|31|21|4|0|0|0|0|0|0|0|0|0|0|0|0|0|0|0|0|0|0|0|0|0|0|0|0,111
United States,Wisconsin,Heavy trucks,2031,0|11|22|33|45|46|30|5|0|0|0|0|0|0|0|0|0|0|0|0|0|0|0|0|0|0|0|0|0|0|0,192
United States,Wisconsin,Heavy trucks,2032,0|11|26|41|54|68|65|39|6|0|0|0|0|0|0|0|0|0|0|0|0|0|0|0|0|0|0|0|0|0|0,310
United States,Wisconsin,Heavy trucks,2033,0|14|27|48|68|82|95|85|48|7|0|0|0|0|0|0|0|0|0|0|0|0|0|0|0|0|0|0|0|0|0,474
United States,Wisconsin,Heavy trucks,2034,0|16|35|50|79|102|115|127|105|56|8|0|0|0|0|0|0|0|0|0|0|0|0|0|0|0|0|0|0|0|0,693
United States,Wisconsin,Heavy trucks,2035,0|19|40|65|82|120|144|153|158|121|62|9|0|0|0|0|0|0|0|0|0|0|0|0|0|0|0|0|0|0|0,973
United States,Wisconsin,Heavy trucks,2036,0|21|46|75|107|124|169|190|190|185|135|67|10|0|0|0|0|0|0|0|0|0|0|0|0|0|0|0|0|0|0,1319
United States,Wisconsin,Heavy trucks,2037,0|23|52|85|123|162|175|223|235|223|206|144|69|10|0|0|0|0|0|0|0|0|0|0|0|0|0|0|0|0|0,1730
United States,Wisconsin,Heavy trucks,2038,0|25|56|96|140|186|228|231|274|275|248|221|150|70|9|0|0|0|0|0|0|0|0|0|0|0|0|0|0|0|0,2209
United States,Wisconsin,Heavy trucks,2039,0|26|62|106|158|211|262|300|286|320|305|266|231|152|70|9|0|0|0|0|0|0|0|0|0|0|0|0|0|0|0,2764
United States,Wisconsin,Heavy trucks,2040,0|28|65|116|174|238|297|344|371|335|358|327|278|235|152|68|9|0|0|0|0|0|0|0|0|0|0|0|0|0|0,3395
United States,Wisconsin,Heavy trucks,2041,0|29|69|122|189|263|334|390|426|433|374|385|340|282|233|148|66|8|0|0|0|0|0|0|0|0|0|0|0|0|0,4091
United States,Wisconsin,Heavy trucks,2042,0|33|73|129|200|284|369|438|483|497|482|401|400|345|282|227|141|61|7|0|0|0|0|0|0|0|0|0|0|0|0,4852
United States,Wisconsin,Heavy trucks,2043,0|33|83|137|212|302|399|483|541|565|554|517|418|406|343|275|216|131|55|6|0|0|0|0|0|0|0|0|0|0|0,5676
United States,Wisconsin,Heavy trucks,2044,0|33|83|155|225|321|425|524|597|633|630|594|538|424|404|334|262|201|118|47|5|0|0|0|0|0|0|0|0|0|0,6553
United States,Wisconsin,Heavy trucks,2045,0|33|83|155|256|340|451|558|647|697|704|676|617|547|422|394|318|243|180|101|38|4|0|0|0|0|0|0|0|0|0,7464
United States,Wisconsin,Heavy trucks,2046,0|33|83|155|256|387|477|595|689|756|777|754|702|627|544|412|375|295|219|154|83|30|3|0|0|0|0|0|0|0|0,8406
United States,Wisconsin,Heavy trucks,2047,0|32|83|155|254|386|543|629|737|806|843|833|785|712|624|531|393|348|265|188|126|64|22|2|0|0|0|0|0|0|0,9361
United States,Wisconsin,Heavy trucks,2048,0|31|80|153|254|383|541|716|779|862|897|904|867|796|709|609|507|364|313|228|154|98|47|16|1|0|0|0|0|0|0,10309
United States,Wisconsin,Heavy trucks,2049,0|31|79|150|251|382|538|713|884|910|960|963|941|881|793|691|581|470|327|268|186|119|73|34|11|1|0|0|0|0|0,11237
United States,Wisconsin,Heavy trucks,2050,0|31|78|147|247|378|535|709|881|1034|1013|1029|1002|956|877|773|660|539|422|281|219|145|88|52|23|7|1|0|0|0|0,12127
United States,Wisconsin,Medium trucks,2022,0|0|0|0|0|0|0|0|0|0|0|0|0|0|0|0|0|0|0|0|0|0|0|0|0|0|0|0|0|0|0,0
United States,Wisconsin,Medium trucks,2023,0|0|0|0|0|0|0|0|0|0|0|0|0|0|0|0|0|0|0|0|0|0|0|0|0|0|0|0|0|0|0,0
United States,Wisconsin,Medium trucks,2024,0|0|0|0|0|0|0|0|0|0|0|0|0|0|0|0|0|0|0|0|0|0|0|0|0|0|0|0|0|0|0,0
United States,Wisconsin,Medium trucks,2025,0|0|0|0|0|0|0|0|0|0|0|0|0|0|0|0|0|0|0|0|0|0|0|0|0|0|0|0|0|0|0,0
United States,Wisconsin,Medium trucks,2026,0|17|0|1|0|0|0|0|0|0|0|0|0|0|0|0|0|0|0|0|0|0|0|0|0|0|0|0|0|0|0,18
United States,Wisconsin,Medium trucks,2027,0|27|42|1|2|0|0|0|0|0|0|0|0|0|0|0|0|0|0|0|0|0|0|0|0|0|0|0|0|0|0,72
United States,Wisconsin,Medium trucks,2028,0|30|68|78|2|3|0|0|0|0|0|0|0|0|0|0|0|0|0|0|0|0|0|0|0|0|0|0|0|0|0,181
United States,Wisconsin,Medium trucks,2029,0|36|74|128|128|3|4|0|0|0|0|0|0|0|0|0|0|0|0|0|0|0|0|0|0|0|0|0|0|0|0,373
United States,Wisconsin,Medium trucks,2030,0|44|90|138|210|193|4|5|0|0|0|0|0|0|0|0|0|0|0|0|0|0|0|0|0|0|0|0|0|0|0,684
United States,Wisconsin,Medium trucks,2031,0|52|110|168|226|317|272|5|6|0|0|0|0|0|0|0|0|0|0|0|0|0|0|0|0|0|0|0|0|0|0,1156
United States,Wisconsin,Medium trucks,2032,0|61|128|207|275|342|446|358|6|7|0|0|0|0|0|0|0|0|0|0|0|0|0|0|0|0|0|0|0|0|0,1830
United States,Wisconsin,Medium trucks,2033,0|73|151|239|340|414|480|587|443|7|8|0|0|0|0|0|0|0|0|0|0|0|0|0|0|0|0|0|0|0|0,2742
United States,Wisconsin,Medium trucks,2034,0|82|182|280|390|512|581|633|727|516|8|9|0|0|0|0|0|0|0|0|0|0|0|0|0|0|0|0|0|0|0,3920
United States,Wisconsin,Medium trucks,2035,0|94|203|337|459|587|718|766|783|850|575|9|9|0|0|0|0|0|0|0|0|0|0|0|0|0|0|0|0|0|0,5390
United States,Wisconsin,Medium trucks,2036,0|106|233|377|551|692|823|945|945|915|947|616|9|9|0|0|0|0|0|0|0|0|0|0|0|0|0|0|0|0|0,7168
United States,Wisconsin,Medium trucks,2037,0|117|263|434|618|829|971|1083|1168|1104|1020|1015|641|9|8|0|0|0|0|0|0|0|0|0|0|0|0|0|0|0|0,9280
United States,Wisconsin,Medium trucks,2038,0|125|290|488|711|930|1165|1277|1338|1365|1231|1094|1056|652|8|8|0|0|0|0|0|0|0|0|0|0|0|0|0|0|0,11738
United States,Wisconsin,Medium trucks,2039,0|131|308|541|799|1071|1308|1532|1579|1564|1521|1320|1138|1072|650|8|8|0|0|0|0|0|0|0|0|0|0|0|0|0|0,14550
United States,Wisconsin,Medium trucks,2040,0|139|326|573|887|1202|1504|1720|1894|1846|1742|1631|1372|1156|1066|633|8|7|0|0|0|0|0|0|0|0|0|0|0|0|0,17706
United States,Wisconsin,Medium trucks,2041,0|145|345|607|940|1336|1688|1979|2125|2214|2056|1868|1696|1394|1150|1040|605|7|6|0|0|0|0|0|0|0|0|0|0|0|0,21201
United States,Wisconsin,Medium trucks,2042,0|153|361|640|994|1416|1877|2220|2446|2484|2466|2204|1943|1722|1387|1122|993|561|6|6|0|0|0|0|0|0|0|0|0|0|0,25001
United States,Wisconsin,Medium trucks,2043,0|155|381|672|1048|1496|1988|2468|2744|2859|2768|2644|2292|1973|1714|1353|1071|922|503|6|5|0|0|0|0|0|0|0|0|0|0,29062
United States,Wisconsin,Medium trucks,2044,0|155|384|709|1101|1578|2101|2615|3052|3207|3186|2966|2751|2328|1964|1673|1291|995|826|432|5|4|0|0|0|0|0|0|0|0|0,33323
United States,Wisconsin,Medium trucks,2045,0|156|385|714|1161|1658|2216|2763|3233|3567|3574|3416|3085|2793|2317|1917|1596|1199|891|710|354|4|3|0|0|0|0|0|0|0|0,37712
United States,Wisconsin,Medium trucks,2046,0|157|388|717|1170|1749|2329|2915|3416|3779|3974|3831|3554|3134|2780|2260|1829|1481|1074|766|580|275|3|2|0|0|0|0|0|0|0,42163
United States,Wisconsin,Medium trucks,2047,0|158|390|722|1175|1762|2455|3065|3604|3993|4209|4261|3984|3610|3119|2712|2156|1698|1326|923|626|451|203|2|1|0|0|0|0|0|0,46605
United States,Wisconsin,Medium trucks,2048,0|159|392|726|1183|1771|2474|3229|3790|4213|4448|4513|4432|4046|3593|3044|2588|2002|1522|1139|755|487|334|144|1|1|0|0|0|0|0,50986
United States,Wisconsin,Medium trucks,2049,0|159|395|730|1190|1782|2487|3254|3992|4431|4693|4769|4694|4502|4027|3506|2904|2402|1795|1308|932|586|360|237|99|1|1|0|0|0|0,55236
United States,Wisconsin,Medium trucks,2050,0|161|395|735|1196|1792|2502|3271|4023|4665|4937|5031|4961|4768|4481|3929|3345|2697|2153|1541|1070|725|434|256|163|66|1|0|0|0|0,59298
United States,Wyoming,Heavy trucks,2022,0|0|0|0|0|0|0|0|0|0|0|0|0|0|0|0|0|0|0|0|0|0|0|0|0|0|0|0|0|0|0,0
United States,Wyoming,Heavy trucks,2023,0|0|0|0|0|0|0|0|0|0|0|0|0|0|0|0|0|0|0|0|0|0|0|0|0|0|0|0|0|0|0,0
United States,Wyoming,Heavy trucks,2024,0|0|0|0|0|0|0|0|0|0|0|0|0|0|0|0|0|0|0|0|0|0|0|0|0|0|0|0|0|0|0,0
United States,Wyoming,Heavy trucks,2025,0|0|0|0|0|0|0|0|0|0|0|0|0|0|0|0|0|0|0|0|0|0|0|0|0|0|0|0|0|0|0,0
United States,Wyoming,Heavy trucks,2026,0|0|0|0|0|0|0|0|0|0|0|0|0|0|0|0|0|0|0|0|0|0|0|0|0|0|0|0|0|0|0,0
United States,Wyoming,Heavy trucks,2027,0|1|1|0|0|0|0|0|0|0|0|0|0|0|0|0|0|0|0|0|0|0|0|0|0|0|0|0|0|0|0,2
United States,Wyoming,Heavy trucks,2028,0|1|2|2|0|0|0|0|0|0|0|0|0|0|0|0|0|0|0|0|0|0|0|0|0|0|0|0|0|0|0,5
United States,Wyoming,Heavy trucks,2029,0|1|2|3|3|0|0|0|0|0|0|0|0|0|0|0|0|0|0|0|0|0|0|0|0|0|0|0|0|0|0,9
United States,Wyoming,Heavy trucks,2030,0|1|2|3|4|4|0|0|0|0|0|0|0|0|0|0|0|0|0|0|0|0|0|0|0|0|0|0|0|0|0,14
United States,Wyoming,Heavy trucks,2031,0|1|2|3|4|5|5|0|0|0|0|0|0|0|0|0|0|0|0|0|0|0|0|0|0|0|0|0|0|0|0,20
United States,Wyoming,Heavy trucks,2032,0|1|2|4|5|6|7|6|0|0|0|0|0|0|0|0|0|0|0|0|0|0|0|0|0|0|0|0|0|0|0,31
United States,Wyoming,Heavy trucks,2033,0|1|2|4|7|8|9|9|7|0|0|0|0|0|0|0|0|0|0|0|0|0|0|0|0|0|0|0|0|0|0,47
United States,Wyoming,Heavy trucks,2034,0|1|3|5|7|10|11|12|11|8|0|0|0|0|0|0|0|0|0|0|0|0|0|0|0|0|0|0|0|0|0,68
United States,Wyoming,Heavy trucks,2035,0|2|4|6|8|11|14|14|15|12|9|0|0|0|0|0|0|0|0|0|0|0|0|0|0|0|0|0|0|0|0,95
United States,Wyoming,Heavy trucks,2036,0|2|5|7|10|12|16|19|17|18|13|10|0|0|0|0|0|0|0|0|0|0|0|0|0|0|0|0|0|0|0,129
United States,Wyoming,Heavy trucks,2037,0|2|5|9|12|15|17|21|24|20|20|14|11|0|0|0|0|0|0|0|0|0|0|0|0|0|0|0|0|0|0,170
United States,Wyoming,Heavy trucks,2038,0|3|5|9|14|18|22|22|26|28|23|21|15|11|0|0|0|0|0|0|0|0|0|0|0|0|0|0|0|0|0,217
United States,Wyoming,Heavy trucks,2039,0|3|6|10|15|21|25|29|27|31|31|25|22|15|10|0|0|0|0|0|0|0|0|0|0|0|0|0|0|0|0,270
United States,Wyoming,Heavy trucks,2040,0|3|6|11|17|22|29|33|36|32|34|33|25|22|15|10|0|0|0|0|0|0|0|0|0|0|0|0|0|0|0,328
United States,Wyoming,Heavy trucks,2041,0|3|7|11|18|26|31|38|40|42|35|36|33|26|23|15|9|0|0|0|0|0|0|0|0|0|0|0|0|0|0,393
United States,Wyoming,Heavy trucks,2042,0|3|7|12|18|27|36|41|47|47|47|37|37|34|26|22|14|9|0|0|0|0|0|0|0|0|0|0|0|0|0,464
United States,Wyoming,Heavy trucks,2043,0|3|8|13|20|27|38|47|51|55|52|49|39|38|34|26|21|13|8|0|0|0|0|0|0|0|0|0|0|0|0,542
United States,Wyoming,Heavy trucks,2044,0|3|8|15|22|30|38|50|58|60|60|55|52|40|38|34|24|19|11|7|0|0|0|0|0|0|0|0|0|0|0,624
United States,Wyoming,Heavy trucks,2045,0|3|8|15|24|33|43|51|61|67|66|65|58|52|40|37|32|22|17|10|6|0|0|0|0|0|0|0|0|0|0,710
United States,Wyoming,Heavy trucks,2046,0|3|8|15|24|37|46|56|64|72|73|71|67|58|52|39|35|30|20|15|8|4|0|0|0|0|0|0|0|0|0,797
United States,Wyoming,Heavy trucks,2047,0|3|8|15|24|36|52|61|69|75|80|78|73|68|57|51|37|33|27|17|12|6|3|0|0|0|0|0|0|0|0,885
United States,Wyoming,Heavy trucks,2048,0|3|8|15|24|36|51|68|75|81|83|86|80|74|68|56|48|34|29|23|14|9|5|2|0|0|0|0|0|0|0,972
United States,Wyoming,Heavy trucks,2049,0|3|8|15|24|36|51|67|84|88|89|90|89|82|74|67|55|45|31|25|19|11|7|3|2|0|0|0|0|0|0,1065
United States,Wyoming,Heavy trucks,2050,0|3|8|15|24|36|51|67|83|98|97|96|94|91|81|72|64|50|40|26|21|14|8|5|2|1|0|0|0|0|0,1147
United States,Wyoming,Medium trucks,2022,0|0|0|0|0|0|0|0|0|0|0|0|0|0|0|0|0|0|0|0|0|0|0|0|0|0|0|0|0|0|0,0
United States,Wyoming,Medium trucks,2023,0|0|0|0|0|0|0|0|0|0|0|0|0|0|0|0|0|0|0|0|0|0|0|0|0|0|0|0|0|0|0,0
United States,Wyoming,Medium trucks,2024,0|0|0|0|0|0|0|0|0|0|0|0|0|0|0|0|0|0|0|0|0|0|0|0|0|0|0|0|0|0|0,0
United States,Wyoming,Medium trucks,2025,0|0|0|0|0|0|0|0|0|0|0|0|0|0|0|0|0|0|0|0|0|0|0|0|0|0|0|0|0|0|0,0
United States,Wyoming,Medium trucks,2026,0|1|0|0|0|0|0|0|0|0|0|0|0|0|0|0|0|0|0|0|0|0|0|0|0|0|0|0|0|0|0,1
United States,Wyoming,Medium trucks,2027,0|3|4|0|0|0|0|0|0|0|0|0|0|0|0|0|0|0|0|0|0|0|0|0|0|0|0|0|0|0|0,7
United States,Wyoming,Medium trucks,2028,0|3|7|7|0|0|0|0|0|0|0|0|0|0|0|0|0|0|0|0|0|0|0|0|0|0|0|0|0|0|0,17
United States,Wyoming,Medium trucks,2029,0|3|8|12|12|0|0|0|0|0|0|0|0|0|0|0|0|0|0|0|0|0|0|0|0|0|0|0|0|0|0,35
United States,Wyoming,Medium trucks,2030,0|5|8|14|20|19|0|0|0|0|0|0|0|0|0|0|0|0|0|0|0|0|0|0|0|0|0|0|0|0|0,66
United States,Wyoming,Medium trucks,2031,0|5|12|15|23|31|26|0|0|0|0|0|0|0|0|0|0|0|0|0|0|0|0|0|0|0|0|0|0|0|0,112
United States,Wyoming,Medium trucks,2032,0|6|12|21|26|34|44|34|0|0|0|0|0|0|0|0|0|0|0|0|0|0|0|0|0|0|0|0|0|0|0,177
United States,Wyoming,Medium trucks,2033,0|7|15|23|34|39|47|57|42|0|0|0|0|0|0|0|0|0|0|0|0|0|0|0|0|0|0|0|0|0|0,264
United States,Wyoming,Medium trucks,2034,0|8|18|28|38|51|55|62|70|49|0|0|0|0|0|0|0|0|0|0|0|0|0|0|0|0|0|0|0|0|0,379
United States,Wyoming,Medium trucks,2035,0|9|19|33|45|57|71|72|77|82|54|0|0|0|0|0|0|0|0|0|0|0|0|0|0|0|0|0|0|0|0,519
United States,Wyoming,Medium trucks,2036,0|10|22|36|54|67|80|92|89|90|90|57|0|0|0|0|0|0|0|0|0|0|0|0|0|0|0|0|0|0|0,687
United States,Wyoming,Medium trucks,2037,0|11|25|41|59|81|94|105|113|103|99|97|60|0|0|0|0|0|0|0|0|0|0|0|0|0|0|0|0|0|0,888
United States,Wyoming,Medium trucks,2038,0|12|28|46|68|89|113|123|131|131|115|106|101|60|0|0|0|0|0|0|0|0|0|0|0|0|0|0|0|0|0,1123
United States,Wyoming,Medium trucks,2039,0|13|29|52|75|103|126|149|153|152|147|123|109|102|59|0|0|0|0|0|0|0|0|0|0|0|0|0|0|0|0,1392
United States,Wyoming,Medium trucks,2040,0|13|32|54|85|115|145|166|184|178|170|158|128|111|101|58|0|0|0|0|0|0|0|0|0|0|0|0|0|0|0,1698
United States,Wyoming,Medium trucks,2041,0|14|32|59|89|129|162|191|205|216|199|182|163|129|110|98|56|0|0|0|0|0|0|0|0|0|0|0|0|0|0,2034
United States,Wyoming,Medium trucks,2042,0|15|35|60|96|135|181|214|236|240|241|214|191|166|128|107|94|52|0|0|0|0|0|0|0|0|0|0|0|0|0,2405
United States,Wyoming,Medium trucks,2043,0|15|36|64|99|144|190|238|263|276|267|257|223|193|165|125|103|87|47|0|0|0|0|0|0|0|0|0|0|0|0,2792
United States,Wyoming,Medium trucks,2044,0|15|36|67|105|150|202|250|294|308|306|286|268|227|191|160|119|95|78|40|0|0|0|0|0|0|0|0|0|0|0,3197
United States,Wyoming,Medium trucks,2045,0|15|36|67|111|159|211|266|310|344|344|328|297|272|224|186|153|111|85|67|33|0|0|0|0|0|0|0|0|0|0,3619
United States,Wyoming,Medium trucks,2046,0|15|37|67|111|167|223|278|328|362|384|369|341|303|272|219|177|143|100|73|55|25|0|0|0|0|0|0|0|0|0,4049
United States,Wyoming,Medium trucks,2047,0|15|37|68|111|168|235|293|345|384|404|412|384|346|302|265|208|165|128|86|60|43|19|0|0|0|0|0|0|0|0,4478
United States,Wyoming,Medium trucks,2048,0|15|37|68|112|168|236|309|364|403|427|433|429|390|344|294|253|194|148|110|70|47|32|13|0|0|0|0|0|0|0,4896
United States,Wyoming,Medium trucks,2049,0|15|37|68|112|170|236|310|383|426|449|458|451|436|388|335|280|235|173|127|90|54|34|22|9|0|0|0|0|0|0,5298
United States,Wyoming,Medium trucks,2050,0|15|37|69|112|170|238|310|385|447|475|481|476|459|434|379|319|260|211|149|104|70|40|24|15|6|0|0|0|0|0,5685
