"Year","Scenario","Mineral","Recycling Scenario","Tonne"
2025,"Decreasing Batt Cap - Benchmark Chemistry","Cobalt","Recycling Limited to NA 2025 Online or Planned",121.429826945185
2025,"Decreasing Batt Cap - Benchmark Chemistry","Cobalt","All Material is Recycled in NA",121.429826945185
2025,"Decreasing Batt Cap - Benchmark Chemistry","Copper","Recycling Limited to NA 2025 Online or Planned",289.238961738941
2025,"Decreasing Batt Cap - Benchmark Chemistry","Copper","All Material is Recycled in NA",305.30779294666
2025,"Decreasing Batt Cap - Benchmark Chemistry","Graphite","Recycling Limited to NA 2025 Online or Planned",0
2025,"Decreasing Batt Cap - Benchmark Chemistry","Graphite","All Material is Recycled in NA",686.759249074798
2025,"Decreasing Batt Cap - Benchmark Chemistry","Lithium","Recycling Limited to NA 2025 Online or Planned",0
2025,"Decreasing Batt Cap - Benchmark Chemistry","Lithium","All Material is Recycled in NA",72.1168343260857
2025,"Decreasing Batt Cap - Benchmark Chemistry","Manganese","Recycling Limited to NA 2025 Online or Planned",0
2025,"Decreasing Batt Cap - Benchmark Chemistry","Manganese","All Material is Recycled in NA",53.9175781124588
2025,"Decreasing Batt Cap - Benchmark Chemistry","Nickel","Recycling Limited to NA 2025 Online or Planned",489.436481892914
2025,"Decreasing Batt Cap - Benchmark Chemistry","Nickel","All Material is Recycled in NA",489.436481892914
2025,"Decreasing Batt Cap - High LFP Chemistry","Cobalt","Recycling Limited to NA 2025 Online or Planned",121.429826945185
2025,"Decreasing Batt Cap - High LFP Chemistry","Cobalt","All Material is Recycled in NA",121.429826945185
2025,"Decreasing Batt Cap - High LFP Chemistry","Copper","Recycling Limited to NA 2025 Online or Planned",289.238961738941
2025,"Decreasing Batt Cap - High LFP Chemistry","Copper","All Material is Recycled in NA",305.30779294666
2025,"Decreasing Batt Cap - High LFP Chemistry","Graphite","Recycling Limited to NA 2025 Online or Planned",0
2025,"Decreasing Batt Cap - High LFP Chemistry","Graphite","All Material is Recycled in NA",686.759249074798
2025,"Decreasing Batt Cap - High LFP Chemistry","Lithium","Recycling Limited to NA 2025 Online or Planned",0
2025,"Decreasing Batt Cap - High LFP Chemistry","Lithium","All Material is Recycled in NA",72.1168343260857
2025,"Decreasing Batt Cap - High LFP Chemistry","Manganese","Recycling Limited to NA 2025 Online or Planned",0
2025,"Decreasing Batt Cap - High LFP Chemistry","Manganese","All Material is Recycled in NA",53.9175781124588
2025,"Decreasing Batt Cap - High LFP Chemistry","Nickel","Recycling Limited to NA 2025 Online or Planned",489.436481892914
2025,"Decreasing Batt Cap - High LFP Chemistry","Nickel","All Material is Recycled in NA",489.436481892914
2025,"Increasing Batt Cap - Benchmark Chemistry","Cobalt","Recycling Limited to NA 2025 Online or Planned",121.455070982468
2025,"Increasing Batt Cap - Benchmark Chemistry","Cobalt","All Material is Recycled in NA",121.455070982468
2025,"Increasing Batt Cap - Benchmark Chemistry","Copper","Recycling Limited to NA 2025 Online or Planned",289.298041426307
2025,"Increasing Batt Cap - Benchmark Chemistry","Copper","All Material is Recycled in NA",305.370154838879
2025,"Increasing Batt Cap - Benchmark Chemistry","Graphite","Recycling Limited to NA 2025 Online or Planned",0
2025,"Increasing Batt Cap - Benchmark Chemistry","Graphite","All Material is Recycled in NA",686.759249074798
2025,"Increasing Batt Cap - Benchmark Chemistry","Lithium","Recycling Limited to NA 2025 Online or Planned",0
2025,"Increasing Batt Cap - Benchmark Chemistry","Lithium","All Material is Recycled in NA",72.1325681960023
2025,"Increasing Batt Cap - Benchmark Chemistry","Manganese","Recycling Limited to NA 2025 Online or Planned",0
2025,"Increasing Batt Cap - Benchmark Chemistry","Manganese","All Material is Recycled in NA",53.940972285944
2025,"Increasing Batt Cap - Benchmark Chemistry","Nickel","Recycling Limited to NA 2025 Online or Planned",489.540154526149
2025,"Increasing Batt Cap - Benchmark Chemistry","Nickel","All Material is Recycled in NA",489.540154526149
2025,"Increasing Batt Cap - High LFP Chemistry","Cobalt","Recycling Limited to NA 2025 Online or Planned",121.455070982468
2025,"Increasing Batt Cap - High LFP Chemistry","Cobalt","All Material is Recycled in NA",121.455070982468
2025,"Increasing Batt Cap - High LFP Chemistry","Copper","Recycling Limited to NA 2025 Online or Planned",289.298041426307
2025,"Increasing Batt Cap - High LFP Chemistry","Copper","All Material is Recycled in NA",305.370154838879
2025,"Increasing Batt Cap - High LFP Chemistry","Graphite","Recycling Limited to NA 2025 Online or Planned",0
2025,"Increasing Batt Cap - High LFP Chemistry","Graphite","All Material is Recycled in NA",686.759249074798
2025,"Increasing Batt Cap - High LFP Chemistry","Lithium","Recycling Limited to NA 2025 Online or Planned",0
2025,"Increasing Batt Cap - High LFP Chemistry","Lithium","All Material is Recycled in NA",72.1325681960023
2025,"Increasing Batt Cap - High LFP Chemistry","Manganese","Recycling Limited to NA 2025 Online or Planned",0
2025,"Increasing Batt Cap - High LFP Chemistry","Manganese","All Material is Recycled in NA",53.940972285944
2025,"Increasing Batt Cap - High LFP Chemistry","Nickel","Recycling Limited to NA 2025 Online or Planned",489.540154526149
2025,"Increasing Batt Cap - High LFP Chemistry","Nickel","All Material is Recycled in NA",489.540154526149
2026,"Decreasing Batt Cap - Benchmark Chemistry","Cobalt","Recycling Limited to NA 2025 Online or Planned",200.421302126249
2026,"Decreasing Batt Cap - Benchmark Chemistry","Cobalt","All Material is Recycled in NA",200.421302126249
2026,"Decreasing Batt Cap - Benchmark Chemistry","Copper","Recycling Limited to NA 2025 Online or Planned",630.548200151668
2026,"Decreasing Batt Cap - Benchmark Chemistry","Copper","All Material is Recycled in NA",665.57865571565
2026,"Decreasing Batt Cap - Benchmark Chemistry","Graphite","Recycling Limited to NA 2025 Online or Planned",0
2026,"Decreasing Batt Cap - Benchmark Chemistry","Graphite","All Material is Recycled in NA",1420.65080405276
2026,"Decreasing Batt Cap - Benchmark Chemistry","Lithium","Recycling Limited to NA 2025 Online or Planned",0
2026,"Decreasing Batt Cap - Benchmark Chemistry","Lithium","All Material is Recycled in NA",142.712924634974
2026,"Decreasing Batt Cap - Benchmark Chemistry","Manganese","Recycling Limited to NA 2025 Online or Planned",0
2026,"Decreasing Batt Cap - Benchmark Chemistry","Manganese","All Material is Recycled in NA",89.9642871517673
2026,"Decreasing Batt Cap - Benchmark Chemistry","Nickel","Recycling Limited to NA 2025 Online or Planned",837.466076243639
2026,"Decreasing Batt Cap - Benchmark Chemistry","Nickel","All Material is Recycled in NA",837.466076243639
2026,"Decreasing Batt Cap - High LFP Chemistry","Cobalt","Recycling Limited to NA 2025 Online or Planned",200.430116882012
2026,"Decreasing Batt Cap - High LFP Chemistry","Cobalt","All Material is Recycled in NA",200.430116882012
2026,"Decreasing Batt Cap - High LFP Chemistry","Copper","Recycling Limited to NA 2025 Online or Planned",630.537651611945
2026,"Decreasing Batt Cap - High LFP Chemistry","Copper","All Material is Recycled in NA",665.567521145942
2026,"Decreasing Batt Cap - High LFP Chemistry","Graphite","Recycling Limited to NA 2025 Online or Planned",0
2026,"Decreasing Batt Cap - High LFP Chemistry","Graphite","All Material is Recycled in NA",1420.64703080944
2026,"Decreasing Batt Cap - High LFP Chemistry","Lithium","Recycling Limited to NA 2025 Online or Planned",0
2026,"Decreasing Batt Cap - High LFP Chemistry","Lithium","All Material is Recycled in NA",142.713744624709
2026,"Decreasing Batt Cap - High LFP Chemistry","Manganese","Recycling Limited to NA 2025 Online or Planned",0
2026,"Decreasing Batt Cap - High LFP Chemistry","Manganese","All Material is Recycled in NA",89.9685939655575
2026,"Decreasing Batt Cap - High LFP Chemistry","Nickel","Recycling Limited to NA 2025 Online or Planned",837.508172882448
2026,"Decreasing Batt Cap - High LFP Chemistry","Nickel","All Material is Recycled in NA",837.508172882448
2026,"Increasing Batt Cap - Benchmark Chemistry","Cobalt","Recycling Limited to NA 2025 Online or Planned",200.829609847912
2026,"Increasing Batt Cap - Benchmark Chemistry","Cobalt","All Material is Recycled in NA",200.829609847912
2026,"Increasing Batt Cap - Benchmark Chemistry","Copper","Recycling Limited to NA 2025 Online or Planned",632.167928357548
2026,"Increasing Batt Cap - Benchmark Chemistry","Copper","All Material is Recycled in NA",667.288368821857
2026,"Increasing Batt Cap - Benchmark Chemistry","Graphite","Recycling Limited to NA 2025 Online or Planned",0
2026,"Increasing Batt Cap - Benchmark Chemistry","Graphite","All Material is Recycled in NA",1423.98422375944
2026,"Increasing Batt Cap - Benchmark Chemistry","Lithium","Recycling Limited to NA 2025 Online or Planned",0
2026,"Increasing Batt Cap - Benchmark Chemistry","Lithium","All Material is Recycled in NA",143.062396951418
2026,"Increasing Batt Cap - Benchmark Chemistry","Manganese","Recycling Limited to NA 2025 Online or Planned",0
2026,"Increasing Batt Cap - Benchmark Chemistry","Manganese","All Material is Recycled in NA",90.1830361411777
2026,"Increasing Batt Cap - Benchmark Chemistry","Nickel","Recycling Limited to NA 2025 Online or Planned",839.386638126109
2026,"Increasing Batt Cap - Benchmark Chemistry","Nickel","All Material is Recycled in NA",839.386638126109
2026,"Increasing Batt Cap - High LFP Chemistry","Cobalt","Recycling Limited to NA 2025 Online or Planned",200.838965218482
2026,"Increasing Batt Cap - High LFP Chemistry","Cobalt","All Material is Recycled in NA",200.838965218482
2026,"Increasing Batt Cap - High LFP Chemistry","Copper","Recycling Limited to NA 2025 Online or Planned",632.156732868901
2026,"Increasing Batt Cap - High LFP Chemistry","Copper","All Material is Recycled in NA",667.276551361618
2026,"Increasing Batt Cap - High LFP Chemistry","Graphite","Recycling Limited to NA 2025 Online or Planned",0
2026,"Increasing Batt Cap - High LFP Chemistry","Graphite","All Material is Recycled in NA",1423.98021910061
2026,"Increasing Batt Cap - High LFP Chemistry","Lithium","Recycling Limited to NA 2025 Online or Planned",0
2026,"Increasing Batt Cap - High LFP Chemistry","Lithium","All Material is Recycled in NA",143.063267231665
2026,"Increasing Batt Cap - High LFP Chemistry","Manganese","Recycling Limited to NA 2025 Online or Planned",0
2026,"Increasing Batt Cap - High LFP Chemistry","Manganese","All Material is Recycled in NA",90.1876070947089
2026,"Increasing Batt Cap - High LFP Chemistry","Nickel","Recycling Limited to NA 2025 Online or Planned",839.431316579645
2026,"Increasing Batt Cap - High LFP Chemistry","Nickel","All Material is Recycled in NA",839.431316579645
2027,"Decreasing Batt Cap - Benchmark Chemistry","Cobalt","Recycling Limited to NA 2025 Online or Planned",353.540316835571
2027,"Decreasing Batt Cap - Benchmark Chemistry","Cobalt","All Material is Recycled in NA",353.540316835571
2027,"Decreasing Batt Cap - Benchmark Chemistry","Copper","Recycling Limited to NA 2025 Online or Planned",1318.09701794555
2027,"Decreasing Batt Cap - Benchmark Chemistry","Copper","All Material is Recycled in NA",1391.32463005364
2027,"Decreasing Batt Cap - Benchmark Chemistry","Graphite","Recycling Limited to NA 2025 Online or Planned",0
2027,"Decreasing Batt Cap - Benchmark Chemistry","Graphite","All Material is Recycled in NA",2869.13338321011
2027,"Decreasing Batt Cap - Benchmark Chemistry","Lithium","Recycling Limited to NA 2025 Online or Planned",0
2027,"Decreasing Batt Cap - Benchmark Chemistry","Lithium","All Material is Recycled in NA",281.518715205381
2027,"Decreasing Batt Cap - Benchmark Chemistry","Manganese","Recycling Limited to NA 2025 Online or Planned",0
2027,"Decreasing Batt Cap - Benchmark Chemistry","Manganese","All Material is Recycled in NA",169.03615968039
2027,"Decreasing Batt Cap - Benchmark Chemistry","Nickel","Recycling Limited to NA 2025 Online or Planned",1457.889919537
2027,"Decreasing Batt Cap - Benchmark Chemistry","Nickel","All Material is Recycled in NA",1457.889919537
2027,"Decreasing Batt Cap - High LFP Chemistry","Cobalt","Recycling Limited to NA 2025 Online or Planned",353.211816229486
2027,"Decreasing Batt Cap - High LFP Chemistry","Cobalt","All Material is Recycled in NA",353.211816229486
2027,"Decreasing Batt Cap - High LFP Chemistry","Copper","Recycling Limited to NA 2025 Online or Planned",1318.49455525854
2027,"Decreasing Batt Cap - High LFP Chemistry","Copper","All Material is Recycled in NA",1391.7442527729
2027,"Decreasing Batt Cap - High LFP Chemistry","Graphite","Recycling Limited to NA 2025 Online or Planned",0
2027,"Decreasing Batt Cap - High LFP Chemistry","Graphite","All Material is Recycled in NA",2869.2759188535
2027,"Decreasing Batt Cap - High LFP Chemistry","Lithium","Recycling Limited to NA 2025 Online or Planned",0
2027,"Decreasing Batt Cap - High LFP Chemistry","Lithium","All Material is Recycled in NA",281.488281483291
2027,"Decreasing Batt Cap - High LFP Chemistry","Manganese","Recycling Limited to NA 2025 Online or Planned",0
2027,"Decreasing Batt Cap - High LFP Chemistry","Manganese","All Material is Recycled in NA",168.868087668847
2027,"Decreasing Batt Cap - High LFP Chemistry","Nickel","Recycling Limited to NA 2025 Online or Planned",1456.30953212959
2027,"Decreasing Batt Cap - High LFP Chemistry","Nickel","All Material is Recycled in NA",1456.30953212959
2027,"Increasing Batt Cap - Benchmark Chemistry","Cobalt","Recycling Limited to NA 2025 Online or Planned",355.190465285861
2027,"Increasing Batt Cap - Benchmark Chemistry","Cobalt","All Material is Recycled in NA",355.190465285861
2027,"Increasing Batt Cap - Benchmark Chemistry","Copper","Recycling Limited to NA 2025 Online or Planned",1324.89199542893
2027,"Increasing Batt Cap - Benchmark Chemistry","Copper","All Material is Recycled in NA",1398.49710628609
2027,"Increasing Batt Cap - Benchmark Chemistry","Graphite","Recycling Limited to NA 2025 Online or Planned",0
2027,"Increasing Batt Cap - Benchmark Chemistry","Graphite","All Material is Recycled in NA",2884.11553584753
2027,"Increasing Batt Cap - Benchmark Chemistry","Lithium","Recycling Limited to NA 2025 Online or Planned",0
2027,"Increasing Batt Cap - Benchmark Chemistry","Lithium","All Material is Recycled in NA",282.968039553279
2027,"Increasing Batt Cap - Benchmark Chemistry","Manganese","Recycling Limited to NA 2025 Online or Planned",0
2027,"Increasing Batt Cap - Benchmark Chemistry","Manganese","All Material is Recycled in NA",169.866645699382
2027,"Increasing Batt Cap - Benchmark Chemistry","Nickel","Recycling Limited to NA 2025 Online or Planned",1465.80757239545
2027,"Increasing Batt Cap - Benchmark Chemistry","Nickel","All Material is Recycled in NA",1465.80757239545
2027,"Increasing Batt Cap - High LFP Chemistry","Cobalt","Recycling Limited to NA 2025 Online or Planned",354.821139536854
2027,"Increasing Batt Cap - High LFP Chemistry","Cobalt","All Material is Recycled in NA",354.821139536854
2027,"Increasing Batt Cap - High LFP Chemistry","Copper","Recycling Limited to NA 2025 Online or Planned",1325.33892661078
2027,"Increasing Batt Cap - High LFP Chemistry","Copper","All Material is Recycled in NA",1398.96886697804
2027,"Increasing Batt Cap - High LFP Chemistry","Graphite","Recycling Limited to NA 2025 Online or Planned",0
2027,"Increasing Batt Cap - High LFP Chemistry","Graphite","All Material is Recycled in NA",2884.27578067156
2027,"Increasing Batt Cap - High LFP Chemistry","Lithium","Recycling Limited to NA 2025 Online or Planned",0
2027,"Increasing Batt Cap - High LFP Chemistry","Lithium","All Material is Recycled in NA",282.933823303064
2027,"Increasing Batt Cap - High LFP Chemistry","Manganese","Recycling Limited to NA 2025 Online or Planned",0
2027,"Increasing Batt Cap - High LFP Chemistry","Manganese","All Material is Recycled in NA",169.677704926678
2027,"Increasing Batt Cap - High LFP Chemistry","Nickel","Recycling Limited to NA 2025 Online or Planned",1464.03080749976
2027,"Increasing Batt Cap - High LFP Chemistry","Nickel","All Material is Recycled in NA",1464.03080749976
2028,"Decreasing Batt Cap - Benchmark Chemistry","Cobalt","Recycling Limited to NA 2025 Online or Planned",564.635522720735
2028,"Decreasing Batt Cap - Benchmark Chemistry","Cobalt","All Material is Recycled in NA",564.635522720735
2028,"Decreasing Batt Cap - Benchmark Chemistry","Copper","Recycling Limited to NA 2025 Online or Planned",2391.16526029923
2028,"Decreasing Batt Cap - Benchmark Chemistry","Copper","All Material is Recycled in NA",2524.0077747603
2028,"Decreasing Batt Cap - Benchmark Chemistry","Graphite","Recycling Limited to NA 2025 Online or Planned",0
2028,"Decreasing Batt Cap - Benchmark Chemistry","Graphite","All Material is Recycled in NA",5124.42057474303
2028,"Decreasing Batt Cap - Benchmark Chemistry","Lithium","Recycling Limited to NA 2025 Online or Planned",0
2028,"Decreasing Batt Cap - Benchmark Chemistry","Lithium","All Material is Recycled in NA",494.205776271008
2028,"Decreasing Batt Cap - Benchmark Chemistry","Manganese","Recycling Limited to NA 2025 Online or Planned",0
2028,"Decreasing Batt Cap - Benchmark Chemistry","Manganese","All Material is Recycled in NA",268.313927519611
2028,"Decreasing Batt Cap - Benchmark Chemistry","Nickel","Recycling Limited to NA 2025 Online or Planned",2394.8549339179
2028,"Decreasing Batt Cap - Benchmark Chemistry","Nickel","All Material is Recycled in NA",2394.8549339179
2028,"Decreasing Batt Cap - High LFP Chemistry","Cobalt","Recycling Limited to NA 2025 Online or Planned",563.178381903389
2028,"Decreasing Batt Cap - High LFP Chemistry","Cobalt","All Material is Recycled in NA",563.178381903389
2028,"Decreasing Batt Cap - High LFP Chemistry","Copper","Recycling Limited to NA 2025 Online or Planned",2392.94652310482
2028,"Decreasing Batt Cap - High LFP Chemistry","Copper","All Material is Recycled in NA",2525.88799661064
2028,"Decreasing Batt Cap - High LFP Chemistry","Graphite","Recycling Limited to NA 2025 Online or Planned",0
2028,"Decreasing Batt Cap - High LFP Chemistry","Graphite","All Material is Recycled in NA",5125.05869492424
2028,"Decreasing Batt Cap - High LFP Chemistry","Lithium","Recycling Limited to NA 2025 Online or Planned",0
2028,"Decreasing Batt Cap - High LFP Chemistry","Lithium","All Material is Recycled in NA",494.071010926573
2028,"Decreasing Batt Cap - High LFP Chemistry","Manganese","Recycling Limited to NA 2025 Online or Planned",0
2028,"Decreasing Batt Cap - High LFP Chemistry","Manganese","All Material is Recycled in NA",267.555162264693
2028,"Decreasing Batt Cap - High LFP Chemistry","Nickel","Recycling Limited to NA 2025 Online or Planned",2387.78366485127
2028,"Decreasing Batt Cap - High LFP Chemistry","Nickel","All Material is Recycled in NA",2387.78366485127
2028,"Increasing Batt Cap - Benchmark Chemistry","Cobalt","Recycling Limited to NA 2025 Online or Planned",569.591748146554
2028,"Increasing Batt Cap - Benchmark Chemistry","Cobalt","All Material is Recycled in NA",569.591748146554
2028,"Increasing Batt Cap - Benchmark Chemistry","Copper","Recycling Limited to NA 2025 Online or Planned",2410.78361578012
2028,"Increasing Batt Cap - Benchmark Chemistry","Copper","All Material is Recycled in NA",2544.71603887902
2028,"Increasing Batt Cap - Benchmark Chemistry","Graphite","Recycling Limited to NA 2025 Online or Planned",0
2028,"Increasing Batt Cap - Benchmark Chemistry","Graphite","All Material is Recycled in NA",5166.25507157978
2028,"Increasing Batt Cap - Benchmark Chemistry","Lithium","Recycling Limited to NA 2025 Online or Planned",0
2028,"Increasing Batt Cap - Benchmark Chemistry","Lithium","All Material is Recycled in NA",498.450964767689
2028,"Increasing Batt Cap - Benchmark Chemistry","Manganese","Recycling Limited to NA 2025 Online or Planned",0
2028,"Increasing Batt Cap - Benchmark Chemistry","Manganese","All Material is Recycled in NA",270.985671044437
2028,"Increasing Batt Cap - Benchmark Chemistry","Nickel","Recycling Limited to NA 2025 Online or Planned",2418.58341776992
2028,"Increasing Batt Cap - Benchmark Chemistry","Nickel","All Material is Recycled in NA",2418.58341776992
2028,"Increasing Batt Cap - High LFP Chemistry","Cobalt","Recycling Limited to NA 2025 Online or Planned",567.896198353068
2028,"Increasing Batt Cap - High LFP Chemistry","Cobalt","All Material is Recycled in NA",567.896198353068
2028,"Increasing Batt Cap - High LFP Chemistry","Copper","Recycling Limited to NA 2025 Online or Planned",2412.85667407168
2028,"Increasing Batt Cap - High LFP Chemistry","Copper","All Material is Recycled in NA",2546.90426707567
2028,"Increasing Batt Cap - High LFP Chemistry","Graphite","Recycling Limited to NA 2025 Online or Planned",0
2028,"Increasing Batt Cap - High LFP Chemistry","Graphite","All Material is Recycled in NA",5166.99771212463
2028,"Increasing Batt Cap - High LFP Chemistry","Lithium","Recycling Limited to NA 2025 Online or Planned",0
2028,"Increasing Batt Cap - High LFP Chemistry","Lithium","All Material is Recycled in NA",498.294154210074
2028,"Increasing Batt Cap - High LFP Chemistry","Manganese","Recycling Limited to NA 2025 Online or Planned",0
2028,"Increasing Batt Cap - High LFP Chemistry","Manganese","All Material is Recycled in NA",270.102514610285
2028,"Increasing Batt Cap - High LFP Chemistry","Nickel","Recycling Limited to NA 2025 Online or Planned",2410.35396075853
2028,"Increasing Batt Cap - High LFP Chemistry","Nickel","All Material is Recycled in NA",2410.35396075853
2029,"Decreasing Batt Cap - Benchmark Chemistry","Cobalt","Recycling Limited to NA 2025 Online or Planned",863.664911530048
2029,"Decreasing Batt Cap - Benchmark Chemistry","Cobalt","All Material is Recycled in NA",863.664911530048
2029,"Decreasing Batt Cap - Benchmark Chemistry","Copper","Recycling Limited to NA 2025 Online or Planned",4046.79118631751
2029,"Decreasing Batt Cap - Benchmark Chemistry","Copper","All Material is Recycled in NA",4271.6129188907
2029,"Decreasing Batt Cap - Benchmark Chemistry","Graphite","Recycling Limited to NA 2025 Online or Planned",0
2029,"Decreasing Batt Cap - Benchmark Chemistry","Graphite","All Material is Recycled in NA",8577.52651404898
2029,"Decreasing Batt Cap - Benchmark Chemistry","Lithium","Recycling Limited to NA 2025 Online or Planned",0
2029,"Decreasing Batt Cap - Benchmark Chemistry","Lithium","All Material is Recycled in NA",818.036151492057
2029,"Decreasing Batt Cap - Benchmark Chemistry","Manganese","Recycling Limited to NA 2025 Online or Planned",0
2029,"Decreasing Batt Cap - Benchmark Chemistry","Manganese","All Material is Recycled in NA",403.710001218655
2029,"Decreasing Batt Cap - Benchmark Chemistry","Nickel","Recycling Limited to NA 2025 Online or Planned",3791.2678566531
2029,"Decreasing Batt Cap - Benchmark Chemistry","Nickel","All Material is Recycled in NA",3791.2678566531
2029,"Decreasing Batt Cap - High LFP Chemistry","Cobalt","Recycling Limited to NA 2025 Online or Planned",859.761728289471
2029,"Decreasing Batt Cap - High LFP Chemistry","Cobalt","All Material is Recycled in NA",859.761728289471
2029,"Decreasing Batt Cap - High LFP Chemistry","Copper","Recycling Limited to NA 2025 Online or Planned",4051.61469512205
2029,"Decreasing Batt Cap - High LFP Chemistry","Copper","All Material is Recycled in NA",4276.7044004066
2029,"Decreasing Batt Cap - High LFP Chemistry","Graphite","Recycling Limited to NA 2025 Online or Planned",0
2029,"Decreasing Batt Cap - High LFP Chemistry","Graphite","All Material is Recycled in NA",8579.25110225399
2029,"Decreasing Batt Cap - High LFP Chemistry","Lithium","Recycling Limited to NA 2025 Online or Planned",0
2029,"Decreasing Batt Cap - High LFP Chemistry","Lithium","All Material is Recycled in NA",817.675574407197
2029,"Decreasing Batt Cap - High LFP Chemistry","Manganese","Recycling Limited to NA 2025 Online or Planned",0
2029,"Decreasing Batt Cap - High LFP Chemistry","Manganese","All Material is Recycled in NA",401.655449327005
2029,"Decreasing Batt Cap - High LFP Chemistry","Nickel","Recycling Limited to NA 2025 Online or Planned",3772.13488527068
2029,"Decreasing Batt Cap - High LFP Chemistry","Nickel","All Material is Recycled in NA",3772.13488527068
2029,"Increasing Batt Cap - Benchmark Chemistry","Cobalt","Recycling Limited to NA 2025 Online or Planned",874.373330117242
2029,"Increasing Batt Cap - Benchmark Chemistry","Cobalt","All Material is Recycled in NA",874.373330117242
2029,"Increasing Batt Cap - Benchmark Chemistry","Copper","Recycling Limited to NA 2025 Online or Planned",4090.06410165247
2029,"Increasing Batt Cap - Benchmark Chemistry","Copper","All Material is Recycled in NA",4317.28988507761
2029,"Increasing Batt Cap - Benchmark Chemistry","Graphite","Recycling Limited to NA 2025 Online or Planned",0
2029,"Increasing Batt Cap - Benchmark Chemistry","Graphite","All Material is Recycled in NA",8673.64450504384
2029,"Increasing Batt Cap - Benchmark Chemistry","Lithium","Recycling Limited to NA 2025 Online or Planned",0
2029,"Increasing Batt Cap - Benchmark Chemistry","Lithium","All Material is Recycled in NA",827.35348528057
2029,"Increasing Batt Cap - Benchmark Chemistry","Manganese","Recycling Limited to NA 2025 Online or Planned",0
2029,"Increasing Batt Cap - Benchmark Chemistry","Manganese","All Material is Recycled in NA",409.279818079403
2029,"Increasing Batt Cap - Benchmark Chemistry","Nickel","Recycling Limited to NA 2025 Online or Planned",3843.49811871494
2029,"Increasing Batt Cap - Benchmark Chemistry","Nickel","All Material is Recycled in NA",3843.49811871494
2029,"Increasing Batt Cap - High LFP Chemistry","Cobalt","Recycling Limited to NA 2025 Online or Planned",869.69240721444
2029,"Increasing Batt Cap - High LFP Chemistry","Cobalt","All Material is Recycled in NA",869.69240721444
2029,"Increasing Batt Cap - High LFP Chemistry","Copper","Recycling Limited to NA 2025 Online or Planned",4095.85186495654
2029,"Increasing Batt Cap - High LFP Chemistry","Copper","All Material is Recycled in NA",4323.39919078746
2029,"Increasing Batt Cap - High LFP Chemistry","Graphite","Recycling Limited to NA 2025 Online or Planned",0
2029,"Increasing Batt Cap - High LFP Chemistry","Graphite","All Material is Recycled in NA",8675.71366639641
2029,"Increasing Batt Cap - High LFP Chemistry","Lithium","Recycling Limited to NA 2025 Online or Planned",0
2029,"Increasing Batt Cap - High LFP Chemistry","Lithium","All Material is Recycled in NA",826.921087634525
2029,"Increasing Batt Cap - High LFP Chemistry","Manganese","Recycling Limited to NA 2025 Online or Planned",0
2029,"Increasing Batt Cap - High LFP Chemistry","Manganese","All Material is Recycled in NA",406.814400734054
2029,"Increasing Batt Cap - High LFP Chemistry","Nickel","Recycling Limited to NA 2025 Online or Planned",3820.54136970458
2029,"Increasing Batt Cap - High LFP Chemistry","Nickel","All Material is Recycled in NA",3820.54136970458
2030,"Decreasing Batt Cap - Benchmark Chemistry","Cobalt","Recycling Limited to NA 2025 Online or Planned",1272.54277067121
2030,"Decreasing Batt Cap - Benchmark Chemistry","Cobalt","All Material is Recycled in NA",1272.54277067121
2030,"Decreasing Batt Cap - Benchmark Chemistry","Copper","Recycling Limited to NA 2025 Online or Planned",6497.2464817228
2030,"Decreasing Batt Cap - Benchmark Chemistry","Copper","All Material is Recycled in NA",6858.20461959629
2030,"Decreasing Batt Cap - Benchmark Chemistry","Graphite","Recycling Limited to NA 2025 Online or Planned",0
2030,"Decreasing Batt Cap - Benchmark Chemistry","Graphite","All Material is Recycled in NA",13664.4901782449
2030,"Decreasing Batt Cap - Benchmark Chemistry","Lithium","Recycling Limited to NA 2025 Online or Planned",0
2030,"Decreasing Batt Cap - Benchmark Chemistry","Lithium","All Material is Recycled in NA",1290.45636545564
2030,"Decreasing Batt Cap - Benchmark Chemistry","Manganese","Recycling Limited to NA 2025 Online or Planned",0
2030,"Decreasing Batt Cap - Benchmark Chemistry","Manganese","All Material is Recycled in NA",592.49471083989
2030,"Decreasing Batt Cap - Benchmark Chemistry","Nickel","Recycling Limited to NA 2025 Online or Planned",5758.96170214689
2030,"Decreasing Batt Cap - Benchmark Chemistry","Nickel","All Material is Recycled in NA",5758.96170214689
2030,"Decreasing Batt Cap - High LFP Chemistry","Cobalt","Recycling Limited to NA 2025 Online or Planned",1264.18530399435
2030,"Decreasing Batt Cap - High LFP Chemistry","Cobalt","All Material is Recycled in NA",1264.18530399435
2030,"Decreasing Batt Cap - High LFP Chemistry","Copper","Recycling Limited to NA 2025 Online or Planned",6507.75488506714
2030,"Decreasing Batt Cap - High LFP Chemistry","Copper","All Material is Recycled in NA",6869.29682312643
2030,"Decreasing Batt Cap - High LFP Chemistry","Graphite","Recycling Limited to NA 2025 Online or Planned",0
2030,"Decreasing Batt Cap - High LFP Chemistry","Graphite","All Material is Recycled in NA",13668.2424532921
2030,"Decreasing Batt Cap - High LFP Chemistry","Lithium","Recycling Limited to NA 2025 Online or Planned",0
2030,"Decreasing Batt Cap - High LFP Chemistry","Lithium","All Material is Recycled in NA",1289.68677973952
2030,"Decreasing Batt Cap - High LFP Chemistry","Manganese","Recycling Limited to NA 2025 Online or Planned",0
2030,"Decreasing Batt Cap - High LFP Chemistry","Manganese","All Material is Recycled in NA",587.954826262972
2030,"Decreasing Batt Cap - High LFP Chemistry","Nickel","Recycling Limited to NA 2025 Online or Planned",5717.3852724002
2030,"Decreasing Batt Cap - High LFP Chemistry","Nickel","All Material is Recycled in NA",5717.3852724002
2030,"Increasing Batt Cap - Benchmark Chemistry","Cobalt","Recycling Limited to NA 2025 Online or Planned",1294.49662748199
2030,"Increasing Batt Cap - Benchmark Chemistry","Cobalt","All Material is Recycled in NA",1294.49662748199
2030,"Increasing Batt Cap - Benchmark Chemistry","Copper","Recycling Limited to NA 2025 Online or Planned",6585.68849093727
2030,"Increasing Batt Cap - Benchmark Chemistry","Copper","All Material is Recycled in NA",6951.56007376712
2030,"Increasing Batt Cap - Benchmark Chemistry","Graphite","Recycling Limited to NA 2025 Online or Planned",0
2030,"Increasing Batt Cap - Benchmark Chemistry","Graphite","All Material is Recycled in NA",13859.8366576328
2030,"Increasing Batt Cap - Benchmark Chemistry","Lithium","Recycling Limited to NA 2025 Online or Planned",0
2030,"Increasing Batt Cap - Benchmark Chemistry","Lithium","All Material is Recycled in NA",1309.57615154732
2030,"Increasing Batt Cap - Benchmark Chemistry","Manganese","Recycling Limited to NA 2025 Online or Planned",0
2030,"Increasing Batt Cap - Benchmark Chemistry","Manganese","All Material is Recycled in NA",604.374596579327
2030,"Increasing Batt Cap - Benchmark Chemistry","Nickel","Recycling Limited to NA 2025 Online or Planned",5867.24002666081
2030,"Increasing Batt Cap - Benchmark Chemistry","Nickel","All Material is Recycled in NA",5867.24002666081
2030,"Increasing Batt Cap - High LFP Chemistry","Cobalt","Recycling Limited to NA 2025 Online or Planned",1284.2072633618
2030,"Increasing Batt Cap - High LFP Chemistry","Cobalt","All Material is Recycled in NA",1284.2072633618
2030,"Increasing Batt Cap - High LFP Chemistry","Copper","Recycling Limited to NA 2025 Online or Planned",6598.64586389257
2030,"Increasing Batt Cap - High LFP Chemistry","Copper","All Material is Recycled in NA",6965.23730077549
2030,"Increasing Batt Cap - High LFP Chemistry","Graphite","Recycling Limited to NA 2025 Online or Planned",0
2030,"Increasing Batt Cap - High LFP Chemistry","Graphite","All Material is Recycled in NA",13864.4627114096
2030,"Increasing Batt Cap - High LFP Chemistry","Lithium","Recycling Limited to NA 2025 Online or Planned",0
2030,"Increasing Batt Cap - High LFP Chemistry","Lithium","All Material is Recycled in NA",1308.62891811927
2030,"Increasing Batt Cap - High LFP Chemistry","Manganese","Recycling Limited to NA 2025 Online or Planned",0
2030,"Increasing Batt Cap - High LFP Chemistry","Manganese","All Material is Recycled in NA",598.771286785831
2030,"Increasing Batt Cap - High LFP Chemistry","Nickel","Recycling Limited to NA 2025 Online or Planned",5815.98451754101
2030,"Increasing Batt Cap - High LFP Chemistry","Nickel","All Material is Recycled in NA",5815.98451754101
2031,"Decreasing Batt Cap - Benchmark Chemistry","Cobalt","Recycling Limited to NA 2025 Online or Planned",1878.2039118614
2031,"Decreasing Batt Cap - Benchmark Chemistry","Cobalt","All Material is Recycled in NA",1878.2039118614
2031,"Decreasing Batt Cap - Benchmark Chemistry","Copper","Recycling Limited to NA 2025 Online or Planned",10114.4965073148
2031,"Decreasing Batt Cap - Benchmark Chemistry","Copper","All Material is Recycled in NA",10676.4129799434
2031,"Decreasing Batt Cap - Benchmark Chemistry","Graphite","Recycling Limited to NA 2025 Online or Planned",0
2031,"Decreasing Batt Cap - Benchmark Chemistry","Graphite","All Material is Recycled in NA",21215.0595553055
2031,"Decreasing Batt Cap - Benchmark Chemistry","Lithium","Recycling Limited to NA 2025 Online or Planned",0
2031,"Decreasing Batt Cap - Benchmark Chemistry","Lithium","All Material is Recycled in NA",1992.45681287083
2031,"Decreasing Batt Cap - Benchmark Chemistry","Manganese","Recycling Limited to NA 2025 Online or Planned",0
2031,"Decreasing Batt Cap - Benchmark Chemistry","Manganese","All Material is Recycled in NA",837.020208972218
2031,"Decreasing Batt Cap - Benchmark Chemistry","Nickel","Recycling Limited to NA 2025 Online or Planned",8800.51485454668
2031,"Decreasing Batt Cap - Benchmark Chemistry","Nickel","All Material is Recycled in NA",8800.51485454668
2031,"Decreasing Batt Cap - High LFP Chemistry","Cobalt","Recycling Limited to NA 2025 Online or Planned",1862.14268134987
2031,"Decreasing Batt Cap - High LFP Chemistry","Cobalt","All Material is Recycled in NA",1862.14268134987
2031,"Decreasing Batt Cap - High LFP Chemistry","Copper","Recycling Limited to NA 2025 Online or Planned",10134.9816296231
2031,"Decreasing Batt Cap - High LFP Chemistry","Copper","All Material is Recycled in NA",10698.0361646021
2031,"Decreasing Batt Cap - High LFP Chemistry","Graphite","Recycling Limited to NA 2025 Online or Planned",0
2031,"Decreasing Batt Cap - High LFP Chemistry","Graphite","All Material is Recycled in NA",21222.3572555089
2031,"Decreasing Batt Cap - High LFP Chemistry","Lithium","Recycling Limited to NA 2025 Online or Planned",0
2031,"Decreasing Batt Cap - High LFP Chemistry","Lithium","All Material is Recycled in NA",1990.98044536958
2031,"Decreasing Batt Cap - High LFP Chemistry","Manganese","Recycling Limited to NA 2025 Online or Planned",0
2031,"Decreasing Batt Cap - High LFP Chemistry","Manganese","All Material is Recycled in NA",828.155584447881
2031,"Decreasing Batt Cap - High LFP Chemistry","Nickel","Recycling Limited to NA 2025 Online or Planned",8719.56230265915
2031,"Decreasing Batt Cap - High LFP Chemistry","Nickel","All Material is Recycled in NA",8719.56230265915
2031,"Increasing Batt Cap - Benchmark Chemistry","Cobalt","Recycling Limited to NA 2025 Online or Planned",1919.48844505158
2031,"Increasing Batt Cap - Benchmark Chemistry","Cobalt","All Material is Recycled in NA",1919.48844505158
2031,"Increasing Batt Cap - Benchmark Chemistry","Copper","Recycling Limited to NA 2025 Online or Planned",10281.3992018237
2031,"Increasing Batt Cap - Benchmark Chemistry","Copper","All Material is Recycled in NA",10852.5880463695
2031,"Increasing Batt Cap - Benchmark Chemistry","Graphite","Recycling Limited to NA 2025 Online or Planned",0
2031,"Increasing Batt Cap - Benchmark Chemistry","Graphite","All Material is Recycled in NA",21584.0162685524
2031,"Increasing Batt Cap - Benchmark Chemistry","Lithium","Recycling Limited to NA 2025 Online or Planned",0
2031,"Increasing Batt Cap - Benchmark Chemistry","Lithium","All Material is Recycled in NA",2028.5979939616
2031,"Increasing Batt Cap - Benchmark Chemistry","Manganese","Recycling Limited to NA 2025 Online or Planned",0
2031,"Increasing Batt Cap - Benchmark Chemistry","Manganese","All Material is Recycled in NA",859.76332971895
2031,"Increasing Batt Cap - Benchmark Chemistry","Nickel","Recycling Limited to NA 2025 Online or Planned",9006.65473380987
2031,"Increasing Batt Cap - Benchmark Chemistry","Nickel","All Material is Recycled in NA",9006.65473380987
2031,"Increasing Batt Cap - High LFP Chemistry","Cobalt","Recycling Limited to NA 2025 Online or Planned",1899.25675201028
2031,"Increasing Batt Cap - High LFP Chemistry","Cobalt","All Material is Recycled in NA",1899.25675201028
2031,"Increasing Batt Cap - High LFP Chemistry","Copper","Recycling Limited to NA 2025 Online or Planned",10307.2704791849
2031,"Increasing Batt Cap - High LFP Chemistry","Copper","All Material is Recycled in NA",10879.8966169174
2031,"Increasing Batt Cap - High LFP Chemistry","Graphite","Recycling Limited to NA 2025 Online or Planned",0
2031,"Increasing Batt Cap - High LFP Chemistry","Graphite","All Material is Recycled in NA",21593.2296406981
2031,"Increasing Batt Cap - High LFP Chemistry","Lithium","Recycling Limited to NA 2025 Online or Planned",0
2031,"Increasing Batt Cap - High LFP Chemistry","Lithium","All Material is Recycled in NA",2026.73898447394
2031,"Increasing Batt Cap - High LFP Chemistry","Manganese","Recycling Limited to NA 2025 Online or Planned",0
2031,"Increasing Batt Cap - High LFP Chemistry","Manganese","All Material is Recycled in NA",848.557669813655
2031,"Increasing Batt Cap - High LFP Chemistry","Nickel","Recycling Limited to NA 2025 Online or Planned",8904.44503981841
2031,"Increasing Batt Cap - High LFP Chemistry","Nickel","All Material is Recycled in NA",8904.44503981841
2032,"Decreasing Batt Cap - Benchmark Chemistry","Cobalt","Recycling Limited to NA 2025 Online or Planned",2629.12392166996
2032,"Decreasing Batt Cap - Benchmark Chemistry","Cobalt","All Material is Recycled in NA",2629.12392166996
2032,"Decreasing Batt Cap - Benchmark Chemistry","Copper","Recycling Limited to NA 2025 Online or Planned",14947.2282985729
2032,"Decreasing Batt Cap - Benchmark Chemistry","Copper","All Material is Recycled in NA",15777.6298707159
2032,"Decreasing Batt Cap - Benchmark Chemistry","Graphite","Recycling Limited to NA 2025 Online or Planned",0
2032,"Decreasing Batt Cap - Benchmark Chemistry","Graphite","All Material is Recycled in NA",31238.9416474212
2032,"Decreasing Batt Cap - Benchmark Chemistry","Lithium","Recycling Limited to NA 2025 Online or Planned",0
2032,"Decreasing Batt Cap - Benchmark Chemistry","Lithium","All Material is Recycled in NA",2918.36158857515
2032,"Decreasing Batt Cap - Benchmark Chemistry","Manganese","Recycling Limited to NA 2025 Online or Planned",0
2032,"Decreasing Batt Cap - Benchmark Chemistry","Manganese","All Material is Recycled in NA",1150.18049701466
2032,"Decreasing Batt Cap - Benchmark Chemistry","Nickel","Recycling Limited to NA 2025 Online or Planned",12683.5292628556
2032,"Decreasing Batt Cap - Benchmark Chemistry","Nickel","All Material is Recycled in NA",12683.5292628556
2032,"Decreasing Batt Cap - High LFP Chemistry","Cobalt","Recycling Limited to NA 2025 Online or Planned",2600.26225166807
2032,"Decreasing Batt Cap - High LFP Chemistry","Cobalt","All Material is Recycled in NA",2600.26225166807
2032,"Decreasing Batt Cap - High LFP Chemistry","Copper","Recycling Limited to NA 2025 Online or Planned",14984.4363451916
2032,"Decreasing Batt Cap - High LFP Chemistry","Copper","All Material is Recycled in NA",15816.9050310356
2032,"Decreasing Batt Cap - High LFP Chemistry","Graphite","Recycling Limited to NA 2025 Online or Planned",0
2032,"Decreasing Batt Cap - High LFP Chemistry","Graphite","All Material is Recycled in NA",31252.1691058048
2032,"Decreasing Batt Cap - High LFP Chemistry","Lithium","Recycling Limited to NA 2025 Online or Planned",0
2032,"Decreasing Batt Cap - High LFP Chemistry","Lithium","All Material is Recycled in NA",2915.71143827004
2032,"Decreasing Batt Cap - High LFP Chemistry","Manganese","Recycling Limited to NA 2025 Online or Planned",0
2032,"Decreasing Batt Cap - High LFP Chemistry","Manganese","All Material is Recycled in NA",1134.10437154848
2032,"Decreasing Batt Cap - High LFP Chemistry","Nickel","Recycling Limited to NA 2025 Online or Planned",12536.5848460515
2032,"Decreasing Batt Cap - High LFP Chemistry","Nickel","All Material is Recycled in NA",12536.5848460515
2032,"Increasing Batt Cap - Benchmark Chemistry","Cobalt","Recycling Limited to NA 2025 Online or Planned",2702.28624989541
2032,"Increasing Batt Cap - Benchmark Chemistry","Cobalt","All Material is Recycled in NA",2702.28624989541
2032,"Increasing Batt Cap - Benchmark Chemistry","Copper","Recycling Limited to NA 2025 Online or Planned",15245.4026174815
2032,"Increasing Batt Cap - Benchmark Chemistry","Copper","All Material is Recycled in NA",16092.3694295639
2032,"Increasing Batt Cap - Benchmark Chemistry","Graphite","Recycling Limited to NA 2025 Online or Planned",0
2032,"Increasing Batt Cap - Benchmark Chemistry","Graphite","All Material is Recycled in NA",31902.0229404682
2032,"Increasing Batt Cap - Benchmark Chemistry","Lithium","Recycling Limited to NA 2025 Online or Planned",0
2032,"Increasing Batt Cap - Benchmark Chemistry","Lithium","All Material is Recycled in NA",2982.90919656332
2032,"Increasing Batt Cap - Benchmark Chemistry","Manganese","Recycling Limited to NA 2025 Online or Planned",0
2032,"Increasing Batt Cap - Benchmark Chemistry","Manganese","All Material is Recycled in NA",1190.68684563668
2032,"Increasing Batt Cap - Benchmark Chemistry","Nickel","Recycling Limited to NA 2025 Online or Planned",13053.1924981102
2032,"Increasing Batt Cap - Benchmark Chemistry","Nickel","All Material is Recycled in NA",13053.1924981102
2032,"Increasing Batt Cap - High LFP Chemistry","Cobalt","Recycling Limited to NA 2025 Online or Planned",2665.20617496587
2032,"Increasing Batt Cap - High LFP Chemistry","Cobalt","All Material is Recycled in NA",2665.20617496587
2032,"Increasing Batt Cap - High LFP Chemistry","Copper","Recycling Limited to NA 2025 Online or Planned",15293.3775363483
2032,"Increasing Batt Cap - High LFP Chemistry","Copper","All Material is Recycled in NA",16143.009621701
2032,"Increasing Batt Cap - High LFP Chemistry","Graphite","Recycling Limited to NA 2025 Online or Planned",0
2032,"Increasing Batt Cap - High LFP Chemistry","Graphite","All Material is Recycled in NA",31919.0686005121
2032,"Increasing Batt Cap - High LFP Chemistry","Lithium","Recycling Limited to NA 2025 Online or Planned",0
2032,"Increasing Batt Cap - High LFP Chemistry","Lithium","All Material is Recycled in NA",2979.50600668395
2032,"Increasing Batt Cap - High LFP Chemistry","Manganese","Recycling Limited to NA 2025 Online or Planned",0
2032,"Increasing Batt Cap - High LFP Chemistry","Manganese","All Material is Recycled in NA",1169.94687007787
2032,"Increasing Batt Cap - High LFP Chemistry","Nickel","Recycling Limited to NA 2025 Online or Planned",12863.7855457859
2032,"Increasing Batt Cap - High LFP Chemistry","Nickel","All Material is Recycled in NA",12863.7855457859
2033,"Decreasing Batt Cap - Benchmark Chemistry","Cobalt","Recycling Limited to NA 2025 Online or Planned",3556.98527467596
2033,"Decreasing Batt Cap - Benchmark Chemistry","Cobalt","All Material is Recycled in NA",3556.98527467596
2033,"Decreasing Batt Cap - Benchmark Chemistry","Copper","Recycling Limited to NA 2025 Online or Planned",21286.5025047029
2033,"Decreasing Batt Cap - Benchmark Chemistry","Copper","All Material is Recycled in NA",22469.0859771864
2033,"Decreasing Batt Cap - Benchmark Chemistry","Graphite","Recycling Limited to NA 2025 Online or Planned",0
2033,"Decreasing Batt Cap - Benchmark Chemistry","Graphite","All Material is Recycled in NA",44332.9955813177
2033,"Decreasing Batt Cap - Benchmark Chemistry","Lithium","Recycling Limited to NA 2025 Online or Planned",0
2033,"Decreasing Batt Cap - Benchmark Chemistry","Lithium","All Material is Recycled in NA",4121.76503904845
2033,"Decreasing Batt Cap - Benchmark Chemistry","Manganese","Recycling Limited to NA 2025 Online or Planned",0
2033,"Decreasing Batt Cap - Benchmark Chemistry","Manganese","All Material is Recycled in NA",1551.42330735118
2033,"Decreasing Batt Cap - Benchmark Chemistry","Nickel","Recycling Limited to NA 2025 Online or Planned",17613.7826920035
2033,"Decreasing Batt Cap - Benchmark Chemistry","Nickel","All Material is Recycled in NA",17613.7826920035
2033,"Decreasing Batt Cap - High LFP Chemistry","Cobalt","Recycling Limited to NA 2025 Online or Planned",3507.20640742016
2033,"Decreasing Batt Cap - High LFP Chemistry","Cobalt","All Material is Recycled in NA",3507.20640742016
2033,"Decreasing Batt Cap - High LFP Chemistry","Copper","Recycling Limited to NA 2025 Online or Planned",21351.1646277228
2033,"Decreasing Batt Cap - High LFP Chemistry","Copper","All Material is Recycled in NA",22537.3404403741
2033,"Decreasing Batt Cap - High LFP Chemistry","Graphite","Recycling Limited to NA 2025 Online or Planned",0
2033,"Decreasing Batt Cap - High LFP Chemistry","Graphite","All Material is Recycled in NA",44355.9482100651
2033,"Decreasing Batt Cap - High LFP Chemistry","Lithium","Recycling Limited to NA 2025 Online or Planned",0
2033,"Decreasing Batt Cap - High LFP Chemistry","Lithium","All Material is Recycled in NA",4117.19754308465
2033,"Decreasing Batt Cap - High LFP Chemistry","Manganese","Recycling Limited to NA 2025 Online or Planned",0
2033,"Decreasing Batt Cap - High LFP Chemistry","Manganese","All Material is Recycled in NA",1523.52659127422
2033,"Decreasing Batt Cap - High LFP Chemistry","Nickel","Recycling Limited to NA 2025 Online or Planned",17358.5194261401
2033,"Decreasing Batt Cap - High LFP Chemistry","Nickel","All Material is Recycled in NA",17358.5194261401
2033,"Increasing Batt Cap - Benchmark Chemistry","Cobalt","Recycling Limited to NA 2025 Online or Planned",3682.63714604491
2033,"Increasing Batt Cap - Benchmark Chemistry","Cobalt","All Material is Recycled in NA",3682.63714604491
2033,"Increasing Batt Cap - Benchmark Chemistry","Copper","Recycling Limited to NA 2025 Online or Planned",21801.3235681154
2033,"Increasing Batt Cap - Benchmark Chemistry","Copper","All Material is Recycled in NA",23012.5082107884
2033,"Increasing Batt Cap - Benchmark Chemistry","Graphite","Recycling Limited to NA 2025 Online or Planned",0
2033,"Increasing Batt Cap - Benchmark Chemistry","Graphite","All Material is Recycled in NA",45481.6855999211
2033,"Increasing Batt Cap - Benchmark Chemistry","Lithium","Recycling Limited to NA 2025 Online or Planned",0
2033,"Increasing Batt Cap - Benchmark Chemistry","Lithium","All Material is Recycled in NA",4233.21378200505
2033,"Increasing Batt Cap - Benchmark Chemistry","Manganese","Recycling Limited to NA 2025 Online or Planned",0
2033,"Increasing Batt Cap - Benchmark Chemistry","Manganese","All Material is Recycled in NA",1621.31365612588
2033,"Increasing Batt Cap - Benchmark Chemistry","Nickel","Recycling Limited to NA 2025 Online or Planned",18254.1196427344
2033,"Increasing Batt Cap - Benchmark Chemistry","Nickel","All Material is Recycled in NA",18254.1196427344
2033,"Increasing Batt Cap - High LFP Chemistry","Cobalt","Recycling Limited to NA 2025 Online or Planned",3617.56418743371
2033,"Increasing Batt Cap - High LFP Chemistry","Cobalt","All Material is Recycled in NA",3617.56418743371
2033,"Increasing Batt Cap - High LFP Chemistry","Copper","Recycling Limited to NA 2025 Online or Planned",21886.2291076592
2033,"Increasing Batt Cap - High LFP Chemistry","Copper","All Material is Recycled in NA",23102.1307247514
2033,"Increasing Batt Cap - High LFP Chemistry","Graphite","Recycling Limited to NA 2025 Online or Planned",0
2033,"Increasing Batt Cap - High LFP Chemistry","Graphite","All Material is Recycled in NA",45511.8017091346
2033,"Increasing Batt Cap - High LFP Chemistry","Lithium","Recycling Limited to NA 2025 Online or Planned",0
2033,"Increasing Batt Cap - High LFP Chemistry","Lithium","All Material is Recycled in NA",4227.24620063559
2033,"Increasing Batt Cap - High LFP Chemistry","Manganese","Recycling Limited to NA 2025 Online or Planned",0
2033,"Increasing Batt Cap - High LFP Chemistry","Manganese","All Material is Recycled in NA",1584.67333418763
2033,"Increasing Batt Cap - High LFP Chemistry","Nickel","Recycling Limited to NA 2025 Online or Planned",17919.0571145794
2033,"Increasing Batt Cap - High LFP Chemistry","Nickel","All Material is Recycled in NA",17919.0571145794
2034,"Decreasing Batt Cap - Benchmark Chemistry","Cobalt","Recycling Limited to NA 2025 Online or Planned",4833.74778999073
2034,"Decreasing Batt Cap - Benchmark Chemistry","Cobalt","All Material is Recycled in NA",4833.74778999073
2034,"Decreasing Batt Cap - Benchmark Chemistry","Copper","Recycling Limited to NA 2025 Online or Planned",29755.3809331034
2034,"Decreasing Batt Cap - Benchmark Chemistry","Copper","All Material is Recycled in NA",31408.4576516092
2034,"Decreasing Batt Cap - Benchmark Chemistry","Graphite","Recycling Limited to NA 2025 Online or Planned",0
2034,"Decreasing Batt Cap - Benchmark Chemistry","Graphite","All Material is Recycled in NA",61918.4572513417
2034,"Decreasing Batt Cap - Benchmark Chemistry","Lithium","Recycling Limited to NA 2025 Online or Planned",0
2034,"Decreasing Batt Cap - Benchmark Chemistry","Lithium","All Material is Recycled in NA",5742.11508966755
2034,"Decreasing Batt Cap - Benchmark Chemistry","Manganese","Recycling Limited to NA 2025 Online or Planned",0
2034,"Decreasing Batt Cap - Benchmark Chemistry","Manganese","All Material is Recycled in NA",2140.96126719662
2034,"Decreasing Batt Cap - Benchmark Chemistry","Nickel","Recycling Limited to NA 2025 Online or Planned",24429.2595251435
2034,"Decreasing Batt Cap - Benchmark Chemistry","Nickel","All Material is Recycled in NA",24429.2595251435
2034,"Decreasing Batt Cap - High LFP Chemistry","Cobalt","Recycling Limited to NA 2025 Online or Planned",4750.05589413153
2034,"Decreasing Batt Cap - High LFP Chemistry","Cobalt","All Material is Recycled in NA",4750.05589413153
2034,"Decreasing Batt Cap - High LFP Chemistry","Copper","Recycling Limited to NA 2025 Online or Planned",29864.7668161278
2034,"Decreasing Batt Cap - High LFP Chemistry","Copper","All Material is Recycled in NA",31523.9205281349
2034,"Decreasing Batt Cap - High LFP Chemistry","Graphite","Recycling Limited to NA 2025 Online or Planned",0
2034,"Decreasing Batt Cap - High LFP Chemistry","Graphite","All Material is Recycled in NA",61957.2355996176
2034,"Decreasing Batt Cap - High LFP Chemistry","Lithium","Recycling Limited to NA 2025 Online or Planned",0
2034,"Decreasing Batt Cap - High LFP Chemistry","Lithium","All Material is Recycled in NA",5734.44011958438
2034,"Decreasing Batt Cap - High LFP Chemistry","Manganese","Recycling Limited to NA 2025 Online or Planned",0
2034,"Decreasing Batt Cap - High LFP Chemistry","Manganese","All Material is Recycled in NA",2093.84617967019
2034,"Decreasing Batt Cap - High LFP Chemistry","Nickel","Recycling Limited to NA 2025 Online or Planned",23997.5685324247
2034,"Decreasing Batt Cap - High LFP Chemistry","Nickel","All Material is Recycled in NA",23997.5685324247
2034,"Increasing Batt Cap - Benchmark Chemistry","Cobalt","Recycling Limited to NA 2025 Online or Planned",5044.89789824274
2034,"Increasing Batt Cap - Benchmark Chemistry","Cobalt","All Material is Recycled in NA",5044.89789824274
2034,"Increasing Batt Cap - Benchmark Chemistry","Copper","Recycling Limited to NA 2025 Online or Planned",30623.69766841
2034,"Increasing Batt Cap - Benchmark Chemistry","Copper","All Material is Recycled in NA",32325.014205544
2034,"Increasing Batt Cap - Benchmark Chemistry","Graphite","Recycling Limited to NA 2025 Online or Planned",0
2034,"Increasing Batt Cap - Benchmark Chemistry","Graphite","All Material is Recycled in NA",63859.8513601499
2034,"Increasing Batt Cap - Benchmark Chemistry","Lithium","Recycling Limited to NA 2025 Online or Planned",0
2034,"Increasing Batt Cap - Benchmark Chemistry","Lithium","All Material is Recycled in NA",5930.13508116673
2034,"Increasing Batt Cap - Benchmark Chemistry","Manganese","Recycling Limited to NA 2025 Online or Planned",0
2034,"Increasing Batt Cap - Benchmark Chemistry","Manganese","All Material is Recycled in NA",2258.90219758101
2034,"Increasing Batt Cap - Benchmark Chemistry","Nickel","Recycling Limited to NA 2025 Online or Planned",25512.7440699454
2034,"Increasing Batt Cap - Benchmark Chemistry","Nickel","All Material is Recycled in NA",25512.7440699454
2034,"Increasing Batt Cap - High LFP Chemistry","Cobalt","Recycling Limited to NA 2025 Online or Planned",4933.7625050408
2034,"Increasing Batt Cap - High LFP Chemistry","Cobalt","All Material is Recycled in NA",4933.7625050408
2034,"Increasing Batt Cap - High LFP Chemistry","Copper","Recycling Limited to NA 2025 Online or Planned",30769.7210187794
2034,"Increasing Batt Cap - High LFP Chemistry","Copper","All Material is Recycled in NA",32479.1499642671
2034,"Increasing Batt Cap - High LFP Chemistry","Graphite","Recycling Limited to NA 2025 Online or Planned",0
2034,"Increasing Batt Cap - High LFP Chemistry","Graphite","All Material is Recycled in NA",63911.5703654796
2034,"Increasing Batt Cap - High LFP Chemistry","Lithium","Recycling Limited to NA 2025 Online or Planned",0
2034,"Increasing Batt Cap - High LFP Chemistry","Lithium","All Material is Recycled in NA",5919.949585187
2034,"Increasing Batt Cap - High LFP Chemistry","Manganese","Recycling Limited to NA 2025 Online or Planned",0
2034,"Increasing Batt Cap - High LFP Chemistry","Manganese","All Material is Recycled in NA",2196.01138225328
2034,"Increasing Batt Cap - High LFP Chemistry","Nickel","Recycling Limited to NA 2025 Online or Planned",24936.6748413422
2034,"Increasing Batt Cap - High LFP Chemistry","Nickel","All Material is Recycled in NA",24936.6748413422
2035,"Decreasing Batt Cap - Benchmark Chemistry","Cobalt","Recycling Limited to NA 2025 Online or Planned",5558.67247628075
2035,"Decreasing Batt Cap - Benchmark Chemistry","Cobalt","All Material is Recycled in NA",6555.83534158803
2035,"Decreasing Batt Cap - Benchmark Chemistry","Copper","Recycling Limited to NA 2025 Online or Planned",36720.1155362314
2035,"Decreasing Batt Cap - Benchmark Chemistry","Copper","All Material is Recycled in NA",43309.7818330208
2035,"Decreasing Batt Cap - Benchmark Chemistry","Graphite","Recycling Limited to NA 2025 Online or Planned",72447.2381618866
2035,"Decreasing Batt Cap - Benchmark Chemistry","Graphite","All Material is Recycled in NA",85451.310442781
2035,"Decreasing Batt Cap - Benchmark Chemistry","Lithium","Recycling Limited to NA 2025 Online or Planned",6709.20876015662
2035,"Decreasing Batt Cap - Benchmark Chemistry","Lithium","All Material is Recycled in NA",7913.11675572531
2035,"Decreasing Batt Cap - Benchmark Chemistry","Manganese","Recycling Limited to NA 2025 Online or Planned",2516.97031967587
2035,"Decreasing Batt Cap - Benchmark Chemistry","Manganese","All Material is Recycled in NA",2968.20052223062
2035,"Decreasing Batt Cap - Benchmark Chemistry","Nickel","Recycling Limited to NA 2025 Online or Planned",28664.9436369341
2035,"Decreasing Batt Cap - Benchmark Chemistry","Nickel","All Material is Recycled in NA",33807.7428662946
2035,"Decreasing Batt Cap - High LFP Chemistry","Cobalt","Recycling Limited to NA 2025 Online or Planned",5426.7141488297
2035,"Decreasing Batt Cap - High LFP Chemistry","Cobalt","All Material is Recycled in NA",6418.34295545363
2035,"Decreasing Batt Cap - High LFP Chemistry","Copper","Recycling Limited to NA 2025 Online or Planned",36777.3994699342
2035,"Decreasing Batt Cap - High LFP Chemistry","Copper","All Material is Recycled in NA",43500.4150304456
2035,"Decreasing Batt Cap - High LFP Chemistry","Graphite","Recycling Limited to NA 2025 Online or Planned",72296.3096543049
2035,"Decreasing Batt Cap - High LFP Chemistry","Graphite","All Material is Recycled in NA",85515.267981312
2035,"Decreasing Batt Cap - High LFP Chemistry","Lithium","Recycling Limited to NA 2025 Online or Planned",6679.57500179757
2035,"Decreasing Batt Cap - High LFP Chemistry","Lithium","All Material is Recycled in NA",7900.51349402911
2035,"Decreasing Batt Cap - High LFP Chemistry","Manganese","Recycling Limited to NA 2025 Online or Planned",2444.1878491825
2035,"Decreasing Batt Cap - High LFP Chemistry","Manganese","All Material is Recycled in NA",2890.52413542655
2035,"Decreasing Batt Cap - High LFP Chemistry","Nickel","Recycling Limited to NA 2025 Online or Planned",27981.4431283101
2035,"Decreasing Batt Cap - High LFP Chemistry","Nickel","All Material is Recycled in NA",33095.1642787251
2035,"Increasing Batt Cap - Benchmark Chemistry","Cobalt","Recycling Limited to NA 2025 Online or Planned",4932.98842848525
2035,"Increasing Batt Cap - Benchmark Chemistry","Cobalt","All Material is Recycled in NA",6903.01798308523
2035,"Increasing Batt Cap - Benchmark Chemistry","Copper","Recycling Limited to NA 2025 Online or Planned",32025.2491099106
2035,"Increasing Batt Cap - Benchmark Chemistry","Copper","All Material is Recycled in NA",44820.9943268036
2035,"Increasing Batt Cap - Benchmark Chemistry","Graphite","Recycling Limited to NA 2025 Online or Planned",63341.0013664427
2035,"Increasing Batt Cap - Benchmark Chemistry","Graphite","All Material is Recycled in NA",88656.5413652734
2035,"Increasing Batt Cap - Benchmark Chemistry","Lithium","Recycling Limited to NA 2025 Online or Planned",5875.79309707599
2035,"Increasing Batt Cap - Benchmark Chemistry","Lithium","All Material is Recycled in NA",8223.21463367797
2035,"Increasing Batt Cap - Benchmark Chemistry","Manganese","Recycling Limited to NA 2025 Online or Planned",2260.72961799397
2035,"Increasing Batt Cap - Benchmark Chemistry","Manganese","All Material is Recycled in NA",3162.84866059614
2035,"Increasing Batt Cap - Benchmark Chemistry","Nickel","Recycling Limited to NA 2025 Online or Planned",25438.5397922937
2035,"Increasing Batt Cap - Benchmark Chemistry","Nickel","All Material is Recycled in NA",35599.2484250984
2035,"Increasing Batt Cap - High LFP Chemistry","Cobalt","Recycling Limited to NA 2025 Online or Planned",4783.04186562823
2035,"Increasing Batt Cap - High LFP Chemistry","Cobalt","All Material is Recycled in NA",6717.95758906496
2035,"Increasing Batt Cap - High LFP Chemistry","Copper","Recycling Limited to NA 2025 Online or Planned",32090.672397883
2035,"Increasing Batt Cap - High LFP Chemistry","Copper","All Material is Recycled in NA",45079.1433074075
2035,"Increasing Batt Cap - High LFP Chemistry","Graphite","Recycling Limited to NA 2025 Online or Planned",63168.4739450606
2035,"Increasing Batt Cap - High LFP Chemistry","Graphite","All Material is Recycled in NA",88743.0553459034
2035,"Increasing Batt Cap - High LFP Chemistry","Lithium","Recycling Limited to NA 2025 Online or Planned",5842.01811704589
2035,"Increasing Batt Cap - High LFP Chemistry","Lithium","All Material is Recycled in NA",8206.26236018363
2035,"Increasing Batt Cap - High LFP Chemistry","Manganese","Recycling Limited to NA 2025 Online or Planned",2177.54585463997
2035,"Increasing Batt Cap - High LFP Chemistry","Manganese","All Material is Recycled in NA",3057.70690604344
2035,"Increasing Batt Cap - High LFP Chemistry","Nickel","Recycling Limited to NA 2025 Online or Planned",24657.9806794357
2035,"Increasing Batt Cap - High LFP Chemistry","Nickel","All Material is Recycled in NA",34634.6744341245
2036,"Decreasing Batt Cap - Benchmark Chemistry","Cobalt","Recycling Limited to NA 2025 Online or Planned",5405.20157858639
2036,"Decreasing Batt Cap - Benchmark Chemistry","Cobalt","All Material is Recycled in NA",8795.82356575516
2036,"Decreasing Batt Cap - Benchmark Chemistry","Copper","Recycling Limited to NA 2025 Online or Planned",36057.6341121879
2036,"Decreasing Batt Cap - Benchmark Chemistry","Copper","All Material is Recycled in NA",58685.2294735985
2036,"Decreasing Batt Cap - Benchmark Chemistry","Graphite","Recycling Limited to NA 2025 Online or Planned",71219.3960826773
2036,"Decreasing Batt Cap - Benchmark Chemistry","Graphite","All Material is Recycled in NA",115922.901817577
2036,"Decreasing Batt Cap - Benchmark Chemistry","Lithium","Recycling Limited to NA 2025 Online or Planned",6590.48143811558
2036,"Decreasing Batt Cap - Benchmark Chemistry","Lithium","All Material is Recycled in NA",10725.8999520825
2036,"Decreasing Batt Cap - Benchmark Chemistry","Manganese","Recycling Limited to NA 2025 Online or Planned",2535.25752186736
2036,"Decreasing Batt Cap - Benchmark Chemistry","Manganese","All Material is Recycled in NA",4124.61010879276
2036,"Decreasing Batt Cap - Benchmark Chemistry","Nickel","Recycling Limited to NA 2025 Online or Planned",28304.1089337093
2036,"Decreasing Batt Cap - Benchmark Chemistry","Nickel","All Material is Recycled in NA",46061.3905300848
2036,"Decreasing Batt Cap - High LFP Chemistry","Cobalt","Recycling Limited to NA 2025 Online or Planned",5251.03833276671
2036,"Decreasing Batt Cap - High LFP Chemistry","Cobalt","All Material is Recycled in NA",8573.9058349115
2036,"Decreasing Batt Cap - High LFP Chemistry","Copper","Recycling Limited to NA 2025 Online or Planned",36124.7869347954
2036,"Decreasing Batt Cap - High LFP Chemistry","Copper","All Material is Recycled in NA",58994.2051941298
2036,"Decreasing Batt Cap - High LFP Chemistry","Graphite","Recycling Limited to NA 2025 Online or Planned",71041.7283955099
2036,"Decreasing Batt Cap - High LFP Chemistry","Graphite","All Material is Recycled in NA",116026.47431488
2036,"Decreasing Batt Cap - High LFP Chemistry","Lithium","Recycling Limited to NA 2025 Online or Planned",6555.72875145821
2036,"Decreasing Batt Cap - High LFP Chemistry","Lithium","All Material is Recycled in NA",10705.565497663
2036,"Decreasing Batt Cap - High LFP Chemistry","Manganese","Recycling Limited to NA 2025 Online or Planned",2449.68583058732
2036,"Decreasing Batt Cap - High LFP Chemistry","Manganese","All Material is Recycled in NA",3998.8518627394
2036,"Decreasing Batt Cap - High LFP Chemistry","Nickel","Recycling Limited to NA 2025 Online or Planned",27501.3268140719
2036,"Decreasing Batt Cap - High LFP Chemistry","Nickel","All Material is Recycled in NA",44906.6777084784
2036,"Increasing Batt Cap - Benchmark Chemistry","Cobalt","Recycling Limited to NA 2025 Online or Planned",4827.78904429417
2036,"Increasing Batt Cap - Benchmark Chemistry","Cobalt","All Material is Recycled in NA",9356.5960707484
2036,"Increasing Batt Cap - Benchmark Chemistry","Copper","Recycling Limited to NA 2025 Online or Planned",31534.9136497663
2036,"Increasing Batt Cap - Benchmark Chemistry","Copper","All Material is Recycled in NA",61131.7958438557
2036,"Increasing Batt Cap - Benchmark Chemistry","Graphite","Recycling Limited to NA 2025 Online or Planned",62469.0550109833
2036,"Increasing Batt Cap - Benchmark Chemistry","Graphite","All Material is Recycled in NA",121116.928762683
2036,"Increasing Batt Cap - Benchmark Chemistry","Lithium","Recycling Limited to NA 2025 Online or Planned",5792.33439008323
2036,"Increasing Batt Cap - Benchmark Chemistry","Lithium","All Material is Recycled in NA",11228.068938996
2036,"Increasing Batt Cap - Benchmark Chemistry","Manganese","Recycling Limited to NA 2025 Online or Planned",2291.85757756904
2036,"Increasing Batt Cap - Benchmark Chemistry","Manganese","All Material is Recycled in NA",4440.12294289037
2036,"Increasing Batt Cap - Benchmark Chemistry","Nickel","Recycling Limited to NA 2025 Online or Planned",25264.6431021084
2036,"Increasing Batt Cap - Benchmark Chemistry","Nickel","All Material is Recycled in NA",48968.7961555702
2036,"Increasing Batt Cap - High LFP Chemistry","Cobalt","Recycling Limited to NA 2025 Online or Planned",4651.18225833316
2036,"Increasing Batt Cap - High LFP Chemistry","Cobalt","All Material is Recycled in NA",9054.4175841151
2036,"Increasing Batt Cap - High LFP Chemistry","Copper","Recycling Limited to NA 2025 Online or Planned",31612.2860717878
2036,"Increasing Batt Cap - High LFP Chemistry","Copper","All Material is Recycled in NA",61555.3969327191
2036,"Increasing Batt Cap - High LFP Chemistry","Graphite","Recycling Limited to NA 2025 Online or Planned",62264.1821860486
2036,"Increasing Batt Cap - High LFP Chemistry","Graphite","All Material is Recycled in NA",121258.746079313
2036,"Increasing Batt Cap - High LFP Chemistry","Lithium","Recycling Limited to NA 2025 Online or Planned",5752.38921936635
2036,"Increasing Batt Cap - High LFP Chemistry","Lithium","All Material is Recycled in NA",11200.4002787748
2036,"Increasing Batt Cap - High LFP Chemistry","Manganese","Recycling Limited to NA 2025 Online or Planned",2193.21925962172
2036,"Increasing Batt Cap - High LFP Chemistry","Manganese","All Material is Recycled in NA",4267.83562259462
2036,"Increasing Batt Cap - High LFP Chemistry","Nickel","Recycling Limited to NA 2025 Online or Planned",24339.8509210062
2036,"Increasing Batt Cap - High LFP Chemistry","Nickel","All Material is Recycled in NA",47386.3556059007
2037,"Decreasing Batt Cap - Benchmark Chemistry","Cobalt","Recycling Limited to NA 2025 Online or Planned",5256.03739463494
2037,"Decreasing Batt Cap - Benchmark Chemistry","Cobalt","All Material is Recycled in NA",11477.6061941406
2037,"Decreasing Batt Cap - Benchmark Chemistry","Copper","Recycling Limited to NA 2025 Online or Planned",35439.8018245254
2037,"Decreasing Batt Cap - Benchmark Chemistry","Copper","All Material is Recycled in NA",77407.5684751154
2037,"Decreasing Batt Cap - Benchmark Chemistry","Graphite","Recycling Limited to NA 2025 Online or Planned",70032.6539229634
2037,"Decreasing Batt Cap - Benchmark Chemistry","Graphite","All Material is Recycled in NA",152985.444968442
2037,"Decreasing Batt Cap - Benchmark Chemistry","Lithium","Recycling Limited to NA 2025 Online or Planned",6474.93273745416
2037,"Decreasing Batt Cap - Benchmark Chemistry","Lithium","All Material is Recycled in NA",14141.8276157575
2037,"Decreasing Batt Cap - Benchmark Chemistry","Manganese","Recycling Limited to NA 2025 Online or Planned",2531.88454786822
2037,"Decreasing Batt Cap - Benchmark Chemistry","Manganese","All Material is Recycled in NA",5527.03226452024
2037,"Decreasing Batt Cap - Benchmark Chemistry","Nickel","Recycling Limited to NA 2025 Online or Planned",27867.2733044346
2037,"Decreasing Batt Cap - Benchmark Chemistry","Nickel","All Material is Recycled in NA",60858.6995171237
2037,"Decreasing Batt Cap - High LFP Chemistry","Cobalt","Recycling Limited to NA 2025 Online or Planned",5074.08985498725
2037,"Decreasing Batt Cap - High LFP Chemistry","Cobalt","All Material is Recycled in NA",11125.5447527655
2037,"Decreasing Batt Cap - High LFP Chemistry","Copper","Recycling Limited to NA 2025 Online or Planned",35519.4426668664
2037,"Decreasing Batt Cap - High LFP Chemistry","Copper","All Material is Recycled in NA",77899.4965282519
2037,"Decreasing Batt Cap - High LFP Chemistry","Graphite","Recycling Limited to NA 2025 Online or Planned",69821.9033253761
2037,"Decreasing Batt Cap - High LFP Chemistry","Graphite","All Material is Recycled in NA",153150.22838572
2037,"Decreasing Batt Cap - High LFP Chemistry","Lithium","Recycling Limited to NA 2025 Online or Planned",6433.80842264872
2037,"Decreasing Batt Cap - High LFP Chemistry","Lithium","All Material is Recycled in NA",14109.5790492132
2037,"Decreasing Batt Cap - High LFP Chemistry","Manganese","Recycling Limited to NA 2025 Online or Planned",2430.34926039651
2037,"Decreasing Batt Cap - High LFP Chemistry","Manganese","All Material is Recycled in NA",5326.96136275171
2037,"Decreasing Batt Cap - High LFP Chemistry","Nickel","Recycling Limited to NA 2025 Online or Planned",26915.5726115622
2037,"Decreasing Batt Cap - High LFP Chemistry","Nickel","All Material is Recycled in NA",59020.5872323778
2037,"Increasing Batt Cap - Benchmark Chemistry","Cobalt","Recycling Limited to NA 2025 Online or Planned",4728.03431456245
2037,"Increasing Batt Cap - Benchmark Chemistry","Cobalt","All Material is Recycled in NA",12365.2420444459
2037,"Increasing Batt Cap - Benchmark Chemistry","Copper","Recycling Limited to NA 2025 Online or Planned",31071.7624570258
2037,"Increasing Batt Cap - Benchmark Chemistry","Copper","All Material is Recycled in NA",81288.3039074604
2037,"Increasing Batt Cap - Benchmark Chemistry","Graphite","Recycling Limited to NA 2025 Online or Planned",61616.7122568035
2037,"Increasing Batt Cap - Benchmark Chemistry","Graphite","All Material is Recycled in NA",161229.720501508
2037,"Increasing Batt Cap - Benchmark Chemistry","Lithium","Recycling Limited to NA 2025 Online or Planned",5710.53370752294
2037,"Increasing Batt Cap - Benchmark Chemistry","Lithium","All Material is Recycled in NA",14938.5141641734
2037,"Increasing Batt Cap - Benchmark Chemistry","Manganese","Recycling Limited to NA 2025 Online or Planned",2306.01460533776
2037,"Increasing Batt Cap - Benchmark Chemistry","Manganese","All Material is Recycled in NA",6028.11908137763
2037,"Increasing Batt Cap - Benchmark Chemistry","Nickel","Recycling Limited to NA 2025 Online or Planned",25033.9665352313
2037,"Increasing Batt Cap - Benchmark Chemistry","Nickel","All Material is Recycled in NA",65479.0043850211
2037,"Increasing Batt Cap - High LFP Chemistry","Cobalt","Recycling Limited to NA 2025 Online or Planned",4518.87639131468
2037,"Increasing Batt Cap - High LFP Chemistry","Cobalt","All Material is Recycled in NA",11881.6630940822
2037,"Increasing Batt Cap - High LFP Chemistry","Copper","Recycling Limited to NA 2025 Online or Planned",31163.8847149632
2037,"Increasing Batt Cap - High LFP Chemistry","Copper","All Material is Recycled in NA",81969.0082387257
2037,"Increasing Batt Cap - High LFP Chemistry","Graphite","Recycling Limited to NA 2025 Online or Planned",61372.7372399309
2037,"Increasing Batt Cap - High LFP Chemistry","Graphite","All Material is Recycled in NA",161457.424356584
2037,"Increasing Batt Cap - High LFP Chemistry","Lithium","Recycling Limited to NA 2025 Online or Planned",5663.0896376406
2037,"Increasing Batt Cap - High LFP Chemistry","Lithium","All Material is Recycled in NA",14894.2530521145
2037,"Increasing Batt Cap - High LFP Chemistry","Manganese","Recycling Limited to NA 2025 Online or Planned",2188.52797703427
2037,"Increasing Batt Cap - High LFP Chemistry","Manganese","All Material is Recycled in NA",5751.53016563285
2037,"Increasing Batt Cap - High LFP Chemistry","Nickel","Recycling Limited to NA 2025 Online or Planned",23933.3604422028
2037,"Increasing Batt Cap - High LFP Chemistry","Nickel","All Material is Recycled in NA",62936.6195459049
2038,"Decreasing Batt Cap - Benchmark Chemistry","Cobalt","Recycling Limited to NA 2025 Online or Planned",5195.30118604132
2038,"Decreasing Batt Cap - Benchmark Chemistry","Cobalt","All Material is Recycled in NA",15393.7678471115
2038,"Decreasing Batt Cap - Benchmark Chemistry","Copper","Recycling Limited to NA 2025 Online or Planned",34861.457205564
2038,"Decreasing Batt Cap - Benchmark Chemistry","Copper","All Material is Recycled in NA",103324.710298823
2038,"Decreasing Batt Cap - Benchmark Chemistry","Graphite","Recycling Limited to NA 2025 Online or Planned",68968.6457386514
2038,"Decreasing Batt Cap - Benchmark Chemistry","Graphite","All Material is Recycled in NA",204447.995575751
2038,"Decreasing Batt Cap - Benchmark Chemistry","Lithium","Recycling Limited to NA 2025 Online or Planned",6379.06743489585
2038,"Decreasing Batt Cap - Benchmark Chemistry","Lithium","All Material is Recycled in NA",18905.509512643
2038,"Decreasing Batt Cap - Benchmark Chemistry","Manganese","Recycling Limited to NA 2025 Online or Planned",2557.28662622847
2038,"Decreasing Batt Cap - Benchmark Chemistry","Manganese","All Material is Recycled in NA",7574.25084001199
2038,"Decreasing Batt Cap - Benchmark Chemistry","Nickel","Recycling Limited to NA 2025 Online or Planned",27604.7036733024
2038,"Decreasing Batt Cap - Benchmark Chemistry","Nickel","All Material is Recycled in NA",81801.6427790814
2038,"Decreasing Batt Cap - High LFP Chemistry","Cobalt","Recycling Limited to NA 2025 Online or Planned",4986.44370882903
2038,"Decreasing Batt Cap - High LFP Chemistry","Cobalt","All Material is Recycled in NA",14845.4890133041
2038,"Decreasing Batt Cap - High LFP Chemistry","Copper","Recycling Limited to NA 2025 Online or Planned",34953.2140786507
2038,"Decreasing Batt Cap - High LFP Chemistry","Copper","All Material is Recycled in NA",104093.575377137
2038,"Decreasing Batt Cap - High LFP Chemistry","Graphite","Recycling Limited to NA 2025 Online or Planned",68725.8229007302
2038,"Decreasing Batt Cap - High LFP Chemistry","Graphite","All Material is Recycled in NA",204705.373037966
2038,"Decreasing Batt Cap - High LFP Chemistry","Lithium","Recycling Limited to NA 2025 Online or Planned",6331.77194165654
2038,"Decreasing Batt Cap - High LFP Chemistry","Lithium","All Material is Recycled in NA",18855.3066630473
2038,"Decreasing Batt Cap - High LFP Chemistry","Manganese","Recycling Limited to NA 2025 Online or Planned",2440.15600984872
2038,"Decreasing Batt Cap - High LFP Chemistry","Manganese","All Material is Recycled in NA",7261.68237056596
2038,"Decreasing Batt Cap - High LFP Chemistry","Nickel","Recycling Limited to NA 2025 Online or Planned",26508.6838644014
2038,"Decreasing Batt Cap - High LFP Chemistry","Nickel","All Material is Recycled in NA",78929.3554477375
2038,"Increasing Batt Cap - Benchmark Chemistry","Cobalt","Recycling Limited to NA 2025 Online or Planned",4704.98337219827
2038,"Increasing Batt Cap - Benchmark Chemistry","Cobalt","All Material is Recycled in NA",16823.2246222063
2038,"Increasing Batt Cap - Benchmark Chemistry","Copper","Recycling Limited to NA 2025 Online or Planned",30637.0886416568
2038,"Increasing Batt Cap - Benchmark Chemistry","Copper","All Material is Recycled in NA",109588.195050553
2038,"Increasing Batt Cap - Benchmark Chemistry","Graphite","Recycling Limited to NA 2025 Online or Planned",60861.7744825695
2038,"Increasing Batt Cap - Benchmark Chemistry","Graphite","All Material is Recycled in NA",217751.824219381
2038,"Increasing Batt Cap - Benchmark Chemistry","Lithium","Recycling Limited to NA 2025 Online or Planned",5645.08876078094
2038,"Increasing Batt Cap - Benchmark Chemistry","Lithium","All Material is Recycled in NA",20190.6260570526
2038,"Increasing Batt Cap - Benchmark Chemistry","Manganese","Recycling Limited to NA 2025 Online or Planned",2344.93349218574
2038,"Increasing Batt Cap - Benchmark Chemistry","Manganese","All Material is Recycled in NA",8380.17157416199
2038,"Increasing Batt Cap - Benchmark Chemistry","Nickel","Recycling Limited to NA 2025 Online or Planned",24956.6492048277
2038,"Increasing Batt Cap - Benchmark Chemistry","Nickel","All Material is Recycled in NA",89247.7960493916
2038,"Increasing Batt Cap - High LFP Chemistry","Cobalt","Recycling Limited to NA 2025 Online or Planned",4464.73728401708
2038,"Increasing Batt Cap - High LFP Chemistry","Cobalt","All Material is Recycled in NA",16064.1971859097
2038,"Increasing Batt Cap - High LFP Chemistry","Copper","Recycling Limited to NA 2025 Online or Planned",30743.3338878131
2038,"Increasing Batt Cap - High LFP Chemistry","Copper","All Material is Recycled in NA",110660.929840515
2038,"Increasing Batt Cap - High LFP Chemistry","Graphite","Recycling Limited to NA 2025 Online or Planned",60580.4093046581
2038,"Increasing Batt Cap - High LFP Chemistry","Graphite","All Material is Recycled in NA",218110.394193977
2038,"Increasing Batt Cap - High LFP Chemistry","Lithium","Recycling Limited to NA 2025 Online or Planned",5590.48140863143
2038,"Increasing Batt Cap - High LFP Chemistry","Lithium","All Material is Recycled in NA",20121.1823581272
2038,"Increasing Batt Cap - High LFP Chemistry","Manganese","Recycling Limited to NA 2025 Online or Planned",2209.28615152858
2038,"Increasing Batt Cap - High LFP Chemistry","Manganese","All Material is Recycled in NA",7944.55623860463
2038,"Increasing Batt Cap - High LFP Chemistry","Nickel","Recycling Limited to NA 2025 Online or Planned",23687.9520116444
2038,"Increasing Batt Cap - High LFP Chemistry","Nickel","All Material is Recycled in NA",85242.1012963485
2039,"Decreasing Batt Cap - Benchmark Chemistry","Cobalt","Recycling Limited to NA 2025 Online or Planned",5006.81980671476
2039,"Decreasing Batt Cap - Benchmark Chemistry","Cobalt","All Material is Recycled in NA",18991.649149947
2039,"Decreasing Batt Cap - Benchmark Chemistry","Copper","Recycling Limited to NA 2025 Online or Planned",34328.179981339
2039,"Decreasing Batt Cap - Benchmark Chemistry","Copper","All Material is Recycled in NA",130256.410607611
2039,"Decreasing Batt Cap - Benchmark Chemistry","Graphite","Recycling Limited to NA 2025 Online or Planned",67713.0310593153
2039,"Decreasing Batt Cap - Benchmark Chemistry","Graphite","All Material is Recycled in NA",256982.590125451
2039,"Decreasing Batt Cap - Benchmark Chemistry","Lithium","Recycling Limited to NA 2025 Online or Planned",6250.1649730517
2039,"Decreasing Batt Cap - Benchmark Chemistry","Lithium","All Material is Recycled in NA",23714.1598775423
2039,"Decreasing Batt Cap - Benchmark Chemistry","Manganese","Recycling Limited to NA 2025 Online or Planned",2554.5794300675
2039,"Decreasing Batt Cap - Benchmark Chemistry","Manganese","All Material is Recycled in NA",9685.71504551546
2039,"Decreasing Batt Cap - Benchmark Chemistry","Nickel","Recycling Limited to NA 2025 Online or Planned",26590.2058665786
2039,"Decreasing Batt Cap - Benchmark Chemistry","Nickel","All Material is Recycled in NA",100872.953064385
2039,"Decreasing Batt Cap - High LFP Chemistry","Cobalt","Recycling Limited to NA 2025 Online or Planned",4744.14983004528
2039,"Decreasing Batt Cap - High LFP Chemistry","Cobalt","All Material is Recycled in NA",18105.2616773338
2039,"Decreasing Batt Cap - High LFP Chemistry","Copper","Recycling Limited to NA 2025 Online or Planned",34443.8373702295
2039,"Decreasing Batt Cap - High LFP Chemistry","Copper","All Material is Recycled in NA",131497.942958939
2039,"Decreasing Batt Cap - High LFP Chemistry","Graphite","Recycling Limited to NA 2025 Online or Planned",67408.5645840983
2039,"Decreasing Batt Cap - High LFP Chemistry","Graphite","All Material is Recycled in NA",257398.214289334
2039,"Decreasing Batt Cap - High LFP Chemistry","Lithium","Recycling Limited to NA 2025 Online or Planned",6190.76819950204
2039,"Decreasing Batt Cap - High LFP Chemistry","Lithium","All Material is Recycled in NA",23632.9779426255
2039,"Decreasing Batt Cap - High LFP Chemistry","Manganese","Recycling Limited to NA 2025 Online or Planned",2406.97832727998
2039,"Decreasing Batt Cap - High LFP Chemistry","Manganese","All Material is Recycled in NA",9181.56621027172
2039,"Decreasing Batt Cap - High LFP Chemistry","Nickel","Recycling Limited to NA 2025 Online or Planned",25213.1351021612
2039,"Decreasing Batt Cap - High LFP Chemistry","Nickel","All Material is Recycled in NA",96234.0429954063
2039,"Increasing Batt Cap - Benchmark Chemistry","Cobalt","Recycling Limited to NA 2025 Online or Planned",4588.12138703459
2039,"Increasing Batt Cap - Benchmark Chemistry","Cobalt","All Material is Recycled in NA",21286.4404756808
2039,"Increasing Batt Cap - Benchmark Chemistry","Copper","Recycling Limited to NA 2025 Online or Planned",30232.5348175609
2039,"Increasing Batt Cap - Benchmark Chemistry","Copper","All Material is Recycled in NA",140323.476677491
2039,"Increasing Batt Cap - Benchmark Chemistry","Graphite","Recycling Limited to NA 2025 Online or Planned",59957.099284601
2039,"Increasing Batt Cap - Benchmark Chemistry","Graphite","All Material is Recycled in NA",278361.316062407
2039,"Increasing Batt Cap - Benchmark Chemistry","Lithium","Recycling Limited to NA 2025 Online or Planned",5554.56082517214
2039,"Increasing Batt Cap - Benchmark Chemistry","Lithium","All Material is Recycled in NA",25778.8481930323
2039,"Increasing Batt Cap - Benchmark Chemistry","Manganese","Recycling Limited to NA 2025 Online or Planned",2367.71167789462
2039,"Increasing Batt Cap - Benchmark Chemistry","Manganese","All Material is Recycled in NA",10978.8785152638
2039,"Increasing Batt Cap - Benchmark Chemistry","Nickel","Recycling Limited to NA 2025 Online or Planned",24314.8950016552
2039,"Increasing Batt Cap - Benchmark Chemistry","Nickel","All Material is Recycled in NA",112825.718399957
2039,"Increasing Batt Cap - High LFP Chemistry","Cobalt","Recycling Limited to NA 2025 Online or Planned",4290.64930828909
2039,"Increasing Batt Cap - High LFP Chemistry","Cobalt","All Material is Recycled in NA",20062.9940600339
2039,"Increasing Batt Cap - High LFP Chemistry","Copper","Recycling Limited to NA 2025 Online or Planned",30364.4709192987
2039,"Increasing Batt Cap - High LFP Chemistry","Copper","All Material is Recycled in NA",142052.155413209
2039,"Increasing Batt Cap - High LFP Chemistry","Graphite","Recycling Limited to NA 2025 Online or Planned",59609.435920824
2039,"Increasing Batt Cap - High LFP Chemistry","Graphite","All Material is Recycled in NA",278939.082124082
2039,"Increasing Batt Cap - High LFP Chemistry","Lithium","Recycling Limited to NA 2025 Online or Planned",5487.01034904288
2039,"Increasing Batt Cap - High LFP Chemistry","Lithium","All Material is Recycled in NA",25666.8994729353
2039,"Increasing Batt Cap - High LFP Chemistry","Manganese","Recycling Limited to NA 2025 Online or Planned",2199.28376662819
2039,"Increasing Batt Cap - High LFP Chemistry","Manganese","All Material is Recycled in NA",10277.6530544456
2039,"Increasing Batt Cap - High LFP Chemistry","Nickel","Recycling Limited to NA 2025 Online or Planned",22744.3588769317
2039,"Increasing Batt Cap - High LFP Chemistry","Nickel","All Material is Recycled in NA",106369.935648523
2040,"Decreasing Batt Cap - Benchmark Chemistry","Cobalt","Recycling Limited to NA 2025 Online or Planned",4832.15296931608
2040,"Decreasing Batt Cap - Benchmark Chemistry","Cobalt","All Material is Recycled in NA",22908.9888612107
2040,"Decreasing Batt Cap - Benchmark Chemistry","Copper","Recycling Limited to NA 2025 Online or Planned",33770.4869759135
2040,"Decreasing Batt Cap - Benchmark Chemistry","Copper","All Material is Recycled in NA",160166.201373359
2040,"Decreasing Batt Cap - Benchmark Chemistry","Graphite","Recycling Limited to NA 2025 Online or Planned",66447.3355553523
2040,"Decreasing Batt Cap - Benchmark Chemistry","Graphite","All Material is Recycled in NA",315212.27046263
2040,"Decreasing Batt Cap - Benchmark Chemistry","Lithium","Recycling Limited to NA 2025 Online or Planned",6122.28651033421
2040,"Decreasing Batt Cap - Benchmark Chemistry","Lithium","All Material is Recycled in NA",29034.2869926938
2040,"Decreasing Batt Cap - Benchmark Chemistry","Manganese","Recycling Limited to NA 2025 Online or Planned",2554.48626742768
2040,"Decreasing Batt Cap - Benchmark Chemistry","Manganese","All Material is Recycled in NA",12105.2205987214
2040,"Decreasing Batt Cap - Benchmark Chemistry","Nickel","Recycling Limited to NA 2025 Online or Planned",25662.0688584055
2040,"Decreasing Batt Cap - Benchmark Chemistry","Nickel","All Material is Recycled in NA",121679.08438598
2040,"Decreasing Batt Cap - High LFP Chemistry","Cobalt","Recycling Limited to NA 2025 Online or Planned",4494.02751527721
2040,"Decreasing Batt Cap - High LFP Chemistry","Cobalt","All Material is Recycled in NA",21476.5913473851
2040,"Decreasing Batt Cap - High LFP Chemistry","Copper","Recycling Limited to NA 2025 Online or Planned",33919.68273506
2040,"Decreasing Batt Cap - High LFP Chemistry","Copper","All Material is Recycled in NA",162169.848441991
2040,"Decreasing Batt Cap - High LFP Chemistry","Graphite","Recycling Limited to NA 2025 Online or Planned",66056.6211540061
2040,"Decreasing Batt Cap - High LFP Chemistry","Graphite","All Material is Recycled in NA",315883.15530788
2040,"Decreasing Batt Cap - High LFP Chemistry","Lithium","Recycling Limited to NA 2025 Online or Planned",6045.94000358476
2040,"Decreasing Batt Cap - High LFP Chemistry","Lithium","All Material is Recycled in NA",28903.0732032199
2040,"Decreasing Batt Cap - High LFP Chemistry","Manganese","Recycling Limited to NA 2025 Online or Planned",2364.00424975139
2040,"Decreasing Batt Cap - High LFP Chemistry","Manganese","All Material is Recycled in NA",11291.8241676151
2040,"Decreasing Batt Cap - High LFP Chemistry","Nickel","Recycling Limited to NA 2025 Online or Planned",23891.3706245166
2040,"Decreasing Batt Cap - High LFP Chemistry","Nickel","All Material is Recycled in NA",114191.694514196
2040,"Increasing Batt Cap - Benchmark Chemistry","Cobalt","Recycling Limited to NA 2025 Online or Planned",4494.59445429327
2040,"Increasing Batt Cap - Benchmark Chemistry","Cobalt","All Material is Recycled in NA",26493.7793064338
2040,"Increasing Batt Cap - Benchmark Chemistry","Copper","Recycling Limited to NA 2025 Online or Planned",29824.8000454619
2040,"Increasing Batt Cap - Benchmark Chemistry","Copper","All Material is Recycled in NA",175888.140346931
2040,"Increasing Batt Cap - Benchmark Chemistry","Graphite","Recycling Limited to NA 2025 Online or Planned",59097.1246131514
2040,"Increasing Batt Cap - Benchmark Chemistry","Graphite","All Material is Recycled in NA",348615.959893618
2040,"Increasing Batt Cap - Benchmark Chemistry","Lithium","Recycling Limited to NA 2025 Online or Planned",5470.8393061123
2040,"Increasing Batt Cap - Benchmark Chemistry","Lithium","All Material is Recycled in NA",32260.2108288122
2040,"Increasing Batt Cap - Benchmark Chemistry","Manganese","Recycling Limited to NA 2025 Online or Planned",2398.50752964042
2040,"Increasing Batt Cap - Benchmark Chemistry","Manganese","All Material is Recycled in NA",14130.3554704809
2040,"Increasing Batt Cap - Benchmark Chemistry","Nickel","Recycling Limited to NA 2025 Online or Planned",23811.319936577
2040,"Increasing Batt Cap - Benchmark Chemistry","Nickel","All Material is Recycled in NA",140381.707381251
2040,"Increasing Batt Cap - High LFP Chemistry","Cobalt","Recycling Limited to NA 2025 Online or Planned",4118.39805200226
2040,"Increasing Batt Cap - High LFP Chemistry","Cobalt","All Material is Recycled in NA",24521.3172669893
2040,"Increasing Batt Cap - High LFP Chemistry","Copper","Recycling Limited to NA 2025 Online or Planned",29992.0491888784
2040,"Increasing Batt Cap - High LFP Chemistry","Copper","All Material is Recycled in NA",178672.751095018
2040,"Increasing Batt Cap - High LFP Chemistry","Graphite","Recycling Limited to NA 2025 Online or Planned",58658.5877757179
2040,"Increasing Batt Cap - High LFP Chemistry","Graphite","All Material is Recycled in NA",349546.739419185
2040,"Increasing Batt Cap - High LFP Chemistry","Lithium","Recycling Limited to NA 2025 Online or Planned",5385.51610476118
2040,"Increasing Batt Cap - High LFP Chemistry","Lithium","All Material is Recycled in NA",32079.7002996367
2040,"Increasing Batt Cap - High LFP Chemistry","Manganese","Recycling Limited to NA 2025 Online or Planned",2184.91878483263
2040,"Increasing Batt Cap - High LFP Chemistry","Manganese","All Material is Recycled in NA",13001.1898033146
2040,"Increasing Batt Cap - High LFP Chemistry","Nickel","Recycling Limited to NA 2025 Online or Planned",21826.5796841642
2040,"Increasing Batt Cap - High LFP Chemistry","Nickel","All Material is Recycled in NA",129981.579951412
2041,"Decreasing Batt Cap - Benchmark Chemistry","Cobalt","Recycling Limited to NA 2025 Online or Planned",4720.74188950007
2041,"Decreasing Batt Cap - Benchmark Chemistry","Cobalt","All Material is Recycled in NA",27098.0625507225
2041,"Decreasing Batt Cap - Benchmark Chemistry","Copper","Recycling Limited to NA 2025 Online or Planned",33543.1031183281
2041,"Decreasing Batt Cap - Benchmark Chemistry","Copper","All Material is Recycled in NA",192625.705067488
2041,"Decreasing Batt Cap - Benchmark Chemistry","Graphite","Recycling Limited to NA 2025 Online or Planned",65884.8050022195
2041,"Decreasing Batt Cap - Benchmark Chemistry","Graphite","All Material is Recycled in NA",378437.165069357
2041,"Decreasing Batt Cap - Benchmark Chemistry","Lithium","Recycling Limited to NA 2025 Online or Planned",6061.07746189968
2041,"Decreasing Batt Cap - Benchmark Chemistry","Lithium","All Material is Recycled in NA",34803.4415543257
2041,"Decreasing Batt Cap - Benchmark Chemistry","Manganese","Recycling Limited to NA 2025 Online or Planned",2580.83059615823
2041,"Decreasing Batt Cap - Benchmark Chemistry","Manganese","All Material is Recycled in NA",14807.8625930772
2041,"Decreasing Batt Cap - Benchmark Chemistry","Nickel","Recycling Limited to NA 2025 Online or Planned",25129.3870612176
2041,"Decreasing Batt Cap - Benchmark Chemistry","Nickel","All Material is Recycled in NA",144269.324798541
2041,"Decreasing Batt Cap - High LFP Chemistry","Cobalt","Recycling Limited to NA 2025 Online or Planned",4289.66140418727
2041,"Decreasing Batt Cap - High LFP Chemistry","Cobalt","All Material is Recycled in NA",24877.9942663592
2041,"Decreasing Batt Cap - High LFP Chemistry","Copper","Recycling Limited to NA 2025 Online or Planned",33734.2011273404
2041,"Decreasing Batt Cap - High LFP Chemistry","Copper","All Material is Recycled in NA",195737.939475608
2041,"Decreasing Batt Cap - High LFP Chemistry","Graphite","Recycling Limited to NA 2025 Online or Planned",65386.1450419012
2041,"Decreasing Batt Cap - High LFP Chemistry","Graphite","All Material is Recycled in NA",379478.770860222
2041,"Decreasing Batt Cap - High LFP Chemistry","Lithium","Recycling Limited to NA 2025 Online or Planned",5963.68151554132
2041,"Decreasing Batt Cap - High LFP Chemistry","Lithium","All Material is Recycled in NA",34600.1125288527
2041,"Decreasing Batt Cap - High LFP Chemistry","Manganese","Recycling Limited to NA 2025 Online or Planned",2336.74268570033
2041,"Decreasing Batt Cap - High LFP Chemistry","Manganese","All Material is Recycled in NA",13545.2227425446
2041,"Decreasing Batt Cap - High LFP Chemistry","Nickel","Recycling Limited to NA 2025 Online or Planned",22867.1672047269
2041,"Decreasing Batt Cap - High LFP Chemistry","Nickel","All Material is Recycled in NA",132640.385570705
2041,"Increasing Batt Cap - Benchmark Chemistry","Cobalt","Recycling Limited to NA 2025 Online or Planned",4454.24845062464
2041,"Increasing Batt Cap - Benchmark Chemistry","Cobalt","All Material is Recycled in NA",32496.1847448082
2041,"Increasing Batt Cap - Benchmark Chemistry","Copper","Recycling Limited to NA 2025 Online or Planned",29634.0661129899
2041,"Increasing Batt Cap - Benchmark Chemistry","Copper","All Material is Recycled in NA",216304.71717815
2041,"Increasing Batt Cap - Benchmark Chemistry","Graphite","Recycling Limited to NA 2025 Online or Planned",58728.336137271
2041,"Increasing Batt Cap - Benchmark Chemistry","Graphite","All Material is Recycled in NA",428795.721224486
2041,"Increasing Batt Cap - Benchmark Chemistry","Lithium","Recycling Limited to NA 2025 Online or Planned",5434.95449867454
2041,"Increasing Batt Cap - Benchmark Chemistry","Lithium","All Material is Recycled in NA",39666.3795284881
2041,"Increasing Batt Cap - Benchmark Chemistry","Manganese","Recycling Limited to NA 2025 Online or Planned",2451.04849257024
2041,"Increasing Batt Cap - Benchmark Chemistry","Manganese","All Material is Recycled in NA",17872.0262990271
2041,"Increasing Batt Cap - Benchmark Chemistry","Nickel","Recycling Limited to NA 2025 Online or Planned",23647.6738278757
2041,"Increasing Batt Cap - Benchmark Chemistry","Nickel","All Material is Recycled in NA",172553.776290977
2041,"Increasing Batt Cap - High LFP Chemistry","Cobalt","Recycling Limited to NA 2025 Online or Planned",3981.88369667204
2041,"Increasing Batt Cap - High LFP Chemistry","Cobalt","All Material is Recycled in NA",29421.7802773344
2041,"Increasing Batt Cap - High LFP Chemistry","Copper","Recycling Limited to NA 2025 Online or Planned",29844.9846639682
2041,"Increasing Batt Cap - High LFP Chemistry","Copper","All Material is Recycled in NA",220653.537550559
2041,"Increasing Batt Cap - High LFP Chemistry","Graphite","Recycling Limited to NA 2025 Online or Planned",58177.1875437577
2041,"Increasing Batt Cap - High LFP Chemistry","Graphite","All Material is Recycled in NA",430248.742752954
2041,"Increasing Batt Cap - High LFP Chemistry","Lithium","Recycling Limited to NA 2025 Online or Planned",5327.76103202846
2041,"Increasing Batt Cap - High LFP Chemistry","Lithium","All Material is Recycled in NA",39385.0700270402
2041,"Increasing Batt Cap - High LFP Chemistry","Manganese","Recycling Limited to NA 2025 Online or Planned",2181.6067513063
2041,"Increasing Batt Cap - High LFP Chemistry","Manganese","All Material is Recycled in NA",16109.7718141742
2041,"Increasing Batt Cap - High LFP Chemistry","Nickel","Recycling Limited to NA 2025 Online or Planned",21150.7780001887
2041,"Increasing Batt Cap - High LFP Chemistry","Nickel","All Material is Recycled in NA",156312.759942539
2042,"Decreasing Batt Cap - Benchmark Chemistry","Cobalt","Recycling Limited to NA 2025 Online or Planned",4604.75870934017
2042,"Decreasing Batt Cap - Benchmark Chemistry","Cobalt","All Material is Recycled in NA",31429.298861882
2042,"Decreasing Batt Cap - Benchmark Chemistry","Copper","Recycling Limited to NA 2025 Online or Planned",33246.2650757606
2042,"Decreasing Batt Cap - Benchmark Chemistry","Copper","All Material is Recycled in NA",227021.931015006
2042,"Decreasing Batt Cap - Benchmark Chemistry","Graphite","Recycling Limited to NA 2025 Online or Planned",65242.2177799857
2042,"Decreasing Batt Cap - Benchmark Chemistry","Graphite","All Material is Recycled in NA",445611.267919771
2042,"Decreasing Batt Cap - Benchmark Chemistry","Lithium","Recycling Limited to NA 2025 Online or Planned",5993.25474707336
2042,"Decreasing Batt Cap - Benchmark Chemistry","Lithium","All Material is Recycled in NA",40921.0459302364
2042,"Decreasing Batt Cap - Benchmark Chemistry","Manganese","Recycling Limited to NA 2025 Online or Planned",2609.35831632708
2042,"Decreasing Batt Cap - Benchmark Chemistry","Manganese","All Material is Recycled in NA",17802.0920595876
2042,"Decreasing Batt Cap - Benchmark Chemistry","Nickel","Recycling Limited to NA 2025 Online or Planned",24688.7769393094
2042,"Decreasing Batt Cap - Benchmark Chemistry","Nickel","All Material is Recycled in NA",168537.882037483
2042,"Decreasing Batt Cap - High LFP Chemistry","Cobalt","Recycling Limited to NA 2025 Online or Planned",4076.39386532384
2042,"Decreasing Batt Cap - High LFP Chemistry","Cobalt","All Material is Recycled in NA",28182.5099636841
2042,"Decreasing Batt Cap - High LFP Chemistry","Copper","Recycling Limited to NA 2025 Online or Planned",33482.6322982975
2042,"Decreasing Batt Cap - High LFP Chemistry","Copper","All Material is Recycled in NA",231611.626667927
2042,"Decreasing Batt Cap - High LFP Chemistry","Graphite","Recycling Limited to NA 2025 Online or Planned",64625.8883490324
2042,"Decreasing Batt Cap - High LFP Chemistry","Graphite","All Material is Recycled in NA",447145.936205468
2042,"Decreasing Batt Cap - High LFP Chemistry","Lithium","Recycling Limited to NA 2025 Online or Planned",5873.373267263
2042,"Decreasing Batt Cap - High LFP Chemistry","Lithium","All Material is Recycled in NA",40624.0906058731
2042,"Decreasing Batt Cap - High LFP Chemistry","Manganese","Recycling Limited to NA 2025 Online or Planned",2305.72376517998
2042,"Decreasing Batt Cap - High LFP Chemistry","Manganese","All Material is Recycled in NA",15932.8733521381
2042,"Decreasing Batt Cap - High LFP Chemistry","Nickel","Recycling Limited to NA 2025 Online or Planned",21895.4920473622
2042,"Decreasing Batt Cap - High LFP Chemistry","Nickel","All Material is Recycled in NA",151404.269742963
2042,"Increasing Batt Cap - Benchmark Chemistry","Cobalt","Recycling Limited to NA 2025 Online or Planned",4410.86359491808
2042,"Increasing Batt Cap - Benchmark Chemistry","Cobalt","All Material is Recycled in NA",39195.9924591529
2042,"Increasing Batt Cap - Benchmark Chemistry","Copper","Recycling Limited to NA 2025 Online or Planned",29379.919663004
2042,"Increasing Batt Cap - Benchmark Chemistry","Copper","All Material is Recycled in NA",261213.263388279
2042,"Increasing Batt Cap - Benchmark Chemistry","Graphite","Recycling Limited to NA 2025 Online or Planned",58291.6200838598
2042,"Increasing Batt Cap - Benchmark Chemistry","Graphite","All Material is Recycled in NA",518423.007413988
2042,"Increasing Batt Cap - Benchmark Chemistry","Lithium","Recycling Limited to NA 2025 Online or Planned",5393.63382429168
2042,"Increasing Batt Cap - Benchmark Chemistry","Lithium","All Material is Recycled in NA",47948.6176294252
2042,"Increasing Batt Cap - Benchmark Chemistry","Manganese","Recycling Limited to NA 2025 Online or Planned",2507.5898090486
2042,"Increasing Batt Cap - Benchmark Chemistry","Manganese","All Material is Recycled in NA",22271.3978995631
2042,"Increasing Batt Cap - Benchmark Chemistry","Nickel","Recycling Limited to NA 2025 Online or Planned",23581.127918174
2042,"Increasing Batt Cap - Benchmark Chemistry","Nickel","All Material is Recycled in NA",209587.856949724
2042,"Increasing Batt Cap - High LFP Chemistry","Cobalt","Recycling Limited to NA 2025 Online or Planned",3837.24150395544
2042,"Increasing Batt Cap - High LFP Chemistry","Cobalt","All Material is Recycled in NA",34637.7786813444
2042,"Increasing Batt Cap - High LFP Chemistry","Copper","Recycling Limited to NA 2025 Online or Planned",29638.2116115385
2042,"Increasing Batt Cap - High LFP Chemistry","Copper","All Material is Recycled in NA",267710.286013978
2042,"Increasing Batt Cap - High LFP Chemistry","Graphite","Recycling Limited to NA 2025 Online or Planned",57617.1495499478
2042,"Increasing Batt Cap - High LFP Chemistry","Graphite","All Material is Recycled in NA",520591.95471427
2042,"Increasing Batt Cap - High LFP Chemistry","Lithium","Recycling Limited to NA 2025 Online or Planned",5262.95208700659
2042,"Increasing Batt Cap - High LFP Chemistry","Lithium","All Material is Recycled in NA",47532.0624246834
2042,"Increasing Batt Cap - High LFP Chemistry","Manganese","Recycling Limited to NA 2025 Online or Planned",2175.92208992783
2042,"Increasing Batt Cap - High LFP Chemistry","Manganese","All Material is Recycled in NA",19629.5773766545
2042,"Increasing Batt Cap - High LFP Chemistry","Nickel","Recycling Limited to NA 2025 Online or Planned",20528.2693854619
2042,"Increasing Batt Cap - High LFP Chemistry","Nickel","All Material is Recycled in NA",185344.473802699
2043,"Decreasing Batt Cap - Benchmark Chemistry","Cobalt","Recycling Limited to NA 2025 Online or Planned",4505.74378569438
2043,"Decreasing Batt Cap - Benchmark Chemistry","Cobalt","All Material is Recycled in NA",35934.3455245095
2043,"Decreasing Batt Cap - Benchmark Chemistry","Copper","Recycling Limited to NA 2025 Online or Planned",32956.8223389774
2043,"Decreasing Batt Cap - Benchmark Chemistry","Copper","All Material is Recycled in NA",262965.047020652
2043,"Decreasing Batt Cap - Benchmark Chemistry","Graphite","Recycling Limited to NA 2025 Online or Planned",64676.8407894131
2043,"Decreasing Batt Cap - Benchmark Chemistry","Graphite","All Material is Recycled in NA",516188.434118651
2043,"Decreasing Batt Cap - Benchmark Chemistry","Lithium","Recycling Limited to NA 2025 Online or Planned",5934.56067688633
2043,"Decreasing Batt Cap - Benchmark Chemistry","Lithium","All Material is Recycled in NA",47347.6505649365
2043,"Decreasing Batt Cap - Benchmark Chemistry","Manganese","Recycling Limited to NA 2025 Online or Planned",2631.3276310092
2043,"Decreasing Batt Cap - Benchmark Chemistry","Manganese","All Material is Recycled in NA",20976.4738249919
2043,"Decreasing Batt Cap - Benchmark Chemistry","Nickel","Recycling Limited to NA 2025 Online or Planned",24428.2228844388
2043,"Decreasing Batt Cap - Benchmark Chemistry","Nickel","All Material is Recycled in NA",194855.122748641
2043,"Decreasing Batt Cap - High LFP Chemistry","Cobalt","Recycling Limited to NA 2025 Online or Planned",3881.20830394051
2043,"Decreasing Batt Cap - High LFP Chemistry","Cobalt","All Material is Recycled in NA",31437.0681041087
2043,"Decreasing Batt Cap - High LFP Chemistry","Copper","Recycling Limited to NA 2025 Online or Planned",33239.3775243053
2043,"Decreasing Batt Cap - High LFP Chemistry","Copper","All Material is Recycled in NA",269395.172399214
2043,"Decreasing Batt Cap - High LFP Chemistry","Graphite","Recycling Limited to NA 2025 Online or Planned",63939.1611033367
2043,"Decreasing Batt Cap - High LFP Chemistry","Graphite","All Material is Recycled in NA",518334.31783382
2043,"Decreasing Batt Cap - High LFP Chemistry","Lithium","Recycling Limited to NA 2025 Online or Planned",5791.9501049818
2043,"Decreasing Batt Cap - High LFP Chemistry","Lithium","All Material is Recycled in NA",46936.8785989559
2043,"Decreasing Batt Cap - High LFP Chemistry","Manganese","Recycling Limited to NA 2025 Online or Planned",2267.61181711522
2043,"Decreasing Batt Cap - High LFP Chemistry","Manganese","All Material is Recycled in NA",18358.1103222205
2043,"Decreasing Batt Cap - High LFP Chemistry","Nickel","Recycling Limited to NA 2025 Online or Planned",21091.1293425181
2043,"Decreasing Batt Cap - High LFP Chemistry","Nickel","All Material is Recycled in NA",170869.607647435
2043,"Increasing Batt Cap - Benchmark Chemistry","Cobalt","Recycling Limited to NA 2025 Online or Planned",4380.93981911935
2043,"Increasing Batt Cap - Benchmark Chemistry","Cobalt","All Material is Recycled in NA",46656.4045524078
2043,"Increasing Batt Cap - Benchmark Chemistry","Copper","Recycling Limited to NA 2025 Online or Planned",29133.6532343644
2043,"Increasing Batt Cap - Benchmark Chemistry","Copper","All Material is Recycled in NA",310436.564848172
2043,"Increasing Batt Cap - Benchmark Chemistry","Graphite","Recycling Limited to NA 2025 Online or Planned",57925.4041443429
2043,"Increasing Batt Cap - Benchmark Chemistry","Graphite","All Material is Recycled in NA",617426.411256931
2043,"Increasing Batt Cap - Benchmark Chemistry","Lithium","Recycling Limited to NA 2025 Online or Planned",5360.40171260799
2043,"Increasing Batt Cap - Benchmark Chemistry","Lithium","All Material is Recycled in NA",57111.5490621648
2043,"Increasing Batt Cap - Benchmark Chemistry","Manganese","Recycling Limited to NA 2025 Online or Planned",2557.45515018233
2043,"Increasing Batt Cap - Benchmark Chemistry","Manganese","All Material is Recycled in NA",27222.8272825076
2043,"Increasing Batt Cap - Benchmark Chemistry","Nickel","Recycling Limited to NA 2025 Online or Planned",23673.3054363366
2043,"Increasing Batt Cap - Benchmark Chemistry","Nickel","All Material is Recycled in NA",252169.308289228
2043,"Increasing Batt Cap - High LFP Chemistry","Cobalt","Recycling Limited to NA 2025 Online or Planned",3705.85574985572
2043,"Increasing Batt Cap - High LFP Chemistry","Cobalt","All Material is Recycled in NA",40215.7696167518
2043,"Increasing Batt Cap - High LFP Chemistry","Copper","Recycling Limited to NA 2025 Online or Planned",29440.8274076037
2043,"Increasing Batt Cap - High LFP Chemistry","Copper","All Material is Recycled in NA",319714.02396945
2043,"Increasing Batt Cap - High LFP Chemistry","Graphite","Recycling Limited to NA 2025 Online or Planned",57122.2950931057
2043,"Increasing Batt Cap - High LFP Chemistry","Graphite","All Material is Recycled in NA",620517.959424676
2043,"Increasing Batt Cap - High LFP Chemistry","Lithium","Recycling Limited to NA 2025 Online or Planned",5205.67923514694
2043,"Increasing Batt Cap - High LFP Chemistry","Lithium","All Material is Recycled in NA",56523.6982818392
2043,"Increasing Batt Cap - High LFP Chemistry","Manganese","Recycling Limited to NA 2025 Online or Planned",2162.34249917614
2043,"Increasing Batt Cap - High LFP Chemistry","Manganese","All Material is Recycled in NA",23451.6194458435
2043,"Increasing Batt Cap - High LFP Chemistry","Nickel","Recycling Limited to NA 2025 Online or Planned",20044.4769976245
2043,"Increasing Batt Cap - High LFP Chemistry","Nickel","All Material is Recycled in NA",217574.885401068
2044,"Decreasing Batt Cap - Benchmark Chemistry","Cobalt","Recycling Limited to NA 2025 Online or Planned",4418.06278495124
2044,"Decreasing Batt Cap - Benchmark Chemistry","Cobalt","All Material is Recycled in NA",40512.806349181
2044,"Decreasing Batt Cap - Benchmark Chemistry","Copper","Recycling Limited to NA 2025 Online or Planned",32689.0441115779
2044,"Decreasing Batt Cap - Benchmark Chemistry","Copper","All Material is Recycled in NA",299904.577641059
2044,"Decreasing Batt Cap - Benchmark Chemistry","Graphite","Recycling Limited to NA 2025 Online or Planned",64186.7336984965
2044,"Decreasing Batt Cap - Benchmark Chemistry","Graphite","All Material is Recycled in NA",589028.886086982
2044,"Decreasing Batt Cap - Benchmark Chemistry","Lithium","Recycling Limited to NA 2025 Online or Planned",5883.90403052495
2044,"Decreasing Batt Cap - Benchmark Chemistry","Lithium","All Material is Recycled in NA",53976.1720884167
2044,"Decreasing Batt Cap - Benchmark Chemistry","Manganese","Recycling Limited to NA 2025 Online or Planned",2642.15743688292
2044,"Decreasing Batt Cap - Benchmark Chemistry","Manganese","All Material is Recycled in NA",24217.938898633
2044,"Decreasing Batt Cap - Benchmark Chemistry","Nickel","Recycling Limited to NA 2025 Online or Planned",24279.1412509247
2044,"Decreasing Batt Cap - Benchmark Chemistry","Nickel","All Material is Recycled in NA",222678.043427488
2044,"Decreasing Batt Cap - High LFP Chemistry","Cobalt","Recycling Limited to NA 2025 Online or Planned",3705.36747204464
2044,"Decreasing Batt Cap - High LFP Chemistry","Cobalt","All Material is Recycled in NA",34597.3033858549
2044,"Decreasing Batt Cap - High LFP Chemistry","Copper","Recycling Limited to NA 2025 Online or Planned",33015.3665729254
2044,"Decreasing Batt Cap - High LFP Chemistry","Copper","All Material is Recycled in NA",308469.982644822
2044,"Decreasing Batt Cap - High LFP Chemistry","Graphite","Recycling Limited to NA 2025 Online or Planned",63332.6306564378
2044,"Decreasing Batt Cap - High LFP Chemistry","Graphite","All Material is Recycled in NA",591880.328927423
2044,"Decreasing Batt Cap - High LFP Chemistry","Lithium","Recycling Limited to NA 2025 Online or Planned",5719.94130886274
2044,"Decreasing Batt Cap - High LFP Chemistry","Lithium","All Material is Recycled in NA",53436.5418577181
2044,"Decreasing Batt Cap - High LFP Chemistry","Manganese","Recycling Limited to NA 2025 Online or Planned",2222.29222609126
2044,"Decreasing Batt Cap - High LFP Chemistry","Manganese","All Material is Recycled in NA",20739.4105641438
2044,"Decreasing Batt Cap - High LFP Chemistry","Nickel","Recycling Limited to NA 2025 Online or Planned",20424.2838897451
2044,"Decreasing Batt Cap - High LFP Chemistry","Nickel","All Material is Recycled in NA",190747.408148866
2044,"Increasing Batt Cap - Benchmark Chemistry","Cobalt","Recycling Limited to NA 2025 Online or Planned",4356.81536040981
2044,"Increasing Batt Cap - Benchmark Chemistry","Cobalt","All Material is Recycled in NA",54734.2701285661
2044,"Increasing Batt Cap - Benchmark Chemistry","Copper","Recycling Limited to NA 2025 Online or Planned",28905.0107004305
2044,"Increasing Batt Cap - Benchmark Chemistry","Copper","All Material is Recycled in NA",363331.546580479
2044,"Increasing Batt Cap - Benchmark Chemistry","Graphite","Recycling Limited to NA 2025 Online or Planned",57616.6490728868
2044,"Increasing Batt Cap - Benchmark Chemistry","Graphite","All Material is Recycled in NA",724469.602501344
2044,"Increasing Batt Cap - Benchmark Chemistry","Lithium","Recycling Limited to NA 2025 Online or Planned",5332.98964967172
2044,"Increasing Batt Cap - Benchmark Chemistry","Lithium","All Material is Recycled in NA",67026.7941866315
2044,"Increasing Batt Cap - Benchmark Chemistry","Manganese","Recycling Limited to NA 2025 Online or Planned",2595.46089541853
2044,"Increasing Batt Cap - Benchmark Chemistry","Manganese","All Material is Recycled in NA",32590.5940296048
2044,"Increasing Batt Cap - Benchmark Chemistry","Nickel","Recycling Limited to NA 2025 Online or Planned",23845.8433777292
2044,"Increasing Batt Cap - Benchmark Chemistry","Nickel","All Material is Recycled in NA",299638.94631534
2044,"Increasing Batt Cap - High LFP Chemistry","Cobalt","Recycling Limited to NA 2025 Online or Planned",3586.49482527281
2044,"Increasing Batt Cap - High LFP Chemistry","Cobalt","All Material is Recycled in NA",46052.3272278496
2044,"Increasing Batt Cap - High LFP Chemistry","Copper","Recycling Limited to NA 2025 Online or Planned",29259.4547561653
2044,"Increasing Batt Cap - High LFP Chemistry","Copper","All Material is Recycled in NA",375986.128315331
2044,"Increasing Batt Cap - High LFP Chemistry","Graphite","Recycling Limited to NA 2025 Online or Planned",56687.664844031
2044,"Increasing Batt Cap - High LFP Chemistry","Graphite","All Material is Recycled in NA",728676.730376281
2044,"Increasing Batt Cap - High LFP Chemistry","Lithium","Recycling Limited to NA 2025 Online or Planned",5155.19002438899
2044,"Increasing Batt Cap - High LFP Chemistry","Lithium","All Material is Recycled in NA",66235.2927706223
2044,"Increasing Batt Cap - High LFP Chemistry","Manganese","Recycling Limited to NA 2025 Online or Planned",2139.87067312472
2044,"Increasing Batt Cap - High LFP Chemistry","Manganese","All Material is Recycled in NA",27460.691114511
2044,"Increasing Batt Cap - High LFP Chemistry","Nickel","Recycling Limited to NA 2025 Online or Planned",19657.365005049
2044,"Increasing Batt Cap - High LFP Chemistry","Nickel","All Material is Recycled in NA",252477.855051918
2045,"Decreasing Batt Cap - Benchmark Chemistry","Cobalt","Recycling Limited to NA 2025 Online or Planned",4343.68154007653
2045,"Decreasing Batt Cap - Benchmark Chemistry","Cobalt","All Material is Recycled in NA",45132.7105102668
2045,"Decreasing Batt Cap - Benchmark Chemistry","Copper","Recycling Limited to NA 2025 Online or Planned",32459.0576142229
2045,"Decreasing Batt Cap - Benchmark Chemistry","Copper","All Material is Recycled in NA",337442.127433138
2045,"Decreasing Batt Cap - Benchmark Chemistry","Graphite","Recycling Limited to NA 2025 Online or Planned",63785.7782817495
2045,"Decreasing Batt Cap - Benchmark Chemistry","Graphite","All Material is Recycled in NA",663285.904980862
2045,"Decreasing Batt Cap - Benchmark Chemistry","Lithium","Recycling Limited to NA 2025 Online or Planned",5842.44780715037
2045,"Decreasing Batt Cap - Benchmark Chemistry","Lithium","All Material is Recycled in NA",60731.3068364214
2045,"Decreasing Batt Cap - Benchmark Chemistry","Manganese","Recycling Limited to NA 2025 Online or Planned",2645.12966387898
2045,"Decreasing Batt Cap - Benchmark Chemistry","Manganese","All Material is Recycled in NA",27472.6827989297
2045,"Decreasing Batt Cap - Benchmark Chemistry","Nickel","Recycling Limited to NA 2025 Online or Planned",24206.3686221066
2045,"Decreasing Batt Cap - Benchmark Chemistry","Nickel","All Material is Recycled in NA",251566.878303823
2045,"Decreasing Batt Cap - High LFP Chemistry","Cobalt","Recycling Limited to NA 2025 Online or Planned",3550.7695368668
2045,"Decreasing Batt Cap - High LFP Chemistry","Cobalt","All Material is Recycled in NA",37659.0290286296
2045,"Decreasing Batt Cap - High LFP Chemistry","Copper","Recycling Limited to NA 2025 Online or Planned",32826.3067227831
2045,"Decreasing Batt Cap - High LFP Chemistry","Copper","All Material is Recycled in NA",348399.31214525
2045,"Decreasing Batt Cap - High LFP Chemistry","Graphite","Recycling Limited to NA 2025 Online or Planned",62821.57816678
2045,"Decreasing Batt Cap - High LFP Chemistry","Graphite","All Material is Recycled in NA",666924.387388638
2045,"Decreasing Batt Cap - High LFP Chemistry","Lithium","Recycling Limited to NA 2025 Online or Planned",5658.64238986795
2045,"Decreasing Batt Cap - High LFP Chemistry","Lithium","All Material is Recycled in NA",60050.3236605532
2045,"Decreasing Batt Cap - High LFP Chemistry","Manganese","Recycling Limited to NA 2025 Online or Planned",2173.33055165584
2045,"Decreasing Batt Cap - High LFP Chemistry","Manganese","All Material is Recycled in NA",23038.5834678062
2045,"Decreasing Batt Cap - High LFP Chemistry","Nickel","Recycling Limited to NA 2025 Online or Planned",19865.1095453385
2045,"Decreasing Batt Cap - High LFP Chemistry","Nickel","All Material is Recycled in NA",210741.286503105
2045,"Increasing Batt Cap - Benchmark Chemistry","Cobalt","Recycling Limited to NA 2025 Online or Planned",4339.94164238008
2045,"Increasing Batt Cap - Benchmark Chemistry","Cobalt","All Material is Recycled in NA",63374.9597589965
2045,"Increasing Batt Cap - Benchmark Chemistry","Copper","Recycling Limited to NA 2025 Online or Planned",28705.5829672872
2045,"Increasing Batt Cap - Benchmark Chemistry","Copper","All Material is Recycled in NA",419415.441840671
2045,"Increasing Batt Cap - Benchmark Chemistry","Graphite","Recycling Limited to NA 2025 Online or Planned",57371.2693331166
2045,"Increasing Batt Cap - Benchmark Chemistry","Graphite","All Material is Recycled in NA",838528.90686654
2045,"Increasing Batt Cap - Benchmark Chemistry","Lithium","Recycling Limited to NA 2025 Online or Planned",5311.84609795235
2045,"Increasing Batt Cap - Benchmark Chemistry","Lithium","All Material is Recycled in NA",77601.5905110085
2045,"Increasing Batt Cap - Benchmark Chemistry","Manganese","Recycling Limited to NA 2025 Online or Planned",2624.71032451528
2045,"Increasing Batt Cap - Benchmark Chemistry","Manganese","All Material is Recycled in NA",38309.5946611618
2045,"Increasing Batt Cap - Benchmark Chemistry","Nickel","Recycling Limited to NA 2025 Online or Planned",24062.5892306498
2045,"Increasing Batt Cap - Benchmark Chemistry","Nickel","All Material is Recycled in NA",351461.099205621
2045,"Increasing Batt Cap - High LFP Chemistry","Cobalt","Recycling Limited to NA 2025 Online or Planned",3480.30423227769
2045,"Increasing Batt Cap - High LFP Chemistry","Cobalt","All Material is Recycled in NA",52099.0855652758
2045,"Increasing Batt Cap - High LFP Chemistry","Copper","Recycling Limited to NA 2025 Online or Planned",29105.3787872709
2045,"Increasing Batt Cap - High LFP Chemistry","Copper","All Material is Recycled in NA",436043.01623927
2045,"Increasing Batt Cap - High LFP Chemistry","Graphite","Recycling Limited to NA 2025 Online or Planned",56320.3201888368
2045,"Increasing Batt Cap - High LFP Chemistry","Graphite","All Material is Recycled in NA",844043.813609232
2045,"Increasing Batt Cap - High LFP Chemistry","Lithium","Recycling Limited to NA 2025 Online or Planned",5112.0140137213
2045,"Increasing Batt Cap - High LFP Chemistry","Lithium","All Material is Recycled in NA",76574.7057927111
2045,"Increasing Batt Cap - High LFP Chemistry","Manganese","Recycling Limited to NA 2025 Online or Planned",2111.69095572093
2045,"Increasing Batt Cap - High LFP Chemistry","Manganese","All Material is Recycled in NA",31592.6622246491
2045,"Increasing Batt Cap - High LFP Chemistry","Nickel","Recycling Limited to NA 2025 Online or Planned",19334.9051731837
2045,"Increasing Batt Cap - High LFP Chemistry","Nickel","All Material is Recycled in NA",289522.273492918
2046,"Decreasing Batt Cap - Benchmark Chemistry","Cobalt","Recycling Limited to NA 2025 Online or Planned",4280.05878520897
2046,"Decreasing Batt Cap - Benchmark Chemistry","Cobalt","All Material is Recycled in NA",49783.8183307149
2046,"Decreasing Batt Cap - Benchmark Chemistry","Copper","Recycling Limited to NA 2025 Online or Planned",32255.4005859407
2046,"Decreasing Batt Cap - Benchmark Chemistry","Copper","All Material is Recycled in NA",375387.564971726
2046,"Decreasing Batt Cap - Benchmark Chemistry","Graphite","Recycling Limited to NA 2025 Online or Planned",63443.7854639642
2046,"Decreasing Batt Cap - Benchmark Chemistry","Graphite","All Material is Recycled in NA",738553.572761089
2046,"Decreasing Batt Cap - Benchmark Chemistry","Lithium","Recycling Limited to NA 2025 Online or Planned",5807.25926469415
2046,"Decreasing Batt Cap - Benchmark Chemistry","Lithium","All Material is Recycled in NA",67577.4659839162
2046,"Decreasing Batt Cap - Benchmark Chemistry","Manganese","Recycling Limited to NA 2025 Online or Planned",2641.54427253807
2046,"Decreasing Batt Cap - Benchmark Chemistry","Manganese","All Material is Recycled in NA",30714.1106597137
2046,"Decreasing Batt Cap - Benchmark Chemistry","Nickel","Recycling Limited to NA 2025 Online or Planned",24179.7972427753
2046,"Decreasing Batt Cap - Benchmark Chemistry","Nickel","All Material is Recycled in NA",281311.790907048
2046,"Decreasing Batt Cap - High LFP Chemistry","Cobalt","Recycling Limited to NA 2025 Online or Planned",3413.10421025458
2046,"Decreasing Batt Cap - High LFP Chemistry","Cobalt","All Material is Recycled in NA",40618.3444074015
2046,"Decreasing Batt Cap - High LFP Chemistry","Copper","Recycling Limited to NA 2025 Online or Planned",32661.4129720726
2046,"Decreasing Batt Cap - High LFP Chemistry","Copper","All Material is Recycled in NA",388990.35588457
2046,"Decreasing Batt Cap - High LFP Chemistry","Graphite","Recycling Limited to NA 2025 Online or Planned",62374.2183941252
2046,"Decreasing Batt Cap - High LFP Chemistry","Graphite","All Material is Recycled in NA",743058.940409399
2046,"Decreasing Batt Cap - High LFP Chemistry","Lithium","Recycling Limited to NA 2025 Online or Planned",5604.76434530424
2046,"Decreasing Batt Cap - High LFP Chemistry","Lithium","All Material is Recycled in NA",66743.2043473688
2046,"Decreasing Batt Cap - High LFP Chemistry","Manganese","Recycling Limited to NA 2025 Online or Planned",2121.30956600332
2046,"Decreasing Batt Cap - High LFP Chemistry","Manganese","All Material is Recycled in NA",25233.7672920774
2046,"Decreasing Batt Cap - High LFP Chemistry","Nickel","Recycling Limited to NA 2025 Online or Planned",19375.7054317177
2046,"Decreasing Batt Cap - High LFP Chemistry","Nickel","All Material is Recycled in NA",230649.991780633
2046,"Increasing Batt Cap - Benchmark Chemistry","Cobalt","Recycling Limited to NA 2025 Online or Planned",4328.49497155409
2046,"Increasing Batt Cap - Benchmark Chemistry","Cobalt","All Material is Recycled in NA",72558.8788277948
2046,"Increasing Batt Cap - Benchmark Chemistry","Copper","Recycling Limited to NA 2025 Online or Planned",28527.9725121102
2046,"Increasing Batt Cap - Benchmark Chemistry","Copper","All Material is Recycled in NA",478490.186445007
2046,"Increasing Batt Cap - Benchmark Chemistry","Graphite","Recycling Limited to NA 2025 Online or Planned",57168.7252847448
2046,"Increasing Batt Cap - Benchmark Chemistry","Graphite","All Material is Recycled in NA",959197.750056577
2046,"Increasing Batt Cap - Benchmark Chemistry","Lithium","Recycling Limited to NA 2025 Online or Planned",5294.94852765263
2046,"Increasing Batt Cap - Benchmark Chemistry","Lithium","All Material is Recycled in NA",88799.4660287269
2046,"Increasing Batt Cap - Benchmark Chemistry","Manganese","Recycling Limited to NA 2025 Online or Planned",2646.60437984873
2046,"Increasing Batt Cap - Benchmark Chemistry","Manganese","All Material is Recycled in NA",44346.5961975133
2046,"Increasing Batt Cap - Benchmark Chemistry","Nickel","Recycling Limited to NA 2025 Online or Planned",24300.9019566269
2046,"Increasing Batt Cap - Benchmark Chemistry","Nickel","All Material is Recycled in NA",407457.575085693
2046,"Increasing Batt Cap - High LFP Chemistry","Cobalt","Recycling Limited to NA 2025 Online or Planned",3383.78297358863
2046,"Increasing Batt Cap - High LFP Chemistry","Cobalt","All Material is Recycled in NA",58317.6864665809
2046,"Increasing Batt Cap - High LFP Chemistry","Copper","Recycling Limited to NA 2025 Online or Planned",28971.8800296708
2046,"Increasing Batt Cap - High LFP Chemistry","Copper","All Material is Recycled in NA",499731.195435612
2046,"Increasing Batt Cap - High LFP Chemistry","Graphite","Recycling Limited to NA 2025 Online or Planned",55998.1083318984
2046,"Increasing Batt Cap - High LFP Chemistry","Graphite","All Material is Recycled in NA",966225.839785188
2046,"Increasing Batt Cap - High LFP Chemistry","Lithium","Recycling Limited to NA 2025 Online or Planned",5073.7808980337
2046,"Increasing Batt Cap - High LFP Chemistry","Lithium","All Material is Recycled in NA",87503.784609051
2046,"Increasing Batt Cap - High LFP Chemistry","Manganese","Recycling Limited to NA 2025 Online or Planned",2078.48316118672
2046,"Increasing Batt Cap - High LFP Chemistry","Manganese","All Material is Recycled in NA",35802.5457979831
2046,"Increasing Batt Cap - High LFP Chemistry","Nickel","Recycling Limited to NA 2025 Online or Planned",19046.6695835418
2046,"Increasing Batt Cap - High LFP Chemistry","Nickel","All Material is Recycled in NA",328362.927010413
2047,"Decreasing Batt Cap - Benchmark Chemistry","Cobalt","Recycling Limited to NA 2025 Online or Planned",4220.75823382532
2047,"Decreasing Batt Cap - Benchmark Chemistry","Cobalt","All Material is Recycled in NA",54292.2540535257
2047,"Decreasing Batt Cap - Benchmark Chemistry","Copper","Recycling Limited to NA 2025 Online or Planned",32077.4651909668
2047,"Decreasing Batt Cap - Benchmark Chemistry","Copper","All Material is Recycled in NA",412851.735251348
2047,"Decreasing Batt Cap - Benchmark Chemistry","Graphite","Recycling Limited to NA 2025 Online or Planned",63144.0907499883
2047,"Decreasing Batt Cap - Benchmark Chemistry","Graphite","All Material is Recycled in NA",812913.812935007
2047,"Decreasing Batt Cap - Benchmark Chemistry","Lithium","Recycling Limited to NA 2025 Online or Planned",5776.06914250023
2047,"Decreasing Batt Cap - Benchmark Chemistry","Lithium","All Material is Recycled in NA",74332.5129987148
2047,"Decreasing Batt Cap - Benchmark Chemistry","Manganese","Recycling Limited to NA 2025 Online or Planned",2632.38954687128
2047,"Decreasing Batt Cap - Benchmark Chemistry","Manganese","All Material is Recycled in NA",33848.5592128833
2047,"Decreasing Batt Cap - Benchmark Chemistry","Nickel","Recycling Limited to NA 2025 Online or Planned",24155.3492944671
2047,"Decreasing Batt Cap - Benchmark Chemistry","Nickel","All Material is Recycled in NA",310787.579232938
2047,"Decreasing Batt Cap - High LFP Chemistry","Cobalt","Recycling Limited to NA 2025 Online or Planned",3286.44157369295
2047,"Decreasing Batt Cap - High LFP Chemistry","Cobalt","All Material is Recycled in NA",43348.6281214198
2047,"Decreasing Batt Cap - High LFP Chemistry","Copper","Recycling Limited to NA 2025 Online or Planned",32519.6969276263
2047,"Decreasing Batt Cap - High LFP Chemistry","Copper","All Material is Recycled in NA",429287.853892037
2047,"Decreasing Batt Cap - High LFP Chemistry","Graphite","Recycling Limited to NA 2025 Online or Planned",61975.1181743189
2047,"Decreasing Batt Cap - High LFP Chemistry","Graphite","All Material is Recycled in NA",818343.874364645
2047,"Decreasing Batt Cap - High LFP Chemistry","Lithium","Recycling Limited to NA 2025 Online or Planned",5556.21751593612
2047,"Decreasing Batt Cap - High LFP Chemistry","Lithium","All Material is Recycled in NA",73337.3896931415
2047,"Decreasing Batt Cap - High LFP Chemistry","Manganese","Recycling Limited to NA 2025 Online or Planned",2067.42409303213
2047,"Decreasing Batt Cap - High LFP Chemistry","Manganese","All Material is Recycled in NA",27257.2598374643
2047,"Decreasing Batt Cap - High LFP Chemistry","Nickel","Recycling Limited to NA 2025 Online or Planned",18917.0690181733
2047,"Decreasing Batt Cap - High LFP Chemistry","Nickel","All Material is Recycled in NA",249596.063741655
2047,"Increasing Batt Cap - Benchmark Chemistry","Cobalt","Recycling Limited to NA 2025 Online or Planned",4317.05469234455
2047,"Increasing Batt Cap - Benchmark Chemistry","Cobalt","All Material is Recycled in NA",81981.6457248885
2047,"Increasing Batt Cap - Benchmark Chemistry","Copper","Recycling Limited to NA 2025 Online or Planned",28374.1997163572
2047,"Increasing Batt Cap - Benchmark Chemistry","Copper","All Material is Recycled in NA",539143.164961353
2047,"Increasing Batt Cap - Benchmark Chemistry","Graphite","Recycling Limited to NA 2025 Online or Planned",56999.6164143865
2047,"Increasing Batt Cap - Benchmark Chemistry","Graphite","All Material is Recycled in NA",1083433.65223114
2047,"Increasing Batt Cap - Benchmark Chemistry","Lithium","Recycling Limited to NA 2025 Online or Planned",5280.7758970632
2047,"Increasing Batt Cap - Benchmark Chemistry","Lithium","All Material is Recycled in NA",100328.516928805
2047,"Increasing Batt Cap - Benchmark Chemistry","Manganese","Recycling Limited to NA 2025 Online or Planned",2662.35478963546
2047,"Increasing Batt Cap - Benchmark Chemistry","Manganese","All Material is Recycled in NA",50537.6674628586
2047,"Increasing Batt Cap - Benchmark Chemistry","Nickel","Recycling Limited to NA 2025 Online or Planned",24524.4995658688
2047,"Increasing Batt Cap - Benchmark Chemistry","Nickel","All Material is Recycled in NA",465843.955933628
2047,"Increasing Batt Cap - High LFP Chemistry","Cobalt","Recycling Limited to NA 2025 Online or Planned",3292.35823799779
2047,"Increasing Batt Cap - High LFP Chemistry","Cobalt","All Material is Recycled in NA",64462.4721220167
2047,"Increasing Batt Cap - High LFP Chemistry","Copper","Recycling Limited to NA 2025 Online or Planned",28860.485561089
2047,"Increasing Batt Cap - High LFP Chemistry","Copper","All Material is Recycled in NA",565565.682097127
2047,"Increasing Batt Cap - High LFP Chemistry","Graphite","Recycling Limited to NA 2025 Online or Planned",55713.1165894902
2047,"Increasing Batt Cap - High LFP Chemistry","Graphite","All Material is Recycled in NA",1092155.54944353
2047,"Increasing Batt Cap - High LFP Chemistry","Lithium","Recycling Limited to NA 2025 Online or Planned",5039.21281272694
2047,"Increasing Batt Cap - High LFP Chemistry","Lithium","All Material is Recycled in NA",98736.0800169687
2047,"Increasing Batt Cap - High LFP Chemistry","Manganese","Recycling Limited to NA 2025 Online or Planned",2041.7908247194
2047,"Increasing Batt Cap - High LFP Chemistry","Manganese","All Material is Recycled in NA",39955.7338293956
2047,"Increasing Batt Cap - High LFP Chemistry","Nickel","Recycling Limited to NA 2025 Online or Planned",18762.7482904874
2047,"Increasing Batt Cap - High LFP Chemistry","Nickel","All Material is Recycled in NA",367488.422752995
2048,"Decreasing Batt Cap - Benchmark Chemistry","Cobalt","Recycling Limited to NA 2025 Online or Planned",4160.80646591679
2048,"Decreasing Batt Cap - Benchmark Chemistry","Cobalt","All Material is Recycled in NA",58555.4916119392
2048,"Decreasing Batt Cap - Benchmark Chemistry","Copper","Recycling Limited to NA 2025 Online or Planned",31904.3789857661
2048,"Decreasing Batt Cap - Benchmark Chemistry","Copper","All Material is Recycled in NA",449256.854651316
2048,"Decreasing Batt Cap - Benchmark Chemistry","Graphite","Recycling Limited to NA 2025 Online or Planned",62842.1977948013
2048,"Decreasing Batt Cap - Benchmark Chemistry","Graphite","All Material is Recycled in NA",885147.313352916
2048,"Decreasing Batt Cap - Benchmark Chemistry","Lithium","Recycling Limited to NA 2025 Online or Planned",5744.50896603283
2048,"Decreasing Batt Cap - Benchmark Chemistry","Lithium","All Material is Recycled in NA",80881.6264371765
2048,"Decreasing Batt Cap - Benchmark Chemistry","Manganese","Recycling Limited to NA 2025 Online or Planned",2618.75471570789
2048,"Decreasing Batt Cap - Benchmark Chemistry","Manganese","All Material is Recycled in NA",36842.2387219722
2048,"Decreasing Batt Cap - Benchmark Chemistry","Nickel","Recycling Limited to NA 2025 Online or Planned",24105.5043614571
2048,"Decreasing Batt Cap - Benchmark Chemistry","Nickel","All Material is Recycled in NA",339324.545492578
2048,"Decreasing Batt Cap - High LFP Chemistry","Cobalt","Recycling Limited to NA 2025 Online or Planned",3166.13631935638
2048,"Decreasing Batt Cap - High LFP Chemistry","Cobalt","All Material is Recycled in NA",45786.3103783265
2048,"Decreasing Batt Cap - High LFP Chemistry","Copper","Recycling Limited to NA 2025 Online or Planned",32380.0651561458
2048,"Decreasing Batt Cap - High LFP Chemistry","Copper","All Material is Recycled in NA",468660.311772236
2048,"Decreasing Batt Cap - High LFP Chemistry","Graphite","Recycling Limited to NA 2025 Online or Planned",61580.5020588836
2048,"Decreasing Batt Cap - High LFP Chemistry","Graphite","All Material is Recycled in NA",891542.277202858
2048,"Decreasing Batt Cap - High LFP Chemistry","Lithium","Recycling Limited to NA 2025 Online or Planned",5508.7437095895
2048,"Decreasing Batt Cap - High LFP Chemistry","Lithium","All Material is Recycled in NA",79721.6977637906
2048,"Decreasing Batt Cap - High LFP Chemistry","Manganese","Recycling Limited to NA 2025 Online or Planned",2012.60895205958
2048,"Decreasing Batt Cap - High LFP Chemistry","Manganese","All Material is Recycled in NA",29093.0405033137
2048,"Decreasing Batt Cap - High LFP Chemistry","Nickel","Recycling Limited to NA 2025 Online or Planned",18464.8130594111
2048,"Decreasing Batt Cap - High LFP Chemistry","Nickel","All Material is Recycled in NA",267114.061470763
2048,"Increasing Batt Cap - Benchmark Chemistry","Cobalt","Recycling Limited to NA 2025 Online or Planned",4301.70704057091
2048,"Increasing Batt Cap - Benchmark Chemistry","Cobalt","All Material is Recycled in NA",91405.7893699839
2048,"Increasing Batt Cap - Benchmark Chemistry","Copper","Recycling Limited to NA 2025 Online or Planned",28234.0509464175
2048,"Increasing Batt Cap - Benchmark Chemistry","Copper","All Material is Recycled in NA",600289.036509401
2048,"Increasing Batt Cap - Benchmark Chemistry","Graphite","Recycling Limited to NA 2025 Online or Planned",56840.143777247
2048,"Increasing Batt Cap - Benchmark Chemistry","Graphite","All Material is Recycled in NA",1208911.14687789
2048,"Increasing Batt Cap - Benchmark Chemistry","Lithium","Recycling Limited to NA 2025 Online or Planned",5266.81420052531
2048,"Increasing Batt Cap - Benchmark Chemistry","Lithium","All Material is Recycled in NA",111965.023500752
2048,"Increasing Batt Cap - Benchmark Chemistry","Manganese","Recycling Limited to NA 2025 Online or Planned",2673.34921838904
2048,"Increasing Batt Cap - Benchmark Chemistry","Manganese","All Material is Recycled in NA",56784.5960226436
2048,"Increasing Batt Cap - Benchmark Chemistry","Nickel","Recycling Limited to NA 2025 Online or Planned",24713.1337833994
2048,"Increasing Batt Cap - Benchmark Chemistry","Nickel","All Material is Recycled in NA",525262.743940159
2048,"Increasing Batt Cap - High LFP Chemistry","Cobalt","Recycling Limited to NA 2025 Online or Planned",3202.82362313719
2048,"Increasing Batt Cap - High LFP Chemistry","Cobalt","All Material is Recycled in NA",70358.737447291
2048,"Increasing Batt Cap - High LFP Chemistry","Copper","Recycling Limited to NA 2025 Online or Planned",28760.6242626367
2048,"Increasing Batt Cap - High LFP Chemistry","Copper","All Material is Recycled in NA",632383.602526726
2048,"Increasing Batt Cap - High LFP Chemistry","Graphite","Recycling Limited to NA 2025 Online or Planned",55442.5836770061
2048,"Increasing Batt Cap - High LFP Chemistry","Graphite","All Material is Recycled in NA",1219481.47995802
2048,"Increasing Batt Cap - High LFP Chemistry","Lithium","Recycling Limited to NA 2025 Online or Planned",5005.97983192112
2048,"Increasing Batt Cap - High LFP Chemistry","Lithium","All Material is Recycled in NA",110053.784269358
2048,"Increasing Batt Cap - High LFP Chemistry","Manganese","Recycling Limited to NA 2025 Online or Planned",2003.00044466893
2048,"Increasing Batt Cap - High LFP Chemistry","Manganese","All Material is Recycled in NA",43980.2966919622
2048,"Increasing Batt Cap - High LFP Chemistry","Nickel","Recycling Limited to NA 2025 Online or Planned",18467.5922058816
2048,"Increasing Batt Cap - High LFP Chemistry","Nickel","All Material is Recycled in NA",405837.980136268
2049,"Decreasing Batt Cap - Benchmark Chemistry","Cobalt","Recycling Limited to NA 2025 Online or Planned",4099.00083937724
2049,"Decreasing Batt Cap - Benchmark Chemistry","Cobalt","All Material is Recycled in NA",62359.0841697233
2049,"Decreasing Batt Cap - Benchmark Chemistry","Copper","Recycling Limited to NA 2025 Online or Planned",31768.8749679435
2049,"Decreasing Batt Cap - Benchmark Chemistry","Copper","All Material is Recycled in NA",483599.070786084
2049,"Decreasing Batt Cap - Benchmark Chemistry","Graphite","Recycling Limited to NA 2025 Online or Planned",62594.562256593
2049,"Decreasing Batt Cap - Benchmark Chemistry","Graphite","All Material is Recycled in NA",953106.99612792
2049,"Decreasing Batt Cap - Benchmark Chemistry","Lithium","Recycling Limited to NA 2025 Online or Planned",5717.13189372358
2049,"Decreasing Batt Cap - Benchmark Chemistry","Lithium","All Material is Recycled in NA",87018.909635036
2049,"Decreasing Batt Cap - Benchmark Chemistry","Manganese","Recycling Limited to NA 2025 Online or Planned",2603.58309067987
2049,"Decreasing Batt Cap - Benchmark Chemistry","Manganese","All Material is Recycled in NA",39596.3898862251
2049,"Decreasing Batt Cap - Benchmark Chemistry","Nickel","Recycling Limited to NA 2025 Online or Planned",24030.8745756359
2049,"Decreasing Batt Cap - Benchmark Chemistry","Nickel","All Material is Recycled in NA",365684.15013758
2049,"Decreasing Batt Cap - High LFP Chemistry","Cobalt","Recycling Limited to NA 2025 Online or Planned",3052.24006710439
2049,"Decreasing Batt Cap - High LFP Chemistry","Cobalt","All Material is Recycled in NA",47806.6958918734
2049,"Decreasing Batt Cap - High LFP Chemistry","Copper","Recycling Limited to NA 2025 Online or Planned",32274.6494854718
2049,"Decreasing Batt Cap - High LFP Chemistry","Copper","All Material is Recycled in NA",505973.446113126
2049,"Decreasing Batt Cap - High LFP Chemistry","Graphite","Recycling Limited to NA 2025 Online or Planned",61248.4695168064
2049,"Decreasing Batt Cap - High LFP Chemistry","Graphite","All Material is Recycled in NA",960464.24245208
2049,"Decreasing Batt Cap - High LFP Chemistry","Lithium","Recycling Limited to NA 2025 Online or Planned",5467.20077289571
2049,"Decreasing Batt Cap - High LFP Chemistry","Lithium","All Material is Recycled in NA",85698.5038925439
2049,"Decreasing Batt Cap - High LFP Chemistry","Manganese","Recycling Limited to NA 2025 Online or Planned",1960.21198377304
2049,"Decreasing Batt Cap - High LFP Chemistry","Manganese","All Material is Recycled in NA",30689.9077538367
2049,"Decreasing Batt Cap - High LFP Chemistry","Nickel","Recycling Limited to NA 2025 Online or Planned",18027.0061715273
2049,"Decreasing Batt Cap - High LFP Chemistry","Nickel","All Material is Recycled in NA",282456.05543064
2049,"Increasing Batt Cap - Benchmark Chemistry","Cobalt","Recycling Limited to NA 2025 Online or Planned",4276.68982745604
2049,"Increasing Batt Cap - Benchmark Chemistry","Cobalt","All Material is Recycled in NA",100143.723931842
2049,"Increasing Batt Cap - Benchmark Chemistry","Copper","Recycling Limited to NA 2025 Online or Planned",28124.6167468044
2049,"Increasing Batt Cap - Benchmark Chemistry","Copper","All Material is Recycled in NA",658962.221256608
2049,"Increasing Batt Cap - Benchmark Chemistry","Graphite","Recycling Limited to NA 2025 Online or Planned",56710.6626570776
2049,"Increasing Batt Cap - Benchmark Chemistry","Graphite","All Material is Recycled in NA",1329205.95934508
2049,"Increasing Batt Cap - Benchmark Chemistry","Lithium","Recycling Limited to NA 2025 Online or Planned",5254.03593783203
2049,"Increasing Batt Cap - Benchmark Chemistry","Lithium","All Material is Recycled in NA",123087.465119291
2049,"Increasing Batt Cap - Benchmark Chemistry","Manganese","Recycling Limited to NA 2025 Online or Planned",2679.46929208955
2049,"Increasing Batt Cap - Benchmark Chemistry","Manganese","All Material is Recycled in NA",62720.4736750071
2049,"Increasing Batt Cap - Benchmark Chemistry","Nickel","Recycling Limited to NA 2025 Online or Planned",24841.3352120017
2049,"Increasing Batt Cap - Benchmark Chemistry","Nickel","All Material is Recycled in NA",581850.668731349
2049,"Increasing Batt Cap - High LFP Chemistry","Cobalt","Recycling Limited to NA 2025 Online or Planned",3112.96708847348
2049,"Increasing Batt Cap - High LFP Chemistry","Cobalt","All Material is Recycled in NA",75548.450206572
2049,"Increasing Batt Cap - High LFP Chemistry","Copper","Recycling Limited to NA 2025 Online or Planned",28687.7129309884
2049,"Increasing Batt Cap - High LFP Chemistry","Copper","All Material is Recycled in NA",696887.235603531
2049,"Increasing Batt Cap - High LFP Chemistry","Graphite","Recycling Limited to NA 2025 Online or Planned",55211.3240520405
2049,"Increasing Batt Cap - High LFP Chemistry","Graphite","All Material is Recycled in NA",1341669.72956445
2049,"Increasing Batt Cap - High LFP Chemistry","Lithium","Recycling Limited to NA 2025 Online or Planned",4975.89394757622
2049,"Increasing Batt Cap - High LFP Chemistry","Lithium","All Material is Recycled in NA",120856.468449756
2049,"Increasing Batt Cap - High LFP Chemistry","Manganese","Recycling Limited to NA 2025 Online or Planned",1963.74157753872
2049,"Increasing Batt Cap - High LFP Chemistry","Manganese","All Material is Recycled in NA",47635.0596364633
2049,"Increasing Batt Cap - High LFP Chemistry","Nickel","Recycling Limited to NA 2025 Online or Planned",18155.8741858819
2049,"Increasing Batt Cap - High LFP Chemistry","Nickel","All Material is Recycled in NA",440794.180560135
2050,"Decreasing Batt Cap - Benchmark Chemistry","Cobalt","Recycling Limited to NA 2025 Online or Planned",4029.92921728
2050,"Decreasing Batt Cap - Benchmark Chemistry","Cobalt","All Material is Recycled in NA",65601.8307392609
2050,"Decreasing Batt Cap - Benchmark Chemistry","Copper","Recycling Limited to NA 2025 Online or Planned",31642.438331703
2050,"Decreasing Batt Cap - Benchmark Chemistry","Copper","All Material is Recycled in NA",515416.931359657
2050,"Decreasing Batt Cap - Benchmark Chemistry","Graphite","Recycling Limited to NA 2025 Online or Planned",62345.0199709659
2050,"Decreasing Batt Cap - Benchmark Chemistry","Graphite","All Material is Recycled in NA",1015812.20114678
2050,"Decreasing Batt Cap - Benchmark Chemistry","Lithium","Recycling Limited to NA 2025 Online or Planned",5688.60057029167
2050,"Decreasing Batt Cap - Benchmark Chemistry","Lithium","All Material is Recycled in NA",92649.955865331
2050,"Decreasing Batt Cap - Benchmark Chemistry","Manganese","Recycling Limited to NA 2025 Online or Planned",2585.30575796372
2050,"Decreasing Batt Cap - Benchmark Chemistry","Manganese","All Material is Recycled in NA",42072.145620532
2050,"Decreasing Batt Cap - Benchmark Chemistry","Nickel","Recycling Limited to NA 2025 Online or Planned",23908.5994716849
2050,"Decreasing Batt Cap - Benchmark Chemistry","Nickel","All Material is Recycled in NA",389308.338544466
2050,"Decreasing Batt Cap - High LFP Chemistry","Cobalt","Recycling Limited to NA 2025 Online or Planned",2940.99898279202
2050,"Decreasing Batt Cap - High LFP Chemistry","Cobalt","All Material is Recycled in NA",49374.412727652
2050,"Decreasing Batt Cap - High LFP Chemistry","Copper","Recycling Limited to NA 2025 Online or Planned",32174.1746342758
2050,"Decreasing Batt Cap - High LFP Chemistry","Copper","All Material is Recycled in NA",540671.149941221
2050,"Decreasing Batt Cap - High LFP Chemistry","Graphite","Recycling Limited to NA 2025 Online or Planned",60924.8688282623
2050,"Decreasing Batt Cap - High LFP Chemistry","Graphite","All Material is Recycled in NA",1024097.98885988
2050,"Decreasing Batt Cap - High LFP Chemistry","Lithium","Recycling Limited to NA 2025 Online or Planned",5426.6366572914
2050,"Decreasing Batt Cap - High LFP Chemistry","Lithium","All Material is Recycled in NA",91179.4805623226
2050,"Decreasing Batt Cap - High LFP Chemistry","Manganese","Recycling Limited to NA 2025 Online or Planned",1909.44713678409
2050,"Decreasing Batt Cap - High LFP Chemistry","Manganese","All Material is Recycled in NA",32043.2706474832
2050,"Decreasing Batt Cap - High LFP Chemistry","Nickel","Recycling Limited to NA 2025 Online or Planned",17589.9388791702
2050,"Decreasing Batt Cap - High LFP Chemistry","Nickel","All Material is Recycled in NA",295420.501033818
2050,"Increasing Batt Cap - Benchmark Chemistry","Cobalt","Recycling Limited to NA 2025 Online or Planned",4238.53511453707
2050,"Increasing Batt Cap - Benchmark Chemistry","Cobalt","All Material is Recycled in NA",107860.477380973
2050,"Increasing Batt Cap - Benchmark Chemistry","Copper","Recycling Limited to NA 2025 Online or Planned",28033.2584090762
2050,"Increasing Batt Cap - Benchmark Chemistry","Copper","All Material is Recycled in NA",713810.190609439
2050,"Increasing Batt Cap - Benchmark Chemistry","Graphite","Recycling Limited to NA 2025 Online or Planned",56585.9089167957
2050,"Increasing Batt Cap - Benchmark Chemistry","Graphite","All Material is Recycled in NA",1441360.08198433
2050,"Increasing Batt Cap - Benchmark Chemistry","Lithium","Recycling Limited to NA 2025 Online or Planned",5239.91166520248
2050,"Increasing Batt Cap - Benchmark Chemistry","Lithium","All Material is Recycled in NA",133407.318603289
2050,"Increasing Batt Cap - Benchmark Chemistry","Manganese","Recycling Limited to NA 2025 Online or Planned",2680.10242653633
2050,"Increasing Batt Cap - Benchmark Chemistry","Manganese","All Material is Recycled in NA",68178.1927884994
2050,"Increasing Batt Cap - Benchmark Chemistry","Nickel","Recycling Limited to NA 2025 Online or Planned",24897.3085870603
2050,"Increasing Batt Cap - Benchmark Chemistry","Nickel","All Material is Recycled in NA",633759.738093555
2050,"Increasing Batt Cap - High LFP Chemistry","Cobalt","Recycling Limited to NA 2025 Online or Planned",3020.89901259109
2050,"Increasing Batt Cap - High LFP Chemistry","Cobalt","All Material is Recycled in NA",79852.2915525253
2050,"Increasing Batt Cap - High LFP Chemistry","Copper","Recycling Limited to NA 2025 Online or Planned",28628.4122488295
2050,"Increasing Batt Cap - High LFP Chemistry","Copper","All Material is Recycled in NA",757501.321700818
2050,"Increasing Batt Cap - High LFP Chemistry","Graphite","Recycling Limited to NA 2025 Online or Planned",54995.903868074
2050,"Increasing Batt Cap - High LFP Chemistry","Graphite","All Material is Recycled in NA",1455688.72258113
2050,"Increasing Batt Cap - High LFP Chemistry","Lithium","Recycling Limited to NA 2025 Online or Planned",4946.78408055104
2050,"Increasing Batt Cap - High LFP Chemistry","Lithium","All Material is Recycled in NA",130869.946528171
2050,"Increasing Batt Cap - High LFP Chemistry","Manganese","Recycling Limited to NA 2025 Online or Planned",1924.11503671276
2050,"Increasing Batt Cap - High LFP Chemistry","Manganese","All Material is Recycled in NA",50836.2707442941
2050,"Increasing Batt Cap - High LFP Chemistry","Nickel","Recycling Limited to NA 2025 Online or Planned",17824.2018957546
2050,"Increasing Batt Cap - High LFP Chemistry","Nickel","All Material is Recycled in NA",471345.949604964
