"Year","State_Province","Batt_Mass_MT","Scenario"
2025,"AB",21.9542356197785,"Decreasing Batt Cap - Benchmark Chemistry"
2025,"AK",5.44705106384826,"Decreasing Batt Cap - Benchmark Chemistry"
2025,"AL",17.8073838765155,"Decreasing Batt Cap - Benchmark Chemistry"
2025,"AR",10.8871466371202,"Decreasing Batt Cap - Benchmark Chemistry"
2025,"AZ",89.0628055884012,"Decreasing Batt Cap - Benchmark Chemistry"
2025,"BC",115.961851810543,"Decreasing Batt Cap - Benchmark Chemistry"
2025,"CA",1457.52300336714,"Decreasing Batt Cap - Benchmark Chemistry"
2025,"CO",90.5784139614489,"Decreasing Batt Cap - Benchmark Chemistry"
2025,"CT",37.5670498627087,"Decreasing Batt Cap - Benchmark Chemistry"
2025,"DC",15.4496416048392,"Decreasing Batt Cap - Benchmark Chemistry"
2025,"DE",11.8314031604296,"Decreasing Batt Cap - Benchmark Chemistry"
2025,"FL",212.035401978471,"Decreasing Batt Cap - Benchmark Chemistry"
2025,"GA",153.139176305613,"Decreasing Batt Cap - Benchmark Chemistry"
2025,"HI",48.627297299482,"Decreasing Batt Cap - Benchmark Chemistry"
2025,"IA",16.1021189891511,"Decreasing Batt Cap - Benchmark Chemistry"
2025,"ID",14.8457504145312,"Decreasing Batt Cap - Benchmark Chemistry"
2025,"IL",98.5385940355276,"Decreasing Batt Cap - Benchmark Chemistry"
2025,"IN",28.9739374901066,"Decreasing Batt Cap - Benchmark Chemistry"
2025,"KS",17.8433817043352,"Decreasing Batt Cap - Benchmark Chemistry"
2025,"KY",17.0489039196422,"Decreasing Batt Cap - Benchmark Chemistry"
2025,"LA",13.1333395868524,"Decreasing Batt Cap - Benchmark Chemistry"
2025,"MA",71.7239475093378,"Decreasing Batt Cap - Benchmark Chemistry"
2025,"MB",6.27868510496921,"Decreasing Batt Cap - Benchmark Chemistry"
2025,"MD",63.8867212383757,"Decreasing Batt Cap - Benchmark Chemistry"
2025,"ME",12.8929506989309,"Decreasing Batt Cap - Benchmark Chemistry"
2025,"MI",48.8397765045464,"Decreasing Batt Cap - Benchmark Chemistry"
2025,"MN",37.7371035184045,"Decreasing Batt Cap - Benchmark Chemistry"
2025,"MO",30.082966679011,"Decreasing Batt Cap - Benchmark Chemistry"
2025,"MS",3.39738629882595,"Decreasing Batt Cap - Benchmark Chemistry"
2025,"MT",6.53217420222173,"Decreasing Batt Cap - Benchmark Chemistry"
2025,"MX",13.2291371168989,"Decreasing Batt Cap - Benchmark Chemistry"
2025,"NB",0.325640010475007,"Decreasing Batt Cap - Benchmark Chemistry"
2025,"NC",58.9116879808441,"Decreasing Batt Cap - Benchmark Chemistry"
2025,"ND",0.121364519760008,"Decreasing Batt Cap - Benchmark Chemistry"
2025,"NE",11.7717625955015,"Decreasing Batt Cap - Benchmark Chemistry"
2025,"NH",16.3554531092637,"Decreasing Batt Cap - Benchmark Chemistry"
2025,"NJ",100.188760363922,"Decreasing Batt Cap - Benchmark Chemistry"
2025,"NL",0,"Decreasing Batt Cap - Benchmark Chemistry"
2025,"NM",16.8908707450241,"Decreasing Batt Cap - Benchmark Chemistry"
2025,"NS",2.05491728194336,"Decreasing Batt Cap - Benchmark Chemistry"
2025,"NT",0,"Decreasing Batt Cap - Benchmark Chemistry"
2025,"NU",0,"Decreasing Batt Cap - Benchmark Chemistry"
2025,"NV",41.303471544355,"Decreasing Batt Cap - Benchmark Chemistry"
2025,"NY",123.916071716775,"Decreasing Batt Cap - Benchmark Chemistry"
2025,"OH",49.9692653539735,"Decreasing Batt Cap - Benchmark Chemistry"
2025,"OK",23.9868781467304,"Decreasing Batt Cap - Benchmark Chemistry"
2025,"ON",127.081705003581,"Decreasing Batt Cap - Benchmark Chemistry"
2025,"OR",95.3529613854793,"Decreasing Batt Cap - Benchmark Chemistry"
2025,"PA",64.5959810452858,"Decreasing Batt Cap - Benchmark Chemistry"
2025,"PE",0,"Decreasing Batt Cap - Benchmark Chemistry"
2025,"QC",167.175530625409,"Decreasing Batt Cap - Benchmark Chemistry"
2025,"RI",11.3623848108726,"Decreasing Batt Cap - Benchmark Chemistry"
2025,"SC",23.4175391920478,"Decreasing Batt Cap - Benchmark Chemistry"
2025,"SD",1.22197174173845,"Decreasing Batt Cap - Benchmark Chemistry"
2025,"SK",0.19731426425662,"Decreasing Batt Cap - Benchmark Chemistry"
2025,"TN",35.1475543980489,"Decreasing Batt Cap - Benchmark Chemistry"
2025,"TX",201.395035121014,"Decreasing Batt Cap - Benchmark Chemistry"
2025,"UT",42.3989527232993,"Decreasing Batt Cap - Benchmark Chemistry"
2025,"VA",69.3886190003722,"Decreasing Batt Cap - Benchmark Chemistry"
2025,"VT",14.4731880297108,"Decreasing Batt Cap - Benchmark Chemistry"
2025,"WA",198.858235871842,"Decreasing Batt Cap - Benchmark Chemistry"
2025,"WI",34.345058368944,"Decreasing Batt Cap - Benchmark Chemistry"
2025,"WV",3.42867429426353,"Decreasing Batt Cap - Benchmark Chemistry"
2025,"WY",0.89633173126344,"Decreasing Batt Cap - Benchmark Chemistry"
2025,"YT",0,"Decreasing Batt Cap - Benchmark Chemistry"
2026,"AB",48.7783357719793,"Decreasing Batt Cap - Benchmark Chemistry"
2026,"AK",14.1987872909954,"Decreasing Batt Cap - Benchmark Chemistry"
2026,"AL",58.2631643124732,"Decreasing Batt Cap - Benchmark Chemistry"
2026,"AR",33.8516725372433,"Decreasing Batt Cap - Benchmark Chemistry"
2026,"AZ",189.785524758971,"Decreasing Batt Cap - Benchmark Chemistry"
2026,"BC",194.538046499479,"Decreasing Batt Cap - Benchmark Chemistry"
2026,"CA",2602.89959000297,"Decreasing Batt Cap - Benchmark Chemistry"
2026,"CO",189.735175786153,"Decreasing Batt Cap - Benchmark Chemistry"
2026,"CT",78.8139192303678,"Decreasing Batt Cap - Benchmark Chemistry"
2026,"DC",25.5821532538298,"Decreasing Batt Cap - Benchmark Chemistry"
2026,"DE",25.3122981226756,"Decreasing Batt Cap - Benchmark Chemistry"
2026,"FL",486.014784846706,"Decreasing Batt Cap - Benchmark Chemistry"
2026,"GA",311.06656099358,"Decreasing Batt Cap - Benchmark Chemistry"
2026,"HI",83.554923782939,"Decreasing Batt Cap - Benchmark Chemistry"
2026,"IA",42.2016482422414,"Decreasing Batt Cap - Benchmark Chemistry"
2026,"ID",33.8294192158037,"Decreasing Batt Cap - Benchmark Chemistry"
2026,"IL",236.215834048692,"Decreasing Batt Cap - Benchmark Chemistry"
2026,"IN",88.639167536401,"Decreasing Batt Cap - Benchmark Chemistry"
2026,"KS",44.3278473345204,"Decreasing Batt Cap - Benchmark Chemistry"
2026,"KY",56.2104455819643,"Decreasing Batt Cap - Benchmark Chemistry"
2026,"LA",51.2266175463482,"Decreasing Batt Cap - Benchmark Chemistry"
2026,"MA",163.132378225311,"Decreasing Batt Cap - Benchmark Chemistry"
2026,"MB",13.28287034797,"Decreasing Batt Cap - Benchmark Chemistry"
2026,"MD",146.301969991842,"Decreasing Batt Cap - Benchmark Chemistry"
2026,"ME",27.862090614443,"Decreasing Batt Cap - Benchmark Chemistry"
2026,"MI",137.444824814496,"Decreasing Batt Cap - Benchmark Chemistry"
2026,"MN",91.2795829407586,"Decreasing Batt Cap - Benchmark Chemistry"
2026,"MO",83.6107747853828,"Decreasing Batt Cap - Benchmark Chemistry"
2026,"MS",29.1439767067458,"Decreasing Batt Cap - Benchmark Chemistry"
2026,"MT",18.7483700429514,"Decreasing Batt Cap - Benchmark Chemistry"
2026,"MX",48.1120747222548,"Decreasing Batt Cap - Benchmark Chemistry"
2026,"NB",5.93854525002928,"Decreasing Batt Cap - Benchmark Chemistry"
2026,"NC",161.925016731318,"Decreasing Batt Cap - Benchmark Chemistry"
2026,"ND",6.89117473701822,"Decreasing Batt Cap - Benchmark Chemistry"
2026,"NE",31.0432473974684,"Decreasing Batt Cap - Benchmark Chemistry"
2026,"NH",30.9894977807922,"Decreasing Batt Cap - Benchmark Chemistry"
2026,"NJ",228.73475694763,"Decreasing Batt Cap - Benchmark Chemistry"
2026,"NL",2.91698085223154,"Decreasing Batt Cap - Benchmark Chemistry"
2026,"NM",37.7041866591083,"Decreasing Batt Cap - Benchmark Chemistry"
2026,"NS",10.8915844662203,"Decreasing Batt Cap - Benchmark Chemistry"
2026,"NT",0,"Decreasing Batt Cap - Benchmark Chemistry"
2026,"NU",0,"Decreasing Batt Cap - Benchmark Chemistry"
2026,"NV",83.0701139945711,"Decreasing Batt Cap - Benchmark Chemistry"
2026,"NY",343.700977201039,"Decreasing Batt Cap - Benchmark Chemistry"
2026,"OH",159.1070198216,"Decreasing Batt Cap - Benchmark Chemistry"
2026,"OK",62.260920766153,"Decreasing Batt Cap - Benchmark Chemistry"
2026,"ON",252.597960984155,"Decreasing Batt Cap - Benchmark Chemistry"
2026,"OR",184.073518465383,"Decreasing Batt Cap - Benchmark Chemistry"
2026,"PA",189.043215001667,"Decreasing Batt Cap - Benchmark Chemistry"
2026,"PE",0,"Decreasing Batt Cap - Benchmark Chemistry"
2026,"QC",292.691293395945,"Decreasing Batt Cap - Benchmark Chemistry"
2026,"RI",24.8733455193293,"Decreasing Batt Cap - Benchmark Chemistry"
2026,"SC",63.8233313586888,"Decreasing Batt Cap - Benchmark Chemistry"
2026,"SD",10.214977387116,"Decreasing Batt Cap - Benchmark Chemistry"
2026,"SK",9.88841617596933,"Decreasing Batt Cap - Benchmark Chemistry"
2026,"TN",102.701658357221,"Decreasing Batt Cap - Benchmark Chemistry"
2026,"TX",520.667724258253,"Decreasing Batt Cap - Benchmark Chemistry"
2026,"UT",88.5553654706481,"Decreasing Batt Cap - Benchmark Chemistry"
2026,"VA",166.277865825763,"Decreasing Batt Cap - Benchmark Chemistry"
2026,"VT",25.4830715246389,"Decreasing Batt Cap - Benchmark Chemistry"
2026,"WA",372.496964148805,"Decreasing Batt Cap - Benchmark Chemistry"
2026,"WI",91.3940586286962,"Decreasing Batt Cap - Benchmark Chemistry"
2026,"WV",18.5773967592295,"Decreasing Batt Cap - Benchmark Chemistry"
2026,"WY",6.01718218893058,"Decreasing Batt Cap - Benchmark Chemistry"
2026,"YT",0,"Decreasing Batt Cap - Benchmark Chemistry"
2027,"AB",93.2672469788143,"Decreasing Batt Cap - Benchmark Chemistry"
2027,"AK",31.1114391790425,"Decreasing Batt Cap - Benchmark Chemistry"
2027,"AL",141.669960632283,"Decreasing Batt Cap - Benchmark Chemistry"
2027,"AR",84.8528354353954,"Decreasing Batt Cap - Benchmark Chemistry"
2027,"AZ",386.324802982916,"Decreasing Batt Cap - Benchmark Chemistry"
2027,"BC",336.541265560458,"Decreasing Batt Cap - Benchmark Chemistry"
2027,"CA",4843.94708935816,"Decreasing Batt Cap - Benchmark Chemistry"
2027,"CO",386.194861184143,"Decreasing Batt Cap - Benchmark Chemistry"
2027,"CT",164.155935787362,"Decreasing Batt Cap - Benchmark Chemistry"
2027,"DC",46.5974891312392,"Decreasing Batt Cap - Benchmark Chemistry"
2027,"DE",44.0818122281972,"Decreasing Batt Cap - Benchmark Chemistry"
2027,"FL",1029.23026548974,"Decreasing Batt Cap - Benchmark Chemistry"
2027,"GA",643.547830893768,"Decreasing Batt Cap - Benchmark Chemistry"
2027,"HI",149.565338130555,"Decreasing Batt Cap - Benchmark Chemistry"
2027,"IA",100.240257135338,"Decreasing Batt Cap - Benchmark Chemistry"
2027,"ID",72.8802889285667,"Decreasing Batt Cap - Benchmark Chemistry"
2027,"IL",521.563913364812,"Decreasing Batt Cap - Benchmark Chemistry"
2027,"IN",212.201422739592,"Decreasing Batt Cap - Benchmark Chemistry"
2027,"KS",99.2015503500247,"Decreasing Batt Cap - Benchmark Chemistry"
2027,"KY",122.946540638679,"Decreasing Batt Cap - Benchmark Chemistry"
2027,"LA",121.433042251292,"Decreasing Batt Cap - Benchmark Chemistry"
2027,"MA",360.050035389892,"Decreasing Batt Cap - Benchmark Chemistry"
2027,"MB",33.1254289735625,"Decreasing Batt Cap - Benchmark Chemistry"
2027,"MD",316.449659107913,"Decreasing Batt Cap - Benchmark Chemistry"
2027,"ME",53.9325652286034,"Decreasing Batt Cap - Benchmark Chemistry"
2027,"MI",329.717285506573,"Decreasing Batt Cap - Benchmark Chemistry"
2027,"MN",209.548233928715,"Decreasing Batt Cap - Benchmark Chemistry"
2027,"MO",198.478691977102,"Decreasing Batt Cap - Benchmark Chemistry"
2027,"MS",78.589893869001,"Decreasing Batt Cap - Benchmark Chemistry"
2027,"MT",39.5378654806283,"Decreasing Batt Cap - Benchmark Chemistry"
2027,"MX",145.501615652104,"Decreasing Batt Cap - Benchmark Chemistry"
2027,"NB",15.9533738683322,"Decreasing Batt Cap - Benchmark Chemistry"
2027,"NC",384.527006958476,"Decreasing Batt Cap - Benchmark Chemistry"
2027,"ND",21.4300505340188,"Decreasing Batt Cap - Benchmark Chemistry"
2027,"NE",68.8636126077184,"Decreasing Batt Cap - Benchmark Chemistry"
2027,"NH",58.5779796895087,"Decreasing Batt Cap - Benchmark Chemistry"
2027,"NJ",483.394870715935,"Decreasing Batt Cap - Benchmark Chemistry"
2027,"NL",6.47836154053994,"Decreasing Batt Cap - Benchmark Chemistry"
2027,"NM",81.748309013538,"Decreasing Batt Cap - Benchmark Chemistry"
2027,"NS",22.2016125813359,"Decreasing Batt Cap - Benchmark Chemistry"
2027,"NT",0,"Decreasing Batt Cap - Benchmark Chemistry"
2027,"NU",0,"Decreasing Batt Cap - Benchmark Chemistry"
2027,"NV",167.32116535813,"Decreasing Batt Cap - Benchmark Chemistry"
2027,"NY",790.149967336619,"Decreasing Batt Cap - Benchmark Chemistry"
2027,"OH",385.419079256967,"Decreasing Batt Cap - Benchmark Chemistry"
2027,"OK",129.63564187602,"Decreasing Batt Cap - Benchmark Chemistry"
2027,"ON",469.570854544393,"Decreasing Batt Cap - Benchmark Chemistry"
2027,"OR",362.862796879573,"Decreasing Batt Cap - Benchmark Chemistry"
2027,"PA",450.83558536887,"Decreasing Batt Cap - Benchmark Chemistry"
2027,"PE",1.32695240433986,"Decreasing Batt Cap - Benchmark Chemistry"
2027,"QC",511.341496578575,"Decreasing Batt Cap - Benchmark Chemistry"
2027,"RI",46.7652316730284,"Decreasing Batt Cap - Benchmark Chemistry"
2027,"SC",157.790072352987,"Decreasing Batt Cap - Benchmark Chemistry"
2027,"SD",27.2892270251732,"Decreasing Batt Cap - Benchmark Chemistry"
2027,"SK",25.5265760648899,"Decreasing Batt Cap - Benchmark Chemistry"
2027,"TN",239.483463424205,"Decreasing Batt Cap - Benchmark Chemistry"
2027,"TX",1175.52854788862,"Decreasing Batt Cap - Benchmark Chemistry"
2027,"UT",176.652250178659,"Decreasing Batt Cap - Benchmark Chemistry"
2027,"VA",367.865133485899,"Decreasing Batt Cap - Benchmark Chemistry"
2027,"VT",40.8785006663137,"Decreasing Batt Cap - Benchmark Chemistry"
2027,"WA",727.437789369591,"Decreasing Batt Cap - Benchmark Chemistry"
2027,"WI",207.827876898656,"Decreasing Batt Cap - Benchmark Chemistry"
2027,"WV",49.3542435806972,"Decreasing Batt Cap - Benchmark Chemistry"
2027,"WY",16.550177326109,"Decreasing Batt Cap - Benchmark Chemistry"
2027,"YT",0,"Decreasing Batt Cap - Benchmark Chemistry"
2028,"AB",179.788607746216,"Decreasing Batt Cap - Benchmark Chemistry"
2028,"AK",50.5990896239847,"Decreasing Batt Cap - Benchmark Chemistry"
2028,"AL",274.801893814533,"Decreasing Batt Cap - Benchmark Chemistry"
2028,"AR",162.371518425446,"Decreasing Batt Cap - Benchmark Chemistry"
2028,"AZ",707.355029880145,"Decreasing Batt Cap - Benchmark Chemistry"
2028,"BC",563.812587339462,"Decreasing Batt Cap - Benchmark Chemistry"
2028,"CA",8146.12634760316,"Decreasing Batt Cap - Benchmark Chemistry"
2028,"CO",688.401427404109,"Decreasing Batt Cap - Benchmark Chemistry"
2028,"CT",303.691011216905,"Decreasing Batt Cap - Benchmark Chemistry"
2028,"DC",73.495279046444,"Decreasing Batt Cap - Benchmark Chemistry"
2028,"DE",78.3092024213994,"Decreasing Batt Cap - Benchmark Chemistry"
2028,"FL",1888.48213297987,"Decreasing Batt Cap - Benchmark Chemistry"
2028,"GA",1154.1627029284,"Decreasing Batt Cap - Benchmark Chemistry"
2028,"HI",261.327512185319,"Decreasing Batt Cap - Benchmark Chemistry"
2028,"IA",188.703168449995,"Decreasing Batt Cap - Benchmark Chemistry"
2028,"ID",131.465114555313,"Decreasing Batt Cap - Benchmark Chemistry"
2028,"IL",970.902909555385,"Decreasing Batt Cap - Benchmark Chemistry"
2028,"IN",412.294257775618,"Decreasing Batt Cap - Benchmark Chemistry"
2028,"KS",183.159046378348,"Decreasing Batt Cap - Benchmark Chemistry"
2028,"KY",246.613729724936,"Decreasing Batt Cap - Benchmark Chemistry"
2028,"LA",238.449585275527,"Decreasing Batt Cap - Benchmark Chemistry"
2028,"MA",655.91626889942,"Decreasing Batt Cap - Benchmark Chemistry"
2028,"MB",47.1191763314916,"Decreasing Batt Cap - Benchmark Chemistry"
2028,"MD",577.873927574057,"Decreasing Batt Cap - Benchmark Chemistry"
2028,"ME",100.11290365207,"Decreasing Batt Cap - Benchmark Chemistry"
2028,"MI",641.23433223937,"Decreasing Batt Cap - Benchmark Chemistry"
2028,"MN",399.070195340912,"Decreasing Batt Cap - Benchmark Chemistry"
2028,"MO",376.810457472308,"Decreasing Batt Cap - Benchmark Chemistry"
2028,"MS",149.321869617361,"Decreasing Batt Cap - Benchmark Chemistry"
2028,"MT",71.4536976882404,"Decreasing Batt Cap - Benchmark Chemistry"
2028,"MX",313.89911206914,"Decreasing Batt Cap - Benchmark Chemistry"
2028,"NB",37.5331110414579,"Decreasing Batt Cap - Benchmark Chemistry"
2028,"NC",728.461850587914,"Decreasing Batt Cap - Benchmark Chemistry"
2028,"ND",45.0894546037154,"Decreasing Batt Cap - Benchmark Chemistry"
2028,"NE",123.338424618986,"Decreasing Batt Cap - Benchmark Chemistry"
2028,"NH",110.568981345783,"Decreasing Batt Cap - Benchmark Chemistry"
2028,"NJ",890.546956303638,"Decreasing Batt Cap - Benchmark Chemistry"
2028,"NL",17.9497904061606,"Decreasing Batt Cap - Benchmark Chemistry"
2028,"NM",148.646485282074,"Decreasing Batt Cap - Benchmark Chemistry"
2028,"NS",42.299753063208,"Decreasing Batt Cap - Benchmark Chemistry"
2028,"NT",0,"Decreasing Batt Cap - Benchmark Chemistry"
2028,"NU",0,"Decreasing Batt Cap - Benchmark Chemistry"
2028,"NV",304.937003191096,"Decreasing Batt Cap - Benchmark Chemistry"
2028,"NY",1487.4412532488,"Decreasing Batt Cap - Benchmark Chemistry"
2028,"OH",752.132962881135,"Decreasing Batt Cap - Benchmark Chemistry"
2028,"OK",255.015968143366,"Decreasing Batt Cap - Benchmark Chemistry"
2028,"ON",820.034993083193,"Decreasing Batt Cap - Benchmark Chemistry"
2028,"OR",629.230662572159,"Decreasing Batt Cap - Benchmark Chemistry"
2028,"PA",868.174132359373,"Decreasing Batt Cap - Benchmark Chemistry"
2028,"PE",5.79746110259338,"Decreasing Batt Cap - Benchmark Chemistry"
2028,"QC",846.527170245352,"Decreasing Batt Cap - Benchmark Chemistry"
2028,"RI",84.7466188066452,"Decreasing Batt Cap - Benchmark Chemistry"
2028,"SC",310.487641392853,"Decreasing Batt Cap - Benchmark Chemistry"
2028,"SD",54.3244753379047,"Decreasing Batt Cap - Benchmark Chemistry"
2028,"SK",41.7214041998462,"Decreasing Batt Cap - Benchmark Chemistry"
2028,"TN",461.034350089398,"Decreasing Batt Cap - Benchmark Chemistry"
2028,"TX",2216.27637374586,"Decreasing Batt Cap - Benchmark Chemistry"
2028,"UT",326.444204997966,"Decreasing Batt Cap - Benchmark Chemistry"
2028,"VA",695.43599641215,"Decreasing Batt Cap - Benchmark Chemistry"
2028,"VT",66.6005513781684,"Decreasing Batt Cap - Benchmark Chemistry"
2028,"WA",1246.76812062253,"Decreasing Batt Cap - Benchmark Chemistry"
2028,"WI",396.869371854583,"Decreasing Batt Cap - Benchmark Chemistry"
2028,"WV",95.3674951892806,"Decreasing Batt Cap - Benchmark Chemistry"
2028,"WY",36.4320996376767,"Decreasing Batt Cap - Benchmark Chemistry"
2028,"YT",0,"Decreasing Batt Cap - Benchmark Chemistry"
2029,"AB",325.573420352531,"Decreasing Batt Cap - Benchmark Chemistry"
2029,"AK",89.0263461731116,"Decreasing Batt Cap - Benchmark Chemistry"
2029,"AL",495.689132011184,"Decreasing Batt Cap - Benchmark Chemistry"
2029,"AR",281.09558156844,"Decreasing Batt Cap - Benchmark Chemistry"
2029,"AZ",1184.9818682399,"Decreasing Batt Cap - Benchmark Chemistry"
2029,"BC",918.732030124687,"Decreasing Batt Cap - Benchmark Chemistry"
2029,"CA",13004.94275608,"Decreasing Batt Cap - Benchmark Chemistry"
2029,"CO",1156.81279073991,"Decreasing Batt Cap - Benchmark Chemistry"
2029,"CT",517.535759557073,"Decreasing Batt Cap - Benchmark Chemistry"
2029,"DC",118.84533934008,"Decreasing Batt Cap - Benchmark Chemistry"
2029,"DE",137.198230008484,"Decreasing Batt Cap - Benchmark Chemistry"
2029,"FL",3217.3523971266,"Decreasing Batt Cap - Benchmark Chemistry"
2029,"GA",1912.79520107908,"Decreasing Batt Cap - Benchmark Chemistry"
2029,"HI",410.090687570733,"Decreasing Batt Cap - Benchmark Chemistry"
2029,"IA",325.731038327756,"Decreasing Batt Cap - Benchmark Chemistry"
2029,"ID",216.631118031616,"Decreasing Batt Cap - Benchmark Chemistry"
2029,"IL",1661.25824001542,"Decreasing Batt Cap - Benchmark Chemistry"
2029,"IN",735.370676909814,"Decreasing Batt Cap - Benchmark Chemistry"
2029,"KS",314.736764883267,"Decreasing Batt Cap - Benchmark Chemistry"
2029,"KY",443.539638905679,"Decreasing Batt Cap - Benchmark Chemistry"
2029,"LA",429.862056313629,"Decreasing Batt Cap - Benchmark Chemistry"
2029,"MA",1118.6255245257,"Decreasing Batt Cap - Benchmark Chemistry"
2029,"MB",84.7033918712181,"Decreasing Batt Cap - Benchmark Chemistry"
2029,"MD",990.785394240953,"Decreasing Batt Cap - Benchmark Chemistry"
2029,"ME",165.794447570647,"Decreasing Batt Cap - Benchmark Chemistry"
2029,"MI",1125.3320032629,"Decreasing Batt Cap - Benchmark Chemistry"
2029,"MN",704.927524416364,"Decreasing Batt Cap - Benchmark Chemistry"
2029,"MO",687.267182387682,"Decreasing Batt Cap - Benchmark Chemistry"
2029,"MS",267.757209424676,"Decreasing Batt Cap - Benchmark Chemistry"
2029,"MT",125.713813599993,"Decreasing Batt Cap - Benchmark Chemistry"
2029,"MX",590.995429249286,"Decreasing Batt Cap - Benchmark Chemistry"
2029,"NB",53.3010464236905,"Decreasing Batt Cap - Benchmark Chemistry"
2029,"NC",1274.6230506095,"Decreasing Batt Cap - Benchmark Chemistry"
2029,"ND",79.0048546039085,"Decreasing Batt Cap - Benchmark Chemistry"
2029,"NE",210.582311500334,"Decreasing Batt Cap - Benchmark Chemistry"
2029,"NH",176.761937489655,"Decreasing Batt Cap - Benchmark Chemistry"
2029,"NJ",1511.37638029482,"Decreasing Batt Cap - Benchmark Chemistry"
2029,"NL",38.8450203759033,"Decreasing Batt Cap - Benchmark Chemistry"
2029,"NM",260.296227904843,"Decreasing Batt Cap - Benchmark Chemistry"
2029,"NS",59.8519478170675,"Decreasing Batt Cap - Benchmark Chemistry"
2029,"NT",0,"Decreasing Batt Cap - Benchmark Chemistry"
2029,"NU",0,"Decreasing Batt Cap - Benchmark Chemistry"
2029,"NV",505.104624568794,"Decreasing Batt Cap - Benchmark Chemistry"
2029,"NY",2584.86546135888,"Decreasing Batt Cap - Benchmark Chemistry"
2029,"OH",1310.18111403229,"Decreasing Batt Cap - Benchmark Chemistry"
2029,"OK",439.692657921185,"Decreasing Batt Cap - Benchmark Chemistry"
2029,"ON",1392.2837324217,"Decreasing Batt Cap - Benchmark Chemistry"
2029,"OR",1025.32019668609,"Decreasing Batt Cap - Benchmark Chemistry"
2029,"PA",1515.64356431892,"Decreasing Batt Cap - Benchmark Chemistry"
2029,"PE",9.76136199968947,"Decreasing Batt Cap - Benchmark Chemistry"
2029,"QC",1390.15760600536,"Decreasing Batt Cap - Benchmark Chemistry"
2029,"RI",147.272900082086,"Decreasing Batt Cap - Benchmark Chemistry"
2029,"SC",553.462211182002,"Decreasing Batt Cap - Benchmark Chemistry"
2029,"SD",100.366566149365,"Decreasing Batt Cap - Benchmark Chemistry"
2029,"SK",76.1319833126978,"Decreasing Batt Cap - Benchmark Chemistry"
2029,"TN",814.933379931465,"Decreasing Batt Cap - Benchmark Chemistry"
2029,"TX",3846.76696077628,"Decreasing Batt Cap - Benchmark Chemistry"
2029,"UT",539.460164692282,"Decreasing Batt Cap - Benchmark Chemistry"
2029,"VA",1204.45191287095,"Decreasing Batt Cap - Benchmark Chemistry"
2029,"VT",112.48167486379,"Decreasing Batt Cap - Benchmark Chemistry"
2029,"WA",2038.24565861635,"Decreasing Batt Cap - Benchmark Chemistry"
2029,"WI",695.658002743077,"Decreasing Batt Cap - Benchmark Chemistry"
2029,"WV",161.959084904337,"Decreasing Batt Cap - Benchmark Chemistry"
2029,"WY",63.888144985794,"Decreasing Batt Cap - Benchmark Chemistry"
2029,"YT",1.95426569627654,"Decreasing Batt Cap - Benchmark Chemistry"
2030,"AB",563.865030889609,"Decreasing Batt Cap - Benchmark Chemistry"
2030,"AK",142.285972891941,"Decreasing Batt Cap - Benchmark Chemistry"
2030,"AL",833.27852270234,"Decreasing Batt Cap - Benchmark Chemistry"
2030,"AR",471.831406861994,"Decreasing Batt Cap - Benchmark Chemistry"
2030,"AZ",1906.18690474232,"Decreasing Batt Cap - Benchmark Chemistry"
2030,"BC",1466.1383394641,"Decreasing Batt Cap - Benchmark Chemistry"
2030,"CA",19762.7601040624,"Decreasing Batt Cap - Benchmark Chemistry"
2030,"CO",1848.74375123259,"Decreasing Batt Cap - Benchmark Chemistry"
2030,"CT",828.854509476784,"Decreasing Batt Cap - Benchmark Chemistry"
2030,"DC",197.373806069897,"Decreasing Batt Cap - Benchmark Chemistry"
2030,"DE",212.951137700452,"Decreasing Batt Cap - Benchmark Chemistry"
2030,"FL",5200.35242701446,"Decreasing Batt Cap - Benchmark Chemistry"
2030,"GA",2924.97177188515,"Decreasing Batt Cap - Benchmark Chemistry"
2030,"HI",621.995528751759,"Decreasing Batt Cap - Benchmark Chemistry"
2030,"IA",536.46388596355,"Decreasing Batt Cap - Benchmark Chemistry"
2030,"ID",362.362950466078,"Decreasing Batt Cap - Benchmark Chemistry"
2030,"IL",2691.45069465764,"Decreasing Batt Cap - Benchmark Chemistry"
2030,"IN",1226.21853909119,"Decreasing Batt Cap - Benchmark Chemistry"
2030,"KS",525.513462071329,"Decreasing Batt Cap - Benchmark Chemistry"
2030,"KY",736.384628526458,"Decreasing Batt Cap - Benchmark Chemistry"
2030,"LA",726.681206598159,"Decreasing Batt Cap - Benchmark Chemistry"
2030,"MA",1815.62656810696,"Decreasing Batt Cap - Benchmark Chemistry"
2030,"MB",146.800693441401,"Decreasing Batt Cap - Benchmark Chemistry"
2030,"MD",1609.45165975262,"Decreasing Batt Cap - Benchmark Chemistry"
2030,"ME",255.095726941723,"Decreasing Batt Cap - Benchmark Chemistry"
2030,"MI",1853.11111854978,"Decreasing Batt Cap - Benchmark Chemistry"
2030,"MN",1146.56984165052,"Decreasing Batt Cap - Benchmark Chemistry"
2030,"MO",1134.56176988651,"Decreasing Batt Cap - Benchmark Chemistry"
2030,"MS",447.846000779404,"Decreasing Batt Cap - Benchmark Chemistry"
2030,"MT",196.032185895685,"Decreasing Batt Cap - Benchmark Chemistry"
2030,"MX",1033.83119169714,"Decreasing Batt Cap - Benchmark Chemistry"
2030,"NB",89.37194693026,"Decreasing Batt Cap - Benchmark Chemistry"
2030,"NC",2092.95346246445,"Decreasing Batt Cap - Benchmark Chemistry"
2030,"ND",138.024466560245,"Decreasing Batt Cap - Benchmark Chemistry"
2030,"NE",347.335389928397,"Decreasing Batt Cap - Benchmark Chemistry"
2030,"NH",286.143033483005,"Decreasing Batt Cap - Benchmark Chemistry"
2030,"NJ",2444.95003384052,"Decreasing Batt Cap - Benchmark Chemistry"
2030,"NL",55.2659021713946,"Decreasing Batt Cap - Benchmark Chemistry"
2030,"NM",424.903455565102,"Decreasing Batt Cap - Benchmark Chemistry"
2030,"NS",108.562093553217,"Decreasing Batt Cap - Benchmark Chemistry"
2030,"NT",1.95426569627654,"Decreasing Batt Cap - Benchmark Chemistry"
2030,"NU",0,"Decreasing Batt Cap - Benchmark Chemistry"
2030,"NV",822.1871653604,"Decreasing Batt Cap - Benchmark Chemistry"
2030,"NY",4233.99277798526,"Decreasing Batt Cap - Benchmark Chemistry"
2030,"OH",2168.62745493105,"Decreasing Batt Cap - Benchmark Chemistry"
2030,"OK",744.722812086451,"Decreasing Batt Cap - Benchmark Chemistry"
2030,"ON",2330.40596268043,"Decreasing Batt Cap - Benchmark Chemistry"
2030,"OR",1593.41897095049,"Decreasing Batt Cap - Benchmark Chemistry"
2030,"PA",2496.32203400172,"Decreasing Batt Cap - Benchmark Chemistry"
2030,"PE",21.5992028899034,"Decreasing Batt Cap - Benchmark Chemistry"
2030,"QC",2217.39156411989,"Decreasing Batt Cap - Benchmark Chemistry"
2030,"RI",227.791754952344,"Decreasing Batt Cap - Benchmark Chemistry"
2030,"SC",927.245570713394,"Decreasing Batt Cap - Benchmark Chemistry"
2030,"SD",155.626328922576,"Decreasing Batt Cap - Benchmark Chemistry"
2030,"SK",125.944638057501,"Decreasing Batt Cap - Benchmark Chemistry"
2030,"TN",1342.72878828781,"Decreasing Batt Cap - Benchmark Chemistry"
2030,"TX",6296.29102189115,"Decreasing Batt Cap - Benchmark Chemistry"
2030,"UT",878.058995367112,"Decreasing Batt Cap - Benchmark Chemistry"
2030,"VA",1949.70417947441,"Decreasing Batt Cap - Benchmark Chemistry"
2030,"VT",185.454748311012,"Decreasing Batt Cap - Benchmark Chemistry"
2030,"WA",3178.24282007139,"Decreasing Batt Cap - Benchmark Chemistry"
2030,"WI",1129.63423109658,"Decreasing Batt Cap - Benchmark Chemistry"
2030,"WV",271.801053041709,"Decreasing Batt Cap - Benchmark Chemistry"
2030,"WY",101.648410770671,"Decreasing Batt Cap - Benchmark Chemistry"
2030,"YT",2.44334265646246,"Decreasing Batt Cap - Benchmark Chemistry"
2031,"AB",954.71222845796,"Decreasing Batt Cap - Benchmark Chemistry"
2031,"AK",215.738979681363,"Decreasing Batt Cap - Benchmark Chemistry"
2031,"AL",1323.05603621927,"Decreasing Batt Cap - Benchmark Chemistry"
2031,"AR",760.019606109619,"Decreasing Batt Cap - Benchmark Chemistry"
2031,"AZ",2981.36710147294,"Decreasing Batt Cap - Benchmark Chemistry"
2031,"BC",2352.120978558,"Decreasing Batt Cap - Benchmark Chemistry"
2031,"CA",29613.5801769763,"Decreasing Batt Cap - Benchmark Chemistry"
2031,"CO",2883.52398505185,"Decreasing Batt Cap - Benchmark Chemistry"
2031,"CT",1293.32087125589,"Decreasing Batt Cap - Benchmark Chemistry"
2031,"DC",292.946359394208,"Decreasing Batt Cap - Benchmark Chemistry"
2031,"DE",331.243615456988,"Decreasing Batt Cap - Benchmark Chemistry"
2031,"FL",8146.2148961876,"Decreasing Batt Cap - Benchmark Chemistry"
2031,"GA",4338.33644866089,"Decreasing Batt Cap - Benchmark Chemistry"
2031,"HI",921.797609150591,"Decreasing Batt Cap - Benchmark Chemistry"
2031,"IA",862.15756715439,"Decreasing Batt Cap - Benchmark Chemistry"
2031,"ID",566.10906450753,"Decreasing Batt Cap - Benchmark Chemistry"
2031,"IL",4203.29515152304,"Decreasing Batt Cap - Benchmark Chemistry"
2031,"IN",1933.4096466315,"Decreasing Batt Cap - Benchmark Chemistry"
2031,"KS",830.097392453784,"Decreasing Batt Cap - Benchmark Chemistry"
2031,"KY",1169.70202659935,"Decreasing Batt Cap - Benchmark Chemistry"
2031,"LA",1146.42170478701,"Decreasing Batt Cap - Benchmark Chemistry"
2031,"MA",2853.52700560478,"Decreasing Batt Cap - Benchmark Chemistry"
2031,"MB",249.522106364071,"Decreasing Batt Cap - Benchmark Chemistry"
2031,"MD",2527.57828061077,"Decreasing Batt Cap - Benchmark Chemistry"
2031,"ME",408.566890599606,"Decreasing Batt Cap - Benchmark Chemistry"
2031,"MI",2891.20461110264,"Decreasing Batt Cap - Benchmark Chemistry"
2031,"MN",1828.46661085419,"Decreasing Batt Cap - Benchmark Chemistry"
2031,"MO",1777.99068021455,"Decreasing Batt Cap - Benchmark Chemistry"
2031,"MS",713.573859964596,"Decreasing Batt Cap - Benchmark Chemistry"
2031,"MT",302.862451498648,"Decreasing Batt Cap - Benchmark Chemistry"
2031,"MX",1711.70905237789,"Decreasing Batt Cap - Benchmark Chemistry"
2031,"NB",151.523582667285,"Decreasing Batt Cap - Benchmark Chemistry"
2031,"NC",3292.18300104204,"Decreasing Batt Cap - Benchmark Chemistry"
2031,"ND",203.283409724782,"Decreasing Batt Cap - Benchmark Chemistry"
2031,"NE",552.487518460103,"Decreasing Batt Cap - Benchmark Chemistry"
2031,"NH",443.656006738004,"Decreasing Batt Cap - Benchmark Chemistry"
2031,"NJ",3861.9221926991,"Decreasing Batt Cap - Benchmark Chemistry"
2031,"NL",94.8715213829924,"Decreasing Batt Cap - Benchmark Chemistry"
2031,"NM",687.383111618116,"Decreasing Batt Cap - Benchmark Chemistry"
2031,"NS",181.793723935723,"Decreasing Batt Cap - Benchmark Chemistry"
2031,"NT",2.44334265646246,"Decreasing Batt Cap - Benchmark Chemistry"
2031,"NU",0,"Decreasing Batt Cap - Benchmark Chemistry"
2031,"NV",1284.60395530104,"Decreasing Batt Cap - Benchmark Chemistry"
2031,"NY",6671.50572407443,"Decreasing Batt Cap - Benchmark Chemistry"
2031,"OH",3401.73917796168,"Decreasing Batt Cap - Benchmark Chemistry"
2031,"OK",1191.15538465474,"Decreasing Batt Cap - Benchmark Chemistry"
2031,"ON",3881.96359233575,"Decreasing Batt Cap - Benchmark Chemistry"
2031,"OR",2438.3220420043,"Decreasing Batt Cap - Benchmark Chemistry"
2031,"PA",3918.80299221064,"Decreasing Batt Cap - Benchmark Chemistry"
2031,"PE",35.6403896662789,"Decreasing Batt Cap - Benchmark Chemistry"
2031,"QC",3569.0893602111,"Decreasing Batt Cap - Benchmark Chemistry"
2031,"RI",365.618110471115,"Decreasing Batt Cap - Benchmark Chemistry"
2031,"SC",1478.99191684371,"Decreasing Batt Cap - Benchmark Chemistry"
2031,"SD",238.068975414944,"Decreasing Batt Cap - Benchmark Chemistry"
2031,"SK",214.721938461965,"Decreasing Batt Cap - Benchmark Chemistry"
2031,"TN",2098.98136235117,"Decreasing Batt Cap - Benchmark Chemistry"
2031,"TX",9875.97291279315,"Decreasing Batt Cap - Benchmark Chemistry"
2031,"UT",1367.5907621757,"Decreasing Batt Cap - Benchmark Chemistry"
2031,"VA",3071.56884079584,"Decreasing Batt Cap - Benchmark Chemistry"
2031,"VT",283.122947733713,"Decreasing Batt Cap - Benchmark Chemistry"
2031,"WA",4871.65796841881,"Decreasing Batt Cap - Benchmark Chemistry"
2031,"WI",1758.74755095636,"Decreasing Batt Cap - Benchmark Chemistry"
2031,"WV",412.299903710038,"Decreasing Batt Cap - Benchmark Chemistry"
2031,"WY",161.162208265477,"Decreasing Batt Cap - Benchmark Chemistry"
2031,"YT",7.8447282512966,"Decreasing Batt Cap - Benchmark Chemistry"
2032,"AB",1614.44389793726,"Decreasing Batt Cap - Benchmark Chemistry"
2032,"AK",312.927330005082,"Decreasing Batt Cap - Benchmark Chemistry"
2032,"AL",1988.02151798769,"Decreasing Batt Cap - Benchmark Chemistry"
2032,"AR",1133.46887196175,"Decreasing Batt Cap - Benchmark Chemistry"
2032,"AZ",4377.51741634864,"Decreasing Batt Cap - Benchmark Chemistry"
2032,"BC",3712.73122099729,"Decreasing Batt Cap - Benchmark Chemistry"
2032,"CA",41860.6328825693,"Decreasing Batt Cap - Benchmark Chemistry"
2032,"CO",4269.03883079479,"Decreasing Batt Cap - Benchmark Chemistry"
2032,"CT",1900.70484813932,"Decreasing Batt Cap - Benchmark Chemistry"
2032,"DC",433.041293223426,"Decreasing Batt Cap - Benchmark Chemistry"
2032,"DE",491.762604725613,"Decreasing Batt Cap - Benchmark Chemistry"
2032,"FL",12038.7263264394,"Decreasing Batt Cap - Benchmark Chemistry"
2032,"GA",6113.49161743858,"Decreasing Batt Cap - Benchmark Chemistry"
2032,"HI",1278.38679976083,"Decreasing Batt Cap - Benchmark Chemistry"
2032,"IA",1288.67676048774,"Decreasing Batt Cap - Benchmark Chemistry"
2032,"ID",864.133289480443,"Decreasing Batt Cap - Benchmark Chemistry"
2032,"IL",6176.8736640106,"Decreasing Batt Cap - Benchmark Chemistry"
2032,"IN",2878.58076947828,"Decreasing Batt Cap - Benchmark Chemistry"
2032,"KS",1248.30983604839,"Decreasing Batt Cap - Benchmark Chemistry"
2032,"KY",1765.98024020944,"Decreasing Batt Cap - Benchmark Chemistry"
2032,"LA",1727.57900456716,"Decreasing Batt Cap - Benchmark Chemistry"
2032,"MA",4232.20661027875,"Decreasing Batt Cap - Benchmark Chemistry"
2032,"MB",416.865767602497,"Decreasing Batt Cap - Benchmark Chemistry"
2032,"MD",3750.40501725038,"Decreasing Batt Cap - Benchmark Chemistry"
2032,"ME",604.715027552859,"Decreasing Batt Cap - Benchmark Chemistry"
2032,"MI",4286.12388195068,"Decreasing Batt Cap - Benchmark Chemistry"
2032,"MN",2718.69228736263,"Decreasing Batt Cap - Benchmark Chemistry"
2032,"MO",2637.62544602759,"Decreasing Batt Cap - Benchmark Chemistry"
2032,"MS",1078.96821544418,"Decreasing Batt Cap - Benchmark Chemistry"
2032,"MT",458.271716765294,"Decreasing Batt Cap - Benchmark Chemistry"
2032,"MX",2750.04057554656,"Decreasing Batt Cap - Benchmark Chemistry"
2032,"NB",247.96333444184,"Decreasing Batt Cap - Benchmark Chemistry"
2032,"NC",4916.06022778572,"Decreasing Batt Cap - Benchmark Chemistry"
2032,"ND",308.155449874843,"Decreasing Batt Cap - Benchmark Chemistry"
2032,"NE",823.087099068999,"Decreasing Batt Cap - Benchmark Chemistry"
2032,"NH",667.227094413774,"Decreasing Batt Cap - Benchmark Chemistry"
2032,"NJ",5758.98974452924,"Decreasing Batt Cap - Benchmark Chemistry"
2032,"NL",157.482826773867,"Decreasing Batt Cap - Benchmark Chemistry"
2032,"NM",1044.03823836608,"Decreasing Batt Cap - Benchmark Chemistry"
2032,"NS",301.089676405599,"Decreasing Batt Cap - Benchmark Chemistry"
2032,"NT",4.86081333749126,"Decreasing Batt Cap - Benchmark Chemistry"
2032,"NU",0,"Decreasing Batt Cap - Benchmark Chemistry"
2032,"NV",1900.63903937494,"Decreasing Batt Cap - Benchmark Chemistry"
2032,"NY",9909.68962848263,"Decreasing Batt Cap - Benchmark Chemistry"
2032,"OH",5078.08395331629,"Decreasing Batt Cap - Benchmark Chemistry"
2032,"OK",1772.15083205076,"Decreasing Batt Cap - Benchmark Chemistry"
2032,"ON",6275.55845540492,"Decreasing Batt Cap - Benchmark Chemistry"
2032,"OR",3489.62806683871,"Decreasing Batt Cap - Benchmark Chemistry"
2032,"PA",5830.58596846792,"Decreasing Batt Cap - Benchmark Chemistry"
2032,"PE",58.3825210104501,"Decreasing Batt Cap - Benchmark Chemistry"
2032,"QC",5591.62183985457,"Decreasing Batt Cap - Benchmark Chemistry"
2032,"RI",548.86242790921,"Decreasing Batt Cap - Benchmark Chemistry"
2032,"SC",2203.2805760246,"Decreasing Batt Cap - Benchmark Chemistry"
2032,"SD",355.72816066622,"Decreasing Batt Cap - Benchmark Chemistry"
2032,"SK",360.094524426742,"Decreasing Batt Cap - Benchmark Chemistry"
2032,"TN",3095.91867913708,"Decreasing Batt Cap - Benchmark Chemistry"
2032,"TX",14676.1730259887,"Decreasing Batt Cap - Benchmark Chemistry"
2032,"UT",2011.88709139033,"Decreasing Batt Cap - Benchmark Chemistry"
2032,"VA",4566.23456675095,"Decreasing Batt Cap - Benchmark Chemistry"
2032,"VT",412.6567539632,"Decreasing Batt Cap - Benchmark Chemistry"
2032,"WA",7001.97664047536,"Decreasing Batt Cap - Benchmark Chemistry"
2032,"WI",2580.89725793428,"Decreasing Batt Cap - Benchmark Chemistry"
2032,"WV",636.692759757412,"Decreasing Batt Cap - Benchmark Chemistry"
2032,"WY",227.974563265987,"Decreasing Batt Cap - Benchmark Chemistry"
2032,"YT",10.9945721105964,"Decreasing Batt Cap - Benchmark Chemistry"
2033,"AB",2515.96064578705,"Decreasing Batt Cap - Benchmark Chemistry"
2033,"AK",444.664531294978,"Decreasing Batt Cap - Benchmark Chemistry"
2033,"AL",2869.69836227378,"Decreasing Batt Cap - Benchmark Chemistry"
2033,"AR",1643.56697114453,"Decreasing Batt Cap - Benchmark Chemistry"
2033,"AZ",6238.55151473626,"Decreasing Batt Cap - Benchmark Chemistry"
2033,"BC",5511.77280077366,"Decreasing Batt Cap - Benchmark Chemistry"
2033,"CA",56849.3322590874,"Decreasing Batt Cap - Benchmark Chemistry"
2033,"CO",6076.97137592762,"Decreasing Batt Cap - Benchmark Chemistry"
2033,"CT",2663.35461342549,"Decreasing Batt Cap - Benchmark Chemistry"
2033,"DC",605.560216161629,"Decreasing Batt Cap - Benchmark Chemistry"
2033,"DE",706.97660624289,"Decreasing Batt Cap - Benchmark Chemistry"
2033,"FL",17185.09267488,"Decreasing Batt Cap - Benchmark Chemistry"
2033,"GA",8409.15816499425,"Decreasing Batt Cap - Benchmark Chemistry"
2033,"HI",1709.49928091035,"Decreasing Batt Cap - Benchmark Chemistry"
2033,"IA",1852.65001661054,"Decreasing Batt Cap - Benchmark Chemistry"
2033,"ID",1257.23745486859,"Decreasing Batt Cap - Benchmark Chemistry"
2033,"IL",8732.54356159234,"Decreasing Batt Cap - Benchmark Chemistry"
2033,"IN",4129.7772000823,"Decreasing Batt Cap - Benchmark Chemistry"
2033,"KS",1785.62810444098,"Decreasing Batt Cap - Benchmark Chemistry"
2033,"KY",2550.87125525935,"Decreasing Batt Cap - Benchmark Chemistry"
2033,"LA",2490.94773096617,"Decreasing Batt Cap - Benchmark Chemistry"
2033,"MA",6064.47664001325,"Decreasing Batt Cap - Benchmark Chemistry"
2033,"MB",654.625316956046,"Decreasing Batt Cap - Benchmark Chemistry"
2033,"MD",5396.59107820808,"Decreasing Batt Cap - Benchmark Chemistry"
2033,"ME",869.281745737918,"Decreasing Batt Cap - Benchmark Chemistry"
2033,"MI",6126.51423160682,"Decreasing Batt Cap - Benchmark Chemistry"
2033,"MN",3901.13135965414,"Decreasing Batt Cap - Benchmark Chemistry"
2033,"MO",3769.1528787488,"Decreasing Batt Cap - Benchmark Chemistry"
2033,"MS",1550.49002750893,"Decreasing Batt Cap - Benchmark Chemistry"
2033,"MT",653.01608319644,"Decreasing Batt Cap - Benchmark Chemistry"
2033,"MX",4356.0941352897,"Decreasing Batt Cap - Benchmark Chemistry"
2033,"NB",410.35988650233,"Decreasing Batt Cap - Benchmark Chemistry"
2033,"NC",7057.20890670479,"Decreasing Batt Cap - Benchmark Chemistry"
2033,"ND",439.7229784351,"Decreasing Batt Cap - Benchmark Chemistry"
2033,"NE",1190.05727442843,"Decreasing Batt Cap - Benchmark Chemistry"
2033,"NH",953.906239881216,"Decreasing Batt Cap - Benchmark Chemistry"
2033,"NJ",8325.15142075778,"Decreasing Batt Cap - Benchmark Chemistry"
2033,"NL",234.253657235008,"Decreasing Batt Cap - Benchmark Chemistry"
2033,"NM",1508.90460222675,"Decreasing Batt Cap - Benchmark Chemistry"
2033,"NS",480.05937498707,"Decreasing Batt Cap - Benchmark Chemistry"
2033,"NT",7.52352771913921,"Decreasing Batt Cap - Benchmark Chemistry"
2033,"NU",0,"Decreasing Batt Cap - Benchmark Chemistry"
2033,"NV",2717.43490777842,"Decreasing Batt Cap - Benchmark Chemistry"
2033,"NY",14234.0760326512,"Decreasing Batt Cap - Benchmark Chemistry"
2033,"OH",7273.53784356833,"Decreasing Batt Cap - Benchmark Chemistry"
2033,"OK",2556.76573044872,"Decreasing Batt Cap - Benchmark Chemistry"
2033,"ON",9573.57634672358,"Decreasing Batt Cap - Benchmark Chemistry"
2033,"OR",4835.05264989121,"Decreasing Batt Cap - Benchmark Chemistry"
2033,"PA",8361.95745776922,"Decreasing Batt Cap - Benchmark Chemistry"
2033,"PE",80.2451756739939,"Decreasing Batt Cap - Benchmark Chemistry"
2033,"QC",8306.07088997441,"Decreasing Batt Cap - Benchmark Chemistry"
2033,"RI",791.518324026678,"Decreasing Batt Cap - Benchmark Chemistry"
2033,"SC",3197.45846878268,"Decreasing Batt Cap - Benchmark Chemistry"
2033,"SD",498.927145536498,"Decreasing Batt Cap - Benchmark Chemistry"
2033,"SK",553.766817945427,"Decreasing Batt Cap - Benchmark Chemistry"
2033,"TN",4444.46229291714,"Decreasing Batt Cap - Benchmark Chemistry"
2033,"TX",21035.9739493372,"Decreasing Batt Cap - Benchmark Chemistry"
2033,"UT",2845.83847779155,"Decreasing Batt Cap - Benchmark Chemistry"
2033,"VA",6559.6064274561,"Decreasing Batt Cap - Benchmark Chemistry"
2033,"VT",593.940914495325,"Decreasing Batt Cap - Benchmark Chemistry"
2033,"WA",9706.30793533461,"Decreasing Batt Cap - Benchmark Chemistry"
2033,"WI",3649.97258802794,"Decreasing Batt Cap - Benchmark Chemistry"
2033,"WV",910.262241930824,"Decreasing Batt Cap - Benchmark Chemistry"
2033,"WY",321.806809046264,"Decreasing Batt Cap - Benchmark Chemistry"
2033,"YT",16.5838291633894,"Decreasing Batt Cap - Benchmark Chemistry"
2034,"AB",3887.0995038332,"Decreasing Batt Cap - Benchmark Chemistry"
2034,"AK",602.975727419031,"Decreasing Batt Cap - Benchmark Chemistry"
2034,"AL",4033.98571622775,"Decreasing Batt Cap - Benchmark Chemistry"
2034,"AR",2317.59768820869,"Decreasing Batt Cap - Benchmark Chemistry"
2034,"AZ",8678.94255912322,"Decreasing Batt Cap - Benchmark Chemistry"
2034,"BC",8041.5091171945,"Decreasing Batt Cap - Benchmark Chemistry"
2034,"CA",76447.7533311486,"Decreasing Batt Cap - Benchmark Chemistry"
2034,"CO",8542.21830092764,"Decreasing Batt Cap - Benchmark Chemistry"
2034,"CT",3676.83345947312,"Decreasing Batt Cap - Benchmark Chemistry"
2034,"DC",830.536263005594,"Decreasing Batt Cap - Benchmark Chemistry"
2034,"DE",1007.27541095808,"Decreasing Batt Cap - Benchmark Chemistry"
2034,"FL",24060.9108078016,"Decreasing Batt Cap - Benchmark Chemistry"
2034,"GA",11391.8202765137,"Decreasing Batt Cap - Benchmark Chemistry"
2034,"HI",2264.84532422398,"Decreasing Batt Cap - Benchmark Chemistry"
2034,"IA",2613.17831802731,"Decreasing Batt Cap - Benchmark Chemistry"
2034,"ID",1759.92550069147,"Decreasing Batt Cap - Benchmark Chemistry"
2034,"IL",12039.037736095,"Decreasing Batt Cap - Benchmark Chemistry"
2034,"IN",5783.23722017257,"Decreasing Batt Cap - Benchmark Chemistry"
2034,"KS",2493.63712610795,"Decreasing Batt Cap - Benchmark Chemistry"
2034,"KY",3579.18548081583,"Decreasing Batt Cap - Benchmark Chemistry"
2034,"LA",3489.12309244962,"Decreasing Batt Cap - Benchmark Chemistry"
2034,"MA",8531.27883352238,"Decreasing Batt Cap - Benchmark Chemistry"
2034,"MB",1014.5096476331,"Decreasing Batt Cap - Benchmark Chemistry"
2034,"MD",7587.15227962036,"Decreasing Batt Cap - Benchmark Chemistry"
2034,"ME",1223.286838282,"Decreasing Batt Cap - Benchmark Chemistry"
2034,"MI",8539.15892123277,"Decreasing Batt Cap - Benchmark Chemistry"
2034,"MN",5432.13378206358,"Decreasing Batt Cap - Benchmark Chemistry"
2034,"MO",5252.67129956764,"Decreasing Batt Cap - Benchmark Chemistry"
2034,"MS",2178.56444086765,"Decreasing Batt Cap - Benchmark Chemistry"
2034,"MT",920.512691563206,"Decreasing Batt Cap - Benchmark Chemistry"
2034,"MX",6779.63483465031,"Decreasing Batt Cap - Benchmark Chemistry"
2034,"NB",622.958424275331,"Decreasing Batt Cap - Benchmark Chemistry"
2034,"NC",9883.2346976592,"Decreasing Batt Cap - Benchmark Chemistry"
2034,"ND",622.198547673239,"Decreasing Batt Cap - Benchmark Chemistry"
2034,"NE",1671.57239970814,"Decreasing Batt Cap - Benchmark Chemistry"
2034,"NH",1340.60844043569,"Decreasing Batt Cap - Benchmark Chemistry"
2034,"NJ",11771.7672567209,"Decreasing Batt Cap - Benchmark Chemistry"
2034,"NL",363.260701328593,"Decreasing Batt Cap - Benchmark Chemistry"
2034,"NM",2138.40761050362,"Decreasing Batt Cap - Benchmark Chemistry"
2034,"NS",754.793132006671,"Decreasing Batt Cap - Benchmark Chemistry"
2034,"NT",19.1420594061663,"Decreasing Batt Cap - Benchmark Chemistry"
2034,"NU",8.51207371765981,"Decreasing Batt Cap - Benchmark Chemistry"
2034,"NV",3804.6987356308,"Decreasing Batt Cap - Benchmark Chemistry"
2034,"NY",19969.2613317803,"Decreasing Batt Cap - Benchmark Chemistry"
2034,"OH",10143.9967330643,"Decreasing Batt Cap - Benchmark Chemistry"
2034,"OK",3568.45022771815,"Decreasing Batt Cap - Benchmark Chemistry"
2034,"ON",14232.6626351115,"Decreasing Batt Cap - Benchmark Chemistry"
2034,"OR",6598.1040293241,"Decreasing Batt Cap - Benchmark Chemistry"
2034,"PA",11687.9470508695,"Decreasing Batt Cap - Benchmark Chemistry"
2034,"PE",134.119603794258,"Decreasing Batt Cap - Benchmark Chemistry"
2034,"QC",12025.3375552187,"Decreasing Batt Cap - Benchmark Chemistry"
2034,"RI",1133.53633342039,"Decreasing Batt Cap - Benchmark Chemistry"
2034,"SC",4511.84670763852,"Decreasing Batt Cap - Benchmark Chemistry"
2034,"SD",705.970153648569,"Decreasing Batt Cap - Benchmark Chemistry"
2034,"SK",870.148152952934,"Decreasing Batt Cap - Benchmark Chemistry"
2034,"TN",6211.5360543837,"Decreasing Batt Cap - Benchmark Chemistry"
2034,"TX",29466.3715175684,"Decreasing Batt Cap - Benchmark Chemistry"
2034,"UT",3960.76927624882,"Decreasing Batt Cap - Benchmark Chemistry"
2034,"VA",9166.61559650612,"Decreasing Batt Cap - Benchmark Chemistry"
2034,"VT",829.657852223316,"Decreasing Batt Cap - Benchmark Chemistry"
2034,"WA",13280.9676064784,"Decreasing Batt Cap - Benchmark Chemistry"
2034,"WI",5060.60676922712,"Decreasing Batt Cap - Benchmark Chemistry"
2034,"WV",1274.7964554709,"Decreasing Batt Cap - Benchmark Chemistry"
2034,"WY",447.140735504212,"Decreasing Batt Cap - Benchmark Chemistry"
2034,"YT",36.084813492794,"Decreasing Batt Cap - Benchmark Chemistry"
2035,"AB",5847.96212303346,"Decreasing Batt Cap - Benchmark Chemistry"
2035,"AK",834.361699985956,"Decreasing Batt Cap - Benchmark Chemistry"
2035,"AL",5564.08903334718,"Decreasing Batt Cap - Benchmark Chemistry"
2035,"AR",3195.37388011689,"Decreasing Batt Cap - Benchmark Chemistry"
2035,"AZ",11851.4991334118,"Decreasing Batt Cap - Benchmark Chemistry"
2035,"BC",11500.535043753,"Decreasing Batt Cap - Benchmark Chemistry"
2035,"CA",102735.063900466,"Decreasing Batt Cap - Benchmark Chemistry"
2035,"CO",11858.5826069286,"Decreasing Batt Cap - Benchmark Chemistry"
2035,"CT",4989.14378133436,"Decreasing Batt Cap - Benchmark Chemistry"
2035,"DC",1152.08116112443,"Decreasing Batt Cap - Benchmark Chemistry"
2035,"DE",1403.77170888715,"Decreasing Batt Cap - Benchmark Chemistry"
2035,"FL",33143.971243181,"Decreasing Batt Cap - Benchmark Chemistry"
2035,"GA",15359.37340333,"Decreasing Batt Cap - Benchmark Chemistry"
2035,"HI",2956.07775997816,"Decreasing Batt Cap - Benchmark Chemistry"
2035,"IA",3581.15779899179,"Decreasing Batt Cap - Benchmark Chemistry"
2035,"ID",2431.94524461601,"Decreasing Batt Cap - Benchmark Chemistry"
2035,"IL",16369.7417528894,"Decreasing Batt Cap - Benchmark Chemistry"
2035,"IN",7906.81284176996,"Decreasing Batt Cap - Benchmark Chemistry"
2035,"KS",3408.02238742341,"Decreasing Batt Cap - Benchmark Chemistry"
2035,"KY",4902.81107898771,"Decreasing Batt Cap - Benchmark Chemistry"
2035,"LA",4765.96547331306,"Decreasing Batt Cap - Benchmark Chemistry"
2035,"MA",11812.4095554002,"Decreasing Batt Cap - Benchmark Chemistry"
2035,"MB",1521.46708926933,"Decreasing Batt Cap - Benchmark Chemistry"
2035,"MD",10569.0904914645,"Decreasing Batt Cap - Benchmark Chemistry"
2035,"ME",1685.55736067881,"Decreasing Batt Cap - Benchmark Chemistry"
2035,"MI",11681.0859696724,"Decreasing Batt Cap - Benchmark Chemistry"
2035,"MN",7437.47734921819,"Decreasing Batt Cap - Benchmark Chemistry"
2035,"MO",7202.21085969088,"Decreasing Batt Cap - Benchmark Chemistry"
2035,"MS",2985.55047925453,"Decreasing Batt Cap - Benchmark Chemistry"
2035,"MT",1276.65945892622,"Decreasing Batt Cap - Benchmark Chemistry"
2035,"MX",10402.76093214,"Decreasing Batt Cap - Benchmark Chemistry"
2035,"NB",946.928820778219,"Decreasing Batt Cap - Benchmark Chemistry"
2035,"NC",13603.2195047137,"Decreasing Batt Cap - Benchmark Chemistry"
2035,"ND",857.243041570969,"Decreasing Batt Cap - Benchmark Chemistry"
2035,"NE",2281.15593368073,"Decreasing Batt Cap - Benchmark Chemistry"
2035,"NH",1848.31260386431,"Decreasing Batt Cap - Benchmark Chemistry"
2035,"NJ",16448.1533485523,"Decreasing Batt Cap - Benchmark Chemistry"
2035,"NL",546.089239885593,"Decreasing Batt Cap - Benchmark Chemistry"
2035,"NM",2978.3850601747,"Decreasing Batt Cap - Benchmark Chemistry"
2035,"NS",1145.3706802201,"Decreasing Batt Cap - Benchmark Chemistry"
2035,"NT",35.6713876691057,"Decreasing Batt Cap - Benchmark Chemistry"
2035,"NU",17.0241474353196,"Decreasing Batt Cap - Benchmark Chemistry"
2035,"NV",5257.49851608458,"Decreasing Batt Cap - Benchmark Chemistry"
2035,"NY",27500.5091837465,"Decreasing Batt Cap - Benchmark Chemistry"
2035,"OH",13857.0269317958,"Decreasing Batt Cap - Benchmark Chemistry"
2035,"OK",4938.22827398497,"Decreasing Batt Cap - Benchmark Chemistry"
2035,"ON",20743.3403788491,"Decreasing Batt Cap - Benchmark Chemistry"
2035,"OR",8945.0492315804,"Decreasing Batt Cap - Benchmark Chemistry"
2035,"PA",16036.7269883934,"Decreasing Batt Cap - Benchmark Chemistry"
2035,"PE",203.594023579936,"Decreasing Batt Cap - Benchmark Chemistry"
2035,"QC",17151.4741469175,"Decreasing Batt Cap - Benchmark Chemistry"
2035,"RI",1578.53358557291,"Decreasing Batt Cap - Benchmark Chemistry"
2035,"SC",6240.39990192684,"Decreasing Batt Cap - Benchmark Chemistry"
2035,"SD",971.527453302089,"Decreasing Batt Cap - Benchmark Chemistry"
2035,"SK",1316.83718094787,"Decreasing Batt Cap - Benchmark Chemistry"
2035,"TN",8536.34990432625,"Decreasing Batt Cap - Benchmark Chemistry"
2035,"TX",40647.052228306,"Decreasing Batt Cap - Benchmark Chemistry"
2035,"UT",5427.41455045906,"Decreasing Batt Cap - Benchmark Chemistry"
2035,"VA",12634.0678603454,"Decreasing Batt Cap - Benchmark Chemistry"
2035,"VT",1139.71738292789,"Decreasing Batt Cap - Benchmark Chemistry"
2035,"WA",17973.6999480177,"Decreasing Batt Cap - Benchmark Chemistry"
2035,"WI",6887.67156949367,"Decreasing Batt Cap - Benchmark Chemistry"
2035,"WV",1760.09332010927,"Decreasing Batt Cap - Benchmark Chemistry"
2035,"WY",619.044530962178,"Decreasing Batt Cap - Benchmark Chemistry"
2035,"YT",51.2040777633325,"Decreasing Batt Cap - Benchmark Chemistry"
2036,"AB",8590.01569875395,"Decreasing Batt Cap - Benchmark Chemistry"
2036,"AK",1110.16260224952,"Decreasing Batt Cap - Benchmark Chemistry"
2036,"AL",7499.29462977171,"Decreasing Batt Cap - Benchmark Chemistry"
2036,"AR",4291.28416720862,"Decreasing Batt Cap - Benchmark Chemistry"
2036,"AZ",15792.9061961168,"Decreasing Batt Cap - Benchmark Chemistry"
2036,"BC",15922.9529621761,"Decreasing Batt Cap - Benchmark Chemistry"
2036,"CA",136332.940027499,"Decreasing Batt Cap - Benchmark Chemistry"
2036,"CO",16181.2232150993,"Decreasing Batt Cap - Benchmark Chemistry"
2036,"CT",6627.09525373203,"Decreasing Batt Cap - Benchmark Chemistry"
2036,"DC",1549.06713931324,"Decreasing Batt Cap - Benchmark Chemistry"
2036,"DE",1903.28144401491,"Decreasing Batt Cap - Benchmark Chemistry"
2036,"FL",44716.7950380633,"Decreasing Batt Cap - Benchmark Chemistry"
2036,"GA",20484.2224173429,"Decreasing Batt Cap - Benchmark Chemistry"
2036,"HI",3772.87724077997,"Decreasing Batt Cap - Benchmark Chemistry"
2036,"IA",4824.67965318312,"Decreasing Batt Cap - Benchmark Chemistry"
2036,"ID",3320.64335409461,"Decreasing Batt Cap - Benchmark Chemistry"
2036,"IL",21815.0489053704,"Decreasing Batt Cap - Benchmark Chemistry"
2036,"IN",10620.2223139433,"Decreasing Batt Cap - Benchmark Chemistry"
2036,"KS",4564.26924155285,"Decreasing Batt Cap - Benchmark Chemistry"
2036,"KY",6613.63074417189,"Decreasing Batt Cap - Benchmark Chemistry"
2036,"LA",6409.43738628904,"Decreasing Batt Cap - Benchmark Chemistry"
2036,"MA",16063.0859523128,"Decreasing Batt Cap - Benchmark Chemistry"
2036,"MB",2233.90939528127,"Decreasing Batt Cap - Benchmark Chemistry"
2036,"MD",14475.1899881674,"Decreasing Batt Cap - Benchmark Chemistry"
2036,"ME",2257.10200729946,"Decreasing Batt Cap - Benchmark Chemistry"
2036,"MI",15695.9591961443,"Decreasing Batt Cap - Benchmark Chemistry"
2036,"MN",9991.37786296924,"Decreasing Batt Cap - Benchmark Chemistry"
2036,"MO",9651.6558003279,"Decreasing Batt Cap - Benchmark Chemistry"
2036,"MS",4024.22413319302,"Decreasing Batt Cap - Benchmark Chemistry"
2036,"MT",1737.29070057584,"Decreasing Batt Cap - Benchmark Chemistry"
2036,"MX",15690.2794713095,"Decreasing Batt Cap - Benchmark Chemistry"
2036,"NB",1384.63692693454,"Decreasing Batt Cap - Benchmark Chemistry"
2036,"NC",18367.7580011358,"Decreasing Batt Cap - Benchmark Chemistry"
2036,"ND",1184.94530401898,"Decreasing Batt Cap - Benchmark Chemistry"
2036,"NE",3100.44867395293,"Decreasing Batt Cap - Benchmark Chemistry"
2036,"NH",2469.57165627726,"Decreasing Batt Cap - Benchmark Chemistry"
2036,"NJ",22584.7116805709,"Decreasing Batt Cap - Benchmark Chemistry"
2036,"NL",805.68060584626,"Decreasing Batt Cap - Benchmark Chemistry"
2036,"NM",4121.05290877166,"Decreasing Batt Cap - Benchmark Chemistry"
2036,"NS",1686.02976819765,"Decreasing Batt Cap - Benchmark Chemistry"
2036,"NT",54.5434173353047,"Decreasing Batt Cap - Benchmark Chemistry"
2036,"NU",32.8158135174815,"Decreasing Batt Cap - Benchmark Chemistry"
2036,"NV",7106.69826003432,"Decreasing Batt Cap - Benchmark Chemistry"
2036,"NY",37251.5496916048,"Decreasing Batt Cap - Benchmark Chemistry"
2036,"OH",18558.6875555136,"Decreasing Batt Cap - Benchmark Chemistry"
2036,"OK",6691.33296160008,"Decreasing Batt Cap - Benchmark Chemistry"
2036,"ON",29535.2928510325,"Decreasing Batt Cap - Benchmark Chemistry"
2036,"OR",11942.0185376794,"Decreasing Batt Cap - Benchmark Chemistry"
2036,"PA",21580.658030812,"Decreasing Batt Cap - Benchmark Chemistry"
2036,"PE",313.724270943854,"Decreasing Batt Cap - Benchmark Chemistry"
2036,"QC",23793.560873543,"Decreasing Batt Cap - Benchmark Chemistry"
2036,"RI",2188.83497209365,"Decreasing Batt Cap - Benchmark Chemistry"
2036,"SC",8485.40841864721,"Decreasing Batt Cap - Benchmark Chemistry"
2036,"SD",1332.93250985917,"Decreasing Batt Cap - Benchmark Chemistry"
2036,"SK",1944.45724712963,"Decreasing Batt Cap - Benchmark Chemistry"
2036,"TN",11498.4490404186,"Decreasing Batt Cap - Benchmark Chemistry"
2036,"TX",55025.9246860823,"Decreasing Batt Cap - Benchmark Chemistry"
2036,"UT",7291.76512250443,"Decreasing Batt Cap - Benchmark Chemistry"
2036,"VA",17058.3075880487,"Decreasing Batt Cap - Benchmark Chemistry"
2036,"VT",1552.94413003027,"Decreasing Batt Cap - Benchmark Chemistry"
2036,"WA",24082.7842022179,"Decreasing Batt Cap - Benchmark Chemistry"
2036,"WI",9225.84076997719,"Decreasing Batt Cap - Benchmark Chemistry"
2036,"WV",2354.18760052613,"Decreasing Batt Cap - Benchmark Chemistry"
2036,"WY",823.749355341026,"Decreasing Batt Cap - Benchmark Chemistry"
2036,"YT",77.6495579985841,"Decreasing Batt Cap - Benchmark Chemistry"
2037,"AB",12217.5815502674,"Decreasing Batt Cap - Benchmark Chemistry"
2037,"AK",1453.13612783202,"Decreasing Batt Cap - Benchmark Chemistry"
2037,"AL",9932.77712914959,"Decreasing Batt Cap - Benchmark Chemistry"
2037,"AR",5675.79588557417,"Decreasing Batt Cap - Benchmark Chemistry"
2037,"AZ",20436.1260979293,"Decreasing Batt Cap - Benchmark Chemistry"
2037,"BC",21194.3135016046,"Decreasing Batt Cap - Benchmark Chemistry"
2037,"CA",175237.62083978,"Decreasing Batt Cap - Benchmark Chemistry"
2037,"CO",21543.0296567951,"Decreasing Batt Cap - Benchmark Chemistry"
2037,"CT",8605.6806119605,"Decreasing Batt Cap - Benchmark Chemistry"
2037,"DC",2024.39672470217,"Decreasing Batt Cap - Benchmark Chemistry"
2037,"DE",2525.0383464565,"Decreasing Batt Cap - Benchmark Chemistry"
2037,"FL",58520.929006078,"Decreasing Batt Cap - Benchmark Chemistry"
2037,"GA",26717.4454976716,"Decreasing Batt Cap - Benchmark Chemistry"
2037,"HI",4722.43612790582,"Decreasing Batt Cap - Benchmark Chemistry"
2037,"IA",6377.12035580048,"Decreasing Batt Cap - Benchmark Chemistry"
2037,"ID",4397.2271442843,"Decreasing Batt Cap - Benchmark Chemistry"
2037,"IL",28305.6709481015,"Decreasing Batt Cap - Benchmark Chemistry"
2037,"IN",13950.1078486019,"Decreasing Batt Cap - Benchmark Chemistry"
2037,"KS",5994.43247548538,"Decreasing Batt Cap - Benchmark Chemistry"
2037,"KY",8730.66477202341,"Decreasing Batt Cap - Benchmark Chemistry"
2037,"LA",8419.95091915497,"Decreasing Batt Cap - Benchmark Chemistry"
2037,"MA",21343.0606717967,"Decreasing Batt Cap - Benchmark Chemistry"
2037,"MB",3153.05919751519,"Decreasing Batt Cap - Benchmark Chemistry"
2037,"MD",19301.9892538611,"Decreasing Batt Cap - Benchmark Chemistry"
2037,"ME",2955.99268445875,"Decreasing Batt Cap - Benchmark Chemistry"
2037,"MI",20579.2523560864,"Decreasing Batt Cap - Benchmark Chemistry"
2037,"MN",13092.300661256,"Decreasing Batt Cap - Benchmark Chemistry"
2037,"MO",12687.758098407,"Decreasing Batt Cap - Benchmark Chemistry"
2037,"MS",5339.58751175074,"Decreasing Batt Cap - Benchmark Chemistry"
2037,"MT",2275.96588001376,"Decreasing Batt Cap - Benchmark Chemistry"
2037,"MX",23231.0321513397,"Decreasing Batt Cap - Benchmark Chemistry"
2037,"NB",2012.84196571446,"Decreasing Batt Cap - Benchmark Chemistry"
2037,"NC",24139.9725665616,"Decreasing Batt Cap - Benchmark Chemistry"
2037,"ND",1586.81087459162,"Decreasing Batt Cap - Benchmark Chemistry"
2037,"NE",4098.47876973414,"Decreasing Batt Cap - Benchmark Chemistry"
2037,"NH",3246.85303372,"Decreasing Batt Cap - Benchmark Chemistry"
2037,"NJ",30065.172433137,"Decreasing Batt Cap - Benchmark Chemistry"
2037,"NL",1142.55208747052,"Decreasing Batt Cap - Benchmark Chemistry"
2037,"NM",5534.01655439218,"Decreasing Batt Cap - Benchmark Chemistry"
2037,"NS",2400.6699341344,"Decreasing Batt Cap - Benchmark Chemistry"
2037,"NT",74.0412068991004,"Decreasing Batt Cap - Benchmark Chemistry"
2037,"NU",39.7387666480437,"Decreasing Batt Cap - Benchmark Chemistry"
2037,"NV",9288.35196020761,"Decreasing Batt Cap - Benchmark Chemistry"
2037,"NY",49326.9228350775,"Decreasing Batt Cap - Benchmark Chemistry"
2037,"OH",24321.3256935641,"Decreasing Batt Cap - Benchmark Chemistry"
2037,"OK",8857.04809413988,"Decreasing Batt Cap - Benchmark Chemistry"
2037,"ON",40878.8807797174,"Decreasing Batt Cap - Benchmark Chemistry"
2037,"OR",15640.7400907048,"Decreasing Batt Cap - Benchmark Chemistry"
2037,"PA",28342.5732537827,"Decreasing Batt Cap - Benchmark Chemistry"
2037,"PE",432.188944566704,"Decreasing Batt Cap - Benchmark Chemistry"
2037,"QC",32162.5254632748,"Decreasing Batt Cap - Benchmark Chemistry"
2037,"RI",2947.36657813027,"Decreasing Batt Cap - Benchmark Chemistry"
2037,"SC",11252.6930131943,"Decreasing Batt Cap - Benchmark Chemistry"
2037,"SD",1785.64607021486,"Decreasing Batt Cap - Benchmark Chemistry"
2037,"SK",2779.07883669241,"Decreasing Batt Cap - Benchmark Chemistry"
2037,"TN",15193.5128329668,"Decreasing Batt Cap - Benchmark Chemistry"
2037,"TX",72510.3471620789,"Decreasing Batt Cap - Benchmark Chemistry"
2037,"UT",9509.75699251863,"Decreasing Batt Cap - Benchmark Chemistry"
2037,"VA",22375.9652809318,"Decreasing Batt Cap - Benchmark Chemistry"
2037,"VT",2081.54070506053,"Decreasing Batt Cap - Benchmark Chemistry"
2037,"WA",31551.3800502859,"Decreasing Batt Cap - Benchmark Chemistry"
2037,"WI",12092.8002425296,"Decreasing Batt Cap - Benchmark Chemistry"
2037,"WV",3095.24237830418,"Decreasing Batt Cap - Benchmark Chemistry"
2037,"WY",1095.42282149743,"Decreasing Batt Cap - Benchmark Chemistry"
2037,"YT",108.08001726347,"Decreasing Batt Cap - Benchmark Chemistry"
2038,"AB",18271.7525373311,"Decreasing Batt Cap - Benchmark Chemistry"
2038,"AK",1964.86762695281,"Decreasing Batt Cap - Benchmark Chemistry"
2038,"AL",13653.1182398957,"Decreasing Batt Cap - Benchmark Chemistry"
2038,"AR",7727.30654359334,"Decreasing Batt Cap - Benchmark Chemistry"
2038,"AZ",26209.0105006353,"Decreasing Batt Cap - Benchmark Chemistry"
2038,"BC",27126.6553819243,"Decreasing Batt Cap - Benchmark Chemistry"
2038,"CA",226677.760568924,"Decreasing Batt Cap - Benchmark Chemistry"
2038,"CO",29548.3657674581,"Decreasing Batt Cap - Benchmark Chemistry"
2038,"CT",11100.6816716992,"Decreasing Batt Cap - Benchmark Chemistry"
2038,"DC",2655.95428535563,"Decreasing Batt Cap - Benchmark Chemistry"
2038,"DE",3387.20154988805,"Decreasing Batt Cap - Benchmark Chemistry"
2038,"FL",75273.7083305672,"Decreasing Batt Cap - Benchmark Chemistry"
2038,"GA",35084.2600276466,"Decreasing Batt Cap - Benchmark Chemistry"
2038,"HI",5743.51400782575,"Decreasing Batt Cap - Benchmark Chemistry"
2038,"IA",8718.99993485741,"Decreasing Batt Cap - Benchmark Chemistry"
2038,"ID",6074.02227640538,"Decreasing Batt Cap - Benchmark Chemistry"
2038,"IL",36477.0101502053,"Decreasing Batt Cap - Benchmark Chemistry"
2038,"IN",18862.7157867911,"Decreasing Batt Cap - Benchmark Chemistry"
2038,"KS",8115.13043990521,"Decreasing Batt Cap - Benchmark Chemistry"
2038,"KY",11955.2645964712,"Decreasing Batt Cap - Benchmark Chemistry"
2038,"LA",11430.1697875077,"Decreasing Batt Cap - Benchmark Chemistry"
2038,"MA",29102.6003813688,"Decreasing Batt Cap - Benchmark Chemistry"
2038,"MB",4715.26653032769,"Decreasing Batt Cap - Benchmark Chemistry"
2038,"MD",26500.422515856,"Decreasing Batt Cap - Benchmark Chemistry"
2038,"ME",3923.75112810779,"Decreasing Batt Cap - Benchmark Chemistry"
2038,"MI",27150.8595943614,"Decreasing Batt Cap - Benchmark Chemistry"
2038,"MN",17321.699068081,"Decreasing Batt Cap - Benchmark Chemistry"
2038,"MO",16985.5348976229,"Decreasing Batt Cap - Benchmark Chemistry"
2038,"MS",7427.94289460849,"Decreasing Batt Cap - Benchmark Chemistry"
2038,"MT",3095.18570332149,"Decreasing Batt Cap - Benchmark Chemistry"
2038,"MX",33630.8330465907,"Decreasing Batt Cap - Benchmark Chemistry"
2038,"NB",3029.61479587137,"Decreasing Batt Cap - Benchmark Chemistry"
2038,"NC",32137.684405608,"Decreasing Batt Cap - Benchmark Chemistry"
2038,"ND",2234.9413645522,"Decreasing Batt Cap - Benchmark Chemistry"
2038,"NE",5591.05800050128,"Decreasing Batt Cap - Benchmark Chemistry"
2038,"NH",4302.98790129689,"Decreasing Batt Cap - Benchmark Chemistry"
2038,"NJ",40505.9433566481,"Decreasing Batt Cap - Benchmark Chemistry"
2038,"NL",1753.72987728955,"Decreasing Batt Cap - Benchmark Chemistry"
2038,"NM",8025.37280674221,"Decreasing Batt Cap - Benchmark Chemistry"
2038,"NS",3593.4124181621,"Decreasing Batt Cap - Benchmark Chemistry"
2038,"NT",115.273608680187,"Decreasing Batt Cap - Benchmark Chemistry"
2038,"NU",56.243711198085,"Decreasing Batt Cap - Benchmark Chemistry"
2038,"NV",11770.8163038479,"Decreasing Batt Cap - Benchmark Chemistry"
2038,"NY",66974.6995668777,"Decreasing Batt Cap - Benchmark Chemistry"
2038,"OH",32701.1160886922,"Decreasing Batt Cap - Benchmark Chemistry"
2038,"OK",11772.9550410977,"Decreasing Batt Cap - Benchmark Chemistry"
2038,"ON",57979.8521387407,"Decreasing Batt Cap - Benchmark Chemistry"
2038,"OR",21236.1239141237,"Decreasing Batt Cap - Benchmark Chemistry"
2038,"PA",38398.6065025847,"Decreasing Batt Cap - Benchmark Chemistry"
2038,"PE",636.770946112903,"Decreasing Batt Cap - Benchmark Chemistry"
2038,"QC",42193.9169093969,"Decreasing Batt Cap - Benchmark Chemistry"
2038,"RI",4185.95086958275,"Decreasing Batt Cap - Benchmark Chemistry"
2038,"SC",15454.7195393389,"Decreasing Batt Cap - Benchmark Chemistry"
2038,"SD",2474.98948604417,"Decreasing Batt Cap - Benchmark Chemistry"
2038,"SK",4223.7151692794,"Decreasing Batt Cap - Benchmark Chemistry"
2038,"TN",20544.6950843946,"Decreasing Batt Cap - Benchmark Chemistry"
2038,"TX",96204.7168546576,"Decreasing Batt Cap - Benchmark Chemistry"
2038,"UT",12330.2427293683,"Decreasing Batt Cap - Benchmark Chemistry"
2038,"VA",29508.0067450614,"Decreasing Batt Cap - Benchmark Chemistry"
2038,"VT",2818.53435132975,"Decreasing Batt Cap - Benchmark Chemistry"
2038,"WA",42408.6512022209,"Decreasing Batt Cap - Benchmark Chemistry"
2038,"WI",16232.0944574805,"Decreasing Batt Cap - Benchmark Chemistry"
2038,"WV",4239.82981863552,"Decreasing Batt Cap - Benchmark Chemistry"
2038,"WY",1537.30893249827,"Decreasing Batt Cap - Benchmark Chemistry"
2038,"YT",164.305485295777,"Decreasing Batt Cap - Benchmark Chemistry"
2039,"AB",25392.3527208037,"Decreasing Batt Cap - Benchmark Chemistry"
2039,"AK",2488.03330296585,"Decreasing Batt Cap - Benchmark Chemistry"
2039,"AL",17584.6672967505,"Decreasing Batt Cap - Benchmark Chemistry"
2039,"AR",9917.38416020584,"Decreasing Batt Cap - Benchmark Chemistry"
2039,"AZ",31928.9989208475,"Decreasing Batt Cap - Benchmark Chemistry"
2039,"BC",33006.3862508964,"Decreasing Batt Cap - Benchmark Chemistry"
2039,"CA",275731.032281459,"Decreasing Batt Cap - Benchmark Chemistry"
2039,"CO",37903.2095108074,"Decreasing Batt Cap - Benchmark Chemistry"
2039,"CT",13604.3715411122,"Decreasing Batt Cap - Benchmark Chemistry"
2039,"DC",3307.13493879513,"Decreasing Batt Cap - Benchmark Chemistry"
2039,"DE",4269.18194003576,"Decreasing Batt Cap - Benchmark Chemistry"
2039,"FL",92174.093900568,"Decreasing Batt Cap - Benchmark Chemistry"
2039,"GA",43650.0012420843,"Decreasing Batt Cap - Benchmark Chemistry"
2039,"HI",6707.89088760387,"Decreasing Batt Cap - Benchmark Chemistry"
2039,"IA",11182.5619032149,"Decreasing Batt Cap - Benchmark Chemistry"
2039,"ID",7845.14854453295,"Decreasing Batt Cap - Benchmark Chemistry"
2039,"IL",44773.4480014386,"Decreasing Batt Cap - Benchmark Chemistry"
2039,"IN",23976.6330066041,"Decreasing Batt Cap - Benchmark Chemistry"
2039,"KS",10348.1694996556,"Decreasing Batt Cap - Benchmark Chemistry"
2039,"KY",15344.8642177204,"Decreasing Batt Cap - Benchmark Chemistry"
2039,"LA",14663.9066079704,"Decreasing Batt Cap - Benchmark Chemistry"
2039,"MA",37406.5297418419,"Decreasing Batt Cap - Benchmark Chemistry"
2039,"MB",6458.00883958601,"Decreasing Batt Cap - Benchmark Chemistry"
2039,"MD",34097.6645700723,"Decreasing Batt Cap - Benchmark Chemistry"
2039,"ME",4943.45658703137,"Decreasing Batt Cap - Benchmark Chemistry"
2039,"MI",34031.2730119332,"Decreasing Batt Cap - Benchmark Chemistry"
2039,"MN",21728.9516498734,"Decreasing Batt Cap - Benchmark Chemistry"
2039,"MO",21548.6216627658,"Decreasing Batt Cap - Benchmark Chemistry"
2039,"MS",9657.79007696035,"Decreasing Batt Cap - Benchmark Chemistry"
2039,"MT",3953.43629362638,"Decreasing Batt Cap - Benchmark Chemistry"
2039,"MX",47443.6710812037,"Decreasing Batt Cap - Benchmark Chemistry"
2039,"NB",4177.43040545656,"Decreasing Batt Cap - Benchmark Chemistry"
2039,"NC",40353.7884307245,"Decreasing Batt Cap - Benchmark Chemistry"
2039,"ND",2918.11220628707,"Decreasing Batt Cap - Benchmark Chemistry"
2039,"NE",7177.50123489485,"Decreasing Batt Cap - Benchmark Chemistry"
2039,"NH",5392.14775729374,"Decreasing Batt Cap - Benchmark Chemistry"
2039,"NJ",51392.4813266762,"Decreasing Batt Cap - Benchmark Chemistry"
2039,"NL",2456.44523307908,"Decreasing Batt Cap - Benchmark Chemistry"
2039,"NM",10688.7492066687,"Decreasing Batt Cap - Benchmark Chemistry"
2039,"NS",4916.63590366921,"Decreasing Batt Cap - Benchmark Chemistry"
2039,"NT",159.32397201382,"Decreasing Batt Cap - Benchmark Chemistry"
2039,"NU",67.9655380212025,"Decreasing Batt Cap - Benchmark Chemistry"
2039,"NV",14196.8368979607,"Decreasing Batt Cap - Benchmark Chemistry"
2039,"NY",86013.9063401966,"Decreasing Batt Cap - Benchmark Chemistry"
2039,"OH",41445.2678548846,"Decreasing Batt Cap - Benchmark Chemistry"
2039,"OK",14807.4592994333,"Decreasing Batt Cap - Benchmark Chemistry"
2039,"ON",76565.7668419785,"Decreasing Batt Cap - Benchmark Chemistry"
2039,"OR",26932.7066192163,"Decreasing Batt Cap - Benchmark Chemistry"
2039,"PA",48487.28902307,"Decreasing Batt Cap - Benchmark Chemistry"
2039,"PE",863.672096189777,"Decreasing Batt Cap - Benchmark Chemistry"
2039,"QC",52174.9718755331,"Decreasing Batt Cap - Benchmark Chemistry"
2039,"RI",5541.45051300576,"Decreasing Batt Cap - Benchmark Chemistry"
2039,"SC",19847.4982163794,"Decreasing Batt Cap - Benchmark Chemistry"
2039,"SD",3216.1281022031,"Decreasing Batt Cap - Benchmark Chemistry"
2039,"SK",5891.2713622479,"Decreasing Batt Cap - Benchmark Chemistry"
2039,"TN",26174.2984251603,"Decreasing Batt Cap - Benchmark Chemistry"
2039,"TX",120877.120512148,"Decreasing Batt Cap - Benchmark Chemistry"
2039,"UT",15147.0396651015,"Decreasing Batt Cap - Benchmark Chemistry"
2039,"VA",36646.7183040975,"Decreasing Batt Cap - Benchmark Chemistry"
2039,"VT",3624.0006505938,"Decreasing Batt Cap - Benchmark Chemistry"
2039,"WA",53456.2485924345,"Decreasing Batt Cap - Benchmark Chemistry"
2039,"WI",20582.4148950004,"Decreasing Batt Cap - Benchmark Chemistry"
2039,"WV",5449.6147751747,"Decreasing Batt Cap - Benchmark Chemistry"
2039,"WY",2001.90537627079,"Decreasing Batt Cap - Benchmark Chemistry"
2039,"YT",230.676858971783,"Decreasing Batt Cap - Benchmark Chemistry"
2040,"AB",33721.9811786255,"Decreasing Batt Cap - Benchmark Chemistry"
2040,"AK",3070.97934397579,"Decreasing Batt Cap - Benchmark Chemistry"
2040,"AL",22054.9446362785,"Decreasing Batt Cap - Benchmark Chemistry"
2040,"AR",12420.8867358015,"Decreasing Batt Cap - Benchmark Chemistry"
2040,"AZ",38134.8010551553,"Decreasing Batt Cap - Benchmark Chemistry"
2040,"BC",39290.602090979,"Decreasing Batt Cap - Benchmark Chemistry"
2040,"CA",327646.89320241,"Decreasing Batt Cap - Benchmark Chemistry"
2040,"CO",47077.0560035686,"Decreasing Batt Cap - Benchmark Chemistry"
2040,"CT",16283.2110630834,"Decreasing Batt Cap - Benchmark Chemistry"
2040,"DC",4005.60792410408,"Decreasing Batt Cap - Benchmark Chemistry"
2040,"DE",5225.54944327019,"Decreasing Batt Cap - Benchmark Chemistry"
2040,"FL",110914.756192413,"Decreasing Batt Cap - Benchmark Chemistry"
2040,"GA",53133.3305443546,"Decreasing Batt Cap - Benchmark Chemistry"
2040,"HI",7720.70290800433,"Decreasing Batt Cap - Benchmark Chemistry"
2040,"IA",14002.2140957006,"Decreasing Batt Cap - Benchmark Chemistry"
2040,"ID",9847.19514668126,"Decreasing Batt Cap - Benchmark Chemistry"
2040,"IL",54009.0271013072,"Decreasing Batt Cap - Benchmark Chemistry"
2040,"IN",29801.8005569697,"Decreasing Batt Cap - Benchmark Chemistry"
2040,"KS",12841.3935895755,"Decreasing Batt Cap - Benchmark Chemistry"
2040,"KY",19189.4770354266,"Decreasing Batt Cap - Benchmark Chemistry"
2040,"LA",18374.9203271624,"Decreasing Batt Cap - Benchmark Chemistry"
2040,"MA",46732.4445699855,"Decreasing Batt Cap - Benchmark Chemistry"
2040,"MB",8465.52357560773,"Decreasing Batt Cap - Benchmark Chemistry"
2040,"MD",42518.017668323,"Decreasing Batt Cap - Benchmark Chemistry"
2040,"ME",6087.77384513715,"Decreasing Batt Cap - Benchmark Chemistry"
2040,"MI",41733.9669743877,"Decreasing Batt Cap - Benchmark Chemistry"
2040,"MN",26657.7076589266,"Decreasing Batt Cap - Benchmark Chemistry"
2040,"MO",26652.1175331146,"Decreasing Batt Cap - Benchmark Chemistry"
2040,"MS",12192.0591611996,"Decreasing Batt Cap - Benchmark Chemistry"
2040,"MT",4871.25027149576,"Decreasing Batt Cap - Benchmark Chemistry"
2040,"MX",64889.266080202,"Decreasing Batt Cap - Benchmark Chemistry"
2040,"NB",5524.0925207557,"Decreasing Batt Cap - Benchmark Chemistry"
2040,"NC",49480.8553875246,"Decreasing Batt Cap - Benchmark Chemistry"
2040,"ND",3729.80977277554,"Decreasing Batt Cap - Benchmark Chemistry"
2040,"NE",8974.34648011113,"Decreasing Batt Cap - Benchmark Chemistry"
2040,"NH",6623.38655594086,"Decreasing Batt Cap - Benchmark Chemistry"
2040,"NJ",63406.3458365583,"Decreasing Batt Cap - Benchmark Chemistry"
2040,"NL",3212.54733015707,"Decreasing Batt Cap - Benchmark Chemistry"
2040,"NM",13667.6361417264,"Decreasing Batt Cap - Benchmark Chemistry"
2040,"NS",6466.68410264103,"Decreasing Batt Cap - Benchmark Chemistry"
2040,"NT",207.818137409805,"Decreasing Batt Cap - Benchmark Chemistry"
2040,"NU",87.1295208601605,"Decreasing Batt Cap - Benchmark Chemistry"
2040,"NV",16804.6759104235,"Decreasing Batt Cap - Benchmark Chemistry"
2040,"NY",107377.531704672,"Decreasing Batt Cap - Benchmark Chemistry"
2040,"OH",51305.6079497084,"Decreasing Batt Cap - Benchmark Chemistry"
2040,"OK",18215.2622538136,"Decreasing Batt Cap - Benchmark Chemistry"
2040,"ON",97583.7823186831,"Decreasing Batt Cap - Benchmark Chemistry"
2040,"OR",33062.7289767482,"Decreasing Batt Cap - Benchmark Chemistry"
2040,"PA",59153.1719893425,"Decreasing Batt Cap - Benchmark Chemistry"
2040,"PE",1116.43531533064,"Decreasing Batt Cap - Benchmark Chemistry"
2040,"QC",62830.1592970325,"Decreasing Batt Cap - Benchmark Chemistry"
2040,"RI",7061.92723887418,"Decreasing Batt Cap - Benchmark Chemistry"
2040,"SC",24842.163349019,"Decreasing Batt Cap - Benchmark Chemistry"
2040,"SD",4068.96618999225,"Decreasing Batt Cap - Benchmark Chemistry"
2040,"SK",7826.28205037456,"Decreasing Batt Cap - Benchmark Chemistry"
2040,"TN",32522.1235389242,"Decreasing Batt Cap - Benchmark Chemistry"
2040,"TX",148766.82940495,"Decreasing Batt Cap - Benchmark Chemistry"
2040,"UT",18244.0710142125,"Decreasing Batt Cap - Benchmark Chemistry"
2040,"VA",44579.9634370966,"Decreasing Batt Cap - Benchmark Chemistry"
2040,"VT",4518.73086411735,"Decreasing Batt Cap - Benchmark Chemistry"
2040,"WA",65418.1701296527,"Decreasing Batt Cap - Benchmark Chemistry"
2040,"WI",25473.8171479273,"Decreasing Batt Cap - Benchmark Chemistry"
2040,"WV",6820.72634678812,"Decreasing Batt Cap - Benchmark Chemistry"
2040,"WY",2535.15861873864,"Decreasing Batt Cap - Benchmark Chemistry"
2040,"YT",323.212425865933,"Decreasing Batt Cap - Benchmark Chemistry"
2041,"AB",43085.7342676852,"Decreasing Batt Cap - Benchmark Chemistry"
2041,"AK",3723.75853430621,"Decreasing Batt Cap - Benchmark Chemistry"
2041,"AL",26882.7036272497,"Decreasing Batt Cap - Benchmark Chemistry"
2041,"AR",15130.1630582188,"Decreasing Batt Cap - Benchmark Chemistry"
2041,"AZ",44888.5801023882,"Decreasing Batt Cap - Benchmark Chemistry"
2041,"BC",46396.0108351481,"Decreasing Batt Cap - Benchmark Chemistry"
2041,"CA",382155.045110765,"Decreasing Batt Cap - Benchmark Chemistry"
2041,"CO",56830.881794198,"Decreasing Batt Cap - Benchmark Chemistry"
2041,"CT",19160.7270506321,"Decreasing Batt Cap - Benchmark Chemistry"
2041,"DC",4778.961671113,"Decreasing Batt Cap - Benchmark Chemistry"
2041,"DE",6238.1772684812,"Decreasing Batt Cap - Benchmark Chemistry"
2041,"FL",131510.241279336,"Decreasing Batt Cap - Benchmark Chemistry"
2041,"GA",63378.0938456135,"Decreasing Batt Cap - Benchmark Chemistry"
2041,"HI",8812.50350390039,"Decreasing Batt Cap - Benchmark Chemistry"
2041,"IA",17037.8148398468,"Decreasing Batt Cap - Benchmark Chemistry"
2041,"ID",12043.9743625725,"Decreasing Batt Cap - Benchmark Chemistry"
2041,"IL",64048.3850826166,"Decreasing Batt Cap - Benchmark Chemistry"
2041,"IN",36055.4636279148,"Decreasing Batt Cap - Benchmark Chemistry"
2041,"KS",15513.6098790762,"Decreasing Batt Cap - Benchmark Chemistry"
2041,"KY",23367.3461440695,"Decreasing Batt Cap - Benchmark Chemistry"
2041,"LA",22430.3282256965,"Decreasing Batt Cap - Benchmark Chemistry"
2041,"MA",56910.5734478112,"Decreasing Batt Cap - Benchmark Chemistry"
2041,"MB",10686.391408849,"Decreasing Batt Cap - Benchmark Chemistry"
2041,"MD",51560.079142138,"Decreasing Batt Cap - Benchmark Chemistry"
2041,"ME",7319.93627942889,"Decreasing Batt Cap - Benchmark Chemistry"
2041,"MI",50129.6251073875,"Decreasing Batt Cap - Benchmark Chemistry"
2041,"MN",32037.20575695,"Decreasing Batt Cap - Benchmark Chemistry"
2041,"MO",32175.5365338246,"Decreasing Batt Cap - Benchmark Chemistry"
2041,"MS",14936.6663321342,"Decreasing Batt Cap - Benchmark Chemistry"
2041,"MT",5879.85452782164,"Decreasing Batt Cap - Benchmark Chemistry"
2041,"MX",85962.117812883,"Decreasing Batt Cap - Benchmark Chemistry"
2041,"NB",7002.62520002953,"Decreasing Batt Cap - Benchmark Chemistry"
2041,"NC",59300.7333320094,"Decreasing Batt Cap - Benchmark Chemistry"
2041,"ND",4617.64127153925,"Decreasing Batt Cap - Benchmark Chemistry"
2041,"NE",10901.7395016201,"Decreasing Batt Cap - Benchmark Chemistry"
2041,"NH",7942.90111162705,"Decreasing Batt Cap - Benchmark Chemistry"
2041,"NJ",76252.0156002724,"Decreasing Batt Cap - Benchmark Chemistry"
2041,"NL",4028.46645310182,"Decreasing Batt Cap - Benchmark Chemistry"
2041,"NM",16778.3754944891,"Decreasing Batt Cap - Benchmark Chemistry"
2041,"NS",8151.38093496423,"Decreasing Batt Cap - Benchmark Chemistry"
2041,"NT",282.113958587608,"Decreasing Batt Cap - Benchmark Chemistry"
2041,"NU",118.371969756176,"Decreasing Batt Cap - Benchmark Chemistry"
2041,"NV",19646.0027961269,"Decreasing Batt Cap - Benchmark Chemistry"
2041,"NY",130559.639510481,"Decreasing Batt Cap - Benchmark Chemistry"
2041,"OH",61971.5079991371,"Decreasing Batt Cap - Benchmark Chemistry"
2041,"OK",21928.1994105103,"Decreasing Batt Cap - Benchmark Chemistry"
2041,"ON",121269.115889268,"Decreasing Batt Cap - Benchmark Chemistry"
2041,"OR",39410.9292173549,"Decreasing Batt Cap - Benchmark Chemistry"
2041,"PA",70239.336512888,"Decreasing Batt Cap - Benchmark Chemistry"
2041,"PE",1417.58765663497,"Decreasing Batt Cap - Benchmark Chemistry"
2041,"QC",74419.5391627465,"Decreasing Batt Cap - Benchmark Chemistry"
2041,"RI",8726.95468173978,"Decreasing Batt Cap - Benchmark Chemistry"
2041,"SC",30271.0568336089,"Decreasing Batt Cap - Benchmark Chemistry"
2041,"SD",5000.16616808226,"Decreasing Batt Cap - Benchmark Chemistry"
2041,"SK",9968.35935652515,"Decreasing Batt Cap - Benchmark Chemistry"
2041,"TN",39391.1813900009,"Decreasing Batt Cap - Benchmark Chemistry"
2041,"TX",179432.562324811,"Decreasing Batt Cap - Benchmark Chemistry"
2041,"UT",21601.5546449382,"Decreasing Batt Cap - Benchmark Chemistry"
2041,"VA",53118.0429234996,"Decreasing Batt Cap - Benchmark Chemistry"
2041,"VT",5493.64761342624,"Decreasing Batt Cap - Benchmark Chemistry"
2041,"WA",78025.1612147629,"Decreasing Batt Cap - Benchmark Chemistry"
2041,"WI",30823.7726183717,"Decreasing Batt Cap - Benchmark Chemistry"
2041,"WV",8305.48589553532,"Decreasing Batt Cap - Benchmark Chemistry"
2041,"WY",3085.61884437346,"Decreasing Batt Cap - Benchmark Chemistry"
2041,"YT",412.252889590811,"Decreasing Batt Cap - Benchmark Chemistry"
2042,"AB",52969.2002066204,"Decreasing Batt Cap - Benchmark Chemistry"
2042,"AK",4403.84728268281,"Decreasing Batt Cap - Benchmark Chemistry"
2042,"AL",31946.6248207897,"Decreasing Batt Cap - Benchmark Chemistry"
2042,"AR",17950.2551895425,"Decreasing Batt Cap - Benchmark Chemistry"
2042,"AZ",52163.565238146,"Decreasing Batt Cap - Benchmark Chemistry"
2042,"BC",54206.4042284553,"Decreasing Batt Cap - Benchmark Chemistry"
2042,"CA",438660.243261154,"Decreasing Batt Cap - Benchmark Chemistry"
2042,"CO",66776.3001832632,"Decreasing Batt Cap - Benchmark Chemistry"
2042,"CT",22241.1187723608,"Decreasing Batt Cap - Benchmark Chemistry"
2042,"DC",5597.66022771008,"Decreasing Batt Cap - Benchmark Chemistry"
2042,"DE",7310.61670538877,"Decreasing Batt Cap - Benchmark Chemistry"
2042,"FL",154157.836698244,"Decreasing Batt Cap - Benchmark Chemistry"
2042,"GA",74337.1726082341,"Decreasing Batt Cap - Benchmark Chemistry"
2042,"HI",10055.5300478023,"Decreasing Batt Cap - Benchmark Chemistry"
2042,"IA",20236.6303350231,"Decreasing Batt Cap - Benchmark Chemistry"
2042,"ID",14338.8017974155,"Decreasing Batt Cap - Benchmark Chemistry"
2042,"IL",74920.5743439671,"Decreasing Batt Cap - Benchmark Chemistry"
2042,"IN",42699.8269291345,"Decreasing Batt Cap - Benchmark Chemistry"
2042,"KS",18330.5658040846,"Decreasing Batt Cap - Benchmark Chemistry"
2042,"KY",27736.6134526016,"Decreasing Batt Cap - Benchmark Chemistry"
2042,"LA",26724.5726894156,"Decreasing Batt Cap - Benchmark Chemistry"
2042,"MA",67626.8079940651,"Decreasing Batt Cap - Benchmark Chemistry"
2042,"MB",13053.3811790783,"Decreasing Batt Cap - Benchmark Chemistry"
2042,"MD",60888.9620379855,"Decreasing Batt Cap - Benchmark Chemistry"
2042,"ME",8688.9031228988,"Decreasing Batt Cap - Benchmark Chemistry"
2042,"MI",59092.2221240481,"Decreasing Batt Cap - Benchmark Chemistry"
2042,"MN",37809.1004632102,"Decreasing Batt Cap - Benchmark Chemistry"
2042,"MO",38003.7669334285,"Decreasing Batt Cap - Benchmark Chemistry"
2042,"MS",17766.9549876338,"Decreasing Batt Cap - Benchmark Chemistry"
2042,"MT",6923.09580762546,"Decreasing Batt Cap - Benchmark Chemistry"
2042,"MX",110328.028289149,"Decreasing Batt Cap - Benchmark Chemistry"
2042,"NB",8513.57194295467,"Decreasing Batt Cap - Benchmark Chemistry"
2042,"NC",69710.1068169587,"Decreasing Batt Cap - Benchmark Chemistry"
2042,"ND",5557.34842324114,"Decreasing Batt Cap - Benchmark Chemistry"
2042,"NE",12938.3353049255,"Decreasing Batt Cap - Benchmark Chemistry"
2042,"NH",9388.45150772709,"Decreasing Batt Cap - Benchmark Chemistry"
2042,"NJ",89688.7130213937,"Decreasing Batt Cap - Benchmark Chemistry"
2042,"NL",4901.54123382511,"Decreasing Batt Cap - Benchmark Chemistry"
2042,"NM",19886.6003472127,"Decreasing Batt Cap - Benchmark Chemistry"
2042,"NS",9906.41450025441,"Decreasing Batt Cap - Benchmark Chemistry"
2042,"NT",338.859893726344,"Decreasing Batt Cap - Benchmark Chemistry"
2042,"NU",143.048104755568,"Decreasing Batt Cap - Benchmark Chemistry"
2042,"NV",22729.4839556739,"Decreasing Batt Cap - Benchmark Chemistry"
2042,"NY",154834.800487851,"Decreasing Batt Cap - Benchmark Chemistry"
2042,"OH",73175.4961621797,"Decreasing Batt Cap - Benchmark Chemistry"
2042,"OK",25969.3218993774,"Decreasing Batt Cap - Benchmark Chemistry"
2042,"ON",146433.515948025,"Decreasing Batt Cap - Benchmark Chemistry"
2042,"OR",45732.6288397507,"Decreasing Batt Cap - Benchmark Chemistry"
2042,"PA",81601.5439712063,"Decreasing Batt Cap - Benchmark Chemistry"
2042,"PE",1733.62366293706,"Decreasing Batt Cap - Benchmark Chemistry"
2042,"QC",86725.9493853349,"Decreasing Batt Cap - Benchmark Chemistry"
2042,"RI",10409.9366979432,"Decreasing Batt Cap - Benchmark Chemistry"
2042,"SC",35955.4637785144,"Decreasing Batt Cap - Benchmark Chemistry"
2042,"SD",5994.36695357439,"Decreasing Batt Cap - Benchmark Chemistry"
2042,"SK",12220.3115670456,"Decreasing Batt Cap - Benchmark Chemistry"
2042,"TN",46707.5830537839,"Decreasing Batt Cap - Benchmark Chemistry"
2042,"TX",212740.860556627,"Decreasing Batt Cap - Benchmark Chemistry"
2042,"UT",25248.9921239244,"Decreasing Batt Cap - Benchmark Chemistry"
2042,"VA",62220.0051060467,"Decreasing Batt Cap - Benchmark Chemistry"
2042,"VT",6509.1538582369,"Decreasing Batt Cap - Benchmark Chemistry"
2042,"WA",90875.5357351876,"Decreasing Batt Cap - Benchmark Chemistry"
2042,"WI",36494.7775588255,"Decreasing Batt Cap - Benchmark Chemistry"
2042,"WV",9850.95839464895,"Decreasing Batt Cap - Benchmark Chemistry"
2042,"WY",3664.20590417761,"Decreasing Batt Cap - Benchmark Chemistry"
2042,"YT",491.408423302452,"Decreasing Batt Cap - Benchmark Chemistry"
2043,"AB",63205.1113818824,"Decreasing Batt Cap - Benchmark Chemistry"
2043,"AK",5097.54957745774,"Decreasing Batt Cap - Benchmark Chemistry"
2043,"AL",37124.7557831161,"Decreasing Batt Cap - Benchmark Chemistry"
2043,"AR",20898.6050323759,"Decreasing Batt Cap - Benchmark Chemistry"
2043,"AZ",59939.0817159663,"Decreasing Batt Cap - Benchmark Chemistry"
2043,"BC",62717.1391678724,"Decreasing Batt Cap - Benchmark Chemistry"
2043,"CA",497576.902377805,"Decreasing Batt Cap - Benchmark Chemistry"
2043,"CO",76842.341749569,"Decreasing Batt Cap - Benchmark Chemistry"
2043,"CT",25481.3449725941,"Decreasing Batt Cap - Benchmark Chemistry"
2043,"DC",6461.94781145835,"Decreasing Batt Cap - Benchmark Chemistry"
2043,"DE",8440.18128954948,"Decreasing Batt Cap - Benchmark Chemistry"
2043,"FL",178804.208844198,"Decreasing Batt Cap - Benchmark Chemistry"
2043,"GA",85846.2866441859,"Decreasing Batt Cap - Benchmark Chemistry"
2043,"HI",11422.1359413934,"Decreasing Batt Cap - Benchmark Chemistry"
2043,"IA",23529.5640504007,"Decreasing Batt Cap - Benchmark Chemistry"
2043,"ID",16753.3330621385,"Decreasing Batt Cap - Benchmark Chemistry"
2043,"IL",86465.5125590593,"Decreasing Batt Cap - Benchmark Chemistry"
2043,"IN",49506.2885048651,"Decreasing Batt Cap - Benchmark Chemistry"
2043,"KS",21171.707747347,"Decreasing Batt Cap - Benchmark Chemistry"
2043,"KY",32149.0100429695,"Decreasing Batt Cap - Benchmark Chemistry"
2043,"LA",31133.2810415406,"Decreasing Batt Cap - Benchmark Chemistry"
2043,"MA",78763.1742736607,"Decreasing Batt Cap - Benchmark Chemistry"
2043,"MB",15491.9459149845,"Decreasing Batt Cap - Benchmark Chemistry"
2043,"MD",70398.7130039729,"Decreasing Batt Cap - Benchmark Chemistry"
2043,"ME",10072.0417643201,"Decreasing Batt Cap - Benchmark Chemistry"
2043,"MI",68426.5319766643,"Decreasing Batt Cap - Benchmark Chemistry"
2043,"MN",43860.258692668,"Decreasing Batt Cap - Benchmark Chemistry"
2043,"MO",44000.2794269938,"Decreasing Batt Cap - Benchmark Chemistry"
2043,"MS",20643.5978752386,"Decreasing Batt Cap - Benchmark Chemistry"
2043,"MT",7995.69053082867,"Decreasing Batt Cap - Benchmark Chemistry"
2043,"MX",137550.474702022,"Decreasing Batt Cap - Benchmark Chemistry"
2043,"NB",10054.8430472204,"Decreasing Batt Cap - Benchmark Chemistry"
2043,"NC",80553.7593577606,"Decreasing Batt Cap - Benchmark Chemistry"
2043,"ND",6520.66861716741,"Decreasing Batt Cap - Benchmark Chemistry"
2043,"NE",15027.488003681,"Decreasing Batt Cap - Benchmark Chemistry"
2043,"NH",10913.6991590402,"Decreasing Batt Cap - Benchmark Chemistry"
2043,"NJ",103506.498486691,"Decreasing Batt Cap - Benchmark Chemistry"
2043,"NL",5779.25011525359,"Decreasing Batt Cap - Benchmark Chemistry"
2043,"NM",22853.4873326406,"Decreasing Batt Cap - Benchmark Chemistry"
2043,"NS",11685.8746081004,"Decreasing Batt Cap - Benchmark Chemistry"
2043,"NT",403.443504878888,"Decreasing Batt Cap - Benchmark Chemistry"
2043,"NU",170.739917277818,"Decreasing Batt Cap - Benchmark Chemistry"
2043,"NV",26101.8752808239,"Decreasing Batt Cap - Benchmark Chemistry"
2043,"NY",179811.383220216,"Decreasing Batt Cap - Benchmark Chemistry"
2043,"OH",84723.0970018918,"Decreasing Batt Cap - Benchmark Chemistry"
2043,"OK",30279.0836479241,"Decreasing Batt Cap - Benchmark Chemistry"
2043,"ON",172792.999061615,"Decreasing Batt Cap - Benchmark Chemistry"
2043,"OR",51937.544302486,"Decreasing Batt Cap - Benchmark Chemistry"
2043,"PA",93109.2310322486,"Decreasing Batt Cap - Benchmark Chemistry"
2043,"PE",2060.77308582211,"Decreasing Batt Cap - Benchmark Chemistry"
2043,"QC",99873.7254520098,"Decreasing Batt Cap - Benchmark Chemistry"
2043,"RI",12083.9830668625,"Decreasing Batt Cap - Benchmark Chemistry"
2043,"SC",41835.0109269109,"Decreasing Batt Cap - Benchmark Chemistry"
2043,"SD",6953.51529447047,"Decreasing Batt Cap - Benchmark Chemistry"
2043,"SK",14553.3030404709,"Decreasing Batt Cap - Benchmark Chemistry"
2043,"TN",54266.9075586166,"Decreasing Batt Cap - Benchmark Chemistry"
2043,"TX",248263.755231143,"Decreasing Batt Cap - Benchmark Chemistry"
2043,"UT",29201.4604890858,"Decreasing Batt Cap - Benchmark Chemistry"
2043,"VA",71854.4920538775,"Decreasing Batt Cap - Benchmark Chemistry"
2043,"VT",7575.2544181918,"Decreasing Batt Cap - Benchmark Chemistry"
2043,"WA",103918.782955598,"Decreasing Batt Cap - Benchmark Chemistry"
2043,"WI",42413.2744149499,"Decreasing Batt Cap - Benchmark Chemistry"
2043,"WV",11428.4184007526,"Decreasing Batt Cap - Benchmark Chemistry"
2043,"WY",4263.92363065075,"Decreasing Batt Cap - Benchmark Chemistry"
2043,"YT",602.092028208672,"Decreasing Batt Cap - Benchmark Chemistry"
2044,"AB",73500.0904054106,"Decreasing Batt Cap - Benchmark Chemistry"
2044,"AK",5839.03987375946,"Decreasing Batt Cap - Benchmark Chemistry"
2044,"AL",42323.6502414037,"Decreasing Batt Cap - Benchmark Chemistry"
2044,"AR",23819.077700433,"Decreasing Batt Cap - Benchmark Chemistry"
2044,"AZ",68236.1368662007,"Decreasing Batt Cap - Benchmark Chemistry"
2044,"BC",71896.1728403856,"Decreasing Batt Cap - Benchmark Chemistry"
2044,"CA",556851.966714166,"Decreasing Batt Cap - Benchmark Chemistry"
2044,"CO",86845.620288981,"Decreasing Batt Cap - Benchmark Chemistry"
2044,"CT",28813.4986422277,"Decreasing Batt Cap - Benchmark Chemistry"
2044,"DC",7350.18250643098,"Decreasing Batt Cap - Benchmark Chemistry"
2044,"DE",9634.32902010227,"Decreasing Batt Cap - Benchmark Chemistry"
2044,"FL",205505.615475888,"Decreasing Batt Cap - Benchmark Chemistry"
2044,"GA",97878.4962106541,"Decreasing Batt Cap - Benchmark Chemistry"
2044,"HI",12923.3713612687,"Decreasing Batt Cap - Benchmark Chemistry"
2044,"IA",26844.970672071,"Decreasing Batt Cap - Benchmark Chemistry"
2044,"ID",19290.5580558049,"Decreasing Batt Cap - Benchmark Chemistry"
2044,"IL",98372.7605231446,"Decreasing Batt Cap - Benchmark Chemistry"
2044,"IN",56398.1565414209,"Decreasing Batt Cap - Benchmark Chemistry"
2044,"KS",24098.048995075,"Decreasing Batt Cap - Benchmark Chemistry"
2044,"KY",36625.6359007833,"Decreasing Batt Cap - Benchmark Chemistry"
2044,"LA",35614.8531185904,"Decreasing Batt Cap - Benchmark Chemistry"
2044,"MA",89919.3380604119,"Decreasing Batt Cap - Benchmark Chemistry"
2044,"MB",17961.8779784047,"Decreasing Batt Cap - Benchmark Chemistry"
2044,"MD",79762.3099894189,"Decreasing Batt Cap - Benchmark Chemistry"
2044,"ME",11520.8301338721,"Decreasing Batt Cap - Benchmark Chemistry"
2044,"MI",77997.8576818721,"Decreasing Batt Cap - Benchmark Chemistry"
2044,"MN",50181.1547225821,"Decreasing Batt Cap - Benchmark Chemistry"
2044,"MO",50099.9286144849,"Decreasing Batt Cap - Benchmark Chemistry"
2044,"MS",23475.3520915017,"Decreasing Batt Cap - Benchmark Chemistry"
2044,"MT",9098.17237366637,"Decreasing Batt Cap - Benchmark Chemistry"
2044,"MX",167399.610432598,"Decreasing Batt Cap - Benchmark Chemistry"
2044,"NB",11594.7079705946,"Decreasing Batt Cap - Benchmark Chemistry"
2044,"NC",91780.4538245185,"Decreasing Batt Cap - Benchmark Chemistry"
2044,"ND",7531.65814759107,"Decreasing Batt Cap - Benchmark Chemistry"
2044,"NE",17158.9389879613,"Decreasing Batt Cap - Benchmark Chemistry"
2044,"NH",12476.2140869434,"Decreasing Batt Cap - Benchmark Chemistry"
2044,"NJ",117207.676534339,"Decreasing Batt Cap - Benchmark Chemistry"
2044,"NL",6630.86140780079,"Decreasing Batt Cap - Benchmark Chemistry"
2044,"NM",25596.6667050356,"Decreasing Batt Cap - Benchmark Chemistry"
2044,"NS",13447.6706049905,"Decreasing Batt Cap - Benchmark Chemistry"
2044,"NT",468.55374842739,"Decreasing Batt Cap - Benchmark Chemistry"
2044,"NU",206.424600632448,"Decreasing Batt Cap - Benchmark Chemistry"
2044,"NV",29751.6414142787,"Decreasing Batt Cap - Benchmark Chemistry"
2044,"NY",204501.562672024,"Decreasing Batt Cap - Benchmark Chemistry"
2044,"OH",96394.0033608421,"Decreasing Batt Cap - Benchmark Chemistry"
2044,"OK",34743.8711592223,"Decreasing Batt Cap - Benchmark Chemistry"
2044,"ON",199793.415692177,"Decreasing Batt Cap - Benchmark Chemistry"
2044,"OR",57997.6520602284,"Decreasing Batt Cap - Benchmark Chemistry"
2044,"PA",104616.91633029,"Decreasing Batt Cap - Benchmark Chemistry"
2044,"PE",2345.0644734107,"Decreasing Batt Cap - Benchmark Chemistry"
2044,"QC",113692.197784153,"Decreasing Batt Cap - Benchmark Chemistry"
2044,"RI",13744.6469488467,"Decreasing Batt Cap - Benchmark Chemistry"
2044,"SC",47881.1133028402,"Decreasing Batt Cap - Benchmark Chemistry"
2044,"SD",7986.14303025273,"Decreasing Batt Cap - Benchmark Chemistry"
2044,"SK",16923.8716292648,"Decreasing Batt Cap - Benchmark Chemistry"
2044,"TN",62095.5567455644,"Decreasing Batt Cap - Benchmark Chemistry"
2044,"TX",286121.477949613,"Decreasing Batt Cap - Benchmark Chemistry"
2044,"UT",33458.5841881216,"Decreasing Batt Cap - Benchmark Chemistry"
2044,"VA",81890.0479140212,"Decreasing Batt Cap - Benchmark Chemistry"
2044,"VT",8618.95298924815,"Decreasing Batt Cap - Benchmark Chemistry"
2044,"WA",117042.62375711,"Decreasing Batt Cap - Benchmark Chemistry"
2044,"WI",48478.7952007473,"Decreasing Batt Cap - Benchmark Chemistry"
2044,"WV",12984.168292843,"Decreasing Batt Cap - Benchmark Chemistry"
2044,"WY",4836.768348609,"Decreasing Batt Cap - Benchmark Chemistry"
2044,"YT",705.977456794142,"Decreasing Batt Cap - Benchmark Chemistry"
2045,"AB",83668.7090145632,"Decreasing Batt Cap - Benchmark Chemistry"
2045,"AK",6575.61077158058,"Decreasing Batt Cap - Benchmark Chemistry"
2045,"AL",47606.8430484482,"Decreasing Batt Cap - Benchmark Chemistry"
2045,"AR",26804.9630250059,"Decreasing Batt Cap - Benchmark Chemistry"
2045,"AZ",76902.050586023,"Decreasing Batt Cap - Benchmark Chemistry"
2045,"BC",81372.1161605714,"Decreasing Batt Cap - Benchmark Chemistry"
2045,"CA",615874.568973936,"Decreasing Batt Cap - Benchmark Chemistry"
2045,"CO",96549.6241065244,"Decreasing Batt Cap - Benchmark Chemistry"
2045,"CT",32280.9375340861,"Decreasing Batt Cap - Benchmark Chemistry"
2045,"DC",8233.68465351701,"Decreasing Batt Cap - Benchmark Chemistry"
2045,"DE",10900.6841998148,"Decreasing Batt Cap - Benchmark Chemistry"
2045,"FL",233802.194543756,"Decreasing Batt Cap - Benchmark Chemistry"
2045,"GA",110279.870668828,"Decreasing Batt Cap - Benchmark Chemistry"
2045,"HI",14500.6501467374,"Decreasing Batt Cap - Benchmark Chemistry"
2045,"IA",30221.1490468179,"Decreasing Batt Cap - Benchmark Chemistry"
2045,"ID",21898.2227815821,"Decreasing Batt Cap - Benchmark Chemistry"
2045,"IL",110647.932417853,"Decreasing Batt Cap - Benchmark Chemistry"
2045,"IN",63399.8255046283,"Decreasing Batt Cap - Benchmark Chemistry"
2045,"KS",26992.008616676,"Decreasing Batt Cap - Benchmark Chemistry"
2045,"KY",41081.575126223,"Decreasing Batt Cap - Benchmark Chemistry"
2045,"LA",40129.6417453479,"Decreasing Batt Cap - Benchmark Chemistry"
2045,"MA",100960.199912645,"Decreasing Batt Cap - Benchmark Chemistry"
2045,"MB",20425.0533426241,"Decreasing Batt Cap - Benchmark Chemistry"
2045,"MD",88833.4869481211,"Decreasing Batt Cap - Benchmark Chemistry"
2045,"ME",12985.9116552145,"Decreasing Batt Cap - Benchmark Chemistry"
2045,"MI",87811.6331985715,"Decreasing Batt Cap - Benchmark Chemistry"
2045,"MN",56654.8060439376,"Decreasing Batt Cap - Benchmark Chemistry"
2045,"MO",56284.306632804,"Decreasing Batt Cap - Benchmark Chemistry"
2045,"MS",26259.1836149358,"Decreasing Batt Cap - Benchmark Chemistry"
2045,"MT",10221.3424056605,"Decreasing Batt Cap - Benchmark Chemistry"
2045,"MX",199822.792769777,"Decreasing Batt Cap - Benchmark Chemistry"
2045,"NB",13048.2612243183,"Decreasing Batt Cap - Benchmark Chemistry"
2045,"NC",103353.268658494,"Decreasing Batt Cap - Benchmark Chemistry"
2045,"ND",8578.05251920404,"Decreasing Batt Cap - Benchmark Chemistry"
2045,"NE",19328.6125746016,"Decreasing Batt Cap - Benchmark Chemistry"
2045,"NH",14094.4548282927,"Decreasing Batt Cap - Benchmark Chemistry"
2045,"NJ",130648.656155741,"Decreasing Batt Cap - Benchmark Chemistry"
2045,"NL",7481.52048631902,"Decreasing Batt Cap - Benchmark Chemistry"
2045,"NM",28100.8739843558,"Decreasing Batt Cap - Benchmark Chemistry"
2045,"NS",15174.8025745659,"Decreasing Batt Cap - Benchmark Chemistry"
2045,"NT",536.758527333632,"Decreasing Batt Cap - Benchmark Chemistry"
2045,"NU",236.418812209674,"Decreasing Batt Cap - Benchmark Chemistry"
2045,"NV",33615.7411091435,"Decreasing Batt Cap - Benchmark Chemistry"
2045,"NY",228778.110584447,"Decreasing Batt Cap - Benchmark Chemistry"
2045,"OH",108145.469401943,"Decreasing Batt Cap - Benchmark Chemistry"
2045,"OK",39438.0553802008,"Decreasing Batt Cap - Benchmark Chemistry"
2045,"ON",226830.039630812,"Decreasing Batt Cap - Benchmark Chemistry"
2045,"OR",63812.5621153645,"Decreasing Batt Cap - Benchmark Chemistry"
2045,"PA",116246.95574746,"Decreasing Batt Cap - Benchmark Chemistry"
2045,"PE",2657.28777173533,"Decreasing Batt Cap - Benchmark Chemistry"
2045,"QC",127818.865452755,"Decreasing Batt Cap - Benchmark Chemistry"
2045,"RI",15313.8217867811,"Decreasing Batt Cap - Benchmark Chemistry"
2045,"SC",54111.2260829464,"Decreasing Batt Cap - Benchmark Chemistry"
2045,"SD",9011.47505757166,"Decreasing Batt Cap - Benchmark Chemistry"
2045,"SK",19261.1100565266,"Decreasing Batt Cap - Benchmark Chemistry"
2045,"TN",70078.0545616907,"Decreasing Batt Cap - Benchmark Chemistry"
2045,"TX",325629.920465009,"Decreasing Batt Cap - Benchmark Chemistry"
2045,"UT",37929.1237754543,"Decreasing Batt Cap - Benchmark Chemistry"
2045,"VA",92321.1793731115,"Decreasing Batt Cap - Benchmark Chemistry"
2045,"VT",9634.18206280027,"Decreasing Batt Cap - Benchmark Chemistry"
2045,"WA",130009.971362137,"Decreasing Batt Cap - Benchmark Chemistry"
2045,"WI",54671.6149074185,"Decreasing Batt Cap - Benchmark Chemistry"
2045,"WV",14514.5323892564,"Decreasing Batt Cap - Benchmark Chemistry"
2045,"WY",5408.50006370496,"Decreasing Batt Cap - Benchmark Chemistry"
2045,"YT",785.049864898574,"Decreasing Batt Cap - Benchmark Chemistry"
2046,"AB",93595.6531640323,"Decreasing Batt Cap - Benchmark Chemistry"
2046,"AK",7305.16097763952,"Decreasing Batt Cap - Benchmark Chemistry"
2046,"AL",52969.9072777345,"Decreasing Batt Cap - Benchmark Chemistry"
2046,"AR",29809.8679360433,"Decreasing Batt Cap - Benchmark Chemistry"
2046,"AZ",85974.4217011292,"Decreasing Batt Cap - Benchmark Chemistry"
2046,"BC",90932.5309003913,"Decreasing Batt Cap - Benchmark Chemistry"
2046,"CA",673625.900026394,"Decreasing Batt Cap - Benchmark Chemistry"
2046,"CO",105358.990353455,"Decreasing Batt Cap - Benchmark Chemistry"
2046,"CT",35884.6540308025,"Decreasing Batt Cap - Benchmark Chemistry"
2046,"DC",9100.17637809391,"Decreasing Batt Cap - Benchmark Chemistry"
2046,"DE",12208.8492258055,"Decreasing Batt Cap - Benchmark Chemistry"
2046,"FL",263507.105286384,"Decreasing Batt Cap - Benchmark Chemistry"
2046,"GA",123159.208982837,"Decreasing Batt Cap - Benchmark Chemistry"
2046,"HI",16180.1800694815,"Decreasing Batt Cap - Benchmark Chemistry"
2046,"IA",33642.7675739731,"Decreasing Batt Cap - Benchmark Chemistry"
2046,"ID",24616.3565850429,"Decreasing Batt Cap - Benchmark Chemistry"
2046,"IL",123238.358661268,"Decreasing Batt Cap - Benchmark Chemistry"
2046,"IN",70509.4372528284,"Decreasing Batt Cap - Benchmark Chemistry"
2046,"KS",29859.942361949,"Decreasing Batt Cap - Benchmark Chemistry"
2046,"KY",45603.8775467478,"Decreasing Batt Cap - Benchmark Chemistry"
2046,"LA",44743.2941825814,"Decreasing Batt Cap - Benchmark Chemistry"
2046,"MA",111733.985961512,"Decreasing Batt Cap - Benchmark Chemistry"
2046,"MB",22853.3808614719,"Decreasing Batt Cap - Benchmark Chemistry"
2046,"MD",97573.3993010894,"Decreasing Batt Cap - Benchmark Chemistry"
2046,"ME",14486.1664392361,"Decreasing Batt Cap - Benchmark Chemistry"
2046,"MI",97929.0475974441,"Decreasing Batt Cap - Benchmark Chemistry"
2046,"MN",63367.4669538116,"Decreasing Batt Cap - Benchmark Chemistry"
2046,"MO",62640.0881650231,"Decreasing Batt Cap - Benchmark Chemistry"
2046,"MS",29028.3335744017,"Decreasing Batt Cap - Benchmark Chemistry"
2046,"MT",11383.9628648797,"Decreasing Batt Cap - Benchmark Chemistry"
2046,"MX",234872.783469707,"Decreasing Batt Cap - Benchmark Chemistry"
2046,"NB",14483.0910784476,"Decreasing Batt Cap - Benchmark Chemistry"
2046,"NC",115301.831344204,"Decreasing Batt Cap - Benchmark Chemistry"
2046,"ND",9656.77356346994,"Decreasing Batt Cap - Benchmark Chemistry"
2046,"NE",21574.7064808074,"Decreasing Batt Cap - Benchmark Chemistry"
2046,"NH",15763.8655270096,"Decreasing Batt Cap - Benchmark Chemistry"
2046,"NJ",143701.504699506,"Decreasing Batt Cap - Benchmark Chemistry"
2046,"NL",8314.75032978987,"Decreasing Batt Cap - Benchmark Chemistry"
2046,"NM",30268.2181438221,"Decreasing Batt Cap - Benchmark Chemistry"
2046,"NS",16821.3470608865,"Decreasing Batt Cap - Benchmark Chemistry"
2046,"NT",598.928599391276,"Decreasing Batt Cap - Benchmark Chemistry"
2046,"NU",265.893820901622,"Decreasing Batt Cap - Benchmark Chemistry"
2046,"NV",37696.4376109096,"Decreasing Batt Cap - Benchmark Chemistry"
2046,"NY",252362.579946303,"Decreasing Batt Cap - Benchmark Chemistry"
2046,"OH",120178.252699014,"Decreasing Batt Cap - Benchmark Chemistry"
2046,"OK",44375.131722467,"Decreasing Batt Cap - Benchmark Chemistry"
2046,"ON",253411.090421742,"Decreasing Batt Cap - Benchmark Chemistry"
2046,"OR",69454.4758091576,"Decreasing Batt Cap - Benchmark Chemistry"
2046,"PA",128173.038185623,"Decreasing Batt Cap - Benchmark Chemistry"
2046,"PE",2931.89216556637,"Decreasing Batt Cap - Benchmark Chemistry"
2046,"QC",141893.912372658,"Decreasing Batt Cap - Benchmark Chemistry"
2046,"RI",16834.8045180306,"Decreasing Batt Cap - Benchmark Chemistry"
2046,"SC",60471.5454182536,"Decreasing Batt Cap - Benchmark Chemistry"
2046,"SD",10057.2994839685,"Decreasing Batt Cap - Benchmark Chemistry"
2046,"SK",21581.922678772,"Decreasing Batt Cap - Benchmark Chemistry"
2046,"TN",78292.8496864298,"Decreasing Batt Cap - Benchmark Chemistry"
2046,"TX",366666.512186529,"Decreasing Batt Cap - Benchmark Chemistry"
2046,"UT",42686.1997033589,"Decreasing Batt Cap - Benchmark Chemistry"
2046,"VA",103194.276857256,"Decreasing Batt Cap - Benchmark Chemistry"
2046,"VT",10620.0042982403,"Decreasing Batt Cap - Benchmark Chemistry"
2046,"WA",142655.868177752,"Decreasing Batt Cap - Benchmark Chemistry"
2046,"WI",61016.0842068051,"Decreasing Batt Cap - Benchmark Chemistry"
2046,"WV",16093.8049660145,"Decreasing Batt Cap - Benchmark Chemistry"
2046,"WY",6048.07294616374,"Decreasing Batt Cap - Benchmark Chemistry"
2046,"YT",868.021225255603,"Decreasing Batt Cap - Benchmark Chemistry"
2047,"AB",103129.471224183,"Decreasing Batt Cap - Benchmark Chemistry"
2047,"AK",8020.56899172376,"Decreasing Batt Cap - Benchmark Chemistry"
2047,"AL",58254.3601220525,"Decreasing Batt Cap - Benchmark Chemistry"
2047,"AR",32782.5898818268,"Decreasing Batt Cap - Benchmark Chemistry"
2047,"AZ",95098.8358765082,"Decreasing Batt Cap - Benchmark Chemistry"
2047,"BC",100435.02114605,"Decreasing Batt Cap - Benchmark Chemistry"
2047,"CA",729553.186436033,"Decreasing Batt Cap - Benchmark Chemistry"
2047,"CO",113232.860222576,"Decreasing Batt Cap - Benchmark Chemistry"
2047,"CT",39437.3406563775,"Decreasing Batt Cap - Benchmark Chemistry"
2047,"DC",9969.54101869795,"Decreasing Batt Cap - Benchmark Chemistry"
2047,"DE",13510.9629951619,"Decreasing Batt Cap - Benchmark Chemistry"
2047,"FL",293367.611913849,"Decreasing Batt Cap - Benchmark Chemistry"
2047,"GA",136040.802973581,"Decreasing Batt Cap - Benchmark Chemistry"
2047,"HI",17881.3469857059,"Decreasing Batt Cap - Benchmark Chemistry"
2047,"IA",37024.725582874,"Decreasing Batt Cap - Benchmark Chemistry"
2047,"ID",27344.7089252469,"Decreasing Batt Cap - Benchmark Chemistry"
2047,"IL",135717.6244472,"Decreasing Batt Cap - Benchmark Chemistry"
2047,"IN",77561.075430144,"Decreasing Batt Cap - Benchmark Chemistry"
2047,"KS",32723.0502991726,"Decreasing Batt Cap - Benchmark Chemistry"
2047,"KY",50043.3712651639,"Decreasing Batt Cap - Benchmark Chemistry"
2047,"LA",49298.5084155102,"Decreasing Batt Cap - Benchmark Chemistry"
2047,"MA",122194.361019726,"Decreasing Batt Cap - Benchmark Chemistry"
2047,"MB",25196.3244604357,"Decreasing Batt Cap - Benchmark Chemistry"
2047,"MD",105920.182183024,"Decreasing Batt Cap - Benchmark Chemistry"
2047,"ME",15962.5728720196,"Decreasing Batt Cap - Benchmark Chemistry"
2047,"MI",107961.05425151,"Decreasing Batt Cap - Benchmark Chemistry"
2047,"MN",70032.1997700617,"Decreasing Batt Cap - Benchmark Chemistry"
2047,"MO",68937.1097726694,"Decreasing Batt Cap - Benchmark Chemistry"
2047,"MS",31752.8280296717,"Decreasing Batt Cap - Benchmark Chemistry"
2047,"MT",12532.5071353811,"Decreasing Batt Cap - Benchmark Chemistry"
2047,"MX",272532.871179614,"Decreasing Batt Cap - Benchmark Chemistry"
2047,"NB",15807.4900026892,"Decreasing Batt Cap - Benchmark Chemistry"
2047,"NC",127249.574554782,"Decreasing Batt Cap - Benchmark Chemistry"
2047,"ND",10724.3354129194,"Decreasing Batt Cap - Benchmark Chemistry"
2047,"NE",23739.6501405094,"Decreasing Batt Cap - Benchmark Chemistry"
2047,"NH",17398.4459390575,"Decreasing Batt Cap - Benchmark Chemistry"
2047,"NJ",156198.586707903,"Decreasing Batt Cap - Benchmark Chemistry"
2047,"NL",9102.31221058308,"Decreasing Batt Cap - Benchmark Chemistry"
2047,"NM",32086.9684978648,"Decreasing Batt Cap - Benchmark Chemistry"
2047,"NS",18377.722943188,"Decreasing Batt Cap - Benchmark Chemistry"
2047,"NT",661.147545515888,"Decreasing Batt Cap - Benchmark Chemistry"
2047,"NU",295.01219035963,"Decreasing Batt Cap - Benchmark Chemistry"
2047,"NV",41813.9314766057,"Decreasing Batt Cap - Benchmark Chemistry"
2047,"NY",275074.750128212,"Decreasing Batt Cap - Benchmark Chemistry"
2047,"OH",131939.857976967,"Decreasing Batt Cap - Benchmark Chemistry"
2047,"OK",49349.3763676261,"Decreasing Batt Cap - Benchmark Chemistry"
2047,"ON",279172.783265702,"Decreasing Batt Cap - Benchmark Chemistry"
2047,"OR",74917.76667336,"Decreasing Batt Cap - Benchmark Chemistry"
2047,"PA",139946.982702295,"Decreasing Batt Cap - Benchmark Chemistry"
2047,"PE",3207.17001844937,"Decreasing Batt Cap - Benchmark Chemistry"
2047,"QC",155694.950561994,"Decreasing Batt Cap - Benchmark Chemistry"
2047,"RI",18279.2279526893,"Decreasing Batt Cap - Benchmark Chemistry"
2047,"SC",66818.0167685543,"Decreasing Batt Cap - Benchmark Chemistry"
2047,"SD",11098.1860283702,"Decreasing Batt Cap - Benchmark Chemistry"
2047,"SK",23811.809587706,"Decreasing Batt Cap - Benchmark Chemistry"
2047,"TN",86460.223601667,"Decreasing Batt Cap - Benchmark Chemistry"
2047,"TX",407565.537883613,"Decreasing Batt Cap - Benchmark Chemistry"
2047,"UT",47400.7245397265,"Decreasing Batt Cap - Benchmark Chemistry"
2047,"VA",113991.424379001,"Decreasing Batt Cap - Benchmark Chemistry"
2047,"VT",11549.1892684452,"Decreasing Batt Cap - Benchmark Chemistry"
2047,"WA",154946.875657171,"Decreasing Batt Cap - Benchmark Chemistry"
2047,"WI",67315.2703072291,"Decreasing Batt Cap - Benchmark Chemistry"
2047,"WV",17650.7107251445,"Decreasing Batt Cap - Benchmark Chemistry"
2047,"WY",6626.49114457129,"Decreasing Batt Cap - Benchmark Chemistry"
2047,"YT",959.004227547408,"Decreasing Batt Cap - Benchmark Chemistry"
2048,"AB",112301.176214465,"Decreasing Batt Cap - Benchmark Chemistry"
2048,"AK",8737.29750661337,"Decreasing Batt Cap - Benchmark Chemistry"
2048,"AL",63412.2898527463,"Decreasing Batt Cap - Benchmark Chemistry"
2048,"AR",35620.5550184628,"Decreasing Batt Cap - Benchmark Chemistry"
2048,"AZ",104044.734956797,"Decreasing Batt Cap - Benchmark Chemistry"
2048,"BC",109658.356048444,"Decreasing Batt Cap - Benchmark Chemistry"
2048,"CA",783134.616420881,"Decreasing Batt Cap - Benchmark Chemistry"
2048,"CO",120124.408552312,"Decreasing Batt Cap - Benchmark Chemistry"
2048,"CT",42920.9543188787,"Decreasing Batt Cap - Benchmark Chemistry"
2048,"DC",10789.3961354135,"Decreasing Batt Cap - Benchmark Chemistry"
2048,"DE",14772.8787808278,"Decreasing Batt Cap - Benchmark Chemistry"
2048,"FL",322547.700572159,"Decreasing Batt Cap - Benchmark Chemistry"
2048,"GA",148551.679509848,"Decreasing Batt Cap - Benchmark Chemistry"
2048,"HI",19555.908981346,"Decreasing Batt Cap - Benchmark Chemistry"
2048,"IA",40274.7116646591,"Decreasing Batt Cap - Benchmark Chemistry"
2048,"ID",29986.4964581645,"Decreasing Batt Cap - Benchmark Chemistry"
2048,"IL",147689.060139117,"Decreasing Batt Cap - Benchmark Chemistry"
2048,"IN",84400.4967985033,"Decreasing Batt Cap - Benchmark Chemistry"
2048,"KS",35478.3972793885,"Decreasing Batt Cap - Benchmark Chemistry"
2048,"KY",54316.7794715255,"Decreasing Batt Cap - Benchmark Chemistry"
2048,"LA",53613.9071740865,"Decreasing Batt Cap - Benchmark Chemistry"
2048,"MA",132157.404221858,"Decreasing Batt Cap - Benchmark Chemistry"
2048,"MB",27432.4906198834,"Decreasing Batt Cap - Benchmark Chemistry"
2048,"MD",113843.301028072,"Decreasing Batt Cap - Benchmark Chemistry"
2048,"ME",17382.7253780137,"Decreasing Batt Cap - Benchmark Chemistry"
2048,"MI",117738.903241976,"Decreasing Batt Cap - Benchmark Chemistry"
2048,"MN",76463.7387143392,"Decreasing Batt Cap - Benchmark Chemistry"
2048,"MO",75054.3614021499,"Decreasing Batt Cap - Benchmark Chemistry"
2048,"MS",34307.0601635791,"Decreasing Batt Cap - Benchmark Chemistry"
2048,"MT",13635.7907023537,"Decreasing Batt Cap - Benchmark Chemistry"
2048,"MX",312755.200695272,"Decreasing Batt Cap - Benchmark Chemistry"
2048,"NB",17073.3284955183,"Decreasing Batt Cap - Benchmark Chemistry"
2048,"NC",138928.93728656,"Decreasing Batt Cap - Benchmark Chemistry"
2048,"ND",11812.0991760897,"Decreasing Batt Cap - Benchmark Chemistry"
2048,"NE",25872.5120150664,"Decreasing Batt Cap - Benchmark Chemistry"
2048,"NH",18991.1923241458,"Decreasing Batt Cap - Benchmark Chemistry"
2048,"NJ",168058.518420832,"Decreasing Batt Cap - Benchmark Chemistry"
2048,"NL",9862.9484073985,"Decreasing Batt Cap - Benchmark Chemistry"
2048,"NM",33643.9553014029,"Decreasing Batt Cap - Benchmark Chemistry"
2048,"NS",19857.5247531284,"Decreasing Batt Cap - Benchmark Chemistry"
2048,"NT",720.107372939191,"Decreasing Batt Cap - Benchmark Chemistry"
2048,"NU",320.936562677812,"Decreasing Batt Cap - Benchmark Chemistry"
2048,"NV",45850.6535727527,"Decreasing Batt Cap - Benchmark Chemistry"
2048,"NY",296777.520742068,"Decreasing Batt Cap - Benchmark Chemistry"
2048,"OH",143264.073273758,"Decreasing Batt Cap - Benchmark Chemistry"
2048,"OK",54239.305855023,"Decreasing Batt Cap - Benchmark Chemistry"
2048,"ON",303804.940189063,"Decreasing Batt Cap - Benchmark Chemistry"
2048,"OR",80214.5008947795,"Decreasing Batt Cap - Benchmark Chemistry"
2048,"PA",151305.240820499,"Decreasing Batt Cap - Benchmark Chemistry"
2048,"PE",3486.3737877738,"Decreasing Batt Cap - Benchmark Chemistry"
2048,"QC",169000.187564411,"Decreasing Batt Cap - Benchmark Chemistry"
2048,"RI",19623.2844656718,"Decreasing Batt Cap - Benchmark Chemistry"
2048,"SC",72953.8937664336,"Decreasing Batt Cap - Benchmark Chemistry"
2048,"SD",12141.5388637188,"Decreasing Batt Cap - Benchmark Chemistry"
2048,"SK",25969.7037042486,"Decreasing Batt Cap - Benchmark Chemistry"
2048,"TN",94366.6608710706,"Decreasing Batt Cap - Benchmark Chemistry"
2048,"TX",447289.170507591,"Decreasing Batt Cap - Benchmark Chemistry"
2048,"UT",52078.1069306578,"Decreasing Batt Cap - Benchmark Chemistry"
2048,"VA",124499.132374603,"Decreasing Batt Cap - Benchmark Chemistry"
2048,"VT",12443.7199663225,"Decreasing Batt Cap - Benchmark Chemistry"
2048,"WA",166767.426625964,"Decreasing Batt Cap - Benchmark Chemistry"
2048,"WI",73397.6800728125,"Decreasing Batt Cap - Benchmark Chemistry"
2048,"WV",19126.9202052403,"Decreasing Batt Cap - Benchmark Chemistry"
2048,"WY",7171.95535479333,"Decreasing Batt Cap - Benchmark Chemistry"
2048,"YT",1035.75320964111,"Decreasing Batt Cap - Benchmark Chemistry"
2049,"AB",120755.779614743,"Decreasing Batt Cap - Benchmark Chemistry"
2049,"AK",9415.09151645572,"Decreasing Batt Cap - Benchmark Chemistry"
2049,"AL",68230.1645897783,"Decreasing Batt Cap - Benchmark Chemistry"
2049,"AR",38308.8444025571,"Decreasing Batt Cap - Benchmark Chemistry"
2049,"AZ",112546.31068498,"Decreasing Batt Cap - Benchmark Chemistry"
2049,"BC",118259.385571692,"Decreasing Batt Cap - Benchmark Chemistry"
2049,"CA",831868.642175505,"Decreasing Batt Cap - Benchmark Chemistry"
2049,"CO",126117.762546425,"Decreasing Batt Cap - Benchmark Chemistry"
2049,"CT",46179.4451550182,"Decreasing Batt Cap - Benchmark Chemistry"
2049,"DC",11543.3743040019,"Decreasing Batt Cap - Benchmark Chemistry"
2049,"DE",15958.6552939983,"Decreasing Batt Cap - Benchmark Chemistry"
2049,"FL",350228.144665068,"Decreasing Batt Cap - Benchmark Chemistry"
2049,"GA",160457.589307136,"Decreasing Batt Cap - Benchmark Chemistry"
2049,"HI",21130.1707357672,"Decreasing Batt Cap - Benchmark Chemistry"
2049,"IA",43383.7346413733,"Decreasing Batt Cap - Benchmark Chemistry"
2049,"ID",32554.956100113,"Decreasing Batt Cap - Benchmark Chemistry"
2049,"IL",158845.460728897,"Decreasing Batt Cap - Benchmark Chemistry"
2049,"IN",90812.9949953094,"Decreasing Batt Cap - Benchmark Chemistry"
2049,"KS",38035.6397218399,"Decreasing Batt Cap - Benchmark Chemistry"
2049,"KY",58353.9950813363,"Decreasing Batt Cap - Benchmark Chemistry"
2049,"LA",57699.2336655184,"Decreasing Batt Cap - Benchmark Chemistry"
2049,"MA",141216.635532927,"Decreasing Batt Cap - Benchmark Chemistry"
2049,"MB",29507.1003661332,"Decreasing Batt Cap - Benchmark Chemistry"
2049,"MD",120987.30183574,"Decreasing Batt Cap - Benchmark Chemistry"
2049,"ME",18728.0737556273,"Decreasing Batt Cap - Benchmark Chemistry"
2049,"MI",127002.082531537,"Decreasing Batt Cap - Benchmark Chemistry"
2049,"MN",82559.7060391195,"Decreasing Batt Cap - Benchmark Chemistry"
2049,"MO",80870.1607329736,"Decreasing Batt Cap - Benchmark Chemistry"
2049,"MS",36708.5432465946,"Decreasing Batt Cap - Benchmark Chemistry"
2049,"MT",14723.4932232306,"Decreasing Batt Cap - Benchmark Chemistry"
2049,"MX",355023.470285391,"Decreasing Batt Cap - Benchmark Chemistry"
2049,"NB",18241.8204470119,"Decreasing Batt Cap - Benchmark Chemistry"
2049,"NC",150095.687209813,"Decreasing Batt Cap - Benchmark Chemistry"
2049,"ND",12814.9171843291,"Decreasing Batt Cap - Benchmark Chemistry"
2049,"NE",27907.9752925973,"Decreasing Batt Cap - Benchmark Chemistry"
2049,"NH",20482.770741888,"Decreasing Batt Cap - Benchmark Chemistry"
2049,"NJ",178858.595001023,"Decreasing Batt Cap - Benchmark Chemistry"
2049,"NL",10542.3899566916,"Decreasing Batt Cap - Benchmark Chemistry"
2049,"NM",35001.0084736539,"Decreasing Batt Cap - Benchmark Chemistry"
2049,"NS",21190.8857776665,"Decreasing Batt Cap - Benchmark Chemistry"
2049,"NT",766.466107504677,"Decreasing Batt Cap - Benchmark Chemistry"
2049,"NU",346.682615379024,"Decreasing Batt Cap - Benchmark Chemistry"
2049,"NV",49701.6811748281,"Decreasing Batt Cap - Benchmark Chemistry"
2049,"NY",316586.601312492,"Decreasing Batt Cap - Benchmark Chemistry"
2049,"OH",153881.670671954,"Decreasing Batt Cap - Benchmark Chemistry"
2049,"OK",58898.1027980666,"Decreasing Batt Cap - Benchmark Chemistry"
2049,"ON",326380.887348061,"Decreasing Batt Cap - Benchmark Chemistry"
2049,"OR",85166.1491982829,"Decreasing Batt Cap - Benchmark Chemistry"
2049,"PA",162071.203865001,"Decreasing Batt Cap - Benchmark Chemistry"
2049,"PE",3721.76947712394,"Decreasing Batt Cap - Benchmark Chemistry"
2049,"QC",181251.165007437,"Decreasing Batt Cap - Benchmark Chemistry"
2049,"RI",20825.0046907407,"Decreasing Batt Cap - Benchmark Chemistry"
2049,"SC",78848.7872414282,"Decreasing Batt Cap - Benchmark Chemistry"
2049,"SD",13094.4499387282,"Decreasing Batt Cap - Benchmark Chemistry"
2049,"SK",27952.6242266952,"Decreasing Batt Cap - Benchmark Chemistry"
2049,"TN",101865.65304286,"Decreasing Batt Cap - Benchmark Chemistry"
2049,"TX",484991.726407296,"Decreasing Batt Cap - Benchmark Chemistry"
2049,"UT",56554.4914920477,"Decreasing Batt Cap - Benchmark Chemistry"
2049,"VA",134478.423511496,"Decreasing Batt Cap - Benchmark Chemistry"
2049,"VT",13261.1321739022,"Decreasing Batt Cap - Benchmark Chemistry"
2049,"WA",177664.85327807,"Decreasing Batt Cap - Benchmark Chemistry"
2049,"WI",79141.4203808712,"Decreasing Batt Cap - Benchmark Chemistry"
2049,"WV",20489.0764587622,"Decreasing Batt Cap - Benchmark Chemistry"
2049,"WY",7699.35381341005,"Decreasing Batt Cap - Benchmark Chemistry"
2049,"YT",1110.12959799746,"Decreasing Batt Cap - Benchmark Chemistry"
2050,"AB",128497.664986888,"Decreasing Batt Cap - Benchmark Chemistry"
2050,"AK",10048.2236768403,"Decreasing Batt Cap - Benchmark Chemistry"
2050,"AL",72713.8043982421,"Decreasing Batt Cap - Benchmark Chemistry"
2050,"AR",40798.3520822382,"Decreasing Batt Cap - Benchmark Chemistry"
2050,"AZ",120518.581067934,"Decreasing Batt Cap - Benchmark Chemistry"
2050,"BC",126109.824077719,"Decreasing Batt Cap - Benchmark Chemistry"
2050,"CA",875131.808471253,"Decreasing Batt Cap - Benchmark Chemistry"
2050,"CO",131488.22076356,"Decreasing Batt Cap - Benchmark Chemistry"
2050,"CT",49140.6146674685,"Decreasing Batt Cap - Benchmark Chemistry"
2050,"DC",12237.3604567345,"Decreasing Batt Cap - Benchmark Chemistry"
2050,"DE",17071.2792928222,"Decreasing Batt Cap - Benchmark Chemistry"
2050,"FL",376018.057875622,"Decreasing Batt Cap - Benchmark Chemistry"
2050,"GA",171524.100753435,"Decreasing Batt Cap - Benchmark Chemistry"
2050,"HI",22595.8450788427,"Decreasing Batt Cap - Benchmark Chemistry"
2050,"IA",46202.0318499103,"Decreasing Batt Cap - Benchmark Chemistry"
2050,"ID",34980.8547413324,"Decreasing Batt Cap - Benchmark Chemistry"
2050,"IL",168956.364418817,"Decreasing Batt Cap - Benchmark Chemistry"
2050,"IN",96729.0307624977,"Decreasing Batt Cap - Benchmark Chemistry"
2050,"KS",40411.3746354251,"Decreasing Batt Cap - Benchmark Chemistry"
2050,"KY",62115.1887666235,"Decreasing Batt Cap - Benchmark Chemistry"
2050,"LA",61450.9698487192,"Decreasing Batt Cap - Benchmark Chemistry"
2050,"MA",149247.017010597,"Decreasing Batt Cap - Benchmark Chemistry"
2050,"MB",31359.497386426,"Decreasing Batt Cap - Benchmark Chemistry"
2050,"MD",127298.686711023,"Decreasing Batt Cap - Benchmark Chemistry"
2050,"ME",19912.9742220074,"Decreasing Batt Cap - Benchmark Chemistry"
2050,"MI",135593.965820674,"Decreasing Batt Cap - Benchmark Chemistry"
2050,"MN",88221.0443962083,"Decreasing Batt Cap - Benchmark Chemistry"
2050,"MO",86186.8129494318,"Decreasing Batt Cap - Benchmark Chemistry"
2050,"MS",38878.8646435913,"Decreasing Batt Cap - Benchmark Chemistry"
2050,"MT",15752.9886698724,"Decreasing Batt Cap - Benchmark Chemistry"
2050,"MX",398976.704677351,"Decreasing Batt Cap - Benchmark Chemistry"
2050,"NB",19272.8157960273,"Decreasing Batt Cap - Benchmark Chemistry"
2050,"NC",160534.394999781,"Decreasing Batt Cap - Benchmark Chemistry"
2050,"ND",13759.3329065009,"Decreasing Batt Cap - Benchmark Chemistry"
2050,"NE",29811.3448873531,"Decreasing Batt Cap - Benchmark Chemistry"
2050,"NH",21842.7829562526,"Decreasing Batt Cap - Benchmark Chemistry"
2050,"NJ",188385.825585546,"Decreasing Batt Cap - Benchmark Chemistry"
2050,"NL",11144.0765095244,"Decreasing Batt Cap - Benchmark Chemistry"
2050,"NM",36181.9934115439,"Decreasing Batt Cap - Benchmark Chemistry"
2050,"NS",22421.8467743305,"Decreasing Batt Cap - Benchmark Chemistry"
2050,"NT",814.661634458017,"Decreasing Batt Cap - Benchmark Chemistry"
2050,"NU",366.753952268463,"Decreasing Batt Cap - Benchmark Chemistry"
2050,"NV",53320.1820847401,"Decreasing Batt Cap - Benchmark Chemistry"
2050,"NY",334153.519070715,"Decreasing Batt Cap - Benchmark Chemistry"
2050,"OH",163630.671682498,"Decreasing Batt Cap - Benchmark Chemistry"
2050,"OK",63243.9252663691,"Decreasing Batt Cap - Benchmark Chemistry"
2050,"ON",346808.092485105,"Decreasing Batt Cap - Benchmark Chemistry"
2050,"OR",89739.51477621,"Decreasing Batt Cap - Benchmark Chemistry"
2050,"PA",171954.324819638,"Decreasing Batt Cap - Benchmark Chemistry"
2050,"PE",3947.78778843462,"Decreasing Batt Cap - Benchmark Chemistry"
2050,"QC",192307.758709291,"Decreasing Batt Cap - Benchmark Chemistry"
2050,"RI",21919.7894228911,"Decreasing Batt Cap - Benchmark Chemistry"
2050,"SC",84263.9368036588,"Decreasing Batt Cap - Benchmark Chemistry"
2050,"SD",14004.7838120995,"Decreasing Batt Cap - Benchmark Chemistry"
2050,"SK",29718.3972903359,"Decreasing Batt Cap - Benchmark Chemistry"
2050,"TN",108813.3197177,"Decreasing Batt Cap - Benchmark Chemistry"
2050,"TX",519949.157682857,"Decreasing Batt Cap - Benchmark Chemistry"
2050,"UT",60751.8261028885,"Decreasing Batt Cap - Benchmark Chemistry"
2050,"VA",143722.975974632,"Decreasing Batt Cap - Benchmark Chemistry"
2050,"VT",13961.3857085236,"Decreasing Batt Cap - Benchmark Chemistry"
2050,"WA",187564.79868692,"Decreasing Batt Cap - Benchmark Chemistry"
2050,"WI",84416.6786420017,"Decreasing Batt Cap - Benchmark Chemistry"
2050,"WV",21724.7711279286,"Decreasing Batt Cap - Benchmark Chemistry"
2050,"WY",8186.05776135577,"Decreasing Batt Cap - Benchmark Chemistry"
2050,"YT",1177.48026394271,"Decreasing Batt Cap - Benchmark Chemistry"
2025,"AB",21.9542356197785,"Decreasing Batt Cap - High LFP Chemistry"
2025,"AK",5.44705106384826,"Decreasing Batt Cap - High LFP Chemistry"
2025,"AL",17.8073838765155,"Decreasing Batt Cap - High LFP Chemistry"
2025,"AR",10.8871466371202,"Decreasing Batt Cap - High LFP Chemistry"
2025,"AZ",89.0628055884012,"Decreasing Batt Cap - High LFP Chemistry"
2025,"BC",115.961851810543,"Decreasing Batt Cap - High LFP Chemistry"
2025,"CA",1457.52300336714,"Decreasing Batt Cap - High LFP Chemistry"
2025,"CO",90.5784139614489,"Decreasing Batt Cap - High LFP Chemistry"
2025,"CT",37.5670498627087,"Decreasing Batt Cap - High LFP Chemistry"
2025,"DC",15.4496416048392,"Decreasing Batt Cap - High LFP Chemistry"
2025,"DE",11.8314031604296,"Decreasing Batt Cap - High LFP Chemistry"
2025,"FL",212.035401978471,"Decreasing Batt Cap - High LFP Chemistry"
2025,"GA",153.139176305613,"Decreasing Batt Cap - High LFP Chemistry"
2025,"HI",48.627297299482,"Decreasing Batt Cap - High LFP Chemistry"
2025,"IA",16.1021189891511,"Decreasing Batt Cap - High LFP Chemistry"
2025,"ID",14.8457504145312,"Decreasing Batt Cap - High LFP Chemistry"
2025,"IL",98.5385940355276,"Decreasing Batt Cap - High LFP Chemistry"
2025,"IN",28.9739374901066,"Decreasing Batt Cap - High LFP Chemistry"
2025,"KS",17.8433817043352,"Decreasing Batt Cap - High LFP Chemistry"
2025,"KY",17.0489039196422,"Decreasing Batt Cap - High LFP Chemistry"
2025,"LA",13.1333395868524,"Decreasing Batt Cap - High LFP Chemistry"
2025,"MA",71.7239475093378,"Decreasing Batt Cap - High LFP Chemistry"
2025,"MB",6.27868510496921,"Decreasing Batt Cap - High LFP Chemistry"
2025,"MD",63.8867212383757,"Decreasing Batt Cap - High LFP Chemistry"
2025,"ME",12.8929506989309,"Decreasing Batt Cap - High LFP Chemistry"
2025,"MI",48.8397765045464,"Decreasing Batt Cap - High LFP Chemistry"
2025,"MN",37.7371035184045,"Decreasing Batt Cap - High LFP Chemistry"
2025,"MO",30.082966679011,"Decreasing Batt Cap - High LFP Chemistry"
2025,"MS",3.39738629882595,"Decreasing Batt Cap - High LFP Chemistry"
2025,"MT",6.53217420222173,"Decreasing Batt Cap - High LFP Chemistry"
2025,"MX",13.2291371168989,"Decreasing Batt Cap - High LFP Chemistry"
2025,"NB",0.325640010475007,"Decreasing Batt Cap - High LFP Chemistry"
2025,"NC",58.9116879808441,"Decreasing Batt Cap - High LFP Chemistry"
2025,"ND",0.121364519760008,"Decreasing Batt Cap - High LFP Chemistry"
2025,"NE",11.7717625955015,"Decreasing Batt Cap - High LFP Chemistry"
2025,"NH",16.3554531092637,"Decreasing Batt Cap - High LFP Chemistry"
2025,"NJ",100.188760363922,"Decreasing Batt Cap - High LFP Chemistry"
2025,"NL",0,"Decreasing Batt Cap - High LFP Chemistry"
2025,"NM",16.8908707450241,"Decreasing Batt Cap - High LFP Chemistry"
2025,"NS",2.05491728194336,"Decreasing Batt Cap - High LFP Chemistry"
2025,"NT",0,"Decreasing Batt Cap - High LFP Chemistry"
2025,"NU",0,"Decreasing Batt Cap - High LFP Chemistry"
2025,"NV",41.303471544355,"Decreasing Batt Cap - High LFP Chemistry"
2025,"NY",123.916071716775,"Decreasing Batt Cap - High LFP Chemistry"
2025,"OH",49.9692653539735,"Decreasing Batt Cap - High LFP Chemistry"
2025,"OK",23.9868781467304,"Decreasing Batt Cap - High LFP Chemistry"
2025,"ON",127.081705003581,"Decreasing Batt Cap - High LFP Chemistry"
2025,"OR",95.3529613854793,"Decreasing Batt Cap - High LFP Chemistry"
2025,"PA",64.5959810452858,"Decreasing Batt Cap - High LFP Chemistry"
2025,"PE",0,"Decreasing Batt Cap - High LFP Chemistry"
2025,"QC",167.175530625409,"Decreasing Batt Cap - High LFP Chemistry"
2025,"RI",11.3623848108726,"Decreasing Batt Cap - High LFP Chemistry"
2025,"SC",23.4175391920478,"Decreasing Batt Cap - High LFP Chemistry"
2025,"SD",1.22197174173845,"Decreasing Batt Cap - High LFP Chemistry"
2025,"SK",0.19731426425662,"Decreasing Batt Cap - High LFP Chemistry"
2025,"TN",35.1475543980489,"Decreasing Batt Cap - High LFP Chemistry"
2025,"TX",201.395035121014,"Decreasing Batt Cap - High LFP Chemistry"
2025,"UT",42.3989527232993,"Decreasing Batt Cap - High LFP Chemistry"
2025,"VA",69.3886190003722,"Decreasing Batt Cap - High LFP Chemistry"
2025,"VT",14.4731880297108,"Decreasing Batt Cap - High LFP Chemistry"
2025,"WA",198.858235871842,"Decreasing Batt Cap - High LFP Chemistry"
2025,"WI",34.345058368944,"Decreasing Batt Cap - High LFP Chemistry"
2025,"WV",3.42867429426353,"Decreasing Batt Cap - High LFP Chemistry"
2025,"WY",0.89633173126344,"Decreasing Batt Cap - High LFP Chemistry"
2025,"YT",0,"Decreasing Batt Cap - High LFP Chemistry"
2026,"AB",48.7768353327397,"Decreasing Batt Cap - High LFP Chemistry"
2026,"AK",14.198546188927,"Decreasing Batt Cap - High LFP Chemistry"
2026,"AL",58.2622313093171,"Decreasing Batt Cap - High LFP Chemistry"
2026,"AR",33.8510039011273,"Decreasing Batt Cap - High LFP Chemistry"
2026,"AZ",189.783974795319,"Decreasing Batt Cap - High LFP Chemistry"
2026,"BC",194.536602881537,"Decreasing Batt Cap - High LFP Chemistry"
2026,"CA",2602.88150501251,"Decreasing Batt Cap - High LFP Chemistry"
2026,"CO",189.732684523356,"Decreasing Batt Cap - High LFP Chemistry"
2026,"CT",78.8131189882049,"Decreasing Batt Cap - High LFP Chemistry"
2026,"DC",25.5818058060516,"Decreasing Batt Cap - High LFP Chemistry"
2026,"DE",25.3118159185387,"Decreasing Batt Cap - High LFP Chemistry"
2026,"FL",486.011205865578,"Decreasing Batt Cap - High LFP Chemistry"
2026,"GA",311.06455723644,"Decreasing Batt Cap - High LFP Chemistry"
2026,"HI",83.554416318465,"Decreasing Batt Cap - High LFP Chemistry"
2026,"IA",42.2009279305049,"Decreasing Batt Cap - High LFP Chemistry"
2026,"ID",33.8287758400247,"Decreasing Batt Cap - High LFP Chemistry"
2026,"IL",236.214174589019,"Decreasing Batt Cap - High LFP Chemistry"
2026,"IN",88.638206122596,"Decreasing Batt Cap - High LFP Chemistry"
2026,"KS",44.3271534380673,"Decreasing Batt Cap - High LFP Chemistry"
2026,"KY",56.2093778224495,"Decreasing Batt Cap - High LFP Chemistry"
2026,"LA",51.2256561325432,"Decreasing Batt Cap - High LFP Chemistry"
2026,"MA",163.130399728508,"Decreasing Batt Cap - High LFP Chemistry"
2026,"MB",13.2823617285497,"Decreasing Batt Cap - High LFP Chemistry"
2026,"MD",146.300204186459,"Decreasing Batt Cap - High LFP Chemistry"
2026,"ME",27.8616084103061,"Decreasing Batt Cap - High LFP Chemistry"
2026,"MI",137.443381196554,"Decreasing Batt Cap - High LFP Chemistry"
2026,"MN",91.2787562833122,"Decreasing Batt Cap - High LFP Chemistry"
2026,"MO",83.6099481279365,"Decreasing Batt Cap - High LFP Chemistry"
2026,"MS",29.1433080706298,"Decreasing Batt Cap - High LFP Chemistry"
2026,"MT",18.7479941845243,"Decreasing Batt Cap - High LFP Chemistry"
2026,"MX",48.1102836565347,"Decreasing Batt Cap - High LFP Chemistry"
2026,"NB",5.93806304589239,"Decreasing Batt Cap - High LFP Chemistry"
2026,"NC",161.923332011308,"Decreasing Batt Cap - High LFP Chemistry"
2026,"ND",6.89079887859113,"Decreasing Batt Cap - High LFP Chemistry"
2026,"NE",31.0427387780481,"Decreasing Batt Cap - High LFP Chemistry"
2026,"NH",30.9890155766553,"Decreasing Batt Cap - High LFP Chemistry"
2026,"NJ",228.731923538575,"Decreasing Batt Cap - High LFP Chemistry"
2026,"NL",2.91660499380445,"Decreasing Batt Cap - High LFP Chemistry"
2026,"NM",37.703360001662,"Decreasing Batt Cap - High LFP Chemistry"
2026,"NS",10.8911022620835,"Decreasing Batt Cap - High LFP Chemistry"
2026,"NT",0,"Decreasing Batt Cap - High LFP Chemistry"
2026,"NU",0,"Decreasing Batt Cap - High LFP Chemistry"
2026,"NV",83.0692873371247,"Decreasing Batt Cap - High LFP Chemistry"
2026,"NY",343.696698178677,"Decreasing Batt Cap - High LFP Chemistry"
2026,"OH",159.105093999521,"Decreasing Batt Cap - High LFP Chemistry"
2026,"OK",62.2599857676314,"Decreasing Batt Cap - High LFP Chemistry"
2026,"ON",252.593652396198,"Decreasing Batt Cap - High LFP Chemistry"
2026,"OR",184.071833745372,"Decreasing Batt Cap - High LFP Chemistry"
2026,"PA",189.040507897139,"Decreasing Batt Cap - High LFP Chemistry"
2026,"PE",0,"Decreasing Batt Cap - High LFP Chemistry"
2026,"QC",292.688861105654,"Decreasing Batt Cap - High LFP Chemistry"
2026,"RI",24.8728633151924,"Decreasing Batt Cap - High LFP Chemistry"
2026,"SC",63.8225047012425,"Decreasing Batt Cap - High LFP Chemistry"
2026,"SD",10.2146015286889,"Decreasing Batt Cap - High LFP Chemistry"
2026,"SK",9.88790755654905,"Decreasing Batt Cap - High LFP Chemistry"
2026,"TN",102.700214739279,"Decreasing Batt Cap - High LFP Chemistry"
2026,"TX",520.662452261125,"Decreasing Batt Cap - High LFP Chemistry"
2026,"UT",88.5545104025529,"Decreasing Batt Cap - High LFP Chemistry"
2026,"VA",166.276181105752,"Decreasing Batt Cap - High LFP Chemistry"
2026,"VT",25.4825893205021,"Decreasing Batt Cap - High LFP Chemistry"
2026,"WA",372.493538883749,"Decreasing Batt Cap - High LFP Chemistry"
2026,"WI",91.3932319712498,"Decreasing Batt Cap - High LFP Chemistry"
2026,"WV",18.5769145550927,"Decreasing Batt Cap - High LFP Chemistry"
2026,"WY",6.01704743257193,"Decreasing Batt Cap - High LFP Chemistry"
2026,"YT",0,"Decreasing Batt Cap - High LFP Chemistry"
2027,"AB",93.3393488393989,"Decreasing Batt Cap - High LFP Chemistry"
2027,"AK",31.1199803420599,"Decreasing Batt Cap - High LFP Chemistry"
2027,"AL",141.693378995652,"Decreasing Batt Cap - High LFP Chemistry"
2027,"AR",84.8734244833796,"Decreasing Batt Cap - High LFP Chemistry"
2027,"AZ",386.366548973475,"Decreasing Batt Cap - High LFP Chemistry"
2027,"BC",336.59887426182,"Decreasing Batt Cap - High LFP Chemistry"
2027,"CA",4844.56474654606,"Decreasing Batt Cap - High LFP Chemistry"
2027,"CO",386.291192133427,"Decreasing Batt Cap - High LFP Chemistry"
2027,"CT",164.179971111226,"Decreasing Batt Cap - High LFP Chemistry"
2027,"DC",46.609529974429,"Decreasing Batt Cap - High LFP Chemistry"
2027,"DE",44.0937761354294,"Decreasing Batt Cap - High LFP Chemistry"
2027,"FL",1029.34830369728,"Decreasing Batt Cap - High LFP Chemistry"
2027,"GA",643.617578015513,"Decreasing Batt Cap - High LFP Chemistry"
2027,"HI",149.578067984403,"Decreasing Batt Cap - High LFP Chemistry"
2027,"IA",100.264292459203,"Decreasing Batt Cap - High LFP Chemistry"
2027,"ID",72.9009843222607,"Decreasing Batt Cap - High LFP Chemistry"
2027,"IL",521.616123058472,"Decreasing Batt Cap - High LFP Chemistry"
2027,"IN",212.239856481061,"Decreasing Batt Cap - High LFP Chemistry"
2027,"KS",99.2255856738891,"Decreasing Batt Cap - High LFP Chemistry"
2027,"KY",122.966913115363,"Decreasing Batt Cap - High LFP Chemistry"
2027,"LA",121.456446084185,"Decreasing Batt Cap - High LFP Chemistry"
2027,"MA",360.134695849286,"Decreasing Batt Cap - High LFP Chemistry"
2027,"MB",33.1488802108394,"Decreasing Batt Cap - High LFP Chemistry"
2027,"MD",316.531139653832,"Decreasing Batt Cap - High LFP Chemistry"
2027,"ME",53.9445543961727,"Decreasing Batt Cap - High LFP Chemistry"
2027,"MI",329.758456560764,"Decreasing Batt Cap - High LFP Chemistry"
2027,"MN",209.578651652429,"Decreasing Batt Cap - High LFP Chemistry"
2027,"MO",198.514633387797,"Decreasing Batt Cap - High LFP Chemistry"
2027,"MS",78.6124788138611,"Decreasing Batt Cap - High LFP Chemistry"
2027,"MT",39.5498799085347,"Decreasing Batt Cap - High LFP Chemistry"
2027,"MX",145.830396761613,"Decreasing Batt Cap - High LFP Chemistry"
2027,"NB",15.9661007277105,"Decreasing Batt Cap - High LFP Chemistry"
2027,"NC",384.578129259233,"Decreasing Batt Cap - High LFP Chemistry"
2027,"ND",21.4394358794275,"Decreasing Batt Cap - High LFP Chemistry"
2027,"NE",68.8802570614101,"Decreasing Batt Cap - High LFP Chemistry"
2027,"NH",58.5906548732666,"Decreasing Batt Cap - High LFP Chemistry"
2027,"NJ",483.507743303284,"Decreasing Batt Cap - High LFP Chemistry"
2027,"NL",6.49040238372976,"Decreasing Batt Cap - High LFP Chemistry"
2027,"NM",81.7790457743812,"Decreasing Batt Cap - High LFP Chemistry"
2027,"NS",22.2149437868343,"Decreasing Batt Cap - High LFP Chemistry"
2027,"NT",0,"Decreasing Batt Cap - High LFP Chemistry"
2027,"NU",0,"Decreasing Batt Cap - High LFP Chemistry"
2027,"NV",167.345307027704,"Decreasing Batt Cap - High LFP Chemistry"
2027,"NY",790.330211679659,"Decreasing Batt Cap - High LFP Chemistry"
2027,"OH",385.478519804104,"Decreasing Batt Cap - High LFP Chemistry"
2027,"OK",129.658910952554,"Decreasing Batt Cap - High LFP Chemistry"
2027,"ON",469.73446681301,"Decreasing Batt Cap - High LFP Chemistry"
2027,"OR",362.936467798533,"Decreasing Batt Cap - High LFP Chemistry"
2027,"PA",450.91710470934,"Decreasing Batt Cap - High LFP Chemistry"
2027,"PE",1.33321392800321,"Decreasing Batt Cap - High LFP Chemistry"
2027,"QC",511.448401685746,"Decreasing Batt Cap - High LFP Chemistry"
2027,"RI",46.785214061525,"Decreasing Batt Cap - High LFP Chemistry"
2027,"SC",157.826013763683,"Decreasing Batt Cap - High LFP Chemistry"
2027,"SD",27.2985060248721,"Decreasing Batt Cap - High LFP Chemistry"
2027,"SK",25.5493712804262,"Decreasing Batt Cap - High LFP Chemistry"
2027,"TN",239.525531602206,"Decreasing Batt Cap - High LFP Chemistry"
2027,"TX",1175.69623811783,"Decreasing Batt Cap - High LFP Chemistry"
2027,"UT",176.672651065993,"Decreasing Batt Cap - High LFP Chemistry"
2027,"VA",367.912500774655,"Decreasing Batt Cap - High LFP Chemistry"
2027,"VT",40.891202265355,"Decreasing Batt Cap - High LFP Chemistry"
2027,"WA",727.572769160922,"Decreasing Batt Cap - High LFP Chemistry"
2027,"WI",207.861056465861,"Decreasing Batt Cap - High LFP Chemistry"
2027,"WV",49.3669440247922,"Decreasing Batt Cap - High LFP Chemistry"
2027,"WY",16.5595626715177,"Decreasing Batt Cap - High LFP Chemistry"
2027,"YT",0,"Decreasing Batt Cap - High LFP Chemistry"
2028,"AB",180.100841744276,"Decreasing Batt Cap - High LFP Chemistry"
2028,"AK",50.6392416781497,"Decreasing Batt Cap - High LFP Chemistry"
2028,"AL",274.937579304383,"Decreasing Batt Cap - High LFP Chemistry"
2028,"AR",162.446209586718,"Decreasing Batt Cap - High LFP Chemistry"
2028,"AZ",707.578789797097,"Decreasing Batt Cap - High LFP Chemistry"
2028,"BC",564.083125408664,"Decreasing Batt Cap - High LFP Chemistry"
2028,"CA",8148.87077195261,"Decreasing Batt Cap - High LFP Chemistry"
2028,"CO",688.824901689709,"Decreasing Batt Cap - High LFP Chemistry"
2028,"CT",303.780631638878,"Decreasing Batt Cap - High LFP Chemistry"
2028,"DC",73.540820731263,"Decreasing Batt Cap - High LFP Chemistry"
2028,"DE",78.3554932424007,"Decreasing Batt Cap - High LFP Chemistry"
2028,"FL",1889.02899181756,"Decreasing Batt Cap - High LFP Chemistry"
2028,"GA",1154.47451315965,"Decreasing Batt Cap - High LFP Chemistry"
2028,"HI",261.368920843142,"Decreasing Batt Cap - High LFP Chemistry"
2028,"IA",188.795940042189,"Decreasing Batt Cap - High LFP Chemistry"
2028,"ID",131.527344522584,"Decreasing Batt Cap - High LFP Chemistry"
2028,"IL",971.178035872784,"Decreasing Batt Cap - High LFP Chemistry"
2028,"IN",412.451736629663,"Decreasing Batt Cap - High LFP Chemistry"
2028,"KS",183.237069020758,"Decreasing Batt Cap - High LFP Chemistry"
2028,"KY",246.730257615833,"Decreasing Batt Cap - High LFP Chemistry"
2028,"LA",238.554389809104,"Decreasing Batt Cap - High LFP Chemistry"
2028,"MA",656.308961652959,"Decreasing Batt Cap - High LFP Chemistry"
2028,"MB",47.205623334131,"Decreasing Batt Cap - High LFP Chemistry"
2028,"MD",578.229506421694,"Decreasing Batt Cap - High LFP Chemistry"
2028,"ME",100.163486515142,"Decreasing Batt Cap - High LFP Chemistry"
2028,"MI",641.438188706439,"Decreasing Batt Cap - High LFP Chemistry"
2028,"MN",399.212728261567,"Decreasing Batt Cap - High LFP Chemistry"
2028,"MO",376.96098108447,"Decreasing Batt Cap - High LFP Chemistry"
2028,"MS",149.39989225977,"Decreasing Batt Cap - High LFP Chemistry"
2028,"MT",71.4959145272959,"Decreasing Batt Cap - High LFP Chemistry"
2028,"MX",315.45129036095,"Decreasing Batt Cap - High LFP Chemistry"
2028,"NB",37.6060281478633,"Decreasing Batt Cap - High LFP Chemistry"
2028,"NC",728.740437303359,"Decreasing Batt Cap - High LFP Chemistry"
2028,"ND",45.1256065287915,"Decreasing Batt Cap - High LFP Chemistry"
2028,"NE",123.408808444773,"Decreasing Batt Cap - High LFP Chemistry"
2028,"NH",110.620863047131,"Decreasing Batt Cap - High LFP Chemistry"
2028,"NJ",891.064363649713,"Decreasing Batt Cap - High LFP Chemistry"
2028,"NL",17.9921420015748,"Decreasing Batt Cap - High LFP Chemistry"
2028,"NM",148.766512853144,"Decreasing Batt Cap - High LFP Chemistry"
2028,"NS",42.3815000773954,"Decreasing Batt Cap - High LFP Chemistry"
2028,"NT",0,"Decreasing Batt Cap - High LFP Chemistry"
2028,"NU",0,"Decreasing Batt Cap - High LFP Chemistry"
2028,"NV",305.02383650924,"Decreasing Batt Cap - High LFP Chemistry"
2028,"NY",1488.21564519225,"Decreasing Batt Cap - High LFP Chemistry"
2028,"OH",752.43439833863,"Decreasing Batt Cap - High LFP Chemistry"
2028,"OK",255.120772676944,"Decreasing Batt Cap - High LFP Chemistry"
2028,"ON",820.779910325768,"Decreasing Batt Cap - High LFP Chemistry"
2028,"OR",629.531673494196,"Decreasing Batt Cap - High LFP Chemistry"
2028,"PA",868.509790806565,"Decreasing Batt Cap - High LFP Chemistry"
2028,"PE",5.8175371296759,"Decreasing Batt Cap - High LFP Chemistry"
2028,"QC",846.985895170253,"Decreasing Batt Cap - High LFP Chemistry"
2028,"RI",84.8293735624588,"Decreasing Batt Cap - High LFP Chemistry"
2028,"SC",310.638008138632,"Decreasing Batt Cap - High LFP Chemistry"
2028,"SD",54.3668269333188,"Decreasing Batt Cap - High LFP Chemistry"
2028,"SK",41.8077417064641,"Decreasing Batt Cap - High LFP Chemistry"
2028,"TN",461.205544128545,"Decreasing Batt Cap - High LFP Chemistry"
2028,"TX",2217.09021863551,"Decreasing Batt Cap - High LFP Chemistry"
2028,"UT",326.560732888864,"Decreasing Batt Cap - High LFP Chemistry"
2028,"VA",695.708239788991,"Decreasing Batt Cap - High LFP Chemistry"
2028,"VT",66.6526741815844,"Decreasing Batt Cap - High LFP Chemistry"
2028,"WA",1247.34704822887,"Decreasing Batt Cap - High LFP Chemistry"
2028,"WI",397.009171342395,"Decreasing Batt Cap - High LFP Chemistry"
2028,"WV",95.4230109984318,"Decreasing Batt Cap - High LFP Chemistry"
2028,"WY",36.4632637627294,"Decreasing Batt Cap - High LFP Chemistry"
2028,"YT",0,"Decreasing Batt Cap - High LFP Chemistry"
2029,"AB",326.434619282386,"Decreasing Batt Cap - High LFP Chemistry"
2029,"AK",89.1089736462336,"Decreasing Batt Cap - High LFP Chemistry"
2029,"AL",496.021685100418,"Decreasing Batt Cap - High LFP Chemistry"
2029,"AR",281.291673187794,"Decreasing Batt Cap - High LFP Chemistry"
2029,"AZ",1185.5805691099,"Decreasing Batt Cap - High LFP Chemistry"
2029,"BC",919.492401417953,"Decreasing Batt Cap - High LFP Chemistry"
2029,"CA",13012.3505172721,"Decreasing Batt Cap - High LFP Chemistry"
2029,"CO",1157.95046821454,"Decreasing Batt Cap - High LFP Chemistry"
2029,"CT",517.784616022986,"Decreasing Batt Cap - High LFP Chemistry"
2029,"DC",118.940934837965,"Decreasing Batt Cap - High LFP Chemistry"
2029,"DE",137.319295957086,"Decreasing Batt Cap - High LFP Chemistry"
2029,"FL",3218.92747375778,"Decreasing Batt Cap - High LFP Chemistry"
2029,"GA",1913.59665684482,"Decreasing Batt Cap - High LFP Chemistry"
2029,"HI",410.214274260758,"Decreasing Batt Cap - High LFP Chemistry"
2029,"IA",325.966056406032,"Decreasing Batt Cap - High LFP Chemistry"
2029,"ID",216.812311105404,"Decreasing Batt Cap - High LFP Chemistry"
2029,"IL",1662.00828340115,"Decreasing Batt Cap - High LFP Chemistry"
2029,"IN",735.809754748309,"Decreasing Batt Cap - High LFP Chemistry"
2029,"KS",314.953115353205,"Decreasing Batt Cap - High LFP Chemistry"
2029,"KY",443.83533354417,"Decreasing Batt Cap - High LFP Chemistry"
2029,"LA",430.11869545699,"Decreasing Batt Cap - High LFP Chemistry"
2029,"MA",1119.67687573218,"Decreasing Batt Cap - High LFP Chemistry"
2029,"MB",84.9203036286766,"Decreasing Batt Cap - High LFP Chemistry"
2029,"MD",991.750192941543,"Decreasing Batt Cap - High LFP Chemistry"
2029,"ME",165.928187121275,"Decreasing Batt Cap - High LFP Chemistry"
2029,"MI",1125.92444610526,"Decreasing Batt Cap - High LFP Chemistry"
2029,"MN",705.319881868813,"Decreasing Batt Cap - High LFP Chemistry"
2029,"MO",687.667164764003,"Decreasing Batt Cap - High LFP Chemistry"
2029,"MS",267.956039931668,"Decreasing Batt Cap - High LFP Chemistry"
2029,"MT",125.81482164802,"Decreasing Batt Cap - High LFP Chemistry"
2029,"MX",595.304236494123,"Decreasing Batt Cap - High LFP Chemistry"
2029,"NB",53.4767369198796,"Decreasing Batt Cap - High LFP Chemistry"
2029,"NC",1275.36595564973,"Decreasing Batt Cap - High LFP Chemistry"
2029,"ND",79.1000839289398,"Decreasing Batt Cap - High LFP Chemistry"
2029,"NE",210.74304793998,"Decreasing Batt Cap - High LFP Chemistry"
2029,"NH",176.898438883774,"Decreasing Batt Cap - High LFP Chemistry"
2029,"NJ",1512.77742588668,"Decreasing Batt Cap - High LFP Chemistry"
2029,"NL",38.955626261811,"Decreasing Batt Cap - High LFP Chemistry"
2029,"NM",260.633382906927,"Decreasing Batt Cap - High LFP Chemistry"
2029,"NS",60.0351005999012,"Decreasing Batt Cap - High LFP Chemistry"
2029,"NT",0,"Decreasing Batt Cap - High LFP Chemistry"
2029,"NU",0,"Decreasing Batt Cap - High LFP Chemistry"
2029,"NV",505.364271311029,"Decreasing Batt Cap - High LFP Chemistry"
2029,"NY",2586.97736085142,"Decreasing Batt Cap - High LFP Chemistry"
2029,"OH",1310.99930757202,"Decreasing Batt Cap - High LFP Chemistry"
2029,"OK",439.97261930287,"Decreasing Batt Cap - High LFP Chemistry"
2029,"ON",1394.40441929074,"Decreasing Batt Cap - High LFP Chemistry"
2029,"OR",1026.11777573084,"Decreasing Batt Cap - High LFP Chemistry"
2029,"PA",1516.5277758268,"Decreasing Batt Cap - High LFP Chemistry"
2029,"PE",9.80752210858753,"Decreasing Batt Cap - High LFP Chemistry"
2029,"QC",1391.46796970595,"Decreasing Batt Cap - High LFP Chemistry"
2029,"RI",147.451238632222,"Decreasing Batt Cap - High LFP Chemistry"
2029,"SC",553.85911701865,"Decreasing Batt Cap - High LFP Chemistry"
2029,"SD",100.467398526039,"Decreasing Batt Cap - High LFP Chemistry"
2029,"SK",76.3862110042753,"Decreasing Batt Cap - High LFP Chemistry"
2029,"TN",815.45915257182,"Decreasing Batt Cap - High LFP Chemistry"
2029,"TX",3849.03792779452,"Decreasing Batt Cap - High LFP Chemistry"
2029,"UT",539.733204432178,"Decreasing Batt Cap - High LFP Chemistry"
2029,"VA",1205.17727313076,"Decreasing Batt Cap - High LFP Chemistry"
2029,"VT",112.615414414418,"Decreasing Batt Cap - High LFP Chemistry"
2029,"WA",2039.76853080046,"Decreasing Batt Cap - High LFP Chemistry"
2029,"WI",696.015138529864,"Decreasing Batt Cap - High LFP Chemistry"
2029,"WV",162.101585727983,"Decreasing Batt Cap - High LFP Chemistry"
2029,"WY",63.961263573541,"Decreasing Batt Cap - High LFP Chemistry"
2029,"YT",1.96548655523996,"Decreasing Batt Cap - High LFP Chemistry"
2030,"AB",565.75553698292,"Decreasing Batt Cap - High LFP Chemistry"
2030,"AK",142.430065997321,"Decreasing Batt Cap - High LFP Chemistry"
2030,"AL",834.027541667512,"Decreasing Batt Cap - High LFP Chemistry"
2030,"AR",472.253376047366,"Decreasing Batt Cap - High LFP Chemistry"
2030,"AZ",1907.47814141001,"Decreasing Batt Cap - High LFP Chemistry"
2030,"BC",1467.80975387976,"Decreasing Batt Cap - High LFP Chemistry"
2030,"CA",19778.8872835018,"Decreasing Batt Cap - High LFP Chemistry"
2030,"CO",1851.19809126571,"Decreasing Batt Cap - High LFP Chemistry"
2030,"CT",829.384982955241,"Decreasing Batt Cap - High LFP Chemistry"
2030,"DC",197.57486322557,"Decreasing Batt Cap - High LFP Chemistry"
2030,"DE",213.191267796171,"Decreasing Batt Cap - High LFP Chemistry"
2030,"FL",5203.91979506242,"Decreasing Batt Cap - High LFP Chemistry"
2030,"GA",2926.76788557248,"Decreasing Batt Cap - High LFP Chemistry"
2030,"HI",622.302379272077,"Decreasing Batt Cap - High LFP Chemistry"
2030,"IA",536.919586166565,"Decreasing Batt Cap - High LFP Chemistry"
2030,"ID",362.765469353544,"Decreasing Batt Cap - High LFP Chemistry"
2030,"IL",2693.1211706915,"Decreasing Batt Cap - High LFP Chemistry"
2030,"IN",1227.24679479727,"Decreasing Batt Cap - High LFP Chemistry"
2030,"KS",525.963588993684,"Decreasing Batt Cap - High LFP Chemistry"
2030,"KY",737.002781949637,"Decreasing Batt Cap - High LFP Chemistry"
2030,"LA",727.269643364468,"Decreasing Batt Cap - High LFP Chemistry"
2030,"MA",1817.91984647811,"Decreasing Batt Cap - High LFP Chemistry"
2030,"MB",147.251179007124,"Decreasing Batt Cap - High LFP Chemistry"
2030,"MD",1611.5630484432,"Decreasing Batt Cap - High LFP Chemistry"
2030,"ME",255.33862864493,"Decreasing Batt Cap - High LFP Chemistry"
2030,"MI",1854.4176721593,"Decreasing Batt Cap - High LFP Chemistry"
2030,"MN",1147.48182232767,"Decreasing Batt Cap - High LFP Chemistry"
2030,"MO",1135.46850084961,"Decreasing Batt Cap - High LFP Chemistry"
2030,"MS",448.30018443505,"Decreasing Batt Cap - High LFP Chemistry"
2030,"MT",196.234050368805,"Decreasing Batt Cap - High LFP Chemistry"
2030,"MX",1043.43131170801,"Decreasing Batt Cap - High LFP Chemistry"
2030,"NB",89.6781273281256,"Decreasing Batt Cap - High LFP Chemistry"
2030,"NC",2094.55375090388,"Decreasing Batt Cap - High LFP Chemistry"
2030,"ND",138.220394874544,"Decreasing Batt Cap - High LFP Chemistry"
2030,"NE",347.66679853936,"Decreasing Batt Cap - High LFP Chemistry"
2030,"NH",286.41515783682,"Decreasing Batt Cap - High LFP Chemistry"
2030,"NJ",2447.97365686592,"Decreasing Batt Cap - High LFP Chemistry"
2030,"NL",55.5032934328705,"Decreasing Batt Cap - High LFP Chemistry"
2030,"NM",425.592408925625,"Decreasing Batt Cap - High LFP Chemistry"
2030,"NS",108.917301920971,"Decreasing Batt Cap - High LFP Chemistry"
2030,"NT",1.96548655523996,"Decreasing Batt Cap - High LFP Chemistry"
2030,"NU",0,"Decreasing Batt Cap - High LFP Chemistry"
2030,"NV",822.723759292294,"Decreasing Batt Cap - High LFP Chemistry"
2030,"NY",4238.60735683874,"Decreasing Batt Cap - High LFP Chemistry"
2030,"OH",2170.37886569712,"Decreasing Batt Cap - High LFP Chemistry"
2030,"OK",745.325444536936,"Decreasing Batt Cap - High LFP Chemistry"
2030,"ON",2335.06831685242,"Decreasing Batt Cap - High LFP Chemistry"
2030,"OR",1595.10676982576,"Decreasing Batt Cap - High LFP Chemistry"
2030,"PA",2498.26905733308,"Decreasing Batt Cap - High LFP Chemistry"
2030,"PE",21.7039161675934,"Decreasing Batt Cap - High LFP Chemistry"
2030,"QC",2220.22550106531,"Decreasing Batt Cap - High LFP Chemistry"
2030,"RI",228.162609561836,"Decreasing Batt Cap - High LFP Chemistry"
2030,"SC",928.145585816411,"Decreasing Batt Cap - High LFP Chemistry"
2030,"SD",155.823299261452,"Decreasing Batt Cap - High LFP Chemistry"
2030,"SK",126.41584227094,"Decreasing Batt Cap - High LFP Chemistry"
2030,"TN",1343.85569786129,"Decreasing Batt Cap - High LFP Chemistry"
2030,"TX",6301.34444261768,"Decreasing Batt Cap - High LFP Chemistry"
2030,"UT",878.683069842071,"Decreasing Batt Cap - High LFP Chemistry"
2030,"VA",1951.27672925905,"Decreasing Batt Cap - High LFP Chemistry"
2030,"VT",185.729875610385,"Decreasing Batt Cap - High LFP Chemistry"
2030,"WA",3181.57325084875,"Decreasing Batt Cap - High LFP Chemistry"
2030,"WI",1130.46340400961,"Decreasing Batt Cap - High LFP Chemistry"
2030,"WV",272.063121061055,"Decreasing Batt Cap - High LFP Chemistry"
2030,"WY",101.799810154646,"Decreasing Batt Cap - High LFP Chemistry"
2030,"YT",2.46564270596521,"Decreasing Batt Cap - High LFP Chemistry"
2031,"AB",958.343352576514,"Decreasing Batt Cap - High LFP Chemistry"
2031,"AK",215.996215738953,"Decreasing Batt Cap - High LFP Chemistry"
2031,"AL",1324.5187947467,"Decreasing Batt Cap - High LFP Chemistry"
2031,"AR",760.808373954348,"Decreasing Batt Cap - High LFP Chemistry"
2031,"AZ",2983.93936505734,"Decreasing Batt Cap - High LFP Chemistry"
2031,"BC",2355.48109019993,"Decreasing Batt Cap - High LFP Chemistry"
2031,"CA",29644.9858978505,"Decreasing Batt Cap - High LFP Chemistry"
2031,"CO",2888.17851359143,"Decreasing Batt Cap - High LFP Chemistry"
2031,"CT",1294.33095037478,"Decreasing Batt Cap - High LFP Chemistry"
2031,"DC",293.311587285883,"Decreasing Batt Cap - High LFP Chemistry"
2031,"DE",331.65336825304,"Decreasing Batt Cap - High LFP Chemistry"
2031,"FL",8153.27623793178,"Decreasing Batt Cap - High LFP Chemistry"
2031,"GA",4341.83346648753,"Decreasing Batt Cap - High LFP Chemistry"
2031,"HI",922.356135867193,"Decreasing Batt Cap - High LFP Chemistry"
2031,"IA",863.102840387957,"Decreasing Batt Cap - High LFP Chemistry"
2031,"ID",566.833306734915,"Decreasing Batt Cap - High LFP Chemistry"
2031,"IL",4206.60525709681,"Decreasing Batt Cap - High LFP Chemistry"
2031,"IN",1935.38036289558,"Decreasing Batt Cap - High LFP Chemistry"
2031,"KS",830.962001958742,"Decreasing Batt Cap - High LFP Chemistry"
2031,"KY",1170.99081598092,"Decreasing Batt Cap - High LFP Chemistry"
2031,"LA",1147.5348233585,"Decreasing Batt Cap - High LFP Chemistry"
2031,"MA",2858.00410451128,"Decreasing Batt Cap - High LFP Chemistry"
2031,"MB",250.345844958524,"Decreasing Batt Cap - High LFP Chemistry"
2031,"MD",2531.69678604927,"Decreasing Batt Cap - High LFP Chemistry"
2031,"ME",409.004320494375,"Decreasing Batt Cap - High LFP Chemistry"
2031,"MI",2893.78099696418,"Decreasing Batt Cap - High LFP Chemistry"
2031,"MN",1830.25716803595,"Decreasing Batt Cap - High LFP Chemistry"
2031,"MO",1779.74862304179,"Decreasing Batt Cap - High LFP Chemistry"
2031,"MS",714.426502618044,"Decreasing Batt Cap - High LFP Chemistry"
2031,"MT",303.233196033337,"Decreasing Batt Cap - High LFP Chemistry"
2031,"MX",1730.74496778146,"Decreasing Batt Cap - High LFP Chemistry"
2031,"NB",152.110513360701,"Decreasing Batt Cap - High LFP Chemistry"
2031,"NC",3295.34858949102,"Decreasing Batt Cap - High LFP Chemistry"
2031,"ND",203.609064215854,"Decreasing Batt Cap - High LFP Chemistry"
2031,"NE",553.125283639705,"Decreasing Batt Cap - High LFP Chemistry"
2031,"NH",444.143826851586,"Decreasing Batt Cap - High LFP Chemistry"
2031,"NJ",3867.93051113892,"Decreasing Batt Cap - High LFP Chemistry"
2031,"NL",95.246199432989,"Decreasing Batt Cap - High LFP Chemistry"
2031,"NM",688.774495559976,"Decreasing Batt Cap - High LFP Chemistry"
2031,"NS",182.419058944425,"Decreasing Batt Cap - High LFP Chemistry"
2031,"NT",2.46564270596521,"Decreasing Batt Cap - High LFP Chemistry"
2031,"NU",0,"Decreasing Batt Cap - High LFP Chemistry"
2031,"NV",1285.65266604528,"Decreasing Batt Cap - High LFP Chemistry"
2031,"NY",6680.58777580374,"Decreasing Batt Cap - High LFP Chemistry"
2031,"OH",3405.19271958101,"Decreasing Batt Cap - High LFP Chemistry"
2031,"OK",1192.4032763881,"Decreasing Batt Cap - High LFP Chemistry"
2031,"ON",3891.12981271944,"Decreasing Batt Cap - High LFP Chemistry"
2031,"OR",2441.49130295754,"Decreasing Batt Cap - High LFP Chemistry"
2031,"PA",3922.55614845436,"Decreasing Batt Cap - High LFP Chemistry"
2031,"PE",35.8360312060706,"Decreasing Batt Cap - High LFP Chemistry"
2031,"QC",3574.61479924538,"Decreasing Batt Cap - High LFP Chemistry"
2031,"RI",366.361377408763,"Decreasing Batt Cap - High LFP Chemistry"
2031,"SC",1480.75819457912,"Decreasing Batt Cap - High LFP Chemistry"
2031,"SD",238.42291335743,"Decreasing Batt Cap - High LFP Chemistry"
2031,"SK",215.614660320967,"Decreasing Batt Cap - High LFP Chemistry"
2031,"TN",2101.22101294867,"Decreasing Batt Cap - High LFP Chemistry"
2031,"TX",9885.9546978025,"Decreasing Batt Cap - High LFP Chemistry"
2031,"UT",1368.76952753651,"Decreasing Batt Cap - High LFP Chemistry"
2031,"VA",3074.71213183807,"Decreasing Batt Cap - High LFP Chemistry"
2031,"VT",283.601445290168,"Decreasing Batt Cap - High LFP Chemistry"
2031,"WA",4878.09674581346,"Decreasing Batt Cap - High LFP Chemistry"
2031,"WI",1760.40776872622,"Decreasing Batt Cap - High LFP Chemistry"
2031,"WV",412.751395789817,"Decreasing Batt Cap - High LFP Chemistry"
2031,"WY",161.414907727102,"Decreasing Batt Cap - High LFP Chemistry"
2031,"YT",7.91729053175156,"Decreasing Batt Cap - High LFP Chemistry"
2032,"AB",1621.08543908028,"Decreasing Batt Cap - High LFP Chemistry"
2032,"AK",313.369515853449,"Decreasing Batt Cap - High LFP Chemistry"
2032,"AL",1990.75476835949,"Decreasing Batt Cap - High LFP Chemistry"
2032,"AR",1134.91486392184,"Decreasing Batt Cap - High LFP Chemistry"
2032,"AZ",4382.15419719803,"Decreasing Batt Cap - High LFP Chemistry"
2032,"BC",3718.88724491697,"Decreasing Batt Cap - High LFP Chemistry"
2032,"CA",41917.2534156969,"Decreasing Batt Cap - High LFP Chemistry"
2032,"CO",4277.60091835339,"Decreasing Batt Cap - High LFP Chemistry"
2032,"CT",1902.59143027588,"Decreasing Batt Cap - High LFP Chemistry"
2032,"DC",433.666978586324,"Decreasing Batt Cap - High LFP Chemistry"
2032,"DE",492.432612116141,"Decreasing Batt Cap - High LFP Chemistry"
2032,"FL",12051.8231677183,"Decreasing Batt Cap - High LFP Chemistry"
2032,"GA",6119.97612224756,"Decreasing Batt Cap - High LFP Chemistry"
2032,"HI",1279.30134120157,"Decreasing Batt Cap - High LFP Chemistry"
2032,"IA",1290.41228728014,"Decreasing Batt Cap - High LFP Chemistry"
2032,"ID",865.4771571956,"Decreasing Batt Cap - High LFP Chemistry"
2032,"IL",6183.01717555816,"Decreasing Batt Cap - High LFP Chemistry"
2032,"IN",2882.20157837479,"Decreasing Batt Cap - High LFP Chemistry"
2032,"KS",1249.87493882557,"Decreasing Batt Cap - High LFP Chemistry"
2032,"KY",1768.23375968622,"Decreasing Batt Cap - High LFP Chemistry"
2032,"LA",1729.66474895345,"Decreasing Batt Cap - High LFP Chemistry"
2032,"MA",4240.37206963905,"Decreasing Batt Cap - High LFP Chemistry"
2032,"MB",418.377633667543,"Decreasing Batt Cap - High LFP Chemistry"
2032,"MD",3757.79786017265,"Decreasing Batt Cap - High LFP Chemistry"
2032,"ME",605.480720331251,"Decreasing Batt Cap - High LFP Chemistry"
2032,"MI",4290.81540834327,"Decreasing Batt Cap - High LFP Chemistry"
2032,"MN",2721.9454828413,"Decreasing Batt Cap - High LFP Chemistry"
2032,"MO",2640.84724872334,"Decreasing Batt Cap - High LFP Chemistry"
2032,"MS",1080.5250414404,"Decreasing Batt Cap - High LFP Chemistry"
2032,"MT",458.853093235952,"Decreasing Batt Cap - High LFP Chemistry"
2032,"MX",2784.9298854444,"Decreasing Batt Cap - High LFP Chemistry"
2032,"NB",249.006714909503,"Decreasing Batt Cap - High LFP Chemistry"
2032,"NC",4921.86159288437,"Decreasing Batt Cap - High LFP Chemistry"
2032,"ND",308.703067747008,"Decreasing Batt Cap - High LFP Chemistry"
2032,"NE",824.215060113887,"Decreasing Batt Cap - High LFP Chemistry"
2032,"NH",668.099399645301,"Decreasing Batt Cap - High LFP Chemistry"
2032,"NJ",5769.86867287328,"Decreasing Batt Cap - High LFP Chemistry"
2032,"NL",158.121927208861,"Decreasing Batt Cap - High LFP Chemistry"
2032,"NM",1046.51004626862,"Decreasing Batt Cap - High LFP Chemistry"
2032,"NS",302.263738283134,"Decreasing Batt Cap - High LFP Chemistry"
2032,"NT",4.91666451467752,"Decreasing Batt Cap - High LFP Chemistry"
2032,"NU",0,"Decreasing Batt Cap - High LFP Chemistry"
2032,"NV",1902.56077912962,"Decreasing Batt Cap - High LFP Chemistry"
2032,"NY",9926.02271509106,"Decreasing Batt Cap - High LFP Chemistry"
2032,"OH",5084.29719853147,"Decreasing Batt Cap - High LFP Chemistry"
2032,"OK",1774.33482360034,"Decreasing Batt Cap - High LFP Chemistry"
2032,"ON",6292.27924413432,"Decreasing Batt Cap - High LFP Chemistry"
2032,"OR",3495.27998679464,"Decreasing Batt Cap - High LFP Chemistry"
2032,"PA",5837.39849803374,"Decreasing Batt Cap - High LFP Chemistry"
2032,"PE",58.6911859511672,"Decreasing Batt Cap - High LFP Chemistry"
2032,"QC",5601.79687333526,"Decreasing Batt Cap - High LFP Chemistry"
2032,"RI",550.15185026255,"Decreasing Batt Cap - High LFP Chemistry"
2032,"SC",2206.46034920282,"Decreasing Batt Cap - High LFP Chemistry"
2032,"SD",356.315860827944,"Decreasing Batt Cap - High LFP Chemistry"
2032,"SK",361.661406058449,"Decreasing Batt Cap - High LFP Chemistry"
2032,"TN",3099.96413455315,"Decreasing Batt Cap - High LFP Chemistry"
2032,"TX",14694.6610106494,"Decreasing Batt Cap - High LFP Chemistry"
2032,"UT",2014.09922435988,"Decreasing Batt Cap - High LFP Chemistry"
2032,"VA",4571.93540426564,"Decreasing Batt Cap - High LFP Chemistry"
2032,"VT",413.513471030035,"Decreasing Batt Cap - High LFP Chemistry"
2032,"WA",7013.60149724885,"Decreasing Batt Cap - High LFP Chemistry"
2032,"WI",2584.02882075412,"Decreasing Batt Cap - High LFP Chemistry"
2032,"WV",637.517445071984,"Decreasing Batt Cap - High LFP Chemistry"
2032,"WY",228.396748386415,"Decreasing Batt Cap - High LFP Chemistry"
2032,"YT",11.1049630644571,"Decreasing Batt Cap - High LFP Chemistry"
2033,"AB",2527.42442888015,"Decreasing Batt Cap - High LFP Chemistry"
2033,"AK",445.364155211714,"Decreasing Batt Cap - High LFP Chemistry"
2033,"AL",2874.31780690686,"Decreasing Batt Cap - High LFP Chemistry"
2033,"AR",1646.11422325805,"Decreasing Batt Cap - High LFP Chemistry"
2033,"AZ",6246.70345698,"Decreasing Batt Cap - High LFP Chemistry"
2033,"BC",5522.51345392582,"Decreasing Batt Cap - High LFP Chemistry"
2033,"CA",56947.1109687372,"Decreasing Batt Cap - High LFP Chemistry"
2033,"CO",6091.77725727942,"Decreasing Batt Cap - High LFP Chemistry"
2033,"CT",2666.59825742038,"Decreasing Batt Cap - High LFP Chemistry"
2033,"DC",606.552032620023,"Decreasing Batt Cap - High LFP Chemistry"
2033,"DE",708.159318445433,"Decreasing Batt Cap - High LFP Chemistry"
2033,"FL",17208.2459725697,"Decreasing Batt Cap - High LFP Chemistry"
2033,"GA",8420.48475182845,"Decreasing Batt Cap - High LFP Chemistry"
2033,"HI",1711.14210406894,"Decreasing Batt Cap - High LFP Chemistry"
2033,"IA",1855.649088449,"Decreasing Batt Cap - High LFP Chemistry"
2033,"ID",1259.52196159917,"Decreasing Batt Cap - High LFP Chemistry"
2033,"IL",8743.23039272727,"Decreasing Batt Cap - High LFP Chemistry"
2033,"IN",4136.06836972007,"Decreasing Batt Cap - High LFP Chemistry"
2033,"KS",1788.4067392575,"Decreasing Batt Cap - High LFP Chemistry"
2033,"KY",2554.87674197092,"Decreasing Batt Cap - High LFP Chemistry"
2033,"LA",2494.522517002,"Decreasing Batt Cap - High LFP Chemistry"
2033,"MA",6078.65531058392,"Decreasing Batt Cap - High LFP Chemistry"
2033,"MB",657.163031330582,"Decreasing Batt Cap - High LFP Chemistry"
2033,"MD",5409.43483677996,"Decreasing Batt Cap - High LFP Chemistry"
2033,"ME",870.647036628264,"Decreasing Batt Cap - High LFP Chemistry"
2033,"MI",6134.62853900234,"Decreasing Batt Cap - High LFP Chemistry"
2033,"MN",3906.82585610745,"Decreasing Batt Cap - High LFP Chemistry"
2033,"MO",3774.7395781161,"Decreasing Batt Cap - High LFP Chemistry"
2033,"MS",1553.11819170065,"Decreasing Batt Cap - High LFP Chemistry"
2033,"MT",654.0340961531,"Decreasing Batt Cap - High LFP Chemistry"
2033,"MX",4417.60490391487,"Decreasing Batt Cap - High LFP Chemistry"
2033,"NB",412.201589529078,"Decreasing Batt Cap - High LFP Chemistry"
2033,"NC",7067.39746657886,"Decreasing Batt Cap - High LFP Chemistry"
2033,"ND",440.608507863253,"Decreasing Batt Cap - High LFP Chemistry"
2033,"NE",1191.98392609483,"Decreasing Batt Cap - High LFP Chemistry"
2033,"NH",955.451629857815,"Decreasing Batt Cap - High LFP Chemistry"
2033,"NJ",8344.0181785755,"Decreasing Batt Cap - High LFP Chemistry"
2033,"NL",235.300933007453,"Decreasing Batt Cap - High LFP Chemistry"
2033,"NM",1513.15862604612,"Decreasing Batt Cap - High LFP Chemistry"
2033,"NS",482.065920955413,"Decreasing Batt Cap - High LFP Chemistry"
2033,"NT",7.61897563504902,"Decreasing Batt Cap - High LFP Chemistry"
2033,"NU",0,"Decreasing Batt Cap - High LFP Chemistry"
2033,"NV",2720.90658482366,"Decreasing Batt Cap - High LFP Chemistry"
2033,"NY",14262.4187542906,"Decreasing Batt Cap - High LFP Chemistry"
2033,"OH",7284.42626998193,"Decreasing Batt Cap - High LFP Chemistry"
2033,"OK",2560.72309827916,"Decreasing Batt Cap - High LFP Chemistry"
2033,"ON",9602.59860981449,"Decreasing Batt Cap - High LFP Chemistry"
2033,"OR",4844.82462523159,"Decreasing Batt Cap - High LFP Chemistry"
2033,"PA",8373.67723835297,"Decreasing Batt Cap - High LFP Chemistry"
2033,"PE",80.6717221135746,"Decreasing Batt Cap - High LFP Chemistry"
2033,"QC",8323.67162679127,"Decreasing Batt Cap - High LFP Chemistry"
2033,"RI",793.745288124241,"Decreasing Batt Cap - High LFP Chemistry"
2033,"SC",3202.95826675968,"Decreasing Batt Cap - High LFP Chemistry"
2033,"SD",499.845755227747,"Decreasing Batt Cap - High LFP Chemistry"
2033,"SK",556.345765701652,"Decreasing Batt Cap - High LFP Chemistry"
2033,"TN",4451.51576979534,"Decreasing Batt Cap - High LFP Chemistry"
2033,"TX",21068.5283535488,"Decreasing Batt Cap - High LFP Chemistry"
2033,"UT",2849.8460181122,"Decreasing Batt Cap - High LFP Chemistry"
2033,"VA",6569.64182810893,"Decreasing Batt Cap - High LFP Chemistry"
2033,"VT",595.384543143177,"Decreasing Batt Cap - High LFP Chemistry"
2033,"WA",9726.42357509022,"Decreasing Batt Cap - High LFP Chemistry"
2033,"WI",3655.34181796958,"Decreasing Batt Cap - High LFP Chemistry"
2033,"WV",911.641291850756,"Decreasing Batt Cap - High LFP Chemistry"
2033,"WY",322.483498098348,"Decreasing Batt Cap - High LFP Chemistry"
2033,"YT",16.763584465686,"Decreasing Batt Cap - High LFP Chemistry"
2034,"AB",3906.40768780173,"Decreasing Batt Cap - High LFP Chemistry"
2034,"AK",604.105365465432,"Decreasing Batt Cap - High LFP Chemistry"
2034,"AL",4041.96202993687,"Decreasing Batt Cap - High LFP Chemistry"
2034,"AR",2321.8643790244,"Decreasing Batt Cap - High LFP Chemistry"
2034,"AZ",8692.87507606174,"Decreasing Batt Cap - High LFP Chemistry"
2034,"BC",8059.73379793144,"Decreasing Batt Cap - High LFP Chemistry"
2034,"CA",76611.7262950404,"Decreasing Batt Cap - High LFP Chemistry"
2034,"CO",8567.06704621841,"Decreasing Batt Cap - High LFP Chemistry"
2034,"CT",3682.39069301412,"Decreasing Batt Cap - High LFP Chemistry"
2034,"DC",832.266317289638,"Decreasing Batt Cap - High LFP Chemistry"
2034,"DE",1009.30050309336,"Decreasing Batt Cap - High LFP Chemistry"
2034,"FL",24100.7596997813,"Decreasing Batt Cap - High LFP Chemistry"
2034,"GA",11410.9250229547,"Decreasing Batt Cap - High LFP Chemistry"
2034,"HI",2267.59994424068,"Decreasing Batt Cap - High LFP Chemistry"
2034,"IA",2618.29094985119,"Decreasing Batt Cap - High LFP Chemistry"
2034,"ID",1763.8509406447,"Decreasing Batt Cap - High LFP Chemistry"
2034,"IL",12057.202555599,"Decreasing Batt Cap - High LFP Chemistry"
2034,"IN",5793.85202955134,"Decreasing Batt Cap - High LFP Chemistry"
2034,"KS",2498.26661500823,"Decreasing Batt Cap - High LFP Chemistry"
2034,"KY",3585.94926484148,"Decreasing Batt Cap - High LFP Chemistry"
2034,"LA",3495.25459157587,"Decreasing Batt Cap - High LFP Chemistry"
2034,"MA",8555.26628605191,"Decreasing Batt Cap - High LFP Chemistry"
2034,"MB",1018.78043918369,"Decreasing Batt Cap - High LFP Chemistry"
2034,"MD",7608.80826408602,"Decreasing Batt Cap - High LFP Chemistry"
2034,"ME",1225.53873384756,"Decreasing Batt Cap - High LFP Chemistry"
2034,"MI",8553.07903733523,"Decreasing Batt Cap - High LFP Chemistry"
2034,"MN",5441.77284340723,"Decreasing Batt Cap - High LFP Chemistry"
2034,"MO",5262.16070640765,"Decreasing Batt Cap - High LFP Chemistry"
2034,"MS",2183.01680823648,"Decreasing Batt Cap - High LFP Chemistry"
2034,"MT",922.20094716689,"Decreasing Batt Cap - High LFP Chemistry"
2034,"MX",6884.8027699897,"Decreasing Batt Cap - High LFP Chemistry"
2034,"NB",625.941925920379,"Decreasing Batt Cap - High LFP Chemistry"
2034,"NC",9900.5756948794,"Decreasing Batt Cap - High LFP Chemistry"
2034,"ND",623.671126128882,"Decreasing Batt Cap - High LFP Chemistry"
2034,"NE",1674.85832579675,"Decreasing Batt Cap - High LFP Chemistry"
2034,"NH",1343.24224374693,"Decreasing Batt Cap - High LFP Chemistry"
2034,"NJ",11803.5415604652,"Decreasing Batt Cap - High LFP Chemistry"
2034,"NL",365.018771115692,"Decreasing Batt Cap - High LFP Chemistry"
2034,"NM",2145.40715182536,"Decreasing Batt Cap - High LFP Chemistry"
2034,"NS",758.16244824688,"Decreasing Batt Cap - High LFP Chemistry"
2034,"NT",19.3081691717959,"Decreasing Batt Cap - High LFP Chemistry"
2034,"NU",8.51207371765981,"Decreasing Batt Cap - High LFP Chemistry"
2034,"NV",3810.58881564688,"Decreasing Batt Cap - High LFP Chemistry"
2034,"NY",20017.1200132086,"Decreasing Batt Cap - High LFP Chemistry"
2034,"OH",10162.4457393004,"Decreasing Batt Cap - High LFP Chemistry"
2034,"OK",3575.22546715283,"Decreasing Batt Cap - High LFP Chemistry"
2034,"ON",14281.5718593188,"Decreasing Batt Cap - High LFP Chemistry"
2034,"OR",6614.37327499014,"Decreasing Batt Cap - High LFP Chemistry"
2034,"PA",11707.7867526826,"Decreasing Batt Cap - High LFP Chemistry"
2034,"PE",134.820258378487,"Decreasing Batt Cap - High LFP Chemistry"
2034,"QC",12055.0743624586,"Decreasing Batt Cap - High LFP Chemistry"
2034,"RI",1137.24184921948,"Decreasing Batt Cap - High LFP Chemistry"
2034,"SC",4521.32338128512,"Decreasing Batt Cap - High LFP Chemistry"
2034,"SD",707.574314942837,"Decreasing Batt Cap - High LFP Chemistry"
2034,"SK",874.483129382145,"Decreasing Batt Cap - High LFP Chemistry"
2034,"TN",6223.52365297749,"Decreasing Batt Cap - High LFP Chemistry"
2034,"TX",29522.191358359,"Decreasing Batt Cap - High LFP Chemistry"
2034,"UT",3967.52723571011,"Decreasing Batt Cap - High LFP Chemistry"
2034,"VA",9183.74331589738,"Decreasing Batt Cap - High LFP Chemistry"
2034,"VT",832.112304865347,"Decreasing Batt Cap - High LFP Chemistry"
2034,"WA",13314.6915588706,"Decreasing Batt Cap - High LFP Chemistry"
2034,"WI",5069.63758084935,"Decreasing Batt Cap - High LFP Chemistry"
2034,"WV",1277.12737023214,"Decreasing Batt Cap - High LFP Chemistry"
2034,"WY",448.174484819455,"Decreasing Batt Cap - High LFP Chemistry"
2034,"YT",36.4012161296756,"Decreasing Batt Cap - High LFP Chemistry"
2035,"AB",5879.80088097078,"Decreasing Batt Cap - High LFP Chemistry"
2035,"AK",836.18522726716,"Decreasing Batt Cap - High LFP Chemistry"
2035,"AL",5577.38088242567,"Decreasing Batt Cap - High LFP Chemistry"
2035,"AR",3202.44652161467,"Decreasing Batt Cap - High LFP Chemistry"
2035,"AZ",11874.6044524015,"Decreasing Batt Cap - High LFP Chemistry"
2035,"BC",11530.6161731281,"Decreasing Batt Cap - High LFP Chemistry"
2035,"CA",103003.761200011,"Decreasing Batt Cap - High LFP Chemistry"
2035,"CO",11899.2559367191,"Decreasing Batt Cap - High LFP Chemistry"
2035,"CT",4998.32700521989,"Decreasing Batt Cap - High LFP Chemistry"
2035,"DC",1154.873878556,"Decreasing Batt Cap - High LFP Chemistry"
2035,"DE",1407.08181925051,"Decreasing Batt Cap - High LFP Chemistry"
2035,"FL",33210.4066640974,"Decreasing Batt Cap - High LFP Chemistry"
2035,"GA",15391.0253103724,"Decreasing Batt Cap - High LFP Chemistry"
2035,"HI",2960.55068521271,"Decreasing Batt Cap - High LFP Chemistry"
2035,"IA",3589.64626490937,"Decreasing Batt Cap - High LFP Chemistry"
2035,"ID",2438.51003211571,"Decreasing Batt Cap - High LFP Chemistry"
2035,"IL",16399.9824560386,"Decreasing Batt Cap - High LFP Chemistry"
2035,"IN",7924.33356058889,"Decreasing Batt Cap - High LFP Chemistry"
2035,"KS",3415.58973228879,"Decreasing Batt Cap - High LFP Chemistry"
2035,"KY",4914.01041265247,"Decreasing Batt Cap - High LFP Chemistry"
2035,"LA",4776.09919365078,"Decreasing Batt Cap - High LFP Chemistry"
2035,"MA",11852.0107392578,"Decreasing Batt Cap - High LFP Chemistry"
2035,"MB",1528.52834670027,"Decreasing Batt Cap - High LFP Chemistry"
2035,"MD",10604.7725845027,"Decreasing Batt Cap - High LFP Chemistry"
2035,"ME",1689.3260383153,"Decreasing Batt Cap - High LFP Chemistry"
2035,"MI",11704.267926115,"Decreasing Batt Cap - High LFP Chemistry"
2035,"MN",7453.53577750337,"Decreasing Batt Cap - High LFP Chemistry"
2035,"MO",7217.85465908344,"Decreasing Batt Cap - High LFP Chemistry"
2035,"MS",2992.92320588131,"Decreasing Batt Cap - High LFP Chemistry"
2035,"MT",1279.42703135928,"Decreasing Batt Cap - High LFP Chemistry"
2035,"MX",10578.0488700028,"Decreasing Batt Cap - High LFP Chemistry"
2035,"NB",951.971816960491,"Decreasing Batt Cap - High LFP Chemistry"
2035,"NC",13632.0477410126,"Decreasing Batt Cap - High LFP Chemistry"
2035,"ND",859.64187449248,"Decreasing Batt Cap - High LFP Chemistry"
2035,"NE",2286.61173425472,"Decreasing Batt Cap - High LFP Chemistry"
2035,"NH",1852.51730863626,"Decreasing Batt Cap - High LFP Chemistry"
2035,"NJ",16500.4458607466,"Decreasing Batt Cap - High LFP Chemistry"
2035,"NL",548.879974587582,"Decreasing Batt Cap - High LFP Chemistry"
2035,"NM",2989.79145122539,"Decreasing Batt Cap - High LFP Chemistry"
2035,"NS",1150.78785630415,"Decreasing Batt Cap - High LFP Chemistry"
2035,"NT",35.9617726354982,"Decreasing Batt Cap - High LFP Chemistry"
2035,"NU",17.0241474353196,"Decreasing Batt Cap - High LFP Chemistry"
2035,"NV",5267.35699125803,"Decreasing Batt Cap - High LFP Chemistry"
2035,"NY",27579.3862591164,"Decreasing Batt Cap - High LFP Chemistry"
2035,"OH",13887.5663365097,"Decreasing Batt Cap - High LFP Chemistry"
2035,"OK",4949.43767632905,"Decreasing Batt Cap - High LFP Chemistry"
2035,"ON",20824.040571215,"Decreasing Batt Cap - High LFP Chemistry"
2035,"OR",8971.66003573574,"Decreasing Batt Cap - High LFP Chemistry"
2035,"PA",16069.4210807999,"Decreasing Batt Cap - High LFP Chemistry"
2035,"PE",204.635332343619,"Decreasing Batt Cap - High LFP Chemistry"
2035,"QC",17200.421140012,"Decreasing Batt Cap - High LFP Chemistry"
2035,"RI",1584.58177565486,"Decreasing Batt Cap - High LFP Chemistry"
2035,"SC",6256.1036983533,"Decreasing Batt Cap - High LFP Chemistry"
2035,"SD",974.062011517043,"Decreasing Batt Cap - High LFP Chemistry"
2035,"SK",1324.08712198139,"Decreasing Batt Cap - High LFP Chemistry"
2035,"TN",8556.28545073661,"Decreasing Batt Cap - High LFP Chemistry"
2035,"TX",40739.9927028028,"Decreasing Batt Cap - High LFP Chemistry"
2035,"UT",5438.58178812146,"Decreasing Batt Cap - High LFP Chemistry"
2035,"VA",12662.6163751151,"Decreasing Batt Cap - High LFP Chemistry"
2035,"VT",1143.78098115148,"Decreasing Batt Cap - High LFP Chemistry"
2035,"WA",18028.9616212972,"Decreasing Batt Cap - High LFP Chemistry"
2035,"WI",6902.77838665585,"Decreasing Batt Cap - High LFP Chemistry"
2035,"WV",1763.92315099738,"Decreasing Batt Cap - High LFP Chemistry"
2035,"WY",620.722236028978,"Decreasing Batt Cap - High LFP Chemistry"
2035,"YT",51.6176716541191,"Decreasing Batt Cap - High LFP Chemistry"
2036,"AB",8641.7115348436,"Decreasing Batt Cap - High LFP Chemistry"
2036,"AK",1113.0630649645,"Decreasing Batt Cap - High LFP Chemistry"
2036,"AL",7520.92723919898,"Decreasing Batt Cap - High LFP Chemistry"
2036,"AR",4302.84307974172,"Decreasing Batt Cap - High LFP Chemistry"
2036,"AZ",15830.4326460778,"Decreasing Batt Cap - High LFP Chemistry"
2036,"BC",15971.5721178323,"Decreasing Batt Cap - High LFP Chemistry"
2036,"CA",136765.076017476,"Decreasing Batt Cap - High LFP Chemistry"
2036,"CO",16246.4822660178,"Decreasing Batt Cap - High LFP Chemistry"
2036,"CT",6642.07632633431,"Decreasing Batt Cap - High LFP Chemistry"
2036,"DC",1553.49261289171,"Decreasing Batt Cap - High LFP Chemistry"
2036,"DE",1908.80601200168,"Decreasing Batt Cap - High LFP Chemistry"
2036,"FL",44824.910535349,"Decreasing Batt Cap - High LFP Chemistry"
2036,"GA",20535.9142729314,"Decreasing Batt Cap - High LFP Chemistry"
2036,"HI",3780.15298014913,"Decreasing Batt Cap - High LFP Chemistry"
2036,"IA",4838.39727258717,"Decreasing Batt Cap - High LFP Chemistry"
2036,"ID",3331.40233961644,"Decreasing Batt Cap - High LFP Chemistry"
2036,"IL",21864.1064761376,"Decreasing Batt Cap - High LFP Chemistry"
2036,"IN",10648.8676194475,"Decreasing Batt Cap - High LFP Chemistry"
2036,"KS",4576.63079642138,"Decreasing Batt Cap - High LFP Chemistry"
2036,"KY",6631.90490608285,"Decreasing Batt Cap - High LFP Chemistry"
2036,"LA",6425.95009834228,"Decreasing Batt Cap - High LFP Chemistry"
2036,"MA",16127.2849083055,"Decreasing Batt Cap - High LFP Chemistry"
2036,"MB",2245.38419657009,"Decreasing Batt Cap - High LFP Chemistry"
2036,"MD",14532.9388195707,"Decreasing Batt Cap - High LFP Chemistry"
2036,"ME",2263.26132733143,"Decreasing Batt Cap - High LFP Chemistry"
2036,"MI",15733.5797528372,"Decreasing Batt Cap - High LFP Chemistry"
2036,"MN",10017.5245350235,"Decreasing Batt Cap - High LFP Chemistry"
2036,"MO",9677.04556841729,"Decreasing Batt Cap - High LFP Chemistry"
2036,"MS",4036.23008805147,"Decreasing Batt Cap - High LFP Chemistry"
2036,"MT",1741.69112120675,"Decreasing Batt Cap - High LFP Chemistry"
2036,"MX",15975.5797769169,"Decreasing Batt Cap - High LFP Chemistry"
2036,"NB",1392.68557748268,"Decreasing Batt Cap - High LFP Chemistry"
2036,"NC",18414.5227097003,"Decreasing Batt Cap - High LFP Chemistry"
2036,"ND",1188.94328298733,"Decreasing Batt Cap - High LFP Chemistry"
2036,"NE",3109.23021919721,"Decreasing Batt Cap - High LFP Chemistry"
2036,"NH",2476.55417168745,"Decreasing Batt Cap - High LFP Chemistry"
2036,"NJ",22669.3740906694,"Decreasing Batt Cap - High LFP Chemistry"
2036,"NL",810.284663417649,"Decreasing Batt Cap - High LFP Chemistry"
2036,"NM",4139.42045485117,"Decreasing Batt Cap - High LFP Chemistry"
2036,"NS",1694.9171276072,"Decreasing Batt Cap - High LFP Chemistry"
2036,"NT",54.9395598983801,"Decreasing Batt Cap - High LFP Chemistry"
2036,"NU",32.8158135174815,"Decreasing Batt Cap - High LFP Chemistry"
2036,"NV",7122.58723128908,"Decreasing Batt Cap - High LFP Chemistry"
2036,"NY",37379.3423968455,"Decreasing Batt Cap - High LFP Chemistry"
2036,"OH",18608.467859455,"Decreasing Batt Cap - High LFP Chemistry"
2036,"OK",6709.72848544039,"Decreasing Batt Cap - High LFP Chemistry"
2036,"ON",29666.178726267,"Decreasing Batt Cap - High LFP Chemistry"
2036,"OR",11984.9677975707,"Decreasing Batt Cap - High LFP Chemistry"
2036,"PA",21633.739221185,"Decreasing Batt Cap - High LFP Chemistry"
2036,"PE",315.411557658015,"Decreasing Batt Cap - High LFP Chemistry"
2036,"QC",23872.8231553382,"Decreasing Batt Cap - High LFP Chemistry"
2036,"RI",2198.78364049067,"Decreasing Batt Cap - High LFP Chemistry"
2036,"SC",8511.03111693526,"Decreasing Batt Cap - High LFP Chemistry"
2036,"SD",1337.18135231688,"Decreasing Batt Cap - High LFP Chemistry"
2036,"SK",1956.13436485381,"Decreasing Batt Cap - High LFP Chemistry"
2036,"TN",11530.9418108661,"Decreasing Batt Cap - High LFP Chemistry"
2036,"TX",55177.2909972062,"Decreasing Batt Cap - High LFP Chemistry"
2036,"UT",7309.96959514674,"Decreasing Batt Cap - High LFP Chemistry"
2036,"VA",17104.6451315678,"Decreasing Batt Cap - High LFP Chemistry"
2036,"VT",1559.58934527432,"Decreasing Batt Cap - High LFP Chemistry"
2036,"WA",24171.9995899443,"Decreasing Batt Cap - High LFP Chemistry"
2036,"WI",9250.39669610558,"Decreasing Batt Cap - High LFP Chemistry"
2036,"WV",2360.43668379632,"Decreasing Batt Cap - High LFP Chemistry"
2036,"WY",826.389299918286,"Decreasing Batt Cap - High LFP Chemistry"
2036,"YT",78.337236027424,"Decreasing Batt Cap - High LFP Chemistry"
2037,"AB",12300.1465360167,"Decreasing Batt Cap - High LFP Chemistry"
2037,"AK",1457.75629207271,"Decreasing Batt Cap - High LFP Chemistry"
2037,"AL",9967.33666430119,"Decreasing Batt Cap - High LFP Chemistry"
2037,"AR",5694.41178120737,"Decreasing Batt Cap - High LFP Chemistry"
2037,"AZ",20495.793126151,"Decreasing Batt Cap - High LFP Chemistry"
2037,"BC",21271.3719686657,"Decreasing Batt Cap - High LFP Chemistry"
2037,"CA",175920.675517509,"Decreasing Batt Cap - High LFP Chemistry"
2037,"CO",21646.7400731267,"Decreasing Batt Cap - High LFP Chemistry"
2037,"CT",8629.45554200099,"Decreasing Batt Cap - High LFP Chemistry"
2037,"DC",2031.38838000255,"Decreasing Batt Cap - High LFP Chemistry"
2037,"DE",2533.72310625146,"Decreasing Batt Cap - High LFP Chemistry"
2037,"FL",58693.6438322256,"Decreasing Batt Cap - High LFP Chemistry"
2037,"GA",26799.8540554474,"Decreasing Batt Cap - High LFP Chemistry"
2037,"HI",4733.74877830169,"Decreasing Batt Cap - High LFP Chemistry"
2037,"IA",6399.18075330704,"Decreasing Batt Cap - High LFP Chemistry"
2037,"ID",4414.39954504026,"Decreasing Batt Cap - High LFP Chemistry"
2037,"IL",28384.0148771789,"Decreasing Batt Cap - High LFP Chemistry"
2037,"IN",13995.8888556155,"Decreasing Batt Cap - High LFP Chemistry"
2037,"KS",6014.15841727208,"Decreasing Batt Cap - High LFP Chemistry"
2037,"KY",8759.93910159087,"Decreasing Batt Cap - High LFP Chemistry"
2037,"LA",8446.60470224292,"Decreasing Batt Cap - High LFP Chemistry"
2037,"MA",21445.4461813594,"Decreasing Batt Cap - High LFP Chemistry"
2037,"MB",3171.49077174393,"Decreasing Batt Cap - High LFP Chemistry"
2037,"MD",19393.9650633748,"Decreasing Batt Cap - High LFP Chemistry"
2037,"ME",2965.93720594923,"Decreasing Batt Cap - High LFP Chemistry"
2037,"MI",20639.5750045175,"Decreasing Batt Cap - High LFP Chemistry"
2037,"MN",13134.0472885275,"Decreasing Batt Cap - High LFP Chemistry"
2037,"MO",12728.5908596995,"Decreasing Batt Cap - High LFP Chemistry"
2037,"MS",5358.88962270703,"Decreasing Batt Cap - High LFP Chemistry"
2037,"MT",2283.00878451673,"Decreasing Batt Cap - High LFP Chemistry"
2037,"MX",23685.6391880059,"Decreasing Batt Cap - High LFP Chemistry"
2037,"NB",2025.75172535941,"Decreasing Batt Cap - High LFP Chemistry"
2037,"NC",24214.6246674157,"Decreasing Batt Cap - High LFP Chemistry"
2037,"ND",1593.05226271965,"Decreasing Batt Cap - High LFP Chemistry"
2037,"NE",4112.69977156489,"Decreasing Batt Cap - High LFP Chemistry"
2037,"NH",3258.08879004164,"Decreasing Batt Cap - High LFP Chemistry"
2037,"NJ",30199.8608006494,"Decreasing Batt Cap - High LFP Chemistry"
2037,"NL",1149.85155921814,"Decreasing Batt Cap - High LFP Chemistry"
2037,"NM",5563.23915991979,"Decreasing Batt Cap - High LFP Chemistry"
2037,"NS",2414.88560035325,"Decreasing Batt Cap - High LFP Chemistry"
2037,"NT",74.6739374534162,"Decreasing Batt Cap - High LFP Chemistry"
2037,"NU",39.7387666480437,"Decreasing Batt Cap - High LFP Chemistry"
2037,"NV",9313.66532189322,"Decreasing Batt Cap - High LFP Chemistry"
2037,"NY",49530.6620204509,"Decreasing Batt Cap - High LFP Chemistry"
2037,"OH",24400.6486272995,"Decreasing Batt Cap - High LFP Chemistry"
2037,"OK",8886.47003423351,"Decreasing Batt Cap - High LFP Chemistry"
2037,"ON",41087.7489810517,"Decreasing Batt Cap - High LFP Chemistry"
2037,"OR",15708.9234828977,"Decreasing Batt Cap - High LFP Chemistry"
2037,"PA",28427.2617606831,"Decreasing Batt Cap - High LFP Chemistry"
2037,"PE",434.756739162185,"Decreasing Batt Cap - High LFP Chemistry"
2037,"QC",32288.1118335429,"Decreasing Batt Cap - High LFP Chemistry"
2037,"RI",2963.20737141539,"Decreasing Batt Cap - High LFP Chemistry"
2037,"SC",11293.6777981961,"Decreasing Batt Cap - High LFP Chemistry"
2037,"SD",1792.46409584046,"Decreasing Batt Cap - High LFP Chemistry"
2037,"SK",2797.83561181805,"Decreasing Batt Cap - High LFP Chemistry"
2037,"TN",15245.537784009,"Decreasing Batt Cap - High LFP Chemistry"
2037,"TX",72752.7329518787,"Decreasing Batt Cap - High LFP Chemistry"
2037,"UT",9538.72732227207,"Decreasing Batt Cap - High LFP Chemistry"
2037,"VA",22449.9523594328,"Decreasing Batt Cap - High LFP Chemistry"
2037,"VT",2092.05149797954,"Decreasing Batt Cap - High LFP Chemistry"
2037,"WA",31692.8012979616,"Decreasing Batt Cap - High LFP Chemistry"
2037,"WI",12132.0643635634,"Decreasing Batt Cap - High LFP Chemistry"
2037,"WV",3105.31200698678,"Decreasing Batt Cap - High LFP Chemistry"
2037,"WY",1099.70382730361,"Decreasing Batt Cap - High LFP Chemistry"
2037,"YT",109.070686851613,"Decreasing Batt Cap - High LFP Chemistry"
2038,"AB",18401.6064790891,"Decreasing Batt Cap - High LFP Chemistry"
2038,"AK",1972.22622633256,"Decreasing Batt Cap - High LFP Chemistry"
2038,"AL",13707.5414083607,"Decreasing Batt Cap - High LFP Chemistry"
2038,"AR",7756.48173216414,"Decreasing Batt Cap - High LFP Chemistry"
2038,"AZ",26302.2297404796,"Decreasing Batt Cap - High LFP Chemistry"
2038,"BC",27246.7789567428,"Decreasing Batt Cap - High LFP Chemistry"
2038,"CA",227738.688858141,"Decreasing Batt Cap - High LFP Chemistry"
2038,"CO",29709.8903964965,"Decreasing Batt Cap - High LFP Chemistry"
2038,"CT",11138.003049339,"Decreasing Batt Cap - High LFP Chemistry"
2038,"DC",2666.91003138172,"Decreasing Batt Cap - High LFP Chemistry"
2038,"DE",3400.79324991543,"Decreasing Batt Cap - High LFP Chemistry"
2038,"FL",75544.3929756777,"Decreasing Batt Cap - High LFP Chemistry"
2038,"GA",35213.1742035093,"Decreasing Batt Cap - High LFP Chemistry"
2038,"HI",5761.17857145318,"Decreasing Batt Cap - High LFP Chemistry"
2038,"IA",8753.69406839952,"Decreasing Batt Cap - High LFP Chemistry"
2038,"ID",6101.02081721605,"Decreasing Batt Cap - High LFP Chemistry"
2038,"IL",36599.5669636169,"Decreasing Batt Cap - High LFP Chemistry"
2038,"IN",18934.5902592225,"Decreasing Batt Cap - High LFP Chemistry"
2038,"KS",8146.07665336944,"Decreasing Batt Cap - High LFP Chemistry"
2038,"KY",12001.0500634508,"Decreasing Batt Cap - High LFP Chemistry"
2038,"LA",11472.1201109322,"Decreasing Batt Cap - High LFP Chemistry"
2038,"MA",29263.0180284127,"Decreasing Batt Cap - High LFP Chemistry"
2038,"MB",4744.19114639992,"Decreasing Batt Cap - High LFP Chemistry"
2038,"MD",26644.0493542798,"Decreasing Batt Cap - High LFP Chemistry"
2038,"ME",3939.15105127292,"Decreasing Batt Cap - High LFP Chemistry"
2038,"MI",27245.7493758451,"Decreasing Batt Cap - High LFP Chemistry"
2038,"MN",17387.4381538358,"Decreasing Batt Cap - High LFP Chemistry"
2038,"MO",17049.622092528,"Decreasing Batt Cap - High LFP Chemistry"
2038,"MS",7458.18651418689,"Decreasing Batt Cap - High LFP Chemistry"
2038,"MT",3106.21255636917,"Decreasing Batt Cap - High LFP Chemistry"
2038,"MX",34339.6232647993,"Decreasing Batt Cap - High LFP Chemistry"
2038,"NB",3049.96972522493,"Decreasing Batt Cap - High LFP Chemistry"
2038,"NC",32254.9118107092,"Decreasing Batt Cap - High LFP Chemistry"
2038,"ND",2244.88081661566,"Decreasing Batt Cap - High LFP Chemistry"
2038,"NE",5613.41859787946,"Decreasing Batt Cap - High LFP Chemistry"
2038,"NH",4320.4657604462,"Decreasing Batt Cap - High LFP Chemistry"
2038,"NJ",40716.3228626982,"Decreasing Batt Cap - High LFP Chemistry"
2038,"NL",1765.121672801,"Decreasing Batt Cap - High LFP Chemistry"
2038,"NM",8071.03341887917,"Decreasing Batt Cap - High LFP Chemistry"
2038,"NS",3615.66468999912,"Decreasing Batt Cap - High LFP Chemistry"
2038,"NT",116.164333367039,"Decreasing Batt Cap - High LFP Chemistry"
2038,"NU",56.243711198085,"Decreasing Batt Cap - High LFP Chemistry"
2038,"NV",11810.3578395518,"Decreasing Batt Cap - High LFP Chemistry"
2038,"NY",67294.004172343,"Decreasing Batt Cap - High LFP Chemistry"
2038,"OH",32825.7079859873,"Decreasing Batt Cap - High LFP Chemistry"
2038,"OK",11819.5873204439,"Decreasing Batt Cap - High LFP Chemistry"
2038,"ON",58307.4603601463,"Decreasing Batt Cap - High LFP Chemistry"
2038,"OR",21342.1293041232,"Decreasing Batt Cap - High LFP Chemistry"
2038,"PA",38530.9904860833,"Decreasing Batt Cap - High LFP Chemistry"
2038,"PE",640.681733137505,"Decreasing Batt Cap - High LFP Chemistry"
2038,"QC",42389.629371364,"Decreasing Batt Cap - High LFP Chemistry"
2038,"RI",4210.73679876823,"Decreasing Batt Cap - High LFP Chemistry"
2038,"SC",15519.180349786,"Decreasing Batt Cap - High LFP Chemistry"
2038,"SD",2485.52631718104,"Decreasing Batt Cap - High LFP Chemistry"
2038,"SK",4253.15424554103,"Decreasing Batt Cap - High LFP Chemistry"
2038,"TN",20626.3236786824,"Decreasing Batt Cap - High LFP Chemistry"
2038,"TX",96585.5353544473,"Decreasing Batt Cap - High LFP Chemistry"
2038,"UT",12375.5737307553,"Decreasing Batt Cap - High LFP Chemistry"
2038,"VA",29623.9844807499,"Decreasing Batt Cap - High LFP Chemistry"
2038,"VT",2834.78428108485,"Decreasing Batt Cap - High LFP Chemistry"
2038,"WA",42629.2480976277,"Decreasing Batt Cap - High LFP Chemistry"
2038,"WI",16293.9543426962,"Decreasing Batt Cap - High LFP Chemistry"
2038,"WV",4255.53505644311,"Decreasing Batt Cap - High LFP Chemistry"
2038,"WY",1543.92483109122,"Decreasing Batt Cap - High LFP Chemistry"
2038,"YT",165.77577073242,"Decreasing Batt Cap - High LFP Chemistry"
2039,"AB",25604.2551299421,"Decreasing Batt Cap - High LFP Chemistry"
2039,"AK",2500.00733065081,"Decreasing Batt Cap - High LFP Chemistry"
2039,"AL",17673.2734112003,"Decreasing Batt Cap - High LFP Chemistry"
2039,"AR",9964.75322268279,"Decreasing Batt Cap - High LFP Chemistry"
2039,"AZ",32079.6338402726,"Decreasing Batt Cap - High LFP Chemistry"
2039,"BC",33200.2544675371,"Decreasing Batt Cap - High LFP Chemistry"
2039,"CA",277452.006581982,"Decreasing Batt Cap - High LFP Chemistry"
2039,"CO",38166.850035315,"Decreasing Batt Cap - High LFP Chemistry"
2039,"CT",13664.6813310654,"Decreasing Batt Cap - High LFP Chemistry"
2039,"DC",3325.05849603577,"Decreasing Batt Cap - High LFP Chemistry"
2039,"DE",4291.51218975046,"Decreasing Batt Cap - High LFP Chemistry"
2039,"FL",92610.9678658386,"Decreasing Batt Cap - High LFP Chemistry"
2039,"GA",43859.2779008115,"Decreasing Batt Cap - High LFP Chemistry"
2039,"HI",6736.19472827878,"Decreasing Batt Cap - High LFP Chemistry"
2039,"IA",11239.0811238435,"Decreasing Batt Cap - High LFP Chemistry"
2039,"ID",7889.28424281066,"Decreasing Batt Cap - High LFP Chemistry"
2039,"IL",44971.7920644274,"Decreasing Batt Cap - High LFP Chemistry"
2039,"IN",24093.5356432995,"Decreasing Batt Cap - High LFP Chemistry"
2039,"KS",10398.5625748551,"Decreasing Batt Cap - High LFP Chemistry"
2039,"KY",15419.5836308134,"Decreasing Batt Cap - High LFP Chemistry"
2039,"LA",14732.1494264193,"Decreasing Batt Cap - High LFP Chemistry"
2039,"MA",37667.5849172832,"Decreasing Batt Cap - High LFP Chemistry"
2039,"MB",6505.25424464363,"Decreasing Batt Cap - High LFP Chemistry"
2039,"MD",34331.7541102156,"Decreasing Batt Cap - High LFP Chemistry"
2039,"ME",4968.60435668766,"Decreasing Batt Cap - High LFP Chemistry"
2039,"MI",34185.2580948597,"Decreasing Batt Cap - High LFP Chemistry"
2039,"MN",21835.3707254594,"Decreasing Batt Cap - High LFP Chemistry"
2039,"MO",21652.8741061765,"Decreasing Batt Cap - High LFP Chemistry"
2039,"MS",9707.16843313948,"Decreasing Batt Cap - High LFP Chemistry"
2039,"MT",3971.53813985394,"Decreasing Batt Cap - High LFP Chemistry"
2039,"MX",48524.0893822388,"Decreasing Batt Cap - High LFP Chemistry"
2039,"NB",4210.60888044645,"Decreasing Batt Cap - High LFP Chemistry"
2039,"NC",40544.444248723,"Decreasing Batt Cap - High LFP Chemistry"
2039,"ND",2934.28394770382,"Decreasing Batt Cap - High LFP Chemistry"
2039,"NE",7213.977658424,"Decreasing Batt Cap - High LFP Chemistry"
2039,"NH",5420.67117198688,"Decreasing Batt Cap - High LFP Chemistry"
2039,"NJ",51734.8235662449,"Decreasing Batt Cap - High LFP Chemistry"
2039,"NL",2475.61759341133,"Decreasing Batt Cap - High LFP Chemistry"
2039,"NM",10763.5120107454,"Decreasing Batt Cap - High LFP Chemistry"
2039,"NS",4952.99938965705,"Decreasing Batt Cap - High LFP Chemistry"
2039,"NT",160.693899729875,"Decreasing Batt Cap - High LFP Chemistry"
2039,"NU",67.9655380212025,"Decreasing Batt Cap - High LFP Chemistry"
2039,"NV",14260.5050264845,"Decreasing Batt Cap - High LFP Chemistry"
2039,"NY",86533.9473257682,"Decreasing Batt Cap - High LFP Chemistry"
2039,"OH",41647.9172648588,"Decreasing Batt Cap - High LFP Chemistry"
2039,"OK",14883.0703205549,"Decreasing Batt Cap - High LFP Chemistry"
2039,"ON",77098.3810868198,"Decreasing Batt Cap - High LFP Chemistry"
2039,"OR",27106.4100429216,"Decreasing Batt Cap - High LFP Chemistry"
2039,"PA",48704.5922655692,"Decreasing Batt Cap - High LFP Chemistry"
2039,"PE",870.140592918344,"Decreasing Batt Cap - High LFP Chemistry"
2039,"QC",52492.3543640738,"Decreasing Batt Cap - High LFP Chemistry"
2039,"RI",5581.8729953797,"Decreasing Batt Cap - High LFP Chemistry"
2039,"SC",19952.3545365188,"Decreasing Batt Cap - High LFP Chemistry"
2039,"SD",3233.57317432594,"Decreasing Batt Cap - High LFP Chemistry"
2039,"SK",5939.45939413396,"Decreasing Batt Cap - High LFP Chemistry"
2039,"TN",26307.2411926159,"Decreasing Batt Cap - High LFP Chemistry"
2039,"TX",121494.365472832,"Decreasing Batt Cap - High LFP Chemistry"
2039,"UT",15220.4887187122,"Decreasing Batt Cap - High LFP Chemistry"
2039,"VA",36834.7870090173,"Decreasing Batt Cap - High LFP Chemistry"
2039,"VT",3650.59096106596,"Decreasing Batt Cap - High LFP Chemistry"
2039,"WA",53816.0463697797,"Decreasing Batt Cap - High LFP Chemistry"
2039,"WI",20682.8739172977,"Decreasing Batt Cap - High LFP Chemistry"
2039,"WV",5475.35909912233,"Decreasing Batt Cap - High LFP Chemistry"
2039,"WY",2012.63068886245,"Decreasing Batt Cap - High LFP Chemistry"
2039,"YT",232.974483796442,"Decreasing Batt Cap - High LFP Chemistry"
2040,"AB",34068.2681973485,"Decreasing Batt Cap - High LFP Chemistry"
2040,"AK",3090.35540567788,"Decreasing Batt Cap - High LFP Chemistry"
2040,"AL",22200.0653877398,"Decreasing Batt Cap - High LFP Chemistry"
2040,"AR",12498.576441259,"Decreasing Batt Cap - High LFP Chemistry"
2040,"AZ",38379.7576263458,"Decreasing Batt Cap - High LFP Chemistry"
2040,"BC",39603.4809328699,"Decreasing Batt Cap - High LFP Chemistry"
2040,"CA",330439.477647824,"Decreasing Batt Cap - High LFP Chemistry"
2040,"CO",47506.5654650254,"Decreasing Batt Cap - High LFP Chemistry"
2040,"CT",16381.0713804737,"Decreasing Batt Cap - High LFP Chemistry"
2040,"DC",4034.60024508884,"Decreasing Batt Cap - High LFP Chemistry"
2040,"DE",5261.76395335601,"Decreasing Batt Cap - High LFP Chemistry"
2040,"FL",111624.163546159,"Decreasing Batt Cap - High LFP Chemistry"
2040,"GA",53474.3354505261,"Decreasing Batt Cap - High LFP Chemistry"
2040,"HI",7766.26057526257,"Decreasing Batt Cap - High LFP Chemistry"
2040,"IA",14094.5312897732,"Decreasing Batt Cap - High LFP Chemistry"
2040,"ID",9919.33114754719,"Decreasing Batt Cap - High LFP Chemistry"
2040,"IL",54331.3833927075,"Decreasing Batt Cap - High LFP Chemistry"
2040,"IN",29993.2405868629,"Decreasing Batt Cap - High LFP Chemistry"
2040,"KS",12923.8970464527,"Decreasing Batt Cap - High LFP Chemistry"
2040,"KY",19311.9178266725,"Decreasing Batt Cap - High LFP Chemistry"
2040,"LA",18486.4615399813,"Decreasing Batt Cap - High LFP Chemistry"
2040,"MA",47157.5136818905,"Decreasing Batt Cap - High LFP Chemistry"
2040,"MB",8542.69413765596,"Decreasing Batt Cap - High LFP Chemistry"
2040,"MD",42899.7600196148,"Decreasing Batt Cap - High LFP Chemistry"
2040,"ME",6128.59792030999,"Decreasing Batt Cap - High LFP Chemistry"
2040,"MI",41985.1534728423,"Decreasing Batt Cap - High LFP Chemistry"
2040,"MN",26831.4139741496,"Decreasing Batt Cap - High LFP Chemistry"
2040,"MO",26822.5683993451,"Decreasing Batt Cap - High LFP Chemistry"
2040,"MS",12273.0473113471,"Decreasing Batt Cap - High LFP Chemistry"
2040,"MT",4900.6594794582,"Decreasing Batt Cap - High LFP Chemistry"
2040,"MX",66495.2018267444,"Decreasing Batt Cap - High LFP Chemistry"
2040,"NB",5578.188412338,"Decreasing Batt Cap - High LFP Chemistry"
2040,"NC",49792.0124969932,"Decreasing Batt Cap - High LFP Chemistry"
2040,"ND",3756.27145971216,"Decreasing Batt Cap - High LFP Chemistry"
2040,"NE",9034.06883288715,"Decreasing Batt Cap - High LFP Chemistry"
2040,"NH",6669.7516721865,"Decreasing Batt Cap - High LFP Chemistry"
2040,"NJ",63963.782875411,"Decreasing Batt Cap - High LFP Chemistry"
2040,"NL",3243.57500946678,"Decreasing Batt Cap - High LFP Chemistry"
2040,"NM",13790.118837612,"Decreasing Batt Cap - High LFP Chemistry"
2040,"NS",6526.24091741392,"Decreasing Batt Cap - High LFP Chemistry"
2040,"NT",209.983979220475,"Decreasing Batt Cap - High LFP Chemistry"
2040,"NU",87.1295208601605,"Decreasing Batt Cap - High LFP Chemistry"
2040,"NV",16907.7997912295,"Decreasing Batt Cap - High LFP Chemistry"
2040,"NY",108225.371565184,"Decreasing Batt Cap - High LFP Chemistry"
2040,"OH",51637.043384018,"Decreasing Batt Cap - High LFP Chemistry"
2040,"OK",18338.257982089,"Decreasing Batt Cap - High LFP Chemistry"
2040,"ON",98450.3746853894,"Decreasing Batt Cap - High LFP Chemistry"
2040,"OR",33345.9120388351,"Decreasing Batt Cap - High LFP Chemistry"
2040,"PA",59505.7434495828,"Decreasing Batt Cap - High LFP Chemistry"
2040,"PE",1127.05275993607,"Decreasing Batt Cap - High LFP Chemistry"
2040,"QC",63344.0939880421,"Decreasing Batt Cap - High LFP Chemistry"
2040,"RI",7128.25736101456,"Decreasing Batt Cap - High LFP Chemistry"
2040,"SC",25013.7886023587,"Decreasing Batt Cap - High LFP Chemistry"
2040,"SD",4097.38842681456,"Decreasing Batt Cap - High LFP Chemistry"
2040,"SK",7904.98992583938,"Decreasing Batt Cap - High LFP Chemistry"
2040,"TN",32739.2896181644,"Decreasing Batt Cap - High LFP Chemistry"
2040,"TX",149772.628988356,"Decreasing Batt Cap - High LFP Chemistry"
2040,"UT",18363.7167482404,"Decreasing Batt Cap - High LFP Chemistry"
2040,"VA",44886.1313285122,"Decreasing Batt Cap - High LFP Chemistry"
2040,"VT",4562.03884173085,"Decreasing Batt Cap - High LFP Chemistry"
2040,"WA",66003.9603009218,"Decreasing Batt Cap - High LFP Chemistry"
2040,"WI",25637.8530718215,"Decreasing Batt Cap - High LFP Chemistry"
2040,"WV",6862.92845371494,"Decreasing Batt Cap - High LFP Chemistry"
2040,"WY",2552.71844482505,"Decreasing Batt Cap - High LFP Chemistry"
2040,"YT",326.806154336861,"Decreasing Batt Cap - High LFP Chemistry"
2041,"AB",43630.994549736,"Decreasing Batt Cap - High LFP Chemistry"
2041,"AK",3754.27804696579,"Decreasing Batt Cap - High LFP Chemistry"
2041,"AL",27110.4633348955,"Decreasing Batt Cap - High LFP Chemistry"
2041,"AR",15252.2043114269,"Decreasing Batt Cap - High LFP Chemistry"
2041,"AZ",45271.0950962356,"Decreasing Batt Cap - High LFP Chemistry"
2041,"BC",46887.7722873544,"Decreasing Batt Cap - High LFP Chemistry"
2041,"CA",386498.145608624,"Decreasing Batt Cap - High LFP Chemistry"
2041,"CO",57500.3423762998,"Decreasing Batt Cap - High LFP Chemistry"
2041,"CT",19313.6331459827,"Decreasing Batt Cap - High LFP Chemistry"
2041,"DC",4824.05363616371,"Decreasing Batt Cap - High LFP Chemistry"
2041,"DE",6294.69094014482,"Decreasing Batt Cap - High LFP Chemistry"
2041,"FL",132621.637091645,"Decreasing Batt Cap - High LFP Chemistry"
2041,"GA",63911.7039548488,"Decreasing Batt Cap - High LFP Chemistry"
2041,"HI",8883.38248944423,"Decreasing Batt Cap - High LFP Chemistry"
2041,"IA",17182.9287804592,"Decreasing Batt Cap - High LFP Chemistry"
2041,"ID",12157.1999843733,"Decreasing Batt Cap - High LFP Chemistry"
2041,"IL",64553.8920827288,"Decreasing Batt Cap - High LFP Chemistry"
2041,"IN",36355.7615227356,"Decreasing Batt Cap - High LFP Chemistry"
2041,"KS",15642.8132917133,"Decreasing Batt Cap - High LFP Chemistry"
2041,"KY",23559.5055615301,"Decreasing Batt Cap - High LFP Chemistry"
2041,"LA",22605.9517137074,"Decreasing Batt Cap - High LFP Chemistry"
2041,"MA",57575.9400492097,"Decreasing Batt Cap - High LFP Chemistry"
2041,"MB",10808.1071521686,"Decreasing Batt Cap - High LFP Chemistry"
2041,"MD",52156.3397693754,"Decreasing Batt Cap - High LFP Chemistry"
2041,"ME",7384.11486012537,"Decreasing Batt Cap - High LFP Chemistry"
2041,"MI",50524.139397492,"Decreasing Batt Cap - High LFP Chemistry"
2041,"MN",32309.5024833261,"Decreasing Batt Cap - High LFP Chemistry"
2041,"MO",32443.161359463,"Decreasing Batt Cap - High LFP Chemistry"
2041,"MS",15063.9332177544,"Decreasing Batt Cap - High LFP Chemistry"
2041,"MT",5925.90083396103,"Decreasing Batt Cap - High LFP Chemistry"
2041,"MX",88285.1393123165,"Decreasing Batt Cap - High LFP Chemistry"
2041,"NB",7087.82437767866,"Decreasing Batt Cap - High LFP Chemistry"
2041,"NC",59787.9191102912,"Decreasing Batt Cap - High LFP Chemistry"
2041,"ND",4659.35178274934,"Decreasing Batt Cap - High LFP Chemistry"
2041,"NE",10995.3182269839,"Decreasing Batt Cap - High LFP Chemistry"
2041,"NH",8015.69663227976,"Decreasing Batt Cap - High LFP Chemistry"
2041,"NJ",77122.8371964592,"Decreasing Batt Cap - High LFP Chemistry"
2041,"NL",4077.00175436526,"Decreasing Batt Cap - High LFP Chemistry"
2041,"NM",16969.1890418933,"Decreasing Batt Cap - High LFP Chemistry"
2041,"NS",8244.98574448645,"Decreasing Batt Cap - High LFP Chemistry"
2041,"NT",285.512803867239,"Decreasing Batt Cap - High LFP Chemistry"
2041,"NU",118.371969756176,"Decreasing Batt Cap - High LFP Chemistry"
2041,"NV",19806.7622542879,"Decreasing Batt Cap - High LFP Chemistry"
2041,"NY",131886.646401369,"Decreasing Batt Cap - High LFP Chemistry"
2041,"OH",62491.1687570385,"Decreasing Batt Cap - High LFP Chemistry"
2041,"OK",22121.4906197987,"Decreasing Batt Cap - High LFP Chemistry"
2041,"ON",122636.431730333,"Decreasing Batt Cap - High LFP Chemistry"
2041,"OR",39850.6129478502,"Decreasing Batt Cap - High LFP Chemistry"
2041,"PA",70788.0016407803,"Decreasing Batt Cap - High LFP Chemistry"
2041,"PE",1434.38974308877,"Decreasing Batt Cap - High LFP Chemistry"
2041,"QC",75223.633428694,"Decreasing Batt Cap - High LFP Chemistry"
2041,"RI",8830.4250323236,"Decreasing Batt Cap - High LFP Chemistry"
2041,"SC",30540.6107234242,"Decreasing Batt Cap - High LFP Chemistry"
2041,"SD",5044.49999575634,"Decreasing Batt Cap - High LFP Chemistry"
2041,"SK",10092.3474268624,"Decreasing Batt Cap - High LFP Chemistry"
2041,"TN",39731.8995991921,"Decreasing Batt Cap - High LFP Chemistry"
2041,"TX",181011.072169216,"Decreasing Batt Cap - High LFP Chemistry"
2041,"UT",21788.3075592251,"Decreasing Batt Cap - High LFP Chemistry"
2041,"VA",53597.3912287349,"Decreasing Batt Cap - High LFP Chemistry"
2041,"VT",5561.31529131141,"Decreasing Batt Cap - High LFP Chemistry"
2041,"WA",78936.2936976017,"Decreasing Batt Cap - High LFP Chemistry"
2041,"WI",31081.3579079858,"Decreasing Batt Cap - High LFP Chemistry"
2041,"WV",8371.60854423143,"Decreasing Batt Cap - High LFP Chemistry"
2041,"WY",3113.01544031516,"Decreasing Batt Cap - High LFP Chemistry"
2041,"YT",417.887856715016,"Decreasing Batt Cap - High LFP Chemistry"
2042,"AB",53778.9243445564,"Decreasing Batt Cap - High LFP Chemistry"
2042,"AK",4449.13522178619,"Decreasing Batt Cap - High LFP Chemistry"
2042,"AL",32285.8039950396,"Decreasing Batt Cap - High LFP Chemistry"
2042,"AR",18132.0734353139,"Decreasing Batt Cap - High LFP Chemistry"
2042,"AZ",52731.6880510868,"Decreasing Batt Cap - High LFP Chemistry"
2042,"BC",54937.1477195707,"Decreasing Batt Cap - High LFP Chemistry"
2042,"CA",445047.110136272,"Decreasing Batt Cap - High LFP Chemistry"
2042,"CO",67760.4520216665,"Decreasing Batt Cap - High LFP Chemistry"
2042,"CT",22468.4935436512,"Decreasing Batt Cap - High LFP Chemistry"
2042,"DC",5664.46689114473,"Decreasing Batt Cap - High LFP Chemistry"
2042,"DE",7394.85031168799,"Decreasing Batt Cap - High LFP Chemistry"
2042,"FL",155819.998426734,"Decreasing Batt Cap - High LFP Chemistry"
2042,"GA",75130.9583788655,"Decreasing Batt Cap - High LFP Chemistry"
2042,"HI",10160.5916619673,"Decreasing Batt Cap - High LFP Chemistry"
2042,"IA",20452.6157395294,"Decreasing Batt Cap - High LFP Chemistry"
2042,"ID",14507.4008670106,"Decreasing Batt Cap - High LFP Chemistry"
2042,"IL",75675.9198042446,"Decreasing Batt Cap - High LFP Chemistry"
2042,"IN",43146.7736677614,"Decreasing Batt Cap - High LFP Chemistry"
2042,"KS",18522.6500569149,"Decreasing Batt Cap - High LFP Chemistry"
2042,"KY",28022.6086190493,"Decreasing Batt Cap - High LFP Chemistry"
2042,"LA",26986.9681583691,"Decreasing Batt Cap - High LFP Chemistry"
2042,"MA",68613.614702172,"Decreasing Batt Cap - High LFP Chemistry"
2042,"MB",13234.6005138315,"Decreasing Batt Cap - High LFP Chemistry"
2042,"MD",61769.1270762634,"Decreasing Batt Cap - High LFP Chemistry"
2042,"ME",8784.88428220134,"Decreasing Batt Cap - High LFP Chemistry"
2042,"MI",59681.1351610937,"Decreasing Batt Cap - High LFP Chemistry"
2042,"MN",38215.5722664914,"Decreasing Batt Cap - High LFP Chemistry"
2042,"MO",38402.1110913421,"Decreasing Batt Cap - High LFP Chemistry"
2042,"MS",17955.9834427741,"Decreasing Batt Cap - High LFP Chemistry"
2042,"MT",6991.4634831636,"Decreasing Batt Cap - High LFP Chemistry"
2042,"MX",113592.25001984,"Decreasing Batt Cap - High LFP Chemistry"
2042,"NB",8639.52554321304,"Decreasing Batt Cap - High LFP Chemistry"
2042,"NC",70434.1065912851,"Decreasing Batt Cap - High LFP Chemistry"
2042,"ND",5619.84151328209,"Decreasing Batt Cap - High LFP Chemistry"
2042,"NE",13077.6264916839,"Decreasing Batt Cap - High LFP Chemistry"
2042,"NH",9497.1661488044,"Decreasing Batt Cap - High LFP Chemistry"
2042,"NJ",90975.4209752872,"Decreasing Batt Cap - High LFP Chemistry"
2042,"NL",4973.50824560667,"Decreasing Batt Cap - High LFP Chemistry"
2042,"NM",20166.0861145316,"Decreasing Batt Cap - High LFP Chemistry"
2042,"NS",10045.0710993461,"Decreasing Batt Cap - High LFP Chemistry"
2042,"NT",343.730633767559,"Decreasing Batt Cap - High LFP Chemistry"
2042,"NU",143.048104755568,"Decreasing Batt Cap - High LFP Chemistry"
2042,"NV",22968.9511446448,"Decreasing Batt Cap - High LFP Chemistry"
2042,"NY",156800.812498849,"Decreasing Batt Cap - High LFP Chemistry"
2042,"OH",73948.3704294596,"Decreasing Batt Cap - High LFP Chemistry"
2042,"OK",26258.9521554635,"Decreasing Batt Cap - High LFP Chemistry"
2042,"ON",148468.19657154,"Decreasing Batt Cap - High LFP Chemistry"
2042,"OR",46375.1705582527,"Decreasing Batt Cap - High LFP Chemistry"
2042,"PA",82410.8468197304,"Decreasing Batt Cap - High LFP Chemistry"
2042,"PE",1758.37967184875,"Decreasing Batt Cap - High LFP Chemistry"
2042,"QC",87914.5730982083,"Decreasing Batt Cap - High LFP Chemistry"
2042,"RI",10563.1811384346,"Decreasing Batt Cap - High LFP Chemistry"
2042,"SC",36356.7682639817,"Decreasing Batt Cap - High LFP Chemistry"
2042,"SD",6060.63175331742,"Decreasing Batt Cap - High LFP Chemistry"
2042,"SK",12404.5657739113,"Decreasing Batt Cap - High LFP Chemistry"
2042,"TN",47214.8942817324,"Decreasing Batt Cap - High LFP Chemistry"
2042,"TX",215100.888162356,"Decreasing Batt Cap - High LFP Chemistry"
2042,"UT",25527.0952404131,"Decreasing Batt Cap - High LFP Chemistry"
2042,"VA",62933.4144635186,"Decreasing Batt Cap - High LFP Chemistry"
2042,"VT",6609.35660554574,"Decreasing Batt Cap - High LFP Chemistry"
2042,"WA",92213.2092612568,"Decreasing Batt Cap - High LFP Chemistry"
2042,"WI",36879.571671923,"Decreasing Batt Cap - High LFP Chemistry"
2042,"WV",9949.27164052525,"Decreasing Batt Cap - High LFP Chemistry"
2042,"WY",3704.91238262711,"Decreasing Batt Cap - High LFP Chemistry"
2042,"YT",499.660566232798,"Decreasing Batt Cap - High LFP Chemistry"
2043,"AB",64344.6241168122,"Decreasing Batt Cap - High LFP Chemistry"
2043,"AK",5161.40126110656,"Decreasing Batt Cap - High LFP Chemistry"
2043,"AL",37602.98294112,"Decreasing Batt Cap - High LFP Chemistry"
2043,"AR",21155.494551526,"Decreasing Batt Cap - High LFP Chemistry"
2043,"AZ",60740.5603593448,"Decreasing Batt Cap - High LFP Chemistry"
2043,"BC",63745.5137401322,"Decreasing Batt Cap - High LFP Chemistry"
2043,"CA",506481.270956997,"Decreasing Batt Cap - High LFP Chemistry"
2043,"CO",78211.9188040509,"Decreasing Batt Cap - High LFP Chemistry"
2043,"CT",25802.2279003031,"Decreasing Batt Cap - High LFP Chemistry"
2043,"DC",6555.30353050759,"Decreasing Batt Cap - High LFP Chemistry"
2043,"DE",8559.3190445783,"Decreasing Batt Cap - High LFP Chemistry"
2043,"FL",181170.17471847,"Decreasing Batt Cap - High LFP Chemistry"
2043,"GA",86965.8005232711,"Decreasing Batt Cap - High LFP Chemistry"
2043,"HI",11570.452929067,"Decreasing Batt Cap - High LFP Chemistry"
2043,"IA",23834.4653124085,"Decreasing Batt Cap - High LFP Chemistry"
2043,"ID",16991.6909532594,"Decreasing Batt Cap - High LFP Chemistry"
2043,"IL",87537.0961583386,"Decreasing Batt Cap - High LFP Chemistry"
2043,"IN",50136.3134824861,"Decreasing Batt Cap - High LFP Chemistry"
2043,"KS",21441.7758341788,"Decreasing Batt Cap - High LFP Chemistry"
2043,"KY",32551.3753134789,"Decreasing Batt Cap - High LFP Chemistry"
2043,"LA",31505.1791818943,"Decreasing Batt Cap - High LFP Chemistry"
2043,"MA",80152.189117763,"Decreasing Batt Cap - High LFP Chemistry"
2043,"MB",15746.838127143,"Decreasing Batt Cap - High LFP Chemistry"
2043,"MD",71629.8699627309,"Decreasing Batt Cap - High LFP Chemistry"
2043,"ME",10208.0918397953,"Decreasing Batt Cap - High LFP Chemistry"
2043,"MI",69260.4407801666,"Decreasing Batt Cap - High LFP Chemistry"
2043,"MN",44435.906153279,"Decreasing Batt Cap - High LFP Chemistry"
2043,"MO",44561.9822246827,"Decreasing Batt Cap - High LFP Chemistry"
2043,"MS",20909.3561551561,"Decreasing Batt Cap - High LFP Chemistry"
2043,"MT",8091.45934892185,"Decreasing Batt Cap - High LFP Chemistry"
2043,"MX",142004.730012279,"Decreasing Batt Cap - High LFP Chemistry"
2043,"NB",10230.9875671581,"Decreasing Batt Cap - High LFP Chemistry"
2043,"NC",81574.0337563567,"Decreasing Batt Cap - High LFP Chemistry"
2043,"ND",6608.82574936302,"Decreasing Batt Cap - High LFP Chemistry"
2043,"NE",15224.0030262328,"Decreasing Batt Cap - High LFP Chemistry"
2043,"NH",11067.6046394824,"Decreasing Batt Cap - High LFP Chemistry"
2043,"NJ",105308.886922591,"Decreasing Batt Cap - High LFP Chemistry"
2043,"NL",5879.9859979278,"Decreasing Batt Cap - High LFP Chemistry"
2043,"NM",23239.7567668,"Decreasing Batt Cap - High LFP Chemistry"
2043,"NS",11879.7330884414,"Decreasing Batt Cap - High LFP Chemistry"
2043,"NT",410.210403417575,"Decreasing Batt Cap - High LFP Chemistry"
2043,"NU",170.739917277818,"Decreasing Batt Cap - High LFP Chemistry"
2043,"NV",26439.9819249642,"Decreasing Batt Cap - High LFP Chemistry"
2043,"NY",182573.711952756,"Decreasing Batt Cap - High LFP Chemistry"
2043,"OH",85812.3467210525,"Decreasing Batt Cap - High LFP Chemistry"
2043,"OK",30691.9092657899,"Decreasing Batt Cap - High LFP Chemistry"
2043,"ON",175658.126503021,"Decreasing Batt Cap - High LFP Chemistry"
2043,"OR",52824.6278361181,"Decreasing Batt Cap - High LFP Chemistry"
2043,"PA",94240.5186038678,"Decreasing Batt Cap - High LFP Chemistry"
2043,"PE",2095.48099508702,"Decreasing Batt Cap - High LFP Chemistry"
2043,"QC",101538.532730843,"Decreasing Batt Cap - High LFP Chemistry"
2043,"RI",12298.036830038,"Decreasing Batt Cap - High LFP Chemistry"
2043,"SC",42401.3600316215,"Decreasing Batt Cap - High LFP Chemistry"
2043,"SD",7047.01784502078,"Decreasing Batt Cap - High LFP Chemistry"
2043,"SK",14812.8910310206,"Decreasing Batt Cap - High LFP Chemistry"
2043,"TN",54983.5351773023,"Decreasing Batt Cap - High LFP Chemistry"
2043,"TX",251617.621817155,"Decreasing Batt Cap - High LFP Chemistry"
2043,"UT",29595.0697400356,"Decreasing Batt Cap - High LFP Chemistry"
2043,"VA",72862.3730953217,"Decreasing Batt Cap - High LFP Chemistry"
2043,"VT",7716.16351757082,"Decreasing Batt Cap - High LFP Chemistry"
2043,"WA",105778.758386456,"Decreasing Batt Cap - High LFP Chemistry"
2043,"WI",42958.5157149017,"Decreasing Batt Cap - High LFP Chemistry"
2043,"WV",11567.0055424426,"Decreasing Batt Cap - High LFP Chemistry"
2043,"WY",4321.22262227438,"Decreasing Batt Cap - High LFP Chemistry"
2043,"YT",613.539133587484,"Decreasing Batt Cap - High LFP Chemistry"
2044,"AB",75019.6886054304,"Decreasing Batt Cap - High LFP Chemistry"
2044,"AK",5924.82505238955,"Decreasing Batt Cap - High LFP Chemistry"
2044,"AL",42962.9524687112,"Decreasing Batt Cap - High LFP Chemistry"
2044,"AR",24162.805746542,"Decreasing Batt Cap - High LFP Chemistry"
2044,"AZ",69314.9905366311,"Decreasing Batt Cap - High LFP Chemistry"
2044,"BC",73270.4045558061,"Decreasing Batt Cap - High LFP Chemistry"
2044,"CA",568590.352755504,"Decreasing Batt Cap - High LFP Chemistry"
2044,"CO",88653.0648339343,"Decreasing Batt Cap - High LFP Chemistry"
2044,"CT",29243.2895049426,"Decreasing Batt Cap - High LFP Chemistry"
2044,"DC",7474.80297859005,"Decreasing Batt Cap - High LFP Chemistry"
2044,"DE",9794.80558453524,"Decreasing Batt Cap - High LFP Chemistry"
2044,"FL",208727.196827701,"Decreasing Batt Cap - High LFP Chemistry"
2044,"GA",99382.3917004899,"Decreasing Batt Cap - High LFP Chemistry"
2044,"HI",13123.2093825556,"Decreasing Batt Cap - High LFP Chemistry"
2044,"IA",27253.1452048852,"Decreasing Batt Cap - High LFP Chemistry"
2044,"ID",19612.7712782423,"Decreasing Batt Cap - High LFP Chemistry"
2044,"IL",99813.0800347046,"Decreasing Batt Cap - High LFP Chemistry"
2044,"IN",57240.4091752414,"Decreasing Batt Cap - High LFP Chemistry"
2044,"KS",24457.3768079944,"Decreasing Batt Cap - High LFP Chemistry"
2044,"KY",37162.3661529766,"Decreasing Batt Cap - High LFP Chemistry"
2044,"LA",36114.2838883067,"Decreasing Batt Cap - High LFP Chemistry"
2044,"MA",91770.024923065,"Decreasing Batt Cap - High LFP Chemistry"
2044,"MB",18302.4331436352,"Decreasing Batt Cap - High LFP Chemistry"
2044,"MD",81389.2601427518,"Decreasing Batt Cap - High LFP Chemistry"
2044,"ME",11703.3210203628,"Decreasing Batt Cap - High LFP Chemistry"
2044,"MI",79118.2525781222,"Decreasing Batt Cap - High LFP Chemistry"
2044,"MN",50956.7843535597,"Decreasing Batt Cap - High LFP Chemistry"
2044,"MO",50851.2043917015,"Decreasing Batt Cap - High LFP Chemistry"
2044,"MS",23828.1662310406,"Decreasing Batt Cap - High LFP Chemistry"
2044,"MT",9226.0484068064,"Decreasing Batt Cap - High LFP Chemistry"
2044,"MX",173312.971117117,"Decreasing Batt Cap - High LFP Chemistry"
2044,"NB",11827.8216592291,"Decreasing Batt Cap - High LFP Chemistry"
2044,"NC",93149.1809688441,"Decreasing Batt Cap - High LFP Chemistry"
2044,"ND",7651.24210710215,"Decreasing Batt Cap - High LFP Chemistry"
2044,"NE",17422.2412342414,"Decreasing Batt Cap - High LFP Chemistry"
2044,"NH",12683.6251312699,"Decreasing Batt Cap - High LFP Chemistry"
2044,"NJ",119593.388481578,"Decreasing Batt Cap - High LFP Chemistry"
2044,"NL",6764.54010593598,"Decreasing Batt Cap - High LFP Chemistry"
2044,"NM",26098.260524084,"Decreasing Batt Cap - High LFP Chemistry"
2044,"NS",13703.8657341703,"Decreasing Batt Cap - High LFP Chemistry"
2044,"NT",477.522327116319,"Decreasing Batt Cap - High LFP Chemistry"
2044,"NU",206.424600632448,"Decreasing Batt Cap - High LFP Chemistry"
2044,"NV",30208.7005713398,"Decreasing Batt Cap - High LFP Chemistry"
2044,"NY",208167.405020582,"Decreasing Batt Cap - High LFP Chemistry"
2044,"OH",97848.7554136446,"Decreasing Batt Cap - High LFP Chemistry"
2044,"OK",35303.4643930177,"Decreasing Batt Cap - High LFP Chemistry"
2044,"ON",203616.859126745,"Decreasing Batt Cap - High LFP Chemistry"
2044,"OR",59157.9535337133,"Decreasing Batt Cap - High LFP Chemistry"
2044,"PA",106114.49695149,"Decreasing Batt Cap - High LFP Chemistry"
2044,"PE",2390.811138571,"Decreasing Batt Cap - High LFP Chemistry"
2044,"QC",115904.88857051,"Decreasing Batt Cap - High LFP Chemistry"
2044,"RI",14027.6469430119,"Decreasing Batt Cap - High LFP Chemistry"
2044,"SC",48641.6235919303,"Decreasing Batt Cap - High LFP Chemistry"
2044,"SD",8111.59411911037,"Decreasing Batt Cap - High LFP Chemistry"
2044,"SK",17270.7782096428,"Decreasing Batt Cap - High LFP Chemistry"
2044,"TN",63059.2441548134,"Decreasing Batt Cap - High LFP Chemistry"
2044,"TX",290679.29898363,"Decreasing Batt Cap - High LFP Chemistry"
2044,"UT",33992.6752015833,"Decreasing Batt Cap - High LFP Chemistry"
2044,"VA",83245.024420642,"Decreasing Batt Cap - High LFP Chemistry"
2044,"VT",8805.91438521191,"Decreasing Batt Cap - High LFP Chemistry"
2044,"WA",119499.76665262,"Decreasing Batt Cap - High LFP Chemistry"
2044,"WI",49211.7528047145,"Decreasing Batt Cap - High LFP Chemistry"
2044,"WV",13168.9341535503,"Decreasing Batt Cap - High LFP Chemistry"
2044,"WY",4913.05886119604,"Decreasing Batt Cap - High LFP Chemistry"
2044,"YT",721.25242905339,"Decreasing Batt Cap - High LFP Chemistry"
2045,"AB",85605.6607944651,"Decreasing Batt Cap - High LFP Chemistry"
2045,"AK",6686.02803856933,"Decreasing Batt Cap - High LFP Chemistry"
2045,"AL",48428.9622535072,"Decreasing Batt Cap - High LFP Chemistry"
2045,"AR",27247.1582523253,"Decreasing Batt Cap - High LFP Chemistry"
2045,"AZ",78298.2485810853,"Decreasing Batt Cap - High LFP Chemistry"
2045,"BC",83129.7172823189,"Decreasing Batt Cap - High LFP Chemistry"
2045,"CA",630691.740015963,"Decreasing Batt Cap - High LFP Chemistry"
2045,"CO",98827.109906666,"Decreasing Batt Cap - High LFP Chemistry"
2045,"CT",32834.684874991,"Decreasing Batt Cap - High LFP Chemistry"
2045,"DC",8392.48731945922,"Decreasing Batt Cap - High LFP Chemistry"
2045,"DE",11108.7081516751,"Decreasing Batt Cap - High LFP Chemistry"
2045,"FL",238019.750423436,"Decreasing Batt Cap - High LFP Chemistry"
2045,"GA",112221.791830763,"Decreasing Batt Cap - High LFP Chemistry"
2045,"HI",14759.3674406006,"Decreasing Batt Cap - High LFP Chemistry"
2045,"IA",30746.1702146607,"Decreasing Batt Cap - High LFP Chemistry"
2045,"ID",22316.806069063,"Decreasing Batt Cap - High LFP Chemistry"
2045,"IL",112510.493034902,"Decreasing Batt Cap - High LFP Chemistry"
2045,"IN",64482.4551346941,"Decreasing Batt Cap - High LFP Chemistry"
2045,"KS",27451.2671503057,"Decreasing Batt Cap - High LFP Chemistry"
2045,"KY",41769.3047718367,"Decreasing Batt Cap - High LFP Chemistry"
2045,"LA",40774.7441137968,"Decreasing Batt Cap - High LFP Chemistry"
2045,"MA",103321.055337368,"Decreasing Batt Cap - High LFP Chemistry"
2045,"MB",20859.6740441917,"Decreasing Batt Cap - High LFP Chemistry"
2045,"MD",90890.6292077851,"Decreasing Batt Cap - High LFP Chemistry"
2045,"ME",13221.7647664497,"Decreasing Batt Cap - High LFP Chemistry"
2045,"MI",89260.4146880898,"Decreasing Batt Cap - High LFP Chemistry"
2045,"MN",57658.8577925932,"Decreasing Batt Cap - High LFP Chemistry"
2045,"MO",57250.5842110222,"Decreasing Batt Cap - High LFP Chemistry"
2045,"MS",26709.5757623926,"Decreasing Batt Cap - High LFP Chemistry"
2045,"MT",10385.7641200304,"Decreasing Batt Cap - High LFP Chemistry"
2045,"MX",207481.131363861,"Decreasing Batt Cap - High LFP Chemistry"
2045,"NB",13342.8436093786,"Decreasing Batt Cap - High LFP Chemistry"
2045,"NC",105119.267346717,"Decreasing Batt Cap - High LFP Chemistry"
2045,"ND",8733.84417741164,"Decreasing Batt Cap - High LFP Chemistry"
2045,"NE",19667.7406133045,"Decreasing Batt Cap - High LFP Chemistry"
2045,"NH",14362.493150908,"Decreasing Batt Cap - High LFP Chemistry"
2045,"NJ",133671.241744776,"Decreasing Batt Cap - High LFP Chemistry"
2045,"NL",7651.6869782518,"Decreasing Batt Cap - High LFP Chemistry"
2045,"NM",28722.2683150182,"Decreasing Batt Cap - High LFP Chemistry"
2045,"NS",15498.378023983,"Decreasing Batt Cap - High LFP Chemistry"
2045,"NT",548.254033281978,"Decreasing Batt Cap - High LFP Chemistry"
2045,"NU",236.418812209674,"Decreasing Batt Cap - High LFP Chemistry"
2045,"NV",34210.1917959477,"Decreasing Batt Cap - High LFP Chemistry"
2045,"NY",233436.443855123,"Decreasing Batt Cap - High LFP Chemistry"
2045,"OH",110013.255684873,"Decreasing Batt Cap - High LFP Chemistry"
2045,"OK",40168.8919411106,"Decreasing Batt Cap - High LFP Chemistry"
2045,"ON",231706.932046317,"Decreasing Batt Cap - High LFP Chemistry"
2045,"OR",65264.7663357195,"Decreasing Batt Cap - High LFP Chemistry"
2045,"PA",118153.019927039,"Decreasing Batt Cap - High LFP Chemistry"
2045,"PE",2714.99514818599,"Decreasing Batt Cap - High LFP Chemistry"
2045,"QC",130632.957585939,"Decreasing Batt Cap - High LFP Chemistry"
2045,"RI",15671.3884795562,"Decreasing Batt Cap - High LFP Chemistry"
2045,"SC",55093.8093532214,"Decreasing Batt Cap - High LFP Chemistry"
2045,"SD",9173.19618297732,"Decreasing Batt Cap - High LFP Chemistry"
2045,"SK",19704.6933949214,"Decreasing Batt Cap - High LFP Chemistry"
2045,"TN",71323.1243905922,"Decreasing Batt Cap - High LFP Chemistry"
2045,"TX",331578.169568651,"Decreasing Batt Cap - High LFP Chemistry"
2045,"UT",38625.4217424752,"Decreasing Batt Cap - High LFP Chemistry"
2045,"VA",94072.9224925998,"Decreasing Batt Cap - High LFP Chemistry"
2045,"VT",9871.45526698676,"Decreasing Batt Cap - High LFP Chemistry"
2045,"WA",133116.301504414,"Decreasing Batt Cap - High LFP Chemistry"
2045,"WI",55619.4773603893,"Decreasing Batt Cap - High LFP Chemistry"
2045,"WV",14751.3417487985,"Decreasing Batt Cap - High LFP Chemistry"
2045,"WY",5506.06727020773,"Decreasing Batt Cap - High LFP Chemistry"
2045,"YT",804.43593896501,"Decreasing Batt Cap - High LFP Chemistry"
2046,"AB",95981.126290531,"Decreasing Batt Cap - High LFP Chemistry"
2046,"AK",7443.46111669871,"Decreasing Batt Cap - High LFP Chemistry"
2046,"AL",53998.8178042949,"Decreasing Batt Cap - High LFP Chemistry"
2046,"AR",30363.6805482561,"Decreasing Batt Cap - High LFP Chemistry"
2046,"AZ",87733.9695359096,"Decreasing Batt Cap - High LFP Chemistry"
2046,"BC",93106.6542654709,"Decreasing Batt Cap - High LFP Chemistry"
2046,"CA",691720.608936766,"Decreasing Batt Cap - High LFP Chemistry"
2046,"CO",108110.149299466,"Decreasing Batt Cap - High LFP Chemistry"
2046,"CT",36579.753980969,"Decreasing Batt Cap - High LFP Chemistry"
2046,"DC",9295.50272643436,"Decreasing Batt Cap - High LFP Chemistry"
2046,"DE",12471.3876300258,"Decreasing Batt Cap - High LFP Chemistry"
2046,"FL",268876.169588198,"Decreasing Batt Cap - High LFP Chemistry"
2046,"GA",125601.846269658,"Decreasing Batt Cap - High LFP Chemistry"
2046,"HI",16506.7407696741,"Decreasing Batt Cap - High LFP Chemistry"
2046,"IA",34300.4140765405,"Decreasing Batt Cap - High LFP Chemistry"
2046,"ID",25145.3057144899,"Decreasing Batt Cap - High LFP Chemistry"
2046,"IL",125583.672404311,"Decreasing Batt Cap - High LFP Chemistry"
2046,"IN",71865.365128937,"Decreasing Batt Cap - High LFP Chemistry"
2046,"KS",30431.347075953,"Decreasing Batt Cap - High LFP Chemistry"
2046,"KY",46462.1935671582,"Decreasing Batt Cap - High LFP Chemistry"
2046,"LA",45554.1829585468,"Decreasing Batt Cap - High LFP Chemistry"
2046,"MA",114646.082155245,"Decreasing Batt Cap - High LFP Chemistry"
2046,"MB",23389.4810037718,"Decreasing Batt Cap - High LFP Chemistry"
2046,"MD",100088.299227031,"Decreasing Batt Cap - High LFP Chemistry"
2046,"ME",14782.5737491377,"Decreasing Batt Cap - High LFP Chemistry"
2046,"MI",99755.5002184903,"Decreasing Batt Cap - High LFP Chemistry"
2046,"MN",64632.6093697978,"Decreasing Batt Cap - High LFP Chemistry"
2046,"MO",63852.027073655,"Decreasing Batt Cap - High LFP Chemistry"
2046,"MS",29587.3087667235,"Decreasing Batt Cap - High LFP Chemistry"
2046,"MT",11589.6090664093,"Decreasing Batt Cap - High LFP Chemistry"
2046,"MX",244573.338098886,"Decreasing Batt Cap - High LFP Chemistry"
2046,"NB",14842.6692517314,"Decreasing Batt Cap - High LFP Chemistry"
2046,"NC",117521.787457869,"Decreasing Batt Cap - High LFP Chemistry"
2046,"ND",9854.48073156818,"Decreasing Batt Cap - High LFP Chemistry"
2046,"NE",22000.0369894987,"Decreasing Batt Cap - High LFP Chemistry"
2046,"NH",16101.5333250384,"Decreasing Batt Cap - High LFP Chemistry"
2046,"NJ",147404.456948979,"Decreasing Batt Cap - High LFP Chemistry"
2046,"NL",8523.83303032494,"Decreasing Batt Cap - High LFP Chemistry"
2046,"NM",31006.3660928361,"Decreasing Batt Cap - High LFP Chemistry"
2046,"NS",17215.1941637724,"Decreasing Batt Cap - High LFP Chemistry"
2046,"NT",613.039293289554,"Decreasing Batt Cap - High LFP Chemistry"
2046,"NU",265.893820901622,"Decreasing Batt Cap - High LFP Chemistry"
2046,"NV",38448.6548243661,"Decreasing Batt Cap - High LFP Chemistry"
2046,"NY",258087.14705109,"Decreasing Batt Cap - High LFP Chemistry"
2046,"OH",122513.171672083,"Decreasing Batt Cap - High LFP Chemistry"
2046,"OK",45305.5392782492,"Decreasing Batt Cap - High LFP Chemistry"
2046,"ON",259419.680460474,"Decreasing Batt Cap - High LFP Chemistry"
2046,"OR",71214.1978465663,"Decreasing Batt Cap - High LFP Chemistry"
2046,"PA",130536.04180745,"Decreasing Batt Cap - High LFP Chemistry"
2046,"PE",3002.25093997579,"Decreasing Batt Cap - High LFP Chemistry"
2046,"QC",145354.723068641,"Decreasing Batt Cap - High LFP Chemistry"
2046,"RI",17271.9577040086,"Decreasing Batt Cap - High LFP Chemistry"
2046,"SC",61706.6350353677,"Decreasing Batt Cap - High LFP Chemistry"
2046,"SD",10260.2898538766,"Decreasing Batt Cap - High LFP Chemistry"
2046,"SK",22130.2869215244,"Decreasing Batt Cap - High LFP Chemistry"
2046,"TN",79858.7951218125,"Decreasing Batt Cap - High LFP Chemistry"
2046,"TX",374206.716525764,"Decreasing Batt Cap - High LFP Chemistry"
2046,"UT",43568.1237685473,"Decreasing Batt Cap - High LFP Chemistry"
2046,"VA",105399.66333433,"Decreasing Batt Cap - High LFP Chemistry"
2046,"VT",10911.435723292,"Decreasing Batt Cap - High LFP Chemistry"
2046,"WA",146453.402784474,"Decreasing Batt Cap - High LFP Chemistry"
2046,"WI",62209.4775400489,"Decreasing Batt Cap - High LFP Chemistry"
2046,"WV",16389.6340914688,"Decreasing Batt Cap - High LFP Chemistry"
2046,"WY",6169.54645650203,"Decreasing Batt Cap - High LFP Chemistry"
2046,"YT",891.771173923855,"Decreasing Batt Cap - High LFP Chemistry"
2047,"AB",105987.451406432,"Decreasing Batt Cap - High LFP Chemistry"
2047,"AK",8189.3399428654,"Decreasing Batt Cap - High LFP Chemistry"
2047,"AL",59505.9173482229,"Decreasing Batt Cap - High LFP Chemistry"
2047,"AR",33456.0953007504,"Decreasing Batt Cap - High LFP Chemistry"
2047,"AZ",97252.8946554179,"Decreasing Batt Cap - High LFP Chemistry"
2047,"BC",103055.29250628,"Decreasing Batt Cap - High LFP Chemistry"
2047,"CA",751081.717091046,"Decreasing Batt Cap - High LFP Chemistry"
2047,"CO",116447.768580794,"Decreasing Batt Cap - High LFP Chemistry"
2047,"CT",40285.8146737045,"Decreasing Batt Cap - High LFP Chemistry"
2047,"DC",10203.4559418356,"Decreasing Batt Cap - High LFP Chemistry"
2047,"DE",13832.471885771,"Decreasing Batt Cap - High LFP Chemistry"
2047,"FL",299994.481266833,"Decreasing Batt Cap - High LFP Chemistry"
2047,"GA",139025.758312724,"Decreasing Batt Cap - High LFP Chemistry"
2047,"HI",18281.8331100428,"Decreasing Batt Cap - High LFP Chemistry"
2047,"IA",37825.2596273995,"Decreasing Batt Cap - High LFP Chemistry"
2047,"ID",27993.504992135,"Decreasing Batt Cap - High LFP Chemistry"
2047,"IL",138585.32547603,"Decreasing Batt Cap - High LFP Chemistry"
2047,"IN",79211.4347073909,"Decreasing Batt Cap - High LFP Chemistry"
2047,"KS",33414.2288472586,"Decreasing Batt Cap - High LFP Chemistry"
2047,"KY",51084.6659139716,"Decreasing Batt Cap - High LFP Chemistry"
2047,"LA",50288.1149425166,"Decreasing Batt Cap - High LFP Chemistry"
2047,"MA",125690.822797265,"Decreasing Batt Cap - High LFP Chemistry"
2047,"MB",25840.0371123637,"Decreasing Batt Cap - High LFP Chemistry"
2047,"MD",108912.77217253,"Decreasing Batt Cap - High LFP Chemistry"
2047,"ME",16324.270957725,"Decreasing Batt Cap - High LFP Chemistry"
2047,"MI",110198.311130962,"Decreasing Batt Cap - High LFP Chemistry"
2047,"MN",71580.4653888375,"Decreasing Batt Cap - High LFP Chemistry"
2047,"MO",70416.4234436485,"Decreasing Batt Cap - High LFP Chemistry"
2047,"MS",32427.2805108111,"Decreasing Batt Cap - High LFP Chemistry"
2047,"MT",12782.6418320594,"Decreasing Batt Cap - High LFP Chemistry"
2047,"MX",284574.888253665,"Decreasing Batt Cap - High LFP Chemistry"
2047,"NB",16234.2562200177,"Decreasing Batt Cap - High LFP Chemistry"
2047,"NC",129962.241929662,"Decreasing Batt Cap - High LFP Chemistry"
2047,"ND",10967.2891866565,"Decreasing Batt Cap - High LFP Chemistry"
2047,"NE",24257.9520642148,"Decreasing Batt Cap - High LFP Chemistry"
2047,"NH",17811.2840408955,"Decreasing Batt Cap - High LFP Chemistry"
2047,"NJ",160615.551788983,"Decreasing Batt Cap - High LFP Chemistry"
2047,"NL",9352.6321442749,"Decreasing Batt Cap - High LFP Chemistry"
2047,"NM",32936.3854830822,"Decreasing Batt Cap - High LFP Chemistry"
2047,"NS",18844.711509074,"Decreasing Batt Cap - High LFP Chemistry"
2047,"NT",678.13649109979,"Decreasing Batt Cap - High LFP Chemistry"
2047,"NU",295.01219035963,"Decreasing Batt Cap - High LFP Chemistry"
2047,"NV",42737.9872172154,"Decreasing Batt Cap - High LFP Chemistry"
2047,"NY",281925.408574576,"Decreasing Batt Cap - High LFP Chemistry"
2047,"OH",134775.996813869,"Decreasing Batt Cap - High LFP Chemistry"
2047,"OK",50500.7390914911,"Decreasing Batt Cap - High LFP Chemistry"
2047,"ON",286375.571950329,"Decreasing Batt Cap - High LFP Chemistry"
2047,"OR",76998.2614653375,"Decreasing Batt Cap - High LFP Chemistry"
2047,"PA",142796.690475636,"Decreasing Batt Cap - High LFP Chemistry"
2047,"PE",3290.83928307961,"Decreasing Batt Cap - High LFP Chemistry"
2047,"QC",159839.922816827,"Decreasing Batt Cap - High LFP Chemistry"
2047,"RI",18799.3368413416,"Decreasing Batt Cap - High LFP Chemistry"
2047,"SC",68326.3525365005,"Decreasing Batt Cap - High LFP Chemistry"
2047,"SD",11346.1938985242,"Decreasing Batt Cap - High LFP Chemistry"
2047,"SK",24471.8133663066,"Decreasing Batt Cap - High LFP Chemistry"
2047,"TN",88372.8084566781,"Decreasing Batt Cap - High LFP Chemistry"
2047,"TX",416830.728204762,"Decreasing Batt Cap - High LFP Chemistry"
2047,"UT",48484.2795724702,"Decreasing Batt Cap - High LFP Chemistry"
2047,"VA",116688.522565942,"Decreasing Batt Cap - High LFP Chemistry"
2047,"VT",11897.5808224896,"Decreasing Batt Cap - High LFP Chemistry"
2047,"WA",159469.587886627,"Decreasing Batt Cap - High LFP Chemistry"
2047,"WI",68774.9047700334,"Decreasing Batt Cap - High LFP Chemistry"
2047,"WV",18010.3318393908,"Decreasing Batt Cap - High LFP Chemistry"
2047,"WY",6773.50399439013,"Decreasing Batt Cap - High LFP Chemistry"
2047,"YT",987.506676017758,"Decreasing Batt Cap - High LFP Chemistry"
2048,"AB",115651.889595421,"Decreasing Batt Cap - High LFP Chemistry"
2048,"AK",8937.56202069276,"Decreasing Batt Cap - High LFP Chemistry"
2048,"AL",64896.9946908734,"Decreasing Batt Cap - High LFP Chemistry"
2048,"AR",36419.2198762947,"Decreasing Batt Cap - High LFP Chemistry"
2048,"AZ",106614.823210073,"Decreasing Batt Cap - High LFP Chemistry"
2048,"BC",112748.365002423,"Decreasing Batt Cap - High LFP Chemistry"
2048,"CA",808209.489015583,"Decreasing Batt Cap - High LFP Chemistry"
2048,"CO",123782.516250007,"Decreasing Batt Cap - High LFP Chemistry"
2048,"CT",43930.377011725,"Decreasing Batt Cap - High LFP Chemistry"
2048,"DC",11063.1248950677,"Decreasing Batt Cap - High LFP Chemistry"
2048,"DE",15156.1472081577,"Decreasing Batt Cap - High LFP Chemistry"
2048,"FL",330500.084920209,"Decreasing Batt Cap - High LFP Chemistry"
2048,"GA",152105.695770821,"Decreasing Batt Cap - High LFP Chemistry"
2048,"HI",20034.4500741262,"Decreasing Batt Cap - High LFP Chemistry"
2048,"IA",41224.860969994,"Decreasing Batt Cap - High LFP Chemistry"
2048,"ID",30761.7415926923,"Decreasing Batt Cap - High LFP Chemistry"
2048,"IL",151102.557472274,"Decreasing Batt Cap - High LFP Chemistry"
2048,"IN",86359.3297373933,"Decreasing Batt Cap - High LFP Chemistry"
2048,"KS",36293.8375115113,"Decreasing Batt Cap - High LFP Chemistry"
2048,"KY",55548.6965836825,"Decreasing Batt Cap - High LFP Chemistry"
2048,"LA",54790.4446064717,"Decreasing Batt Cap - High LFP Chemistry"
2048,"MA",136261.916790919,"Decreasing Batt Cap - High LFP Chemistry"
2048,"MB",28187.7086442493,"Decreasing Batt Cap - High LFP Chemistry"
2048,"MD",117326.966398625,"Decreasing Batt Cap - High LFP Chemistry"
2048,"ME",17812.7687657086,"Decreasing Batt Cap - High LFP Chemistry"
2048,"MI",120411.977541656,"Decreasing Batt Cap - High LFP Chemistry"
2048,"MN",78309.8943680856,"Decreasing Batt Cap - High LFP Chemistry"
2048,"MO",76815.6737619143,"Decreasing Batt Cap - High LFP Chemistry"
2048,"MS",35100.5303288361,"Decreasing Batt Cap - High LFP Chemistry"
2048,"MT",13933.2761097812,"Decreasing Batt Cap - High LFP Chemistry"
2048,"MX",327424.376388093,"Decreasing Batt Cap - High LFP Chemistry"
2048,"NB",17569.3096393733,"Decreasing Batt Cap - High LFP Chemistry"
2048,"NC",142161.413345301,"Decreasing Batt Cap - High LFP Chemistry"
2048,"ND",12103.087459072,"Decreasing Batt Cap - High LFP Chemistry"
2048,"NE",26488.8864473159,"Decreasing Batt Cap - High LFP Chemistry"
2048,"NH",19482.9027884617,"Decreasing Batt Cap - High LFP Chemistry"
2048,"NJ",173212.318126388,"Decreasing Batt Cap - High LFP Chemistry"
2048,"NL",10155.9229279592,"Decreasing Batt Cap - High LFP Chemistry"
2048,"NM",34597.207988361,"Decreasing Batt Cap - High LFP Chemistry"
2048,"NS",20399.8493073155,"Decreasing Batt Cap - High LFP Chemistry"
2048,"NT",740.083778837784,"Decreasing Batt Cap - High LFP Chemistry"
2048,"NU",320.936562677812,"Decreasing Batt Cap - High LFP Chemistry"
2048,"NV",46956.2198845695,"Decreasing Batt Cap - High LFP Chemistry"
2048,"NY",304795.952439767,"Decreasing Batt Cap - High LFP Chemistry"
2048,"OH",146623.07196753,"Decreasing Batt Cap - High LFP Chemistry"
2048,"OK",55627.1171786638,"Decreasing Batt Cap - High LFP Chemistry"
2048,"ON",312247.002602465,"Decreasing Batt Cap - High LFP Chemistry"
2048,"OR",82627.144821276,"Decreasing Batt Cap - High LFP Chemistry"
2048,"PA",154660.612634165,"Decreasing Batt Cap - High LFP Chemistry"
2048,"PE",3583.5342375658,"Decreasing Batt Cap - High LFP Chemistry"
2048,"QC",173859.261189084,"Decreasing Batt Cap - High LFP Chemistry"
2048,"RI",20228.809976896,"Decreasing Batt Cap - High LFP Chemistry"
2048,"SC",74749.3972426593,"Decreasing Batt Cap - High LFP Chemistry"
2048,"SD",12436.7488763493,"Decreasing Batt Cap - High LFP Chemistry"
2048,"SK",26746.2548698947,"Decreasing Batt Cap - High LFP Chemistry"
2048,"TN",96643.0330464124,"Decreasing Batt Cap - High LFP Chemistry"
2048,"TX",458362.16851721,"Decreasing Batt Cap - High LFP Chemistry"
2048,"UT",53374.6281943435,"Decreasing Batt Cap - High LFP Chemistry"
2048,"VA",127713.644726077,"Decreasing Batt Cap - High LFP Chemistry"
2048,"VT",12851.2372541859,"Decreasing Batt Cap - High LFP Chemistry"
2048,"WA",172039.806381731,"Decreasing Batt Cap - High LFP Chemistry"
2048,"WI",75137.2057585351,"Decreasing Batt Cap - High LFP Chemistry"
2048,"WV",19552.4826616169,"Decreasing Batt Cap - High LFP Chemistry"
2048,"WY",7345.67621165706,"Decreasing Batt Cap - High LFP Chemistry"
2048,"YT",1068.86088134564,"Decreasing Batt Cap - High LFP Chemistry"
2049,"AB",124591.914641194,"Decreasing Batt Cap - High LFP Chemistry"
2049,"AK",9647.30446604692,"Decreasing Batt Cap - High LFP Chemistry"
2049,"AL",69950.0692274583,"Decreasing Batt Cap - High LFP Chemistry"
2049,"AR",39233.9638379146,"Decreasing Batt Cap - High LFP Chemistry"
2049,"AZ",115538.937246146,"Decreasing Batt Cap - High LFP Chemistry"
2049,"BC",121816.179860879,"Decreasing Batt Cap - High LFP Chemistry"
2049,"CA",860388.782369401,"Decreasing Batt Cap - High LFP Chemistry"
2049,"CO",130191.6898429,"Decreasing Batt Cap - High LFP Chemistry"
2049,"CT",47351.1471436324,"Decreasing Batt Cap - High LFP Chemistry"
2049,"DC",11855.6190070025,"Decreasing Batt Cap - High LFP Chemistry"
2049,"DE",16404.4542849617,"Decreasing Batt Cap - High LFP Chemistry"
2049,"FL",359522.694239738,"Decreasing Batt Cap - High LFP Chemistry"
2049,"GA",164586.747404232,"Decreasing Batt Cap - High LFP Chemistry"
2049,"HI",21688.11245339,"Decreasing Batt Cap - High LFP Chemistry"
2049,"IA",44484.6474957007,"Decreasing Batt Cap - High LFP Chemistry"
2049,"ID",33459.0691379279,"Decreasing Batt Cap - High LFP Chemistry"
2049,"IL",162805.057706418,"Decreasing Batt Cap - High LFP Chemistry"
2049,"IN",93082.3173779673,"Decreasing Batt Cap - High LFP Chemistry"
2049,"KS",38976.1872068277,"Decreasing Batt Cap - High LFP Chemistry"
2049,"KY",59778.2946709664,"Decreasing Batt Cap - High LFP Chemistry"
2049,"LA",59063.6825474589,"Decreasing Batt Cap - High LFP Chemistry"
2049,"MA",145913.537272972,"Decreasing Batt Cap - High LFP Chemistry"
2049,"MB",30372.0443950223,"Decreasing Batt Cap - High LFP Chemistry"
2049,"MD",124946.388411388,"Decreasing Batt Cap - High LFP Chemistry"
2049,"ME",19226.6389778116,"Decreasing Batt Cap - High LFP Chemistry"
2049,"MI",130119.42406003,"Decreasing Batt Cap - High LFP Chemistry"
2049,"MN",84706.2030698616,"Decreasing Batt Cap - High LFP Chemistry"
2049,"MO",82917.11057951,"Decreasing Batt Cap - High LFP Chemistry"
2049,"MS",37621.0878043179,"Decreasing Batt Cap - High LFP Chemistry"
2049,"MT",15069.1102399369,"Decreasing Batt Cap - High LFP Chemistry"
2049,"MX",372571.683383977,"Decreasing Batt Cap - High LFP Chemistry"
2049,"NB",18805.4671070927,"Decreasing Batt Cap - High LFP Chemistry"
2049,"NC",153856.896203584,"Decreasing Batt Cap - High LFP Chemistry"
2049,"ND",13154.6704093069,"Decreasing Batt Cap - High LFP Chemistry"
2049,"NE",28623.4223842415,"Decreasing Batt Cap - High LFP Chemistry"
2049,"NH",21053.5726226912,"Decreasing Batt Cap - High LFP Chemistry"
2049,"NJ",184727.257384215,"Decreasing Batt Cap - High LFP Chemistry"
2049,"NL",10876.9065830602,"Decreasing Batt Cap - High LFP Chemistry"
2049,"NM",36049.792494134,"Decreasing Batt Cap - High LFP Chemistry"
2049,"NS",21806.2252116295,"Decreasing Batt Cap - High LFP Chemistry"
2049,"NT",789.594287272248,"Decreasing Batt Cap - High LFP Chemistry"
2049,"NU",346.682615379024,"Decreasing Batt Cap - High LFP Chemistry"
2049,"NV",50992.0689289697,"Decreasing Batt Cap - High LFP Chemistry"
2049,"NY",325740.275859865,"Decreasing Batt Cap - High LFP Chemistry"
2049,"OH",157765.073892251,"Decreasing Batt Cap - High LFP Chemistry"
2049,"OK",60529.160368139,"Decreasing Batt Cap - High LFP Chemistry"
2049,"ON",336034.517507089,"Decreasing Batt Cap - High LFP Chemistry"
2049,"OR",87905.4418199544,"Decreasing Batt Cap - High LFP Chemistry"
2049,"PA",165933.997980657,"Decreasing Batt Cap - High LFP Chemistry"
2049,"PE",3832.17620478354,"Decreasing Batt Cap - High LFP Chemistry"
2049,"QC",186813.582739976,"Decreasing Batt Cap - High LFP Chemistry"
2049,"RI",21513.0846284442,"Decreasing Batt Cap - High LFP Chemistry"
2049,"SC",80935.0513676823,"Decreasing Batt Cap - High LFP Chemistry"
2049,"SD",13437.1838198363,"Decreasing Batt Cap - High LFP Chemistry"
2049,"SK",28843.6270003227,"Decreasing Batt Cap - High LFP Chemistry"
2049,"TN",104509.622308856,"Decreasing Batt Cap - High LFP Chemistry"
2049,"TX",497891.284069027,"Decreasing Batt Cap - High LFP Chemistry"
2049,"UT",58067.9257239374,"Decreasing Batt Cap - High LFP Chemistry"
2049,"VA",138216.687385299,"Decreasing Batt Cap - High LFP Chemistry"
2049,"VT",13726.0087242384,"Decreasing Batt Cap - High LFP Chemistry"
2049,"WA",183668.949274012,"Decreasing Batt Cap - High LFP Chemistry"
2049,"WI",81163.9295040967,"Decreasing Batt Cap - High LFP Chemistry"
2049,"WV",20981.2319839794,"Decreasing Batt Cap - High LFP Chemistry"
2049,"WY",7900.11456905536,"Decreasing Batt Cap - High LFP Chemistry"
2049,"YT",1148.08358257261,"Decreasing Batt Cap - High LFP Chemistry"
2050,"AB",132800.618724562,"Decreasing Batt Cap - High LFP Chemistry"
2050,"AK",10311.2677483677,"Decreasing Batt Cap - High LFP Chemistry"
2050,"AL",74663.1054580418,"Decreasing Batt Cap - High LFP Chemistry"
2050,"AR",41846.5077362782,"Decreasing Batt Cap - High LFP Chemistry"
2050,"AZ",123925.719717331,"Decreasing Batt Cap - High LFP Chemistry"
2050,"BC",130114.850093055,"Decreasing Batt Cap - High LFP Chemistry"
2050,"CA",906878.541154756,"Decreasing Batt Cap - High LFP Chemistry"
2050,"CO",135949.018045484,"Decreasing Batt Cap - High LFP Chemistry"
2050,"CT",50469.649062063,"Decreasing Batt Cap - High LFP Chemistry"
2050,"DC",12585.7507587486,"Decreasing Batt Cap - High LFP Chemistry"
2050,"DE",17577.4478343037,"Decreasing Batt Cap - High LFP Chemistry"
2050,"FL",386624.575132484,"Decreasing Batt Cap - High LFP Chemistry"
2050,"GA",176216.041604186,"Decreasing Batt Cap - High LFP Chemistry"
2050,"HI",23231.2570071256,"Decreasing Batt Cap - High LFP Chemistry"
2050,"IA",47449.9293478891,"Decreasing Batt Cap - High LFP Chemistry"
2050,"ID",36012.2370278478,"Decreasing Batt Cap - High LFP Chemistry"
2050,"IL",173441.273823787,"Decreasing Batt Cap - High LFP Chemistry"
2050,"IN",99300.5906231808,"Decreasing Batt Cap - High LFP Chemistry"
2050,"KS",41473.019744131,"Decreasing Batt Cap - High LFP Chemistry"
2050,"KY",63726.6098795306,"Decreasing Batt Cap - High LFP Chemistry"
2050,"LA",62996.7761303467,"Decreasing Batt Cap - High LFP Chemistry"
2050,"MA",154498.451504771,"Decreasing Batt Cap - High LFP Chemistry"
2050,"MB",32328.9357709066,"Decreasing Batt Cap - High LFP Chemistry"
2050,"MD",131701.632055158,"Decreasing Batt Cap - High LFP Chemistry"
2050,"ME",20477.1366809881,"Decreasing Batt Cap - High LFP Chemistry"
2050,"MI",139146.901772975,"Decreasing Batt Cap - High LFP Chemistry"
2050,"MN",90661.4647058848,"Decreasing Batt Cap - High LFP Chemistry"
2050,"MO",88511.7870946297,"Decreasing Batt Cap - High LFP Chemistry"
2050,"MS",39905.4552942636,"Decreasing Batt Cap - High LFP Chemistry"
2050,"MT",16146.400060385,"Decreasing Batt Cap - High LFP Chemistry"
2050,"MX",419605.400620029,"Decreasing Batt Cap - High LFP Chemistry"
2050,"NB",19900.8578365906,"Decreasing Batt Cap - High LFP Chemistry"
2050,"NC",164815.729834113,"Decreasing Batt Cap - High LFP Chemistry"
2050,"ND",14146.6110407013,"Decreasing Batt Cap - High LFP Chemistry"
2050,"NE",30624.119673764,"Decreasing Batt Cap - High LFP Chemistry"
2050,"NH",22489.7762599335,"Decreasing Batt Cap - High LFP Chemistry"
2050,"NJ",194922.576150328,"Decreasing Batt Cap - High LFP Chemistry"
2050,"NL",11518.210508,"Decreasing Batt Cap - High LFP Chemistry"
2050,"NM",37318.9439314613,"Decreasing Batt Cap - High LFP Chemistry"
2050,"NS",23106.880065127,"Decreasing Batt Cap - High LFP Chemistry"
2050,"NT",840.643524696302,"Decreasing Batt Cap - High LFP Chemistry"
2050,"NU",366.753952268463,"Decreasing Batt Cap - High LFP Chemistry"
2050,"NV",54791.7876780858,"Decreasing Batt Cap - High LFP Chemistry"
2050,"NY",344368.464840339,"Decreasing Batt Cap - High LFP Chemistry"
2050,"OH",168021.555911169,"Decreasing Batt Cap - High LFP Chemistry"
2050,"OK",65114.567532591,"Decreasing Batt Cap - High LFP Chemistry"
2050,"ON",357612.938353669,"Decreasing Batt Cap - High LFP Chemistry"
2050,"OR",92792.2098449381,"Decreasing Batt Cap - High LFP Chemistry"
2050,"PA",176309.952790562,"Decreasing Batt Cap - High LFP Chemistry"
2050,"PE",4071.28262672205,"Decreasing Batt Cap - High LFP Chemistry"
2050,"QC",198540.930830127,"Decreasing Batt Cap - High LFP Chemistry"
2050,"RI",22684.9921446508,"Decreasing Batt Cap - High LFP Chemistry"
2050,"SC",86634.7163186208,"Decreasing Batt Cap - High LFP Chemistry"
2050,"SD",14394.432693314,"Decreasing Batt Cap - High LFP Chemistry"
2050,"SK",30718.8336973046,"Decreasing Batt Cap - High LFP Chemistry"
2050,"TN",111816.215871107,"Decreasing Batt Cap - High LFP Chemistry"
2050,"TX",534623.453551639,"Decreasing Batt Cap - High LFP Chemistry"
2050,"UT",62479.0165187907,"Decreasing Batt Cap - High LFP Chemistry"
2050,"VA",147973.048857648,"Decreasing Batt Cap - High LFP Chemistry"
2050,"VT",14479.6868379431,"Decreasing Batt Cap - High LFP Chemistry"
2050,"WA",194263.601310415,"Decreasing Batt Cap - High LFP Chemistry"
2050,"WI",86714.0036979513,"Decreasing Batt Cap - High LFP Chemistry"
2050,"WV",22280.7490331561,"Decreasing Batt Cap - High LFP Chemistry"
2050,"WY",8413.25708001906,"Decreasing Batt Cap - High LFP Chemistry"
2050,"YT",1220.05868945352,"Decreasing Batt Cap - High LFP Chemistry"
2025,"AB",21.9542356197785,"Increasing Batt Cap - Benchmark Chemistry"
2025,"AK",5.44705106384826,"Increasing Batt Cap - Benchmark Chemistry"
2025,"AL",17.8073838765155,"Increasing Batt Cap - Benchmark Chemistry"
2025,"AR",10.8871466371202,"Increasing Batt Cap - Benchmark Chemistry"
2025,"AZ",89.0628055884012,"Increasing Batt Cap - Benchmark Chemistry"
2025,"BC",115.961851810543,"Increasing Batt Cap - Benchmark Chemistry"
2025,"CA",1457.52300336714,"Increasing Batt Cap - Benchmark Chemistry"
2025,"CO",90.5784139614489,"Increasing Batt Cap - Benchmark Chemistry"
2025,"CT",37.5670498627087,"Increasing Batt Cap - Benchmark Chemistry"
2025,"DC",15.4496416048392,"Increasing Batt Cap - Benchmark Chemistry"
2025,"DE",11.8314031604296,"Increasing Batt Cap - Benchmark Chemistry"
2025,"FL",212.035401978471,"Increasing Batt Cap - Benchmark Chemistry"
2025,"GA",153.139176305613,"Increasing Batt Cap - Benchmark Chemistry"
2025,"HI",48.627297299482,"Increasing Batt Cap - Benchmark Chemistry"
2025,"IA",16.1021189891511,"Increasing Batt Cap - Benchmark Chemistry"
2025,"ID",14.8457504145312,"Increasing Batt Cap - Benchmark Chemistry"
2025,"IL",98.5385940355276,"Increasing Batt Cap - Benchmark Chemistry"
2025,"IN",28.9739374901066,"Increasing Batt Cap - Benchmark Chemistry"
2025,"KS",17.8433817043352,"Increasing Batt Cap - Benchmark Chemistry"
2025,"KY",17.0489039196422,"Increasing Batt Cap - Benchmark Chemistry"
2025,"LA",13.1333395868524,"Increasing Batt Cap - Benchmark Chemistry"
2025,"MA",71.7239475093378,"Increasing Batt Cap - Benchmark Chemistry"
2025,"MB",6.27868510496921,"Increasing Batt Cap - Benchmark Chemistry"
2025,"MD",63.8867212383757,"Increasing Batt Cap - Benchmark Chemistry"
2025,"ME",12.8929506989309,"Increasing Batt Cap - Benchmark Chemistry"
2025,"MI",48.8397765045464,"Increasing Batt Cap - Benchmark Chemistry"
2025,"MN",37.7371035184045,"Increasing Batt Cap - Benchmark Chemistry"
2025,"MO",30.082966679011,"Increasing Batt Cap - Benchmark Chemistry"
2025,"MS",3.39738629882595,"Increasing Batt Cap - Benchmark Chemistry"
2025,"MT",6.53217420222173,"Increasing Batt Cap - Benchmark Chemistry"
2025,"MX",13.2291371168989,"Increasing Batt Cap - Benchmark Chemistry"
2025,"NB",0.325640010475007,"Increasing Batt Cap - Benchmark Chemistry"
2025,"NC",58.9116879808441,"Increasing Batt Cap - Benchmark Chemistry"
2025,"ND",0.121364519760008,"Increasing Batt Cap - Benchmark Chemistry"
2025,"NE",11.7717625955015,"Increasing Batt Cap - Benchmark Chemistry"
2025,"NH",16.3554531092637,"Increasing Batt Cap - Benchmark Chemistry"
2025,"NJ",100.188760363922,"Increasing Batt Cap - Benchmark Chemistry"
2025,"NL",0,"Increasing Batt Cap - Benchmark Chemistry"
2025,"NM",16.8908707450241,"Increasing Batt Cap - Benchmark Chemistry"
2025,"NS",2.05491728194336,"Increasing Batt Cap - Benchmark Chemistry"
2025,"NT",0,"Increasing Batt Cap - Benchmark Chemistry"
2025,"NU",0,"Increasing Batt Cap - Benchmark Chemistry"
2025,"NV",41.303471544355,"Increasing Batt Cap - Benchmark Chemistry"
2025,"NY",123.916071716775,"Increasing Batt Cap - Benchmark Chemistry"
2025,"OH",49.9692653539735,"Increasing Batt Cap - Benchmark Chemistry"
2025,"OK",23.9868781467304,"Increasing Batt Cap - Benchmark Chemistry"
2025,"ON",127.081705003581,"Increasing Batt Cap - Benchmark Chemistry"
2025,"OR",95.3529613854793,"Increasing Batt Cap - Benchmark Chemistry"
2025,"PA",64.5959810452858,"Increasing Batt Cap - Benchmark Chemistry"
2025,"PE",0,"Increasing Batt Cap - Benchmark Chemistry"
2025,"QC",167.175530625409,"Increasing Batt Cap - Benchmark Chemistry"
2025,"RI",11.3623848108726,"Increasing Batt Cap - Benchmark Chemistry"
2025,"SC",23.4175391920478,"Increasing Batt Cap - Benchmark Chemistry"
2025,"SD",1.22197174173845,"Increasing Batt Cap - Benchmark Chemistry"
2025,"SK",0.19731426425662,"Increasing Batt Cap - Benchmark Chemistry"
2025,"TN",35.1475543980489,"Increasing Batt Cap - Benchmark Chemistry"
2025,"TX",201.395035121014,"Increasing Batt Cap - Benchmark Chemistry"
2025,"UT",42.3989527232993,"Increasing Batt Cap - Benchmark Chemistry"
2025,"VA",69.3886190003722,"Increasing Batt Cap - Benchmark Chemistry"
2025,"VT",14.4731880297108,"Increasing Batt Cap - Benchmark Chemistry"
2025,"WA",198.858235871842,"Increasing Batt Cap - Benchmark Chemistry"
2025,"WI",34.345058368944,"Increasing Batt Cap - Benchmark Chemistry"
2025,"WV",3.42867429426353,"Increasing Batt Cap - Benchmark Chemistry"
2025,"WY",0.89633173126344,"Increasing Batt Cap - Benchmark Chemistry"
2025,"YT",0,"Increasing Batt Cap - Benchmark Chemistry"
2026,"AB",49.1435267908833,"Increasing Batt Cap - Benchmark Chemistry"
2026,"AK",14.253681464176,"Increasing Batt Cap - Benchmark Chemistry"
2026,"AL",58.4691422831317,"Increasing Batt Cap - Benchmark Chemistry"
2026,"AR",34.0081883279291,"Increasing Batt Cap - Benchmark Chemistry"
2026,"AZ",190.136975612895,"Increasing Batt Cap - Benchmark Chemistry"
2026,"BC",194.870287717127,"Increasing Batt Cap - Benchmark Chemistry"
2026,"CA",2607.34586067979,"Increasing Batt Cap - Benchmark Chemistry"
2026,"CO",190.327527598403,"Increasing Batt Cap - Benchmark Chemistry"
2026,"CT",78.9931034641262,"Increasing Batt Cap - Benchmark Chemistry"
2026,"DC",25.6562570632867,"Increasing Batt Cap - Benchmark Chemistry"
2026,"DE",25.4220864690369,"Increasing Batt Cap - Benchmark Chemistry"
2026,"FL",486.814458807084,"Increasing Batt Cap - Benchmark Chemistry"
2026,"GA",311.511325293237,"Increasing Batt Cap - Benchmark Chemistry"
2026,"HI",83.6681709360966,"Increasing Batt Cap - Benchmark Chemistry"
2026,"IA",42.3692069403473,"Increasing Batt Cap - Benchmark Chemistry"
2026,"ID",33.9824761996931,"Increasing Batt Cap - Benchmark Chemistry"
2026,"IL",236.599510632725,"Increasing Batt Cap - Benchmark Chemistry"
2026,"IN",88.8616204076875,"Increasing Batt Cap - Benchmark Chemistry"
2026,"KS",44.4878219320025,"Increasing Batt Cap - Benchmark Chemistry"
2026,"KY",56.4521080895271,"Increasing Batt Cap - Benchmark Chemistry"
2026,"LA",51.4490704176347,"Increasing Batt Cap - Benchmark Chemistry"
2026,"MA",163.573683718172,"Increasing Batt Cap - Benchmark Chemistry"
2026,"MB",13.4002427949551,"Increasing Batt Cap - Benchmark Chemistry"
2026,"MD",146.704856212151,"Increasing Batt Cap - Benchmark Chemistry"
2026,"ME",27.9718789608043,"Increasing Batt Cap - Benchmark Chemistry"
2026,"MI",137.777066032144,"Increasing Batt Cap - Benchmark Chemistry"
2026,"MN",91.4663512751407,"Increasing Batt Cap - Benchmark Chemistry"
2026,"MO",83.797543119765,"Increasing Batt Cap - Benchmark Chemistry"
2026,"MS",29.3004924974316,"Increasing Batt Cap - Benchmark Chemistry"
2026,"MT",18.8389487530364,"Increasing Batt Cap - Benchmark Chemistry"
2026,"MX",48.5184197493594,"Increasing Batt Cap - Benchmark Chemistry"
2026,"NB",6.04833359639054,"Increasing Batt Cap - Benchmark Chemistry"
2026,"NC",162.312152122147,"Increasing Batt Cap - Benchmark Chemistry"
2026,"ND",6.98175344710322,"Increasing Batt Cap - Benchmark Chemistry"
2026,"NE",31.1606198444535,"Increasing Batt Cap - Benchmark Chemistry"
2026,"NH",31.0992861271535,"Increasing Batt Cap - Benchmark Chemistry"
2026,"NJ",229.363413403105,"Increasing Batt Cap - Benchmark Chemistry"
2026,"NL",3.00755956231654,"Increasing Batt Cap - Benchmark Chemistry"
2026,"NM",37.8909549934905,"Increasing Batt Cap - Benchmark Chemistry"
2026,"NS",11.0013728125816,"Increasing Batt Cap - Benchmark Chemistry"
2026,"NT",0,"Increasing Batt Cap - Benchmark Chemistry"
2026,"NU",0,"Increasing Batt Cap - Benchmark Chemistry"
2026,"NV",83.2568823289532,"Increasing Batt Cap - Benchmark Chemistry"
2026,"NY",344.670765674167,"Increasing Batt Cap - Benchmark Chemistry"
2026,"OH",159.549049385609,"Increasing Batt Cap - Benchmark Chemistry"
2026,"OK",62.4757895368157,"Increasing Batt Cap - Benchmark Chemistry"
2026,"ON",253.588349651738,"Increasing Batt Cap - Benchmark Chemistry"
2026,"OR",184.460653856211,"Increasing Batt Cap - Benchmark Chemistry"
2026,"PA",189.687002180302,"Increasing Batt Cap - Benchmark Chemistry"
2026,"PE",0,"Increasing Batt Cap - Benchmark Chemistry"
2026,"QC",293.225912334539,"Increasing Batt Cap - Benchmark Chemistry"
2026,"RI",24.9831338656906,"Increasing Batt Cap - Benchmark Chemistry"
2026,"SC",64.010099693071,"Increasing Batt Cap - Benchmark Chemistry"
2026,"SD",10.305556097201,"Increasing Batt Cap - Benchmark Chemistry"
2026,"SK",10.0057886229544,"Increasing Batt Cap - Benchmark Chemistry"
2026,"TN",103.033899574869,"Increasing Batt Cap - Benchmark Chemistry"
2026,"TX",521.889456597127,"Increasing Batt Cap - Benchmark Chemistry"
2026,"UT",88.7586087056584,"Increasing Batt Cap - Benchmark Chemistry"
2026,"VA",166.665001216591,"Increasing Batt Cap - Benchmark Chemistry"
2026,"VT",25.5928598710002,"Increasing Batt Cap - Benchmark Chemistry"
2026,"WA",373.283526953145,"Increasing Batt Cap - Benchmark Chemistry"
2026,"WI",91.5808269630783,"Increasing Batt Cap - Benchmark Chemistry"
2026,"WV",18.6871851055908,"Increasing Batt Cap - Benchmark Chemistry"
2026,"WY",6.05286672583495,"Increasing Batt Cap - Benchmark Chemistry"
2026,"YT",0,"Increasing Batt Cap - Benchmark Chemistry"
2027,"AB",95.1931480592289,"Increasing Batt Cap - Benchmark Chemistry"
2027,"AK",31.3688363897705,"Increasing Batt Cap - Benchmark Chemistry"
2027,"AL",142.464519822288,"Increasing Batt Cap - Benchmark Chemistry"
2027,"AR",85.473242916343,"Increasing Batt Cap - Benchmark Chemistry"
2027,"AZ",387.55372612622,"Increasing Batt Cap - Benchmark Chemistry"
2027,"BC",338.099102401407,"Increasing Batt Cap - Benchmark Chemistry"
2027,"CA",4861.92465481518,"Increasing Batt Cap - Benchmark Chemistry"
2027,"CO",388.901980289208,"Increasing Batt Cap - Benchmark Chemistry"
2027,"CT",164.805022094101,"Increasing Batt Cap - Benchmark Chemistry"
2027,"DC",46.9259670867563,"Increasing Batt Cap - Benchmark Chemistry"
2027,"DE",44.4247918979307,"Increasing Batt Cap - Benchmark Chemistry"
2027,"FL",1032.58816454393,"Increasing Batt Cap - Benchmark Chemistry"
2027,"GA",645.531807240995,"Increasing Batt Cap - Benchmark Chemistry"
2027,"HI",149.911799186784,"Increasing Batt Cap - Benchmark Chemistry"
2027,"IA",100.889343442078,"Increasing Batt Cap - Benchmark Chemistry"
2027,"ID",73.4814867732381,"Increasing Batt Cap - Benchmark Chemistry"
2027,"IL",523.115319462495,"Increasing Batt Cap - Benchmark Chemistry"
2027,"IN",213.324304672351,"Increasing Batt Cap - Benchmark Chemistry"
2027,"KS",99.8506366567643,"Increasing Batt Cap - Benchmark Chemistry"
2027,"KY",123.576705638162,"Increasing Batt Cap - Benchmark Chemistry"
2027,"LA",122.030102236755,"Increasing Batt Cap - Benchmark Chemistry"
2027,"MA",362.364402728489,"Increasing Batt Cap - Benchmark Chemistry"
2027,"MB",33.803783463563,"Increasing Batt Cap - Benchmark Chemistry"
2027,"MD",318.676994640741,"Increasing Batt Cap - Benchmark Chemistry"
2027,"ME",54.2720860915407,"Increasing Batt Cap - Benchmark Chemistry"
2027,"MI",330.923568153765,"Increasing Batt Cap - Benchmark Chemistry"
2027,"MN",210.484954608298,"Increasing Batt Cap - Benchmark Chemistry"
2027,"MO",199.491940776263,"Increasing Batt Cap - Benchmark Chemistry"
2027,"MS",79.245084023242,"Increasing Batt Cap - Benchmark Chemistry"
2027,"MT",39.8739275367693,"Increasing Batt Cap - Benchmark Chemistry"
2027,"MX",152.034132734133,"Increasing Batt Cap - Benchmark Chemistry"
2027,"NB",16.2969587459972,"Increasing Batt Cap - Benchmark Chemistry"
2027,"NC",386.20614117469,"Increasing Batt Cap - Benchmark Chemistry"
2027,"ND",21.7010547934708,"Increasing Batt Cap - Benchmark Chemistry"
2027,"NE",69.3429382485484,"Increasing Batt Cap - Benchmark Chemistry"
2027,"NH",58.9326074745939,"Increasing Batt Cap - Benchmark Chemistry"
2027,"NJ",486.447623183783,"Increasing Batt Cap - Benchmark Chemistry"
2027,"NL",6.80683949605706,"Increasing Batt Cap - Benchmark Chemistry"
2027,"NM",82.6274007842927,"Increasing Batt Cap - Benchmark Chemistry"
2027,"NS",22.5631300330523,"Increasing Batt Cap - Benchmark Chemistry"
2027,"NT",0,"Increasing Batt Cap - Benchmark Chemistry"
2027,"NU",0,"Increasing Batt Cap - Benchmark Chemistry"
2027,"NV",167.951042028593,"Increasing Batt Cap - Benchmark Chemistry"
2027,"NY",794.903338724506,"Increasing Batt Cap - Benchmark Chemistry"
2027,"OH",387.17938936426,"Increasing Batt Cap - Benchmark Chemistry"
2027,"OK",130.268386398387,"Increasing Batt Cap - Benchmark Chemistry"
2027,"ON",474.067182568393,"Increasing Batt Cap - Benchmark Chemistry"
2027,"OR",364.891584074337,"Increasing Batt Cap - Benchmark Chemistry"
2027,"PA",453.277619078017,"Increasing Batt Cap - Benchmark Chemistry"
2027,"PE",1.43629720891778,"Increasing Batt Cap - Benchmark Chemistry"
2027,"QC",514.16839851339,"Increasing Batt Cap - Benchmark Chemistry"
2027,"RI",47.3013365759309,"Increasing Batt Cap - Benchmark Chemistry"
2027,"SC",158.803321152148,"Increasing Batt Cap - Benchmark Chemistry"
2027,"SD",27.5794409209015,"Increasing Batt Cap - Benchmark Chemistry"
2027,"SK",26.1980408882591,"Increasing Batt Cap - Benchmark Chemistry"
2027,"TN",240.641741564849,"Increasing Batt Cap - Benchmark Chemistry"
2027,"TX",1180.52008624392,"Increasing Batt Cap - Benchmark Chemistry"
2027,"UT",177.265940277514,"Increasing Batt Cap - Benchmark Chemistry"
2027,"VA",369.343442323839,"Increasing Batt Cap - Benchmark Chemistry"
2027,"VT",41.225544350775,"Increasing Batt Cap - Benchmark Chemistry"
2027,"WA",731.155790538664,"Increasing Batt Cap - Benchmark Chemistry"
2027,"WI",208.802861638028,"Increasing Batt Cap - Benchmark Chemistry"
2027,"WV",49.7054125589861,"Increasing Batt Cap - Benchmark Chemistry"
2027,"WY",16.821181585561,"Increasing Batt Cap - Benchmark Chemistry"
2027,"YT",0,"Increasing Batt Cap - Benchmark Chemistry"
2028,"AB",185.422539216113,"Increasing Batt Cap - Benchmark Chemistry"
2028,"AK",51.2537124114133,"Increasing Batt Cap - Benchmark Chemistry"
2028,"AL",277.130191013324,"Increasing Batt Cap - Benchmark Chemistry"
2028,"AR",163.701539658721,"Increasing Batt Cap - Benchmark Chemistry"
2028,"AZ",711.294096837051,"Increasing Batt Cap - Benchmark Chemistry"
2028,"BC",568.397309794841,"Increasing Batt Cap - Benchmark Chemistry"
2028,"CA",8194.36134246499,"Increasing Batt Cap - Benchmark Chemistry"
2028,"CO",696.006899137372,"Increasing Batt Cap - Benchmark Chemistry"
2028,"CT",305.27987688666,"Increasing Batt Cap - Benchmark Chemistry"
2028,"DC",74.2383474467562,"Increasing Batt Cap - Benchmark Chemistry"
2028,"DE",79.112771244444,"Increasing Batt Cap - Benchmark Chemistry"
2028,"FL",1897.91567216202,"Increasing Batt Cap - Benchmark Chemistry"
2028,"GA",1159.63301176498,"Increasing Batt Cap - Benchmark Chemistry"
2028,"HI",262.141148781708,"Increasing Batt Cap - Benchmark Chemistry"
2028,"IA",190.338578801567,"Increasing Batt Cap - Benchmark Chemistry"
2028,"ID",132.62872551393,"Increasing Batt Cap - Benchmark Chemistry"
2028,"IL",975.631495198917,"Increasing Batt Cap - Benchmark Chemistry"
2028,"IN",415.104875589513,"Increasing Batt Cap - Benchmark Chemistry"
2028,"KS",184.527078658191,"Increasing Batt Cap - Benchmark Chemistry"
2028,"KY",248.630840320807,"Increasing Batt Cap - Benchmark Chemistry"
2028,"LA",240.333102281741,"Increasing Batt Cap - Benchmark Chemistry"
2028,"MA",662.396449885072,"Increasing Batt Cap - Benchmark Chemistry"
2028,"MB",48.6551942427289,"Increasing Batt Cap - Benchmark Chemistry"
2028,"MD",583.789556060324,"Increasing Batt Cap - Benchmark Chemistry"
2028,"ME",100.983450505776,"Increasing Batt Cap - Benchmark Chemistry"
2028,"MI",644.927043904662,"Increasing Batt Cap - Benchmark Chemistry"
2028,"MN",401.547177168214,"Increasing Batt Cap - Benchmark Chemistry"
2028,"MO",379.357761708581,"Increasing Batt Cap - Benchmark Chemistry"
2028,"MS",150.689901897203,"Increasing Batt Cap - Benchmark Chemistry"
2028,"MT",72.189225887603,"Increasing Batt Cap - Benchmark Chemistry"
2028,"MX",336.363490906751,"Increasing Batt Cap - Benchmark Chemistry"
2028,"NB",38.8433615802043,"Increasing Batt Cap - Benchmark Chemistry"
2028,"NC",733.355317121226,"Increasing Batt Cap - Benchmark Chemistry"
2028,"ND",45.7322327960937,"Increasing Batt Cap - Benchmark Chemistry"
2028,"NE",124.520198549043,"Increasing Batt Cap - Benchmark Chemistry"
2028,"NH",111.516952224927,"Increasing Batt Cap - Benchmark Chemistry"
2028,"NJ",899.253442422108,"Increasing Batt Cap - Benchmark Chemistry"
2028,"NL",18.6496340686189,"Increasing Batt Cap - Benchmark Chemistry"
2028,"NM",150.734676622735,"Increasing Batt Cap - Benchmark Chemistry"
2028,"NS",43.7280015748957,"Increasing Batt Cap - Benchmark Chemistry"
2028,"NT",0,"Increasing Batt Cap - Benchmark Chemistry"
2028,"NU",0,"Increasing Batt Cap - Benchmark Chemistry"
2028,"NV",306.491063607858,"Increasing Batt Cap - Benchmark Chemistry"
2028,"NY",1500.53995921297,"Increasing Batt Cap - Benchmark Chemistry"
2028,"OH",757.314679623587,"Increasing Batt Cap - Benchmark Chemistry"
2028,"OK",256.89948514958,"Increasing Batt Cap - Benchmark Chemistry"
2028,"ON",832.886003035642,"Increasing Batt Cap - Benchmark Chemistry"
2028,"OR",634.586776826506,"Increasing Batt Cap - Benchmark Chemistry"
2028,"PA",874.548813172511,"Increasing Batt Cap - Benchmark Chemistry"
2028,"PE",6.1247724963077,"Increasing Batt Cap - Benchmark Chemistry"
2028,"QC",854.14163425635,"Increasing Batt Cap - Benchmark Chemistry"
2028,"RI",86.0589985774894,"Increasing Batt Cap - Benchmark Chemistry"
2028,"SC",313.061072878996,"Increasing Batt Cap - Benchmark Chemistry"
2028,"SD",55.0243190003629,"Increasing Batt Cap - Benchmark Chemistry"
2028,"SK",43.2896478411916,"Increasing Batt Cap - Benchmark Chemistry"
2028,"TN",464.158482464456,"Increasing Batt Cap - Benchmark Chemistry"
2028,"TX",2230.70887905309,"Increasing Batt Cap - Benchmark Chemistry"
2028,"UT",328.461315593837,"Increasing Batt Cap - Benchmark Chemistry"
2028,"VA",700.194191122516,"Increasing Batt Cap - Benchmark Chemistry"
2028,"VT",67.4936280841316,"Increasing Batt Cap - Benchmark Chemistry"
2028,"WA",1256.88449362342,"Increasing Batt Cap - Benchmark Chemistry"
2028,"WI",399.291614721468,"Increasing Batt Cap - Benchmark Chemistry"
2028,"WV",96.3398778663998,"Increasing Batt Cap - Benchmark Chemistry"
2028,"WY",36.9989769958604,"Increasing Batt Cap - Benchmark Chemistry"
2028,"YT",0,"Increasing Batt Cap - Benchmark Chemistry"
2029,"AB",338.829365597486,"Increasing Batt Cap - Benchmark Chemistry"
2029,"AK",90.1697664310716,"Increasing Batt Cap - Benchmark Chemistry"
2029,"AL",500.767858930162,"Increasing Batt Cap - Benchmark Chemistry"
2029,"AR",284.003786854278,"Increasing Batt Cap - Benchmark Chemistry"
2029,"AZ",1193.67275387984,"Increasing Batt Cap - Benchmark Chemistry"
2029,"BC",929.797918445216,"Increasing Batt Cap - Benchmark Chemistry"
2029,"CA",13113.7104305726,"Increasing Batt Cap - Benchmark Chemistry"
2029,"CO",1174.0191408144,"Increasing Batt Cap - Benchmark Chemistry"
2029,"CT",521.104711648567,"Increasing Batt Cap - Benchmark Chemistry"
2029,"DC",120.125315881095,"Increasing Batt Cap - Benchmark Chemistry"
2029,"DE",138.911649954276,"Increasing Batt Cap - Benchmark Chemistry"
2029,"FL",3239.88983440134,"Increasing Batt Cap - Benchmark Chemistry"
2029,"GA",1924.7777726776,"Increasing Batt Cap - Benchmark Chemistry"
2029,"HI",411.897265749496,"Increasing Batt Cap - Benchmark Chemistry"
2029,"IA",329.204210604798,"Increasing Batt Cap - Benchmark Chemistry"
2029,"ID",219.33496707317,"Increasing Batt Cap - Benchmark Chemistry"
2029,"IL",1672.06901937781,"Increasing Batt Cap - Benchmark Chemistry"
2029,"IN",741.988981692118,"Increasing Batt Cap - Benchmark Chemistry"
2029,"KS",317.900639683021,"Increasing Batt Cap - Benchmark Chemistry"
2029,"KY",447.956857808524,"Increasing Batt Cap - Benchmark Chemistry"
2029,"LA",433.663916664715,"Increasing Batt Cap - Benchmark Chemistry"
2029,"MA",1133.58475532045,"Increasing Batt Cap - Benchmark Chemistry"
2029,"MB",88.0292775919214,"Increasing Batt Cap - Benchmark Chemistry"
2029,"MD",1004.53251249151,"Increasing Batt Cap - Benchmark Chemistry"
2029,"ME",167.645341915346,"Increasing Batt Cap - Benchmark Chemistry"
2029,"MI",1134.14136543558,"Increasing Batt Cap - Benchmark Chemistry"
2029,"MN",710.915048583632,"Increasing Batt Cap - Benchmark Chemistry"
2029,"MO",693.293557850909,"Increasing Batt Cap - Benchmark Chemistry"
2029,"MS",270.778100669923,"Increasing Batt Cap - Benchmark Chemistry"
2029,"MT",127.20458667952,"Increasing Batt Cap - Benchmark Chemistry"
2029,"MX",646.98143264662,"Increasing Batt Cap - Benchmark Chemistry"
2029,"NB",55.8142155333971,"Increasing Batt Cap - Benchmark Chemistry"
2029,"NC",1285.62942154378,"Increasing Batt Cap - Benchmark Chemistry"
2029,"ND",80.4197690492407,"Increasing Batt Cap - Benchmark Chemistry"
2029,"NE",212.954715325705,"Increasing Batt Cap - Benchmark Chemistry"
2029,"NH",178.651095894143,"Increasing Batt Cap - Benchmark Chemistry"
2029,"NJ",1531.38435860366,"Increasing Batt Cap - Benchmark Chemistry"
2029,"NL",40.5506774602252,"Increasing Batt Cap - Benchmark Chemistry"
2029,"NM",265.33579316763,"Increasing Batt Cap - Benchmark Chemistry"
2029,"NS",62.4241403400732,"Increasing Batt Cap - Benchmark Chemistry"
2029,"NT",0,"Increasing Batt Cap - Benchmark Chemistry"
2029,"NU",0,"Increasing Batt Cap - Benchmark Chemistry"
2029,"NV",508.732201779076,"Increasing Batt Cap - Benchmark Chemistry"
2029,"NY",2615.20932143508,"Increasing Batt Cap - Benchmark Chemistry"
2029,"OH",1322.08920426721,"Increasing Batt Cap - Benchmark Chemistry"
2029,"OK",443.782213078097,"Increasing Batt Cap - Benchmark Chemistry"
2029,"ON",1422.88976790244,"Increasing Batt Cap - Benchmark Chemistry"
2029,"OR",1037.30505798807,"Increasing Batt Cap - Benchmark Chemistry"
2029,"PA",1529.49836395993,"Increasing Batt Cap - Benchmark Chemistry"
2029,"PE",10.4146322590188,"Increasing Batt Cap - Benchmark Chemistry"
2029,"QC",1408.62116685035,"Increasing Batt Cap - Benchmark Chemistry"
2029,"RI",149.871176504911,"Increasing Batt Cap - Benchmark Chemistry"
2029,"SC",559.4455419697,"Increasing Batt Cap - Benchmark Chemistry"
2029,"SD",101.873184782878,"Increasing Batt Cap - Benchmark Chemistry"
2029,"SK",79.9952116912654,"Increasing Batt Cap - Benchmark Chemistry"
2029,"TN",822.72251427136,"Increasing Batt Cap - Benchmark Chemistry"
2029,"TX",3880.42909969295,"Increasing Batt Cap - Benchmark Chemistry"
2029,"UT",543.471901466387,"Increasing Batt Cap - Benchmark Chemistry"
2029,"VA",1215.10139967231,"Increasing Batt Cap - Benchmark Chemistry"
2029,"VT",114.332569208488,"Increasing Batt Cap - Benchmark Chemistry"
2029,"WA",2060.81909120679,"Increasing Batt Cap - Benchmark Chemistry"
2029,"WI",701.101717692577,"Increasing Batt Cap - Benchmark Chemistry"
2029,"WV",163.992037124011,"Increasing Batt Cap - Benchmark Chemistry"
2029,"WY",64.9810995038016,"Increasing Batt Cap - Benchmark Chemistry"
2029,"YT",2.16703792384586,"Increasing Batt Cap - Benchmark Chemistry"
2030,"AB",590.837169090419,"Increasing Batt Cap - Benchmark Chemistry"
2030,"AK",144.229514612087,"Increasing Batt Cap - Benchmark Chemistry"
2030,"AL",843.604961913505,"Increasing Batt Cap - Benchmark Chemistry"
2030,"AR",477.743727571063,"Increasing Batt Cap - Benchmark Chemistry"
2030,"AZ",1923.65513581477,"Increasing Batt Cap - Benchmark Chemistry"
2030,"BC",1488.63111382726,"Increasing Batt Cap - Benchmark Chemistry"
2030,"CA",19980.665058528,"Increasing Batt Cap - Benchmark Chemistry"
2030,"CO",1883.3263634202,"Increasing Batt Cap - Benchmark Chemistry"
2030,"CT",835.994572169117,"Increasing Batt Cap - Benchmark Chemistry"
2030,"DC",199.964916258308,"Increasing Batt Cap - Benchmark Chemistry"
2030,"DE",216.1876695869,"Increasing Batt Cap - Benchmark Chemistry"
2030,"FL",5247.50905083657,"Increasing Batt Cap - Benchmark Chemistry"
2030,"GA",2949.64075132395,"Increasing Batt Cap - Benchmark Chemistry"
2030,"HI",625.980036649483,"Increasing Batt Cap - Benchmark Chemistry"
2030,"IA",542.920513345356,"Increasing Batt Cap - Benchmark Chemistry"
2030,"ID",368.008759954326,"Increasing Batt Cap - Benchmark Chemistry"
2030,"IL",2713.7894558358,"Increasing Batt Cap - Benchmark Chemistry"
2030,"IN",1240.37297646433,"Increasing Batt Cap - Benchmark Chemistry"
2030,"KS",531.729389141966,"Increasing Batt Cap - Benchmark Chemistry"
2030,"KY",744.986222781313,"Increasing Batt Cap - Benchmark Chemistry"
2030,"LA",734.822348174981,"Increasing Batt Cap - Benchmark Chemistry"
2030,"MA",1846.11473832597,"Increasing Batt Cap - Benchmark Chemistry"
2030,"MB",153.210681735726,"Increasing Batt Cap - Benchmark Chemistry"
2030,"MD",1637.56542761605,"Increasing Batt Cap - Benchmark Chemistry"
2030,"ME",258.409566541974,"Increasing Batt Cap - Benchmark Chemistry"
2030,"MI",1871.0950459787,"Increasing Batt Cap - Benchmark Chemistry"
2030,"MN",1159.14349392243,"Increasing Batt Cap - Benchmark Chemistry"
2030,"MO",1147.09086990551,"Increasing Batt Cap - Benchmark Chemistry"
2030,"MS",454.076969399178,"Increasing Batt Cap - Benchmark Chemistry"
2030,"MT",198.864609444898,"Increasing Batt Cap - Benchmark Chemistry"
2030,"MX",1152.81474468794,"Increasing Batt Cap - Benchmark Chemistry"
2030,"NB",93.6627533043076,"Increasing Batt Cap - Benchmark Chemistry"
2030,"NC",2114.89468547993,"Increasing Batt Cap - Benchmark Chemistry"
2030,"ND",140.664010706034,"Increasing Batt Cap - Benchmark Chemistry"
2030,"NE",351.836973666349,"Increasing Batt Cap - Benchmark Chemistry"
2030,"NH",289.856419053858,"Increasing Batt Cap - Benchmark Chemistry"
2030,"NJ",2485.33265896225,"Increasing Batt Cap - Benchmark Chemistry"
2030,"NL",58.5931109146124,"Increasing Batt Cap - Benchmark Chemistry"
2030,"NM",434.509326914502,"Increasing Batt Cap - Benchmark Chemistry"
2030,"NS",113.425754789599,"Increasing Batt Cap - Benchmark Chemistry"
2030,"NT",2.16703792384586,"Increasing Batt Cap - Benchmark Chemistry"
2030,"NU",0,"Increasing Batt Cap - Benchmark Chemistry"
2030,"NV",829.430771931555,"Increasing Batt Cap - Benchmark Chemistry"
2030,"NY",4295.98288953573,"Increasing Batt Cap - Benchmark Chemistry"
2030,"OH",2192.38854329014,"Increasing Batt Cap - Benchmark Chemistry"
2030,"OK",753.077226642128,"Increasing Batt Cap - Benchmark Chemistry"
2030,"ON",2393.20316909885,"Increasing Batt Cap - Benchmark Chemistry"
2030,"OR",1617.0263366954,"Increasing Batt Cap - Benchmark Chemistry"
2030,"PA",2524.21785971231,"Increasing Batt Cap - Benchmark Chemistry"
2030,"PE",22.9567400217258,"Increasing Batt Cap - Benchmark Chemistry"
2030,"QC",2254.39912062358,"Increasing Batt Cap - Benchmark Chemistry"
2030,"RI",232.633560882641,"Increasing Batt Cap - Benchmark Chemistry"
2030,"SC",939.624950718164,"Increasing Batt Cap - Benchmark Chemistry"
2030,"SD",158.313764637397,"Increasing Batt Cap - Benchmark Chemistry"
2030,"SK",132.813379320949,"Increasing Batt Cap - Benchmark Chemistry"
2030,"TN",1358.20433563957,"Increasing Batt Cap - Benchmark Chemistry"
2030,"TX",6365.56973132573,"Increasing Batt Cap - Benchmark Chemistry"
2030,"UT",886.659550217032,"Increasing Batt Cap - Benchmark Chemistry"
2030,"VA",1970.97700874812,"Increasing Batt Cap - Benchmark Chemistry"
2030,"VT",189.151503768472,"Increasing Batt Cap - Benchmark Chemistry"
2030,"WA",3224.21159122919,"Increasing Batt Cap - Benchmark Chemistry"
2030,"WI",1141.1682540518,"Increasing Batt Cap - Benchmark Chemistry"
2030,"WV",275.402663980565,"Increasing Batt Cap - Benchmark Chemistry"
2030,"WY",103.682937432741,"Increasing Batt Cap - Benchmark Chemistry"
2030,"YT",2.79692714163967,"Increasing Batt Cap - Benchmark Chemistry"
2031,"AB",1004.86000878255,"Increasing Batt Cap - Benchmark Chemistry"
2031,"AK",218.936396828528,"Increasing Batt Cap - Benchmark Chemistry"
2031,"AL",1342.56429452024,"Increasing Batt Cap - Benchmark Chemistry"
2031,"AR",770.649371025921,"Increasing Batt Cap - Benchmark Chemistry"
2031,"AZ",3014.92796133087,"Increasing Batt Cap - Benchmark Chemistry"
2031,"BC",2395.87918431675,"Increasing Batt Cap - Benchmark Chemistry"
2031,"CA",30021.884020118,"Increasing Batt Cap - Benchmark Chemistry"
2031,"CO",2947.10675475093,"Increasing Batt Cap - Benchmark Chemistry"
2031,"CT",1306.38502418235,"Increasing Batt Cap - Benchmark Chemistry"
2031,"DC",297.271677148941,"Increasing Batt Cap - Benchmark Chemistry"
2031,"DE",336.548580575455,"Increasing Batt Cap - Benchmark Chemistry"
2031,"FL",8236.26927051311,"Increasing Batt Cap - Benchmark Chemistry"
2031,"GA",4384.56602317626,"Increasing Batt Cap - Benchmark Chemistry"
2031,"HI",928.964517420406,"Increasing Batt Cap - Benchmark Chemistry"
2031,"IA",874.996346485367,"Increasing Batt Cap - Benchmark Chemistry"
2031,"ID",575.982315717219,"Increasing Batt Cap - Benchmark Chemistry"
2031,"IL",4246.17078858701,"Increasing Batt Cap - Benchmark Chemistry"
2031,"IN",1959.5798078118,"Increasing Batt Cap - Benchmark Chemistry"
2031,"KS",841.737012518287,"Increasing Batt Cap - Benchmark Chemistry"
2031,"KY",1186.74912303798,"Increasing Batt Cap - Benchmark Chemistry"
2031,"LA",1161.29971234898,"Increasing Batt Cap - Benchmark Chemistry"
2031,"MA",2911.1933784336,"Increasing Batt Cap - Benchmark Chemistry"
2031,"MB",260.909631520469,"Increasing Batt Cap - Benchmark Chemistry"
2031,"MD",2580.62409408725,"Increasing Batt Cap - Benchmark Chemistry"
2031,"ME",414.237928708381,"Increasing Batt Cap - Benchmark Chemistry"
2031,"MI",2925.68011653058,"Increasing Batt Cap - Benchmark Chemistry"
2031,"MN",1852.36120722606,"Increasing Batt Cap - Benchmark Chemistry"
2031,"MO",1801.37363582628,"Increasing Batt Cap - Benchmark Chemistry"
2031,"MS",724.862436082179,"Increasing Batt Cap - Benchmark Chemistry"
2031,"MT",307.831874869403,"Increasing Batt Cap - Benchmark Chemistry"
2031,"MX",1943.03691155539,"Increasing Batt Cap - Benchmark Chemistry"
2031,"NB",159.289318967112,"Increasing Batt Cap - Benchmark Chemistry"
2031,"NC",3334.09094208266,"Increasing Batt Cap - Benchmark Chemistry"
2031,"ND",207.638590032175,"Increasing Batt Cap - Benchmark Chemistry"
2031,"NE",561.05200862866,"Increasing Batt Cap - Benchmark Chemistry"
2031,"NH",449.956534129708,"Increasing Batt Cap - Benchmark Chemistry"
2031,"NJ",3939.2217382862,"Increasing Batt Cap - Benchmark Chemistry"
2031,"NL",100.020590532276,"Increasing Batt Cap - Benchmark Chemistry"
2031,"NM",705.999236418923,"Increasing Batt Cap - Benchmark Chemistry"
2031,"NS",189.946759075788,"Increasing Batt Cap - Benchmark Chemistry"
2031,"NT",2.79692714163967,"Increasing Batt Cap - Benchmark Chemistry"
2031,"NU",0,"Increasing Batt Cap - Benchmark Chemistry"
2031,"NV",1298.13430374872,"Increasing Batt Cap - Benchmark Chemistry"
2031,"NY",6789.77408475832,"Increasing Batt Cap - Benchmark Chemistry"
2031,"OH",3446.85855179899,"Increasing Batt Cap - Benchmark Chemistry"
2031,"OK",1207.64727752629,"Increasing Batt Cap - Benchmark Chemistry"
2031,"ON",4001.57623606328,"Increasing Batt Cap - Benchmark Chemistry"
2031,"OR",2481.42303080275,"Increasing Batt Cap - Benchmark Chemistry"
2031,"PA",3970.53172752093,"Increasing Batt Cap - Benchmark Chemistry"
2031,"PE",38.0468250866519,"Increasing Batt Cap - Benchmark Chemistry"
2031,"QC",3639.15319261572,"Increasing Batt Cap - Benchmark Chemistry"
2031,"RI",375.096845273336,"Increasing Batt Cap - Benchmark Chemistry"
2031,"SC",1502.41669691314,"Increasing Batt Cap - Benchmark Chemistry"
2031,"SD",242.77272158241,"Increasing Batt Cap - Benchmark Chemistry"
2031,"SK",227.275273193785,"Increasing Batt Cap - Benchmark Chemistry"
2031,"TN",2128.79996151262,"Increasing Batt Cap - Benchmark Chemistry"
2031,"TX",10007.9904776147,"Increasing Batt Cap - Benchmark Chemistry"
2031,"UT",1383.2633102296,"Increasing Batt Cap - Benchmark Chemistry"
2031,"VA",3112.7698444109,"Increasing Batt Cap - Benchmark Chemistry"
2031,"VT",289.320537011429,"Increasing Batt Cap - Benchmark Chemistry"
2031,"WA",4957.51345892619,"Increasing Batt Cap - Benchmark Chemistry"
2031,"WI",1780.88022238087,"Increasing Batt Cap - Benchmark Chemistry"
2031,"WV",418.238018026987,"Increasing Batt Cap - Benchmark Chemistry"
2031,"WY",164.52508994676,"Increasing Batt Cap - Benchmark Chemistry"
2031,"YT",8.9108234476826,"Increasing Batt Cap - Benchmark Chemistry"
2032,"AB",1704.0617281209,"Increasing Batt Cap - Benchmark Chemistry"
2032,"AK",318.556293261245,"Increasing Batt Cap - Benchmark Chemistry"
2032,"AL",2023.90683376768,"Increasing Batt Cap - Benchmark Chemistry"
2032,"AR",1152.80641017273,"Increasing Batt Cap - Benchmark Chemistry"
2032,"AZ",4437.3355980229,"Increasing Batt Cap - Benchmark Chemistry"
2032,"BC",3791.9890947057,"Increasing Batt Cap - Benchmark Chemistry"
2032,"CA",42585.7368300825,"Increasing Batt Cap - Benchmark Chemistry"
2032,"CO",4384.17558506368,"Increasing Batt Cap - Benchmark Chemistry"
2032,"CT",1924.97756168642,"Increasing Batt Cap - Benchmark Chemistry"
2032,"DC",440.519238681948,"Increasing Batt Cap - Benchmark Chemistry"
2032,"DE",500.542744121125,"Increasing Batt Cap - Benchmark Chemistry"
2032,"FL",12203.6486291844,"Increasing Batt Cap - Benchmark Chemistry"
2032,"GA",6197.77876772043,"Increasing Batt Cap - Benchmark Chemistry"
2032,"HI",1290.1050751891,"Increasing Batt Cap - Benchmark Chemistry"
2032,"IA",1311.75191262943,"Increasing Batt Cap - Benchmark Chemistry"
2032,"ID",882.256599603749,"Increasing Batt Cap - Benchmark Chemistry"
2032,"IL",6255.36689182463,"Increasing Batt Cap - Benchmark Chemistry"
2032,"IN",2926.02601437251,"Increasing Batt Cap - Benchmark Chemistry"
2032,"KS",1268.97142458358,"Increasing Batt Cap - Benchmark Chemistry"
2032,"KY",1795.67108854548,"Increasing Batt Cap - Benchmark Chemistry"
2032,"LA",1755.05454104795,"Increasing Batt Cap - Benchmark Chemistry"
2032,"MA",4336.53087227511,"Increasing Batt Cap - Benchmark Chemistry"
2032,"MB",437.207185649855,"Increasing Batt Cap - Benchmark Chemistry"
2032,"MD",3844.5663119767,"Increasing Batt Cap - Benchmark Chemistry"
2032,"ME",614.723806588206,"Increasing Batt Cap - Benchmark Chemistry"
2032,"MI",4348.0494598404,"Increasing Batt Cap - Benchmark Chemistry"
2032,"MN",2761.48030153854,"Increasing Batt Cap - Benchmark Chemistry"
2032,"MO",2679.86432736055,"Increasing Batt Cap - Benchmark Chemistry"
2032,"MS",1099.51932943739,"Increasing Batt Cap - Benchmark Chemistry"
2032,"MT",466.203292680135,"Increasing Batt Cap - Benchmark Chemistry"
2032,"MX",3172.517298206,"Increasing Batt Cap - Benchmark Chemistry"
2032,"NB",261.488639703669,"Increasing Batt Cap - Benchmark Chemistry"
2032,"NC",4991.59165270773,"Increasing Batt Cap - Benchmark Chemistry"
2032,"ND",315.427399955549,"Increasing Batt Cap - Benchmark Chemistry"
2032,"NE",838.22820585592,"Increasing Batt Cap - Benchmark Chemistry"
2032,"NH",678.604450705527,"Increasing Batt Cap - Benchmark Chemistry"
2032,"NJ",5897.39215815182,"Increasing Batt Cap - Benchmark Chemistry"
2032,"NL",166.146279772284,"Increasing Batt Cap - Benchmark Chemistry"
2032,"NM",1076.93692195292,"Increasing Batt Cap - Benchmark Chemistry"
2032,"NS",316.069255228261,"Increasing Batt Cap - Benchmark Chemistry"
2032,"NT",5.70636242185644,"Increasing Batt Cap - Benchmark Chemistry"
2032,"NU",0,"Increasing Batt Cap - Benchmark Chemistry"
2032,"NV",1925.19335301474,"Increasing Batt Cap - Benchmark Chemistry"
2032,"NY",10119.8007392611,"Increasing Batt Cap - Benchmark Chemistry"
2032,"OH",5158.4073707911,"Increasing Batt Cap - Benchmark Chemistry"
2032,"OK",1800.7223957789,"Increasing Batt Cap - Benchmark Chemistry"
2032,"ON",6491.07689060816,"Increasing Batt Cap - Benchmark Chemistry"
2032,"OR",3565.66000040204,"Increasing Batt Cap - Benchmark Chemistry"
2032,"PA",5922.49706821362,"Increasing Batt Cap - Benchmark Chemistry"
2032,"PE",62.2740441392292,"Increasing Batt Cap - Benchmark Chemistry"
2032,"QC",5718.69664913585,"Increasing Batt Cap - Benchmark Chemistry"
2032,"RI",565.102578125122,"Increasing Batt Cap - Benchmark Chemistry"
2032,"SC",2244.77117521994,"Increasing Batt Cap - Benchmark Chemistry"
2032,"SD",363.54506365857,"Increasing Batt Cap - Benchmark Chemistry"
2032,"SK",381.935304578272,"Increasing Batt Cap - Benchmark Chemistry"
2032,"TN",3149.10615527632,"Increasing Batt Cap - Benchmark Chemistry"
2032,"TX",14917.2753427016,"Increasing Batt Cap - Benchmark Chemistry"
2032,"UT",2040.78862711106,"Increasing Batt Cap - Benchmark Chemistry"
2032,"VA",4639.9625786289,"Increasing Batt Cap - Benchmark Chemistry"
2032,"VT",423.849030664168,"Increasing Batt Cap - Benchmark Chemistry"
2032,"WA",7154.85808660806,"Increasing Batt Cap - Benchmark Chemistry"
2032,"WI",2621.94177708478,"Increasing Batt Cap - Benchmark Chemistry"
2032,"WV",647.685291480517,"Increasing Batt Cap - Benchmark Chemistry"
2032,"WY",233.549350083768,"Increasing Batt Cap - Benchmark Chemistry"
2032,"YT",12.5219364044514,"Increasing Batt Cap - Benchmark Chemistry"
2033,"AB",2668.76462033234,"Increasing Batt Cap - Benchmark Chemistry"
2033,"AK",453.477538084289,"Increasing Batt Cap - Benchmark Chemistry"
2033,"AL",2930.09135459851,"Increasing Batt Cap - Benchmark Chemistry"
2033,"AR",1677.38191985584,"Increasing Batt Cap - Benchmark Chemistry"
2033,"AZ",6343.37728613279,"Increasing Batt Cap - Benchmark Chemistry"
2033,"BC",5649.66429687148,"Increasing Batt Cap - Benchmark Chemistry"
2033,"CA",58094.479502169,"Increasing Batt Cap - Benchmark Chemistry"
2033,"CO",6275.04503766734,"Increasing Batt Cap - Benchmark Chemistry"
2033,"CT",2705.04139218745,"Increasing Batt Cap - Benchmark Chemistry"
2033,"DC",617.386083283984,"Increasing Batt Cap - Benchmark Chemistry"
2033,"DE",722.322468478033,"Increasing Batt Cap - Benchmark Chemistry"
2033,"FL",17475.7209640103,"Increasing Batt Cap - Benchmark Chemistry"
2033,"GA",8555.41331559283,"Increasing Batt Cap - Benchmark Chemistry"
2033,"HI",1730.38574459712,"Increasing Batt Cap - Benchmark Chemistry"
2033,"IA",1892.37471144589,"Increasing Batt Cap - Benchmark Chemistry"
2033,"ID",1288.05263979019,"Increasing Batt Cap - Benchmark Chemistry"
2033,"IL",8868.54762398039,"Increasing Batt Cap - Benchmark Chemistry"
2033,"IN",4211.93141084315,"Increasing Batt Cap - Benchmark Chemistry"
2033,"KS",1822.18155203859,"Increasing Batt Cap - Benchmark Chemistry"
2033,"KY",2603.22142336389,"Increasing Batt Cap - Benchmark Chemistry"
2033,"LA",2537.87510972556,"Increasing Batt Cap - Benchmark Chemistry"
2033,"MA",6245.04358102768,"Increasing Batt Cap - Benchmark Chemistry"
2033,"MB",688.478094420238,"Increasing Batt Cap - Benchmark Chemistry"
2033,"MD",5559.60312605075,"Increasing Batt Cap - Benchmark Chemistry"
2033,"ME",887.170653868398,"Increasing Batt Cap - Benchmark Chemistry"
2033,"MI",6233.38200045186,"Increasing Batt Cap - Benchmark Chemistry"
2033,"MN",3976.13411284993,"Increasing Batt Cap - Benchmark Chemistry"
2033,"MO",3842.16802399225,"Increasing Batt Cap - Benchmark Chemistry"
2033,"MS",1584.77326152417,"Increasing Batt Cap - Benchmark Chemistry"
2033,"MT",666.767977350242,"Increasing Batt Cap - Benchmark Chemistry"
2033,"MX",5101.79985185872,"Increasing Batt Cap - Benchmark Chemistry"
2033,"NB",434.086282347524,"Increasing Batt Cap - Benchmark Chemistry"
2033,"NC",7188.77213760935,"Increasing Batt Cap - Benchmark Chemistry"
2033,"ND",451.603474084161,"Increasing Batt Cap - Benchmark Chemistry"
2033,"NE",1215.58973699313,"Increasing Batt Cap - Benchmark Chemistry"
2033,"NH",974.055455346395,"Increasing Batt Cap - Benchmark Chemistry"
2033,"NJ",8564.27161958782,"Increasing Batt Cap - Benchmark Chemistry"
2033,"NL",248.168400474828,"Increasing Batt Cap - Benchmark Chemistry"
2033,"NM",1565.22781465054,"Increasing Batt Cap - Benchmark Chemistry"
2033,"NS",505.740388968025,"Increasing Batt Cap - Benchmark Chemistry"
2033,"NT",8.91802473948503,"Increasing Batt Cap - Benchmark Chemistry"
2033,"NU",0,"Increasing Batt Cap - Benchmark Chemistry"
2033,"NV",2761.74973486222,"Increasing Batt Cap - Benchmark Chemistry"
2033,"NY",14597.6370713027,"Increasing Batt Cap - Benchmark Chemistry"
2033,"OH",7413.43225793831,"Increasing Batt Cap - Benchmark Chemistry"
2033,"OK",2608.24017662335,"Increasing Batt Cap - Benchmark Chemistry"
2033,"ON",9946.41913775069,"Increasing Batt Cap - Benchmark Chemistry"
2033,"OR",4965.31261972061,"Increasing Batt Cap - Benchmark Chemistry"
2033,"PA",8518.90832812998,"Increasing Batt Cap - Benchmark Chemistry"
2033,"PE",85.4058958320147,"Increasing Batt Cap - Benchmark Chemistry"
2033,"QC",8525.35086762036,"Increasing Batt Cap - Benchmark Chemistry"
2033,"RI",819.515341590155,"Increasing Batt Cap - Benchmark Chemistry"
2033,"SC",3269.1111945877,"Increasing Batt Cap - Benchmark Chemistry"
2033,"SD",511.187266693926,"Increasing Batt Cap - Benchmark Chemistry"
2033,"SK",588.63316959639,"Increasing Batt Cap - Benchmark Chemistry"
2033,"TN",4536.44210974341,"Increasing Batt Cap - Benchmark Chemistry"
2033,"TX",21458.8241160461,"Increasing Batt Cap - Benchmark Chemistry"
2033,"UT",2897.77157781132,"Increasing Batt Cap - Benchmark Chemistry"
2033,"VA",6688.54940544464,"Increasing Batt Cap - Benchmark Chemistry"
2033,"VT",612.874066944115,"Increasing Batt Cap - Benchmark Chemistry"
2033,"WA",9969.28493431641,"Increasing Batt Cap - Benchmark Chemistry"
2033,"WI",3720.33568504559,"Increasing Batt Cap - Benchmark Chemistry"
2033,"WV",928.600801428263,"Increasing Batt Cap - Benchmark Chemistry"
2033,"WY",330.915960143178,"Increasing Batt Cap - Benchmark Chemistry"
2033,"YT",19.0439212244555,"Increasing Batt Cap - Benchmark Chemistry"
2034,"AB",4144.35703960381,"Increasing Batt Cap - Benchmark Chemistry"
2034,"AK",617.49848395409,"Increasing Batt Cap - Benchmark Chemistry"
2034,"AL",4137.50743617302,"Increasing Batt Cap - Benchmark Chemistry"
2034,"AR",2374.18479906275,"Increasing Batt Cap - Benchmark Chemistry"
2034,"AZ",8857.4538590987,"Increasing Batt Cap - Benchmark Chemistry"
2034,"BC",8275.47123522295,"Increasing Batt Cap - Benchmark Chemistry"
2034,"CA",78529.3584929481,"Increasing Batt Cap - Benchmark Chemistry"
2034,"CO",8873.96040346417,"Increasing Batt Cap - Benchmark Chemistry"
2034,"CT",3747.84655762786,"Increasing Batt Cap - Benchmark Chemistry"
2034,"DC",851.536300296775,"Increasing Batt Cap - Benchmark Chemistry"
2034,"DE",1033.54844911276,"Increasing Batt Cap - Benchmark Chemistry"
2034,"FL",24560.191465983,"Increasing Batt Cap - Benchmark Chemistry"
2034,"GA",11637.8268169811,"Increasing Batt Cap - Benchmark Chemistry"
2034,"HI",2299.86497776414,"Increasing Batt Cap - Benchmark Chemistry"
2034,"IA",2681.0811803642,"Increasing Batt Cap - Benchmark Chemistry"
2034,"ID",1812.61769488284,"Increasing Batt Cap - Benchmark Chemistry"
2034,"IL",12270.0281573306,"Increasing Batt Cap - Benchmark Chemistry"
2034,"IN",5921.49820905274,"Increasing Batt Cap - Benchmark Chemistry"
2034,"KS",2554.47692076561,"Increasing Batt Cap - Benchmark Chemistry"
2034,"KY",3667.45932589411,"Increasing Batt Cap - Benchmark Chemistry"
2034,"LA",3569.0549569746,"Increasing Batt Cap - Benchmark Chemistry"
2034,"MA",8836.1724229887,"Increasing Batt Cap - Benchmark Chemistry"
2034,"MB",1071.29487755758,"Increasing Batt Cap - Benchmark Chemistry"
2034,"MD",7861.40924477699,"Increasing Batt Cap - Benchmark Chemistry"
2034,"ME",1252.83651185027,"Increasing Batt Cap - Benchmark Chemistry"
2034,"MI",8721.82104312868,"Increasing Batt Cap - Benchmark Chemistry"
2034,"MN",5558.5549192636,"Increasing Batt Cap - Benchmark Chemistry"
2034,"MO",5376.10532962462,"Increasing Batt Cap - Benchmark Chemistry"
2034,"MS",2236.55051600699,"Increasing Batt Cap - Benchmark Chemistry"
2034,"MT",943.57355940946,"Increasing Batt Cap - Benchmark Chemistry"
2034,"MX",8056.49996141528,"Increasing Batt Cap - Benchmark Chemistry"
2034,"NB",661.655239280661,"Increasing Batt Cap - Benchmark Chemistry"
2034,"NC",10106.5375998396,"Increasing Batt Cap - Benchmark Chemistry"
2034,"ND",642.031574140066,"Increasing Batt Cap - Benchmark Chemistry"
2034,"NE",1715.11852457199,"Increasing Batt Cap - Benchmark Chemistry"
2034,"NH",1374.67355221419,"Increasing Batt Cap - Benchmark Chemistry"
2034,"NJ",12173.9504724157,"Increasing Batt Cap - Benchmark Chemistry"
2034,"NL",386.530011048797,"Increasing Batt Cap - Benchmark Chemistry"
2034,"NM",2230.77355946233,"Increasing Batt Cap - Benchmark Chemistry"
2034,"NS",797.898600168768,"Increasing Batt Cap - Benchmark Chemistry"
2034,"NT",21.450303925287,"Increasing Batt Cap - Benchmark Chemistry"
2034,"NU",8.51207371765981,"Increasing Batt Cap - Benchmark Chemistry"
2034,"NV",3879.69144296894,"Increasing Batt Cap - Benchmark Chemistry"
2034,"NY",20582.1565509771,"Increasing Batt Cap - Benchmark Chemistry"
2034,"OH",10380.5110316947,"Increasing Batt Cap - Benchmark Chemistry"
2034,"OK",3656.46063524174,"Increasing Batt Cap - Benchmark Chemistry"
2034,"ON",14859.9339144907,"Increasing Batt Cap - Benchmark Chemistry"
2034,"OR",6814.18379268064,"Increasing Batt Cap - Benchmark Chemistry"
2034,"PA",11951.8965612875,"Increasing Batt Cap - Benchmark Chemistry"
2034,"PE",142.964768317203,"Increasing Batt Cap - Benchmark Chemistry"
2034,"QC",12395.5707368051,"Increasing Batt Cap - Benchmark Chemistry"
2034,"RI",1180.33145777396,"Increasing Batt Cap - Benchmark Chemistry"
2034,"SC",4634.63131938602,"Increasing Batt Cap - Benchmark Chemistry"
2034,"SD",727.522503088359,"Increasing Batt Cap - Benchmark Chemistry"
2034,"SK",928.743866110558,"Increasing Batt Cap - Benchmark Chemistry"
2034,"TN",6367.35069073453,"Increasing Batt Cap - Benchmark Chemistry"
2034,"TX",30189.4410825548,"Increasing Batt Cap - Benchmark Chemistry"
2034,"UT",4048.60527809518,"Increasing Batt Cap - Benchmark Chemistry"
2034,"VA",9386.10528179367,"Increasing Batt Cap - Benchmark Chemistry"
2034,"VT",861.692228194531,"Increasing Batt Cap - Benchmark Chemistry"
2034,"WA",13720.5904888153,"Increasing Batt Cap - Benchmark Chemistry"
2034,"WI",5178.91674819481,"Increasing Batt Cap - Benchmark Chemistry"
2034,"WV",1305.77640361746,"Increasing Batt Cap - Benchmark Chemistry"
2034,"WY",461.118708259427,"Increasing Batt Cap - Benchmark Chemistry"
2034,"YT",40.3227981957589,"Increasing Batt Cap - Benchmark Chemistry"
2035,"AB",6271.69695237794,"Increasing Batt Cap - Benchmark Chemistry"
2035,"AK",857.684226777047,"Increasing Batt Cap - Benchmark Chemistry"
2035,"AL",5736.66240826622,"Increasing Batt Cap - Benchmark Chemistry"
2035,"AR",3288.88918698064,"Increasing Batt Cap - Benchmark Chemistry"
2035,"AZ",12147.2476209259,"Increasing Batt Cap - Benchmark Chemistry"
2035,"BC",11886.495618285,"Increasing Batt Cap - Benchmark Chemistry"
2035,"CA",106141.46086185,"Increasing Batt Cap - Benchmark Chemistry"
2035,"CO",12400.4521768174,"Increasing Batt Cap - Benchmark Chemistry"
2035,"CT",5106.67453971455,"Increasing Batt Cap - Benchmark Chemistry"
2035,"DC",1185.37776054765,"Increasing Batt Cap - Benchmark Chemistry"
2035,"DE",1446.55727998913,"Increasing Batt Cap - Benchmark Chemistry"
2035,"FL",33976.2911268528,"Increasing Batt Cap - Benchmark Chemistry"
2035,"GA",15766.3443957223,"Increasing Batt Cap - Benchmark Chemistry"
2035,"HI",3013.48885654616,"Increasing Batt Cap - Benchmark Chemistry"
2035,"IA",3693.73477374786,"Increasing Batt Cap - Benchmark Chemistry"
2035,"ID",2519.88798180951,"Increasing Batt Cap - Benchmark Chemistry"
2035,"IL",16753.9998724954,"Increasing Batt Cap - Benchmark Chemistry"
2035,"IN",8134.66751228607,"Increasing Batt Cap - Benchmark Chemistry"
2035,"KS",3507.38286347269,"Increasing Batt Cap - Benchmark Chemistry"
2035,"KY",5048.59693353573,"Increasing Batt Cap - Benchmark Chemistry"
2035,"LA",4898.107507895,"Increasing Batt Cap - Benchmark Chemistry"
2035,"MA",12315.4863807941,"Increasing Batt Cap - Benchmark Chemistry"
2035,"MB",1615.23918514372,"Increasing Batt Cap - Benchmark Chemistry"
2035,"MD",11020.4569675252,"Increasing Batt Cap - Benchmark Chemistry"
2035,"ME",1735.12871952174,"Increasing Batt Cap - Benchmark Chemistry"
2035,"MI",11984.7516106608,"Increasing Batt Cap - Benchmark Chemistry"
2035,"MN",7648.10440645764,"Increasing Batt Cap - Benchmark Chemistry"
2035,"MO",7405.4925519984,"Increasing Batt Cap - Benchmark Chemistry"
2035,"MS",3081.37553810986,"Increasing Batt Cap - Benchmark Chemistry"
2035,"MT",1314.48918859366,"Increasing Batt Cap - Benchmark Chemistry"
2035,"MX",12534.867185099,"Increasing Batt Cap - Benchmark Chemistry"
2035,"NB",1011.9608711182,"Increasing Batt Cap - Benchmark Chemistry"
2035,"NC",13973.5416322568,"Increasing Batt Cap - Benchmark Chemistry"
2035,"ND",889.669275175979,"Increasing Batt Cap - Benchmark Chemistry"
2035,"NE",2353.45000811036,"Increasing Batt Cap - Benchmark Chemistry"
2035,"NH",1902.82948985788,"Increasing Batt Cap - Benchmark Chemistry"
2035,"NJ",17109.5666760284,"Increasing Batt Cap - Benchmark Chemistry"
2035,"NL",583.393266482434,"Increasing Batt Cap - Benchmark Chemistry"
2035,"NM",3128.71410701378,"Increasing Batt Cap - Benchmark Chemistry"
2035,"NS",1214.54396106285,"Increasing Batt Cap - Benchmark Chemistry"
2035,"NT",39.7740813845657,"Increasing Batt Cap - Benchmark Chemistry"
2035,"NU",17.0241474353196,"Increasing Batt Cap - Benchmark Chemistry"
2035,"NV",5383.15380062166,"Increasing Batt Cap - Benchmark Chemistry"
2035,"NY",28509.7215083884,"Increasing Batt Cap - Benchmark Chemistry"
2035,"OH",14248.1713022326,"Increasing Batt Cap - Benchmark Chemistry"
2035,"OK",5083.73758423149,"Increasing Batt Cap - Benchmark Chemistry"
2035,"ON",21778.0458391107,"Increasing Batt Cap - Benchmark Chemistry"
2035,"OR",9297.92606463146,"Increasing Batt Cap - Benchmark Chemistry"
2035,"PA",16469.9250716543,"Increasing Batt Cap - Benchmark Chemistry"
2035,"PE",216.721636303196,"Increasing Batt Cap - Benchmark Chemistry"
2035,"QC",17761.220526294,"Increasing Batt Cap - Benchmark Chemistry"
2035,"RI",1654.70212500157,"Increasing Batt Cap - Benchmark Chemistry"
2035,"SC",6443.36338961715,"Increasing Batt Cap - Benchmark Chemistry"
2035,"SD",1005.53853558609,"Increasing Batt Cap - Benchmark Chemistry"
2035,"SK",1414.73399450692,"Increasing Batt Cap - Benchmark Chemistry"
2035,"TN",8794.72639040967,"Increasing Batt Cap - Benchmark Chemistry"
2035,"TX",41849.7410172998,"Increasing Batt Cap - Benchmark Chemistry"
2035,"UT",5572.35677053197,"Increasing Batt Cap - Benchmark Chemistry"
2035,"VA",12999.3805099398,"Increasing Batt Cap - Benchmark Chemistry"
2035,"VT",1192.62726459074,"Increasing Batt Cap - Benchmark Chemistry"
2035,"WA",18692.874637044,"Increasing Batt Cap - Benchmark Chemistry"
2035,"WI",7085.09919280008,"Increasing Batt Cap - Benchmark Chemistry"
2035,"WV",1810.89865670736,"Increasing Batt Cap - Benchmark Chemistry"
2035,"WY",642.071619123676,"Increasing Batt Cap - Benchmark Chemistry"
2035,"YT",56.6227852491253,"Increasing Batt Cap - Benchmark Chemistry"
2036,"AB",9277.60871756054,"Increasing Batt Cap - Benchmark Chemistry"
2036,"AK",1147.4818857717,"Increasing Batt Cap - Benchmark Chemistry"
2036,"AL",7779.36734624236,"Increasing Batt Cap - Benchmark Chemistry"
2036,"AR",4443.909086157,"Increasing Batt Cap - Benchmark Chemistry"
2036,"AZ",16272.644858495,"Increasing Batt Cap - Benchmark Chemistry"
2036,"BC",16547.2610500592,"Increasing Batt Cap - Benchmark Chemistry"
2036,"CA",141801.862058537,"Increasing Batt Cap - Benchmark Chemistry"
2036,"CO",17049.3779675731,"Increasing Batt Cap - Benchmark Chemistry"
2036,"CT",6818.43336436317,"Increasing Batt Cap - Benchmark Chemistry"
2036,"DC",1602.12889076754,"Increasing Batt Cap - Benchmark Chemistry"
2036,"DE",1974.61567319163,"Increasing Batt Cap - Benchmark Chemistry"
2036,"FL",46070.8105144319,"Increasing Batt Cap - Benchmark Chemistry"
2036,"GA",21147.3536874255,"Increasing Batt Cap - Benchmark Chemistry"
2036,"HI",3866.04429781518,"Increasing Batt Cap - Benchmark Chemistry"
2036,"IA",5006.03964082663,"Increasing Batt Cap - Benchmark Chemistry"
2036,"ID",3464.62961936839,"Increasing Batt Cap - Benchmark Chemistry"
2036,"IL",22437.7922598453,"Increasing Batt Cap - Benchmark Chemistry"
2036,"IN",10991.8700150877,"Increasing Batt Cap - Benchmark Chemistry"
2036,"KS",4726.35036234145,"Increasing Batt Cap - Benchmark Chemistry"
2036,"KY",6851.12558686576,"Increasing Batt Cap - Benchmark Chemistry"
2036,"LA",6624.47839528928,"Increasing Batt Cap - Benchmark Chemistry"
2036,"MA",16878.579907723,"Increasing Batt Cap - Benchmark Chemistry"
2036,"MB",2386.21614563069,"Increasing Batt Cap - Benchmark Chemistry"
2036,"MD",15204.7660513871,"Increasing Batt Cap - Benchmark Chemistry"
2036,"ME",2337.6615983552,"Increasing Batt Cap - Benchmark Chemistry"
2036,"MI",16188.6532088939,"Increasing Batt Cap - Benchmark Chemistry"
2036,"MN",10334.1384106501,"Increasing Batt Cap - Benchmark Chemistry"
2036,"MO",9981.33066018376,"Increasing Batt Cap - Benchmark Chemistry"
2036,"MS",4179.65489296693,"Increasing Batt Cap - Benchmark Chemistry"
2036,"MT",1797.57967741975,"Increasing Batt Cap - Benchmark Chemistry"
2036,"MX",19166.5421335058,"Increasing Batt Cap - Benchmark Chemistry"
2036,"NB",1488.64087809906,"Increasing Batt Cap - Benchmark Chemistry"
2036,"NC",18966.9242869314,"Increasing Batt Cap - Benchmark Chemistry"
2036,"ND",1239.11262285577,"Increasing Batt Cap - Benchmark Chemistry"
2036,"NE",3216.68629204201,"Increasing Batt Cap - Benchmark Chemistry"
2036,"NH",2559.81239089624,"Increasing Batt Cap - Benchmark Chemistry"
2036,"NJ",23654.6871204069,"Increasing Batt Cap - Benchmark Chemistry"
2036,"NL",866.982720153058,"Increasing Batt Cap - Benchmark Chemistry"
2036,"NM",4362.65088591907,"Increasing Batt Cap - Benchmark Chemistry"
2036,"NS",1799.35106777274,"Increasing Batt Cap - Benchmark Chemistry"
2036,"NT",59.9588113898953,"Increasing Batt Cap - Benchmark Chemistry"
2036,"NU",32.8158135174815,"Increasing Batt Cap - Benchmark Chemistry"
2036,"NV",7308.8886252486,"Increasing Batt Cap - Benchmark Chemistry"
2036,"NY",38885.7830293828,"Increasing Batt Cap - Benchmark Chemistry"
2036,"OH",19195.1750761063,"Increasing Batt Cap - Benchmark Chemistry"
2036,"OK",6930.13126194748,"Increasing Batt Cap - Benchmark Chemistry"
2036,"ON",31212.7950901407,"Increasing Batt Cap - Benchmark Chemistry"
2036,"OR",12509.8521746755,"Increasing Batt Cap - Benchmark Chemistry"
2036,"PA",22281.217287178,"Increasing Batt Cap - Benchmark Chemistry"
2036,"PE",335.194575004826,"Increasing Batt Cap - Benchmark Chemistry"
2036,"QC",24781.2897841221,"Increasing Batt Cap - Benchmark Chemistry"
2036,"RI",2313.74046017715,"Increasing Batt Cap - Benchmark Chemistry"
2036,"SC",8816.24884207463,"Increasing Batt Cap - Benchmark Chemistry"
2036,"SD",1390.19244300564,"Increasing Batt Cap - Benchmark Chemistry"
2036,"SK",2102.05070428354,"Increasing Batt Cap - Benchmark Chemistry"
2036,"TN",11919.0160880634,"Increasing Batt Cap - Benchmark Chemistry"
2036,"TX",56983.2686482896,"Increasing Batt Cap - Benchmark Chemistry"
2036,"UT",7527.54618593561,"Increasing Batt Cap - Benchmark Chemistry"
2036,"VA",17650.5019303832,"Increasing Batt Cap - Benchmark Chemistry"
2036,"VT",1639.35363939328,"Increasing Batt Cap - Benchmark Chemistry"
2036,"WA",25241.8503723642,"Increasing Batt Cap - Benchmark Chemistry"
2036,"WI",9546.34298285725,"Increasing Batt Cap - Benchmark Chemistry"
2036,"WV",2437.15231223258,"Increasing Batt Cap - Benchmark Chemistry"
2036,"WY",859.914984264078,"Increasing Batt Cap - Benchmark Chemistry"
2036,"YT",86.8643137954109,"Increasing Batt Cap - Benchmark Chemistry"
2037,"AB",13312.5241180278,"Increasing Batt Cap - Benchmark Chemistry"
2037,"AK",1512.45372891771,"Increasing Batt Cap - Benchmark Chemistry"
2037,"AL",10378.2737342601,"Increasing Batt Cap - Benchmark Chemistry"
2037,"AR",5920.90155693523,"Increasing Batt Cap - Benchmark Chemistry"
2037,"AZ",21195.7306026072,"Increasing Batt Cap - Benchmark Chemistry"
2037,"BC",22181.7320820926,"Increasing Batt Cap - Benchmark Chemistry"
2037,"CA",183842.166975269,"Increasing Batt Cap - Benchmark Chemistry"
2037,"CO",22917.3321328315,"Increasing Batt Cap - Benchmark Chemistry"
2037,"CT",8907.65984475429,"Increasing Batt Cap - Benchmark Chemistry"
2037,"DC",2107.89246550751,"Increasing Batt Cap - Benchmark Chemistry"
2037,"DE",2636.91571884303,"Increasing Batt Cap - Benchmark Chemistry"
2037,"FL",60676.3721501776,"Increasing Batt Cap - Benchmark Chemistry"
2037,"GA",27769.8060513878,"Increasing Batt Cap - Benchmark Chemistry"
2037,"HI",4867.07575408004,"Increasing Batt Cap - Benchmark Chemistry"
2037,"IA",6667.54438643635,"Increasing Batt Cap - Benchmark Chemistry"
2037,"ID",4626.02487182256,"Increasing Batt Cap - Benchmark Chemistry"
2037,"IL",29296.7014079666,"Increasing Batt Cap - Benchmark Chemistry"
2037,"IN",14542.0771575595,"Increasing Batt Cap - Benchmark Chemistry"
2037,"KS",6251.80985104479,"Increasing Batt Cap - Benchmark Chemistry"
2037,"KY",9108.89404450037,"Increasing Batt Cap - Benchmark Chemistry"
2037,"LA",8765.67672001975,"Increasing Batt Cap - Benchmark Chemistry"
2037,"MA",22639.0933430837,"Increasing Batt Cap - Benchmark Chemistry"
2037,"MB",3396.40322368776,"Increasing Batt Cap - Benchmark Chemistry"
2037,"MD",20459.5232883417,"Increasing Batt Cap - Benchmark Chemistry"
2037,"ME",3085.63387775417,"Increasing Batt Cap - Benchmark Chemistry"
2037,"MI",21366.2765342788,"Increasing Batt Cap - Benchmark Chemistry"
2037,"MN",13637.4328979745,"Increasing Batt Cap - Benchmark Chemistry"
2037,"MO",13215.1244071386,"Increasing Batt Cap - Benchmark Chemistry"
2037,"MS",5588.21918762853,"Increasing Batt Cap - Benchmark Chemistry"
2037,"MT",2371.91652281398,"Increasing Batt Cap - Benchmark Chemistry"
2037,"MX",28764.690253704,"Increasing Batt Cap - Benchmark Chemistry"
2037,"NB",2179.134544056,"Increasing Batt Cap - Benchmark Chemistry"
2037,"NC",25092.3527572996,"Increasing Batt Cap - Benchmark Chemistry"
2037,"ND",1671.23641120258,"Increasing Batt Cap - Benchmark Chemistry"
2037,"NE",4285.8926017695,"Increasing Batt Cap - Benchmark Chemistry"
2037,"NH",3391.86821801833,"Increasing Batt Cap - Benchmark Chemistry"
2037,"NJ",31761.0150653961,"Increasing Batt Cap - Benchmark Chemistry"
2037,"NL",1239.30162204372,"Increasing Batt Cap - Benchmark Chemistry"
2037,"NM",5916.48961323176,"Increasing Batt Cap - Benchmark Chemistry"
2037,"NS",2581.11897881782,"Increasing Batt Cap - Benchmark Chemistry"
2037,"NT",82.9165869712258,"Increasing Batt Cap - Benchmark Chemistry"
2037,"NU",39.7387666480437,"Increasing Batt Cap - Benchmark Chemistry"
2037,"NV",9609.39270698025,"Increasing Batt Cap - Benchmark Chemistry"
2037,"NY",51923.0942513939,"Increasing Batt Cap - Benchmark Chemistry"
2037,"OH",25331.6949934241,"Increasing Batt Cap - Benchmark Chemistry"
2037,"OK",9237.57571526201,"Increasing Batt Cap - Benchmark Chemistry"
2037,"ON",43548.1286482318,"Increasing Batt Cap - Benchmark Chemistry"
2037,"OR",16537.4183865767,"Increasing Batt Cap - Benchmark Chemistry"
2037,"PA",29453.225186908,"Increasing Batt Cap - Benchmark Chemistry"
2037,"PE",464.722859001228,"Increasing Batt Cap - Benchmark Chemistry"
2037,"QC",33723.4669216021,"Increasing Batt Cap - Benchmark Chemistry"
2037,"RI",3145.2357561002,"Increasing Batt Cap - Benchmark Chemistry"
2037,"SC",11779.5992962628,"Increasing Batt Cap - Benchmark Chemistry"
2037,"SD",1876.79724529969,"Increasing Batt Cap - Benchmark Chemistry"
2037,"SK",3031.45832766174,"Increasing Batt Cap - Benchmark Chemistry"
2037,"TN",15864.1142252115,"Increasing Batt Cap - Benchmark Chemistry"
2037,"TX",75633.2380063559,"Increasing Batt Cap - Benchmark Chemistry"
2037,"UT",9883.19079167431,"Increasing Batt Cap - Benchmark Chemistry"
2037,"VA",23317.9316649567,"Increasing Batt Cap - Benchmark Chemistry"
2037,"VT",2217.72177064919,"Increasing Batt Cap - Benchmark Chemistry"
2037,"WA",33380.6016196157,"Increasing Batt Cap - Benchmark Chemistry"
2037,"WI",12603.1493148261,"Increasing Batt Cap - Benchmark Chemistry"
2037,"WV",3228.4688760445,"Increasing Batt Cap - Benchmark Chemistry"
2037,"WY",1154.04019573357,"Increasing Batt Cap - Benchmark Chemistry"
2037,"YT",121.186565332846,"Increasing Batt Cap - Benchmark Chemistry"
2038,"AB",20041.2406194159,"Increasing Batt Cap - Benchmark Chemistry"
2038,"AK",2062.56352758013,"Increasing Batt Cap - Benchmark Chemistry"
2038,"AL",14381.3837454364,"Increasing Batt Cap - Benchmark Chemistry"
2038,"AR",8125.2419718151,"Increasing Batt Cap - Benchmark Chemistry"
2038,"AZ",27438.9313240241,"Increasing Batt Cap - Benchmark Chemistry"
2038,"BC",28714.749090867,"Increasing Batt Cap - Benchmark Chemistry"
2038,"CA",240624.362335589,"Increasing Batt Cap - Benchmark Chemistry"
2038,"CO",31766.4133733288,"Increasing Batt Cap - Benchmark Chemistry"
2038,"CT",11592.7037226956,"Increasing Batt Cap - Benchmark Chemistry"
2038,"DC",2791.18303259751,"Increasing Batt Cap - Benchmark Chemistry"
2038,"DE",3569.0735409584,"Increasing Batt Cap - Benchmark Chemistry"
2038,"FL",78758.1178366967,"Increasing Batt Cap - Benchmark Chemistry"
2038,"GA",36790.3328357717,"Increasing Batt Cap - Benchmark Chemistry"
2038,"HI",5977.04085191297,"Increasing Batt Cap - Benchmark Chemistry"
2038,"IA",9192.38032849131,"Increasing Batt Cap - Benchmark Chemistry"
2038,"ID",6447.31981236658,"Increasing Batt Cap - Benchmark Chemistry"
2038,"IL",38078.0421615203,"Increasing Batt Cap - Benchmark Chemistry"
2038,"IN",19826.2090525414,"Increasing Batt Cap - Benchmark Chemistry"
2038,"KS",8534.24141718274,"Increasing Batt Cap - Benchmark Chemistry"
2038,"KY",12570.030698532,"Increasing Batt Cap - Benchmark Chemistry"
2038,"LA",11993.0026984816,"Increasing Batt Cap - Benchmark Chemistry"
2038,"MA",31197.3203087874,"Increasing Batt Cap - Benchmark Chemistry"
2038,"MB",5109.71029048026,"Increasing Batt Cap - Benchmark Chemistry"
2038,"MD",28369.5464539235,"Increasing Batt Cap - Benchmark Chemistry"
2038,"ME",4131.54264584069,"Increasing Batt Cap - Benchmark Chemistry"
2038,"MI",28431.3476699088,"Increasing Batt Cap - Benchmark Chemistry"
2038,"MN",18209.8578613128,"Increasing Batt Cap - Benchmark Chemistry"
2038,"MO",17843.520656257,"Increasing Batt Cap - Benchmark Chemistry"
2038,"MS",7832.36720462227,"Increasing Batt Cap - Benchmark Chemistry"
2038,"MT",3251.44046379687,"Increasing Batt Cap - Benchmark Chemistry"
2038,"MX",42239.7566771228,"Increasing Batt Cap - Benchmark Chemistry"
2038,"NB",3299.86846164354,"Increasing Batt Cap - Benchmark Chemistry"
2038,"NC",33689.4301633867,"Increasing Batt Cap - Benchmark Chemistry"
2038,"ND",2373.65220598749,"Increasing Batt Cap - Benchmark Chemistry"
2038,"NE",5896.99055666865,"Increasing Batt Cap - Benchmark Chemistry"
2038,"NH",4536.19636623296,"Increasing Batt Cap - Benchmark Chemistry"
2038,"NJ",43242.3018915697,"Increasing Batt Cap - Benchmark Chemistry"
2038,"NL",1910.57489029891,"Increasing Batt Cap - Benchmark Chemistry"
2038,"NM",8646.1490785647,"Increasing Batt Cap - Benchmark Chemistry"
2038,"NS",3885.12812906519,"Increasing Batt Cap - Benchmark Chemistry"
2038,"NT",128.094081540759,"Increasing Batt Cap - Benchmark Chemistry"
2038,"NU",56.243711198085,"Increasing Batt Cap - Benchmark Chemistry"
2038,"NV",12289.2343986523,"Increasing Batt Cap - Benchmark Chemistry"
2038,"NY",71174.6528411085,"Increasing Batt Cap - Benchmark Chemistry"
2038,"OH",34345.1951449419,"Increasing Batt Cap - Benchmark Chemistry"
2038,"OK",12395.3582702105,"Increasing Batt Cap - Benchmark Chemistry"
2038,"ON",62299.2110381761,"Increasing Batt Cap - Benchmark Chemistry"
2038,"OR",22687.7865447188,"Increasing Batt Cap - Benchmark Chemistry"
2038,"PA",40217.0521535608,"Increasing Batt Cap - Benchmark Chemistry"
2038,"PE",687.811786298416,"Increasing Batt Cap - Benchmark Chemistry"
2038,"QC",44709.3414081787,"Increasing Batt Cap - Benchmark Chemistry"
2038,"RI",4506.45971077771,"Increasing Batt Cap - Benchmark Chemistry"
2038,"SC",16313.9062893931,"Increasing Batt Cap - Benchmark Chemistry"
2038,"SD",2621.6110568148,"Increasing Batt Cap - Benchmark Chemistry"
2038,"SK",4632.19864607955,"Increasing Batt Cap - Benchmark Chemistry"
2038,"TN",21635.3537254272,"Increasing Batt Cap - Benchmark Chemistry"
2038,"TX",101272.0631856,"Increasing Batt Cap - Benchmark Chemistry"
2038,"UT",12935.5523122738,"Increasing Batt Cap - Benchmark Chemistry"
2038,"VA",31037.3545845109,"Increasing Batt Cap - Benchmark Chemistry"
2038,"VT",3036.24709039613,"Increasing Batt Cap - Benchmark Chemistry"
2038,"WA",45368.2664862913,"Increasing Batt Cap - Benchmark Chemistry"
2038,"WI",17064.4686157415,"Increasing Batt Cap - Benchmark Chemistry"
2038,"WV",4455.48289916847,"Increasing Batt Cap - Benchmark Chemistry"
2038,"WY",1631.78629637975,"Increasing Batt Cap - Benchmark Chemistry"
2038,"YT",184.409908897734,"Increasing Batt Cap - Benchmark Chemistry"
2039,"AB",28282.4192995331,"Increasing Batt Cap - Benchmark Chemistry"
2039,"AK",2645.72462224339,"Increasing Batt Cap - Benchmark Chemistry"
2039,"AL",18761.8145692509,"Increasing Batt Cap - Benchmark Chemistry"
2039,"AR",10558.9530758077,"Increasing Batt Cap - Benchmark Chemistry"
2039,"AZ",33903.9687193298,"Increasing Batt Cap - Benchmark Chemistry"
2039,"BC",35567.1441930518,"Increasing Batt Cap - Benchmark Chemistry"
2039,"CA",298145.284366824,"Increasing Batt Cap - Benchmark Chemistry"
2039,"CO",41510.6717127218,"Increasing Batt Cap - Benchmark Chemistry"
2039,"CT",14394.1704824135,"Increasing Batt Cap - Benchmark Chemistry"
2039,"DC",3527.39641086241,"Increasing Batt Cap - Benchmark Chemistry"
2039,"DE",4565.63794304833,"Increasing Batt Cap - Benchmark Chemistry"
2039,"FL",97770.1807802862,"Increasing Batt Cap - Benchmark Chemistry"
2039,"GA",46401.7951189622,"Increasing Batt Cap - Benchmark Chemistry"
2039,"HI",7079.95275942739,"Increasing Batt Cap - Benchmark Chemistry"
2039,"IA",11948.618931228,"Increasing Batt Cap - Benchmark Chemistry"
2039,"ID",8450.52405407522,"Increasing Batt Cap - Benchmark Chemistry"
2039,"IL",47351.2398640275,"Increasing Batt Cap - Benchmark Chemistry"
2039,"IN",25533.3176454354,"Increasing Batt Cap - Benchmark Chemistry"
2039,"KS",11025.9865827095,"Increasing Batt Cap - Benchmark Chemistry"
2039,"KY",16340.1401358235,"Increasing Batt Cap - Benchmark Chemistry"
2039,"LA",15573.9865784141,"Increasing Batt Cap - Benchmark Chemistry"
2039,"MA",40807.5055913596,"Increasing Batt Cap - Benchmark Chemistry"
2039,"MB",7100.60747349699,"Increasing Batt Cap - Benchmark Chemistry"
2039,"MD",37134.5229586918,"Increasing Batt Cap - Benchmark Chemistry"
2039,"ME",5281.26080103798,"Increasing Batt Cap - Benchmark Chemistry"
2039,"MI",36097.0072658831,"Increasing Batt Cap - Benchmark Chemistry"
2039,"MN",23158.1729804503,"Increasing Batt Cap - Benchmark Chemistry"
2039,"MO",22936.1997418498,"Increasing Batt Cap - Benchmark Chemistry"
2039,"MS",10313.7564279844,"Increasing Batt Cap - Benchmark Chemistry"
2039,"MT",4207.68974664675,"Increasing Batt Cap - Benchmark Chemistry"
2039,"MX",60528.9458929782,"Increasing Batt Cap - Benchmark Chemistry"
2039,"NB",4617.67272181894,"Increasing Batt Cap - Benchmark Chemistry"
2039,"NC",42859.806437398,"Increasing Batt Cap - Benchmark Chemistry"
2039,"ND",3142.70173633747,"Increasing Batt Cap - Benchmark Chemistry"
2039,"NE",7672.63701840672,"Increasing Batt Cap - Benchmark Chemistry"
2039,"NH",5770.38069665064,"Increasing Batt Cap - Benchmark Chemistry"
2039,"NJ",55833.3444670446,"Increasing Batt Cap - Benchmark Chemistry"
2039,"NL",2718.55006840592,"Increasing Batt Cap - Benchmark Chemistry"
2039,"NM",11701.1776745993,"Increasing Batt Cap - Benchmark Chemistry"
2039,"NS",5392.6759567179,"Increasing Batt Cap - Benchmark Chemistry"
2039,"NT",178.985339692786,"Increasing Batt Cap - Benchmark Chemistry"
2039,"NU",67.9655380212025,"Increasing Batt Cap - Benchmark Chemistry"
2039,"NV",15026.5962589777,"Increasing Batt Cap - Benchmark Chemistry"
2039,"NY",92837.5277158007,"Increasing Batt Cap - Benchmark Chemistry"
2039,"OH",44102.3815923089,"Increasing Batt Cap - Benchmark Chemistry"
2039,"OK",15811.3088883072,"Increasing Batt Cap - Benchmark Chemistry"
2039,"ON",83573.7863517378,"Increasing Batt Cap - Benchmark Chemistry"
2039,"OR",29298.0180883106,"Increasing Batt Cap - Benchmark Chemistry"
2039,"PA",51440.6678282505,"Increasing Batt Cap - Benchmark Chemistry"
2039,"PE",948.052576413977,"Increasing Batt Cap - Benchmark Chemistry"
2039,"QC",56245.6550203918,"Increasing Batt Cap - Benchmark Chemistry"
2039,"RI",6062.87714072116,"Increasing Batt Cap - Benchmark Chemistry"
2039,"SC",21235.9132968903,"Increasing Batt Cap - Benchmark Chemistry"
2039,"SD",3456.71417831468,"Increasing Batt Cap - Benchmark Chemistry"
2039,"SK",6558.40187849671,"Increasing Batt Cap - Benchmark Chemistry"
2039,"TN",27938.7952386003,"Increasing Batt Cap - Benchmark Chemistry"
2039,"TX",129049.347128363,"Increasing Batt Cap - Benchmark Chemistry"
2039,"UT",16121.392668704,"Increasing Batt Cap - Benchmark Chemistry"
2039,"VA",39111.0673249124,"Increasing Batt Cap - Benchmark Chemistry"
2039,"VT",3979.22914774707,"Increasing Batt Cap - Benchmark Chemistry"
2039,"WA",58264.3474279976,"Increasing Batt Cap - Benchmark Chemistry"
2039,"WI",21925.8823322043,"Increasing Batt Cap - Benchmark Chemistry"
2039,"WV",5800.58180201857,"Increasing Batt Cap - Benchmark Chemistry"
2039,"WY",2153.48732889707,"Increasing Batt Cap - Benchmark Chemistry"
2039,"YT",262.228598966899,"Increasing Batt Cap - Benchmark Chemistry"
2040,"AB",38302.9855155987,"Increasing Batt Cap - Benchmark Chemistry"
2040,"AK",3317.28644961577,"Increasing Batt Cap - Benchmark Chemistry"
2040,"AL",23913.1159561925,"Increasing Batt Cap - Benchmark Chemistry"
2040,"AR",13436.6593679994,"Increasing Batt Cap - Benchmark Chemistry"
2040,"AZ",41235.1881432544,"Increasing Batt Cap - Benchmark Chemistry"
2040,"BC",43301.1399282297,"Increasing Batt Cap - Benchmark Chemistry"
2040,"CA",362521.981594562,"Increasing Batt Cap - Benchmark Chemistry"
2040,"CO",52736.8406286115,"Increasing Batt Cap - Benchmark Chemistry"
2040,"CT",17518.6666652206,"Increasing Batt Cap - Benchmark Chemistry"
2040,"DC",4349.5335500687,"Increasing Batt Cap - Benchmark Chemistry"
2040,"DE",5687.78120895044,"Increasing Batt Cap - Benchmark Chemistry"
2040,"FL",119720.542497473,"Increasing Batt Cap - Benchmark Chemistry"
2040,"GA",57459.923728063,"Increasing Batt Cap - Benchmark Chemistry"
2040,"HI",8300.00057692095,"Increasing Batt Cap - Benchmark Chemistry"
2040,"IA",15209.432251891,"Increasing Batt Cap - Benchmark Chemistry"
2040,"ID",10801.845355623,"Increasing Batt Cap - Benchmark Chemistry"
2040,"IL",58064.203548044,"Increasing Batt Cap - Benchmark Chemistry"
2040,"IN",32259.9098891297,"Increasing Batt Cap - Benchmark Chemistry"
2040,"KS",13910.0899092015,"Increasing Batt Cap - Benchmark Chemistry"
2040,"KY",20761.2638753201,"Increasing Batt Cap - Benchmark Chemistry"
2040,"LA",19812.4825488622,"Increasing Batt Cap - Benchmark Chemistry"
2040,"MA",52088.6261372614,"Increasing Batt Cap - Benchmark Chemistry"
2040,"MB",9481.46127724306,"Increasing Batt Cap - Benchmark Chemistry"
2040,"MD",47296.1022048358,"Increasing Batt Cap - Benchmark Chemistry"
2040,"ME",6618.18566237021,"Increasing Batt Cap - Benchmark Chemistry"
2040,"MI",44992.246028085,"Increasing Batt Cap - Benchmark Chemistry"
2040,"MN",28912.1954874511,"Increasing Batt Cap - Benchmark Chemistry"
2040,"MO",28840.4208613315,"Increasing Batt Cap - Benchmark Chemistry"
2040,"MS",13228.5598334654,"Increasing Batt Cap - Benchmark Chemistry"
2040,"MT",5269.21935311447,"Increasing Batt Cap - Benchmark Chemistry"
2040,"MX",84288.4569112305,"Increasing Batt Cap - Benchmark Chemistry"
2040,"NB",6218.35415232196,"Increasing Batt Cap - Benchmark Chemistry"
2040,"NC",53423.2879719322,"Increasing Batt Cap - Benchmark Chemistry"
2040,"ND",4084.73231237821,"Increasing Batt Cap - Benchmark Chemistry"
2040,"NE",9756.1140705241,"Increasing Batt Cap - Benchmark Chemistry"
2040,"NH",7218.18852113649,"Increasing Batt Cap - Benchmark Chemistry"
2040,"NJ",70388.79334711,"Increasing Batt Cap - Benchmark Chemistry"
2040,"NL",3622.52489188157,"Increasing Batt Cap - Benchmark Chemistry"
2040,"NM",15259.5321785742,"Increasing Batt Cap - Benchmark Chemistry"
2040,"NS",7220.35706540218,"Increasing Batt Cap - Benchmark Chemistry"
2040,"NT",237.681253321861,"Increasing Batt Cap - Benchmark Chemistry"
2040,"NU",87.1295208601605,"Increasing Batt Cap - Benchmark Chemistry"
2040,"NV",18104.0736394248,"Increasing Batt Cap - Benchmark Chemistry"
2040,"NY",118128.584941297,"Increasing Batt Cap - Benchmark Chemistry"
2040,"OH",55498.3142659394,"Increasing Batt Cap - Benchmark Chemistry"
2040,"OK",19796.4164201708,"Increasing Batt Cap - Benchmark Chemistry"
2040,"ON",108624.869612683,"Increasing Batt Cap - Benchmark Chemistry"
2040,"OR",36761.3396883224,"Increasing Batt Cap - Benchmark Chemistry"
2040,"PA",63733.3343537028,"Increasing Batt Cap - Benchmark Chemistry"
2040,"PE",1250.74709207024,"Increasing Batt Cap - Benchmark Chemistry"
2040,"QC",69204.5527133407,"Increasing Batt Cap - Benchmark Chemistry"
2040,"RI",7886.91332924389,"Increasing Batt Cap - Benchmark Chemistry"
2040,"SC",27033.6974778741,"Increasing Batt Cap - Benchmark Chemistry"
2040,"SD",4447.00292503851,"Increasing Batt Cap - Benchmark Chemistry"
2040,"SK",8881.1026792612,"Increasing Batt Cap - Benchmark Chemistry"
2040,"TN",35303.0974324308,"Increasing Batt Cap - Benchmark Chemistry"
2040,"TX",161658.797725037,"Increasing Batt Cap - Benchmark Chemistry"
2040,"UT",19777.0570540407,"Increasing Batt Cap - Benchmark Chemistry"
2040,"VA",48452.6604304409,"Increasing Batt Cap - Benchmark Chemistry"
2040,"VT",5078.01699323827,"Increasing Batt Cap - Benchmark Chemistry"
2040,"WA",72949.8627150896,"Increasing Batt Cap - Benchmark Chemistry"
2040,"WI",27592.9773804186,"Increasing Batt Cap - Benchmark Chemistry"
2040,"WV",7375.12905886807,"Increasing Batt Cap - Benchmark Chemistry"
2040,"WY",2774.19782436835,"Increasing Batt Cap - Benchmark Chemistry"
2040,"YT",371.170247123105,"Increasing Batt Cap - Benchmark Chemistry"
2041,"AB",50089.3639192669,"Increasing Batt Cap - Benchmark Chemistry"
2041,"AK",4099.55597766158,"Increasing Batt Cap - Benchmark Chemistry"
2041,"AL",29701.7487326285,"Increasing Batt Cap - Benchmark Chemistry"
2041,"AR",16673.4204538726,"Increasing Batt Cap - Benchmark Chemistry"
2041,"AZ",49574.0142001563,"Increasing Batt Cap - Benchmark Chemistry"
2041,"BC",52515.8424673436,"Increasing Batt Cap - Benchmark Chemistry"
2041,"CA",434338.897872295,"Increasing Batt Cap - Benchmark Chemistry"
2041,"CO",65348.9450933159,"Increasing Batt Cap - Benchmark Chemistry"
2041,"CT",21026.920057515,"Increasing Batt Cap - Benchmark Chemistry"
2041,"DC",5296.50374869966,"Increasing Batt Cap - Benchmark Chemistry"
2041,"DE",6935.41407478148,"Increasing Batt Cap - Benchmark Chemistry"
2041,"FL",144902.462242762,"Increasing Batt Cap - Benchmark Chemistry"
2041,"GA",69927.8387564979,"Increasing Batt Cap - Benchmark Chemistry"
2041,"HI",9685.24362170836,"Increasing Batt Cap - Benchmark Chemistry"
2041,"IA",18873.4188014206,"Increasing Batt Cap - Benchmark Chemistry"
2041,"ID",13493.6997903906,"Increasing Batt Cap - Benchmark Chemistry"
2041,"IL",70215.8680976095,"Increasing Batt Cap - Benchmark Chemistry"
2041,"IN",39785.5069144909,"Increasing Batt Cap - Benchmark Chemistry"
2041,"KS",17131.2047077064,"Increasing Batt Cap - Benchmark Chemistry"
2041,"KY",25751.9970099295,"Increasing Batt Cap - Benchmark Chemistry"
2041,"LA",24623.1912751596,"Increasing Batt Cap - Benchmark Chemistry"
2041,"MA",65038.9151365479,"Increasing Batt Cap - Benchmark Chemistry"
2041,"MB",12239.4862360396,"Increasing Batt Cap - Benchmark Chemistry"
2041,"MD",58777.8012289173,"Increasing Batt Cap - Benchmark Chemistry"
2041,"ME",8128.04145385842,"Increasing Batt Cap - Benchmark Chemistry"
2041,"MI",55090.2306765887,"Increasing Batt Cap - Benchmark Chemistry"
2041,"MN",35462.6497789534,"Increasing Batt Cap - Benchmark Chemistry"
2041,"MO",35501.1722258904,"Increasing Batt Cap - Benchmark Chemistry"
2041,"MS",16509.9270034599,"Increasing Batt Cap - Benchmark Chemistry"
2041,"MT",6481.14754254746,"Increasing Batt Cap - Benchmark Chemistry"
2041,"MX",113966.871375763,"Increasing Batt Cap - Benchmark Chemistry"
2041,"NB",8062.32966283393,"Increasing Batt Cap - Benchmark Chemistry"
2041,"NC",65265.9497569608,"Increasing Batt Cap - Benchmark Chemistry"
2041,"ND",5159.57495631056,"Increasing Batt Cap - Benchmark Chemistry"
2041,"NE",12086.1861829603,"Increasing Batt Cap - Benchmark Chemistry"
2041,"NH",8847.91252650943,"Increasing Batt Cap - Benchmark Chemistry"
2041,"NJ",86810.2434840628,"Increasing Batt Cap - Benchmark Chemistry"
2041,"NL",4648.55144013275,"Increasing Batt Cap - Benchmark Chemistry"
2041,"NM",19166.327326419,"Increasing Batt Cap - Benchmark Chemistry"
2041,"NS",9298.94846686529,"Increasing Batt Cap - Benchmark Chemistry"
2041,"NT",327.633167702599,"Increasing Batt Cap - Benchmark Chemistry"
2041,"NU",118.371969756176,"Increasing Batt Cap - Benchmark Chemistry"
2041,"NV",21608.2361796015,"Increasing Batt Cap - Benchmark Chemistry"
2041,"NY",146860.750922035,"Increasing Batt Cap - Benchmark Chemistry"
2041,"OH",68332.606669366,"Increasing Batt Cap - Benchmark Chemistry"
2041,"OK",24338.5059908577,"Increasing Batt Cap - Benchmark Chemistry"
2041,"ON",138157.760730827,"Increasing Batt Cap - Benchmark Chemistry"
2041,"OR",44937.7970485652,"Increasing Batt Cap - Benchmark Chemistry"
2041,"PA",77075.481905261,"Increasing Batt Cap - Benchmark Chemistry"
2041,"PE",1623.77929675742,"Increasing Batt Cap - Benchmark Chemistry"
2041,"QC",84079.2369289301,"Increasing Batt Cap - Benchmark Chemistry"
2041,"RI",9971.27329562234,"Increasing Batt Cap - Benchmark Chemistry"
2041,"SC",33600.284324072,"Increasing Batt Cap - Benchmark Chemistry"
2041,"SD",5571.27763622631,"Increasing Batt Cap - Benchmark Chemistry"
2041,"SK",11579.4127771554,"Increasing Batt Cap - Benchmark Chemistry"
2041,"TN",43612.7424743769,"Increasing Batt Cap - Benchmark Chemistry"
2041,"TX",199060.417234308,"Increasing Batt Cap - Benchmark Chemistry"
2041,"UT",23919.490552067,"Increasing Batt Cap - Benchmark Chemistry"
2041,"VA",58984.6347074205,"Increasing Batt Cap - Benchmark Chemistry"
2041,"VT",6340.15747206792,"Increasing Batt Cap - Benchmark Chemistry"
2041,"WA",89328.842548071,"Increasing Batt Cap - Benchmark Chemistry"
2041,"WI",34047.6543950662,"Increasing Batt Cap - Benchmark Chemistry"
2041,"WV",9145.16907652506,"Increasing Batt Cap - Benchmark Chemistry"
2041,"WY",3445.75653153549,"Increasing Batt Cap - Benchmark Chemistry"
2041,"YT",485.555470800598,"Increasing Batt Cap - Benchmark Chemistry"
2042,"AB",63162.8805997175,"Increasing Batt Cap - Benchmark Chemistry"
2042,"AK",4948.68678341095,"Increasing Batt Cap - Benchmark Chemistry"
2042,"AL",36046.8720807398,"Increasing Batt Cap - Benchmark Chemistry"
2042,"AR",20197.2541184447,"Increasing Batt Cap - Benchmark Chemistry"
2042,"AZ",58963.3460045814,"Increasing Batt Cap - Benchmark Chemistry"
2042,"BC",63119.2799060104,"Increasing Batt Cap - Benchmark Chemistry"
2042,"CA",513339.849219997,"Increasing Batt Cap - Benchmark Chemistry"
2042,"CO",78995.1651606267,"Increasing Batt Cap - Benchmark Chemistry"
2042,"CT",24952.6619397267,"Increasing Batt Cap - Benchmark Chemistry"
2042,"DC",6347.81629699905,"Increasing Batt Cap - Benchmark Chemistry"
2042,"DE",8325.00519687069,"Increasing Batt Cap - Benchmark Chemistry"
2042,"FL",173778.596992043,"Increasing Batt Cap - Benchmark Chemistry"
2042,"GA",83858.089460414,"Increasing Batt Cap - Benchmark Chemistry"
2042,"HI",11320.3801650344,"Increasing Batt Cap - Benchmark Chemistry"
2042,"IA",22907.0426291674,"Increasing Batt Cap - Benchmark Chemistry"
2042,"ID",16449.8348108321,"Increasing Batt Cap - Benchmark Chemistry"
2042,"IL",83942.6413577911,"Increasing Batt Cap - Benchmark Chemistry"
2042,"IN",48126.1747211067,"Increasing Batt Cap - Benchmark Chemistry"
2042,"KS",20678.7265723661,"Increasing Batt Cap - Benchmark Chemistry"
2042,"KY",31203.8851334254,"Increasing Batt Cap - Benchmark Chemistry"
2042,"LA",29929.2124806112,"Increasing Batt Cap - Benchmark Chemistry"
2042,"MA",79432.3660094205,"Increasing Batt Cap - Benchmark Chemistry"
2042,"MB",15317.2464275274,"Increasing Batt Cap - Benchmark Chemistry"
2042,"MD",71299.6180901392,"Increasing Batt Cap - Benchmark Chemistry"
2042,"ME",9872.87224465685,"Increasing Batt Cap - Benchmark Chemistry"
2042,"MI",66342.1602030936,"Increasing Batt Cap - Benchmark Chemistry"
2042,"MN",42813.7846297088,"Increasing Batt Cap - Benchmark Chemistry"
2042,"MO",42842.5462586218,"Increasing Batt Cap - Benchmark Chemistry"
2042,"MS",20048.1017069422,"Increasing Batt Cap - Benchmark Chemistry"
2042,"MT",7794.7325321393,"Increasing Batt Cap - Benchmark Chemistry"
2042,"MX",149675.550696769,"Increasing Batt Cap - Benchmark Chemistry"
2042,"NB",10046.2913042823,"Increasing Batt Cap - Benchmark Chemistry"
2042,"NC",78362.3965251917,"Increasing Batt Cap - Benchmark Chemistry"
2042,"ND",6352.28524288664,"Increasing Batt Cap - Benchmark Chemistry"
2042,"NE",14661.3577069795,"Increasing Batt Cap - Benchmark Chemistry"
2042,"NH",10710.6856709947,"Increasing Batt Cap - Benchmark Chemistry"
2042,"NJ",104944.26926153,"Increasing Batt Cap - Benchmark Chemistry"
2042,"NL",5799.96525010079,"Increasing Batt Cap - Benchmark Chemistry"
2042,"NM",23292.1462492449,"Increasing Batt Cap - Benchmark Chemistry"
2042,"NS",11570.6647749346,"Increasing Batt Cap - Benchmark Chemistry"
2042,"NT",402.797646430916,"Increasing Batt Cap - Benchmark Chemistry"
2042,"NU",143.048104755568,"Increasing Batt Cap - Benchmark Chemistry"
2042,"NV",25588.2948322797,"Increasing Batt Cap - Benchmark Chemistry"
2042,"NY",178468.830331856,"Increasing Batt Cap - Benchmark Chemistry"
2042,"OH",82424.9028962567,"Increasing Batt Cap - Benchmark Chemistry"
2042,"OK",29504.3913530141,"Increasing Batt Cap - Benchmark Chemistry"
2042,"ON",171047.774735958,"Increasing Batt Cap - Benchmark Chemistry"
2042,"OR",53592.4797116707,"Increasing Batt Cap - Benchmark Chemistry"
2042,"PA",91383.4665178416,"Increasing Batt Cap - Benchmark Chemistry"
2042,"PE",2031.37456021264,"Increasing Batt Cap - Benchmark Chemistry"
2042,"QC",100698.194193962,"Increasing Batt Cap - Benchmark Chemistry"
2042,"RI",12209.1491314176,"Increasing Batt Cap - Benchmark Chemistry"
2042,"SC",40798.9055035007,"Increasing Batt Cap - Benchmark Chemistry"
2042,"SD",6828.91150824068,"Increasing Batt Cap - Benchmark Chemistry"
2042,"SK",14564.6724437785,"Increasing Batt Cap - Benchmark Chemistry"
2042,"TN",52851.1859344185,"Increasing Batt Cap - Benchmark Chemistry"
2042,"TX",241473.276768089,"Increasing Batt Cap - Benchmark Chemistry"
2042,"UT",28624.5546443041,"Increasing Batt Cap - Benchmark Chemistry"
2042,"VA",70752.5199570274,"Increasing Batt Cap - Benchmark Chemistry"
2042,"VT",7735.87149365138,"Increasing Batt Cap - Benchmark Chemistry"
2042,"WA",107059.020065302,"Increasing Batt Cap - Benchmark Chemistry"
2042,"WI",41207.3507118439,"Increasing Batt Cap - Benchmark Chemistry"
2042,"WV",11072.0178942057,"Increasing Batt Cap - Benchmark Chemistry"
2042,"WY",4186.67075832007,"Increasing Batt Cap - Benchmark Chemistry"
2042,"YT",596.656557849825,"Increasing Batt Cap - Benchmark Chemistry"
2043,"AB",77430.605077079,"Increasing Batt Cap - Benchmark Chemistry"
2043,"AK",5857.7563405081,"Increasing Batt Cap - Benchmark Chemistry"
2043,"AL",42845.4348354175,"Increasing Batt Cap - Benchmark Chemistry"
2043,"AR",24041.5969028407,"Increasing Batt Cap - Benchmark Chemistry"
2043,"AZ",69432.1891412551,"Increasing Batt Cap - Benchmark Chemistry"
2043,"BC",75159.150737193,"Increasing Batt Cap - Benchmark Chemistry"
2043,"CA",600318.691244875,"Increasing Batt Cap - Benchmark Chemistry"
2043,"CO",93652.5277345342,"Increasing Batt Cap - Benchmark Chemistry"
2043,"CT",29270.9987843965,"Increasing Batt Cap - Benchmark Chemistry"
2043,"DC",7499.53115838878,"Increasing Batt Cap - Benchmark Chemistry"
2043,"DE",9859.48078365625,"Increasing Batt Cap - Benchmark Chemistry"
2043,"FL",206492.842438275,"Increasing Batt Cap - Benchmark Chemistry"
2043,"GA",99135.7716743376,"Increasing Batt Cap - Benchmark Chemistry"
2043,"HI",13190.7267284479,"Increasing Batt Cap - Benchmark Chemistry"
2043,"IA",27263.0513918039,"Increasing Batt Cap - Benchmark Chemistry"
2043,"ID",19707.8959303026,"Increasing Batt Cap - Benchmark Chemistry"
2043,"IL",99151.8251435626,"Increasing Batt Cap - Benchmark Chemistry"
2043,"IN",57080.0012978843,"Increasing Batt Cap - Benchmark Chemistry"
2043,"KS",24438.7709215319,"Increasing Batt Cap - Benchmark Chemistry"
2043,"KY",36976.4706384342,"Increasing Batt Cap - Benchmark Chemistry"
2043,"LA",35632.6301350008,"Increasing Batt Cap - Benchmark Chemistry"
2043,"MA",95241.1694968281,"Increasing Batt Cap - Benchmark Chemistry"
2043,"MB",18648.6151258681,"Increasing Batt Cap - Benchmark Chemistry"
2043,"MD",84812.8528030327,"Increasing Batt Cap - Benchmark Chemistry"
2043,"ME",11736.0308037451,"Increasing Batt Cap - Benchmark Chemistry"
2043,"MI",78605.329984199,"Increasing Batt Cap - Benchmark Chemistry"
2043,"MN",50884.815914753,"Increasing Batt Cap - Benchmark Chemistry"
2043,"MO",50757.7259924417,"Increasing Batt Cap - Benchmark Chemistry"
2043,"MS",23816.6284300298,"Increasing Batt Cap - Benchmark Chemistry"
2043,"MT",9203.19845268773,"Increasing Batt Cap - Benchmark Chemistry"
2043,"MX",191363.364207461,"Increasing Batt Cap - Benchmark Chemistry"
2043,"NB",12179.0698881361,"Increasing Batt Cap - Benchmark Chemistry"
2043,"NC",92605.9713010077,"Increasing Batt Cap - Benchmark Chemistry"
2043,"ND",7631.64821709869,"Increasing Batt Cap - Benchmark Chemistry"
2043,"NE",17434.7657914031,"Increasing Batt Cap - Benchmark Chemistry"
2043,"NH",12767.0153096175,"Increasing Batt Cap - Benchmark Chemistry"
2043,"NJ",124670.765115413,"Increasing Batt Cap - Benchmark Chemistry"
2043,"NL",7023.81790915958,"Increasing Batt Cap - Benchmark Chemistry"
2043,"NM",27498.9691782192,"Increasing Batt Cap - Benchmark Chemistry"
2043,"NS",13992.7517901098,"Increasing Batt Cap - Benchmark Chemistry"
2043,"NT",491.631648901063,"Increasing Batt Cap - Benchmark Chemistry"
2043,"NU",170.739917277818,"Increasing Batt Cap - Benchmark Chemistry"
2043,"NV",30098.6380829254,"Increasing Batt Cap - Benchmark Chemistry"
2043,"NY",212719.967491999,"Increasing Batt Cap - Benchmark Chemistry"
2043,"OH",97633.9855047817,"Increasing Batt Cap - Benchmark Chemistry"
2043,"OK",35270.6638122425,"Increasing Batt Cap - Benchmark Chemistry"
2043,"ON",207163.594123479,"Increasing Batt Cap - Benchmark Chemistry"
2043,"OR",62640.8701333116,"Increasing Batt Cap - Benchmark Chemistry"
2043,"PA",106568.046071054,"Increasing Batt Cap - Benchmark Chemistry"
2043,"PE",2474.33880863963,"Increasing Batt Cap - Benchmark Chemistry"
2043,"QC",119265.481548612,"Increasing Batt Cap - Benchmark Chemistry"
2043,"RI",14569.0214709612,"Increasing Batt Cap - Benchmark Chemistry"
2043,"SC",48601.9333265798,"Increasing Batt Cap - Benchmark Chemistry"
2043,"SD",8119.08523588915,"Increasing Batt Cap - Benchmark Chemistry"
2043,"SK",17826.8218169042,"Increasing Batt Cap - Benchmark Chemistry"
2043,"TN",62857.6013060328,"Increasing Batt Cap - Benchmark Chemistry"
2043,"TX",288729.422397813,"Increasing Batt Cap - Benchmark Chemistry"
2043,"UT",33932.8023553379,"Increasing Batt Cap - Benchmark Chemistry"
2043,"VA",83785.9665068709,"Increasing Batt Cap - Benchmark Chemistry"
2043,"VT",9283.67288175985,"Increasing Batt Cap - Benchmark Chemistry"
2043,"WA",126147.655916193,"Increasing Batt Cap - Benchmark Chemistry"
2043,"WI",49030.9745533938,"Increasing Batt Cap - Benchmark Chemistry"
2043,"WV",13132.6485101834,"Increasing Batt Cap - Benchmark Chemistry"
2043,"WY",4990.93094556306,"Increasing Batt Cap - Benchmark Chemistry"
2043,"YT",746.54618775807,"Increasing Batt Cap - Benchmark Chemistry"
2044,"AB",92539.8483259418,"Increasing Batt Cap - Benchmark Chemistry"
2044,"AK",6863.47709983018,"Increasing Batt Cap - Benchmark Chemistry"
2044,"AL",49986.4585859201,"Increasing Batt Cap - Benchmark Chemistry"
2044,"AR",28034.2045395788,"Increasing Batt Cap - Benchmark Chemistry"
2044,"AZ",81036.9305815476,"Increasing Batt Cap - Benchmark Chemistry"
2044,"BC",88587.2044079978,"Increasing Batt Cap - Benchmark Chemistry"
2044,"CA",692369.09670663,"Increasing Batt Cap - Benchmark Chemistry"
2044,"CO",109064.078472367,"Increasing Batt Cap - Benchmark Chemistry"
2044,"CT",33905.1861828393,"Increasing Batt Cap - Benchmark Chemistry"
2044,"DC",8739.99090525694,"Increasing Batt Cap - Benchmark Chemistry"
2044,"DE",11549.4134962229,"Increasing Batt Cap - Benchmark Chemistry"
2044,"FL",243327.380945028,"Increasing Batt Cap - Benchmark Chemistry"
2044,"GA",115767.659837134,"Increasing Batt Cap - Benchmark Chemistry"
2044,"HI",15312.5595283225,"Increasing Batt Cap - Benchmark Chemistry"
2044,"IA",31857.3732127641,"Increasing Batt Cap - Benchmark Chemistry"
2044,"ID",23293.0486259438,"Increasing Batt Cap - Benchmark Chemistry"
2044,"IL",115480.488201567,"Increasing Batt Cap - Benchmark Chemistry"
2044,"IN",66549.9669103917,"Increasing Batt Cap - Benchmark Chemistry"
2044,"KS",28454.5895211449,"Increasing Batt Cap - Benchmark Chemistry"
2044,"KY",43080.3024267876,"Increasing Batt Cap - Benchmark Chemistry"
2044,"LA",41673.5037556792,"Increasing Batt Cap - Benchmark Chemistry"
2044,"MA",111966.497928983,"Increasing Batt Cap - Benchmark Chemistry"
2044,"MB",22195.3164954929,"Increasing Batt Cap - Benchmark Chemistry"
2044,"MD",98861.2402615688,"Increasing Batt Cap - Benchmark Chemistry"
2044,"ME",13761.9373624766,"Increasing Batt Cap - Benchmark Chemistry"
2044,"MI",91726.3379484295,"Increasing Batt Cap - Benchmark Chemistry"
2044,"MN",59677.7989425735,"Increasing Batt Cap - Benchmark Chemistry"
2044,"MO",59162.4187193274,"Increasing Batt Cap - Benchmark Chemistry"
2044,"MS",27695.6661552276,"Increasing Batt Cap - Benchmark Chemistry"
2044,"MT",10713.7372508163,"Increasing Batt Cap - Benchmark Chemistry"
2044,"MX",239156.688474608,"Increasing Batt Cap - Benchmark Chemistry"
2044,"NB",14416.3280600246,"Increasing Batt Cap - Benchmark Chemistry"
2044,"NC",107962.962134583,"Increasing Batt Cap - Benchmark Chemistry"
2044,"ND",9043.20140598936,"Increasing Batt Cap - Benchmark Chemistry"
2044,"NE",20392.5117574865,"Increasing Batt Cap - Benchmark Chemistry"
2044,"NH",14979.6893762356,"Increasing Batt Cap - Benchmark Chemistry"
2044,"NJ",145309.924041986,"Increasing Batt Cap - Benchmark Chemistry"
2044,"NL",8287.69412435019,"Increasing Batt Cap - Benchmark Chemistry"
2044,"NM",31631.6812479387,"Increasing Batt Cap - Benchmark Chemistry"
2044,"NS",16507.4431362797,"Increasing Batt Cap - Benchmark Chemistry"
2044,"NT",585.772355842026,"Increasing Batt Cap - Benchmark Chemistry"
2044,"NU",206.424600632448,"Increasing Batt Cap - Benchmark Chemistry"
2044,"NV",35166.63732689,"Increasing Batt Cap - Benchmark Chemistry"
2044,"NY",248336.361384241,"Increasing Batt Cap - Benchmark Chemistry"
2044,"OH",113688.656801038,"Increasing Batt Cap - Benchmark Chemistry"
2044,"OK",41525.9823996446,"Increasing Batt Cap - Benchmark Chemistry"
2044,"ON",245841.47315368,"Increasing Batt Cap - Benchmark Chemistry"
2044,"OR",71992.4649560015,"Increasing Batt Cap - Benchmark Chemistry"
2044,"PA",122400.651811541,"Increasing Batt Cap - Benchmark Chemistry"
2044,"PE",2892.94526523849,"Increasing Batt Cap - Benchmark Chemistry"
2044,"QC",139558.021294057,"Increasing Batt Cap - Benchmark Chemistry"
2044,"RI",17036.1890811463,"Increasing Batt Cap - Benchmark Chemistry"
2044,"SC",56988.1618542846,"Increasing Batt Cap - Benchmark Chemistry"
2044,"SD",9553.98488301775,"Increasing Batt Cap - Benchmark Chemistry"
2044,"SK",21313.3455407017,"Increasing Batt Cap - Benchmark Chemistry"
2044,"TN",73673.7607325381,"Increasing Batt Cap - Benchmark Chemistry"
2044,"TX",341272.148636001,"Increasing Batt Cap - Benchmark Chemistry"
2044,"UT",39894.9700482911,"Increasing Batt Cap - Benchmark Chemistry"
2044,"VA",97964.3906960117,"Increasing Batt Cap - Benchmark Chemistry"
2044,"VT",10894.0265953639,"Increasing Batt Cap - Benchmark Chemistry"
2044,"WA",146431.39607632,"Increasing Batt Cap - Benchmark Chemistry"
2044,"WI",57406.2010681352,"Increasing Batt Cap - Benchmark Chemistry"
2044,"WV",15262.8946708132,"Increasing Batt Cap - Benchmark Chemistry"
2044,"WY",5807.08355018093,"Increasing Batt Cap - Benchmark Chemistry"
2044,"YT",899.706722493607,"Increasing Batt Cap - Benchmark Chemistry"
2045,"AB",108200.542065885,"Increasing Batt Cap - Benchmark Chemistry"
2045,"AK",7907.49847711594,"Increasing Batt Cap - Benchmark Chemistry"
2045,"AL",57556.2156031646,"Increasing Batt Cap - Benchmark Chemistry"
2045,"AR",32280.4536078872,"Increasing Batt Cap - Benchmark Chemistry"
2045,"AZ",93622.127277998,"Increasing Batt Cap - Benchmark Chemistry"
2045,"BC",102955.513627609,"Increasing Batt Cap - Benchmark Chemistry"
2045,"CA",788501.899598481,"Increasing Batt Cap - Benchmark Chemistry"
2045,"CO",124813.81037146,"Increasing Batt Cap - Benchmark Chemistry"
2045,"CT",38911.7852556161,"Increasing Batt Cap - Benchmark Chemistry"
2045,"DC",10024.1980764749,"Increasing Batt Cap - Benchmark Chemistry"
2045,"DE",13407.7109588238,"Increasing Batt Cap - Benchmark Chemistry"
2045,"FL",283824.836018612,"Increasing Batt Cap - Benchmark Chemistry"
2045,"GA",133599.849352315,"Increasing Batt Cap - Benchmark Chemistry"
2045,"HI",17624.2053363347,"Increasing Batt Cap - Benchmark Chemistry"
2045,"IA",36734.8088415617,"Increasing Batt Cap - Benchmark Chemistry"
2045,"ID",27147.2268674997,"Increasing Batt Cap - Benchmark Chemistry"
2045,"IL",133002.553743167,"Increasing Batt Cap - Benchmark Chemistry"
2045,"IN",76580.7306490188,"Increasing Batt Cap - Benchmark Chemistry"
2045,"KS",32614.8282651337,"Increasing Batt Cap - Benchmark Chemistry"
2045,"KY",49433.9170486293,"Increasing Batt Cap - Benchmark Chemistry"
2045,"LA",48035.1396169145,"Increasing Batt Cap - Benchmark Chemistry"
2045,"MA",129414.380384619,"Increasing Batt Cap - Benchmark Chemistry"
2045,"MB",25887.418196277,"Increasing Batt Cap - Benchmark Chemistry"
2045,"MD",113236.66221044,"Increasing Batt Cap - Benchmark Chemistry"
2045,"ME",15913.6798771462,"Increasing Batt Cap - Benchmark Chemistry"
2045,"MI",105759.991929721,"Increasing Batt Cap - Benchmark Chemistry"
2045,"MN",69079.5461390966,"Increasing Batt Cap - Benchmark Chemistry"
2045,"MO",68059.1154068272,"Increasing Batt Cap - Benchmark Chemistry"
2045,"MS",31698.2569480042,"Increasing Batt Cap - Benchmark Chemistry"
2045,"MT",12317.7959027263,"Increasing Batt Cap - Benchmark Chemistry"
2045,"MX",293296.003378728,"Increasing Batt Cap - Benchmark Chemistry"
2045,"NB",16654.6493554252,"Increasing Batt Cap - Benchmark Chemistry"
2045,"NC",124409.08680993,"Increasing Batt Cap - Benchmark Chemistry"
2045,"ND",10566.7898786753,"Increasing Batt Cap - Benchmark Chemistry"
2045,"NE",23534.7062611142,"Increasing Batt Cap - Benchmark Chemistry"
2045,"NH",17360.6965928871,"Increasing Batt Cap - Benchmark Chemistry"
2045,"NJ",166642.16380202,"Increasing Batt Cap - Benchmark Chemistry"
2045,"NL",9613.68396046304,"Increasing Batt Cap - Benchmark Chemistry"
2045,"NM",35644.1927097445,"Increasing Batt Cap - Benchmark Chemistry"
2045,"NS",19084.3858067654,"Increasing Batt Cap - Benchmark Chemistry"
2045,"NT",688.605881795591,"Increasing Batt Cap - Benchmark Chemistry"
2045,"NU",236.418812209674,"Increasing Batt Cap - Benchmark Chemistry"
2045,"NV",40726.5981401736,"Increasing Batt Cap - Benchmark Chemistry"
2045,"NY",285115.086554616,"Increasing Batt Cap - Benchmark Chemistry"
2045,"OH",130584.666576128,"Increasing Batt Cap - Benchmark Chemistry"
2045,"OK",48379.4993000044,"Increasing Batt Cap - Benchmark Chemistry"
2045,"ON",286234.873256181,"Increasing Batt Cap - Benchmark Chemistry"
2045,"OR",81468.5807079138,"Increasing Batt Cap - Benchmark Chemistry"
2045,"PA",139036.24873787,"Increasing Batt Cap - Benchmark Chemistry"
2045,"PE",3356.3251393016,"Increasing Batt Cap - Benchmark Chemistry"
2045,"QC",161086.251766245,"Increasing Batt Cap - Benchmark Chemistry"
2045,"RI",19513.0965782442,"Increasing Batt Cap - Benchmark Chemistry"
2045,"SC",65992.7286998163,"Increasing Batt Cap - Benchmark Chemistry"
2045,"SD",11053.3244220051,"Increasing Batt Cap - Benchmark Chemistry"
2045,"SK",24934.3620205387,"Increasing Batt Cap - Benchmark Chemistry"
2045,"TN",85182.0725219073,"Increasing Batt Cap - Benchmark Chemistry"
2045,"TX",398325.742216281,"Increasing Batt Cap - Benchmark Chemistry"
2045,"UT",46402.086524202,"Increasing Batt Cap - Benchmark Chemistry"
2045,"VA",113302.616930991,"Increasing Batt Cap - Benchmark Chemistry"
2045,"VT",12552.2362910722,"Increasing Batt Cap - Benchmark Chemistry"
2045,"WA",167488.318934422,"Increasing Batt Cap - Benchmark Chemistry"
2045,"WI",66340.4466353204,"Increasing Batt Cap - Benchmark Chemistry"
2045,"WV",17465.7089601233,"Increasing Batt Cap - Benchmark Chemistry"
2045,"WY",6660.74280586779,"Increasing Batt Cap - Benchmark Chemistry"
2045,"YT",1033.43329793261,"Increasing Batt Cap - Benchmark Chemistry"
2046,"AB",124218.512477104,"Increasing Batt Cap - Benchmark Chemistry"
2046,"AK",8994.88632427376,"Increasing Batt Cap - Benchmark Chemistry"
2046,"AL",65578.3429153741,"Increasing Batt Cap - Benchmark Chemistry"
2046,"AR",36755.0319481478,"Increasing Batt Cap - Benchmark Chemistry"
2046,"AZ",107302.892925039,"Increasing Batt Cap - Benchmark Chemistry"
2046,"BC",117996.414706831,"Increasing Batt Cap - Benchmark Chemistry"
2046,"CA",887176.92530613,"Increasing Batt Cap - Benchmark Chemistry"
2046,"CO",139933.152717418,"Increasing Batt Cap - Benchmark Chemistry"
2046,"CT",44323.6068984782,"Increasing Batt Cap - Benchmark Chemistry"
2046,"DC",11333.1931787401,"Increasing Batt Cap - Benchmark Chemistry"
2046,"DE",15413.8275557241,"Increasing Batt Cap - Benchmark Chemistry"
2046,"FL",328003.217411053,"Increasing Batt Cap - Benchmark Chemistry"
2046,"GA",152857.000370092,"Increasing Batt Cap - Benchmark Chemistry"
2046,"HI",20173.5051256895,"Increasing Batt Cap - Benchmark Chemistry"
2046,"IA",41908.8999943788,"Increasing Batt Cap - Benchmark Chemistry"
2046,"ID",31330.4637191108,"Increasing Batt Cap - Benchmark Chemistry"
2046,"IL",151761.050967414,"Increasing Batt Cap - Benchmark Chemistry"
2046,"IN",87233.9708172239,"Increasing Batt Cap - Benchmark Chemistry"
2046,"KS",36946.5372744141,"Increasing Batt Cap - Benchmark Chemistry"
2046,"KY",56162.7450739608,"Increasing Batt Cap - Benchmark Chemistry"
2046,"LA",54808.794447472,"Increasing Batt Cap - Benchmark Chemistry"
2046,"MA",147343.398577279,"Increasing Batt Cap - Benchmark Chemistry"
2046,"MB",29685.0684637235,"Increasing Batt Cap - Benchmark Chemistry"
2046,"MD",127818.201318034,"Increasing Batt Cap - Benchmark Chemistry"
2046,"ME",18216.7152830103,"Increasing Batt Cap - Benchmark Chemistry"
2046,"MI",120868.757053951,"Increasing Batt Cap - Benchmark Chemistry"
2046,"MN",79230.9510130232,"Increasing Batt Cap - Benchmark Chemistry"
2046,"MO",77602.9740221106,"Increasing Batt Cap - Benchmark Chemistry"
2046,"MS",35865.2781889045,"Increasing Batt Cap - Benchmark Chemistry"
2046,"MT",14037.9835910538,"Increasing Batt Cap - Benchmark Chemistry"
2046,"MX",353985.417310474,"Increasing Batt Cap - Benchmark Chemistry"
2046,"NB",18948.8939033848,"Increasing Batt Cap - Benchmark Chemistry"
2046,"NC",142076.327754762,"Increasing Batt Cap - Benchmark Chemistry"
2046,"ND",12211.8918982967,"Increasing Batt Cap - Benchmark Chemistry"
2046,"NE",26917.8490489111,"Increasing Batt Cap - Benchmark Chemistry"
2046,"NH",19929.0839840069,"Increasing Batt Cap - Benchmark Chemistry"
2046,"NJ",188416.692458835,"Increasing Batt Cap - Benchmark Chemistry"
2046,"NL",10971.3826169949,"Increasing Batt Cap - Benchmark Chemistry"
2046,"NM",39340.2379141109,"Increasing Batt Cap - Benchmark Chemistry"
2046,"NS",21649.8013464874,"Increasing Batt Cap - Benchmark Chemistry"
2046,"NT",788.00476961011,"Increasing Batt Cap - Benchmark Chemistry"
2046,"NU",265.893820901622,"Increasing Batt Cap - Benchmark Chemistry"
2046,"NV",46806.0235701549,"Increasing Batt Cap - Benchmark Chemistry"
2046,"NY",322592.119795379,"Increasing Batt Cap - Benchmark Chemistry"
2046,"OH",148608.08217442,"Increasing Batt Cap - Benchmark Chemistry"
2046,"OK",55895.3298020091,"Increasing Batt Cap - Benchmark Chemistry"
2046,"ON",327644.301550958,"Increasing Batt Cap - Benchmark Chemistry"
2046,"OR",91098.7946316151,"Increasing Batt Cap - Benchmark Chemistry"
2046,"PA",156731.311785027,"Increasing Batt Cap - Benchmark Chemistry"
2046,"PE",3796.45449839015,"Increasing Batt Cap - Benchmark Chemistry"
2046,"QC",183396.70947368,"Increasing Batt Cap - Benchmark Chemistry"
2046,"RI",22035.6151540156,"Increasing Batt Cap - Benchmark Chemistry"
2046,"SC",75594.3772112545,"Increasing Batt Cap - Benchmark Chemistry"
2046,"SD",12652.9422012942,"Increasing Batt Cap - Benchmark Chemistry"
2046,"SK",28690.5176656037,"Increasing Batt Cap - Benchmark Chemistry"
2046,"TN",97527.6501690157,"Increasing Batt Cap - Benchmark Chemistry"
2046,"TX",459974.210911603,"Increasing Batt Cap - Benchmark Chemistry"
2046,"UT",53551.6665433761,"Increasing Batt Cap - Benchmark Chemistry"
2046,"VA",129940.754615729,"Increasing Batt Cap - Benchmark Chemistry"
2046,"VT",14254.648418039,"Increasing Batt Cap - Benchmark Chemistry"
2046,"WA",189024.408773005,"Increasing Batt Cap - Benchmark Chemistry"
2046,"WI",75906.34360633,"Increasing Batt Cap - Benchmark Chemistry"
2046,"WV",19829.7445099432,"Increasing Batt Cap - Benchmark Chemistry"
2046,"WY",7626.84999089775,"Increasing Batt Cap - Benchmark Chemistry"
2046,"YT",1176.33727205048,"Increasing Batt Cap - Benchmark Chemistry"
2047,"AB",140342.204737994,"Increasing Batt Cap - Benchmark Chemistry"
2047,"AK",10110.8202454426,"Increasing Batt Cap - Benchmark Chemistry"
2047,"AL",73791.917190823,"Increasing Batt Cap - Benchmark Chemistry"
2047,"AR",41340.8479252378,"Increasing Batt Cap - Benchmark Chemistry"
2047,"AZ",121542.556423462,"Increasing Batt Cap - Benchmark Chemistry"
2047,"BC",133519.397750192,"Increasing Batt Cap - Benchmark Chemistry"
2047,"CA",987320.26268535,"Increasing Batt Cap - Benchmark Chemistry"
2047,"CO",154184.090692013,"Increasing Batt Cap - Benchmark Chemistry"
2047,"CT",49885.9973452616,"Increasing Batt Cap - Benchmark Chemistry"
2047,"DC",12683.6805879989,"Increasing Batt Cap - Benchmark Chemistry"
2047,"DE",17488.4750605101,"Increasing Batt Cap - Benchmark Chemistry"
2047,"FL",374021.646980927,"Increasing Batt Cap - Benchmark Chemistry"
2047,"GA",172802.88683123,"Increasing Batt Cap - Benchmark Chemistry"
2047,"HI",22843.2063640854,"Increasing Batt Cap - Benchmark Chemistry"
2047,"IA",47222.2653744179,"Increasing Batt Cap - Benchmark Chemistry"
2047,"ID",35682.7418820498,"Increasing Batt Cap - Benchmark Chemistry"
2047,"IL",171072.205699736,"Increasing Batt Cap - Benchmark Chemistry"
2047,"IN",98192.0358159323,"Increasing Batt Cap - Benchmark Chemistry"
2047,"KS",41410.6037822202,"Increasing Batt Cap - Benchmark Chemistry"
2047,"KY",63025.0927208597,"Increasing Batt Cap - Benchmark Chemistry"
2047,"LA",61746.3503303538,"Increasing Batt Cap - Benchmark Chemistry"
2047,"MA",165602.50613845,"Increasing Batt Cap - Benchmark Chemistry"
2047,"MB",33519.819677874,"Increasing Batt Cap - Benchmark Chemistry"
2047,"MD",142441.676433948,"Increasing Batt Cap - Benchmark Chemistry"
2047,"ME",20578.5438097277,"Increasing Batt Cap - Benchmark Chemistry"
2047,"MI",136455.928113502,"Increasing Batt Cap - Benchmark Chemistry"
2047,"MN",89709.631294946,"Increasing Batt Cap - Benchmark Chemistry"
2047,"MO",87449.0629474501,"Increasing Batt Cap - Benchmark Chemistry"
2047,"MS",40112.2638100561,"Increasing Batt Cap - Benchmark Chemistry"
2047,"MT",15801.62772011,"Increasing Batt Cap - Benchmark Chemistry"
2047,"MX",421137.420272467,"Increasing Batt Cap - Benchmark Chemistry"
2047,"NB",21189.4299400901,"Increasing Batt Cap - Benchmark Chemistry"
2047,"NC",160370.212999282,"Increasing Batt Cap - Benchmark Chemistry"
2047,"ND",13904.7639852545,"Increasing Batt Cap - Benchmark Chemistry"
2047,"NE",30336.9400128707,"Increasing Batt Cap - Benchmark Chemistry"
2047,"NH",22556.1279219593,"Increasing Batt Cap - Benchmark Chemistry"
2047,"NJ",210336.051785658,"Increasing Batt Cap - Benchmark Chemistry"
2047,"NL",12331.0992594292,"Increasing Batt Cap - Benchmark Chemistry"
2047,"NM",42671.8939262682,"Increasing Batt Cap - Benchmark Chemistry"
2047,"NS",24192.7871978615,"Increasing Batt Cap - Benchmark Chemistry"
2047,"NT",891.686033904049,"Increasing Batt Cap - Benchmark Chemistry"
2047,"NU",295.01219035963,"Increasing Batt Cap - Benchmark Chemistry"
2047,"NV",53148.9666566179,"Increasing Batt Cap - Benchmark Chemistry"
2047,"NY",360401.424055929,"Increasing Batt Cap - Benchmark Chemistry"
2047,"OH",166953.1892297,"Increasing Batt Cap - Benchmark Chemistry"
2047,"OK",63783.5388233926,"Increasing Batt Cap - Benchmark Chemistry"
2047,"ON",369501.516306706,"Increasing Batt Cap - Benchmark Chemistry"
2047,"OR",100840.008859055,"Increasing Batt Cap - Benchmark Chemistry"
2047,"PA",174802.656864333,"Increasing Batt Cap - Benchmark Chemistry"
2047,"PE",4251.14837478606,"Increasing Batt Cap - Benchmark Chemistry"
2047,"QC",206168.72173729,"Increasing Batt Cap - Benchmark Chemistry"
2047,"RI",24554.9949716299,"Increasing Batt Cap - Benchmark Chemistry"
2047,"SC",85527.2082406656,"Increasing Batt Cap - Benchmark Chemistry"
2047,"SD",14311.1246127229,"Increasing Batt Cap - Benchmark Chemistry"
2047,"SK",32490.0540662161,"Increasing Batt Cap - Benchmark Chemistry"
2047,"TN",110257.801799129,"Increasing Batt Cap - Benchmark Chemistry"
2047,"TX",523697.085085413,"Increasing Batt Cap - Benchmark Chemistry"
2047,"UT",60921.4065757514,"Increasing Batt Cap - Benchmark Chemistry"
2047,"VA",147129.82711776,"Increasing Batt Cap - Benchmark Chemistry"
2047,"VT",15957.6198630177,"Increasing Batt Cap - Benchmark Chemistry"
2047,"WA",210893.53007639,"Increasing Batt Cap - Benchmark Chemistry"
2047,"WI",85779.2212340359,"Increasing Batt Cap - Benchmark Chemistry"
2047,"WV",22255.2494401625,"Increasing Batt Cap - Benchmark Chemistry"
2047,"WY",8562.62943670085,"Increasing Batt Cap - Benchmark Chemistry"
2047,"YT",1334.21350078033,"Increasing Batt Cap - Benchmark Chemistry"
2048,"AB",156522.552022273,"Increasing Batt Cap - Benchmark Chemistry"
2048,"AK",11249.2427783155,"Increasing Batt Cap - Benchmark Chemistry"
2048,"AL",82068.9817350664,"Increasing Batt Cap - Benchmark Chemistry"
2048,"AR",45893.2779215873,"Increasing Batt Cap - Benchmark Chemistry"
2048,"AZ",135976.683394298,"Increasing Batt Cap - Benchmark Chemistry"
2048,"BC",149206.677688657,"Increasing Batt Cap - Benchmark Chemistry"
2048,"CA",1087714.99142333,"Increasing Batt Cap - Benchmark Chemistry"
2048,"CO",167329.503025385,"Increasing Batt Cap - Benchmark Chemistry"
2048,"CT",55518.0486758223,"Increasing Batt Cap - Benchmark Chemistry"
2048,"DC",14012.6634700261,"Increasing Batt Cap - Benchmark Chemistry"
2048,"DE",19573.8835927569,"Increasing Batt Cap - Benchmark Chemistry"
2048,"FL",420528.752302427,"Increasing Batt Cap - Benchmark Chemistry"
2048,"GA",192853.878166174,"Increasing Batt Cap - Benchmark Chemistry"
2048,"HI",25559.5959489299,"Increasing Batt Cap - Benchmark Chemistry"
2048,"IA",52528.8201021711,"Increasing Batt Cap - Benchmark Chemistry"
2048,"ID",40064.3885033538,"Increasing Batt Cap - Benchmark Chemistry"
2048,"IL",190313.21665643,"Increasing Batt Cap - Benchmark Chemistry"
2048,"IN",109193.830165932,"Increasing Batt Cap - Benchmark Chemistry"
2048,"KS",45856.4982840389,"Increasing Batt Cap - Benchmark Chemistry"
2048,"KY",69866.5960962392,"Increasing Batt Cap - Benchmark Chemistry"
2048,"LA",68597.0205613061,"Increasing Batt Cap - Benchmark Chemistry"
2048,"MA",183854.861867784,"Increasing Batt Cap - Benchmark Chemistry"
2048,"MB",37334.8519408115,"Increasing Batt Cap - Benchmark Chemistry"
2048,"MD",156964.865312369,"Increasing Batt Cap - Benchmark Chemistry"
2048,"ME",22941.6219016476,"Increasing Batt Cap - Benchmark Chemistry"
2048,"MI",152227.988183431,"Increasing Batt Cap - Benchmark Chemistry"
2048,"MN",100219.977869948,"Increasing Batt Cap - Benchmark Chemistry"
2048,"MO",97374.04650336,"Increasing Batt Cap - Benchmark Chemistry"
2048,"MS",44265.7385983766,"Increasing Batt Cap - Benchmark Chemistry"
2048,"MT",17568.4160168355,"Increasing Batt Cap - Benchmark Chemistry"
2048,"MX",494343.768353674,"Increasing Batt Cap - Benchmark Chemistry"
2048,"NB",23421.5766231088,"Increasing Batt Cap - Benchmark Chemistry"
2048,"NC",178859.247926262,"Increasing Batt Cap - Benchmark Chemistry"
2048,"ND",15665.4406338633,"Increasing Batt Cap - Benchmark Chemistry"
2048,"NE",33813.8798161687,"Increasing Batt Cap - Benchmark Chemistry"
2048,"NH",25208.0162680886,"Increasing Batt Cap - Benchmark Chemistry"
2048,"NJ",232139.044571139,"Increasing Batt Cap - Benchmark Chemistry"
2048,"NL",13697.4775783486,"Increasing Batt Cap - Benchmark Chemistry"
2048,"NM",45684.3464979348,"Increasing Batt Cap - Benchmark Chemistry"
2048,"NS",26713.4929072361,"Increasing Batt Cap - Benchmark Chemistry"
2048,"NT",994.702212577907,"Increasing Batt Cap - Benchmark Chemistry"
2048,"NU",320.936562677812,"Increasing Batt Cap - Benchmark Chemistry"
2048,"NV",59576.9176580537,"Increasing Batt Cap - Benchmark Chemistry"
2048,"NY",398106.607250374,"Increasing Batt Cap - Benchmark Chemistry"
2048,"OH",185269.15864942,"Increasing Batt Cap - Benchmark Chemistry"
2048,"OK",71842.7155649619,"Increasing Batt Cap - Benchmark Chemistry"
2048,"ON",411208.306222843,"Increasing Batt Cap - Benchmark Chemistry"
2048,"OR",110657.600995929,"Increasing Batt Cap - Benchmark Chemistry"
2048,"PA",192829.127428687,"Increasing Batt Cap - Benchmark Chemistry"
2048,"PE",4716.92838539776,"Increasing Batt Cap - Benchmark Chemistry"
2048,"QC",229055.420265269,"Increasing Batt Cap - Benchmark Chemistry"
2048,"RI",27031.057500902,"Increasing Batt Cap - Benchmark Chemistry"
2048,"SC",95493.8449600753,"Increasing Batt Cap - Benchmark Chemistry"
2048,"SD",16011.5411537316,"Increasing Batt Cap - Benchmark Chemistry"
2048,"SK",36317.6862922546,"Increasing Batt Cap - Benchmark Chemistry"
2048,"TN",123032.216431545,"Increasing Batt Cap - Benchmark Chemistry"
2048,"TX",587749.375022962,"Increasing Batt Cap - Benchmark Chemistry"
2048,"UT",68448.5870311539,"Increasing Batt Cap - Benchmark Chemistry"
2048,"VA",164482.004162839,"Increasing Batt Cap - Benchmark Chemistry"
2048,"VT",17673.6421134895,"Increasing Batt Cap - Benchmark Chemistry"
2048,"WA",232816.438309363,"Increasing Batt Cap - Benchmark Chemistry"
2048,"WI",95682.0377872634,"Increasing Batt Cap - Benchmark Chemistry"
2048,"WV",24646.1079898975,"Increasing Batt Cap - Benchmark Chemistry"
2048,"WY",9487.57059376468,"Increasing Batt Cap - Benchmark Chemistry"
2048,"YT",1477.88994052867,"Increasing Batt Cap - Benchmark Chemistry"
2049,"AB",171730.832003934,"Increasing Batt Cap - Benchmark Chemistry"
2049,"AK",12345.1814367209,"Increasing Batt Cap - Benchmark Chemistry"
2049,"AL",89963.5164300683,"Increasing Batt Cap - Benchmark Chemistry"
2049,"AR",50275.0483294979,"Increasing Batt Cap - Benchmark Chemistry"
2049,"AZ",149938.796221348,"Increasing Batt Cap - Benchmark Chemistry"
2049,"BC",164099.89360738,"Increasing Batt Cap - Benchmark Chemistry"
2049,"CA",1181175.12397778,"Increasing Batt Cap - Benchmark Chemistry"
2049,"CO",179054.003433423,"Increasing Batt Cap - Benchmark Chemistry"
2049,"CT",60898.4247162627,"Increasing Batt Cap - Benchmark Chemistry"
2049,"DC",15250.5862199539,"Increasing Batt Cap - Benchmark Chemistry"
2049,"DE",21575.5149726593,"Increasing Batt Cap - Benchmark Chemistry"
2049,"FL",465418.551963892,"Increasing Batt Cap - Benchmark Chemistry"
2049,"GA",212218.407725299,"Increasing Batt Cap - Benchmark Chemistry"
2049,"HI",28172.104123049,"Increasing Batt Cap - Benchmark Chemistry"
2049,"IA",57661.7743682068,"Increasing Batt Cap - Benchmark Chemistry"
2049,"ID",44365.3751254046,"Increasing Batt Cap - Benchmark Chemistry"
2049,"IL",208598.483730833,"Increasing Batt Cap - Benchmark Chemistry"
2049,"IN",119702.851457559,"Increasing Batt Cap - Benchmark Chemistry"
2049,"KS",50075.7124157596,"Increasing Batt Cap - Benchmark Chemistry"
2049,"KY",76436.3149600676,"Increasing Batt Cap - Benchmark Chemistry"
2049,"LA",75174.9486006683,"Increasing Batt Cap - Benchmark Chemistry"
2049,"MA",200828.785450549,"Increasing Batt Cap - Benchmark Chemistry"
2049,"MB",40931.6209163444,"Increasing Batt Cap - Benchmark Chemistry"
2049,"MD",170370.176786531,"Increasing Batt Cap - Benchmark Chemistry"
2049,"ME",25212.5139117297,"Increasing Batt Cap - Benchmark Chemistry"
2049,"MI",167469.454881248,"Increasing Batt Cap - Benchmark Chemistry"
2049,"MN",110337.599462868,"Increasing Batt Cap - Benchmark Chemistry"
2049,"MO",106963.803831163,"Increasing Batt Cap - Benchmark Chemistry"
2049,"MS",48230.519845813,"Increasing Batt Cap - Benchmark Chemistry"
2049,"MT",19313.4122782443,"Increasing Batt Cap - Benchmark Chemistry"
2049,"MX",572411.036480845,"Increasing Batt Cap - Benchmark Chemistry"
2049,"NB",25516.4187125534,"Increasing Batt Cap - Benchmark Chemistry"
2049,"NC",196811.707674435,"Increasing Batt Cap - Benchmark Chemistry"
2049,"ND",17335.1642759015,"Increasing Batt Cap - Benchmark Chemistry"
2049,"NE",37174.9799379685,"Increasing Batt Cap - Benchmark Chemistry"
2049,"NH",27739.5535472132,"Increasing Batt Cap - Benchmark Chemistry"
2049,"NJ",252392.572867013,"Increasing Batt Cap - Benchmark Chemistry"
2049,"NL",14955.0809900218,"Increasing Batt Cap - Benchmark Chemistry"
2049,"NM",48349.4027432213,"Increasing Batt Cap - Benchmark Chemistry"
2049,"NS",29036.7123248144,"Increasing Batt Cap - Benchmark Chemistry"
2049,"NT",1086.47136294782,"Increasing Batt Cap - Benchmark Chemistry"
2049,"NU",346.682615379024,"Increasing Batt Cap - Benchmark Chemistry"
2049,"NV",65814.2245976733,"Increasing Batt Cap - Benchmark Chemistry"
2049,"NY",433163.309399029,"Increasing Batt Cap - Benchmark Chemistry"
2049,"OH",202747.001587341,"Increasing Batt Cap - Benchmark Chemistry"
2049,"OK",79696.8065256452,"Increasing Batt Cap - Benchmark Chemistry"
2049,"ON",450159.258743492,"Increasing Batt Cap - Benchmark Chemistry"
2049,"OR",119951.958117351,"Increasing Batt Cap - Benchmark Chemistry"
2049,"PA",210146.891742532,"Increasing Batt Cap - Benchmark Chemistry"
2049,"PE",5131.692347804,"Increasing Batt Cap - Benchmark Chemistry"
2049,"QC",250580.933830248,"Increasing Batt Cap - Benchmark Chemistry"
2049,"RI",29304.9493064287,"Increasing Batt Cap - Benchmark Chemistry"
2049,"SC",105181.694707579,"Increasing Batt Cap - Benchmark Chemistry"
2049,"SD",17610.3166455819,"Increasing Batt Cap - Benchmark Chemistry"
2049,"SK",39906.8142387865,"Increasing Batt Cap - Benchmark Chemistry"
2049,"TN",135344.104610908,"Increasing Batt Cap - Benchmark Chemistry"
2049,"TX",649521.160612349,"Increasing Batt Cap - Benchmark Chemistry"
2049,"UT",75766.2669182869,"Increasing Batt Cap - Benchmark Chemistry"
2049,"VA",181247.698897987,"Increasing Batt Cap - Benchmark Chemistry"
2049,"VT",19271.4034253936,"Increasing Batt Cap - Benchmark Chemistry"
2049,"WA",253356.362882569,"Increasing Batt Cap - Benchmark Chemistry"
2049,"WI",105202.189601352,"Increasing Batt Cap - Benchmark Chemistry"
2049,"WV",26910.3060294771,"Increasing Batt Cap - Benchmark Chemistry"
2049,"WY",10389.1804139654,"Increasing Batt Cap - Benchmark Chemistry"
2049,"YT",1620.55228869229,"Increasing Batt Cap - Benchmark Chemistry"
2050,"AB",185769.79464548,"Increasing Batt Cap - Benchmark Chemistry"
2050,"AK",13370.8448944402,"Increasing Batt Cap - Benchmark Chemistry"
2050,"AL",97361.8470143521,"Increasing Batt Cap - Benchmark Chemistry"
2050,"AR",54364.3938854262,"Increasing Batt Cap - Benchmark Chemistry"
2050,"AZ",163130.034260039,"Increasing Batt Cap - Benchmark Chemistry"
2050,"BC",177830.034916722,"Increasing Batt Cap - Benchmark Chemistry"
2050,"CA",1265312.25988648,"Increasing Batt Cap - Benchmark Chemistry"
2050,"CO",189558.279580885,"Increasing Batt Cap - Benchmark Chemistry"
2050,"CT",65860.8734707914,"Increasing Batt Cap - Benchmark Chemistry"
2050,"DC",16387.0427163439,"Increasing Batt Cap - Benchmark Chemistry"
2050,"DE",23455.2958263864,"Increasing Batt Cap - Benchmark Chemistry"
2050,"FL",507616.04638997,"Increasing Batt Cap - Benchmark Chemistry"
2050,"GA",230385.957970363,"Increasing Batt Cap - Benchmark Chemistry"
2050,"HI",30625.7861990788,"Increasing Batt Cap - Benchmark Chemistry"
2050,"IA",62394.5556032426,"Increasing Batt Cap - Benchmark Chemistry"
2050,"ID",48452.7554445713,"Increasing Batt Cap - Benchmark Chemistry"
2050,"IL",225386.053392759,"Increasing Batt Cap - Benchmark Chemistry"
2050,"IN",129490.528582422,"Increasing Batt Cap - Benchmark Chemistry"
2050,"KS",54012.1845177949,"Increasing Batt Cap - Benchmark Chemistry"
2050,"KY",82587.4358308168,"Increasing Batt Cap - Benchmark Chemistry"
2050,"LA",81264.8496111485,"Increasing Batt Cap - Benchmark Chemistry"
2050,"MA",216055.61781249,"Increasing Batt Cap - Benchmark Chemistry"
2050,"MB",44190.5209107241,"Increasing Batt Cap - Benchmark Chemistry"
2050,"MD",182356.229994406,"Increasing Batt Cap - Benchmark Chemistry"
2050,"ME",27256.332230496,"Increasing Batt Cap - Benchmark Chemistry"
2050,"MI",181761.394900419,"Increasing Batt Cap - Benchmark Chemistry"
2050,"MN",119820.63550964,"Increasing Batt Cap - Benchmark Chemistry"
2050,"MO",115851.498182514,"Increasing Batt Cap - Benchmark Chemistry"
2050,"MS",51854.1752030652,"Increasing Batt Cap - Benchmark Chemistry"
2050,"MT",20975.4094249697,"Increasing Batt Cap - Benchmark Chemistry"
2050,"MX",654099.500848064,"Increasing Batt Cap - Benchmark Chemistry"
2050,"NB",27402.7710921777,"Increasing Batt Cap - Benchmark Chemistry"
2050,"NC",213756.95225142,"Increasing Batt Cap - Benchmark Chemistry"
2050,"ND",18911.065606144,"Increasing Batt Cap - Benchmark Chemistry"
2050,"NE",40341.9009337393,"Increasing Batt Cap - Benchmark Chemistry"
2050,"NH",30074.6856890148,"Increasing Batt Cap - Benchmark Chemistry"
2050,"NJ",270500.611513913,"Increasing Batt Cap - Benchmark Chemistry"
2050,"NL",16092.5903158002,"Increasing Batt Cap - Benchmark Chemistry"
2050,"NM",50690.5783884834,"Increasing Batt Cap - Benchmark Chemistry"
2050,"NS",31185.5697831291,"Increasing Batt Cap - Benchmark Chemistry"
2050,"NT",1174.38633547711,"Increasing Batt Cap - Benchmark Chemistry"
2050,"NU",366.753952268463,"Increasing Batt Cap - Benchmark Chemistry"
2050,"NV",71712.3773758659,"Increasing Batt Cap - Benchmark Chemistry"
2050,"NY",464572.717606908,"Increasing Batt Cap - Benchmark Chemistry"
2050,"OH",218943.37638172,"Increasing Batt Cap - Benchmark Chemistry"
2050,"OK",87113.1806631506,"Increasing Batt Cap - Benchmark Chemistry"
2050,"ON",485723.576521294,"Increasing Batt Cap - Benchmark Chemistry"
2050,"OR",128563.126317537,"Increasing Batt Cap - Benchmark Chemistry"
2050,"PA",226223.476006036,"Increasing Batt Cap - Benchmark Chemistry"
2050,"PE",5528.87086494149,"Increasing Batt Cap - Benchmark Chemistry"
2050,"QC",270269.964174438,"Increasing Batt Cap - Benchmark Chemistry"
2050,"RI",31374.1578954236,"Increasing Batt Cap - Benchmark Chemistry"
2050,"SC",114203.789563349,"Increasing Batt Cap - Benchmark Chemistry"
2050,"SD",19138.8793579586,"Increasing Batt Cap - Benchmark Chemistry"
2050,"SK",43161.9093075016,"Increasing Batt Cap - Benchmark Chemistry"
2050,"TN",146859.260198404,"Increasing Batt Cap - Benchmark Chemistry"
2050,"TX",707236.024699599,"Increasing Batt Cap - Benchmark Chemistry"
2050,"UT",82687.1907758485,"Increasing Batt Cap - Benchmark Chemistry"
2050,"VA",196949.663557546,"Increasing Batt Cap - Benchmark Chemistry"
2050,"VT",20677.3637397271,"Increasing Batt Cap - Benchmark Chemistry"
2050,"WA",272136.374141042,"Increasing Batt Cap - Benchmark Chemistry"
2050,"WI",114039.775856155,"Increasing Batt Cap - Benchmark Chemistry"
2050,"WV",28985.1476761005,"Increasing Batt Cap - Benchmark Chemistry"
2050,"WY",11229.5072824022,"Increasing Batt Cap - Benchmark Chemistry"
2050,"YT",1751.34254272521,"Increasing Batt Cap - Benchmark Chemistry"
2025,"AB",21.9542356197785,"Increasing Batt Cap - High LFP Chemistry"
2025,"AK",5.44705106384826,"Increasing Batt Cap - High LFP Chemistry"
2025,"AL",17.8073838765155,"Increasing Batt Cap - High LFP Chemistry"
2025,"AR",10.8871466371202,"Increasing Batt Cap - High LFP Chemistry"
2025,"AZ",89.0628055884012,"Increasing Batt Cap - High LFP Chemistry"
2025,"BC",115.961851810543,"Increasing Batt Cap - High LFP Chemistry"
2025,"CA",1457.52300336714,"Increasing Batt Cap - High LFP Chemistry"
2025,"CO",90.5784139614489,"Increasing Batt Cap - High LFP Chemistry"
2025,"CT",37.5670498627087,"Increasing Batt Cap - High LFP Chemistry"
2025,"DC",15.4496416048392,"Increasing Batt Cap - High LFP Chemistry"
2025,"DE",11.8314031604296,"Increasing Batt Cap - High LFP Chemistry"
2025,"FL",212.035401978471,"Increasing Batt Cap - High LFP Chemistry"
2025,"GA",153.139176305613,"Increasing Batt Cap - High LFP Chemistry"
2025,"HI",48.627297299482,"Increasing Batt Cap - High LFP Chemistry"
2025,"IA",16.1021189891511,"Increasing Batt Cap - High LFP Chemistry"
2025,"ID",14.8457504145312,"Increasing Batt Cap - High LFP Chemistry"
2025,"IL",98.5385940355276,"Increasing Batt Cap - High LFP Chemistry"
2025,"IN",28.9739374901066,"Increasing Batt Cap - High LFP Chemistry"
2025,"KS",17.8433817043352,"Increasing Batt Cap - High LFP Chemistry"
2025,"KY",17.0489039196422,"Increasing Batt Cap - High LFP Chemistry"
2025,"LA",13.1333395868524,"Increasing Batt Cap - High LFP Chemistry"
2025,"MA",71.7239475093378,"Increasing Batt Cap - High LFP Chemistry"
2025,"MB",6.27868510496921,"Increasing Batt Cap - High LFP Chemistry"
2025,"MD",63.8867212383757,"Increasing Batt Cap - High LFP Chemistry"
2025,"ME",12.8929506989309,"Increasing Batt Cap - High LFP Chemistry"
2025,"MI",48.8397765045464,"Increasing Batt Cap - High LFP Chemistry"
2025,"MN",37.7371035184045,"Increasing Batt Cap - High LFP Chemistry"
2025,"MO",30.082966679011,"Increasing Batt Cap - High LFP Chemistry"
2025,"MS",3.39738629882595,"Increasing Batt Cap - High LFP Chemistry"
2025,"MT",6.53217420222173,"Increasing Batt Cap - High LFP Chemistry"
2025,"MX",13.2291371168989,"Increasing Batt Cap - High LFP Chemistry"
2025,"NB",0.325640010475007,"Increasing Batt Cap - High LFP Chemistry"
2025,"NC",58.9116879808441,"Increasing Batt Cap - High LFP Chemistry"
2025,"ND",0.121364519760008,"Increasing Batt Cap - High LFP Chemistry"
2025,"NE",11.7717625955015,"Increasing Batt Cap - High LFP Chemistry"
2025,"NH",16.3554531092637,"Increasing Batt Cap - High LFP Chemistry"
2025,"NJ",100.188760363922,"Increasing Batt Cap - High LFP Chemistry"
2025,"NL",0,"Increasing Batt Cap - High LFP Chemistry"
2025,"NM",16.8908707450241,"Increasing Batt Cap - High LFP Chemistry"
2025,"NS",2.05491728194336,"Increasing Batt Cap - High LFP Chemistry"
2025,"NT",0,"Increasing Batt Cap - High LFP Chemistry"
2025,"NU",0,"Increasing Batt Cap - High LFP Chemistry"
2025,"NV",41.303471544355,"Increasing Batt Cap - High LFP Chemistry"
2025,"NY",123.916071716775,"Increasing Batt Cap - High LFP Chemistry"
2025,"OH",49.9692653539735,"Increasing Batt Cap - High LFP Chemistry"
2025,"OK",23.9868781467304,"Increasing Batt Cap - High LFP Chemistry"
2025,"ON",127.081705003581,"Increasing Batt Cap - High LFP Chemistry"
2025,"OR",95.3529613854793,"Increasing Batt Cap - High LFP Chemistry"
2025,"PA",64.5959810452858,"Increasing Batt Cap - High LFP Chemistry"
2025,"PE",0,"Increasing Batt Cap - High LFP Chemistry"
2025,"QC",167.175530625409,"Increasing Batt Cap - High LFP Chemistry"
2025,"RI",11.3623848108726,"Increasing Batt Cap - High LFP Chemistry"
2025,"SC",23.4175391920478,"Increasing Batt Cap - High LFP Chemistry"
2025,"SD",1.22197174173845,"Increasing Batt Cap - High LFP Chemistry"
2025,"SK",0.19731426425662,"Increasing Batt Cap - High LFP Chemistry"
2025,"TN",35.1475543980489,"Increasing Batt Cap - High LFP Chemistry"
2025,"TX",201.395035121014,"Increasing Batt Cap - High LFP Chemistry"
2025,"UT",42.3989527232993,"Increasing Batt Cap - High LFP Chemistry"
2025,"VA",69.3886190003722,"Increasing Batt Cap - High LFP Chemistry"
2025,"VT",14.4731880297108,"Increasing Batt Cap - High LFP Chemistry"
2025,"WA",198.858235871842,"Increasing Batt Cap - High LFP Chemistry"
2025,"WI",34.345058368944,"Increasing Batt Cap - High LFP Chemistry"
2025,"WV",3.42867429426353,"Increasing Batt Cap - High LFP Chemistry"
2025,"WY",0.89633173126344,"Increasing Batt Cap - High LFP Chemistry"
2025,"YT",0,"Increasing Batt Cap - High LFP Chemistry"
2026,"AB",49.1419299056903,"Increasing Batt Cap - High LFP Chemistry"
2026,"AK",14.253425864706,"Increasing Batt Cap - High LFP Chemistry"
2026,"AL",58.4681548817545,"Increasing Batt Cap - High LFP Chemistry"
2026,"AR",34.007478356419,"Increasing Batt Cap - High LFP Chemistry"
2026,"AZ",190.13533283203,"Increasing Batt Cap - High LFP Chemistry"
2026,"BC",194.868756355185,"Increasing Batt Cap - High LFP Chemistry"
2026,"CA",2607.32660144136,"Increasing Batt Cap - High LFP Chemistry"
2026,"CO",190.324879897106,"Increasing Batt Cap - High LFP Chemistry"
2026,"CT",78.9922558998951,"Increasing Batt Cap - High LFP Chemistry"
2026,"DC",25.6558900448942,"Increasing Batt Cap - High LFP Chemistry"
2026,"DE",25.4215752700968,"Increasing Batt Cap - High LFP Chemistry"
2026,"FL",486.81066863424,"Increasing Batt Cap - High LFP Chemistry"
2026,"GA",311.509204075057,"Increasing Batt Cap - High LFP Chemistry"
2026,"HI",83.6676335633579,"Increasing Batt Cap - High LFP Chemistry"
2026,"IA",42.368442376815,"Increasing Batt Cap - High LFP Chemistry"
2026,"ID",33.9817924019817,"Increasing Batt Cap - High LFP Chemistry"
2026,"IL",236.597749845111,"Increasing Batt Cap - High LFP Chemistry"
2026,"IN",88.8606002446851,"Increasing Batt Cap - High LFP Chemistry"
2026,"KS",44.4870857866939,"Increasing Batt Cap - High LFP Chemistry"
2026,"KY",56.4509765076023,"Increasing Batt Cap - High LFP Chemistry"
2026,"LA",51.4480502546323,"Increasing Batt Cap - High LFP Chemistry"
2026,"MA",163.571588673791,"Increasing Batt Cap - High LFP Chemistry"
2026,"MB",13.3997031777913,"Increasing Batt Cap - High LFP Chemistry"
2026,"MD",146.702984005614,"Increasing Batt Cap - High LFP Chemistry"
2026,"ME",27.9713677618642,"Increasing Batt Cap - High LFP Chemistry"
2026,"MI",137.775534670201,"Increasing Batt Cap - High LFP Chemistry"
2026,"MN",91.465475292686,"Increasing Batt Cap - High LFP Chemistry"
2026,"MO",83.7966671373102,"Increasing Batt Cap - High LFP Chemistry"
2026,"MS",29.2997825259215,"Increasing Batt Cap - High LFP Chemistry"
2026,"MT",18.8385489730187,"Increasing Batt Cap - High LFP Chemistry"
2026,"MX",48.5165213690244,"Increasing Batt Cap - High LFP Chemistry"
2026,"NB",6.04782239745041,"Increasing Batt Cap - High LFP Chemistry"
2026,"NC",162.310365160734,"Increasing Batt Cap - High LFP Chemistry"
2026,"ND",6.9813536670855,"Increasing Batt Cap - High LFP Chemistry"
2026,"NE",31.1600802272896,"Increasing Batt Cap - High LFP Chemistry"
2026,"NH",31.0987749282133,"Increasing Batt Cap - High LFP Chemistry"
2026,"NJ",229.360413967593,"Increasing Batt Cap - High LFP Chemistry"
2026,"NL",3.00715978229883,"Increasing Batt Cap - High LFP Chemistry"
2026,"NM",37.8900790110357,"Increasing Batt Cap - High LFP Chemistry"
2026,"NS",11.0008616136415,"Increasing Batt Cap - High LFP Chemistry"
2026,"NT",0,"Increasing Batt Cap - High LFP Chemistry"
2026,"NU",0,"Increasing Batt Cap - High LFP Chemistry"
2026,"NV",83.2560063464985,"Increasing Batt Cap - High LFP Chemistry"
2026,"NY",344.66623053331,"Increasing Batt Cap - High LFP Chemistry"
2026,"OH",159.547006824726,"Increasing Batt Cap - High LFP Chemistry"
2026,"OK",62.474797792037,"Increasing Batt Cap - High LFP Chemistry"
2026,"ON",253.583779504832,"Increasing Batt Cap - High LFP Chemistry"
2026,"OR",184.458866894799,"Increasing Batt Cap - High LFP Chemistry"
2026,"PA",189.684125053333,"Increasing Batt Cap - High LFP Chemistry"
2026,"PE",0,"Increasing Batt Cap - High LFP Chemistry"
2026,"QC",293.223338852843,"Increasing Batt Cap - High LFP Chemistry"
2026,"RI",24.9826226667504,"Increasing Batt Cap - High LFP Chemistry"
2026,"SC",64.0092237106162,"Increasing Batt Cap - High LFP Chemistry"
2026,"SD",10.3051563171832,"Increasing Batt Cap - High LFP Chemistry"
2026,"SK",10.0052490057906,"Increasing Batt Cap - High LFP Chemistry"
2026,"TN",103.032368212927,"Increasing Batt Cap - High LFP Chemistry"
2026,"TX",521.883861943816,"Increasing Batt Cap - High LFP Chemistry"
2026,"UT",88.7576999615784,"Increasing Batt Cap - High LFP Chemistry"
2026,"VA",166.663214255178,"Increasing Batt Cap - High LFP Chemistry"
2026,"VT",25.5923486720601,"Increasing Batt Cap - High LFP Chemistry"
2026,"WA",373.279893958995,"Increasing Batt Cap - High LFP Chemistry"
2026,"WI",91.5799509806236,"Increasing Batt Cap - High LFP Chemistry"
2026,"WV",18.6866739066507,"Increasing Batt Cap - High LFP Chemistry"
2026,"WY",6.0527225452873,"Increasing Batt Cap - High LFP Chemistry"
2026,"YT",0,"Increasing Batt Cap - High LFP Chemistry"
2027,"AB",95.2745581183354,"Increasing Batt Cap - High LFP Chemistry"
2027,"AK",31.3783747843219,"Increasing Batt Cap - High LFP Chemistry"
2027,"AL",142.490926006228,"Increasing Batt Cap - High LFP Chemistry"
2027,"AR",85.4965399290616,"Increasing Batt Cap - High LFP Chemistry"
2027,"AZ",387.600712461284,"Increasing Batt Cap - High LFP Chemistry"
2027,"BC",338.163955690322,"Increasing Batt Cap - High LFP Chemistry"
2027,"CA",4862.61683558256,"Increasing Batt Cap - High LFP Chemistry"
2027,"CO",389.010619155973,"Increasing Batt Cap - High LFP Chemistry"
2027,"CT",164.832083657528,"Increasing Batt Cap - High LFP Chemistry"
2027,"DC",46.9394993386605,"Increasing Batt Cap - High LFP Chemistry"
2027,"DE",44.4382433840141,"Increasing Batt Cap - High LFP Chemistry"
2027,"FL",1032.72064727748,"Increasing Batt Cap - High LFP Chemistry"
2027,"GA",645.610186484361,"Increasing Batt Cap - High LFP Chemistry"
2027,"HI",149.926124718145,"Increasing Batt Cap - High LFP Chemistry"
2027,"IA",100.916405005505,"Increasing Batt Cap - High LFP Chemistry"
2027,"ID",73.504895204879,"Increasing Batt Cap - High LFP Chemistry"
2027,"IL",523.173975954423,"Increasing Batt Cap - High LFP Chemistry"
2027,"IN",213.367493814108,"Increasing Batt Cap - High LFP Chemistry"
2027,"KS",99.8776982201913,"Increasing Batt Cap - High LFP Chemistry"
2027,"KY",123.599596402063,"Increasing Batt Cap - High LFP Chemistry"
2027,"LA",122.056309229821,"Increasing Batt Cap - High LFP Chemistry"
2027,"MA",362.459462343003,"Increasing Batt Cap - High LFP Chemistry"
2027,"MB",33.8303312932513,"Increasing Batt Cap - High LFP Chemistry"
2027,"MD",318.768571477815,"Increasing Batt Cap - High LFP Chemistry"
2027,"ME",54.2855637514226,"Increasing Batt Cap - High LFP Chemistry"
2027,"MI",330.969935812939,"Increasing Batt Cap - High LFP Chemistry"
2027,"MN",210.519348506943,"Increasing Batt Cap - High LFP Chemistry"
2027,"MO",199.532390411047,"Increasing Batt Cap - High LFP Chemistry"
2027,"MS",79.2705348587526,"Increasing Batt Cap - High LFP Chemistry"
2027,"MT",39.8874313704497,"Increasing Batt Cap - High LFP Chemistry"
2027,"MX",152.403505130907,"Increasing Batt Cap - High LFP Chemistry"
2027,"NB",16.31128204248,"Increasing Batt Cap - High LFP Chemistry"
2027,"NC",386.263795967356,"Increasing Batt Cap - High LFP Chemistry"
2027,"ND",21.711670596228,"Increasing Batt Cap - High LFP Chemistry"
2027,"NE",69.3617059588057,"Increasing Batt Cap - High LFP Chemistry"
2027,"NH",58.9468761790543,"Increasing Batt Cap - High LFP Chemistry"
2027,"NJ",486.574418906673,"Increasing Batt Cap - High LFP Chemistry"
2027,"NL",6.82037174796124,"Increasing Batt Cap - High LFP Chemistry"
2027,"NM",82.6621289397047,"Increasing Batt Cap - High LFP Chemistry"
2027,"NS",22.5781026585267,"Increasing Batt Cap - High LFP Chemistry"
2027,"NT",0,"Increasing Batt Cap - High LFP Chemistry"
2027,"NU",0,"Increasing Batt Cap - High LFP Chemistry"
2027,"NV",167.978215010942,"Increasing Batt Cap - High LFP Chemistry"
2027,"NY",795.105887309806,"Increasing Batt Cap - High LFP Chemistry"
2027,"OH",387.246169355011,"Increasing Batt Cap - High LFP Chemistry"
2027,"OK",130.294449210906,"Increasing Batt Cap - High LFP Chemistry"
2027,"ON",474.251153937958,"Increasing Batt Cap - High LFP Chemistry"
2027,"OR",364.974575330489,"Increasing Batt Cap - High LFP Chemistry"
2027,"PA",453.369414827837,"Increasing Batt Cap - High LFP Chemistry"
2027,"PE",1.44331893433994,"Increasing Batt Cap - High LFP Chemistry"
2027,"QC",514.288310222607,"Increasing Batt Cap - High LFP Chemistry"
2027,"RI",47.3237530745727,"Increasing Batt Cap - High LFP Chemistry"
2027,"SC",158.843770786932,"Increasing Batt Cap - High LFP Chemistry"
2027,"SD",27.5899453047363,"Increasing Batt Cap - High LFP Chemistry"
2027,"SK",26.2238847969335,"Increasing Batt Cap - High LFP Chemistry"
2027,"TN",240.689068744507,"Increasing Batt Cap - High LFP Chemistry"
2027,"TX",1180.70891329609,"Increasing Batt Cap - High LFP Chemistry"
2027,"UT",177.288863803041,"Increasing Batt Cap - High LFP Chemistry"
2027,"VA",369.39677317444,"Increasing Batt Cap - High LFP Chemistry"
2027,"VT",41.2398414734592,"Increasing Batt Cap - High LFP Chemistry"
2027,"WA",731.307634782249,"Increasing Batt Cap - High LFP Chemistry"
2027,"WI",208.840283404743,"Increasing Batt Cap - High LFP Chemistry"
2027,"WV",49.7197074372451,"Increasing Batt Cap - High LFP Chemistry"
2027,"WY",16.8317973883182,"Increasing Batt Cap - High LFP Chemistry"
2027,"YT",0,"Increasing Batt Cap - High LFP Chemistry"
2028,"AB",185.788579933344,"Increasing Batt Cap - High LFP Chemistry"
2028,"AK",51.3005246646344,"Increasing Batt Cap - High LFP Chemistry"
2028,"AL",277.288161346744,"Increasing Batt Cap - High LFP Chemistry"
2028,"AR",163.788292861401,"Increasing Batt Cap - High LFP Chemistry"
2028,"AZ",711.554643467901,"Increasing Batt Cap - High LFP Chemistry"
2028,"BC",568.713461046905,"Increasing Batt Cap - High LFP Chemistry"
2028,"CA",8197.54003889332,"Increasing Batt Cap - High LFP Chemistry"
2028,"CO",696.501823932285,"Increasing Batt Cap - High LFP Chemistry"
2028,"CT",305.383475652003,"Increasing Batt Cap - High LFP Chemistry"
2028,"DC",74.2910670928272,"Increasing Batt Cap - High LFP Chemistry"
2028,"DE",79.1665854959937,"Increasing Batt Cap - High LFP Chemistry"
2028,"FL",1898.55096904718,"Increasing Batt Cap - High LFP Chemistry"
2028,"GA",1159.99568773007,"Increasing Batt Cap - High LFP Chemistry"
2028,"HI",262.189504596058,"Increasing Batt Cap - High LFP Chemistry"
2028,"IA",190.446709013698,"Increasing Batt Cap - High LFP Chemistry"
2028,"ID",132.701352939049,"Increasing Batt Cap - High LFP Chemistry"
2028,"IL",975.951934536973,"Increasing Batt Cap - High LFP Chemistry"
2028,"IN",415.288400473652,"Increasing Batt Cap - High LFP Chemistry"
2028,"KS",184.617796626019,"Increasing Batt Cap - High LFP Chemistry"
2028,"KY",248.766870434714,"Increasing Batt Cap - High LFP Chemistry"
2028,"LA",240.455972607369,"Increasing Batt Cap - High LFP Chemistry"
2028,"MA",662.852908516664,"Increasing Batt Cap - High LFP Chemistry"
2028,"MB",48.7566799472058,"Increasing Batt Cap - High LFP Chemistry"
2028,"MD",584.201619996918,"Increasing Batt Cap - High LFP Chemistry"
2028,"ME",101.042161078179,"Increasing Batt Cap - High LFP Chemistry"
2028,"MI",645.164619643478,"Increasing Batt Cap - High LFP Chemistry"
2028,"MN",401.71342685535,"Increasing Batt Cap - High LFP Chemistry"
2028,"MO",379.533691524784,"Increasing Batt Cap - High LFP Chemistry"
2028,"MS",150.780619865031,"Increasing Batt Cap - High LFP Chemistry"
2028,"MT",72.2385535833237,"Increasing Batt Cap - High LFP Chemistry"
2028,"MX",338.172313529841,"Increasing Batt Cap - High LFP Chemistry"
2028,"NB",38.9286840295607,"Increasing Batt Cap - High LFP Chemistry"
2028,"NC",733.680070816354,"Increasing Batt Cap - High LFP Chemistry"
2028,"ND",45.7746006202227,"Increasing Batt Cap - High LFP Chemistry"
2028,"NE",124.602683045401,"Increasing Batt Cap - High LFP Chemistry"
2028,"NH",111.577304194553,"Increasing Batt Cap - High LFP Chemistry"
2028,"NJ",899.8541942325,"Increasing Batt Cap - High LFP Chemistry"
2028,"NL",18.6991059448872,"Increasing Batt Cap - High LFP Chemistry"
2028,"NM",150.874700593994,"Increasing Batt Cap - High LFP Chemistry"
2028,"NS",43.8233183517399,"Increasing Batt Cap - High LFP Chemistry"
2028,"NT",0,"Increasing Batt Cap - High LFP Chemistry"
2028,"NU",0,"Increasing Batt Cap - High LFP Chemistry"
2028,"NV",306.591608331332,"Increasing Batt Cap - High LFP Chemistry"
2028,"NY",1501.44029670241,"Increasing Batt Cap - High LFP Chemistry"
2028,"OH",757.665514052051,"Increasing Batt Cap - High LFP Chemistry"
2028,"OK",257.022355475208,"Increasing Batt Cap - High LFP Chemistry"
2028,"ON",833.753512215564,"Increasing Batt Cap - High LFP Chemistry"
2028,"OR",634.937968127864,"Increasing Batt Cap - High LFP Chemistry"
2028,"PA",874.938588160503,"Increasing Batt Cap - High LFP Chemistry"
2028,"PE",6.14817862291823,"Increasing Batt Cap - High LFP Chemistry"
2028,"QC",854.673480812466,"Increasing Batt Cap - High LFP Chemistry"
2028,"RI",86.1556584165015,"Increasing Batt Cap - High LFP Chemistry"
2028,"SC",313.236838928679,"Increasing Batt Cap - High LFP Chemistry"
2028,"SD",55.0737908766313,"Increasing Batt Cap - High LFP Chemistry"
2028,"SK",43.3910155389194,"Increasing Batt Cap - High LFP Chemistry"
2028,"TN",464.358136824294,"Increasing Batt Cap - High LFP Chemistry"
2028,"TX",2231.65900070946,"Increasing Batt Cap - High LFP Chemistry"
2028,"UT",328.597345707744,"Increasing Batt Cap - High LFP Chemistry"
2028,"VA",700.511661023952,"Increasing Batt Cap - High LFP Chemistry"
2028,"VT",67.5542356532275,"Increasing Batt Cap - High LFP Chemistry"
2028,"WA",1257.55848467446,"Increasing Batt Cap - High LFP Chemistry"
2028,"WI",399.45486930216,"Increasing Batt Cap - High LFP Chemistry"
2028,"WV",96.4048782101336,"Increasing Batt Cap - High LFP Chemistry"
2028,"WY",37.035628910649,"Increasing Batt Cap - High LFP Chemistry"
2028,"YT",0,"Increasing Batt Cap - High LFP Chemistry"
2029,"AB",339.870685274758,"Increasing Batt Cap - High LFP Chemistry"
2029,"AK",90.269375202806,"Increasing Batt Cap - High LFP Chemistry"
2029,"AL",501.166976257476,"Increasing Batt Cap - High LFP Chemistry"
2029,"AR",284.240040768137,"Increasing Batt Cap - High LFP Chemistry"
2029,"AZ",1194.39139147808,"Increasing Batt Cap - High LFP Chemistry"
2029,"BC",930.714281544236,"Increasing Batt Cap - High LFP Chemistry"
2029,"CA",13122.5463180841,"Increasing Batt Cap - High LFP Chemistry"
2029,"CO",1175.39130618516,"Increasing Batt Cap - High LFP Chemistry"
2029,"CT",521.40362878452,"Increasing Batt Cap - High LFP Chemistry"
2029,"DC",120.239382803003,"Increasing Batt Cap - High LFP Chemistry"
2029,"DE",139.055916563859,"Increasing Batt Cap - High LFP Chemistry"
2029,"FL",3241.77676356047,"Increasing Batt Cap - High LFP Chemistry"
2029,"GA",1925.73891098743,"Increasing Batt Cap - High LFP Chemistry"
2029,"HI",412.044304627677,"Increasing Batt Cap - High LFP Chemistry"
2029,"IA",329.488057860033,"Increasing Batt Cap - High LFP Chemistry"
2029,"ID",219.553850154491,"Increasing Batt Cap - High LFP Chemistry"
2029,"IL",1672.9700871324,"Increasing Batt Cap - High LFP Chemistry"
2029,"IN",742.517491448821,"Increasing Batt Cap - High LFP Chemistry"
2029,"KS",318.160965959344,"Increasing Batt Cap - High LFP Chemistry"
2029,"KY",448.313183840558,"Increasing Batt Cap - High LFP Chemistry"
2029,"LA",433.972852907034,"Increasing Batt Cap - High LFP Chemistry"
2029,"MA",1134.84442641571,"Increasing Batt Cap - High LFP Chemistry"
2029,"MB",88.290102348032,"Increasing Batt Cap - High LFP Chemistry"
2029,"MD",1005.6854859201,"Increasing Batt Cap - High LFP Chemistry"
2029,"ME",167.806391796111,"Increasing Batt Cap - High LFP Chemistry"
2029,"MI",1134.85564558917,"Increasing Batt Cap - High LFP Chemistry"
2029,"MN",711.388190026334,"Increasing Batt Cap - High LFP Chemistry"
2029,"MO",693.773507244541,"Increasing Batt Cap - High LFP Chemistry"
2029,"MS",271.016798246551,"Increasing Batt Cap - High LFP Chemistry"
2029,"MT",127.32626705597,"Increasing Batt Cap - High LFP Chemistry"
2029,"MX",652.164578724823,"Increasing Batt Cap - High LFP Chemistry"
2029,"NB",56.0258591993906,"Increasing Batt Cap - High LFP Chemistry"
2029,"NC",1286.52108933305,"Increasing Batt Cap - High LFP Chemistry"
2029,"ND",80.5347650621065,"Increasing Batt Cap - High LFP Chemistry"
2029,"NE",213.147505694588,"Increasing Batt Cap - High LFP Chemistry"
2029,"NH",178.815173642977,"Increasing Batt Cap - High LFP Chemistry"
2029,"NJ",1533.06124988296,"Increasing Batt Cap - High LFP Chemistry"
2029,"NL",40.6837568767819,"Increasing Batt Cap - High LFP Chemistry"
2029,"NM",265.740354732616,"Increasing Batt Cap - High LFP Chemistry"
2029,"NS",62.6446373485545,"Increasing Batt Cap - High LFP Chemistry"
2029,"NT",0,"Increasing Batt Cap - High LFP Chemistry"
2029,"NU",0,"Increasing Batt Cap - High LFP Chemistry"
2029,"NV",509.045059895898,"Increasing Batt Cap - High LFP Chemistry"
2029,"NY",2617.74148839307,"Increasing Batt Cap - High LFP Chemistry"
2029,"OH",1323.07222326314,"Increasing Batt Cap - High LFP Chemistry"
2029,"OK",444.119872751894,"Increasing Batt Cap - High LFP Chemistry"
2029,"ON",1425.441203362,"Increasing Batt Cap - High LFP Chemistry"
2029,"OR",1038.26245459024,"Increasing Batt Cap - High LFP Chemistry"
2029,"PA",1530.55805793814,"Increasing Batt Cap - High LFP Chemistry"
2029,"PE",10.4697896851768,"Increasing Batt Cap - High LFP Chemistry"
2029,"QC",1410.1877734919,"Increasing Batt Cap - High LFP Chemistry"
2029,"RI",150.084776210786,"Increasing Batt Cap - High LFP Chemistry"
2029,"SC",559.92115028448,"Increasing Batt Cap - High LFP Chemistry"
2029,"SD",101.994487849584,"Increasing Batt Cap - High LFP Chemistry"
2029,"SK",80.3033678983139,"Increasing Batt Cap - High LFP Chemistry"
2029,"TN",823.354574041233,"Increasing Batt Cap - High LFP Chemistry"
2029,"TX",3883.16380034628,"Increasing Batt Cap - High LFP Chemistry"
2029,"UT",543.800548214315,"Increasing Batt Cap - High LFP Chemistry"
2029,"VA",1215.97129944244,"Increasing Batt Cap - High LFP Chemistry"
2029,"VT",114.493619089253,"Increasing Batt Cap - High LFP Chemistry"
2029,"WA",2062.64467055067,"Increasing Batt Cap - High LFP Chemistry"
2029,"WI",701.531193194525,"Increasing Batt Cap - High LFP Chemistry"
2029,"WV",164.164714453572,"Increasing Batt Cap - High LFP Chemistry"
2029,"WY",65.0694258217336,"Increasing Batt Cap - High LFP Chemistry"
2029,"YT",2.18042354917003,"Increasing Batt Cap - High LFP Chemistry"
2030,"AB",593.19000996143,"Increasing Batt Cap - High LFP Chemistry"
2030,"AK",144.407947349353,"Increasing Batt Cap - High LFP Chemistry"
2030,"AL",844.529227651009,"Increasing Batt Cap - High LFP Chemistry"
2030,"AR",478.269041917461,"Increasing Batt Cap - High LFP Chemistry"
2030,"AZ",1925.24929111129,"Increasing Batt Cap - High LFP Chemistry"
2030,"BC",1490.70217250404,"Increasing Batt Cap - High LFP Chemistry"
2030,"CA",20000.4044150303,"Increasing Batt Cap - High LFP Chemistry"
2030,"CO",1886.36671493217,"Increasing Batt Cap - High LFP Chemistry"
2030,"CT",836.646992607577,"Increasing Batt Cap - High LFP Chemistry"
2030,"DC",200.210685171721,"Increasing Batt Cap - High LFP Chemistry"
2030,"DE",216.484898463752,"Increasing Batt Cap - High LFP Chemistry"
2030,"FL",5251.90538367182,"Increasing Batt Cap - High LFP Chemistry"
2030,"GA",2951.85602295451,"Increasing Batt Cap - High LFP Chemistry"
2030,"HI",626.358666434496,"Increasing Batt Cap - High LFP Chemistry"
2030,"IA",543.484980142445,"Increasing Batt Cap - High LFP Chemistry"
2030,"ID",368.510495479849,"Increasing Batt Cap - High LFP Chemistry"
2030,"IL",2715.85260056232,"Increasing Batt Cap - High LFP Chemistry"
2030,"IN",1241.64615662269,"Increasing Batt Cap - High LFP Chemistry"
2030,"KS",532.289004853514,"Increasing Batt Cap - High LFP Chemistry"
2030,"KY",745.749373120674,"Increasing Batt Cap - High LFP Chemistry"
2030,"LA",735.5503721272,"Increasing Batt Cap - High LFP Chemistry"
2030,"MA",1848.94108886021,"Increasing Batt Cap - High LFP Chemistry"
2030,"MB",153.770713075401,"Increasing Batt Cap - High LFP Chemistry"
2030,"MD",1640.15931727213,"Increasing Batt Cap - High LFP Chemistry"
2030,"ME",258.712444079414,"Increasing Batt Cap - High LFP Chemistry"
2030,"MI",1872.71699950827,"Increasing Batt Cap - High LFP Chemistry"
2030,"MN",1160.27637574001,"Increasing Batt Cap - High LFP Chemistry"
2030,"MO",1148.21371515953,"Increasing Batt Cap - High LFP Chemistry"
2030,"MS",454.63952586119,"Increasing Batt Cap - High LFP Chemistry"
2030,"MT",199.117117666939,"Increasing Batt Cap - High LFP Chemistry"
2030,"MX",1164.6860018771,"Increasing Batt Cap - High LFP Chemistry"
2030,"NB",94.0413486266588,"Increasing Batt Cap - High LFP Chemistry"
2030,"NC",2116.86759497685,"Increasing Batt Cap - High LFP Chemistry"
2030,"ND",140.910138567259,"Increasing Batt Cap - High LFP Chemistry"
2030,"NE",352.246421261669,"Increasing Batt Cap - High LFP Chemistry"
2030,"NH",290.194855326773,"Increasing Batt Cap - High LFP Chemistry"
2030,"NJ",2489.04698932734,"Increasing Batt Cap - High LFP Chemistry"
2030,"NL",58.8885154475737,"Increasing Batt Cap - High LFP Chemistry"
2030,"NM",435.358617662664,"Increasing Batt Cap - High LFP Chemistry"
2030,"NS",113.861373692034,"Increasing Batt Cap - High LFP Chemistry"
2030,"NT",2.18042354917003,"Increasing Batt Cap - High LFP Chemistry"
2030,"NU",0,"Increasing Batt Cap - High LFP Chemistry"
2030,"NV",830.091553712662,"Increasing Batt Cap - High LFP Chemistry"
2030,"NY",4301.66901330672,"Increasing Batt Cap - High LFP Chemistry"
2030,"OH",2194.54706443458,"Increasing Batt Cap - High LFP Chemistry"
2030,"OK",753.823132520703,"Increasing Batt Cap - High LFP Chemistry"
2030,"ON",2398.96694362885,"Increasing Batt Cap - High LFP Chemistry"
2030,"OR",1619.10603268147,"Increasing Batt Cap - High LFP Chemistry"
2030,"PA",2526.6156268117,"Increasing Batt Cap - High LFP Chemistry"
2030,"PE",23.085713251697,"Increasing Batt Cap - High LFP Chemistry"
2030,"QC",2257.87556373823,"Increasing Batt Cap - High LFP Chemistry"
2030,"RI",233.088137320272,"Increasing Batt Cap - High LFP Chemistry"
2030,"SC",940.735944865723,"Increasing Batt Cap - High LFP Chemistry"
2030,"SD",158.560703906177,"Increasing Batt Cap - High LFP Chemistry"
2030,"SK",133.3991412968,"Increasing Batt Cap - High LFP Chemistry"
2030,"TN",1359.59613680644,"Increasing Batt Cap - High LFP Chemistry"
2030,"TX",6371.82720762553,"Increasing Batt Cap - High LFP Chemistry"
2030,"UT",887.429951318187,"Increasing Batt Cap - High LFP Chemistry"
2030,"VA",1972.91609145673,"Increasing Batt Cap - High LFP Chemistry"
2030,"VT",189.493223508927,"Increasing Batt Cap - High LFP Chemistry"
2030,"WA",3228.31181045161,"Increasing Batt Cap - High LFP Chemistry"
2030,"WI",1142.19489211116,"Increasing Batt Cap - High LFP Chemistry"
2030,"WV",275.728472250843,"Increasing Batt Cap - High LFP Chemistry"
2030,"WY",103.871252209678,"Increasing Batt Cap - High LFP Chemistry"
2030,"YT",2.82458181504975,"Increasing Batt Cap - High LFP Chemistry"
2031,"AB",1009.49894423463,"Increasing Batt Cap - High LFP Chemistry"
2031,"AK",219.262569372918,"Increasing Batt Cap - High LFP Chemistry"
2031,"AL",1344.41180116245,"Increasing Batt Cap - High LFP Chemistry"
2031,"AR",771.648764793763,"Increasing Batt Cap - High LFP Chemistry"
2031,"AZ",3018.18018358924,"Increasing Batt Cap - High LFP Chemistry"
2031,"BC",2400.14634519981,"Increasing Batt Cap - High LFP Chemistry"
2031,"CA",30061.2357673693,"Increasing Batt Cap - High LFP Chemistry"
2031,"CO",2953.0116809422,"Increasing Batt Cap - High LFP Chemistry"
2031,"CT",1307.65579102107,"Increasing Batt Cap - High LFP Chemistry"
2031,"DC",297.729390462252,"Increasing Batt Cap - High LFP Chemistry"
2031,"DE",337.070459860461,"Increasing Batt Cap - High LFP Chemistry"
2031,"FL",8245.18436681748,"Increasing Batt Cap - High LFP Chemistry"
2031,"GA",4388.97984549808,"Increasing Batt Cap - High LFP Chemistry"
2031,"HI",929.675277729937,"Increasing Batt Cap - High LFP Chemistry"
2031,"IA",876.197329034784,"Increasing Batt Cap - High LFP Chemistry"
2031,"ID",576.904024862265,"Increasing Batt Cap - High LFP Chemistry"
2031,"IL",4250.359898464,"Increasing Batt Cap - High LFP Chemistry"
2031,"IN",1962.07569589767,"Increasing Batt Cap - High LFP Chemistry"
2031,"KS",842.835516182386,"Increasing Batt Cap - High LFP Chemistry"
2031,"KY",1188.3789670971,"Increasing Batt Cap - High LFP Chemistry"
2031,"LA",1162.71341320369,"Increasing Batt Cap - High LFP Chemistry"
2031,"MA",2916.83924311882,"Increasing Batt Cap - High LFP Chemistry"
2031,"MB",261.957619468487,"Increasing Batt Cap - High LFP Chemistry"
2031,"MD",2585.80052437669,"Increasing Batt Cap - High LFP Chemistry"
2031,"ME",414.79344076905,"Increasing Batt Cap - High LFP Chemistry"
2031,"MI",2928.95808074349,"Increasing Batt Cap - High LFP Chemistry"
2031,"MN",1854.63871121313,"Increasing Batt Cap - High LFP Chemistry"
2031,"MO",1803.5969576832,"Increasing Batt Cap - High LFP Chemistry"
2031,"MS",725.93930513596,"Increasing Batt Cap - High LFP Chemistry"
2031,"MT",308.307565032597,"Increasing Batt Cap - High LFP Chemistry"
2031,"MX",1967.16050053754,"Increasing Batt Cap - High LFP Chemistry"
2031,"NB",160.030906552514,"Increasing Batt Cap - High LFP Chemistry"
2031,"NC",3338.08466509553,"Increasing Batt Cap - High LFP Chemistry"
2031,"ND",208.056048404557,"Increasing Batt Cap - High LFP Chemistry"
2031,"NE",561.867430646688,"Increasing Batt Cap - High LFP Chemistry"
2031,"NH",450.575949673308,"Increasing Batt Cap - High LFP Chemistry"
2031,"NJ",3946.78505889076,"Increasing Batt Cap - High LFP Chemistry"
2031,"NL",100.495962895766,"Increasing Batt Cap - High LFP Chemistry"
2031,"NM",707.755357757559,"Increasing Batt Cap - High LFP Chemistry"
2031,"NS",190.73302395337,"Increasing Batt Cap - High LFP Chemistry"
2031,"NT",2.82458181504975,"Increasing Batt Cap - High LFP Chemistry"
2031,"NU",0,"Increasing Batt Cap - High LFP Chemistry"
2031,"NV",1299.45549395732,"Increasing Batt Cap - High LFP Chemistry"
2031,"NY",6801.24270195061,"Increasing Batt Cap - High LFP Chemistry"
2031,"OH",3451.22023841231,"Increasing Batt Cap - High LFP Chemistry"
2031,"OK",1209.23472845865,"Increasing Batt Cap - High LFP Chemistry"
2031,"ON",4013.18775067352,"Increasing Batt Cap - High LFP Chemistry"
2031,"OR",2485.41762858609,"Increasing Batt Cap - High LFP Chemistry"
2031,"PA",3975.26413318044,"Increasing Batt Cap - High LFP Chemistry"
2031,"PE",38.2977115655855,"Increasing Batt Cap - High LFP Chemistry"
2031,"QC",3646.09492309859,"Increasing Batt Cap - High LFP Chemistry"
2031,"RI",376.033553255029,"Increasing Batt Cap - High LFP Chemistry"
2031,"SC",1504.65453170836,"Increasing Batt Cap - High LFP Chemistry"
2031,"SD",243.225825577886,"Increasing Batt Cap - High LFP Chemistry"
2031,"SK",228.414140078171,"Increasing Batt Cap - High LFP Chemistry"
2031,"TN",2131.64402888175,"Increasing Batt Cap - High LFP Chemistry"
2031,"TX",10020.6613696465,"Increasing Batt Cap - High LFP Chemistry"
2031,"UT",1384.75356010066,"Increasing Batt Cap - High LFP Chemistry"
2031,"VA",3116.74199418423,"Increasing Batt Cap - High LFP Chemistry"
2031,"VT",289.926861546691,"Increasing Batt Cap - High LFP Chemistry"
2031,"WA",4965.6307683952,"Increasing Batt Cap - High LFP Chemistry"
2031,"WI",1782.98527769817,"Increasing Batt Cap - High LFP Chemistry"
2031,"WV",418.810784142807,"Increasing Batt Cap - High LFP Chemistry"
2031,"WY",164.850341563848,"Increasing Batt Cap - High LFP Chemistry"
2031,"YT",9.00429344622678,"Increasing Batt Cap - High LFP Chemistry"
2032,"AB",1712.72530798046,"Increasing Batt Cap - High LFP Chemistry"
2032,"AK",319.131851081264,"Increasing Batt Cap - High LFP Chemistry"
2032,"AL",2027.44408682399,"Increasing Batt Cap - High LFP Chemistry"
2032,"AR",1154.68374505883,"Increasing Batt Cap - High LFP Chemistry"
2032,"AZ",4443.32308345934,"Increasing Batt Cap - High LFP Chemistry"
2032,"BC",3799.97721436257,"Increasing Batt Cap - High LFP Chemistry"
2032,"CA",42658.1002171135,"Increasing Batt Cap - High LFP Chemistry"
2032,"CO",4395.27015183962,"Increasing Batt Cap - High LFP Chemistry"
2032,"CT",1927.40702267964,"Increasing Batt Cap - High LFP Chemistry"
2032,"DC",441.319211220056,"Increasing Batt Cap - High LFP Chemistry"
2032,"DE",501.408011954136,"Increasing Batt Cap - High LFP Chemistry"
2032,"FL",12220.5531561352,"Increasing Batt Cap - High LFP Chemistry"
2032,"GA",6206.14584977312,"Increasing Batt Cap - High LFP Chemistry"
2032,"HI",1291.28635180244,"Increasing Batt Cap - High LFP Chemistry"
2032,"IA",1314.0020401044,"Increasing Batt Cap - High LFP Chemistry"
2032,"ID",884.004460969472,"Increasing Batt Cap - High LFP Chemistry"
2032,"IL",6263.31506106719,"Increasing Batt Cap - High LFP Chemistry"
2032,"IN",2930.71278620519,"Increasing Batt Cap - High LFP Chemistry"
2032,"KS",1270.99542697055,"Increasing Batt Cap - High LFP Chemistry"
2032,"KY",1798.57951422246,"Increasing Batt Cap - High LFP Chemistry"
2032,"LA",1757.759415684,"Increasing Batt Cap - High LFP Chemistry"
2032,"MA",4347.05478478434,"Increasing Batt Cap - High LFP Chemistry"
2032,"MB",439.178877841132,"Increasing Batt Cap - High LFP Chemistry"
2032,"MD",3854.0416893973,"Increasing Batt Cap - High LFP Chemistry"
2032,"ME",615.719710556365,"Increasing Batt Cap - High LFP Chemistry"
2032,"MI",4354.14547325684,"Increasing Batt Cap - High LFP Chemistry"
2032,"MN",2765.70613254942,"Increasing Batt Cap - High LFP Chemistry"
2032,"MO",2684.03845428136,"Increasing Batt Cap - High LFP Chemistry"
2032,"MS",1101.52955008026,"Increasing Batt Cap - High LFP Chemistry"
2032,"MT",466.959605851908,"Increasing Batt Cap - High LFP Chemistry"
2032,"MX",3217.67347997544,"Increasing Batt Cap - High LFP Chemistry"
2032,"NB",262.834216893521,"Increasing Batt Cap - High LFP Chemistry"
2032,"NC",4999.06802936385,"Increasing Batt Cap - High LFP Chemistry"
2032,"ND",316.149717936061,"Increasing Batt Cap - High LFP Chemistry"
2032,"NE",839.693832343387,"Increasing Batt Cap - High LFP Chemistry"
2032,"NH",679.736053401035,"Increasing Batt Cap - High LFP Chemistry"
2032,"NJ",5911.36192830041,"Increasing Batt Cap - High LFP Chemistry"
2032,"NL",166.9777130042,"Increasing Batt Cap - High LFP Chemistry"
2032,"NM",1080.11603288535,"Increasing Batt Cap - High LFP Chemistry"
2032,"NS",317.579083701415,"Increasing Batt Cap - High LFP Chemistry"
2032,"NT",5.78027597059518,"Increasing Batt Cap - High LFP Chemistry"
2032,"NU",0,"Increasing Batt Cap - High LFP Chemistry"
2032,"NV",1927.6696897063,"Increasing Batt Cap - High LFP Chemistry"
2032,"NY",10140.8465552065,"Increasing Batt Cap - High LFP Chemistry"
2032,"OH",5166.4100183079,"Increasing Batt Cap - High LFP Chemistry"
2032,"OK",1803.55880405964,"Increasing Batt Cap - High LFP Chemistry"
2032,"ON",6512.68617735487,"Increasing Batt Cap - High LFP Chemistry"
2032,"OR",3572.93041978914,"Increasing Batt Cap - High LFP Chemistry"
2032,"PA",5931.25589708157,"Increasing Batt Cap - High LFP Chemistry"
2032,"PE",62.6772250657219,"Increasing Batt Cap - High LFP Chemistry"
2032,"QC",5731.74176906149,"Increasing Batt Cap - High LFP Chemistry"
2032,"RI",566.753776887346,"Increasing Batt Cap - High LFP Chemistry"
2032,"SC",2248.87542878121,"Increasing Batt Cap - High LFP Chemistry"
2032,"SD",364.315847563881,"Increasing Batt Cap - High LFP Chemistry"
2032,"SK",383.972736427442,"Increasing Batt Cap - High LFP Chemistry"
2032,"TN",3154.34298291999,"Increasing Batt Cap - High LFP Chemistry"
2032,"TX",14941.2779400024,"Increasing Batt Cap - High LFP Chemistry"
2032,"UT",2043.65634161151,"Increasing Batt Cap - High LFP Chemistry"
2032,"VA",4647.31451156509,"Increasing Batt Cap - High LFP Chemistry"
2032,"VT",424.959645892462,"Increasing Batt Cap - High LFP Chemistry"
2032,"WA",7169.81020704141,"Increasing Batt Cap - High LFP Chemistry"
2032,"WI",2626.0070353369,"Increasing Batt Cap - High LFP Chemistry"
2032,"WV",648.756009240465,"Increasing Batt Cap - High LFP Chemistry"
2032,"WY",234.104083938782,"Increasing Batt Cap - High LFP Chemistry"
2032,"YT",12.6674875561787,"Increasing Batt Cap - High LFP Chemistry"
2033,"AB",2683.9796412683,"Increasing Batt Cap - High LFP Chemistry"
2033,"AK",454.40422598339,"Increasing Batt Cap - High LFP Chemistry"
2033,"AL",2936.15873930797,"Increasing Batt Cap - High LFP Chemistry"
2033,"AR",1680.74604580185,"Increasing Batt Cap - High LFP Chemistry"
2033,"AZ",6354.10172885932,"Increasing Batt Cap - High LFP Chemistry"
2033,"BC",5663.85687315214,"Increasing Batt Cap - High LFP Chemistry"
2033,"CA",58221.6462687495,"Increasing Batt Cap - High LFP Chemistry"
2033,"CO",6294.58355729417,"Increasing Batt Cap - High LFP Chemistry"
2033,"CT",2709.30595431693,"Increasing Batt Cap - High LFP Chemistry"
2033,"DC",618.667295277922,"Increasing Batt Cap - High LFP Chemistry"
2033,"DE",723.883406165247,"Increasing Batt Cap - High LFP Chemistry"
2033,"FL",17506.2246233381,"Increasing Batt Cap - High LFP Chemistry"
2033,"GA",8570.29274417823,"Increasing Batt Cap - High LFP Chemistry"
2033,"HI",1732.5591154657,"Increasing Batt Cap - High LFP Chemistry"
2033,"IA",1896.33512110719,"Increasing Batt Cap - High LFP Chemistry"
2033,"ID",1291.07662076999,"Increasing Batt Cap - High LFP Chemistry"
2033,"IL",8882.63034976855,"Increasing Batt Cap - High LFP Chemistry"
2033,"IN",4220.21773966246,"Increasing Batt Cap - High LFP Chemistry"
2033,"KS",1825.84352328117,"Increasing Batt Cap - High LFP Chemistry"
2033,"KY",2608.4911956764,"Increasing Batt Cap - High LFP Chemistry"
2033,"LA",2542.59733790293,"Increasing Batt Cap - High LFP Chemistry"
2033,"MA",6263.62945780151,"Increasing Batt Cap - High LFP Chemistry"
2033,"MB",691.841448026867,"Increasing Batt Cap - High LFP Chemistry"
2033,"MD",5576.35141670792,"Increasing Batt Cap - High LFP Chemistry"
2033,"ME",888.979273934544,"Increasing Batt Cap - High LFP Chemistry"
2033,"MI",6244.12330333347,"Increasing Batt Cap - High LFP Chemistry"
2033,"MN",3983.6808579685,"Increasing Batt Cap - High LFP Chemistry"
2033,"MO",3849.53367436775,"Increasing Batt Cap - High LFP Chemistry"
2033,"MS",1588.21428841807,"Increasing Batt Cap - High LFP Chemistry"
2033,"MT",668.122885201905,"Increasing Batt Cap - High LFP Chemistry"
2033,"MX",5183.00475350824,"Increasing Batt Cap - High LFP Chemistry"
2033,"NB",436.506611750376,"Increasing Batt Cap - High LFP Chemistry"
2033,"NC",7202.1375198155,"Increasing Batt Cap - High LFP Chemistry"
2033,"ND",452.78291797211,"Increasing Batt Cap - High LFP Chemistry"
2033,"NE",1218.13077092153,"Increasing Batt Cap - High LFP Chemistry"
2033,"NH",976.102322050176,"Increasing Batt Cap - High LFP Chemistry"
2033,"NJ",8588.9395316695,"Increasing Batt Cap - High LFP Chemistry"
2033,"NL",249.554994858237,"Increasing Batt Cap - High LFP Chemistry"
2033,"NM",1570.79226885395,"Increasing Batt Cap - High LFP Chemistry"
2033,"NS",508.377278862922,"Increasing Batt Cap - High LFP Chemistry"
2033,"NT",9.04601131303351,"Increasing Batt Cap - High LFP Chemistry"
2033,"NU",0,"Increasing Batt Cap - High LFP Chemistry"
2033,"NV",2766.33234556519,"Increasing Batt Cap - High LFP Chemistry"
2033,"NY",14634.7969855529,"Increasing Batt Cap - High LFP Chemistry"
2033,"OH",7427.70967613326,"Increasing Batt Cap - High LFP Chemistry"
2033,"OK",2613.48032804825,"Increasing Batt Cap - High LFP Chemistry"
2033,"ON",9984.60766889439,"Increasing Batt Cap - High LFP Chemistry"
2033,"OR",4978.08803015947,"Increasing Batt Cap - High LFP Chemistry"
2033,"PA",8534.23391313051,"Increasing Batt Cap - High LFP Chemistry"
2033,"PE",85.97606400308,"Increasing Batt Cap - High LFP Chemistry"
2033,"QC",8548.31341135532,"Increasing Batt Cap - High LFP Chemistry"
2033,"RI",822.419924413902,"Increasing Batt Cap - High LFP Chemistry"
2033,"SC",3276.34089765426,"Increasing Batt Cap - High LFP Chemistry"
2033,"SD",512.409906524517,"Increasing Batt Cap - High LFP Chemistry"
2033,"SK",592.062924909921,"Increasing Batt Cap - High LFP Chemistry"
2033,"TN",4545.73573857433,"Increasing Batt Cap - High LFP Chemistry"
2033,"TX",21501.93255204,"Increasing Batt Cap - High LFP Chemistry"
2033,"UT",2903.07672119642,"Increasing Batt Cap - High LFP Chemistry"
2033,"VA",6701.73770997535,"Increasing Batt Cap - High LFP Chemistry"
2033,"VT",614.779285579165,"Increasing Batt Cap - High LFP Chemistry"
2033,"WA",9995.61537092835,"Increasing Batt Cap - High LFP Chemistry"
2033,"WI",3727.43091304756,"Increasing Batt Cap - High LFP Chemistry"
2033,"WV",930.427370003989,"Increasing Batt Cap - High LFP Chemistry"
2033,"WY",331.827401902873,"Increasing Batt Cap - High LFP Chemistry"
2033,"YT",19.2868830908868,"Increasing Batt Cap - High LFP Chemistry"
2034,"AB",4170.39281661242,"Increasing Batt Cap - High LFP Chemistry"
2034,"AK",619.016923356387,"Increasing Batt Cap - High LFP Chemistry"
2034,"AL",4148.15377253171,"Increasing Batt Cap - High LFP Chemistry"
2034,"AR",2379.92485031933,"Increasing Batt Cap - High LFP Chemistry"
2034,"AZ",8876.12249843715,"Increasing Batt Cap - High LFP Chemistry"
2034,"BC",8299.97212391068,"Increasing Batt Cap - High LFP Chemistry"
2034,"CA",78746.0295809417,"Increasing Batt Cap - High LFP Chemistry"
2034,"CO",8907.25125405404,"Increasing Batt Cap - High LFP Chemistry"
2034,"CT",3755.26546227437,"Increasing Batt Cap - High LFP Chemistry"
2034,"DC",853.828071554724,"Increasing Batt Cap - High LFP Chemistry"
2034,"DE",1036.26029112881,"Increasing Batt Cap - High LFP Chemistry"
2034,"FL",24613.6797202449,"Increasing Batt Cap - High LFP Chemistry"
2034,"GA",11663.3599752203,"Increasing Batt Cap - High LFP Chemistry"
2034,"HI",2303.56053881847,"Increasing Batt Cap - High LFP Chemistry"
2034,"IA",2687.95241338988,"Increasing Batt Cap - High LFP Chemistry"
2034,"ID",1817.92377228634,"Increasing Batt Cap - High LFP Chemistry"
2034,"IL",12294.3940189417,"Increasing Batt Cap - High LFP Chemistry"
2034,"IN",5935.69589263093,"Increasing Batt Cap - High LFP Chemistry"
2034,"KS",2560.6774054846,"Increasing Batt Cap - High LFP Chemistry"
2034,"KY",3676.50157766451,"Increasing Batt Cap - High LFP Chemistry"
2034,"LA",3577.28008709175,"Increasing Batt Cap - High LFP Chemistry"
2034,"MA",8868.12867309049,"Increasing Batt Cap - High LFP Chemistry"
2034,"MB",1077.03439236532,"Increasing Batt Cap - High LFP Chemistry"
2034,"MD",7890.09299479378,"Increasing Batt Cap - High LFP Chemistry"
2034,"ME",1255.87069833783,"Increasing Batt Cap - High LFP Chemistry"
2034,"MI",8740.58425002247,"Increasing Batt Cap - High LFP Chemistry"
2034,"MN",5571.54429062789,"Increasing Batt Cap - High LFP Chemistry"
2034,"MO",5388.81671591303,"Increasing Batt Cap - High LFP Chemistry"
2034,"MS",2242.48287327336,"Increasing Batt Cap - High LFP Chemistry"
2034,"MT",945.858522025848,"Increasing Batt Cap - High LFP Chemistry"
2034,"MX",8197.87014693619,"Increasing Batt Cap - High LFP Chemistry"
2034,"NB",665.62906108215,"Increasing Batt Cap - High LFP Chemistry"
2034,"NC",10129.692667025,"Increasing Batt Cap - High LFP Chemistry"
2034,"ND",644.034622031871,"Increasing Batt Cap - High LFP Chemistry"
2034,"NE",1719.52886434152,"Increasing Batt Cap - High LFP Chemistry"
2034,"NH",1378.21940923327,"Increasing Batt Cap - High LFP Chemistry"
2034,"NJ",12216.1402916178,"Increasing Batt Cap - High LFP Chemistry"
2034,"NL",388.885964545758,"Increasing Batt Cap - High LFP Chemistry"
2034,"NM",2240.03001237149,"Increasing Batt Cap - High LFP Chemistry"
2034,"NS",802.382127074809,"Increasing Batt Cap - High LFP Chemistry"
2034,"NT",21.6766347727333,"Increasing Batt Cap - High LFP Chemistry"
2034,"NU",8.51207371765981,"Increasing Batt Cap - High LFP Chemistry"
2034,"NV",3887.6110711848,"Increasing Batt Cap - High LFP Chemistry"
2034,"NY",20645.9054038907,"Increasing Batt Cap - High LFP Chemistry"
2034,"OH",10405.1056005364,"Increasing Batt Cap - High LFP Chemistry"
2034,"OK",3665.59976829228,"Increasing Batt Cap - High LFP Chemistry"
2034,"ON",14925.2825503694,"Increasing Batt Cap - High LFP Chemistry"
2034,"OR",6835.75820719519,"Increasing Batt Cap - High LFP Chemistry"
2034,"PA",11978.2502722792,"Increasing Batt Cap - High LFP Chemistry"
2034,"PE",143.913299284625,"Increasing Batt Cap - High LFP Chemistry"
2034,"QC",12434.9974092576,"Increasing Batt Cap - High LFP Chemistry"
2034,"RI",1185.21925936999,"Increasing Batt Cap - High LFP Chemistry"
2034,"SC",4647.30719012912,"Increasing Batt Cap - High LFP Chemistry"
2034,"SD",729.691427082013,"Increasing Batt Cap - High LFP Chemistry"
2034,"SK",934.608554454092,"Increasing Batt Cap - High LFP Chemistry"
2034,"TN",6383.40688843629,"Increasing Batt Cap - High LFP Chemistry"
2034,"TX",30264.7078110671,"Increasing Batt Cap - High LFP Chemistry"
2034,"UT",4057.71836133625,"Increasing Batt Cap - High LFP Chemistry"
2034,"VA",9409.01870417423,"Increasing Batt Cap - High LFP Chemistry"
2034,"VT",864.981584813444,"Increasing Batt Cap - High LFP Chemistry"
2034,"WA",13765.4210991072,"Increasing Batt Cap - High LFP Chemistry"
2034,"WI",5191.06538197758,"Increasing Batt Cap - High LFP Chemistry"
2034,"WV",1308.91316563626,"Increasing Batt Cap - High LFP Chemistry"
2034,"WY",462.522272386961,"Increasing Batt Cap - High LFP Chemistry"
2034,"YT",40.7588363367141,"Increasing Batt Cap - High LFP Chemistry"
2035,"AB",6315.2064337124,"Increasing Batt Cap - High LFP Chemistry"
2035,"AK",860.16270090292,"Increasing Batt Cap - High LFP Chemistry"
2035,"AL",5754.6846140107,"Increasing Batt Cap - High LFP Chemistry"
2035,"AR",3298.52193643207,"Increasing Batt Cap - High LFP Chemistry"
2035,"AZ",12178.6776156821,"Increasing Batt Cap - High LFP Chemistry"
2035,"BC",11927.4958357247,"Increasing Batt Cap - High LFP Chemistry"
2035,"CA",106501.37513649,"Increasing Batt Cap - High LFP Chemistry"
2035,"CO",12455.5921488411,"Increasing Batt Cap - High LFP Chemistry"
2035,"CT",5119.13540614512,"Increasing Batt Cap - High LFP Chemistry"
2035,"DC",1189.09800438294,"Increasing Batt Cap - High LFP Chemistry"
2035,"DE",1451.04724267514,"Increasing Batt Cap - High LFP Chemistry"
2035,"FL",34066.8755670027,"Increasing Batt Cap - High LFP Chemistry"
2035,"GA",15809.2914371221,"Increasing Batt Cap - High LFP Chemistry"
2035,"HI",3019.59306161996,"Increasing Batt Cap - High LFP Chemistry"
2035,"IA",3705.32688210718,"Increasing Batt Cap - High LFP Chemistry"
2035,"ID",2528.88573349398,"Increasing Batt Cap - High LFP Chemistry"
2035,"IL",16795.1783935781,"Increasing Batt Cap - High LFP Chemistry"
2035,"IN",8158.45106041212,"Increasing Batt Cap - High LFP Chemistry"
2035,"KS",3517.64351852801,"Increasing Batt Cap - High LFP Chemistry"
2035,"KY",5063.77301609461,"Increasing Batt Cap - High LFP Chemistry"
2035,"LA",4911.90735544957,"Increasing Batt Cap - High LFP Chemistry"
2035,"MA",12368.9819598214,"Increasing Batt Cap - High LFP Chemistry"
2035,"MB",1624.8745356825,"Increasing Batt Cap - High LFP Chemistry"
2035,"MD",11068.353571898,"Increasing Batt Cap - High LFP Chemistry"
2035,"ME",1740.28801006587,"Increasing Batt Cap - High LFP Chemistry"
2035,"MI",12016.4704398792,"Increasing Batt Cap - High LFP Chemistry"
2035,"MN",7670.0763122519,"Increasing Batt Cap - High LFP Chemistry"
2035,"MO",7426.75067997797,"Increasing Batt Cap - High LFP Chemistry"
2035,"MS",3091.33337866827,"Increasing Batt Cap - High LFP Chemistry"
2035,"MT",1318.29897759631,"Increasing Batt Cap - High LFP Chemistry"
2035,"MX",12774.4302812644,"Increasing Batt Cap - High LFP Chemistry"
2035,"NB",1018.76365004788,"Increasing Batt Cap - High LFP Chemistry"
2035,"NC",14012.6042457127,"Increasing Batt Cap - High LFP Chemistry"
2035,"ND",892.982000631337,"Increasing Batt Cap - High LFP Chemistry"
2035,"NE",2360.8988285438,"Increasing Batt Cap - High LFP Chemistry"
2035,"NH",1908.55740824477,"Increasing Batt Cap - High LFP Chemistry"
2035,"NJ",17179.9214332771,"Increasing Batt Cap - High LFP Chemistry"
2035,"NL",587.18805986898,"Increasing Batt Cap - High LFP Chemistry"
2035,"NM",3143.97752469646,"Increasing Batt Cap - High LFP Chemistry"
2035,"NS",1221.81485523647,"Increasing Batt Cap - High LFP Chemistry"
2035,"NT",40.1891260793164,"Increasing Batt Cap - High LFP Chemistry"
2035,"NU",17.0241474353196,"Increasing Batt Cap - High LFP Chemistry"
2035,"NV",5396.62759175401,"Increasing Batt Cap - High LFP Chemistry"
2035,"NY",28616.2162813268,"Increasing Batt Cap - High LFP Chemistry"
2035,"OH",14289.4917412991,"Increasing Batt Cap - High LFP Chemistry"
2035,"OK",5099.07895160072,"Increasing Batt Cap - High LFP Chemistry"
2035,"ON",21887.36229754,"Increasing Batt Cap - High LFP Chemistry"
2035,"OR",9333.67417382943,"Increasing Batt Cap - High LFP Chemistry"
2035,"PA",16513.9570240192,"Increasing Batt Cap - High LFP Chemistry"
2035,"PE",218.145560179134,"Increasing Batt Cap - High LFP Chemistry"
2035,"QC",17827.0314221826,"Increasing Batt Cap - High LFP Chemistry"
2035,"RI",1662.78098709104,"Increasing Batt Cap - High LFP Chemistry"
2035,"SC",6464.6661715168,"Increasing Batt Cap - High LFP Chemistry"
2035,"SD",1009.01025844508,"Increasing Batt Cap - High LFP Chemistry"
2035,"SK",1424.67841066609,"Increasing Batt Cap - High LFP Chemistry"
2035,"TN",8821.81220841392,"Increasing Batt Cap - High LFP Chemistry"
2035,"TX",41977.0152799209,"Increasing Batt Cap - High LFP Chemistry"
2035,"UT",5587.6354603141,"Increasing Batt Cap - High LFP Chemistry"
2035,"VA",13038.1472466301,"Increasing Batt Cap - High LFP Chemistry"
2035,"VT",1198.13800817365,"Increasing Batt Cap - High LFP Chemistry"
2035,"WA",18767.3067592419,"Increasing Batt Cap - High LFP Chemistry"
2035,"WI",7105.73381516008,"Increasing Batt Cap - High LFP Chemistry"
2035,"WV",1816.10389377559,"Increasing Batt Cap - High LFP Chemistry"
2035,"WY",644.388955603898,"Increasing Batt Cap - High LFP Chemistry"
2035,"YT",57.207037002969,"Increasing Batt Cap - High LFP Chemistry"
2036,"AB",9349.11279175265,"Increasing Batt Cap - High LFP Chemistry"
2036,"AK",1151.47126458975,"Increasing Batt Cap - High LFP Chemistry"
2036,"AL",7809.06409826607,"Increasing Batt Cap - High LFP Chemistry"
2036,"AR",4459.87049761057,"Increasing Batt Cap - High LFP Chemistry"
2036,"AZ",16324.3051127811,"Increasing Batt Cap - High LFP Chemistry"
2036,"BC",16614.3468691951,"Increasing Batt Cap - High LFP Chemistry"
2036,"CA",142387.249608477,"Increasing Batt Cap - High LFP Chemistry"
2036,"CO",17138.7630674774,"Increasing Batt Cap - High LFP Chemistry"
2036,"CT",6839.03126482708,"Increasing Batt Cap - High LFP Chemistry"
2036,"DC",1608.09970495806,"Increasing Batt Cap - High LFP Chemistry"
2036,"DE",1982.23013154878,"Increasing Batt Cap - High LFP Chemistry"
2036,"FL",46220.1059359827,"Increasing Batt Cap - High LFP Chemistry"
2036,"GA",21218.417075737,"Increasing Batt Cap - High LFP Chemistry"
2036,"HI",3876.10717163454,"Increasing Batt Cap - High LFP Chemistry"
2036,"IA",5024.98106061136,"Increasing Batt Cap - High LFP Chemistry"
2036,"ID",3479.57405756621,"Increasing Batt Cap - High LFP Chemistry"
2036,"IL",22505.4152114051,"Increasing Batt Cap - High LFP Chemistry"
2036,"IN",11031.245674068,"Increasing Batt Cap - High LFP Chemistry"
2036,"KS",4743.33376040294,"Increasing Batt Cap - High LFP Chemistry"
2036,"KY",6876.2039539326,"Increasing Batt Cap - High LFP Chemistry"
2036,"LA",6647.25482688476,"Increasing Batt Cap - High LFP Chemistry"
2036,"MA",16966.3571136182,"Increasing Batt Cap - High LFP Chemistry"
2036,"MB",2402.05574320597,"Increasing Batt Cap - High LFP Chemistry"
2036,"MD",15283.1634400886,"Increasing Batt Cap - High LFP Chemistry"
2036,"ME",2346.190445863,"Increasing Batt Cap - High LFP Chemistry"
2036,"MI",16240.7826577181,"Increasing Batt Cap - High LFP Chemistry"
2036,"MN",10370.402982956,"Increasing Batt Cap - High LFP Chemistry"
2036,"MO",10016.2609310182,"Increasing Batt Cap - High LFP Chemistry"
2036,"MS",4196.05196277248,"Increasing Batt Cap - High LFP Chemistry"
2036,"MT",1803.69837718299,"Increasing Batt Cap - High LFP Chemistry"
2036,"MX",19562.3269800108,"Increasing Batt Cap - High LFP Chemistry"
2036,"NB",1499.62640614708,"Increasing Batt Cap - High LFP Chemistry"
2036,"NC",19031.0212183096,"Increasing Batt Cap - High LFP Chemistry"
2036,"ND",1244.71498115085,"Increasing Batt Cap - High LFP Chemistry"
2036,"NE",3228.7968069682,"Increasing Batt Cap - High LFP Chemistry"
2036,"NH",2569.45270260156,"Increasing Batt Cap - High LFP Chemistry"
2036,"NJ",23769.9409677124,"Increasing Batt Cap - High LFP Chemistry"
2036,"NL",873.31229320886,"Increasing Batt Cap - High LFP Chemistry"
2036,"NM",4387.49311067138,"Increasing Batt Cap - High LFP Chemistry"
2036,"NS",1811.43830105937,"Increasing Batt Cap - High LFP Chemistry"
2036,"NT",60.5329610588636,"Increasing Batt Cap - High LFP Chemistry"
2036,"NU",32.8158135174815,"Increasing Batt Cap - High LFP Chemistry"
2036,"NV",7330.85115609263,"Increasing Batt Cap - High LFP Chemistry"
2036,"NY",39060.3980173854,"Increasing Batt Cap - High LFP Chemistry"
2036,"OH",19263.3675687321,"Increasing Batt Cap - High LFP Chemistry"
2036,"OK",6955.67457602625,"Increasing Batt Cap - High LFP Chemistry"
2036,"ON",31392.245781262,"Increasing Batt Cap - High LFP Chemistry"
2036,"OR",12568.2227576467,"Increasing Batt Cap - High LFP Chemistry"
2036,"PA",22353.5645889676,"Increasing Batt Cap - High LFP Chemistry"
2036,"PE",337.515708516674,"Increasing Batt Cap - High LFP Chemistry"
2036,"QC",24889.1784312158,"Increasing Batt Cap - High LFP Chemistry"
2036,"RI",2327.20414278279,"Increasing Batt Cap - High LFP Chemistry"
2036,"SC",8851.47121921119,"Increasing Batt Cap - High LFP Chemistry"
2036,"SD",1396.11634736764,"Increasing Batt Cap - High LFP Chemistry"
2036,"SK",2118.27641143168,"Increasing Batt Cap - High LFP Chemistry"
2036,"TN",11963.757411012,"Increasing Batt Cap - High LFP Chemistry"
2036,"TX",57193.1915634666,"Increasing Batt Cap - High LFP Chemistry"
2036,"UT",7552.77676571657,"Increasing Batt Cap - High LFP Chemistry"
2036,"VA",17714.2102058497,"Increasing Batt Cap - High LFP Chemistry"
2036,"VT",1648.49345847735,"Increasing Batt Cap - High LFP Chemistry"
2036,"WA",25363.4111701628,"Increasing Batt Cap - High LFP Chemistry"
2036,"WI",9580.31111398851,"Increasing Batt Cap - High LFP Chemistry"
2036,"WV",2445.77437640584,"Increasing Batt Cap - High LFP Chemistry"
2036,"WY",863.589017110148,"Increasing Batt Cap - High LFP Chemistry"
2036,"YT",87.8531272356155,"Increasing Batt Cap - High LFP Chemistry"
2037,"AB",13427.8142635057,"Increasing Batt Cap - High LFP Chemistry"
2037,"AK",1518.87577223067,"Increasing Batt Cap - High LFP Chemistry"
2037,"AL",10426.1252837144,"Increasing Batt Cap - High LFP Chemistry"
2037,"AR",5946.89111787117,"Increasing Batt Cap - High LFP Chemistry"
2037,"AZ",21278.6040242885,"Increasing Batt Cap - High LFP Chemistry"
2037,"BC",22288.9485410927,"Increasing Batt Cap - High LFP Chemistry"
2037,"CA",184774.959148365,"Increasing Batt Cap - High LFP Chemistry"
2037,"CO",23060.5923653036,"Increasing Batt Cap - High LFP Chemistry"
2037,"CT",8940.59241429881,"Increasing Batt Cap - High LFP Chemistry"
2037,"DC",2117.36833831739,"Increasing Batt Cap - High LFP Chemistry"
2037,"DE",2648.98267594073,"Increasing Batt Cap - High LFP Chemistry"
2037,"FL",60917.0380894022,"Increasing Batt Cap - High LFP Chemistry"
2037,"GA",27884.1183880602,"Increasing Batt Cap - High LFP Chemistry"
2037,"HI",4882.84702235082,"Increasing Batt Cap - High LFP Chemistry"
2037,"IA",6698.33428448937,"Increasing Batt Cap - High LFP Chemistry"
2037,"ID",4650.12779229942,"Increasing Batt Cap - High LFP Chemistry"
2037,"IL",29405.6809763086,"Increasing Batt Cap - High LFP Chemistry"
2037,"IN",14605.6261613955,"Increasing Batt Cap - High LFP Chemistry"
2037,"KS",6279.16810697666,"Increasing Batt Cap - High LFP Chemistry"
2037,"KY",9149.44143454707,"Increasing Batt Cap - High LFP Chemistry"
2037,"LA",8802.85062480677,"Increasing Batt Cap - High LFP Chemistry"
2037,"MA",22780.3571505111,"Increasing Batt Cap - High LFP Chemistry"
2037,"MB",3422.10108257304,"Increasing Batt Cap - High LFP Chemistry"
2037,"MD",20585.4877026363,"Increasing Batt Cap - High LFP Chemistry"
2037,"ME",3099.57145844858,"Increasing Batt Cap - High LFP Chemistry"
2037,"MI",21450.7326179276,"Increasing Batt Cap - High LFP Chemistry"
2037,"MN",13695.8771443845,"Increasing Batt Cap - High LFP Chemistry"
2037,"MO",13271.8469011303,"Increasing Batt Cap - High LFP Chemistry"
2037,"MS",5614.847989661,"Increasing Batt Cap - High LFP Chemistry"
2037,"MT",2381.80886081031,"Increasing Batt Cap - High LFP Chemistry"
2037,"MX",29403.1839415445,"Increasing Batt Cap - High LFP Chemistry"
2037,"NB",2196.91296935112,"Increasing Batt Cap - High LFP Chemistry"
2037,"NC",25195.625185354,"Increasing Batt Cap - High LFP Chemistry"
2037,"ND",1680.06199151747,"Increasing Batt Cap - High LFP Chemistry"
2037,"NE",4305.74114156855,"Increasing Batt Cap - High LFP Chemistry"
2037,"NH",3407.55522122169,"Increasing Batt Cap - High LFP Chemistry"
2037,"NJ",31945.9220828095,"Increasing Batt Cap - High LFP Chemistry"
2037,"NL",1249.42847260951,"Increasing Batt Cap - High LFP Chemistry"
2037,"NM",5956.33331907317,"Increasing Batt Cap - High LFP Chemistry"
2037,"NS",2600.61772077475,"Increasing Batt Cap - High LFP Chemistry"
2037,"NT",83.8595320105431,"Increasing Batt Cap - High LFP Chemistry"
2037,"NU",39.7387666480437,"Increasing Batt Cap - High LFP Chemistry"
2037,"NV",9644.68153703529,"Increasing Batt Cap - High LFP Chemistry"
2037,"NY",52204.0116964805,"Increasing Batt Cap - High LFP Chemistry"
2037,"OH",25441.3542275749,"Increasing Batt Cap - High LFP Chemistry"
2037,"OK",9278.80926346324,"Increasing Batt Cap - High LFP Chemistry"
2037,"ON",43837.1245935073,"Increasing Batt Cap - High LFP Chemistry"
2037,"OR",16630.8739518477,"Increasing Batt Cap - High LFP Chemistry"
2037,"PA",29569.738162244,"Increasing Batt Cap - High LFP Chemistry"
2037,"PE",468.269016587202,"Increasing Batt Cap - High LFP Chemistry"
2037,"QC",33895.8252809217,"Increasing Batt Cap - High LFP Chemistry"
2037,"RI",3166.83366086374,"Increasing Batt Cap - High LFP Chemistry"
2037,"SC",11836.4477806101,"Increasing Batt Cap - High LFP Chemistry"
2037,"SD",1886.34911253667,"Increasing Batt Cap - High LFP Chemistry"
2037,"SK",3057.75812260905,"Increasing Batt Cap - High LFP Chemistry"
2037,"TN",15936.4273416594,"Increasing Batt Cap - High LFP Chemistry"
2037,"TX",75972.6477376024,"Increasing Batt Cap - High LFP Chemistry"
2037,"UT",9923.67403248429,"Increasing Batt Cap - High LFP Chemistry"
2037,"VA",23420.6067143349,"Increasing Batt Cap - High LFP Chemistry"
2037,"VT",2232.28288937991,"Increasing Batt Cap - High LFP Chemistry"
2037,"WA",33574.9480720881,"Increasing Batt Cap - High LFP Chemistry"
2037,"WI",12657.9703020462,"Increasing Batt Cap - High LFP Chemistry"
2037,"WV",3242.50709224635,"Increasing Batt Cap - High LFP Chemistry"
2037,"WY",1160.09472775132,"Increasing Batt Cap - High LFP Chemistry"
2037,"YT",122.620028116461,"Increasing Batt Cap - High LFP Chemistry"
2038,"AB",20224.1262960816,"Increasing Batt Cap - High LFP Chemistry"
2038,"AK",2072.88676875345,"Increasing Batt Cap - High LFP Chemistry"
2038,"AL",14457.4120487763,"Increasing Batt Cap - High LFP Chemistry"
2038,"AR",8166.31283592835,"Increasing Batt Cap - High LFP Chemistry"
2038,"AZ",27569.4497430748,"Increasing Batt Cap - High LFP Chemistry"
2038,"BC",28883.2718686725,"Increasing Batt Cap - High LFP Chemistry"
2038,"CA",242083.552624308,"Increasing Batt Cap - High LFP Chemistry"
2038,"CO",31991.1634310621,"Increasing Batt Cap - High LFP Chemistry"
2038,"CT",11644.8675174042,"Increasing Batt Cap - High LFP Chemistry"
2038,"DC",2806.16303184004,"Increasing Batt Cap - High LFP Chemistry"
2038,"DE",3588.08193071225,"Increasing Batt Cap - High LFP Chemistry"
2038,"FL",79138.2746268998,"Increasing Batt Cap - High LFP Chemistry"
2038,"GA",36970.6017112753,"Increasing Batt Cap - High LFP Chemistry"
2038,"HI",6001.88713994673,"Increasing Batt Cap - High LFP Chemistry"
2038,"IA",9241.21034133062,"Increasing Batt Cap - High LFP Chemistry"
2038,"ID",6485.55485326195,"Increasing Batt Cap - High LFP Chemistry"
2038,"IL",38249.801536243,"Increasing Batt Cap - High LFP Chemistry"
2038,"IN",19926.8062272913,"Increasing Batt Cap - High LFP Chemistry"
2038,"KS",8577.53324540068,"Increasing Batt Cap - High LFP Chemistry"
2038,"KY",12633.969369197,"Increasing Batt Cap - High LFP Chemistry"
2038,"LA",12051.9671715578,"Increasing Batt Cap - High LFP Chemistry"
2038,"MA",31420.4500828292,"Increasing Batt Cap - High LFP Chemistry"
2038,"MB",5150.37275615286,"Increasing Batt Cap - High LFP Chemistry"
2038,"MD",28567.6940253683,"Increasing Batt Cap - High LFP Chemistry"
2038,"ME",4153.27639767042,"Increasing Batt Cap - High LFP Chemistry"
2038,"MI",28565.3731044144,"Increasing Batt Cap - High LFP Chemistry"
2038,"MN",18302.6937116008,"Increasing Batt Cap - High LFP Chemistry"
2038,"MO",17933.2961394885,"Increasing Batt Cap - High LFP Chemistry"
2038,"MS",7874.42292273314,"Increasing Batt Cap - High LFP Chemistry"
2038,"MT",3267.06541978616,"Increasing Batt Cap - High LFP Chemistry"
2038,"MX",43246.4436205508,"Increasing Batt Cap - High LFP Chemistry"
2038,"NB",3328.15679082902,"Increasing Batt Cap - High LFP Chemistry"
2038,"NC",33852.9839289322,"Increasing Batt Cap - High LFP Chemistry"
2038,"ND",2387.80262923408,"Increasing Batt Cap - High LFP Chemistry"
2038,"NE",5928.4739910893,"Increasing Batt Cap - High LFP Chemistry"
2038,"NH",4560.76734721522,"Increasing Batt Cap - High LFP Chemistry"
2038,"NJ",43533.3131794693,"Increasing Batt Cap - High LFP Chemistry"
2038,"NL",1926.5198375393,"Increasing Batt Cap - High LFP Chemistry"
2038,"NM",8708.85621814052,"Increasing Batt Cap - High LFP Chemistry"
2038,"NS",3915.89675700702,"Increasing Batt Cap - High LFP Chemistry"
2038,"NT",129.417670865135,"Increasing Batt Cap - High LFP Chemistry"
2038,"NU",56.243711198085,"Increasing Batt Cap - High LFP Chemistry"
2038,"NV",12344.7780200629,"Increasing Batt Cap - High LFP Chemistry"
2038,"NY",71618.446962048,"Increasing Batt Cap - High LFP Chemistry"
2038,"OH",34518.8525396307,"Increasing Batt Cap - High LFP Chemistry"
2038,"OK",12461.3472371254,"Increasing Batt Cap - High LFP Chemistry"
2038,"ON",62756.2115696062,"Increasing Batt Cap - High LFP Chemistry"
2038,"OR",22834.2320632935,"Increasing Batt Cap - High LFP Chemistry"
2038,"PA",40400.6257304071,"Increasing Batt Cap - High LFP Chemistry"
2038,"PE",693.217407848091,"Increasing Batt Cap - High LFP Chemistry"
2038,"QC",44980.0452964337,"Increasing Batt Cap - High LFP Chemistry"
2038,"RI",4540.51838845879,"Increasing Batt Cap - High LFP Chemistry"
2038,"SC",16404.0924861134,"Increasing Batt Cap - High LFP Chemistry"
2038,"SD",2636.5132218672,"Increasing Batt Cap - High LFP Chemistry"
2038,"SK",4673.83041157709,"Increasing Batt Cap - High LFP Chemistry"
2038,"TN",21749.7902696154,"Increasing Batt Cap - High LFP Chemistry"
2038,"TX",101809.756275976,"Increasing Batt Cap - High LFP Chemistry"
2038,"UT",12999.4236501555,"Increasing Batt Cap - High LFP Chemistry"
2038,"VA",31199.6112249383,"Increasing Batt Cap - High LFP Chemistry"
2038,"VT",3058.93883312114,"Increasing Batt Cap - High LFP Chemistry"
2038,"WA",45673.7864114043,"Increasing Batt Cap - High LFP Chemistry"
2038,"WI",17151.5953290721,"Increasing Batt Cap - High LFP Chemistry"
2038,"WV",4477.56739943427,"Increasing Batt Cap - High LFP Chemistry"
2038,"WY",1641.19688040966,"Increasing Batt Cap - High LFP Chemistry"
2038,"YT",186.538900492026,"Increasing Batt Cap - High LFP Chemistry"
2039,"AB",28579.9512291831,"Increasing Batt Cap - High LFP Chemistry"
2039,"AK",2662.44315774112,"Increasing Batt Cap - High LFP Chemistry"
2039,"AL",18885.2351313639,"Increasing Batt Cap - High LFP Chemistry"
2039,"AR",10625.3800263287,"Increasing Batt Cap - High LFP Chemistry"
2039,"AZ",34114.2656331351,"Increasing Batt Cap - High LFP Chemistry"
2039,"BC",35838.4058170202,"Increasing Batt Cap - High LFP Chemistry"
2039,"CA",300501.668808181,"Increasing Batt Cap - High LFP Chemistry"
2039,"CO",41875.8693185002,"Increasing Batt Cap - High LFP Chemistry"
2039,"CT",14478.1146854082,"Increasing Batt Cap - High LFP Chemistry"
2039,"DC",3551.82022359285,"Increasing Batt Cap - High LFP Chemistry"
2039,"DE",4596.81388722948,"Increasing Batt Cap - High LFP Chemistry"
2039,"FL",98382.439379338,"Increasing Batt Cap - High LFP Chemistry"
2039,"GA",46693.7029071553,"Increasing Batt Cap - High LFP Chemistry"
2039,"HI",7119.62662549873,"Increasing Batt Cap - High LFP Chemistry"
2039,"IA",12027.9394693121,"Increasing Batt Cap - High LFP Chemistry"
2039,"ID",8512.89187726951,"Increasing Batt Cap - High LFP Chemistry"
2039,"IL",47628.6785850332,"Increasing Batt Cap - High LFP Chemistry"
2039,"IN",25696.5071856199,"Increasing Batt Cap - High LFP Chemistry"
2039,"KS",11096.2387725501,"Increasing Batt Cap - High LFP Chemistry"
2039,"KY",16444.177104165,"Increasing Batt Cap - High LFP Chemistry"
2039,"LA",15669.6869732131,"Increasing Batt Cap - High LFP Chemistry"
2039,"MA",41169.3583426005,"Increasing Batt Cap - High LFP Chemistry"
2039,"MB",7166.84203965995,"Increasing Batt Cap - High LFP Chemistry"
2039,"MD",37456.1572015446,"Increasing Batt Cap - High LFP Chemistry"
2039,"ME",5316.70980910225,"Increasing Batt Cap - High LFP Chemistry"
2039,"MI",36313.955349193,"Increasing Batt Cap - High LFP Chemistry"
2039,"MN",23308.057676383,"Increasing Batt Cap - High LFP Chemistry"
2039,"MO",23081.9523354144,"Increasing Batt Cap - High LFP Chemistry"
2039,"MS",10382.2340925833,"Increasing Batt Cap - High LFP Chemistry"
2039,"MT",4233.25871194152,"Increasing Batt Cap - High LFP Chemistry"
2039,"MX",62080.8995001694,"Increasing Batt Cap - High LFP Chemistry"
2039,"NB",4663.60029045455,"Increasing Batt Cap - High LFP Chemistry"
2039,"NC",43125.0962476655,"Increasing Batt Cap - High LFP Chemistry"
2039,"ND",3165.70520119905,"Increasing Batt Cap - High LFP Chemistry"
2039,"NE",7723.83224652773,"Increasing Batt Cap - High LFP Chemistry"
2039,"NH",5810.42170323188,"Increasing Batt Cap - High LFP Chemistry"
2039,"NJ",56305.0567291702,"Increasing Batt Cap - High LFP Chemistry"
2039,"NL",2745.33944138352,"Increasing Batt Cap - High LFP Chemistry"
2039,"NM",11803.3509433317,"Increasing Batt Cap - High LFP Chemistry"
2039,"NS",5442.80832417453,"Increasing Batt Cap - High LFP Chemistry"
2039,"NT",180.985242850046,"Increasing Batt Cap - High LFP Chemistry"
2039,"NU",67.9655380212025,"Increasing Batt Cap - High LFP Chemistry"
2039,"NV",15115.7484441446,"Increasing Batt Cap - High LFP Chemistry"
2039,"NY",93557.6747845668,"Increasing Batt Cap - High LFP Chemistry"
2039,"OH",44384.115859533,"Increasing Batt Cap - High LFP Chemistry"
2039,"OK",15918.1109819702,"Increasing Batt Cap - High LFP Chemistry"
2039,"ON",84314.6157647223,"Increasing Batt Cap - High LFP Chemistry"
2039,"OR",29536.7848308846,"Increasing Batt Cap - High LFP Chemistry"
2039,"PA",51740.4701153114,"Increasing Batt Cap - High LFP Chemistry"
2039,"PE",956.989360928492,"Increasing Batt Cap - High LFP Chemistry"
2039,"QC",56683.1006832406,"Increasing Batt Cap - High LFP Chemistry"
2039,"RI",6118.2136256064,"Increasing Batt Cap - High LFP Chemistry"
2039,"SC",21382.2224067977,"Increasing Batt Cap - High LFP Chemistry"
2039,"SD",3481.36363736098,"Increasing Batt Cap - High LFP Chemistry"
2039,"SK",6626.37428191285,"Increasing Batt Cap - High LFP Chemistry"
2039,"TN",28124.6876261346,"Increasing Batt Cap - High LFP Chemistry"
2039,"TX",129919.028256198,"Increasing Batt Cap - High LFP Chemistry"
2039,"UT",16224.6306003633,"Increasing Batt Cap - High LFP Chemistry"
2039,"VA",39373.4343433259,"Increasing Batt Cap - High LFP Chemistry"
2039,"VT",4016.2221632517,"Increasing Batt Cap - High LFP Chemistry"
2039,"WA",58760.4216445969,"Increasing Batt Cap - High LFP Chemistry"
2039,"WI",22067.0307294919,"Increasing Batt Cap - High LFP Chemistry"
2039,"WV",5836.69106911305,"Increasing Batt Cap - High LFP Chemistry"
2039,"WY",2168.64091882121,"Increasing Batt Cap - High LFP Chemistry"
2039,"YT",265.520653333038,"Increasing Batt Cap - High LFP Chemistry"
2040,"AB",38787.8436184285,"Increasing Batt Cap - High LFP Chemistry"
2040,"AK",3344.20592318403,"Increasing Batt Cap - High LFP Chemistry"
2040,"AL",24114.6888546641,"Increasing Batt Cap - High LFP Chemistry"
2040,"AR",13545.3826330961,"Increasing Batt Cap - High LFP Chemistry"
2040,"AZ",41576.088395576,"Increasing Batt Cap - High LFP Chemistry"
2040,"BC",43737.7283266304,"Increasing Batt Cap - High LFP Chemistry"
2040,"CA",366332.188973691,"Increasing Batt Cap - High LFP Chemistry"
2040,"CO",53329.8182335078,"Increasing Batt Cap - High LFP Chemistry"
2040,"CT",17654.5370301169,"Increasing Batt Cap - High LFP Chemistry"
2040,"DC",4388.86855811965,"Increasing Batt Cap - High LFP Chemistry"
2040,"DE",5738.17462956942,"Increasing Batt Cap - High LFP Chemistry"
2040,"FL",120711.74970155,"Increasing Batt Cap - High LFP Chemistry"
2040,"GA",57934.0500236325,"Increasing Batt Cap - High LFP Chemistry"
2040,"HI",8363.65429050534,"Increasing Batt Cap - High LFP Chemistry"
2040,"IA",15338.5950828872,"Increasing Batt Cap - High LFP Chemistry"
2040,"ID",10903.4727611368,"Increasing Batt Cap - High LFP Chemistry"
2040,"IL",58513.6108803605,"Increasing Batt Cap - High LFP Chemistry"
2040,"IN",32526.3777250615,"Increasing Batt Cap - High LFP Chemistry"
2040,"KS",14024.7753696758,"Increasing Batt Cap - High LFP Chemistry"
2040,"KY",20931.2550780001,"Increasing Batt Cap - High LFP Chemistry"
2040,"LA",19968.4102148311,"Increasing Batt Cap - High LFP Chemistry"
2040,"MA",52676.0153651517,"Increasing Batt Cap - High LFP Chemistry"
2040,"MB",9589.38886516505,"Increasing Batt Cap - High LFP Chemistry"
2040,"MD",47819.0467811629,"Increasing Batt Cap - High LFP Chemistry"
2040,"ME",6675.49862292251,"Increasing Batt Cap - High LFP Chemistry"
2040,"MI",45345.0391049814,"Increasing Batt Cap - High LFP Chemistry"
2040,"MN",29156.150303106,"Increasing Batt Cap - High LFP Chemistry"
2040,"MO",29077.9289571662,"Increasing Batt Cap - High LFP Chemistry"
2040,"MS",13340.5567489144,"Increasing Batt Cap - High LFP Chemistry"
2040,"MT",5310.56642180308,"Increasing Batt Cap - High LFP Chemistry"
2040,"MX",86624.2010403415,"Increasing Batt Cap - High LFP Chemistry"
2040,"NB",6292.96580826128,"Increasing Batt Cap - High LFP Chemistry"
2040,"NC",53854.8884479478,"Increasing Batt Cap - High LFP Chemistry"
2040,"ND",4122.22942998952,"Increasing Batt Cap - High LFP Chemistry"
2040,"NE",9839.72962659793,"Increasing Batt Cap - High LFP Chemistry"
2040,"NH",7283.02851130315,"Increasing Batt Cap - High LFP Chemistry"
2040,"NJ",71154.3806439406,"Increasing Batt Cap - High LFP Chemistry"
2040,"NL",3665.7347190274,"Increasing Batt Cap - High LFP Chemistry"
2040,"NM",15426.3702096984,"Increasing Batt Cap - High LFP Chemistry"
2040,"NS",7302.21984908497,"Increasing Batt Cap - High LFP Chemistry"
2040,"NT",240.810279918714,"Increasing Batt Cap - High LFP Chemistry"
2040,"NU",87.1295208601605,"Increasing Batt Cap - High LFP Chemistry"
2040,"NV",18247.9304243358,"Increasing Batt Cap - High LFP Chemistry"
2040,"NY",119299.190410057,"Increasing Batt Cap - High LFP Chemistry"
2040,"OH",55957.6916118048,"Increasing Batt Cap - High LFP Chemistry"
2040,"OK",19969.5996618454,"Increasing Batt Cap - High LFP Chemistry"
2040,"ON",109827.435799689,"Increasing Batt Cap - High LFP Chemistry"
2040,"OR",37149.3345570521,"Increasing Batt Cap - High LFP Chemistry"
2040,"PA",64218.8075730547,"Increasing Batt Cap - High LFP Chemistry"
2040,"PE",1265.37215022485,"Increasing Batt Cap - High LFP Chemistry"
2040,"QC",69910.9864676137,"Increasing Batt Cap - High LFP Chemistry"
2040,"RI",7977.55323133078,"Increasing Batt Cap - High LFP Chemistry"
2040,"SC",27272.5122231061,"Increasing Batt Cap - High LFP Chemistry"
2040,"SD",4486.98601526107,"Increasing Batt Cap - High LFP Chemistry"
2040,"SK",8991.76432307711,"Increasing Batt Cap - High LFP Chemistry"
2040,"TN",35605.8276896308,"Increasing Batt Cap - High LFP Chemistry"
2040,"TX",163071.849949689,"Increasing Batt Cap - High LFP Chemistry"
2040,"UT",19944.7760982815,"Increasing Batt Cap - High LFP Chemistry"
2040,"VA",48878.5006151522,"Increasing Batt Cap - High LFP Chemistry"
2040,"VT",5138.08693872108,"Increasing Batt Cap - High LFP Chemistry"
2040,"WA",73754.9597260292,"Increasing Batt Cap - High LFP Chemistry"
2040,"WI",27822.8063597948,"Increasing Batt Cap - High LFP Chemistry"
2040,"WV",7434.13493786589,"Increasing Batt Cap - High LFP Chemistry"
2040,"WY",2798.94258213132,"Increasing Batt Cap - High LFP Chemistry"
2040,"YT",376.255217309039,"Increasing Batt Cap - High LFP Chemistry"
2041,"AB",50856.8229179847,"Increasing Batt Cap - High LFP Chemistry"
2041,"AK",4142.2365548449,"Increasing Batt Cap - High LFP Chemistry"
2041,"AL",30019.7219645731,"Increasing Batt Cap - High LFP Chemistry"
2041,"AR",16845.060265662,"Increasing Batt Cap - High LFP Chemistry"
2041,"AZ",50108.7964830648,"Increasing Batt Cap - High LFP Chemistry"
2041,"BC",53204.7564907901,"Increasing Batt Cap - High LFP Chemistry"
2041,"CA",440292.423553602,"Increasing Batt Cap - High LFP Chemistry"
2041,"CO",66278.3099675404,"Increasing Batt Cap - High LFP Chemistry"
2041,"CT",21240.2090298846,"Increasing Batt Cap - High LFP Chemistry"
2041,"DC",5357.90824806537,"Increasing Batt Cap - High LFP Chemistry"
2041,"DE",7014.51690286008,"Increasing Batt Cap - High LFP Chemistry"
2041,"FL",146461.576555941,"Increasing Batt Cap - High LFP Chemistry"
2041,"GA",70673.2596017472,"Increasing Batt Cap - High LFP Chemistry"
2041,"HI",9784.65093380373,"Increasing Batt Cap - High LFP Chemistry"
2041,"IA",19077.5329869057,"Increasing Batt Cap - High LFP Chemistry"
2041,"ID",13654.0591760477,"Increasing Batt Cap - High LFP Chemistry"
2041,"IL",70923.6006638902,"Increasing Batt Cap - High LFP Chemistry"
2041,"IN",40205.5556435231,"Increasing Batt Cap - High LFP Chemistry"
2041,"KS",17311.7262279511,"Increasing Batt Cap - High LFP Chemistry"
2041,"KY",26020.2025713638,"Increasing Batt Cap - High LFP Chemistry"
2041,"LA",24870.0247544855,"Increasing Batt Cap - High LFP Chemistry"
2041,"MA",65962.9856105193,"Increasing Batt Cap - High LFP Chemistry"
2041,"MB",12410.5754774851,"Increasing Batt Cap - High LFP Chemistry"
2041,"MD",59598.8040506279,"Increasing Batt Cap - High LFP Chemistry"
2041,"ME",8218.56274052697,"Increasing Batt Cap - High LFP Chemistry"
2041,"MI",55647.0322305588,"Increasing Batt Cap - High LFP Chemistry"
2041,"MN",35846.9087813174,"Increasing Batt Cap - High LFP Chemistry"
2041,"MO",35876.0036940172,"Increasing Batt Cap - High LFP Chemistry"
2041,"MS",16686.886992759,"Increasing Batt Cap - High LFP Chemistry"
2041,"MT",6546.27901307114,"Increasing Batt Cap - High LFP Chemistry"
2041,"MX",117394.666547694,"Increasing Batt Cap - High LFP Chemistry"
2041,"NB",8180.5416736169,"Increasing Batt Cap - High LFP Chemistry"
2041,"NC",65945.0552038924,"Increasing Batt Cap - High LFP Chemistry"
2041,"ND",5219.02690604827,"Increasing Batt Cap - High LFP Chemistry"
2041,"NE",12217.8259458816,"Increasing Batt Cap - High LFP Chemistry"
2041,"NH",8950.19457188797,"Increasing Batt Cap - High LFP Chemistry"
2041,"NJ",88012.1603079763,"Increasing Batt Cap - High LFP Chemistry"
2041,"NL",4716.49283900614,"Increasing Batt Cap - High LFP Chemistry"
2041,"NM",19427.7168400925,"Increasing Batt Cap - High LFP Chemistry"
2041,"NS",9428.21358290462,"Increasing Batt Cap - High LFP Chemistry"
2041,"NT",332.563192630732,"Increasing Batt Cap - High LFP Chemistry"
2041,"NU",118.371969756176,"Increasing Batt Cap - High LFP Chemistry"
2041,"NV",21833.3807437789,"Increasing Batt Cap - High LFP Chemistry"
2041,"NY",148702.306180172,"Increasing Batt Cap - High LFP Chemistry"
2041,"OH",69056.3968872451,"Increasing Batt Cap - High LFP Chemistry"
2041,"OK",24611.9182229365,"Increasing Batt Cap - High LFP Chemistry"
2041,"ON",140063.514725736,"Increasing Batt Cap - High LFP Chemistry"
2041,"OR",45543.8472154807,"Increasing Batt Cap - High LFP Chemistry"
2041,"PA",77835.3402363907,"Increasing Batt Cap - High LFP Chemistry"
2041,"PE",1647.03970598743,"Increasing Batt Cap - High LFP Chemistry"
2041,"QC",85189.3973483254,"Increasing Batt Cap - High LFP Chemistry"
2041,"RI",10113.3088774506,"Increasing Batt Cap - High LFP Chemistry"
2041,"SC",33977.2805987134,"Increasing Batt Cap - High LFP Chemistry"
2041,"SD",5633.97528381923,"Increasing Batt Cap - High LFP Chemistry"
2041,"SK",11754.7028859424,"Increasing Batt Cap - High LFP Chemistry"
2041,"TN",44090.069359746,"Increasing Batt Cap - High LFP Chemistry"
2041,"TX",201288.241678138,"Increasing Batt Cap - High LFP Chemistry"
2041,"UT",24182.4445480374,"Increasing Batt Cap - High LFP Chemistry"
2041,"VA",59654.4437536574,"Increasing Batt Cap - High LFP Chemistry"
2041,"VT",6434.49127103428,"Increasing Batt Cap - High LFP Chemistry"
2041,"WA",90587.9687854088,"Increasing Batt Cap - High LFP Chemistry"
2041,"WI",34410.3187130523,"Increasing Batt Cap - High LFP Chemistry"
2041,"WV",9238.03450761144,"Increasing Batt Cap - High LFP Chemistry"
2041,"WY",3484.53675621354,"Increasing Batt Cap - High LFP Chemistry"
2041,"YT",493.565191804857,"Increasing Batt Cap - High LFP Chemistry"
2042,"AB",64318.3037921954,"Increasing Batt Cap - High LFP Chemistry"
2042,"AK",5012.73928238159,"Increasing Batt Cap - High LFP Chemistry"
2042,"AL",36526.6217797305,"Increasing Batt Cap - High LFP Chemistry"
2042,"AR",20456.2700387943,"Increasing Batt Cap - High LFP Chemistry"
2042,"AZ",59767.4167954892,"Increasing Batt Cap - High LFP Chemistry"
2042,"BC",64155.7705204918,"Increasing Batt Cap - High LFP Chemistry"
2042,"CA",522206.271229228,"Increasing Batt Cap - High LFP Chemistry"
2042,"CO",80380.1656856154,"Increasing Batt Cap - High LFP Chemistry"
2042,"CT",25273.8196812434,"Increasing Batt Cap - High LFP Chemistry"
2042,"DC",6439.99509027184,"Increasing Batt Cap - High LFP Chemistry"
2042,"DE",8444.42789174772,"Increasing Batt Cap - High LFP Chemistry"
2042,"FL",176137.321658678,"Increasing Batt Cap - High LFP Chemistry"
2042,"GA",84981.0154227388,"Increasing Batt Cap - High LFP Chemistry"
2042,"HI",11469.4969412538,"Increasing Batt Cap - High LFP Chemistry"
2042,"IA",23214.7860016545,"Increasing Batt Cap - High LFP Chemistry"
2042,"ID",16691.8373251503,"Increasing Batt Cap - High LFP Chemistry"
2042,"IL",85012.7528095481,"Increasing Batt Cap - High LFP Chemistry"
2042,"IN",48759.4929480674,"Increasing Batt Cap - High LFP Chemistry"
2042,"KS",20950.649697739,"Increasing Batt Cap - High LFP Chemistry"
2042,"KY",31608.3116318033,"Increasing Batt Cap - High LFP Chemistry"
2042,"LA",30302.6304291187,"Increasing Batt Cap - High LFP Chemistry"
2042,"MA",80820.728803679,"Increasing Batt Cap - High LFP Chemistry"
2042,"MB",15575.4523572361,"Increasing Batt Cap - High LFP Chemistry"
2042,"MD",72527.4730765783,"Increasing Batt Cap - High LFP Chemistry"
2042,"ME",10010.0060987351,"Increasing Batt Cap - High LFP Chemistry"
2042,"MI",67183.8969298554,"Increasing Batt Cap - High LFP Chemistry"
2042,"MN",43394.6792375267,"Increasing Batt Cap - High LFP Chemistry"
2042,"MO",43407.6271109666,"Increasing Batt Cap - High LFP Chemistry"
2042,"MS",20314.337955409,"Increasing Batt Cap - High LFP Chemistry"
2042,"MT",7892.82635666227,"Increasing Batt Cap - High LFP Chemistry"
2042,"MX",154572.532545432,"Increasing Batt Cap - High LFP Chemistry"
2042,"NB",10223.4242939363,"Increasing Batt Cap - High LFP Chemistry"
2042,"NC",79384.3710238963,"Increasing Batt Cap - High LFP Chemistry"
2042,"ND",6442.6532255444,"Increasing Batt Cap - High LFP Chemistry"
2042,"NE",14859.9212500729,"Increasing Batt Cap - High LFP Chemistry"
2042,"NH",10865.3778012894,"Increasing Batt Cap - High LFP Chemistry"
2042,"NJ",106743.408481444,"Increasing Batt Cap - High LFP Chemistry"
2042,"NL",5902.14472533608,"Increasing Batt Cap - High LFP Chemistry"
2042,"NM",23680.3396468121,"Increasing Batt Cap - High LFP Chemistry"
2042,"NS",11764.8172881687,"Increasing Batt Cap - High LFP Chemistry"
2042,"NT",409.915286053177,"Increasing Batt Cap - High LFP Chemistry"
2042,"NU",143.048104755568,"Increasing Batt Cap - High LFP Chemistry"
2042,"NV",25927.8809372702,"Increasing Batt Cap - High LFP Chemistry"
2042,"NY",181233.194082963,"Increasing Batt Cap - High LFP Chemistry"
2042,"OH",83515.1249123581,"Increasing Batt Cap - High LFP Chemistry"
2042,"OK",29919.1090637845,"Increasing Batt Cap - High LFP Chemistry"
2042,"ON",173920.137921496,"Increasing Batt Cap - High LFP Chemistry"
2042,"OR",54490.9271128979,"Increasing Batt Cap - High LFP Chemistry"
2042,"PA",92519.1785670033,"Increasing Batt Cap - High LFP Chemistry"
2042,"PE",2066.08318602457,"Increasing Batt Cap - High LFP Chemistry"
2042,"QC",102360.134898594,"Increasing Batt Cap - High LFP Chemistry"
2042,"RI",12422.3773280562,"Increasing Batt Cap - High LFP Chemistry"
2042,"SC",41367.4143700424,"Increasing Batt Cap - High LFP Chemistry"
2042,"SD",6923.97106225133,"Increasing Batt Cap - High LFP Chemistry"
2042,"SK",14828.7087465081,"Increasing Batt Cap - High LFP Chemistry"
2042,"TN",53570.9609006023,"Increasing Batt Cap - High LFP Chemistry"
2042,"TX",244844.655461912,"Increasing Batt Cap - High LFP Chemistry"
2042,"UT",29020.9912924854,"Increasing Batt Cap - High LFP Chemistry"
2042,"VA",71761.7611460181,"Increasing Batt Cap - High LFP Chemistry"
2042,"VT",7877.41360931644,"Increasing Batt Cap - High LFP Chemistry"
2042,"WA",108933.101743879,"Increasing Batt Cap - High LFP Chemistry"
2042,"WI",41756.032640321,"Increasing Batt Cap - High LFP Chemistry"
2042,"WV",11212.0641270035,"Increasing Batt Cap - High LFP Chemistry"
2042,"WY",4245.11365637114,"Increasing Batt Cap - High LFP Chemistry"
2042,"YT",608.526340054175,"Increasing Batt Cap - High LFP Chemistry"
2043,"AB",79089.686518217,"Increasing Batt Cap - High LFP Chemistry"
2043,"AK",5949.74985130906,"Increasing Batt Cap - High LFP Chemistry"
2043,"AL",43535.0528406692,"Increasing Batt Cap - High LFP Chemistry"
2043,"AR",24414.7961989279,"Increasing Batt Cap - High LFP Chemistry"
2043,"AZ",70587.9661133304,"Increasing Batt Cap - High LFP Chemistry"
2043,"BC",76645.849145468,"Increasing Batt Cap - High LFP Chemistry"
2043,"CA",612916.235710943,"Increasing Batt Cap - High LFP Chemistry"
2043,"CO",95619.1484538208,"Increasing Batt Cap - High LFP Chemistry"
2043,"CT",29732.8518347558,"Increasing Batt Cap - High LFP Chemistry"
2043,"DC",7630.68640406858,"Increasing Batt Cap - High LFP Chemistry"
2043,"DE",10031.6208472147,"Increasing Batt Cap - High LFP Chemistry"
2043,"FL",209910.589340567,"Increasing Batt Cap - High LFP Chemistry"
2043,"GA",100749.678811009,"Increasing Batt Cap - High LFP Chemistry"
2043,"HI",13405.1911403306,"Increasing Batt Cap - High LFP Chemistry"
2043,"IA",27706.1937000667,"Increasing Batt Cap - High LFP Chemistry"
2043,"ID",20056.8389993594,"Increasing Batt Cap - High LFP Chemistry"
2043,"IL",100697.953673029,"Increasing Batt Cap - High LFP Chemistry"
2043,"IN",57990.2177293554,"Increasing Batt Cap - High LFP Chemistry"
2043,"KS",24828.6746348869,"Increasing Batt Cap - High LFP Chemistry"
2043,"KY",37556.5237979652,"Increasing Batt Cap - High LFP Chemistry"
2043,"LA",36172.0882277358,"Increasing Batt Cap - High LFP Chemistry"
2043,"MA",97233.5557049009,"Increasing Batt Cap - High LFP Chemistry"
2043,"MB",19019.0258938168,"Increasing Batt Cap - High LFP Chemistry"
2043,"MD",86564.151366732,"Increasing Batt Cap - High LFP Chemistry"
2043,"ME",11934.1912250534,"Increasing Batt Cap - High LFP Chemistry"
2043,"MI",79820.2931495029,"Increasing Batt Cap - High LFP Chemistry"
2043,"MN",51723.2621920753,"Increasing Batt Cap - High LFP Chemistry"
2043,"MO",51570.0113069208,"Increasing Batt Cap - High LFP Chemistry"
2043,"MS",24198.316178182,"Increasing Batt Cap - High LFP Chemistry"
2043,"MT",9343.39280408711,"Increasing Batt Cap - High LFP Chemistry"
2043,"MX",198170.759446917,"Increasing Batt Cap - High LFP Chemistry"
2043,"NB",12431.8481738866,"Increasing Batt Cap - High LFP Chemistry"
2043,"NC",94073.4803461203,"Increasing Batt Cap - High LFP Chemistry"
2043,"ND",7761.56173485493,"Increasing Batt Cap - High LFP Chemistry"
2043,"NE",17720.5188689053,"Increasing Batt Cap - High LFP Chemistry"
2043,"NH",12990.0315237029,"Increasing Batt Cap - High LFP Chemistry"
2043,"NJ",127240.060735649,"Increasing Batt Cap - High LFP Chemistry"
2043,"NL",7169.74959590699,"Increasing Batt Cap - High LFP Chemistry"
2043,"NM",28046.4926092103,"Increasing Batt Cap - High LFP Chemistry"
2043,"NS",14269.7286715328,"Increasing Batt Cap - High LFP Chemistry"
2043,"NT",501.710510296861,"Increasing Batt Cap - High LFP Chemistry"
2043,"NU",170.739917277818,"Increasing Batt Cap - High LFP Chemistry"
2043,"NV",30586.9391170974,"Increasing Batt Cap - High LFP Chemistry"
2043,"NY",216680.449141782,"Increasing Batt Cap - High LFP Chemistry"
2043,"OH",99200.2207859142,"Increasing Batt Cap - High LFP Chemistry"
2043,"OK",35872.7849398192,"Increasing Batt Cap - High LFP Chemistry"
2043,"ON",211287.162805425,"Increasing Batt Cap - High LFP Chemistry"
2043,"OR",63906.887135737,"Increasing Batt Cap - High LFP Chemistry"
2043,"PA",108186.867413246,"Increasing Batt Cap - High LFP Chemistry"
2043,"PE",2523.98400550296,"Increasing Batt Cap - High LFP Chemistry"
2043,"QC",121638.006909216,"Increasing Batt Cap - High LFP Chemistry"
2043,"RI",14872.5067778271,"Increasing Batt Cap - High LFP Chemistry"
2043,"SC",49419.8795595517,"Increasing Batt Cap - High LFP Chemistry"
2043,"SD",8255.86219344703,"Increasing Batt Cap - High LFP Chemistry"
2043,"SK",18206.4493429335,"Increasing Batt Cap - High LFP Chemistry"
2043,"TN",63893.8347375469,"Increasing Batt Cap - High LFP Chemistry"
2043,"TX",293609.934270307,"Increasing Batt Cap - High LFP Chemistry"
2043,"UT",34504.510612756,"Increasing Batt Cap - High LFP Chemistry"
2043,"VA",85238.7005021315,"Increasing Batt Cap - High LFP Chemistry"
2043,"VT",9486.68055769668,"Increasing Batt Cap - High LFP Chemistry"
2043,"WA",128805.945802686,"Increasing Batt Cap - High LFP Chemistry"
2043,"WI",49823.4178957376,"Increasing Batt Cap - High LFP Chemistry"
2043,"WV",13334.0260246717,"Increasing Batt Cap - High LFP Chemistry"
2043,"WY",5074.8647522608,"Increasing Batt Cap - High LFP Chemistry"
2043,"YT",763.278308423978,"Increasing Batt Cap - High LFP Chemistry"
2044,"AB",94808.3967776016,"Increasing Batt Cap - High LFP Chemistry"
2044,"AK",6990.14058991795,"Increasing Batt Cap - High LFP Chemistry"
2044,"AL",50930.6247196274,"Increasing Batt Cap - High LFP Chemistry"
2044,"AR",28545.7646281034,"Increasing Batt Cap - High LFP Chemistry"
2044,"AZ",82629.3878925497,"Increasing Batt Cap - High LFP Chemistry"
2044,"BC",90622.235659073,"Increasing Batt Cap - High LFP Chemistry"
2044,"CA",709374.244977871,"Increasing Batt Cap - High LFP Chemistry"
2044,"CO",111724.425122769,"Increasing Batt Cap - High LFP Chemistry"
2044,"CT",34538.6847671589,"Increasing Batt Cap - High LFP Chemistry"
2044,"DC",8919.2354508896,"Increasing Batt Cap - High LFP Chemistry"
2044,"DE",11786.754229358,"Increasing Batt Cap - High LFP Chemistry"
2044,"FL",248086.48098972,"Increasing Batt Cap - High LFP Chemistry"
2044,"GA",117987.387401644,"Increasing Batt Cap - High LFP Chemistry"
2044,"HI",15608.4448443797,"Increasing Batt Cap - High LFP Chemistry"
2044,"IA",32465.2952896159,"Increasing Batt Cap - High LFP Chemistry"
2044,"ID",23776.2678343962,"Increasing Batt Cap - High LFP Chemistry"
2044,"IL",117607.262565334,"Increasing Batt Cap - High LFP Chemistry"
2044,"IN",67796.5586213655,"Increasing Batt Cap - High LFP Chemistry"
2044,"KS",28986.123806369,"Increasing Batt Cap - High LFP Chemistry"
2044,"KY",43873.0917664716,"Increasing Batt Cap - High LFP Chemistry"
2044,"LA",42415.2678021134,"Increasing Batt Cap - High LFP Chemistry"
2044,"MA",114686.150190843,"Increasing Batt Cap - High LFP Chemistry"
2044,"MB",22702.670472332,"Increasing Batt Cap - High LFP Chemistry"
2044,"MD",101232.096533776,"Increasing Batt Cap - High LFP Chemistry"
2044,"ME",14034.1648408126,"Increasing Batt Cap - High LFP Chemistry"
2044,"MI",93398.7289288074,"Increasing Batt Cap - High LFP Chemistry"
2044,"MN",60834.94783003,"Increasing Batt Cap - High LFP Chemistry"
2044,"MO",60275.5005885876,"Increasing Batt Cap - High LFP Chemistry"
2044,"MS",28214.7102329852,"Increasing Batt Cap - High LFP Chemistry"
2044,"MT",10905.7731129219,"Increasing Batt Cap - High LFP Chemistry"
2044,"MX",248378.045413296,"Increasing Batt Cap - High LFP Chemistry"
2044,"NB",14759.3483541658,"Increasing Batt Cap - High LFP Chemistry"
2044,"NC",109978.258824613,"Increasing Batt Cap - High LFP Chemistry"
2044,"ND",9223.79434555943,"Increasing Batt Cap - High LFP Chemistry"
2044,"NE",20784.8513682886,"Increasing Batt Cap - High LFP Chemistry"
2044,"NH",15287.4563774887,"Increasing Batt Cap - High LFP Chemistry"
2044,"NJ",148793.753550432,"Increasing Batt Cap - High LFP Chemistry"
2044,"NL",8486.30405718201,"Increasing Batt Cap - High LFP Chemistry"
2044,"NM",32360.5833922929,"Increasing Batt Cap - High LFP Chemistry"
2044,"NS",16882.6187346036,"Increasing Batt Cap - High LFP Chemistry"
2044,"NT",599.432458345483,"Increasing Batt Cap - High LFP Chemistry"
2044,"NU",206.424600632448,"Increasing Batt Cap - High LFP Chemistry"
2044,"NV",35842.0647205227,"Increasing Batt Cap - High LFP Chemistry"
2044,"NY",253721.865516442,"Increasing Batt Cap - High LFP Chemistry"
2044,"OH",115831.205493785,"Increasing Batt Cap - High LFP Chemistry"
2044,"OK",42361.1423095388,"Increasing Batt Cap - High LFP Chemistry"
2044,"ON",251478.891834661,"Increasing Batt Cap - High LFP Chemistry"
2044,"OR",73690.728454126,"Increasing Batt Cap - High LFP Chemistry"
2044,"PA",124595.660721734,"Increasing Batt Cap - High LFP Chemistry"
2044,"PE",2960.01889018151,"Increasing Batt Cap - High LFP Chemistry"
2044,"QC",142787.689931326,"Increasing Batt Cap - High LFP Chemistry"
2044,"RI",17447.2121916749,"Increasing Batt Cap - High LFP Chemistry"
2044,"SC",58112.8861521058,"Increasing Batt Cap - High LFP Chemistry"
2044,"SD",9742.05451565801,"Increasing Batt Cap - High LFP Chemistry"
2044,"SK",21833.4870733504,"Increasing Batt Cap - High LFP Chemistry"
2044,"TN",75100.7722014547,"Increasing Batt Cap - High LFP Chemistry"
2044,"TX",348059.68502403,"Increasing Batt Cap - High LFP Chemistry"
2044,"UT",40689.061009642,"Increasing Batt Cap - High LFP Chemistry"
2044,"VA",99963.632232531,"Increasing Batt Cap - High LFP Chemistry"
2044,"VT",11170.1402657236,"Increasing Batt Cap - High LFP Chemistry"
2044,"WA",150030.426186068,"Increasing Batt Cap - High LFP Chemistry"
2044,"WI",58497.3411656711,"Increasing Batt Cap - High LFP Chemistry"
2044,"WV",15538.1325330367,"Increasing Batt Cap - High LFP Chemistry"
2044,"WY",5921.76560791453,"Increasing Batt Cap - High LFP Chemistry"
2044,"YT",922.633469983608,"Increasing Batt Cap - High LFP Chemistry"
2045,"AB",111175.04095347,"Increasing Batt Cap - High LFP Chemistry"
2045,"AK",8074.99050479158,"Increasing Batt Cap - High LFP Chemistry"
2045,"AL",58803.8261614222,"Increasing Batt Cap - High LFP Chemistry"
2045,"AR",32956.8534186678,"Increasing Batt Cap - High LFP Chemistry"
2045,"AZ",95738.0362549717,"Increasing Batt Cap - High LFP Chemistry"
2045,"BC",105630.630515945,"Increasing Batt Cap - High LFP Chemistry"
2045,"CA",810554.116494025,"Increasing Batt Cap - High LFP Chemistry"
2045,"CO",128261.053328025,"Increasing Batt Cap - High LFP Chemistry"
2045,"CT",39750.2360725195,"Increasing Batt Cap - High LFP Chemistry"
2045,"DC",10258.6849775389,"Increasing Batt Cap - High LFP Chemistry"
2045,"DE",13723.6968720755,"Increasing Batt Cap - High LFP Chemistry"
2045,"FL",290216.281232102,"Increasing Batt Cap - High LFP Chemistry"
2045,"GA",136543.442316068,"Increasing Batt Cap - High LFP Chemistry"
2045,"HI",18017.5305039803,"Increasing Batt Cap - High LFP Chemistry"
2045,"IA",37538.6297499236,"Increasing Batt Cap - High LFP Chemistry"
2045,"ID",27792.2929715279,"Increasing Batt Cap - High LFP Chemistry"
2045,"IL",135826.378235696,"Increasing Batt Cap - High LFP Chemistry"
2045,"IN",78227.3758575312,"Increasing Batt Cap - High LFP Chemistry"
2045,"KS",33313.1451415722,"Increasing Batt Cap - High LFP Chemistry"
2045,"KY",50477.8699444767,"Increasing Batt Cap - High LFP Chemistry"
2045,"LA",49019.5458209755,"Increasing Batt Cap - High LFP Chemistry"
2045,"MA",132980.343122157,"Increasing Batt Cap - High LFP Chemistry"
2045,"MB",26553.3819750025,"Increasing Batt Cap - High LFP Chemistry"
2045,"MD",116317.714504429,"Increasing Batt Cap - High LFP Chemistry"
2045,"ME",16275.2439245383,"Increasing Batt Cap - High LFP Chemistry"
2045,"MI",107982.590203797,"Increasing Batt Cap - High LFP Chemistry"
2045,"MN",70618.6789058733,"Increasing Batt Cap - High LFP Chemistry"
2045,"MO",69530.3288377095,"Increasing Batt Cap - High LFP Chemistry"
2045,"MS",32379.3080908014,"Increasing Batt Cap - High LFP Chemistry"
2045,"MT",12571.8691762415,"Increasing Batt Cap - High LFP Chemistry"
2045,"MX",305492.662884113,"Increasing Batt Cap - High LFP Chemistry"
2045,"NB",17100.5479604198,"Increasing Batt Cap - High LFP Chemistry"
2045,"NC",127078.892227219,"Increasing Batt Cap - High LFP Chemistry"
2045,"ND",10808.5786369157,"Increasing Batt Cap - High LFP Chemistry"
2045,"NE",24054.0946584116,"Increasing Batt Cap - High LFP Chemistry"
2045,"NH",17769.0561621237,"Increasing Batt Cap - High LFP Chemistry"
2045,"NJ",171178.737347074,"Increasing Batt Cap - High LFP Chemistry"
2045,"NL",9873.85885164432,"Increasing Batt Cap - High LFP Chemistry"
2045,"NM",36573.0360354711,"Increasing Batt Cap - High LFP Chemistry"
2045,"NS",19571.8466963557,"Increasing Batt Cap - High LFP Chemistry"
2045,"NT",706.605542619754,"Increasing Batt Cap - High LFP Chemistry"
2045,"NU",236.418812209674,"Increasing Batt Cap - High LFP Chemistry"
2045,"NV",41628.425498256,"Increasing Batt Cap - High LFP Chemistry"
2045,"NY",292150.858864397,"Increasing Batt Cap - High LFP Chemistry"
2045,"OH",133411.249353523,"Increasing Batt Cap - High LFP Chemistry"
2045,"OK",49499.1792514738,"Increasing Batt Cap - High LFP Chemistry"
2045,"ON",293626.379593329,"Increasing Batt Cap - High LFP Chemistry"
2045,"OR",83654.999730687,"Increasing Batt Cap - High LFP Chemistry"
2045,"PA",141906.496988403,"Increasing Batt Cap - High LFP Chemistry"
2045,"PE",3443.34322873971,"Increasing Batt Cap - High LFP Chemistry"
2045,"QC",165307.12923137,"Increasing Batt Cap - High LFP Chemistry"
2045,"RI",20046.6598476335,"Increasing Batt Cap - High LFP Chemistry"
2045,"SC",67485.6040691411,"Increasing Batt Cap - High LFP Chemistry"
2045,"SD",11302.6183072331,"Increasing Batt Cap - High LFP Chemistry"
2045,"SK",25618.5779338182,"Increasing Batt Cap - High LFP Chemistry"
2045,"TN",87075.8583093094,"Increasing Batt Cap - High LFP Chemistry"
2045,"TX",407419.086615484,"Increasing Batt Cap - High LFP Chemistry"
2045,"UT",47464.9895173424,"Increasing Batt Cap - High LFP Chemistry"
2045,"VA",115956.642912667,"Increasing Batt Cap - High LFP Chemistry"
2045,"VT",12912.4556683867,"Increasing Batt Cap - High LFP Chemistry"
2045,"WA",172165.59649165,"Increasing Batt Cap - High LFP Chemistry"
2045,"WI",67790.4553555443,"Increasing Batt Cap - High LFP Chemistry"
2045,"WV",17828.4532710128,"Increasing Batt Cap - High LFP Chemistry"
2045,"WY",6811.60787751528,"Increasing Batt Cap - High LFP Chemistry"
2045,"YT",1063.33831008684,"Increasing Batt Cap - High LFP Chemistry"
2046,"AB",127994.5249879,"Increasing Batt Cap - High LFP Chemistry"
2046,"AK",9210.74791121926,"Increasing Batt Cap - High LFP Chemistry"
2046,"AL",67185.5610009236,"Increasing Batt Cap - High LFP Chemistry"
2046,"AR",37627.4186595798,"Increasing Batt Cap - High LFP Chemistry"
2046,"AZ",110045.768658246,"Increasing Batt Cap - High LFP Chemistry"
2046,"BC",121404.352481601,"Increasing Batt Cap - High LFP Chemistry"
2046,"CA",914901.207004565,"Increasing Batt Cap - High LFP Chemistry"
2046,"CO",144223.269442724,"Increasing Batt Cap - High LFP Chemistry"
2046,"CT",45406.8689851189,"Increasing Batt Cap - High LFP Chemistry"
2046,"DC",11629.8287401826,"Increasing Batt Cap - High LFP Chemistry"
2046,"DE",15824.1416212372,"Increasing Batt Cap - High LFP Chemistry"
2046,"FL",336365.439687958,"Increasing Batt Cap - High LFP Chemistry"
2046,"GA",156666.527983159,"Increasing Batt Cap - High LFP Chemistry"
2046,"HI",20684.339390271,"Increasing Batt Cap - High LFP Chemistry"
2046,"IA",42945.9419869204,"Increasing Batt Cap - High LFP Chemistry"
2046,"ID",32169.5052718253,"Increasing Batt Cap - High LFP Chemistry"
2046,"IL",155419.281116227,"Increasing Batt Cap - High LFP Chemistry"
2046,"IN",89357.4100167986,"Increasing Batt Cap - High LFP Chemistry"
2046,"KS",37841.4772433573,"Increasing Batt Cap - High LFP Chemistry"
2046,"KY",57504.3918418796,"Increasing Batt Cap - High LFP Chemistry"
2046,"LA",56082.4762470117,"Increasing Batt Cap - High LFP Chemistry"
2046,"MA",151873.558583188,"Increasing Batt Cap - High LFP Chemistry"
2046,"MB",30531.6640116635,"Increasing Batt Cap - High LFP Chemistry"
2046,"MD",131697.478270119,"Increasing Batt Cap - High LFP Chemistry"
2046,"ME",18684.6601775401,"Increasing Batt Cap - High LFP Chemistry"
2046,"MI",123754.260848299,"Increasing Batt Cap - High LFP Chemistry"
2046,"MN",81227.3561379165,"Increasing Batt Cap - High LFP Chemistry"
2046,"MO",79502.9077398136,"Increasing Batt Cap - High LFP Chemistry"
2046,"MS",36735.6702906136,"Increasing Batt Cap - High LFP Chemistry"
2046,"MT",14365.4522539089,"Increasing Batt Cap - High LFP Chemistry"
2046,"MX",369763.594844652,"Increasing Batt Cap - High LFP Chemistry"
2046,"NB",19509.9871423458,"Increasing Batt Cap - High LFP Chemistry"
2046,"NC",145528.535549326,"Increasing Batt Cap - High LFP Chemistry"
2046,"ND",12527.852015388,"Increasing Batt Cap - High LFP Chemistry"
2046,"NE",27588.7053250741,"Increasing Batt Cap - High LFP Chemistry"
2046,"NH",20458.3982169442,"Increasing Batt Cap - High LFP Chemistry"
2046,"NJ",194140.66485816,"Increasing Batt Cap - High LFP Chemistry"
2046,"NL",11300.9317879475,"Increasing Batt Cap - High LFP Chemistry"
2046,"NM",40477.3034728155,"Increasing Batt Cap - High LFP Chemistry"
2046,"NS",22261.2607958143,"Increasing Batt Cap - High LFP Chemistry"
2046,"NT",810.800339355537,"Increasing Batt Cap - High LFP Chemistry"
2046,"NU",265.893820901622,"Increasing Batt Cap - High LFP Chemistry"
2046,"NV",47979.4518564897,"Increasing Batt Cap - High LFP Chemistry"
2046,"NY",331499.151429569,"Increasing Batt Cap - High LFP Chemistry"
2046,"OH",152245.83743077,"Increasing Batt Cap - High LFP Chemistry"
2046,"OK",57361.1729923986,"Increasing Batt Cap - High LFP Chemistry"
2046,"ON",337024.795243473,"Increasing Batt Cap - High LFP Chemistry"
2046,"OR",93829.3478809005,"Increasing Batt Cap - High LFP Chemistry"
2046,"PA",160394.100183237,"Increasing Batt Cap - High LFP Chemistry"
2046,"PE",3905.81852871969,"Increasing Batt Cap - High LFP Chemistry"
2046,"QC",188742.082673996,"Increasing Batt Cap - High LFP Chemistry"
2046,"RI",22707.279411145,"Increasing Batt Cap - High LFP Chemistry"
2046,"SC",77525.4413967531,"Increasing Batt Cap - High LFP Chemistry"
2046,"SD",12975.2299007819,"Increasing Batt Cap - High LFP Chemistry"
2046,"SK",29562.4499460793,"Increasing Batt Cap - High LFP Chemistry"
2046,"TN",99978.745031826,"Increasing Batt Cap - High LFP Chemistry"
2046,"TX",471828.898951594,"Increasing Batt Cap - High LFP Chemistry"
2046,"UT",54936.3289615494,"Increasing Batt Cap - High LFP Chemistry"
2046,"VA",133378.267782453,"Increasing Batt Cap - High LFP Chemistry"
2046,"VT",14710.60966821,"Increasing Batt Cap - High LFP Chemistry"
2046,"WA",194913.242067236,"Increasing Batt Cap - High LFP Chemistry"
2046,"WI",77785.8604116085,"Increasing Batt Cap - High LFP Chemistry"
2046,"WV",20296.597661193,"Increasing Batt Cap - High LFP Chemistry"
2046,"WY",7820.47243336267,"Increasing Batt Cap - High LFP Chemistry"
2046,"YT",1214.08561235249,"Increasing Batt Cap - High LFP Chemistry"
2047,"AB",145008.793750065,"Increasing Batt Cap - High LFP Chemistry"
2047,"AK",10382.0961713891,"Increasing Batt Cap - High LFP Chemistry"
2047,"AL",75805.0658784947,"Increasing Batt Cap - High LFP Chemistry"
2047,"AR",42433.7452349286,"Increasing Batt Cap - High LFP Chemistry"
2047,"AZ",124997.769329195,"Increasing Batt Cap - High LFP Chemistry"
2047,"BC",137752.874802655,"Increasing Batt Cap - High LFP Chemistry"
2047,"CA",1021309.78635735,"Increasing Batt Cap - High LFP Chemistry"
2047,"CO",159353.413270599,"Increasing Batt Cap - High LFP Chemistry"
2047,"CT",51247.6595852171,"Increasing Batt Cap - High LFP Chemistry"
2047,"DC",13049.3303884784,"Increasing Batt Cap - High LFP Chemistry"
2047,"DE",18005.6496457345,"Increasing Batt Cap - High LFP Chemistry"
2047,"FL",384634.670769987,"Increasing Batt Cap - High LFP Chemistry"
2047,"GA",177594.474210025,"Increasing Batt Cap - High LFP Chemistry"
2047,"HI",23488.008085439,"Increasing Batt Cap - High LFP Chemistry"
2047,"IA",48522.7976986188,"Increasing Batt Cap - High LFP Chemistry"
2047,"ID",36742.3554771699,"Increasing Batt Cap - High LFP Chemistry"
2047,"IL",175676.452738794,"Increasing Batt Cap - High LFP Chemistry"
2047,"IN",100853.937453084,"Increasing Batt Cap - High LFP Chemistry"
2047,"KS",42526.0588955994,"Increasing Batt Cap - High LFP Chemistry"
2047,"KY",64701.6772218556,"Increasing Batt Cap - High LFP Chemistry"
2047,"LA",63346.8967191393,"Increasing Batt Cap - High LFP Chemistry"
2047,"MA",171208.850935286,"Increasing Batt Cap - High LFP Chemistry"
2047,"MB",34568.4024848205,"Increasing Batt Cap - High LFP Chemistry"
2047,"MD",147199.650673606,"Increasing Batt Cap - High LFP Chemistry"
2047,"ME",21166.7646391688,"Increasing Batt Cap - High LFP Chemistry"
2047,"MI",140096.895609495,"Increasing Batt Cap - High LFP Chemistry"
2047,"MN",92225.7842417144,"Increasing Batt Cap - High LFP Chemistry"
2047,"MO",89837.6892702857,"Increasing Batt Cap - High LFP Chemistry"
2047,"MS",41194.1910175861,"Increasing Batt Cap - High LFP Chemistry"
2047,"MT",16212.1321955824,"Increasing Batt Cap - High LFP Chemistry"
2047,"MX",441124.637029877,"Increasing Batt Cap - High LFP Chemistry"
2047,"NB",21876.480661124,"Increasing Batt Cap - High LFP Chemistry"
2047,"NC",164711.046839569,"Increasing Batt Cap - High LFP Chemistry"
2047,"ND",14304.595918439,"Increasing Batt Cap - High LFP Chemistry"
2047,"NE",31179.0411288738,"Increasing Batt Cap - High LFP Chemistry"
2047,"NH",23222.2390241788,"Increasing Batt Cap - High LFP Chemistry"
2047,"NJ",217373.858636318,"Increasing Batt Cap - High LFP Chemistry"
2047,"NL",12738.1902329938,"Increasing Batt Cap - High LFP Chemistry"
2047,"NM",44021.7923544357,"Increasing Batt Cap - High LFP Chemistry"
2047,"NS",24940.7406629873,"Increasing Batt Cap - High LFP Chemistry"
2047,"NT",919.948545691324,"Increasing Batt Cap - High LFP Chemistry"
2047,"NU",295.01219035963,"Increasing Batt Cap - High LFP Chemistry"
2047,"NV",54631.8672761869,"Increasing Batt Cap - High LFP Chemistry"
2047,"NY",371391.238355246,"Increasing Batt Cap - High LFP Chemistry"
2047,"OH",171503.845479456,"Increasing Batt Cap - High LFP Chemistry"
2047,"OK",65649.7668272854,"Increasing Batt Cap - High LFP Chemistry"
2047,"ON",381094.671968526,"Increasing Batt Cap - High LFP Chemistry"
2047,"OR",104169.484953771,"Increasing Batt Cap - High LFP Chemistry"
2047,"PA",179351.231206317,"Increasing Batt Cap - High LFP Chemistry"
2047,"PE",4385.35116282326,"Increasing Batt Cap - High LFP Chemistry"
2047,"QC",212767.082457065,"Increasing Batt Cap - High LFP Chemistry"
2047,"RI",25378.3532373512,"Increasing Batt Cap - High LFP Chemistry"
2047,"SC",87954.8667454994,"Increasing Batt Cap - High LFP Chemistry"
2047,"SD",14716.9177817825,"Increasing Batt Cap - High LFP Chemistry"
2047,"SK",33572.7139476974,"Increasing Batt Cap - High LFP Chemistry"
2047,"TN",113339.526038489,"Increasing Batt Cap - High LFP Chemistry"
2047,"TX",538684.95635849,"Increasing Batt Cap - High LFP Chemistry"
2047,"UT",62671.8052204463,"Increasing Batt Cap - High LFP Chemistry"
2047,"VA",151456.439427019,"Increasing Batt Cap - High LFP Chemistry"
2047,"VT",16519.6266714477,"Increasing Batt Cap - High LFP Chemistry"
2047,"WA",218121.408924475,"Increasing Batt Cap - High LFP Chemistry"
2047,"WI",88146.7957111719,"Increasing Batt Cap - High LFP Chemistry"
2047,"WV",22840.2491508952,"Increasing Batt Cap - High LFP Chemistry"
2047,"WY",8804.29586314907,"Increasing Batt Cap - High LFP Chemistry"
2047,"YT",1380.94605035972,"Increasing Batt Cap - High LFP Chemistry"
2048,"AB",162164.371906607,"Increasing Batt Cap - High LFP Chemistry"
2048,"AK",11580.5069358915,"Increasing Batt Cap - High LFP Chemistry"
2048,"AL",84526.3942943235,"Increasing Batt Cap - High LFP Chemistry"
2048,"AR",47227.394939654,"Increasing Batt Cap - High LFP Chemistry"
2048,"AZ",140216.487436331,"Increasing Batt Cap - High LFP Chemistry"
2048,"BC",154350.705807346,"Increasing Batt Cap - High LFP Chemistry"
2048,"CA",1128501.62625065,"Increasing Batt Cap - High LFP Chemistry"
2048,"CO",173393.796787612,"Increasing Batt Cap - High LFP Chemistry"
2048,"CT",57185.0745036747,"Increasing Batt Cap - High LFP Chemistry"
2048,"DC",14453.0905379759,"Increasing Batt Cap - High LFP Chemistry"
2048,"DE",20208.050999056,"Increasing Batt Cap - High LFP Chemistry"
2048,"FL",433618.910361186,"Increasing Batt Cap - High LFP Chemistry"
2048,"GA",198722.166102397,"Increasing Batt Cap - High LFP Chemistry"
2048,"HI",26352.1680405446,"Increasing Batt Cap - High LFP Chemistry"
2048,"IA",54118.0060956663,"Increasing Batt Cap - High LFP Chemistry"
2048,"ID",41367.1630184863,"Increasing Batt Cap - High LFP Chemistry"
2048,"IL",195951.116048665,"Increasing Batt Cap - High LFP Chemistry"
2048,"IN",112445.538358784,"Increasing Batt Cap - High LFP Chemistry"
2048,"KS",47211.4912171789,"Increasing Batt Cap - High LFP Chemistry"
2048,"KY",71908.254947966,"Increasing Batt Cap - High LFP Chemistry"
2048,"LA",70555.2399121499,"Increasing Batt Cap - High LFP Chemistry"
2048,"MA",190636.167538877,"Increasing Batt Cap - High LFP Chemistry"
2048,"MB",38603.3075674437,"Increasing Batt Cap - High LFP Chemistry"
2048,"MD",162672.141704741,"Increasing Batt Cap - High LFP Chemistry"
2048,"ME",23661.5895054994,"Increasing Batt Cap - High LFP Chemistry"
2048,"MI",156706.124455906,"Increasing Batt Cap - High LFP Chemistry"
2048,"MN",103307.733705097,"Increasing Batt Cap - High LFP Chemistry"
2048,"MO",100301.069431961,"Increasing Batt Cap - High LFP Chemistry"
2048,"MS",45576.1354414555,"Increasing Batt Cap - High LFP Chemistry"
2048,"MT",18071.1911920382,"Increasing Batt Cap - High LFP Chemistry"
2048,"MX",519150.999329007,"Increasing Batt Cap - High LFP Chemistry"
2048,"NB",24245.190433053,"Increasing Batt Cap - High LFP Chemistry"
2048,"NC",184178.860947365,"Increasing Batt Cap - High LFP Chemistry"
2048,"ND",16158.258508138,"Increasing Batt Cap - High LFP Chemistry"
2048,"NE",34844.7676440892,"Increasing Batt Cap - High LFP Chemistry"
2048,"NH",26024.1669041404,"Increasing Batt Cap - High LFP Chemistry"
2048,"NJ",240600.921823442,"Increasing Batt Cap - High LFP Chemistry"
2048,"NL",14188.9452147694,"Increasing Batt Cap - High LFP Chemistry"
2048,"NM",47247.0765535702,"Increasing Batt Cap - High LFP Chemistry"
2048,"NS",27609.4578967881,"Increasing Batt Cap - High LFP Chemistry"
2048,"NT",1028.93856063552,"Increasing Batt Cap - High LFP Chemistry"
2048,"NU",320.936562677812,"Increasing Batt Cap - High LFP Chemistry"
2048,"NV",61401.19753801,"Increasing Batt Cap - High LFP Chemistry"
2048,"NY",411364.206400644,"Increasing Batt Cap - High LFP Chemistry"
2048,"OH",190816.052379826,"Increasing Batt Cap - High LFP Chemistry"
2048,"OK",74155.6422484908,"Increasing Batt Cap - High LFP Chemistry"
2048,"ON",425213.55984747,"Increasing Batt Cap - High LFP Chemistry"
2048,"OR",114637.869191413,"Increasing Batt Cap - High LFP Chemistry"
2048,"PA",198340.86458806,"Increasing Batt Cap - High LFP Chemistry"
2048,"PE",4877.63652979081,"Increasing Batt Cap - High LFP Chemistry"
2048,"QC",237026.008135373,"Increasing Batt Cap - High LFP Chemistry"
2048,"RI",28018.5225050352,"Increasing Batt Cap - High LFP Chemistry"
2048,"SC",98466.7378386273,"Increasing Batt Cap - High LFP Chemistry"
2048,"SD",16508.8243428379,"Increasing Batt Cap - High LFP Chemistry"
2048,"SK",37631.168560298,"Increasing Batt Cap - High LFP Chemistry"
2048,"TN",126805.603242858,"Increasing Batt Cap - High LFP Chemistry"
2048,"TX",606170.68390323,"Increasing Batt Cap - High LFP Chemistry"
2048,"UT",70602.4826035485,"Increasing Batt Cap - High LFP Chemistry"
2048,"VA",169786.032621281,"Increasing Batt Cap - High LFP Chemistry"
2048,"VT",18351.3306548697,"Increasing Batt Cap - High LFP Chemistry"
2048,"WA",241496.954275546,"Increasing Batt Cap - High LFP Chemistry"
2048,"WI",98585.9411815818,"Increasing Batt Cap - High LFP Chemistry"
2048,"WV",25358.9655257624,"Increasing Batt Cap - High LFP Chemistry"
2048,"WY",9781.78581303851,"Increasing Batt Cap - High LFP Chemistry"
2048,"YT",1533.89641462372,"Increasing Batt Cap - High LFP Chemistry"
2049,"AB",178361.906197097,"Increasing Batt Cap - High LFP Chemistry"
2049,"AK",12738.7766802848,"Increasing Batt Cap - High LFP Chemistry"
2049,"AL",92880.5404557143,"Increasing Batt Cap - High LFP Chemistry"
2049,"AR",51859.0965905339,"Increasing Batt Cap - High LFP Chemistry"
2049,"AZ",154995.632235818,"Increasing Batt Cap - High LFP Chemistry"
2049,"BC",170174.202409595,"Increasing Batt Cap - High LFP Chemistry"
2049,"CA",1228774.73250737,"Increasing Batt Cap - High LFP Chemistry"
2049,"CO",185991.539691011,"Increasing Batt Cap - High LFP Chemistry"
2049,"CT",62881.297781889,"Increasing Batt Cap - High LFP Chemistry"
2049,"DC",15765.6217744736,"Increasing Batt Cap - High LFP Chemistry"
2049,"DE",22331.1222589857,"Increasing Batt Cap - High LFP Chemistry"
2049,"FL",481082.537602683,"Increasing Batt Cap - High LFP Chemistry"
2049,"GA",219202.617463591,"Increasing Batt Cap - High LFP Chemistry"
2049,"HI",29118.7809804171,"Increasing Batt Cap - High LFP Chemistry"
2049,"IA",59549.1260942215,"Increasing Batt Cap - High LFP Chemistry"
2049,"ID",45922.0911510523,"Increasing Batt Cap - High LFP Chemistry"
2049,"IL",215298.560061201,"Increasing Batt Cap - High LFP Chemistry"
2049,"IN",123563.437879445,"Increasing Batt Cap - High LFP Chemistry"
2049,"KS",51678.0541620287,"Increasing Batt Cap - High LFP Chemistry"
2049,"KY",78855.7916524808,"Increasing Batt Cap - High LFP Chemistry"
2049,"LA",77502.0884873257,"Increasing Batt Cap - High LFP Chemistry"
2049,"MA",208789.739151606,"Increasing Batt Cap - High LFP Chemistry"
2049,"MB",42423.0299599081,"Increasing Batt Cap - High LFP Chemistry"
2049,"MD",177025.430639119,"Increasing Batt Cap - High LFP Chemistry"
2049,"ME",26068.143138181,"Increasing Batt Cap - High LFP Chemistry"
2049,"MI",172821.999793553,"Increasing Batt Cap - High LFP Chemistry"
2049,"MN",114016.512335458,"Increasing Batt Cap - High LFP Chemistry"
2049,"MO",110449.787223865,"Increasing Batt Cap - High LFP Chemistry"
2049,"MS",49775.5435382981,"Increasing Batt Cap - High LFP Chemistry"
2049,"MT",19912.2079134153,"Increasing Batt Cap - High LFP Chemistry"
2049,"MX",602585.306662891,"Increasing Batt Cap - High LFP Chemistry"
2049,"NB",26477.8027161487,"Increasing Batt Cap - High LFP Chemistry"
2049,"NC",203151.671680075,"Increasing Batt Cap - High LFP Chemistry"
2049,"ND",17924.7171166761,"Increasing Batt Cap - High LFP Chemistry"
2049,"NE",38401.3250620921,"Increasing Batt Cap - High LFP Chemistry"
2049,"NH",28710.2004718934,"Increasing Batt Cap - High LFP Chemistry"
2049,"NJ",262279.029312789,"Increasing Batt Cap - High LFP Chemistry"
2049,"NL",15531.3028470282,"Increasing Batt Cap - High LFP Chemistry"
2049,"NM",50116.5746952488,"Increasing Batt Cap - High LFP Chemistry"
2049,"NS",30080.7681220458,"Increasing Batt Cap - High LFP Chemistry"
2049,"NT",1127.19432865246,"Increasing Batt Cap - High LFP Chemistry"
2049,"NU",346.682615379024,"Increasing Batt Cap - High LFP Chemistry"
2049,"NV",67994.8777906833,"Increasing Batt Cap - High LFP Chemistry"
2049,"NY",448693.599349934,"Increasing Batt Cap - High LFP Chemistry"
2049,"OH",209319.269665627,"Increasing Batt Cap - High LFP Chemistry"
2049,"OK",82480.2708878478,"Increasing Batt Cap - High LFP Chemistry"
2049,"ON",466596.064802902,"Increasing Batt Cap - High LFP Chemistry"
2049,"OR",124590.337967681,"Increasing Batt Cap - High LFP Chemistry"
2049,"PA",216650.476419884,"Increasing Batt Cap - High LFP Chemistry"
2049,"PE",5319.20606462782,"Increasing Batt Cap - High LFP Chemistry"
2049,"QC",259943.875229841,"Increasing Batt Cap - High LFP Chemistry"
2049,"RI",30455.9739289678,"Increasing Batt Cap - High LFP Chemistry"
2049,"SC",108720.517413422,"Increasing Batt Cap - High LFP Chemistry"
2049,"SD",18202.0546139879,"Increasing Batt Cap - High LFP Chemistry"
2049,"SK",41453.8055434238,"Increasing Batt Cap - High LFP Chemistry"
2049,"TN",139834.262963245,"Increasing Batt Cap - High LFP Chemistry"
2049,"TX",671503.010998353,"Increasing Batt Cap - High LFP Chemistry"
2049,"UT",78341.4919377128,"Increasing Batt Cap - High LFP Chemistry"
2049,"VA",187566.40369676,"Increasing Batt Cap - High LFP Chemistry"
2049,"VT",20064.8076376998,"Increasing Batt Cap - High LFP Chemistry"
2049,"WA",263496.776372643,"Increasing Batt Cap - High LFP Chemistry"
2049,"WI",108662.071289406,"Increasing Batt Cap - High LFP Chemistry"
2049,"WV",27755.570054718,"Increasing Batt Cap - High LFP Chemistry"
2049,"WY",10737.8738862794,"Increasing Batt Cap - High LFP Chemistry"
2049,"YT",1686.49273388055,"Increasing Batt Cap - High LFP Chemistry"
2050,"AB",193372.250161712,"Increasing Batt Cap - High LFP Chemistry"
2050,"AK",13825.8482830906,"Increasing Batt Cap - High LFP Chemistry"
2050,"AL",100735.757375678,"Increasing Batt Cap - High LFP Chemistry"
2050,"AR",56196.4322409142,"Increasing Batt Cap - High LFP Chemistry"
2050,"AZ",169004.047493221,"Increasing Batt Cap - High LFP Chemistry"
2050,"BC",184817.079194608,"Increasing Batt Cap - High LFP Chemistry"
2050,"CA",1319456.34014395,"Increasing Batt Cap - High LFP Chemistry"
2050,"CO",197329.954818147,"Increasing Batt Cap - High LFP Chemistry"
2050,"CT",68156.1905584026,"Increasing Batt Cap - High LFP Chemistry"
2050,"DC",16973.8637474532,"Increasing Batt Cap - High LFP Chemistry"
2050,"DE",24330.6690544213,"Increasing Batt Cap - High LFP Chemistry"
2050,"FL",525848.073528969,"Increasing Batt Cap - High LFP Chemistry"
2050,"GA",238483.434366659,"Increasing Batt Cap - High LFP Chemistry"
2050,"HI",31725.9233769795,"Increasing Batt Cap - High LFP Chemistry"
2050,"IA",64578.2228460043,"Increasing Batt Cap - High LFP Chemistry"
2050,"ID",50264.8432353937,"Increasing Batt Cap - High LFP Chemistry"
2050,"IL",233130.077458777,"Increasing Batt Cap - High LFP Chemistry"
2050,"IN",133955.330027173,"Increasing Batt Cap - High LFP Chemistry"
2050,"KS",55858.6320495364,"Increasing Batt Cap - High LFP Chemistry"
2050,"KY",85381.3965917398,"Increasing Batt Cap - High LFP Chemistry"
2050,"LA",83955.4932788953,"Increasing Batt Cap - High LFP Chemistry"
2050,"MA",225147.80106331,"Increasing Batt Cap - High LFP Chemistry"
2050,"MB",45898.9713924218,"Increasing Batt Cap - High LFP Chemistry"
2050,"MD",189918.456618467,"Increasing Batt Cap - High LFP Chemistry"
2050,"ME",28244.5302524857,"Increasing Batt Cap - High LFP Chemistry"
2050,"MI",187987.561749721,"Increasing Batt Cap - High LFP Chemistry"
2050,"MN",124089.161883961,"Increasing Batt Cap - High LFP Chemistry"
2050,"MO",119892.162265124,"Increasing Batt Cap - High LFP Chemistry"
2050,"MS",53628.6487251179,"Increasing Batt Cap - High LFP Chemistry"
2050,"MT",21671.1084269305,"Increasing Batt Cap - High LFP Chemistry"
2050,"MX",690083.393652076,"Increasing Batt Cap - High LFP Chemistry"
2050,"NB",28498.2132546184,"Increasing Batt Cap - High LFP Chemistry"
2050,"NC",221120.034922553,"Increasing Batt Cap - High LFP Chemistry"
2050,"ND",19596.801629735,"Increasing Batt Cap - High LFP Chemistry"
2050,"NE",41763.7614899486,"Increasing Batt Cap - High LFP Chemistry"
2050,"NH",31197.3348229685,"Increasing Batt Cap - High LFP Chemistry"
2050,"NJ",281751.259807899,"Increasing Batt Cap - High LFP Chemistry"
2050,"NL",16751.5009348295,"Increasing Batt Cap - High LFP Chemistry"
2050,"NM",52651.720245361,"Increasing Batt Cap - High LFP Chemistry"
2050,"NS",32374.288468272,"Increasing Batt Cap - High LFP Chemistry"
2050,"NT",1221.14416443508,"Increasing Batt Cap - High LFP Chemistry"
2050,"NU",366.753952268463,"Increasing Batt Cap - High LFP Chemistry"
2050,"NV",74249.3544836849,"Increasing Batt Cap - High LFP Chemistry"
2050,"NY",482279.934980986,"Increasing Batt Cap - High LFP Chemistry"
2050,"OH",226527.895139941,"Increasing Batt Cap - High LFP Chemistry"
2050,"OK",90369.1772637851,"Increasing Batt Cap - High LFP Chemistry"
2050,"ON",504525.429598495,"Increasing Batt Cap - High LFP Chemistry"
2050,"OR",133845.605122945,"Increasing Batt Cap - High LFP Chemistry"
2050,"PA",233709.804797257,"Increasing Batt Cap - High LFP Chemistry"
2050,"PE",5743.29473791816,"Increasing Batt Cap - High LFP Chemistry"
2050,"QC",280992.082920402,"Increasing Batt Cap - High LFP Chemistry"
2050,"RI",32681.8531966021,"Increasing Batt Cap - High LFP Chemistry"
2050,"SC",118307.004706683,"Increasing Batt Cap - High LFP Chemistry"
2050,"SD",19825.5296977975,"Increasing Batt Cap - High LFP Chemistry"
2050,"SK",44937.1094316809,"Increasing Batt Cap - High LFP Chemistry"
2050,"TN",152062.944801243,"Increasing Batt Cap - High LFP Chemistry"
2050,"TX",732749.64783378,"Increasing Batt Cap - High LFP Chemistry"
2050,"UT",85685.4824242641,"Increasing Batt Cap - High LFP Chemistry"
2050,"VA",204279.616302665,"Increasing Batt Cap - High LFP Chemistry"
2050,"VT",21581.246070987,"Increasing Batt Cap - High LFP Chemistry"
2050,"WA",283693.764448397,"Increasing Batt Cap - High LFP Chemistry"
2050,"WI",118050.337075124,"Increasing Batt Cap - High LFP Chemistry"
2050,"WV",29960.0226747219,"Increasing Batt Cap - High LFP Chemistry"
2050,"WY",11632.4141542422,"Increasing Batt Cap - High LFP Chemistry"
2050,"YT",1826.96353776594,"Increasing Batt Cap - High LFP Chemistry"
