Year,Scenario,Mineral,Recycling Scenario,Recycle_v_Demand,Capacity key,Chemistry key,Percent
2026,Increasing Batt Cap - Benchmark Chemistry,Cobalt,Recycling Limited to NA 2025 Online or Planned,0.0045215938709292,Increasing Batt Cap,Benchmark Chemistry,0.45215938709292003
2026,Increasing Batt Cap - Benchmark Chemistry,Cobalt,All Material is Recycled in NA,0.0045215938709292,Increasing Batt Cap,Benchmark Chemistry,0.45215938709292003
2027,Increasing Batt Cap - Benchmark Chemistry,Cobalt,Recycling Limited to NA 2025 Online or Planned,0.0055276157169264,Increasing Batt Cap,Benchmark Chemistry,0.55276157169264
2027,Increasing Batt Cap - Benchmark Chemistry,Cobalt,All Material is Recycled in NA,0.0055276157169264,Increasing Batt Cap,Benchmark Chemistry,0.55276157169264
2028,Increasing Batt Cap - Benchmark Chemistry,Cobalt,Recycling Limited to NA 2025 Online or Planned,0.0076076587847075,Increasing Batt Cap,Benchmark Chemistry,0.7607658784707501
2028,Increasing Batt Cap - Benchmark Chemistry,Cobalt,All Material is Recycled in NA,0.0076076587847075,Increasing Batt Cap,Benchmark Chemistry,0.7607658784707501
2029,Increasing Batt Cap - Benchmark Chemistry,Cobalt,Recycling Limited to NA 2025 Online or Planned,0.0101807198684755,Increasing Batt Cap,Benchmark Chemistry,1.0180719868475498
2029,Increasing Batt Cap - Benchmark Chemistry,Cobalt,All Material is Recycled in NA,0.0101807198684755,Increasing Batt Cap,Benchmark Chemistry,1.0180719868475498
2030,Increasing Batt Cap - Benchmark Chemistry,Cobalt,Recycling Limited to NA 2025 Online or Planned,0.0130377805114818,Increasing Batt Cap,Benchmark Chemistry,1.30377805114818
2030,Increasing Batt Cap - Benchmark Chemistry,Cobalt,All Material is Recycled in NA,0.0130377805114818,Increasing Batt Cap,Benchmark Chemistry,1.30377805114818
2031,Increasing Batt Cap - Benchmark Chemistry,Cobalt,Recycling Limited to NA 2025 Online or Planned,0.0168985404408973,Increasing Batt Cap,Benchmark Chemistry,1.68985404408973
2031,Increasing Batt Cap - Benchmark Chemistry,Cobalt,All Material is Recycled in NA,0.0168985404408973,Increasing Batt Cap,Benchmark Chemistry,1.68985404408973
2032,Increasing Batt Cap - Benchmark Chemistry,Cobalt,Recycling Limited to NA 2025 Online or Planned,0.0219590315472718,Increasing Batt Cap,Benchmark Chemistry,2.19590315472718
2032,Increasing Batt Cap - Benchmark Chemistry,Cobalt,All Material is Recycled in NA,0.0219590315472718,Increasing Batt Cap,Benchmark Chemistry,2.19590315472718
2033,Increasing Batt Cap - Benchmark Chemistry,Cobalt,Recycling Limited to NA 2025 Online or Planned,0.0266377016640176,Increasing Batt Cap,Benchmark Chemistry,2.66377016640176
2033,Increasing Batt Cap - Benchmark Chemistry,Cobalt,All Material is Recycled in NA,0.0266377016640176,Increasing Batt Cap,Benchmark Chemistry,2.66377016640176
2034,Increasing Batt Cap - Benchmark Chemistry,Cobalt,Recycling Limited to NA 2025 Online or Planned,0.0324836697520373,Increasing Batt Cap,Benchmark Chemistry,3.24836697520373
2034,Increasing Batt Cap - Benchmark Chemistry,Cobalt,All Material is Recycled in NA,0.0324836697520373,Increasing Batt Cap,Benchmark Chemistry,3.24836697520373
2035,Increasing Batt Cap - Benchmark Chemistry,Cobalt,Recycling Limited to NA 2025 Online or Planned,0.0402551909492988,Increasing Batt Cap,Benchmark Chemistry,4.02551909492988
2035,Increasing Batt Cap - Benchmark Chemistry,Cobalt,All Material is Recycled in NA,0.0402551909492988,Increasing Batt Cap,Benchmark Chemistry,4.02551909492988
2036,Increasing Batt Cap - Benchmark Chemistry,Cobalt,Recycling Limited to NA 2025 Online or Planned,0.0468453785792321,Increasing Batt Cap,Benchmark Chemistry,4.68453785792321
2036,Increasing Batt Cap - Benchmark Chemistry,Cobalt,All Material is Recycled in NA,0.0535859985022095,Increasing Batt Cap,Benchmark Chemistry,5.3585998502209495
2037,Increasing Batt Cap - Benchmark Chemistry,Cobalt,Recycling Limited to NA 2025 Online or Planned,0.0455106410381321,Increasing Batt Cap,Benchmark Chemistry,4.55106410381321
2037,Increasing Batt Cap - Benchmark Chemistry,Cobalt,All Material is Recycled in NA,0.0713313598884649,Increasing Batt Cap,Benchmark Chemistry,7.133135988846489
2038,Increasing Batt Cap - Benchmark Chemistry,Cobalt,Recycling Limited to NA 2025 Online or Planned,0.0444524648381318,Increasing Batt Cap,Benchmark Chemistry,4.44524648381318
2038,Increasing Batt Cap - Benchmark Chemistry,Cobalt,All Material is Recycled in NA,0.092964561541581,Increasing Batt Cap,Benchmark Chemistry,9.2964561541581
2039,Increasing Batt Cap - Benchmark Chemistry,Cobalt,Recycling Limited to NA 2025 Online or Planned,0.0442488094525266,Increasing Batt Cap,Benchmark Chemistry,4.42488094525266
2039,Increasing Batt Cap - Benchmark Chemistry,Cobalt,All Material is Recycled in NA,0.1263600910159174,Increasing Batt Cap,Benchmark Chemistry,12.636009101591739
2040,Increasing Batt Cap - Benchmark Chemistry,Cobalt,Recycling Limited to NA 2025 Online or Planned,0.0417767116743899,Increasing Batt Cap,Benchmark Chemistry,4.17767116743899
2040,Increasing Batt Cap - Benchmark Chemistry,Cobalt,All Material is Recycled in NA,0.1536515009241974,Increasing Batt Cap,Benchmark Chemistry,15.365150092419741
2041,Increasing Batt Cap - Benchmark Chemistry,Cobalt,Recycling Limited to NA 2025 Online or Planned,0.0401576697259063,Increasing Batt Cap,Benchmark Chemistry,4.01576697259063
2041,Increasing Batt Cap - Benchmark Chemistry,Cobalt,All Material is Recycled in NA,0.1862817180329625,Increasing Batt Cap,Benchmark Chemistry,18.62817180329625
2042,Increasing Batt Cap - Benchmark Chemistry,Cobalt,Recycling Limited to NA 2025 Online or Planned,0.0384984787779722,Increasing Batt Cap,Benchmark Chemistry,3.8498478777972203
2042,Increasing Batt Cap - Benchmark Chemistry,Cobalt,All Material is Recycled in NA,0.2198111436141374,Increasing Batt Cap,Benchmark Chemistry,21.981114361413738
2043,Increasing Batt Cap - Benchmark Chemistry,Cobalt,Recycling Limited to NA 2025 Online or Planned,0.0368543010279599,Increasing Batt Cap,Benchmark Chemistry,3.6854301027959897
2043,Increasing Batt Cap - Benchmark Chemistry,Cobalt,All Material is Recycled in NA,0.2555001134785422,Increasing Batt Cap,Benchmark Chemistry,25.550011347854216
2044,Increasing Batt Cap - Benchmark Chemistry,Cobalt,Recycling Limited to NA 2025 Online or Planned,0.0353990040032186,Increasing Batt Cap,Benchmark Chemistry,3.5399004003218595
2044,Increasing Batt Cap - Benchmark Chemistry,Cobalt,All Material is Recycled in NA,0.2940640524213769,Increasing Batt Cap,Benchmark Chemistry,29.40640524213769
2045,Increasing Batt Cap - Benchmark Chemistry,Cobalt,Recycling Limited to NA 2025 Online or Planned,0.0341402584477467,Increasing Batt Cap,Benchmark Chemistry,3.41402584477467
2045,Increasing Batt Cap - Benchmark Chemistry,Cobalt,All Material is Recycled in NA,0.3352853106643267,Increasing Batt Cap,Benchmark Chemistry,33.52853106643267
2046,Increasing Batt Cap - Benchmark Chemistry,Cobalt,Recycling Limited to NA 2025 Online or Planned,0.033066402849735,Increasing Batt Cap,Benchmark Chemistry,3.3066402849734997
2046,Increasing Batt Cap - Benchmark Chemistry,Cobalt,All Material is Recycled in NA,0.3789077543548215,Increasing Batt Cap,Benchmark Chemistry,37.89077543548215
2047,Increasing Batt Cap - Benchmark Chemistry,Cobalt,Recycling Limited to NA 2025 Online or Planned,0.0321760583257288,Increasing Batt Cap,Benchmark Chemistry,3.21760583257288
2047,Increasing Batt Cap - Benchmark Chemistry,Cobalt,All Material is Recycled in NA,0.4253450974228556,Increasing Batt Cap,Benchmark Chemistry,42.53450974228556
2048,Increasing Batt Cap - Benchmark Chemistry,Cobalt,Recycling Limited to NA 2025 Online or Planned,0.0314134351035384,Increasing Batt Cap,Benchmark Chemistry,3.1413435103538396
2048,Increasing Batt Cap - Benchmark Chemistry,Cobalt,All Material is Recycled in NA,0.4728814538114669,Increasing Batt Cap,Benchmark Chemistry,47.28814538114669
2049,Increasing Batt Cap - Benchmark Chemistry,Cobalt,Recycling Limited to NA 2025 Online or Planned,0.0307672718752686,Increasing Batt Cap,Benchmark Chemistry,3.07672718752686
2049,Increasing Batt Cap - Benchmark Chemistry,Cobalt,All Material is Recycled in NA,0.5210670597421346,Increasing Batt Cap,Benchmark Chemistry,52.10670597421346
2050,Increasing Batt Cap - Benchmark Chemistry,Cobalt,Recycling Limited to NA 2025 Online or Planned,0.030190461724359,Increasing Batt Cap,Benchmark Chemistry,3.0190461724359
2050,Increasing Batt Cap - Benchmark Chemistry,Cobalt,All Material is Recycled in NA,0.5665194039013981,Increasing Batt Cap,Benchmark Chemistry,56.65194039013981
2026,Increasing Batt Cap - High LFP Chemistry,Cobalt,Recycling Limited to NA 2025 Online or Planned,0.0046959028671185,Increasing Batt Cap,High LFP Chemistry,0.46959028671185005
2026,Increasing Batt Cap - High LFP Chemistry,Cobalt,All Material is Recycled in NA,0.0046959028671185,Increasing Batt Cap,High LFP Chemistry,0.46959028671185005
2027,Increasing Batt Cap - High LFP Chemistry,Cobalt,Recycling Limited to NA 2025 Online or Planned,0.006019422634526,Increasing Batt Cap,High LFP Chemistry,0.6019422634526
2027,Increasing Batt Cap - High LFP Chemistry,Cobalt,All Material is Recycled in NA,0.006019422634526,Increasing Batt Cap,High LFP Chemistry,0.6019422634526
2028,Increasing Batt Cap - High LFP Chemistry,Cobalt,Recycling Limited to NA 2025 Online or Planned,0.0085725979726628,Increasing Batt Cap,High LFP Chemistry,0.8572597972662801
2028,Increasing Batt Cap - High LFP Chemistry,Cobalt,All Material is Recycled in NA,0.0085725979726628,Increasing Batt Cap,High LFP Chemistry,0.8572597972662801
2029,Increasing Batt Cap - High LFP Chemistry,Cobalt,Recycling Limited to NA 2025 Online or Planned,0.0118183138597629,Increasing Batt Cap,High LFP Chemistry,1.1818313859762901
2029,Increasing Batt Cap - High LFP Chemistry,Cobalt,All Material is Recycled in NA,0.0118183138597629,Increasing Batt Cap,High LFP Chemistry,1.1818313859762901
2030,Increasing Batt Cap - High LFP Chemistry,Cobalt,Recycling Limited to NA 2025 Online or Planned,0.0155178905987082,Increasing Batt Cap,High LFP Chemistry,1.5517890598708202
2030,Increasing Batt Cap - High LFP Chemistry,Cobalt,All Material is Recycled in NA,0.0155178905987082,Increasing Batt Cap,High LFP Chemistry,1.5517890598708202
2031,Increasing Batt Cap - High LFP Chemistry,Cobalt,Recycling Limited to NA 2025 Online or Planned,0.0205055513831396,Increasing Batt Cap,High LFP Chemistry,2.05055513831396
2031,Increasing Batt Cap - High LFP Chemistry,Cobalt,All Material is Recycled in NA,0.0205055513831396,Increasing Batt Cap,High LFP Chemistry,2.05055513831396
2032,Increasing Batt Cap - High LFP Chemistry,Cobalt,Recycling Limited to NA 2025 Online or Planned,0.0272290536097765,Increasing Batt Cap,High LFP Chemistry,2.72290536097765
2032,Increasing Batt Cap - High LFP Chemistry,Cobalt,All Material is Recycled in NA,0.0272290536097765,Increasing Batt Cap,High LFP Chemistry,2.72290536097765
2033,Increasing Batt Cap - High LFP Chemistry,Cobalt,Recycling Limited to NA 2025 Online or Planned,0.0338380211755083,Increasing Batt Cap,High LFP Chemistry,3.3838021175508297
2033,Increasing Batt Cap - High LFP Chemistry,Cobalt,All Material is Recycled in NA,0.0338380211755083,Increasing Batt Cap,High LFP Chemistry,3.3838021175508297
2034,Increasing Batt Cap - High LFP Chemistry,Cobalt,Recycling Limited to NA 2025 Online or Planned,0.0422011853285121,Increasing Batt Cap,High LFP Chemistry,4.2201185328512105
2034,Increasing Batt Cap - High LFP Chemistry,Cobalt,All Material is Recycled in NA,0.0422011853285121,Increasing Batt Cap,High LFP Chemistry,4.2201185328512105
2035,Increasing Batt Cap - High LFP Chemistry,Cobalt,Recycling Limited to NA 2025 Online or Planned,0.053399818296986,Increasing Batt Cap,High LFP Chemistry,5.3399818296986
2035,Increasing Batt Cap - High LFP Chemistry,Cobalt,All Material is Recycled in NA,0.053399818296986,Increasing Batt Cap,High LFP Chemistry,5.3399818296986
2036,Increasing Batt Cap - High LFP Chemistry,Cobalt,Recycling Limited to NA 2025 Online or Planned,0.0628379165499565,Increasing Batt Cap,High LFP Chemistry,6.2837916549956505
2036,Increasing Batt Cap - High LFP Chemistry,Cobalt,All Material is Recycled in NA,0.0722016364937279,Increasing Batt Cap,High LFP Chemistry,7.2201636493727905
2037,Increasing Batt Cap - High LFP Chemistry,Cobalt,Recycling Limited to NA 2025 Online or Planned,0.0617153570750984,Increasing Batt Cap,High LFP Chemistry,6.17153570750984
2037,Increasing Batt Cap - High LFP Chemistry,Cobalt,All Material is Recycled in NA,0.0972513294828984,Increasing Batt Cap,High LFP Chemistry,9.72513294828984
2038,Increasing Batt Cap - High LFP Chemistry,Cobalt,Recycling Limited to NA 2025 Online or Planned,0.0608251929016507,Increasing Batt Cap,High LFP Chemistry,6.08251929016507
2038,Increasing Batt Cap - High LFP Chemistry,Cobalt,All Material is Recycled in NA,0.1280314930225438,Increasing Batt Cap,High LFP Chemistry,12.80314930225438
2039,Increasing Batt Cap - High LFP Chemistry,Cobalt,Recycling Limited to NA 2025 Online or Planned,0.0610097469486663,Increasing Batt Cap,High LFP Chemistry,6.10097469486663
2039,Increasing Batt Cap - High LFP Chemistry,Cobalt,All Material is Recycled in NA,0.1755239034623512,Increasing Batt Cap,High LFP Chemistry,17.552390346235118
2040,Increasing Batt Cap - High LFP Chemistry,Cobalt,Recycling Limited to NA 2025 Online or Planned,0.0582753025691484,Increasing Batt Cap,High LFP Chemistry,5.82753025691484
2040,Increasing Batt Cap - High LFP Chemistry,Cobalt,All Material is Recycled in NA,0.2163225130762005,Increasing Batt Cap,High LFP Chemistry,21.632251307620052
2041,Increasing Batt Cap - High LFP Chemistry,Cobalt,Recycling Limited to NA 2025 Online or Planned,0.0548959837366465,Increasing Batt Cap,High LFP Chemistry,5.48959837366465
2041,Increasing Batt Cap - High LFP Chemistry,Cobalt,All Material is Recycled in NA,0.2576643877355414,Increasing Batt Cap,High LFP Chemistry,25.76643877355414
2042,Increasing Batt Cap - High LFP Chemistry,Cobalt,Recycling Limited to NA 2025 Online or Planned,0.0513538254809966,Increasing Batt Cap,High LFP Chemistry,5.135382548099661
2042,Increasing Batt Cap - High LFP Chemistry,Cobalt,All Material is Recycled in NA,0.2975980770251139,Increasing Batt Cap,High LFP Chemistry,29.75980770251139
2043,Increasing Batt Cap - High LFP Chemistry,Cobalt,Recycling Limited to NA 2025 Online or Planned,0.0478375935338261,Increasing Batt Cap,High LFP Chemistry,4.78375935338261
2043,Increasing Batt Cap - High LFP Chemistry,Cobalt,All Material is Recycled in NA,0.3377674088066723,Increasing Batt Cap,High LFP Chemistry,33.77674088066723
2044,Increasing Batt Cap - High LFP Chemistry,Cobalt,Recycling Limited to NA 2025 Online or Planned,0.0446724120614381,Increasing Batt Cap,High LFP Chemistry,4.46724120614381
2044,Increasing Batt Cap - High LFP Chemistry,Cobalt,All Material is Recycled in NA,0.3793087981937205,Increasing Batt Cap,High LFP Chemistry,37.93087981937205
2045,Increasing Batt Cap - High LFP Chemistry,Cobalt,Recycling Limited to NA 2025 Online or Planned,0.0419257538306627,Increasing Batt Cap,High LFP Chemistry,4.19257538306627
2045,Increasing Batt Cap - High LFP Chemistry,Cobalt,All Material is Recycled in NA,0.422324599944119,Increasing Batt Cap,High LFP Chemistry,42.2324599944119
2046,Increasing Batt Cap - High LFP Chemistry,Cobalt,Recycling Limited to NA 2025 Online or Planned,0.0395594927348809,Increasing Batt Cap,High LFP Chemistry,3.95594927348809
2046,Increasing Batt Cap - High LFP Chemistry,Cobalt,All Material is Recycled in NA,0.4665206933314471,Increasing Batt Cap,High LFP Chemistry,46.65206933314471
2047,Increasing Batt Cap - High LFP Chemistry,Cobalt,Recycling Limited to NA 2025 Online or Planned,0.037522629153682,Increasing Batt Cap,High LFP Chemistry,3.7522629153682
2047,Increasing Batt Cap - High LFP Chemistry,Cobalt,All Material is Recycled in NA,0.512151470610106,Increasing Batt Cap,High LFP Chemistry,51.215147061010605
2048,Increasing Batt Cap - High LFP Chemistry,Cobalt,Recycling Limited to NA 2025 Online or Planned,0.0357249180110537,Increasing Batt Cap,High LFP Chemistry,3.57249180110537
2048,Increasing Batt Cap - High LFP Chemistry,Cobalt,All Material is Recycled in NA,0.5570385910277939,Increasing Batt Cap,High LFP Chemistry,55.70385910277938
2049,Increasing Batt Cap - High LFP Chemistry,Cobalt,Recycling Limited to NA 2025 Online or Planned,0.0341405738285713,Increasing Batt Cap,High LFP Chemistry,3.41405738285713
2049,Increasing Batt Cap - High LFP Chemistry,Cobalt,All Material is Recycled in NA,0.6007393771716898,Increasing Batt Cap,High LFP Chemistry,60.07393771716898
2050,Increasing Batt Cap - High LFP Chemistry,Cobalt,Recycling Limited to NA 2025 Online or Planned,0.0327257399460971,Increasing Batt Cap,High LFP Chemistry,3.27257399460971
2050,Increasing Batt Cap - High LFP Chemistry,Cobalt,All Material is Recycled in NA,0.6398399204958378,Increasing Batt Cap,High LFP Chemistry,63.98399204958378
2026,Decreasing Batt Cap - Benchmark Chemistry,Cobalt,Recycling Limited to NA 2025 Online or Planned,0.0050685649512106,Decreasing Batt Cap,Benchmark Chemistry,0.50685649512106
2026,Decreasing Batt Cap - Benchmark Chemistry,Cobalt,All Material is Recycled in NA,0.0050685649512106,Decreasing Batt Cap,Benchmark Chemistry,0.50685649512106
2027,Decreasing Batt Cap - Benchmark Chemistry,Cobalt,Recycling Limited to NA 2025 Online or Planned,0.0065252546861055,Decreasing Batt Cap,Benchmark Chemistry,0.6525254686105499
2027,Decreasing Batt Cap - Benchmark Chemistry,Cobalt,All Material is Recycled in NA,0.0065252546861055,Decreasing Batt Cap,Benchmark Chemistry,0.6525254686105499
2028,Decreasing Batt Cap - Benchmark Chemistry,Cobalt,Recycling Limited to NA 2025 Online or Planned,0.0094145816873056,Decreasing Batt Cap,Benchmark Chemistry,0.94145816873056
2028,Decreasing Batt Cap - Benchmark Chemistry,Cobalt,All Material is Recycled in NA,0.0094145816873056,Decreasing Batt Cap,Benchmark Chemistry,0.94145816873056
2029,Decreasing Batt Cap - Benchmark Chemistry,Cobalt,Recycling Limited to NA 2025 Online or Planned,0.013185764815972,Decreasing Batt Cap,Benchmark Chemistry,1.3185764815971999
2029,Decreasing Batt Cap - Benchmark Chemistry,Cobalt,All Material is Recycled in NA,0.013185764815972,Decreasing Batt Cap,Benchmark Chemistry,1.3185764815971999
2030,Decreasing Batt Cap - Benchmark Chemistry,Cobalt,Recycling Limited to NA 2025 Online or Planned,0.0176524882802729,Decreasing Batt Cap,Benchmark Chemistry,1.76524882802729
2030,Decreasing Batt Cap - Benchmark Chemistry,Cobalt,All Material is Recycled in NA,0.0176524882802729,Decreasing Batt Cap,Benchmark Chemistry,1.76524882802729
2031,Decreasing Batt Cap - Benchmark Chemistry,Cobalt,Recycling Limited to NA 2025 Online or Planned,0.0238529772656959,Decreasing Batt Cap,Benchmark Chemistry,2.38529772656959
2031,Decreasing Batt Cap - Benchmark Chemistry,Cobalt,All Material is Recycled in NA,0.0238529772656959,Decreasing Batt Cap,Benchmark Chemistry,2.38529772656959
2032,Decreasing Batt Cap - Benchmark Chemistry,Cobalt,Recycling Limited to NA 2025 Online or Planned,0.0322970198522756,Decreasing Batt Cap,Benchmark Chemistry,3.22970198522756
2032,Decreasing Batt Cap - Benchmark Chemistry,Cobalt,All Material is Recycled in NA,0.0322970198522756,Decreasing Batt Cap,Benchmark Chemistry,3.22970198522756
2033,Decreasing Batt Cap - Benchmark Chemistry,Cobalt,Recycling Limited to NA 2025 Online or Planned,0.0407227373259163,Decreasing Batt Cap,Benchmark Chemistry,4.07227373259163
2033,Decreasing Batt Cap - Benchmark Chemistry,Cobalt,All Material is Recycled in NA,0.0407227373259163,Decreasing Batt Cap,Benchmark Chemistry,4.07227373259163
2034,Decreasing Batt Cap - Benchmark Chemistry,Cobalt,Recycling Limited to NA 2025 Online or Planned,0.0514714778900235,Decreasing Batt Cap,Benchmark Chemistry,5.14714778900235
2034,Decreasing Batt Cap - Benchmark Chemistry,Cobalt,All Material is Recycled in NA,0.0514714778900235,Decreasing Batt Cap,Benchmark Chemistry,5.14714778900235
2035,Decreasing Batt Cap - Benchmark Chemistry,Cobalt,Recycling Limited to NA 2025 Online or Planned,0.0660370585051164,Decreasing Batt Cap,Benchmark Chemistry,6.60370585051164
2035,Decreasing Batt Cap - Benchmark Chemistry,Cobalt,All Material is Recycled in NA,0.0660370585051164,Decreasing Batt Cap,Benchmark Chemistry,6.60370585051164
2036,Decreasing Batt Cap - Benchmark Chemistry,Cobalt,Recycling Limited to NA 2025 Online or Planned,0.0880099788099928,Decreasing Batt Cap,Benchmark Chemistry,8.80099788099928
2036,Decreasing Batt Cap - Benchmark Chemistry,Cobalt,All Material is Recycled in NA,0.0880099788099928,Decreasing Batt Cap,Benchmark Chemistry,8.80099788099928
2037,Decreasing Batt Cap - Benchmark Chemistry,Cobalt,Recycling Limited to NA 2025 Online or Planned,0.1087486449268053,Decreasing Batt Cap,Benchmark Chemistry,10.87486449268053
2037,Decreasing Batt Cap - Benchmark Chemistry,Cobalt,All Material is Recycled in NA,0.117189357400846,Decreasing Batt Cap,Benchmark Chemistry,11.7189357400846
2038,Decreasing Batt Cap - Benchmark Chemistry,Cobalt,Recycling Limited to NA 2025 Online or Planned,0.1074146332412867,Decreasing Batt Cap,Benchmark Chemistry,10.74146332412867
2038,Decreasing Batt Cap - Benchmark Chemistry,Cobalt,All Material is Recycled in NA,0.15240366156418,Decreasing Batt Cap,Benchmark Chemistry,15.240366156418
2039,Decreasing Batt Cap - Benchmark Chemistry,Cobalt,Recycling Limited to NA 2025 Online or Planned,0.1075739080243197,Decreasing Batt Cap,Benchmark Chemistry,10.757390802431969
2039,Decreasing Batt Cap - Benchmark Chemistry,Cobalt,All Material is Recycled in NA,0.2067168169796034,Decreasing Batt Cap,Benchmark Chemistry,20.671681697960338
2040,Decreasing Batt Cap - Benchmark Chemistry,Cobalt,Recycling Limited to NA 2025 Online or Planned,0.1020766354173831,Decreasing Batt Cap,Benchmark Chemistry,10.20766354173831
2040,Decreasing Batt Cap - Benchmark Chemistry,Cobalt,All Material is Recycled in NA,0.2477220091717704,Decreasing Batt Cap,Benchmark Chemistry,24.772200917177038
2041,Decreasing Batt Cap - Benchmark Chemistry,Cobalt,Recycling Limited to NA 2025 Online or Planned,0.0973473773855887,Decreasing Batt Cap,Benchmark Chemistry,9.73473773855887
2041,Decreasing Batt Cap - Benchmark Chemistry,Cobalt,All Material is Recycled in NA,0.2910076976998466,Decreasing Batt Cap,Benchmark Chemistry,29.10076976998466
2042,Decreasing Batt Cap - Benchmark Chemistry,Cobalt,Recycling Limited to NA 2025 Online or Planned,0.0923346485819713,Decreasing Batt Cap,Benchmark Chemistry,9.233464858197129
2042,Decreasing Batt Cap - Benchmark Chemistry,Cobalt,All Material is Recycled in NA,0.3310243922173436,Decreasing Batt Cap,Benchmark Chemistry,33.10243922173436
2043,Decreasing Batt Cap - Benchmark Chemistry,Cobalt,Recycling Limited to NA 2025 Online or Planned,0.087294864684446,Decreasing Batt Cap,Benchmark Chemistry,8.7294864684446
2043,Decreasing Batt Cap - Benchmark Chemistry,Cobalt,All Material is Recycled in NA,0.3698070960296525,Decreasing Batt Cap,Benchmark Chemistry,36.98070960296525
2044,Decreasing Batt Cap - Benchmark Chemistry,Cobalt,Recycling Limited to NA 2025 Online or Planned,0.0828035324536907,Decreasing Batt Cap,Benchmark Chemistry,8.280353245369069
2044,Decreasing Batt Cap - Benchmark Chemistry,Cobalt,All Material is Recycled in NA,0.4087029772742359,Decreasing Batt Cap,Benchmark Chemistry,40.87029772742359
2045,Decreasing Batt Cap - Benchmark Chemistry,Cobalt,Recycling Limited to NA 2025 Online or Planned,0.0789150713242789,Decreasing Batt Cap,Benchmark Chemistry,7.89150713242789
2045,Decreasing Batt Cap - Benchmark Chemistry,Cobalt,All Material is Recycled in NA,0.4478452349425995,Decreasing Batt Cap,Benchmark Chemistry,44.78452349425995
2046,Decreasing Batt Cap - Benchmark Chemistry,Cobalt,Recycling Limited to NA 2025 Online or Planned,0.0756048914512461,Decreasing Batt Cap,Benchmark Chemistry,7.560489145124611
2046,Decreasing Batt Cap - Benchmark Chemistry,Cobalt,All Material is Recycled in NA,0.4871061898028662,Decreasing Batt Cap,Benchmark Chemistry,48.71061898028662
2047,Decreasing Batt Cap - Benchmark Chemistry,Cobalt,Recycling Limited to NA 2025 Online or Planned,0.0728379987784722,Decreasing Batt Cap,Benchmark Chemistry,7.283799877847221
2047,Decreasing Batt Cap - Benchmark Chemistry,Cobalt,All Material is Recycled in NA,0.5270067602439544,Decreasing Batt Cap,Benchmark Chemistry,52.70067602439544
2048,Decreasing Batt Cap - Benchmark Chemistry,Cobalt,Recycling Limited to NA 2025 Online or Planned,0.0704772143138793,Decreasing Batt Cap,Benchmark Chemistry,7.047721431387929
2048,Decreasing Batt Cap - Benchmark Chemistry,Cobalt,All Material is Recycled in NA,0.5656095302961638,Decreasing Batt Cap,Benchmark Chemistry,56.56095302961638
2049,Decreasing Batt Cap - Benchmark Chemistry,Cobalt,Recycling Limited to NA 2025 Online or Planned,0.0684723904062415,Decreasing Batt Cap,Benchmark Chemistry,6.84723904062415
2049,Decreasing Batt Cap - Benchmark Chemistry,Cobalt,All Material is Recycled in NA,0.6027300574091815,Decreasing Batt Cap,Benchmark Chemistry,60.27300574091815
2050,Decreasing Batt Cap - Benchmark Chemistry,Cobalt,Recycling Limited to NA 2025 Online or Planned,0.0667527022137892,Decreasing Batt Cap,Benchmark Chemistry,6.675270221378921
2050,Decreasing Batt Cap - Benchmark Chemistry,Cobalt,All Material is Recycled in NA,0.6366413943368816,Decreasing Batt Cap,Benchmark Chemistry,63.66413943368816
2026,Decreasing Batt Cap - High LFP Chemistry,Cobalt,Recycling Limited to NA 2025 Online or Planned,0.0052638413231774,Decreasing Batt Cap,High LFP Chemistry,0.52638413231774
2026,Decreasing Batt Cap - High LFP Chemistry,Cobalt,All Material is Recycled in NA,0.0052638413231774,Decreasing Batt Cap,High LFP Chemistry,0.52638413231774
2027,Decreasing Batt Cap - High LFP Chemistry,Cobalt,Recycling Limited to NA 2025 Online or Planned,0.0071052930244001,Decreasing Batt Cap,High LFP Chemistry,0.71052930244001
2027,Decreasing Batt Cap - High LFP Chemistry,Cobalt,All Material is Recycled in NA,0.0071052930244001,Decreasing Batt Cap,High LFP Chemistry,0.71052930244001
2028,Decreasing Batt Cap - High LFP Chemistry,Cobalt,Recycling Limited to NA 2025 Online or Planned,0.0106090697618013,Decreasing Batt Cap,High LFP Chemistry,1.06090697618013
2028,Decreasing Batt Cap - High LFP Chemistry,Cobalt,All Material is Recycled in NA,0.0106090697618013,Decreasing Batt Cap,High LFP Chemistry,1.06090697618013
2029,Decreasing Batt Cap - High LFP Chemistry,Cobalt,Recycling Limited to NA 2025 Online or Planned,0.015310373152336,Decreasing Batt Cap,High LFP Chemistry,1.5310373152336
2029,Decreasing Batt Cap - High LFP Chemistry,Cobalt,All Material is Recycled in NA,0.015310373152336,Decreasing Batt Cap,High LFP Chemistry,1.5310373152336
2030,Decreasing Batt Cap - High LFP Chemistry,Cobalt,Recycling Limited to NA 2025 Online or Planned,0.0210226544468117,Decreasing Batt Cap,High LFP Chemistry,2.10226544468117
2030,Decreasing Batt Cap - High LFP Chemistry,Cobalt,All Material is Recycled in NA,0.0210226544468117,Decreasing Batt Cap,High LFP Chemistry,2.10226544468117
2031,Decreasing Batt Cap - High LFP Chemistry,Cobalt,Recycling Limited to NA 2025 Online or Planned,0.028973498065475,Decreasing Batt Cap,High LFP Chemistry,2.8973498065475
2031,Decreasing Batt Cap - High LFP Chemistry,Cobalt,All Material is Recycled in NA,0.028973498065475,Decreasing Batt Cap,High LFP Chemistry,2.8973498065475
2032,Decreasing Batt Cap - High LFP Chemistry,Cobalt,Recycling Limited to NA 2025 Online or Planned,0.0401074278866807,Decreasing Batt Cap,High LFP Chemistry,4.01074278866807
2032,Decreasing Batt Cap - High LFP Chemistry,Cobalt,All Material is Recycled in NA,0.0401074278866807,Decreasing Batt Cap,High LFP Chemistry,4.01074278866807
2033,Decreasing Batt Cap - High LFP Chemistry,Cobalt,Recycling Limited to NA 2025 Online or Planned,0.0518375164495962,Decreasing Batt Cap,High LFP Chemistry,5.18375164495962
2033,Decreasing Batt Cap - High LFP Chemistry,Cobalt,All Material is Recycled in NA,0.0518375164495962,Decreasing Batt Cap,High LFP Chemistry,5.18375164495962
2034,Decreasing Batt Cap - High LFP Chemistry,Cobalt,Recycling Limited to NA 2025 Online or Planned,0.067056562003598,Decreasing Batt Cap,High LFP Chemistry,6.705656200359799
2034,Decreasing Batt Cap - High LFP Chemistry,Cobalt,All Material is Recycled in NA,0.067056562003598,Decreasing Batt Cap,High LFP Chemistry,6.705656200359799
2035,Decreasing Batt Cap - High LFP Chemistry,Cobalt,Recycling Limited to NA 2025 Online or Planned,0.0879167683472002,Decreasing Batt Cap,High LFP Chemistry,8.79167683472002
2035,Decreasing Batt Cap - High LFP Chemistry,Cobalt,All Material is Recycled in NA,0.0879167683472002,Decreasing Batt Cap,High LFP Chemistry,8.79167683472002
2036,Decreasing Batt Cap - High LFP Chemistry,Cobalt,Recycling Limited to NA 2025 Online or Planned,0.1191262870449939,Decreasing Batt Cap,High LFP Chemistry,11.91262870449939
2036,Decreasing Batt Cap - High LFP Chemistry,Cobalt,All Material is Recycled in NA,0.1191262870449939,Decreasing Batt Cap,High LFP Chemistry,11.91262870449939
2037,Decreasing Batt Cap - High LFP Chemistry,Cobalt,Recycling Limited to NA 2025 Online or Planned,0.1484131208631903,Decreasing Batt Cap,High LFP Chemistry,14.84131208631903
2037,Decreasing Batt Cap - High LFP Chemistry,Cobalt,All Material is Recycled in NA,0.1606734336165261,Decreasing Batt Cap,High LFP Chemistry,16.06734336165261
2038,Decreasing Batt Cap - High LFP Chemistry,Cobalt,Recycling Limited to NA 2025 Online or Planned,0.1481142420576036,Decreasing Batt Cap,High LFP Chemistry,14.81142420576036
2038,Decreasing Batt Cap - High LFP Chemistry,Cobalt,All Material is Recycled in NA,0.2113267361015705,Decreasing Batt Cap,High LFP Chemistry,21.13267361015705
2039,Decreasing Batt Cap - High LFP Chemistry,Cobalt,Recycling Limited to NA 2025 Online or Planned,0.1496212881161092,Decreasing Batt Cap,High LFP Chemistry,14.96212881161092
2039,Decreasing Batt Cap - High LFP Chemistry,Cobalt,All Material is Recycled in NA,0.2893630936852399,Decreasing Batt Cap,High LFP Chemistry,28.93630936852399
2040,Decreasing Batt Cap - High LFP Chemistry,Cobalt,Recycling Limited to NA 2025 Online or Planned,0.1437961576515364,Decreasing Batt Cap,High LFP Chemistry,14.37961576515364
2040,Decreasing Batt Cap - High LFP Chemistry,Cobalt,All Material is Recycled in NA,0.3518167827728027,Decreasing Batt Cap,High LFP Chemistry,35.18167827728027
2041,Decreasing Batt Cap - High LFP Chemistry,Cobalt,Recycling Limited to NA 2025 Online or Planned,0.1345405207911199,Decreasing Batt Cap,High LFP Chemistry,13.454052079111989
2041,Decreasing Batt Cap - High LFP Chemistry,Cobalt,All Material is Recycled in NA,0.406490058695535,Decreasing Batt Cap,High LFP Chemistry,40.6490058695535
2042,Decreasing Batt Cap - High LFP Chemistry,Cobalt,Recycling Limited to NA 2025 Online or Planned,0.1246122316337318,Decreasing Batt Cap,High LFP Chemistry,12.461223163373178
2042,Decreasing Batt Cap - High LFP Chemistry,Cobalt,All Material is Recycled in NA,0.4529187724956291,Decreasing Batt Cap,High LFP Chemistry,45.29187724956291
2043,Decreasing Batt Cap - High LFP Chemistry,Cobalt,Recycling Limited to NA 2025 Online or Planned,0.114657167022728,Decreasing Batt Cap,High LFP Chemistry,11.4657167022728
2043,Decreasing Batt Cap - High LFP Chemistry,Cobalt,All Material is Recycled in NA,0.4941648172904172,Decreasing Batt Cap,High LFP Chemistry,49.41648172904172
2044,Decreasing Batt Cap - High LFP Chemistry,Cobalt,Recycling Limited to NA 2025 Online or Planned,0.1056976481824871,Decreasing Batt Cap,High LFP Chemistry,10.56976481824871
2044,Decreasing Batt Cap - High LFP Chemistry,Cobalt,All Material is Recycled in NA,0.5327162419754141,Decreasing Batt Cap,High LFP Chemistry,53.27162419754141
2045,Decreasing Batt Cap - High LFP Chemistry,Cobalt,Recycling Limited to NA 2025 Online or Planned,0.0979632396360023,Decreasing Batt Cap,High LFP Chemistry,9.79632396360023
2045,Decreasing Batt Cap - High LFP Chemistry,Cobalt,All Material is Recycled in NA,0.5696903335777173,Decreasing Batt Cap,High LFP Chemistry,56.96903335777173
2046,Decreasing Batt Cap - High LFP Chemistry,Cobalt,Recycling Limited to NA 2025 Online or Planned,0.0913727049851855,Decreasing Batt Cap,High LFP Chemistry,9.13727049851855
2046,Decreasing Batt Cap - High LFP Chemistry,Cobalt,All Material is Recycled in NA,0.6052793412739433,Decreasing Batt Cap,High LFP Chemistry,60.52793412739433
2047,Decreasing Batt Cap - High LFP Chemistry,Cobalt,Recycling Limited to NA 2025 Online or Planned,0.0857569510562257,Decreasing Batt Cap,High LFP Chemistry,8.57569510562257
2047,Decreasing Batt Cap - High LFP Chemistry,Cobalt,All Material is Recycled in NA,0.6400269170244015,Decreasing Batt Cap,High LFP Chemistry,64.00269170244015
2048,Decreasing Batt Cap - High LFP Chemistry,Cobalt,Recycling Limited to NA 2025 Online or Planned,0.080876845256265,Decreasing Batt Cap,High LFP Chemistry,8.0876845256265
2048,Decreasing Batt Cap - High LFP Chemistry,Cobalt,All Material is Recycled in NA,0.6716013515418608,Decreasing Batt Cap,High LFP Chemistry,67.16013515418608
2049,Decreasing Batt Cap - High LFP Chemistry,Cobalt,Recycling Limited to NA 2025 Online or Planned,0.076627493662843,Decreasing Batt Cap,High LFP Chemistry,7.6627493662843
2049,Decreasing Batt Cap - High LFP Chemistry,Cobalt,All Material is Recycled in NA,0.7000116177838988,Decreasing Batt Cap,High LFP Chemistry,70.00116177838987
2050,Decreasing Batt Cap - High LFP Chemistry,Cobalt,Recycling Limited to NA 2025 Online or Planned,0.0729204342593569,Decreasing Batt Cap,High LFP Chemistry,7.29204342593569
2050,Decreasing Batt Cap - High LFP Chemistry,Cobalt,All Material is Recycled in NA,0.7237492943285615,Decreasing Batt Cap,High LFP Chemistry,72.37492943285615
2026,Increasing Batt Cap - Benchmark Chemistry,Copper,Recycling Limited to NA 2025 Online or Planned,0.0020692868132051,Increasing Batt Cap,Benchmark Chemistry,0.20692868132051
2026,Increasing Batt Cap - Benchmark Chemistry,Copper,All Material is Recycled in NA,0.0021842471917166,Increasing Batt Cap,Benchmark Chemistry,0.21842471917165998
2027,Increasing Batt Cap - Benchmark Chemistry,Copper,Recycling Limited to NA 2025 Online or Planned,0.003425790821579,Increasing Batt Cap,Benchmark Chemistry,0.3425790821579
2027,Increasing Batt Cap - Benchmark Chemistry,Copper,All Material is Recycled in NA,0.0036161125338889,Increasing Batt Cap,Benchmark Chemistry,0.36161125338889
2028,Increasing Batt Cap - Benchmark Chemistry,Copper,Recycling Limited to NA 2025 Online or Planned,0.0055340896605009,Increasing Batt Cap,Benchmark Chemistry,0.55340896605009
2028,Increasing Batt Cap - Benchmark Chemistry,Copper,All Material is Recycled in NA,0.0058415390860843,Increasing Batt Cap,Benchmark Chemistry,0.58415390860843
2029,Increasing Batt Cap - Benchmark Chemistry,Copper,Recycling Limited to NA 2025 Online or Planned,0.0080905780281941,Increasing Batt Cap,Benchmark Chemistry,0.8090578028194099
2029,Increasing Batt Cap - Benchmark Chemistry,Copper,All Material is Recycled in NA,0.008540054585316,Increasing Batt Cap,Benchmark Chemistry,0.8540054585316
2030,Increasing Batt Cap - Benchmark Chemistry,Copper,Recycling Limited to NA 2025 Online or Planned,0.0110767561274585,Increasing Batt Cap,Benchmark Chemistry,1.10767561274585
2030,Increasing Batt Cap - Benchmark Chemistry,Copper,All Material is Recycled in NA,0.0116921314678729,Increasing Batt Cap,Benchmark Chemistry,1.16921314678729
2031,Increasing Batt Cap - Benchmark Chemistry,Copper,Recycling Limited to NA 2025 Online or Planned,0.0149525124396647,Increasing Batt Cap,Benchmark Chemistry,1.49525124396647
2031,Increasing Batt Cap - Benchmark Chemistry,Copper,All Material is Recycled in NA,0.0157832075752017,Increasing Batt Cap,Benchmark Chemistry,1.5783207575201699
2032,Increasing Batt Cap - Benchmark Chemistry,Copper,Recycling Limited to NA 2025 Online or Planned,0.0200146626204421,Increasing Batt Cap,Benchmark Chemistry,2.00146626204421
2032,Increasing Batt Cap - Benchmark Chemistry,Copper,All Material is Recycled in NA,0.0211265883215778,Increasing Batt Cap,Benchmark Chemistry,2.11265883215778
2033,Increasing Batt Cap - Benchmark Chemistry,Copper,Recycling Limited to NA 2025 Online or Planned,0.0250440711993843,Increasing Batt Cap,Benchmark Chemistry,2.50440711993843
2033,Increasing Batt Cap - Benchmark Chemistry,Copper,All Material is Recycled in NA,0.026435408488239,Increasing Batt Cap,Benchmark Chemistry,2.6435408488239
2034,Increasing Batt Cap - Benchmark Chemistry,Copper,Recycling Limited to NA 2025 Online or Planned,0.0312289802150013,Increasing Batt Cap,Benchmark Chemistry,3.1228980215001303
2034,Increasing Batt Cap - Benchmark Chemistry,Copper,All Material is Recycled in NA,0.0329639235602791,Increasing Batt Cap,Benchmark Chemistry,3.29639235602791
2035,Increasing Batt Cap - Benchmark Chemistry,Copper,Recycling Limited to NA 2025 Online or Planned,0.0386067364402609,Increasing Batt Cap,Benchmark Chemistry,3.86067364402609
2035,Increasing Batt Cap - Benchmark Chemistry,Copper,All Material is Recycled in NA,0.0407515551313865,Increasing Batt Cap,Benchmark Chemistry,4.07515551313865
2036,Increasing Batt Cap - Benchmark Chemistry,Copper,Recycling Limited to NA 2025 Online or Planned,0.0464116269037839,Increasing Batt Cap,Benchmark Chemistry,4.64116269037839
2036,Increasing Batt Cap - Benchmark Chemistry,Copper,All Material is Recycled in NA,0.0530923544286414,Increasing Batt Cap,Benchmark Chemistry,5.30923544286414
2037,Increasing Batt Cap - Benchmark Chemistry,Copper,Recycling Limited to NA 2025 Online or Planned,0.0435686321797301,Increasing Batt Cap,Benchmark Chemistry,4.35686321797301
2037,Increasing Batt Cap - Benchmark Chemistry,Copper,All Material is Recycled in NA,0.0682970902875721,Increasing Batt Cap,Benchmark Chemistry,6.829709028757209
2038,Increasing Batt Cap - Benchmark Chemistry,Copper,Recycling Limited to NA 2025 Online or Planned,0.0410041973562387,Increasing Batt Cap,Benchmark Chemistry,4.10041973562387
2038,Increasing Batt Cap - Benchmark Chemistry,Copper,All Material is Recycled in NA,0.0857708052512386,Increasing Batt Cap,Benchmark Chemistry,8.577080525123861
2039,Increasing Batt Cap - Benchmark Chemistry,Copper,Recycling Limited to NA 2025 Online or Planned,0.0386137102365879,Increasing Batt Cap,Benchmark Chemistry,3.8613710236587897
2039,Increasing Batt Cap - Benchmark Chemistry,Copper,All Material is Recycled in NA,0.1102965399432633,Increasing Batt Cap,Benchmark Chemistry,11.02965399432633
2040,Increasing Batt Cap - Benchmark Chemistry,Copper,Recycling Limited to NA 2025 Online or Planned,0.0364304358052533,Increasing Batt Cap,Benchmark Chemistry,3.64304358052533
2040,Increasing Batt Cap - Benchmark Chemistry,Copper,All Material is Recycled in NA,0.1340285115983328,Increasing Batt Cap,Benchmark Chemistry,13.40285115983328
2041,Increasing Batt Cap - Benchmark Chemistry,Copper,Recycling Limited to NA 2025 Online or Planned,0.0352229656542439,Increasing Batt Cap,Benchmark Chemistry,3.52229656542439
2041,Increasing Batt Cap - Benchmark Chemistry,Copper,All Material is Recycled in NA,0.1634452763806197,Increasing Batt Cap,Benchmark Chemistry,16.34452763806197
2042,Increasing Batt Cap - Benchmark Chemistry,Copper,Recycling Limited to NA 2025 Online or Planned,0.0339681457552637,Increasing Batt Cap,Benchmark Chemistry,3.3968145755263697
2042,Increasing Batt Cap - Benchmark Chemistry,Copper,All Material is Recycled in NA,0.1940135823382165,Increasing Batt Cap,Benchmark Chemistry,19.40135823382165
2043,Increasing Batt Cap - Benchmark Chemistry,Copper,Recycling Limited to NA 2025 Online or Planned,0.032686276139779,Increasing Batt Cap,Benchmark Chemistry,3.2686276139779
2043,Increasing Batt Cap - Benchmark Chemistry,Copper,All Material is Recycled in NA,0.2266893305561638,Increasing Batt Cap,Benchmark Chemistry,22.66893305561638
2044,Increasing Batt Cap - Benchmark Chemistry,Copper,Recycling Limited to NA 2025 Online or Planned,0.0315013327431745,Increasing Batt Cap,Benchmark Chemistry,3.15013327431745
2044,Increasing Batt Cap - Benchmark Chemistry,Copper,All Material is Recycled in NA,0.2617877951831674,Increasing Batt Cap,Benchmark Chemistry,26.17877951831674
2045,Increasing Batt Cap - Benchmark Chemistry,Copper,Recycling Limited to NA 2025 Online or Planned,0.030468832620064,Increasing Batt Cap,Benchmark Chemistry,3.0468832620064
2045,Increasing Batt Cap - Benchmark Chemistry,Copper,All Material is Recycled in NA,0.2993497207886193,Increasing Batt Cap,Benchmark Chemistry,29.934972078861932
2046,Increasing Batt Cap - Benchmark Chemistry,Copper,Recycling Limited to NA 2025 Online or Planned,0.0295710049660644,Increasing Batt Cap,Benchmark Chemistry,2.95710049660644
2046,Increasing Batt Cap - Benchmark Chemistry,Copper,All Material is Recycled in NA,0.3389944435737463,Increasing Batt Cap,Benchmark Chemistry,33.899444357374634
2047,Increasing Batt Cap - Benchmark Chemistry,Copper,Recycling Limited to NA 2025 Online or Planned,0.0288003948764238,Increasing Batt Cap,Benchmark Chemistry,2.8800394876423803
2047,Increasing Batt Cap - Benchmark Chemistry,Copper,All Material is Recycled in NA,0.380883011545889,Increasing Batt Cap,Benchmark Chemistry,38.0883011545889
2048,Increasing Batt Cap - Benchmark Chemistry,Copper,Recycling Limited to NA 2025 Online or Planned,0.0281173976421896,Increasing Batt Cap,Benchmark Chemistry,2.81173976421896
2048,Increasing Batt Cap - Benchmark Chemistry,Copper,All Material is Recycled in NA,0.4234477921469922,Increasing Batt Cap,Benchmark Chemistry,42.344779214699216
2049,Increasing Batt Cap - Benchmark Chemistry,Copper,Recycling Limited to NA 2025 Online or Planned,0.0275630520375189,Increasing Batt Cap,Benchmark Chemistry,2.75630520375189
2049,Increasing Batt Cap - Benchmark Chemistry,Copper,All Material is Recycled in NA,0.4670066412444835,Increasing Batt Cap,Benchmark Chemistry,46.70066412444835
2050,Increasing Batt Cap - Benchmark Chemistry,Copper,Recycling Limited to NA 2025 Online or Planned,0.0271032212832531,Increasing Batt Cap,Benchmark Chemistry,2.71032212832531
2050,Increasing Batt Cap - Benchmark Chemistry,Copper,All Material is Recycled in NA,0.5088158559501923,Increasing Batt Cap,Benchmark Chemistry,50.88158559501923
2026,Increasing Batt Cap - High LFP Chemistry,Copper,Recycling Limited to NA 2025 Online or Planned,0.002050733531452,Increasing Batt Cap,High LFP Chemistry,0.2050733531452
2026,Increasing Batt Cap - High LFP Chemistry,Copper,All Material is Recycled in NA,0.0021646631720882,Increasing Batt Cap,High LFP Chemistry,0.21646631720881998
2027,Increasing Batt Cap - High LFP Chemistry,Copper,Recycling Limited to NA 2025 Online or Planned,0.0033559954299852,Increasing Batt Cap,High LFP Chemistry,0.33559954299851996
2027,Increasing Batt Cap - High LFP Chemistry,Copper,All Material is Recycled in NA,0.0035424396205399,Increasing Batt Cap,High LFP Chemistry,0.35424396205399
2028,Increasing Batt Cap - High LFP Chemistry,Copper,Recycling Limited to NA 2025 Online or Planned,0.0053773831381189,Increasing Batt Cap,High LFP Chemistry,0.5377383138118901
2028,Increasing Batt Cap - High LFP Chemistry,Copper,All Material is Recycled in NA,0.0056761266457922,Increasing Batt Cap,High LFP Chemistry,0.56761266457922
2029,Increasing Batt Cap - High LFP Chemistry,Copper,Recycling Limited to NA 2025 Online or Planned,0.0078048804476806,Increasing Batt Cap,High LFP Chemistry,0.78048804476806
2029,Increasing Batt Cap - High LFP Chemistry,Copper,All Material is Recycled in NA,0.0082384849169962,Increasing Batt Cap,High LFP Chemistry,0.82384849169962
2030,Increasing Batt Cap - High LFP Chemistry,Copper,Recycling Limited to NA 2025 Online or Planned,0.0106243970410024,Increasing Batt Cap,High LFP Chemistry,1.06243970410024
2030,Increasing Batt Cap - High LFP Chemistry,Copper,All Material is Recycled in NA,0.0112146413210581,Increasing Batt Cap,High LFP Chemistry,1.1214641321058099
2031,Increasing Batt Cap - High LFP Chemistry,Copper,Recycling Limited to NA 2025 Online or Planned,0.0142903065267062,Increasing Batt Cap,High LFP Chemistry,1.42903065267062
2031,Increasing Batt Cap - High LFP Chemistry,Copper,All Material is Recycled in NA,0.0150842124448566,Increasing Batt Cap,High LFP Chemistry,1.5084212444856602
2032,Increasing Batt Cap - High LFP Chemistry,Copper,Recycling Limited to NA 2025 Online or Planned,0.0190440960521506,Increasing Batt Cap,High LFP Chemistry,1.90440960521506
2032,Increasing Batt Cap - High LFP Chemistry,Copper,All Material is Recycled in NA,0.0201021013883812,Increasing Batt Cap,High LFP Chemistry,2.01021013883812
2033,Increasing Batt Cap - High LFP Chemistry,Copper,Recycling Limited to NA 2025 Online or Planned,0.0237101502377515,Increasing Batt Cap,High LFP Chemistry,2.3710150237751497
2033,Increasing Batt Cap - High LFP Chemistry,Copper,All Material is Recycled in NA,0.0250273808065155,Increasing Batt Cap,High LFP Chemistry,2.50273808065155
2034,Increasing Batt Cap - High LFP Chemistry,Copper,Recycling Limited to NA 2025 Online or Planned,0.0294380494743105,Increasing Batt Cap,High LFP Chemistry,2.94380494743105
2034,Increasing Batt Cap - High LFP Chemistry,Copper,All Material is Recycled in NA,0.0310734966673278,Increasing Batt Cap,High LFP Chemistry,3.10734966673278
2035,Increasing Batt Cap - High LFP Chemistry,Copper,Recycling Limited to NA 2025 Online or Planned,0.0362589730891419,Increasing Batt Cap,High LFP Chemistry,3.6258973089141904
2035,Increasing Batt Cap - High LFP Chemistry,Copper,All Material is Recycled in NA,0.0382733604829831,Increasing Batt Cap,High LFP Chemistry,3.8273360482983096
2036,Increasing Batt Cap - High LFP Chemistry,Copper,Recycling Limited to NA 2025 Online or Planned,0.0433066812572856,Increasing Batt Cap,High LFP Chemistry,4.33066812572856
2036,Increasing Batt Cap - High LFP Chemistry,Copper,All Material is Recycled in NA,0.0497625639013596,Increasing Batt Cap,High LFP Chemistry,4.97625639013596
2037,Increasing Batt Cap - High LFP Chemistry,Copper,Recycling Limited to NA 2025 Online or Planned,0.0405815726055248,Increasing Batt Cap,High LFP Chemistry,4.05815726055248
2037,Increasing Batt Cap - High LFP Chemistry,Copper,All Material is Recycled in NA,0.0639583240533693,Increasing Batt Cap,High LFP Chemistry,6.395832405336931
2038,Increasing Batt Cap - High LFP Chemistry,Copper,Recycling Limited to NA 2025 Online or Planned,0.0381371023982947,Increasing Batt Cap,High LFP Chemistry,3.81371023982947
2038,Increasing Batt Cap - High LFP Chemistry,Copper,All Material is Recycled in NA,0.0802933023537724,Increasing Batt Cap,High LFP Chemistry,8.02933023537724
2039,Increasing Batt Cap - High LFP Chemistry,Copper,Recycling Limited to NA 2025 Online or Planned,0.0358879070527794,Increasing Batt Cap,High LFP Chemistry,3.5887907052779404
2039,Increasing Batt Cap - High LFP Chemistry,Copper,All Material is Recycled in NA,0.1032783765380137,Increasing Batt Cap,High LFP Chemistry,10.32783765380137
2040,Increasing Batt Cap - High LFP Chemistry,Copper,Recycling Limited to NA 2025 Online or Planned,0.033772323572204,Increasing Batt Cap,High LFP Chemistry,3.3772323572204
2040,Increasing Batt Cap - High LFP Chemistry,Copper,All Material is Recycled in NA,0.1254082463416677,Increasing Batt Cap,High LFP Chemistry,12.54082463416677
2041,Increasing Batt Cap - High LFP Chemistry,Copper,Recycling Limited to NA 2025 Online or Planned,0.0326930777049303,Increasing Batt Cap,High LFP Chemistry,3.2693077704930302
2041,Increasing Batt Cap - High LFP Chemistry,Copper,All Material is Recycled in NA,0.1535110836101519,Increasing Batt Cap,High LFP Chemistry,15.35110836101519
2042,Increasing Batt Cap - High LFP Chemistry,Copper,Recycling Limited to NA 2025 Online or Planned,0.031567998815299,Increasing Batt Cap,High LFP Chemistry,3.1567998815299
2042,Increasing Batt Cap - High LFP Chemistry,Copper,All Material is Recycled in NA,0.1830177795082717,Increasing Batt Cap,High LFP Chemistry,18.30177795082717
2043,Increasing Batt Cap - High LFP Chemistry,Copper,Recycling Limited to NA 2025 Online or Planned,0.0304220921350571,Increasing Batt Cap,High LFP Chemistry,3.0422092135057097
2043,Increasing Batt Cap - High LFP Chemistry,Copper,All Material is Recycled in NA,0.2149048275315962,Increasing Batt Cap,High LFP Chemistry,21.490482753159622
2044,Increasing Batt Cap - High LFP Chemistry,Copper,Recycling Limited to NA 2025 Online or Planned,0.0293659253442921,Increasing Batt Cap,High LFP Chemistry,2.93659253442921
2044,Increasing Batt Cap - High LFP Chemistry,Copper,All Material is Recycled in NA,0.2494738258520707,Increasing Batt Cap,High LFP Chemistry,24.94738258520707
2045,Increasing Batt Cap - High LFP Chemistry,Copper,Recycling Limited to NA 2025 Online or Planned,0.0284479025269364,Increasing Batt Cap,High LFP Chemistry,2.84479025269364
2045,Increasing Batt Cap - High LFP Chemistry,Copper,All Material is Recycled in NA,0.2867225624048805,Increasing Batt Cap,High LFP Chemistry,28.672256240488046
2046,Increasing Batt Cap - High LFP Chemistry,Copper,Recycling Limited to NA 2025 Online or Planned,0.0276519214125662,Increasing Batt Cap,High LFP Chemistry,2.76519214125662
2046,Increasing Batt Cap - High LFP Chemistry,Copper,All Material is Recycled in NA,0.3262938529165908,Increasing Batt Cap,High LFP Chemistry,32.62938529165908
2047,Increasing Batt Cap - High LFP Chemistry,Copper,Recycling Limited to NA 2025 Online or Planned,0.0269736832581493,Increasing Batt Cap,High LFP Chemistry,2.6973683258149297
2047,Increasing Batt Cap - High LFP Chemistry,Copper,All Material is Recycled in NA,0.3684055657149795,Increasing Batt Cap,High LFP Chemistry,36.84055657149795
2048,Increasing Batt Cap - High LFP Chemistry,Copper,Recycling Limited to NA 2025 Online or Planned,0.0263779718376158,Increasing Batt Cap,High LFP Chemistry,2.63779718376158
2048,Increasing Batt Cap - High LFP Chemistry,Copper,All Material is Recycled in NA,0.4115783046634185,Increasing Batt Cap,High LFP Chemistry,41.15783046634185
2049,Increasing Batt Cap - High LFP Chemistry,Copper,Recycling Limited to NA 2025 Online or Planned,0.0259002035199678,Increasing Batt Cap,High LFP Chemistry,2.59002035199678
2049,Increasing Batt Cap - High LFP Chemistry,Copper,All Material is Recycled in NA,0.4560704045937369,Increasing Batt Cap,High LFP Chemistry,45.607040459373685
2050,Increasing Batt Cap - High LFP Chemistry,Copper,Recycling Limited to NA 2025 Online or Planned,0.0255099110322193,Increasing Batt Cap,High LFP Chemistry,2.55099110322193
2050,Increasing Batt Cap - High LFP Chemistry,Copper,All Material is Recycled in NA,0.4991383236860011,Increasing Batt Cap,High LFP Chemistry,49.91383236860011
2026,Decreasing Batt Cap - Benchmark Chemistry,Copper,Recycling Limited to NA 2025 Online or Planned,0.00231007911375,Decreasing Batt Cap,Benchmark Chemistry,0.23100791137499999
2026,Decreasing Batt Cap - Benchmark Chemistry,Copper,All Material is Recycled in NA,0.0024384168422917,Decreasing Batt Cap,Benchmark Chemistry,0.24384168422917
2027,Decreasing Batt Cap - Benchmark Chemistry,Copper,Recycling Limited to NA 2025 Online or Planned,0.003981341129271,Decreasing Batt Cap,Benchmark Chemistry,0.39813411292710005
2027,Decreasing Batt Cap - Benchmark Chemistry,Copper,All Material is Recycled in NA,0.0042025267475639,Decreasing Batt Cap,Benchmark Chemistry,0.42025267475639005
2028,Decreasing Batt Cap - Benchmark Chemistry,Copper,Recycling Limited to NA 2025 Online or Planned,0.0066465001049304,Decreasing Batt Cap,Benchmark Chemistry,0.66465001049304
2028,Decreasing Batt Cap - Benchmark Chemistry,Copper,All Material is Recycled in NA,0.0070157501107599,Decreasing Batt Cap,Benchmark Chemistry,0.70157501107599
2029,Decreasing Batt Cap - Benchmark Chemistry,Copper,Recycling Limited to NA 2025 Online or Planned,0.010055707770156,Decreasing Batt Cap,Benchmark Chemistry,1.0055707770156
2029,Decreasing Batt Cap - Benchmark Chemistry,Copper,All Material is Recycled in NA,0.0106143582018313,Decreasing Batt Cap,Benchmark Chemistry,1.06143582018313
2030,Decreasing Batt Cap - Benchmark Chemistry,Copper,Recycling Limited to NA 2025 Online or Planned,0.0142396344931647,Decreasing Batt Cap,Benchmark Chemistry,1.42396344931647
2030,Decreasing Batt Cap - Benchmark Chemistry,Copper,All Material is Recycled in NA,0.0150307252983405,Decreasing Batt Cap,Benchmark Chemistry,1.50307252983405
2031,Decreasing Batt Cap - Benchmark Chemistry,Copper,Recycling Limited to NA 2025 Online or Planned,0.0198284993311867,Decreasing Batt Cap,Benchmark Chemistry,1.98284993311867
2031,Decreasing Batt Cap - Benchmark Chemistry,Copper,All Material is Recycled in NA,0.0209300826273638,Decreasing Batt Cap,Benchmark Chemistry,2.09300826273638
2032,Decreasing Batt Cap - Benchmark Chemistry,Copper,Recycling Limited to NA 2025 Online or Planned,0.0274162421761017,Decreasing Batt Cap,Benchmark Chemistry,2.74162421761017
2032,Decreasing Batt Cap - Benchmark Chemistry,Copper,All Material is Recycled in NA,0.0289393667414407,Decreasing Batt Cap,Benchmark Chemistry,2.89393667414407
2033,Decreasing Batt Cap - Benchmark Chemistry,Copper,Recycling Limited to NA 2025 Online or Planned,0.03534634543072,Decreasing Batt Cap,Benchmark Chemistry,3.5346345430720003
2033,Decreasing Batt Cap - Benchmark Chemistry,Copper,All Material is Recycled in NA,0.0373100312879822,Decreasing Batt Cap,Benchmark Chemistry,3.73100312879822
2034,Decreasing Batt Cap - Benchmark Chemistry,Copper,Recycling Limited to NA 2025 Online or Planned,0.0452829955022064,Decreasing Batt Cap,Benchmark Chemistry,4.52829955022064
2034,Decreasing Batt Cap - Benchmark Chemistry,Copper,All Material is Recycled in NA,0.0477987174745512,Decreasing Batt Cap,Benchmark Chemistry,4.77987174745512
2035,Decreasing Batt Cap - Benchmark Chemistry,Copper,Recycling Limited to NA 2025 Online or Planned,0.0575202602582227,Decreasing Batt Cap,Benchmark Chemistry,5.7520260258222695
2035,Decreasing Batt Cap - Benchmark Chemistry,Copper,All Material is Recycled in NA,0.0607158302725684,Decreasing Batt Cap,Benchmark Chemistry,6.07158302725684
2036,Decreasing Batt Cap - Benchmark Chemistry,Copper,Recycling Limited to NA 2025 Online or Planned,0.0788346332846596,Decreasing Batt Cap,Benchmark Chemistry,7.88346332846596
2036,Decreasing Batt Cap - Benchmark Chemistry,Copper,All Material is Recycled in NA,0.0788346332846596,Decreasing Batt Cap,Benchmark Chemistry,7.88346332846596
2037,Decreasing Batt Cap - Benchmark Chemistry,Copper,Recycling Limited to NA 2025 Online or Planned,0.0938450403881126,Decreasing Batt Cap,Benchmark Chemistry,9.38450403881126
2037,Decreasing Batt Cap - Benchmark Chemistry,Copper,All Material is Recycled in NA,0.1011305172392941,Decreasing Batt Cap,Benchmark Chemistry,10.11305172392941
2038,Decreasing Batt Cap - Benchmark Chemistry,Copper,Recycling Limited to NA 2025 Online or Planned,0.08916913597368,Decreasing Batt Cap,Benchmark Chemistry,8.916913597368
2038,Decreasing Batt Cap - Benchmark Chemistry,Copper,All Material is Recycled in NA,0.1265244122953335,Decreasing Batt Cap,Benchmark Chemistry,12.652441229533352
2039,Decreasing Batt Cap - Benchmark Chemistry,Copper,Recycling Limited to NA 2025 Online or Planned,0.084801806732942,Decreasing Batt Cap,Benchmark Chemistry,8.4801806732942
2039,Decreasing Batt Cap - Benchmark Chemistry,Copper,All Material is Recycled in NA,0.1629746323769029,Decreasing Batt Cap,Benchmark Chemistry,16.29746323769029
2040,Decreasing Batt Cap - Benchmark Chemistry,Copper,Recycling Limited to NA 2025 Online or Planned,0.0807521209253505,Decreasing Batt Cap,Benchmark Chemistry,8.07521209253505
2040,Decreasing Batt Cap - Benchmark Chemistry,Copper,All Material is Recycled in NA,0.1959980905419698,Decreasing Batt Cap,Benchmark Chemistry,19.599809054196978
2041,Decreasing Batt Cap - Benchmark Chemistry,Copper,Recycling Limited to NA 2025 Online or Planned,0.0779927284980277,Decreasing Batt Cap,Benchmark Chemistry,7.79927284980277
2041,Decreasing Batt Cap - Benchmark Chemistry,Copper,All Material is Recycled in NA,0.2331876015270271,Decreasing Batt Cap,Benchmark Chemistry,23.318760152702712
2042,Decreasing Batt Cap - Benchmark Chemistry,Copper,Recycling Limited to NA 2025 Online or Planned,0.0750576065292579,Decreasing Batt Cap,Benchmark Chemistry,7.50576065292579
2042,Decreasing Batt Cap - Benchmark Chemistry,Copper,All Material is Recycled in NA,0.2691348296833306,Decreasing Batt Cap,Benchmark Chemistry,26.913482968333057
2043,Decreasing Batt Cap - Benchmark Chemistry,Copper,Recycling Limited to NA 2025 Online or Planned,0.0719930913307824,Decreasing Batt Cap,Benchmark Chemistry,7.1993091330782395
2043,Decreasing Batt Cap - Benchmark Chemistry,Copper,All Material is Recycled in NA,0.3050464234824935,Decreasing Batt Cap,Benchmark Chemistry,30.50464234824935
2044,Decreasing Batt Cap - Benchmark Chemistry,Copper,Recycling Limited to NA 2025 Online or Planned,0.0691774780577047,Decreasing Batt Cap,Benchmark Chemistry,6.91774780577047
2044,Decreasing Batt Cap - Benchmark Chemistry,Copper,All Material is Recycled in NA,0.3415230558216686,Decreasing Batt Cap,Benchmark Chemistry,34.15230558216686
2045,Decreasing Batt Cap - Benchmark Chemistry,Copper,Recycling Limited to NA 2025 Online or Planned,0.0667337769715312,Decreasing Batt Cap,Benchmark Chemistry,6.67337769715312
2045,Decreasing Batt Cap - Benchmark Chemistry,Copper,All Material is Recycled in NA,0.3788062963995343,Decreasing Batt Cap,Benchmark Chemistry,37.880629639953426
2046,Decreasing Batt Cap - Benchmark Chemistry,Copper,Recycling Limited to NA 2025 Online or Planned,0.064630059328523,Decreasing Batt Cap,Benchmark Chemistry,6.4630059328523
2046,Decreasing Batt Cap - Benchmark Chemistry,Copper,All Material is Recycled in NA,0.4165029475716337,Decreasing Batt Cap,Benchmark Chemistry,41.65029475716337
2047,Decreasing Batt Cap - Benchmark Chemistry,Copper,Recycling Limited to NA 2025 Online or Planned,0.0628341115307064,Decreasing Batt Cap,Benchmark Chemistry,6.28341115307064
2047,Decreasing Batt Cap - Benchmark Chemistry,Copper,All Material is Recycled in NA,0.4547467228875502,Decreasing Batt Cap,Benchmark Chemistry,45.474672288755016
2048,Decreasing Batt Cap - Benchmark Chemistry,Copper,Recycling Limited to NA 2025 Online or Planned,0.0612505544510332,Decreasing Batt Cap,Benchmark Chemistry,6.12505544510332
2048,Decreasing Batt Cap - Benchmark Chemistry,Copper,All Material is Recycled in NA,0.4916986616184249,Decreasing Batt Cap,Benchmark Chemistry,49.16986616184249
2049,Decreasing Batt Cap - Benchmark Chemistry,Copper,Recycling Limited to NA 2025 Online or Planned,0.0599614427426433,Decreasing Batt Cap,Benchmark Chemistry,5.99614427426433
2049,Decreasing Batt Cap - Benchmark Chemistry,Copper,All Material is Recycled in NA,0.5279651711289982,Decreasing Batt Cap,Benchmark Chemistry,52.79651711289982
2050,Decreasing Batt Cap - Benchmark Chemistry,Copper,Recycling Limited to NA 2025 Online or Planned,0.0588931179930664,Decreasing Batt Cap,Benchmark Chemistry,5.88931179930664
2050,Decreasing Batt Cap - Benchmark Chemistry,Copper,All Material is Recycled in NA,0.5618508727713364,Decreasing Batt Cap,Benchmark Chemistry,56.18508727713364
2026,Decreasing Batt Cap - High LFP Chemistry,Copper,Recycling Limited to NA 2025 Online or Planned,0.0022894632595978,Decreasing Batt Cap,High LFP Chemistry,0.22894632595978
2026,Decreasing Batt Cap - High LFP Chemistry,Copper,All Material is Recycled in NA,0.0024166556629088,Decreasing Batt Cap,High LFP Chemistry,0.24166556629088
2027,Decreasing Batt Cap - High LFP Chemistry,Copper,Recycling Limited to NA 2025 Online or Planned,0.0039007610994201,Decreasing Batt Cap,High LFP Chemistry,0.39007610994201003
2027,Decreasing Batt Cap - High LFP Chemistry,Copper,All Material is Recycled in NA,0.0041174700493879,Decreasing Batt Cap,High LFP Chemistry,0.41174700493878996
2028,Decreasing Batt Cap - High LFP Chemistry,Copper,Recycling Limited to NA 2025 Online or Planned,0.0064596288993154,Decreasing Batt Cap,High LFP Chemistry,0.64596288993154
2028,Decreasing Batt Cap - High LFP Chemistry,Copper,All Material is Recycled in NA,0.0068184971714996,Decreasing Batt Cap,High LFP Chemistry,0.68184971714996
2029,Decreasing Batt Cap - High LFP Chemistry,Copper,Recycling Limited to NA 2025 Online or Planned,0.0097033608612184,Decreasing Batt Cap,High LFP Chemistry,0.97033608612184
2029,Decreasing Batt Cap - High LFP Chemistry,Copper,All Material is Recycled in NA,0.0102424364646195,Decreasing Batt Cap,High LFP Chemistry,1.02424364646195
2030,Decreasing Batt Cap - High LFP Chemistry,Copper,Recycling Limited to NA 2025 Online or Planned,0.0136629531966478,Decreasing Batt Cap,High LFP Chemistry,1.36629531966478
2030,Decreasing Batt Cap - High LFP Chemistry,Copper,All Material is Recycled in NA,0.0144220061520171,Decreasing Batt Cap,High LFP Chemistry,1.44220061520171
2031,Decreasing Batt Cap - High LFP Chemistry,Copper,Recycling Limited to NA 2025 Online or Planned,0.0189586919928358,Decreasing Batt Cap,High LFP Chemistry,1.8958691992835799
2031,Decreasing Batt Cap - High LFP Chemistry,Copper,All Material is Recycled in NA,0.0200119526591045,Decreasing Batt Cap,High LFP Chemistry,2.00119526591045
2032,Decreasing Batt Cap - High LFP Chemistry,Copper,Recycling Limited to NA 2025 Online or Planned,0.0261002747815339,Decreasing Batt Cap,High LFP Chemistry,2.61002747815339
2032,Decreasing Batt Cap - High LFP Chemistry,Copper,All Material is Recycled in NA,0.0275502900471747,Decreasing Batt Cap,High LFP Chemistry,2.75502900471747
2033,Decreasing Batt Cap - High LFP Chemistry,Copper,Recycling Limited to NA 2025 Online or Planned,0.0334843431989015,Decreasing Batt Cap,High LFP Chemistry,3.34843431989015
2033,Decreasing Batt Cap - High LFP Chemistry,Copper,All Material is Recycled in NA,0.0353445844877293,Decreasing Batt Cap,High LFP Chemistry,3.53445844877293
2034,Decreasing Batt Cap - High LFP Chemistry,Copper,Recycling Limited to NA 2025 Online or Planned,0.0427171325134192,Decreasing Batt Cap,High LFP Chemistry,4.27171325134192
2034,Decreasing Batt Cap - High LFP Chemistry,Copper,All Material is Recycled in NA,0.0450903065419424,Decreasing Batt Cap,High LFP Chemistry,4.509030654194239
2035,Decreasing Batt Cap - High LFP Chemistry,Copper,Recycling Limited to NA 2025 Online or Planned,0.0540669054056828,Decreasing Batt Cap,High LFP Chemistry,5.40669054056828
2035,Decreasing Batt Cap - High LFP Chemistry,Copper,All Material is Recycled in NA,0.0570706223726652,Decreasing Batt Cap,High LFP Chemistry,5.70706223726652
2036,Decreasing Batt Cap - High LFP Chemistry,Copper,Recycling Limited to NA 2025 Online or Planned,0.073948225007998,Decreasing Batt Cap,High LFP Chemistry,7.394822500799799
2036,Decreasing Batt Cap - High LFP Chemistry,Copper,All Material is Recycled in NA,0.073948225007998,Decreasing Batt Cap,High LFP Chemistry,7.394822500799799
2037,Decreasing Batt Cap - High LFP Chemistry,Copper,Recycling Limited to NA 2025 Online or Planned,0.087538420460925,Decreasing Batt Cap,High LFP Chemistry,8.7538420460925
2037,Decreasing Batt Cap - High LFP Chemistry,Copper,All Material is Recycled in NA,0.0947715338106283,Decreasing Batt Cap,High LFP Chemistry,9.47715338106283
2038,Decreasing Batt Cap - High LFP Chemistry,Copper,Recycling Limited to NA 2025 Online or Planned,0.0830572504902371,Decreasing Batt Cap,High LFP Chemistry,8.30572504902371
2038,Decreasing Batt Cap - High LFP Chemistry,Copper,All Material is Recycled in NA,0.1185128864781585,Decreasing Batt Cap,High LFP Chemistry,11.85128864781585
2039,Decreasing Batt Cap - High LFP Chemistry,Copper,Recycling Limited to NA 2025 Online or Planned,0.0789314275071264,Decreasing Batt Cap,High LFP Chemistry,7.89314275071264
2039,Decreasing Batt Cap - High LFP Chemistry,Copper,All Material is Recycled in NA,0.1526687853049139,Decreasing Batt Cap,High LFP Chemistry,15.26687853049139
2040,Decreasing Batt Cap - High LFP Chemistry,Copper,Recycling Limited to NA 2025 Online or Planned,0.0749779092631126,Decreasing Batt Cap,High LFP Chemistry,7.49779092631126
2040,Decreasing Batt Cap - High LFP Chemistry,Copper,All Material is Recycled in NA,0.1834718958123154,Decreasing Batt Cap,High LFP Chemistry,18.34718958123154
2041,Decreasing Batt Cap - High LFP Chemistry,Copper,Recycling Limited to NA 2025 Online or Planned,0.0725028504434263,Decreasing Batt Cap,High LFP Chemistry,7.250285044342631
2041,Decreasing Batt Cap - High LFP Chemistry,Copper,All Material is Recycled in NA,0.219096002454251,Decreasing Batt Cap,High LFP Chemistry,21.9096002454251
2042,Decreasing Batt Cap - High LFP Chemistry,Copper,Recycling Limited to NA 2025 Online or Planned,0.069860630090055,Decreasing Batt Cap,High LFP Chemistry,6.9860630090055
2042,Decreasing Batt Cap - High LFP Chemistry,Copper,All Material is Recycled in NA,0.2539737594528172,Decreasing Batt Cap,High LFP Chemistry,25.39737594528172
2043,Decreasing Batt Cap - High LFP Chemistry,Copper,Recycling Limited to NA 2025 Online or Planned,0.0671085803603258,Decreasing Batt Cap,High LFP Chemistry,6.71085803603258
2043,Decreasing Batt Cap - High LFP Chemistry,Copper,All Material is Recycled in NA,0.2893083209914568,Decreasing Batt Cap,High LFP Chemistry,28.930832099145682
2044,Decreasing Batt Cap - High LFP Chemistry,Copper,Recycling Limited to NA 2025 Online or Planned,0.0645871720709116,Decreasing Batt Cap,High LFP Chemistry,6.458717207091159
2044,Decreasing Batt Cap - High LFP Chemistry,Copper,All Material is Recycled in NA,0.3256153836068041,Decreasing Batt Cap,High LFP Chemistry,32.56153836068041
2045,Decreasing Batt Cap - High LFP Chemistry,Copper,Recycling Limited to NA 2025 Online or Planned,0.0624028181970285,Decreasing Batt Cap,High LFP Chemistry,6.24028181970285
2045,Decreasing Batt Cap - High LFP Chemistry,Copper,All Material is Recycled in NA,0.3630142464822711,Decreasing Batt Cap,High LFP Chemistry,36.30142464822711
2046,Decreasing Batt Cap - High LFP Chemistry,Copper,Recycling Limited to NA 2025 Online or Planned,0.0605263507683388,Decreasing Batt Cap,High LFP Chemistry,6.05263507683388
2046,Decreasing Batt Cap - High LFP Chemistry,Copper,All Material is Recycled in NA,0.4010909342215223,Decreasing Batt Cap,High LFP Chemistry,40.10909342215223
2047,Decreasing Batt Cap - High LFP Chemistry,Copper,Recycling Limited to NA 2025 Online or Planned,0.0589338330324595,Decreasing Batt Cap,High LFP Chemistry,5.89338330324595
2047,Decreasing Batt Cap - High LFP Chemistry,Copper,All Material is Recycled in NA,0.4400155284487839,Decreasing Batt Cap,High LFP Chemistry,44.00155284487839
2048,Decreasing Batt Cap - High LFP Chemistry,Copper,Recycling Limited to NA 2025 Online or Planned,0.0575408092594147,Decreasing Batt Cap,High LFP Chemistry,5.75408092594147
2048,Decreasing Batt Cap - High LFP Chemistry,Copper,All Material is Recycled in NA,0.4780269458175896,Decreasing Batt Cap,High LFP Chemistry,47.802694581758956
2049,Decreasing Batt Cap - High LFP Chemistry,Copper,Recycling Limited to NA 2025 Online or Planned,0.0564178069900789,Decreasing Batt Cap,High LFP Chemistry,5.6417806990078905
2049,Decreasing Batt Cap - High LFP Chemistry,Copper,All Material is Recycled in NA,0.5156328641649525,Decreasing Batt Cap,High LFP Chemistry,51.563286416495245
2050,Decreasing Batt Cap - High LFP Chemistry,Copper,Recycling Limited to NA 2025 Online or Planned,0.0555011213695389,Decreasing Batt Cap,High LFP Chemistry,5.55011213695389
2050,Decreasing Batt Cap - High LFP Chemistry,Copper,All Material is Recycled in NA,0.551136307331177,Decreasing Batt Cap,High LFP Chemistry,55.1136307331177
2026,Increasing Batt Cap - Benchmark Chemistry,Graphite,Recycling Limited to NA 2025 Online or Planned,0.0,Increasing Batt Cap,Benchmark Chemistry,0.0
2026,Increasing Batt Cap - Benchmark Chemistry,Graphite,All Material is Recycled in NA,0.0022941242052952,Increasing Batt Cap,Benchmark Chemistry,0.22941242052952
2027,Increasing Batt Cap - Benchmark Chemistry,Graphite,Recycling Limited to NA 2025 Online or Planned,0.0,Increasing Batt Cap,Benchmark Chemistry,0.0
2027,Increasing Batt Cap - Benchmark Chemistry,Graphite,All Material is Recycled in NA,0.0035820508446244,Increasing Batt Cap,Benchmark Chemistry,0.35820508446244004
2028,Increasing Batt Cap - Benchmark Chemistry,Graphite,Recycling Limited to NA 2025 Online or Planned,0.0,Increasing Batt Cap,Benchmark Chemistry,0.0
2028,Increasing Batt Cap - Benchmark Chemistry,Graphite,All Material is Recycled in NA,0.0055792136650536,Increasing Batt Cap,Benchmark Chemistry,0.5579213665053601
2029,Increasing Batt Cap - Benchmark Chemistry,Graphite,Recycling Limited to NA 2025 Online or Planned,0.0,Increasing Batt Cap,Benchmark Chemistry,0.0
2029,Increasing Batt Cap - Benchmark Chemistry,Graphite,All Material is Recycled in NA,0.0080129734945174,Increasing Batt Cap,Benchmark Chemistry,0.80129734945174
2030,Increasing Batt Cap - Benchmark Chemistry,Graphite,Recycling Limited to NA 2025 Online or Planned,0.0,Increasing Batt Cap,Benchmark Chemistry,0.0
2030,Increasing Batt Cap - Benchmark Chemistry,Graphite,All Material is Recycled in NA,0.0108493891572505,Increasing Batt Cap,Benchmark Chemistry,1.08493891572505
2031,Increasing Batt Cap - Benchmark Chemistry,Graphite,Recycling Limited to NA 2025 Online or Planned,0.0,Increasing Batt Cap,Benchmark Chemistry,0.0
2031,Increasing Batt Cap - Benchmark Chemistry,Graphite,All Material is Recycled in NA,0.014574990381519,Increasing Batt Cap,Benchmark Chemistry,1.4574990381519
2032,Increasing Batt Cap - Benchmark Chemistry,Graphite,Recycling Limited to NA 2025 Online or Planned,0.0,Increasing Batt Cap,Benchmark Chemistry,0.0
2032,Increasing Batt Cap - Benchmark Chemistry,Graphite,All Material is Recycled in NA,0.0194859072910261,Increasing Batt Cap,Benchmark Chemistry,1.9485907291026099
2033,Increasing Batt Cap - Benchmark Chemistry,Graphite,Recycling Limited to NA 2025 Online or Planned,0.0,Increasing Batt Cap,Benchmark Chemistry,0.0
2033,Increasing Batt Cap - Benchmark Chemistry,Graphite,All Material is Recycled in NA,0.0243158584049349,Increasing Batt Cap,Benchmark Chemistry,2.43158584049349
2034,Increasing Batt Cap - Benchmark Chemistry,Graphite,Recycling Limited to NA 2025 Online or Planned,0.0,Increasing Batt Cap,Benchmark Chemistry,0.0
2034,Increasing Batt Cap - Benchmark Chemistry,Graphite,All Material is Recycled in NA,0.0302643110059514,Increasing Batt Cap,Benchmark Chemistry,3.0264311005951403
2035,Increasing Batt Cap - Benchmark Chemistry,Graphite,Recycling Limited to NA 2025 Online or Planned,0.0,Increasing Batt Cap,Benchmark Chemistry,0.0
2035,Increasing Batt Cap - Benchmark Chemistry,Graphite,All Material is Recycled in NA,0.0374587622729851,Increasing Batt Cap,Benchmark Chemistry,3.7458762272985098
2036,Increasing Batt Cap - Benchmark Chemistry,Graphite,Recycling Limited to NA 2025 Online or Planned,0.0428398769578071,Increasing Batt Cap,Benchmark Chemistry,4.28398769578071
2036,Increasing Batt Cap - Benchmark Chemistry,Graphite,All Material is Recycled in NA,0.0490082000635516,Increasing Batt Cap,Benchmark Chemistry,4.90082000635516
2037,Increasing Batt Cap - Benchmark Chemistry,Graphite,Recycling Limited to NA 2025 Online or Planned,0.0404253828411517,Increasing Batt Cap,Benchmark Chemistry,4.04253828411517
2037,Increasing Batt Cap - Benchmark Chemistry,Graphite,All Material is Recycled in NA,0.0633764584207012,Increasing Batt Cap,Benchmark Chemistry,6.3376458420701205
2038,Increasing Batt Cap - Benchmark Chemistry,Graphite,Recycling Limited to NA 2025 Online or Planned,0.0382215223961208,Increasing Batt Cap,Benchmark Chemistry,3.8221522396120795
2038,Increasing Batt Cap - Benchmark Chemistry,Graphite,All Material is Recycled in NA,0.0799625667525339,Increasing Batt Cap,Benchmark Chemistry,7.99625667525339
2039,Increasing Batt Cap - Benchmark Chemistry,Graphite,Recycling Limited to NA 2025 Online or Planned,0.0361763728292494,Increasing Batt Cap,Benchmark Chemistry,3.6176372829249397
2039,Increasing Batt Cap - Benchmark Chemistry,Graphite,All Material is Recycled in NA,0.103355065304294,Increasing Batt Cap,Benchmark Chemistry,10.3355065304294
2040,Increasing Batt Cap - Benchmark Chemistry,Graphite,Recycling Limited to NA 2025 Online or Planned,0.034135277624731,Increasing Batt Cap,Benchmark Chemistry,3.4135277624731
2040,Increasing Batt Cap - Benchmark Chemistry,Graphite,All Material is Recycled in NA,0.1256132701038078,Increasing Batt Cap,Benchmark Chemistry,12.56132701038078
2041,Increasing Batt Cap - Benchmark Chemistry,Graphite,Recycling Limited to NA 2025 Online or Planned,0.0329778177713661,Increasing Batt Cap,Benchmark Chemistry,3.2977817771366102
2041,Increasing Batt Cap - Benchmark Chemistry,Graphite,All Material is Recycled in NA,0.1530657295490385,Increasing Batt Cap,Benchmark Chemistry,15.30657295490385
2042,Increasing Batt Cap - Benchmark Chemistry,Graphite,Recycling Limited to NA 2025 Online or Planned,0.0317915536394749,Increasing Batt Cap,Benchmark Chemistry,3.1791553639474897
2042,Increasing Batt Cap - Benchmark Chemistry,Graphite,All Material is Recycled in NA,0.1816304710462448,Increasing Batt Cap,Benchmark Chemistry,18.16304710462448
2043,Increasing Batt Cap - Benchmark Chemistry,Graphite,Recycling Limited to NA 2025 Online or Planned,0.0306127686394606,Increasing Batt Cap,Benchmark Chemistry,3.06127686394606
2043,Increasing Batt Cap - Benchmark Chemistry,Graphite,All Material is Recycled in NA,0.2123691149469611,Increasing Batt Cap,Benchmark Chemistry,21.23691149469611
2044,Increasing Batt Cap - Benchmark Chemistry,Graphite,Recycling Limited to NA 2025 Online or Planned,0.0295511379536375,Increasing Batt Cap,Benchmark Chemistry,2.95511379536375
2044,Increasing Batt Cap - Benchmark Chemistry,Graphite,All Material is Recycled in NA,0.2456536979006918,Increasing Batt Cap,Benchmark Chemistry,24.56536979006918
2045,Increasing Batt Cap - Benchmark Chemistry,Graphite,Recycling Limited to NA 2025 Online or Planned,0.0286409138136624,Increasing Batt Cap,Benchmark Chemistry,2.8640913813662396
2045,Increasing Batt Cap - Benchmark Chemistry,Graphite,All Material is Recycled in NA,0.2814772257910466,Increasing Batt Cap,Benchmark Chemistry,28.147722579104663
2046,Increasing Batt Cap - Benchmark Chemistry,Graphite,Recycling Limited to NA 2025 Online or Planned,0.027857086804825,Increasing Batt Cap,Benchmark Chemistry,2.7857086804825
2046,Increasing Batt Cap - Benchmark Chemistry,Graphite,All Material is Recycled in NA,0.3194475090867721,Increasing Batt Cap,Benchmark Chemistry,31.94475090867721
2047,Increasing Batt Cap - Benchmark Chemistry,Graphite,Recycling Limited to NA 2025 Online or Planned,0.0271926510504928,Increasing Batt Cap,Benchmark Chemistry,2.71926510504928
2047,Increasing Batt Cap - Benchmark Chemistry,Graphite,All Material is Recycled in NA,0.35973656403875,Increasing Batt Cap,Benchmark Chemistry,35.973656403875
2048,Increasing Batt Cap - Benchmark Chemistry,Graphite,Recycling Limited to NA 2025 Online or Planned,0.0266086811715368,Increasing Batt Cap,Benchmark Chemistry,2.66086811715368
2048,Increasing Batt Cap - Benchmark Chemistry,Graphite,All Material is Recycled in NA,0.4008582199880939,Increasing Batt Cap,Benchmark Chemistry,40.085821998809394
2049,Increasing Batt Cap - Benchmark Chemistry,Graphite,Recycling Limited to NA 2025 Online or Planned,0.0261377016675821,Increasing Batt Cap,Benchmark Chemistry,2.61377016675821
2049,Increasing Batt Cap - Benchmark Chemistry,Graphite,All Material is Recycled in NA,0.4430046272398703,Increasing Batt Cap,Benchmark Chemistry,44.300462723987025
2050,Increasing Batt Cap - Benchmark Chemistry,Graphite,Recycling Limited to NA 2025 Online or Planned,0.0257478026609958,Increasing Batt Cap,Benchmark Chemistry,2.57478026609958
2050,Increasing Batt Cap - Benchmark Chemistry,Graphite,All Material is Recycled in NA,0.4835339012401388,Increasing Batt Cap,Benchmark Chemistry,48.35339012401388
2026,Increasing Batt Cap - High LFP Chemistry,Graphite,Recycling Limited to NA 2025 Online or Planned,0.0,Increasing Batt Cap,High LFP Chemistry,0.0
2026,Increasing Batt Cap - High LFP Chemistry,Graphite,All Material is Recycled in NA,0.0022906542625428,Increasing Batt Cap,High LFP Chemistry,0.22906542625428
2027,Increasing Batt Cap - High LFP Chemistry,Graphite,Recycling Limited to NA 2025 Online or Planned,0.0,Increasing Batt Cap,High LFP Chemistry,0.0
2027,Increasing Batt Cap - High LFP Chemistry,Graphite,All Material is Recycled in NA,0.0035697231442668,Increasing Batt Cap,High LFP Chemistry,0.35697231442668
2028,Increasing Batt Cap - High LFP Chemistry,Graphite,Recycling Limited to NA 2025 Online or Planned,0.0,Increasing Batt Cap,High LFP Chemistry,0.0
2028,Increasing Batt Cap - High LFP Chemistry,Graphite,All Material is Recycled in NA,0.0055525500645132,Increasing Batt Cap,High LFP Chemistry,0.55525500645132
2029,Increasing Batt Cap - High LFP Chemistry,Graphite,Recycling Limited to NA 2025 Online or Planned,0.0,Increasing Batt Cap,High LFP Chemistry,0.0
2029,Increasing Batt Cap - High LFP Chemistry,Graphite,All Material is Recycled in NA,0.0079651986066624,Increasing Batt Cap,High LFP Chemistry,0.79651986066624
2030,Increasing Batt Cap - High LFP Chemistry,Graphite,Recycling Limited to NA 2025 Online or Planned,0.0,Increasing Batt Cap,High LFP Chemistry,0.0
2030,Increasing Batt Cap - High LFP Chemistry,Graphite,All Material is Recycled in NA,0.0107750251177849,Increasing Batt Cap,High LFP Chemistry,1.07750251177849
2031,Increasing Batt Cap - High LFP Chemistry,Graphite,Recycling Limited to NA 2025 Online or Planned,0.0,Increasing Batt Cap,High LFP Chemistry,0.0
2031,Increasing Batt Cap - High LFP Chemistry,Graphite,All Material is Recycled in NA,0.0144668392385874,Increasing Batt Cap,High LFP Chemistry,1.4466839238587401
2032,Increasing Batt Cap - High LFP Chemistry,Graphite,Recycling Limited to NA 2025 Online or Planned,0.0,Increasing Batt Cap,High LFP Chemistry,0.0
2032,Increasing Batt Cap - High LFP Chemistry,Graphite,All Material is Recycled in NA,0.0193273738867388,Increasing Batt Cap,High LFP Chemistry,1.93273738867388
2033,Increasing Batt Cap - High LFP Chemistry,Graphite,Recycling Limited to NA 2025 Online or Planned,0.0,Increasing Batt Cap,High LFP Chemistry,0.0
2033,Increasing Batt Cap - High LFP Chemistry,Graphite,All Material is Recycled in NA,0.0240985768428358,Increasing Batt Cap,High LFP Chemistry,2.40985768428358
2034,Increasing Batt Cap - High LFP Chemistry,Graphite,Recycling Limited to NA 2025 Online or Planned,0.0,Increasing Batt Cap,High LFP Chemistry,0.0
2034,Increasing Batt Cap - High LFP Chemistry,Graphite,All Material is Recycled in NA,0.0299730416161348,Increasing Batt Cap,High LFP Chemistry,2.9973041616134797
2035,Increasing Batt Cap - High LFP Chemistry,Graphite,Recycling Limited to NA 2025 Online or Planned,0.0,Increasing Batt Cap,High LFP Chemistry,0.0
2035,Increasing Batt Cap - High LFP Chemistry,Graphite,All Material is Recycled in NA,0.0370761761051962,Increasing Batt Cap,High LFP Chemistry,3.70761761051962
2036,Increasing Batt Cap - High LFP Chemistry,Graphite,Recycling Limited to NA 2025 Online or Planned,0.0421989587360017,Increasing Batt Cap,High LFP Chemistry,4.21989587360017
2036,Increasing Batt Cap - High LFP Chemistry,Graphite,All Material is Recycled in NA,0.0484914712188673,Increasing Batt Cap,High LFP Chemistry,4.84914712188673
2037,Increasing Batt Cap - High LFP Chemistry,Graphite,Recycling Limited to NA 2025 Online or Planned,0.0397785011460429,Increasing Batt Cap,High LFP Chemistry,3.97785011460429
2037,Increasing Batt Cap - High LFP Chemistry,Graphite,All Material is Recycled in NA,0.0626992663211543,Increasing Batt Cap,High LFP Chemistry,6.26992663211543
2038,Increasing Batt Cap - High LFP Chemistry,Graphite,Recycling Limited to NA 2025 Online or Planned,0.0375663738323062,Increasing Batt Cap,High LFP Chemistry,3.75663738323062
2038,Increasing Batt Cap - High LFP Chemistry,Graphite,All Material is Recycled in NA,0.0791040335709077,Increasing Batt Cap,High LFP Chemistry,7.91040335709077
2039,Increasing Batt Cap - High LFP Chemistry,Graphite,Recycling Limited to NA 2025 Online or Planned,0.0355238756750879,Increasing Batt Cap,High LFP Chemistry,3.5523875675087897
2039,Increasing Batt Cap - High LFP Chemistry,Graphite,All Material is Recycled in NA,0.1022510990008254,Increasing Batt Cap,High LFP Chemistry,10.22510990008254
2040,Increasing Batt Cap - High LFP Chemistry,Graphite,Recycling Limited to NA 2025 Online or Planned,0.0334537041558348,Increasing Batt Cap,High LFP Chemistry,3.3453704155834796
2040,Increasing Batt Cap - High LFP Chemistry,Graphite,All Material is Recycled in NA,0.1242534459458371,Increasing Batt Cap,High LFP Chemistry,12.42534459458371
2041,Increasing Batt Cap - High LFP Chemistry,Graphite,Recycling Limited to NA 2025 Online or Planned,0.0322577902894821,Increasing Batt Cap,High LFP Chemistry,3.22577902894821
2041,Increasing Batt Cap - High LFP Chemistry,Graphite,All Material is Recycled in NA,0.1515052784031771,Increasing Batt Cap,High LFP Chemistry,15.150527840317709
2042,Increasing Batt Cap - High LFP Chemistry,Graphite,Recycling Limited to NA 2025 Online or Planned,0.031024001381302,Increasing Batt Cap,High LFP Chemistry,3.1024001381302
2042,Increasing Batt Cap - High LFP Chemistry,Graphite,All Material is Recycled in NA,0.1799119811994612,Increasing Batt Cap,High LFP Chemistry,17.99119811994612
2043,Increasing Batt Cap - High LFP Chemistry,Graphite,Recycling Limited to NA 2025 Online or Planned,0.0297952173176611,Increasing Batt Cap,High LFP Chemistry,2.97952173176611
2043,Increasing Batt Cap - High LFP Chemistry,Graphite,All Material is Recycled in NA,0.2105357555843891,Increasing Batt Cap,High LFP Chemistry,21.05357555843891
2044,Increasing Batt Cap - High LFP Chemistry,Graphite,Recycling Limited to NA 2025 Online or Planned,0.0286830514370841,Increasing Batt Cap,High LFP Chemistry,2.86830514370841
2044,Increasing Batt Cap - High LFP Chemistry,Graphite,All Material is Recycled in NA,0.2437440728811358,Increasing Batt Cap,High LFP Chemistry,24.37440728811358
2045,Increasing Batt Cap - High LFP Chemistry,Graphite,Recycling Limited to NA 2025 Online or Planned,0.0277251306457563,Increasing Batt Cap,High LFP Chemistry,2.77251306457563
2045,Increasing Batt Cap - High LFP Chemistry,Graphite,All Material is Recycled in NA,0.2795226676245362,Increasing Batt Cap,High LFP Chemistry,27.952266762453622
2046,Increasing Batt Cap - High LFP Chemistry,Graphite,Recycling Limited to NA 2025 Online or Planned,0.0268968838774507,Increasing Batt Cap,High LFP Chemistry,2.6896883877450697
2046,Increasing Batt Cap - High LFP Chemistry,Graphite,All Material is Recycled in NA,0.317483385192116,Increasing Batt Cap,High LFP Chemistry,31.7483385192116
2047,Increasing Batt Cap - High LFP Chemistry,Graphite,Recycling Limited to NA 2025 Online or Planned,0.026189348586605,Increasing Batt Cap,High LFP Chemistry,2.6189348586605
2047,Increasing Batt Cap - High LFP Chemistry,Graphite,All Material is Recycled in NA,0.3578065895203035,Increasing Batt Cap,High LFP Chemistry,35.78065895203035
2048,Increasing Batt Cap - High LFP Chemistry,Graphite,Recycling Limited to NA 2025 Online or Planned,0.0255648348321795,Increasing Batt Cap,High LFP Chemistry,2.55648348321795
2048,Increasing Batt Cap - High LFP Chemistry,Graphite,All Material is Recycled in NA,0.3990196516359021,Increasing Batt Cap,High LFP Chemistry,39.901965163590205
2049,Increasing Batt Cap - High LFP Chemistry,Graphite,Recycling Limited to NA 2025 Online or Planned,0.025053567112586,Increasing Batt Cap,High LFP Chemistry,2.5053567112586
2049,Increasing Batt Cap - High LFP Chemistry,Graphite,All Material is Recycled in NA,0.4413068044367755,Increasing Batt Cap,High LFP Chemistry,44.13068044367755
2050,Increasing Batt Cap - High LFP Chemistry,Graphite,Recycling Limited to NA 2025 Online or Planned,0.0246271640218774,Increasing Batt Cap,High LFP Chemistry,2.46271640218774
2050,Increasing Batt Cap - High LFP Chemistry,Graphite,All Material is Recycled in NA,0.482025883632356,Increasing Batt Cap,High LFP Chemistry,48.2025883632356
2026,Decreasing Batt Cap - Benchmark Chemistry,Graphite,Recycling Limited to NA 2025 Online or Planned,0.0,Decreasing Batt Cap,Benchmark Chemistry,0.0
2026,Decreasing Batt Cap - Benchmark Chemistry,Graphite,All Material is Recycled in NA,0.0025633147903552,Decreasing Batt Cap,Benchmark Chemistry,0.25633147903552
2027,Decreasing Batt Cap - Benchmark Chemistry,Graphite,Recycling Limited to NA 2025 Online or Planned,0.0,Decreasing Batt Cap,Benchmark Chemistry,0.0
2027,Decreasing Batt Cap - Benchmark Chemistry,Graphite,All Material is Recycled in NA,0.0041751758239566,Decreasing Batt Cap,Benchmark Chemistry,0.41751758239565995
2028,Decreasing Batt Cap - Benchmark Chemistry,Graphite,Recycling Limited to NA 2025 Online or Planned,0.0,Decreasing Batt Cap,Benchmark Chemistry,0.0
2028,Decreasing Batt Cap - Benchmark Chemistry,Graphite,All Material is Recycled in NA,0.0067319375144336,Decreasing Batt Cap,Benchmark Chemistry,0.67319375144336
2029,Decreasing Batt Cap - Benchmark Chemistry,Graphite,Recycling Limited to NA 2025 Online or Planned,0.0,Decreasing Batt Cap,Benchmark Chemistry,0.0
2029,Decreasing Batt Cap - Benchmark Chemistry,Graphite,All Material is Recycled in NA,0.0100233887056135,Decreasing Batt Cap,Benchmark Chemistry,1.0023388705613498
2030,Decreasing Batt Cap - Benchmark Chemistry,Graphite,Recycling Limited to NA 2025 Online or Planned,0.0,Decreasing Batt Cap,Benchmark Chemistry,0.0
2030,Decreasing Batt Cap - Benchmark Chemistry,Graphite,All Material is Recycled in NA,0.0140511990036481,Decreasing Batt Cap,Benchmark Chemistry,1.40511990036481
2031,Decreasing Batt Cap - Benchmark Chemistry,Graphite,Recycling Limited to NA 2025 Online or Planned,0.0,Decreasing Batt Cap,Benchmark Chemistry,0.0
2031,Decreasing Batt Cap - Benchmark Chemistry,Graphite,All Material is Recycled in NA,0.019498390650058,Decreasing Batt Cap,Benchmark Chemistry,1.9498390650058002
2032,Decreasing Batt Cap - Benchmark Chemistry,Graphite,Recycling Limited to NA 2025 Online or Planned,0.0,Decreasing Batt Cap,Benchmark Chemistry,0.0
2032,Decreasing Batt Cap - Benchmark Chemistry,Graphite,All Material is Recycled in NA,0.0269637398612322,Decreasing Batt Cap,Benchmark Chemistry,2.69637398612322
2033,Decreasing Batt Cap - Benchmark Chemistry,Graphite,Recycling Limited to NA 2025 Online or Planned,0.0,Decreasing Batt Cap,Benchmark Chemistry,0.0
2033,Decreasing Batt Cap - Benchmark Chemistry,Graphite,All Material is Recycled in NA,0.0347108614851152,Decreasing Batt Cap,Benchmark Chemistry,3.47108614851152
2034,Decreasing Batt Cap - Benchmark Chemistry,Graphite,Recycling Limited to NA 2025 Online or Planned,0.0,Decreasing Batt Cap,Benchmark Chemistry,0.0
2034,Decreasing Batt Cap - Benchmark Chemistry,Graphite,All Material is Recycled in NA,0.0444396210490227,Decreasing Batt Cap,Benchmark Chemistry,4.44396210490227
2035,Decreasing Batt Cap - Benchmark Chemistry,Graphite,Recycling Limited to NA 2025 Online or Planned,0.0,Decreasing Batt Cap,Benchmark Chemistry,0.0
2035,Decreasing Batt Cap - Benchmark Chemistry,Graphite,All Material is Recycled in NA,0.0565838730425153,Decreasing Batt Cap,Benchmark Chemistry,5.65838730425153
2036,Decreasing Batt Cap - Benchmark Chemistry,Graphite,Recycling Limited to NA 2025 Online or Planned,0.073847909471596,Decreasing Batt Cap,Benchmark Chemistry,7.3847909471596
2036,Decreasing Batt Cap - Benchmark Chemistry,Graphite,All Material is Recycled in NA,0.073847909471596,Decreasing Batt Cap,Benchmark Chemistry,7.3847909471596
2037,Decreasing Batt Cap - Benchmark Chemistry,Graphite,Recycling Limited to NA 2025 Online or Planned,0.0884382588389373,Decreasing Batt Cap,Benchmark Chemistry,8.84382588389373
2037,Decreasing Batt Cap - Benchmark Chemistry,Graphite,All Material is Recycled in NA,0.0953052462482205,Decreasing Batt Cap,Benchmark Chemistry,9.53052462482205
2038,Decreasing Batt Cap - Benchmark Chemistry,Graphite,Recycling Limited to NA 2025 Online or Planned,0.0844614838213139,Decreasing Batt Cap,Benchmark Chemistry,8.446148382131389
2038,Decreasing Batt Cap - Benchmark Chemistry,Graphite,All Material is Recycled in NA,0.1198513272313019,Decreasing Batt Cap,Benchmark Chemistry,11.98513272313019
2039,Decreasing Batt Cap - Benchmark Chemistry,Graphite,Recycling Limited to NA 2025 Online or Planned,0.0806969703586953,Decreasing Batt Cap,Benchmark Chemistry,8.069697035869531
2039,Decreasing Batt Cap - Benchmark Chemistry,Graphite,All Material is Recycled in NA,0.1551004769309173,Decreasing Batt Cap,Benchmark Chemistry,15.51004769309173
2040,Decreasing Batt Cap - Benchmark Chemistry,Graphite,Recycling Limited to NA 2025 Online or Planned,0.0767843562483986,Decreasing Batt Cap,Benchmark Chemistry,7.67843562483986
2040,Decreasing Batt Cap - Benchmark Chemistry,Graphite,All Material is Recycled in NA,0.1863900033095704,Decreasing Batt Cap,Benchmark Chemistry,18.63900033095704
2041,Decreasing Batt Cap - Benchmark Chemistry,Graphite,Recycling Limited to NA 2025 Online or Planned,0.0740077993626445,Decreasing Batt Cap,Benchmark Chemistry,7.40077993626445
2041,Decreasing Batt Cap - Benchmark Chemistry,Graphite,All Material is Recycled in NA,0.2213041907329316,Decreasing Batt Cap,Benchmark Chemistry,22.130419073293158
2042,Decreasing Batt Cap - Benchmark Chemistry,Graphite,Recycling Limited to NA 2025 Online or Planned,0.071090286441362,Decreasing Batt Cap,Benchmark Chemistry,7.109028644136201
2042,Decreasing Batt Cap - Benchmark Chemistry,Graphite,All Material is Recycled in NA,0.2549486458009981,Decreasing Batt Cap,Benchmark Chemistry,25.494864580099808
2043,Decreasing Batt Cap - Benchmark Chemistry,Graphite,Recycling Limited to NA 2025 Online or Planned,0.0681285733906084,Decreasing Batt Cap,Benchmark Chemistry,6.812857339060841
2043,Decreasing Batt Cap - Benchmark Chemistry,Graphite,All Material is Recycled in NA,0.2887205872732917,Decreasing Batt Cap,Benchmark Chemistry,28.87205872732917
2044,Decreasing Batt Cap - Benchmark Chemistry,Graphite,Recycling Limited to NA 2025 Online or Planned,0.0654720037763609,Decreasing Batt Cap,Benchmark Chemistry,6.54720037763609
2044,Decreasing Batt Cap - Benchmark Chemistry,Graphite,All Material is Recycled in NA,0.3232880269154972,Decreasing Batt Cap,Benchmark Chemistry,32.32880269154972
2045,Decreasing Batt Cap - Benchmark Chemistry,Graphite,Recycling Limited to NA 2025 Online or Planned,0.0632001674115894,Decreasing Batt Cap,Benchmark Chemistry,6.32001674115894
2045,Decreasing Batt Cap - Benchmark Chemistry,Graphite,All Material is Recycled in NA,0.3588170620305203,Decreasing Batt Cap,Benchmark Chemistry,35.881706203052026
2046,Decreasing Batt Cap - Benchmark Chemistry,Graphite,Recycling Limited to NA 2025 Online or Planned,0.0612622152222225,Decreasing Batt Cap,Benchmark Chemistry,6.12622152222225
2046,Decreasing Batt Cap - Benchmark Chemistry,Graphite,All Material is Recycled in NA,0.3948786075982002,Decreasing Batt Cap,Benchmark Chemistry,39.48786075982002
2047,Decreasing Batt Cap - Benchmark Chemistry,Graphite,Recycling Limited to NA 2025 Online or Planned,0.0596244147106789,Decreasing Batt Cap,Benchmark Chemistry,5.96244147106789
2047,Decreasing Batt Cap - Benchmark Chemistry,Graphite,All Material is Recycled in NA,0.4316070811349565,Decreasing Batt Cap,Benchmark Chemistry,43.16070811349565
2048,Decreasing Batt Cap - Benchmark Chemistry,Graphite,Recycling Limited to NA 2025 Online or Planned,0.0581922311195609,Decreasing Batt Cap,Benchmark Chemistry,5.81922311195609
2048,Decreasing Batt Cap - Benchmark Chemistry,Graphite,All Material is Recycled in NA,0.4672478130820933,Decreasing Batt Cap,Benchmark Chemistry,46.72478130820933
2049,Decreasing Batt Cap - Benchmark Chemistry,Graphite,Recycling Limited to NA 2025 Online or Planned,0.0570282819214012,Decreasing Batt Cap,Benchmark Chemistry,5.70282819214012
2049,Decreasing Batt Cap - Benchmark Chemistry,Graphite,All Material is Recycled in NA,0.5022492648220857,Decreasing Batt Cap,Benchmark Chemistry,50.224926482208566
2050,Decreasing Batt Cap - Benchmark Chemistry,Graphite,Recycling Limited to NA 2025 Online or Planned,0.0560689833992995,Decreasing Batt Cap,Benchmark Chemistry,5.60689833992995
2050,Decreasing Batt Cap - Benchmark Chemistry,Graphite,All Material is Recycled in NA,0.5350286895430741,Decreasing Batt Cap,Benchmark Chemistry,53.50286895430742
2026,Decreasing Batt Cap - High LFP Chemistry,Graphite,Recycling Limited to NA 2025 Online or Planned,0.0,Decreasing Batt Cap,High LFP Chemistry,0.0
2026,Decreasing Batt Cap - High LFP Chemistry,Graphite,All Material is Recycled in NA,0.0025594535058643,Decreasing Batt Cap,High LFP Chemistry,0.25594535058643
2027,Decreasing Batt Cap - High LFP Chemistry,Graphite,Recycling Limited to NA 2025 Online or Planned,0.0,Decreasing Batt Cap,High LFP Chemistry,0.0
2027,Decreasing Batt Cap - High LFP Chemistry,Graphite,All Material is Recycled in NA,0.0041608900997668,Decreasing Batt Cap,High LFP Chemistry,0.41608900997668
2028,Decreasing Batt Cap - High LFP Chemistry,Graphite,Recycling Limited to NA 2025 Online or Planned,0.0,Decreasing Batt Cap,High LFP Chemistry,0.0
2028,Decreasing Batt Cap - High LFP Chemistry,Graphite,All Material is Recycled in NA,0.0066999586292867,Decreasing Batt Cap,High LFP Chemistry,0.66999586292867
2029,Decreasing Batt Cap - High LFP Chemistry,Graphite,Recycling Limited to NA 2025 Online or Planned,0.0,Decreasing Batt Cap,High LFP Chemistry,0.0
2029,Decreasing Batt Cap - High LFP Chemistry,Graphite,All Material is Recycled in NA,0.0099640056348429,Decreasing Batt Cap,High LFP Chemistry,0.9964005634842901
2030,Decreasing Batt Cap - High LFP Chemistry,Graphite,Recycling Limited to NA 2025 Online or Planned,0.0,Decreasing Batt Cap,High LFP Chemistry,0.0
2030,Decreasing Batt Cap - High LFP Chemistry,Graphite,All Material is Recycled in NA,0.0139555206832011,Decreasing Batt Cap,High LFP Chemistry,1.3955520683201101
2031,Decreasing Batt Cap - High LFP Chemistry,Graphite,Recycling Limited to NA 2025 Online or Planned,0.0,Decreasing Batt Cap,High LFP Chemistry,0.0
2031,Decreasing Batt Cap - High LFP Chemistry,Graphite,All Material is Recycled in NA,0.0193547574890487,Decreasing Batt Cap,High LFP Chemistry,1.9354757489048702
2032,Decreasing Batt Cap - High LFP Chemistry,Graphite,Recycling Limited to NA 2025 Online or Planned,0.0,Decreasing Batt Cap,High LFP Chemistry,0.0
2032,Decreasing Batt Cap - High LFP Chemistry,Graphite,All Material is Recycled in NA,0.0267460350298929,Decreasing Batt Cap,High LFP Chemistry,2.67460350298929
2033,Decreasing Batt Cap - High LFP Chemistry,Graphite,Recycling Limited to NA 2025 Online or Planned,0.0,Decreasing Batt Cap,High LFP Chemistry,0.0
2033,Decreasing Batt Cap - High LFP Chemistry,Graphite,All Material is Recycled in NA,0.0344031864815525,Decreasing Batt Cap,High LFP Chemistry,3.4403186481552503
2034,Decreasing Batt Cap - High LFP Chemistry,Graphite,Recycling Limited to NA 2025 Online or Planned,0.0,Decreasing Batt Cap,High LFP Chemistry,0.0
2034,Decreasing Batt Cap - High LFP Chemistry,Graphite,All Material is Recycled in NA,0.0440156142095781,Decreasing Batt Cap,High LFP Chemistry,4.40156142095781
2035,Decreasing Batt Cap - High LFP Chemistry,Graphite,Recycling Limited to NA 2025 Online or Planned,0.0,Decreasing Batt Cap,High LFP Chemistry,0.0
2035,Decreasing Batt Cap - High LFP Chemistry,Graphite,All Material is Recycled in NA,0.056011157723488,Decreasing Batt Cap,High LFP Chemistry,5.6011157723488
2036,Decreasing Batt Cap - High LFP Chemistry,Graphite,Recycling Limited to NA 2025 Online or Planned,0.0730752486906431,Decreasing Batt Cap,High LFP Chemistry,7.307524869064309
2036,Decreasing Batt Cap - High LFP Chemistry,Graphite,All Material is Recycled in NA,0.0730752486906431,Decreasing Batt Cap,High LFP Chemistry,7.307524869064309
2037,Decreasing Batt Cap - High LFP Chemistry,Graphite,Recycling Limited to NA 2025 Online or Planned,0.0870950382306264,Decreasing Batt Cap,High LFP Chemistry,8.70950382306264
2037,Decreasing Batt Cap - High LFP Chemistry,Graphite,All Material is Recycled in NA,0.0942928283910235,Decreasing Batt Cap,High LFP Chemistry,9.42928283910235
2038,Decreasing Batt Cap - High LFP Chemistry,Graphite,Recycling Limited to NA 2025 Online or Planned,0.0830920514765338,Decreasing Batt Cap,High LFP Chemistry,8.30920514765338
2038,Decreasing Batt Cap - High LFP Chemistry,Graphite,All Material is Recycled in NA,0.1185692639002939,Decreasing Batt Cap,High LFP Chemistry,11.85692639002939
2039,Decreasing Batt Cap - High LFP Chemistry,Graphite,Recycling Limited to NA 2025 Online or Planned,0.0793255574717122,Decreasing Batt Cap,High LFP Chemistry,7.93255574717122
2039,Decreasing Batt Cap - High LFP Chemistry,Graphite,All Material is Recycled in NA,0.15344564167967,Decreasing Batt Cap,High LFP Chemistry,15.344564167967
2040,Decreasing Batt Cap - High LFP Chemistry,Graphite,Recycling Limited to NA 2025 Online or Planned,0.0753375718603393,Decreasing Batt Cap,High LFP Chemistry,7.533757186033931
2040,Decreasing Batt Cap - High LFP Chemistry,Graphite,All Material is Recycled in NA,0.184374077352862,Decreasing Batt Cap,High LFP Chemistry,18.4374077352862
2041,Decreasing Batt Cap - High LFP Chemistry,Graphite,Recycling Limited to NA 2025 Online or Planned,0.0724765840903365,Decreasing Batt Cap,High LFP Chemistry,7.24765840903365
2041,Decreasing Batt Cap - High LFP Chemistry,Graphite,All Material is Recycled in NA,0.2190472712958545,Decreasing Batt Cap,High LFP Chemistry,21.90472712958545
2042,Decreasing Batt Cap - High LFP Chemistry,Graphite,Recycling Limited to NA 2025 Online or Planned,0.069454059225443,Decreasing Batt Cap,High LFP Chemistry,6.9454059225443
2042,Decreasing Batt Cap - High LFP Chemistry,Graphite,All Material is Recycled in NA,0.252534698722057,Decreasing Batt Cap,High LFP Chemistry,25.253469872205702
2043,Decreasing Batt Cap - High LFP Chemistry,Graphite,Recycling Limited to NA 2025 Online or Planned,0.0663830468503028,Decreasing Batt Cap,High LFP Chemistry,6.63830468503028
2043,Decreasing Batt Cap - High LFP Chemistry,Graphite,All Material is Recycled in NA,0.2862286227885293,Decreasing Batt Cap,High LFP Chemistry,28.622862278852928
2044,Decreasing Batt Cap - High LFP Chemistry,Graphite,Recycling Limited to NA 2025 Online or Planned,0.0636166045698949,Decreasing Batt Cap,High LFP Chemistry,6.36166045698949
2044,Decreasing Batt Cap - High LFP Chemistry,Graphite,All Material is Recycled in NA,0.3207800058732183,Decreasing Batt Cap,High LFP Chemistry,32.07800058732183
2045,Decreasing Batt Cap - High LFP Chemistry,Graphite,Recycling Limited to NA 2025 Online or Planned,0.061242947099177,Decreasing Batt Cap,High LFP Chemistry,6.1242947099177
2045,Decreasing Batt Cap - High LFP Chemistry,Graphite,All Material is Recycled in NA,0.3563347618065891,Decreasing Batt Cap,High LFP Chemistry,35.63347618065891
2046,Decreasing Batt Cap - High LFP Chemistry,Graphite,Recycling Limited to NA 2025 Online or Planned,0.0592122735668595,Decreasing Batt Cap,High LFP Chemistry,5.92122735668595
2046,Decreasing Batt Cap - High LFP Chemistry,Graphite,All Material is Recycled in NA,0.3924610300577144,Decreasing Batt Cap,High LFP Chemistry,39.24610300577144
2047,Decreasing Batt Cap - High LFP Chemistry,Graphite,Recycling Limited to NA 2025 Online or Planned,0.0574866289140907,Decreasing Batt Cap,High LFP Chemistry,5.74866289140907
2047,Decreasing Batt Cap - High LFP Chemistry,Graphite,All Material is Recycled in NA,0.4292984760485431,Decreasing Batt Cap,High LFP Chemistry,42.92984760485431
2048,Decreasing Batt Cap - High LFP Chemistry,Graphite,Recycling Limited to NA 2025 Online or Planned,0.0559734793377292,Decreasing Batt Cap,High LFP Chemistry,5.5973479337729195
2048,Decreasing Batt Cap - High LFP Chemistry,Graphite,All Material is Recycled in NA,0.4651045990798026,Decreasing Batt Cap,High LFP Chemistry,46.51045990798026
2049,Decreasing Batt Cap - High LFP Chemistry,Graphite,Recycling Limited to NA 2025 Online or Planned,0.0547298275206017,Decreasing Batt Cap,High LFP Chemistry,5.472982752060171
2049,Decreasing Batt Cap - High LFP Chemistry,Graphite,All Material is Recycled in NA,0.5003140973295568,Decreasing Batt Cap,High LFP Chemistry,50.03140973295568
2050,Decreasing Batt Cap - High LFP Chemistry,Graphite,Recycling Limited to NA 2025 Online or Planned,0.0536974027145934,Decreasing Batt Cap,High LFP Chemistry,5.36974027145934
2050,Decreasing Batt Cap - High LFP Chemistry,Graphite,All Material is Recycled in NA,0.5333431054895525,Decreasing Batt Cap,High LFP Chemistry,53.33431054895526
2026,Increasing Batt Cap - Benchmark Chemistry,Lithium,Recycling Limited to NA 2025 Online or Planned,0.0,Increasing Batt Cap,Benchmark Chemistry,0.0
2026,Increasing Batt Cap - Benchmark Chemistry,Lithium,All Material is Recycled in NA,0.0022596817134813,Increasing Batt Cap,Benchmark Chemistry,0.22596817134813
2027,Increasing Batt Cap - Benchmark Chemistry,Lithium,Recycling Limited to NA 2025 Online or Planned,0.0,Increasing Batt Cap,Benchmark Chemistry,0.0
2027,Increasing Batt Cap - Benchmark Chemistry,Lithium,All Material is Recycled in NA,0.0033672050561272,Increasing Batt Cap,Benchmark Chemistry,0.33672050561272
2028,Increasing Batt Cap - Benchmark Chemistry,Lithium,Recycling Limited to NA 2025 Online or Planned,0.0,Increasing Batt Cap,Benchmark Chemistry,0.0
2028,Increasing Batt Cap - Benchmark Chemistry,Lithium,All Material is Recycled in NA,0.0051286443915207,Increasing Batt Cap,Benchmark Chemistry,0.51286443915207
2029,Increasing Batt Cap - Benchmark Chemistry,Lithium,Recycling Limited to NA 2025 Online or Planned,0.0,Increasing Batt Cap,Benchmark Chemistry,0.0
2029,Increasing Batt Cap - Benchmark Chemistry,Lithium,All Material is Recycled in NA,0.0072746231766323,Increasing Batt Cap,Benchmark Chemistry,0.72746231766323
2030,Increasing Batt Cap - Benchmark Chemistry,Lithium,Recycling Limited to NA 2025 Online or Planned,0.0,Increasing Batt Cap,Benchmark Chemistry,0.0
2030,Increasing Batt Cap - Benchmark Chemistry,Lithium,All Material is Recycled in NA,0.0097720021597137,Increasing Batt Cap,Benchmark Chemistry,0.9772002159713701
2031,Increasing Batt Cap - Benchmark Chemistry,Lithium,Recycling Limited to NA 2025 Online or Planned,0.0,Increasing Batt Cap,Benchmark Chemistry,0.0
2031,Increasing Batt Cap - Benchmark Chemistry,Lithium,All Material is Recycled in NA,0.013058087239012,Increasing Batt Cap,Benchmark Chemistry,1.3058087239012002
2032,Increasing Batt Cap - Benchmark Chemistry,Lithium,Recycling Limited to NA 2025 Online or Planned,0.0,Increasing Batt Cap,Benchmark Chemistry,0.0
2032,Increasing Batt Cap - Benchmark Chemistry,Lithium,All Material is Recycled in NA,0.0174017019285067,Increasing Batt Cap,Benchmark Chemistry,1.74017019285067
2033,Increasing Batt Cap - Benchmark Chemistry,Lithium,Recycling Limited to NA 2025 Online or Planned,0.0,Increasing Batt Cap,Benchmark Chemistry,0.0
2033,Increasing Batt Cap - Benchmark Chemistry,Lithium,All Material is Recycled in NA,0.0216442387524672,Increasing Batt Cap,Benchmark Chemistry,2.1644238752467198
2034,Increasing Batt Cap - Benchmark Chemistry,Lithium,Recycling Limited to NA 2025 Online or Planned,0.0,Increasing Batt Cap,Benchmark Chemistry,0.0
2034,Increasing Batt Cap - Benchmark Chemistry,Lithium,All Material is Recycled in NA,0.0268790022330838,Increasing Batt Cap,Benchmark Chemistry,2.68790022330838
2035,Increasing Batt Cap - Benchmark Chemistry,Lithium,Recycling Limited to NA 2025 Online or Planned,0.0,Increasing Batt Cap,Benchmark Chemistry,0.0
2035,Increasing Batt Cap - Benchmark Chemistry,Lithium,All Material is Recycled in NA,0.033278038592414,Increasing Batt Cap,Benchmark Chemistry,3.3278038592414
2036,Increasing Batt Cap - Benchmark Chemistry,Lithium,Recycling Limited to NA 2025 Online or Planned,0.0381425965631347,Increasing Batt Cap,Benchmark Chemistry,3.81425965631347
2036,Increasing Batt Cap - Benchmark Chemistry,Lithium,All Material is Recycled in NA,0.0436325139021123,Increasing Batt Cap,Benchmark Chemistry,4.3632513902112295
2037,Increasing Batt Cap - Benchmark Chemistry,Lithium,Recycling Limited to NA 2025 Online or Planned,0.0361165414436982,Increasing Batt Cap,Benchmark Chemistry,3.61165414436982
2037,Increasing Batt Cap - Benchmark Chemistry,Lithium,All Material is Recycled in NA,0.0566133943576971,Increasing Batt Cap,Benchmark Chemistry,5.66133943576971
2038,Increasing Batt Cap - Benchmark Chemistry,Lithium,Recycling Limited to NA 2025 Online or Planned,0.0342699600075485,Increasing Batt Cap,Benchmark Chemistry,3.42699600075485
2038,Increasing Batt Cap - Benchmark Chemistry,Lithium,All Material is Recycled in NA,0.0716807328361782,Increasing Batt Cap,Benchmark Chemistry,7.16807328361782
2039,Increasing Batt Cap - Benchmark Chemistry,Lithium,Recycling Limited to NA 2025 Online or Planned,0.0326025455366673,Increasing Batt Cap,Benchmark Chemistry,3.2602545536667296
2039,Increasing Batt Cap - Benchmark Chemistry,Lithium,All Material is Recycled in NA,0.0931201676120665,Increasing Batt Cap,Benchmark Chemistry,9.31201676120665
2040,Increasing Batt Cap - Benchmark Chemistry,Lithium,Recycling Limited to NA 2025 Online or Planned,0.030759785445747,Increasing Batt Cap,Benchmark Chemistry,3.0759785445747
2040,Increasing Batt Cap - Benchmark Chemistry,Lithium,All Material is Recycled in NA,0.1131575603412948,Increasing Batt Cap,Benchmark Chemistry,11.31575603412948
2041,Increasing Batt Cap - Benchmark Chemistry,Lithium,Recycling Limited to NA 2025 Online or Planned,0.0296971013503708,Increasing Batt Cap,Benchmark Chemistry,2.96971013503708
2041,Increasing Batt Cap - Benchmark Chemistry,Lithium,All Material is Recycled in NA,0.1377921399201776,Increasing Batt Cap,Benchmark Chemistry,13.77921399201776
2042,Increasing Batt Cap - Benchmark Chemistry,Lithium,Recycling Limited to NA 2025 Online or Planned,0.0286107375769878,Increasing Batt Cap,Benchmark Chemistry,2.86107375769878
2042,Increasing Batt Cap - Benchmark Chemistry,Lithium,All Material is Recycled in NA,0.1633996099889497,Increasing Batt Cap,Benchmark Chemistry,16.33996099889497
2043,Increasing Batt Cap - Benchmark Chemistry,Lithium,Recycling Limited to NA 2025 Online or Planned,0.0275345819038284,Increasing Batt Cap,Benchmark Chemistry,2.75345819038284
2043,Increasing Batt Cap - Benchmark Chemistry,Lithium,All Material is Recycled in NA,0.1909430696226077,Increasing Batt Cap,Benchmark Chemistry,19.09430696226077
2044,Increasing Batt Cap - Benchmark Chemistry,Lithium,Recycling Limited to NA 2025 Online or Planned,0.0265704255543184,Increasing Batt Cap,Benchmark Chemistry,2.6570425554318398
2044,Increasing Batt Cap - Benchmark Chemistry,Lithium,All Material is Recycled in NA,0.2207889746906046,Increasing Batt Cap,Benchmark Chemistry,22.07889746906046
2045,Increasing Batt Cap - Benchmark Chemistry,Lithium,Recycling Limited to NA 2025 Online or Planned,0.0257447846245513,Increasing Batt Cap,Benchmark Chemistry,2.57447846245513
2045,Increasing Batt Cap - Benchmark Chemistry,Lithium,All Material is Recycled in NA,0.2529121500955892,Increasing Batt Cap,Benchmark Chemistry,25.291215009558922
2046,Increasing Batt Cap - Benchmark Chemistry,Lithium,Recycling Limited to NA 2025 Online or Planned,0.0250355214139503,Increasing Batt Cap,Benchmark Chemistry,2.50355214139503
2046,Increasing Batt Cap - Benchmark Chemistry,Lithium,All Material is Recycled in NA,0.2869721787805169,Increasing Batt Cap,Benchmark Chemistry,28.69721787805169
2047,Increasing Batt Cap - Benchmark Chemistry,Lithium,Recycling Limited to NA 2025 Online or Planned,0.0244366339970004,Increasing Batt Cap,Benchmark Chemistry,2.44366339970004
2047,Increasing Batt Cap - Benchmark Chemistry,Lithium,All Material is Recycled in NA,0.3231398209287262,Increasing Batt Cap,Benchmark Chemistry,32.31398209287262
2048,Increasing Batt Cap - Benchmark Chemistry,Lithium,Recycling Limited to NA 2025 Online or Planned,0.0239121187125585,Increasing Batt Cap,Benchmark Chemistry,2.3912118712558503
2048,Increasing Batt Cap - Benchmark Chemistry,Lithium,All Material is Recycled in NA,0.3600794558122187,Increasing Batt Cap,Benchmark Chemistry,36.00794558122187
2049,Increasing Batt Cap - Benchmark Chemistry,Lithium,Recycling Limited to NA 2025 Online or Planned,0.0234869589238628,Increasing Batt Cap,Benchmark Chemistry,2.34869589238628
2049,Increasing Batt Cap - Benchmark Chemistry,Lithium,All Material is Recycled in NA,0.3979045431665772,Increasing Batt Cap,Benchmark Chemistry,39.79045431665772
2050,Increasing Batt Cap - Benchmark Chemistry,Lithium,Recycling Limited to NA 2025 Online or Planned,0.023131652831996,Increasing Batt Cap,Benchmark Chemistry,2.3131652831996
2050,Increasing Batt Cap - Benchmark Chemistry,Lithium,All Material is Recycled in NA,0.43421260580286,Increasing Batt Cap,Benchmark Chemistry,43.421260580285995
2026,Increasing Batt Cap - High LFP Chemistry,Lithium,Recycling Limited to NA 2025 Online or Planned,0.0,Increasing Batt Cap,High LFP Chemistry,0.0
2026,Increasing Batt Cap - High LFP Chemistry,Lithium,All Material is Recycled in NA,0.0022674304077812,Increasing Batt Cap,High LFP Chemistry,0.22674304077812
2027,Increasing Batt Cap - High LFP Chemistry,Lithium,Recycling Limited to NA 2025 Online or Planned,0.0,Increasing Batt Cap,High LFP Chemistry,0.0
2027,Increasing Batt Cap - High LFP Chemistry,Lithium,All Material is Recycled in NA,0.0033931094804663,Increasing Batt Cap,High LFP Chemistry,0.33931094804663
2028,Increasing Batt Cap - High LFP Chemistry,Lithium,Recycling Limited to NA 2025 Online or Planned,0.0,Increasing Batt Cap,High LFP Chemistry,0.0
2028,Increasing Batt Cap - High LFP Chemistry,Lithium,All Material is Recycled in NA,0.0051826775518802,Increasing Batt Cap,High LFP Chemistry,0.5182677551880199
2029,Increasing Batt Cap - High LFP Chemistry,Lithium,Recycling Limited to NA 2025 Online or Planned,0.0,Increasing Batt Cap,High LFP Chemistry,0.0
2029,Increasing Batt Cap - High LFP Chemistry,Lithium,All Material is Recycled in NA,0.0073655632974292,Increasing Batt Cap,High LFP Chemistry,0.73655632974292
2030,Increasing Batt Cap - High LFP Chemistry,Lithium,Recycling Limited to NA 2025 Online or Planned,0.0,Increasing Batt Cap,High LFP Chemistry,0.0
2030,Increasing Batt Cap - High LFP Chemistry,Lithium,All Material is Recycled in NA,0.0099097992133232,Increasing Batt Cap,High LFP Chemistry,0.9909799213323199
2031,Increasing Batt Cap - High LFP Chemistry,Lithium,Recycling Limited to NA 2025 Online or Planned,0.0,Increasing Batt Cap,High LFP Chemistry,0.0
2031,Increasing Batt Cap - High LFP Chemistry,Lithium,All Material is Recycled in NA,0.0132551647877895,Increasing Batt Cap,High LFP Chemistry,1.32551647877895
2032,Increasing Batt Cap - High LFP Chemistry,Lithium,Recycling Limited to NA 2025 Online or Planned,0.0,Increasing Batt Cap,High LFP Chemistry,0.0
2032,Increasing Batt Cap - High LFP Chemistry,Lithium,All Material is Recycled in NA,0.0176880755450094,Increasing Batt Cap,High LFP Chemistry,1.76880755450094
2033,Increasing Batt Cap - High LFP Chemistry,Lithium,Recycling Limited to NA 2025 Online or Planned,0.0,Increasing Batt Cap,High LFP Chemistry,0.0
2033,Increasing Batt Cap - High LFP Chemistry,Lithium,All Material is Recycled in NA,0.0220326081781587,Increasing Batt Cap,High LFP Chemistry,2.2032608178158704
2034,Increasing Batt Cap - High LFP Chemistry,Lithium,Recycling Limited to NA 2025 Online or Planned,0.0,Increasing Batt Cap,High LFP Chemistry,0.0
2034,Increasing Batt Cap - High LFP Chemistry,Lithium,All Material is Recycled in NA,0.0273938429057849,Increasing Batt Cap,High LFP Chemistry,2.73938429057849
2035,Increasing Batt Cap - High LFP Chemistry,Lithium,Recycling Limited to NA 2025 Online or Planned,0.0,Increasing Batt Cap,High LFP Chemistry,0.0
2035,Increasing Batt Cap - High LFP Chemistry,Lithium,All Material is Recycled in NA,0.0339471697861736,Increasing Batt Cap,High LFP Chemistry,3.39471697861736
2036,Increasing Batt Cap - High LFP Chemistry,Lithium,Recycling Limited to NA 2025 Online or Planned,0.03874997178862,Increasing Batt Cap,High LFP Chemistry,3.8749971788619995
2036,Increasing Batt Cap - High LFP Chemistry,Lithium,All Material is Recycled in NA,0.0445259993607122,Increasing Batt Cap,High LFP Chemistry,4.45259993607122
2037,Increasing Batt Cap - High LFP Chemistry,Lithium,Recycling Limited to NA 2025 Online or Planned,0.0366548696633935,Increasing Batt Cap,High LFP Chemistry,3.66548696633935
2037,Increasing Batt Cap - High LFP Chemistry,Lithium,All Material is Recycled in NA,0.0577675369141361,Increasing Batt Cap,High LFP Chemistry,5.77675369141361
2038,Increasing Batt Cap - High LFP Chemistry,Lithium,Recycling Limited to NA 2025 Online or Planned,0.0347294449833168,Increasing Batt Cap,High LFP Chemistry,3.47294449833168
2038,Increasing Batt Cap - High LFP Chemistry,Lithium,All Material is Recycled in NA,0.0731148929837455,Increasing Batt Cap,High LFP Chemistry,7.31148929837455
2039,Increasing Batt Cap - High LFP Chemistry,Lithium,Recycling Limited to NA 2025 Online or Planned,0.0329851473285303,Increasing Batt Cap,High LFP Chemistry,3.2985147328530298
2039,Increasing Batt Cap - High LFP Chemistry,Lithium,All Material is Recycled in NA,0.09491826306978,Increasing Batt Cap,High LFP Chemistry,9.491826306978
2040,Increasing Batt Cap - High LFP Chemistry,Lithium,Recycling Limited to NA 2025 Online or Planned,0.0310698382464043,Increasing Batt Cap,High LFP Chemistry,3.1069838246404298
2040,Increasing Batt Cap - High LFP Chemistry,Lithium,All Material is Recycled in NA,0.1153636685470004,Increasing Batt Cap,High LFP Chemistry,11.53636685470004
2041,Increasing Batt Cap - High LFP Chemistry,Lithium,Recycling Limited to NA 2025 Online or Planned,0.0298800739521057,Increasing Batt Cap,High LFP Chemistry,2.98800739521057
2041,Increasing Batt Cap - High LFP Chemistry,Lithium,All Material is Recycled in NA,0.140289766712819,Increasing Batt Cap,High LFP Chemistry,14.028976671281901
2042,Increasing Batt Cap - High LFP Chemistry,Lithium,Recycling Limited to NA 2025 Online or Planned,0.028653038271628,Increasing Batt Cap,High LFP Chemistry,2.8653038271628
2042,Increasing Batt Cap - High LFP Chemistry,Lithium,All Material is Recycled in NA,0.1661016144120545,Increasing Batt Cap,High LFP Chemistry,16.610161441205452
2043,Increasing Batt Cap - High LFP Chemistry,Lithium,Recycling Limited to NA 2025 Online or Planned,0.027433408480796,Increasing Batt Cap,High LFP Chemistry,2.7433408480795998
2043,Increasing Batt Cap - High LFP Chemistry,Lithium,All Material is Recycled in NA,0.1937717852619144,Increasing Batt Cap,High LFP Chemistry,19.37717852619144
2044,Increasing Batt Cap - High LFP Chemistry,Lithium,Recycling Limited to NA 2025 Online or Planned,0.0263323926411602,Increasing Batt Cap,High LFP Chemistry,2.6332392641160203
2044,Increasing Batt Cap - High LFP Chemistry,Lithium,All Material is Recycled in NA,0.2236775768546766,Increasing Batt Cap,High LFP Chemistry,22.36775768546766
2045,Increasing Batt Cap - High LFP Chemistry,Lithium,Recycling Limited to NA 2025 Online or Planned,0.0253839358587057,Increasing Batt Cap,High LFP Chemistry,2.53839358587057
2045,Increasing Batt Cap - High LFP Chemistry,Lithium,All Material is Recycled in NA,0.2558108281680311,Increasing Batt Cap,High LFP Chemistry,25.581082816803107
2046,Increasing Batt Cap - High LFP Chemistry,Lithium,Recycling Limited to NA 2025 Online or Planned,0.024564468412168,Increasing Batt Cap,High LFP Chemistry,2.4564468412168
2046,Increasing Batt Cap - High LFP Chemistry,Lithium,All Material is Recycled in NA,0.2898258567495446,Increasing Batt Cap,High LFP Chemistry,28.982585674954457
2047,Increasing Batt Cap - High LFP Chemistry,Lithium,Recycling Limited to NA 2025 Online or Planned,0.023863214802721,Increasing Batt Cap,High LFP Chemistry,2.3863214802721
2047,Increasing Batt Cap - High LFP Chemistry,Lithium,All Material is Recycled in NA,0.3258809454229864,Increasing Batt Cap,High LFP Chemistry,32.58809454229864
2048,Increasing Batt Cap - High LFP Chemistry,Lithium,Recycling Limited to NA 2025 Online or Planned,0.0232435236756882,Increasing Batt Cap,High LFP Chemistry,2.32435236756882
2048,Increasing Batt Cap - High LFP Chemistry,Lithium,All Material is Recycled in NA,0.3626230071493482,Increasing Batt Cap,High LFP Chemistry,36.26230071493482
2049,Increasing Batt Cap - High LFP Chemistry,Lithium,Recycling Limited to NA 2025 Online or Planned,0.0227293125895963,Increasing Batt Cap,High LFP Chemistry,2.27293125895963
2049,Increasing Batt Cap - High LFP Chemistry,Lithium,All Material is Recycled in NA,0.4001813927988973,Increasing Batt Cap,High LFP Chemistry,40.01813927988973
2050,Increasing Batt Cap - High LFP Chemistry,Lithium,Recycling Limited to NA 2025 Online or Planned,0.022294495550165,Increasing Batt Cap,High LFP Chemistry,2.2294495550165
2050,Increasing Batt Cap - High LFP Chemistry,Lithium,All Material is Recycled in NA,0.4361641432418093,Increasing Batt Cap,High LFP Chemistry,43.61641432418093
2026,Decreasing Batt Cap - Benchmark Chemistry,Lithium,Recycling Limited to NA 2025 Online or Planned,0.0,Decreasing Batt Cap,Benchmark Chemistry,0.0
2026,Decreasing Batt Cap - Benchmark Chemistry,Lithium,All Material is Recycled in NA,0.0025252403567202,Decreasing Batt Cap,Benchmark Chemistry,0.25252403567202
2027,Decreasing Batt Cap - Benchmark Chemistry,Lithium,Recycling Limited to NA 2025 Online or Planned,0.0,Decreasing Batt Cap,Benchmark Chemistry,0.0
2027,Decreasing Batt Cap - Benchmark Chemistry,Lithium,All Material is Recycled in NA,0.0039318130282352,Decreasing Batt Cap,Benchmark Chemistry,0.39318130282352
2028,Decreasing Batt Cap - Benchmark Chemistry,Lithium,Recycling Limited to NA 2025 Online or Planned,0.0,Decreasing Batt Cap,Benchmark Chemistry,0.0
2028,Decreasing Batt Cap - Benchmark Chemistry,Lithium,All Material is Recycled in NA,0.0062117908652884,Decreasing Batt Cap,Benchmark Chemistry,0.62117908652884
2029,Decreasing Batt Cap - Benchmark Chemistry,Lithium,Recycling Limited to NA 2025 Online or Planned,0.0,Decreasing Batt Cap,Benchmark Chemistry,0.0
2029,Decreasing Batt Cap - Benchmark Chemistry,Lithium,All Material is Recycled in NA,0.0091416403529066,Decreasing Batt Cap,Benchmark Chemistry,0.9141640352906599
2030,Decreasing Batt Cap - Benchmark Chemistry,Lithium,Recycling Limited to NA 2025 Online or Planned,0.0,Decreasing Batt Cap,Benchmark Chemistry,0.0
2030,Decreasing Batt Cap - Benchmark Chemistry,Lithium,All Material is Recycled in NA,0.0127313805949074,Decreasing Batt Cap,Benchmark Chemistry,1.27313805949074
2031,Decreasing Batt Cap - Benchmark Chemistry,Lithium,Recycling Limited to NA 2025 Online or Planned,0.0,Decreasing Batt Cap,Benchmark Chemistry,0.0
2031,Decreasing Batt Cap - Benchmark Chemistry,Lithium,All Material is Recycled in NA,0.0175880271897134,Decreasing Batt Cap,Benchmark Chemistry,1.75880271897134
2032,Decreasing Batt Cap - Benchmark Chemistry,Lithium,Recycling Limited to NA 2025 Online or Planned,0.0,Decreasing Batt Cap,Benchmark Chemistry,0.0
2032,Decreasing Batt Cap - Benchmark Chemistry,Lithium,All Material is Recycled in NA,0.0242605735571895,Decreasing Batt Cap,Benchmark Chemistry,2.42605735571895
2033,Decreasing Batt Cap - Benchmark Chemistry,Lithium,Recycling Limited to NA 2025 Online or Planned,0.0,Decreasing Batt Cap,Benchmark Chemistry,0.0
2033,Decreasing Batt Cap - Benchmark Chemistry,Lithium,All Material is Recycled in NA,0.0311531876408627,Decreasing Batt Cap,Benchmark Chemistry,3.11531876408627
2034,Decreasing Batt Cap - Benchmark Chemistry,Lithium,Recycling Limited to NA 2025 Online or Planned,0.0,Decreasing Batt Cap,Benchmark Chemistry,0.0
2034,Decreasing Batt Cap - Benchmark Chemistry,Lithium,All Material is Recycled in NA,0.0398271692570211,Decreasing Batt Cap,Benchmark Chemistry,3.98271692570211
2035,Decreasing Batt Cap - Benchmark Chemistry,Lithium,Recycling Limited to NA 2025 Online or Planned,0.0,Decreasing Batt Cap,Benchmark Chemistry,0.0
2035,Decreasing Batt Cap - Benchmark Chemistry,Lithium,All Material is Recycled in NA,0.0507631468956176,Decreasing Batt Cap,Benchmark Chemistry,5.076314689561761
2036,Decreasing Batt Cap - Benchmark Chemistry,Lithium,Recycling Limited to NA 2025 Online or Planned,0.06642457661641,Decreasing Batt Cap,Benchmark Chemistry,6.642457661641001
2036,Decreasing Batt Cap - Benchmark Chemistry,Lithium,All Material is Recycled in NA,0.06642457661641,Decreasing Batt Cap,Benchmark Chemistry,6.642457661641001
2037,Decreasing Batt Cap - Benchmark Chemistry,Lithium,Recycling Limited to NA 2025 Online or Planned,0.07984023617667,Decreasing Batt Cap,Benchmark Chemistry,7.984023617666999
2037,Decreasing Batt Cap - Benchmark Chemistry,Lithium,All Material is Recycled in NA,0.0860381284015051,Decreasing Batt Cap,Benchmark Chemistry,8.60381284015051
2038,Decreasing Batt Cap - Benchmark Chemistry,Lithium,Recycling Limited to NA 2025 Online or Planned,0.0765333926274359,Decreasing Batt Cap,Benchmark Chemistry,7.65333926274359
2038,Decreasing Batt Cap - Benchmark Chemistry,Lithium,All Material is Recycled in NA,0.1085933791405786,Decreasing Batt Cap,Benchmark Chemistry,10.859337914057859
2039,Decreasing Batt Cap - Benchmark Chemistry,Lithium,Recycling Limited to NA 2025 Online or Planned,0.0734668205482933,Decreasing Batt Cap,Benchmark Chemistry,7.34668205482933
2039,Decreasing Batt Cap - Benchmark Chemistry,Lithium,All Material is Recycled in NA,0.1411867298539353,Decreasing Batt Cap,Benchmark Chemistry,14.118672985393529
2040,Decreasing Batt Cap - Benchmark Chemistry,Lithium,Recycling Limited to NA 2025 Online or Planned,0.0698619369244207,Decreasing Batt Cap,Benchmark Chemistry,6.986193692442071
2040,Decreasing Batt Cap - Benchmark Chemistry,Lithium,All Material is Recycled in NA,0.1695597395903339,Decreasing Batt Cap,Benchmark Chemistry,16.95597395903339
2041,Decreasing Batt Cap - Benchmark Chemistry,Lithium,Recycling Limited to NA 2025 Online or Planned,0.067241403227415,Decreasing Batt Cap,Benchmark Chemistry,6.7241403227414995
2041,Decreasing Batt Cap - Benchmark Chemistry,Lithium,All Material is Recycled in NA,0.2010339553188617,Decreasing Batt Cap,Benchmark Chemistry,20.10339553188617
2042,Decreasing Batt Cap - Benchmark Chemistry,Lithium,Recycling Limited to NA 2025 Online or Planned,0.0644917918214229,Decreasing Batt Cap,Benchmark Chemistry,6.44917918214229
2042,Decreasing Batt Cap - Benchmark Chemistry,Lithium,All Material is Recycled in NA,0.2312377835134393,Decreasing Batt Cap,Benchmark Chemistry,23.12377835134393
2043,Decreasing Batt Cap - Benchmark Chemistry,Lithium,Recycling Limited to NA 2025 Online or Planned,0.0617108289469594,Decreasing Batt Cap,Benchmark Chemistry,6.171082894695941
2043,Decreasing Batt Cap - Benchmark Chemistry,Lithium,All Material is Recycled in NA,0.2614650661163749,Decreasing Batt Cap,Benchmark Chemistry,26.146506611637488
2044,Decreasing Batt Cap - Benchmark Chemistry,Lithium,Recycling Limited to NA 2025 Online or Planned,0.0592251533292656,Decreasing Batt Cap,Benchmark Chemistry,5.92251533292656
2044,Decreasing Batt Cap - Benchmark Chemistry,Lithium,All Material is Recycled in NA,0.2923728354677799,Decreasing Batt Cap,Benchmark Chemistry,29.23728354677799
2045,Decreasing Batt Cap - Benchmark Chemistry,Lithium,Recycling Limited to NA 2025 Online or Planned,0.0570997448837572,Decreasing Batt Cap,Benchmark Chemistry,5.70997448837572
2045,Decreasing Batt Cap - Benchmark Chemistry,Lithium,All Material is Recycled in NA,0.3241005619530235,Decreasing Batt Cap,Benchmark Chemistry,32.41005619530235
2046,Decreasing Batt Cap - Benchmark Chemistry,Lithium,Recycling Limited to NA 2025 Online or Planned,0.0552891490951928,Decreasing Batt Cap,Benchmark Chemistry,5.52891490951928
2046,Decreasing Batt Cap - Benchmark Chemistry,Lithium,All Material is Recycled in NA,0.3562840798611153,Decreasing Batt Cap,Benchmark Chemistry,35.62840798611153
2047,Decreasing Batt Cap - Benchmark Chemistry,Lithium,Recycling Limited to NA 2025 Online or Planned,0.0537626622054564,Decreasing Batt Cap,Benchmark Chemistry,5.37626622054564
2047,Decreasing Batt Cap - Benchmark Chemistry,Lithium,All Material is Recycled in NA,0.3890691185314384,Decreasing Batt Cap,Benchmark Chemistry,38.90691185314384
2048,Decreasing Batt Cap - Benchmark Chemistry,Lithium,Recycling Limited to NA 2025 Online or Planned,0.0524326816936124,Decreasing Batt Cap,Benchmark Chemistry,5.24326816936124
2048,Decreasing Batt Cap - Benchmark Chemistry,Lithium,All Material is Recycled in NA,0.4208837425718258,Decreasing Batt Cap,Benchmark Chemistry,42.08837425718258
2049,Decreasing Batt Cap - Benchmark Chemistry,Lithium,Recycling Limited to NA 2025 Online or Planned,0.0513453996560611,Decreasing Batt Cap,Benchmark Chemistry,5.13453996560611
2049,Decreasing Batt Cap - Benchmark Chemistry,Lithium,All Material is Recycled in NA,0.4520701765132792,Decreasing Batt Cap,Benchmark Chemistry,45.20701765132792
2050,Decreasing Batt Cap - Benchmark Chemistry,Lithium,Recycling Limited to NA 2025 Online or Planned,0.0504440515768161,Decreasing Batt Cap,Benchmark Chemistry,5.04440515768161
2050,Decreasing Batt Cap - Benchmark Chemistry,Lithium,All Material is Recycled in NA,0.4812125774232551,Decreasing Batt Cap,Benchmark Chemistry,48.121257742325504
2026,Decreasing Batt Cap - High LFP Chemistry,Lithium,Recycling Limited to NA 2025 Online or Planned,0.0,Decreasing Batt Cap,High LFP Chemistry,0.0
2026,Decreasing Batt Cap - High LFP Chemistry,Lithium,All Material is Recycled in NA,0.0025338679922337,Decreasing Batt Cap,High LFP Chemistry,0.25338679922337004
2027,Decreasing Batt Cap - High LFP Chemistry,Lithium,Recycling Limited to NA 2025 Online or Planned,0.0,Decreasing Batt Cap,High LFP Chemistry,0.0
2027,Decreasing Batt Cap - High LFP Chemistry,Lithium,All Material is Recycled in NA,0.003961903249664,Decreasing Batt Cap,High LFP Chemistry,0.39619032496639994
2028,Decreasing Batt Cap - High LFP Chemistry,Lithium,Recycling Limited to NA 2025 Online or Planned,0.0,Decreasing Batt Cap,High LFP Chemistry,0.0
2028,Decreasing Batt Cap - High LFP Chemistry,Lithium,All Material is Recycled in NA,0.0062768929485439,Decreasing Batt Cap,High LFP Chemistry,0.62768929485439
2029,Decreasing Batt Cap - High LFP Chemistry,Lithium,Recycling Limited to NA 2025 Online or Planned,0.0,Decreasing Batt Cap,High LFP Chemistry,0.0
2029,Decreasing Batt Cap - High LFP Chemistry,Lithium,All Material is Recycled in NA,0.0092553242883529,Decreasing Batt Cap,High LFP Chemistry,0.92553242883529
2030,Decreasing Batt Cap - High LFP Chemistry,Lithium,Recycling Limited to NA 2025 Online or Planned,0.0,Decreasing Batt Cap,High LFP Chemistry,0.0
2030,Decreasing Batt Cap - High LFP Chemistry,Lithium,All Material is Recycled in NA,0.0129100017885743,Decreasing Batt Cap,High LFP Chemistry,1.2910001788574301
2031,Decreasing Batt Cap - High LFP Chemistry,Lithium,Recycling Limited to NA 2025 Online or Planned,0.0,Decreasing Batt Cap,High LFP Chemistry,0.0
2031,Decreasing Batt Cap - High LFP Chemistry,Lithium,All Material is Recycled in NA,0.0178520333937979,Decreasing Batt Cap,High LFP Chemistry,1.7852033393797901
2032,Decreasing Batt Cap - High LFP Chemistry,Lithium,Recycling Limited to NA 2025 Online or Planned,0.0,Decreasing Batt Cap,High LFP Chemistry,0.0
2032,Decreasing Batt Cap - High LFP Chemistry,Lithium,All Material is Recycled in NA,0.024657614414145,Decreasing Batt Cap,High LFP Chemistry,2.4657614414145
2033,Decreasing Batt Cap - High LFP Chemistry,Lithium,Recycling Limited to NA 2025 Online or Planned,0.0,Decreasing Batt Cap,High LFP Chemistry,0.0
2033,Decreasing Batt Cap - High LFP Chemistry,Lithium,All Material is Recycled in NA,0.0317089858030214,Decreasing Batt Cap,High LFP Chemistry,3.1708985803021403
2034,Decreasing Batt Cap - High LFP Chemistry,Lithium,Recycling Limited to NA 2025 Online or Planned,0.0,Decreasing Batt Cap,High LFP Chemistry,0.0
2034,Decreasing Batt Cap - High LFP Chemistry,Lithium,All Material is Recycled in NA,0.040585473519362,Decreasing Batt Cap,High LFP Chemistry,4.0585473519362
2035,Decreasing Batt Cap - High LFP Chemistry,Lithium,Recycling Limited to NA 2025 Online or Planned,0.0,Decreasing Batt Cap,High LFP Chemistry,0.0
2035,Decreasing Batt Cap - High LFP Chemistry,Lithium,All Material is Recycled in NA,0.0517777734088666,Decreasing Batt Cap,High LFP Chemistry,5.17777734088666
2036,Decreasing Batt Cap - High LFP Chemistry,Lithium,Recycling Limited to NA 2025 Online or Planned,0.0677790312923311,Decreasing Batt Cap,High LFP Chemistry,6.77790312923311
2036,Decreasing Batt Cap - High LFP Chemistry,Lithium,All Material is Recycled in NA,0.0677790312923311,Decreasing Batt Cap,High LFP Chemistry,6.77790312923311
2037,Decreasing Batt Cap - High LFP Chemistry,Lithium,Recycling Limited to NA 2025 Online or Planned,0.0810890670097054,Decreasing Batt Cap,High LFP Chemistry,8.10890670097054
2037,Decreasing Batt Cap - High LFP Chemistry,Lithium,All Material is Recycled in NA,0.0877888921612772,Decreasing Batt Cap,High LFP Chemistry,8.77888921612772
2038,Decreasing Batt Cap - High LFP Chemistry,Lithium,Recycling Limited to NA 2025 Online or Planned,0.0776311201891548,Decreasing Batt Cap,High LFP Chemistry,7.76311201891548
2038,Decreasing Batt Cap - High LFP Chemistry,Lithium,All Material is Recycled in NA,0.1107684391780902,Decreasing Batt Cap,High LFP Chemistry,11.07684391780902
2039,Decreasing Batt Cap - High LFP Chemistry,Lithium,Recycling Limited to NA 2025 Online or Planned,0.0744133840081205,Decreasing Batt Cap,High LFP Chemistry,7.44133840081205
2039,Decreasing Batt Cap - High LFP Chemistry,Lithium,All Material is Recycled in NA,0.1439256872936611,Decreasing Batt Cap,High LFP Chemistry,14.39256872936611
2040,Decreasing Batt Cap - High LFP Chemistry,Lithium,Recycling Limited to NA 2025 Online or Planned,0.0706529362523143,Decreasing Batt Cap,High LFP Chemistry,7.06529362523143
2040,Decreasing Batt Cap - High LFP Chemistry,Lithium,All Material is Recycled in NA,0.1728818751918844,Decreasing Batt Cap,High LFP Chemistry,17.28818751918844
2041,Decreasing Batt Cap - High LFP Chemistry,Lithium,Recycling Limited to NA 2025 Online or Planned,0.0677427259310739,Decreasing Batt Cap,High LFP Chemistry,6.774272593107391
2041,Decreasing Batt Cap - High LFP Chemistry,Lithium,All Material is Recycled in NA,0.2047017508955353,Decreasing Batt Cap,High LFP Chemistry,20.47017508955353
2042,Decreasing Batt Cap - High LFP Chemistry,Lithium,Recycling Limited to NA 2025 Online or Planned,0.064669303463873,Decreasing Batt Cap,High LFP Chemistry,6.466930346387301
2042,Decreasing Batt Cap - High LFP Chemistry,Lithium,All Material is Recycled in NA,0.2350883753013294,Decreasing Batt Cap,High LFP Chemistry,23.50883753013294
2043,Decreasing Batt Cap - High LFP Chemistry,Lithium,Recycling Limited to NA 2025 Online or Planned,0.0615574374720518,Decreasing Batt Cap,High LFP Chemistry,6.15574374720518
2043,Decreasing Batt Cap - High LFP Chemistry,Lithium,All Material is Recycled in NA,0.2653610233545231,Decreasing Batt Cap,High LFP Chemistry,26.53610233545231
2044,Decreasing Batt Cap - High LFP Chemistry,Lithium,Recycling Limited to NA 2025 Online or Planned,0.0587585900879398,Decreasing Batt Cap,High LFP Chemistry,5.87585900879398
2044,Decreasing Batt Cap - High LFP Chemistry,Lithium,All Material is Recycled in NA,0.2962109314232398,Decreasing Batt Cap,High LFP Chemistry,29.62109314232398
2045,Decreasing Batt Cap - High LFP Chemistry,Lithium,Recycling Limited to NA 2025 Online or Planned,0.0563567017724643,Decreasing Batt Cap,High LFP Chemistry,5.63567017724643
2045,Decreasing Batt Cap - High LFP Chemistry,Lithium,All Material is Recycled in NA,0.3278186713774259,Decreasing Batt Cap,High LFP Chemistry,32.78186713774259
2046,Decreasing Batt Cap - High LFP Chemistry,Lithium,Recycling Limited to NA 2025 Online or Planned,0.0543035800222179,Decreasing Batt Cap,High LFP Chemistry,5.43035800222179
2046,Decreasing Batt Cap - High LFP Chemistry,Lithium,All Material is Recycled in NA,0.3598266350930751,Decreasing Batt Cap,High LFP Chemistry,35.982663509307514
2047,Decreasing Batt Cap - High LFP Chemistry,Lithium,Recycling Limited to NA 2025 Online or Planned,0.0525570910638924,Decreasing Batt Cap,High LFP Chemistry,5.25570910638924
2047,Decreasing Batt Cap - High LFP Chemistry,Lithium,All Material is Recycled in NA,0.3923729481919887,Decreasing Batt Cap,High LFP Chemistry,39.23729481919887
2048,Decreasing Batt Cap - High LFP Chemistry,Lithium,Recycling Limited to NA 2025 Online or Planned,0.0510262610433855,Decreasing Batt Cap,High LFP Chemistry,5.10262610433855
2048,Decreasing Batt Cap - High LFP Chemistry,Lithium,All Material is Recycled in NA,0.423870105437572,Decreasing Batt Cap,High LFP Chemistry,42.3870105437572
2049,Decreasing Batt Cap - High LFP Chemistry,Lithium,Recycling Limited to NA 2025 Online or Planned,0.0497535565201898,Decreasing Batt Cap,High LFP Chemistry,4.97535565201898
2049,Decreasing Batt Cap - High LFP Chemistry,Lithium,All Material is Recycled in NA,0.4546846411170062,Decreasing Batt Cap,High LFP Chemistry,45.46846411170062
2050,Decreasing Batt Cap - High LFP Chemistry,Lithium,Recycling Limited to NA 2025 Online or Planned,0.0486854251440474,Decreasing Batt Cap,High LFP Chemistry,4.868542514404741
2050,Decreasing Batt Cap - High LFP Chemistry,Lithium,All Material is Recycled in NA,0.4834109630596189,Decreasing Batt Cap,High LFP Chemistry,48.34109630596189
2026,Increasing Batt Cap - Benchmark Chemistry,Manganese,Recycling Limited to NA 2025 Online or Planned,0.0,Increasing Batt Cap,Benchmark Chemistry,0.0
2026,Increasing Batt Cap - Benchmark Chemistry,Manganese,All Material is Recycled in NA,0.0038224827240234,Increasing Batt Cap,Benchmark Chemistry,0.38224827240234
2027,Increasing Batt Cap - Benchmark Chemistry,Manganese,Recycling Limited to NA 2025 Online or Planned,0.0,Increasing Batt Cap,Benchmark Chemistry,0.0
2027,Increasing Batt Cap - Benchmark Chemistry,Manganese,All Material is Recycled in NA,0.004589411687749,Increasing Batt Cap,Benchmark Chemistry,0.4589411687749
2028,Increasing Batt Cap - Benchmark Chemistry,Manganese,Recycling Limited to NA 2025 Online or Planned,0.0,Increasing Batt Cap,Benchmark Chemistry,0.0
2028,Increasing Batt Cap - Benchmark Chemistry,Manganese,All Material is Recycled in NA,0.0066648650390183,Increasing Batt Cap,Benchmark Chemistry,0.66648650390183
2029,Increasing Batt Cap - Benchmark Chemistry,Manganese,Recycling Limited to NA 2025 Online or Planned,0.0,Increasing Batt Cap,Benchmark Chemistry,0.0
2029,Increasing Batt Cap - Benchmark Chemistry,Manganese,All Material is Recycled in NA,0.0081071358614597,Increasing Batt Cap,Benchmark Chemistry,0.81071358614597
2030,Increasing Batt Cap - Benchmark Chemistry,Manganese,Recycling Limited to NA 2025 Online or Planned,0.0,Increasing Batt Cap,Benchmark Chemistry,0.0
2030,Increasing Batt Cap - Benchmark Chemistry,Manganese,All Material is Recycled in NA,0.0101774325397145,Increasing Batt Cap,Benchmark Chemistry,1.0177432539714502
2031,Increasing Batt Cap - Benchmark Chemistry,Manganese,Recycling Limited to NA 2025 Online or Planned,0.0,Increasing Batt Cap,Benchmark Chemistry,0.0
2031,Increasing Batt Cap - Benchmark Chemistry,Manganese,All Material is Recycled in NA,0.0131421602962539,Increasing Batt Cap,Benchmark Chemistry,1.31421602962539
2032,Increasing Batt Cap - Benchmark Chemistry,Manganese,Recycling Limited to NA 2025 Online or Planned,0.0,Increasing Batt Cap,Benchmark Chemistry,0.0
2032,Increasing Batt Cap - Benchmark Chemistry,Manganese,All Material is Recycled in NA,0.0162703571038452,Increasing Batt Cap,Benchmark Chemistry,1.6270357103845199
2033,Increasing Batt Cap - Benchmark Chemistry,Manganese,Recycling Limited to NA 2025 Online or Planned,0.0,Increasing Batt Cap,Benchmark Chemistry,0.0
2033,Increasing Batt Cap - Benchmark Chemistry,Manganese,All Material is Recycled in NA,0.0193130307631242,Increasing Batt Cap,Benchmark Chemistry,1.9313030763124202
2034,Increasing Batt Cap - Benchmark Chemistry,Manganese,Recycling Limited to NA 2025 Online or Planned,0.0,Increasing Batt Cap,Benchmark Chemistry,0.0
2034,Increasing Batt Cap - Benchmark Chemistry,Manganese,All Material is Recycled in NA,0.0233096581483479,Increasing Batt Cap,Benchmark Chemistry,2.33096581483479
2035,Increasing Batt Cap - Benchmark Chemistry,Manganese,Recycling Limited to NA 2025 Online or Planned,0.0,Increasing Batt Cap,Benchmark Chemistry,0.0
2035,Increasing Batt Cap - Benchmark Chemistry,Manganese,All Material is Recycled in NA,0.0289801761056203,Increasing Batt Cap,Benchmark Chemistry,2.89801761056203
2036,Increasing Batt Cap - Benchmark Chemistry,Manganese,Recycling Limited to NA 2025 Online or Planned,0.0339068793287706,Increasing Batt Cap,Benchmark Chemistry,3.3906879328770603
2036,Increasing Batt Cap - Benchmark Chemistry,Manganese,All Material is Recycled in NA,0.0387824051489806,Increasing Batt Cap,Benchmark Chemistry,3.8782405148980597
2037,Increasing Batt Cap - Benchmark Chemistry,Manganese,Recycling Limited to NA 2025 Online or Planned,0.0334406039103585,Increasing Batt Cap,Benchmark Chemistry,3.34406039103585
2037,Increasing Batt Cap - Benchmark Chemistry,Manganese,All Material is Recycled in NA,0.05240075183852,Increasing Batt Cap,Benchmark Chemistry,5.240075183851999
2038,Increasing Batt Cap - Benchmark Chemistry,Manganese,Recycling Limited to NA 2025 Online or Planned,0.0327440942023001,Increasing Batt Cap,Benchmark Chemistry,3.2744094202300102
2038,Increasing Batt Cap - Benchmark Chemistry,Manganese,All Material is Recycled in NA,0.0684554629298777,Increasing Batt Cap,Benchmark Chemistry,6.84554629298777
2039,Increasing Batt Cap - Benchmark Chemistry,Manganese,Recycling Limited to NA 2025 Online or Planned,0.0323717118173551,Increasing Batt Cap,Benchmark Chemistry,3.2371711817355098
2039,Increasing Batt Cap - Benchmark Chemistry,Manganese,All Material is Recycled in NA,0.0924052291442965,Increasing Batt Cap,Benchmark Chemistry,9.24052291442965
2040,Increasing Batt Cap - Benchmark Chemistry,Manganese,Recycling Limited to NA 2025 Online or Planned,0.0315845316531731,Increasing Batt Cap,Benchmark Chemistry,3.15845316531731
2040,Increasing Batt Cap - Benchmark Chemistry,Manganese,All Material is Recycled in NA,0.1161143739933059,Increasing Batt Cap,Benchmark Chemistry,11.61143739933059
2041,Increasing Batt Cap - Benchmark Chemistry,Manganese,Recycling Limited to NA 2025 Online or Planned,0.0313735177129759,Increasing Batt Cap,Benchmark Chemistry,3.1373517712975896
2041,Increasing Batt Cap - Benchmark Chemistry,Manganese,All Material is Recycled in NA,0.1454682686038454,Increasing Batt Cap,Benchmark Chemistry,14.54682686038454
2042,Increasing Batt Cap - Benchmark Chemistry,Manganese,Recycling Limited to NA 2025 Online or Planned,0.0310122376270694,Increasing Batt Cap,Benchmark Chemistry,3.1012237627069403
2042,Increasing Batt Cap - Benchmark Chemistry,Manganese,All Material is Recycled in NA,0.1769881121680976,Increasing Batt Cap,Benchmark Chemistry,17.69881121680976
2043,Increasing Batt Cap - Benchmark Chemistry,Manganese,Recycling Limited to NA 2025 Online or Planned,0.0307007833182502,Increasing Batt Cap,Benchmark Chemistry,3.07007833182502
2043,Increasing Batt Cap - Benchmark Chemistry,Manganese,All Material is Recycled in NA,0.212746525095994,Increasing Batt Cap,Benchmark Chemistry,21.274652509599402
2044,Increasing Batt Cap - Benchmark Chemistry,Manganese,Recycling Limited to NA 2025 Online or Planned,0.0303154531492396,Increasing Batt Cap,Benchmark Chemistry,3.0315453149239597
2044,Increasing Batt Cap - Benchmark Chemistry,Manganese,All Material is Recycled in NA,0.2517272412098593,Increasing Batt Cap,Benchmark Chemistry,25.17272412098593
2045,Increasing Batt Cap - Benchmark Chemistry,Manganese,Recycling Limited to NA 2025 Online or Planned,0.0298683406395418,Increasing Batt Cap,Benchmark Chemistry,2.98683406395418
2045,Increasing Batt Cap - Benchmark Chemistry,Manganese,All Material is Recycled in NA,0.2932094730805921,Increasing Batt Cap,Benchmark Chemistry,29.32094730805921
2046,Increasing Batt Cap - Benchmark Chemistry,Manganese,Recycling Limited to NA 2025 Online or Planned,0.0293983220961199,Increasing Batt Cap,Benchmark Chemistry,2.93983220961199
2046,Increasing Batt Cap - Benchmark Chemistry,Manganese,All Material is Recycled in NA,0.3367372245624125,Increasing Batt Cap,Benchmark Chemistry,33.67372245624125
2047,Increasing Batt Cap - Benchmark Chemistry,Manganese,Recycling Limited to NA 2025 Online or Planned,0.0289508929527774,Increasing Batt Cap,Benchmark Chemistry,2.89508929527774
2047,Increasing Batt Cap - Benchmark Chemistry,Manganese,All Material is Recycled in NA,0.3825716581532884,Increasing Batt Cap,Benchmark Chemistry,38.25716581532884
2048,Increasing Batt Cap - Benchmark Chemistry,Manganese,Recycling Limited to NA 2025 Online or Planned,0.0285351927135321,Increasing Batt Cap,Benchmark Chemistry,2.85351927135321
2048,Increasing Batt Cap - Benchmark Chemistry,Manganese,All Material is Recycled in NA,0.429399493571838,Increasing Batt Cap,Benchmark Chemistry,42.9399493571838
2049,Increasing Batt Cap - Benchmark Chemistry,Manganese,Recycling Limited to NA 2025 Online or Planned,0.0281906172197776,Increasing Batt Cap,Benchmark Chemistry,2.81906172197776
2049,Increasing Batt Cap - Benchmark Chemistry,Manganese,All Material is Recycled in NA,0.4772776202912391,Increasing Batt Cap,Benchmark Chemistry,47.72776202912391
2050,Increasing Batt Cap - Benchmark Chemistry,Manganese,Recycling Limited to NA 2025 Online or Planned,0.0279071227083558,Increasing Batt Cap,Benchmark Chemistry,2.7907122708355803
2050,Increasing Batt Cap - Benchmark Chemistry,Manganese,All Material is Recycled in NA,0.5235087732045136,Increasing Batt Cap,Benchmark Chemistry,52.35087732045136
2026,Increasing Batt Cap - High LFP Chemistry,Manganese,Recycling Limited to NA 2025 Online or Planned,0.0,Increasing Batt Cap,High LFP Chemistry,0.0
2026,Increasing Batt Cap - High LFP Chemistry,Manganese,All Material is Recycled in NA,0.0039668526575959,Increasing Batt Cap,High LFP Chemistry,0.39668526575959
2027,Increasing Batt Cap - High LFP Chemistry,Manganese,Recycling Limited to NA 2025 Online or Planned,0.0,Increasing Batt Cap,High LFP Chemistry,0.0
2027,Increasing Batt Cap - High LFP Chemistry,Manganese,All Material is Recycled in NA,0.0049900283475032,Increasing Batt Cap,High LFP Chemistry,0.49900283475032003
2028,Increasing Batt Cap - High LFP Chemistry,Manganese,Recycling Limited to NA 2025 Online or Planned,0.0,Increasing Batt Cap,High LFP Chemistry,0.0
2028,Increasing Batt Cap - High LFP Chemistry,Manganese,All Material is Recycled in NA,0.0074931127115572,Increasing Batt Cap,High LFP Chemistry,0.74931127115572
2029,Increasing Batt Cap - High LFP Chemistry,Manganese,Recycling Limited to NA 2025 Online or Planned,0.0,Increasing Batt Cap,High LFP Chemistry,0.0
2029,Increasing Batt Cap - High LFP Chemistry,Manganese,All Material is Recycled in NA,0.0093867640080598,Increasing Batt Cap,High LFP Chemistry,0.93867640080598
2030,Increasing Batt Cap - High LFP Chemistry,Manganese,Recycling Limited to NA 2025 Online or Planned,0.0,Increasing Batt Cap,High LFP Chemistry,0.0
2030,Increasing Batt Cap - High LFP Chemistry,Manganese,All Material is Recycled in NA,0.0120705445002394,Increasing Batt Cap,High LFP Chemistry,1.20705445002394
2031,Increasing Batt Cap - High LFP Chemistry,Manganese,Recycling Limited to NA 2025 Online or Planned,0.0,Increasing Batt Cap,High LFP Chemistry,0.0
2031,Increasing Batt Cap - High LFP Chemistry,Manganese,All Material is Recycled in NA,0.0158693882325603,Increasing Batt Cap,High LFP Chemistry,1.58693882325603
2032,Increasing Batt Cap - High LFP Chemistry,Manganese,Recycling Limited to NA 2025 Online or Planned,0.0,Increasing Batt Cap,High LFP Chemistry,0.0
2032,Increasing Batt Cap - High LFP Chemistry,Manganese,All Material is Recycled in NA,0.0200400907777366,Increasing Batt Cap,High LFP Chemistry,2.00400907777366
2033,Increasing Batt Cap - High LFP Chemistry,Manganese,Recycling Limited to NA 2025 Online or Planned,0.0,Increasing Batt Cap,High LFP Chemistry,0.0
2033,Increasing Batt Cap - High LFP Chemistry,Manganese,All Material is Recycled in NA,0.0243214687049132,Increasing Batt Cap,High LFP Chemistry,2.43214687049132
2034,Increasing Batt Cap - High LFP Chemistry,Manganese,Recycling Limited to NA 2025 Online or Planned,0.0,Increasing Batt Cap,High LFP Chemistry,0.0
2034,Increasing Batt Cap - High LFP Chemistry,Manganese,All Material is Recycled in NA,0.0299579766800622,Increasing Batt Cap,High LFP Chemistry,2.9957976680062197
2035,Increasing Batt Cap - High LFP Chemistry,Manganese,Recycling Limited to NA 2025 Online or Planned,0.0,Increasing Batt Cap,High LFP Chemistry,0.0
2035,Increasing Batt Cap - High LFP Chemistry,Manganese,All Material is Recycled in NA,0.0379669176531927,Increasing Batt Cap,High LFP Chemistry,3.7966917653192698
2036,Increasing Batt Cap - High LFP Chemistry,Manganese,Recycling Limited to NA 2025 Online or Planned,0.0448595952945844,Increasing Batt Cap,High LFP Chemistry,4.48595952945844
2036,Increasing Batt Cap - High LFP Chemistry,Manganese,All Material is Recycled in NA,0.0515394582504316,Increasing Batt Cap,High LFP Chemistry,5.15394582504316
2037,Increasing Batt Cap - High LFP Chemistry,Manganese,Recycling Limited to NA 2025 Online or Planned,0.0447009371727328,Increasing Batt Cap,High LFP Chemistry,4.47009371727328
2037,Increasing Batt Cap - High LFP Chemistry,Manganese,All Material is Recycled in NA,0.0704218924946425,Increasing Batt Cap,High LFP Chemistry,7.04218924946425
2038,Increasing Batt Cap - High LFP Chemistry,Manganese,Recycling Limited to NA 2025 Online or Planned,0.0441299715141062,Increasing Batt Cap,High LFP Chemistry,4.41299715141062
2038,Increasing Batt Cap - High LFP Chemistry,Manganese,All Material is Recycled in NA,0.0928559127119526,Increasing Batt Cap,High LFP Chemistry,9.28559127119526
2039,Increasing Batt Cap - High LFP Chemistry,Manganese,Recycling Limited to NA 2025 Online or Planned,0.0439451233232529,Increasing Batt Cap,High LFP Chemistry,4.39451233232529
2039,Increasing Batt Cap - High LFP Chemistry,Manganese,All Material is Recycled in NA,0.1263734736707985,Increasing Batt Cap,High LFP Chemistry,12.63734736707985
2040,Increasing Batt Cap - High LFP Chemistry,Manganese,Recycling Limited to NA 2025 Online or Planned,0.0433476912452548,Increasing Batt Cap,High LFP Chemistry,4.33476912452548
2040,Increasing Batt Cap - High LFP Chemistry,Manganese,All Material is Recycled in NA,0.160832464740906,Increasing Batt Cap,High LFP Chemistry,16.0832464740906
2041,Increasing Batt Cap - High LFP Chemistry,Manganese,Recycling Limited to NA 2025 Online or Planned,0.0422215944791449,Increasing Batt Cap,High LFP Chemistry,4.22215944791449
2041,Increasing Batt Cap - High LFP Chemistry,Manganese,All Material is Recycled in NA,0.1980744635170115,Increasing Batt Cap,High LFP Chemistry,19.80744635170115
2042,Increasing Batt Cap - High LFP Chemistry,Manganese,Recycling Limited to NA 2025 Online or Planned,0.0407757557734254,Increasing Batt Cap,High LFP Chemistry,4.0775755773425395
2042,Increasing Batt Cap - High LFP Chemistry,Manganese,All Material is Recycled in NA,0.2361761125050351,Increasing Batt Cap,High LFP Chemistry,23.617611250503508
2043,Increasing Batt Cap - High LFP Chemistry,Manganese,Recycling Limited to NA 2025 Online or Planned,0.0393391093781557,Increasing Batt Cap,High LFP Chemistry,3.9339109378155697
2043,Increasing Batt Cap - High LFP Chemistry,Manganese,All Material is Recycled in NA,0.2776195427513347,Increasing Batt Cap,High LFP Chemistry,27.761954275133473
2044,Increasing Batt Cap - High LFP Chemistry,Manganese,Recycling Limited to NA 2025 Online or Planned,0.0378354970575649,Increasing Batt Cap,High LFP Chemistry,3.78354970575649
2044,Increasing Batt Cap - High LFP Chemistry,Manganese,All Material is Recycled in NA,0.3210928666928418,Increasing Batt Cap,High LFP Chemistry,32.10928666928418
2045,Increasing Batt Cap - High LFP Chemistry,Manganese,Recycling Limited to NA 2025 Online or Planned,0.0363407879245125,Increasing Batt Cap,High LFP Chemistry,3.63407879245125
2045,Increasing Batt Cap - High LFP Chemistry,Manganese,All Material is Recycled in NA,0.3658786739580281,Increasing Batt Cap,High LFP Chemistry,36.58786739580281
2046,Increasing Batt Cap - High LFP Chemistry,Manganese,Recycling Limited to NA 2025 Online or Planned,0.0348993146487787,Increasing Batt Cap,High LFP Chemistry,3.48993146487787
2046,Increasing Batt Cap - High LFP Chemistry,Manganese,All Material is Recycled in NA,0.4113512834027953,Increasing Batt Cap,High LFP Chemistry,41.13512834027953
2047,Increasing Batt Cap - High LFP Chemistry,Manganese,Recycling Limited to NA 2025 Online or Planned,0.0335397497934366,Increasing Batt Cap,High LFP Chemistry,3.3539749793436604
2047,Increasing Batt Cap - High LFP Chemistry,Manganese,All Material is Recycled in NA,0.4575743092610963,Increasing Batt Cap,High LFP Chemistry,45.757430926109635
2048,Increasing Batt Cap - High LFP Chemistry,Manganese,Recycling Limited to NA 2025 Online or Planned,0.0322657922456334,Increasing Batt Cap,High LFP Chemistry,3.2265792245633396
2048,Increasing Batt Cap - High LFP Chemistry,Manganese,All Material is Recycled in NA,0.5028639796830817,Increasing Batt Cap,High LFP Chemistry,50.28639796830817
2049,Increasing Batt Cap - High LFP Chemistry,Manganese,Recycling Limited to NA 2025 Online or Planned,0.0311212585571553,Increasing Batt Cap,High LFP Chemistry,3.11212585571553
2049,Increasing Batt Cap - High LFP Chemistry,Manganese,All Material is Recycled in NA,0.5473765843111887,Increasing Batt Cap,High LFP Chemistry,54.737658431118874
2050,Increasing Batt Cap - High LFP Chemistry,Manganese,Recycling Limited to NA 2025 Online or Planned,0.0301086951827218,Increasing Batt Cap,High LFP Chemistry,3.0108695182721803
2050,Increasing Batt Cap - High LFP Chemistry,Manganese,All Material is Recycled in NA,0.5884184686854038,Increasing Batt Cap,High LFP Chemistry,58.84184686854038
2026,Decreasing Batt Cap - Benchmark Chemistry,Manganese,Recycling Limited to NA 2025 Online or Planned,0.0,Decreasing Batt Cap,Benchmark Chemistry,0.0
2026,Decreasing Batt Cap - Benchmark Chemistry,Manganese,All Material is Recycled in NA,0.0042816439562032,Decreasing Batt Cap,Benchmark Chemistry,0.42816439562032
2027,Decreasing Batt Cap - Benchmark Chemistry,Manganese,Recycling Limited to NA 2025 Online or Planned,0.0,Decreasing Batt Cap,Benchmark Chemistry,0.0
2027,Decreasing Batt Cap - Benchmark Chemistry,Manganese,All Material is Recycled in NA,0.0054070767718606,Decreasing Batt Cap,Benchmark Chemistry,0.5407076771860599
2028,Decreasing Batt Cap - Benchmark Chemistry,Manganese,Recycling Limited to NA 2025 Online or Planned,0.0,Decreasing Batt Cap,Benchmark Chemistry,0.0
2028,Decreasing Batt Cap - Benchmark Chemistry,Manganese,All Material is Recycled in NA,0.0082212382555917,Decreasing Batt Cap,Benchmark Chemistry,0.82212382555917
2029,Decreasing Batt Cap - Benchmark Chemistry,Manganese,Recycling Limited to NA 2025 Online or Planned,0.0,Decreasing Batt Cap,Benchmark Chemistry,0.0
2029,Decreasing Batt Cap - Benchmark Chemistry,Manganese,All Material is Recycled in NA,0.0104414211859216,Decreasing Batt Cap,Benchmark Chemistry,1.04414211859216
2030,Decreasing Batt Cap - Benchmark Chemistry,Manganese,Recycling Limited to NA 2025 Online or Planned,0.0,Decreasing Batt Cap,Benchmark Chemistry,0.0
2030,Decreasing Batt Cap - Benchmark Chemistry,Manganese,All Material is Recycled in NA,0.0136722015159941,Decreasing Batt Cap,Benchmark Chemistry,1.36722015159941
2031,Decreasing Batt Cap - Benchmark Chemistry,Manganese,Recycling Limited to NA 2025 Online or Planned,0.0,Decreasing Batt Cap,Benchmark Chemistry,0.0
2031,Decreasing Batt Cap - Benchmark Chemistry,Manganese,All Material is Recycled in NA,0.0183448322182442,Decreasing Batt Cap,Benchmark Chemistry,1.8344832218244198
2032,Decreasing Batt Cap - Benchmark Chemistry,Manganese,Recycling Limited to NA 2025 Online or Planned,0.0,Decreasing Batt Cap,Benchmark Chemistry,0.0
2032,Decreasing Batt Cap - Benchmark Chemistry,Manganese,All Material is Recycled in NA,0.0235443845769891,Decreasing Batt Cap,Benchmark Chemistry,2.35443845769891
2033,Decreasing Batt Cap - Benchmark Chemistry,Manganese,Recycling Limited to NA 2025 Online or Planned,0.0,Decreasing Batt Cap,Benchmark Chemistry,0.0
2033,Decreasing Batt Cap - Benchmark Chemistry,Manganese,All Material is Recycled in NA,0.0289040982896356,Decreasing Batt Cap,Benchmark Chemistry,2.89040982896356
2034,Decreasing Batt Cap - Benchmark Chemistry,Manganese,Recycling Limited to NA 2025 Online or Planned,0.0,Decreasing Batt Cap,Benchmark Chemistry,0.0
2034,Decreasing Batt Cap - Benchmark Chemistry,Manganese,All Material is Recycled in NA,0.0359760834004911,Decreasing Batt Cap,Benchmark Chemistry,3.59760834004911
2035,Decreasing Batt Cap - Benchmark Chemistry,Manganese,Recycling Limited to NA 2025 Online or Planned,0.0,Decreasing Batt Cap,Benchmark Chemistry,0.0
2035,Decreasing Batt Cap - Benchmark Chemistry,Manganese,All Material is Recycled in NA,0.0461582953035568,Decreasing Batt Cap,Benchmark Chemistry,4.61582953035568
2036,Decreasing Batt Cap - Benchmark Chemistry,Manganese,Recycling Limited to NA 2025 Online or Planned,0.0617260653288572,Decreasing Batt Cap,Benchmark Chemistry,6.1726065328857205
2036,Decreasing Batt Cap - Benchmark Chemistry,Manganese,All Material is Recycled in NA,0.0617260653288572,Decreasing Batt Cap,Benchmark Chemistry,6.1726065328857205
2037,Decreasing Batt Cap - Benchmark Chemistry,Manganese,Recycling Limited to NA 2025 Online or Planned,0.077431322521442,Decreasing Batt Cap,Benchmark Chemistry,7.7431322521442
2037,Decreasing Batt Cap - Benchmark Chemistry,Manganese,All Material is Recycled in NA,0.0834388297754383,Decreasing Batt Cap,Benchmark Chemistry,8.34388297754383
2038,Decreasing Batt Cap - Benchmark Chemistry,Manganese,Recycling Limited to NA 2025 Online or Planned,0.0766279790979768,Decreasing Batt Cap,Benchmark Chemistry,7.66279790979768
2038,Decreasing Batt Cap - Benchmark Chemistry,Manganese,All Material is Recycled in NA,0.1087095258900309,Decreasing Batt Cap,Benchmark Chemistry,10.870952589003089
2039,Decreasing Batt Cap - Benchmark Chemistry,Manganese,Recycling Limited to NA 2025 Online or Planned,0.0762768880027192,Decreasing Batt Cap,Benchmark Chemistry,7.62768880027192
2039,Decreasing Batt Cap - Benchmark Chemistry,Manganese,All Material is Recycled in NA,0.1465477127711187,Decreasing Batt Cap,Benchmark Chemistry,14.65477127711187
2040,Decreasing Batt Cap - Benchmark Chemistry,Manganese,Recycling Limited to NA 2025 Online or Planned,0.0748763515344415,Decreasing Batt Cap,Benchmark Chemistry,7.48763515344415
2040,Decreasing Batt Cap - Benchmark Chemistry,Manganese,All Material is Recycled in NA,0.1816703881205824,Decreasing Batt Cap,Benchmark Chemistry,18.16703881205824
2041,Decreasing Batt Cap - Benchmark Chemistry,Manganese,Recycling Limited to NA 2025 Online or Planned,0.0739315168612574,Decreasing Batt Cap,Benchmark Chemistry,7.39315168612574
2041,Decreasing Batt Cap - Benchmark Chemistry,Manganese,All Material is Recycled in NA,0.2209538293995478,Decreasing Batt Cap,Benchmark Chemistry,22.09538293995478
2042,Decreasing Batt Cap - Benchmark Chemistry,Manganese,Recycling Limited to NA 2025 Online or Planned,0.0725096392333454,Decreasing Batt Cap,Benchmark Chemistry,7.25096392333454
2042,Decreasing Batt Cap - Benchmark Chemistry,Manganese,All Material is Recycled in NA,0.259883636688041,Decreasing Batt Cap,Benchmark Chemistry,25.988363668804098
2043,Decreasing Batt Cap - Benchmark Chemistry,Manganese,Recycling Limited to NA 2025 Online or Planned,0.0711271747755209,Decreasing Batt Cap,Benchmark Chemistry,7.11271747755209
2043,Decreasing Batt Cap - Benchmark Chemistry,Manganese,All Material is Recycled in NA,0.3012374529201399,Decreasing Batt Cap,Benchmark Chemistry,30.123745292013993
2044,Decreasing Batt Cap - Benchmark Chemistry,Manganese,Recycling Limited to NA 2025 Online or Planned,0.0696151181837855,Decreasing Batt Cap,Benchmark Chemistry,6.9615118183785505
2044,Decreasing Batt Cap - Benchmark Chemistry,Manganese,All Material is Recycled in NA,0.3435178027787975,Decreasing Batt Cap,Benchmark Chemistry,34.351780277879755
2045,Decreasing Batt Cap - Benchmark Chemistry,Manganese,Recycling Limited to NA 2025 Online or Planned,0.0680130397483862,Decreasing Batt Cap,Benchmark Chemistry,6.8013039748386195
2045,Decreasing Batt Cap - Benchmark Chemistry,Manganese,All Material is Recycled in NA,0.3858750877786231,Decreasing Batt Cap,Benchmark Chemistry,38.58750877786231
2046,Decreasing Batt Cap - Benchmark Chemistry,Manganese,Recycling Limited to NA 2025 Online or Planned,0.0664129421031175,Decreasing Batt Cap,Benchmark Chemistry,6.6412942103117505
2046,Decreasing Batt Cap - Benchmark Chemistry,Manganese,All Material is Recycled in NA,0.4277722955901421,Decreasing Batt Cap,Benchmark Chemistry,42.77722955901421
2047,Decreasing Batt Cap - Benchmark Chemistry,Manganese,Recycling Limited to NA 2025 Online or Planned,0.064907197585468,Decreasing Batt Cap,Benchmark Chemistry,6.490719758546799
2047,Decreasing Batt Cap - Benchmark Chemistry,Manganese,All Material is Recycled in NA,0.4695136887204045,Decreasing Batt Cap,Benchmark Chemistry,46.95136887204045
2048,Decreasing Batt Cap - Benchmark Chemistry,Manganese,Recycling Limited to NA 2025 Online or Planned,0.0635219122096728,Decreasing Batt Cap,Benchmark Chemistry,6.35219122096728
2048,Decreasing Batt Cap - Benchmark Chemistry,Manganese,All Material is Recycled in NA,0.5096691816859096,Decreasing Batt Cap,Benchmark Chemistry,50.96691816859096
2049,Decreasing Batt Cap - Benchmark Chemistry,Manganese,Recycling Limited to NA 2025 Online or Planned,0.0623409122753928,Decreasing Batt Cap,Benchmark Chemistry,6.23409122753928
2049,Decreasing Batt Cap - Benchmark Chemistry,Manganese,All Material is Recycled in NA,0.5486405946928321,Decreasing Batt Cap,Benchmark Chemistry,54.86405946928321
2050,Decreasing Batt Cap - Benchmark Chemistry,Manganese,Recycling Limited to NA 2025 Online or Planned,0.0613823032082252,Decreasing Batt Cap,Benchmark Chemistry,6.13823032082252
2050,Decreasing Batt Cap - Benchmark Chemistry,Manganese,All Material is Recycled in NA,0.5852980193626206,Decreasing Batt Cap,Benchmark Chemistry,58.52980193626206
2026,Decreasing Batt Cap - High LFP Chemistry,Manganese,Recycling Limited to NA 2025 Online or Planned,0.0,Decreasing Batt Cap,High LFP Chemistry,0.0
2026,Decreasing Batt Cap - High LFP Chemistry,Manganese,All Material is Recycled in NA,0.0044431804010874,Decreasing Batt Cap,High LFP Chemistry,0.44431804010874
2027,Decreasing Batt Cap - High LFP Chemistry,Manganese,Recycling Limited to NA 2025 Online or Planned,0.0,Decreasing Batt Cap,High LFP Chemistry,0.0
2027,Decreasing Batt Cap - High LFP Chemistry,Manganese,All Material is Recycled in NA,0.0058783275996458,Decreasing Batt Cap,High LFP Chemistry,0.58783275996458
2028,Decreasing Batt Cap - High LFP Chemistry,Manganese,Recycling Limited to NA 2025 Online or Planned,0.0,Decreasing Batt Cap,High LFP Chemistry,0.0
2028,Decreasing Batt Cap - High LFP Chemistry,Manganese,All Material is Recycled in NA,0.0092424362916698,Decreasing Batt Cap,High LFP Chemistry,0.9242436291669801
2029,Decreasing Batt Cap - High LFP Chemistry,Manganese,Recycling Limited to NA 2025 Online or Planned,0.0,Decreasing Batt Cap,High LFP Chemistry,0.0
2029,Decreasing Batt Cap - High LFP Chemistry,Manganese,All Material is Recycled in NA,0.0120912806246367,Decreasing Batt Cap,High LFP Chemistry,1.20912806246367
2030,Decreasing Batt Cap - High LFP Chemistry,Manganese,Recycling Limited to NA 2025 Online or Planned,0.0,Decreasing Batt Cap,High LFP Chemistry,0.0
2030,Decreasing Batt Cap - High LFP Chemistry,Manganese,All Material is Recycled in NA,0.0162232878414497,Decreasing Batt Cap,High LFP Chemistry,1.62232878414497
2031,Decreasing Batt Cap - High LFP Chemistry,Manganese,Recycling Limited to NA 2025 Online or Planned,0.0,Decreasing Batt Cap,High LFP Chemistry,0.0
2031,Decreasing Batt Cap - High LFP Chemistry,Manganese,All Material is Recycled in NA,0.0221725089209604,Decreasing Batt Cap,High LFP Chemistry,2.2172508920960396
2032,Decreasing Batt Cap - High LFP Chemistry,Manganese,Recycling Limited to NA 2025 Online or Planned,0.0,Decreasing Batt Cap,High LFP Chemistry,0.0
2032,Decreasing Batt Cap - High LFP Chemistry,Manganese,All Material is Recycled in NA,0.0290438608072247,Decreasing Batt Cap,High LFP Chemistry,2.90438608072247
2033,Decreasing Batt Cap - High LFP Chemistry,Manganese,Recycling Limited to NA 2025 Online or Planned,0.0,Decreasing Batt Cap,High LFP Chemistry,0.0
2033,Decreasing Batt Cap - High LFP Chemistry,Manganese,All Material is Recycled in NA,0.0364803935359327,Decreasing Batt Cap,High LFP Chemistry,3.64803935359327
2034,Decreasing Batt Cap - High LFP Chemistry,Manganese,Recycling Limited to NA 2025 Online or Planned,0.0,Decreasing Batt Cap,High LFP Chemistry,0.0
2034,Decreasing Batt Cap - High LFP Chemistry,Manganese,All Material is Recycled in NA,0.0463759407530121,Decreasing Batt Cap,High LFP Chemistry,4.637594075301211
2035,Decreasing Batt Cap - High LFP Chemistry,Manganese,Recycling Limited to NA 2025 Online or Planned,0.0,Decreasing Batt Cap,High LFP Chemistry,0.0
2035,Decreasing Batt Cap - High LFP Chemistry,Manganese,All Material is Recycled in NA,0.0607025993633169,Decreasing Batt Cap,High LFP Chemistry,6.07025993633169
2036,Decreasing Batt Cap - High LFP Chemistry,Manganese,Recycling Limited to NA 2025 Online or Planned,0.0824215193621507,Decreasing Batt Cap,High LFP Chemistry,8.24215193621507
2036,Decreasing Batt Cap - High LFP Chemistry,Manganese,All Material is Recycled in NA,0.0824215193621507,Decreasing Batt Cap,High LFP Chemistry,8.24215193621507
2037,Decreasing Batt Cap - High LFP Chemistry,Manganese,Recycling Limited to NA 2025 Online or Planned,0.1041786238183835,Decreasing Batt Cap,High LFP Chemistry,10.41786238183835
2037,Decreasing Batt Cap - High LFP Chemistry,Manganese,All Material is Recycled in NA,0.1127810662645998,Decreasing Batt Cap,High LFP Chemistry,11.27810662645998
2038,Decreasing Batt Cap - High LFP Chemistry,Manganese,Recycling Limited to NA 2025 Online or Planned,0.1040750601494664,Decreasing Batt Cap,High LFP Chemistry,10.40750601494664
2038,Decreasing Batt Cap - High LFP Chemistry,Manganese,All Material is Recycled in NA,0.1484734961675909,Decreasing Batt Cap,High LFP Chemistry,14.84734961675909
2039,Decreasing Batt Cap - High LFP Chemistry,Manganese,Recycling Limited to NA 2025 Online or Planned,0.1044531675907733,Decreasing Batt Cap,High LFP Chemistry,10.44531675907733
2039,Decreasing Batt Cap - High LFP Chemistry,Manganese,All Material is Recycled in NA,0.2019680872800164,Decreasing Batt Cap,High LFP Chemistry,20.19680872800164
2040,Decreasing Batt Cap - High LFP Chemistry,Manganese,Recycling Limited to NA 2025 Online or Planned,0.103732647279262,Decreasing Batt Cap,High LFP Chemistry,10.3732647279262
2040,Decreasing Batt Cap - High LFP Chemistry,Manganese,All Material is Recycled in NA,0.2537333920117842,Decreasing Batt Cap,High LFP Chemistry,25.373339201178418
2041,Decreasing Batt Cap - High LFP Chemistry,Manganese,Recycling Limited to NA 2025 Online or Planned,0.1004978927295508,Decreasing Batt Cap,High LFP Chemistry,10.04978927295508
2041,Decreasing Batt Cap - High LFP Chemistry,Manganese,All Material is Recycled in NA,0.3035526379149718,Decreasing Batt Cap,High LFP Chemistry,30.35526379149718
2042,Decreasing Batt Cap - High LFP Chemistry,Manganese,Recycling Limited to NA 2025 Online or Planned,0.0963213604316934,Decreasing Batt Cap,High LFP Chemistry,9.63213604316934
2042,Decreasing Batt Cap - High LFP Chemistry,Manganese,All Material is Recycled in NA,0.3499897298990456,Decreasing Batt Cap,High LFP Chemistry,34.99897298990456
2043,Decreasing Batt Cap - High LFP Chemistry,Manganese,Recycling Limited to NA 2025 Online or Planned,0.0920550645490067,Decreasing Batt Cap,High LFP Chemistry,9.20550645490067
2043,Decreasing Batt Cap - High LFP Chemistry,Manganese,All Material is Recycled in NA,0.3966310904496676,Decreasing Batt Cap,High LFP Chemistry,39.66310904496676
2044,Decreasing Batt Cap - High LFP Chemistry,Manganese,Recycling Limited to NA 2025 Online or Planned,0.0877042001541893,Decreasing Batt Cap,High LFP Chemistry,8.77042001541893
2044,Decreasing Batt Cap - High LFP Chemistry,Manganese,All Material is Recycled in NA,0.441891691977994,Decreasing Batt Cap,High LFP Chemistry,44.1891691977994
2045,Decreasing Batt Cap - High LFP Chemistry,Manganese,Recycling Limited to NA 2025 Online or Planned,0.0834785482843306,Decreasing Batt Cap,High LFP Chemistry,8.34785482843306
2045,Decreasing Batt Cap - High LFP Chemistry,Manganese,All Material is Recycled in NA,0.4853017316413445,Decreasing Batt Cap,High LFP Chemistry,48.530173164134446
2046,Decreasing Batt Cap - High LFP Chemistry,Manganese,Recycling Limited to NA 2025 Online or Planned,0.0794899290860924,Decreasing Batt Cap,High LFP Chemistry,7.94899290860924
2046,Decreasing Batt Cap - High LFP Chemistry,Manganese,All Material is Recycled in NA,0.5263916463495695,Decreasing Batt Cap,High LFP Chemistry,52.63916463495695
2047,Decreasing Batt Cap - High LFP Chemistry,Manganese,Recycling Limited to NA 2025 Online or Planned,0.0757849802661592,Decreasing Batt Cap,High LFP Chemistry,7.578498026615919
2047,Decreasing Batt Cap - High LFP Chemistry,Manganese,All Material is Recycled in NA,0.5654319805774682,Decreasing Batt Cap,High LFP Chemistry,56.54319805774682
2048,Decreasing Batt Cap - High LFP Chemistry,Manganese,Recycling Limited to NA 2025 Online or Planned,0.0723655818270661,Decreasing Batt Cap,High LFP Chemistry,7.236558182706609
2048,Decreasing Batt Cap - High LFP Chemistry,Manganese,All Material is Recycled in NA,0.6007367551635089,Decreasing Batt Cap,High LFP Chemistry,60.07367551635089
2049,Decreasing Batt Cap - High LFP Chemistry,Manganese,Recycling Limited to NA 2025 Online or Planned,0.0693154440325606,Decreasing Batt Cap,High LFP Chemistry,6.931544403256059
2049,Decreasing Batt Cap - High LFP Chemistry,Manganese,All Material is Recycled in NA,0.6330333341695366,Decreasing Batt Cap,High LFP Chemistry,63.303333416953656
2050,Decreasing Batt Cap - High LFP Chemistry,Manganese,Recycling Limited to NA 2025 Online or Planned,0.066662355795851,Decreasing Batt Cap,High LFP Chemistry,6.6662355795851
2050,Decreasing Batt Cap - High LFP Chemistry,Manganese,All Material is Recycled in NA,0.661444458852001,Decreasing Batt Cap,High LFP Chemistry,66.1444458852001
2026,Increasing Batt Cap - Benchmark Chemistry,Nickel,Recycling Limited to NA 2025 Online or Planned,0.0037588274761349,Increasing Batt Cap,Benchmark Chemistry,0.37588274761349
2026,Increasing Batt Cap - Benchmark Chemistry,Nickel,All Material is Recycled in NA,0.0037588274761349,Increasing Batt Cap,Benchmark Chemistry,0.37588274761349
2027,Increasing Batt Cap - Benchmark Chemistry,Nickel,Recycling Limited to NA 2025 Online or Planned,0.0047172069742563,Increasing Batt Cap,Benchmark Chemistry,0.47172069742562994
2027,Increasing Batt Cap - Benchmark Chemistry,Nickel,All Material is Recycled in NA,0.0047172069742563,Increasing Batt Cap,Benchmark Chemistry,0.47172069742562994
2028,Increasing Batt Cap - Benchmark Chemistry,Nickel,Recycling Limited to NA 2025 Online or Planned,0.0062787143348026,Increasing Batt Cap,Benchmark Chemistry,0.62787143348026
2028,Increasing Batt Cap - Benchmark Chemistry,Nickel,All Material is Recycled in NA,0.0062787143348026,Increasing Batt Cap,Benchmark Chemistry,0.62787143348026
2029,Increasing Batt Cap - Benchmark Chemistry,Nickel,Recycling Limited to NA 2025 Online or Planned,0.0082993677403301,Increasing Batt Cap,Benchmark Chemistry,0.8299367740330099
2029,Increasing Batt Cap - Benchmark Chemistry,Nickel,All Material is Recycled in NA,0.0082993677403301,Increasing Batt Cap,Benchmark Chemistry,0.8299367740330099
2030,Increasing Batt Cap - Benchmark Chemistry,Nickel,Recycling Limited to NA 2025 Online or Planned,0.0106519138078968,Increasing Batt Cap,Benchmark Chemistry,1.06519138078968
2030,Increasing Batt Cap - Benchmark Chemistry,Nickel,All Material is Recycled in NA,0.0106519138078968,Increasing Batt Cap,Benchmark Chemistry,1.06519138078968
2031,Increasing Batt Cap - Benchmark Chemistry,Nickel,Recycling Limited to NA 2025 Online or Planned,0.0138910215912459,Increasing Batt Cap,Benchmark Chemistry,1.38910215912459
2031,Increasing Batt Cap - Benchmark Chemistry,Nickel,All Material is Recycled in NA,0.0138910215912459,Increasing Batt Cap,Benchmark Chemistry,1.38910215912459
2032,Increasing Batt Cap - Benchmark Chemistry,Nickel,Recycling Limited to NA 2025 Online or Planned,0.0184676132818061,Increasing Batt Cap,Benchmark Chemistry,1.8467613281806101
2032,Increasing Batt Cap - Benchmark Chemistry,Nickel,All Material is Recycled in NA,0.0184676132818061,Increasing Batt Cap,Benchmark Chemistry,1.8467613281806101
2033,Increasing Batt Cap - Benchmark Chemistry,Nickel,Recycling Limited to NA 2025 Online or Planned,0.0227254688111309,Increasing Batt Cap,Benchmark Chemistry,2.2725468811130902
2033,Increasing Batt Cap - Benchmark Chemistry,Nickel,All Material is Recycled in NA,0.0227254688111309,Increasing Batt Cap,Benchmark Chemistry,2.2725468811130902
2034,Increasing Batt Cap - Benchmark Chemistry,Nickel,Recycling Limited to NA 2025 Online or Planned,0.0280056725300818,Increasing Batt Cap,Benchmark Chemistry,2.80056725300818
2034,Increasing Batt Cap - Benchmark Chemistry,Nickel,All Material is Recycled in NA,0.0280056725300818,Increasing Batt Cap,Benchmark Chemistry,2.80056725300818
2035,Increasing Batt Cap - Benchmark Chemistry,Nickel,Recycling Limited to NA 2025 Online or Planned,0.0348706440660654,Increasing Batt Cap,Benchmark Chemistry,3.48706440660654
2035,Increasing Batt Cap - Benchmark Chemistry,Nickel,All Material is Recycled in NA,0.0348706440660654,Increasing Batt Cap,Benchmark Chemistry,3.48706440660654
2036,Increasing Batt Cap - Benchmark Chemistry,Nickel,Recycling Limited to NA 2025 Online or Planned,0.0407335884791806,Increasing Batt Cap,Benchmark Chemistry,4.07335884791806
2036,Increasing Batt Cap - Benchmark Chemistry,Nickel,All Material is Recycled in NA,0.0465955235589601,Increasing Batt Cap,Benchmark Chemistry,4.65955235589601
2037,Increasing Batt Cap - Benchmark Chemistry,Nickel,Recycling Limited to NA 2025 Online or Planned,0.0394483345342378,Increasing Batt Cap,Benchmark Chemistry,3.9448334534237803
2037,Increasing Batt Cap - Benchmark Chemistry,Nickel,All Material is Recycled in NA,0.0618326622918866,Increasing Batt Cap,Benchmark Chemistry,6.18326622918866
2038,Increasing Batt Cap - Benchmark Chemistry,Nickel,Recycling Limited to NA 2025 Online or Planned,0.038187193171964,Increasing Batt Cap,Benchmark Chemistry,3.8187193171964
2038,Increasing Batt Cap - Benchmark Chemistry,Nickel,All Material is Recycled in NA,0.0798680141264583,Increasing Batt Cap,Benchmark Chemistry,7.98680141264583
2039,Increasing Batt Cap - Benchmark Chemistry,Nickel,Recycling Limited to NA 2025 Online or Planned,0.03712217692928,Increasing Batt Cap,Benchmark Chemistry,3.712217692928
2039,Increasing Batt Cap - Benchmark Chemistry,Nickel,All Material is Recycled in NA,0.1060191960126663,Increasing Batt Cap,Benchmark Chemistry,10.60191960126663
2040,Increasing Batt Cap - Benchmark Chemistry,Nickel,Recycling Limited to NA 2025 Online or Planned,0.0349948041091814,Increasing Batt Cap,Benchmark Chemistry,3.4994804109181397
2040,Increasing Batt Cap - Benchmark Chemistry,Nickel,All Material is Recycled in NA,0.1287227620095429,Increasing Batt Cap,Benchmark Chemistry,12.87227620095429
2041,Increasing Batt Cap - Benchmark Chemistry,Nickel,Recycling Limited to NA 2025 Online or Planned,0.0336295968862396,Increasing Batt Cap,Benchmark Chemistry,3.36295968862396
2041,Increasing Batt Cap - Benchmark Chemistry,Nickel,All Material is Recycled in NA,0.1560191338323323,Increasing Batt Cap,Benchmark Chemistry,15.60191338323323
2042,Increasing Batt Cap - Benchmark Chemistry,Nickel,Recycling Limited to NA 2025 Online or Planned,0.0323201158754988,Increasing Batt Cap,Benchmark Chemistry,3.2320115875498803
2042,Increasing Batt Cap - Benchmark Chemistry,Nickel,All Material is Recycled in NA,0.1845599728628819,Increasing Batt Cap,Benchmark Chemistry,18.455997286288188
2043,Increasing Batt Cap - Benchmark Chemistry,Nickel,Recycling Limited to NA 2025 Online or Planned,0.031172740836051,Increasing Batt Cap,Benchmark Chemistry,3.1172740836051
2043,Increasing Batt Cap - Benchmark Chemistry,Nickel,All Material is Recycled in NA,0.2161430318930573,Increasing Batt Cap,Benchmark Chemistry,21.61430318930573
2044,Increasing Batt Cap - Benchmark Chemistry,Nickel,Recycling Limited to NA 2025 Online or Planned,0.0302836184077089,Increasing Batt Cap,Benchmark Chemistry,3.02836184077089
2044,Increasing Batt Cap - Benchmark Chemistry,Nickel,All Material is Recycled in NA,0.2516096533407439,Increasing Batt Cap,Benchmark Chemistry,25.16096533407439
2045,Increasing Batt Cap - Benchmark Chemistry,Nickel,Recycling Limited to NA 2025 Online or Planned,0.0295989354830875,Increasing Batt Cap,Benchmark Chemistry,2.95989354830875
2045,Increasing Batt Cap - Benchmark Chemistry,Nickel,All Material is Recycled in NA,0.2907354309579648,Increasing Batt Cap,Benchmark Chemistry,29.073543095796477
2046,Increasing Batt Cap - Benchmark Chemistry,Nickel,Recycling Limited to NA 2025 Online or Planned,0.0290514385936435,Increasing Batt Cap,Benchmark Chemistry,2.90514385936435
2046,Increasing Batt Cap - Benchmark Chemistry,Nickel,All Material is Recycled in NA,0.3329611277453994,Increasing Batt Cap,Benchmark Chemistry,33.296112774539935
2047,Increasing Batt Cap - Benchmark Chemistry,Nickel,Recycling Limited to NA 2025 Online or Planned,0.0286322283283596,Increasing Batt Cap,Benchmark Chemistry,2.8632228328359597
2047,Increasing Batt Cap - Benchmark Chemistry,Nickel,All Material is Recycled in NA,0.3785715172199285,Increasing Batt Cap,Benchmark Chemistry,37.85715172199285
2048,Increasing Batt Cap - Benchmark Chemistry,Nickel,Recycling Limited to NA 2025 Online or Planned,0.0282910811232057,Increasing Batt Cap,Benchmark Chemistry,2.82910811232057
2048,Increasing Batt Cap - Benchmark Chemistry,Nickel,All Material is Recycled in NA,0.4259661564879597,Increasing Batt Cap,Benchmark Chemistry,42.59661564879597
2049,Increasing Batt Cap - Benchmark Chemistry,Nickel,Recycling Limited to NA 2025 Online or Planned,0.0280287809094848,Increasing Batt Cap,Benchmark Chemistry,2.80287809094848
2049,Increasing Batt Cap - Benchmark Chemistry,Nickel,All Material is Recycled in NA,0.4747903136692857,Increasing Batt Cap,Benchmark Chemistry,47.47903136692857
2050,Increasing Batt Cap - Benchmark Chemistry,Nickel,Recycling Limited to NA 2025 Online or Planned,0.0278120294401168,Increasing Batt Cap,Benchmark Chemistry,2.78120294401168
2050,Increasing Batt Cap - Benchmark Chemistry,Nickel,All Material is Recycled in NA,0.5220054057510845,Increasing Batt Cap,Benchmark Chemistry,52.20054057510845
2026,Increasing Batt Cap - High LFP Chemistry,Nickel,Recycling Limited to NA 2025 Online or Planned,0.0039013825167316,Increasing Batt Cap,High LFP Chemistry,0.39013825167315996
2026,Increasing Batt Cap - High LFP Chemistry,Nickel,All Material is Recycled in NA,0.0039013825167316,Increasing Batt Cap,High LFP Chemistry,0.39013825167315996
2027,Increasing Batt Cap - High LFP Chemistry,Nickel,Recycling Limited to NA 2025 Online or Planned,0.0051303947528743,Increasing Batt Cap,High LFP Chemistry,0.51303947528743
2027,Increasing Batt Cap - High LFP Chemistry,Nickel,All Material is Recycled in NA,0.0051303947528743,Increasing Batt Cap,High LFP Chemistry,0.51303947528743
2028,Increasing Batt Cap - High LFP Chemistry,Nickel,Recycling Limited to NA 2025 Online or Planned,0.0070608543494271,Increasing Batt Cap,High LFP Chemistry,0.70608543494271
2028,Increasing Batt Cap - High LFP Chemistry,Nickel,All Material is Recycled in NA,0.0070608543494271,Increasing Batt Cap,High LFP Chemistry,0.70608543494271
2029,Increasing Batt Cap - High LFP Chemistry,Nickel,Recycling Limited to NA 2025 Online or Planned,0.009609488778248,Increasing Batt Cap,High LFP Chemistry,0.9609488778248
2029,Increasing Batt Cap - High LFP Chemistry,Nickel,All Material is Recycled in NA,0.009609488778248,Increasing Batt Cap,High LFP Chemistry,0.9609488778248
2030,Increasing Batt Cap - High LFP Chemistry,Nickel,Recycling Limited to NA 2025 Online or Planned,0.0126392675152949,Increasing Batt Cap,High LFP Chemistry,1.2639267515294899
2030,Increasing Batt Cap - High LFP Chemistry,Nickel,All Material is Recycled in NA,0.0126392675152949,Increasing Batt Cap,High LFP Chemistry,1.2639267515294899
2031,Increasing Batt Cap - High LFP Chemistry,Nickel,Recycling Limited to NA 2025 Online or Planned,0.0167942105705174,Increasing Batt Cap,High LFP Chemistry,1.67942105705174
2031,Increasing Batt Cap - High LFP Chemistry,Nickel,All Material is Recycled in NA,0.0167942105705174,Increasing Batt Cap,High LFP Chemistry,1.67942105705174
2032,Increasing Batt Cap - High LFP Chemistry,Nickel,Recycling Limited to NA 2025 Online or Planned,0.0228067428967288,Increasing Batt Cap,High LFP Chemistry,2.28067428967288
2032,Increasing Batt Cap - High LFP Chemistry,Nickel,All Material is Recycled in NA,0.0228067428967288,Increasing Batt Cap,High LFP Chemistry,2.28067428967288
2033,Increasing Batt Cap - High LFP Chemistry,Nickel,Recycling Limited to NA 2025 Online or Planned,0.0287401068374846,Increasing Batt Cap,High LFP Chemistry,2.8740106837484602
2033,Increasing Batt Cap - High LFP Chemistry,Nickel,All Material is Recycled in NA,0.0287401068374846,Increasing Batt Cap,High LFP Chemistry,2.8740106837484602
2034,Increasing Batt Cap - High LFP Chemistry,Nickel,Recycling Limited to NA 2025 Online or Planned,0.0362092634890872,Increasing Batt Cap,High LFP Chemistry,3.62092634890872
2034,Increasing Batt Cap - High LFP Chemistry,Nickel,All Material is Recycled in NA,0.0362092634890872,Increasing Batt Cap,High LFP Chemistry,3.62092634890872
2035,Increasing Batt Cap - High LFP Chemistry,Nickel,Recycling Limited to NA 2025 Online or Planned,0.04602071450839,Increasing Batt Cap,High LFP Chemistry,4.602071450839
2035,Increasing Batt Cap - High LFP Chemistry,Nickel,All Material is Recycled in NA,0.04602071450839,Increasing Batt Cap,High LFP Chemistry,4.602071450839
2036,Increasing Batt Cap - High LFP Chemistry,Nickel,Recycling Limited to NA 2025 Online or Planned,0.0543540798645524,Increasing Batt Cap,High LFP Chemistry,5.43540798645524
2036,Increasing Batt Cap - High LFP Chemistry,Nickel,All Material is Recycled in NA,0.0624546537644353,Increasing Batt Cap,High LFP Chemistry,6.24546537644353
2037,Increasing Batt Cap - High LFP Chemistry,Nickel,Recycling Limited to NA 2025 Online or Planned,0.0532127020301437,Increasing Batt Cap,High LFP Chemistry,5.32127020301437
2037,Increasing Batt Cap - High LFP Chemistry,Nickel,All Material is Recycled in NA,0.0838572103626968,Increasing Batt Cap,High LFP Chemistry,8.38572103626968
2038,Increasing Batt Cap - High LFP Chemistry,Nickel,Recycling Limited to NA 2025 Online or Planned,0.0519801025220765,Increasing Batt Cap,High LFP Chemistry,5.19801025220765
2038,Increasing Batt Cap - High LFP Chemistry,Nickel,All Material is Recycled in NA,0.1094223090048816,Increasing Batt Cap,High LFP Chemistry,10.94223090048816
2039,Increasing Batt Cap - High LFP Chemistry,Nickel,Recycling Limited to NA 2025 Online or Planned,0.0509098588207074,Increasing Batt Cap,High LFP Chemistry,5.09098588207074
2039,Increasing Batt Cap - High LFP Chemistry,Nickel,All Material is Recycled in NA,0.1464819860483166,Increasing Batt Cap,High LFP Chemistry,14.648198604831661
2040,Increasing Batt Cap - High LFP Chemistry,Nickel,Recycling Limited to NA 2025 Online or Planned,0.0485131142903175,Increasing Batt Cap,High LFP Chemistry,4.8513114290317505
2040,Increasing Batt Cap - High LFP Chemistry,Nickel,All Material is Recycled in NA,0.1801064184377456,Increasing Batt Cap,High LFP Chemistry,18.01064184377456
2041,Increasing Batt Cap - High LFP Chemistry,Nickel,Recycling Limited to NA 2025 Online or Planned,0.0456810374624479,Increasing Batt Cap,High LFP Chemistry,4.56810374624479
2041,Increasing Batt Cap - High LFP Chemistry,Nickel,All Material is Recycled in NA,0.2144417853679208,Increasing Batt Cap,High LFP Chemistry,21.44417853679208
2042,Increasing Batt Cap - High LFP Chemistry,Nickel,Recycling Limited to NA 2025 Online or Planned,0.0428361120915562,Increasing Batt Cap,High LFP Chemistry,4.28361120915562
2042,Increasing Batt Cap - High LFP Chemistry,Nickel,All Material is Recycled in NA,0.2482749745605003,Increasing Batt Cap,High LFP Chemistry,24.82749745605003
2043,Increasing Batt Cap - High LFP Chemistry,Nickel,Recycling Limited to NA 2025 Online or Planned,0.0402005329015796,Increasing Batt Cap,High LFP Chemistry,4.02005329015796
2043,Increasing Batt Cap - High LFP Chemistry,Nickel,All Material is Recycled in NA,0.2838920380434157,Increasing Batt Cap,High LFP Chemistry,28.389203804341566
2044,Increasing Batt Cap - High LFP Chemistry,Nickel,Recycling Limited to NA 2025 Online or Planned,0.0379718071432941,Increasing Batt Cap,High LFP Chemistry,3.7971807143294103
2044,Increasing Batt Cap - High LFP Chemistry,Nickel,All Material is Recycled in NA,0.3224750928269844,Increasing Batt Cap,High LFP Chemistry,32.24750928269844
2045,Increasing Batt Cap - High LFP Chemistry,Nickel,Recycling Limited to NA 2025 Online or Planned,0.0361249313793811,Increasing Batt Cap,High LFP Chemistry,3.61249313793811
2045,Increasing Batt Cap - High LFP Chemistry,Nickel,All Material is Recycled in NA,0.3639678136332235,Increasing Batt Cap,High LFP Chemistry,36.39678136332235
2046,Increasing Batt Cap - High LFP Chemistry,Nickel,Recycling Limited to NA 2025 Online or Planned,0.0345558535548288,Increasing Batt Cap,High LFP Chemistry,3.4555853554828797
2046,Increasing Batt Cap - High LFP Chemistry,Nickel,All Material is Recycled in NA,0.4076067048393059,Increasing Batt Cap,High LFP Chemistry,40.76067048393059
2047,Increasing Batt Cap - High LFP Chemistry,Nickel,Recycling Limited to NA 2025 Online or Planned,0.033211644543136,Increasing Batt Cap,High LFP Chemistry,3.3211644543136
2047,Increasing Batt Cap - High LFP Chemistry,Nickel,All Material is Recycled in NA,0.4534234651378086,Increasing Batt Cap,High LFP Chemistry,45.34234651378086
2048,Increasing Batt Cap - High LFP Chemistry,Nickel,Recycling Limited to NA 2025 Online or Planned,0.0320142615257893,Increasing Batt Cap,High LFP Chemistry,3.2014261525789305
2048,Increasing Batt Cap - High LFP Chemistry,Nickel,All Material is Recycled in NA,0.4993152207297172,Increasing Batt Cap,High LFP Chemistry,49.93152207297172
2049,Increasing Batt Cap - High LFP Chemistry,Nickel,Recycling Limited to NA 2025 Online or Planned,0.0309580150628975,Increasing Batt Cap,High LFP Chemistry,3.0958015062897504
2049,Increasing Batt Cap - High LFP Chemistry,Nickel,All Material is Recycled in NA,0.5448971460804284,Increasing Batt Cap,High LFP Chemistry,54.48971460804284
2050,Increasing Batt Cap - High LFP Chemistry,Nickel,Recycling Limited to NA 2025 Online or Planned,0.0300166964051613,Increasing Batt Cap,High LFP Chemistry,3.00166964051613
2050,Increasing Batt Cap - High LFP Chemistry,Nickel,All Material is Recycled in NA,0.5870564918695155,Increasing Batt Cap,High LFP Chemistry,58.70564918695155
2026,Decreasing Batt Cap - Benchmark Chemistry,Nickel,Recycling Limited to NA 2025 Online or Planned,0.0042119618962205,Decreasing Batt Cap,Benchmark Chemistry,0.42119618962204997
2026,Decreasing Batt Cap - Benchmark Chemistry,Nickel,All Material is Recycled in NA,0.0042119618962205,Decreasing Batt Cap,Benchmark Chemistry,0.42119618962204997
2027,Decreasing Batt Cap - Benchmark Chemistry,Nickel,Recycling Limited to NA 2025 Online or Planned,0.0055605868227794,Decreasing Batt Cap,Benchmark Chemistry,0.5560586822779401
2027,Decreasing Batt Cap - Benchmark Chemistry,Nickel,All Material is Recycled in NA,0.0055605868227794,Decreasing Batt Cap,Benchmark Chemistry,0.5560586822779401
2028,Decreasing Batt Cap - Benchmark Chemistry,Nickel,Recycling Limited to NA 2025 Online or Planned,0.0077419700833706,Decreasing Batt Cap,Benchmark Chemistry,0.7741970083370601
2028,Decreasing Batt Cap - Benchmark Chemistry,Nickel,All Material is Recycled in NA,0.0077419700833706,Decreasing Batt Cap,Benchmark Chemistry,0.7741970083370601
2029,Decreasing Batt Cap - Benchmark Chemistry,Nickel,Recycling Limited to NA 2025 Online or Planned,0.0106930411152777,Decreasing Batt Cap,Benchmark Chemistry,1.06930411152777
2029,Decreasing Batt Cap - Benchmark Chemistry,Nickel,All Material is Recycled in NA,0.0106930411152777,Decreasing Batt Cap,Benchmark Chemistry,1.06930411152777
2030,Decreasing Batt Cap - Benchmark Chemistry,Nickel,Recycling Limited to NA 2025 Online or Planned,0.0143267658642607,Decreasing Batt Cap,Benchmark Chemistry,1.43267658642607
2030,Decreasing Batt Cap - Benchmark Chemistry,Nickel,All Material is Recycled in NA,0.0143267658642607,Decreasing Batt Cap,Benchmark Chemistry,1.43267658642607
2031,Decreasing Batt Cap - Benchmark Chemistry,Nickel,Recycling Limited to NA 2025 Online or Planned,0.0194499266544265,Decreasing Batt Cap,Benchmark Chemistry,1.94499266544265
2031,Decreasing Batt Cap - Benchmark Chemistry,Nickel,All Material is Recycled in NA,0.0194499266544265,Decreasing Batt Cap,Benchmark Chemistry,1.94499266544265
2032,Decreasing Batt Cap - Benchmark Chemistry,Nickel,Recycling Limited to NA 2025 Online or Planned,0.026925724073077,Decreasing Batt Cap,Benchmark Chemistry,2.6925724073077
2032,Decreasing Batt Cap - Benchmark Chemistry,Nickel,All Material is Recycled in NA,0.026925724073077,Decreasing Batt Cap,Benchmark Chemistry,2.6925724073077
2033,Decreasing Batt Cap - Benchmark Chemistry,Nickel,Recycling Limited to NA 2025 Online or Planned,0.0344148017789667,Decreasing Batt Cap,Benchmark Chemistry,3.4414801778966697
2033,Decreasing Batt Cap - Benchmark Chemistry,Nickel,All Material is Recycled in NA,0.0344148017789667,Decreasing Batt Cap,Benchmark Chemistry,3.4414801778966697
2034,Decreasing Batt Cap - Benchmark Chemistry,Nickel,Recycling Limited to NA 2025 Online or Planned,0.0439298697325591,Decreasing Batt Cap,Benchmark Chemistry,4.39298697325591
2034,Decreasing Batt Cap - Benchmark Chemistry,Nickel,All Material is Recycled in NA,0.0439298697325591,Decreasing Batt Cap,Benchmark Chemistry,4.39298697325591
2035,Decreasing Batt Cap - Benchmark Chemistry,Nickel,Recycling Limited to NA 2025 Online or Planned,0.0566092584582618,Decreasing Batt Cap,Benchmark Chemistry,5.6609258458261795
2035,Decreasing Batt Cap - Benchmark Chemistry,Nickel,All Material is Recycled in NA,0.0566092584582618,Decreasing Batt Cap,Benchmark Chemistry,5.6609258458261795
2036,Decreasing Batt Cap - Benchmark Chemistry,Nickel,Recycling Limited to NA 2025 Online or Planned,0.0757579608344954,Decreasing Batt Cap,Benchmark Chemistry,7.57579608344954
2036,Decreasing Batt Cap - Benchmark Chemistry,Nickel,All Material is Recycled in NA,0.0757579608344954,Decreasing Batt Cap,Benchmark Chemistry,7.57579608344954
2037,Decreasing Batt Cap - Benchmark Chemistry,Nickel,Recycling Limited to NA 2025 Online or Planned,0.0933576130938539,Decreasing Batt Cap,Benchmark Chemistry,9.33576130938539
2037,Decreasing Batt Cap - Benchmark Chemistry,Nickel,All Material is Recycled in NA,0.1006042877932188,Decreasing Batt Cap,Benchmark Chemistry,10.06042877932188
2038,Decreasing Batt Cap - Benchmark Chemistry,Nickel,Recycling Limited to NA 2025 Online or Planned,0.0914372054092926,Decreasing Batt Cap,Benchmark Chemistry,9.143720540929259
2038,Decreasing Batt Cap - Benchmark Chemistry,Nickel,All Material is Recycled in NA,0.1297375574156703,Decreasing Batt Cap,Benchmark Chemistry,12.97375574156703
2039,Decreasing Batt Cap - Benchmark Chemistry,Nickel,Recycling Limited to NA 2025 Online or Planned,0.0894697865735999,Decreasing Batt Cap,Benchmark Chemistry,8.94697865735999
2039,Decreasing Batt Cap - Benchmark Chemistry,Nickel,All Material is Recycled in NA,0.1719346840642986,Decreasing Batt Cap,Benchmark Chemistry,17.19346840642986
2040,Decreasing Batt Cap - Benchmark Chemistry,Nickel,Recycling Limited to NA 2025 Online or Planned,0.0847328922778016,Decreasing Batt Cap,Benchmark Chemistry,8.47328922778016
2040,Decreasing Batt Cap - Benchmark Chemistry,Nickel,All Material is Recycled in NA,0.2056428070661341,Decreasing Batt Cap,Benchmark Chemistry,20.56428070661341
2041,Decreasing Batt Cap - Benchmark Chemistry,Nickel,Recycling Limited to NA 2025 Online or Planned,0.0807446675061553,Decreasing Batt Cap,Benchmark Chemistry,8.07446675061553
2041,Decreasing Batt Cap - Benchmark Chemistry,Nickel,All Material is Recycled in NA,0.2413912096419234,Decreasing Batt Cap,Benchmark Chemistry,24.13912096419234
2042,Decreasing Batt Cap - Benchmark Chemistry,Nickel,Recycling Limited to NA 2025 Online or Planned,0.0767371911936795,Decreasing Batt Cap,Benchmark Chemistry,7.67371911936795
2042,Decreasing Batt Cap - Benchmark Chemistry,Nickel,All Material is Recycled in NA,0.2751261848279629,Decreasing Batt Cap,Benchmark Chemistry,27.51261848279629
2043,Decreasing Batt Cap - Benchmark Chemistry,Nickel,Recycling Limited to NA 2025 Online or Planned,0.0730667376430203,Decreasing Batt Cap,Benchmark Chemistry,7.30667376430203
2043,Decreasing Batt Cap - Benchmark Chemistry,Nickel,All Material is Recycled in NA,0.3095572273139884,Decreasing Batt Cap,Benchmark Chemistry,30.955722731398836
2044,Decreasing Batt Cap - Benchmark Chemistry,Nickel,Recycling Limited to NA 2025 Online or Planned,0.0701015321714248,Decreasing Batt Cap,Benchmark Chemistry,7.01015321714248
2044,Decreasing Batt Cap - Benchmark Chemistry,Nickel,All Material is Recycled in NA,0.3460393367070136,Decreasing Batt Cap,Benchmark Chemistry,34.60393367070136
2045,Decreasing Batt Cap - Benchmark Chemistry,Nickel,Recycling Limited to NA 2025 Online or Planned,0.067741334714278,Decreasing Batt Cap,Benchmark Chemistry,6.7741334714278
2045,Decreasing Batt Cap - Benchmark Chemistry,Nickel,All Material is Recycled in NA,0.3844725795675414,Decreasing Batt Cap,Benchmark Chemistry,38.447257956754136
2046,Decreasing Batt Cap - Benchmark Chemistry,Nickel,Recycling Limited to NA 2025 Online or Planned,0.0658264039393322,Decreasing Batt Cap,Benchmark Chemistry,6.58264039393322
2046,Decreasing Batt Cap - Benchmark Chemistry,Nickel,All Material is Recycled in NA,0.4241524737649436,Decreasing Batt Cap,Benchmark Chemistry,42.41524737649436
2047,Decreasing Batt Cap - Benchmark Chemistry,Nickel,Recycling Limited to NA 2025 Online or Planned,0.0642994857073073,Decreasing Batt Cap,Benchmark Chemistry,6.42994857073073
2047,Decreasing Batt Cap - Benchmark Chemistry,Nickel,All Material is Recycled in NA,0.4652840186521911,Decreasing Batt Cap,Benchmark Chemistry,46.52840186521911
2048,Decreasing Batt Cap - Benchmark Chemistry,Nickel,Recycling Limited to NA 2025 Online or Planned,0.0630329689124056,Decreasing Batt Cap,Benchmark Chemistry,6.30329689124056
2048,Decreasing Batt Cap - Benchmark Chemistry,Nickel,All Material is Recycled in NA,0.5059321906903766,Decreasing Batt Cap,Benchmark Chemistry,50.593219069037666
2049,Decreasing Batt Cap - Benchmark Chemistry,Nickel,Recycling Limited to NA 2025 Online or Planned,0.0620081193732637,Decreasing Batt Cap,Benchmark Chemistry,6.20081193732637
2049,Decreasing Batt Cap - Benchmark Chemistry,Nickel,All Material is Recycled in NA,0.5459042122472387,Decreasing Batt Cap,Benchmark Chemistry,54.590421224723876
2050,Decreasing Batt Cap - Benchmark Chemistry,Nickel,Recycling Limited to NA 2025 Online or Planned,0.0611851195874081,Decreasing Batt Cap,Benchmark Chemistry,6.11851195874081
2050,Decreasing Batt Cap - Benchmark Chemistry,Nickel,All Material is Recycled in NA,0.583628099868675,Decreasing Batt Cap,Benchmark Chemistry,58.362809986867504
2026,Decreasing Batt Cap - High LFP Chemistry,Nickel,Recycling Limited to NA 2025 Online or Planned,0.0043715443017203,Decreasing Batt Cap,High LFP Chemistry,0.43715443017203004
2026,Decreasing Batt Cap - High LFP Chemistry,Nickel,All Material is Recycled in NA,0.0043715443017203,Decreasing Batt Cap,High LFP Chemistry,0.43715443017203004
2027,Decreasing Batt Cap - High LFP Chemistry,Nickel,Recycling Limited to NA 2025 Online or Planned,0.0060469385014853,Decreasing Batt Cap,High LFP Chemistry,0.60469385014853
2027,Decreasing Batt Cap - High LFP Chemistry,Nickel,All Material is Recycled in NA,0.0060469385014853,Decreasing Batt Cap,High LFP Chemistry,0.60469385014853
2028,Decreasing Batt Cap - High LFP Chemistry,Nickel,Recycling Limited to NA 2025 Online or Planned,0.0087062148024024,Decreasing Batt Cap,High LFP Chemistry,0.87062148024024
2028,Decreasing Batt Cap - High LFP Chemistry,Nickel,All Material is Recycled in NA,0.0087062148024024,Decreasing Batt Cap,High LFP Chemistry,0.87062148024024
2029,Decreasing Batt Cap - High LFP Chemistry,Nickel,Recycling Limited to NA 2025 Online or Planned,0.0123831948439341,Decreasing Batt Cap,High LFP Chemistry,1.23831948439341
2029,Decreasing Batt Cap - High LFP Chemistry,Nickel,All Material is Recycled in NA,0.0123831948439341,Decreasing Batt Cap,High LFP Chemistry,1.23831948439341
2030,Decreasing Batt Cap - High LFP Chemistry,Nickel,Recycling Limited to NA 2025 Online or Planned,0.0170083444876327,Decreasing Batt Cap,High LFP Chemistry,1.70083444876327
2030,Decreasing Batt Cap - High LFP Chemistry,Nickel,All Material is Recycled in NA,0.0170083444876327,Decreasing Batt Cap,High LFP Chemistry,1.70083444876327
2031,Decreasing Batt Cap - High LFP Chemistry,Nickel,Recycling Limited to NA 2025 Online or Planned,0.0235362559462018,Decreasing Batt Cap,High LFP Chemistry,2.35362559462018
2031,Decreasing Batt Cap - High LFP Chemistry,Nickel,All Material is Recycled in NA,0.0235362559462018,Decreasing Batt Cap,High LFP Chemistry,2.35362559462018
2032,Decreasing Batt Cap - High LFP Chemistry,Nickel,Recycling Limited to NA 2025 Online or Planned,0.0332969249869006,Decreasing Batt Cap,High LFP Chemistry,3.32969249869006
2032,Decreasing Batt Cap - High LFP Chemistry,Nickel,All Material is Recycled in NA,0.0332969249869006,Decreasing Batt Cap,High LFP Chemistry,3.32969249869006
2033,Decreasing Batt Cap - High LFP Chemistry,Nickel,Recycling Limited to NA 2025 Online or Planned,0.0436052011574452,Decreasing Batt Cap,High LFP Chemistry,4.36052011574452
2033,Decreasing Batt Cap - High LFP Chemistry,Nickel,All Material is Recycled in NA,0.0436052011574452,Decreasing Batt Cap,High LFP Chemistry,4.36052011574452
2034,Decreasing Batt Cap - High LFP Chemistry,Nickel,Recycling Limited to NA 2025 Online or Planned,0.0569421428345189,Decreasing Batt Cap,High LFP Chemistry,5.69421428345189
2034,Decreasing Batt Cap - High LFP Chemistry,Nickel,All Material is Recycled in NA,0.0569421428345189,Decreasing Batt Cap,High LFP Chemistry,5.69421428345189
2035,Decreasing Batt Cap - High LFP Chemistry,Nickel,Recycling Limited to NA 2025 Online or Planned,0.0749546589168931,Decreasing Batt Cap,High LFP Chemistry,7.495465891689309
2035,Decreasing Batt Cap - High LFP Chemistry,Nickel,All Material is Recycled in NA,0.0749546589168931,Decreasing Batt Cap,High LFP Chemistry,7.495465891689309
2036,Decreasing Batt Cap - High LFP Chemistry,Nickel,Recycling Limited to NA 2025 Online or Planned,0.1019659351414861,Decreasing Batt Cap,High LFP Chemistry,10.19659351414861
2036,Decreasing Batt Cap - High LFP Chemistry,Nickel,All Material is Recycled in NA,0.1019659351414861,Decreasing Batt Cap,High LFP Chemistry,10.19659351414861
2037,Decreasing Batt Cap - High LFP Chemistry,Nickel,Recycling Limited to NA 2025 Online or Planned,0.1266817641271379,Decreasing Batt Cap,High LFP Chemistry,12.668176412713791
2037,Decreasing Batt Cap - High LFP Chemistry,Nickel,All Material is Recycled in NA,0.1371477030171532,Decreasing Batt Cap,High LFP Chemistry,13.71477030171532
2038,Decreasing Batt Cap - High LFP Chemistry,Nickel,Recycling Limited to NA 2025 Online or Planned,0.1253674773081416,Decreasing Batt Cap,High LFP Chemistry,12.53674773081416
2038,Decreasing Batt Cap - High LFP Chemistry,Nickel,All Material is Recycled in NA,0.1788767555425394,Decreasing Batt Cap,High LFP Chemistry,17.88767555425394
2039,Decreasing Batt Cap - High LFP Chemistry,Nickel,Recycling Limited to NA 2025 Online or Planned,0.1237256562713936,Decreasing Batt Cap,High LFP Chemistry,12.37256562713936
2039,Decreasing Batt Cap - High LFP Chemistry,Nickel,All Material is Recycled in NA,0.2392922821242976,Decreasing Batt Cap,High LFP Chemistry,23.92922821242976
2040,Decreasing Batt Cap - High LFP Chemistry,Nickel,Recycling Limited to NA 2025 Online or Planned,0.118579000049034,Decreasing Batt Cap,High LFP Chemistry,11.857900004903401
2040,Decreasing Batt Cap - High LFP Chemistry,Nickel,All Material is Recycled in NA,0.2901361078856091,Decreasing Batt Cap,High LFP Chemistry,29.01361078856091
2041,Decreasing Batt Cap - High LFP Chemistry,Nickel,Recycling Limited to NA 2025 Online or Planned,0.1108481069635734,Decreasing Batt Cap,High LFP Chemistry,11.08481069635734
2041,Decreasing Batt Cap - High LFP Chemistry,Nickel,All Material is Recycled in NA,0.3349305525460882,Decreasing Batt Cap,High LFP Chemistry,33.49305525460882
2042,Decreasing Batt Cap - High LFP Chemistry,Nickel,Recycling Limited to NA 2025 Online or Planned,0.1028582451021567,Decreasing Batt Cap,High LFP Chemistry,10.28582451021567
2042,Decreasing Batt Cap - High LFP Chemistry,Nickel,All Material is Recycled in NA,0.373880519873362,Decreasing Batt Cap,High LFP Chemistry,37.388051987336205
2043,Decreasing Batt Cap - High LFP Chemistry,Nickel,Recycling Limited to NA 2025 Online or Planned,0.0952981076590888,Decreasing Batt Cap,High LFP Chemistry,9.52981076590888
2043,Decreasing Batt Cap - High LFP Chemistry,Nickel,All Material is Recycled in NA,0.4107659107388495,Decreasing Batt Cap,High LFP Chemistry,41.07659107388495
2044,Decreasing Batt Cap - High LFP Chemistry,Nickel,Recycling Limited to NA 2025 Online or Planned,0.0888498109419216,Decreasing Batt Cap,High LFP Chemistry,8.88498109419216
2044,Decreasing Batt Cap - High LFP Chemistry,Nickel,All Material is Recycled in NA,0.4478502782437956,Decreasing Batt Cap,High LFP Chemistry,44.78502782437956
2045,Decreasing Batt Cap - High LFP Chemistry,Nickel,Recycling Limited to NA 2025 Online or Planned,0.083507433250252,Decreasing Batt Cap,High LFP Chemistry,8.350743325025201
2045,Decreasing Batt Cap - High LFP Chemistry,Nickel,All Material is Recycled in NA,0.4856836011213257,Decreasing Batt Cap,High LFP Chemistry,48.56836011213257
2046,Decreasing Batt Cap - High LFP Chemistry,Nickel,Recycling Limited to NA 2025 Online or Planned,0.079027559371059,Decreasing Batt Cap,High LFP Chemistry,7.9027559371059
2046,Decreasing Batt Cap - High LFP Chemistry,Nickel,All Material is Recycled in NA,0.5235734458237217,Decreasing Batt Cap,High LFP Chemistry,52.357344582372164
2047,Decreasing Batt Cap - High LFP Chemistry,Nickel,Recycling Limited to NA 2025 Online or Planned,0.075233010219956,Decreasing Batt Cap,High LFP Chemistry,7.5233010219956
2047,Decreasing Batt Cap - High LFP Chemistry,Nickel,All Material is Recycled in NA,0.5615704027033053,Decreasing Batt Cap,High LFP Chemistry,56.157040270330526
2048,Decreasing Batt Cap - High LFP Chemistry,Nickel,Recycling Limited to NA 2025 Online or Planned,0.0719127095390713,Decreasing Batt Cap,High LFP Chemistry,7.1912709539071304
2048,Decreasing Batt Cap - High LFP Chemistry,Nickel,All Material is Recycled in NA,0.5972650033487037,Decreasing Batt Cap,High LFP Chemistry,59.726500334870366
2049,Decreasing Batt Cap - High LFP Chemistry,Nickel,Recycling Limited to NA 2025 Online or Planned,0.0690162956541859,Decreasing Batt Cap,High LFP Chemistry,6.901629565418591
2049,Decreasing Batt Cap - High LFP Chemistry,Nickel,All Material is Recycled in NA,0.6305994983116212,Decreasing Batt Cap,High LFP Chemistry,63.05994983116212
2050,Decreasing Batt Cap - High LFP Chemistry,Nickel,Recycling Limited to NA 2025 Online or Planned,0.0664988267102159,Decreasing Batt Cap,High LFP Chemistry,6.64988267102159
2050,Decreasing Batt Cap - High LFP Chemistry,Nickel,All Material is Recycled in NA,0.6601484030903735,Decreasing Batt Cap,High LFP Chemistry,66.01484030903735
