"Year","Scenario","Mineral","Recycling Scenario","Recycle_v_Demand"
2026,"Increasing Batt Cap - Benchmark Chemistry","Cobalt","Recycling Limited to NA 2025 Online or Planned",0.00699068481997605
2026,"Increasing Batt Cap - Benchmark Chemistry","Cobalt","All Material is Recycled in NA",0.00699068481997605
2027,"Increasing Batt Cap - Benchmark Chemistry","Cobalt","Recycling Limited to NA 2025 Online or Planned",0.00834273532173802
2027,"Increasing Batt Cap - Benchmark Chemistry","Cobalt","All Material is Recycled in NA",0.00834273532173802
2028,"Increasing Batt Cap - Benchmark Chemistry","Cobalt","Recycling Limited to NA 2025 Online or Planned",0.0111653173600108
2028,"Increasing Batt Cap - Benchmark Chemistry","Cobalt","All Material is Recycled in NA",0.0111653173600108
2029,"Increasing Batt Cap - Benchmark Chemistry","Cobalt","Recycling Limited to NA 2025 Online or Planned",0.0145467447725216
2029,"Increasing Batt Cap - Benchmark Chemistry","Cobalt","All Material is Recycled in NA",0.0145467447725216
2030,"Increasing Batt Cap - Benchmark Chemistry","Cobalt","Recycling Limited to NA 2025 Online or Planned",0.018486568027154
2030,"Increasing Batt Cap - Benchmark Chemistry","Cobalt","All Material is Recycled in NA",0.018486568027154
2031,"Increasing Batt Cap - Benchmark Chemistry","Cobalt","Recycling Limited to NA 2025 Online or Planned",0.0231935762669829
2031,"Increasing Batt Cap - Benchmark Chemistry","Cobalt","All Material is Recycled in NA",0.0231935762669829
2032,"Increasing Batt Cap - Benchmark Chemistry","Cobalt","Recycling Limited to NA 2025 Online or Planned",0.0290394469254145
2032,"Increasing Batt Cap - Benchmark Chemistry","Cobalt","All Material is Recycled in NA",0.0290394469254145
2033,"Increasing Batt Cap - Benchmark Chemistry","Cobalt","Recycling Limited to NA 2025 Online or Planned",0.0334616018625849
2033,"Increasing Batt Cap - Benchmark Chemistry","Cobalt","All Material is Recycled in NA",0.0334616018625849
2034,"Increasing Batt Cap - Benchmark Chemistry","Cobalt","Recycling Limited to NA 2025 Online or Planned",0.0404533517207351
2034,"Increasing Batt Cap - Benchmark Chemistry","Cobalt","All Material is Recycled in NA",0.0404533517207351
2035,"Increasing Batt Cap - Benchmark Chemistry","Cobalt","Recycling Limited to NA 2025 Online or Planned",0.0499038271717032
2035,"Increasing Batt Cap - Benchmark Chemistry","Cobalt","All Material is Recycled in NA",0.0499038271717032
2036,"Increasing Batt Cap - Benchmark Chemistry","Cobalt","Recycling Limited to NA 2025 Online or Planned",0.0589572148530118
2036,"Increasing Batt Cap - Benchmark Chemistry","Cobalt","All Material is Recycled in NA",0.0645936555488095
2037,"Increasing Batt Cap - Benchmark Chemistry","Cobalt","Recycling Limited to NA 2025 Online or Planned",0.0558319963684807
2037,"Increasing Batt Cap - Benchmark Chemistry","Cobalt","All Material is Recycled in NA",0.0838742077203378
2038,"Increasing Batt Cap - Benchmark Chemistry","Cobalt","Recycling Limited to NA 2025 Online or Planned",0.0535545466888938
2038,"Increasing Batt Cap - Benchmark Chemistry","Cobalt","All Material is Recycled in NA",0.106975175904262
2039,"Increasing Batt Cap - Benchmark Chemistry","Cobalt","Recycling Limited to NA 2025 Online or Planned",0.0525505911962594
2039,"Increasing Batt Cap - Benchmark Chemistry","Cobalt","All Material is Recycled in NA",0.140016306052331
2040,"Increasing Batt Cap - Benchmark Chemistry","Cobalt","Recycling Limited to NA 2025 Online or Planned",0.0490531574726891
2040,"Increasing Batt Cap - Benchmark Chemistry","Cobalt","All Material is Recycled in NA",0.163752581035074
2041,"Increasing Batt Cap - Benchmark Chemistry","Cobalt","Recycling Limited to NA 2025 Online or Planned",0.0468459184095067
2041,"Increasing Batt Cap - Benchmark Chemistry","Cobalt","All Material is Recycled in NA",0.192120330335704
2042,"Increasing Batt Cap - Benchmark Chemistry","Cobalt","Recycling Limited to NA 2025 Online or Planned",0.0447124828377297
2042,"Increasing Batt Cap - Benchmark Chemistry","Cobalt","All Material is Recycled in NA",0.221020057317051
2043,"Increasing Batt Cap - Benchmark Chemistry","Cobalt","Recycling Limited to NA 2025 Online or Planned",0.042818074592515
2043,"Increasing Batt Cap - Benchmark Chemistry","Cobalt","All Material is Recycled in NA",0.252956349037593
2044,"Increasing Batt Cap - Benchmark Chemistry","Cobalt","Recycling Limited to NA 2025 Online or Planned",0.0412536477570276
2044,"Increasing Batt Cap - Benchmark Chemistry","Cobalt","All Material is Recycled in NA",0.288553984614005
2045,"Increasing Batt Cap - Benchmark Chemistry","Cobalt","Recycling Limited to NA 2025 Online or Planned",0.039962426958516
2045,"Increasing Batt Cap - Benchmark Chemistry","Cobalt","All Material is Recycled in NA",0.328140864478829
2046,"Increasing Batt Cap - Benchmark Chemistry","Cobalt","Recycling Limited to NA 2025 Online or Planned",0.0387863925882909
2046,"Increasing Batt Cap - Benchmark Chemistry","Cobalt","All Material is Recycled in NA",0.370499375514627
2047,"Increasing Batt Cap - Benchmark Chemistry","Cobalt","Recycling Limited to NA 2025 Online or Planned",0.0378392031459107
2047,"Increasing Batt Cap - Benchmark Chemistry","Cobalt","All Material is Recycled in NA",0.417665203910932
2048,"Increasing Batt Cap - Benchmark Chemistry","Cobalt","Recycling Limited to NA 2025 Online or Planned",0.0369854262654731
2048,"Increasing Batt Cap - Benchmark Chemistry","Cobalt","All Material is Recycled in NA",0.465769997701688
2049,"Increasing Batt Cap - Benchmark Chemistry","Cobalt","Recycling Limited to NA 2025 Online or Planned",0.0361952207720491
2049,"Increasing Batt Cap - Benchmark Chemistry","Cobalt","All Material is Recycled in NA",0.513229323753744
2050,"Increasing Batt Cap - Benchmark Chemistry","Cobalt","Recycling Limited to NA 2025 Online or Planned",0.035459497288033
2050,"Increasing Batt Cap - Benchmark Chemistry","Cobalt","All Material is Recycled in NA",0.557282183928538
2026,"Increasing Batt Cap - High LFP Chemistry","Cobalt","Recycling Limited to NA 2025 Online or Planned",0.00725695369948125
2026,"Increasing Batt Cap - High LFP Chemistry","Cobalt","All Material is Recycled in NA",0.00725695369948125
2027,"Increasing Batt Cap - High LFP Chemistry","Cobalt","Recycling Limited to NA 2025 Online or Planned",0.00907590589020345
2027,"Increasing Batt Cap - High LFP Chemistry","Cobalt","All Material is Recycled in NA",0.00907590589020345
2028,"Increasing Batt Cap - High LFP Chemistry","Cobalt","Recycling Limited to NA 2025 Online or Planned",0.0125731765805629
2028,"Increasing Batt Cap - High LFP Chemistry","Cobalt","All Material is Recycled in NA",0.0125731765805629
2029,"Increasing Batt Cap - High LFP Chemistry","Cobalt","Recycling Limited to NA 2025 Online or Planned",0.0168775334919526
2029,"Increasing Batt Cap - High LFP Chemistry","Cobalt","All Material is Recycled in NA",0.0168775334919526
2030,"Increasing Batt Cap - High LFP Chemistry","Cobalt","Recycling Limited to NA 2025 Online or Planned",0.0219929531427044
2030,"Increasing Batt Cap - High LFP Chemistry","Cobalt","All Material is Recycled in NA",0.0219929531427044
2031,"Increasing Batt Cap - High LFP Chemistry","Cobalt","Recycling Limited to NA 2025 Online or Planned",0.0281260843533801
2031,"Increasing Batt Cap - High LFP Chemistry","Cobalt","All Material is Recycled in NA",0.0281260843533801
2032,"Increasing Batt Cap - High LFP Chemistry","Cobalt","Recycling Limited to NA 2025 Online or Planned",0.0359817823642085
2032,"Increasing Batt Cap - High LFP Chemistry","Cobalt","All Material is Recycled in NA",0.0359817823642085
2033,"Increasing Batt Cap - High LFP Chemistry","Cobalt","Recycling Limited to NA 2025 Online or Planned",0.0425434599140528
2033,"Increasing Batt Cap - High LFP Chemistry","Cobalt","All Material is Recycled in NA",0.0425434599140528
2034,"Increasing Batt Cap - High LFP Chemistry","Cobalt","Recycling Limited to NA 2025 Online or Planned",0.0526691779500286
2034,"Increasing Batt Cap - High LFP Chemistry","Cobalt","All Material is Recycled in NA",0.0526691779500286
2035,"Increasing Batt Cap - High LFP Chemistry","Cobalt","Recycling Limited to NA 2025 Online or Planned",0.0663917137215371
2035,"Increasing Batt Cap - High LFP Chemistry","Cobalt","All Material is Recycled in NA",0.0663917137215371
2036,"Increasing Batt Cap - High LFP Chemistry","Cobalt","Recycling Limited to NA 2025 Online or Planned",0.0795235330646062
2036,"Increasing Batt Cap - High LFP Chemistry","Cobalt","All Material is Recycled in NA",0.087408954916082
2037,"Increasing Batt Cap - High LFP Chemistry","Cobalt","Recycling Limited to NA 2025 Online or Planned",0.0762636987425324
2037,"Increasing Batt Cap - High LFP Chemistry","Cobalt","All Material is Recycled in NA",0.115022109862388
2038,"Increasing Batt Cap - High LFP Chemistry","Cobalt","Recycling Limited to NA 2025 Online or Planned",0.0739368522090381
2038,"Increasing Batt Cap - High LFP Chemistry","Cobalt","All Material is Recycled in NA",0.148407276448535
2039,"Increasing Batt Cap - High LFP Chemistry","Cobalt","Recycling Limited to NA 2025 Online or Planned",0.0730961681122111
2039,"Increasing Batt Cap - High LFP Chemistry","Cobalt","All Material is Recycled in NA",0.195891042009484
2040,"Increasing Batt Cap - High LFP Chemistry","Cobalt","Recycling Limited to NA 2025 Online or Planned",0.0690554182704907
2040,"Increasing Batt Cap - High LFP Chemistry","Cobalt","All Material is Recycled in NA",0.232259479972969
2041,"Increasing Batt Cap - High LFP Chemistry","Cobalt","Recycling Limited to NA 2025 Online or Planned",0.0645641049471928
2041,"Increasing Batt Cap - High LFP Chemistry","Cobalt","All Material is Recycled in NA",0.267406079329046
2042,"Increasing Batt Cap - High LFP Chemistry","Cobalt","Recycling Limited to NA 2025 Online or Planned",0.0600404292373527
2042,"Increasing Batt Cap - High LFP Chemistry","Cobalt","All Material is Recycled in NA",0.300603365820076
2043,"Increasing Batt Cap - High LFP Chemistry","Cobalt","Recycling Limited to NA 2025 Online or Planned",0.0558426320529794
2043,"Increasing Batt Cap - High LFP Chemistry","Cobalt","All Material is Recycled in NA",0.335255468390218
2044,"Increasing Batt Cap - High LFP Chemistry","Cobalt","Recycling Limited to NA 2025 Online or Planned",0.0522116987915132
2044,"Increasing Batt Cap - High LFP Chemistry","Cobalt","All Material is Recycled in NA",0.372436614616783
2045,"Increasing Batt Cap - High LFP Chemistry","Cobalt","Recycling Limited to NA 2025 Online or Planned",0.0491375279030304
2045,"Increasing Batt Cap - High LFP Chemistry","Cobalt","All Material is Recycled in NA",0.412914332573708
2046,"Increasing Batt Cap - High LFP Chemistry","Cobalt","Recycling Limited to NA 2025 Online or Planned",0.0464043007430844
2046,"Increasing Batt Cap - High LFP Chemistry","Cobalt","All Material is Recycled in NA",0.455183950484479
2047,"Increasing Batt Cap - High LFP Chemistry","Cobalt","Recycling Limited to NA 2025 Online or Planned",0.0440911155339107
2047,"Increasing Batt Cap - High LFP Chemistry","Cobalt","All Material is Recycled in NA",0.501444288151068
2048,"Increasing Batt Cap - High LFP Chemistry","Cobalt","Recycling Limited to NA 2025 Online or Planned",0.042016207963717
2048,"Increasing Batt Cap - High LFP Chemistry","Cobalt","All Material is Recycled in NA",0.546958721522485
2049,"Increasing Batt Cap - High LFP Chemistry","Cobalt","Recycling Limited to NA 2025 Online or Planned",0.0401272941456208
2049,"Increasing Batt Cap - High LFP Chemistry","Cobalt","All Material is Recycled in NA",0.589992685186946
2050,"Increasing Batt Cap - High LFP Chemistry","Cobalt","Recycling Limited to NA 2025 Online or Planned",0.0384117394295077
2050,"Increasing Batt Cap - High LFP Chemistry","Cobalt","All Material is Recycled in NA",0.627772237825973
2026,"Decreasing Batt Cap - Benchmark Chemistry","Cobalt","Recycling Limited to NA 2025 Online or Planned",0.00780963710304579
2026,"Decreasing Batt Cap - Benchmark Chemistry","Cobalt","All Material is Recycled in NA",0.00780963710304579
2027,"Decreasing Batt Cap - Benchmark Chemistry","Cobalt","Recycling Limited to NA 2025 Online or Planned",0.00980933164079937
2027,"Decreasing Batt Cap - Benchmark Chemistry","Cobalt","All Material is Recycled in NA",0.00980933164079937
2028,"Decreasing Batt Cap - Benchmark Chemistry","Cobalt","Recycling Limited to NA 2025 Online or Planned",0.0137876993002694
2028,"Decreasing Batt Cap - Benchmark Chemistry","Cobalt","All Material is Recycled in NA",0.0137876993002694
2029,"Decreasing Batt Cap - Benchmark Chemistry","Cobalt","Recycling Limited to NA 2025 Online or Planned",0.0188160615704877
2029,"Decreasing Batt Cap - Benchmark Chemistry","Cobalt","All Material is Recycled in NA",0.0188160615704877
2030,"Decreasing Batt Cap - Benchmark Chemistry","Cobalt","Recycling Limited to NA 2025 Online or Planned",0.0249859784371179
2030,"Decreasing Batt Cap - Benchmark Chemistry","Cobalt","All Material is Recycled in NA",0.0249859784371179
2031,"Decreasing Batt Cap - Benchmark Chemistry","Cobalt","Recycling Limited to NA 2025 Online or Planned",0.0326448924302697
2031,"Decreasing Batt Cap - Benchmark Chemistry","Cobalt","All Material is Recycled in NA",0.0326448924302697
2032,"Decreasing Batt Cap - Benchmark Chemistry","Cobalt","Recycling Limited to NA 2025 Online or Planned",0.042553749348519
2032,"Decreasing Batt Cap - Benchmark Chemistry","Cobalt","All Material is Recycled in NA",0.042553749348519
2033,"Decreasing Batt Cap - Benchmark Chemistry","Cobalt","Recycling Limited to NA 2025 Online or Planned",0.0510962024571899
2033,"Decreasing Batt Cap - Benchmark Chemistry","Cobalt","All Material is Recycled in NA",0.0510962024571899
2034,"Decreasing Batt Cap - Benchmark Chemistry","Cobalt","Recycling Limited to NA 2025 Online or Planned",0.064135036999329
2034,"Decreasing Batt Cap - Benchmark Chemistry","Cobalt","All Material is Recycled in NA",0.064135036999329
2035,"Decreasing Batt Cap - Benchmark Chemistry","Cobalt","Recycling Limited to NA 2025 Online or Planned",0.0819023635417728
2035,"Decreasing Batt Cap - Benchmark Chemistry","Cobalt","All Material is Recycled in NA",0.0819023635417728
2036,"Decreasing Batt Cap - Benchmark Chemistry","Cobalt","Recycling Limited to NA 2025 Online or Planned",0.106365388165012
2036,"Decreasing Batt Cap - Benchmark Chemistry","Cobalt","All Material is Recycled in NA",0.106365388165012
2037,"Decreasing Batt Cap - Benchmark Chemistry","Cobalt","Recycling Limited to NA 2025 Online or Planned",0.113636154433081
2037,"Decreasing Batt Cap - Benchmark Chemistry","Cobalt","All Material is Recycled in NA",0.138388626455368
2038,"Decreasing Batt Cap - Benchmark Chemistry","Cobalt","Recycling Limited to NA 2025 Online or Planned",0.109916283109863
2038,"Decreasing Batt Cap - Benchmark Chemistry","Cobalt","All Material is Recycled in NA",0.176320842186486
2039,"Decreasing Batt Cap - Benchmark Chemistry","Cobalt","Recycling Limited to NA 2025 Online or Planned",0.108617639496231
2039,"Decreasing Batt Cap - Benchmark Chemistry","Cobalt","All Material is Recycled in NA",0.229637999026858
2040,"Decreasing Batt Cap - Benchmark Chemistry","Cobalt","Recycling Limited to NA 2025 Online or Planned",0.101679159473971
2040,"Decreasing Batt Cap - Benchmark Chemistry","Cobalt","All Material is Recycled in NA",0.264578250182582
2041,"Decreasing Batt Cap - Benchmark Chemistry","Cobalt","Recycling Limited to NA 2025 Online or Planned",0.0960681017903576
2041,"Decreasing Batt Cap - Benchmark Chemistry","Cobalt","All Material is Recycled in NA",0.30033540684688
2042,"Decreasing Batt Cap - Benchmark Chemistry","Cobalt","Recycling Limited to NA 2025 Online or Planned",0.0903159576673461
2042,"Decreasing Batt Cap - Benchmark Chemistry","Cobalt","All Material is Recycled in NA",0.332337627376233
2043,"Decreasing Batt Cap - Benchmark Chemistry","Cobalt","Recycling Limited to NA 2025 Online or Planned",0.0851190157872982
2043,"Decreasing Batt Cap - Benchmark Chemistry","Cobalt","All Material is Recycled in NA",0.364501257643868
2044,"Decreasing Batt Cap - Benchmark Chemistry","Cobalt","Recycling Limited to NA 2025 Online or Planned",0.0807930616360711
2044,"Decreasing Batt Cap - Benchmark Chemistry","Cobalt","All Material is Recycled in NA",0.398127236557732
2045,"Decreasing Batt Cap - Benchmark Chemistry","Cobalt","Recycling Limited to NA 2025 Online or Planned",0.0772585472694555
2045,"Decreasing Batt Cap - Benchmark Chemistry","Cobalt","All Material is Recycled in NA",0.434073417648241
2046,"Decreasing Batt Cap - Benchmark Chemistry","Cobalt","Recycling Limited to NA 2025 Online or Planned",0.0741916945737372
2046,"Decreasing Batt Cap - Benchmark Chemistry","Cobalt","All Material is Recycled in NA",0.470901481102954
2047,"Decreasing Batt Cap - Benchmark Chemistry","Cobalt","Recycling Limited to NA 2025 Online or Planned",0.0717426502508651
2047,"Decreasing Batt Cap - Benchmark Chemistry","Cobalt","All Material is Recycled in NA",0.511032782127166
2048,"Decreasing Batt Cap - Benchmark Chemistry","Cobalt","Recycling Limited to NA 2025 Online or Planned",0.069597485322323
2048,"Decreasing Batt Cap - Benchmark Chemistry","Cobalt","All Material is Recycled in NA",0.549944113979079
2049,"Decreasing Batt Cap - Benchmark Chemistry","Cobalt","Recycling Limited to NA 2025 Online or Planned",0.0676566085116948
2049,"Decreasing Batt Cap - Benchmark Chemistry","Cobalt","All Material is Recycled in NA",0.586311738457297
2050,"Decreasing Batt Cap - Benchmark Chemistry","Cobalt","Recycling Limited to NA 2025 Online or Planned",0.0659307919795238
2050,"Decreasing Batt Cap - Benchmark Chemistry","Cobalt","All Material is Recycled in NA",0.618883679272852
2026,"Decreasing Batt Cap - High LFP Chemistry","Cobalt","Recycling Limited to NA 2025 Online or Planned",0.00810576904798379
2026,"Decreasing Batt Cap - High LFP Chemistry","Cobalt","All Material is Recycled in NA",0.00810576904798379
2027,"Decreasing Batt Cap - High LFP Chemistry","Cobalt","Recycling Limited to NA 2025 Online or Planned",0.0106655197131144
2027,"Decreasing Batt Cap - High LFP Chemistry","Cobalt","All Material is Recycled in NA",0.0106655197131144
2028,"Decreasing Batt Cap - High LFP Chemistry","Cobalt","Recycling Limited to NA 2025 Online or Planned",0.0155104875398092
2028,"Decreasing Batt Cap - High LFP Chemistry","Cobalt","All Material is Recycled in NA",0.0155104875398092
2029,"Decreasing Batt Cap - High LFP Chemistry","Cobalt","Recycling Limited to NA 2025 Online or Planned",0.0217980941846678
2029,"Decreasing Batt Cap - High LFP Chemistry","Cobalt","All Material is Recycled in NA",0.0217980941846678
2030,"Decreasing Batt Cap - High LFP Chemistry","Cobalt","Recycling Limited to NA 2025 Online or Planned",0.0296620858893339
2030,"Decreasing Batt Cap - High LFP Chemistry","Cobalt","All Material is Recycled in NA",0.0296620858893339
2031,"Decreasing Batt Cap - High LFP Chemistry","Cobalt","Recycling Limited to NA 2025 Online or Planned",0.0394660743083624
2031,"Decreasing Batt Cap - High LFP Chemistry","Cobalt","All Material is Recycled in NA",0.0394660743083624
2032,"Decreasing Batt Cap - High LFP Chemistry","Cobalt","Recycling Limited to NA 2025 Online or Planned",0.0525133674219195
2032,"Decreasing Batt Cap - High LFP Chemistry","Cobalt","All Material is Recycled in NA",0.0525133674219195
2033,"Decreasing Batt Cap - High LFP Chemistry","Cobalt","Recycling Limited to NA 2025 Online or Planned",0.0646782677585448
2033,"Decreasing Batt Cap - High LFP Chemistry","Cobalt","All Material is Recycled in NA",0.0646782677585448
2034,"Decreasing Batt Cap - High LFP Chemistry","Cobalt","Recycling Limited to NA 2025 Online or Planned",0.0830832300741316
2034,"Decreasing Batt Cap - High LFP Chemistry","Cobalt","All Material is Recycled in NA",0.0830832300741316
2035,"Decreasing Batt Cap - High LFP Chemistry","Cobalt","Recycling Limited to NA 2025 Online or Planned",0.10830687705367
2035,"Decreasing Batt Cap - High LFP Chemistry","Cobalt","All Material is Recycled in NA",0.10830687705367
2036,"Decreasing Batt Cap - High LFP Chemistry","Cobalt","Recycling Limited to NA 2025 Online or Planned",0.143098191991743
2036,"Decreasing Batt Cap - High LFP Chemistry","Cobalt","All Material is Recycled in NA",0.143098191991743
2037,"Decreasing Batt Cap - High LFP Chemistry","Cobalt","Recycling Limited to NA 2025 Online or Planned",0.154534184974232
2037,"Decreasing Batt Cap - High LFP Chemistry","Cobalt","All Material is Recycled in NA",0.188756901814233
2038,"Decreasing Batt Cap - High LFP Chemistry","Cobalt","Recycling Limited to NA 2025 Online or Planned",0.151187393098823
2038,"Decreasing Batt Cap - High LFP Chemistry","Cobalt","All Material is Recycled in NA",0.243412747235406
2039,"Decreasing Batt Cap - High LFP Chemistry","Cobalt","Recycling Limited to NA 2025 Online or Planned",0.150601670214446
2039,"Decreasing Batt Cap - High LFP Chemistry","Cobalt","All Material is Recycled in NA",0.319796707222407
2040,"Decreasing Batt Cap - High LFP Chemistry","Cobalt","Recycling Limited to NA 2025 Online or Planned",0.14282619991669
2040,"Decreasing Batt Cap - High LFP Chemistry","Cobalt","All Material is Recycled in NA",0.373792650216867
2041,"Decreasing Batt Cap - High LFP Chemistry","Cobalt","Recycling Limited to NA 2025 Online or Planned",0.132430674326952
2041,"Decreasing Batt Cap - High LFP Chemistry","Cobalt","All Material is Recycled in NA",0.417234245291945
2042,"Decreasing Batt Cap - High LFP Chemistry","Cobalt","Recycling Limited to NA 2025 Online or Planned",0.121580357251847
2042,"Decreasing Batt Cap - High LFP Chemistry","Cobalt","All Material is Recycled in NA",0.451991000475792
2043,"Decreasing Batt Cap - High LFP Chemistry","Cobalt","Recycling Limited to NA 2025 Online or Planned",0.111466528030673
2043,"Decreasing Batt Cap - High LFP Chemistry","Cobalt","All Material is Recycled in NA",0.483638102377239
2044,"Decreasing Batt Cap - High LFP Chemistry","Cobalt","Recycling Limited to NA 2025 Online or Planned",0.102763632358295
2044,"Decreasing Batt Cap - High LFP Chemistry","Cobalt","All Material is Recycled in NA",0.514663891175604
2045,"Decreasing Batt Cap - High LFP Chemistry","Cobalt","Recycling Limited to NA 2025 Online or Planned",0.0955076669316922
2045,"Decreasing Batt Cap - High LFP Chemistry","Cobalt","All Material is Recycled in NA",0.547034966860194
2046,"Decreasing Batt Cap - High LFP Chemistry","Cobalt","Recycling Limited to NA 2025 Online or Planned",0.0892649815406508
2046,"Decreasing Batt Cap - High LFP Chemistry","Cobalt","All Material is Recycled in NA",0.57929779626907
2047,"Decreasing Batt Cap - High LFP Chemistry","Cobalt","Recycling Limited to NA 2025 Online or Planned",0.0840906301035128
2047,"Decreasing Batt Cap - High LFP Chemistry","Cobalt","All Material is Recycled in NA",0.614226671592133
2048,"Decreasing Batt Cap - High LFP Chemistry","Cobalt","Recycling Limited to NA 2025 Online or Planned",0.0795575062011985
2048,"Decreasing Batt Cap - High LFP Chemistry","Cobalt","All Material is Recycled in NA",0.646433359177175
2049,"Decreasing Batt Cap - High LFP Chemistry","Cobalt","Recycling Limited to NA 2025 Online or Planned",0.0755071284037735
2049,"Decreasing Batt Cap - High LFP Chemistry","Cobalt","All Material is Recycled in NA",0.674637209010348
2050,"Decreasing Batt Cap - High LFP Chemistry","Cobalt","Recycling Limited to NA 2025 Online or Planned",0.071915483011567
2050,"Decreasing Batt Cap - High LFP Chemistry","Cobalt","All Material is Recycled in NA",0.697708563574959
2026,"Increasing Batt Cap - Benchmark Chemistry","Copper","Recycling Limited to NA 2025 Online or Planned",0.0029390852660418
2026,"Increasing Batt Cap - Benchmark Chemistry","Copper","All Material is Recycled in NA",0.0031023677808219
2027,"Increasing Batt Cap - Benchmark Chemistry","Copper","Recycling Limited to NA 2025 Online or Planned",0.00469821373784855
2027,"Increasing Batt Cap - Benchmark Chemistry","Copper","All Material is Recycled in NA",0.00495922561217347
2028,"Increasing Batt Cap - Benchmark Chemistry","Copper","Recycling Limited to NA 2025 Online or Planned",0.00733111545876754
2028,"Increasing Batt Cap - Benchmark Chemistry","Copper","All Material is Recycled in NA",0.00773839965092129
2029,"Increasing Batt Cap - Benchmark Chemistry","Copper","Recycling Limited to NA 2025 Online or Planned",0.0104892228567169
2029,"Increasing Batt Cap - Benchmark Chemistry","Copper","All Material is Recycled in NA",0.0110719574598678
2030,"Increasing Batt Cap - Benchmark Chemistry","Copper","Recycling Limited to NA 2025 Online or Planned",0.0142329411883876
2030,"Increasing Batt Cap - Benchmark Chemistry","Copper","All Material is Recycled in NA",0.015023660143298
2031,"Increasing Batt Cap - Benchmark Chemistry","Copper","Recycling Limited to NA 2025 Online or Planned",0.0185069843919409
2031,"Increasing Batt Cap - Benchmark Chemistry","Copper","All Material is Recycled in NA",0.0195351501914931
2032,"Increasing Batt Cap - Benchmark Chemistry","Copper","Recycling Limited to NA 2025 Online or Planned",0.0239475633611328
2032,"Increasing Batt Cap - Benchmark Chemistry","Copper","All Material is Recycled in NA",0.0252779835478624
2033,"Increasing Batt Cap - Benchmark Chemistry","Copper","Recycling Limited to NA 2025 Online or Planned",0.0296631484801105
2033,"Increasing Batt Cap - Benchmark Chemistry","Copper","All Material is Recycled in NA",0.03131110117345
2034,"Increasing Batt Cap - Benchmark Chemistry","Copper","Recycling Limited to NA 2025 Online or Planned",0.0377536574860482
2034,"Increasing Batt Cap - Benchmark Chemistry","Copper","All Material is Recycled in NA",0.0398510829019398
2035,"Increasing Batt Cap - Benchmark Chemistry","Copper","Recycling Limited to NA 2025 Online or Planned",0.0473668433166665
2035,"Increasing Batt Cap - Benchmark Chemistry","Copper","All Material is Recycled in NA",0.049998334612037
2036,"Increasing Batt Cap - Benchmark Chemistry","Copper","Recycling Limited to NA 2025 Online or Planned",0.0593822479131961
2036,"Increasing Batt Cap - Benchmark Chemistry","Copper","All Material is Recycled in NA",0.0650613865684369
2037,"Increasing Batt Cap - Benchmark Chemistry","Copper","Recycling Limited to NA 2025 Online or Planned",0.0557327337272413
2037,"Increasing Batt Cap - Benchmark Chemistry","Copper","All Material is Recycled in NA",0.0837357882389368
2038,"Increasing Batt Cap - Benchmark Chemistry","Copper","Recycling Limited to NA 2025 Online or Planned",0.0527020887375655
2038,"Increasing Batt Cap - Benchmark Chemistry","Copper","All Material is Recycled in NA",0.105293391346894
2039,"Increasing Batt Cap - Benchmark Chemistry","Copper","Recycling Limited to NA 2025 Online or Planned",0.0500783955157813
2039,"Increasing Batt Cap - Benchmark Chemistry","Copper","All Material is Recycled in NA",0.133463579389788
2040,"Increasing Batt Cap - Benchmark Chemistry","Copper","Recycling Limited to NA 2025 Online or Planned",0.0479578167918888
2040,"Increasing Batt Cap - Benchmark Chemistry","Copper","All Material is Recycled in NA",0.160144884547899
2041,"Increasing Batt Cap - Benchmark Chemistry","Copper","Recycling Limited to NA 2025 Online or Planned",0.0465411748734482
2041,"Increasing Batt Cap - Benchmark Chemistry","Copper","All Material is Recycled in NA",0.190936302889021
2042,"Increasing Batt Cap - Benchmark Chemistry","Copper","Recycling Limited to NA 2025 Online or Planned",0.0449263962867811
2042,"Increasing Batt Cap - Benchmark Chemistry","Copper","All Material is Recycled in NA",0.222160123802988
2043,"Increasing Batt Cap - Benchmark Chemistry","Copper","Recycling Limited to NA 2025 Online or Planned",0.0432154609586879
2043,"Increasing Batt Cap - Benchmark Chemistry","Copper","All Material is Recycled in NA",0.255404908229206
2044,"Increasing Batt Cap - Benchmark Chemistry","Copper","Recycling Limited to NA 2025 Online or Planned",0.0415680584550316
2044,"Increasing Batt Cap - Benchmark Chemistry","Copper","All Material is Recycled in NA",0.290872846135832
2045,"Increasing Batt Cap - Benchmark Chemistry","Copper","Recycling Limited to NA 2025 Online or Planned",0.0400604919741509
2045,"Increasing Batt Cap - Benchmark Chemistry","Copper","All Material is Recycled in NA",0.3290852947606
2046,"Increasing Batt Cap - Benchmark Chemistry","Copper","Recycling Limited to NA 2025 Online or Planned",0.0386151788201571
2046,"Increasing Batt Cap - Benchmark Chemistry","Copper","All Material is Recycled in NA",0.369022775761055
2047,"Increasing Batt Cap - Benchmark Chemistry","Copper","Recycling Limited to NA 2025 Online or Planned",0.0373421003780543
2047,"Increasing Batt Cap - Benchmark Chemistry","Copper","All Material is Recycled in NA",0.412358670989794
2048,"Increasing Batt Cap - Benchmark Chemistry","Copper","Recycling Limited to NA 2025 Online or Planned",0.036203490218812
2048,"Increasing Batt Cap - Benchmark Chemistry","Copper","All Material is Recycled in NA",0.456124314903571
2049,"Increasing Batt Cap - Benchmark Chemistry","Copper","Recycling Limited to NA 2025 Online or Planned",0.035230133631063
2049,"Increasing Batt Cap - Benchmark Chemistry","Copper","All Material is Recycled in NA",0.499767913109387
2050,"Increasing Batt Cap - Benchmark Chemistry","Copper","Recycling Limited to NA 2025 Online or Planned",0.034406951244267
2050,"Increasing Batt Cap - Benchmark Chemistry","Copper","All Material is Recycled in NA",0.5409847877709
2026,"Increasing Batt Cap - High LFP Chemistry","Copper","Recycling Limited to NA 2025 Online or Planned",0.0029149811454652
2026,"Increasing Batt Cap - High LFP Chemistry","Copper","All Material is Recycled in NA",0.00307692454243549
2027,"Increasing Batt Cap - High LFP Chemistry","Copper","Recycling Limited to NA 2025 Online or Planned",0.00461055666475035
2027,"Increasing Batt Cap - High LFP Chemistry","Copper","All Material is Recycled in NA",0.00486669870168093
2028,"Increasing Batt Cap - High LFP Chemistry","Copper","Recycling Limited to NA 2025 Online or Planned",0.00714060299145304
2028,"Increasing Batt Cap - High LFP Chemistry","Copper","All Material is Recycled in NA",0.00753730315764488
2029,"Increasing Batt Cap - High LFP Chemistry","Copper","Recycling Limited to NA 2025 Online or Planned",0.010148288471238
2029,"Increasing Batt Cap - High LFP Chemistry","Copper","All Material is Recycled in NA",0.0107120822751957
2030,"Increasing Batt Cap - High LFP Chemistry","Copper","Recycling Limited to NA 2025 Online or Planned",0.0137007429470632
2030,"Increasing Batt Cap - High LFP Chemistry","Copper","All Material is Recycled in NA",0.0144618953330111
2031,"Increasing Batt Cap - High LFP Chemistry","Copper","Recycling Limited to NA 2025 Online or Planned",0.0177666684639579
2031,"Increasing Batt Cap - High LFP Chemistry","Copper","All Material is Recycled in NA",0.0187537056008445
2032,"Increasing Batt Cap - High LFP Chemistry","Copper","Recycling Limited to NA 2025 Online or Planned",0.0229049316974999
2032,"Increasing Batt Cap - High LFP Chemistry","Copper","All Material is Recycled in NA",0.0241774279029166
2033,"Increasing Batt Cap - High LFP Chemistry","Copper","Recycling Limited to NA 2025 Online or Planned",0.0281912073121684
2033,"Increasing Batt Cap - High LFP Chemistry","Copper","All Material is Recycled in NA",0.0297573854961777
2034,"Increasing Batt Cap - High LFP Chemistry","Copper","Recycling Limited to NA 2025 Online or Planned",0.0356947541563675
2034,"Increasing Batt Cap - High LFP Chemistry","Copper","All Material is Recycled in NA",0.0376777960539435
2035,"Increasing Batt Cap - High LFP Chemistry","Copper","Recycling Limited to NA 2025 Online or Planned",0.0446076063284728
2035,"Increasing Batt Cap - High LFP Chemistry","Copper","All Material is Recycled in NA",0.0470858066800546
2036,"Increasing Batt Cap - High LFP Chemistry","Copper","Recycling Limited to NA 2025 Online or Planned",0.055561894433033
2036,"Increasing Batt Cap - High LFP Chemistry","Copper","All Material is Recycled in NA",0.0610734124347862
2037,"Increasing Batt Cap - High LFP Chemistry","Copper","Recycling Limited to NA 2025 Online or Planned",0.0519907211657893
2037,"Increasing Batt Cap - High LFP Chemistry","Copper","All Material is Recycled in NA",0.0784238754263704
2038,"Increasing Batt Cap - High LFP Chemistry","Copper","Recycling Limited to NA 2025 Online or Planned",0.049034433275175
2038,"Increasing Batt Cap - High LFP Chemistry","Copper","All Material is Recycled in NA",0.0984437897295257
2039,"Increasing Batt Cap - High LFP Chemistry","Copper","Recycling Limited to NA 2025 Online or Planned",0.0465142158557845
2039,"Increasing Batt Cap - High LFP Chemistry","Copper","All Material is Recycled in NA",0.124688520912105
2040,"Increasing Batt Cap - High LFP Chemistry","Copper","Recycling Limited to NA 2025 Online or Planned",0.0443778236603709
2040,"Increasing Batt Cap - High LFP Chemistry","Copper","All Material is Recycled in NA",0.149309961068419
2041,"Increasing Batt Cap - High LFP Chemistry","Copper","Recycling Limited to NA 2025 Online or Planned",0.0431169627418046
2041,"Increasing Batt Cap - High LFP Chemistry","Copper","All Material is Recycled in NA",0.178648742160251
2042,"Increasing Batt Cap - High LFP Chemistry","Copper","Recycling Limited to NA 2025 Online or Planned",0.0416704177214634
2042,"Increasing Batt Cap - High LFP Chemistry","Copper","All Material is Recycled in NA",0.208723368291833
2043,"Increasing Batt Cap - High LFP Chemistry","Copper","Recycling Limited to NA 2025 Online or Planned",0.0401412046801966
2043,"Increasing Batt Cap - High LFP Chemistry","Copper","All Material is Recycled in NA",0.241109911103089
2044,"Increasing Batt Cap - High LFP Chemistry","Copper","Recycling Limited to NA 2025 Online or Planned",0.0386705735866254
2044,"Increasing Batt Cap - High LFP Chemistry","Copper","All Material is Recycled in NA",0.275993851044452
2045,"Increasing Batt Cap - High LFP Chemistry","Copper","Recycling Limited to NA 2025 Online or Planned",0.0373255346268546
2045,"Increasing Batt Cap - High LFP Chemistry","Copper","All Material is Recycled in NA",0.313837376660974
2046,"Increasing Batt Cap - High LFP Chemistry","Copper","Recycling Limited to NA 2025 Online or Planned",0.0360321143753684
2046,"Increasing Batt Cap - High LFP Chemistry","Copper","All Material is Recycled in NA",0.353660267742119
2047,"Increasing Batt Cap - High LFP Chemistry","Copper","Recycling Limited to NA 2025 Online or Planned",0.0348981908938929
2047,"Increasing Batt Cap - High LFP Chemistry","Copper","All Material is Recycled in NA",0.39715309237615
2048,"Increasing Batt Cap - High LFP Chemistry","Copper","Recycling Limited to NA 2025 Online or Planned",0.0338880031778757
2048,"Increasing Batt Cap - High LFP Chemistry","Copper","All Material is Recycled in NA",0.441449860703422
2049,"Increasing Batt Cap - High LFP Chemistry","Copper","Recycling Limited to NA 2025 Online or Planned",0.0330272332113278
2049,"Increasing Batt Cap - High LFP Chemistry","Copper","All Material is Recycled in NA",0.485949480829667
2050,"Increasing Batt Cap - High LFP Chemistry","Copper","Recycling Limited to NA 2025 Online or Planned",0.0323046115843169
2050,"Increasing Batt Cap - High LFP Chemistry","Copper","All Material is Recycled in NA",0.528359753785306
2026,"Decreasing Batt Cap - Benchmark Chemistry","Copper","Recycling Limited to NA 2025 Online or Planned",0.00319447998997017
2026,"Decreasing Batt Cap - Benchmark Chemistry","Copper","All Material is Recycled in NA",0.00337195110052407
2027,"Decreasing Batt Cap - Benchmark Chemistry","Copper","Recycling Limited to NA 2025 Online or Planned",0.00530106701098652
2027,"Decreasing Batt Cap - Benchmark Chemistry","Copper","All Material is Recycled in NA",0.00559557073381911
2028,"Decreasing Batt Cap - Benchmark Chemistry","Copper","Recycling Limited to NA 2025 Online or Planned",0.00855840799795448
2028,"Decreasing Batt Cap - Benchmark Chemistry","Copper","All Material is Recycled in NA",0.00903387510895194
2029,"Decreasing Batt Cap - Benchmark Chemistry","Copper","Recycling Limited to NA 2025 Online or Planned",0.0126603421941024
2029,"Decreasing Batt Cap - Benchmark Chemistry","Copper","All Material is Recycled in NA",0.0133636945382192
2030,"Decreasing Batt Cap - Benchmark Chemistry","Copper","Recycling Limited to NA 2025 Online or Planned",0.0176763634769703
2030,"Decreasing Batt Cap - Benchmark Chemistry","Copper","All Material is Recycled in NA",0.0186583836701353
2031,"Decreasing Batt Cap - Benchmark Chemistry","Copper","Recycling Limited to NA 2025 Online or Planned",0.0234553356318559
2031,"Decreasing Batt Cap - Benchmark Chemistry","Copper","All Material is Recycled in NA",0.0247584098336257
2032,"Decreasing Batt Cap - Benchmark Chemistry","Copper","Recycling Limited to NA 2025 Online or Planned",0.0310663005919292
2032,"Decreasing Batt Cap - Benchmark Chemistry","Copper","All Material is Recycled in NA",0.0327922061803697
2033,"Decreasing Batt Cap - Benchmark Chemistry","Copper","Recycling Limited to NA 2025 Online or Planned",0.0398947638284519
2033,"Decreasing Batt Cap - Benchmark Chemistry","Copper","All Material is Recycled in NA",0.0421111395966993
2034,"Decreasing Batt Cap - Benchmark Chemistry","Copper","Recycling Limited to NA 2025 Online or Planned",0.0522585274751168
2034,"Decreasing Batt Cap - Benchmark Chemistry","Copper","All Material is Recycled in NA",0.0551617790015121
2035,"Decreasing Batt Cap - Benchmark Chemistry","Copper","Recycling Limited to NA 2025 Online or Planned",0.0670249652292694
2035,"Decreasing Batt Cap - Benchmark Chemistry","Copper","All Material is Recycled in NA",0.0707485744086733
2036,"Decreasing Batt Cap - Benchmark Chemistry","Copper","Recycling Limited to NA 2025 Online or Planned",0.0926485822890852
2036,"Decreasing Batt Cap - Benchmark Chemistry","Copper","All Material is Recycled in NA",0.0926485822890852
2037,"Decreasing Batt Cap - Benchmark Chemistry","Copper","Recycling Limited to NA 2025 Online or Planned",0.0985105517400242
2037,"Decreasing Batt Cap - Benchmark Chemistry","Copper","All Material is Recycled in NA",0.11997401979295
2038,"Decreasing Batt Cap - Benchmark Chemistry","Copper","Recycling Limited to NA 2025 Online or Planned",0.0943774729731594
2038,"Decreasing Batt Cap - Benchmark Chemistry","Copper","All Material is Recycled in NA",0.151410413616532
2039,"Decreasing Batt Cap - Benchmark Chemistry","Copper","Recycling Limited to NA 2025 Online or Planned",0.0908022478486023
2039,"Decreasing Batt Cap - Benchmark Chemistry","Copper","All Material is Recycled in NA",0.192002340775447
2040,"Decreasing Batt Cap - Benchmark Chemistry","Copper","Recycling Limited to NA 2025 Online or Planned",0.0879444484203097
2040,"Decreasing Batt Cap - Benchmark Chemistry","Copper","All Material is Recycled in NA",0.22888351410806
2041,"Decreasing Batt Cap - Benchmark Chemistry","Copper","Recycling Limited to NA 2025 Online or Planned",0.0855719404676459
2041,"Decreasing Batt Cap - Benchmark Chemistry","Copper","All Material is Recycled in NA",0.26758247469217
2042,"Decreasing Batt Cap - Benchmark Chemistry","Copper","Recycling Limited to NA 2025 Online or Planned",0.082766711148753
2042,"Decreasing Batt Cap - Benchmark Chemistry","Copper","All Material is Recycled in NA",0.304636800998817
2043,"Decreasing Batt Cap - Benchmark Chemistry","Copper","Recycling Limited to NA 2025 Online or Planned",0.0797419761178749
2043,"Decreasing Batt Cap - Benchmark Chemistry","Copper","All Material is Recycled in NA",0.341572625420914
2044,"Decreasing Batt Cap - Benchmark Chemistry","Copper","Recycling Limited to NA 2025 Online or Planned",0.0768299580406084
2044,"Decreasing Batt Cap - Benchmark Chemistry","Copper","All Material is Recycled in NA",0.378714652720455
2045,"Decreasing Batt Cap - Benchmark Chemistry","Copper","Recycling Limited to NA 2025 Online or Planned",0.0741677375697145
2045,"Decreasing Batt Cap - Benchmark Chemistry","Copper","All Material is Recycled in NA",0.416844215936859
2046,"Decreasing Batt Cap - Benchmark Chemistry","Copper","Recycling Limited to NA 2025 Online or Planned",0.0716348179563586
2046,"Decreasing Batt Cap - Benchmark Chemistry","Copper","All Material is Recycled in NA",0.454828586040365
2047,"Decreasing Batt Cap - Benchmark Chemistry","Copper","Recycling Limited to NA 2025 Online or Planned",0.069366941127784
2047,"Decreasing Batt Cap - Benchmark Chemistry","Copper","All Material is Recycled in NA",0.494286630275027
2048,"Decreasing Batt Cap - Benchmark Chemistry","Copper","Recycling Limited to NA 2025 Online or Planned",0.0672964353034458
2048,"Decreasing Batt Cap - Benchmark Chemistry","Copper","All Material is Recycled in NA",0.531957439640953
2049,"Decreasing Batt Cap - Benchmark Chemistry","Copper","Recycling Limited to NA 2025 Online or Planned",0.0655095816476621
2049,"Decreasing Batt Cap - Benchmark Chemistry","Copper","All Material is Recycled in NA",0.567920685203257
2050,"Decreasing Batt Cap - Benchmark Chemistry","Copper","Recycling Limited to NA 2025 Online or Planned",0.0639492807824628
2050,"Decreasing Batt Cap - Benchmark Chemistry","Copper","All Material is Recycled in NA",0.600517171095502
2026,"Decreasing Batt Cap - High LFP Chemistry","Copper","Recycling Limited to NA 2025 Online or Planned",0.00316909419943071
2026,"Decreasing Batt Cap - High LFP Chemistry","Copper","All Material is Recycled in NA",0.00334515498828797
2027,"Decreasing Batt Cap - High LFP Chemistry","Copper","Recycling Limited to NA 2025 Online or Planned",0.00520662440362458
2027,"Decreasing Batt Cap - High LFP Chemistry","Copper","All Material is Recycled in NA",0.00549588131493705
2028,"Decreasing Batt Cap - High LFP Chemistry","Copper","Recycling Limited to NA 2025 Online or Planned",0.00834943066146104
2028,"Decreasing Batt Cap - High LFP Chemistry","Copper","All Material is Recycled in NA",0.0088132879204311
2029,"Decreasing Batt Cap - High LFP Chemistry","Copper","Recycling Limited to NA 2025 Online or Planned",0.0122791785852034
2029,"Decreasing Batt Cap - High LFP Chemistry","Copper","All Material is Recycled in NA",0.0129613551732702
2030,"Decreasing Batt Cap - High LFP Chemistry","Copper","Recycling Limited to NA 2025 Online or Planned",0.0170747957763907
2030,"Decreasing Batt Cap - High LFP Chemistry","Copper","All Material is Recycled in NA",0.0180233955417457
2031,"Decreasing Batt Cap - High LFP Chemistry","Copper","Recycling Limited to NA 2025 Online or Planned",0.022621923256222
2031,"Decreasing Batt Cap - High LFP Chemistry","Copper","All Material is Recycled in NA",0.0238786967704565
2032,"Decreasing Batt Cap - High LFP Chemistry","Copper","Recycling Limited to NA 2025 Online or Planned",0.0298889365035792
2032,"Decreasing Batt Cap - High LFP Chemistry","Copper","All Material is Recycled in NA",0.0315494329760003
2033,"Decreasing Batt Cap - High LFP Chemistry","Copper","Recycling Limited to NA 2025 Online or Planned",0.0381810211780651
2033,"Decreasing Batt Cap - High LFP Chemistry","Copper","All Material is Recycled in NA",0.040302189021291
2034,"Decreasing Batt Cap - High LFP Chemistry","Copper","Recycling Limited to NA 2025 Online or Planned",0.0498186340186326
2034,"Decreasing Batt Cap - High LFP Chemistry","Copper","All Material is Recycled in NA",0.0525863359085566
2035,"Decreasing Batt Cap - High LFP Chemistry","Copper","Recycling Limited to NA 2025 Online or Planned",0.0637362561546551
2035,"Decreasing Batt Cap - High LFP Chemistry","Copper","All Material is Recycled in NA",0.0672771592743582
2036,"Decreasing Batt Cap - High LFP Chemistry","Copper","Recycling Limited to NA 2025 Online or Planned",0.0878534699258728
2036,"Decreasing Batt Cap - High LFP Chemistry","Copper","All Material is Recycled in NA",0.0878534699258728
2037,"Decreasing Batt Cap - High LFP Chemistry","Copper","Recycling Limited to NA 2025 Online or Planned",0.0929387473288988
2037,"Decreasing Batt Cap - High LFP Chemistry","Copper","All Material is Recycled in NA",0.113526387790932
2038,"Decreasing Batt Cap - High LFP Chemistry","Copper","Recycling Limited to NA 2025 Online or Planned",0.0888366388533935
2038,"Decreasing Batt Cap - High LFP Chemistry","Copper","All Material is Recycled in NA",0.143043542806571
2039,"Decreasing Batt Cap - High LFP Chemistry","Copper","Recycling Limited to NA 2025 Online or Planned",0.0853458478671184
2039,"Decreasing Batt Cap - High LFP Chemistry","Copper","All Material is Recycled in NA",0.18125811930132
2040,"Decreasing Batt Cap - High LFP Chemistry","Copper","Recycling Limited to NA 2025 Online or Planned",0.0824032577011559
2040,"Decreasing Batt Cap - High LFP Chemistry","Copper","All Material is Recycled in NA",0.215704076268623
2041,"Decreasing Batt Cap - High LFP Chemistry","Copper","Recycling Limited to NA 2025 Online or Planned",0.0802513521881906
2041,"Decreasing Batt Cap - High LFP Chemistry","Copper","All Material is Recycled in NA",0.252903172886165
2042,"Decreasing Batt Cap - High LFP Chemistry","Copper","Recycling Limited to NA 2025 Online or Planned",0.0776817566606485
2042,"Decreasing Batt Cap - High LFP Chemistry","Copper","All Material is Recycled in NA",0.288878176663795
2043,"Decreasing Batt Cap - High LFP Chemistry","Copper","Recycling Limited to NA 2025 Online or Planned",0.0749195404009576
2043,"Decreasing Batt Cap - High LFP Chemistry","Copper","All Material is Recycled in NA",0.325177396530243
2044,"Decreasing Batt Cap - High LFP Chemistry","Copper","Recycling Limited to NA 2025 Online or Planned",0.0722639686799033
2044,"Decreasing Batt Cap - High LFP Chemistry","Copper","All Material is Recycled in NA",0.362054959640077
2045,"Decreasing Batt Cap - High LFP Chemistry","Copper","Recycling Limited to NA 2025 Online or Planned",0.0698374657724144
2045,"Decreasing Batt Cap - High LFP Chemistry","Copper","All Material is Recycled in NA",0.400176871111005
2046,"Decreasing Batt Cap - High LFP Chemistry","Copper","Recycling Limited to NA 2025 Online or Planned",0.0675224583892709
2046,"Decreasing Batt Cap - High LFP Chemistry","Copper","All Material is Recycled in NA",0.43840189213827
2047,"Decreasing Batt Cap - High LFP Chemistry","Copper","Recycling Limited to NA 2025 Online or Planned",0.065458784306339
2047,"Decreasing Batt Cap - High LFP Chemistry","Copper","All Material is Recycled in NA",0.478375414562535
2048,"Decreasing Batt Cap - High LFP Chemistry","Copper","Recycling Limited to NA 2025 Online or Planned",0.06358199119756
2048,"Decreasing Batt Cap - High LFP Chemistry","Copper","All Material is Recycled in NA",0.516906185527555
2049,"Decreasing Batt Cap - High LFP Chemistry","Copper","Recycling Limited to NA 2025 Online or Planned",0.0619654362375479
2049,"Decreasing Batt Cap - High LFP Chemistry","Copper","All Material is Recycled in NA",0.553964632404635
2050,"Decreasing Batt Cap - High LFP Chemistry","Copper","Recycling Limited to NA 2025 Online or Planned",0.0605643182461022
2050,"Decreasing Batt Cap - High LFP Chemistry","Copper","All Material is Recycled in NA",0.587940954588657
2026,"Increasing Batt Cap - Benchmark Chemistry","Graphite","Recycling Limited to NA 2025 Online or Planned",0
2026,"Increasing Batt Cap - Benchmark Chemistry","Graphite","All Material is Recycled in NA",0.00329790464870229
2027,"Increasing Batt Cap - Benchmark Chemistry","Graphite","Recycling Limited to NA 2025 Online or Planned",0
2027,"Increasing Batt Cap - Benchmark Chemistry","Graphite","All Material is Recycled in NA",0.00498038366306825
2028,"Increasing Batt Cap - Benchmark Chemistry","Graphite","Recycling Limited to NA 2025 Online or Planned",0
2028,"Increasing Batt Cap - Benchmark Chemistry","Graphite","All Material is Recycled in NA",0.00749415957468354
2029,"Increasing Batt Cap - Benchmark Chemistry","Graphite","Recycling Limited to NA 2025 Online or Planned",0
2029,"Increasing Batt Cap - Benchmark Chemistry","Graphite","All Material is Recycled in NA",0.0105327828351616
2030,"Increasing Batt Cap - Benchmark Chemistry","Graphite","Recycling Limited to NA 2025 Online or Planned",0
2030,"Increasing Batt Cap - Benchmark Chemistry","Graphite","All Material is Recycled in NA",0.0141378114470934
2031,"Increasing Batt Cap - Benchmark Chemistry","Graphite","Recycling Limited to NA 2025 Online or Planned",0
2031,"Increasing Batt Cap - Benchmark Chemistry","Graphite","All Material is Recycled in NA",0.0183139972670179
2032,"Increasing Batt Cap - Benchmark Chemistry","Graphite","Recycling Limited to NA 2025 Online or Planned",0
2032,"Increasing Batt Cap - Benchmark Chemistry","Graphite","All Material is Recycled in NA",0.0236692890241265
2033,"Increasing Batt Cap - Benchmark Chemistry","Graphite","Recycling Limited to NA 2025 Online or Planned",0
2033,"Increasing Batt Cap - Benchmark Chemistry","Graphite","All Material is Recycled in NA",0.0290680056231381
2034,"Increasing Batt Cap - Benchmark Chemistry","Graphite","Recycling Limited to NA 2025 Online or Planned",0
2034,"Increasing Batt Cap - Benchmark Chemistry","Graphite","All Material is Recycled in NA",0.0367806416116778
2035,"Increasing Batt Cap - Benchmark Chemistry","Graphite","Recycling Limited to NA 2025 Online or Planned",0
2035,"Increasing Batt Cap - Benchmark Chemistry","Graphite","All Material is Recycled in NA",0.0460883029933555
2036,"Increasing Batt Cap - Benchmark Chemistry","Graphite","Recycling Limited to NA 2025 Online or Planned",0.0547550638953843
2036,"Increasing Batt Cap - Benchmark Chemistry","Graphite","All Material is Recycled in NA",0.0599929503615904
2037,"Increasing Batt Cap - Benchmark Chemistry","Graphite","Recycling Limited to NA 2025 Online or Planned",0.0514594098409527
2037,"Increasing Batt Cap - Benchmark Chemistry","Graphite","All Material is Recycled in NA",0.0773218936154053
2038,"Increasing Batt Cap - Benchmark Chemistry","Graphite","Recycling Limited to NA 2025 Online or Planned",0.048713378003537
2038,"Increasing Batt Cap - Benchmark Chemistry","Graphite","All Material is Recycled in NA",0.0973371300928424
2039,"Increasing Batt Cap - Benchmark Chemistry","Graphite","Recycling Limited to NA 2025 Online or Planned",0.0463524816982387
2039,"Increasing Batt Cap - Benchmark Chemistry","Graphite","All Material is Recycled in NA",0.123554540627085
2040,"Increasing Batt Cap - Benchmark Chemistry","Graphite","Recycling Limited to NA 2025 Online or Planned",0.0442317386326371
2040,"Increasing Batt Cap - Benchmark Chemistry","Graphite","All Material is Recycled in NA",0.147731114210829
2041,"Increasing Batt Cap - Benchmark Chemistry","Graphite","Recycling Limited to NA 2025 Online or Planned",0.0428352216125392
2041,"Increasing Batt Cap - Benchmark Chemistry","Graphite","All Material is Recycled in NA",0.175770169705706
2042,"Increasing Batt Cap - Benchmark Chemistry","Graphite","Recycling Limited to NA 2025 Online or Planned",0.0413012712007509
2042,"Increasing Batt Cap - Benchmark Chemistry","Graphite","All Material is Recycled in NA",0.204280710621336
2043,"Increasing Batt Cap - Benchmark Chemistry","Graphite","Recycling Limited to NA 2025 Online or Planned",0.0397507317066411
2043,"Increasing Batt Cap - Benchmark Chemistry","Graphite","All Material is Recycled in NA",0.234985359568627
2044,"Increasing Batt Cap - Benchmark Chemistry","Graphite","Recycling Limited to NA 2025 Online or Planned",0.0383129327164004
2044,"Increasing Batt Cap - Benchmark Chemistry","Graphite","All Material is Recycled in NA",0.268163645746207
2045,"Increasing Batt Cap - Benchmark Chemistry","Graphite","Recycling Limited to NA 2025 Online or Planned",0.0370300963089965
2045,"Increasing Batt Cap - Benchmark Chemistry","Graphite","All Material is Recycled in NA",0.304272725164704
2046,"Increasing Batt Cap - Benchmark Chemistry","Graphite","Recycling Limited to NA 2025 Online or Planned",0.0358084093047877
2046,"Increasing Batt Cap - Benchmark Chemistry","Graphite","All Material is Recycled in NA",0.34229492880876
2047,"Increasing Batt Cap - Benchmark Chemistry","Graphite","Recycling Limited to NA 2025 Online or Planned",0.0347485219035432
2047,"Increasing Batt Cap - Benchmark Chemistry","Graphite","All Material is Recycled in NA",0.383827714922328
2048,"Increasing Batt Cap - Benchmark Chemistry","Graphite","Recycling Limited to NA 2025 Online or Planned",0.0338009603579351
2048,"Increasing Batt Cap - Benchmark Chemistry","Graphite","All Material is Recycled in NA",0.425979613039878
2049,"Increasing Batt Cap - Benchmark Chemistry","Graphite","Recycling Limited to NA 2025 Online or Planned",0.0329868473732453
2049,"Increasing Batt Cap - Benchmark Chemistry","Graphite","All Material is Recycled in NA",0.468085135339915
2050,"Increasing Batt Cap - Benchmark Chemistry","Graphite","Recycling Limited to NA 2025 Online or Planned",0.0322957580061417
2050,"Increasing Batt Cap - Benchmark Chemistry","Graphite","All Material is Recycled in NA",0.507945089571535
2026,"Increasing Batt Cap - High LFP Chemistry","Graphite","Recycling Limited to NA 2025 Online or Planned",0
2026,"Increasing Batt Cap - High LFP Chemistry","Graphite","All Material is Recycled in NA",0.00329329328669093
2027,"Increasing Batt Cap - High LFP Chemistry","Graphite","Recycling Limited to NA 2025 Online or Planned",0
2027,"Increasing Batt Cap - High LFP Chemistry","Graphite","All Material is Recycled in NA",0.0049645252664687
2028,"Increasing Batt Cap - High LFP Chemistry","Graphite","Recycling Limited to NA 2025 Online or Planned",0
2028,"Increasing Batt Cap - High LFP Chemistry","Graphite","All Material is Recycled in NA",0.007460930632946
2029,"Increasing Batt Cap - High LFP Chemistry","Graphite","Recycling Limited to NA 2025 Online or Planned",0
2029,"Increasing Batt Cap - High LFP Chemistry","Graphite","All Material is Recycled in NA",0.0104743539509716
2030,"Increasing Batt Cap - High LFP Chemistry","Graphite","Recycling Limited to NA 2025 Online or Planned",0
2030,"Increasing Batt Cap - High LFP Chemistry","Graphite","All Material is Recycled in NA",0.0140480575921616
2031,"Increasing Batt Cap - High LFP Chemistry","Graphite","Recycling Limited to NA 2025 Online or Planned",0
2031,"Increasing Batt Cap - High LFP Chemistry","Graphite","All Material is Recycled in NA",0.0181896571603273
2032,"Increasing Batt Cap - High LFP Chemistry","Graphite","Recycling Limited to NA 2025 Online or Planned",0
2032,"Increasing Batt Cap - High LFP Chemistry","Graphite","All Material is Recycled in NA",0.0234940751312676
2033,"Increasing Batt Cap - High LFP Chemistry","Graphite","Recycling Limited to NA 2025 Online or Planned",0
2033,"Increasing Batt Cap - High LFP Chemistry","Graphite","All Material is Recycled in NA",0.0288236422916626
2034,"Increasing Batt Cap - High LFP Chemistry","Graphite","Recycling Limited to NA 2025 Online or Planned",0
2034,"Increasing Batt Cap - High LFP Chemistry","Graphite","All Material is Recycled in NA",0.0364413530226522
2035,"Increasing Batt Cap - High LFP Chemistry","Graphite","Recycling Limited to NA 2025 Online or Planned",0
2035,"Increasing Batt Cap - High LFP Chemistry","Graphite","All Material is Recycled in NA",0.0456340972307643
2036,"Increasing Batt Cap - High LFP Chemistry","Graphite","Recycling Limited to NA 2025 Online or Planned",0.0540122004348813
2036,"Increasing Batt Cap - High LFP Chemistry","Graphite","All Material is Recycled in NA",0.0593712999015972
2037,"Increasing Batt Cap - High LFP Chemistry","Graphite","Recycling Limited to NA 2025 Online or Planned",0.0507068300156401
2037,"Increasing Batt Cap - High LFP Chemistry","Graphite","All Material is Recycled in NA",0.0764937657703667
2038,"Increasing Batt Cap - High LFP Chemistry","Graphite","Recycling Limited to NA 2025 Online or Planned",0.0479454831179624
2038,"Increasing Batt Cap - High LFP Chemistry","Graphite","All Material is Recycled in NA",0.096270225903552
2039,"Increasing Batt Cap - High LFP Chemistry","Graphite","Recycling Limited to NA 2025 Online or Planned",0.0455745165624456
2039,"Increasing Batt Cap - High LFP Chemistry","Graphite","All Material is Recycled in NA",0.122190154929696
2040,"Increasing Batt Cap - High LFP Chemistry","Graphite","Recycling Limited to NA 2025 Online or Planned",0.0434007750247466
2040,"Increasing Batt Cap - High LFP Chemistry","Graphite","All Material is Recycled in NA",0.146050982079719
2041,"Increasing Batt Cap - High LFP Chemistry","Graphite","Recycling Limited to NA 2025 Online or Planned",0.0419562772415446
2041,"Increasing Batt Cap - High LFP Chemistry","Graphite","All Material is Recycled in NA",0.17387675260528
2042,"Increasing Batt Cap - High LFP Chemistry","Graphite","Recycling Limited to NA 2025 Online or Planned",0.0403637526587453
2042,"Increasing Batt Cap - High LFP Chemistry","Graphite","All Material is Recycled in NA",0.202224507282689
2043,"Increasing Batt Cap - High LFP Chemistry","Graphite","Recycling Limited to NA 2025 Online or Planned",0.0387502092588073
2043,"Increasing Batt Cap - High LFP Chemistry","Graphite","All Material is Recycled in NA",0.232811108476951
2044,"Increasing Batt Cap - High LFP Chemistry","Graphite","Recycling Limited to NA 2025 Online or Planned",0.0372483631118433
2044,"Increasing Batt Cap - High LFP Chemistry","Graphite","All Material is Recycled in NA",0.265910933978545
2045,"Increasing Batt Cap - High LFP Chemistry","Graphite","Recycling Limited to NA 2025 Online or Planned",0.0359047619631081
2045,"Increasing Batt Cap - High LFP Chemistry","Graphite","All Material is Recycled in NA",0.301971209946601
2046,"Increasing Batt Cap - High LFP Chemistry","Graphite","Recycling Limited to NA 2025 Online or Planned",0.0346289438852479
2046,"Increasing Batt Cap - High LFP Chemistry","Graphite","All Material is Recycled in NA",0.339981023366665
2047,"Increasing Batt Cap - High LFP Chemistry","Graphite","Recycling Limited to NA 2025 Online or Planned",0.0335168276939992
2047,"Increasing Batt Cap - High LFP Chemistry","Graphite","All Material is Recycled in NA",0.381539804245333
2048,"Increasing Batt Cap - High LFP Chemistry","Graphite","Recycling Limited to NA 2025 Online or Planned",0.0325216505291227
2048,"Increasing Batt Cap - High LFP Chemistry","Graphite","All Material is Recycled in NA",0.423772715790419
2049,"Increasing Batt Cap - High LFP Chemistry","Graphite","Recycling Limited to NA 2025 Online or Planned",0.0316626355221221
2049,"Increasing Batt Cap - High LFP Chemistry","Graphite","All Material is Recycled in NA",0.466008335650114
2050,"Increasing Batt Cap - High LFP Chemistry","Graphite","Recycling Limited to NA 2025 Online or Planned",0.0309312332927206
2050,"Increasing Batt Cap - High LFP Chemistry","Graphite","All Material is Recycled in NA",0.506048728534177
2026,"Decreasing Batt Cap - Benchmark Chemistry","Graphite","Recycling Limited to NA 2025 Online or Planned",0
2026,"Decreasing Batt Cap - Benchmark Chemistry","Graphite","All Material is Recycled in NA",0.00359887774331573
2027,"Decreasing Batt Cap - Benchmark Chemistry","Graphite","Recycling Limited to NA 2025 Online or Planned",0
2027,"Decreasing Batt Cap - Benchmark Chemistry","Graphite","All Material is Recycled in NA",0.0056537888374843
2028,"Decreasing Batt Cap - Benchmark Chemistry","Graphite","Recycling Limited to NA 2025 Online or Planned",0
2028,"Decreasing Batt Cap - Benchmark Chemistry","Graphite","All Material is Recycled in NA",0.00881907196486933
2029,"Decreasing Batt Cap - Benchmark Chemistry","Graphite","Recycling Limited to NA 2025 Online or Planned",0
2029,"Decreasing Batt Cap - Benchmark Chemistry","Graphite","All Material is Recycled in NA",0.0128412980886255
2030,"Decreasing Batt Cap - Benchmark Chemistry","Graphite","Recycling Limited to NA 2025 Online or Planned",0
2030,"Decreasing Batt Cap - Benchmark Chemistry","Graphite","All Material is Recycled in NA",0.0177755868262912
2031,"Decreasing Batt Cap - Benchmark Chemistry","Graphite","Recycling Limited to NA 2025 Online or Planned",0
2031,"Decreasing Batt Cap - Benchmark Chemistry","Graphite","All Material is Recycled in NA",0.0235589994528756
2032,"Decreasing Batt Cap - Benchmark Chemistry","Graphite","Recycling Limited to NA 2025 Online or Planned",0
2032,"Decreasing Batt Cap - Benchmark Chemistry","Graphite","All Material is Recycled in NA",0.0312366246955404
2033,"Decreasing Batt Cap - Benchmark Chemistry","Graphite","Recycling Limited to NA 2025 Online or Planned",0
2033,"Decreasing Batt Cap - Benchmark Chemistry","Graphite","All Material is Recycled in NA",0.0398261326717433
2034,"Decreasing Batt Cap - Benchmark Chemistry","Graphite","Recycling Limited to NA 2025 Online or Planned",0
2034,"Decreasing Batt Cap - Benchmark Chemistry","Graphite","All Material is Recycled in NA",0.0519486087505595
2035,"Decreasing Batt Cap - Benchmark Chemistry","Graphite","Recycling Limited to NA 2025 Online or Planned",0
2035,"Decreasing Batt Cap - Benchmark Chemistry","Graphite","All Material is Recycled in NA",0.0666689720993727
2036,"Decreasing Batt Cap - Benchmark Chemistry","Graphite","Recycling Limited to NA 2025 Online or Planned",0.0873165918394231
2036,"Decreasing Batt Cap - Benchmark Chemistry","Graphite","All Material is Recycled in NA",0.0873165918394231
2037,"Decreasing Batt Cap - Benchmark Chemistry","Graphite","Recycling Limited to NA 2025 Online or Planned",0.0929303754925356
2037,"Decreasing Batt Cap - Benchmark Chemistry","Graphite","All Material is Recycled in NA",0.113181513504127
2038,"Decreasing Batt Cap - Benchmark Chemistry","Graphite","Recycling Limited to NA 2025 Online or Planned",0.0890818450729972
2038,"Decreasing Batt Cap - Benchmark Chemistry","Graphite","All Material is Recycled in NA",0.142924206246876
2039,"Decreasing Batt Cap - Benchmark Chemistry","Graphite","Recycling Limited to NA 2025 Online or Planned",0.0857643784566703
2039,"Decreasing Batt Cap - Benchmark Chemistry","Graphite","All Material is Recycled in NA",0.181367309456799
2040,"Decreasing Batt Cap - Benchmark Chemistry","Graphite","Recycling Limited to NA 2025 Online or Planned",0.0826838454117211
2040,"Decreasing Batt Cap - Benchmark Chemistry","Graphite","All Material is Recycled in NA",0.215217370162912
2041,"Decreasing Batt Cap - Benchmark Chemistry","Graphite","Recycling Limited to NA 2025 Online or Planned",0.0801407620344369
2041,"Decreasing Batt Cap - Benchmark Chemistry","Graphite","All Material is Recycled in NA",0.250632230324848
2042,"Decreasing Batt Cap - Benchmark Chemistry","Graphite","Recycling Limited to NA 2025 Online or Planned",0.0772463929517647
2042,"Decreasing Batt Cap - Benchmark Chemistry","Graphite","All Material is Recycled in NA",0.28435919210903
2043,"Decreasing Batt Cap - Benchmark Chemistry","Graphite","Recycling Limited to NA 2025 Online or Planned",0.0742832515040178
2043,"Decreasing Batt Cap - Benchmark Chemistry","Graphite","All Material is Recycled in NA",0.318239771469665
2044,"Decreasing Batt Cap - Benchmark Chemistry","Graphite","Recycling Limited to NA 2025 Online or Planned",0.0715439984776426
2044,"Decreasing Batt Cap - Benchmark Chemistry","Graphite","All Material is Recycled in NA",0.352717336105773
2045,"Decreasing Batt Cap - Benchmark Chemistry","Graphite","Recycling Limited to NA 2025 Online or Planned",0.0691135865205905
2045,"Decreasing Batt Cap - Benchmark Chemistry","Graphite","All Material is Recycled in NA",0.38850667114165
2046,"Decreasing Batt Cap - Benchmark Chemistry","Graphite","Recycling Limited to NA 2025 Online or Planned",0.0668373431182621
2046,"Decreasing Batt Cap - Benchmark Chemistry","Graphite","All Material is Recycled in NA",0.42444638483027
2047,"Decreasing Batt Cap - Benchmark Chemistry","Graphite","Recycling Limited to NA 2025 Online or Planned",0.0648396052132408
2047,"Decreasing Batt Cap - Benchmark Chemistry","Graphite","All Material is Recycled in NA",0.462114751768502
2048,"Decreasing Batt Cap - Benchmark Chemistry","Graphite","Recycling Limited to NA 2025 Online or Planned",0.063025357883743
2048,"Decreasing Batt Cap - Benchmark Chemistry","Graphite","All Material is Recycled in NA",0.498294808474138
2049,"Decreasing Batt Cap - Benchmark Chemistry","Graphite","Recycling Limited to NA 2025 Online or Planned",0.0614530806318187
2049,"Decreasing Batt Cap - Benchmark Chemistry","Graphite","All Material is Recycled in NA",0.532862930815262
2050,"Decreasing Batt Cap - Benchmark Chemistry","Graphite","Recycling Limited to NA 2025 Online or Planned",0.0600836631132203
2050,"Decreasing Batt Cap - Benchmark Chemistry","Graphite","All Material is Recycled in NA",0.564335663622104
2026,"Decreasing Batt Cap - High LFP Chemistry","Graphite","Recycling Limited to NA 2025 Online or Planned",0
2026,"Decreasing Batt Cap - High LFP Chemistry","Graphite","All Material is Recycled in NA",0.00359398431449084
2027,"Decreasing Batt Cap - High LFP Chemistry","Graphite","Recycling Limited to NA 2025 Online or Planned",0
2027,"Decreasing Batt Cap - High LFP Chemistry","Graphite","All Material is Recycled in NA",0.00563651091531623
2028,"Decreasing Batt Cap - High LFP Chemistry","Graphite","Recycling Limited to NA 2025 Online or Planned",0
2028,"Decreasing Batt Cap - High LFP Chemistry","Graphite","All Material is Recycled in NA",0.0087820818622727
2029,"Decreasing Batt Cap - High LFP Chemistry","Graphite","Recycling Limited to NA 2025 Online or Planned",0
2029,"Decreasing Batt Cap - High LFP Chemistry","Graphite","All Material is Recycled in NA",0.0127747699421042
2030,"Decreasing Batt Cap - High LFP Chemistry","Graphite","Recycling Limited to NA 2025 Online or Planned",0
2030,"Decreasing Batt Cap - High LFP Chemistry","Graphite","All Material is Recycled in NA",0.0176718546895552
2031,"Decreasing Batt Cap - High LFP Chemistry","Graphite","Recycling Limited to NA 2025 Online or Planned",0
2031,"Decreasing Batt Cap - High LFP Chemistry","Graphite","All Material is Recycled in NA",0.0234152256417157
2032,"Decreasing Batt Cap - High LFP Chemistry","Graphite","Recycling Limited to NA 2025 Online or Planned",0
2032,"Decreasing Batt Cap - High LFP Chemistry","Graphite","All Material is Recycled in NA",0.0310326334610734
2033,"Decreasing Batt Cap - High LFP Chemistry","Graphite","Recycling Limited to NA 2025 Online or Planned",0
2033,"Decreasing Batt Cap - High LFP Chemistry","Graphite","All Material is Recycled in NA",0.0395321903614109
2034,"Decreasing Batt Cap - High LFP Chemistry","Graphite","Recycling Limited to NA 2025 Online or Planned",0
2034,"Decreasing Batt Cap - High LFP Chemistry","Graphite","All Material is Recycled in NA",0.0515321355028454
2035,"Decreasing Batt Cap - High LFP Chemistry","Graphite","Recycling Limited to NA 2025 Online or Planned",0
2035,"Decreasing Batt Cap - High LFP Chemistry","Graphite","All Material is Recycled in NA",0.0661065222687081
2036,"Decreasing Batt Cap - High LFP Chemistry","Graphite","Recycling Limited to NA 2025 Online or Planned",0.086540290315779
2036,"Decreasing Batt Cap - High LFP Chemistry","Graphite","All Material is Recycled in NA",0.086540290315779
2037,"Decreasing Batt Cap - High LFP Chemistry","Graphite","Recycling Limited to NA 2025 Online or Planned",0.0917994033079943
2037,"Decreasing Batt Cap - High LFP Chemistry","Graphite","All Material is Recycled in NA",0.112138145565439
2038,"Decreasing Batt Cap - High LFP Chemistry","Graphite","Recycling Limited to NA 2025 Online or Planned",0.0879169404355457
2038,"Decreasing Batt Cap - High LFP Chemistry","Graphite","All Material is Recycled in NA",0.141572208307652
2039,"Decreasing Batt Cap - High LFP Chemistry","Graphite","Recycling Limited to NA 2025 Online or Planned",0.0845736064070894
2039,"Decreasing Batt Cap - High LFP Chemistry","Graphite","All Material is Recycled in NA",0.179635483754155
2040,"Decreasing Batt Cap - High LFP Chemistry","Graphite","Recycling Limited to NA 2025 Online or Planned",0.0813992437166572
2040,"Decreasing Batt Cap - High LFP Chemistry","Graphite","All Material is Recycled in NA",0.213100727197189
2041,"Decreasing Batt Cap - High LFP Chemistry","Graphite","Recycling Limited to NA 2025 Online or Planned",0.0787777316824355
2041,"Decreasing Batt Cap - High LFP Chemistry","Graphite","All Material is Recycled in NA",0.248291881350077
2042,"Decreasing Batt Cap - High LFP Chemistry","Graphite","Recycling Limited to NA 2025 Online or Planned",0.075785837768944
2042,"Decreasing Batt Cap - High LFP Chemistry","Graphite","All Material is Recycled in NA",0.281868166981364
2043,"Decreasing Batt Cap - High LFP Chemistry","Graphite","Recycling Limited to NA 2025 Online or Planned",0.0727175455966517
2043,"Decreasing Batt Cap - High LFP Chemistry","Graphite","All Material is Recycled in NA",0.315668845169237
2044,"Decreasing Batt Cap - High LFP Chemistry","Graphite","Recycling Limited to NA 2025 Online or Planned",0.0698707864778199
2044,"Decreasing Batt Cap - High LFP Chemistry","Graphite","All Material is Recycled in NA",0.350122532266111
2045,"Decreasing Batt Cap - High LFP Chemistry","Graphite","Recycling Limited to NA 2025 Online or Planned",0.067338413573571
2045,"Decreasing Batt Cap - High LFP Chemistry","Graphite","All Material is Recycled in NA",0.385924369399783
2046,"Decreasing Batt Cap - High LFP Chemistry","Graphite","Recycling Limited to NA 2025 Online or Planned",0.0649708580123083
2046,"Decreasing Batt Cap - High LFP Chemistry","Graphite","All Material is Recycled in NA",0.421912312946274
2047,"Decreasing Batt Cap - High LFP Chemistry","Graphite","Recycling Limited to NA 2025 Online or Planned",0.0628869691732337
2047,"Decreasing Batt Cap - High LFP Chemistry","Graphite","All Material is Recycled in NA",0.459667632779469
2048,"Decreasing Batt Cap - High LFP Chemistry","Graphite","Recycling Limited to NA 2025 Online or Planned",0.060996650350265
2048,"Decreasing Batt Cap - High LFP Chemistry","Graphite","All Material is Recycled in NA",0.495985333532188
2049,"Decreasing Batt Cap - High LFP Chemistry","Graphite","Recycling Limited to NA 2025 Online or Planned",0.0593540923668094
2049,"Decreasing Batt Cap - High LFP Chemistry","Graphite","All Material is Recycled in NA",0.530726838761502
2050,"Decreasing Batt Cap - High LFP Chemistry","Graphite","Recycling Limited to NA 2025 Online or Planned",0.0579228485127848
2050,"Decreasing Batt Cap - High LFP Chemistry","Graphite","All Material is Recycled in NA",0.562414920365928
2026,"Increasing Batt Cap - Benchmark Chemistry","Lithium","Recycling Limited to NA 2025 Online or Planned",0
2026,"Increasing Batt Cap - Benchmark Chemistry","Lithium","All Material is Recycled in NA",0.00327505904505599
2027,"Increasing Batt Cap - Benchmark Chemistry","Lithium","Recycling Limited to NA 2025 Online or Planned",0
2027,"Increasing Batt Cap - Benchmark Chemistry","Lithium","All Material is Recycled in NA",0.00472717736884592
2028,"Increasing Batt Cap - Benchmark Chemistry","Lithium","Recycling Limited to NA 2025 Online or Planned",0
2028,"Increasing Batt Cap - Benchmark Chemistry","Lithium","All Material is Recycled in NA",0.00696542569097052
2029,"Increasing Batt Cap - Benchmark Chemistry","Lithium","Recycling Limited to NA 2025 Online or Planned",0
2029,"Increasing Batt Cap - Benchmark Chemistry","Lithium","All Material is Recycled in NA",0.00965634785576103
2030,"Increasing Batt Cap - Benchmark Chemistry","Lithium","Recycling Limited to NA 2025 Online or Planned",0
2030,"Increasing Batt Cap - Benchmark Chemistry","Lithium","All Material is Recycled in NA",0.0128613613600452
2031,"Increasing Batt Cap - Benchmark Chemistry","Lithium","Recycling Limited to NA 2025 Online or Planned",0
2031,"Increasing Batt Cap - Benchmark Chemistry","Lithium","All Material is Recycled in NA",0.0165738058235471
2032,"Increasing Batt Cap - Benchmark Chemistry","Lithium","Recycling Limited to NA 2025 Online or Planned",0
2032,"Increasing Batt Cap - Benchmark Chemistry","Lithium","All Material is Recycled in NA",0.0213398025324847
2033,"Increasing Batt Cap - Benchmark Chemistry","Lithium","Recycling Limited to NA 2025 Online or Planned",0
2033,"Increasing Batt Cap - Benchmark Chemistry","Lithium","All Material is Recycled in NA",0.026018996747685
2034,"Increasing Batt Cap - Benchmark Chemistry","Lithium","Recycling Limited to NA 2025 Online or Planned",0
2034,"Increasing Batt Cap - Benchmark Chemistry","Lithium","All Material is Recycled in NA",0.0327573197712175
2035,"Increasing Batt Cap - Benchmark Chemistry","Lithium","Recycling Limited to NA 2025 Online or Planned",0
2035,"Increasing Batt Cap - Benchmark Chemistry","Lithium","All Material is Recycled in NA",0.0409811245390601
2036,"Increasing Batt Cap - Benchmark Chemistry","Lithium","Recycling Limited to NA 2025 Online or Planned",0.0486670711388113
2036,"Increasing Batt Cap - Benchmark Chemistry","Lithium","All Material is Recycled in NA",0.0533210353041115
2037,"Increasing Batt Cap - Benchmark Chemistry","Lithium","Recycling Limited to NA 2025 Online or Planned",0.0457817979567028
2037,"Increasing Batt Cap - Benchmark Chemistry","Lithium","All Material is Recycled in NA",0.0687828941513305
2038,"Increasing Batt Cap - Benchmark Chemistry","Lithium","Recycling Limited to NA 2025 Online or Planned",0.0433985349503914
2038,"Increasing Batt Cap - Benchmark Chemistry","Lithium","All Material is Recycled in NA",0.0867017931267518
2039,"Increasing Batt Cap - Benchmark Chemistry","Lithium","Recycling Limited to NA 2025 Online or Planned",0.0414127670823049
2039,"Increasing Batt Cap - Benchmark Chemistry","Lithium","All Material is Recycled in NA",0.110362262555859
2040,"Increasing Batt Cap - Benchmark Chemistry","Lithium","Recycling Limited to NA 2025 Online or Planned",0.0394191327947322
2040,"Increasing Batt Cap - Benchmark Chemistry","Lithium","All Material is Recycled in NA",0.13162254152949
2041,"Increasing Batt Cap - Benchmark Chemistry","Lithium","Recycling Limited to NA 2025 Online or Planned",0.0381131546550453
2041,"Increasing Batt Cap - Benchmark Chemistry","Lithium","All Material is Recycled in NA",0.156347898464489
2042,"Increasing Batt Cap - Benchmark Chemistry","Lithium","Recycling Limited to NA 2025 Online or Planned",0.036706436632337
2042,"Increasing Batt Cap - Benchmark Chemistry","Lithium","All Material is Recycled in NA",0.181497329585814
2043,"Increasing Batt Cap - Benchmark Chemistry","Lithium","Recycling Limited to NA 2025 Online or Planned",0.0353113165068755
2043,"Increasing Batt Cap - Benchmark Chemistry","Lithium","All Material is Recycled in NA",0.208672586280585
2044,"Increasing Batt Cap - Benchmark Chemistry","Lithium","Recycling Limited to NA 2025 Online or Planned",0.034038189071552
2044,"Increasing Batt Cap - Benchmark Chemistry","Lithium","All Material is Recycled in NA",0.238160530431456
2045,"Increasing Batt Cap - Benchmark Chemistry","Lithium","Recycling Limited to NA 2025 Online or Planned",0.0329141718084423
2045,"Increasing Batt Cap - Benchmark Chemistry","Lithium","All Material is Recycled in NA",0.270354726828796
2046,"Increasing Batt Cap - Benchmark Chemistry","Lithium","Recycling Limited to NA 2025 Online or Planned",0.0318492727993301
2046,"Increasing Batt Cap - Benchmark Chemistry","Lithium","All Material is Recycled in NA",0.304335605448841
2047,"Increasing Batt Cap - Benchmark Chemistry","Lithium","Recycling Limited to NA 2025 Online or Planned",0.0309329043325609
2047,"Increasing Batt Cap - Benchmark Chemistry","Lithium","All Material is Recycled in NA",0.341550190889492
2048,"Increasing Batt Cap - Benchmark Chemistry","Lithium","Recycling Limited to NA 2025 Online or Planned",0.0301133589322775
2048,"Increasing Batt Cap - Benchmark Chemistry","Lithium","All Material is Recycled in NA",0.379357845182973
2049,"Increasing Batt Cap - Benchmark Chemistry","Lithium","Recycling Limited to NA 2025 Online or Planned",0.0294045172136321
2049,"Increasing Batt Cap - Benchmark Chemistry","Lithium","All Material is Recycled in NA",0.417086343051248
2050,"Increasing Batt Cap - Benchmark Chemistry","Lithium","Recycling Limited to NA 2025 Online or Planned",0.0287975223785718
2050,"Increasing Batt Cap - Benchmark Chemistry","Lithium","All Material is Recycled in NA",0.452742789358913
2026,"Increasing Batt Cap - High LFP Chemistry","Lithium","Recycling Limited to NA 2025 Online or Planned",0
2026,"Increasing Batt Cap - High LFP Chemistry","Lithium","All Material is Recycled in NA",0.00328552294178972
2027,"Increasing Batt Cap - High LFP Chemistry","Lithium","Recycling Limited to NA 2025 Online or Planned",0
2027,"Increasing Batt Cap - High LFP Chemistry","Lithium","All Material is Recycled in NA",0.00476107911199117
2028,"Increasing Batt Cap - High LFP Chemistry","Lithium","Recycling Limited to NA 2025 Online or Planned",0
2028,"Increasing Batt Cap - High LFP Chemistry","Lithium","All Material is Recycled in NA",0.00703405449196358
2029,"Increasing Batt Cap - High LFP Chemistry","Lithium","Recycling Limited to NA 2025 Online or Planned",0
2029,"Increasing Batt Cap - High LFP Chemistry","Lithium","All Material is Recycled in NA",0.00976957549414754
2030,"Increasing Batt Cap - High LFP Chemistry","Lithium","Recycling Limited to NA 2025 Online or Planned",0
2030,"Increasing Batt Cap - High LFP Chemistry","Lithium","All Material is Recycled in NA",0.0130308104300132
2031,"Increasing Batt Cap - High LFP Chemistry","Lithium","Recycling Limited to NA 2025 Online or Planned",0
2031,"Increasing Batt Cap - High LFP Chemistry","Lithium","All Material is Recycled in NA",0.0168049017562923
2032,"Increasing Batt Cap - High LFP Chemistry","Lithium","Recycling Limited to NA 2025 Online or Planned",0
2032,"Increasing Batt Cap - High LFP Chemistry","Lithium","All Material is Recycled in NA",0.0216625474282731
2033,"Increasing Batt Cap - High LFP Chemistry","Lithium","Recycling Limited to NA 2025 Online or Planned",0
2033,"Increasing Batt Cap - High LFP Chemistry","Lithium","All Material is Recycled in NA",0.0264616211941547
2034,"Increasing Batt Cap - High LFP Chemistry","Lithium","Recycling Limited to NA 2025 Online or Planned",0
2034,"Increasing Batt Cap - High LFP Chemistry","Lithium","All Material is Recycled in NA",0.0333627593524733
2035,"Increasing Batt Cap - High LFP Chemistry","Lithium","Recycling Limited to NA 2025 Online or Planned",0
2035,"Increasing Batt Cap - High LFP Chemistry","Lithium","All Material is Recycled in NA",0.0417815149548412
2036,"Increasing Batt Cap - High LFP Chemistry","Lithium","Recycling Limited to NA 2025 Online or Planned",0.049491645441055
2036,"Increasing Batt Cap - High LFP Chemistry","Lithium","All Material is Recycled in NA",0.0544005789365001
2037,"Increasing Batt Cap - High LFP Chemistry","Lithium","Recycling Limited to NA 2025 Online or Planned",0.0465377994983627
2037,"Increasing Batt Cap - High LFP Chemistry","Lithium","All Material is Recycled in NA",0.0701963678464479
2038,"Increasing Batt Cap - High LFP Chemistry","Lithium","Recycling Limited to NA 2025 Online or Planned",0.0440751837578396
2038,"Increasing Batt Cap - High LFP Chemistry","Lithium","All Material is Recycled in NA",0.0884830698386154
2039,"Increasing Batt Cap - High LFP Chemistry","Lithium","Recycling Limited to NA 2025 Online or Planned",0.041999147436842
2039,"Increasing Batt Cap - High LFP Chemistry","Lithium","All Material is Recycled in NA",0.112578122255104
2040,"Increasing Batt Cap - High LFP Chemistry","Lithium","Recycling Limited to NA 2025 Online or Planned",0.0399291707327478
2040,"Increasing Batt Cap - High LFP Chemistry","Lithium","All Material is Recycled in NA",0.134332413268124
2041,"Increasing Batt Cap - High LFP Chemistry","Lithium","Recycling Limited to NA 2025 Online or Planned",0.0384650298390161
2041,"Increasing Batt Cap - High LFP Chemistry","Lithium","All Material is Recycled in NA",0.159360716076389
2042,"Increasing Batt Cap - High LFP Chemistry","Lithium","Recycling Limited to NA 2025 Online or Planned",0.036880421435802
2042,"Increasing Batt Cap - High LFP Chemistry","Lithium","All Material is Recycled in NA",0.184713660602453
2043,"Increasing Batt Cap - High LFP Chemistry","Lithium","Recycling Limited to NA 2025 Online or Planned",0.0353004590515793
2043,"Increasing Batt Cap - High LFP Chemistry","Lithium","All Material is Recycled in NA",0.212012598762018
2044,"Increasing Batt Cap - High LFP Chemistry","Lithium","Recycling Limited to NA 2025 Online or Planned",0.0338490975044743
2044,"Increasing Batt Cap - High LFP Chemistry","Lithium","All Material is Recycled in NA",0.241557072596619
2045,"Increasing Batt Cap - High LFP Chemistry","Lithium","Recycling Limited to NA 2025 Online or Planned",0.0325628484280645
2045,"Increasing Batt Cap - High LFP Chemistry","Lithium","All Material is Recycled in NA",0.273761580070274
2046,"Increasing Batt Cap - High LFP Chemistry","Lithium","Recycling Limited to NA 2025 Online or Planned",0.0313529139705684
2046,"Increasing Batt Cap - High LFP Chemistry","Lithium","All Material is Recycled in NA",0.307697437273252
2047,"Increasing Batt Cap - High LFP Chemistry","Lithium","Recycling Limited to NA 2025 Online or Planned",0.030302279869723
2047,"Increasing Batt Cap - High LFP Chemistry","Lithium","All Material is Recycled in NA",0.344808368515155
2048,"Increasing Batt Cap - High LFP Chemistry","Lithium","Recycling Limited to NA 2025 Online or Planned",0.0293611928780804
2048,"Increasing Batt Cap - High LFP Chemistry","Lithium","All Material is Recycled in NA",0.382432590564232
2049,"Increasing Batt Cap - High LFP Chemistry","Lithium","Recycling Limited to NA 2025 Online or Planned",0.0285425926838974
2049,"Increasing Batt Cap - High LFP Chemistry","Lithium","All Material is Recycled in NA",0.419911425983708
2050,"Increasing Batt Cap - High LFP Chemistry","Lithium","Recycling Limited to NA 2025 Online or Planned",0.027838761251139
2050,"Increasing Batt Cap - High LFP Chemistry","Lithium","All Material is Recycled in NA",0.455259483186302
2026,"Decreasing Batt Cap - Benchmark Chemistry","Lithium","Recycling Limited to NA 2025 Online or Planned",0
2026,"Decreasing Batt Cap - Benchmark Chemistry","Lithium","All Material is Recycled in NA",0.00358299048296042
2027,"Decreasing Batt Cap - Benchmark Chemistry","Lithium","Recycling Limited to NA 2025 Online or Planned",0
2027,"Decreasing Batt Cap - Benchmark Chemistry","Lithium","All Material is Recycled in NA",0.00538775387307213
2028,"Decreasing Batt Cap - Benchmark Chemistry","Lithium","Recycling Limited to NA 2025 Online or Planned",0
2028,"Decreasing Batt Cap - Benchmark Chemistry","Lithium","All Material is Recycled in NA",0.00824377235137879
2029,"Decreasing Batt Cap - Benchmark Chemistry","Lithium","Recycling Limited to NA 2025 Online or Planned",0
2029,"Decreasing Batt Cap - Benchmark Chemistry","Lithium","All Material is Recycled in NA",0.0118533557534853
2030,"Decreasing Batt Cap - Benchmark Chemistry","Lithium","Recycling Limited to NA 2025 Online or Planned",0
2030,"Decreasing Batt Cap - Benchmark Chemistry","Lithium","All Material is Recycled in NA",0.0163025175314901
2031,"Decreasing Batt Cap - Benchmark Chemistry","Lithium","Recycling Limited to NA 2025 Online or Planned",0
2031,"Decreasing Batt Cap - Benchmark Chemistry","Lithium","All Material is Recycled in NA",0.0215280241200437
2032,"Decreasing Batt Cap - Benchmark Chemistry","Lithium","Recycling Limited to NA 2025 Online or Planned",0
2032,"Decreasing Batt Cap - Benchmark Chemistry","Lithium","All Material is Recycled in NA",0.028475952822614
2033,"Decreasing Batt Cap - Benchmark Chemistry","Lithium","Recycling Limited to NA 2025 Online or Planned",0
2033,"Decreasing Batt Cap - Benchmark Chemistry","Lithium","All Material is Recycled in NA",0.0360641742230206
2034,"Decreasing Batt Cap - Benchmark Chemistry","Lithium","Recycling Limited to NA 2025 Online or Planned",0
2034,"Decreasing Batt Cap - Benchmark Chemistry","Lithium","All Material is Recycled in NA",0.0468404685718347
2035,"Decreasing Batt Cap - Benchmark Chemistry","Lithium","Recycling Limited to NA 2025 Online or Planned",0
2035,"Decreasing Batt Cap - Benchmark Chemistry","Lithium","All Material is Recycled in NA",0.0600778070397432
2036,"Decreasing Batt Cap - Benchmark Chemistry","Lithium","Recycling Limited to NA 2025 Online or Planned",0.0786217395565258
2036,"Decreasing Batt Cap - Benchmark Chemistry","Lithium","All Material is Recycled in NA",0.0786217395565258
2037,"Decreasing Batt Cap - Benchmark Chemistry","Lithium","Recycling Limited to NA 2025 Online or Planned",0.0837104495699357
2037,"Decreasing Batt Cap - Benchmark Chemistry","Lithium","All Material is Recycled in NA",0.101948139115683
2038,"Decreasing Batt Cap - Benchmark Chemistry","Lithium","Recycling Limited to NA 2025 Online or Planned",0.0803036974866023
2038,"Decreasing Batt Cap - Benchmark Chemistry","Lithium","All Material is Recycled in NA",0.128828626672286
2039,"Decreasing Batt Cap - Benchmark Chemistry","Lithium","Recycling Limited to NA 2025 Online or Planned",0.077470959312632
2039,"Decreasing Batt Cap - Benchmark Chemistry","Lithium","All Material is Recycled in NA",0.163807424566379
2040,"Decreasing Batt Cap - Benchmark Chemistry","Lithium","Recycling Limited to NA 2025 Online or Planned",0.0744474193045319
2040,"Decreasing Batt Cap - Benchmark Chemistry","Lithium","All Material is Recycled in NA",0.193747859182606
2041,"Decreasing Batt Cap - Benchmark Chemistry","Lithium","Recycling Limited to NA 2025 Online or Planned",0.0719574268852666
2041,"Decreasing Batt Cap - Benchmark Chemistry","Lithium","All Material is Recycled in NA",0.224998778123426
2042,"Decreasing Batt Cap - Benchmark Chemistry","Lithium","Recycling Limited to NA 2025 Online or Planned",0.069178120637632
2042,"Decreasing Batt Cap - Benchmark Chemistry","Lithium","All Material is Recycled in NA",0.254607567094185
2043,"Decreasing Batt Cap - Benchmark Chemistry","Lithium","Recycling Limited to NA 2025 Online or Planned",0.0663918687335131
2043,"Decreasing Batt Cap - Benchmark Chemistry","Lithium","All Material is Recycled in NA",0.284370572518166
2044,"Decreasing Batt Cap - Benchmark Chemistry","Lithium","Recycling Limited to NA 2025 Online or Planned",0.0638592899883841
2044,"Decreasing Batt Cap - Benchmark Chemistry","Lithium","All Material is Recycled in NA",0.314758517650856
2045,"Decreasing Batt Cap - Benchmark Chemistry","Lithium","Recycling Limited to NA 2025 Online or Planned",0.061640505905441
2045,"Decreasing Batt Cap - Benchmark Chemistry","Lithium","All Material is Recycled in NA",0.346413929554306
2046,"Decreasing Batt Cap - Benchmark Chemistry","Lithium","Recycling Limited to NA 2025 Online or Planned",0.0595832226692166
2046,"Decreasing Batt Cap - Benchmark Chemistry","Lithium","All Material is Recycled in NA",0.378282971513058
2047,"Decreasing Batt Cap - Benchmark Chemistry","Lithium","Recycling Limited to NA 2025 Online or Planned",0.0577983133816798
2047,"Decreasing Batt Cap - Benchmark Chemistry","Lithium","All Material is Recycled in NA",0.411822032123005
2048,"Decreasing Batt Cap - Benchmark Chemistry","Lithium","Recycling Limited to NA 2025 Online or Planned",0.0561837402930021
2048,"Decreasing Batt Cap - Benchmark Chemistry","Lithium","All Material is Recycled in NA",0.444081545167058
2049,"Decreasing Batt Cap - Benchmark Chemistry","Lithium","Recycling Limited to NA 2025 Online or Planned",0.0547782313211029
2049,"Decreasing Batt Cap - Benchmark Chemistry","Lithium","All Material is Recycled in NA",0.47485181228086
2050,"Decreasing Batt Cap - Benchmark Chemistry","Lithium","Recycling Limited to NA 2025 Online or Planned",0.0535516941742437
2050,"Decreasing Batt Cap - Benchmark Chemistry","Lithium","All Material is Recycled in NA",0.502839703637944
2026,"Decreasing Batt Cap - High LFP Chemistry","Lithium","Recycling Limited to NA 2025 Online or Planned",0
2026,"Decreasing Batt Cap - High LFP Chemistry","Lithium","All Material is Recycled in NA",0.00359415219832718
2027,"Decreasing Batt Cap - High LFP Chemistry","Lithium","Recycling Limited to NA 2025 Online or Planned",0
2027,"Decreasing Batt Cap - High LFP Chemistry","Lithium","All Material is Recycled in NA",0.00542497783011351
2028,"Decreasing Batt Cap - High LFP Chemistry","Lithium","Recycling Limited to NA 2025 Online or Planned",0
2028,"Decreasing Batt Cap - High LFP Chemistry","Lithium","All Material is Recycled in NA",0.00832098711545913
2029,"Decreasing Batt Cap - High LFP Chemistry","Lithium","Recycling Limited to NA 2025 Online or Planned",0
2029,"Decreasing Batt Cap - High LFP Chemistry","Lithium","All Material is Recycled in NA",0.0119839294917647
2030,"Decreasing Batt Cap - High LFP Chemistry","Lithium","Recycling Limited to NA 2025 Online or Planned",0
2030,"Decreasing Batt Cap - High LFP Chemistry","Lithium","All Material is Recycled in NA",0.0165013460889888
2031,"Decreasing Batt Cap - High LFP Chemistry","Lithium","Recycling Limited to NA 2025 Online or Planned",0
2031,"Decreasing Batt Cap - High LFP Chemistry","Lithium","All Material is Recycled in NA",0.021800098886336
2032,"Decreasing Batt Cap - High LFP Chemistry","Lithium","Recycling Limited to NA 2025 Online or Planned",0
2032,"Decreasing Batt Cap - High LFP Chemistry","Lithium","All Material is Recycled in NA",0.0288594608836386
2033,"Decreasing Batt Cap - High LFP Chemistry","Lithium","Recycling Limited to NA 2025 Online or Planned",0
2033,"Decreasing Batt Cap - High LFP Chemistry","Lithium","All Material is Recycled in NA",0.0366080886959708
2034,"Decreasing Batt Cap - High LFP Chemistry","Lithium","Recycling Limited to NA 2025 Online or Planned",0
2034,"Decreasing Batt Cap - High LFP Chemistry","Lithium","All Material is Recycled in NA",0.0476006963189951
2035,"Decreasing Batt Cap - High LFP Chemistry","Lithium","Recycling Limited to NA 2025 Online or Planned",0
2035,"Decreasing Batt Cap - High LFP Chemistry","Lithium","All Material is Recycled in NA",0.0610934755395498
2036,"Decreasing Batt Cap - High LFP Chemistry","Lithium","Recycling Limited to NA 2025 Online or Planned",0.0800026360742015
2036,"Decreasing Batt Cap - High LFP Chemistry","Lithium","All Material is Recycled in NA",0.0800026360742015
2037,"Decreasing Batt Cap - High LFP Chemistry","Lithium","Recycling Limited to NA 2025 Online or Planned",0.084953742649622
2037,"Decreasing Batt Cap - High LFP Chemistry","Lithium","All Material is Recycled in NA",0.103771362140387
2038,"Decreasing Batt Cap - High LFP Chemistry","Lithium","Recycling Limited to NA 2025 Online or Planned",0.08144513351563
2038,"Decreasing Batt Cap - High LFP Chemistry","Lithium","All Material is Recycled in NA",0.131138545383496
2039,"Decreasing Batt Cap - High LFP Chemistry","Lithium","Recycling Limited to NA 2025 Online or Planned",0.0784865480476561
2039,"Decreasing Batt Cap - High LFP Chemistry","Lithium","All Material is Recycled in NA",0.166684213662065
2040,"Decreasing Batt Cap - High LFP Chemistry","Lithium","Recycling Limited to NA 2025 Online or Planned",0.0753519183139534
2040,"Decreasing Batt Cap - High LFP Chemistry","Lithium","All Material is Recycled in NA",0.197237100387024
2041,"Decreasing Batt Cap - High LFP Chemistry","Lithium","Recycling Limited to NA 2025 Online or Planned",0.0726072565717903
2041,"Decreasing Batt Cap - High LFP Chemistry","Lithium","All Material is Recycled in NA",0.228801520552608
2042,"Decreasing Batt Cap - High LFP Chemistry","Lithium","Recycling Limited to NA 2025 Online or Planned",0.069538712246989
2042,"Decreasing Batt Cap - High LFP Chemistry","Lithium","All Material is Recycled in NA",0.258580855672261
2043,"Decreasing Batt Cap - High LFP Chemistry","Lithium","Recycling Limited to NA 2025 Online or Planned",0.0664484726253401
2043,"Decreasing Batt Cap - High LFP Chemistry","Lithium","All Material is Recycled in NA",0.288390794625661
2044,"Decreasing Batt Cap - High LFP Chemistry","Lithium","Recycling Limited to NA 2025 Online or Planned",0.0636218227155065
2044,"Decreasing Batt Cap - High LFP Chemistry","Lithium","All Material is Recycled in NA",0.318733239936412
2045,"Decreasing Batt Cap - High LFP Chemistry","Lithium","Recycling Limited to NA 2025 Online or Planned",0.0611361504041176
2045,"Decreasing Batt Cap - High LFP Chemistry","Lithium","All Material is Recycled in NA",0.350290085482792
2046,"Decreasing Batt Cap - High LFP Chemistry","Lithium","Recycling Limited to NA 2025 Online or Planned",0.0588420057862407
2046,"Decreasing Batt Cap - High LFP Chemistry","Lithium","All Material is Recycled in NA",0.382010990326531
2047,"Decreasing Batt Cap - High LFP Chemistry","Lithium","Recycling Limited to NA 2025 Online or Planned",0.056839295531878
2047,"Decreasing Batt Cap - High LFP Chemistry","Lithium","All Material is Recycled in NA",0.41534774812348
2048,"Decreasing Batt Cap - High LFP Chemistry","Lithium","Recycling Limited to NA 2025 Online or Planned",0.0550295553552924
2048,"Decreasing Batt Cap - High LFP Chemistry","Lithium","All Material is Recycled in NA",0.447336346617246
2049,"Decreasing Batt Cap - High LFP Chemistry","Lithium","Recycling Limited to NA 2025 Online or Planned",0.0534500128337722
2049,"Decreasing Batt Cap - High LFP Chemistry","Lithium","All Material is Recycled in NA",0.477793370951785
2050,"Decreasing Batt Cap - High LFP Chemistry","Lithium","Recycling Limited to NA 2025 Online or Planned",0.0520690827574511
2050,"Decreasing Batt Cap - High LFP Chemistry","Lithium","All Material is Recycled in NA",0.505423192918714
2026,"Increasing Batt Cap - Benchmark Chemistry","Manganese","Recycling Limited to NA 2025 Online or Planned",0
2026,"Increasing Batt Cap - Benchmark Chemistry","Manganese","All Material is Recycled in NA",0.00590151645602209
2027,"Increasing Batt Cap - Benchmark Chemistry","Manganese","Recycling Limited to NA 2025 Online or Planned",0
2027,"Increasing Batt Cap - Benchmark Chemistry","Manganese","All Material is Recycled in NA",0.00693576797850452
2028,"Increasing Batt Cap - Benchmark Chemistry","Manganese","Recycling Limited to NA 2025 Online or Planned",0
2028,"Increasing Batt Cap - Benchmark Chemistry","Manganese","All Material is Recycled in NA",0.00972162963068656
2029,"Increasing Batt Cap - Benchmark Chemistry","Manganese","Recycling Limited to NA 2025 Online or Planned",0
2029,"Increasing Batt Cap - Benchmark Chemistry","Manganese","All Material is Recycled in NA",0.0114837998429884
2030,"Increasing Batt Cap - Benchmark Chemistry","Manganese","Recycling Limited to NA 2025 Online or Planned",0
2030,"Increasing Batt Cap - Benchmark Chemistry","Manganese","All Material is Recycled in NA",0.0142467620381891
2031,"Increasing Batt Cap - Benchmark Chemistry","Manganese","Recycling Limited to NA 2025 Online or Planned",0
2031,"Increasing Batt Cap - Benchmark Chemistry","Manganese","All Material is Recycled in NA",0.0176800206295612
2032,"Increasing Batt Cap - Benchmark Chemistry","Manganese","Recycling Limited to NA 2025 Online or Planned",0
2032,"Increasing Batt Cap - Benchmark Chemistry","Manganese","All Material is Recycled in NA",0.0209953527954593
2033,"Increasing Batt Cap - Benchmark Chemistry","Manganese","Recycling Limited to NA 2025 Online or Planned",0
2033,"Increasing Batt Cap - Benchmark Chemistry","Manganese","All Material is Recycled in NA",0.0236716575237802
2034,"Increasing Batt Cap - Benchmark Chemistry","Manganese","Recycling Limited to NA 2025 Online or Planned",0
2034,"Increasing Batt Cap - Benchmark Chemistry","Manganese","All Material is Recycled in NA",0.0283351356198912
2035,"Increasing Batt Cap - Benchmark Chemistry","Manganese","Recycling Limited to NA 2025 Online or Planned",0
2035,"Increasing Batt Cap - Benchmark Chemistry","Manganese","All Material is Recycled in NA",0.03513991658421
2036,"Increasing Batt Cap - Benchmark Chemistry","Manganese","Recycling Limited to NA 2025 Online or Planned",0.0418926770200928
2036,"Increasing Batt Cap - Benchmark Chemistry","Manganese","All Material is Recycled in NA",0.0458950870777005
2037,"Increasing Batt Cap - Benchmark Chemistry","Manganese","Recycling Limited to NA 2025 Online or Planned",0.0404606503389531
2037,"Increasing Batt Cap - Benchmark Chemistry","Manganese","All Material is Recycled in NA",0.0607694692416403
2038,"Increasing Batt Cap - Benchmark Chemistry","Manganese","Recycling Limited to NA 2025 Online or Planned",0.0390623151781443
2038,"Increasing Batt Cap - Benchmark Chemistry","Manganese","All Material is Recycled in NA",0.0780024759197801
2039,"Increasing Batt Cap - Benchmark Chemistry","Manganese","Recycling Limited to NA 2025 Online or Planned",0.0383316312603614
2039,"Increasing Batt Cap - Benchmark Chemistry","Manganese","All Material is Recycled in NA",0.102092108105359
2040,"Increasing Batt Cap - Benchmark Chemistry","Manganese","Recycling Limited to NA 2025 Online or Planned",0.0371602516258196
2040,"Increasing Batt Cap - Benchmark Chemistry","Manganese","All Material is Recycled in NA",0.123999519740891
2041,"Increasing Batt Cap - Benchmark Chemistry","Manganese","Recycling Limited to NA 2025 Online or Planned",0.036841495908132
2041,"Increasing Batt Cap - Benchmark Chemistry","Manganese","All Material is Recycled in NA",0.151026734005515
2042,"Increasing Batt Cap - Benchmark Chemistry","Manganese","Recycling Limited to NA 2025 Online or Planned",0.0364229264493403
2042,"Increasing Batt Cap - Benchmark Chemistry","Manganese","All Material is Recycled in NA",0.179967642520593
2043,"Increasing Batt Cap - Benchmark Chemistry","Manganese","Recycling Limited to NA 2025 Online or Planned",0.0361602816436243
2043,"Increasing Batt Cap - Benchmark Chemistry","Manganese","All Material is Recycled in NA",0.21353651204222
2044,"Increasing Batt Cap - Benchmark Chemistry","Manganese","Recycling Limited to NA 2025 Online or Planned",0.0358624088754513
2044,"Increasing Batt Cap - Benchmark Chemistry","Manganese","All Material is Recycled in NA",0.250744510113112
2045,"Increasing Batt Cap - Benchmark Chemistry","Manganese","Recycling Limited to NA 2025 Online or Planned",0.0354963362742804
2045,"Increasing Batt Cap - Benchmark Chemistry","Manganese","All Material is Recycled in NA",0.291355602312115
2046,"Increasing Batt Cap - Benchmark Chemistry","Manganese","Recycling Limited to NA 2025 Online or Planned",0.0349885803184075
2046,"Increasing Batt Cap - Benchmark Chemistry","Manganese","All Material is Recycled in NA",0.334094033510187
2047,"Increasing Batt Cap - Benchmark Chemistry","Manganese","Recycling Limited to NA 2025 Online or Planned",0.0345030398803042
2047,"Increasing Batt Cap - Benchmark Chemistry","Manganese","All Material is Recycled in NA",0.380712444169414
2048,"Increasing Batt Cap - Benchmark Chemistry","Manganese","Recycling Limited to NA 2025 Online or Planned",0.0340005533382083
2048,"Increasing Batt Cap - Benchmark Chemistry","Manganese","All Material is Recycled in NA",0.42803723691602
2049,"Increasing Batt Cap - Benchmark Chemistry","Manganese","Recycling Limited to NA 2025 Online or Planned",0.033518032640053
2049,"Increasing Batt Cap - Benchmark Chemistry","Manganese","All Material is Recycled in NA",0.475127556420123
2050,"Increasing Batt Cap - Benchmark Chemistry","Manganese","Recycling Limited to NA 2025 Online or Planned",0.0330907577757061
2050,"Increasing Batt Cap - Benchmark Chemistry","Manganese","All Material is Recycled in NA",0.519903004597437
2026,"Increasing Batt Cap - High LFP Chemistry","Manganese","Recycling Limited to NA 2025 Online or Planned",0
2026,"Increasing Batt Cap - High LFP Chemistry","Manganese","All Material is Recycled in NA",0.00611968380631363
2027,"Increasing Batt Cap - High LFP Chemistry","Manganese","Recycling Limited to NA 2025 Online or Planned",0
2027,"Increasing Batt Cap - High LFP Chemistry","Manganese","All Material is Recycled in NA",0.00752842841600799
2028,"Increasing Batt Cap - High LFP Chemistry","Manganese","Recycling Limited to NA 2025 Online or Planned",0
2028,"Increasing Batt Cap - High LFP Chemistry","Manganese","All Material is Recycled in NA",0.0109118367194289
2029,"Increasing Batt Cap - High LFP Chemistry","Manganese","Recycling Limited to NA 2025 Online or Planned",0
2029,"Increasing Batt Cap - High LFP Chemistry","Manganese","All Material is Recycled in NA",0.0132767314526669
2030,"Increasing Batt Cap - High LFP Chemistry","Manganese","Recycling Limited to NA 2025 Online or Planned",0
2030,"Increasing Batt Cap - High LFP Chemistry","Manganese","All Material is Recycled in NA",0.0168696012978499
2031,"Increasing Batt Cap - High LFP Chemistry","Manganese","Recycling Limited to NA 2025 Online or Planned",0
2031,"Increasing Batt Cap - High LFP Chemistry","Manganese","All Material is Recycled in NA",0.021303699116987
2032,"Increasing Batt Cap - High LFP Chemistry","Manganese","Recycling Limited to NA 2025 Online or Planned",0
2032,"Increasing Batt Cap - High LFP Chemistry","Manganese","All Material is Recycled in NA",0.0258005083498924
2033,"Increasing Batt Cap - High LFP Chemistry","Manganese","Recycling Limited to NA 2025 Online or Planned",0
2033,"Increasing Batt Cap - High LFP Chemistry","Manganese","All Material is Recycled in NA",0.0298096744939246
2034,"Increasing Batt Cap - High LFP Chemistry","Manganese","Recycling Limited to NA 2025 Online or Planned",0
2034,"Increasing Batt Cap - High LFP Chemistry","Manganese","All Material is Recycled in NA",0.0364786780727551
2035,"Increasing Batt Cap - High LFP Chemistry","Manganese","Recycling Limited to NA 2025 Online or Planned",0
2035,"Increasing Batt Cap - High LFP Chemistry","Manganese","All Material is Recycled in NA",0.0461535418785616
2036,"Increasing Batt Cap - High LFP Chemistry","Manganese","Recycling Limited to NA 2025 Online or Planned",0.0557333754285107
2036,"Increasing Batt Cap - High LFP Chemistry","Manganese","All Material is Recycled in NA",0.0612560456948171
2037,"Increasing Batt Cap - High LFP Chemistry","Manganese","Recycling Limited to NA 2025 Online or Planned",0.0544987629835757
2037,"Increasing Batt Cap - High LFP Chemistry","Manganese","All Material is Recycled in NA",0.0821774055922302
2038,"Increasing Batt Cap - High LFP Chemistry","Manganese","Recycling Limited to NA 2025 Online or Planned",0.053155800082414
2038,"Increasing Batt Cap - High LFP Chemistry","Manganese","All Material is Recycled in NA",0.106659723220853
2039,"Increasing Batt Cap - High LFP Chemistry","Manganese","Recycling Limited to NA 2025 Online or Planned",0.0525482820048912
2039,"Increasing Batt Cap - High LFP Chemistry","Manganese","All Material is Recycled in NA",0.140767067754474
2040,"Increasing Batt Cap - High LFP Chemistry","Manganese","Recycling Limited to NA 2025 Online or Planned",0.0515310337514878
2040,"Increasing Batt Cap - High LFP Chemistry","Manganese","All Material is Recycled in NA",0.173240512457977
2041,"Increasing Batt Cap - High LFP Chemistry","Manganese","Recycling Limited to NA 2025 Online or Planned",0.0500452509898584
2041,"Increasing Batt Cap - High LFP Chemistry","Manganese","All Material is Recycled in NA",0.207175347484435
2042,"Increasing Batt Cap - High LFP Chemistry","Manganese","Recycling Limited to NA 2025 Online or Planned",0.0482762476152271
2042,"Increasing Batt Cap - High LFP Chemistry","Manganese","All Material is Recycled in NA",0.241588085271021
2043,"Increasing Batt Cap - High LFP Chemistry","Manganese","Recycling Limited to NA 2025 Online or Planned",0.0466414689578596
2043,"Increasing Batt Cap - High LFP Chemistry","Manganese","All Material is Recycled in NA",0.279881884761236
2044,"Increasing Batt Cap - High LFP Chemistry","Manganese","Recycling Limited to NA 2025 Online or Planned",0.0449960275527171
2044,"Increasing Batt Cap - High LFP Chemistry","Manganese","All Material is Recycled in NA",0.320813367044111
2045,"Increasing Batt Cap - High LFP Chemistry","Manganese","Recycling Limited to NA 2025 Online or Planned",0.0433665014661203
2045,"Increasing Batt Cap - High LFP Chemistry","Manganese","All Material is Recycled in NA",0.364246094448481
2046,"Increasing Batt Cap - High LFP Chemistry","Manganese","Recycling Limited to NA 2025 Online or Planned",0.0416688386095072
2046,"Increasing Batt Cap - High LFP Chemistry","Manganese","All Material is Recycled in NA",0.408538380350356
2047,"Increasing Batt Cap - High LFP Chemistry","Manganese","Recycling Limited to NA 2025 Online or Planned",0.040071542080081
2047,"Increasing Batt Cap - High LFP Chemistry","Manganese","All Material is Recycled in NA",0.455533332657833
2048,"Increasing Batt Cap - High LFP Chemistry","Manganese","Recycling Limited to NA 2025 Online or Planned",0.0385311498927957
2048,"Increasing Batt Cap - High LFP Chemistry","Manganese","All Material is Recycled in NA",0.50137136317726
2049,"Increasing Batt Cap - High LFP Chemistry","Manganese","Recycling Limited to NA 2025 Online or Planned",0.0370881642056549
2049,"Increasing Batt Cap - High LFP Chemistry","Manganese","All Material is Recycled in NA",0.545092546940373
2050,"Increasing Batt Cap - High LFP Chemistry","Manganese","Recycling Limited to NA 2025 Online or Planned",0.0357880546005119
2050,"Increasing Batt Cap - High LFP Chemistry","Manganese","All Material is Recycled in NA",0.584659113643336
2026,"Decreasing Batt Cap - Benchmark Chemistry","Manganese","Recycling Limited to NA 2025 Online or Planned",0
2026,"Decreasing Batt Cap - Benchmark Chemistry","Manganese","All Material is Recycled in NA",0.00656925214245436
2027,"Decreasing Batt Cap - Benchmark Chemistry","Manganese","Recycling Limited to NA 2025 Online or Planned",0
2027,"Decreasing Batt Cap - Benchmark Chemistry","Manganese","All Material is Recycled in NA",0.00811437244969351
2028,"Decreasing Batt Cap - Benchmark Chemistry","Manganese","Recycling Limited to NA 2025 Online or Planned",0
2028,"Decreasing Batt Cap - Benchmark Chemistry","Manganese","All Material is Recycled in NA",0.0119304651265872
2029,"Decreasing Batt Cap - Benchmark Chemistry","Manganese","Recycling Limited to NA 2025 Online or Planned",0
2029,"Decreasing Batt Cap - Benchmark Chemistry","Manganese","All Material is Recycled in NA",0.0147555818735822
2030,"Decreasing Batt Cap - Benchmark Chemistry","Manganese","Recycling Limited to NA 2025 Online or Planned",0
2030,"Decreasing Batt Cap - Benchmark Chemistry","Manganese","All Material is Recycled in NA",0.0190851740760591
2031,"Decreasing Batt Cap - Benchmark Chemistry","Manganese","Recycling Limited to NA 2025 Online or Planned",0
2031,"Decreasing Batt Cap - Benchmark Chemistry","Manganese","All Material is Recycled in NA",0.024581158757827
2032,"Decreasing Batt Cap - Benchmark Chemistry","Manganese","Recycling Limited to NA 2025 Online or Planned",0
2032,"Decreasing Batt Cap - Benchmark Chemistry","Manganese","All Material is Recycled in NA",0.0302778629137868
2033,"Decreasing Batt Cap - Benchmark Chemistry","Manganese","Recycling Limited to NA 2025 Online or Planned",0
2033,"Decreasing Batt Cap - Benchmark Chemistry","Manganese","All Material is Recycled in NA",0.0354824186491675
2034,"Decreasing Batt Cap - Benchmark Chemistry","Manganese","Recycling Limited to NA 2025 Online or Planned",0
2034,"Decreasing Batt Cap - Benchmark Chemistry","Manganese","All Material is Recycled in NA",0.0439577221044477
2035,"Decreasing Batt Cap - Benchmark Chemistry","Manganese","Recycling Limited to NA 2025 Online or Planned",0
2035,"Decreasing Batt Cap - Benchmark Chemistry","Manganese","All Material is Recycled in NA",0.0562731042105781
2036,"Decreasing Batt Cap - Benchmark Chemistry","Manganese","Recycling Limited to NA 2025 Online or Planned",0.0736829085036734
2036,"Decreasing Batt Cap - Benchmark Chemistry","Manganese","All Material is Recycled in NA",0.0736829085036734
2037,"Decreasing Batt Cap - Benchmark Chemistry","Manganese","Recycling Limited to NA 2025 Online or Planned",0.080302808797638
2037,"Decreasing Batt Cap - Benchmark Chemistry","Manganese","All Material is Recycled in NA",0.0977866934023474
2038,"Decreasing Batt Cap - Benchmark Chemistry","Manganese","Recycling Limited to NA 2025 Online or Planned",0.078166370964866
2038,"Decreasing Batt Cap - Benchmark Chemistry","Manganese","All Material is Recycled in NA",0.125368547892667
2039,"Decreasing Batt Cap - Benchmark Chemistry","Manganese","Recycling Limited to NA 2025 Online or Planned",0.0772662869076867
2039,"Decreasing Batt Cap - Benchmark Chemistry","Manganese","All Material is Recycled in NA",0.163317596733319
2040,"Decreasing Batt Cap - Benchmark Chemistry","Manganese","Recycling Limited to NA 2025 Online or Planned",0.0751313793017096
2040,"Decreasing Batt Cap - Benchmark Chemistry","Manganese","All Material is Recycled in NA",0.195446920031601
2041,"Decreasing Batt Cap - Benchmark Chemistry","Manganese","Recycling Limited to NA 2025 Online or Planned",0.0737934421763287
2041,"Decreasing Batt Cap - Benchmark Chemistry","Manganese","All Material is Recycled in NA",0.230633735802393
2042,"Decreasing Batt Cap - Benchmark Chemistry","Manganese","Recycling Limited to NA 2025 Online or Planned",0.0720647986729856
2042,"Decreasing Batt Cap - Benchmark Chemistry","Manganese","All Material is Recycled in NA",0.265102190008553
2043,"Decreasing Batt Cap - Benchmark Chemistry","Manganese","Recycling Limited to NA 2025 Online or Planned",0.0706656343517277
2043,"Decreasing Batt Cap - Benchmark Chemistry","Manganese","All Material is Recycled in NA",0.3025214328291
2044,"Decreasing Batt Cap - Benchmark Chemistry","Manganese","Recycling Limited to NA 2025 Online or Planned",0.0693300083121479
2044,"Decreasing Batt Cap - Benchmark Chemistry","Manganese","All Material is Recycled in NA",0.341543355853852
2045,"Decreasing Batt Cap - Benchmark Chemistry","Manganese","Recycling Limited to NA 2025 Online or Planned",0.0680047093562831
2045,"Decreasing Batt Cap - Benchmark Chemistry","Manganese","All Material is Recycled in NA",0.381973672753042
2046,"Decreasing Batt Cap - Benchmark Chemistry","Manganese","Recycling Limited to NA 2025 Online or Planned",0.0665357241061116
2046,"Decreasing Batt Cap - Benchmark Chemistry","Manganese","All Material is Recycled in NA",0.422190029163378
2047,"Decreasing Batt Cap - Benchmark Chemistry","Manganese","Recycling Limited to NA 2025 Online or Planned",0.0651887188655496
2047,"Decreasing Batt Cap - Benchmark Chemistry","Manganese","All Material is Recycled in NA",0.464231880138017
2048,"Decreasing Batt Cap - Benchmark Chemistry","Manganese","Recycling Limited to NA 2025 Online or Planned",0.063859646282906
2048,"Decreasing Batt Cap - Benchmark Chemistry","Manganese","All Material is Recycled in NA",0.504478260928752
2049,"Decreasing Batt Cap - Benchmark Chemistry","Manganese","Recycling Limited to NA 2025 Online or Planned",0.0626012163015329
2049,"Decreasing Batt Cap - Benchmark Chemistry","Manganese","All Material is Recycled in NA",0.542380258734921
2050,"Decreasing Batt Cap - Benchmark Chemistry","Manganese","Recycling Limited to NA 2025 Online or Planned",0.0615139367829558
2050,"Decreasing Batt Cap - Benchmark Chemistry","Manganese","All Material is Recycled in NA",0.577294363818156
2026,"Decreasing Batt Cap - High LFP Chemistry","Manganese","Recycling Limited to NA 2025 Online or Planned",0
2026,"Decreasing Batt Cap - High LFP Chemistry","Manganese","All Material is Recycled in NA",0.00681018708527622
2027,"Decreasing Batt Cap - High LFP Chemistry","Manganese","Recycling Limited to NA 2025 Online or Planned",0
2027,"Decreasing Batt Cap - High LFP Chemistry","Manganese","All Material is Recycled in NA",0.0087996542595335
2028,"Decreasing Batt Cap - High LFP Chemistry","Manganese","Recycling Limited to NA 2025 Online or Planned",0
2028,"Decreasing Batt Cap - High LFP Chemistry","Manganese","All Material is Recycled in NA",0.0133681999793295
2029,"Decreasing Batt Cap - High LFP Chemistry","Manganese","Recycling Limited to NA 2025 Online or Planned",0
2029,"Decreasing Batt Cap - High LFP Chemistry","Manganese","All Material is Recycled in NA",0.0170185753232051
2030,"Decreasing Batt Cap - High LFP Chemistry","Manganese","Recycling Limited to NA 2025 Online or Planned",0
2030,"Decreasing Batt Cap - High LFP Chemistry","Manganese","All Material is Recycled in NA",0.0225218999165028
2031,"Decreasing Batt Cap - High LFP Chemistry","Manganese","Recycling Limited to NA 2025 Online or Planned",0
2031,"Decreasing Batt Cap - High LFP Chemistry","Manganese","All Material is Recycled in NA",0.0294758019139694
2032,"Decreasing Batt Cap - High LFP Chemistry","Manganese","Recycling Limited to NA 2025 Online or Planned",0
2032,"Decreasing Batt Cap - High LFP Chemistry","Manganese","All Material is Recycled in NA",0.0369749984637071
2033,"Decreasing Batt Cap - High LFP Chemistry","Manganese","Recycling Limited to NA 2025 Online or Planned",0
2033,"Decreasing Batt Cap - High LFP Chemistry","Manganese","All Material is Recycled in NA",0.0443776166900878
2034,"Decreasing Batt Cap - High LFP Chemistry","Manganese","Recycling Limited to NA 2025 Online or Planned",0
2034,"Decreasing Batt Cap - High LFP Chemistry","Manganese","All Material is Recycled in NA",0.0561508668143789
2035,"Decreasing Batt Cap - High LFP Chemistry","Manganese","Recycling Limited to NA 2025 Online or Planned",0
2035,"Decreasing Batt Cap - High LFP Chemistry","Manganese","All Material is Recycled in NA",0.0732248129112414
2036,"Decreasing Batt Cap - High LFP Chemistry","Manganese","Recycling Limited to NA 2025 Online or Planned",0.0974495109445409
2036,"Decreasing Batt Cap - High LFP Chemistry","Manganese","All Material is Recycled in NA",0.0974495109445409
2037,"Decreasing Batt Cap - High LFP Chemistry","Manganese","Recycling Limited to NA 2025 Online or Planned",0.107325655565368
2037,"Decreasing Batt Cap - High LFP Chemistry","Manganese","All Material is Recycled in NA",0.131082667289697
2038,"Decreasing Batt Cap - High LFP Chemistry","Manganese","Recycling Limited to NA 2025 Online or Planned",0.105623060353289
2038,"Decreasing Batt Cap - High LFP Chemistry","Manganese","All Material is Recycled in NA",0.170023903941323
2039,"Decreasing Batt Cap - High LFP Chemistry","Manganese","Recycling Limited to NA 2025 Online or Planned",0.105239557768229
2039,"Decreasing Batt Cap - High LFP Chemistry","Manganese","All Material is Recycled in NA",0.223417598327155
2040,"Decreasing Batt Cap - High LFP Chemistry","Manganese","Recycling Limited to NA 2025 Online or Planned",0.103556532997322
2040,"Decreasing Batt Cap - High LFP Chemistry","Manganese","All Material is Recycled in NA",0.270942951087462
2041,"Decreasing Batt Cap - High LFP Chemistry","Manganese","Recycling Limited to NA 2025 Online or Planned",0.0998502215661854
2041,"Decreasing Batt Cap - High LFP Chemistry","Manganese","All Material is Recycled in NA",0.314490319127602
2042,"Decreasing Batt Cap - High LFP Chemistry","Manganese","Recycling Limited to NA 2025 Online or Planned",0.0953466598776022
2042,"Decreasing Batt Cap - High LFP Chemistry","Manganese","All Material is Recycled in NA",0.354350247610041
2043,"Decreasing Batt Cap - High LFP Chemistry","Manganese","Recycling Limited to NA 2025 Online or Planned",0.0911243989233148
2043,"Decreasing Batt Cap - High LFP Chemistry","Manganese","All Material is Recycled in NA",0.395246889159552
2044,"Decreasing Batt Cap - High LFP Chemistry","Manganese","Recycling Limited to NA 2025 Online or Planned",0.0870580329423807
2044,"Decreasing Batt Cap - High LFP Chemistry","Manganese","All Material is Recycled in NA",0.435861896411617
2045,"Decreasing Batt Cap - High LFP Chemistry","Manganese","Recycling Limited to NA 2025 Online or Planned",0.0832192296510681
2045,"Decreasing Batt Cap - High LFP Chemistry","Manganese","All Material is Recycled in NA",0.476490550091177
2046,"Decreasing Batt Cap - High LFP Chemistry","Manganese","Recycling Limited to NA 2025 Online or Planned",0.079436152134704
2046,"Decreasing Batt Cap - High LFP Chemistry","Manganese","All Material is Recycled in NA",0.515335657624438
2047,"Decreasing Batt Cap - High LFP Chemistry","Manganese","Recycling Limited to NA 2025 Online or Planned",0.075962309435666
2047,"Decreasing Batt Cap - High LFP Chemistry","Manganese","All Material is Recycled in NA",0.554681244001387
2048,"Decreasing Batt Cap - High LFP Chemistry","Manganese","Recycling Limited to NA 2025 Online or Planned",0.0726732930291817
2048,"Decreasing Batt Cap - High LFP Chemistry","Manganese","All Material is Recycled in NA",0.590307831775363
2049,"Decreasing Batt Cap - High LFP Chemistry","Manganese","Recycling Limited to NA 2025 Online or Planned",0.0696250557267294
2049,"Decreasing Batt Cap - High LFP Chemistry","Manganese","All Material is Recycled in NA",0.621901657996186
2050,"Decreasing Batt Cap - High LFP Chemistry","Manganese","Recycling Limited to NA 2025 Online or Planned",0.0669146663601991
2050,"Decreasing Batt Cap - High LFP Chemistry","Manganese","All Material is Recycled in NA",0.648999996849653
2026,"Increasing Batt Cap - Benchmark Chemistry","Nickel","Recycling Limited to NA 2025 Online or Planned",0.0057253046409303
2026,"Increasing Batt Cap - Benchmark Chemistry","Nickel","All Material is Recycled in NA",0.0057253046409303
2027,"Increasing Batt Cap - Benchmark Chemistry","Nickel","Recycling Limited to NA 2025 Online or Planned",0.00698089625594885
2027,"Increasing Batt Cap - Benchmark Chemistry","Nickel","All Material is Recycled in NA",0.00698089625594885
2028,"Increasing Batt Cap - Benchmark Chemistry","Nickel","Recycling Limited to NA 2025 Online or Planned",0.00902879443133713
2028,"Increasing Batt Cap - Benchmark Chemistry","Nickel","All Material is Recycled in NA",0.00902879443133713
2029,"Increasing Batt Cap - Benchmark Chemistry","Nickel","Recycling Limited to NA 2025 Online or Planned",0.0116421354944284
2029,"Increasing Batt Cap - Benchmark Chemistry","Nickel","All Material is Recycled in NA",0.0116421354944284
2030,"Increasing Batt Cap - Benchmark Chemistry","Nickel","Recycling Limited to NA 2025 Online or Planned",0.014852178761936
2030,"Increasing Batt Cap - Benchmark Chemistry","Nickel","All Material is Recycled in NA",0.014852178761936
2031,"Increasing Batt Cap - Benchmark Chemistry","Nickel","Recycling Limited to NA 2025 Online or Planned",0.0187802127164871
2031,"Increasing Batt Cap - Benchmark Chemistry","Nickel","All Material is Recycled in NA",0.0187802127164871
2032,"Increasing Batt Cap - Benchmark Chemistry","Nickel","Recycling Limited to NA 2025 Online or Planned",0.0241146341156484
2032,"Increasing Batt Cap - Benchmark Chemistry","Nickel","All Material is Recycled in NA",0.0241146341156484
2033,"Increasing Batt Cap - Benchmark Chemistry","Nickel","Recycling Limited to NA 2025 Online or Planned",0.0283323951825947
2033,"Increasing Batt Cap - Benchmark Chemistry","Nickel","All Material is Recycled in NA",0.0283323951825947
2034,"Increasing Batt Cap - Benchmark Chemistry","Nickel","Recycling Limited to NA 2025 Online or Planned",0.0347616739222405
2034,"Increasing Batt Cap - Benchmark Chemistry","Nickel","All Material is Recycled in NA",0.0347616739222405
2035,"Increasing Batt Cap - Benchmark Chemistry","Nickel","Recycling Limited to NA 2025 Online or Planned",0.0432386945030646
2035,"Increasing Batt Cap - Benchmark Chemistry","Nickel","All Material is Recycled in NA",0.0432386945030646
2036,"Increasing Batt Cap - Benchmark Chemistry","Nickel","Recycling Limited to NA 2025 Online or Planned",0.051470499361083
2036,"Increasing Batt Cap - Benchmark Chemistry","Nickel","All Material is Recycled in NA",0.0563917870638354
2037,"Increasing Batt Cap - Benchmark Chemistry","Nickel","Recycling Limited to NA 2025 Online or Planned",0.0487322422507609
2037,"Increasing Batt Cap - Benchmark Chemistry","Nickel","All Material is Recycled in NA",0.073211816728044
2038,"Increasing Batt Cap - Benchmark Chemistry","Nickel","Recycling Limited to NA 2025 Online or Planned",0.0464315622848584
2038,"Increasing Batt Cap - Benchmark Chemistry","Nickel","All Material is Recycled in NA",0.0927538111316303
2039,"Increasing Batt Cap - Benchmark Chemistry","Nickel","Recycling Limited to NA 2025 Online or Planned",0.0445574720446849
2039,"Increasing Batt Cap - Benchmark Chemistry","Nickel","All Material is Recycled in NA",0.11873066294752
2040,"Increasing Batt Cap - Benchmark Chemistry","Nickel","Recycling Limited to NA 2025 Online or Planned",0.0416419413161335
2040,"Increasing Batt Cap - Benchmark Chemistry","Nickel","All Material is Recycled in NA",0.139027539134537
2041,"Increasing Batt Cap - Benchmark Chemistry","Nickel","Recycling Limited to NA 2025 Online or Planned",0.0397965032268017
2041,"Increasing Batt Cap - Benchmark Chemistry","Nickel","All Material is Recycled in NA",0.163230412245219
2042,"Increasing Batt Cap - Benchmark Chemistry","Nickel","Recycling Limited to NA 2025 Online or Planned",0.0380814408088856
2042,"Increasing Batt Cap - Benchmark Chemistry","Nickel","All Material is Recycled in NA",0.188267558632147
2043,"Increasing Batt Cap - Benchmark Chemistry","Nickel","Recycling Limited to NA 2025 Online or Planned",0.0367151475047728
2043,"Increasing Batt Cap - Benchmark Chemistry","Nickel","All Material is Recycled in NA",0.216934194679253
2044,"Increasing Batt Cap - Benchmark Chemistry","Nickel","Recycling Limited to NA 2025 Online or Planned",0.0357412843386158
2044,"Increasing Batt Cap - Benchmark Chemistry","Nickel","All Material is Recycled in NA",0.250037019027408
2045,"Increasing Batt Cap - Benchmark Chemistry","Nickel","Recycling Limited to NA 2025 Online or Planned",0.035053065677662
2045,"Increasing Batt Cap - Benchmark Chemistry","Nickel","All Material is Recycled in NA",0.287878371858871
2046,"Increasing Batt Cap - Benchmark Chemistry","Nickel","Recycling Limited to NA 2025 Online or Planned",0.0344488216843833
2046,"Increasing Batt Cap - Benchmark Chemistry","Nickel","All Material is Recycled in NA",0.329125658690162
2047,"Increasing Batt Cap - Benchmark Chemistry","Nickel","Recycling Limited to NA 2025 Online or Planned",0.0340126048289048
2047,"Increasing Batt Cap - Benchmark Chemistry","Nickel","All Material is Recycled in NA",0.375499922109255
2048,"Increasing Batt Cap - Benchmark Chemistry","Nickel","Recycling Limited to NA 2025 Online or Planned",0.033621806971511
2048,"Increasing Batt Cap - Benchmark Chemistry","Nickel","All Material is Recycled in NA",0.423496241401543
2049,"Increasing Batt Cap - Benchmark Chemistry","Nickel","Recycling Limited to NA 2025 Online or Planned",0.0332595551668971
2049,"Increasing Batt Cap - Benchmark Chemistry","Nickel","All Material is Recycled in NA",0.47170245586486
2050,"Increasing Batt Cap - Benchmark Chemistry","Nickel","Recycling Limited to NA 2025 Online or Planned",0.0329301397871647
2050,"Increasing Batt Cap - Benchmark Chemistry","Nickel","All Material is Recycled in NA",0.517644359250313
2026,"Increasing Batt Cap - High LFP Chemistry","Nickel","Recycling Limited to NA 2025 Online or Planned",0.00593823538693705
2026,"Increasing Batt Cap - High LFP Chemistry","Nickel","All Material is Recycled in NA",0.00593823538693705
2027,"Increasing Batt Cap - High LFP Chemistry","Nickel","Recycling Limited to NA 2025 Online or Planned",0.00758041644469226
2027,"Increasing Batt Cap - High LFP Chemistry","Nickel","All Material is Recycled in NA",0.00758041644469226
2028,"Increasing Batt Cap - High LFP Chemistry","Nickel","Recycling Limited to NA 2025 Online or Planned",0.0101394407054771
2028,"Increasing Batt Cap - High LFP Chemistry","Nickel","All Material is Recycled in NA",0.0101394407054771
2029,"Increasing Batt Cap - High LFP Chemistry","Nickel","Recycling Limited to NA 2025 Online or Planned",0.0134615848569484
2029,"Increasing Batt Cap - High LFP Chemistry","Nickel","All Material is Recycled in NA",0.0134615848569484
2030,"Increasing Batt Cap - High LFP Chemistry","Nickel","Recycling Limited to NA 2025 Online or Planned",0.0175973926166821
2030,"Increasing Batt Cap - High LFP Chemistry","Nickel","All Material is Recycled in NA",0.0175973926166821
2031,"Increasing Batt Cap - High LFP Chemistry","Nickel","Recycling Limited to NA 2025 Online or Planned",0.0226616025367933
2031,"Increasing Batt Cap - High LFP Chemistry","Nickel","All Material is Recycled in NA",0.0226616025367933
2032,"Increasing Batt Cap - High LFP Chemistry","Nickel","Recycling Limited to NA 2025 Online or Planned",0.0297121331081984
2032,"Increasing Batt Cap - High LFP Chemistry","Nickel","All Material is Recycled in NA",0.0297121331081984
2033,"Increasing Batt Cap - High LFP Chemistry","Nickel","Recycling Limited to NA 2025 Online or Planned",0.0358197792697217
2033,"Increasing Batt Cap - High LFP Chemistry","Nickel","All Material is Recycled in NA",0.0358197792697217
2034,"Increasing Batt Cap - High LFP Chemistry","Nickel","Recycling Limited to NA 2025 Online or Planned",0.0449969972918578
2034,"Increasing Batt Cap - High LFP Chemistry","Nickel","All Material is Recycled in NA",0.0449969972918578
2035,"Increasing Batt Cap - High LFP Chemistry","Nickel","Recycling Limited to NA 2025 Online or Planned",0.0571744543138024
2035,"Increasing Batt Cap - High LFP Chemistry","Nickel","All Material is Recycled in NA",0.0571744543138024
2036,"Increasing Batt Cap - High LFP Chemistry","Nickel","Recycling Limited to NA 2025 Online or Planned",0.0690128657001588
2036,"Increasing Batt Cap - High LFP Chemistry","Nickel","All Material is Recycled in NA",0.0758569127345618
2037,"Increasing Batt Cap - High LFP Chemistry","Nickel","Recycling Limited to NA 2025 Online or Planned",0.0661901226281919
2037,"Increasing Batt Cap - High LFP Chemistry","Nickel","All Material is Recycled in NA",0.0998336459308773
2038,"Increasing Batt Cap - High LFP Chemistry","Nickel","Recycling Limited to NA 2025 Online or Planned",0.0637667973950674
2038,"Increasing Batt Cap - High LFP Chemistry","Nickel","All Material is Recycled in NA",0.128003567515614
2039,"Increasing Batt Cap - High LFP Chemistry","Nickel","Recycling Limited to NA 2025 Online or Planned",0.0616685742678107
2039,"Increasing Batt Cap - High LFP Chemistry","Nickel","All Material is Recycled in NA",0.165282674582778
2040,"Increasing Batt Cap - High LFP Chemistry","Nickel","Recycling Limited to NA 2025 Online or Planned",0.0583126900744805
2040,"Increasing Batt Cap - High LFP Chemistry","Nickel","All Material is Recycled in NA",0.196151085619205
2041,"Increasing Batt Cap - High LFP Chemistry","Nickel","Recycling Limited to NA 2025 Online or Planned",0.054566335606834
2041,"Increasing Batt Cap - High LFP Chemistry","Nickel","All Material is Recycled in NA",0.226029160112999
2042,"Increasing Batt Cap - High LFP Chemistry","Nickel","Recycling Limited to NA 2025 Online or Planned",0.0508831202127857
2042,"Increasing Batt Cap - High LFP Chemistry","Nickel","All Material is Recycled in NA",0.254794542470577
2043,"Increasing Batt Cap - High LFP Chemistry","Nickel","Recycling Limited to NA 2025 Online or Planned",0.0476546211031149
2043,"Increasing Batt Cap - High LFP Chemistry","Nickel","All Material is Recycled in NA",0.286147006795273
2044,"Increasing Batt Cap - High LFP Chemistry","Nickel","Recycling Limited to NA 2025 Online or Planned",0.0450314850946951
2044,"Increasing Batt Cap - High LFP Chemistry","Nickel","All Material is Recycled in NA",0.321279840506991
2045,"Increasing Batt Cap - High LFP Chemistry","Nickel","Recycling Limited to NA 2025 Online or Planned",0.0429254042283341
2045,"Increasing Batt Cap - High LFP Chemistry","Nickel","All Material is Recycled in NA",0.360788371587576
2046,"Increasing Batt Cap - High LFP Chemistry","Nickel","Recycling Limited to NA 2025 Online or Planned",0.0410693377952815
2046,"Increasing Batt Cap - High LFP Chemistry","Nickel","All Material is Recycled in NA",0.402945690685611
2047,"Increasing Batt Cap - High LFP Chemistry","Nickel","Recycling Limited to NA 2025 Online or Planned",0.0395131897907364
2047,"Increasing Batt Cap - High LFP Chemistry","Nickel","All Material is Recycled in NA",0.449492322527297
2048,"Increasing Batt Cap - High LFP Chemistry","Nickel","Recycling Limited to NA 2025 Online or Planned",0.0380971132074642
2048,"Increasing Batt Cap - High LFP Chemistry","Nickel","All Material is Recycled in NA",0.496074104795651
2049,"Increasing Batt Cap - High LFP Chemistry","Nickel","Recycling Limited to NA 2025 Online or Planned",0.0367913678990865
2049,"Increasing Batt Cap - High LFP Chemistry","Nickel","All Material is Recycled in NA",0.541100199127616
2050,"Increasing Batt Cap - High LFP Chemistry","Nickel","Recycling Limited to NA 2025 Online or Planned",0.035602371190887
2050,"Increasing Batt Cap - High LFP Chemistry","Nickel","All Material is Recycled in NA",0.582036789428885
2026,"Decreasing Batt Cap - Benchmark Chemistry","Nickel","Recycling Limited to NA 2025 Online or Planned",0.00637896534606989
2026,"Decreasing Batt Cap - Benchmark Chemistry","Nickel","All Material is Recycled in NA",0.00637896534606989
2027,"Decreasing Batt Cap - Benchmark Chemistry","Nickel","Recycling Limited to NA 2025 Online or Planned",0.0081756113101278
2027,"Decreasing Batt Cap - Benchmark Chemistry","Nickel","All Material is Recycled in NA",0.0081756113101278
2028,"Decreasing Batt Cap - Benchmark Chemistry","Nickel","Recycling Limited to NA 2025 Online or Planned",0.0110879588555867
2028,"Decreasing Batt Cap - Benchmark Chemistry","Nickel","All Material is Recycled in NA",0.0110879588555867
2029,"Decreasing Batt Cap - Benchmark Chemistry","Nickel","Recycling Limited to NA 2025 Online or Planned",0.0149598809546131
2029,"Decreasing Batt Cap - Benchmark Chemistry","Nickel","All Material is Recycled in NA",0.0149598809546131
2030,"Decreasing Batt Cap - Benchmark Chemistry","Nickel","Recycling Limited to NA 2025 Online or Planned",0.0199179240667342
2030,"Decreasing Batt Cap - Benchmark Chemistry","Nickel","All Material is Recycled in NA",0.0199179240667342
2031,"Decreasing Batt Cap - Benchmark Chemistry","Nickel","Recycling Limited to NA 2025 Online or Planned",0.0261807568477924
2031,"Decreasing Batt Cap - Benchmark Chemistry","Nickel","All Material is Recycled in NA",0.0261807568477924
2032,"Decreasing Batt Cap - Benchmark Chemistry","Nickel","Recycling Limited to NA 2025 Online or Planned",0.0349535833739437
2032,"Decreasing Batt Cap - Benchmark Chemistry","Nickel","All Material is Recycled in NA",0.0349535833739437
2033,"Decreasing Batt Cap - Benchmark Chemistry","Nickel","Recycling Limited to NA 2025 Online or Planned",0.0427985613599694
2033,"Decreasing Batt Cap - Benchmark Chemistry","Nickel","All Material is Recycled in NA",0.0427985613599694
2034,"Decreasing Batt Cap - Benchmark Chemistry","Nickel","Recycling Limited to NA 2025 Online or Planned",0.0545061054663307
2034,"Decreasing Batt Cap - Benchmark Chemistry","Nickel","All Material is Recycled in NA",0.0545061054663307
2035,"Decreasing Batt Cap - Benchmark Chemistry","Nickel","Recycling Limited to NA 2025 Online or Planned",0.0701461895138671
2035,"Decreasing Batt Cap - Benchmark Chemistry","Nickel","All Material is Recycled in NA",0.0701461895138671
2036,"Decreasing Batt Cap - Benchmark Chemistry","Nickel","Recycling Limited to NA 2025 Online or Planned",0.0918741738230947
2036,"Decreasing Batt Cap - Benchmark Chemistry","Nickel","All Material is Recycled in NA",0.0918741738230947
2037,"Decreasing Batt Cap - Benchmark Chemistry","Nickel","Recycling Limited to NA 2025 Online or Planned",0.0982383421201315
2037,"Decreasing Batt Cap - Benchmark Chemistry","Nickel","All Material is Recycled in NA",0.119638804723025
2038,"Decreasing Batt Cap - Benchmark Chemistry","Nickel","Recycling Limited to NA 2025 Online or Planned",0.0945008965693135
2038,"Decreasing Batt Cap - Benchmark Chemistry","Nickel","All Material is Recycled in NA",0.151598250896387
2039,"Decreasing Batt Cap - Benchmark Chemistry","Nickel","Recycling Limited to NA 2025 Online or Planned",0.0914274837733252
2039,"Decreasing Batt Cap - Benchmark Chemistry","Nickel","All Material is Recycled in NA",0.193305663590514
2040,"Decreasing Batt Cap - Benchmark Chemistry","Nickel","Recycling Limited to NA 2025 Online or Planned",0.0857238153136173
2040,"Decreasing Batt Cap - Benchmark Chemistry","Nickel","All Material is Recycled in NA",0.223076613232023
2041,"Decreasing Batt Cap - Benchmark Chemistry","Nickel","Recycling Limited to NA 2025 Online or Planned",0.0810825902818104
2041,"Decreasing Batt Cap - Benchmark Chemistry","Nickel","All Material is Recycled in NA",0.253507203267758
2042,"Decreasing Batt Cap - Benchmark Chemistry","Nickel","Recycling Limited to NA 2025 Online or Planned",0.0764507982754887
2042,"Decreasing Batt Cap - Benchmark Chemistry","Nickel","All Material is Recycled in NA",0.28134344869948
2043,"Decreasing Batt Cap - Benchmark Chemistry","Nickel","Recycling Limited to NA 2025 Online or Planned",0.0725584592038411
2043,"Decreasing Batt Cap - Benchmark Chemistry","Nickel","All Material is Recycled in NA",0.310745694854004
2044,"Decreasing Batt Cap - Benchmark Chemistry","Nickel","Recycling Limited to NA 2025 Online or Planned",0.0696142193547329
2044,"Decreasing Batt Cap - Benchmark Chemistry","Nickel","All Material is Recycled in NA",0.343080045253759
2045,"Decreasing Batt Cap - Benchmark Chemistry","Nickel","Recycling Limited to NA 2025 Online or Planned",0.0674421338656252
2045,"Decreasing Batt Cap - Benchmark Chemistry","Nickel","All Material is Recycled in NA",0.378968196086077
2046,"Decreasing Batt Cap - Benchmark Chemistry","Nickel","Recycling Limited to NA 2025 Online or Planned",0.0656402494696561
2046,"Decreasing Batt Cap - Benchmark Chemistry","Nickel","All Material is Recycled in NA",0.416681915333675
2047,"Decreasing Batt Cap - Benchmark Chemistry","Nickel","Recycling Limited to NA 2025 Online or Planned",0.0643011301001887
2047,"Decreasing Batt Cap - Benchmark Chemistry","Nickel","All Material is Recycled in NA",0.458093608767267
2048,"Decreasing Batt Cap - Benchmark Chemistry","Nickel","Recycling Limited to NA 2025 Online or Planned",0.063140715662557
2048,"Decreasing Batt Cap - Benchmark Chemistry","Nickel","All Material is Recycled in NA",0.499002889266372
2049,"Decreasing Batt Cap - Benchmark Chemistry","Nickel","Recycling Limited to NA 2025 Online or Planned",0.0620909479655502
2049,"Decreasing Batt Cap - Benchmark Chemistry","Nickel","All Material is Recycled in NA",0.538169827197679
2050,"Decreasing Batt Cap - Benchmark Chemistry","Nickel","Recycling Limited to NA 2025 Online or Planned",0.061185105216591
2050,"Decreasing Batt Cap - Benchmark Chemistry","Nickel","All Material is Recycled in NA",0.574437994594111
2026,"Decreasing Batt Cap - High LFP Chemistry","Nickel","Recycling Limited to NA 2025 Online or Planned",0.00661449473549927
2026,"Decreasing Batt Cap - High LFP Chemistry","Nickel","All Material is Recycled in NA",0.00661449473549927
2027,"Decreasing Batt Cap - High LFP Chemistry","Nickel","Recycling Limited to NA 2025 Online or Planned",0.00887013715194873
2027,"Decreasing Batt Cap - High LFP Chemistry","Nickel","All Material is Recycled in NA",0.00887013715194873
2028,"Decreasing Batt Cap - High LFP Chemistry","Nickel","Recycling Limited to NA 2025 Online or Planned",0.0124322883295301
2028,"Decreasing Batt Cap - High LFP Chemistry","Nickel","All Material is Recycled in NA",0.0124322883295301
2029,"Decreasing Batt Cap - High LFP Chemistry","Nickel","Recycling Limited to NA 2025 Online or Planned",0.0172578984014532
2029,"Decreasing Batt Cap - High LFP Chemistry","Nickel","All Material is Recycled in NA",0.0172578984014532
2030,"Decreasing Batt Cap - High LFP Chemistry","Nickel","Recycling Limited to NA 2025 Online or Planned",0.02352347188056
2030,"Decreasing Batt Cap - High LFP Chemistry","Nickel","All Material is Recycled in NA",0.02352347188056
2031,"Decreasing Batt Cap - High LFP Chemistry","Nickel","Recycling Limited to NA 2025 Online or Planned",0.0314474542182743
2031,"Decreasing Batt Cap - High LFP Chemistry","Nickel","All Material is Recycled in NA",0.0314474542182743
2032,"Decreasing Batt Cap - High LFP Chemistry","Nickel","Recycling Limited to NA 2025 Online or Planned",0.0428082605322187
2032,"Decreasing Batt Cap - High LFP Chemistry","Nickel","All Material is Recycled in NA",0.0428082605322187
2033,"Decreasing Batt Cap - High LFP Chemistry","Nickel","Recycling Limited to NA 2025 Online or Planned",0.0537494116088793
2033,"Decreasing Batt Cap - High LFP Chemistry","Nickel","All Material is Recycled in NA",0.0537494116088793
2034,"Decreasing Batt Cap - High LFP Chemistry","Nickel","Recycling Limited to NA 2025 Online or Planned",0.0700155214977245
2034,"Decreasing Batt Cap - High LFP Chemistry","Nickel","All Material is Recycled in NA",0.0700155214977245
2035,"Decreasing Batt Cap - High LFP Chemistry","Nickel","Recycling Limited to NA 2025 Online or Planned",0.0919067442251446
2035,"Decreasing Batt Cap - High LFP Chemistry","Nickel","All Material is Recycled in NA",0.0919067442251446
2036,"Decreasing Batt Cap - High LFP Chemistry","Nickel","Recycling Limited to NA 2025 Online or Planned",0.122466665109983
2036,"Decreasing Batt Cap - High LFP Chemistry","Nickel","All Material is Recycled in NA",0.122466665109983
2037,"Decreasing Batt Cap - High LFP Chemistry","Nickel","Recycling Limited to NA 2025 Online or Planned",0.132400824250234
2037,"Decreasing Batt Cap - High LFP Chemistry","Nickel","All Material is Recycled in NA",0.161724719860435
2038,"Decreasing Batt Cap - High LFP Chemistry","Nickel","Recycling Limited to NA 2025 Online or Planned",0.128875466172865
2038,"Decreasing Batt Cap - High LFP Chemistry","Nickel","All Material is Recycled in NA",0.20749863916891
2039,"Decreasing Batt Cap - High LFP Chemistry","Nickel","Recycling Limited to NA 2025 Online or Planned",0.125741255598103
2039,"Decreasing Batt Cap - High LFP Chemistry","Nickel","All Material is Recycled in NA",0.267022232537891
2040,"Decreasing Batt Cap - High LFP Chemistry","Nickel","Recycling Limited to NA 2025 Online or Planned",0.119386874296419
2040,"Decreasing Batt Cap - High LFP Chemistry","Nickel","All Material is Recycled in NA",0.312472280285267
2041,"Decreasing Batt Cap - High LFP Chemistry","Nickel","Recycling Limited to NA 2025 Online or Planned",0.110860003763051
2041,"Decreasing Batt Cap - High LFP Chemistry","Nickel","All Material is Recycled in NA",0.349304618109441
2042,"Decreasing Batt Cap - High LFP Chemistry","Nickel","Recycling Limited to NA 2025 Online or Planned",0.10212579947541
2042,"Decreasing Batt Cap - High LFP Chemistry","Nickel","All Material is Recycled in NA",0.379704524392621
2043,"Decreasing Batt Cap - High LFP Chemistry","Nickel","Recycling Limited to NA 2025 Online or Planned",0.0943324150514498
2043,"Decreasing Batt Cap - High LFP Chemistry","Nickel","All Material is Recycled in NA",0.409343379068834
2044,"Decreasing Batt Cap - High LFP Chemistry","Nickel","Recycling Limited to NA 2025 Online or Planned",0.0879539544844564
2044,"Decreasing Batt Cap - High LFP Chemistry","Nickel","All Material is Recycled in NA",0.440552759746261
2045,"Decreasing Batt Cap - High LFP Chemistry","Nickel","Recycling Limited to NA 2025 Online or Planned",0.0828740818167805
2045,"Decreasing Batt Cap - High LFP Chemistry","Nickel","All Material is Recycled in NA",0.47474664190248
2046,"Decreasing Batt Cap - High LFP Chemistry","Nickel","Recycling Limited to NA 2025 Online or Planned",0.0785699900659939
2046,"Decreasing Batt Cap - High LFP Chemistry","Nickel","All Material is Recycled in NA",0.509978421280641
2047,"Decreasing Batt Cap - High LFP Chemistry","Nickel","Recycling Limited to NA 2025 Online or Planned",0.0750421508416824
2047,"Decreasing Batt Cap - High LFP Chemistry","Nickel","All Material is Recycled in NA",0.548237479658529
2048,"Decreasing Batt Cap - High LFP Chemistry","Nickel","Recycling Limited to NA 2025 Online or Planned",0.0719164767375957
2048,"Decreasing Batt Cap - High LFP Chemistry","Nickel","All Material is Recycled in NA",0.584468652729634
2049,"Decreasing Batt Cap - High LFP Chemistry","Nickel","Recycling Limited to NA 2025 Online or Planned",0.0690896747141845
2049,"Decreasing Batt Cap - High LFP Chemistry","Nickel","All Material is Recycled in NA",0.617438340395932
2050,"Decreasing Batt Cap - High LFP Chemistry","Nickel","Recycling Limited to NA 2025 Online or Planned",0.066573589492128
2050,"Decreasing Batt Cap - High LFP Chemistry","Nickel","All Material is Recycled in NA",0.646040337380631
