"Year","State_Province","Batt_Mass_MT","Scenario"
2025,"AB",21.9542356197785,"Decreasing Batt Cap - Benchmark Chemistry"
2025,"AK",5.44705106384826,"Decreasing Batt Cap - Benchmark Chemistry"
2025,"AL",17.8073838765155,"Decreasing Batt Cap - Benchmark Chemistry"
2025,"AR",10.8871466371202,"Decreasing Batt Cap - Benchmark Chemistry"
2025,"AZ",89.0628055884012,"Decreasing Batt Cap - Benchmark Chemistry"
2025,"BC",115.961851810543,"Decreasing Batt Cap - Benchmark Chemistry"
2025,"CA",1457.52300336714,"Decreasing Batt Cap - Benchmark Chemistry"
2025,"CO",90.5784139614489,"Decreasing Batt Cap - Benchmark Chemistry"
2025,"CT",37.5670498627087,"Decreasing Batt Cap - Benchmark Chemistry"
2025,"DC",15.4496416048392,"Decreasing Batt Cap - Benchmark Chemistry"
2025,"DE",11.8314031604296,"Decreasing Batt Cap - Benchmark Chemistry"
2025,"FL",212.035401978471,"Decreasing Batt Cap - Benchmark Chemistry"
2025,"GA",153.139176305613,"Decreasing Batt Cap - Benchmark Chemistry"
2025,"HI",48.627297299482,"Decreasing Batt Cap - Benchmark Chemistry"
2025,"IA",16.1021189891511,"Decreasing Batt Cap - Benchmark Chemistry"
2025,"ID",14.8457504145312,"Decreasing Batt Cap - Benchmark Chemistry"
2025,"IL",98.5385940355276,"Decreasing Batt Cap - Benchmark Chemistry"
2025,"IN",28.9739374901066,"Decreasing Batt Cap - Benchmark Chemistry"
2025,"KS",17.8433817043352,"Decreasing Batt Cap - Benchmark Chemistry"
2025,"KY",17.0489039196422,"Decreasing Batt Cap - Benchmark Chemistry"
2025,"LA",13.1333395868524,"Decreasing Batt Cap - Benchmark Chemistry"
2025,"MA",71.7239475093378,"Decreasing Batt Cap - Benchmark Chemistry"
2025,"MB",6.27868510496921,"Decreasing Batt Cap - Benchmark Chemistry"
2025,"MD",63.8867212383757,"Decreasing Batt Cap - Benchmark Chemistry"
2025,"ME",12.8929506989309,"Decreasing Batt Cap - Benchmark Chemistry"
2025,"MI",48.8397765045464,"Decreasing Batt Cap - Benchmark Chemistry"
2025,"MN",37.7371035184045,"Decreasing Batt Cap - Benchmark Chemistry"
2025,"MO",30.082966679011,"Decreasing Batt Cap - Benchmark Chemistry"
2025,"MS",3.39738629882595,"Decreasing Batt Cap - Benchmark Chemistry"
2025,"MT",6.53217420222173,"Decreasing Batt Cap - Benchmark Chemistry"
2025,"MX",13.2291371168989,"Decreasing Batt Cap - Benchmark Chemistry"
2025,"NB",0.325640010475007,"Decreasing Batt Cap - Benchmark Chemistry"
2025,"NC",58.9116879808441,"Decreasing Batt Cap - Benchmark Chemistry"
2025,"ND",0.121364519760008,"Decreasing Batt Cap - Benchmark Chemistry"
2025,"NE",11.7717625955015,"Decreasing Batt Cap - Benchmark Chemistry"
2025,"NH",16.3554531092637,"Decreasing Batt Cap - Benchmark Chemistry"
2025,"NJ",100.188760363922,"Decreasing Batt Cap - Benchmark Chemistry"
2025,"NL",0,"Decreasing Batt Cap - Benchmark Chemistry"
2025,"NM",16.8908707450241,"Decreasing Batt Cap - Benchmark Chemistry"
2025,"NS",2.05491728194336,"Decreasing Batt Cap - Benchmark Chemistry"
2025,"NT",0,"Decreasing Batt Cap - Benchmark Chemistry"
2025,"NU",0,"Decreasing Batt Cap - Benchmark Chemistry"
2025,"NV",41.303471544355,"Decreasing Batt Cap - Benchmark Chemistry"
2025,"NY",123.916071716775,"Decreasing Batt Cap - Benchmark Chemistry"
2025,"OH",49.9692653539735,"Decreasing Batt Cap - Benchmark Chemistry"
2025,"OK",23.9868781467304,"Decreasing Batt Cap - Benchmark Chemistry"
2025,"ON",127.081705003581,"Decreasing Batt Cap - Benchmark Chemistry"
2025,"OR",95.3529613854793,"Decreasing Batt Cap - Benchmark Chemistry"
2025,"PA",64.5959810452858,"Decreasing Batt Cap - Benchmark Chemistry"
2025,"PE",0,"Decreasing Batt Cap - Benchmark Chemistry"
2025,"QC",167.175530625409,"Decreasing Batt Cap - Benchmark Chemistry"
2025,"RI",11.3623848108726,"Decreasing Batt Cap - Benchmark Chemistry"
2025,"SC",23.4175391920478,"Decreasing Batt Cap - Benchmark Chemistry"
2025,"SD",1.22197174173845,"Decreasing Batt Cap - Benchmark Chemistry"
2025,"SK",0.19731426425662,"Decreasing Batt Cap - Benchmark Chemistry"
2025,"TN",35.1475543980489,"Decreasing Batt Cap - Benchmark Chemistry"
2025,"TX",201.395035121014,"Decreasing Batt Cap - Benchmark Chemistry"
2025,"UT",42.3989527232993,"Decreasing Batt Cap - Benchmark Chemistry"
2025,"VA",69.3886190003722,"Decreasing Batt Cap - Benchmark Chemistry"
2025,"VT",14.4731880297108,"Decreasing Batt Cap - Benchmark Chemistry"
2025,"WA",198.858235871842,"Decreasing Batt Cap - Benchmark Chemistry"
2025,"WI",34.345058368944,"Decreasing Batt Cap - Benchmark Chemistry"
2025,"WV",3.42867429426353,"Decreasing Batt Cap - Benchmark Chemistry"
2025,"WY",0.89633173126344,"Decreasing Batt Cap - Benchmark Chemistry"
2025,"YT",0,"Decreasing Batt Cap - Benchmark Chemistry"
2026,"AB",43.9473685507715,"Decreasing Batt Cap - Benchmark Chemistry"
2026,"AK",14.1987872909954,"Decreasing Batt Cap - Benchmark Chemistry"
2026,"AL",54.7282839043385,"Decreasing Batt Cap - Benchmark Chemistry"
2026,"AR",32.0842323331759,"Decreasing Batt Cap - Benchmark Chemistry"
2026,"AZ",188.018084554904,"Decreasing Batt Cap - Benchmark Chemistry"
2026,"BC",189.994883472508,"Decreasing Batt Cap - Benchmark Chemistry"
2026,"CA",2592.29494877856,"Decreasing Batt Cap - Benchmark Chemistry"
2026,"CO",182.177623951858,"Decreasing Batt Cap - Benchmark Chemistry"
2026,"CT",77.0464790263004,"Decreasing Batt Cap - Benchmark Chemistry"
2026,"DC",24.6269701425146,"Decreasing Batt Cap - Benchmark Chemistry"
2026,"DE",25.3122981226756,"Decreasing Batt Cap - Benchmark Chemistry"
2026,"FL",478.945024030437,"Decreasing Batt Cap - Benchmark Chemistry"
2026,"GA",307.531680585445,"Decreasing Batt Cap - Benchmark Chemistry"
2026,"HI",83.554923782939,"Decreasing Batt Cap - Benchmark Chemistry"
2026,"IA",40.434208038174,"Decreasing Batt Cap - Benchmark Chemistry"
2026,"ID",33.8294192158037,"Decreasing Batt Cap - Benchmark Chemistry"
2026,"IL",232.680953640558,"Decreasing Batt Cap - Benchmark Chemistry"
2026,"IN",86.8717273323336,"Decreasing Batt Cap - Benchmark Chemistry"
2026,"KS",42.560407130453,"Decreasing Batt Cap - Benchmark Chemistry"
2026,"KY",52.6755651738295,"Decreasing Batt Cap - Benchmark Chemistry"
2026,"LA",47.6917371382134,"Decreasing Batt Cap - Benchmark Chemistry"
2026,"MA",157.227605113182,"Decreasing Batt Cap - Benchmark Chemistry"
2026,"MB",12.2686742743184,"Decreasing Batt Cap - Benchmark Chemistry"
2026,"MD",141.060614499087,"Decreasing Batt Cap - Benchmark Chemistry"
2026,"ME",27.862090614443,"Decreasing Batt Cap - Benchmark Chemistry"
2026,"MI",135.677384610429,"Decreasing Batt Cap - Benchmark Chemistry"
2026,"MN",89.5121427366912,"Decreasing Batt Cap - Benchmark Chemistry"
2026,"MO",81.8433345813154,"Decreasing Batt Cap - Benchmark Chemistry"
2026,"MS",27.3765365026784,"Decreasing Batt Cap - Benchmark Chemistry"
2026,"MT",18.7483700429514,"Decreasing Batt Cap - Benchmark Chemistry"
2026,"MX",48.1120747222548,"Decreasing Batt Cap - Benchmark Chemistry"
2026,"NB",4.17406177336954,"Decreasing Batt Cap - Benchmark Chemistry"
2026,"NC",158.390136323183,"Decreasing Batt Cap - Benchmark Chemistry"
2026,"ND",6.89117473701822,"Decreasing Batt Cap - Benchmark Chemistry"
2026,"NE",31.0432473974684,"Decreasing Batt Cap - Benchmark Chemistry"
2026,"NH",30.9894977807922,"Decreasing Batt Cap - Benchmark Chemistry"
2026,"NJ",217.48148174089,"Decreasing Batt Cap - Benchmark Chemistry"
2026,"NL",1.15249737557181,"Decreasing Batt Cap - Benchmark Chemistry"
2026,"NM",35.3329386529366,"Decreasing Batt Cap - Benchmark Chemistry"
2026,"NS",9.1271009895606,"Decreasing Batt Cap - Benchmark Chemistry"
2026,"NT",0,"Decreasing Batt Cap - Benchmark Chemistry"
2026,"NU",0,"Decreasing Batt Cap - Benchmark Chemistry"
2026,"NV",81.3026737905037,"Decreasing Batt Cap - Benchmark Chemistry"
2026,"NY",319.389851864607,"Decreasing Batt Cap - Benchmark Chemistry"
2026,"OH",155.572139413465,"Decreasing Batt Cap - Benchmark Chemistry"
2026,"OK",60.4934805620856,"Decreasing Batt Cap - Benchmark Chemistry"
2026,"ON",235.96100112103,"Decreasing Batt Cap - Benchmark Chemistry"
2026,"OR",177.818971469273,"Decreasing Batt Cap - Benchmark Chemistry"
2026,"PA",185.508334593532,"Decreasing Batt Cap - Benchmark Chemistry"
2026,"PE",0,"Decreasing Batt Cap - Benchmark Chemistry"
2026,"QC",284.468865642644,"Decreasing Batt Cap - Benchmark Chemistry"
2026,"RI",23.9181624080141,"Decreasing Batt Cap - Benchmark Chemistry"
2026,"SC",60.288450950554,"Decreasing Batt Cap - Benchmark Chemistry"
2026,"SD",10.214977387116,"Decreasing Batt Cap - Benchmark Chemistry"
2026,"SK",8.87422010231769,"Decreasing Batt Cap - Benchmark Chemistry"
2026,"TN",100.934218153154,"Decreasing Batt Cap - Benchmark Chemistry"
2026,"TX",510.063083033848,"Decreasing Batt Cap - Benchmark Chemistry"
2026,"UT",86.7879252665807,"Decreasing Batt Cap - Benchmark Chemistry"
2026,"VA",164.510425621695,"Decreasing Batt Cap - Benchmark Chemistry"
2026,"VT",23.7185880479792,"Decreasing Batt Cap - Benchmark Chemistry"
2026,"WA",358.576714146247,"Decreasing Batt Cap - Benchmark Chemistry"
2026,"WI",89.6266184246288,"Decreasing Batt Cap - Benchmark Chemistry"
2026,"WV",18.5773967592295,"Decreasing Batt Cap - Benchmark Chemistry"
2026,"WY",6.01718218893058,"Decreasing Batt Cap - Benchmark Chemistry"
2026,"YT",0,"Decreasing Batt Cap - Benchmark Chemistry"
2027,"AB",74.9930976764533,"Decreasing Batt Cap - Benchmark Chemistry"
2027,"AK",31.1114391790425,"Decreasing Batt Cap - Benchmark Chemistry"
2027,"AL",136.011000786141,"Decreasing Batt Cap - Benchmark Chemistry"
2027,"AR",79.3721952062234,"Decreasing Batt Cap - Benchmark Chemistry"
2027,"AZ",376.952643111669,"Decreasing Batt Cap - Benchmark Chemistry"
2027,"BC",318.533362284443,"Decreasing Batt Cap - Benchmark Chemistry"
2027,"CA",4742.25635575904,"Decreasing Batt Cap - Benchmark Chemistry"
2027,"CO",361.0336654821,"Decreasing Batt Cap - Benchmark Chemistry"
2027,"CT",158.67529555819,"Decreasing Batt Cap - Benchmark Chemistry"
2027,"DC",45.1389240688655,"Decreasing Batt Cap - Benchmark Chemistry"
2027,"DE",44.0818122281972,"Decreasing Batt Cap - Benchmark Chemistry"
2027,"FL",1001.113785876,"Decreasing Batt Cap - Benchmark Chemistry"
2027,"GA",628.51671117638,"Decreasing Batt Cap - Benchmark Chemistry"
2027,"HI",147.619578309518,"Decreasing Batt Cap - Benchmark Chemistry"
2027,"IA",94.7596169061664,"Decreasing Batt Cap - Benchmark Chemistry"
2027,"ID",67.2213290824248,"Decreasing Batt Cap - Benchmark Chemistry"
2027,"IL",506.711113264394,"Decreasing Batt Cap - Benchmark Chemistry"
2027,"IN",206.54246289345,"Decreasing Batt Cap - Benchmark Chemistry"
2027,"KS",93.7209101208526,"Decreasing Batt Cap - Benchmark Chemistry"
2027,"KY",117.287580792537,"Decreasing Batt Cap - Benchmark Chemistry"
2027,"LA",115.77408240515,"Decreasing Batt Cap - Benchmark Chemistry"
2027,"MA",332.479871094603,"Decreasing Batt Cap - Benchmark Chemistry"
2027,"MB",26.4060441403178,"Decreasing Batt Cap - Benchmark Chemistry"
2027,"MD",292.381650479169,"Decreasing Batt Cap - Benchmark Chemistry"
2027,"ME",51.9868054075662,"Decreasing Batt Cap - Benchmark Chemistry"
2027,"MI",316.453605993251,"Decreasing Batt Cap - Benchmark Chemistry"
2027,"MN",203.889274082573,"Decreasing Batt Cap - Benchmark Chemistry"
2027,"MO",191.052291926893,"Decreasing Batt Cap - Benchmark Chemistry"
2027,"MS",73.1092536398289,"Decreasing Batt Cap - Benchmark Chemistry"
2027,"MT",37.5921056595911,"Decreasing Batt Cap - Benchmark Chemistry"
2027,"MX",150.595666048342,"Decreasing Batt Cap - Benchmark Chemistry"
2027,"NB",12.7023854122618,"Decreasing Batt Cap - Benchmark Chemistry"
2027,"NC",369.495887241088,"Decreasing Batt Cap - Benchmark Chemistry"
2027,"ND",21.4300505340188,"Decreasing Batt Cap - Benchmark Chemistry"
2027,"NE",63.2046527615765,"Decreasing Batt Cap - Benchmark Chemistry"
2027,"NH",56.6322198684715,"Decreasing Batt Cap - Benchmark Chemistry"
2027,"NJ",446.904893612593,"Decreasing Batt Cap - Benchmark Chemistry"
2027,"NL",3.81324205060811,"Decreasing Batt Cap - Benchmark Chemistry"
2027,"NM",70.3140654359377,"Decreasing Batt Cap - Benchmark Chemistry"
2027,"NS",17.8895483205426,"Decreasing Batt Cap - Benchmark Chemistry"
2027,"NT",0,"Decreasing Batt Cap - Benchmark Chemistry"
2027,"NU",0,"Decreasing Batt Cap - Benchmark Chemistry"
2027,"NV",161.840525128957,"Decreasing Batt Cap - Benchmark Chemistry"
2027,"NY",722.669206012067,"Decreasing Batt Cap - Benchmark Chemistry"
2027,"OH",368.620519335511,"Decreasing Batt Cap - Benchmark Chemistry"
2027,"OK",125.922441850915,"Decreasing Batt Cap - Benchmark Chemistry"
2027,"ON",414.501829905846,"Decreasing Batt Cap - Benchmark Chemistry"
2027,"OR",343.62857744746,"Decreasing Batt Cap - Benchmark Chemistry"
2027,"PA",434.037025447414,"Decreasing Batt Cap - Benchmark Chemistry"
2027,"PE",0.426316391067763,"Decreasing Batt Cap - Benchmark Chemistry"
2027,"QC",478.259119941448,"Decreasing Batt Cap - Benchmark Chemistry"
2027,"RI",43.2059536275013,"Decreasing Batt Cap - Benchmark Chemistry"
2027,"SC",152.131112506845,"Decreasing Batt Cap - Benchmark Chemistry"
2027,"SD",27.2892270251732,"Decreasing Batt Cap - Benchmark Chemistry"
2027,"SK",17.6949967133912,"Decreasing Batt Cap - Benchmark Chemistry"
2027,"TN",230.111303552959,"Decreasing Batt Cap - Benchmark Chemistry"
2027,"TX",1138.03990840363,"Decreasing Batt Cap - Benchmark Chemistry"
2027,"UT",171.171609949487,"Decreasing Batt Cap - Benchmark Chemistry"
2027,"VA",356.547213793615,"Decreasing Batt Cap - Benchmark Chemistry"
2027,"VT",40.7798264588387,"Decreasing Batt Cap - Benchmark Chemistry"
2027,"WA",685.927452998376,"Decreasing Batt Cap - Benchmark Chemistry"
2027,"WI",202.168917052514,"Decreasing Batt Cap - Benchmark Chemistry"
2027,"WV",45.6410435555926,"Decreasing Batt Cap - Benchmark Chemistry"
2027,"WY",16.550177326109,"Decreasing Batt Cap - Benchmark Chemistry"
2027,"YT",0,"Decreasing Batt Cap - Benchmark Chemistry"
2028,"AB",122.010673013077,"Decreasing Batt Cap - Benchmark Chemistry"
2028,"AK",50.5990896239847,"Decreasing Batt Cap - Benchmark Chemistry"
2028,"AL",259.057495629265,"Decreasing Batt Cap - Benchmark Chemistry"
2028,"AR",152.464399703289,"Decreasing Batt Cap - Benchmark Chemistry"
2028,"AZ",679.579433534714,"Decreasing Batt Cap - Benchmark Chemistry"
2028,"BC",517.82471038666,"Decreasing Batt Cap - Benchmark Chemistry"
2028,"CA",7872.56674544067,"Decreasing Batt Cap - Benchmark Chemistry"
2028,"CO",630.82412513279,"Decreasing Batt Cap - Benchmark Chemistry"
2028,"CT",291.659813056742,"Decreasing Batt Cap - Benchmark Chemistry"
2028,"DC",71.3104497240574,"Decreasing Batt Cap - Benchmark Chemistry"
2028,"DE",74.239363162355,"Decreasing Batt Cap - Benchmark Chemistry"
2028,"FL",1811.17094302366,"Decreasing Batt Cap - Benchmark Chemistry"
2028,"GA",1112.58846821874,"Decreasing Batt Cap - Benchmark Chemistry"
2028,"HI",251.420393463162,"Decreasing Batt Cap - Benchmark Chemistry"
2028,"IA",178.617730110869,"Decreasing Batt Cap - Benchmark Chemistry"
2028,"ID",121.736315450127,"Decreasing Batt Cap - Benchmark Chemistry"
2028,"IL",929.150355228754,"Decreasing Batt Cap - Benchmark Chemistry"
2028,"IN",388.410181072261,"Decreasing Batt Cap - Benchmark Chemistry"
2028,"KS",173.251927656192,"Decreasing Batt Cap - Benchmark Chemistry"
2028,"KY",234.582531564772,"Decreasing Batt Cap - Benchmark Chemistry"
2028,"LA",228.54246655337,"Decreasing Batt Cap - Benchmark Chemistry"
2028,"MA",601.284317039511,"Decreasing Batt Cap - Benchmark Chemistry"
2028,"MB",37.387659363154,"Decreasing Batt Cap - Benchmark Chemistry"
2028,"MD",526.954066027199,"Decreasing Batt Cap - Benchmark Chemistry"
2028,"ME",90.2057849299143,"Decreasing Batt Cap - Benchmark Chemistry"
2028,"MI",609.388896634894,"Decreasing Batt Cap - Benchmark Chemistry"
2028,"MN",379.2559578966,"Decreasing Batt Cap - Benchmark Chemistry"
2028,"MO",356.996220027995,"Decreasing Batt Cap - Benchmark Chemistry"
2028,"MS",139.414750895204,"Decreasing Batt Cap - Benchmark Chemistry"
2028,"MT",67.383858429196,"Decreasing Batt Cap - Benchmark Chemistry"
2028,"MX",319.736846506884,"Decreasing Batt Cap - Benchmark Chemistry"
2028,"NB",23.9765886983245,"Decreasing Batt Cap - Benchmark Chemistry"
2028,"NC",690.779135520326,"Decreasing Batt Cap - Benchmark Chemistry"
2028,"ND",41.019615344671,"Decreasing Batt Cap - Benchmark Chemistry"
2028,"NE",113.6096255138,"Decreasing Batt Cap - Benchmark Chemistry"
2028,"NH",100.661862623627,"Decreasing Batt Cap - Benchmark Chemistry"
2028,"NJ",807.601503170804,"Decreasing Batt Cap - Benchmark Chemistry"
2028,"NL",11.3857654784776,"Decreasing Batt Cap - Benchmark Chemistry"
2028,"NM",127.492495281283,"Decreasing Batt Cap - Benchmark Chemistry"
2028,"NS",31.0143889457563,"Decreasing Batt Cap - Benchmark Chemistry"
2028,"NT",0,"Decreasing Batt Cap - Benchmark Chemistry"
2028,"NU",0,"Decreasing Batt Cap - Benchmark Chemistry"
2028,"NV",292.905805030932,"Decreasing Batt Cap - Benchmark Chemistry"
2028,"NY",1336.73349970414,"Decreasing Batt Cap - Benchmark Chemistry"
2028,"OH",710.380408554503,"Decreasing Batt Cap - Benchmark Chemistry"
2028,"OK",242.984769983203,"Decreasing Batt Cap - Benchmark Chemistry"
2028,"ON",683.849059361873,"Decreasing Batt Cap - Benchmark Chemistry"
2028,"OR",586.662276489112,"Decreasing Batt Cap - Benchmark Chemistry"
2028,"PA",826.421578032742,"Decreasing Batt Cap - Benchmark Chemistry"
2028,"PE",2.24544878355655,"Decreasing Batt Cap - Benchmark Chemistry"
2028,"QC",767.161504277026,"Decreasing Batt Cap - Benchmark Chemistry"
2028,"RI",74.4059101997659,"Decreasing Batt Cap - Benchmark Chemistry"
2028,"SC",290.673403948541,"Decreasing Batt Cap - Benchmark Chemistry"
2028,"SD",50.2546360788603,"Decreasing Batt Cap - Benchmark Chemistry"
2028,"SK",32.190821642111,"Decreasing Batt Cap - Benchmark Chemistry"
2028,"TN",439.096033207078,"Decreasing Batt Cap - Benchmark Chemistry"
2028,"TX",2109.06550800621,"Decreasing Batt Cap - Benchmark Chemistry"
2028,"UT",314.413006837803,"Decreasing Batt Cap - Benchmark Chemistry"
2028,"VA",663.768880424644,"Decreasing Batt Cap - Benchmark Chemistry"
2028,"VT",64.1571908485293,"Decreasing Batt Cap - Benchmark Chemistry"
2028,"WA",1157.44947922576,"Decreasing Batt Cap - Benchmark Chemistry"
2028,"WI",377.05513441027,"Decreasing Batt Cap - Benchmark Chemistry"
2028,"WV",85.4603764671244,"Decreasing Batt Cap - Benchmark Chemistry"
2028,"WY",36.4320996376767,"Decreasing Batt Cap - Benchmark Chemistry"
2028,"YT",0,"Decreasing Batt Cap - Benchmark Chemistry"
2029,"AB",198.463453834319,"Decreasing Batt Cap - Benchmark Chemistry"
2029,"AK",82.6541078590903,"Decreasing Batt Cap - Benchmark Chemistry"
2029,"AL",460.471379649912,"Decreasing Batt Cap - Benchmark Chemistry"
2029,"AR",260.389746039278,"Decreasing Batt Cap - Benchmark Chemistry"
2029,"AZ",1134.89555981258,"Decreasing Batt Cap - Benchmark Chemistry"
2029,"BC",809.887989454005,"Decreasing Batt Cap - Benchmark Chemistry"
2029,"CA",12427.7186005403,"Decreasing Batt Cap - Benchmark Chemistry"
2029,"CO",1045.77824001011,"Decreasing Batt Cap - Benchmark Chemistry"
2029,"CT",492.760084768867,"Decreasing Batt Cap - Benchmark Chemistry"
2029,"DC",110.387186044391,"Decreasing Batt Cap - Benchmark Chemistry"
2029,"DE",122.686313176373,"Decreasing Batt Cap - Benchmark Chemistry"
2029,"FL",3059.84539141139,"Decreasing Batt Cap - Benchmark Chemistry"
2029,"GA",1834.22001783845,"Decreasing Batt Cap - Benchmark Chemistry"
2029,"HI",395.757090355593,"Decreasing Batt Cap - Benchmark Chemistry"
2029,"IA",306.792643002662,"Decreasing Batt Cap - Benchmark Chemistry"
2029,"ID",202.119201199506,"Decreasing Batt Cap - Benchmark Chemistry"
2029,"IL",1570.11689976372,"Decreasing Batt Cap - Benchmark Chemistry"
2029,"IN",687.943406771409,"Decreasing Batt Cap - Benchmark Chemistry"
2029,"KS",295.798369558173,"Decreasing Batt Cap - Benchmark Chemistry"
2029,"KY",412.391725803451,"Decreasing Batt Cap - Benchmark Chemistry"
2029,"LA",396.768383390364,"Decreasing Batt Cap - Benchmark Chemistry"
2029,"MA",1006.30782887622,"Decreasing Batt Cap - Benchmark Chemistry"
2029,"MB",58.4563607120336,"Decreasing Batt Cap - Benchmark Chemistry"
2029,"MD",885.16419717611,"Decreasing Batt Cap - Benchmark Chemistry"
2029,"ME",151.460850355507,"Decreasing Batt Cap - Benchmark Chemistry"
2029,"MI",1056.8422583614,"Decreasing Batt Cap - Benchmark Chemistry"
2029,"MN",663.694172975011,"Decreasing Batt Cap - Benchmark Chemistry"
2029,"MO",639.661592632307,"Decreasing Batt Cap - Benchmark Chemistry"
2029,"MS",248.818814099581,"Decreasing Batt Cap - Benchmark Chemistry"
2029,"MT",111.201896767883,"Decreasing Batt Cap - Benchmark Chemistry"
2029,"MX",605.785225889592,"Decreasing Batt Cap - Benchmark Chemistry"
2029,"NB",37.5744252246441,"Decreasing Batt Cap - Benchmark Chemistry"
2029,"NC",1196.04786736887,"Decreasing Batt Cap - Benchmark Chemistry"
2029,"ND",72.6326162898871,"Decreasing Batt Cap - Benchmark Chemistry"
2029,"NE",196.070394668224,"Decreasing Batt Cap - Benchmark Chemistry"
2029,"NH",162.428340274515,"Decreasing Batt Cap - Benchmark Chemistry"
2029,"NJ",1351.83270438614,"Decreasing Batt Cap - Benchmark Chemistry"
2029,"NL",19.3427068870247,"Decreasing Batt Cap - Benchmark Chemistry"
2029,"NM",220.478813421035,"Decreasing Batt Cap - Benchmark Chemistry"
2029,"NS",41.9632850189523,"Decreasing Batt Cap - Benchmark Chemistry"
2029,"NT",0,"Decreasing Batt Cap - Benchmark Chemistry"
2029,"NU",0,"Decreasing Batt Cap - Benchmark Chemistry"
2029,"NV",486.1662292437,"Decreasing Batt Cap - Benchmark Chemistry"
2029,"NY",2291.31589537125,"Decreasing Batt Cap - Benchmark Chemistry"
2029,"OH",1225.76865132855,"Decreasing Batt Cap - Benchmark Chemistry"
2029,"OK",412.971223311942,"Decreasing Batt Cap - Benchmark Chemistry"
2029,"ON",1073.66235284788,"Decreasing Batt Cap - Benchmark Chemistry"
2029,"OR",945.558731699125,"Decreasing Batt Cap - Benchmark Chemistry"
2029,"PA",1424.50222406722,"Decreasing Batt Cap - Benchmark Chemistry"
2029,"PE",7.5944918420972,"Decreasing Batt Cap - Benchmark Chemistry"
2029,"QC",1206.94812808727,"Decreasing Batt Cap - Benchmark Chemistry"
2029,"RI",122.166431980165,"Decreasing Batt Cap - Benchmark Chemistry"
2029,"SC",516.477018616663,"Decreasing Batt Cap - Benchmark Chemistry"
2029,"SD",88.1570483722322,"Decreasing Batt Cap - Benchmark Chemistry"
2029,"SK",47.046010987994,"Decreasing Batt Cap - Benchmark Chemistry"
2029,"TN",766.97115094215,"Decreasing Batt Cap - Benchmark Chemistry"
2029,"TX",3625.19668865255,"Decreasing Batt Cap - Benchmark Chemistry"
2029,"UT",516.451930108143,"Decreasing Batt Cap - Benchmark Chemistry"
2029,"VA",1142.15608666649,"Decreasing Batt Cap - Benchmark Chemistry"
2029,"VT",101.19781817735,"Decreasing Batt Cap - Benchmark Chemistry"
2029,"WA",1873.81361973479,"Decreasing Batt Cap - Benchmark Chemistry"
2029,"WI",652.122252246746,"Decreasing Batt Cap - Benchmark Chemistry"
2029,"WV",147.625487689197,"Decreasing Batt Cap - Benchmark Chemistry"
2029,"WY",59.8183057267496,"Decreasing Batt Cap - Benchmark Chemistry"
2029,"YT",0,"Decreasing Batt Cap - Benchmark Chemistry"
2030,"AB",308.968134934796,"Decreasing Batt Cap - Benchmark Chemistry"
2030,"AK",125.293337387884,"Decreasing Batt Cap - Benchmark Chemistry"
2030,"AL",764.238062984293,"Decreasing Batt Cap - Benchmark Chemistry"
2030,"AR",437.846135853879,"Decreasing Batt Cap - Benchmark Chemistry"
2030,"AZ",1811.47917215121,"Decreasing Batt Cap - Benchmark Chemistry"
2030,"BC",1239.48144251637,"Decreasing Batt Cap - Benchmark Chemistry"
2030,"CA",18714.1479277949,"Decreasing Batt Cap - Benchmark Chemistry"
2030,"CO",1649.94195661693,"Decreasing Batt Cap - Benchmark Chemistry"
2030,"CT",785.659642248761,"Decreasing Batt Cap - Benchmark Chemistry"
2030,"DC",171.79214590832,"Decreasing Batt Cap - Benchmark Chemistry"
2030,"DE",195.423543345485,"Decreasing Batt Cap - Benchmark Chemistry"
2030,"FL",4911.6244311312,"Decreasing Batt Cap - Benchmark Chemistry"
2030,"GA",2785.12341224499,"Decreasing Batt Cap - Benchmark Chemistry"
2030,"HI",602.522174575755,"Decreasing Batt Cap - Benchmark Chemistry"
2030,"IA",497.873816845482,"Decreasing Batt Cap - Benchmark Chemistry"
2030,"ID",338.46311779709,"Decreasing Batt Cap - Benchmark Chemistry"
2030,"IL",2530.53986025437,"Decreasing Batt Cap - Benchmark Chemistry"
2030,"IN",1144.4336027451,"Decreasing Batt Cap - Benchmark Chemistry"
2030,"KS",491.528191063215,"Decreasing Batt Cap - Benchmark Chemistry"
2030,"KY",676.375445411348,"Decreasing Batt Cap - Benchmark Chemistry"
2030,"LA",664.726263662012,"Decreasing Batt Cap - Benchmark Chemistry"
2030,"MA",1621.07961408851,"Decreasing Batt Cap - Benchmark Chemistry"
2030,"MB",86.5833150314477,"Decreasing Batt Cap - Benchmark Chemistry"
2030,"MD",1425.41659547714,"Decreasing Batt Cap - Benchmark Chemistry"
2030,"ME",235.800692382689,"Decreasing Batt Cap - Benchmark Chemistry"
2030,"MI",1726.18555515463,"Decreasing Batt Cap - Benchmark Chemistry"
2030,"MN",1073.45954267342,"Decreasing Batt Cap - Benchmark Chemistry"
2030,"MO",1052.77683354042,"Decreasing Batt Cap - Benchmark Chemistry"
2030,"MS",413.86072977129,"Decreasing Batt Cap - Benchmark Chemistry"
2030,"MT",176.737151336651,"Decreasing Batt Cap - Benchmark Chemistry"
2030,"MX",1067.72448079222,"Decreasing Batt Cap - Benchmark Chemistry"
2030,"NB",53.9327748440543,"Decreasing Batt Cap - Benchmark Chemistry"
2030,"NC",1955.05086264533,"Decreasing Batt Cap - Benchmark Chemistry"
2030,"ND",118.551112384241,"Decreasing Batt Cap - Benchmark Chemistry"
2030,"NE",323.435557259409,"Decreasing Batt Cap - Benchmark Chemistry"
2030,"NH",264.902239102934,"Decreasing Batt Cap - Benchmark Chemistry"
2030,"NJ",2161.87097700028,"Decreasing Batt Cap - Benchmark Chemistry"
2030,"NL",31.0010781346977,"Decreasing Batt Cap - Benchmark Chemistry"
2030,"NM",361.507282905384,"Decreasing Batt Cap - Benchmark Chemistry"
2030,"NS",62.2040015460759,"Decreasing Batt Cap - Benchmark Chemistry"
2030,"NT",0,"Decreasing Batt Cap - Benchmark Chemistry"
2030,"NU",0,"Decreasing Batt Cap - Benchmark Chemistry"
2030,"NV",783.597096242332,"Decreasing Batt Cap - Benchmark Chemistry"
2030,"NY",3713.25722765243,"Decreasing Batt Cap - Benchmark Chemistry"
2030,"OH",2018.33701771783,"Decreasing Batt Cap - Benchmark Chemistry"
2030,"OK",693.20994672337,"Decreasing Batt Cap - Benchmark Chemistry"
2030,"ON",1664.14449377226,"Decreasing Batt Cap - Benchmark Chemistry"
2030,"OR",1451.75748156472,"Decreasing Batt Cap - Benchmark Chemistry"
2030,"PA",2328.86064166746,"Decreasing Batt Cap - Benchmark Chemistry"
2030,"PE",12.0083517047879,"Decreasing Batt Cap - Benchmark Chemistry"
2030,"QC",1829.38028611731,"Decreasing Batt Cap - Benchmark Chemistry"
2030,"RI",189.787851501279,"Decreasing Batt Cap - Benchmark Chemistry"
2030,"SC",856.08103155734,"Decreasing Batt Cap - Benchmark Chemistry"
2030,"SD",136.152974746572,"Decreasing Batt Cap - Benchmark Chemistry"
2030,"SK",66.5245003975529,"Decreasing Batt Cap - Benchmark Chemistry"
2030,"TN",1254.03665477679,"Decreasing Batt Cap - Benchmark Chemistry"
2030,"TX",5897.45177849983,"Decreasing Batt Cap - Benchmark Chemistry"
2030,"UT",832.918368318052,"Decreasing Batt Cap - Benchmark Chemistry"
2030,"VA",1835.5230927073,"Decreasing Batt Cap - Benchmark Chemistry"
2030,"VT",159.103930368937,"Decreasing Batt Cap - Benchmark Chemistry"
2030,"WA",2885.14678378856,"Decreasing Batt Cap - Benchmark Chemistry"
2030,"WI",1052.09745362651,"Decreasing Batt Cap - Benchmark Chemistry"
2030,"WV",252.684338099645,"Decreasing Batt Cap - Benchmark Chemistry"
2030,"WY",90.6713743466953,"Decreasing Batt Cap - Benchmark Chemistry"
2030,"YT",0,"Decreasing Batt Cap - Benchmark Chemistry"
2031,"AB",475.829465961674,"Decreasing Batt Cap - Benchmark Chemistry"
2031,"AK",190.947548927525,"Decreasing Batt Cap - Benchmark Chemistry"
2031,"AL",1216.46391315371,"Decreasing Batt Cap - Benchmark Chemistry"
2031,"AR",695.033229684985,"Decreasing Batt Cap - Benchmark Chemistry"
2031,"AZ",2824.47883843183,"Decreasing Batt Cap - Benchmark Chemistry"
2031,"BC",1887.68143278214,"Decreasing Batt Cap - Benchmark Chemistry"
2031,"CA",27835.772640927,"Decreasing Batt Cap - Benchmark Chemistry"
2031,"CO",2558.72238085127,"Decreasing Batt Cap - Benchmark Chemistry"
2031,"CT",1217.53577802425,"Decreasing Batt Cap - Benchmark Chemistry"
2031,"DC",257.818810642828,"Decreasing Batt Cap - Benchmark Chemistry"
2031,"DE",306.63050432012,"Decreasing Batt Cap - Benchmark Chemistry"
2031,"FL",7663.17802563579,"Decreasing Batt Cap - Benchmark Chemistry"
2031,"GA",4106.55469047298,"Decreasing Batt Cap - Benchmark Chemistry"
2031,"HI",892.75801952074,"Decreasing Batt Cap - Benchmark Chemistry"
2031,"IA",795.047111291749,"Decreasing Batt Cap - Benchmark Chemistry"
2031,"ID",530.162277712747,"Decreasing Batt Cap - Benchmark Chemistry"
2031,"IL",3937.86900559533,"Decreasing Batt Cap - Benchmark Chemistry"
2031,"IN",1788.39001809921,"Decreasing Batt Cap - Benchmark Chemistry"
2031,"KS",770.250772990014,"Decreasing Batt Cap - Benchmark Chemistry"
2031,"KY",1073.55198110685,"Decreasing Batt Cap - Benchmark Chemistry"
2031,"LA",1050.27165929451,"Decreasing Batt Cap - Benchmark Chemistry"
2031,"MA",2523.95836039157,"Decreasing Batt Cap - Benchmark Chemistry"
2031,"MB",116.726602075843,"Decreasing Batt Cap - Benchmark Chemistry"
2031,"MD",2225.00079206917,"Decreasing Batt Cap - Benchmark Chemistry"
2031,"ME",382.008019641701,"Decreasing Batt Cap - Benchmark Chemistry"
2031,"MI",2683.85764443464,"Decreasing Batt Cap - Benchmark Chemistry"
2031,"MN",1708.23841307574,"Decreasing Batt Cap - Benchmark Chemistry"
2031,"MO",1651.03360488814,"Decreasing Batt Cap - Benchmark Chemistry"
2031,"MS",653.727240500825,"Decreasing Batt Cap - Benchmark Chemistry"
2031,"MT",276.660219774683,"Decreasing Batt Cap - Benchmark Chemistry"
2031,"MX",1774.11396932405,"Decreasing Batt Cap - Benchmark Chemistry"
2031,"NB",70.2647025943591,"Decreasing Batt Cap - Benchmark Chemistry"
2031,"NC",3070.14579792496,"Decreasing Batt Cap - Benchmark Chemistry"
2031,"ND",180.437738791981,"Decreasing Batt Cap - Benchmark Chemistry"
2031,"NE",512.470892406276,"Decreasing Batt Cap - Benchmark Chemistry"
2031,"NH",417.097135780099,"Decreasing Batt Cap - Benchmark Chemistry"
2031,"NJ",3397.94484922953,"Decreasing Batt Cap - Benchmark Chemistry"
2031,"NL",48.1122045105769,"Decreasing Batt Cap - Benchmark Chemistry"
2031,"NM",576.242134298445,"Decreasing Batt Cap - Benchmark Chemistry"
2031,"NS",88.621027936035,"Decreasing Batt Cap - Benchmark Chemistry"
2031,"NT",0,"Decreasing Batt Cap - Benchmark Chemistry"
2031,"NU",0,"Decreasing Batt Cap - Benchmark Chemistry"
2031,"NV",1216.95854058749,"Decreasing Batt Cap - Benchmark Chemistry"
2031,"NY",5787.88070968255,"Decreasing Batt Cap - Benchmark Chemistry"
2031,"OH",3158.9803833498,"Decreasing Batt Cap - Benchmark Chemistry"
2031,"OK",1106.51733443713,"Decreasing Batt Cap - Benchmark Chemistry"
2031,"ON",2540.5149673182,"Decreasing Batt Cap - Benchmark Chemistry"
2031,"OR",2197.92714908997,"Decreasing Batt Cap - Benchmark Chemistry"
2031,"PA",3651.78772569583,"Decreasing Batt Cap - Benchmark Chemistry"
2031,"PE",17.396076244741,"Decreasing Batt Cap - Benchmark Chemistry"
2031,"QC",2803.59486431185,"Decreasing Batt Cap - Benchmark Chemistry"
2031,"RI",300.866347071298,"Decreasing Batt Cap - Benchmark Chemistry"
2031,"SC",1367.61667605123,"Decreasing Batt Cap - Benchmark Chemistry"
2031,"SD",213.455864278076,"Decreasing Batt Cap - Benchmark Chemistry"
2031,"SK",96.612874205986,"Decreasing Batt Cap - Benchmark Chemistry"
2031,"TN",1952.19429361482,"Decreasing Batt Cap - Benchmark Chemistry"
2031,"TX",9204.72154648103,"Decreasing Batt Cap - Benchmark Chemistry"
2031,"UT",1293.75142876509,"Decreasing Batt Cap - Benchmark Chemistry"
2031,"VA",2887.94338717985,"Decreasing Batt Cap - Benchmark Chemistry"
2031,"VT",243.82114277343,"Decreasing Batt Cap - Benchmark Chemistry"
2031,"WA",4391.17648332078,"Decreasing Batt Cap - Benchmark Chemistry"
2031,"WI",1636.21695412293,"Decreasing Batt Cap - Benchmark Chemistry"
2031,"WV",380.601275791269,"Decreasing Batt Cap - Benchmark Chemistry"
2031,"WY",139.029815800556,"Decreasing Batt Cap - Benchmark Chemistry"
2031,"YT",2.84473335341876,"Decreasing Batt Cap - Benchmark Chemistry"
2032,"AB",702.981509070709,"Decreasing Batt Cap - Benchmark Chemistry"
2032,"AK",284.406943260508,"Decreasing Batt Cap - Benchmark Chemistry"
2032,"AL",1830.92342339835,"Decreasing Batt Cap - Benchmark Chemistry"
2032,"AR",1036.05483318483,"Decreasing Batt Cap - Benchmark Chemistry"
2032,"AZ",4147.63415008488,"Decreasing Batt Cap - Benchmark Chemistry"
2032,"BC",2807.34452895229,"Decreasing Batt Cap - Benchmark Chemistry"
2032,"CA",39057.0949506683,"Decreasing Batt Cap - Benchmark Chemistry"
2032,"CO",3747.39685429128,"Decreasing Batt Cap - Benchmark Chemistry"
2032,"CT",1788.24393367939,"Decreasing Batt Cap - Benchmark Chemistry"
2032,"DC",382.65763944437,"Decreasing Batt Cap - Benchmark Chemistry"
2032,"DE",458.118216985807,"Decreasing Batt Cap - Benchmark Chemistry"
2032,"FL",11308.5249427434,"Decreasing Batt Cap - Benchmark Chemistry"
2032,"GA",5763.88360031602,"Decreasing Batt Cap - Benchmark Chemistry"
2032,"HI",1236.5869775373,"Decreasing Batt Cap - Benchmark Chemistry"
2032,"IA",1189.31696188979,"Decreasing Batt Cap - Benchmark Chemistry"
2032,"ID",806.751632722988,"Decreasing Batt Cap - Benchmark Chemistry"
2032,"IL",5774.3262245892,"Decreasing Batt Cap - Benchmark Chemistry"
2032,"IN",2665.1709358333,"Decreasing Batt Cap - Benchmark Chemistry"
2032,"KS",1155.14395614749,"Decreasing Batt Cap - Benchmark Chemistry"
2032,"KY",1628.5495753787,"Decreasing Batt Cap - Benchmark Chemistry"
2032,"LA",1585.72186124343,"Decreasing Batt Cap - Benchmark Chemistry"
2032,"MA",3708.23034707448,"Decreasing Batt Cap - Benchmark Chemistry"
2032,"MB",172.29602699925,"Decreasing Batt Cap - Benchmark Chemistry"
2032,"MD",3272.04431744878,"Decreasing Batt Cap - Benchmark Chemistry"
2032,"ME",567.876642673227,"Decreasing Batt Cap - Benchmark Chemistry"
2032,"MI",3973.19168605641,"Decreasing Batt Cap - Benchmark Chemistry"
2032,"MN",2536.26780316854,"Decreasing Batt Cap - Benchmark Chemistry"
2032,"MO",2443.86728617558,"Decreasing Batt Cap - Benchmark Chemistry"
2032,"MS",985.802335543281,"Decreasing Batt Cap - Benchmark Chemistry"
2032,"MT",421.968290736572,"Decreasing Batt Cap - Benchmark Chemistry"
2032,"MX",2855.02441198971,"Decreasing Batt Cap - Benchmark Chemistry"
2032,"NB",105.750399781253,"Decreasing Batt Cap - Benchmark Chemistry"
2032,"NC",4574.07268629597,"Decreasing Batt Cap - Benchmark Chemistry"
2032,"ND",280.348341598149,"Decreasing Batt Cap - Benchmark Chemistry"
2032,"NE",760.74400496765,"Decreasing Batt Cap - Benchmark Chemistry"
2032,"NH",630.388709534142,"Decreasing Batt Cap - Benchmark Chemistry"
2032,"NJ",5019.07078210494,"Decreasing Batt Cap - Benchmark Chemistry"
2032,"NL",62.7757107909702,"Decreasing Batt Cap - Benchmark Chemistry"
2032,"NM",863.174346178292,"Decreasing Batt Cap - Benchmark Chemistry"
2032,"NS",124.894688775988,"Decreasing Batt Cap - Benchmark Chemistry"
2032,"NT",1.95426569627654,"Decreasing Batt Cap - Benchmark Chemistry"
2032,"NU",0,"Decreasing Batt Cap - Benchmark Chemistry"
2032,"NV",1803.9382790659,"Decreasing Batt Cap - Benchmark Chemistry"
2032,"NY",8549.40343694773,"Decreasing Batt Cap - Benchmark Chemistry"
2032,"OH",4700.14962503175,"Decreasing Batt Cap - Benchmark Chemistry"
2032,"OK",1650.48032137092,"Decreasing Batt Cap - Benchmark Chemistry"
2032,"ON",3689.39107355273,"Decreasing Batt Cap - Benchmark Chemistry"
2032,"OR",3117.70077211438,"Decreasing Batt Cap - Benchmark Chemistry"
2032,"PA",5415.81325530375,"Decreasing Batt Cap - Benchmark Chemistry"
2032,"PE",22.4699365111636,"Decreasing Batt Cap - Benchmark Chemistry"
2032,"QC",4130.85994272268,"Decreasing Batt Cap - Benchmark Chemistry"
2032,"RI",452.187799669558,"Decreasing Batt Cap - Benchmark Chemistry"
2032,"SC",2039.09696465335,"Decreasing Batt Cap - Benchmark Chemistry"
2032,"SD",321.727133692475,"Decreasing Batt Cap - Benchmark Chemistry"
2032,"SK",135.171775686298,"Decreasing Batt Cap - Benchmark Chemistry"
2032,"TN",2875.77996794414,"Decreasing Batt Cap - Benchmark Chemistry"
2032,"TX",13675.7151107412,"Decreasing Batt Cap - Benchmark Chemistry"
2032,"UT",1899.4261769304,"Decreasing Batt Cap - Benchmark Chemistry"
2032,"VA",4289.24915765146,"Decreasing Batt Cap - Benchmark Chemistry"
2032,"VT",353.192847864759,"Decreasing Batt Cap - Benchmark Chemistry"
2032,"WA",6233.25024220656,"Decreasing Batt Cap - Benchmark Chemistry"
2032,"WI",2394.58125409811,"Decreasing Batt Cap - Benchmark Chemistry"
2032,"WV",587.466537483677,"Decreasing Batt Cap - Benchmark Chemistry"
2032,"WY",200.345774606264,"Decreasing Batt Cap - Benchmark Chemistry"
2032,"YT",5.61960890439317,"Decreasing Batt Cap - Benchmark Chemistry"
2033,"AB",1004.26971498687,"Decreasing Batt Cap - Benchmark Chemistry"
2033,"AK",409.058627768504,"Decreasing Batt Cap - Benchmark Chemistry"
2033,"AL",2643.31846448689,"Decreasing Batt Cap - Benchmark Chemistry"
2033,"AR",1517.61678965741,"Decreasing Batt Cap - Benchmark Chemistry"
2033,"AZ",5902.69486808103,"Decreasing Batt Cap - Benchmark Chemistry"
2033,"BC",3939.18632223668,"Decreasing Batt Cap - Benchmark Chemistry"
2033,"CA",52566.4879945097,"Decreasing Batt Cap - Benchmark Chemistry"
2033,"CO",5275.8075333756,"Decreasing Batt Cap - Benchmark Chemistry"
2033,"CT",2502.33348726281,"Decreasing Batt Cap - Benchmark Chemistry"
2033,"DC",536.359895600655,"Decreasing Batt Cap - Benchmark Chemistry"
2033,"DE",670.316540980228,"Decreasing Batt Cap - Benchmark Chemistry"
2033,"FL",16147.0408323831,"Decreasing Batt Cap - Benchmark Chemistry"
2033,"GA",7907.85391368335,"Decreasing Batt Cap - Benchmark Chemistry"
2033,"HI",1647.49707007731,"Decreasing Batt Cap - Benchmark Chemistry"
2033,"IA",1712.7071211766,"Decreasing Batt Cap - Benchmark Chemistry"
2033,"ID",1160.68350224526,"Decreasing Batt Cap - Benchmark Chemistry"
2033,"IL",8164.29141807015,"Decreasing Batt Cap - Benchmark Chemistry"
2033,"IN",3825.63493731147,"Decreasing Batt Cap - Benchmark Chemistry"
2033,"KS",1661.98032200884,"Decreasing Batt Cap - Benchmark Chemistry"
2033,"KY",2353.01174421703,"Decreasing Batt Cap - Benchmark Chemistry"
2033,"LA",2288.30510219693,"Decreasing Batt Cap - Benchmark Chemistry"
2033,"MA",5257.98324530303,"Decreasing Batt Cap - Benchmark Chemistry"
2033,"MB",238.974473320124,"Decreasing Batt Cap - Benchmark Chemistry"
2033,"MD",4651.3268687677,"Decreasing Batt Cap - Benchmark Chemistry"
2033,"ME",819.326489030672,"Decreasing Batt Cap - Benchmark Chemistry"
2033,"MI",5670.38211927625,"Decreasing Batt Cap - Benchmark Chemistry"
2033,"MN",3641.26963777878,"Decreasing Batt Cap - Benchmark Chemistry"
2033,"MO",3495.65508216055,"Decreasing Batt Cap - Benchmark Chemistry"
2033,"MS",1426.84224507679,"Decreasing Batt Cap - Benchmark Chemistry"
2033,"MT",611.572900206854,"Decreasing Batt Cap - Benchmark Chemistry"
2033,"MX",4490.48586264839,"Decreasing Batt Cap - Benchmark Chemistry"
2033,"NB",147.368290839198,"Decreasing Batt Cap - Benchmark Chemistry"
2033,"NC",6576.09128803778,"Decreasing Batt Cap - Benchmark Chemistry"
2033,"ND",402.171315087589,"Decreasing Batt Cap - Benchmark Chemistry"
2033,"NE",1089.43348254606,"Decreasing Batt Cap - Benchmark Chemistry"
2033,"NH",900.935305651114,"Decreasing Batt Cap - Benchmark Chemistry"
2033,"NJ",7176.5212571505,"Decreasing Batt Cap - Benchmark Chemistry"
2033,"NL",80.4198074495224,"Decreasing Batt Cap - Benchmark Chemistry"
2033,"NM",1223.95530576373,"Decreasing Batt Cap - Benchmark Chemistry"
2033,"NS",174.302315157321,"Decreasing Batt Cap - Benchmark Chemistry"
2033,"NT",2.9257216970702,"Decreasing Batt Cap - Benchmark Chemistry"
2033,"NU",0,"Decreasing Batt Cap - Benchmark Chemistry"
2033,"NV",2573.06553385148,"Decreasing Batt Cap - Benchmark Chemistry"
2033,"NY",12157.4707513837,"Decreasing Batt Cap - Benchmark Chemistry"
2033,"OH",6744.60480359771,"Decreasing Batt Cap - Benchmark Chemistry"
2033,"OK",2381.93020995618,"Decreasing Batt Cap - Benchmark Chemistry"
2033,"ON",5070.78235445389,"Decreasing Batt Cap - Benchmark Chemistry"
2033,"OR",4274.38880601477,"Decreasing Batt Cap - Benchmark Chemistry"
2033,"PA",7775.2861218072,"Decreasing Batt Cap - Benchmark Chemistry"
2033,"PE",30.9809275930973,"Decreasing Batt Cap - Benchmark Chemistry"
2033,"QC",5747.55418208171,"Decreasing Batt Cap - Benchmark Chemistry"
2033,"RI",656.629477270431,"Decreasing Batt Cap - Benchmark Chemistry"
2033,"SC",2958.85329725303,"Decreasing Batt Cap - Benchmark Chemistry"
2033,"SD",456.949003696003,"Decreasing Batt Cap - Benchmark Chemistry"
2033,"SK",193.246748619153,"Decreasing Batt Cap - Benchmark Chemistry"
2033,"TN",4132.87787413048,"Decreasing Batt Cap - Benchmark Chemistry"
2033,"TX",19631.5835576538,"Decreasing Batt Cap - Benchmark Chemistry"
2033,"UT",2687.65470953475,"Decreasing Batt Cap - Benchmark Chemistry"
2033,"VA",6156.44524935563,"Decreasing Batt Cap - Benchmark Chemistry"
2033,"VT",509.380477152618,"Decreasing Batt Cap - Benchmark Chemistry"
2033,"WA",8526.52396215868,"Decreasing Batt Cap - Benchmark Chemistry"
2033,"WI",3392.41326520756,"Decreasing Batt Cap - Benchmark Chemistry"
2033,"WV",836.926355439869,"Decreasing Batt Cap - Benchmark Chemistry"
2033,"WY",292.751463450781,"Decreasing Batt Cap - Benchmark Chemistry"
2033,"YT",11.3208704514424,"Decreasing Batt Cap - Benchmark Chemistry"
2034,"AB",1431.05180223473,"Decreasing Batt Cap - Benchmark Chemistry"
2034,"AK",567.369823892556,"Decreasing Batt Cap - Benchmark Chemistry"
2034,"AL",3731.3695501815,"Decreasing Batt Cap - Benchmark Chemistry"
2034,"AR",2138.12585767493,"Decreasing Batt Cap - Benchmark Chemistry"
2034,"AZ",8227.69310430839,"Decreasing Batt Cap - Benchmark Chemistry"
2034,"BC",5449.42340354379,"Decreasing Batt Cap - Benchmark Chemistry"
2034,"CA",70147.1171017618,"Decreasing Batt Cap - Benchmark Chemistry"
2034,"CO",7331.24356841461,"Decreasing Batt Cap - Benchmark Chemistry"
2034,"CT",3476.28339821063,"Decreasing Batt Cap - Benchmark Chemistry"
2034,"DC",734.665170409917,"Decreasing Batt Cap - Benchmark Chemistry"
2034,"DE",948.808080533179,"Decreasing Batt Cap - Benchmark Chemistry"
2034,"FL",22689.9284643735,"Decreasing Batt Cap - Benchmark Chemistry"
2034,"GA",10725.299012056,"Decreasing Batt Cap - Benchmark Chemistry"
2034,"HI",2176.25273050178,"Decreasing Batt Cap - Benchmark Chemistry"
2034,"IA",2430.86912958766,"Decreasing Batt Cap - Benchmark Chemistry"
2034,"ID",1647.59563795161,"Decreasing Batt Cap - Benchmark Chemistry"
2034,"IL",11279.1565161538,"Decreasing Batt Cap - Benchmark Chemistry"
2034,"IN",5376.98158472109,"Decreasing Batt Cap - Benchmark Chemistry"
2034,"KS",2324.08817026197,"Decreasing Batt Cap - Benchmark Chemistry"
2034,"KY",3312.01265464471,"Decreasing Batt Cap - Benchmark Chemistry"
2034,"LA",3223.7334624482,"Decreasing Batt Cap - Benchmark Chemistry"
2034,"MA",7314.83073982003,"Decreasing Batt Cap - Benchmark Chemistry"
2034,"MB",333.505646018205,"Decreasing Batt Cap - Benchmark Chemistry"
2034,"MD",6485.98604370303,"Decreasing Batt Cap - Benchmark Chemistry"
2034,"ME",1138.22912496792,"Decreasing Batt Cap - Benchmark Chemistry"
2034,"MI",7940.15201976858,"Decreasing Batt Cap - Benchmark Chemistry"
2034,"MN",5094.09003210782,"Decreasing Batt Cap - Benchmark Chemistry"
2034,"MO",4884.50228631457,"Decreasing Batt Cap - Benchmark Chemistry"
2034,"MS",2005.82148788185,"Decreasing Batt Cap - Benchmark Chemistry"
2034,"MT",859.921281700293,"Decreasing Batt Cap - Benchmark Chemistry"
2034,"MX",6921.8227581558,"Decreasing Batt Cap - Benchmark Chemistry"
2034,"NB",212.477209135064,"Decreasing Batt Cap - Benchmark Chemistry"
2034,"NC",9238.68326201511,"Decreasing Batt Cap - Benchmark Chemistry"
2034,"ND",583.755286240878,"Decreasing Batt Cap - Benchmark Chemistry"
2034,"NE",1559.06421735131,"Decreasing Batt Cap - Benchmark Chemistry"
2034,"NH",1258.74472426144,"Decreasing Batt Cap - Benchmark Chemistry"
2034,"NJ",10067.8622733225,"Decreasing Batt Cap - Benchmark Chemistry"
2034,"NL",113.115979170361,"Decreasing Batt Cap - Benchmark Chemistry"
2034,"NM",1725.91124446356,"Decreasing Batt Cap - Benchmark Chemistry"
2034,"NS",253.319820991622,"Decreasing Batt Cap - Benchmark Chemistry"
2034,"NT",5.35651397139409,"Decreasing Batt Cap - Benchmark Chemistry"
2034,"NU",0,"Decreasing Batt Cap - Benchmark Chemistry"
2034,"NV",3614.59075194138,"Decreasing Batt Cap - Benchmark Chemistry"
2034,"NY",16918.6437472529,"Decreasing Batt Cap - Benchmark Chemistry"
2034,"OH",9443.99364451818,"Decreasing Batt Cap - Benchmark Chemistry"
2034,"OK",3332.99178543143,"Decreasing Batt Cap - Benchmark Chemistry"
2034,"ON",6885.42159052835,"Decreasing Batt Cap - Benchmark Chemistry"
2034,"OR",5737.81035825078,"Decreasing Batt Cap - Benchmark Chemistry"
2034,"PA",10906.9718442339,"Decreasing Batt Cap - Benchmark Chemistry"
2034,"PE",48.8967893410913,"Decreasing Batt Cap - Benchmark Chemistry"
2034,"QC",7906.52772899839,"Decreasing Batt Cap - Benchmark Chemistry"
2034,"RI",916.755054352535,"Decreasing Batt Cap - Benchmark Chemistry"
2034,"SC",4202.67998366127,"Decreasing Batt Cap - Benchmark Chemistry"
2034,"SD",659.549777349458,"Decreasing Batt Cap - Benchmark Chemistry"
2034,"SK",282.600245976607,"Decreasing Batt Cap - Benchmark Chemistry"
2034,"TN",5785.25634993967,"Decreasing Batt Cap - Benchmark Chemistry"
2034,"TX",27609.3939019527,"Decreasing Batt Cap - Benchmark Chemistry"
2034,"UT",3759.86257575239,"Decreasing Batt Cap - Benchmark Chemistry"
2034,"VA",8635.64226092067,"Decreasing Batt Cap - Benchmark Chemistry"
2034,"VT",704.484660892494,"Decreasing Batt Cap - Benchmark Chemistry"
2034,"WA",11489.6931879394,"Decreasing Batt Cap - Benchmark Chemistry"
2034,"WI",4720.97389868426,"Decreasing Batt Cap - Benchmark Chemistry"
2034,"WV",1178.0641832306,"Decreasing Batt Cap - Benchmark Chemistry"
2034,"WY",410.464914275918,"Decreasing Batt Cap - Benchmark Chemistry"
2034,"YT",15.4964186974336,"Decreasing Batt Cap - Benchmark Chemistry"
2035,"AB",2039.27460321837,"Decreasing Batt Cap - Benchmark Chemistry"
2035,"AK",777.111094948577,"Decreasing Batt Cap - Benchmark Chemistry"
2035,"AL",5136.97000271022,"Decreasing Batt Cap - Benchmark Chemistry"
2035,"AR",2946.88234982574,"Decreasing Batt Cap - Benchmark Chemistry"
2035,"AZ",11222.3404607141,"Decreasing Batt Cap - Benchmark Chemistry"
2035,"BC",7496.28797559923,"Decreasing Batt Cap - Benchmark Chemistry"
2035,"CA",93216.81891391,"Decreasing Batt Cap - Benchmark Chemistry"
2035,"CO",10032.2415816555,"Decreasing Batt Cap - Benchmark Chemistry"
2035,"CT",4708.58122792487,"Decreasing Batt Cap - Benchmark Chemistry"
2035,"DC",1002.14141358716,"Decreasing Batt Cap - Benchmark Chemistry"
2035,"DE",1316.5584042038,"Decreasing Batt Cap - Benchmark Chemistry"
2035,"FL",31246.1684432691,"Decreasing Batt Cap - Benchmark Chemistry"
2035,"GA",14419.3485943085,"Decreasing Batt Cap - Benchmark Chemistry"
2035,"HI",2834.50678908713,"Decreasing Batt Cap - Benchmark Chemistry"
2035,"IA",3318.13859590289,"Decreasing Batt Cap - Benchmark Chemistry"
2035,"ID",2268.89957880414,"Decreasing Batt Cap - Benchmark Chemistry"
2035,"IL",15323.7435634765,"Decreasing Batt Cap - Benchmark Chemistry"
2035,"IN",7330.46253965099,"Decreasing Batt Cap - Benchmark Chemistry"
2035,"KS",3165.90309544628,"Decreasing Batt Cap - Benchmark Chemistry"
2035,"KY",4538.43904958294,"Decreasing Batt Cap - Benchmark Chemistry"
2035,"LA",4392.54641133972,"Decreasing Batt Cap - Benchmark Chemistry"
2035,"MA",9987.87969252657,"Decreasing Batt Cap - Benchmark Chemistry"
2035,"MB",479.815887190758,"Decreasing Batt Cap - Benchmark Chemistry"
2035,"MD",8904.35907715321,"Decreasing Batt Cap - Benchmark Chemistry"
2035,"ME",1573.37430562466,"Decreasing Batt Cap - Benchmark Chemistry"
2035,"MI",10856.9731716958,"Decreasing Batt Cap - Benchmark Chemistry"
2035,"MN",6948.32459581693,"Decreasing Batt Cap - Benchmark Chemistry"
2035,"MO",6694.08819903326,"Decreasing Batt Cap - Benchmark Chemistry"
2035,"MS",2754.95893851791,"Decreasing Batt Cap - Benchmark Chemistry"
2035,"MT",1186.26791306868,"Decreasing Batt Cap - Benchmark Chemistry"
2035,"MX",10518.9187357083,"Decreasing Batt Cap - Benchmark Chemistry"
2035,"NB",312.200318368819,"Decreasing Batt Cap - Benchmark Chemistry"
2035,"NC",12699.5296336522,"Decreasing Batt Cap - Benchmark Chemistry"
2035,"ND",794.852679572726,"Decreasing Batt Cap - Benchmark Chemistry"
2035,"NE",2117.218669784,"Decreasing Batt Cap - Benchmark Chemistry"
2035,"NH",1736.66450766107,"Decreasing Batt Cap - Benchmark Chemistry"
2035,"NJ",13878.749016743,"Decreasing Batt Cap - Benchmark Chemistry"
2035,"NL",166.00602370526,"Decreasing Batt Cap - Benchmark Chemistry"
2035,"NM",2358.55635002892,"Decreasing Batt Cap - Benchmark Chemistry"
2035,"NS",375.042059650122,"Decreasing Batt Cap - Benchmark Chemistry"
2035,"NT",9.45914369402589,"Decreasing Batt Cap - Benchmark Chemistry"
2035,"NU",0,"Decreasing Batt Cap - Benchmark Chemistry"
2035,"NV",4999.44075033958,"Decreasing Batt Cap - Benchmark Chemistry"
2035,"NY",22971.420029924,"Decreasing Batt Cap - Benchmark Chemistry"
2035,"OH",12882.272061367,"Decreasing Batt Cap - Benchmark Chemistry"
2035,"OK",4612.47782562952,"Decreasing Batt Cap - Benchmark Chemistry"
2035,"ON",9400.63613545969,"Decreasing Batt Cap - Benchmark Chemistry"
2035,"OR",7644.69186469712,"Decreasing Batt Cap - Benchmark Chemistry"
2035,"PA",14957.5721021947,"Decreasing Batt Cap - Benchmark Chemistry"
2035,"PE",67.6899968391452,"Decreasing Batt Cap - Benchmark Chemistry"
2035,"QC",10750.3821688951,"Decreasing Batt Cap - Benchmark Chemistry"
2035,"RI",1247.17687152991,"Decreasing Batt Cap - Benchmark Chemistry"
2035,"SC",5800.52063869621,"Decreasing Batt Cap - Benchmark Chemistry"
2035,"SD",903.997334342983,"Decreasing Batt Cap - Benchmark Chemistry"
2035,"SK",406.533179946584,"Decreasing Batt Cap - Benchmark Chemistry"
2035,"TN",7948.4876069324,"Decreasing Batt Cap - Benchmark Chemistry"
2035,"TX",38047.4051238108,"Decreasing Batt Cap - Benchmark Chemistry"
2035,"UT",5141.17728123779,"Decreasing Batt Cap - Benchmark Chemistry"
2035,"VA",11898.3850924396,"Decreasing Batt Cap - Benchmark Chemistry"
2035,"VT",961.287000373016,"Decreasing Batt Cap - Benchmark Chemistry"
2035,"WA",15294.5669496137,"Decreasing Batt Cap - Benchmark Chemistry"
2035,"WI",6401.71281323224,"Decreasing Batt Cap - Benchmark Chemistry"
2035,"WV",1626.29707547548,"Decreasing Batt Cap - Benchmark Chemistry"
2035,"WY",575.802395837262,"Decreasing Batt Cap - Benchmark Chemistry"
2035,"YT",20.3174568561216,"Decreasing Batt Cap - Benchmark Chemistry"
2036,"AB",2884.10563445448,"Decreasing Batt Cap - Benchmark Chemistry"
2036,"AK",1025.4142602725,"Decreasing Batt Cap - Benchmark Chemistry"
2036,"AL",6915.28158811806,"Decreasing Batt Cap - Benchmark Chemistry"
2036,"AR",3938.80153227333,"Decreasing Batt Cap - Benchmark Chemistry"
2036,"AZ",14901.986565639,"Decreasing Batt Cap - Benchmark Chemistry"
2036,"BC",9986.3230435714,"Decreasing Batt Cap - Benchmark Chemistry"
2036,"CA",121882.362803443,"Decreasing Batt Cap - Benchmark Chemistry"
2036,"CO",13407.3992710801,"Decreasing Batt Cap - Benchmark Chemistry"
2036,"CT",6232.97536022455,"Decreasing Batt Cap - Benchmark Chemistry"
2036,"DC",1327.98971986718,"Decreasing Batt Cap - Benchmark Chemistry"
2036,"DE",1783.43064543105,"Decreasing Batt Cap - Benchmark Chemistry"
2036,"FL",42023.9490537748,"Decreasing Batt Cap - Benchmark Chemistry"
2036,"GA",19157.2885353403,"Decreasing Batt Cap - Benchmark Chemistry"
2036,"HI",3606.57455396574,"Decreasing Batt Cap - Benchmark Chemistry"
2036,"IA",4451.81631002134,"Decreasing Batt Cap - Benchmark Chemistry"
2036,"ID",3086.94160004135,"Decreasing Batt Cap - Benchmark Chemistry"
2036,"IL",20359.6368553119,"Decreasing Batt Cap - Benchmark Chemistry"
2036,"IN",9817.95830105027,"Decreasing Batt Cap - Benchmark Chemistry"
2036,"KS",4222.95771862413,"Decreasing Batt Cap - Benchmark Chemistry"
2036,"KY",6088.65150372532,"Decreasing Batt Cap - Benchmark Chemistry"
2036,"LA",5866.02319743702,"Decreasing Batt Cap - Benchmark Chemistry"
2036,"MA",13298.0385515779,"Decreasing Batt Cap - Benchmark Chemistry"
2036,"MB",687.410815252782,"Decreasing Batt Cap - Benchmark Chemistry"
2036,"MD",11947.4915437388,"Decreasing Batt Cap - Benchmark Chemistry"
2036,"ME",2103.73787269588,"Decreasing Batt Cap - Benchmark Chemistry"
2036,"MI",14525.630713782,"Decreasing Batt Cap - Benchmark Chemistry"
2036,"MN",9304.86329746973,"Decreasing Batt Cap - Benchmark Chemistry"
2036,"MO",8930.76781265507,"Decreasing Batt Cap - Benchmark Chemistry"
2036,"MS",3690.01388301184,"Decreasing Batt Cap - Benchmark Chemistry"
2036,"MT",1605.91215075147,"Decreasing Batt Cap - Benchmark Chemistry"
2036,"MX",15728.4283583941,"Decreasing Batt Cap - Benchmark Chemistry"
2036,"NB",454.55340389501,"Decreasing Batt Cap - Benchmark Chemistry"
2036,"NC",17091.3773585539,"Decreasing Batt Cap - Benchmark Chemistry"
2036,"ND",1088.84753041841,"Decreasing Batt Cap - Benchmark Chemistry"
2036,"NE",2862.8554002576,"Decreasing Batt Cap - Benchmark Chemistry"
2036,"NH",2320.47143651532,"Decreasing Batt Cap - Benchmark Chemistry"
2036,"NJ",18696.9359356232,"Decreasing Batt Cap - Benchmark Chemistry"
2036,"NL",238.742374432949,"Decreasing Batt Cap - Benchmark Chemistry"
2036,"NM",3166.7058882235,"Decreasing Batt Cap - Benchmark Chemistry"
2036,"NS",537.277574421911,"Decreasing Batt Cap - Benchmark Chemistry"
2036,"NT",12.0798503550266,"Decreasing Batt Cap - Benchmark Chemistry"
2036,"NU",0,"Decreasing Batt Cap - Benchmark Chemistry"
2036,"NV",6727.26860297592,"Decreasing Batt Cap - Benchmark Chemistry"
2036,"NY",30454.1930836635,"Decreasing Batt Cap - Benchmark Chemistry"
2036,"OH",17189.4188924366,"Decreasing Batt Cap - Benchmark Chemistry"
2036,"OK",6231.59719702327,"Decreasing Batt Cap - Benchmark Chemistry"
2036,"ON",12696.0205896538,"Decreasing Batt Cap - Benchmark Chemistry"
2036,"OR",9968.48208216932,"Decreasing Batt Cap - Benchmark Chemistry"
2036,"PA",20082.4915365826,"Decreasing Batt Cap - Benchmark Chemistry"
2036,"PE",107.323038123216,"Decreasing Batt Cap - Benchmark Chemistry"
2036,"QC",14334.4764099972,"Decreasing Batt Cap - Benchmark Chemistry"
2036,"RI",1685.57438029546,"Decreasing Batt Cap - Benchmark Chemistry"
2036,"SC",7847.12893754777,"Decreasing Batt Cap - Benchmark Chemistry"
2036,"SD",1233.12153623349,"Decreasing Batt Cap - Benchmark Chemistry"
2036,"SK",585.695739424241,"Decreasing Batt Cap - Benchmark Chemistry"
2036,"TN",10657.8885737789,"Decreasing Batt Cap - Benchmark Chemistry"
2036,"TX",51332.5405187571,"Decreasing Batt Cap - Benchmark Chemistry"
2036,"UT",6872.09325187834,"Decreasing Batt Cap - Benchmark Chemistry"
2036,"VA",16000.0153530548,"Decreasing Batt Cap - Benchmark Chemistry"
2036,"VT",1269.07450637779,"Decreasing Batt Cap - Benchmark Chemistry"
2036,"WA",19982.9677613543,"Decreasing Batt Cap - Benchmark Chemistry"
2036,"WI",8542.00099873222,"Decreasing Batt Cap - Benchmark Chemistry"
2036,"WV",2154.19325807521,"Decreasing Batt Cap - Benchmark Chemistry"
2036,"WY",762.93235796425,"Decreasing Batt Cap - Benchmark Chemistry"
2036,"YT",29.4444195980591,"Decreasing Batt Cap - Benchmark Chemistry"
2037,"AB",4054.72733430687,"Decreasing Batt Cap - Benchmark Chemistry"
2037,"AK",1338.75021351171,"Decreasing Batt Cap - Benchmark Chemistry"
2037,"AL",9089.43658049094,"Decreasing Batt Cap - Benchmark Chemistry"
2037,"AR",5177.07114874348,"Decreasing Batt Cap - Benchmark Chemistry"
2037,"AZ",19184.8562654283,"Decreasing Batt Cap - Benchmark Chemistry"
2037,"BC",12737.119499407,"Decreasing Batt Cap - Benchmark Chemistry"
2037,"CA",153471.288142376,"Decreasing Batt Cap - Benchmark Chemistry"
2037,"CO",17361.7787197775,"Decreasing Batt Cap - Benchmark Chemistry"
2037,"CT",8030.88217052179,"Decreasing Batt Cap - Benchmark Chemistry"
2037,"DC",1685.3878638023,"Decreasing Batt Cap - Benchmark Chemistry"
2037,"DE",2358.31599654581,"Decreasing Batt Cap - Benchmark Chemistry"
2037,"FL",54686.0213427606,"Decreasing Batt Cap - Benchmark Chemistry"
2037,"GA",24851.6227011183,"Decreasing Batt Cap - Benchmark Chemistry"
2037,"HI",4485.65567246718,"Decreasing Batt Cap - Benchmark Chemistry"
2037,"IA",5845.25467814964,"Decreasing Batt Cap - Benchmark Chemistry"
2037,"ID",4071.22460047876,"Decreasing Batt Cap - Benchmark Chemistry"
2037,"IL",26271.0489900963,"Decreasing Batt Cap - Benchmark Chemistry"
2037,"IN",12819.3025533639,"Decreasing Batt Cap - Benchmark Chemistry"
2037,"KS",5515.56924399589,"Decreasing Batt Cap - Benchmark Chemistry"
2037,"KY",7985.41502468326,"Decreasing Batt Cap - Benchmark Chemistry"
2037,"LA",7655.01798609058,"Decreasing Batt Cap - Benchmark Chemistry"
2037,"MA",17197.3603166717,"Decreasing Batt Cap - Benchmark Chemistry"
2037,"MB",967.913381025827,"Decreasing Batt Cap - Benchmark Chemistry"
2037,"MD",15517.8626888857,"Decreasing Batt Cap - Benchmark Chemistry"
2037,"ME",2739.25205397829,"Decreasing Batt Cap - Benchmark Chemistry"
2037,"MI",18932.5198569654,"Decreasing Batt Cap - Benchmark Chemistry"
2037,"MN",12111.1463005964,"Decreasing Batt Cap - Benchmark Chemistry"
2037,"MO",11672.765274425,"Decreasing Batt Cap - Benchmark Chemistry"
2037,"MS",4866.93395492394,"Decreasing Batt Cap - Benchmark Chemistry"
2037,"MT",2106.40617219718,"Decreasing Batt Cap - Benchmark Chemistry"
2037,"MX",23101.7951895132,"Decreasing Batt Cap - Benchmark Chemistry"
2037,"NB",649.33528600898,"Decreasing Batt Cap - Benchmark Chemistry"
2037,"NC",22352.184990403,"Decreasing Batt Cap - Benchmark Chemistry"
2037,"ND",1443.67898601287,"Decreasing Batt Cap - Benchmark Chemistry"
2037,"NE",3762.55335124081,"Decreasing Batt Cap - Benchmark Chemistry"
2037,"NH",3026.3834472488,"Decreasing Batt Cap - Benchmark Chemistry"
2037,"NJ",24270.2178628363,"Decreasing Batt Cap - Benchmark Chemistry"
2037,"NL",351.116613269224,"Decreasing Batt Cap - Benchmark Chemistry"
2037,"NM",4126.30950582236,"Decreasing Batt Cap - Benchmark Chemistry"
2037,"NS",766.404391094221,"Decreasing Batt Cap - Benchmark Chemistry"
2037,"NT",19.6667107202436,"Decreasing Batt Cap - Benchmark Chemistry"
2037,"NU",0,"Decreasing Batt Cap - Benchmark Chemistry"
2037,"NV",8720.81735516776,"Decreasing Batt Cap - Benchmark Chemistry"
2037,"NY",39195.3554178565,"Decreasing Batt Cap - Benchmark Chemistry"
2037,"OH",22416.7029963445,"Decreasing Batt Cap - Benchmark Chemistry"
2037,"OK",8192.13596624941,"Decreasing Batt Cap - Benchmark Chemistry"
2037,"ON",16921.6106498485,"Decreasing Batt Cap - Benchmark Chemistry"
2037,"OR",12658.759013931,"Decreasing Batt Cap - Benchmark Chemistry"
2037,"PA",26235.396715612,"Decreasing Batt Cap - Benchmark Chemistry"
2037,"PE",148.219822599125,"Decreasing Batt Cap - Benchmark Chemistry"
2037,"QC",18669.4618765914,"Decreasing Batt Cap - Benchmark Chemistry"
2037,"RI",2191.26368801889,"Decreasing Batt Cap - Benchmark Chemistry"
2037,"SC",10355.4269083582,"Decreasing Batt Cap - Benchmark Chemistry"
2037,"SD",1634.71538638633,"Decreasing Batt Cap - Benchmark Chemistry"
2037,"SK",823.120072080665,"Decreasing Batt Cap - Benchmark Chemistry"
2037,"TN",13993.3469547031,"Decreasing Batt Cap - Benchmark Chemistry"
2037,"TX",67274.2931441682,"Decreasing Batt Cap - Benchmark Chemistry"
2037,"UT",8905.12690315403,"Decreasing Batt Cap - Benchmark Chemistry"
2037,"VA",20921.2815213262,"Decreasing Batt Cap - Benchmark Chemistry"
2037,"VT",1650.81015228893,"Decreasing Batt Cap - Benchmark Chemistry"
2037,"WA",25420.6262952324,"Decreasing Batt Cap - Benchmark Chemistry"
2037,"WI",11123.0110694592,"Decreasing Batt Cap - Benchmark Chemistry"
2037,"WV",2830.97994189153,"Decreasing Batt Cap - Benchmark Chemistry"
2037,"WY",1009.76712546992,"Decreasing Batt Cap - Benchmark Chemistry"
2037,"YT",36.562611378534,"Decreasing Batt Cap - Benchmark Chemistry"
2038,"AB",6139.50326074781,"Decreasing Batt Cap - Benchmark Chemistry"
2038,"AK",1798.98960723007,"Decreasing Batt Cap - Benchmark Chemistry"
2038,"AL",12475.3518615321,"Decreasing Batt Cap - Benchmark Chemistry"
2038,"AR",7036.86319854491,"Decreasing Batt Cap - Benchmark Chemistry"
2038,"AZ",24477.0097126714,"Decreasing Batt Cap - Benchmark Chemistry"
2038,"BC",14649.8454775416,"Decreasing Batt Cap - Benchmark Chemistry"
2038,"CA",194250.77215036,"Decreasing Batt Cap - Benchmark Chemistry"
2038,"CO",22398.6629942877,"Decreasing Batt Cap - Benchmark Chemistry"
2038,"CT",10303.9920908486,"Decreasing Batt Cap - Benchmark Chemistry"
2038,"DC",2084.69585635965,"Decreasing Batt Cap - Benchmark Chemistry"
2038,"DE",3156.56774524957,"Decreasing Batt Cap - Benchmark Chemistry"
2038,"FL",69904.5010866914,"Decreasing Batt Cap - Benchmark Chemistry"
2038,"GA",32493.2473246914,"Decreasing Batt Cap - Benchmark Chemistry"
2038,"HI",5421.17739614842,"Decreasing Batt Cap - Benchmark Chemistry"
2038,"IA",7978.87919250752,"Decreasing Batt Cap - Benchmark Chemistry"
2038,"ID",5615.05706618339,"Decreasing Batt Cap - Benchmark Chemistry"
2038,"IL",33658.1014607287,"Decreasing Batt Cap - Benchmark Chemistry"
2038,"IN",17304.6016453479,"Decreasing Batt Cap - Benchmark Chemistry"
2038,"KS",7456.44874663808,"Decreasing Batt Cap - Benchmark Chemistry"
2038,"KY",10903.2808319483,"Decreasing Batt Cap - Benchmark Chemistry"
2038,"LA",10373.2245856409,"Decreasing Batt Cap - Benchmark Chemistry"
2038,"MA",22124.0582105368,"Decreasing Batt Cap - Benchmark Chemistry"
2038,"MB",1484.27969605354,"Decreasing Batt Cap - Benchmark Chemistry"
2038,"MD",20070.2150658726,"Decreasing Batt Cap - Benchmark Chemistry"
2038,"ME",3626.05913949858,"Decreasing Batt Cap - Benchmark Chemistry"
2038,"MI",24878.5175709553,"Decreasing Batt Cap - Benchmark Chemistry"
2038,"MN",15987.1017025632,"Decreasing Batt Cap - Benchmark Chemistry"
2038,"MO",15606.0590084962,"Decreasing Batt Cap - Benchmark Chemistry"
2038,"MS",6773.16847694907,"Decreasing Batt Cap - Benchmark Chemistry"
2038,"MT",2847.52775124769,"Decreasing Batt Cap - Benchmark Chemistry"
2038,"MX",33244.3340925881,"Decreasing Batt Cap - Benchmark Chemistry"
2038,"NB",1002.93582424347,"Decreasing Batt Cap - Benchmark Chemistry"
2038,"NC",29643.7240982007,"Decreasing Batt Cap - Benchmark Chemistry"
2038,"ND",2035.35593322714,"Decreasing Batt Cap - Benchmark Chemistry"
2038,"NE",5151.62916831782,"Decreasing Batt Cap - Benchmark Chemistry"
2038,"NH",4002.10191554786,"Decreasing Batt Cap - Benchmark Chemistry"
2038,"NJ",30492.8605152716,"Decreasing Batt Cap - Benchmark Chemistry"
2038,"NL",563.994464288909,"Decreasing Batt Cap - Benchmark Chemistry"
2038,"NM",5516.63106524194,"Decreasing Batt Cap - Benchmark Chemistry"
2038,"NS",1165.76734953959,"Decreasing Batt Cap - Benchmark Chemistry"
2038,"NT",31.894053287273,"Decreasing Batt Cap - Benchmark Chemistry"
2038,"NU",0,"Decreasing Batt Cap - Benchmark Chemistry"
2038,"NV",10984.3747249877,"Decreasing Batt Cap - Benchmark Chemistry"
2038,"NY",49712.4226786112,"Decreasing Batt Cap - Benchmark Chemistry"
2038,"OH",30054.6202209037,"Decreasing Batt Cap - Benchmark Chemistry"
2038,"OK",10853.3044483466,"Decreasing Batt Cap - Benchmark Chemistry"
2038,"ON",22574.5738475904,"Decreasing Batt Cap - Benchmark Chemistry"
2038,"OR",16045.9588466415,"Decreasing Batt Cap - Benchmark Chemistry"
2038,"PA",35477.8465438676,"Decreasing Batt Cap - Benchmark Chemistry"
2038,"PE",220.836351630719,"Decreasing Batt Cap - Benchmark Chemistry"
2038,"QC",22121.1237181622,"Decreasing Batt Cap - Benchmark Chemistry"
2038,"RI",2862.34216823895,"Decreasing Batt Cap - Benchmark Chemistry"
2038,"SC",14202.9562679084,"Decreasing Batt Cap - Benchmark Chemistry"
2038,"SD",2259.43406901997,"Decreasing Batt Cap - Benchmark Chemistry"
2038,"SK",1339.21789027568,"Decreasing Batt Cap - Benchmark Chemistry"
2038,"TN",18893.5826306969,"Decreasing Batt Cap - Benchmark Chemistry"
2038,"TX",88828.6625051416,"Decreasing Batt Cap - Benchmark Chemistry"
2038,"UT",11481.7201598469,"Decreasing Batt Cap - Benchmark Chemistry"
2038,"VA",27472.1200497913,"Decreasing Batt Cap - Benchmark Chemistry"
2038,"VT",2084.06910318391,"Decreasing Batt Cap - Benchmark Chemistry"
2038,"WA",31508.0379187846,"Decreasing Batt Cap - Benchmark Chemistry"
2038,"WI",14887.2175780409,"Decreasing Batt Cap - Benchmark Chemistry"
2038,"WV",3857.3422201524,"Decreasing Batt Cap - Benchmark Chemistry"
2038,"WY",1415.43359426522,"Decreasing Batt Cap - Benchmark Chemistry"
2038,"YT",58.8735873952296,"Decreasing Batt Cap - Benchmark Chemistry"
2039,"AB",8401.30736848032,"Decreasing Batt Cap - Benchmark Chemistry"
2039,"AK",2266.94997781558,"Decreasing Batt Cap - Benchmark Chemistry"
2039,"AL",15987.5534310829,"Decreasing Batt Cap - Benchmark Chemistry"
2039,"AR",8993.47465660808,"Decreasing Batt Cap - Benchmark Chemistry"
2039,"AZ",29475.3746188212,"Decreasing Batt Cap - Benchmark Chemistry"
2039,"BC",15821.6492689002,"Decreasing Batt Cap - Benchmark Chemistry"
2039,"CA",220301.726979944,"Decreasing Batt Cap - Benchmark Chemistry"
2039,"CO",27000.9835527205,"Decreasing Batt Cap - Benchmark Chemistry"
2039,"CT",12479.5968569393,"Decreasing Batt Cap - Benchmark Chemistry"
2039,"DC",2431.60686545562,"Decreasing Batt Cap - Benchmark Chemistry"
2039,"DE",3940.8977571359,"Decreasing Batt Cap - Benchmark Chemistry"
2039,"FL",84660.1712352175,"Decreasing Batt Cap - Benchmark Chemistry"
2039,"GA",40034.4910155947,"Decreasing Batt Cap - Benchmark Chemistry"
2039,"HI",6231.46611088447,"Decreasing Batt Cap - Benchmark Chemistry"
2039,"IA",10178.4458318876,"Decreasing Batt Cap - Benchmark Chemistry"
2039,"ID",7188.25505143054,"Decreasing Batt Cap - Benchmark Chemistry"
2039,"IL",40885.3100725044,"Decreasing Batt Cap - Benchmark Chemistry"
2039,"IN",21836.7494587142,"Decreasing Batt Cap - Benchmark Chemistry"
2039,"KS",9428.86479416782,"Decreasing Batt Cap - Benchmark Chemistry"
2039,"KY",13914.5514817917,"Decreasing Batt Cap - Benchmark Chemistry"
2039,"LA",13216.7322882576,"Decreasing Batt Cap - Benchmark Chemistry"
2039,"MA",26814.2399602168,"Decreasing Batt Cap - Benchmark Chemistry"
2039,"MB",1995.42034571099,"Decreasing Batt Cap - Benchmark Chemistry"
2039,"MD",24320.40984745,"Decreasing Batt Cap - Benchmark Chemistry"
2039,"ME",4526.82615788382,"Decreasing Batt Cap - Benchmark Chemistry"
2039,"MI",30906.9880903715,"Decreasing Batt Cap - Benchmark Chemistry"
2039,"MN",19867.805939302,"Decreasing Batt Cap - Benchmark Chemistry"
2039,"MO",19615.8129701137,"Decreasing Batt Cap - Benchmark Chemistry"
2039,"MS",8757.6493543115,"Decreasing Batt Cap - Benchmark Chemistry"
2039,"MT",3600.49173169276,"Decreasing Batt Cap - Benchmark Chemistry"
2039,"MX",46628.9981188131,"Decreasing Batt Cap - Benchmark Chemistry"
2039,"NB",1365.25117306008,"Decreasing Batt Cap - Benchmark Chemistry"
2039,"NC",36864.9839280917,"Decreasing Batt Cap - Benchmark Chemistry"
2039,"ND",2653.35132694979,"Decreasing Batt Cap - Benchmark Chemistry"
2039,"NE",6550.43938971833,"Decreasing Batt Cap - Benchmark Chemistry"
2039,"NH",4966.47029557762,"Decreasing Batt Cap - Benchmark Chemistry"
2039,"NJ",36270.9472407261,"Decreasing Batt Cap - Benchmark Chemistry"
2039,"NL",782.36462958603,"Decreasing Batt Cap - Benchmark Chemistry"
2039,"NM",6922.19923405746,"Decreasing Batt Cap - Benchmark Chemistry"
2039,"NS",1567.65099957187,"Decreasing Batt Cap - Benchmark Chemistry"
2039,"NT",43.8807851393854,"Decreasing Batt Cap - Benchmark Chemistry"
2039,"NU",0,"Decreasing Batt Cap - Benchmark Chemistry"
2039,"NV",13097.0477201243,"Decreasing Batt Cap - Benchmark Chemistry"
2039,"NY",60075.8857987768,"Decreasing Batt Cap - Benchmark Chemistry"
2039,"OH",37784.569733449,"Decreasing Batt Cap - Benchmark Chemistry"
2039,"OK",13526.1787554089,"Decreasing Batt Cap - Benchmark Chemistry"
2039,"ON",27800.5476806932,"Decreasing Batt Cap - Benchmark Chemistry"
2039,"OR",19099.6852125052,"Decreasing Batt Cap - Benchmark Chemistry"
2039,"PA",44467.1272937011,"Decreasing Batt Cap - Benchmark Chemistry"
2039,"PE",286.981819401031,"Decreasing Batt Cap - Benchmark Chemistry"
2039,"QC",24492.6487612071,"Decreasing Batt Cap - Benchmark Chemistry"
2039,"RI",3545.78045514732,"Decreasing Batt Cap - Benchmark Chemistry"
2039,"SC",18120.1279904811,"Decreasing Batt Cap - Benchmark Chemistry"
2039,"SD",2933.27315772868,"Decreasing Batt Cap - Benchmark Chemistry"
2039,"SK",1870.82440219217,"Decreasing Batt Cap - Benchmark Chemistry"
2039,"TN",23899.1813237303,"Decreasing Batt Cap - Benchmark Chemistry"
2039,"TX",110587.855675768,"Decreasing Batt Cap - Benchmark Chemistry"
2039,"UT",13948.5932151644,"Decreasing Batt Cap - Benchmark Chemistry"
2039,"VA",33832.025517585,"Decreasing Batt Cap - Benchmark Chemistry"
2039,"VT",2488.5378630384,"Decreasing Batt Cap - Benchmark Chemistry"
2039,"WA",36955.4147274494,"Decreasing Batt Cap - Benchmark Chemistry"
2039,"WI",18738.6814830295,"Decreasing Batt Cap - Benchmark Chemistry"
2039,"WV",4914.83796378484,"Decreasing Batt Cap - Benchmark Chemistry"
2039,"WY",1833.67768959618,"Decreasing Batt Cap - Benchmark Chemistry"
2039,"YT",80.7761867988769,"Decreasing Batt Cap - Benchmark Chemistry"
2040,"AB",11119.2703390586,"Decreasing Batt Cap - Benchmark Chemistry"
2040,"AK",2773.53370284111,"Decreasing Batt Cap - Benchmark Chemistry"
2040,"AL",19863.2696196392,"Decreasing Batt Cap - Benchmark Chemistry"
2040,"AR",11123.1220071878,"Decreasing Batt Cap - Benchmark Chemistry"
2040,"AZ",34810.2009238545,"Decreasing Batt Cap - Benchmark Chemistry"
2040,"BC",16778.1394092162,"Decreasing Batt Cap - Benchmark Chemistry"
2040,"CA",243274.874440728,"Decreasing Batt Cap - Benchmark Chemistry"
2040,"CO",31504.9112044974,"Decreasing Batt Cap - Benchmark Chemistry"
2040,"CT",14787.0303606352,"Decreasing Batt Cap - Benchmark Chemistry"
2040,"DC",2799.11060894395,"Decreasing Batt Cap - Benchmark Chemistry"
2040,"DE",4773.52794613942,"Decreasing Batt Cap - Benchmark Chemistry"
2040,"FL",100593.397341012,"Decreasing Batt Cap - Benchmark Chemistry"
2040,"GA",48199.8524566612,"Decreasing Batt Cap - Benchmark Chemistry"
2040,"HI",7073.66926572719,"Decreasing Batt Cap - Benchmark Chemistry"
2040,"IA",12613.9317735043,"Decreasing Batt Cap - Benchmark Chemistry"
2040,"ID",8945.8427026399,"Decreasing Batt Cap - Benchmark Chemistry"
2040,"IL",48743.7929741683,"Decreasing Batt Cap - Benchmark Chemistry"
2040,"IN",26847.247914866,"Decreasing Batt Cap - Benchmark Chemistry"
2040,"KS",11583.9025864607,"Decreasing Batt Cap - Benchmark Chemistry"
2040,"KY",17252.4932157511,"Decreasing Batt Cap - Benchmark Chemistry"
2040,"LA",16409.5314164968,"Decreasing Batt Cap - Benchmark Chemistry"
2040,"MA",31542.6427839261,"Decreasing Batt Cap - Benchmark Chemistry"
2040,"MB",2622.3690658254,"Decreasing Batt Cap - Benchmark Chemistry"
2040,"MD",28620.6136771553,"Decreasing Batt Cap - Benchmark Chemistry"
2040,"ME",5518.12516864935,"Decreasing Batt Cap - Benchmark Chemistry"
2040,"MI",37487.145999865,"Decreasing Batt Cap - Benchmark Chemistry"
2040,"MN",24108.4517703124,"Decreasing Batt Cap - Benchmark Chemistry"
2040,"MO",24046.812008885,"Decreasing Batt Cap - Benchmark Chemistry"
2040,"MS",10962.438290224,"Decreasing Batt Cap - Benchmark Chemistry"
2040,"MT",4394.21175609729,"Decreasing Batt Cap - Benchmark Chemistry"
2040,"MX",63434.4674376789,"Decreasing Batt Cap - Benchmark Chemistry"
2040,"NB",1800.27520311435,"Decreasing Batt Cap - Benchmark Chemistry"
2040,"NC",44710.4494735793,"Decreasing Batt Cap - Benchmark Chemistry"
2040,"ND",3353.22748161308,"Decreasing Batt Cap - Benchmark Chemistry"
2040,"NE",8088.6231385006,"Decreasing Batt Cap - Benchmark Chemistry"
2040,"NH",6046.99324593946,"Decreasing Batt Cap - Benchmark Chemistry"
2040,"NJ",42075.7633576372,"Decreasing Batt Cap - Benchmark Chemistry"
2040,"NL",1042.12733552974,"Decreasing Batt Cap - Benchmark Chemistry"
2040,"NM",8454.22746998912,"Decreasing Batt Cap - Benchmark Chemistry"
2040,"NS",2058.34405316673,"Decreasing Batt Cap - Benchmark Chemistry"
2040,"NT",56.9905360553338,"Decreasing Batt Cap - Benchmark Chemistry"
2040,"NU",0,"Decreasing Batt Cap - Benchmark Chemistry"
2040,"NV",15300.6491448286,"Decreasing Batt Cap - Benchmark Chemistry"
2040,"NY",71074.7055465283,"Decreasing Batt Cap - Benchmark Chemistry"
2040,"OH",46313.8250952414,"Decreasing Batt Cap - Benchmark Chemistry"
2040,"OK",16467.6158634727,"Decreasing Batt Cap - Benchmark Chemistry"
2040,"ON",33640.4055917576,"Decreasing Batt Cap - Benchmark Chemistry"
2040,"OR",22059.5006093205,"Decreasing Batt Cap - Benchmark Chemistry"
2040,"PA",53652.263840393,"Decreasing Batt Cap - Benchmark Chemistry"
2040,"PE",360.625187889604,"Decreasing Batt Cap - Benchmark Chemistry"
2040,"QC",26572.9173040966,"Decreasing Batt Cap - Benchmark Chemistry"
2040,"RI",4271.92978827724,"Decreasing Batt Cap - Benchmark Chemistry"
2040,"SC",22479.2292122166,"Decreasing Batt Cap - Benchmark Chemistry"
2040,"SD",3681.03446720624,"Decreasing Batt Cap - Benchmark Chemistry"
2040,"SK",2499.5847179206,"Decreasing Batt Cap - Benchmark Chemistry"
2040,"TN",29396.4585843431,"Decreasing Batt Cap - Benchmark Chemistry"
2040,"TX",134623.713302063,"Decreasing Batt Cap - Benchmark Chemistry"
2040,"UT",16632.1458683658,"Decreasing Batt Cap - Benchmark Chemistry"
2040,"VA",40717.3137174379,"Decreasing Batt Cap - Benchmark Chemistry"
2040,"VT",2913.84908968124,"Decreasing Batt Cap - Benchmark Chemistry"
2040,"WA",42556.3891877927,"Decreasing Batt Cap - Benchmark Chemistry"
2040,"WI",22953.5013091542,"Decreasing Batt Cap - Benchmark Chemistry"
2040,"WV",6113.72003732216,"Decreasing Batt Cap - Benchmark Chemistry"
2040,"WY",2295.04236246949,"Decreasing Batt Cap - Benchmark Chemistry"
2040,"YT",104.726209172917,"Decreasing Batt Cap - Benchmark Chemistry"
2041,"AB",14237.6121903081,"Decreasing Batt Cap - Benchmark Chemistry"
2041,"AK",3322.64691583006,"Decreasing Batt Cap - Benchmark Chemistry"
2041,"AL",23958.2024726101,"Decreasing Batt Cap - Benchmark Chemistry"
2041,"AR",13410.5858795947,"Decreasing Batt Cap - Benchmark Chemistry"
2041,"AZ",40409.3256271111,"Decreasing Batt Cap - Benchmark Chemistry"
2041,"BC",17875.9904380924,"Decreasing Batt Cap - Benchmark Chemistry"
2041,"CA",263731.042104773,"Decreasing Batt Cap - Benchmark Chemistry"
2041,"CO",36063.0642618859,"Decreasing Batt Cap - Benchmark Chemistry"
2041,"CT",17170.6512529965,"Decreasing Batt Cap - Benchmark Chemistry"
2041,"DC",3168.15727616211,"Decreasing Batt Cap - Benchmark Chemistry"
2041,"DE",5632.94344842758,"Decreasing Batt Cap - Benchmark Chemistry"
2041,"FL",117621.578545967,"Decreasing Batt Cap - Benchmark Chemistry"
2041,"GA",56760.3501234705,"Decreasing Batt Cap - Benchmark Chemistry"
2041,"HI",7952.60999881425,"Decreasing Batt Cap - Benchmark Chemistry"
2041,"IA",15188.6630675287,"Decreasing Batt Cap - Benchmark Chemistry"
2041,"ID",10822.6922496926,"Decreasing Batt Cap - Benchmark Chemistry"
2041,"IL",57033.9354605298,"Decreasing Batt Cap - Benchmark Chemistry"
2041,"IN",32144.1849247152,"Decreasing Batt Cap - Benchmark Chemistry"
2041,"KS",13854.3620068749,"Decreasing Batt Cap - Benchmark Chemistry"
2041,"KY",20763.1993253599,"Decreasing Batt Cap - Benchmark Chemistry"
2041,"LA",19788.1943245773,"Decreasing Batt Cap - Benchmark Chemistry"
2041,"MA",36435.5195969213,"Decreasing Batt Cap - Benchmark Chemistry"
2041,"MB",3318.0939266932,"Decreasing Batt Cap - Benchmark Chemistry"
2041,"MD",33005.3213440671,"Decreasing Batt Cap - Benchmark Chemistry"
2041,"ME",6563.35211245028,"Decreasing Batt Cap - Benchmark Chemistry"
2041,"MI",44473.0389288283,"Decreasing Batt Cap - Benchmark Chemistry"
2041,"MN",28637.2394515334,"Decreasing Batt Cap - Benchmark Chemistry"
2041,"MO",28696.092695112,"Decreasing Batt Cap - Benchmark Chemistry"
2041,"MS",13319.3128179503,"Decreasing Batt Cap - Benchmark Chemistry"
2041,"MT",5222.46259179461,"Decreasing Batt Cap - Benchmark Chemistry"
2041,"MX",83464.32568675,"Decreasing Batt Cap - Benchmark Chemistry"
2041,"NB",2295.98459898392,"Decreasing Batt Cap - Benchmark Chemistry"
2041,"NC",52912.6480325968,"Decreasing Batt Cap - Benchmark Chemistry"
2041,"ND",4101.51424409809,"Decreasing Batt Cap - Benchmark Chemistry"
2041,"NE",9734.6085324316,"Decreasing Batt Cap - Benchmark Chemistry"
2041,"NH",7171.04448145156,"Decreasing Batt Cap - Benchmark Chemistry"
2041,"NJ",48017.9329438491,"Decreasing Batt Cap - Benchmark Chemistry"
2041,"NL",1314.94136256889,"Decreasing Batt Cap - Benchmark Chemistry"
2041,"NM",10044.492513008,"Decreasing Batt Cap - Benchmark Chemistry"
2041,"NS",2597.33107733711,"Decreasing Batt Cap - Benchmark Chemistry"
2041,"NT",75.7358450830188,"Decreasing Batt Cap - Benchmark Chemistry"
2041,"NU",0,"Decreasing Batt Cap - Benchmark Chemistry"
2041,"NV",17641.336301831,"Decreasing Batt Cap - Benchmark Chemistry"
2041,"NY",82639.3879220083,"Decreasing Batt Cap - Benchmark Chemistry"
2041,"OH",55314.1200461399,"Decreasing Batt Cap - Benchmark Chemistry"
2041,"OK",19606.5824089725,"Decreasing Batt Cap - Benchmark Chemistry"
2041,"ON",40397.1253859221,"Decreasing Batt Cap - Benchmark Chemistry"
2041,"OR",24997.7187185216,"Decreasing Batt Cap - Benchmark Chemistry"
2041,"PA",62957.4039493125,"Decreasing Batt Cap - Benchmark Chemistry"
2041,"PE",457.605323708926,"Decreasing Batt Cap - Benchmark Chemistry"
2041,"QC",28744.9202591222,"Decreasing Batt Cap - Benchmark Chemistry"
2041,"RI",5050.39276830131,"Decreasing Batt Cap - Benchmark Chemistry"
2041,"SC",27095.7560016476,"Decreasing Batt Cap - Benchmark Chemistry"
2041,"SD",4482.09338082006,"Decreasing Batt Cap - Benchmark Chemistry"
2041,"SK",3224.08390918856,"Decreasing Batt Cap - Benchmark Chemistry"
2041,"TN",35215.6137424525,"Decreasing Batt Cap - Benchmark Chemistry"
2041,"TX",160405.244396455,"Decreasing Batt Cap - Benchmark Chemistry"
2041,"UT",19410.8757701676,"Decreasing Batt Cap - Benchmark Chemistry"
2041,"VA",47940.9602230452,"Decreasing Batt Cap - Benchmark Chemistry"
2041,"VT",3360.22572835382,"Decreasing Batt Cap - Benchmark Chemistry"
2041,"WA",48336.8962789324,"Decreasing Batt Cap - Benchmark Chemistry"
2041,"WI",27455.9561159016,"Decreasing Batt Cap - Benchmark Chemistry"
2041,"WV",7351.55567242409,"Decreasing Batt Cap - Benchmark Chemistry"
2041,"WY",2773.59826254414,"Decreasing Batt Cap - Benchmark Chemistry"
2041,"YT",132.951427156709,"Decreasing Batt Cap - Benchmark Chemistry"
2042,"AB",17646.9678290999,"Decreasing Batt Cap - Benchmark Chemistry"
2042,"AK",3864.08252601281,"Decreasing Batt Cap - Benchmark Chemistry"
2042,"AL",28114.7498750531,"Decreasing Batt Cap - Benchmark Chemistry"
2042,"AR",15713.8584649701,"Decreasing Batt Cap - Benchmark Chemistry"
2042,"AZ",46289.4456268297,"Decreasing Batt Cap - Benchmark Chemistry"
2042,"BC",19382.1975473071,"Decreasing Batt Cap - Benchmark Chemistry"
2042,"CA",284042.439018885,"Decreasing Batt Cap - Benchmark Chemistry"
2042,"CO",40671.2694511559,"Decreasing Batt Cap - Benchmark Chemistry"
2042,"CT",19627.3949662267,"Decreasing Batt Cap - Benchmark Chemistry"
2042,"DC",3570.91118349527,"Decreasing Batt Cap - Benchmark Chemistry"
2042,"DE",6541.34033367403,"Decreasing Batt Cap - Benchmark Chemistry"
2042,"FL",135936.684310414,"Decreasing Batt Cap - Benchmark Chemistry"
2042,"GA",65660.6420160546,"Decreasing Batt Cap - Benchmark Chemistry"
2042,"HI",8943.00640132788,"Decreasing Batt Cap - Benchmark Chemistry"
2042,"IA",17829.1212979733,"Decreasing Batt Cap - Benchmark Chemistry"
2042,"ID",12748.6101408979,"Decreasing Batt Cap - Benchmark Chemistry"
2042,"IL",65813.5674163789,"Decreasing Batt Cap - Benchmark Chemistry"
2042,"IN",37561.8112367816,"Decreasing Batt Cap - Benchmark Chemistry"
2042,"KS",16169.2358902809,"Decreasing Batt Cap - Benchmark Chemistry"
2042,"KY",24347.5976756727,"Decreasing Batt Cap - Benchmark Chemistry"
2042,"LA",23283.3830405477,"Decreasing Batt Cap - Benchmark Chemistry"
2042,"MA",41587.2184756116,"Decreasing Batt Cap - Benchmark Chemistry"
2042,"MB",4068.21200606441,"Decreasing Batt Cap - Benchmark Chemistry"
2042,"MD",37514.1027550318,"Decreasing Batt Cap - Benchmark Chemistry"
2042,"ME",7676.13817815812,"Decreasing Batt Cap - Benchmark Chemistry"
2042,"MI",51719.2677759898,"Decreasing Batt Cap - Benchmark Chemistry"
2042,"MN",33365.0687442894,"Decreasing Batt Cap - Benchmark Chemistry"
2042,"MO",33465.4886649344,"Decreasing Batt Cap - Benchmark Chemistry"
2042,"MS",15669.5365285579,"Decreasing Batt Cap - Benchmark Chemistry"
2042,"MT",6060.99944327316,"Decreasing Batt Cap - Benchmark Chemistry"
2042,"MX",106219.988180613,"Decreasing Batt Cap - Benchmark Chemistry"
2042,"NB",2815.18070939398,"Decreasing Batt Cap - Benchmark Chemistry"
2042,"NC",61347.0391195099,"Decreasing Batt Cap - Benchmark Chemistry"
2042,"ND",4890.84643078302,"Decreasing Batt Cap - Benchmark Chemistry"
2042,"NE",11405.1321500051,"Decreasing Batt Cap - Benchmark Chemistry"
2042,"NH",8351.01042798702,"Decreasing Batt Cap - Benchmark Chemistry"
2042,"NJ",54304.3357886916,"Decreasing Batt Cap - Benchmark Chemistry"
2042,"NL",1600.60015539863,"Decreasing Batt Cap - Benchmark Chemistry"
2042,"NM",11679.3907393504,"Decreasing Batt Cap - Benchmark Chemistry"
2042,"NS",3158.70646239104,"Decreasing Batt Cap - Benchmark Chemistry"
2042,"NT",90.9743502111883,"Decreasing Batt Cap - Benchmark Chemistry"
2042,"NU",0,"Decreasing Batt Cap - Benchmark Chemistry"
2042,"NV",20088.1836327721,"Decreasing Batt Cap - Benchmark Chemistry"
2042,"NY",94845.71752367,"Decreasing Batt Cap - Benchmark Chemistry"
2042,"OH",64527.4494408185,"Decreasing Batt Cap - Benchmark Chemistry"
2042,"OK",22946.2837723866,"Decreasing Batt Cap - Benchmark Chemistry"
2042,"ON",47886.8034306319,"Decreasing Batt Cap - Benchmark Chemistry"
2042,"OR",27923.1933959621,"Decreasing Batt Cap - Benchmark Chemistry"
2042,"PA",72077.5864911629,"Decreasing Batt Cap - Benchmark Chemistry"
2042,"PE",561.355625531468,"Decreasing Batt Cap - Benchmark Chemistry"
2042,"QC",31378.6862449668,"Decreasing Batt Cap - Benchmark Chemistry"
2042,"RI",5856.43228976485,"Decreasing Batt Cap - Benchmark Chemistry"
2042,"SC",31815.9789734758,"Decreasing Batt Cap - Benchmark Chemistry"
2042,"SD",5273.56700973922,"Decreasing Batt Cap - Benchmark Chemistry"
2042,"SK",4004.19522868408,"Decreasing Batt Cap - Benchmark Chemistry"
2042,"TN",41207.4497192037,"Decreasing Batt Cap - Benchmark Chemistry"
2042,"TX",187695.586369937,"Decreasing Batt Cap - Benchmark Chemistry"
2042,"UT",22371.6138720812,"Decreasing Batt Cap - Benchmark Chemistry"
2042,"VA",55441.7479646752,"Decreasing Batt Cap - Benchmark Chemistry"
2042,"VT",3823.00982105006,"Decreasing Batt Cap - Benchmark Chemistry"
2042,"WA",54488.853279806,"Decreasing Batt Cap - Benchmark Chemistry"
2042,"WI",32107.556021885,"Decreasing Batt Cap - Benchmark Chemistry"
2042,"WV",8620.77605688621,"Decreasing Batt Cap - Benchmark Chemistry"
2042,"WY",3257.5663775754,"Decreasing Batt Cap - Benchmark Chemistry"
2042,"YT",165.626777417584,"Decreasing Batt Cap - Benchmark Chemistry"
2043,"AB",21272.8408828488,"Decreasing Batt Cap - Benchmark Chemistry"
2043,"AK",4412.56536869728,"Decreasing Batt Cap - Benchmark Chemistry"
2043,"AL",32309.8737647316,"Decreasing Batt Cap - Benchmark Chemistry"
2043,"AR",18071.0352295542,"Decreasing Batt Cap - Benchmark Chemistry"
2043,"AZ",52480.8118111682,"Decreasing Batt Cap - Benchmark Chemistry"
2043,"BC",21459.6320053061,"Decreasing Batt Cap - Benchmark Chemistry"
2043,"CA",307015.02344506,"Decreasing Batt Cap - Benchmark Chemistry"
2043,"CO",45566.9862530286,"Decreasing Batt Cap - Benchmark Chemistry"
2043,"CT",22194.9302593,"Decreasing Batt Cap - Benchmark Chemistry"
2043,"DC",4002.03113250255,"Decreasing Batt Cap - Benchmark Chemistry"
2043,"DE",7455.20769711986,"Decreasing Batt Cap - Benchmark Chemistry"
2043,"FL",155634.135361908,"Decreasing Batt Cap - Benchmark Chemistry"
2043,"GA",74857.6937899712,"Decreasing Batt Cap - Benchmark Chemistry"
2043,"HI",9990.93086339923,"Decreasing Batt Cap - Benchmark Chemistry"
2043,"IA",20491.8249349902,"Decreasing Batt Cap - Benchmark Chemistry"
2043,"ID",14716.6528206112,"Decreasing Batt Cap - Benchmark Chemistry"
2043,"IL",74998.161017139,"Decreasing Batt Cap - Benchmark Chemistry"
2043,"IN",43033.768494827,"Decreasing Batt Cap - Benchmark Chemistry"
2043,"KS",18452.927922862,"Decreasing Batt Cap - Benchmark Chemistry"
2043,"KY",27887.7544434817,"Decreasing Batt Cap - Benchmark Chemistry"
2043,"LA",26806.5406227035,"Decreasing Batt Cap - Benchmark Chemistry"
2043,"MA",47041.1649421177,"Decreasing Batt Cap - Benchmark Chemistry"
2043,"MB",4873.48762017011,"Decreasing Batt Cap - Benchmark Chemistry"
2043,"MD",42228.0860070707,"Decreasing Batt Cap - Benchmark Chemistry"
2043,"ME",8813.19723612211,"Decreasing Batt Cap - Benchmark Chemistry"
2043,"MI",59132.6518384673,"Decreasing Batt Cap - Benchmark Chemistry"
2043,"MN",38237.9191445765,"Decreasing Batt Cap - Benchmark Chemistry"
2043,"MO",38289.2369934207,"Decreasing Batt Cap - Benchmark Chemistry"
2043,"MS",17995.474138995,"Decreasing Batt Cap - Benchmark Chemistry"
2043,"MT",6919.48606634858,"Decreasing Batt Cap - Benchmark Chemistry"
2043,"MX",130974.114890917,"Decreasing Batt Cap - Benchmark Chemistry"
2043,"NB",3349.47033228973,"Decreasing Batt Cap - Benchmark Chemistry"
2043,"NC",69990.8389612671,"Decreasing Batt Cap - Benchmark Chemistry"
2043,"ND",5672.72753041327,"Decreasing Batt Cap - Benchmark Chemistry"
2043,"NE",13088.1015011811,"Decreasing Batt Cap - Benchmark Chemistry"
2043,"NH",9588.64077705943,"Decreasing Batt Cap - Benchmark Chemistry"
2043,"NJ",61038.9974021998,"Decreasing Batt Cap - Benchmark Chemistry"
2043,"NL",1904.05012594653,"Decreasing Batt Cap - Benchmark Chemistry"
2043,"NM",13341.1778521279,"Decreasing Batt Cap - Benchmark Chemistry"
2043,"NS",3739.78020378867,"Decreasing Batt Cap - Benchmark Chemistry"
2043,"NT",113.272292608804,"Decreasing Batt Cap - Benchmark Chemistry"
2043,"NU",0,"Decreasing Batt Cap - Benchmark Chemistry"
2043,"NV",22729.5005041601,"Decreasing Batt Cap - Benchmark Chemistry"
2043,"NY",107689.545358828,"Decreasing Batt Cap - Benchmark Chemistry"
2043,"OH",73818.2248358542,"Decreasing Batt Cap - Benchmark Chemistry"
2043,"OK",26422.7001348345,"Decreasing Batt Cap - Benchmark Chemistry"
2043,"ON",56150.6451895782,"Decreasing Batt Cap - Benchmark Chemistry"
2043,"OR",30968.9989309281,"Decreasing Batt Cap - Benchmark Chemistry"
2043,"PA",81079.0119632804,"Decreasing Batt Cap - Benchmark Chemistry"
2043,"PE",660.62220592446,"Decreasing Batt Cap - Benchmark Chemistry"
2043,"QC",34762.661331774,"Decreasing Batt Cap - Benchmark Chemistry"
2043,"RI",6683.29591932411,"Decreasing Batt Cap - Benchmark Chemistry"
2043,"SC",36596.9529254429,"Decreasing Batt Cap - Benchmark Chemistry"
2043,"SD",6073.81255593504,"Decreasing Batt Cap - Benchmark Chemistry"
2043,"SK",4843.17051665613,"Decreasing Batt Cap - Benchmark Chemistry"
2043,"TN",47312.7649950308,"Decreasing Batt Cap - Benchmark Chemistry"
2043,"TX",216390.869401141,"Decreasing Batt Cap - Benchmark Chemistry"
2043,"UT",25508.6841085951,"Decreasing Batt Cap - Benchmark Chemistry"
2043,"VA",63271.085077697,"Decreasing Batt Cap - Benchmark Chemistry"
2043,"VT",4322.62849045862,"Decreasing Batt Cap - Benchmark Chemistry"
2043,"WA",61092.9690597559,"Decreasing Batt Cap - Benchmark Chemistry"
2043,"WI",36899.2371542411,"Decreasing Batt Cap - Benchmark Chemistry"
2043,"WV",9890.9198190593,"Decreasing Batt Cap - Benchmark Chemistry"
2043,"WY",3723.25151993028,"Decreasing Batt Cap - Benchmark Chemistry"
2043,"YT",195.816014922133,"Decreasing Batt Cap - Benchmark Chemistry"
2044,"AB",25068.2134838177,"Decreasing Batt Cap - Benchmark Chemistry"
2044,"AK",5010.96029234653,"Decreasing Batt Cap - Benchmark Chemistry"
2044,"AL",36420.6371041627,"Decreasing Batt Cap - Benchmark Chemistry"
2044,"AR",20385.0150882683,"Decreasing Batt Cap - Benchmark Chemistry"
2044,"AZ",59048.3031402478,"Decreasing Batt Cap - Benchmark Chemistry"
2044,"BC",24177.1410157057,"Decreasing Batt Cap - Benchmark Chemistry"
2044,"CA",333911.732461415,"Decreasing Batt Cap - Benchmark Chemistry"
2044,"CO",50894.1686716808,"Decreasing Batt Cap - Benchmark Chemistry"
2044,"CT",24808.607144114,"Decreasing Batt Cap - Benchmark Chemistry"
2044,"DC",4484.26924253057,"Decreasing Batt Cap - Benchmark Chemistry"
2044,"DE",8431.16173232019,"Decreasing Batt Cap - Benchmark Chemistry"
2044,"FL",176934.168986941,"Decreasing Batt Cap - Benchmark Chemistry"
2044,"GA",84342.4449319995,"Decreasing Batt Cap - Benchmark Chemistry"
2044,"HI",11168.8800536448,"Decreasing Batt Cap - Benchmark Chemistry"
2044,"IA",23127.0827375189,"Decreasing Batt Cap - Benchmark Chemistry"
2044,"ID",16765.6574349019,"Decreasing Batt Cap - Benchmark Chemistry"
2044,"IL",84376.0603778871,"Decreasing Batt Cap - Benchmark Chemistry"
2044,"IN",48478.1621043426,"Decreasing Batt Cap - Benchmark Chemistry"
2044,"KS",20718.4941658356,"Decreasing Batt Cap - Benchmark Chemistry"
2044,"KY",31405.5144047961,"Decreasing Batt Cap - Benchmark Chemistry"
2044,"LA",30325.5020912975,"Decreasing Batt Cap - Benchmark Chemistry"
2044,"MA",52879.692932415,"Decreasing Batt Cap - Benchmark Chemistry"
2044,"MB",5741.25715406389,"Decreasing Batt Cap - Benchmark Chemistry"
2044,"MD",47212.777407714,"Decreasing Batt Cap - Benchmark Chemistry"
2044,"ME",9962.66223257597,"Decreasing Batt Cap - Benchmark Chemistry"
2044,"MI",66637.1032670124,"Decreasing Batt Cap - Benchmark Chemistry"
2044,"MN",43243.9782865641,"Decreasing Batt Cap - Benchmark Chemistry"
2044,"MO",43087.8794432807,"Decreasing Batt Cap - Benchmark Chemistry"
2044,"MS",20216.1622597364,"Decreasing Batt Cap - Benchmark Chemistry"
2044,"MT",7761.70153619954,"Decreasing Batt Cap - Benchmark Chemistry"
2044,"MX",157132.034392702,"Decreasing Batt Cap - Benchmark Chemistry"
2044,"NB",3899.09268235225,"Decreasing Batt Cap - Benchmark Chemistry"
2044,"NC",78808.193182928,"Decreasing Batt Cap - Benchmark Chemistry"
2044,"ND",6484.34646505513,"Decreasing Batt Cap - Benchmark Chemistry"
2044,"NE",14790.2663675041,"Decreasing Batt Cap - Benchmark Chemistry"
2044,"NH",10885.7338190494,"Decreasing Batt Cap - Benchmark Chemistry"
2044,"NJ",68237.5873712855,"Decreasing Batt Cap - Benchmark Chemistry"
2044,"NL",2222.83747786472,"Decreasing Batt Cap - Benchmark Chemistry"
2044,"NM",14951.634983895,"Decreasing Batt Cap - Benchmark Chemistry"
2044,"NS",4355.34516547188,"Decreasing Batt Cap - Benchmark Chemistry"
2044,"NT",132.891607169807,"Decreasing Batt Cap - Benchmark Chemistry"
2044,"NU",0,"Decreasing Batt Cap - Benchmark Chemistry"
2044,"NV",25600.4290344414,"Decreasing Batt Cap - Benchmark Chemistry"
2044,"NY",121052.628999073,"Decreasing Batt Cap - Benchmark Chemistry"
2044,"OH",83040.1989907453,"Decreasing Batt Cap - Benchmark Chemistry"
2044,"OK",30049.1493107586,"Decreasing Batt Cap - Benchmark Chemistry"
2044,"ON",65246.6153775477,"Decreasing Batt Cap - Benchmark Chemistry"
2044,"OR",34193.5688011031,"Decreasing Batt Cap - Benchmark Chemistry"
2044,"PA",89872.7155665492,"Decreasing Batt Cap - Benchmark Chemistry"
2044,"PE",765.838567100315,"Decreasing Batt Cap - Benchmark Chemistry"
2044,"QC",38972.2418050224,"Decreasing Batt Cap - Benchmark Chemistry"
2044,"RI",7567.37044605728,"Decreasing Batt Cap - Benchmark Chemistry"
2044,"SC",41453.5448482636,"Decreasing Batt Cap - Benchmark Chemistry"
2044,"SD",6883.44772267229,"Decreasing Batt Cap - Benchmark Chemistry"
2044,"SK",5710.26468546687,"Decreasing Batt Cap - Benchmark Chemistry"
2044,"TN",53544.3095803205,"Decreasing Batt Cap - Benchmark Chemistry"
2044,"TX",246837.008210586,"Decreasing Batt Cap - Benchmark Chemistry"
2044,"UT",28886.4667123246,"Decreasing Batt Cap - Benchmark Chemistry"
2044,"VA",71368.1087735189,"Decreasing Batt Cap - Benchmark Chemistry"
2044,"VT",4874.12458751407,"Decreasing Batt Cap - Benchmark Chemistry"
2044,"WA",68371.9426294122,"Decreasing Batt Cap - Benchmark Chemistry"
2044,"WI",41707.6228321771,"Decreasing Batt Cap - Benchmark Chemistry"
2044,"WV",11102.5988661627,"Decreasing Batt Cap - Benchmark Chemistry"
2044,"WY",4205.01217352376,"Decreasing Batt Cap - Benchmark Chemistry"
2044,"YT",230.396895493354,"Decreasing Batt Cap - Benchmark Chemistry"
2045,"AB",29028.9028872787,"Decreasing Batt Cap - Benchmark Chemistry"
2045,"AK",5573.37168823615,"Decreasing Batt Cap - Benchmark Chemistry"
2045,"AL",40575.7501941545,"Decreasing Batt Cap - Benchmark Chemistry"
2045,"AR",22662.897217526,"Decreasing Batt Cap - Benchmark Chemistry"
2045,"AZ",65871.7459534224,"Decreasing Batt Cap - Benchmark Chemistry"
2045,"BC",27396.6935238525,"Decreasing Batt Cap - Benchmark Chemistry"
2045,"CA",365038.664347048,"Decreasing Batt Cap - Benchmark Chemistry"
2045,"CO",56693.4089834424,"Decreasing Batt Cap - Benchmark Chemistry"
2045,"CT",27505.1540357343,"Decreasing Batt Cap - Benchmark Chemistry"
2045,"DC",4997.59245343758,"Decreasing Batt Cap - Benchmark Chemistry"
2045,"DE",9420.58303084463,"Decreasing Batt Cap - Benchmark Chemistry"
2045,"FL",199514.731943961,"Decreasing Batt Cap - Benchmark Chemistry"
2045,"GA",94089.2596477731,"Decreasing Batt Cap - Benchmark Chemistry"
2045,"HI",12398.3590381358,"Decreasing Batt Cap - Benchmark Chemistry"
2045,"IA",25768.247870965,"Decreasing Batt Cap - Benchmark Chemistry"
2045,"ID",18869.813562141,"Decreasing Batt Cap - Benchmark Chemistry"
2045,"IL",93987.4156660785,"Decreasing Batt Cap - Benchmark Chemistry"
2045,"IN",53921.2012392555,"Decreasing Batt Cap - Benchmark Chemistry"
2045,"KS",22955.9111855926,"Decreasing Batt Cap - Benchmark Chemistry"
2045,"KY",34875.3993681337,"Decreasing Batt Cap - Benchmark Chemistry"
2045,"LA",33829.7543965363,"Decreasing Batt Cap - Benchmark Chemistry"
2045,"MA",59056.5055109402,"Decreasing Batt Cap - Benchmark Chemistry"
2045,"MB",6640.32796205274,"Decreasing Batt Cap - Benchmark Chemistry"
2045,"MD",52421.1516559007,"Decreasing Batt Cap - Benchmark Chemistry"
2045,"ME",11123.4589434763,"Decreasing Batt Cap - Benchmark Chemistry"
2045,"MI",74294.2839757575,"Decreasing Batt Cap - Benchmark Chemistry"
2045,"MN",48353.7813332626,"Decreasing Batt Cap - Benchmark Chemistry"
2045,"MO",47927.0539668965,"Decreasing Batt Cap - Benchmark Chemistry"
2045,"MS",22399.7264044558,"Decreasing Batt Cap - Benchmark Chemistry"
2045,"MT",8613.95328608565,"Decreasing Batt Cap - Benchmark Chemistry"
2045,"MX",184143.28856375,"Decreasing Batt Cap - Benchmark Chemistry"
2045,"NB",4457.57251480759,"Decreasing Batt Cap - Benchmark Chemistry"
2045,"NC",87804.7248383773,"Decreasing Batt Cap - Benchmark Chemistry"
2045,"ND",7311.67129919642,"Decreasing Batt Cap - Benchmark Chemistry"
2045,"NE",16481.8207690735,"Decreasing Batt Cap - Benchmark Chemistry"
2045,"NH",12146.6085239671,"Decreasing Batt Cap - Benchmark Chemistry"
2045,"NJ",75891.3762980046,"Decreasing Batt Cap - Benchmark Chemistry"
2045,"NL",2546.18266969397,"Decreasing Batt Cap - Benchmark Chemistry"
2045,"NM",16578.4743055263,"Decreasing Batt Cap - Benchmark Chemistry"
2045,"NS",4975.8938554737,"Decreasing Batt Cap - Benchmark Chemistry"
2045,"NT",156.028924303817,"Decreasing Batt Cap - Benchmark Chemistry"
2045,"NU",0,"Decreasing Batt Cap - Benchmark Chemistry"
2045,"NV",28633.6325499481,"Decreasing Batt Cap - Benchmark Chemistry"
2045,"NY",135036.247487918,"Decreasing Batt Cap - Benchmark Chemistry"
2045,"OH",92253.3689357287,"Decreasing Batt Cap - Benchmark Chemistry"
2045,"OK",33844.9752612775,"Decreasing Batt Cap - Benchmark Chemistry"
2045,"ON",74963.9804195377,"Decreasing Batt Cap - Benchmark Chemistry"
2045,"OR",37591.4775644489,"Decreasing Batt Cap - Benchmark Chemistry"
2045,"PA",98706.3008380876,"Decreasing Batt Cap - Benchmark Chemistry"
2045,"PE",871.393785092093,"Decreasing Batt Cap - Benchmark Chemistry"
2045,"QC",43902.566238471,"Decreasing Batt Cap - Benchmark Chemistry"
2045,"RI",8459.64162360674,"Decreasing Batt Cap - Benchmark Chemistry"
2045,"SC",46356.9205940032,"Decreasing Batt Cap - Benchmark Chemistry"
2045,"SD",7695.02828909737,"Decreasing Batt Cap - Benchmark Chemistry"
2045,"SK",6619.55615959898,"Decreasing Batt Cap - Benchmark Chemistry"
2045,"TN",59842.6570577517,"Decreasing Batt Cap - Benchmark Chemistry"
2045,"TX",278410.533229004,"Decreasing Batt Cap - Benchmark Chemistry"
2045,"UT",32458.1288263122,"Decreasing Batt Cap - Benchmark Chemistry"
2045,"VA",79729.6754057263,"Decreasing Batt Cap - Benchmark Chemistry"
2045,"VT",5434.38601421345,"Decreasing Batt Cap - Benchmark Chemistry"
2045,"WA",76103.3680525343,"Decreasing Batt Cap - Benchmark Chemistry"
2045,"WI",46581.5042997314,"Decreasing Batt Cap - Benchmark Chemistry"
2045,"WV",12309.8235406321,"Decreasing Batt Cap - Benchmark Chemistry"
2045,"WY",4668.26328162008,"Decreasing Batt Cap - Benchmark Chemistry"
2045,"YT",263.50469044709,"Decreasing Batt Cap - Benchmark Chemistry"
2046,"AB",33163.654115288,"Decreasing Batt Cap - Benchmark Chemistry"
2046,"AK",6145.07326133102,"Decreasing Batt Cap - Benchmark Chemistry"
2046,"AL",44774.1269130175,"Decreasing Batt Cap - Benchmark Chemistry"
2046,"AR",24997.7387477609,"Decreasing Batt Cap - Benchmark Chemistry"
2046,"AZ",73071.735734127,"Decreasing Batt Cap - Benchmark Chemistry"
2046,"BC",31053.6288333011,"Decreasing Batt Cap - Benchmark Chemistry"
2046,"CA",400098.083414374,"Decreasing Batt Cap - Benchmark Chemistry"
2046,"CO",62895.8190452527,"Decreasing Batt Cap - Benchmark Chemistry"
2046,"CT",30351.6461188568,"Decreasing Batt Cap - Benchmark Chemistry"
2046,"DC",5512.56632660386,"Decreasing Batt Cap - Benchmark Chemistry"
2046,"DE",10473.7840044607,"Decreasing Batt Cap - Benchmark Chemistry"
2046,"FL",223241.629278475,"Decreasing Batt Cap - Benchmark Chemistry"
2046,"GA",104185.454763561,"Decreasing Batt Cap - Benchmark Chemistry"
2046,"HI",13732.7481981911,"Decreasing Batt Cap - Benchmark Chemistry"
2046,"IA",28442.2239759458,"Decreasing Batt Cap - Benchmark Chemistry"
2046,"ID",21048.7698396747,"Decreasing Batt Cap - Benchmark Chemistry"
2046,"IL",103830.189319044,"Decreasing Batt Cap - Benchmark Chemistry"
2046,"IN",59464.7094912139,"Decreasing Batt Cap - Benchmark Chemistry"
2046,"KS",25194.9783855781,"Decreasing Batt Cap - Benchmark Chemistry"
2046,"KY",38361.9228613581,"Decreasing Batt Cap - Benchmark Chemistry"
2046,"LA",37377.9588221948,"Decreasing Batt Cap - Benchmark Chemistry"
2046,"MA",65708.7748937694,"Decreasing Batt Cap - Benchmark Chemistry"
2046,"MB",7575.33801080342,"Decreasing Batt Cap - Benchmark Chemistry"
2046,"MD",57946.4596105043,"Decreasing Batt Cap - Benchmark Chemistry"
2046,"ME",12325.7853994042,"Decreasing Batt Cap - Benchmark Chemistry"
2046,"MI",82162.9338286437,"Decreasing Batt Cap - Benchmark Chemistry"
2046,"MN",53663.6837760539,"Decreasing Batt Cap - Benchmark Chemistry"
2046,"MO",52892.1397421244,"Decreasing Batt Cap - Benchmark Chemistry"
2046,"MS",24563.081077081,"Decreasing Batt Cap - Benchmark Chemistry"
2046,"MT",9477.41293585795,"Decreasing Batt Cap - Benchmark Chemistry"
2046,"MX",211570.111556263,"Decreasing Batt Cap - Benchmark Chemistry"
2046,"NB",5036.78508682522,"Decreasing Batt Cap - Benchmark Chemistry"
2046,"NC",97097.0913932025,"Decreasing Batt Cap - Benchmark Chemistry"
2046,"ND",8163.65506246094,"Decreasing Batt Cap - Benchmark Chemistry"
2046,"NE",18218.747116895,"Decreasing Batt Cap - Benchmark Chemistry"
2046,"NH",13504.6016275632,"Decreasing Batt Cap - Benchmark Chemistry"
2046,"NJ",84061.1811711066,"Decreasing Batt Cap - Benchmark Chemistry"
2046,"NL",2893.4205771093,"Decreasing Batt Cap - Benchmark Chemistry"
2046,"NM",18238.2823580403,"Decreasing Batt Cap - Benchmark Chemistry"
2046,"NS",5603.06487333327,"Decreasing Batt Cap - Benchmark Chemistry"
2046,"NT",179.189625018833,"Decreasing Batt Cap - Benchmark Chemistry"
2046,"NU",0,"Decreasing Batt Cap - Benchmark Chemistry"
2046,"NV",31854.314502898,"Decreasing Batt Cap - Benchmark Chemistry"
2046,"NY",149658.115529411,"Decreasing Batt Cap - Benchmark Chemistry"
2046,"OH",101638.27410005,"Decreasing Batt Cap - Benchmark Chemistry"
2046,"OK",37834.3410630851,"Decreasing Batt Cap - Benchmark Chemistry"
2046,"ON",85335.1134299587,"Decreasing Batt Cap - Benchmark Chemistry"
2046,"OR",41199.185961866,"Decreasing Batt Cap - Benchmark Chemistry"
2046,"PA",107729.200207858,"Decreasing Batt Cap - Benchmark Chemistry"
2046,"PE",989.965808281727,"Decreasing Batt Cap - Benchmark Chemistry"
2046,"QC",49428.9984020565,"Decreasing Batt Cap - Benchmark Chemistry"
2046,"RI",9397.23875616288,"Decreasing Batt Cap - Benchmark Chemistry"
2046,"SC",51412.1160845234,"Decreasing Batt Cap - Benchmark Chemistry"
2046,"SD",8538.4506862239,"Decreasing Batt Cap - Benchmark Chemistry"
2046,"SK",7590.00106019621,"Decreasing Batt Cap - Benchmark Chemistry"
2046,"TN",66354.1221049911,"Decreasing Batt Cap - Benchmark Chemistry"
2046,"TX",311191.438458515,"Decreasing Batt Cap - Benchmark Chemistry"
2046,"UT",36211.040671012,"Decreasing Batt Cap - Benchmark Chemistry"
2046,"VA",88427.6958656143,"Decreasing Batt Cap - Benchmark Chemistry"
2046,"VT",6066.25708123254,"Decreasing Batt Cap - Benchmark Chemistry"
2046,"WA",84347.3452111063,"Decreasing Batt Cap - Benchmark Chemistry"
2046,"WI",51581.4361149857,"Decreasing Batt Cap - Benchmark Chemistry"
2046,"WV",13521.5973747226,"Decreasing Batt Cap - Benchmark Chemistry"
2046,"WY",5120.00907550319,"Decreasing Batt Cap - Benchmark Chemistry"
2046,"YT",305.437079618211,"Decreasing Batt Cap - Benchmark Chemistry"
2047,"AB",37276.4607962518,"Decreasing Batt Cap - Benchmark Chemistry"
2047,"AK",6716.67262429491,"Decreasing Batt Cap - Benchmark Chemistry"
2047,"AL",48839.3844639867,"Decreasing Batt Cap - Benchmark Chemistry"
2047,"AR",27264.5500657359,"Decreasing Batt Cap - Benchmark Chemistry"
2047,"AZ",80258.4305634409,"Decreasing Batt Cap - Benchmark Chemistry"
2047,"BC",34872.0874285384,"Decreasing Batt Cap - Benchmark Chemistry"
2047,"CA",436356.997342171,"Decreasing Batt Cap - Benchmark Chemistry"
2047,"CO",69231.6935429452,"Decreasing Batt Cap - Benchmark Chemistry"
2047,"CT",33093.1355067635,"Decreasing Batt Cap - Benchmark Chemistry"
2047,"DC",6045.05479285882,"Decreasing Batt Cap - Benchmark Chemistry"
2047,"DE",11489.3503892783,"Decreasing Batt Cap - Benchmark Chemistry"
2047,"FL",246952.396446671,"Decreasing Batt Cap - Benchmark Chemistry"
2047,"GA",114220.48179231,"Decreasing Batt Cap - Benchmark Chemistry"
2047,"HI",15056.6245487802,"Decreasing Batt Cap - Benchmark Chemistry"
2047,"IA",31041.0489549001,"Decreasing Batt Cap - Benchmark Chemistry"
2047,"ID",23217.694997445,"Decreasing Batt Cap - Benchmark Chemistry"
2047,"IL",113536.885036048,"Decreasing Batt Cap - Benchmark Chemistry"
2047,"IN",64908.155738688,"Decreasing Batt Cap - Benchmark Chemistry"
2047,"KS",27375.4252730569,"Decreasing Batt Cap - Benchmark Chemistry"
2047,"KY",41751.4035950475,"Decreasing Batt Cap - Benchmark Chemistry"
2047,"LA",40825.1174070634,"Decreasing Batt Cap - Benchmark Chemistry"
2047,"MA",72449.8588711662,"Decreasing Batt Cap - Benchmark Chemistry"
2047,"MB",8523.1217959275,"Decreasing Batt Cap - Benchmark Chemistry"
2047,"MD",63480.9032894386,"Decreasing Batt Cap - Benchmark Chemistry"
2047,"ME",13499.9995892524,"Decreasing Batt Cap - Benchmark Chemistry"
2047,"MI",89909.2272600842,"Decreasing Batt Cap - Benchmark Chemistry"
2047,"MN",58882.3214543025,"Decreasing Batt Cap - Benchmark Chemistry"
2047,"MO",57779.80505686,"Decreasing Batt Cap - Benchmark Chemistry"
2047,"MS",26632.8003707109,"Decreasing Batt Cap - Benchmark Chemistry"
2047,"MT",10338.6965433526,"Decreasing Batt Cap - Benchmark Chemistry"
2047,"MX",239018.947156486,"Decreasing Batt Cap - Benchmark Chemistry"
2047,"NB",5605.34745570213,"Decreasing Batt Cap - Benchmark Chemistry"
2047,"NC",106315.454398086,"Decreasing Batt Cap - Benchmark Chemistry"
2047,"ND",9032.38127497948,"Decreasing Batt Cap - Benchmark Chemistry"
2047,"NE",19927.3946126539,"Decreasing Batt Cap - Benchmark Chemistry"
2047,"NH",14812.3136616764,"Decreasing Batt Cap - Benchmark Chemistry"
2047,"NJ",92285.5049007617,"Decreasing Batt Cap - Benchmark Chemistry"
2047,"NL",3259.96079548232,"Decreasing Batt Cap - Benchmark Chemistry"
2047,"NM",19818.1246136827,"Decreasing Batt Cap - Benchmark Chemistry"
2047,"NS",6215.02246257527,"Decreasing Batt Cap - Benchmark Chemistry"
2047,"NT",203.083266224831,"Decreasing Batt Cap - Benchmark Chemistry"
2047,"NU",0,"Decreasing Batt Cap - Benchmark Chemistry"
2047,"NV",35054.8053181807,"Decreasing Batt Cap - Benchmark Chemistry"
2047,"NY",164224.796392588,"Decreasing Batt Cap - Benchmark Chemistry"
2047,"OH",110722.316405014,"Decreasing Batt Cap - Benchmark Chemistry"
2047,"OK",41852.5099017538,"Decreasing Batt Cap - Benchmark Chemistry"
2047,"ON",95768.8121794764,"Decreasing Batt Cap - Benchmark Chemistry"
2047,"OR",44855.1568844812,"Decreasing Batt Cap - Benchmark Chemistry"
2047,"PA",116518.428071261,"Decreasing Batt Cap - Benchmark Chemistry"
2047,"PE",1097.36040183304,"Decreasing Batt Cap - Benchmark Chemistry"
2047,"QC",55193.9789764498,"Decreasing Batt Cap - Benchmark Chemistry"
2047,"RI",10320.2045389499,"Decreasing Batt Cap - Benchmark Chemistry"
2047,"SC",56370.5664720873,"Decreasing Batt Cap - Benchmark Chemistry"
2047,"SD",9370.36888745869,"Decreasing Batt Cap - Benchmark Chemistry"
2047,"SK",8582.5564856752,"Decreasing Batt Cap - Benchmark Chemistry"
2047,"TN",72718.5225367493,"Decreasing Batt Cap - Benchmark Chemistry"
2047,"TX",343486.768031064,"Decreasing Batt Cap - Benchmark Chemistry"
2047,"UT",39995.0574339734,"Decreasing Batt Cap - Benchmark Chemistry"
2047,"VA",97064.6664310995,"Decreasing Batt Cap - Benchmark Chemistry"
2047,"VT",6690.65538066559,"Decreasing Batt Cap - Benchmark Chemistry"
2047,"WA",92633.38963682,"Decreasing Batt Cap - Benchmark Chemistry"
2047,"WI",56474.2973559876,"Decreasing Batt Cap - Benchmark Chemistry"
2047,"WV",14696.9644093413,"Decreasing Batt Cap - Benchmark Chemistry"
2047,"WY",5559.77413571689,"Decreasing Batt Cap - Benchmark Chemistry"
2047,"YT",340.604321145256,"Decreasing Batt Cap - Benchmark Chemistry"
2048,"AB",41295.3058347449,"Decreasing Batt Cap - Benchmark Chemistry"
2048,"AK",7247.87644966384,"Decreasing Batt Cap - Benchmark Chemistry"
2048,"AL",52744.2174141469,"Decreasing Batt Cap - Benchmark Chemistry"
2048,"AR",29399.6202520863,"Decreasing Batt Cap - Benchmark Chemistry"
2048,"AZ",87175.1853500316,"Decreasing Batt Cap - Benchmark Chemistry"
2048,"BC",38727.9971328492,"Decreasing Batt Cap - Benchmark Chemistry"
2048,"CA",472004.748605149,"Decreasing Batt Cap - Benchmark Chemistry"
2048,"CO",75465.0416156915,"Decreasing Batt Cap - Benchmark Chemistry"
2048,"CT",35732.3479669138,"Decreasing Batt Cap - Benchmark Chemistry"
2048,"DC",6567.00830313101,"Decreasing Batt Cap - Benchmark Chemistry"
2048,"DE",12478.5646966665,"Decreasing Batt Cap - Benchmark Chemistry"
2048,"FL",269799.848482548,"Decreasing Batt Cap - Benchmark Chemistry"
2048,"GA",123827.787109019,"Decreasing Batt Cap - Benchmark Chemistry"
2048,"HI",16351.2526964617,"Decreasing Batt Cap - Benchmark Chemistry"
2048,"IA",33533.2756642404,"Decreasing Batt Cap - Benchmark Chemistry"
2048,"ID",25314.2263814929,"Decreasing Batt Cap - Benchmark Chemistry"
2048,"IL",122726.509550886,"Decreasing Batt Cap - Benchmark Chemistry"
2048,"IN",70094.9628326197,"Decreasing Batt Cap - Benchmark Chemistry"
2048,"KS",29431.6062589779,"Decreasing Batt Cap - Benchmark Chemistry"
2048,"KY",44956.8673151966,"Decreasing Batt Cap - Benchmark Chemistry"
2048,"LA",44102.58164697,"Decreasing Batt Cap - Benchmark Chemistry"
2048,"MA",79056.2562147557,"Decreasing Batt Cap - Benchmark Chemistry"
2048,"MB",9426.21492983438,"Decreasing Batt Cap - Benchmark Chemistry"
2048,"MD",68833.2041583896,"Decreasing Batt Cap - Benchmark Chemistry"
2048,"ME",14613.8900130521,"Decreasing Batt Cap - Benchmark Chemistry"
2048,"MI",97385.5556058768,"Decreasing Batt Cap - Benchmark Chemistry"
2048,"MN",63877.6881352663,"Decreasing Batt Cap - Benchmark Chemistry"
2048,"MO",62505.794458567,"Decreasing Batt Cap - Benchmark Chemistry"
2048,"MS",28546.2658128909,"Decreasing Batt Cap - Benchmark Chemistry"
2048,"MT",11176.2015851781,"Decreasing Batt Cap - Benchmark Chemistry"
2048,"MX",266026.717081117,"Decreasing Batt Cap - Benchmark Chemistry"
2048,"NB",6156.584794889,"Decreasing Batt Cap - Benchmark Chemistry"
2048,"NC",115248.187189219,"Decreasing Batt Cap - Benchmark Chemistry"
2048,"ND",9857.73882975941,"Decreasing Batt Cap - Benchmark Chemistry"
2048,"NE",21572.3454791724,"Decreasing Batt Cap - Benchmark Chemistry"
2048,"NH",16074.8351080387,"Decreasing Batt Cap - Benchmark Chemistry"
2048,"NJ",100218.741738624,"Decreasing Batt Cap - Benchmark Chemistry"
2048,"NL",3607.66029505015,"Decreasing Batt Cap - Benchmark Chemistry"
2048,"NM",21320.9485483694,"Decreasing Batt Cap - Benchmark Chemistry"
2048,"NS",6810.83577312275,"Decreasing Batt Cap - Benchmark Chemistry"
2048,"NT",225.805924650365,"Decreasing Batt Cap - Benchmark Chemistry"
2048,"NU",0,"Decreasing Batt Cap - Benchmark Chemistry"
2048,"NV",38175.2376423822,"Decreasing Batt Cap - Benchmark Chemistry"
2048,"NY",178245.425521059,"Decreasing Batt Cap - Benchmark Chemistry"
2048,"OH",119341.261160327,"Decreasing Batt Cap - Benchmark Chemistry"
2048,"OK",45754.2295356794,"Decreasing Batt Cap - Benchmark Chemistry"
2048,"ON",105938.803172167,"Decreasing Batt Cap - Benchmark Chemistry"
2048,"OR",48448.0173803466,"Decreasing Batt Cap - Benchmark Chemistry"
2048,"PA",124932.064942078,"Decreasing Batt Cap - Benchmark Chemistry"
2048,"PE",1198.66664210159,"Decreasing Batt Cap - Benchmark Chemistry"
2048,"QC",60886.8146240984,"Decreasing Batt Cap - Benchmark Chemistry"
2048,"RI",11237.9152770528,"Decreasing Batt Cap - Benchmark Chemistry"
2048,"SC",61135.9658575505,"Decreasing Batt Cap - Benchmark Chemistry"
2048,"SD",10132.5081708119,"Decreasing Batt Cap - Benchmark Chemistry"
2048,"SK",9542.98330077761,"Decreasing Batt Cap - Benchmark Chemistry"
2048,"TN",78804.768099656,"Decreasing Batt Cap - Benchmark Chemistry"
2048,"TX",374479.857002958,"Decreasing Batt Cap - Benchmark Chemistry"
2048,"UT",43616.7836362975,"Decreasing Batt Cap - Benchmark Chemistry"
2048,"VA",105352.177535357,"Decreasing Batt Cap - Benchmark Chemistry"
2048,"VT",7281.61045461942,"Decreasing Batt Cap - Benchmark Chemistry"
2048,"WA",100598.192601498,"Decreasing Batt Cap - Benchmark Chemistry"
2048,"WI",61187.1211072397,"Decreasing Batt Cap - Benchmark Chemistry"
2048,"WV",15798.1857228568,"Decreasing Batt Cap - Benchmark Chemistry"
2048,"WY",5978.11295898561,"Decreasing Batt Cap - Benchmark Chemistry"
2048,"YT",380.950203212774,"Decreasing Batt Cap - Benchmark Chemistry"
2049,"AB",45165.5178099194,"Decreasing Batt Cap - Benchmark Chemistry"
2049,"AK",7735.52521590992,"Decreasing Batt Cap - Benchmark Chemistry"
2049,"AL",56359.7426856485,"Decreasing Batt Cap - Benchmark Chemistry"
2049,"AR",31386.4097308996,"Decreasing Batt Cap - Benchmark Chemistry"
2049,"AZ",93695.7208171963,"Decreasing Batt Cap - Benchmark Chemistry"
2049,"BC",42421.2005117652,"Decreasing Batt Cap - Benchmark Chemistry"
2049,"CA",505704.688517027,"Decreasing Batt Cap - Benchmark Chemistry"
2049,"CO",81392.170117777,"Decreasing Batt Cap - Benchmark Chemistry"
2049,"CT",38199.6656343775,"Decreasing Batt Cap - Benchmark Chemistry"
2049,"DC",7068.56196371573,"Decreasing Batt Cap - Benchmark Chemistry"
2049,"DE",13425.1845795102,"Decreasing Batt Cap - Benchmark Chemistry"
2049,"FL",291153.15234922,"Decreasing Batt Cap - Benchmark Chemistry"
2049,"GA",132795.510921096,"Decreasing Batt Cap - Benchmark Chemistry"
2049,"HI",17558.7132307176,"Decreasing Batt Cap - Benchmark Chemistry"
2049,"IA",35833.0314071418,"Decreasing Batt Cap - Benchmark Chemistry"
2049,"ID",27284.5584801303,"Decreasing Batt Cap - Benchmark Chemistry"
2049,"IL",131091.873611401,"Decreasing Batt Cap - Benchmark Chemistry"
2049,"IN",74852.3975482574,"Decreasing Batt Cap - Benchmark Chemistry"
2049,"KS",31349.136171438,"Decreasing Batt Cap - Benchmark Chemistry"
2049,"KY",47920.3011593317,"Decreasing Batt Cap - Benchmark Chemistry"
2049,"LA",47100.0863908826,"Decreasing Batt Cap - Benchmark Chemistry"
2049,"MA",85254.3446205184,"Decreasing Batt Cap - Benchmark Chemistry"
2049,"MB",10302.9316251115,"Decreasing Batt Cap - Benchmark Chemistry"
2049,"MD",73849.0218460111,"Decreasing Batt Cap - Benchmark Chemistry"
2049,"ME",15614.2759475939,"Decreasing Batt Cap - Benchmark Chemistry"
2049,"MI",104399.713250007,"Decreasing Batt Cap - Benchmark Chemistry"
2049,"MN",68524.3505689398,"Decreasing Batt Cap - Benchmark Chemistry"
2049,"MO",66860.3887518438,"Decreasing Batt Cap - Benchmark Chemistry"
2049,"MS",30302.1833304863,"Decreasing Batt Cap - Benchmark Chemistry"
2049,"MT",11955.8588276909,"Decreasing Batt Cap - Benchmark Chemistry"
2049,"MX",292074.06797028,"Decreasing Batt Cap - Benchmark Chemistry"
2049,"NB",6674.29619670706,"Decreasing Batt Cap - Benchmark Chemistry"
2049,"NC",123590.549810839,"Decreasing Batt Cap - Benchmark Chemistry"
2049,"ND",10640.0449876258,"Decreasing Batt Cap - Benchmark Chemistry"
2049,"NE",23087.7952136151,"Decreasing Batt Cap - Benchmark Chemistry"
2049,"NH",17212.9232530258,"Decreasing Batt Cap - Benchmark Chemistry"
2049,"NJ",107618.036850727,"Decreasing Batt Cap - Benchmark Chemistry"
2049,"NL",3927.68135934322,"Decreasing Batt Cap - Benchmark Chemistry"
2049,"NM",22716.0302393749,"Decreasing Batt Cap - Benchmark Chemistry"
2049,"NS",7379.63369629269,"Decreasing Batt Cap - Benchmark Chemistry"
2049,"NT",248.391350306505,"Decreasing Batt Cap - Benchmark Chemistry"
2049,"NU",0,"Decreasing Batt Cap - Benchmark Chemistry"
2049,"NV",41124.5031453098,"Decreasing Batt Cap - Benchmark Chemistry"
2049,"NY",191333.938798684,"Decreasing Batt Cap - Benchmark Chemistry"
2049,"OH",127253.928900313,"Decreasing Batt Cap - Benchmark Chemistry"
2049,"OK",49463.3229105466,"Decreasing Batt Cap - Benchmark Chemistry"
2049,"ON",115546.154960824,"Decreasing Batt Cap - Benchmark Chemistry"
2049,"OR",51825.8035942711,"Decreasing Batt Cap - Benchmark Chemistry"
2049,"PA",132656.501151331,"Decreasing Batt Cap - Benchmark Chemistry"
2049,"PE",1306.87353965059,"Decreasing Batt Cap - Benchmark Chemistry"
2049,"QC",66305.144999379,"Decreasing Batt Cap - Benchmark Chemistry"
2049,"RI",12055.3743054993,"Decreasing Batt Cap - Benchmark Chemistry"
2049,"SC",65608.7428070408,"Decreasing Batt Cap - Benchmark Chemistry"
2049,"SD",10864.3724365974,"Decreasing Batt Cap - Benchmark Chemistry"
2049,"SK",10443.9800934246,"Decreasing Batt Cap - Benchmark Chemistry"
2049,"TN",84487.6541601728,"Decreasing Batt Cap - Benchmark Chemistry"
2049,"TX",403369.832218784,"Decreasing Batt Cap - Benchmark Chemistry"
2049,"UT",47074.3976618567,"Decreasing Batt Cap - Benchmark Chemistry"
2049,"VA",113105.046350277,"Decreasing Batt Cap - Benchmark Chemistry"
2049,"VT",7825.42375101623,"Decreasing Batt Cap - Benchmark Chemistry"
2049,"WA",108067.804574372,"Decreasing Batt Cap - Benchmark Chemistry"
2049,"WI",65530.1955157224,"Decreasing Batt Cap - Benchmark Chemistry"
2049,"WV",16788.0286040528,"Decreasing Batt Cap - Benchmark Chemistry"
2049,"WY",6375.72699236007,"Decreasing Batt Cap - Benchmark Chemistry"
2049,"YT",421.499264796302,"Decreasing Batt Cap - Benchmark Chemistry"
2050,"AB",48769.7388508065,"Decreasing Batt Cap - Benchmark Chemistry"
2050,"AK",8181.5278102211,"Decreasing Batt Cap - Benchmark Chemistry"
2050,"AL",59629.3112017588,"Decreasing Batt Cap - Benchmark Chemistry"
2050,"AR",33172.6658210611,"Decreasing Batt Cap - Benchmark Chemistry"
2050,"AZ",99656.2434490869,"Decreasing Batt Cap - Benchmark Chemistry"
2050,"BC",45930.1632879657,"Decreasing Batt Cap - Benchmark Chemistry"
2050,"CA",536324.448327817,"Decreasing Batt Cap - Benchmark Chemistry"
2050,"CO",86848.5186590026,"Decreasing Batt Cap - Benchmark Chemistry"
2050,"CT",40389.9431465897,"Decreasing Batt Cap - Benchmark Chemistry"
2050,"DC",7509.8777856129,"Decreasing Batt Cap - Benchmark Chemistry"
2050,"DE",14260.6648655978,"Decreasing Batt Cap - Benchmark Chemistry"
2050,"FL",310567.658737204,"Decreasing Batt Cap - Benchmark Chemistry"
2050,"GA",140961.83922056,"Decreasing Batt Cap - Benchmark Chemistry"
2050,"HI",18669.6490637191,"Decreasing Batt Cap - Benchmark Chemistry"
2050,"IA",37921.4393753732,"Decreasing Batt Cap - Benchmark Chemistry"
2050,"ID",29126.873006802,"Decreasing Batt Cap - Benchmark Chemistry"
2050,"IL",138459.1630382,"Decreasing Batt Cap - Benchmark Chemistry"
2050,"IN",79187.3824833099,"Decreasing Batt Cap - Benchmark Chemistry"
2050,"KS",33043.1016333633,"Decreasing Batt Cap - Benchmark Chemistry"
2050,"KY",50588.517584173,"Decreasing Batt Cap - Benchmark Chemistry"
2050,"LA",49788.6769615634,"Decreasing Batt Cap - Benchmark Chemistry"
2050,"MA",90816.4445253932,"Decreasing Batt Cap - Benchmark Chemistry"
2050,"MB",11120.9757928047,"Decreasing Batt Cap - Benchmark Chemistry"
2050,"MD",78349.910651813,"Decreasing Batt Cap - Benchmark Chemistry"
2050,"ME",16509.7759155636,"Decreasing Batt Cap - Benchmark Chemistry"
2050,"MI",110708.558110773,"Decreasing Batt Cap - Benchmark Chemistry"
2050,"MN",72729.1044425572,"Decreasing Batt Cap - Benchmark Chemistry"
2050,"MO",70775.3051510242,"Decreasing Batt Cap - Benchmark Chemistry"
2050,"MS",31854.2900913169,"Decreasing Batt Cap - Benchmark Chemistry"
2050,"MT",12683.8910658309,"Decreasing Batt Cap - Benchmark Chemistry"
2050,"MX",316736.752752062,"Decreasing Batt Cap - Benchmark Chemistry"
2050,"NB",7151.58750734995,"Decreasing Batt Cap - Benchmark Chemistry"
2050,"NC",131255.486562457,"Decreasing Batt Cap - Benchmark Chemistry"
2050,"ND",11331.8148124436,"Decreasing Batt Cap - Benchmark Chemistry"
2050,"NE",24489.7802892707,"Decreasing Batt Cap - Benchmark Chemistry"
2050,"NH",18226.9031066168,"Decreasing Batt Cap - Benchmark Chemistry"
2050,"NJ",114305.818989482,"Decreasing Batt Cap - Benchmark Chemistry"
2050,"NL",4227.25905522352,"Decreasing Batt Cap - Benchmark Chemistry"
2050,"NM",23959.522770512,"Decreasing Batt Cap - Benchmark Chemistry"
2050,"NS",7908.95672867304,"Decreasing Batt Cap - Benchmark Chemistry"
2050,"NT",273.726267505968,"Decreasing Batt Cap - Benchmark Chemistry"
2050,"NU",7.10127274753215,"Decreasing Batt Cap - Benchmark Chemistry"
2050,"NV",43827.5901253955,"Decreasing Batt Cap - Benchmark Chemistry"
2050,"NY",203015.086366142,"Decreasing Batt Cap - Benchmark Chemistry"
2050,"OH",134294.822011475,"Decreasing Batt Cap - Benchmark Chemistry"
2050,"OK",52850.2322144528,"Decreasing Batt Cap - Benchmark Chemistry"
2050,"ON",124521.790344398,"Decreasing Batt Cap - Benchmark Chemistry"
2050,"OR",54978.9407328689,"Decreasing Batt Cap - Benchmark Chemistry"
2050,"PA",139623.956664388,"Decreasing Batt Cap - Benchmark Chemistry"
2050,"PE",1401.01189531626,"Decreasing Batt Cap - Benchmark Chemistry"
2050,"QC",71440.1303651802,"Decreasing Batt Cap - Benchmark Chemistry"
2050,"RI",12783.9792011445,"Decreasing Batt Cap - Benchmark Chemistry"
2050,"SC",69678.4317751229,"Decreasing Batt Cap - Benchmark Chemistry"
2050,"SD",11525.9676882224,"Decreasing Batt Cap - Benchmark Chemistry"
2050,"SK",11279.778312102,"Decreasing Batt Cap - Benchmark Chemistry"
2050,"TN",89628.455831892,"Decreasing Batt Cap - Benchmark Chemistry"
2050,"TX",429458.811494468,"Decreasing Batt Cap - Benchmark Chemistry"
2050,"UT",50199.2145003063,"Decreasing Batt Cap - Benchmark Chemistry"
2050,"VA",120110.40050288,"Decreasing Batt Cap - Benchmark Chemistry"
2050,"VT",8310.20845471238,"Decreasing Batt Cap - Benchmark Chemistry"
2050,"WA",114939.037370402,"Decreasing Batt Cap - Benchmark Chemistry"
2050,"WI",69411.3541911735,"Decreasing Batt Cap - Benchmark Chemistry"
2050,"WV",17668.6281239114,"Decreasing Batt Cap - Benchmark Chemistry"
2050,"WY",6731.21995812779,"Decreasing Batt Cap - Benchmark Chemistry"
2050,"YT",458.101779307694,"Decreasing Batt Cap - Benchmark Chemistry"
2025,"AB",21.9542356197785,"Decreasing Batt Cap - High LFP Chemistry"
2025,"AK",5.44705106384826,"Decreasing Batt Cap - High LFP Chemistry"
2025,"AL",17.8073838765155,"Decreasing Batt Cap - High LFP Chemistry"
2025,"AR",10.8871466371202,"Decreasing Batt Cap - High LFP Chemistry"
2025,"AZ",89.0628055884012,"Decreasing Batt Cap - High LFP Chemistry"
2025,"BC",115.961851810543,"Decreasing Batt Cap - High LFP Chemistry"
2025,"CA",1457.52300336714,"Decreasing Batt Cap - High LFP Chemistry"
2025,"CO",90.5784139614489,"Decreasing Batt Cap - High LFP Chemistry"
2025,"CT",37.5670498627087,"Decreasing Batt Cap - High LFP Chemistry"
2025,"DC",15.4496416048392,"Decreasing Batt Cap - High LFP Chemistry"
2025,"DE",11.8314031604296,"Decreasing Batt Cap - High LFP Chemistry"
2025,"FL",212.035401978471,"Decreasing Batt Cap - High LFP Chemistry"
2025,"GA",153.139176305613,"Decreasing Batt Cap - High LFP Chemistry"
2025,"HI",48.627297299482,"Decreasing Batt Cap - High LFP Chemistry"
2025,"IA",16.1021189891511,"Decreasing Batt Cap - High LFP Chemistry"
2025,"ID",14.8457504145312,"Decreasing Batt Cap - High LFP Chemistry"
2025,"IL",98.5385940355276,"Decreasing Batt Cap - High LFP Chemistry"
2025,"IN",28.9739374901066,"Decreasing Batt Cap - High LFP Chemistry"
2025,"KS",17.8433817043352,"Decreasing Batt Cap - High LFP Chemistry"
2025,"KY",17.0489039196422,"Decreasing Batt Cap - High LFP Chemistry"
2025,"LA",13.1333395868524,"Decreasing Batt Cap - High LFP Chemistry"
2025,"MA",71.7239475093378,"Decreasing Batt Cap - High LFP Chemistry"
2025,"MB",6.27868510496921,"Decreasing Batt Cap - High LFP Chemistry"
2025,"MD",63.8867212383757,"Decreasing Batt Cap - High LFP Chemistry"
2025,"ME",12.8929506989309,"Decreasing Batt Cap - High LFP Chemistry"
2025,"MI",48.8397765045464,"Decreasing Batt Cap - High LFP Chemistry"
2025,"MN",37.7371035184045,"Decreasing Batt Cap - High LFP Chemistry"
2025,"MO",30.082966679011,"Decreasing Batt Cap - High LFP Chemistry"
2025,"MS",3.39738629882595,"Decreasing Batt Cap - High LFP Chemistry"
2025,"MT",6.53217420222173,"Decreasing Batt Cap - High LFP Chemistry"
2025,"MX",13.2291371168989,"Decreasing Batt Cap - High LFP Chemistry"
2025,"NB",0.325640010475007,"Decreasing Batt Cap - High LFP Chemistry"
2025,"NC",58.9116879808441,"Decreasing Batt Cap - High LFP Chemistry"
2025,"ND",0.121364519760008,"Decreasing Batt Cap - High LFP Chemistry"
2025,"NE",11.7717625955015,"Decreasing Batt Cap - High LFP Chemistry"
2025,"NH",16.3554531092637,"Decreasing Batt Cap - High LFP Chemistry"
2025,"NJ",100.188760363922,"Decreasing Batt Cap - High LFP Chemistry"
2025,"NL",0,"Decreasing Batt Cap - High LFP Chemistry"
2025,"NM",16.8908707450241,"Decreasing Batt Cap - High LFP Chemistry"
2025,"NS",2.05491728194336,"Decreasing Batt Cap - High LFP Chemistry"
2025,"NT",0,"Decreasing Batt Cap - High LFP Chemistry"
2025,"NU",0,"Decreasing Batt Cap - High LFP Chemistry"
2025,"NV",41.303471544355,"Decreasing Batt Cap - High LFP Chemistry"
2025,"NY",123.916071716775,"Decreasing Batt Cap - High LFP Chemistry"
2025,"OH",49.9692653539735,"Decreasing Batt Cap - High LFP Chemistry"
2025,"OK",23.9868781467304,"Decreasing Batt Cap - High LFP Chemistry"
2025,"ON",127.081705003581,"Decreasing Batt Cap - High LFP Chemistry"
2025,"OR",95.3529613854793,"Decreasing Batt Cap - High LFP Chemistry"
2025,"PA",64.5959810452858,"Decreasing Batt Cap - High LFP Chemistry"
2025,"PE",0,"Decreasing Batt Cap - High LFP Chemistry"
2025,"QC",167.175530625409,"Decreasing Batt Cap - High LFP Chemistry"
2025,"RI",11.3623848108726,"Decreasing Batt Cap - High LFP Chemistry"
2025,"SC",23.4175391920478,"Decreasing Batt Cap - High LFP Chemistry"
2025,"SD",1.22197174173845,"Decreasing Batt Cap - High LFP Chemistry"
2025,"SK",0.19731426425662,"Decreasing Batt Cap - High LFP Chemistry"
2025,"TN",35.1475543980489,"Decreasing Batt Cap - High LFP Chemistry"
2025,"TX",201.395035121014,"Decreasing Batt Cap - High LFP Chemistry"
2025,"UT",42.3989527232993,"Decreasing Batt Cap - High LFP Chemistry"
2025,"VA",69.3886190003722,"Decreasing Batt Cap - High LFP Chemistry"
2025,"VT",14.4731880297108,"Decreasing Batt Cap - High LFP Chemistry"
2025,"WA",198.858235871842,"Decreasing Batt Cap - High LFP Chemistry"
2025,"WI",34.345058368944,"Decreasing Batt Cap - High LFP Chemistry"
2025,"WV",3.42867429426353,"Decreasing Batt Cap - High LFP Chemistry"
2025,"WY",0.89633173126344,"Decreasing Batt Cap - High LFP Chemistry"
2025,"YT",0,"Decreasing Batt Cap - High LFP Chemistry"
2026,"AB",43.9465387430134,"Decreasing Batt Cap - High LFP Chemistry"
2026,"AK",14.198546188927,"Decreasing Batt Cap - High LFP Chemistry"
2026,"AL",54.7273509011823,"Decreasing Batt Cap - High LFP Chemistry"
2026,"AR",32.0835636970599,"Decreasing Batt Cap - High LFP Chemistry"
2026,"AZ",188.016534591252,"Decreasing Batt Cap - High LFP Chemistry"
2026,"BC",189.994054819696,"Decreasing Batt Cap - High LFP Chemistry"
2026,"CA",2592.27686378811,"Decreasing Batt Cap - High LFP Chemistry"
2026,"CO",182.175939231848,"Decreasing Batt Cap - High LFP Chemistry"
2026,"CT",77.0456787841375,"Decreasing Batt Cap - High LFP Chemistry"
2026,"DC",24.626757451095,"Decreasing Batt Cap - High LFP Chemistry"
2026,"DE",25.3118159185387,"Decreasing Batt Cap - High LFP Chemistry"
2026,"FL",478.941445049308,"Decreasing Batt Cap - High LFP Chemistry"
2026,"GA",307.529676828305,"Decreasing Batt Cap - High LFP Chemistry"
2026,"HI",83.554416318465,"Decreasing Batt Cap - High LFP Chemistry"
2026,"IA",40.4334877264375,"Decreasing Batt Cap - High LFP Chemistry"
2026,"ID",33.8287758400247,"Decreasing Batt Cap - High LFP Chemistry"
2026,"IL",232.679294180884,"Decreasing Batt Cap - High LFP Chemistry"
2026,"IN",86.8707659185286,"Decreasing Batt Cap - High LFP Chemistry"
2026,"KS",42.5597132339999,"Decreasing Batt Cap - High LFP Chemistry"
2026,"KY",52.6744974143147,"Decreasing Batt Cap - High LFP Chemistry"
2026,"LA",47.6907757244084,"Decreasing Batt Cap - High LFP Chemistry"
2026,"MA",157.226189905889,"Decreasing Batt Cap - High LFP Chemistry"
2026,"MB",12.2682984158913,"Decreasing Batt Cap - High LFP Chemistry"
2026,"MD",141.059334048153,"Decreasing Batt Cap - High LFP Chemistry"
2026,"ME",27.8616084103061,"Decreasing Batt Cap - High LFP Chemistry"
2026,"MI",135.675940992487,"Decreasing Batt Cap - High LFP Chemistry"
2026,"MN",89.5113160792448,"Decreasing Batt Cap - High LFP Chemistry"
2026,"MO",81.8425079238691,"Decreasing Batt Cap - High LFP Chemistry"
2026,"MS",27.3758678665624,"Decreasing Batt Cap - High LFP Chemistry"
2026,"MT",18.7479941845243,"Decreasing Batt Cap - High LFP Chemistry"
2026,"MX",48.1102836565347,"Decreasing Batt Cap - High LFP Chemistry"
2026,"NB",4.1738206713011,"Decreasing Batt Cap - High LFP Chemistry"
2026,"NC",158.388451603173,"Decreasing Batt Cap - High LFP Chemistry"
2026,"ND",6.89079887859113,"Decreasing Batt Cap - High LFP Chemistry"
2026,"NE",31.0427387780481,"Decreasing Batt Cap - High LFP Chemistry"
2026,"NH",30.9890155766553,"Decreasing Batt Cap - High LFP Chemistry"
2026,"NJ",217.479931777238,"Decreasing Batt Cap - High LFP Chemistry"
2026,"NL",1.15236261921316,"Decreasing Batt Cap - High LFP Chemistry"
2026,"NM",35.3324300335163,"Decreasing Batt Cap - High LFP Chemistry"
2026,"NS",9.12685988749216,"Decreasing Batt Cap - High LFP Chemistry"
2026,"NT",0,"Decreasing Batt Cap - High LFP Chemistry"
2026,"NU",0,"Decreasing Batt Cap - High LFP Chemistry"
2026,"NV",81.3018471330573,"Decreasing Batt Cap - High LFP Chemistry"
2026,"NY",319.38792919284,"Decreasing Batt Cap - High LFP Chemistry"
2026,"OH",155.570213591386,"Decreasing Batt Cap - High LFP Chemistry"
2026,"OK",60.492545563564,"Decreasing Batt Cap - High LFP Chemistry"
2026,"ON",235.958968953242,"Decreasing Batt Cap - High LFP Chemistry"
2026,"OR",177.81766260769,"Decreasing Batt Cap - High LFP Chemistry"
2026,"PA",185.505627489004,"Decreasing Batt Cap - High LFP Chemistry"
2026,"PE",0,"Decreasing Batt Cap - High LFP Chemistry"
2026,"QC",284.467504106337,"Decreasing Batt Cap - High LFP Chemistry"
2026,"RI",23.9178149602359,"Decreasing Batt Cap - High LFP Chemistry"
2026,"SC",60.2876242931077,"Decreasing Batt Cap - High LFP Chemistry"
2026,"SD",10.2146015286889,"Decreasing Batt Cap - High LFP Chemistry"
2026,"SK",8.87384424389059,"Decreasing Batt Cap - High LFP Chemistry"
2026,"TN",100.932774535212,"Decreasing Batt Cap - High LFP Chemistry"
2026,"TX",510.057811036721,"Decreasing Batt Cap - High LFP Chemistry"
2026,"UT",86.7870701984855,"Decreasing Batt Cap - High LFP Chemistry"
2026,"VA",164.508740901685,"Decreasing Batt Cap - High LFP Chemistry"
2026,"VT",23.7183469459108,"Decreasing Batt Cap - High LFP Chemistry"
2026,"WA",358.574948340864,"Decreasing Batt Cap - High LFP Chemistry"
2026,"WI",89.6257917671824,"Decreasing Batt Cap - High LFP Chemistry"
2026,"WV",18.5769145550927,"Decreasing Batt Cap - High LFP Chemistry"
2026,"WY",6.01704743257193,"Decreasing Batt Cap - High LFP Chemistry"
2026,"YT",0,"Decreasing Batt Cap - High LFP Chemistry"
2027,"AB",75.0264899350775,"Decreasing Batt Cap - High LFP Chemistry"
2027,"AK",31.1199803420599,"Decreasing Batt Cap - High LFP Chemistry"
2027,"AL",136.03441914951,"Decreasing Batt Cap - High LFP Chemistry"
2027,"AR",79.3927842542076,"Decreasing Batt Cap - High LFP Chemistry"
2027,"AZ",376.994389102228,"Decreasing Batt Cap - High LFP Chemistry"
2027,"BC",318.556390258909,"Decreasing Batt Cap - High LFP Chemistry"
2027,"CA",4742.51987200243,"Decreasing Batt Cap - High LFP Chemistry"
2027,"CO",361.078480468473,"Decreasing Batt Cap - High LFP Chemistry"
2027,"CT",158.699330882054,"Decreasing Batt Cap - High LFP Chemistry"
2027,"DC",45.1475999882415,"Decreasing Batt Cap - High LFP Chemistry"
2027,"DE",44.0937761354294,"Decreasing Batt Cap - High LFP Chemistry"
2027,"FL",1001.23182408354,"Decreasing Batt Cap - High LFP Chemistry"
2027,"GA",628.586458298125,"Decreasing Batt Cap - High LFP Chemistry"
2027,"HI",147.632308163365,"Decreasing Batt Cap - High LFP Chemistry"
2027,"IA",94.7836522300308,"Decreasing Batt Cap - High LFP Chemistry"
2027,"ID",67.2420244761188,"Decreasing Batt Cap - High LFP Chemistry"
2027,"IL",506.763322958053,"Decreasing Batt Cap - High LFP Chemistry"
2027,"IN",206.580896634919,"Decreasing Batt Cap - High LFP Chemistry"
2027,"KS",93.744945444717,"Decreasing Batt Cap - High LFP Chemistry"
2027,"KY",117.307953269221,"Decreasing Batt Cap - High LFP Chemistry"
2027,"LA",115.797486238043,"Decreasing Batt Cap - High LFP Chemistry"
2027,"MA",332.524513685012,"Decreasing Batt Cap - High LFP Chemistry"
2027,"MB",26.4180849835076,"Decreasing Batt Cap - High LFP Chemistry"
2027,"MD",292.420003135266,"Decreasing Batt Cap - High LFP Chemistry"
2027,"ME",51.9987945751355,"Decreasing Batt Cap - High LFP Chemistry"
2027,"MI",316.494777047443,"Decreasing Batt Cap - High LFP Chemistry"
2027,"MN",203.919691806287,"Decreasing Batt Cap - High LFP Chemistry"
2027,"MO",191.088233337588,"Decreasing Batt Cap - High LFP Chemistry"
2027,"MS",73.131838584689,"Decreasing Batt Cap - High LFP Chemistry"
2027,"MT",37.6041200874975,"Decreasing Batt Cap - High LFP Chemistry"
2027,"MX",150.959862704897,"Decreasing Batt Cap - High LFP Chemistry"
2027,"NB",12.7117707576705,"Decreasing Batt Cap - High LFP Chemistry"
2027,"NC",369.547009541845,"Decreasing Batt Cap - High LFP Chemistry"
2027,"ND",21.4394358794275,"Decreasing Batt Cap - High LFP Chemistry"
2027,"NE",63.2212972152682,"Decreasing Batt Cap - High LFP Chemistry"
2027,"NH",56.6448950522293,"Decreasing Batt Cap - High LFP Chemistry"
2027,"NJ",446.95389955408,"Decreasing Batt Cap - High LFP Chemistry"
2027,"NL",3.81926247220302,"Decreasing Batt Cap - High LFP Chemistry"
2027,"NM",70.3307098896293,"Decreasing Batt Cap - High LFP Chemistry"
2027,"NS",17.9015891637324,"Decreasing Batt Cap - High LFP Chemistry"
2027,"NT",0,"Decreasing Batt Cap - High LFP Chemistry"
2027,"NU",0,"Decreasing Batt Cap - High LFP Chemistry"
2027,"NV",161.864666798532,"Decreasing Batt Cap - High LFP Chemistry"
2027,"NY",722.73529459189,"Decreasing Batt Cap - High LFP Chemistry"
2027,"OH",368.679959882648,"Decreasing Batt Cap - High LFP Chemistry"
2027,"OK",125.945710927449,"Decreasing Batt Cap - High LFP Chemistry"
2027,"ON",414.569996626339,"Decreasing Batt Cap - High LFP Chemistry"
2027,"OR",343.667171205625,"Decreasing Batt Cap - High LFP Chemistry"
2027,"PA",434.118544787885,"Decreasing Batt Cap - High LFP Chemistry"
2027,"PE",0.426316391067763,"Decreasing Batt Cap - High LFP Chemistry"
2027,"QC",478.299996489279,"Decreasing Batt Cap - High LFP Chemistry"
2027,"RI",43.2179944706911,"Decreasing Batt Cap - High LFP Chemistry"
2027,"SC",152.167053917541,"Decreasing Batt Cap - High LFP Chemistry"
2027,"SD",27.2985060248721,"Decreasing Batt Cap - High LFP Chemistry"
2027,"SK",17.7043820587999,"Decreasing Batt Cap - High LFP Chemistry"
2027,"TN",230.153371730959,"Decreasing Batt Cap - High LFP Chemistry"
2027,"TX",1138.20759863284,"Decreasing Batt Cap - High LFP Chemistry"
2027,"UT",171.192010836821,"Decreasing Batt Cap - High LFP Chemistry"
2027,"VA",356.594581082371,"Decreasing Batt Cap - High LFP Chemistry"
2027,"VT",40.7918420416914,"Decreasing Batt Cap - High LFP Chemistry"
2027,"WA",685.982918119827,"Decreasing Batt Cap - High LFP Chemistry"
2027,"WI",202.202096619719,"Decreasing Batt Cap - High LFP Chemistry"
2027,"WV",45.6537439996875,"Decreasing Batt Cap - High LFP Chemistry"
2027,"WY",16.5595626715177,"Decreasing Batt Cap - High LFP Chemistry"
2027,"YT",0,"Decreasing Batt Cap - High LFP Chemistry"
2028,"AB",122.143254458309,"Decreasing Batt Cap - High LFP Chemistry"
2028,"AK",50.6392416781497,"Decreasing Batt Cap - High LFP Chemistry"
2028,"AL",259.193181119115,"Decreasing Batt Cap - High LFP Chemistry"
2028,"AR",152.539090864562,"Decreasing Batt Cap - High LFP Chemistry"
2028,"AZ",679.803193451665,"Decreasing Batt Cap - High LFP Chemistry"
2028,"BC",517.941841357881,"Decreasing Batt Cap - High LFP Chemistry"
2028,"CA",7873.83565937136,"Decreasing Batt Cap - High LFP Chemistry"
2028,"CO",631.023604801462,"Decreasing Batt Cap - High LFP Chemistry"
2028,"CT",291.749433478714,"Decreasing Batt Cap - High LFP Chemistry"
2028,"DC",71.3427205827357,"Decreasing Batt Cap - High LFP Chemistry"
2028,"DE",74.2856539833562,"Decreasing Batt Cap - High LFP Chemistry"
2028,"FL",1811.71780186135,"Decreasing Batt Cap - High LFP Chemistry"
2028,"GA",1112.90027844999,"Decreasing Batt Cap - High LFP Chemistry"
2028,"HI",251.461802120986,"Decreasing Batt Cap - High LFP Chemistry"
2028,"IA",178.710501703063,"Decreasing Batt Cap - High LFP Chemistry"
2028,"ID",121.798545417397,"Decreasing Batt Cap - High LFP Chemistry"
2028,"IL",929.425481546152,"Decreasing Batt Cap - High LFP Chemistry"
2028,"IN",388.567659926306,"Decreasing Batt Cap - High LFP Chemistry"
2028,"KS",173.329950298602,"Decreasing Batt Cap - High LFP Chemistry"
2028,"KY",234.69905945567,"Decreasing Batt Cap - High LFP Chemistry"
2028,"LA",228.647271086948,"Decreasing Batt Cap - High LFP Chemistry"
2028,"MA",601.455321564205,"Decreasing Batt Cap - High LFP Chemistry"
2028,"MB",37.4298762022095,"Decreasing Batt Cap - High LFP Chemistry"
2028,"MD",527.118498870468,"Decreasing Batt Cap - High LFP Chemistry"
2028,"ME",90.2563677929863,"Decreasing Batt Cap - High LFP Chemistry"
2028,"MI",609.592753101963,"Decreasing Batt Cap - High LFP Chemistry"
2028,"MN",379.398490817254,"Decreasing Batt Cap - High LFP Chemistry"
2028,"MO",357.146743640158,"Decreasing Batt Cap - High LFP Chemistry"
2028,"MS",139.492773537614,"Decreasing Batt Cap - High LFP Chemistry"
2028,"MT",67.4260752682515,"Decreasing Batt Cap - High LFP Chemistry"
2028,"MX",321.357503885337,"Decreasing Batt Cap - High LFP Chemistry"
2028,"NB",24.0167407524896,"Decreasing Batt Cap - High LFP Chemistry"
2028,"NC",691.057722235771,"Decreasing Batt Cap - High LFP Chemistry"
2028,"ND",41.0557672697471,"Decreasing Batt Cap - High LFP Chemistry"
2028,"NE",113.680009339587,"Decreasing Batt Cap - High LFP Chemistry"
2028,"NH",100.713744324975,"Decreasing Batt Cap - High LFP Chemistry"
2028,"NJ",807.845578683925,"Decreasing Batt Cap - High LFP Chemistry"
2028,"NL",11.409206429374,"Decreasing Batt Cap - High LFP Chemistry"
2028,"NM",127.57268480329,"Decreasing Batt Cap - High LFP Chemistry"
2028,"NS",31.0545409999213,"Decreasing Batt Cap - High LFP Chemistry"
2028,"NT",0,"Decreasing Batt Cap - High LFP Chemistry"
2028,"NU",0,"Decreasing Batt Cap - High LFP Chemistry"
2028,"NV",292.992638349077,"Decreasing Batt Cap - High LFP Chemistry"
2028,"NY",1337.05749209496,"Decreasing Batt Cap - High LFP Chemistry"
2028,"OH",710.681844011999,"Decreasing Batt Cap - High LFP Chemistry"
2028,"OK",243.089574516781,"Decreasing Batt Cap - High LFP Chemistry"
2028,"ON",684.174591792005,"Decreasing Batt Cap - High LFP Chemistry"
2028,"OR",586.797110943791,"Decreasing Batt Cap - High LFP Chemistry"
2028,"PA",826.757236479933,"Decreasing Batt Cap - High LFP Chemistry"
2028,"PE",2.24544878355655,"Decreasing Batt Cap - High LFP Chemistry"
2028,"QC",767.358461375029,"Decreasing Batt Cap - High LFP Chemistry"
2028,"RI",74.4466413397138,"Decreasing Batt Cap - High LFP Chemistry"
2028,"SC",290.82377069432,"Decreasing Batt Cap - High LFP Chemistry"
2028,"SD",50.2969876742744,"Decreasing Batt Cap - High LFP Chemistry"
2028,"SK",32.2329037248079,"Decreasing Batt Cap - High LFP Chemistry"
2028,"TN",439.267227246226,"Decreasing Batt Cap - High LFP Chemistry"
2028,"TX",2109.87935289586,"Decreasing Batt Cap - High LFP Chemistry"
2028,"UT",314.5295347287,"Decreasing Batt Cap - High LFP Chemistry"
2028,"VA",664.041123801485,"Decreasing Batt Cap - High LFP Chemistry"
2028,"VT",64.1994198588804,"Decreasing Batt Cap - High LFP Chemistry"
2028,"WA",1157.72944786105,"Decreasing Batt Cap - High LFP Chemistry"
2028,"WI",377.194933898083,"Decreasing Batt Cap - High LFP Chemistry"
2028,"WV",85.5158922762757,"Decreasing Batt Cap - High LFP Chemistry"
2028,"WY",36.4632637627294,"Decreasing Batt Cap - High LFP Chemistry"
2028,"YT",0,"Decreasing Batt Cap - High LFP Chemistry"
2029,"AB",198.839393163882,"Decreasing Batt Cap - High LFP Chemistry"
2029,"AK",82.7367353322121,"Decreasing Batt Cap - High LFP Chemistry"
2029,"AL",460.803932739146,"Decreasing Batt Cap - High LFP Chemistry"
2029,"AR",260.585837658632,"Decreasing Batt Cap - High LFP Chemistry"
2029,"AZ",1135.49426068258,"Decreasing Batt Cap - High LFP Chemistry"
2029,"BC",810.235104440686,"Decreasing Batt Cap - High LFP Chemistry"
2029,"CA",12431.2572873285,"Decreasing Batt Cap - High LFP Chemistry"
2029,"CO",1046.32105704183,"Decreasing Batt Cap - High LFP Chemistry"
2029,"CT",493.00894123478,"Decreasing Batt Cap - High LFP Chemistry"
2029,"DC",110.469717347733,"Decreasing Batt Cap - High LFP Chemistry"
2029,"DE",122.807379124976,"Decreasing Batt Cap - High LFP Chemistry"
2029,"FL",3061.42046804257,"Decreasing Batt Cap - High LFP Chemistry"
2029,"GA",1835.02147360418,"Decreasing Batt Cap - High LFP Chemistry"
2029,"HI",395.880677045618,"Decreasing Batt Cap - High LFP Chemistry"
2029,"IA",307.027661080937,"Decreasing Batt Cap - High LFP Chemistry"
2029,"ID",202.300394273293,"Decreasing Batt Cap - High LFP Chemistry"
2029,"IL",1570.86694314944,"Decreasing Batt Cap - High LFP Chemistry"
2029,"IN",688.382484609904,"Decreasing Batt Cap - High LFP Chemistry"
2029,"KS",296.014720028111,"Decreasing Batt Cap - High LFP Chemistry"
2029,"KY",412.687420441943,"Decreasing Batt Cap - High LFP Chemistry"
2029,"LA",397.025022533725,"Decreasing Batt Cap - High LFP Chemistry"
2029,"MA",1006.81083951287,"Decreasing Batt Cap - High LFP Chemistry"
2029,"MB",58.57163720306,"Decreasing Batt Cap - High LFP Chemistry"
2029,"MD",885.606872673194,"Decreasing Batt Cap - High LFP Chemistry"
2029,"ME",151.594589906135,"Decreasing Batt Cap - High LFP Chemistry"
2029,"MI",1057.43470120375,"Decreasing Batt Cap - High LFP Chemistry"
2029,"MN",664.08653042746,"Decreasing Batt Cap - High LFP Chemistry"
2029,"MO",640.061575008628,"Decreasing Batt Cap - High LFP Chemistry"
2029,"MS",249.017644606574,"Decreasing Batt Cap - High LFP Chemistry"
2029,"MT",111.302904815909,"Decreasing Batt Cap - High LFP Chemistry"
2029,"MX",610.373507794082,"Decreasing Batt Cap - High LFP Chemistry"
2029,"NB",37.6585253078321,"Decreasing Batt Cap - High LFP Chemistry"
2029,"NC",1196.79077240909,"Decreasing Batt Cap - High LFP Chemistry"
2029,"ND",72.7278456149184,"Decreasing Batt Cap - High LFP Chemistry"
2029,"NE",196.23113110787,"Decreasing Batt Cap - High LFP Chemistry"
2029,"NH",162.564841668634,"Decreasing Batt Cap - High LFP Chemistry"
2029,"NJ",1352.45568988241,"Decreasing Batt Cap - High LFP Chemistry"
2029,"NL",19.4075610195433,"Decreasing Batt Cap - High LFP Chemistry"
2029,"NM",220.633350190343,"Decreasing Batt Cap - High LFP Chemistry"
2029,"NS",42.0471187397347,"Decreasing Batt Cap - High LFP Chemistry"
2029,"NT",0,"Decreasing Batt Cap - High LFP Chemistry"
2029,"NU",0,"Decreasing Batt Cap - High LFP Chemistry"
2029,"NV",486.425875985935,"Decreasing Batt Cap - High LFP Chemistry"
2029,"NY",2292.2108932741,"Decreasing Batt Cap - High LFP Chemistry"
2029,"OH",1226.58684486828,"Decreasing Batt Cap - High LFP Chemistry"
2029,"OK",413.251184693627,"Decreasing Batt Cap - High LFP Chemistry"
2029,"ON",1074.63576544417,"Decreasing Batt Cap - High LFP Chemistry"
2029,"OR",945.932376777678,"Decreasing Batt Cap - High LFP Chemistry"
2029,"PA",1425.3864355751,"Decreasing Batt Cap - High LFP Chemistry"
2029,"PE",7.60836819884171,"Decreasing Batt Cap - High LFP Chemistry"
2029,"QC",1207.5799239472,"Decreasing Batt Cap - High LFP Chemistry"
2029,"RI",122.260749051956,"Decreasing Batt Cap - High LFP Chemistry"
2029,"SC",516.873924453311,"Decreasing Batt Cap - High LFP Chemistry"
2029,"SD",88.2578807489054,"Decreasing Batt Cap - High LFP Chemistry"
2029,"SK",47.1748959778501,"Decreasing Batt Cap - High LFP Chemistry"
2029,"TN",767.496923582505,"Decreasing Batt Cap - High LFP Chemistry"
2029,"TX",3627.4676556708,"Decreasing Batt Cap - High LFP Chemistry"
2029,"UT",516.72496984804,"Decreasing Batt Cap - High LFP Chemistry"
2029,"VA",1142.8814469263,"Decreasing Batt Cap - High LFP Chemistry"
2029,"VT",101.286169356903,"Decreasing Batt Cap - High LFP Chemistry"
2029,"WA",1874.54699107134,"Decreasing Batt Cap - High LFP Chemistry"
2029,"WI",652.479388033533,"Decreasing Batt Cap - High LFP Chemistry"
2029,"WV",147.767988512843,"Decreasing Batt Cap - High LFP Chemistry"
2029,"WY",59.8914243144966,"Decreasing Batt Cap - High LFP Chemistry"
2029,"YT",0,"Decreasing Batt Cap - High LFP Chemistry"
2030,"AB",309.828142844325,"Decreasing Batt Cap - High LFP Chemistry"
2030,"AK",125.437430493264,"Decreasing Batt Cap - High LFP Chemistry"
2030,"AL",764.987081949465,"Decreasing Batt Cap - High LFP Chemistry"
2030,"AR",438.268105039252,"Decreasing Batt Cap - High LFP Chemistry"
2030,"AZ",1812.7704088189,"Decreasing Batt Cap - High LFP Chemistry"
2030,"BC",1240.30128719755,"Decreasing Batt Cap - High LFP Chemistry"
2030,"CA",18722.069387634,"Decreasing Batt Cap - High LFP Chemistry"
2030,"CO",1651.09787850423,"Decreasing Batt Cap - High LFP Chemistry"
2030,"CT",786.190115727219,"Decreasing Batt Cap - High LFP Chemistry"
2030,"DC",171.928611118667,"Decreasing Batt Cap - High LFP Chemistry"
2030,"DE",195.663673441204,"Decreasing Batt Cap - High LFP Chemistry"
2030,"FL",4915.19179917915,"Decreasing Batt Cap - High LFP Chemistry"
2030,"GA",2786.91952593232,"Decreasing Batt Cap - High LFP Chemistry"
2030,"HI",602.829025096073,"Decreasing Batt Cap - High LFP Chemistry"
2030,"IA",498.329517048497,"Decreasing Batt Cap - High LFP Chemistry"
2030,"ID",338.865636684556,"Decreasing Batt Cap - High LFP Chemistry"
2030,"IL",2532.21033628824,"Decreasing Batt Cap - High LFP Chemistry"
2030,"IN",1145.46185845118,"Decreasing Batt Cap - High LFP Chemistry"
2030,"KS",491.97831798557,"Decreasing Batt Cap - High LFP Chemistry"
2030,"KY",676.993598834528,"Decreasing Batt Cap - High LFP Chemistry"
2030,"LA",665.314700428322,"Decreasing Batt Cap - High LFP Chemistry"
2030,"MA",1622.18137776537,"Decreasing Batt Cap - High LFP Chemistry"
2030,"MB",86.8023247574416,"Decreasing Batt Cap - High LFP Chemistry"
2030,"MD",1426.41741971593,"Decreasing Batt Cap - High LFP Chemistry"
2030,"ME",236.043594085896,"Decreasing Batt Cap - High LFP Chemistry"
2030,"MI",1727.49210876415,"Decreasing Batt Cap - High LFP Chemistry"
2030,"MN",1074.37152335058,"Decreasing Batt Cap - High LFP Chemistry"
2030,"MO",1053.68356450352,"Decreasing Batt Cap - High LFP Chemistry"
2030,"MS",414.314913426935,"Decreasing Batt Cap - High LFP Chemistry"
2030,"MT",176.939015809771,"Decreasing Batt Cap - High LFP Chemistry"
2030,"MX",1077.93336540043,"Decreasing Batt Cap - High LFP Chemistry"
2030,"NB",54.112279534084,"Decreasing Batt Cap - High LFP Chemistry"
2030,"NC",1956.65115108476,"Decreasing Batt Cap - High LFP Chemistry"
2030,"ND",118.74704069854,"Decreasing Batt Cap - High LFP Chemistry"
2030,"NE",323.766965870372,"Decreasing Batt Cap - High LFP Chemistry"
2030,"NH",265.174363456748,"Decreasing Batt Cap - High LFP Chemistry"
2030,"NJ",2163.27598626162,"Decreasing Batt Cap - High LFP Chemistry"
2030,"NL",31.1217822656129,"Decreasing Batt Cap - High LFP Chemistry"
2030,"NM",361.833794802089,"Decreasing Batt Cap - High LFP Chemistry"
2030,"NS",62.3967344828851,"Decreasing Batt Cap - High LFP Chemistry"
2030,"NT",0,"Decreasing Batt Cap - High LFP Chemistry"
2030,"NU",0,"Decreasing Batt Cap - High LFP Chemistry"
2030,"NV",784.133690174226,"Decreasing Batt Cap - High LFP Chemistry"
2030,"NY",3715.24213002034,"Decreasing Batt Cap - High LFP Chemistry"
2030,"OH",2020.08842848389,"Decreasing Batt Cap - High LFP Chemistry"
2030,"OK",693.812579173856,"Decreasing Batt Cap - High LFP Chemistry"
2030,"ON",1666.29782258699,"Decreasing Batt Cap - High LFP Chemistry"
2030,"OR",1452.55110055082,"Decreasing Batt Cap - High LFP Chemistry"
2030,"PA",2330.80766499883,"Decreasing Batt Cap - High LFP Chemistry"
2030,"PE",12.0621763583572,"Decreasing Batt Cap - High LFP Chemistry"
2030,"QC",1830.74978168565,"Decreasing Batt Cap - High LFP Chemistry"
2030,"RI",189.986354782973,"Decreasing Batt Cap - High LFP Chemistry"
2030,"SC",856.981046660357,"Decreasing Batt Cap - High LFP Chemistry"
2030,"SD",136.349945085449,"Decreasing Batt Cap - High LFP Chemistry"
2030,"SK",66.7308996106017,"Decreasing Batt Cap - High LFP Chemistry"
2030,"TN",1255.16356435027,"Decreasing Batt Cap - High LFP Chemistry"
2030,"TX",5902.50519922636,"Decreasing Batt Cap - High LFP Chemistry"
2030,"UT",833.542442793012,"Decreasing Batt Cap - High LFP Chemistry"
2030,"VA",1837.09564249194,"Decreasing Batt Cap - High LFP Chemistry"
2030,"VT",159.266507016548,"Decreasing Batt Cap - High LFP Chemistry"
2030,"WA",2886.76022874119,"Decreasing Batt Cap - High LFP Chemistry"
2030,"WI",1052.92662653954,"Decreasing Batt Cap - High LFP Chemistry"
2030,"WV",252.946406118991,"Decreasing Batt Cap - High LFP Chemistry"
2030,"WY",90.8227737306705,"Decreasing Batt Cap - High LFP Chemistry"
2030,"YT",0,"Decreasing Batt Cap - High LFP Chemistry"
2031,"AB",477.493571115493,"Decreasing Batt Cap - High LFP Chemistry"
2031,"AK",191.204784985115,"Decreasing Batt Cap - High LFP Chemistry"
2031,"AL",1217.92667168114,"Decreasing Batt Cap - High LFP Chemistry"
2031,"AR",695.821997529713,"Decreasing Batt Cap - High LFP Chemistry"
2031,"AZ",2827.05110201623,"Decreasing Batt Cap - High LFP Chemistry"
2031,"BC",1889.32314639205,"Decreasing Batt Cap - High LFP Chemistry"
2031,"CA",27851.3218299386,"Decreasing Batt Cap - High LFP Chemistry"
2031,"CO",2560.96210300666,"Decreasing Batt Cap - High LFP Chemistry"
2031,"CT",1218.54585714314,"Decreasing Batt Cap - High LFP Chemistry"
2031,"DC",258.04413392672,"Decreasing Batt Cap - High LFP Chemistry"
2031,"DE",307.040257116173,"Decreasing Batt Cap - High LFP Chemistry"
2031,"FL",7670.23936737997,"Decreasing Batt Cap - High LFP Chemistry"
2031,"GA",4110.05170829963,"Decreasing Batt Cap - High LFP Chemistry"
2031,"HI",893.316546237341,"Decreasing Batt Cap - High LFP Chemistry"
2031,"IA",795.992384525316,"Decreasing Batt Cap - High LFP Chemistry"
2031,"ID",530.886519940133,"Decreasing Batt Cap - High LFP Chemistry"
2031,"IL",3941.1791111691,"Decreasing Batt Cap - High LFP Chemistry"
2031,"IN",1790.36073436329,"Decreasing Batt Cap - High LFP Chemistry"
2031,"KS",771.115382494972,"Decreasing Batt Cap - High LFP Chemistry"
2031,"KY",1074.84077048843,"Decreasing Batt Cap - High LFP Chemistry"
2031,"LA",1051.38477786601,"Decreasing Batt Cap - High LFP Chemistry"
2031,"MA",2526.08524580259,"Decreasing Batt Cap - High LFP Chemistry"
2031,"MB",117.122374311429,"Decreasing Batt Cap - High LFP Chemistry"
2031,"MD",2226.99228273013,"Decreasing Batt Cap - High LFP Chemistry"
2031,"ME",382.44544953647,"Decreasing Batt Cap - High LFP Chemistry"
2031,"MI",2686.43403029617,"Decreasing Batt Cap - High LFP Chemistry"
2031,"MN",1710.0289702575,"Decreasing Batt Cap - High LFP Chemistry"
2031,"MO",1652.79154771538,"Decreasing Batt Cap - High LFP Chemistry"
2031,"MS",654.579883154273,"Decreasing Batt Cap - High LFP Chemistry"
2031,"MT",277.030964309372,"Decreasing Batt Cap - High LFP Chemistry"
2031,"MX",1794.51524125804,"Decreasing Batt Cap - High LFP Chemistry"
2031,"NB",70.56436965933,"Decreasing Batt Cap - High LFP Chemistry"
2031,"NC",3073.31138637394,"Decreasing Batt Cap - High LFP Chemistry"
2031,"ND",180.763393283054,"Decreasing Batt Cap - High LFP Chemistry"
2031,"NE",513.108657585878,"Decreasing Batt Cap - High LFP Chemistry"
2031,"NH",417.584955893681,"Decreasing Batt Cap - High LFP Chemistry"
2031,"NJ",3400.7146819308,"Decreasing Batt Cap - High LFP Chemistry"
2031,"NL",48.3347813317659,"Decreasing Batt Cap - High LFP Chemistry"
2031,"NM",576.862845083295,"Decreasing Batt Cap - High LFP Chemistry"
2031,"NS",88.9472414374448,"Decreasing Batt Cap - High LFP Chemistry"
2031,"NT",0,"Decreasing Batt Cap - High LFP Chemistry"
2031,"NU",0,"Decreasing Batt Cap - High LFP Chemistry"
2031,"NV",1218.00725133173,"Decreasing Batt Cap - High LFP Chemistry"
2031,"NY",5791.82576394997,"Decreasing Batt Cap - High LFP Chemistry"
2031,"OH",3162.43392496913,"Decreasing Batt Cap - High LFP Chemistry"
2031,"OK",1107.76522617049,"Decreasing Batt Cap - High LFP Chemistry"
2031,"ON",2544.84609925311,"Decreasing Batt Cap - High LFP Chemistry"
2031,"OR",2199.48082895835,"Decreasing Batt Cap - High LFP Chemistry"
2031,"PA",3655.54088193956,"Decreasing Batt Cap - High LFP Chemistry"
2031,"PE",17.5038594447673,"Decreasing Batt Cap - High LFP Chemistry"
2031,"QC",2806.32020434061,"Decreasing Batt Cap - High LFP Chemistry"
2031,"RI",301.19947435185,"Decreasing Batt Cap - High LFP Chemistry"
2031,"SC",1369.38295378664,"Decreasing Batt Cap - High LFP Chemistry"
2031,"SD",213.809802220562,"Decreasing Batt Cap - High LFP Chemistry"
2031,"SK",97.0315479216122,"Decreasing Batt Cap - High LFP Chemistry"
2031,"TN",1954.43394421231,"Decreasing Batt Cap - High LFP Chemistry"
2031,"TX",9214.70333149038,"Decreasing Batt Cap - High LFP Chemistry"
2031,"UT",1294.9301941259,"Decreasing Batt Cap - High LFP Chemistry"
2031,"VA",2891.08667822208,"Decreasing Batt Cap - High LFP Chemistry"
2031,"VT",244.096199375179,"Decreasing Batt Cap - High LFP Chemistry"
2031,"WA",4394.29950126009,"Decreasing Batt Cap - High LFP Chemistry"
2031,"WI",1637.8771718928,"Decreasing Batt Cap - High LFP Chemistry"
2031,"WV",381.052767871049,"Decreasing Batt Cap - High LFP Chemistry"
2031,"WY",139.282515262182,"Decreasing Batt Cap - High LFP Chemistry"
2031,"YT",2.85595421238218,"Decreasing Batt Cap - High LFP Chemistry"
2032,"AB",706.08645076579,"Decreasing Batt Cap - High LFP Chemistry"
2032,"AK",284.849129108875,"Decreasing Batt Cap - High LFP Chemistry"
2032,"AL",1833.65667377014,"Decreasing Batt Cap - High LFP Chemistry"
2032,"AR",1037.50082514493,"Decreasing Batt Cap - High LFP Chemistry"
2032,"AZ",4152.27093093427,"Decreasing Batt Cap - High LFP Chemistry"
2032,"BC",2810.45606395702,"Decreasing Batt Cap - High LFP Chemistry"
2032,"CA",39085.5661256358,"Decreasing Batt Cap - High LFP Chemistry"
2032,"CO",3751.5000155049,"Decreasing Batt Cap - High LFP Chemistry"
2032,"CT",1790.13051581595,"Decreasing Batt Cap - High LFP Chemistry"
2032,"DC",383.00558587492,"Decreasing Batt Cap - High LFP Chemistry"
2032,"DE",458.788224376336,"Decreasing Batt Cap - High LFP Chemistry"
2032,"FL",11321.6217840223,"Decreasing Batt Cap - High LFP Chemistry"
2032,"GA",5770.36810512499,"Decreasing Batt Cap - High LFP Chemistry"
2032,"HI",1237.50151897805,"Decreasing Batt Cap - High LFP Chemistry"
2032,"IA",1191.05248868219,"Decreasing Batt Cap - High LFP Chemistry"
2032,"ID",808.095500438145,"Decreasing Batt Cap - High LFP Chemistry"
2032,"IL",5780.46973613676,"Decreasing Batt Cap - High LFP Chemistry"
2032,"IN",2668.79174472981,"Decreasing Batt Cap - High LFP Chemistry"
2032,"KS",1156.70905892467,"Decreasing Batt Cap - High LFP Chemistry"
2032,"KY",1630.80309485548,"Decreasing Batt Cap - High LFP Chemistry"
2032,"LA",1587.80760562972,"Decreasing Batt Cap - High LFP Chemistry"
2032,"MA",3712.14562274875,"Decreasing Batt Cap - High LFP Chemistry"
2032,"MB",172.989707037486,"Decreasing Batt Cap - High LFP Chemistry"
2032,"MD",3275.66030325246,"Decreasing Batt Cap - High LFP Chemistry"
2032,"ME",568.642335451619,"Decreasing Batt Cap - High LFP Chemistry"
2032,"MI",3977.883212449,"Decreasing Batt Cap - High LFP Chemistry"
2032,"MN",2539.5209986472,"Decreasing Batt Cap - High LFP Chemistry"
2032,"MO",2447.08908887133,"Decreasing Batt Cap - High LFP Chemistry"
2032,"MS",987.359161539496,"Decreasing Batt Cap - High LFP Chemistry"
2032,"MT",422.54966720723,"Decreasing Batt Cap - High LFP Chemistry"
2032,"MX",2892.5063676057,"Decreasing Batt Cap - High LFP Chemistry"
2032,"NB",106.293730111876,"Decreasing Batt Cap - High LFP Chemistry"
2032,"NC",4579.87405139461,"Decreasing Batt Cap - High LFP Chemistry"
2032,"ND",280.895959470314,"Decreasing Batt Cap - High LFP Chemistry"
2032,"NE",761.871966012538,"Decreasing Batt Cap - High LFP Chemistry"
2032,"NH",631.261014765669,"Decreasing Batt Cap - High LFP Chemistry"
2032,"NJ",5024.19690453662,"Decreasing Batt Cap - High LFP Chemistry"
2032,"NL",63.112194327477,"Decreasing Batt Cap - High LFP Chemistry"
2032,"NM",864.340856229958,"Decreasing Batt Cap - High LFP Chemistry"
2032,"NS",125.48431420602,"Decreasing Batt Cap - High LFP Chemistry"
2032,"NT",1.96548655523996,"Decreasing Batt Cap - High LFP Chemistry"
2032,"NU",0,"Decreasing Batt Cap - High LFP Chemistry"
2032,"NV",1805.86001882059,"Decreasing Batt Cap - High LFP Chemistry"
2032,"NY",8556.71254540569,"Decreasing Batt Cap - High LFP Chemistry"
2032,"OH",4706.36287024694,"Decreasing Batt Cap - High LFP Chemistry"
2032,"OK",1652.6643129205,"Decreasing Batt Cap - High LFP Chemistry"
2032,"ON",3697.32936831449,"Decreasing Batt Cap - High LFP Chemistry"
2032,"OR",3120.53512757565,"Decreasing Batt Cap - High LFP Chemistry"
2032,"PA",5422.62578486957,"Decreasing Batt Cap - High LFP Chemistry"
2032,"PE",22.6608740527038,"Decreasing Batt Cap - High LFP Chemistry"
2032,"QC",4135.91628300235,"Decreasing Batt Cap - High LFP Chemistry"
2032,"RI",452.764234198582,"Decreasing Batt Cap - High LFP Chemistry"
2032,"SC",2042.27673783158,"Decreasing Batt Cap - High LFP Chemistry"
2032,"SD",322.314833854199,"Decreasing Batt Cap - High LFP Chemistry"
2032,"SK",135.886996351372,"Decreasing Batt Cap - High LFP Chemistry"
2032,"TN",2879.8254233602,"Decreasing Batt Cap - High LFP Chemistry"
2032,"TX",13694.2030954018,"Decreasing Batt Cap - High LFP Chemistry"
2032,"UT",1901.63830989995,"Decreasing Batt Cap - High LFP Chemistry"
2032,"VA",4294.94999516615,"Decreasing Batt Cap - High LFP Chemistry"
2032,"VT",353.616769666649,"Decreasing Batt Cap - High LFP Chemistry"
2032,"WA",6238.93408014743,"Decreasing Batt Cap - High LFP Chemistry"
2032,"WI",2397.71281691795,"Decreasing Batt Cap - High LFP Chemistry"
2032,"WV",588.291222798249,"Decreasing Batt Cap - High LFP Chemistry"
2032,"WY",200.767959726691,"Decreasing Batt Cap - High LFP Chemistry"
2032,"YT",5.65583502223059,"Decreasing Batt Cap - High LFP Chemistry"
2033,"AB",1009.71041809111,"Decreasing Batt Cap - High LFP Chemistry"
2033,"AK",409.75825168524,"Decreasing Batt Cap - High LFP Chemistry"
2033,"AL",2647.93790911997,"Decreasing Batt Cap - High LFP Chemistry"
2033,"AR",1520.16404177094,"Decreasing Batt Cap - High LFP Chemistry"
2033,"AZ",5910.84681032477,"Decreasing Batt Cap - High LFP Chemistry"
2033,"BC",3944.7609015152,"Decreasing Batt Cap - High LFP Chemistry"
2033,"CA",52616.4227677107,"Decreasing Batt Cap - High LFP Chemistry"
2033,"CO",5283.05979028034,"Decreasing Batt Cap - High LFP Chemistry"
2033,"CT",2505.5771312577,"Decreasing Batt Cap - High LFP Chemistry"
2033,"DC",536.891068699983,"Decreasing Batt Cap - High LFP Chemistry"
2033,"DE",671.499253182771,"Decreasing Batt Cap - High LFP Chemistry"
2033,"FL",16170.1941300728,"Decreasing Batt Cap - High LFP Chemistry"
2033,"GA",7919.18050051756,"Decreasing Batt Cap - High LFP Chemistry"
2033,"HI",1649.1398932359,"Decreasing Batt Cap - High LFP Chemistry"
2033,"IA",1715.70619301505,"Decreasing Batt Cap - High LFP Chemistry"
2033,"ID",1162.96800897584,"Decreasing Batt Cap - High LFP Chemistry"
2033,"IL",8174.97824920508,"Decreasing Batt Cap - High LFP Chemistry"
2033,"IN",3831.92610694924,"Decreasing Batt Cap - High LFP Chemistry"
2033,"KS",1664.75895682536,"Decreasing Batt Cap - High LFP Chemistry"
2033,"KY",2357.0172309286,"Decreasing Batt Cap - High LFP Chemistry"
2033,"LA",2291.87988823276,"Decreasing Batt Cap - High LFP Chemistry"
2033,"MA",5264.89706782605,"Decreasing Batt Cap - High LFP Chemistry"
2033,"MB",240.151919781994,"Decreasing Batt Cap - High LFP Chemistry"
2033,"MD",4657.72193323625,"Decreasing Batt Cap - High LFP Chemistry"
2033,"ME",820.691779921018,"Decreasing Batt Cap - High LFP Chemistry"
2033,"MI",5678.49642667177,"Decreasing Batt Cap - High LFP Chemistry"
2033,"MN",3646.9641342321,"Decreasing Batt Cap - High LFP Chemistry"
2033,"MO",3501.24178152785,"Decreasing Batt Cap - High LFP Chemistry"
2033,"MS",1429.47040926851,"Decreasing Batt Cap - High LFP Chemistry"
2033,"MT",612.590913163514,"Decreasing Batt Cap - High LFP Chemistry"
2033,"MX",4556.28411278451,"Decreasing Batt Cap - High LFP Chemistry"
2033,"NB",148.231633731412,"Decreasing Batt Cap - High LFP Chemistry"
2033,"NC",6586.27984791185,"Decreasing Batt Cap - High LFP Chemistry"
2033,"ND",403.056844515741,"Decreasing Batt Cap - High LFP Chemistry"
2033,"NE",1091.36013421246,"Decreasing Batt Cap - High LFP Chemistry"
2033,"NH",902.480695627712,"Decreasing Batt Cap - High LFP Chemistry"
2033,"NJ",7185.49232407905,"Decreasing Batt Cap - High LFP Chemistry"
2033,"NL",80.9846173297328,"Decreasing Batt Cap - High LFP Chemistry"
2033,"NM",1225.88319737259,"Decreasing Batt Cap - High LFP Chemistry"
2033,"NS",175.296087068827,"Decreasing Batt Cap - High LFP Chemistry"
2033,"NT",2.96194781490762,"Decreasing Batt Cap - High LFP Chemistry"
2033,"NU",0,"Decreasing Batt Cap - High LFP Chemistry"
2033,"NV",2576.53721089673,"Decreasing Batt Cap - High LFP Chemistry"
2033,"NY",12170.3746833611,"Decreasing Batt Cap - High LFP Chemistry"
2033,"OH",6755.49323001132,"Decreasing Batt Cap - High LFP Chemistry"
2033,"OK",2385.88757778662,"Decreasing Batt Cap - High LFP Chemistry"
2033,"ON",5084.92126382988,"Decreasing Batt Cap - High LFP Chemistry"
2033,"OR",4279.27429314427,"Decreasing Batt Cap - High LFP Chemistry"
2033,"PA",7787.00590239096,"Decreasing Batt Cap - High LFP Chemistry"
2033,"PE",31.2949666666317,"Decreasing Batt Cap - High LFP Chemistry"
2033,"QC",5756.43691184213,"Decreasing Batt Cap - High LFP Chemistry"
2033,"RI",657.568832904979,"Decreasing Batt Cap - High LFP Chemistry"
2033,"SC",2964.35309523003,"Decreasing Batt Cap - High LFP Chemistry"
2033,"SD",457.867613387251,"Decreasing Batt Cap - High LFP Chemistry"
2033,"SK",194.486577979971,"Decreasing Batt Cap - High LFP Chemistry"
2033,"TN",4139.93135100868,"Decreasing Batt Cap - High LFP Chemistry"
2033,"TX",19664.1379618654,"Decreasing Batt Cap - High LFP Chemistry"
2033,"UT",2691.66224985541,"Decreasing Batt Cap - High LFP Chemistry"
2033,"VA",6166.48065000846,"Decreasing Batt Cap - High LFP Chemistry"
2033,"VT",510.087268793101,"Decreasing Batt Cap - High LFP Chemistry"
2033,"WA",8536.59297113829,"Decreasing Batt Cap - High LFP Chemistry"
2033,"WI",3397.7824951492,"Decreasing Batt Cap - High LFP Chemistry"
2033,"WV",838.3054053598,"Decreasing Batt Cap - High LFP Chemistry"
2033,"WY",293.428152502865,"Decreasing Batt Cap - High LFP Chemistry"
2033,"YT",11.3934327318973,"Decreasing Batt Cap - High LFP Chemistry"
2034,"AB",1440.26824851392,"Decreasing Batt Cap - High LFP Chemistry"
2034,"AK",568.499461938957,"Decreasing Batt Cap - High LFP Chemistry"
2034,"AL",3739.34586389062,"Decreasing Batt Cap - High LFP Chemistry"
2034,"AR",2142.39254849064,"Decreasing Batt Cap - High LFP Chemistry"
2034,"AZ",8241.6256212469,"Decreasing Batt Cap - High LFP Chemistry"
2034,"BC",5458.90508729569,"Decreasing Batt Cap - High LFP Chemistry"
2034,"CA",70232.1106435456,"Decreasing Batt Cap - High LFP Chemistry"
2034,"CO",7343.55874657455,"Decreasing Batt Cap - High LFP Chemistry"
2034,"CT",3481.84063175162,"Decreasing Batt Cap - High LFP Chemistry"
2034,"DC",735.537141066064,"Decreasing Batt Cap - High LFP Chemistry"
2034,"DE",950.833172668459,"Decreasing Batt Cap - High LFP Chemistry"
2034,"FL",22729.7773563533,"Decreasing Batt Cap - High LFP Chemistry"
2034,"GA",10744.4037584971,"Decreasing Batt Cap - High LFP Chemistry"
2034,"HI",2179.00735051847,"Decreasing Batt Cap - High LFP Chemistry"
2034,"IA",2435.98176141154,"Decreasing Batt Cap - High LFP Chemistry"
2034,"ID",1651.52107790484,"Decreasing Batt Cap - High LFP Chemistry"
2034,"IL",11297.3213356578,"Decreasing Batt Cap - High LFP Chemistry"
2034,"IN",5387.59639409986,"Decreasing Batt Cap - High LFP Chemistry"
2034,"KS",2328.71765916226,"Decreasing Batt Cap - High LFP Chemistry"
2034,"KY",3318.77643867036,"Decreasing Batt Cap - High LFP Chemistry"
2034,"LA",3229.86496157445,"Decreasing Batt Cap - High LFP Chemistry"
2034,"MA",7326.67174359676,"Decreasing Batt Cap - High LFP Chemistry"
2034,"MB",335.589741216447,"Decreasing Batt Cap - High LFP Chemistry"
2034,"MD",6496.82032296768,"Decreasing Batt Cap - High LFP Chemistry"
2034,"ME",1140.48102053349,"Decreasing Batt Cap - High LFP Chemistry"
2034,"MI",7954.07213587103,"Decreasing Batt Cap - High LFP Chemistry"
2034,"MN",5103.72909345147,"Decreasing Batt Cap - High LFP Chemistry"
2034,"MO",4893.99169315459,"Decreasing Batt Cap - High LFP Chemistry"
2034,"MS",2010.27385525068,"Decreasing Batt Cap - High LFP Chemistry"
2034,"MT",861.609537303978,"Decreasing Batt Cap - High LFP Chemistry"
2034,"MX",7033.6285454384,"Decreasing Batt Cap - High LFP Chemistry"
2034,"NB",213.93810959195,"Decreasing Batt Cap - High LFP Chemistry"
2034,"NC",9256.02425923531,"Decreasing Batt Cap - High LFP Chemistry"
2034,"ND",585.227864696521,"Decreasing Batt Cap - High LFP Chemistry"
2034,"NE",1562.35014343992,"Decreasing Batt Cap - High LFP Chemistry"
2034,"NH",1261.37852757268,"Decreasing Batt Cap - High LFP Chemistry"
2034,"NJ",10083.4699032019,"Decreasing Batt Cap - High LFP Chemistry"
2034,"NL",113.951822929404,"Decreasing Batt Cap - High LFP Chemistry"
2034,"NM",1729.17864452423,"Decreasing Batt Cap - High LFP Chemistry"
2034,"NS",254.886505932143,"Decreasing Batt Cap - High LFP Chemistry"
2034,"NT",5.42022108372995,"Decreasing Batt Cap - High LFP Chemistry"
2034,"NU",0,"Decreasing Batt Cap - High LFP Chemistry"
2034,"NV",3620.48083195745,"Decreasing Batt Cap - High LFP Chemistry"
2034,"NY",16940.8559913461,"Decreasing Batt Cap - High LFP Chemistry"
2034,"OH",9462.44265075428,"Decreasing Batt Cap - High LFP Chemistry"
2034,"OK",3339.76702486611,"Decreasing Batt Cap - High LFP Chemistry"
2034,"ON",6909.47441939848,"Decreasing Batt Cap - High LFP Chemistry"
2034,"OR",5746.02655057751,"Decreasing Batt Cap - High LFP Chemistry"
2034,"PA",10926.8115460471,"Decreasing Batt Cap - High LFP Chemistry"
2034,"PE",49.3660382770712,"Decreasing Batt Cap - High LFP Chemistry"
2034,"QC",7921.83607264328,"Decreasing Batt Cap - High LFP Chemistry"
2034,"RI",918.411607729995,"Decreasing Batt Cap - High LFP Chemistry"
2034,"SC",4212.15665730787,"Decreasing Batt Cap - High LFP Chemistry"
2034,"SD",661.153938643726,"Decreasing Batt Cap - High LFP Chemistry"
2034,"SK",284.715015793932,"Decreasing Batt Cap - High LFP Chemistry"
2034,"TN",5797.24394853347,"Decreasing Batt Cap - High LFP Chemistry"
2034,"TX",27665.2137427432,"Decreasing Batt Cap - High LFP Chemistry"
2034,"UT",3766.62053521367,"Decreasing Batt Cap - High LFP Chemistry"
2034,"VA",8652.76998031194,"Decreasing Batt Cap - High LFP Chemistry"
2034,"VT",705.72738966356,"Decreasing Batt Cap - High LFP Chemistry"
2034,"WA",11506.8448048371,"Decreasing Batt Cap - High LFP Chemistry"
2034,"WI",4730.0047103065,"Decreasing Batt Cap - High LFP Chemistry"
2034,"WV",1180.39509799184,"Decreasing Batt Cap - High LFP Chemistry"
2034,"WY",411.498663591162,"Decreasing Batt Cap - High LFP Chemistry"
2034,"YT",15.6515591449925,"Decreasing Batt Cap - High LFP Chemistry"
2035,"AB",2054.74140102429,"Decreasing Batt Cap - High LFP Chemistry"
2035,"AK",778.934622229781,"Decreasing Batt Cap - High LFP Chemistry"
2035,"AL",5150.26185178871,"Decreasing Batt Cap - High LFP Chemistry"
2035,"AR",2953.95499132352,"Decreasing Batt Cap - High LFP Chemistry"
2035,"AZ",11245.4457797038,"Decreasing Batt Cap - High LFP Chemistry"
2035,"BC",7512.02950447522,"Decreasing Batt Cap - High LFP Chemistry"
2035,"CA",93357.1677190428,"Decreasing Batt Cap - High LFP Chemistry"
2035,"CO",10052.6888735576,"Decreasing Batt Cap - High LFP Chemistry"
2035,"CT",4717.7644518104,"Decreasing Batt Cap - High LFP Chemistry"
2035,"DC",1003.55299723257,"Decreasing Batt Cap - High LFP Chemistry"
2035,"DE",1319.86851456716,"Decreasing Batt Cap - High LFP Chemistry"
2035,"FL",31312.6038641856,"Decreasing Batt Cap - High LFP Chemistry"
2035,"GA",14451.0005013509,"Decreasing Batt Cap - High LFP Chemistry"
2035,"HI",2838.97971432168,"Decreasing Batt Cap - High LFP Chemistry"
2035,"IA",3326.62706182048,"Decreasing Batt Cap - High LFP Chemistry"
2035,"ID",2275.46436630383,"Decreasing Batt Cap - High LFP Chemistry"
2035,"IL",15353.9842666256,"Decreasing Batt Cap - High LFP Chemistry"
2035,"IN",7347.98325846992,"Decreasing Batt Cap - High LFP Chemistry"
2035,"KS",3173.47044031166,"Decreasing Batt Cap - High LFP Chemistry"
2035,"KY",4549.6383832477,"Decreasing Batt Cap - High LFP Chemistry"
2035,"LA",4402.68013167743,"Decreasing Batt Cap - High LFP Chemistry"
2035,"MA",10007.6198622141,"Decreasing Batt Cap - High LFP Chemistry"
2035,"MB",483.229125852025,"Decreasing Batt Cap - High LFP Chemistry"
2035,"MD",8922.38939921262,"Decreasing Batt Cap - High LFP Chemistry"
2035,"ME",1577.14298326115,"Decreasing Batt Cap - High LFP Chemistry"
2035,"MI",10880.1551281384,"Decreasing Batt Cap - High LFP Chemistry"
2035,"MN",6964.38302410211,"Decreasing Batt Cap - High LFP Chemistry"
2035,"MO",6709.73199842582,"Decreasing Batt Cap - High LFP Chemistry"
2035,"MS",2762.3316651447,"Decreasing Batt Cap - High LFP Chemistry"
2035,"MT",1189.03548550174,"Decreasing Batt Cap - High LFP Chemistry"
2035,"MX",10704.2320475618,"Decreasing Batt Cap - High LFP Chemistry"
2035,"NB",314.558394389096,"Decreasing Batt Cap - High LFP Chemistry"
2035,"NC",12728.3578699511,"Decreasing Batt Cap - High LFP Chemistry"
2035,"ND",797.251512494237,"Decreasing Batt Cap - High LFP Chemistry"
2035,"NE",2122.674470358,"Decreasing Batt Cap - High LFP Chemistry"
2035,"NH",1740.86921243302,"Decreasing Batt Cap - High LFP Chemistry"
2035,"NJ",13904.5053063203,"Decreasing Batt Cap - High LFP Chemistry"
2035,"NL",167.435090585874,"Decreasing Batt Cap - High LFP Chemistry"
2035,"NM",2364.10360575545,"Decreasing Batt Cap - High LFP Chemistry"
2035,"NS",377.662676408228,"Decreasing Batt Cap - High LFP Chemistry"
2035,"NT",9.58835106474804,"Decreasing Batt Cap - High LFP Chemistry"
2035,"NU",0,"Decreasing Batt Cap - High LFP Chemistry"
2035,"NV",5009.29922551303,"Decreasing Batt Cap - High LFP Chemistry"
2035,"NY",23008.3914079993,"Decreasing Batt Cap - High LFP Chemistry"
2035,"OH",12912.8114660809,"Decreasing Batt Cap - High LFP Chemistry"
2035,"OK",4623.6872279736,"Decreasing Batt Cap - High LFP Chemistry"
2035,"ON",9440.6326833154,"Decreasing Batt Cap - High LFP Chemistry"
2035,"OR",7658.3174167487,"Decreasing Batt Cap - High LFP Chemistry"
2035,"PA",14990.2661946012,"Decreasing Batt Cap - High LFP Chemistry"
2035,"PE",68.3161440228885,"Decreasing Batt Cap - High LFP Chemistry"
2035,"QC",10775.6841479925,"Decreasing Batt Cap - High LFP Chemistry"
2035,"RI",1249.84071225856,"Decreasing Batt Cap - High LFP Chemistry"
2035,"SC",5816.22443512266,"Decreasing Batt Cap - High LFP Chemistry"
2035,"SD",906.531892557937,"Decreasing Batt Cap - High LFP Chemistry"
2035,"SK",409.916173963822,"Decreasing Batt Cap - High LFP Chemistry"
2035,"TN",7968.42315334275,"Decreasing Batt Cap - High LFP Chemistry"
2035,"TX",38140.3455983077,"Decreasing Batt Cap - High LFP Chemistry"
2035,"UT",5152.3445189002,"Decreasing Batt Cap - High LFP Chemistry"
2035,"VA",11926.9336072094,"Decreasing Batt Cap - High LFP Chemistry"
2035,"VT",963.266317330014,"Decreasing Batt Cap - High LFP Chemistry"
2035,"WA",15322.8776036368,"Decreasing Batt Cap - High LFP Chemistry"
2035,"WI",6416.81963039441,"Decreasing Batt Cap - High LFP Chemistry"
2035,"WV",1630.12690636359,"Decreasing Batt Cap - High LFP Chemistry"
2035,"WY",577.480100904062,"Decreasing Batt Cap - High LFP Chemistry"
2035,"YT",20.5526503455969,"Decreasing Batt Cap - High LFP Chemistry"
2036,"AB",2909.38339758608,"Decreasing Batt Cap - High LFP Chemistry"
2036,"AK",1028.31472298747,"Decreasing Batt Cap - High LFP Chemistry"
2036,"AL",6936.91419754533,"Decreasing Batt Cap - High LFP Chemistry"
2036,"AR",3950.36044480642,"Decreasing Batt Cap - High LFP Chemistry"
2036,"AZ",14939.5130156,"Decreasing Batt Cap - High LFP Chemistry"
2036,"BC",10011.8866654418,"Decreasing Batt Cap - High LFP Chemistry"
2036,"CA",122107.946962416,"Decreasing Batt Cap - High LFP Chemistry"
2036,"CO",13440.5350630646,"Decreasing Batt Cap - High LFP Chemistry"
2036,"CT",6247.95643282683,"Decreasing Batt Cap - High LFP Chemistry"
2036,"DC",1330.2095929995,"Decreasing Batt Cap - High LFP Chemistry"
2036,"DE",1788.95521341783,"Decreasing Batt Cap - High LFP Chemistry"
2036,"FL",42132.0645510606,"Decreasing Batt Cap - High LFP Chemistry"
2036,"GA",19208.9803909288,"Decreasing Batt Cap - High LFP Chemistry"
2036,"HI",3613.85029333491,"Decreasing Batt Cap - High LFP Chemistry"
2036,"IA",4465.53392942539,"Decreasing Batt Cap - High LFP Chemistry"
2036,"ID",3097.70058556319,"Decreasing Batt Cap - High LFP Chemistry"
2036,"IL",20408.694426079,"Decreasing Batt Cap - High LFP Chemistry"
2036,"IN",9846.6036065544,"Decreasing Batt Cap - High LFP Chemistry"
2036,"KS",4235.31927349267,"Decreasing Batt Cap - High LFP Chemistry"
2036,"KY",6106.92566563628,"Decreasing Batt Cap - High LFP Chemistry"
2036,"LA",5882.53590949027,"Decreasing Batt Cap - High LFP Chemistry"
2036,"MA",13330.1090657316,"Decreasing Batt Cap - High LFP Chemistry"
2036,"MB",692.986074057369,"Decreasing Batt Cap - High LFP Chemistry"
2036,"MD",11976.6297056723,"Decreasing Batt Cap - High LFP Chemistry"
2036,"ME",2109.89719272785,"Decreasing Batt Cap - High LFP Chemistry"
2036,"MI",14563.251270475,"Decreasing Batt Cap - High LFP Chemistry"
2036,"MN",9331.00996952394,"Decreasing Batt Cap - High LFP Chemistry"
2036,"MO",8956.15758074446,"Decreasing Batt Cap - High LFP Chemistry"
2036,"MS",3702.01983787028,"Decreasing Batt Cap - High LFP Chemistry"
2036,"MT",1610.31257138238,"Decreasing Batt Cap - High LFP Chemistry"
2036,"MX",16028.1507426847,"Decreasing Batt Cap - High LFP Chemistry"
2036,"NB",458.502998106403,"Decreasing Batt Cap - High LFP Chemistry"
2036,"NC",17138.1420671184,"Decreasing Batt Cap - High LFP Chemistry"
2036,"ND",1092.84550938676,"Decreasing Batt Cap - High LFP Chemistry"
2036,"NE",2871.63694550188,"Decreasing Batt Cap - High LFP Chemistry"
2036,"NH",2327.45395192551,"Decreasing Batt Cap - High LFP Chemistry"
2036,"NJ",18738.7863970337,"Decreasing Batt Cap - High LFP Chemistry"
2036,"NL",240.957658828942,"Decreasing Batt Cap - High LFP Chemistry"
2036,"NM",3175.55451822196,"Decreasing Batt Cap - High LFP Chemistry"
2036,"NS",541.607919673387,"Decreasing Batt Cap - High LFP Chemistry"
2036,"NT",12.2643605069518,"Decreasing Batt Cap - High LFP Chemistry"
2036,"NU",0,"Decreasing Batt Cap - High LFP Chemistry"
2036,"NV",6743.15757423068,"Decreasing Batt Cap - High LFP Chemistry"
2036,"NY",30514.4579266307,"Decreasing Batt Cap - High LFP Chemistry"
2036,"OH",17239.199196378,"Decreasing Batt Cap - High LFP Chemistry"
2036,"OK",6249.99272086358,"Decreasing Batt Cap - High LFP Chemistry"
2036,"ON",12761.0982603891,"Decreasing Batt Cap - High LFP Chemistry"
2036,"OR",9990.36039639174,"Decreasing Batt Cap - High LFP Chemistry"
2036,"PA",20135.5727269556,"Decreasing Batt Cap - High LFP Chemistry"
2036,"PE",108.23482850435,"Decreasing Batt Cap - High LFP Chemistry"
2036,"QC",14375.5311138623,"Decreasing Batt Cap - High LFP Chemistry"
2036,"RI",1689.9814919481,"Decreasing Batt Cap - High LFP Chemistry"
2036,"SC",7872.75163583583,"Decreasing Batt Cap - High LFP Chemistry"
2036,"SD",1237.3703786912,"Decreasing Batt Cap - High LFP Chemistry"
2036,"SK",591.364797781513,"Decreasing Batt Cap - High LFP Chemistry"
2036,"TN",10690.3813442264,"Decreasing Batt Cap - High LFP Chemistry"
2036,"TX",51483.9068298809,"Decreasing Batt Cap - High LFP Chemistry"
2036,"UT",6890.29772452065,"Decreasing Batt Cap - High LFP Chemistry"
2036,"VA",16046.352896574,"Decreasing Batt Cap - High LFP Chemistry"
2036,"VT",1272.19782436064,"Decreasing Batt Cap - High LFP Chemistry"
2036,"WA",20028.677695701,"Decreasing Batt Cap - High LFP Chemistry"
2036,"WI",8566.55692486063,"Decreasing Batt Cap - High LFP Chemistry"
2036,"WV",2160.44234134539,"Decreasing Batt Cap - High LFP Chemistry"
2036,"WY",765.57230254151,"Decreasing Batt Cap - High LFP Chemistry"
2036,"YT",29.8669143246594,"Decreasing Batt Cap - High LFP Chemistry"
2037,"AB",4095.2664711808,"Decreasing Batt Cap - High LFP Chemistry"
2037,"AK",1343.37037775239,"Decreasing Batt Cap - High LFP Chemistry"
2037,"AL",9123.99611564255,"Decreasing Batt Cap - High LFP Chemistry"
2037,"AR",5195.68704437668,"Decreasing Batt Cap - High LFP Chemistry"
2037,"AZ",19244.52329365,"Decreasing Batt Cap - High LFP Chemistry"
2037,"BC",12777.4564667841,"Decreasing Batt Cap - High LFP Chemistry"
2037,"CA",153826.385039863,"Decreasing Batt Cap - High LFP Chemistry"
2037,"CO",17414.5375886959,"Decreasing Batt Cap - High LFP Chemistry"
2037,"CT",8054.65710056228,"Decreasing Batt Cap - High LFP Chemistry"
2037,"DC",1688.96137867508,"Decreasing Batt Cap - High LFP Chemistry"
2037,"DE",2367.00075634077,"Decreasing Batt Cap - High LFP Chemistry"
2037,"FL",54858.7361689083,"Decreasing Batt Cap - High LFP Chemistry"
2037,"GA",24934.0312588941,"Decreasing Batt Cap - High LFP Chemistry"
2037,"HI",4496.96832286305,"Decreasing Batt Cap - High LFP Chemistry"
2037,"IA",5867.3150756562,"Decreasing Batt Cap - High LFP Chemistry"
2037,"ID",4088.39700123472,"Decreasing Batt Cap - High LFP Chemistry"
2037,"IL",26349.3929191737,"Decreasing Batt Cap - High LFP Chemistry"
2037,"IN",12865.0835603774,"Decreasing Batt Cap - High LFP Chemistry"
2037,"KS",5535.29518578259,"Decreasing Batt Cap - High LFP Chemistry"
2037,"KY",8014.68935425072,"Decreasing Batt Cap - High LFP Chemistry"
2037,"LA",7681.67176917854,"Decreasing Batt Cap - High LFP Chemistry"
2037,"MA",17248.4630748265,"Decreasing Batt Cap - High LFP Chemistry"
2037,"MB",977.006011456432,"Decreasing Batt Cap - High LFP Chemistry"
2037,"MD",15564.4852512172,"Decreasing Batt Cap - High LFP Chemistry"
2037,"ME",2749.19657546877,"Decreasing Batt Cap - High LFP Chemistry"
2037,"MI",18992.8425053965,"Decreasing Batt Cap - High LFP Chemistry"
2037,"MN",12152.8929278679,"Decreasing Batt Cap - High LFP Chemistry"
2037,"MO",11713.5980357175,"Decreasing Batt Cap - High LFP Chemistry"
2037,"MS",4886.23606588023,"Decreasing Batt Cap - High LFP Chemistry"
2037,"MT",2113.44907670015,"Decreasing Batt Cap - High LFP Chemistry"
2037,"MX",23576.1118175884,"Decreasing Batt Cap - High LFP Chemistry"
2037,"NB",655.710705932673,"Decreasing Batt Cap - High LFP Chemistry"
2037,"NC",22426.837091257,"Decreasing Batt Cap - High LFP Chemistry"
2037,"ND",1449.9203741409,"Decreasing Batt Cap - High LFP Chemistry"
2037,"NE",3776.77435307156,"Decreasing Batt Cap - High LFP Chemistry"
2037,"NH",3037.61920357044,"Decreasing Batt Cap - High LFP Chemistry"
2037,"NJ",24336.8028528445,"Decreasing Batt Cap - High LFP Chemistry"
2037,"NL",354.777983135845,"Decreasing Batt Cap - High LFP Chemistry"
2037,"NM",4140.70471406453,"Decreasing Batt Cap - High LFP Chemistry"
2037,"NS",773.308724721646,"Decreasing Batt Cap - High LFP Chemistry"
2037,"NT",20.0017894770733,"Decreasing Batt Cap - High LFP Chemistry"
2037,"NU",0,"Decreasing Batt Cap - High LFP Chemistry"
2037,"NV",8746.13071685337,"Decreasing Batt Cap - High LFP Chemistry"
2037,"NY",39291.5028693942,"Decreasing Batt Cap - High LFP Chemistry"
2037,"OH",22496.0259300799,"Decreasing Batt Cap - High LFP Chemistry"
2037,"OK",8221.55790634304,"Decreasing Batt Cap - High LFP Chemistry"
2037,"ON",17025.8812781426,"Decreasing Batt Cap - High LFP Chemistry"
2037,"OR",12693.3796266026,"Decreasing Batt Cap - High LFP Chemistry"
2037,"PA",26320.0852225125,"Decreasing Batt Cap - High LFP Chemistry"
2037,"PE",149.587023494861,"Decreasing Batt Cap - High LFP Chemistry"
2037,"QC",18734.2383384464,"Decreasing Batt Cap - High LFP Chemistry"
2037,"RI",2198.19304984303,"Decreasing Batt Cap - High LFP Chemistry"
2037,"SC",10396.4116933599,"Decreasing Batt Cap - High LFP Chemistry"
2037,"SD",1641.53341201193,"Decreasing Batt Cap - High LFP Chemistry"
2037,"SK",832.405660602982,"Decreasing Batt Cap - High LFP Chemistry"
2037,"TN",14045.3719057453,"Decreasing Batt Cap - High LFP Chemistry"
2037,"TX",67516.678933968,"Decreasing Batt Cap - High LFP Chemistry"
2037,"UT",8934.09723290747,"Decreasing Batt Cap - High LFP Chemistry"
2037,"VA",20995.2685998272,"Decreasing Batt Cap - High LFP Chemistry"
2037,"VT",1655.77739845254,"Decreasing Batt Cap - High LFP Chemistry"
2037,"WA",25492.8444775832,"Decreasing Batt Cap - High LFP Chemistry"
2037,"WI",11162.2751904931,"Decreasing Batt Cap - High LFP Chemistry"
2037,"WV",2841.04957057412,"Decreasing Batt Cap - High LFP Chemistry"
2037,"WY",1014.04813127611,"Decreasing Batt Cap - High LFP Chemistry"
2037,"YT",37.1426122419054,"Decreasing Batt Cap - High LFP Chemistry"
2038,"AB",6203.4979580835,"Decreasing Batt Cap - High LFP Chemistry"
2038,"AK",1806.34820660982,"Decreasing Batt Cap - High LFP Chemistry"
2038,"AL",12529.7750299971,"Decreasing Batt Cap - High LFP Chemistry"
2038,"AR",7066.03838711572,"Decreasing Batt Cap - High LFP Chemistry"
2038,"AZ",24570.2289525157,"Decreasing Batt Cap - High LFP Chemistry"
2038,"BC",14712.2304258511,"Decreasing Batt Cap - High LFP Chemistry"
2038,"CA",194797.435616145,"Decreasing Batt Cap - High LFP Chemistry"
2038,"CO",22480.9580078911,"Decreasing Batt Cap - High LFP Chemistry"
2038,"CT",10341.3134684883,"Decreasing Batt Cap - High LFP Chemistry"
2038,"DC",2090.17137090839,"Decreasing Batt Cap - High LFP Chemistry"
2038,"DE",3170.15944527695,"Decreasing Batt Cap - High LFP Chemistry"
2038,"FL",70175.185731802,"Decreasing Batt Cap - High LFP Chemistry"
2038,"GA",32622.1615005541,"Decreasing Batt Cap - High LFP Chemistry"
2038,"HI",5438.84195977585,"Decreasing Batt Cap - High LFP Chemistry"
2038,"IA",8013.57332604963,"Decreasing Batt Cap - High LFP Chemistry"
2038,"ID",5642.05560699407,"Decreasing Batt Cap - High LFP Chemistry"
2038,"IL",33780.6582741402,"Decreasing Batt Cap - High LFP Chemistry"
2038,"IN",17376.4761177794,"Decreasing Batt Cap - High LFP Chemistry"
2038,"KS",7487.3949601023,"Decreasing Batt Cap - High LFP Chemistry"
2038,"KY",10949.0662989279,"Decreasing Batt Cap - High LFP Chemistry"
2038,"LA",10415.1749090654,"Decreasing Batt Cap - High LFP Chemistry"
2038,"MA",22204.0674833936,"Decreasing Batt Cap - High LFP Chemistry"
2038,"MB",1498.69266818632,"Decreasing Batt Cap - High LFP Chemistry"
2038,"MD",20143.0387741294,"Decreasing Batt Cap - High LFP Chemistry"
2038,"ME",3641.45906266372,"Decreasing Batt Cap - High LFP Chemistry"
2038,"MI",24973.407352439,"Decreasing Batt Cap - High LFP Chemistry"
2038,"MN",16052.840788318,"Decreasing Batt Cap - High LFP Chemistry"
2038,"MO",15670.1462034013,"Decreasing Batt Cap - High LFP Chemistry"
2038,"MS",6803.41209652746,"Decreasing Batt Cap - High LFP Chemistry"
2038,"MT",2858.55460429537,"Decreasing Batt Cap - High LFP Chemistry"
2038,"MX",33979.1452268524,"Decreasing Batt Cap - High LFP Chemistry"
2038,"NB",1012.90152219798,"Decreasing Batt Cap - High LFP Chemistry"
2038,"NC",29760.9515033019,"Decreasing Batt Cap - High LFP Chemistry"
2038,"ND",2045.29538529059,"Decreasing Batt Cap - High LFP Chemistry"
2038,"NE",5173.989765696,"Decreasing Batt Cap - High LFP Chemistry"
2038,"NH",4019.57977469717,"Decreasing Batt Cap - High LFP Chemistry"
2038,"NJ",30596.7775282067,"Decreasing Batt Cap - High LFP Chemistry"
2038,"NL",569.687921610255,"Decreasing Batt Cap - High LFP Chemistry"
2038,"NM",5538.98145064542,"Decreasing Batt Cap - High LFP Chemistry"
2038,"NS",1176.7829723279,"Decreasing Batt Cap - High LFP Chemistry"
2038,"NT",32.4400940632021,"Decreasing Batt Cap - High LFP Chemistry"
2038,"NU",0,"Decreasing Batt Cap - High LFP Chemistry"
2038,"NV",11023.9162606916,"Decreasing Batt Cap - High LFP Chemistry"
2038,"NY",49863.1984214997,"Decreasing Batt Cap - High LFP Chemistry"
2038,"OH",30179.2121181988,"Decreasing Batt Cap - High LFP Chemistry"
2038,"OK",10899.9367276927,"Decreasing Batt Cap - High LFP Chemistry"
2038,"ON",22738.30344532,"Decreasing Batt Cap - High LFP Chemistry"
2038,"OR",16099.7223445628,"Decreasing Batt Cap - High LFP Chemistry"
2038,"PA",35610.2305273661,"Decreasing Batt Cap - High LFP Chemistry"
2038,"PE",222.882930188735,"Decreasing Batt Cap - High LFP Chemistry"
2038,"QC",22221.9538789388,"Decreasing Batt Cap - High LFP Chemistry"
2038,"RI",2873.20295176424,"Decreasing Batt Cap - High LFP Chemistry"
2038,"SC",14267.4170783554,"Decreasing Batt Cap - High LFP Chemistry"
2038,"SD",2269.97090015684,"Decreasing Batt Cap - High LFP Chemistry"
2038,"SK",1353.75753175021,"Decreasing Batt Cap - High LFP Chemistry"
2038,"TN",18975.2112249848,"Decreasing Batt Cap - High LFP Chemistry"
2038,"TX",89209.4810049312,"Decreasing Batt Cap - High LFP Chemistry"
2038,"UT",11527.0511612339,"Decreasing Batt Cap - High LFP Chemistry"
2038,"VA",27588.0977854797,"Decreasing Batt Cap - High LFP Chemistry"
2038,"VT",2091.95772887793,"Decreasing Batt Cap - High LFP Chemistry"
2038,"WA",31620.2645757979,"Decreasing Batt Cap - High LFP Chemistry"
2038,"WI",14949.0774632566,"Decreasing Batt Cap - High LFP Chemistry"
2038,"WV",3873.04745795998,"Decreasing Batt Cap - High LFP Chemistry"
2038,"WY",1422.04949285817,"Decreasing Batt Cap - High LFP Chemistry"
2038,"YT",59.696336654369,"Decreasing Batt Cap - High LFP Chemistry"
2039,"AB",8505.1111228632,"Decreasing Batt Cap - High LFP Chemistry"
2039,"AK",2278.92400550054,"Decreasing Batt Cap - High LFP Chemistry"
2039,"AL",16076.1595455327,"Decreasing Batt Cap - High LFP Chemistry"
2039,"AR",9040.84371908502,"Decreasing Batt Cap - High LFP Chemistry"
2039,"AZ",29626.0095382463,"Decreasing Batt Cap - High LFP Chemistry"
2039,"BC",15920.9257960886,"Decreasing Batt Cap - High LFP Chemistry"
2039,"CA",221175.649532486,"Decreasing Batt Cap - High LFP Chemistry"
2039,"CO",27135.3624902432,"Decreasing Batt Cap - High LFP Chemistry"
2039,"CT",12539.9066468925,"Decreasing Batt Cap - High LFP Chemistry"
2039,"DC",2440.44532659409,"Decreasing Batt Cap - High LFP Chemistry"
2039,"DE",3963.2280068506,"Decreasing Batt Cap - High LFP Chemistry"
2039,"FL",85097.0452004881,"Decreasing Batt Cap - High LFP Chemistry"
2039,"GA",40243.7676743218,"Decreasing Batt Cap - High LFP Chemistry"
2039,"HI",6259.76995155938,"Decreasing Batt Cap - High LFP Chemistry"
2039,"IA",10234.9650525161,"Decreasing Batt Cap - High LFP Chemistry"
2039,"ID",7232.39074970826,"Decreasing Batt Cap - High LFP Chemistry"
2039,"IL",41083.6541354932,"Decreasing Batt Cap - High LFP Chemistry"
2039,"IN",21953.6520954096,"Decreasing Batt Cap - High LFP Chemistry"
2039,"KS",9479.25786936725,"Decreasing Batt Cap - High LFP Chemistry"
2039,"KY",13989.2708948846,"Decreasing Batt Cap - High LFP Chemistry"
2039,"LA",13284.9751067066,"Decreasing Batt Cap - High LFP Chemistry"
2039,"MA",26944.5671897757,"Decreasing Batt Cap - High LFP Chemistry"
2039,"MB",2018.59717729011,"Decreasing Batt Cap - High LFP Chemistry"
2039,"MD",24438.8119915607,"Decreasing Batt Cap - High LFP Chemistry"
2039,"ME",4551.97392754011,"Decreasing Batt Cap - High LFP Chemistry"
2039,"MI",31060.9731732979,"Decreasing Batt Cap - High LFP Chemistry"
2039,"MN",19974.225014888,"Decreasing Batt Cap - High LFP Chemistry"
2039,"MO",19720.0654135244,"Decreasing Batt Cap - High LFP Chemistry"
2039,"MS",8807.02771049063,"Decreasing Batt Cap - High LFP Chemistry"
2039,"MT",3618.59357792032,"Decreasing Batt Cap - High LFP Chemistry"
2039,"MX",47741.4161631714,"Decreasing Batt Cap - High LFP Chemistry"
2039,"NB",1381.39126730036,"Decreasing Batt Cap - High LFP Chemistry"
2039,"NC",37055.6397460903,"Decreasing Batt Cap - High LFP Chemistry"
2039,"ND",2669.52306836655,"Decreasing Batt Cap - High LFP Chemistry"
2039,"NE",6586.91581324748,"Decreasing Batt Cap - High LFP Chemistry"
2039,"NH",4994.99371027076,"Decreasing Batt Cap - High LFP Chemistry"
2039,"NJ",36438.9551399976,"Decreasing Batt Cap - High LFP Chemistry"
2039,"NL",791.602981198269,"Decreasing Batt Cap - High LFP Chemistry"
2039,"NM",6958.69716747342,"Decreasing Batt Cap - High LFP Chemistry"
2039,"NS",1585.50928737352,"Decreasing Batt Cap - High LFP Chemistry"
2039,"NT",44.6112813203283,"Decreasing Batt Cap - High LFP Chemistry"
2039,"NU",0,"Decreasing Batt Cap - High LFP Chemistry"
2039,"NV",13160.715848648,"Decreasing Batt Cap - High LFP Chemistry"
2039,"NY",60319.8090095643,"Decreasing Batt Cap - High LFP Chemistry"
2039,"OH",37987.2191434232,"Decreasing Batt Cap - High LFP Chemistry"
2039,"OK",13601.7897765305,"Decreasing Batt Cap - High LFP Chemistry"
2039,"ON",28064.8192136294,"Decreasing Batt Cap - High LFP Chemistry"
2039,"OR",19187.2548397197,"Decreasing Batt Cap - High LFP Chemistry"
2039,"PA",44684.4305362003,"Decreasing Batt Cap - High LFP Chemistry"
2039,"PE",290.259730390112,"Decreasing Batt Cap - High LFP Chemistry"
2039,"QC",24653.6610036227,"Decreasing Batt Cap - High LFP Chemistry"
2039,"RI",3563.5513768829,"Decreasing Batt Cap - High LFP Chemistry"
2039,"SC",18224.9843106206,"Decreasing Batt Cap - High LFP Chemistry"
2039,"SD",2950.71822985152,"Decreasing Batt Cap - High LFP Chemistry"
2039,"SK",1894.51932814861,"Decreasing Batt Cap - High LFP Chemistry"
2039,"TN",24032.1240911859,"Decreasing Batt Cap - High LFP Chemistry"
2039,"TX",111205.100636452,"Decreasing Batt Cap - High LFP Chemistry"
2039,"UT",14022.0422687751,"Decreasing Batt Cap - High LFP Chemistry"
2039,"VA",34020.0942225048,"Decreasing Batt Cap - High LFP Chemistry"
2039,"VT",2501.17928519123,"Decreasing Batt Cap - High LFP Chemistry"
2039,"WA",37136.3381560524,"Decreasing Batt Cap - High LFP Chemistry"
2039,"WI",18839.1405053268,"Decreasing Batt Cap - High LFP Chemistry"
2039,"WV",4940.58228773247,"Decreasing Batt Cap - High LFP Chemistry"
2039,"WY",1844.40300218784,"Decreasing Batt Cap - High LFP Chemistry"
2039,"YT",82.0933200258621,"Decreasing Batt Cap - High LFP Chemistry"
2040,"AB",11289.1169777726,"Decreasing Batt Cap - High LFP Chemistry"
2040,"AK",2792.9097645432,"Decreasing Batt Cap - High LFP Chemistry"
2040,"AL",20008.3903711005,"Decreasing Batt Cap - High LFP Chemistry"
2040,"AR",11200.8117126453,"Decreasing Batt Cap - High LFP Chemistry"
2040,"AZ",35055.1574950449,"Decreasing Batt Cap - High LFP Chemistry"
2040,"BC",16936.8456264106,"Decreasing Batt Cap - High LFP Chemistry"
2040,"CA",244680.632386451,"Decreasing Batt Cap - High LFP Chemistry"
2040,"CO",31721.0617637482,"Decreasing Batt Cap - High LFP Chemistry"
2040,"CT",14884.8906780255,"Decreasing Batt Cap - High LFP Chemistry"
2040,"DC",2813.3397146563,"Decreasing Batt Cap - High LFP Chemistry"
2040,"DE",4809.74245622524,"Decreasing Batt Cap - High LFP Chemistry"
2040,"FL",101302.804694758,"Decreasing Batt Cap - High LFP Chemistry"
2040,"GA",48540.8573628327,"Decreasing Batt Cap - High LFP Chemistry"
2040,"HI",7119.22693298542,"Decreasing Batt Cap - High LFP Chemistry"
2040,"IA",12706.2489675768,"Decreasing Batt Cap - High LFP Chemistry"
2040,"ID",9017.97870350583,"Decreasing Batt Cap - High LFP Chemistry"
2040,"IL",49066.1492655686,"Decreasing Batt Cap - High LFP Chemistry"
2040,"IN",27038.6879447591,"Decreasing Batt Cap - High LFP Chemistry"
2040,"KS",11666.4060433379,"Decreasing Batt Cap - High LFP Chemistry"
2040,"KY",17374.934006997,"Decreasing Batt Cap - High LFP Chemistry"
2040,"LA",16521.0726293157,"Decreasing Batt Cap - High LFP Chemistry"
2040,"MA",31752.7299438993,"Decreasing Batt Cap - High LFP Chemistry"
2040,"MB",2660.26578936973,"Decreasing Batt Cap - High LFP Chemistry"
2040,"MD",28811.9608945864,"Decreasing Batt Cap - High LFP Chemistry"
2040,"ME",5558.94924382218,"Decreasing Batt Cap - High LFP Chemistry"
2040,"MI",37738.3324983196,"Decreasing Batt Cap - High LFP Chemistry"
2040,"MN",24282.1580855355,"Decreasing Batt Cap - High LFP Chemistry"
2040,"MO",24217.2628751155,"Decreasing Batt Cap - High LFP Chemistry"
2040,"MS",11043.4264403715,"Decreasing Batt Cap - High LFP Chemistry"
2040,"MT",4423.62096405974,"Decreasing Batt Cap - High LFP Chemistry"
2040,"MX",65076.3875252219,"Decreasing Batt Cap - High LFP Chemistry"
2040,"NB",1826.6846445959,"Decreasing Batt Cap - High LFP Chemistry"
2040,"NC",45021.6065830479,"Decreasing Batt Cap - High LFP Chemistry"
2040,"ND",3379.6891685497,"Decreasing Batt Cap - High LFP Chemistry"
2040,"NE",8148.34549127661,"Decreasing Batt Cap - High LFP Chemistry"
2040,"NH",6093.35836218511,"Decreasing Batt Cap - High LFP Chemistry"
2040,"NJ",42346.9554209443,"Decreasing Batt Cap - High LFP Chemistry"
2040,"NL",1057.24530312535,"Decreasing Batt Cap - High LFP Chemistry"
2040,"NM",8513.97586163188,"Decreasing Batt Cap - High LFP Chemistry"
2040,"NS",2087.43012247021,"Decreasing Batt Cap - High LFP Chemistry"
2040,"NT",58.0946087605354,"Decreasing Batt Cap - High LFP Chemistry"
2040,"NU",0,"Decreasing Batt Cap - High LFP Chemistry"
2040,"NV",15403.7730256347,"Decreasing Batt Cap - High LFP Chemistry"
2040,"NY",71470.0053731731,"Decreasing Batt Cap - High LFP Chemistry"
2040,"OH",46645.260529551,"Decreasing Batt Cap - High LFP Chemistry"
2040,"OK",16590.6115917482,"Decreasing Batt Cap - High LFP Chemistry"
2040,"ON",34069.2312469819,"Decreasing Batt Cap - High LFP Chemistry"
2040,"OR",22200.6858891597,"Decreasing Batt Cap - High LFP Chemistry"
2040,"PA",54004.8353006333,"Decreasing Batt Cap - High LFP Chemistry"
2040,"PE",365.786588620344,"Decreasing Batt Cap - High LFP Chemistry"
2040,"QC",26831.3839322912,"Decreasing Batt Cap - High LFP Chemistry"
2040,"RI",4300.75218259404,"Decreasing Batt Cap - High LFP Chemistry"
2040,"SC",22650.8544655563,"Decreasing Batt Cap - High LFP Chemistry"
2040,"SD",3709.45670402856,"Decreasing Batt Cap - High LFP Chemistry"
2040,"SK",2538.06293914142,"Decreasing Batt Cap - High LFP Chemistry"
2040,"TN",29613.6246635832,"Decreasing Batt Cap - High LFP Chemistry"
2040,"TX",135629.51288547,"Decreasing Batt Cap - High LFP Chemistry"
2040,"UT",16751.7916023936,"Decreasing Batt Cap - High LFP Chemistry"
2040,"VA",41023.4816088536,"Decreasing Batt Cap - High LFP Chemistry"
2040,"VT",2934.36778681255,"Decreasing Batt Cap - High LFP Chemistry"
2040,"WA",42848.9621276899,"Decreasing Batt Cap - High LFP Chemistry"
2040,"WI",23117.5372330484,"Decreasing Batt Cap - High LFP Chemistry"
2040,"WV",6155.92214424898,"Decreasing Batt Cap - High LFP Chemistry"
2040,"WY",2312.6021885559,"Decreasing Batt Cap - High LFP Chemistry"
2040,"YT",106.646823636468,"Decreasing Batt Cap - High LFP Chemistry"
2041,"AB",14505.91019261,"Decreasing Batt Cap - High LFP Chemistry"
2041,"AK",3353.16642848964,"Decreasing Batt Cap - High LFP Chemistry"
2041,"AL",24185.9621802559,"Decreasing Batt Cap - High LFP Chemistry"
2041,"AR",13532.6271328028,"Decreasing Batt Cap - High LFP Chemistry"
2041,"AZ",40791.8406209585,"Decreasing Batt Cap - High LFP Chemistry"
2041,"BC",18124.2115217676,"Decreasing Batt Cap - High LFP Chemistry"
2041,"CA",265912.420445266,"Decreasing Batt Cap - High LFP Chemistry"
2041,"CO",36398.555537377,"Decreasing Batt Cap - High LFP Chemistry"
2041,"CT",17323.557348347,"Decreasing Batt Cap - High LFP Chemistry"
2041,"DC",3190.20473770006,"Decreasing Batt Cap - High LFP Chemistry"
2041,"DE",5689.4571200912,"Decreasing Batt Cap - High LFP Chemistry"
2041,"FL",118732.974358277,"Decreasing Batt Cap - High LFP Chemistry"
2041,"GA",57293.9602327058,"Decreasing Batt Cap - High LFP Chemistry"
2041,"HI",8023.48898435809,"Decreasing Batt Cap - High LFP Chemistry"
2041,"IA",15333.7770081412,"Decreasing Batt Cap - High LFP Chemistry"
2041,"ID",10935.9178714934,"Decreasing Batt Cap - High LFP Chemistry"
2041,"IL",57539.442460642,"Decreasing Batt Cap - High LFP Chemistry"
2041,"IN",32444.482819536,"Decreasing Batt Cap - High LFP Chemistry"
2041,"KS",13983.565419512,"Decreasing Batt Cap - High LFP Chemistry"
2041,"KY",20955.3587428205,"Decreasing Batt Cap - High LFP Chemistry"
2041,"LA",19963.8178125883,"Decreasing Batt Cap - High LFP Chemistry"
2041,"MA",36762.9275254036,"Decreasing Batt Cap - High LFP Chemistry"
2041,"MB",3378.06589977862,"Decreasing Batt Cap - High LFP Chemistry"
2041,"MD",33302.9084297299,"Decreasing Batt Cap - High LFP Chemistry"
2041,"ME",6627.53069314675,"Decreasing Batt Cap - High LFP Chemistry"
2041,"MI",44867.5532189328,"Decreasing Batt Cap - High LFP Chemistry"
2041,"MN",28909.5361779095,"Decreasing Batt Cap - High LFP Chemistry"
2041,"MO",28963.7175207503,"Decreasing Batt Cap - High LFP Chemistry"
2041,"MS",13446.5797035704,"Decreasing Batt Cap - High LFP Chemistry"
2041,"MT",5268.508897934,"Decreasing Batt Cap - High LFP Chemistry"
2041,"MX",85820.549605123,"Decreasing Batt Cap - High LFP Chemistry"
2041,"NB",2337.82471506587,"Decreasing Batt Cap - High LFP Chemistry"
2041,"NC",53399.8338108786,"Decreasing Batt Cap - High LFP Chemistry"
2041,"ND",4143.22475530818,"Decreasing Batt Cap - High LFP Chemistry"
2041,"NE",9828.18725779536,"Decreasing Batt Cap - High LFP Chemistry"
2041,"NH",7243.84000210426,"Decreasing Batt Cap - High LFP Chemistry"
2041,"NJ",48440.0510692118,"Decreasing Batt Cap - High LFP Chemistry"
2041,"NL",1338.72389173155,"Decreasing Batt Cap - High LFP Chemistry"
2041,"NM",10137.9637575361,"Decreasing Batt Cap - High LFP Chemistry"
2041,"NS",2643.3313711941,"Decreasing Batt Cap - High LFP Chemistry"
2041,"NT",77.4709711218039,"Decreasing Batt Cap - High LFP Chemistry"
2041,"NU",0,"Decreasing Batt Cap - High LFP Chemistry"
2041,"NV",17802.095759992,"Decreasing Batt Cap - High LFP Chemistry"
2041,"NY",83258.2597950957,"Decreasing Batt Cap - High LFP Chemistry"
2041,"OH",55833.7808040413,"Decreasing Batt Cap - High LFP Chemistry"
2041,"OK",19799.8736182609,"Decreasing Batt Cap - High LFP Chemistry"
2041,"ON",41074.8774614142,"Decreasing Batt Cap - High LFP Chemistry"
2041,"OR",25216.3067766046,"Decreasing Batt Cap - High LFP Chemistry"
2041,"PA",63506.0690772048,"Decreasing Batt Cap - High LFP Chemistry"
2041,"PE",465.832520868886,"Decreasing Batt Cap - High LFP Chemistry"
2041,"QC",29148.2310000319,"Decreasing Batt Cap - High LFP Chemistry"
2041,"RI",5095.66489550861,"Decreasing Batt Cap - High LFP Chemistry"
2041,"SC",27365.3098914629,"Decreasing Batt Cap - High LFP Chemistry"
2041,"SD",4526.42720849414,"Decreasing Batt Cap - High LFP Chemistry"
2041,"SK",3284.97523959031,"Decreasing Batt Cap - High LFP Chemistry"
2041,"TN",35556.3319516436,"Decreasing Batt Cap - High LFP Chemistry"
2041,"TX",161983.75424086,"Decreasing Batt Cap - High LFP Chemistry"
2041,"UT",19597.6286844545,"Decreasing Batt Cap - High LFP Chemistry"
2041,"VA",48420.3085282805,"Decreasing Batt Cap - High LFP Chemistry"
2041,"VT",3392.30086795622,"Decreasing Batt Cap - High LFP Chemistry"
2041,"WA",48792.1531449794,"Decreasing Batt Cap - High LFP Chemistry"
2041,"WI",27713.5414055157,"Decreasing Batt Cap - High LFP Chemistry"
2041,"WV",7417.6783211202,"Decreasing Batt Cap - High LFP Chemistry"
2041,"WY",2800.99485848584,"Decreasing Batt Cap - High LFP Chemistry"
2041,"YT",135.835183927472,"Decreasing Batt Cap - High LFP Chemistry"
2042,"AB",18049.4712100981,"Decreasing Batt Cap - High LFP Chemistry"
2042,"AK",3909.3704651162,"Decreasing Batt Cap - High LFP Chemistry"
2042,"AL",28453.929049303,"Decreasing Batt Cap - High LFP Chemistry"
2042,"AR",15895.6767107415,"Decreasing Batt Cap - High LFP Chemistry"
2042,"AZ",46857.5684397705,"Decreasing Batt Cap - High LFP Chemistry"
2042,"BC",19752.6438292056,"Decreasing Batt Cap - High LFP Chemistry"
2042,"CA",287269.350508367,"Decreasing Batt Cap - High LFP Chemistry"
2042,"CO",41167.084326787,"Decreasing Batt Cap - High LFP Chemistry"
2042,"CT",19854.7697375171,"Decreasing Batt Cap - High LFP Chemistry"
2042,"DC",3603.53010502439,"Decreasing Batt Cap - High LFP Chemistry"
2042,"DE",6625.57393997326,"Decreasing Batt Cap - High LFP Chemistry"
2042,"FL",137598.846038903,"Decreasing Batt Cap - High LFP Chemistry"
2042,"GA",66454.427786686,"Decreasing Batt Cap - High LFP Chemistry"
2042,"HI",9048.06801549283,"Decreasing Batt Cap - High LFP Chemistry"
2042,"IA",18045.1067024796,"Decreasing Batt Cap - High LFP Chemistry"
2042,"ID",12917.209210493,"Decreasing Batt Cap - High LFP Chemistry"
2042,"IL",66568.9128766564,"Decreasing Batt Cap - High LFP Chemistry"
2042,"IN",38008.7579754084,"Decreasing Batt Cap - High LFP Chemistry"
2042,"KS",16361.3201431112,"Decreasing Batt Cap - High LFP Chemistry"
2042,"KY",24633.5928421204,"Decreasing Batt Cap - High LFP Chemistry"
2042,"LA",23545.7785095013,"Decreasing Batt Cap - High LFP Chemistry"
2042,"MA",42074.8629033483,"Decreasing Batt Cap - High LFP Chemistry"
2042,"MB",4158.22088772516,"Decreasing Batt Cap - High LFP Chemistry"
2042,"MD",37955.4171465318,"Decreasing Batt Cap - High LFP Chemistry"
2042,"ME",7772.11933746065,"Decreasing Batt Cap - High LFP Chemistry"
2042,"MI",52308.1808130354,"Decreasing Batt Cap - High LFP Chemistry"
2042,"MN",33771.5405475706,"Decreasing Batt Cap - High LFP Chemistry"
2042,"MO",33863.832822848,"Decreasing Batt Cap - High LFP Chemistry"
2042,"MS",15858.5649836982,"Decreasing Batt Cap - High LFP Chemistry"
2042,"MT",6129.36711881129,"Decreasing Batt Cap - High LFP Chemistry"
2042,"MX",109498.95923886,"Decreasing Batt Cap - High LFP Chemistry"
2042,"NB",2877.83367061422,"Decreasing Batt Cap - High LFP Chemistry"
2042,"NC",62071.0388938362,"Decreasing Batt Cap - High LFP Chemistry"
2042,"ND",4953.33952082397,"Decreasing Batt Cap - High LFP Chemistry"
2042,"NE",11544.4233367636,"Decreasing Batt Cap - High LFP Chemistry"
2042,"NH",8459.72506906432,"Decreasing Batt Cap - High LFP Chemistry"
2042,"NJ",54931.0640494559,"Decreasing Batt Cap - High LFP Chemistry"
2042,"NL",1636.27803474526,"Decreasing Batt Cap - High LFP Chemistry"
2042,"NM",11818.3620052965,"Decreasing Batt Cap - High LFP Chemistry"
2042,"NS",3227.42339083328,"Decreasing Batt Cap - High LFP Chemistry"
2042,"NT",93.366694224723,"Decreasing Batt Cap - High LFP Chemistry"
2042,"NU",0,"Decreasing Batt Cap - High LFP Chemistry"
2042,"NV",20327.650821743,"Decreasing Batt Cap - High LFP Chemistry"
2042,"NY",95770.6404660937,"Decreasing Batt Cap - High LFP Chemistry"
2042,"OH",65300.3237080983,"Decreasing Batt Cap - High LFP Chemistry"
2042,"OK",23235.9140284727,"Decreasing Batt Cap - High LFP Chemistry"
2042,"ON",48904.3057291493,"Decreasing Batt Cap - High LFP Chemistry"
2042,"OR",28244.2739188601,"Decreasing Batt Cap - High LFP Chemistry"
2042,"PA",72886.889339687,"Decreasing Batt Cap - High LFP Chemistry"
2042,"PE",573.661345916289,"Decreasing Batt Cap - High LFP Chemistry"
2042,"QC",31978.6982725557,"Decreasing Batt Cap - High LFP Chemistry"
2042,"RI",5924.11037897816,"Decreasing Batt Cap - High LFP Chemistry"
2042,"SC",32217.2834589431,"Decreasing Batt Cap - High LFP Chemistry"
2042,"SD",5339.83180948225,"Decreasing Batt Cap - High LFP Chemistry"
2042,"SK",4095.857727499,"Decreasing Batt Cap - High LFP Chemistry"
2042,"TN",41714.7609471522,"Decreasing Batt Cap - High LFP Chemistry"
2042,"TX",190055.613975666,"Decreasing Batt Cap - High LFP Chemistry"
2042,"UT",22649.7169885699,"Decreasing Batt Cap - High LFP Chemistry"
2042,"VA",56155.1573221471,"Decreasing Batt Cap - High LFP Chemistry"
2042,"VT",3870.70664722959,"Decreasing Batt Cap - High LFP Chemistry"
2042,"WA",55162.8552257959,"Decreasing Batt Cap - High LFP Chemistry"
2042,"WI",32492.3501349825,"Decreasing Batt Cap - High LFP Chemistry"
2042,"WV",8719.08930276252,"Decreasing Batt Cap - High LFP Chemistry"
2042,"WY",3298.27285602489,"Decreasing Batt Cap - High LFP Chemistry"
2042,"YT",169.865808738276,"Decreasing Batt Cap - High LFP Chemistry"
2043,"AB",21846.680117322,"Decreasing Batt Cap - High LFP Chemistry"
2043,"AK",4476.4170523461,"Decreasing Batt Cap - High LFP Chemistry"
2043,"AL",32788.1009227354,"Decreasing Batt Cap - High LFP Chemistry"
2043,"AR",18327.9247487044,"Decreasing Batt Cap - High LFP Chemistry"
2043,"AZ",53282.2904545467,"Decreasing Batt Cap - High LFP Chemistry"
2043,"BC",21985.4805867563,"Decreasing Batt Cap - High LFP Chemistry"
2043,"CA",311555.501162505,"Decreasing Batt Cap - High LFP Chemistry"
2043,"CO",46264.7655800181,"Decreasing Batt Cap - High LFP Chemistry"
2043,"CT",22515.813187009,"Decreasing Batt Cap - High LFP Chemistry"
2043,"DC",4048.3789203045,"Decreasing Batt Cap - High LFP Chemistry"
2043,"DE",7574.34545214868,"Decreasing Batt Cap - High LFP Chemistry"
2043,"FL",158000.10123618,"Decreasing Batt Cap - High LFP Chemistry"
2043,"GA",75977.2076690564,"Decreasing Batt Cap - High LFP Chemistry"
2043,"HI",10139.2478510729,"Decreasing Batt Cap - High LFP Chemistry"
2043,"IA",20796.726196998,"Decreasing Batt Cap - High LFP Chemistry"
2043,"ID",14955.0107117321,"Decreasing Batt Cap - High LFP Chemistry"
2043,"IL",76069.7446164182,"Decreasing Batt Cap - High LFP Chemistry"
2043,"IN",43663.793472448,"Decreasing Batt Cap - High LFP Chemistry"
2043,"KS",18722.9960096939,"Decreasing Batt Cap - High LFP Chemistry"
2043,"KY",28290.1197139911,"Decreasing Batt Cap - High LFP Chemistry"
2043,"LA",27178.4387630573,"Decreasing Batt Cap - High LFP Chemistry"
2043,"MA",47733.0604726455,"Decreasing Batt Cap - High LFP Chemistry"
2043,"MB",5001.9750230074,"Decreasing Batt Cap - High LFP Chemistry"
2043,"MD",42850.8373126304,"Decreasing Batt Cap - High LFP Chemistry"
2043,"ME",8949.24731159728,"Decreasing Batt Cap - High LFP Chemistry"
2043,"MI",59966.5606419696,"Decreasing Batt Cap - High LFP Chemistry"
2043,"MN",38813.5666051876,"Decreasing Batt Cap - High LFP Chemistry"
2043,"MO",38850.9397911096,"Decreasing Batt Cap - High LFP Chemistry"
2043,"MS",18261.2324189125,"Decreasing Batt Cap - High LFP Chemistry"
2043,"MT",7015.25488444176,"Decreasing Batt Cap - High LFP Chemistry"
2043,"MX",135397.721599143,"Decreasing Batt Cap - High LFP Chemistry"
2043,"NB",3438.00479559376,"Decreasing Batt Cap - High LFP Chemistry"
2043,"NC",71011.1133598631,"Decreasing Batt Cap - High LFP Chemistry"
2043,"ND",5760.88466260889,"Decreasing Batt Cap - High LFP Chemistry"
2043,"NE",13284.616523733,"Decreasing Batt Cap - High LFP Chemistry"
2043,"NH",9742.54625750165,"Decreasing Batt Cap - High LFP Chemistry"
2043,"NJ",61924.6225955102,"Decreasing Batt Cap - High LFP Chemistry"
2043,"NL",1954.58635312478,"Decreasing Batt Cap - High LFP Chemistry"
2043,"NM",13536.7744429773,"Decreasing Batt Cap - High LFP Chemistry"
2043,"NS",3837.07033369859,"Decreasing Batt Cap - High LFP Chemistry"
2043,"NT",116.771104290798,"Decreasing Batt Cap - High LFP Chemistry"
2043,"NU",0,"Decreasing Batt Cap - High LFP Chemistry"
2043,"NV",23067.6071483005,"Decreasing Batt Cap - High LFP Chemistry"
2043,"NY",109006.068946933,"Decreasing Batt Cap - High LFP Chemistry"
2043,"OH",74907.4745550149,"Decreasing Batt Cap - High LFP Chemistry"
2043,"OK",26835.5257527002,"Decreasing Batt Cap - High LFP Chemistry"
2043,"ON",57599.9034018573,"Decreasing Batt Cap - High LFP Chemistry"
2043,"OR",31416.6256164132,"Decreasing Batt Cap - High LFP Chemistry"
2043,"PA",82210.2995348995,"Decreasing Batt Cap - High LFP Chemistry"
2043,"PE",678.03241653689,"Decreasing Batt Cap - High LFP Chemistry"
2043,"QC",35611.0889555892,"Decreasing Batt Cap - High LFP Chemistry"
2043,"RI",6779.44189782383,"Decreasing Batt Cap - High LFP Chemistry"
2043,"SC",37163.3020301534,"Decreasing Batt Cap - High LFP Chemistry"
2043,"SD",6167.31510648536,"Decreasing Batt Cap - High LFP Chemistry"
2043,"SK",4974.02483855993,"Decreasing Batt Cap - High LFP Chemistry"
2043,"TN",48029.3926137165,"Decreasing Batt Cap - High LFP Chemistry"
2043,"TX",219744.735987153,"Decreasing Batt Cap - High LFP Chemistry"
2043,"UT",25902.293359545,"Decreasing Batt Cap - High LFP Chemistry"
2043,"VA",64278.9661191412,"Decreasing Batt Cap - High LFP Chemistry"
2043,"VT",4390.48065618964,"Decreasing Batt Cap - High LFP Chemistry"
2043,"WA",62041.0461242509,"Decreasing Batt Cap - High LFP Chemistry"
2043,"WI",37444.4784541929,"Decreasing Batt Cap - High LFP Chemistry"
2043,"WV",10029.5069607493,"Decreasing Batt Cap - High LFP Chemistry"
2043,"WY",3780.55051155391,"Decreasing Batt Cap - High LFP Chemistry"
2043,"YT",201.700967953513,"Decreasing Batt Cap - High LFP Chemistry"
2044,"AB",25847.4914253653,"Decreasing Batt Cap - High LFP Chemistry"
2044,"AK",5096.74547097663,"Decreasing Batt Cap - High LFP Chemistry"
2044,"AL",37059.9393314702,"Decreasing Batt Cap - High LFP Chemistry"
2044,"AR",20728.7431343773,"Decreasing Batt Cap - High LFP Chemistry"
2044,"AZ",60127.1568106781,"Decreasing Batt Cap - High LFP Chemistry"
2044,"BC",24890.8192779134,"Decreasing Batt Cap - High LFP Chemistry"
2044,"CA",339993.968628303,"Decreasing Batt Cap - High LFP Chemistry"
2044,"CO",51835.0658125545,"Decreasing Batt Cap - High LFP Chemistry"
2044,"CT",25238.3980068288,"Decreasing Batt Cap - High LFP Chemistry"
2044,"DC",4546.79931974257,"Decreasing Batt Cap - High LFP Chemistry"
2044,"DE",8591.63829675316,"Decreasing Batt Cap - High LFP Chemistry"
2044,"FL",180155.750338754,"Decreasing Batt Cap - High LFP Chemistry"
2044,"GA",85846.3404218353,"Decreasing Batt Cap - High LFP Chemistry"
2044,"HI",11368.7180749317,"Decreasing Batt Cap - High LFP Chemistry"
2044,"IA",23535.2572703331,"Decreasing Batt Cap - High LFP Chemistry"
2044,"ID",17087.8706573394,"Decreasing Batt Cap - High LFP Chemistry"
2044,"IL",85816.3798894472,"Decreasing Batt Cap - High LFP Chemistry"
2044,"IN",49320.414738163,"Decreasing Batt Cap - High LFP Chemistry"
2044,"KS",21077.821978755,"Decreasing Batt Cap - High LFP Chemistry"
2044,"KY",31942.2446569894,"Decreasing Batt Cap - High LFP Chemistry"
2044,"LA",30824.9328610139,"Decreasing Batt Cap - High LFP Chemistry"
2044,"MA",53815.817903402,"Decreasing Batt Cap - High LFP Chemistry"
2044,"MB",5916.27647367675,"Decreasing Batt Cap - High LFP Chemistry"
2044,"MD",48050.1368888806,"Decreasing Batt Cap - High LFP Chemistry"
2044,"ME",10145.1531190666,"Decreasing Batt Cap - High LFP Chemistry"
2044,"MI",67757.4981632625,"Decreasing Batt Cap - High LFP Chemistry"
2044,"MN",44019.6079175417,"Decreasing Batt Cap - High LFP Chemistry"
2044,"MO",43839.1552204973,"Decreasing Batt Cap - High LFP Chemistry"
2044,"MS",20568.9763992753,"Decreasing Batt Cap - High LFP Chemistry"
2044,"MT",7889.57756933957,"Decreasing Batt Cap - High LFP Chemistry"
2044,"MX",162922.156635196,"Decreasing Batt Cap - High LFP Chemistry"
2044,"NB",4018.30013894498,"Decreasing Batt Cap - High LFP Chemistry"
2044,"NC",80176.9203272536,"Decreasing Batt Cap - High LFP Chemistry"
2044,"ND",6603.93042456621,"Decreasing Batt Cap - High LFP Chemistry"
2044,"NE",15053.5686137841,"Decreasing Batt Cap - High LFP Chemistry"
2044,"NH",11093.1448633759,"Decreasing Batt Cap - High LFP Chemistry"
2044,"NJ",69429.9535869446,"Decreasing Batt Cap - High LFP Chemistry"
2044,"NL",2291.43645960543,"Decreasing Batt Cap - High LFP Chemistry"
2044,"NM",15212.3512922052,"Decreasing Batt Cap - High LFP Chemistry"
2044,"NS",4486.59429241112,"Decreasing Batt Cap - High LFP Chemistry"
2044,"NT",137.552263485037,"Decreasing Batt Cap - High LFP Chemistry"
2044,"NU",0,"Decreasing Batt Cap - High LFP Chemistry"
2044,"NV",26057.4881915025,"Decreasing Batt Cap - High LFP Chemistry"
2044,"NY",122835.379151536,"Decreasing Batt Cap - High LFP Chemistry"
2044,"OH",84494.9510435477,"Decreasing Batt Cap - High LFP Chemistry"
2044,"OK",30608.7425445541,"Decreasing Batt Cap - High LFP Chemistry"
2044,"ON",67214.8950965808,"Decreasing Batt Cap - High LFP Chemistry"
2044,"OR",34788.9189912296,"Decreasing Batt Cap - High LFP Chemistry"
2044,"PA",91370.2961877491,"Decreasing Batt Cap - High LFP Chemistry"
2044,"PE",789.232187805439,"Decreasing Batt Cap - High LFP Chemistry"
2044,"QC",40118.3045317378,"Decreasing Batt Cap - High LFP Chemistry"
2044,"RI",7697.46919759671,"Decreasing Batt Cap - High LFP Chemistry"
2044,"SC",42214.0551373537,"Decreasing Batt Cap - High LFP Chemistry"
2044,"SD",7008.89881152993,"Decreasing Batt Cap - High LFP Chemistry"
2044,"SK",5888.21598269762,"Decreasing Batt Cap - High LFP Chemistry"
2044,"TN",54507.9969895695,"Decreasing Batt Cap - High LFP Chemistry"
2044,"TX",251394.829244603,"Decreasing Batt Cap - High LFP Chemistry"
2044,"UT",29420.5577257862,"Decreasing Batt Cap - High LFP Chemistry"
2044,"VA",72723.0852801397,"Decreasing Batt Cap - High LFP Chemistry"
2044,"VT",4965.7343054525,"Decreasing Batt Cap - High LFP Chemistry"
2044,"WA",69647.2401367732,"Decreasing Batt Cap - High LFP Chemistry"
2044,"WI",42440.5804361443,"Decreasing Batt Cap - High LFP Chemistry"
2044,"WV",11287.36472687,"Decreasing Batt Cap - High LFP Chemistry"
2044,"WY",4281.3026861108,"Decreasing Batt Cap - High LFP Chemistry"
2044,"YT",238.244954704822,"Decreasing Batt Cap - High LFP Chemistry"
2045,"AB",30045.5635653314,"Decreasing Batt Cap - High LFP Chemistry"
2045,"AK",5683.7889552249,"Decreasing Batt Cap - High LFP Chemistry"
2045,"AL",41397.8693992136,"Decreasing Batt Cap - High LFP Chemistry"
2045,"AR",23105.0924448454,"Decreasing Batt Cap - High LFP Chemistry"
2045,"AZ",67267.9439484848,"Decreasing Batt Cap - High LFP Chemistry"
2045,"BC",28328.733543795,"Decreasing Batt Cap - High LFP Chemistry"
2045,"CA",372883.719097123,"Decreasing Batt Cap - High LFP Chemistry"
2045,"CO",57915.5009178329,"Decreasing Batt Cap - High LFP Chemistry"
2045,"CT",28058.9013766392,"Decreasing Batt Cap - High LFP Chemistry"
2045,"DC",5079.41928744094,"Decreasing Batt Cap - High LFP Chemistry"
2045,"DE",9628.6069827049,"Decreasing Batt Cap - High LFP Chemistry"
2045,"FL",203732.28782364,"Decreasing Batt Cap - High LFP Chemistry"
2045,"GA",96031.1808097076,"Decreasing Batt Cap - High LFP Chemistry"
2045,"HI",12657.0763319991,"Decreasing Batt Cap - High LFP Chemistry"
2045,"IA",26293.2690388077,"Decreasing Batt Cap - High LFP Chemistry"
2045,"ID",19288.3968496219,"Decreasing Batt Cap - High LFP Chemistry"
2045,"IL",95849.9762831274,"Decreasing Batt Cap - High LFP Chemistry"
2045,"IN",55003.8308693212,"Decreasing Batt Cap - High LFP Chemistry"
2045,"KS",23415.1697192222,"Decreasing Batt Cap - High LFP Chemistry"
2045,"KY",35563.1290137474,"Decreasing Batt Cap - High LFP Chemistry"
2045,"LA",34474.8567649851,"Decreasing Batt Cap - High LFP Chemistry"
2045,"MA",60277.0399821097,"Decreasing Batt Cap - High LFP Chemistry"
2045,"MB",6868.64664813457,"Decreasing Batt Cap - High LFP Chemistry"
2045,"MD",53504.281336157,"Decreasing Batt Cap - High LFP Chemistry"
2045,"ME",11359.3120547115,"Decreasing Batt Cap - High LFP Chemistry"
2045,"MI",75743.0654652759,"Decreasing Batt Cap - High LFP Chemistry"
2045,"MN",49357.8330819182,"Decreasing Batt Cap - High LFP Chemistry"
2045,"MO",48893.3315451148,"Decreasing Batt Cap - High LFP Chemistry"
2045,"MS",22850.1185519126,"Decreasing Batt Cap - High LFP Chemistry"
2045,"MT",8778.37500045551,"Decreasing Batt Cap - High LFP Chemistry"
2045,"MX",191512.279011351,"Decreasing Batt Cap - High LFP Chemistry"
2045,"NB",4611.67927958735,"Decreasing Batt Cap - High LFP Chemistry"
2045,"NC",89570.7235266001,"Decreasing Batt Cap - High LFP Chemistry"
2045,"ND",7467.46295740402,"Decreasing Batt Cap - High LFP Chemistry"
2045,"NE",16820.9488077764,"Decreasing Batt Cap - High LFP Chemistry"
2045,"NH",12414.6468465824,"Decreasing Batt Cap - High LFP Chemistry"
2045,"NJ",77438.4541208521,"Decreasing Batt Cap - High LFP Chemistry"
2045,"NL",2635.3592870821,"Decreasing Batt Cap - High LFP Chemistry"
2045,"NM",16912.2959718672,"Decreasing Batt Cap - High LFP Chemistry"
2045,"NS",5145.29313467875,"Decreasing Batt Cap - High LFP Chemistry"
2045,"NT",162.173089233308,"Decreasing Batt Cap - High LFP Chemistry"
2045,"NU",0,"Decreasing Batt Cap - High LFP Chemistry"
2045,"NV",29228.0832367523,"Decreasing Batt Cap - High LFP Chemistry"
2045,"NY",137363.498333765,"Decreasing Batt Cap - High LFP Chemistry"
2045,"OH",94121.1552186595,"Decreasing Batt Cap - High LFP Chemistry"
2045,"OK",34575.8118221873,"Decreasing Batt Cap - High LFP Chemistry"
2045,"ON",77531.5186787345,"Decreasing Batt Cap - High LFP Chemistry"
2045,"OR",38354.0002646953,"Decreasing Batt Cap - High LFP Chemistry"
2045,"PA",100612.365017666,"Decreasing Batt Cap - High LFP Chemistry"
2045,"PE",901.55188334432,"Decreasing Batt Cap - High LFP Chemistry"
2045,"QC",45392.2042085405,"Decreasing Batt Cap - High LFP Chemistry"
2045,"RI",8628.83855330554,"Decreasing Batt Cap - High LFP Chemistry"
2045,"SC",47339.5038642782,"Decreasing Batt Cap - High LFP Chemistry"
2045,"SD",7856.74941450304,"Decreasing Batt Cap - High LFP Chemistry"
2045,"SK",6852.60713591828,"Decreasing Batt Cap - High LFP Chemistry"
2045,"TN",61087.7268866532,"Decreasing Batt Cap - High LFP Chemistry"
2045,"TX",284358.782332646,"Decreasing Batt Cap - High LFP Chemistry"
2045,"UT",33154.4267933332,"Decreasing Batt Cap - High LFP Chemistry"
2045,"VA",81481.4185252146,"Decreasing Batt Cap - High LFP Chemistry"
2045,"VT",5553.44360186338,"Decreasing Batt Cap - High LFP Chemistry"
2045,"WA",77752.9929330001,"Decreasing Batt Cap - High LFP Chemistry"
2045,"WI",47529.3667527022,"Decreasing Batt Cap - High LFP Chemistry"
2045,"WV",12546.6329001742,"Decreasing Batt Cap - High LFP Chemistry"
2045,"WY",4765.83048812284,"Decreasing Batt Cap - High LFP Chemistry"
2045,"YT",273.664036606752,"Decreasing Batt Cap - High LFP Chemistry"
2046,"AB",34453.3244691947,"Decreasing Batt Cap - High LFP Chemistry"
2046,"AK",6283.37340039021,"Decreasing Batt Cap - High LFP Chemistry"
2046,"AL",45803.0374395778,"Decreasing Batt Cap - High LFP Chemistry"
2046,"AR",25551.5513599738,"Decreasing Batt Cap - High LFP Chemistry"
2046,"AZ",74831.2835689074,"Decreasing Batt Cap - High LFP Chemistry"
2046,"BC",32239.4076223595,"Decreasing Batt Cap - High LFP Chemistry"
2046,"CA",409956.077069625,"Decreasing Batt Cap - High LFP Chemistry"
2046,"CO",64442.2016949749,"Decreasing Batt Cap - High LFP Chemistry"
2046,"CT",31046.7460690233,"Decreasing Batt Cap - High LFP Chemistry"
2046,"DC",5616.36979571025,"Decreasing Batt Cap - High LFP Chemistry"
2046,"DE",10736.322408681,"Decreasing Batt Cap - High LFP Chemistry"
2046,"FL",228610.69358029,"Decreasing Batt Cap - High LFP Chemistry"
2046,"GA",106628.092050382,"Decreasing Batt Cap - High LFP Chemistry"
2046,"HI",14059.3088983837,"Decreasing Batt Cap - High LFP Chemistry"
2046,"IA",29099.8704785132,"Decreasing Batt Cap - High LFP Chemistry"
2046,"ID",21577.7189691216,"Decreasing Batt Cap - High LFP Chemistry"
2046,"IL",106175.503062087,"Decreasing Batt Cap - High LFP Chemistry"
2046,"IN",60820.6373673226,"Decreasing Batt Cap - High LFP Chemistry"
2046,"KS",25766.3830995821,"Decreasing Batt Cap - High LFP Chemistry"
2046,"KY",39220.2388817685,"Decreasing Batt Cap - High LFP Chemistry"
2046,"LA",38188.8475981602,"Decreasing Batt Cap - High LFP Chemistry"
2046,"MA",67260.3314237915,"Decreasing Batt Cap - High LFP Chemistry"
2046,"MB",7865.42655981406,"Decreasing Batt Cap - High LFP Chemistry"
2046,"MD",59310.88197944,"Decreasing Batt Cap - High LFP Chemistry"
2046,"ME",12622.1927093058,"Decreasing Batt Cap - High LFP Chemistry"
2046,"MI",83989.38644969,"Decreasing Batt Cap - High LFP Chemistry"
2046,"MN",54928.82619204,"Decreasing Batt Cap - High LFP Chemistry"
2046,"MO",54104.0786507562,"Decreasing Batt Cap - High LFP Chemistry"
2046,"MS",25122.0562694027,"Decreasing Batt Cap - High LFP Chemistry"
2046,"MT",9683.0591373876,"Decreasing Batt Cap - High LFP Chemistry"
2046,"MX",220710.64313071,"Decreasing Batt Cap - High LFP Chemistry"
2046,"NB",5230.73435964772,"Decreasing Batt Cap - High LFP Chemistry"
2046,"NC",99317.0475068671,"Decreasing Batt Cap - High LFP Chemistry"
2046,"ND",8361.36223055918,"Decreasing Batt Cap - High LFP Chemistry"
2046,"NE",18644.0776255862,"Decreasing Batt Cap - High LFP Chemistry"
2046,"NH",13842.2694255919,"Decreasing Batt Cap - High LFP Chemistry"
2046,"NJ",86017.5238894499,"Decreasing Batt Cap - High LFP Chemistry"
2046,"NL",3006.43706652244,"Decreasing Batt Cap - High LFP Chemistry"
2046,"NM",18654.4934027166,"Decreasing Batt Cap - High LFP Chemistry"
2046,"NS",5815.79797874849,"Decreasing Batt Cap - High LFP Chemistry"
2046,"NT",186.964112054568,"Decreasing Batt Cap - High LFP Chemistry"
2046,"NU",0,"Decreasing Batt Cap - High LFP Chemistry"
2046,"NV",32606.5317163546,"Decreasing Batt Cap - High LFP Chemistry"
2046,"NY",152617.580444511,"Decreasing Batt Cap - High LFP Chemistry"
2046,"OH",103973.19307312,"Decreasing Batt Cap - High LFP Chemistry"
2046,"OK",38764.7486188674,"Decreasing Batt Cap - High LFP Chemistry"
2046,"ON",88592.3402833398,"Decreasing Batt Cap - High LFP Chemistry"
2046,"OR",42151.0229484756,"Decreasing Batt Cap - High LFP Chemistry"
2046,"PA",110092.203829685,"Decreasing Batt Cap - High LFP Chemistry"
2046,"PE",1028.17641391953,"Decreasing Batt Cap - High LFP Chemistry"
2046,"QC",51313.9463045448,"Decreasing Batt Cap - High LFP Chemistry"
2046,"RI",9611.35467771012,"Decreasing Batt Cap - High LFP Chemistry"
2046,"SC",52647.2057016376,"Decreasing Batt Cap - High LFP Chemistry"
2046,"SD",8741.44105613197,"Decreasing Batt Cap - High LFP Chemistry"
2046,"SK",7886.68917977832,"Decreasing Batt Cap - High LFP Chemistry"
2046,"TN",67920.0675403738,"Decreasing Batt Cap - High LFP Chemistry"
2046,"TX",318731.642797749,"Decreasing Batt Cap - High LFP Chemistry"
2046,"UT",37092.9647362004,"Decreasing Batt Cap - High LFP Chemistry"
2046,"VA",90633.0823426882,"Decreasing Batt Cap - High LFP Chemistry"
2046,"VT",6217.37741256384,"Decreasing Batt Cap - High LFP Chemistry"
2046,"WA",86425.3767263346,"Decreasing Batt Cap - High LFP Chemistry"
2046,"WI",52774.8294482295,"Decreasing Batt Cap - High LFP Chemistry"
2046,"WV",13817.4265001769,"Decreasing Batt Cap - High LFP Chemistry"
2046,"WY",5241.48258584148,"Decreasing Batt Cap - High LFP Chemistry"
2046,"YT",318.385810938573,"Decreasing Batt Cap - High LFP Chemistry"
2047,"AB",38864.396105549,"Decreasing Batt Cap - High LFP Chemistry"
2047,"AK",6885.44357543656,"Decreasing Batt Cap - High LFP Chemistry"
2047,"AL",50090.9416901571,"Decreasing Batt Cap - High LFP Chemistry"
2047,"AR",27938.0554846596,"Decreasing Batt Cap - High LFP Chemistry"
2047,"AZ",82412.4893423507,"Decreasing Batt Cap - High LFP Chemistry"
2047,"BC",36338.2261802642,"Decreasing Batt Cap - High LFP Chemistry"
2047,"CA",448399.50658224,"Decreasing Batt Cap - High LFP Chemistry"
2047,"CO",71132.8692570825,"Decreasing Batt Cap - High LFP Chemistry"
2047,"CT",33941.6095240906,"Decreasing Batt Cap - High LFP Chemistry"
2047,"DC",6172.98646719106,"Decreasing Batt Cap - High LFP Chemistry"
2047,"DE",11810.8592798874,"Decreasing Batt Cap - High LFP Chemistry"
2047,"FL",253579.265799655,"Decreasing Batt Cap - High LFP Chemistry"
2047,"GA",117205.437131453,"Decreasing Batt Cap - High LFP Chemistry"
2047,"HI",15457.1106731171,"Decreasing Batt Cap - High LFP Chemistry"
2047,"IA",31841.5829994257,"Decreasing Batt Cap - High LFP Chemistry"
2047,"ID",23866.4910643331,"Decreasing Batt Cap - High LFP Chemistry"
2047,"IL",116404.586064879,"Decreasing Batt Cap - High LFP Chemistry"
2047,"IN",66558.515015935,"Decreasing Batt Cap - High LFP Chemistry"
2047,"KS",28066.6038211429,"Decreasing Batt Cap - High LFP Chemistry"
2047,"KY",42792.6982438552,"Decreasing Batt Cap - High LFP Chemistry"
2047,"LA",41814.7239340699,"Decreasing Batt Cap - High LFP Chemistry"
2047,"MA",74367.114594088,"Decreasing Batt Cap - High LFP Chemistry"
2047,"MB",8880.88244350501,"Decreasing Batt Cap - High LFP Chemistry"
2047,"MD",65150.9883650628,"Decreasing Batt Cap - High LFP Chemistry"
2047,"ME",13861.6976749578,"Decreasing Batt Cap - High LFP Chemistry"
2047,"MI",92146.4841395366,"Decreasing Batt Cap - High LFP Chemistry"
2047,"MN",60430.5870730783,"Decreasing Batt Cap - High LFP Chemistry"
2047,"MO",59259.1187278392,"Decreasing Batt Cap - High LFP Chemistry"
2047,"MS",27307.2528518504,"Decreasing Batt Cap - High LFP Chemistry"
2047,"MT",10588.831240031,"Decreasing Batt Cap - High LFP Chemistry"
2047,"MX",250093.253694433,"Decreasing Batt Cap - High LFP Chemistry"
2047,"NB",5842.16105515206,"Decreasing Batt Cap - High LFP Chemistry"
2047,"NC",109028.121772965,"Decreasing Batt Cap - High LFP Chemistry"
2047,"ND",9275.33504871664,"Decreasing Batt Cap - High LFP Chemistry"
2047,"NE",20445.6965363594,"Decreasing Batt Cap - High LFP Chemistry"
2047,"NH",15225.1517635143,"Decreasing Batt Cap - High LFP Chemistry"
2047,"NJ",94689.4375339193,"Decreasing Batt Cap - High LFP Chemistry"
2047,"NL",3399.06175704731,"Decreasing Batt Cap - High LFP Chemistry"
2047,"NM",20322.3209657583,"Decreasing Batt Cap - High LFP Chemistry"
2047,"NS",6474.19261865576,"Decreasing Batt Cap - High LFP Chemistry"
2047,"NT",212.645427790168,"Decreasing Batt Cap - High LFP Chemistry"
2047,"NU",0,"Decreasing Batt Cap - High LFP Chemistry"
2047,"NV",35978.8610587904,"Decreasing Batt Cap - High LFP Chemistry"
2047,"NY",167880.038993402,"Decreasing Batt Cap - High LFP Chemistry"
2047,"OH",113558.455241916,"Decreasing Batt Cap - High LFP Chemistry"
2047,"OK",43003.8726256188,"Decreasing Batt Cap - High LFP Chemistry"
2047,"ON",99779.9580209077,"Decreasing Batt Cap - High LFP Chemistry"
2047,"OR",46012.1731493162,"Decreasing Batt Cap - High LFP Chemistry"
2047,"PA",119368.135844602,"Decreasing Batt Cap - High LFP Chemistry"
2047,"PE",1143.68338348941,"Decreasing Batt Cap - High LFP Chemistry"
2047,"QC",57511.6957898519,"Decreasing Batt Cap - High LFP Chemistry"
2047,"RI",10583.9629186179,"Decreasing Batt Cap - High LFP Chemistry"
2047,"SC",57878.9022400336,"Decreasing Batt Cap - High LFP Chemistry"
2047,"SD",9618.37675761274,"Decreasing Batt Cap - High LFP Chemistry"
2047,"SK",8949.26030933411,"Decreasing Batt Cap - High LFP Chemistry"
2047,"TN",74631.1073917603,"Decreasing Batt Cap - High LFP Chemistry"
2047,"TX",352751.958352212,"Decreasing Batt Cap - High LFP Chemistry"
2047,"UT",41078.6124667171,"Decreasing Batt Cap - High LFP Chemistry"
2047,"VA",99761.7646180413,"Decreasing Batt Cap - High LFP Chemistry"
2047,"VT",6876.59327692367,"Decreasing Batt Cap - High LFP Chemistry"
2047,"WA",95175.9374433545,"Decreasing Batt Cap - High LFP Chemistry"
2047,"WI",57933.9318187918,"Decreasing Batt Cap - High LFP Chemistry"
2047,"WV",15056.5855235876,"Decreasing Batt Cap - High LFP Chemistry"
2047,"WY",5706.78698553573,"Decreasing Batt Cap - High LFP Chemistry"
2047,"YT",356.392773333236,"Decreasing Batt Cap - High LFP Chemistry"
2048,"AB",43200.1628974558,"Decreasing Batt Cap - High LFP Chemistry"
2048,"AK",7448.14096374323,"Decreasing Batt Cap - High LFP Chemistry"
2048,"AL",54228.9222522739,"Decreasing Batt Cap - High LFP Chemistry"
2048,"AR",30198.2851099182,"Decreasing Batt Cap - High LFP Chemistry"
2048,"AZ",89745.2736033077,"Decreasing Batt Cap - High LFP Chemistry"
2048,"BC",40493.8098491577,"Decreasing Batt Cap - High LFP Chemistry"
2048,"CA",486344.367139029,"Decreasing Batt Cap - High LFP Chemistry"
2048,"CO",77742.6805261349,"Decreasing Batt Cap - High LFP Chemistry"
2048,"CT",36741.77065976,"Decreasing Batt Cap - High LFP Chemistry"
2048,"DC",6720.33039985858,"Decreasing Batt Cap - High LFP Chemistry"
2048,"DE",12861.8331239963,"Decreasing Batt Cap - High LFP Chemistry"
2048,"FL",277752.232830599,"Decreasing Batt Cap - High LFP Chemistry"
2048,"GA",127381.803369993,"Decreasing Batt Cap - High LFP Chemistry"
2048,"HI",16829.7937892419,"Decreasing Batt Cap - High LFP Chemistry"
2048,"IA",34483.4249695754,"Decreasing Batt Cap - High LFP Chemistry"
2048,"ID",26089.4715160207,"Decreasing Batt Cap - High LFP Chemistry"
2048,"IL",126140.006884044,"Decreasing Batt Cap - High LFP Chemistry"
2048,"IN",72053.7957715096,"Decreasing Batt Cap - High LFP Chemistry"
2048,"KS",30247.0464911007,"Decreasing Batt Cap - High LFP Chemistry"
2048,"KY",46188.7844273536,"Decreasing Batt Cap - High LFP Chemistry"
2048,"LA",45279.1190793553,"Decreasing Batt Cap - High LFP Chemistry"
2048,"MA",81363.3665119188,"Decreasing Batt Cap - High LFP Chemistry"
2048,"MB",9855.42839266583,"Decreasing Batt Cap - High LFP Chemistry"
2048,"MD",70825.636914819,"Decreasing Batt Cap - High LFP Chemistry"
2048,"ME",15043.9334007471,"Decreasing Batt Cap - High LFP Chemistry"
2048,"MI",100058.629905556,"Decreasing Batt Cap - High LFP Chemistry"
2048,"MN",65723.8437890129,"Decreasing Batt Cap - High LFP Chemistry"
2048,"MO",64267.1068183314,"Decreasing Batt Cap - High LFP Chemistry"
2048,"MS",29339.7359781479,"Decreasing Batt Cap - High LFP Chemistry"
2048,"MT",11473.6869926056,"Decreasing Batt Cap - High LFP Chemistry"
2048,"MX",279153.943810259,"Decreasing Batt Cap - High LFP Chemistry"
2048,"NB",6438.22716636417,"Decreasing Batt Cap - High LFP Chemistry"
2048,"NC",118480.663247961,"Decreasing Batt Cap - High LFP Chemistry"
2048,"ND",10148.7271127417,"Decreasing Batt Cap - High LFP Chemistry"
2048,"NE",22188.7199114219,"Decreasing Batt Cap - High LFP Chemistry"
2048,"NH",16566.5455723547,"Decreasing Batt Cap - High LFP Chemistry"
2048,"NJ",103095.32102698,"Decreasing Batt Cap - High LFP Chemistry"
2048,"NL",3774.27452236631,"Decreasing Batt Cap - High LFP Chemistry"
2048,"NM",21916.5227816044,"Decreasing Batt Cap - High LFP Chemistry"
2048,"NS",7119.14046594754,"Decreasing Batt Cap - High LFP Chemistry"
2048,"NT",237.216925013836,"Decreasing Batt Cap - High LFP Chemistry"
2048,"NU",0,"Decreasing Batt Cap - High LFP Chemistry"
2048,"NV",39280.803954199,"Decreasing Batt Cap - High LFP Chemistry"
2048,"NY",182638.861679599,"Decreasing Batt Cap - High LFP Chemistry"
2048,"OH",122700.259854099,"Decreasing Batt Cap - High LFP Chemistry"
2048,"OK",47142.0408593202,"Decreasing Batt Cap - High LFP Chemistry"
2048,"ON",110747.363553984,"Decreasing Batt Cap - High LFP Chemistry"
2048,"OR",49821.2740969189,"Decreasing Batt Cap - High LFP Chemistry"
2048,"PA",128287.436755744,"Decreasing Batt Cap - High LFP Chemistry"
2048,"PE",1253.84665476215,"Decreasing Batt Cap - High LFP Chemistry"
2048,"QC",63663.6828118024,"Decreasing Batt Cap - High LFP Chemistry"
2048,"RI",11553.7689327195,"Decreasing Batt Cap - High LFP Chemistry"
2048,"SC",62931.4693337763,"Decreasing Batt Cap - High LFP Chemistry"
2048,"SD",10427.7181834424,"Decreasing Batt Cap - High LFP Chemistry"
2048,"SK",9984.27611651873,"Decreasing Batt Cap - High LFP Chemistry"
2048,"TN",81081.1402749977,"Decreasing Batt Cap - High LFP Chemistry"
2048,"TX",385552.855012577,"Decreasing Batt Cap - High LFP Chemistry"
2048,"UT",44913.3048999832,"Decreasing Batt Cap - High LFP Chemistry"
2048,"VA",108566.689886831,"Decreasing Batt Cap - High LFP Chemistry"
2048,"VT",7504.79582678487,"Decreasing Batt Cap - High LFP Chemistry"
2048,"WA",103626.280934413,"Decreasing Batt Cap - High LFP Chemistry"
2048,"WI",62926.6467929623,"Decreasing Batt Cap - High LFP Chemistry"
2048,"WV",16223.7481792334,"Decreasing Batt Cap - High LFP Chemistry"
2048,"WY",6151.83381584934,"Decreasing Batt Cap - High LFP Chemistry"
2048,"YT",399.857725892992,"Decreasing Batt Cap - High LFP Chemistry"
2049,"AB",47395.8985736919,"Decreasing Batt Cap - High LFP Chemistry"
2049,"AK",7967.73816550112,"Decreasing Batt Cap - High LFP Chemistry"
2049,"AL",58079.6473233285,"Decreasing Batt Cap - High LFP Chemistry"
2049,"AR",32311.5291662571,"Decreasing Batt Cap - High LFP Chemistry"
2049,"AZ",96688.3473783624,"Decreasing Batt Cap - High LFP Chemistry"
2049,"BC",44495.873015405,"Decreasing Batt Cap - High LFP Chemistry"
2049,"CA",522370.010991105,"Decreasing Batt Cap - High LFP Chemistry"
2049,"CO",84054.1593643836,"Decreasing Batt Cap - High LFP Chemistry"
2049,"CT",39371.3676229917,"Decreasing Batt Cap - High LFP Chemistry"
2049,"DC",7247.72335270014,"Decreasing Batt Cap - High LFP Chemistry"
2049,"DE",13870.9835704736,"Decreasing Batt Cap - High LFP Chemistry"
2049,"FL",300447.701923889,"Decreasing Batt Cap - High LFP Chemistry"
2049,"GA",136924.669018192,"Decreasing Batt Cap - High LFP Chemistry"
2049,"HI",18116.6549483403,"Decreasing Batt Cap - High LFP Chemistry"
2049,"IA",36933.9442614692,"Decreasing Batt Cap - High LFP Chemistry"
2049,"ID",28188.6715179453,"Decreasing Batt Cap - High LFP Chemistry"
2049,"IL",135051.470588923,"Decreasing Batt Cap - High LFP Chemistry"
2049,"IN",77121.7199309153,"Decreasing Batt Cap - High LFP Chemistry"
2049,"KS",32289.6836564258,"Decreasing Batt Cap - High LFP Chemistry"
2049,"KY",49344.6007489619,"Decreasing Batt Cap - High LFP Chemistry"
2049,"LA",48464.5352728231,"Decreasing Batt Cap - High LFP Chemistry"
2049,"MA",87958.3176730451,"Decreasing Batt Cap - High LFP Chemistry"
2049,"MB",10806.0619232858,"Decreasing Batt Cap - High LFP Chemistry"
2049,"MD",76167.6726978918,"Decreasing Batt Cap - High LFP Chemistry"
2049,"ME",16112.8411697782,"Decreasing Batt Cap - High LFP Chemistry"
2049,"MI",107517.0547785,"Decreasing Batt Cap - High LFP Chemistry"
2049,"MN",70670.8475996819,"Decreasing Batt Cap - High LFP Chemistry"
2049,"MO",68907.3385983802,"Decreasing Batt Cap - High LFP Chemistry"
2049,"MS",31214.7278882096,"Decreasing Batt Cap - High LFP Chemistry"
2049,"MT",12301.4758443972,"Decreasing Batt Cap - High LFP Chemistry"
2049,"MX",307317.875540294,"Decreasing Batt Cap - High LFP Chemistry"
2049,"NB",7001.68071562253,"Decreasing Batt Cap - High LFP Chemistry"
2049,"NC",127351.758804611,"Decreasing Batt Cap - High LFP Chemistry"
2049,"ND",10979.7982126035,"Decreasing Batt Cap - High LFP Chemistry"
2049,"NE",23803.2423052592,"Decreasing Batt Cap - High LFP Chemistry"
2049,"NH",17783.725133829,"Decreasing Batt Cap - High LFP Chemistry"
2049,"NJ",110972.937744877,"Decreasing Batt Cap - High LFP Chemistry"
2049,"NL",4122.0541826493,"Decreasing Batt Cap - High LFP Chemistry"
2049,"NM",23403.5607824485,"Decreasing Batt Cap - High LFP Chemistry"
2049,"NS",7737.49031850563,"Decreasing Batt Cap - High LFP Chemistry"
2049,"NT",261.800286575348,"Decreasing Batt Cap - High LFP Chemistry"
2049,"NU",0,"Decreasing Batt Cap - High LFP Chemistry"
2049,"NV",42414.8908994515,"Decreasing Batt Cap - High LFP Chemistry"
2049,"NY",196477.646366867,"Decreasing Batt Cap - High LFP Chemistry"
2049,"OH",131137.332120611,"Decreasing Batt Cap - High LFP Chemistry"
2049,"OK",51094.380480619,"Decreasing Batt Cap - High LFP Chemistry"
2049,"ON",121167.692781829,"Decreasing Batt Cap - High LFP Chemistry"
2049,"OR",53419.1159298375,"Decreasing Batt Cap - High LFP Chemistry"
2049,"PA",136519.295266987,"Decreasing Batt Cap - High LFP Chemistry"
2049,"PE",1371.25895453649,"Decreasing Batt Cap - High LFP Chemistry"
2049,"QC",69551.6110875879,"Decreasing Batt Cap - High LFP Chemistry"
2049,"RI",12423.9197385404,"Decreasing Batt Cap - High LFP Chemistry"
2049,"SC",67695.0069332949,"Decreasing Batt Cap - High LFP Chemistry"
2049,"SD",11207.1063177054,"Decreasing Batt Cap - High LFP Chemistry"
2049,"SK",10961.8105743201,"Decreasing Batt Cap - High LFP Chemistry"
2049,"TN",87131.6234261694,"Decreasing Batt Cap - High LFP Chemistry"
2049,"TX",416269.389880515,"Decreasing Batt Cap - High LFP Chemistry"
2049,"UT",48587.8318937464,"Decreasing Batt Cap - High LFP Chemistry"
2049,"VA",116843.31022408,"Decreasing Batt Cap - High LFP Chemistry"
2049,"VT",8086.22312886859,"Decreasing Batt Cap - High LFP Chemistry"
2049,"WA",111586.949552228,"Decreasing Batt Cap - High LFP Chemistry"
2049,"WI",67552.7046389479,"Decreasing Batt Cap - High LFP Chemistry"
2049,"WV",17280.1841292701,"Decreasing Batt Cap - High LFP Chemistry"
2049,"WY",6576.48774800538,"Decreasing Batt Cap - High LFP Chemistry"
2049,"YT",443.468696161466,"Decreasing Batt Cap - High LFP Chemistry"
2050,"AB",51324.2138951616,"Decreasing Batt Cap - High LFP Chemistry"
2050,"AK",8444.57188174852,"Decreasing Batt Cap - High LFP Chemistry"
2050,"AL",61578.6122615585,"Decreasing Batt Cap - High LFP Chemistry"
2050,"AR",34220.8214751011,"Decreasing Batt Cap - High LFP Chemistry"
2050,"AZ",103063.382098484,"Decreasing Batt Cap - High LFP Chemistry"
2050,"BC",48313.0750137532,"Decreasing Batt Cap - High LFP Chemistry"
2050,"CA",555255.861833783,"Decreasing Batt Cap - High LFP Chemistry"
2050,"CO",89889.5546487259,"Decreasing Batt Cap - High LFP Chemistry"
2050,"CT",41718.9775411842,"Decreasing Batt Cap - High LFP Chemistry"
2050,"DC",7713.89155943462,"Decreasing Batt Cap - High LFP Chemistry"
2050,"DE",14766.8334070792,"Decreasing Batt Cap - High LFP Chemistry"
2050,"FL",321174.175994066,"Decreasing Batt Cap - High LFP Chemistry"
2050,"GA",145653.780071312,"Decreasing Batt Cap - High LFP Chemistry"
2050,"HI",19305.060992002,"Decreasing Batt Cap - High LFP Chemistry"
2050,"IA",39169.3368733519,"Decreasing Batt Cap - High LFP Chemistry"
2050,"ID",30158.2552933174,"Decreasing Batt Cap - High LFP Chemistry"
2050,"IL",142944.07244317,"Decreasing Batt Cap - High LFP Chemistry"
2050,"IN",81758.942343993,"Decreasing Batt Cap - High LFP Chemistry"
2050,"KS",34104.746742069,"Decreasing Batt Cap - High LFP Chemistry"
2050,"KY",52199.9386970802,"Decreasing Batt Cap - High LFP Chemistry"
2050,"LA",51334.483243191,"Decreasing Batt Cap - High LFP Chemistry"
2050,"MA",93906.5609742641,"Decreasing Batt Cap - High LFP Chemistry"
2050,"MB",11696.3565890464,"Decreasing Batt Cap - High LFP Chemistry"
2050,"MD",80984.9786698889,"Decreasing Batt Cap - High LFP Chemistry"
2050,"ME",17073.9383745443,"Decreasing Batt Cap - High LFP Chemistry"
2050,"MI",114261.494063074,"Decreasing Batt Cap - High LFP Chemistry"
2050,"MN",75169.5247522337,"Decreasing Batt Cap - High LFP Chemistry"
2050,"MO",73100.279296222,"Decreasing Batt Cap - High LFP Chemistry"
2050,"MS",32880.8807419891,"Decreasing Batt Cap - High LFP Chemistry"
2050,"MT",13077.3024563435,"Decreasing Batt Cap - High LFP Chemistry"
2050,"MX",334101.878642352,"Decreasing Batt Cap - High LFP Chemistry"
2050,"NB",7524.64076219765,"Decreasing Batt Cap - High LFP Chemistry"
2050,"NC",135536.82139679,"Decreasing Batt Cap - High LFP Chemistry"
2050,"ND",11719.092946644,"Decreasing Batt Cap - High LFP Chemistry"
2050,"NE",25302.5550756816,"Decreasing Batt Cap - High LFP Chemistry"
2050,"NH",18873.8964102976,"Decreasing Batt Cap - High LFP Chemistry"
2050,"NJ",118126.139833771,"Decreasing Batt Cap - High LFP Chemistry"
2050,"NL",4449.10547224038,"Decreasing Batt Cap - High LFP Chemistry"
2050,"NM",24736.1371938969,"Decreasing Batt Cap - High LFP Chemistry"
2050,"NS",8315.9833351539,"Decreasing Batt Cap - High LFP Chemistry"
2050,"NT",289.123120907058,"Decreasing Batt Cap - High LFP Chemistry"
2050,"NU",7.10127274753215,"Decreasing Batt Cap - High LFP Chemistry"
2050,"NV",45299.1957187413,"Decreasing Batt Cap - High LFP Chemistry"
2050,"NY",208888.028319887,"Decreasing Batt Cap - High LFP Chemistry"
2050,"OH",138685.706240145,"Decreasing Batt Cap - High LFP Chemistry"
2050,"OK",54720.8744806746,"Decreasing Batt Cap - High LFP Chemistry"
2050,"ON",130945.773566189,"Decreasing Batt Cap - High LFP Chemistry"
2050,"OR",56789.3113094396,"Decreasing Batt Cap - High LFP Chemistry"
2050,"PA",143979.584635312,"Decreasing Batt Cap - High LFP Chemistry"
2050,"PE",1474.38931903892,"Decreasing Batt Cap - High LFP Chemistry"
2050,"QC",75152.1236729428,"Decreasing Batt Cap - High LFP Chemistry"
2050,"RI",13203.6299319028,"Decreasing Batt Cap - High LFP Chemistry"
2050,"SC",72049.211290085,"Decreasing Batt Cap - High LFP Chemistry"
2050,"SD",11915.6165694369,"Decreasing Batt Cap - High LFP Chemistry"
2050,"SK",11873.3356364519,"Decreasing Batt Cap - High LFP Chemistry"
2050,"TN",92631.351985299,"Decreasing Batt Cap - High LFP Chemistry"
2050,"TX",444133.10736325,"Decreasing Batt Cap - High LFP Chemistry"
2050,"UT",51926.4049162084,"Decreasing Batt Cap - High LFP Chemistry"
2050,"VA",124360.473385896,"Decreasing Batt Cap - High LFP Chemistry"
2050,"VT",8607.51722475176,"Decreasing Batt Cap - High LFP Chemistry"
2050,"WA",118939.412814838,"Decreasing Batt Cap - High LFP Chemistry"
2050,"WI",71708.6792471232,"Decreasing Batt Cap - High LFP Chemistry"
2050,"WV",18224.6060291389,"Decreasing Batt Cap - High LFP Chemistry"
2050,"WY",6958.41927679108,"Decreasing Batt Cap - High LFP Chemistry"
2050,"YT",483.252535415467,"Decreasing Batt Cap - High LFP Chemistry"
2025,"AB",21.9542356197785,"Increasing Batt Cap - Benchmark Chemistry"
2025,"AK",5.44705106384826,"Increasing Batt Cap - Benchmark Chemistry"
2025,"AL",17.8073838765155,"Increasing Batt Cap - Benchmark Chemistry"
2025,"AR",10.8871466371202,"Increasing Batt Cap - Benchmark Chemistry"
2025,"AZ",89.0628055884012,"Increasing Batt Cap - Benchmark Chemistry"
2025,"BC",115.961851810543,"Increasing Batt Cap - Benchmark Chemistry"
2025,"CA",1457.52300336714,"Increasing Batt Cap - Benchmark Chemistry"
2025,"CO",90.5784139614489,"Increasing Batt Cap - Benchmark Chemistry"
2025,"CT",37.5670498627087,"Increasing Batt Cap - Benchmark Chemistry"
2025,"DC",15.4496416048392,"Increasing Batt Cap - Benchmark Chemistry"
2025,"DE",11.8314031604296,"Increasing Batt Cap - Benchmark Chemistry"
2025,"FL",212.035401978471,"Increasing Batt Cap - Benchmark Chemistry"
2025,"GA",153.139176305613,"Increasing Batt Cap - Benchmark Chemistry"
2025,"HI",48.627297299482,"Increasing Batt Cap - Benchmark Chemistry"
2025,"IA",16.1021189891511,"Increasing Batt Cap - Benchmark Chemistry"
2025,"ID",14.8457504145312,"Increasing Batt Cap - Benchmark Chemistry"
2025,"IL",98.5385940355276,"Increasing Batt Cap - Benchmark Chemistry"
2025,"IN",28.9739374901066,"Increasing Batt Cap - Benchmark Chemistry"
2025,"KS",17.8433817043352,"Increasing Batt Cap - Benchmark Chemistry"
2025,"KY",17.0489039196422,"Increasing Batt Cap - Benchmark Chemistry"
2025,"LA",13.1333395868524,"Increasing Batt Cap - Benchmark Chemistry"
2025,"MA",71.7239475093378,"Increasing Batt Cap - Benchmark Chemistry"
2025,"MB",6.27868510496921,"Increasing Batt Cap - Benchmark Chemistry"
2025,"MD",63.8867212383757,"Increasing Batt Cap - Benchmark Chemistry"
2025,"ME",12.8929506989309,"Increasing Batt Cap - Benchmark Chemistry"
2025,"MI",48.8397765045464,"Increasing Batt Cap - Benchmark Chemistry"
2025,"MN",37.7371035184045,"Increasing Batt Cap - Benchmark Chemistry"
2025,"MO",30.082966679011,"Increasing Batt Cap - Benchmark Chemistry"
2025,"MS",3.39738629882595,"Increasing Batt Cap - Benchmark Chemistry"
2025,"MT",6.53217420222173,"Increasing Batt Cap - Benchmark Chemistry"
2025,"MX",13.2291371168989,"Increasing Batt Cap - Benchmark Chemistry"
2025,"NB",0.325640010475007,"Increasing Batt Cap - Benchmark Chemistry"
2025,"NC",58.9116879808441,"Increasing Batt Cap - Benchmark Chemistry"
2025,"ND",0.121364519760008,"Increasing Batt Cap - Benchmark Chemistry"
2025,"NE",11.7717625955015,"Increasing Batt Cap - Benchmark Chemistry"
2025,"NH",16.3554531092637,"Increasing Batt Cap - Benchmark Chemistry"
2025,"NJ",100.188760363922,"Increasing Batt Cap - Benchmark Chemistry"
2025,"NL",0,"Increasing Batt Cap - Benchmark Chemistry"
2025,"NM",16.8908707450241,"Increasing Batt Cap - Benchmark Chemistry"
2025,"NS",2.05491728194336,"Increasing Batt Cap - Benchmark Chemistry"
2025,"NT",0,"Increasing Batt Cap - Benchmark Chemistry"
2025,"NU",0,"Increasing Batt Cap - Benchmark Chemistry"
2025,"NV",41.303471544355,"Increasing Batt Cap - Benchmark Chemistry"
2025,"NY",123.916071716775,"Increasing Batt Cap - Benchmark Chemistry"
2025,"OH",49.9692653539735,"Increasing Batt Cap - Benchmark Chemistry"
2025,"OK",23.9868781467304,"Increasing Batt Cap - Benchmark Chemistry"
2025,"ON",127.081705003581,"Increasing Batt Cap - Benchmark Chemistry"
2025,"OR",95.3529613854793,"Increasing Batt Cap - Benchmark Chemistry"
2025,"PA",64.5959810452858,"Increasing Batt Cap - Benchmark Chemistry"
2025,"PE",0,"Increasing Batt Cap - Benchmark Chemistry"
2025,"QC",167.175530625409,"Increasing Batt Cap - Benchmark Chemistry"
2025,"RI",11.3623848108726,"Increasing Batt Cap - Benchmark Chemistry"
2025,"SC",23.4175391920478,"Increasing Batt Cap - Benchmark Chemistry"
2025,"SD",1.22197174173845,"Increasing Batt Cap - Benchmark Chemistry"
2025,"SK",0.19731426425662,"Increasing Batt Cap - Benchmark Chemistry"
2025,"TN",35.1475543980489,"Increasing Batt Cap - Benchmark Chemistry"
2025,"TX",201.395035121014,"Increasing Batt Cap - Benchmark Chemistry"
2025,"UT",42.3989527232993,"Increasing Batt Cap - Benchmark Chemistry"
2025,"VA",69.3886190003722,"Increasing Batt Cap - Benchmark Chemistry"
2025,"VT",14.4731880297108,"Increasing Batt Cap - Benchmark Chemistry"
2025,"WA",198.858235871842,"Increasing Batt Cap - Benchmark Chemistry"
2025,"WI",34.345058368944,"Increasing Batt Cap - Benchmark Chemistry"
2025,"WV",3.42867429426353,"Increasing Batt Cap - Benchmark Chemistry"
2025,"WY",0.89633173126344,"Increasing Batt Cap - Benchmark Chemistry"
2025,"YT",0,"Increasing Batt Cap - Benchmark Chemistry"
2026,"AB",44.1471529789855,"Increasing Batt Cap - Benchmark Chemistry"
2026,"AK",14.253681464176,"Increasing Batt Cap - Benchmark Chemistry"
2026,"AL",54.9342618749969,"Increasing Batt Cap - Benchmark Chemistry"
2026,"AR",32.2407481238617,"Increasing Batt Cap - Benchmark Chemistry"
2026,"AZ",188.369535408828,"Increasing Batt Cap - Benchmark Chemistry"
2026,"BC",190.190542606895,"Increasing Batt Cap - Benchmark Chemistry"
2026,"CA",2596.74121945538,"Increasing Batt Cap - Benchmark Chemistry"
2026,"CO",182.564759342687,"Increasing Batt Cap - Benchmark Chemistry"
2026,"CT",77.2256632600588,"Increasing Batt Cap - Benchmark Chemistry"
2026,"DC",24.6653894150671,"Increasing Batt Cap - Benchmark Chemistry"
2026,"DE",25.4220864690369,"Increasing Batt Cap - Benchmark Chemistry"
2026,"FL",479.744697990814,"Increasing Batt Cap - Benchmark Chemistry"
2026,"GA",307.976444885102,"Increasing Batt Cap - Benchmark Chemistry"
2026,"HI",83.6681709360966,"Increasing Batt Cap - Benchmark Chemistry"
2026,"IA",40.6017667362799,"Increasing Batt Cap - Benchmark Chemistry"
2026,"ID",33.9824761996931,"Increasing Batt Cap - Benchmark Chemistry"
2026,"IL",233.06463022459,"Increasing Batt Cap - Benchmark Chemistry"
2026,"IN",87.0941802036201,"Increasing Batt Cap - Benchmark Chemistry"
2026,"KS",42.7203817279351,"Increasing Batt Cap - Benchmark Chemistry"
2026,"KY",52.9172276813923,"Increasing Batt Cap - Benchmark Chemistry"
2026,"LA",47.9141900094999,"Increasing Batt Cap - Benchmark Chemistry"
2026,"MA",157.543371430202,"Increasing Batt Cap - Benchmark Chemistry"
2026,"MB",12.3592529844034,"Increasing Batt Cap - Benchmark Chemistry"
2026,"MD",141.340696279203,"Increasing Batt Cap - Benchmark Chemistry"
2026,"ME",27.9718789608043,"Increasing Batt Cap - Benchmark Chemistry"
2026,"MI",136.009625828076,"Increasing Batt Cap - Benchmark Chemistry"
2026,"MN",89.6989110710734,"Increasing Batt Cap - Benchmark Chemistry"
2026,"MO",82.0301029156976,"Increasing Batt Cap - Benchmark Chemistry"
2026,"MS",27.5330522933642,"Increasing Batt Cap - Benchmark Chemistry"
2026,"MT",18.8389487530364,"Increasing Batt Cap - Benchmark Chemistry"
2026,"MX",48.5184197493594,"Increasing Batt Cap - Benchmark Chemistry"
2026,"NB",4.22895594655017,"Increasing Batt Cap - Benchmark Chemistry"
2026,"NC",158.777271714012,"Increasing Batt Cap - Benchmark Chemistry"
2026,"ND",6.98175344710322,"Increasing Batt Cap - Benchmark Chemistry"
2026,"NE",31.1606198444535,"Increasing Batt Cap - Benchmark Chemistry"
2026,"NH",31.0992861271535,"Increasing Batt Cap - Benchmark Chemistry"
2026,"NJ",217.832932594814,"Increasing Batt Cap - Benchmark Chemistry"
2026,"NL",1.18818191247617,"Increasing Batt Cap - Benchmark Chemistry"
2026,"NM",35.4503110999217,"Increasing Batt Cap - Benchmark Chemistry"
2026,"NS",9.18199516274123,"Increasing Batt Cap - Benchmark Chemistry"
2026,"NT",0,"Increasing Batt Cap - Benchmark Chemistry"
2026,"NU",0,"Increasing Batt Cap - Benchmark Chemistry"
2026,"NV",81.4894421248858,"Increasing Batt Cap - Benchmark Chemistry"
2026,"NY",319.818865334784,"Increasing Batt Cap - Benchmark Chemistry"
2026,"OH",156.014168977474,"Increasing Batt Cap - Benchmark Chemistry"
2026,"OK",60.7083493327483,"Increasing Batt Cap - Benchmark Chemistry"
2026,"ON",236.422240321316,"Increasing Batt Cap - Benchmark Chemistry"
2026,"OR",178.115528150016,"Increasing Batt Cap - Benchmark Chemistry"
2026,"PA",186.152121772167,"Increasing Batt Cap - Benchmark Chemistry"
2026,"PE",0,"Increasing Batt Cap - Benchmark Chemistry"
2026,"QC",284.764698252239,"Increasing Batt Cap - Benchmark Chemistry"
2026,"RI",23.992266217471,"Increasing Batt Cap - Benchmark Chemistry"
2026,"SC",60.4752192849362,"Increasing Batt Cap - Benchmark Chemistry"
2026,"SD",10.305556097201,"Increasing Batt Cap - Benchmark Chemistry"
2026,"SK",8.96479881240268,"Increasing Batt Cap - Benchmark Chemistry"
2026,"TN",101.266459370802,"Increasing Batt Cap - Benchmark Chemistry"
2026,"TX",511.284815372722,"Increasing Batt Cap - Benchmark Chemistry"
2026,"UT",86.991168501591,"Increasing Batt Cap - Benchmark Chemistry"
2026,"VA",164.897561012524,"Increasing Batt Cap - Benchmark Chemistry"
2026,"VT",23.7734822211598,"Increasing Batt Cap - Benchmark Chemistry"
2026,"WA",358.979600366555,"Increasing Batt Cap - Benchmark Chemistry"
2026,"WI",89.8133867590109,"Increasing Batt Cap - Benchmark Chemistry"
2026,"WV",18.6871851055908,"Increasing Batt Cap - Benchmark Chemistry"
2026,"WY",6.05286672583495,"Increasing Batt Cap - Benchmark Chemistry"
2026,"YT",0,"Increasing Batt Cap - Benchmark Chemistry"
2027,"AB",75.929663143273,"Increasing Batt Cap - Benchmark Chemistry"
2027,"AK",31.3688363897705,"Increasing Batt Cap - Benchmark Chemistry"
2027,"AL",136.805559976146,"Increasing Batt Cap - Benchmark Chemistry"
2027,"AR",79.992602687171,"Increasing Batt Cap - Benchmark Chemistry"
2027,"AZ",378.181566254973,"Increasing Batt Cap - Benchmark Chemistry"
2027,"BC",319.221000979991,"Increasing Batt Cap - Benchmark Chemistry"
2027,"CA",4754.18751338211,"Increasing Batt Cap - Benchmark Chemistry"
2027,"CO",362.44830708153,"Increasing Batt Cap - Benchmark Chemistry"
2027,"CT",159.324381864929,"Increasing Batt Cap - Benchmark Chemistry"
2027,"DC",45.3606367426891,"Increasing Batt Cap - Benchmark Chemistry"
2027,"DE",44.4247918979307,"Increasing Batt Cap - Benchmark Chemistry"
2027,"FL",1004.47168493019,"Increasing Batt Cap - Benchmark Chemistry"
2027,"GA",630.500687523606,"Increasing Batt Cap - Benchmark Chemistry"
2027,"HI",147.966039365747,"Increasing Batt Cap - Benchmark Chemistry"
2027,"IA",95.408703212906,"Increasing Batt Cap - Benchmark Chemistry"
2027,"ID",67.8225269270962,"Increasing Batt Cap - Benchmark Chemistry"
2027,"IL",508.262519362076,"Increasing Batt Cap - Benchmark Chemistry"
2027,"IN",207.665344826209,"Increasing Batt Cap - Benchmark Chemistry"
2027,"KS",94.3699964275922,"Increasing Batt Cap - Benchmark Chemistry"
2027,"KY",117.91774579202,"Increasing Batt Cap - Benchmark Chemistry"
2027,"LA",116.371142390613,"Increasing Batt Cap - Benchmark Chemistry"
2027,"MA",333.711373760791,"Increasing Batt Cap - Benchmark Chemistry"
2027,"MB",26.7345220958349,"Increasing Batt Cap - Benchmark Chemistry"
2027,"MD",293.520283241408,"Increasing Batt Cap - Benchmark Chemistry"
2027,"ME",52.3263262705034,"Increasing Batt Cap - Benchmark Chemistry"
2027,"MI",317.659888640444,"Increasing Batt Cap - Benchmark Chemistry"
2027,"MN",204.825994762156,"Increasing Batt Cap - Benchmark Chemistry"
2027,"MO",192.065540726054,"Increasing Batt Cap - Benchmark Chemistry"
2027,"MS",73.7644437940699,"Increasing Batt Cap - Benchmark Chemistry"
2027,"MT",37.928167715732,"Increasing Batt Cap - Benchmark Chemistry"
2027,"MX",157.766823937968,"Increasing Batt Cap - Benchmark Chemistry"
2027,"NB",12.9733896717138,"Increasing Batt Cap - Benchmark Chemistry"
2027,"NC",371.175021457301,"Increasing Batt Cap - Benchmark Chemistry"
2027,"ND",21.7010547934708,"Increasing Batt Cap - Benchmark Chemistry"
2027,"NE",63.6839784024065,"Increasing Batt Cap - Benchmark Chemistry"
2027,"NH",56.9868476535566,"Increasing Batt Cap - Benchmark Chemistry"
2027,"NJ",448.306265791053,"Increasing Batt Cap - Benchmark Chemistry"
2027,"NL",3.97748102836667,"Increasing Batt Cap - Benchmark Chemistry"
2027,"NM",70.7933910767677,"Increasing Batt Cap - Benchmark Chemistry"
2027,"NS",18.2180262760597,"Increasing Batt Cap - Benchmark Chemistry"
2027,"NT",0,"Increasing Batt Cap - Benchmark Chemistry"
2027,"NU",0,"Increasing Batt Cap - Benchmark Chemistry"
2027,"NV",162.470401799421,"Increasing Batt Cap - Benchmark Chemistry"
2027,"NY",724.617119664377,"Increasing Batt Cap - Benchmark Chemistry"
2027,"OH",370.380829442804,"Increasing Batt Cap - Benchmark Chemistry"
2027,"OK",126.555186373283,"Increasing Batt Cap - Benchmark Chemistry"
2027,"ON",416.539270699791,"Increasing Batt Cap - Benchmark Chemistry"
2027,"OR",344.712316036518,"Increasing Batt Cap - Benchmark Chemistry"
2027,"PA",436.479059156561,"Increasing Batt Cap - Benchmark Chemistry"
2027,"PE",0.426316391067763,"Increasing Batt Cap - Benchmark Chemistry"
2027,"QC",479.477894842824,"Increasing Batt Cap - Benchmark Chemistry"
2027,"RI",43.5344315830184,"Increasing Batt Cap - Benchmark Chemistry"
2027,"SC",153.144361306006,"Increasing Batt Cap - Benchmark Chemistry"
2027,"SD",27.5794409209015,"Increasing Batt Cap - Benchmark Chemistry"
2027,"SK",17.9660009728432,"Increasing Batt Cap - Benchmark Chemistry"
2027,"TN",231.269581693602,"Increasing Batt Cap - Benchmark Chemistry"
2027,"TX",1143.03144675893,"Increasing Batt Cap - Benchmark Chemistry"
2027,"UT",171.785300048342,"Increasing Batt Cap - Benchmark Chemistry"
2027,"VA",358.025522631555,"Increasing Batt Cap - Benchmark Chemistry"
2027,"VT",41.1117632211521,"Increasing Batt Cap - Benchmark Chemistry"
2027,"WA",687.61785010786,"Increasing Batt Cap - Benchmark Chemistry"
2027,"WI",203.143901791887,"Increasing Batt Cap - Benchmark Chemistry"
2027,"WV",45.9922125338814,"Increasing Batt Cap - Benchmark Chemistry"
2027,"WY",16.821181585561,"Increasing Batt Cap - Benchmark Chemistry"
2027,"YT",0,"Increasing Batt Cap - Benchmark Chemistry"
2028,"AB",124.332583187336,"Increasing Batt Cap - Benchmark Chemistry"
2028,"AK",51.2537124114133,"Increasing Batt Cap - Benchmark Chemistry"
2028,"AL",261.385792828056,"Increasing Batt Cap - Benchmark Chemistry"
2028,"AR",153.794420936565,"Increasing Batt Cap - Benchmark Chemistry"
2028,"AZ",683.518500491619,"Increasing Batt Cap - Benchmark Chemistry"
2028,"BC",519.910322204436,"Increasing Batt Cap - Benchmark Chemistry"
2028,"CA",7900.90359797999,"Increasing Batt Cap - Benchmark Chemistry"
2028,"CO",634.665781310741,"Increasing Batt Cap - Benchmark Chemistry"
2028,"CT",293.248678726496,"Increasing Batt Cap - Benchmark Chemistry"
2028,"DC",71.8625243724065,"Increasing Batt Cap - Benchmark Chemistry"
2028,"DE",75.0429319853996,"Increasing Batt Cap - Benchmark Chemistry"
2028,"FL",1820.60448220581,"Increasing Batt Cap - Benchmark Chemistry"
2028,"GA",1118.05877705532,"Increasing Batt Cap - Benchmark Chemistry"
2028,"HI",252.234030059552,"Increasing Batt Cap - Benchmark Chemistry"
2028,"IA",180.253140462441,"Increasing Batt Cap - Benchmark Chemistry"
2028,"ID",122.899926408744,"Increasing Batt Cap - Benchmark Chemistry"
2028,"IL",933.878940872285,"Increasing Batt Cap - Benchmark Chemistry"
2028,"IN",391.220798886156,"Increasing Batt Cap - Benchmark Chemistry"
2028,"KS",174.619959936035,"Increasing Batt Cap - Benchmark Chemistry"
2028,"KY",236.599642160644,"Increasing Batt Cap - Benchmark Chemistry"
2028,"LA",230.425983559584,"Increasing Batt Cap - Benchmark Chemistry"
2028,"MA",604.483115114221,"Increasing Batt Cap - Benchmark Chemistry"
2028,"MB",38.1231875625166,"Increasing Batt Cap - Benchmark Chemistry"
2028,"MD",529.937833665098,"Increasing Batt Cap - Benchmark Chemistry"
2028,"ME",91.0763317836196,"Increasing Batt Cap - Benchmark Chemistry"
2028,"MI",613.081608300187,"Increasing Batt Cap - Benchmark Chemistry"
2028,"MN",381.732939723902,"Increasing Batt Cap - Benchmark Chemistry"
2028,"MO",359.543524264269,"Increasing Batt Cap - Benchmark Chemistry"
2028,"MS",140.782783175047,"Increasing Batt Cap - Benchmark Chemistry"
2028,"MT",68.1193866285586,"Increasing Batt Cap - Benchmark Chemistry"
2028,"MX",343.273719014884,"Increasing Batt Cap - Benchmark Chemistry"
2028,"NB",24.6312114857531,"Increasing Batt Cap - Benchmark Chemistry"
2028,"NC",695.672602053639,"Increasing Batt Cap - Benchmark Chemistry"
2028,"ND",41.6623935370493,"Increasing Batt Cap - Benchmark Chemistry"
2028,"NE",114.791399443856,"Increasing Batt Cap - Benchmark Chemistry"
2028,"NH",101.609833502771,"Increasing Batt Cap - Benchmark Chemistry"
2028,"NJ",811.872123600631,"Increasing Batt Cap - Benchmark Chemistry"
2028,"NL",11.8198421538854,"Increasing Batt Cap - Benchmark Chemistry"
2028,"NM",128.783205789932,"Increasing Batt Cap - Benchmark Chemistry"
2028,"NS",31.6690117331849,"Increasing Batt Cap - Benchmark Chemistry"
2028,"NT",0,"Increasing Batt Cap - Benchmark Chemistry"
2028,"NU",0,"Increasing Batt Cap - Benchmark Chemistry"
2028,"NV",294.459865447694,"Increasing Batt Cap - Benchmark Chemistry"
2028,"NY",1342.27780084504,"Increasing Batt Cap - Benchmark Chemistry"
2028,"OH",715.562125296955,"Increasing Batt Cap - Benchmark Chemistry"
2028,"OK",244.868286989417,"Increasing Batt Cap - Benchmark Chemistry"
2028,"ON",689.471742446364,"Increasing Batt Cap - Benchmark Chemistry"
2028,"OR",589.267279080098,"Increasing Batt Cap - Benchmark Chemistry"
2028,"PA",832.79625884588,"Increasing Batt Cap - Benchmark Chemistry"
2028,"PE",2.24544878355655,"Increasing Batt Cap - Benchmark Chemistry"
2028,"QC",770.542349039419,"Increasing Batt Cap - Benchmark Chemistry"
2028,"RI",75.0819243680422,"Increasing Batt Cap - Benchmark Chemistry"
2028,"SC",293.246835434683,"Increasing Batt Cap - Benchmark Chemistry"
2028,"SD",50.9544797413185,"Increasing Batt Cap - Benchmark Chemistry"
2028,"SK",32.962034378378,"Increasing Batt Cap - Benchmark Chemistry"
2028,"TN",442.220165582136,"Increasing Batt Cap - Benchmark Chemistry"
2028,"TX",2123.49801331344,"Increasing Batt Cap - Benchmark Chemistry"
2028,"UT",316.430117433674,"Increasing Batt Cap - Benchmark Chemistry"
2028,"VA",668.52707513501,"Increasing Batt Cap - Benchmark Chemistry"
2028,"VT",64.8400211799727,"Increasing Batt Cap - Benchmark Chemistry"
2028,"WA",1162.31953662291,"Increasing Batt Cap - Benchmark Chemistry"
2028,"WI",379.477377277156,"Increasing Batt Cap - Benchmark Chemistry"
2028,"WV",86.4327591442436,"Increasing Batt Cap - Benchmark Chemistry"
2028,"WY",36.9989769958604,"Increasing Batt Cap - Benchmark Chemistry"
2028,"YT",0,"Increasing Batt Cap - Benchmark Chemistry"
2029,"AB",204.109637152073,"Increasing Batt Cap - Benchmark Chemistry"
2029,"AK",83.7975281170502,"Increasing Batt Cap - Benchmark Chemistry"
2029,"AL",465.55010656889,"Increasing Batt Cap - Benchmark Chemistry"
2029,"AR",263.297951325116,"Increasing Batt Cap - Benchmark Chemistry"
2029,"AZ",1143.58644545252,"Increasing Batt Cap - Benchmark Chemistry"
2029,"BC",814.957367068259,"Increasing Batt Cap - Benchmark Chemistry"
2029,"CA",12488.4780352264,"Increasing Batt Cap - Benchmark Chemistry"
2029,"CO",1054.3731839772,"Increasing Batt Cap - Benchmark Chemistry"
2029,"CT",496.329036860361,"Increasing Batt Cap - Benchmark Chemistry"
2029,"DC",111.506008870712,"Increasing Batt Cap - Benchmark Chemistry"
2029,"DE",124.399733122166,"Increasing Batt Cap - Benchmark Chemistry"
2029,"FL",3082.38282868614,"Increasing Batt Cap - Benchmark Chemistry"
2029,"GA",1846.20258943697,"Increasing Batt Cap - Benchmark Chemistry"
2029,"HI",397.563668534355,"Increasing Batt Cap - Benchmark Chemistry"
2029,"IA",310.265815279704,"Increasing Batt Cap - Benchmark Chemistry"
2029,"ID",204.82305024106,"Increasing Batt Cap - Benchmark Chemistry"
2029,"IL",1580.92767912611,"Increasing Batt Cap - Benchmark Chemistry"
2029,"IN",694.561711553713,"Increasing Batt Cap - Benchmark Chemistry"
2029,"KS",298.962244357927,"Increasing Batt Cap - Benchmark Chemistry"
2029,"KY",416.808944706296,"Increasing Batt Cap - Benchmark Chemistry"
2029,"LA",400.57024374145,"Increasing Batt Cap - Benchmark Chemistry"
2029,"MA",1013.74061592492,"Increasing Batt Cap - Benchmark Chemistry"
2029,"MB",60.2105568848473,"Increasing Batt Cap - Benchmark Chemistry"
2029,"MD",891.819736073734,"Increasing Batt Cap - Benchmark Chemistry"
2029,"ME",153.311744700205,"Increasing Batt Cap - Benchmark Chemistry"
2029,"MI",1065.65162053407,"Increasing Batt Cap - Benchmark Chemistry"
2029,"MN",669.681697142279,"Increasing Batt Cap - Benchmark Chemistry"
2029,"MO",645.687968095534,"Increasing Batt Cap - Benchmark Chemistry"
2029,"MS",251.839705344828,"Increasing Batt Cap - Benchmark Chemistry"
2029,"MT",112.692669847409,"Increasing Batt Cap - Benchmark Chemistry"
2029,"MX",665.455516003501,"Increasing Batt Cap - Benchmark Chemistry"
2029,"NB",38.7281204525675,"Increasing Batt Cap - Benchmark Chemistry"
2029,"NC",1207.05423830315,"Increasing Batt Cap - Benchmark Chemistry"
2029,"ND",74.0475307352193,"Increasing Batt Cap - Benchmark Chemistry"
2029,"NE",198.442798493595,"Increasing Batt Cap - Benchmark Chemistry"
2029,"NH",164.317498679002,"Increasing Batt Cap - Benchmark Chemistry"
2029,"NJ",1360.86868412318,"Increasing Batt Cap - Benchmark Chemistry"
2029,"NL",20.2976905230184,"Increasing Batt Cap - Benchmark Chemistry"
2029,"NM",222.794151776325,"Increasing Batt Cap - Benchmark Chemistry"
2029,"NS",43.1753332268526,"Increasing Batt Cap - Benchmark Chemistry"
2029,"NT",0,"Increasing Batt Cap - Benchmark Chemistry"
2029,"NU",0,"Increasing Batt Cap - Benchmark Chemistry"
2029,"NV",489.793806453982,"Increasing Batt Cap - Benchmark Chemistry"
2029,"NY",2304.33497160225,"Increasing Batt Cap - Benchmark Chemistry"
2029,"OH",1237.67674156346,"Increasing Batt Cap - Benchmark Chemistry"
2029,"OK",417.060778468854,"Increasing Batt Cap - Benchmark Chemistry"
2029,"ON",1087.69166351915,"Increasing Batt Cap - Benchmark Chemistry"
2029,"OR",951.431817775091,"Increasing Batt Cap - Benchmark Chemistry"
2029,"PA",1438.35702370822,"Increasing Batt Cap - Benchmark Chemistry"
2029,"PE",7.86473776573159,"Increasing Batt Cap - Benchmark Chemistry"
2029,"QC",1215.70743620958,"Increasing Batt Cap - Benchmark Chemistry"
2029,"RI",123.569420140543,"Increasing Batt Cap - Benchmark Chemistry"
2029,"SC",522.460349404361,"Increasing Batt Cap - Benchmark Chemistry"
2029,"SD",89.6636670057445,"Increasing Batt Cap - Benchmark Chemistry"
2029,"SK",48.9915976091684,"Increasing Batt Cap - Benchmark Chemistry"
2029,"TN",774.760285282046,"Increasing Batt Cap - Benchmark Chemistry"
2029,"TX",3658.85882756923,"Increasing Batt Cap - Benchmark Chemistry"
2029,"UT",520.463666882249,"Increasing Batt Cap - Benchmark Chemistry"
2029,"VA",1152.80557346785,"Increasing Batt Cap - Benchmark Chemistry"
2029,"VT",102.413841642913,"Increasing Batt Cap - Benchmark Chemistry"
2029,"WA",1884.71049480782,"Increasing Batt Cap - Benchmark Chemistry"
2029,"WI",657.565967196246,"Increasing Batt Cap - Benchmark Chemistry"
2029,"WV",149.65843990887,"Increasing Batt Cap - Benchmark Chemistry"
2029,"WY",60.9112602447572,"Increasing Batt Cap - Benchmark Chemistry"
2029,"YT",0,"Increasing Batt Cap - Benchmark Chemistry"
2030,"AB",320.783560173587,"Increasing Batt Cap - Benchmark Chemistry"
2030,"AK",127.23687910803,"Increasing Batt Cap - Benchmark Chemistry"
2030,"AL",774.564502195458,"Increasing Batt Cap - Benchmark Chemistry"
2030,"AR",443.758456562949,"Increasing Batt Cap - Benchmark Chemistry"
2030,"AZ",1828.94740322367,"Increasing Batt Cap - Benchmark Chemistry"
2030,"BC",1250.36852669555,"Increasing Batt Cap - Benchmark Chemistry"
2030,"CA",18834.0418566309,"Increasing Batt Cap - Benchmark Chemistry"
2030,"CO",1666.75249740586,"Increasing Batt Cap - Benchmark Chemistry"
2030,"CT",792.799704941094,"Increasing Batt Cap - Benchmark Chemistry"
2030,"DC",173.525673945932,"Increasing Batt Cap - Benchmark Chemistry"
2030,"DE",198.660075231933,"Increasing Batt Cap - Benchmark Chemistry"
2030,"FL",4958.78105495331,"Increasing Batt Cap - Benchmark Chemistry"
2030,"GA",2809.79239168379,"Increasing Batt Cap - Benchmark Chemistry"
2030,"HI",606.506682473479,"Increasing Batt Cap - Benchmark Chemistry"
2030,"IA",504.330444227288,"Increasing Batt Cap - Benchmark Chemistry"
2030,"ID",344.108927285338,"Increasing Batt Cap - Benchmark Chemistry"
2030,"IL",2552.87862143254,"Increasing Batt Cap - Benchmark Chemistry"
2030,"IN",1158.58804011824,"Increasing Batt Cap - Benchmark Chemistry"
2030,"KS",497.744118133852,"Increasing Batt Cap - Benchmark Chemistry"
2030,"KY",684.977039666204,"Increasing Batt Cap - Benchmark Chemistry"
2030,"LA",672.867405238835,"Increasing Batt Cap - Benchmark Chemistry"
2030,"MA",1636.10449249325,"Increasing Batt Cap - Benchmark Chemistry"
2030,"MB",89.5689365861335,"Increasing Batt Cap - Benchmark Chemistry"
2030,"MD",1439.27309980228,"Increasing Batt Cap - Benchmark Chemistry"
2030,"ME",239.11453198294,"Increasing Batt Cap - Benchmark Chemistry"
2030,"MI",1744.16948258355,"Increasing Batt Cap - Benchmark Chemistry"
2030,"MN",1086.03319494534,"Increasing Batt Cap - Benchmark Chemistry"
2030,"MO",1065.30593355942,"Increasing Batt Cap - Benchmark Chemistry"
2030,"MS",420.091698391064,"Increasing Batt Cap - Benchmark Chemistry"
2030,"MT",179.569574885864,"Increasing Batt Cap - Benchmark Chemistry"
2030,"MX",1194.27488619739,"Increasing Batt Cap - Benchmark Chemistry"
2030,"NB",56.3350481940466,"Increasing Batt Cap - Benchmark Chemistry"
2030,"NC",1976.99208566081,"Increasing Batt Cap - Benchmark Chemistry"
2030,"ND",121.19065653003,"Increasing Batt Cap - Benchmark Chemistry"
2030,"NE",327.937140997361,"Increasing Batt Cap - Benchmark Chemistry"
2030,"NH",268.615624673787,"Increasing Batt Cap - Benchmark Chemistry"
2030,"NJ",2180.67655607576,"Increasing Batt Cap - Benchmark Chemistry"
2030,"NL",32.6148330548933,"Increasing Batt Cap - Benchmark Chemistry"
2030,"NM",365.990767903812,"Increasing Batt Cap - Benchmark Chemistry"
2030,"NS",64.767538461864,"Increasing Batt Cap - Benchmark Chemistry"
2030,"NT",0,"Increasing Batt Cap - Benchmark Chemistry"
2030,"NU",0,"Increasing Batt Cap - Benchmark Chemistry"
2030,"NV",790.840702813487,"Increasing Batt Cap - Benchmark Chemistry"
2030,"NY",3740.08135857535,"Increasing Batt Cap - Benchmark Chemistry"
2030,"OH",2042.09810607692,"Increasing Batt Cap - Benchmark Chemistry"
2030,"OK",701.564361279048,"Increasing Batt Cap - Benchmark Chemistry"
2030,"ON",1693.04767551807,"Increasing Batt Cap - Benchmark Chemistry"
2030,"OR",1463.19030727598,"Increasing Batt Cap - Benchmark Chemistry"
2030,"PA",2356.75646737806,"Increasing Batt Cap - Benchmark Chemistry"
2030,"PE",12.7275895359785,"Increasing Batt Cap - Benchmark Chemistry"
2030,"QC",1847.05006078469,"Increasing Batt Cap - Benchmark Chemistry"
2030,"RI",192.295432838379,"Increasing Batt Cap - Benchmark Chemistry"
2030,"SC",868.46041156211,"Increasing Batt Cap - Benchmark Chemistry"
2030,"SD",138.840410461393,"Increasing Batt Cap - Benchmark Chemistry"
2030,"SK",69.5038615737197,"Increasing Batt Cap - Benchmark Chemistry"
2030,"TN",1269.51220212855,"Increasing Batt Cap - Benchmark Chemistry"
2030,"TX",5966.73048793441,"Increasing Batt Cap - Benchmark Chemistry"
2030,"UT",841.518923167973,"Increasing Batt Cap - Benchmark Chemistry"
2030,"VA",1856.79592198102,"Increasing Batt Cap - Benchmark Chemistry"
2030,"VT",161.245527597542,"Increasing Batt Cap - Benchmark Chemistry"
2030,"WA",2907.21476214033,"Increasing Batt Cap - Benchmark Chemistry"
2030,"WI",1063.63147658172,"Increasing Batt Cap - Benchmark Chemistry"
2030,"WV",256.285949038501,"Increasing Batt Cap - Benchmark Chemistry"
2030,"WY",92.7059010087653,"Increasing Batt Cap - Benchmark Chemistry"
2030,"YT",0,"Increasing Batt Cap - Benchmark Chemistry"
2031,"AB",498.268745599986,"Increasing Batt Cap - Benchmark Chemistry"
2031,"AK",194.144966074691,"Increasing Batt Cap - Benchmark Chemistry"
2031,"AL",1235.97217145468,"Increasing Batt Cap - Benchmark Chemistry"
2031,"AR",705.662994601287,"Increasing Batt Cap - Benchmark Chemistry"
2031,"AZ",2858.03969828976,"Increasing Batt Cap - Benchmark Chemistry"
2031,"BC",1908.78437021348,"Increasing Batt Cap - Benchmark Chemistry"
2031,"CA",28057.8737514251,"Increasing Batt Cap - Benchmark Chemistry"
2031,"CO",2590.09915798096,"Increasing Batt Cap - Benchmark Chemistry"
2031,"CT",1230.59993095071,"Increasing Batt Cap - Benchmark Chemistry"
2031,"DC",260.559912907803,"Increasing Batt Cap - Benchmark Chemistry"
2031,"DE",311.935469438587,"Increasing Batt Cap - Benchmark Chemistry"
2031,"FL",7753.2323999613,"Increasing Batt Cap - Benchmark Chemistry"
2031,"GA",4152.78426498836,"Increasing Batt Cap - Benchmark Chemistry"
2031,"HI",899.924927790555,"Increasing Batt Cap - Benchmark Chemistry"
2031,"IA",807.885890622725,"Increasing Batt Cap - Benchmark Chemistry"
2031,"ID",540.035528922436,"Increasing Batt Cap - Benchmark Chemistry"
2031,"IL",3980.7446426593,"Increasing Batt Cap - Benchmark Chemistry"
2031,"IN",1814.56017927951,"Increasing Batt Cap - Benchmark Chemistry"
2031,"KS",781.890393054516,"Increasing Batt Cap - Benchmark Chemistry"
2031,"KY",1090.59907754549,"Increasing Batt Cap - Benchmark Chemistry"
2031,"LA",1065.14966685648,"Increasing Batt Cap - Benchmark Chemistry"
2031,"MA",2552.11423353894,"Increasing Batt Cap - Benchmark Chemistry"
2031,"MB",121.982563165207,"Increasing Batt Cap - Benchmark Chemistry"
2031,"MD",2251.34866502719,"Increasing Batt Cap - Benchmark Chemistry"
2031,"ME",387.679057750476,"Increasing Batt Cap - Benchmark Chemistry"
2031,"MI",2718.33314986257,"Increasing Batt Cap - Benchmark Chemistry"
2031,"MN",1732.13300944761,"Increasing Batt Cap - Benchmark Chemistry"
2031,"MO",1674.41656049987,"Increasing Batt Cap - Benchmark Chemistry"
2031,"MS",665.015816618409,"Increasing Batt Cap - Benchmark Chemistry"
2031,"MT",281.629643145438,"Increasing Batt Cap - Benchmark Chemistry"
2031,"MX",2021.97214121954,"Increasing Batt Cap - Benchmark Chemistry"
2031,"NB",74.0246374967998,"Increasing Batt Cap - Benchmark Chemistry"
2031,"NC",3112.05373896557,"Increasing Batt Cap - Benchmark Chemistry"
2031,"ND",184.792919099374,"Increasing Batt Cap - Benchmark Chemistry"
2031,"NE",521.035382574833,"Increasing Batt Cap - Benchmark Chemistry"
2031,"NH",423.397663171803,"Increasing Batt Cap - Benchmark Chemistry"
2031,"NJ",3433.98424439167,"Increasing Batt Cap - Benchmark Chemistry"
2031,"NL",50.9977639492239,"Increasing Batt Cap - Benchmark Chemistry"
2031,"NM",584.551185144734,"Increasing Batt Cap - Benchmark Chemistry"
2031,"NS",92.7677460839902,"Increasing Batt Cap - Benchmark Chemistry"
2031,"NT",0,"Increasing Batt Cap - Benchmark Chemistry"
2031,"NU",0,"Increasing Batt Cap - Benchmark Chemistry"
2031,"NV",1230.48888903517,"Increasing Batt Cap - Benchmark Chemistry"
2031,"NY",5839.28469828736,"Increasing Batt Cap - Benchmark Chemistry"
2031,"OH",3204.09975718711,"Increasing Batt Cap - Benchmark Chemistry"
2031,"OK",1123.00922730868,"Increasing Batt Cap - Benchmark Chemistry"
2031,"ON",2596.51355341955,"Increasing Batt Cap - Benchmark Chemistry"
2031,"OR",2219.31796750228,"Increasing Batt Cap - Benchmark Chemistry"
2031,"PA",3703.51646100612,"Increasing Batt Cap - Benchmark Chemistry"
2031,"PE",18.8028067503552,"Increasing Batt Cap - Benchmark Chemistry"
2031,"QC",2837.52127042513,"Increasing Batt Cap - Benchmark Chemistry"
2031,"RI",305.109664824369,"Increasing Batt Cap - Benchmark Chemistry"
2031,"SC",1391.04145612066,"Increasing Batt Cap - Benchmark Chemistry"
2031,"SD",218.159610445542,"Increasing Batt Cap - Benchmark Chemistry"
2031,"SK",102.214178319566,"Increasing Batt Cap - Benchmark Chemistry"
2031,"TN",1982.01289277626,"Increasing Batt Cap - Benchmark Chemistry"
2031,"TX",9336.73911130262,"Increasing Batt Cap - Benchmark Chemistry"
2031,"UT",1309.423976819,"Increasing Batt Cap - Benchmark Chemistry"
2031,"VA",2929.14439079492,"Increasing Batt Cap - Benchmark Chemistry"
2031,"VT",247.399513502025,"Increasing Batt Cap - Benchmark Chemistry"
2031,"WA",4432.54012957486,"Increasing Batt Cap - Benchmark Chemistry"
2031,"WI",1658.34962554744,"Increasing Batt Cap - Benchmark Chemistry"
2031,"WV",386.539390108218,"Increasing Batt Cap - Benchmark Chemistry"
2031,"WY",142.392697481839,"Increasing Batt Cap - Benchmark Chemistry"
2031,"YT",3.05750558098808,"Increasing Batt Cap - Benchmark Chemistry"
2032,"AB",744.429294037279,"Increasing Batt Cap - Benchmark Chemistry"
2032,"AK",290.035906516672,"Increasing Batt Cap - Benchmark Chemistry"
2032,"AL",1866.80873917834,"Increasing Batt Cap - Benchmark Chemistry"
2032,"AR",1055.39237139582,"Increasing Batt Cap - Benchmark Chemistry"
2032,"AZ",4207.45233175915,"Increasing Batt Cap - Benchmark Chemistry"
2032,"BC",2846.77841237743,"Increasing Batt Cap - Benchmark Chemistry"
2032,"CA",39452.5259541624,"Increasing Batt Cap - Benchmark Chemistry"
2032,"CO",3803.84507209909,"Increasing Batt Cap - Benchmark Chemistry"
2032,"CT",1812.51664722649,"Increasing Batt Cap - Benchmark Chemistry"
2032,"DC",386.880074707453,"Increasing Batt Cap - Benchmark Chemistry"
2032,"DE",466.89835638132,"Increasing Batt Cap - Benchmark Chemistry"
2032,"FL",11473.4472454884,"Increasing Batt Cap - Benchmark Chemistry"
2032,"GA",5848.17075059786,"Increasing Batt Cap - Benchmark Chemistry"
2032,"HI",1248.30525296557,"Increasing Batt Cap - Benchmark Chemistry"
2032,"IA",1212.39211403148,"Increasing Batt Cap - Benchmark Chemistry"
2032,"ID",824.874942846294,"Increasing Batt Cap - Benchmark Chemistry"
2032,"IL",5852.81945240322,"Increasing Batt Cap - Benchmark Chemistry"
2032,"IN",2712.61618072753,"Increasing Batt Cap - Benchmark Chemistry"
2032,"KS",1175.80554468268,"Increasing Batt Cap - Benchmark Chemistry"
2032,"KY",1658.24042371474,"Increasing Batt Cap - Benchmark Chemistry"
2032,"LA",1613.19739772423,"Increasing Batt Cap - Benchmark Chemistry"
2032,"MA",3759.38805726513,"Increasing Batt Cap - Benchmark Chemistry"
2032,"MB",181.466038693363,"Increasing Batt Cap - Benchmark Chemistry"
2032,"MD",3319.07790142122,"Increasing Batt Cap - Benchmark Chemistry"
2032,"ME",577.885421708574,"Increasing Batt Cap - Benchmark Chemistry"
2032,"MI",4035.11726394613,"Increasing Batt Cap - Benchmark Chemistry"
2032,"MN",2579.05581734445,"Increasing Batt Cap - Benchmark Chemistry"
2032,"MO",2486.10616750854,"Increasing Batt Cap - Benchmark Chemistry"
2032,"MS",1006.35344953649,"Increasing Batt Cap - Benchmark Chemistry"
2032,"MT",429.899866651413,"Increasing Batt Cap - Benchmark Chemistry"
2032,"MX",3308.69658700775,"Increasing Batt Cap - Benchmark Chemistry"
2032,"NB",112.752900406717,"Increasing Batt Cap - Benchmark Chemistry"
2032,"NC",4649.60411121798,"Increasing Batt Cap - Benchmark Chemistry"
2032,"ND",287.620291678855,"Increasing Batt Cap - Benchmark Chemistry"
2032,"NE",775.88511175457,"Increasing Batt Cap - Benchmark Chemistry"
2032,"NH",641.766065825895,"Increasing Batt Cap - Benchmark Chemistry"
2032,"NJ",5084.69256588482,"Increasing Batt Cap - Benchmark Chemistry"
2032,"NL",67.1269204767422,"Increasing Batt Cap - Benchmark Chemistry"
2032,"NM",878.550219071196,"Increasing Batt Cap - Benchmark Chemistry"
2032,"NS",132.35187602266,"Increasing Batt Cap - Benchmark Chemistry"
2032,"NT",2.16703792384586,"Increasing Batt Cap - Benchmark Chemistry"
2032,"NU",0,"Increasing Batt Cap - Benchmark Chemistry"
2032,"NV",1828.49259270571,"Increasing Batt Cap - Benchmark Chemistry"
2032,"NY",8643.50479096597,"Increasing Batt Cap - Benchmark Chemistry"
2032,"OH",4780.47304250657,"Increasing Batt Cap - Benchmark Chemistry"
2032,"OK",1679.05188509906,"Increasing Batt Cap - Benchmark Chemistry"
2032,"ON",3791.00499049168,"Increasing Batt Cap - Benchmark Chemistry"
2032,"OR",3156.24090602381,"Increasing Batt Cap - Benchmark Chemistry"
2032,"PA",5507.72435504945,"Increasing Batt Cap - Benchmark Chemistry"
2032,"PE",24.796390069607,"Increasing Batt Cap - Benchmark Chemistry"
2032,"QC",4193.23353391096,"Increasing Batt Cap - Benchmark Chemistry"
2032,"RI",459.35367184488,"Increasing Batt Cap - Benchmark Chemistry"
2032,"SC",2080.5875638487,"Increasing Batt Cap - Benchmark Chemistry"
2032,"SD",329.544036684825,"Increasing Batt Cap - Benchmark Chemistry"
2032,"SK",144.702342206857,"Increasing Batt Cap - Benchmark Chemistry"
2032,"TN",2928.96744408338,"Increasing Batt Cap - Benchmark Chemistry"
2032,"TX",13916.817427454,"Increasing Batt Cap - Benchmark Chemistry"
2032,"UT",1928.32771265112,"Increasing Batt Cap - Benchmark Chemistry"
2032,"VA",4362.97716952941,"Increasing Batt Cap - Benchmark Chemistry"
2032,"VT",358.71911970796,"Increasing Batt Cap - Benchmark Chemistry"
2032,"WA",6307.45008262795,"Increasing Batt Cap - Benchmark Chemistry"
2032,"WI",2435.62577324862,"Increasing Batt Cap - Benchmark Chemistry"
2032,"WV",598.459069206782,"Increasing Batt Cap - Benchmark Chemistry"
2032,"WY",205.920561424044,"Increasing Batt Cap - Benchmark Chemistry"
2032,"YT",6.14850576600962,"Increasing Batt Cap - Benchmark Chemistry"
2033,"AB",1076.4409074282,"Increasing Batt Cap - Benchmark Chemistry"
2033,"AK",417.871634557814,"Increasing Batt Cap - Benchmark Chemistry"
2033,"AL",2703.71145681162,"Increasing Batt Cap - Benchmark Chemistry"
2033,"AR",1551.43173836872,"Increasing Batt Cap - Benchmark Chemistry"
2033,"AZ",6007.52063947756,"Increasing Batt Cap - Benchmark Chemistry"
2033,"BC",4009.64961237073,"Increasing Batt Cap - Benchmark Chemistry"
2033,"CA",53250.8556847793,"Increasing Batt Cap - Benchmark Chemistry"
2033,"CO",5374.89211375592,"Increasing Batt Cap - Benchmark Chemistry"
2033,"CT",2544.02026602476,"Increasing Batt Cap - Benchmark Chemistry"
2033,"DC",542.760147184253,"Increasing Batt Cap - Benchmark Chemistry"
2033,"DE",685.662403215371,"Increasing Batt Cap - Benchmark Chemistry"
2033,"FL",16437.6691215133,"Increasing Batt Cap - Benchmark Chemistry"
2033,"GA",8054.10906428194,"Increasing Batt Cap - Benchmark Chemistry"
2033,"HI",1668.38353376407,"Increasing Batt Cap - Benchmark Chemistry"
2033,"IA",1752.43181601194,"Increasing Batt Cap - Benchmark Chemistry"
2033,"ID",1191.49868716687,"Increasing Batt Cap - Benchmark Chemistry"
2033,"IL",8300.2954804582,"Increasing Batt Cap - Benchmark Chemistry"
2033,"IN",3907.78914807232,"Increasing Batt Cap - Benchmark Chemistry"
2033,"KS",1698.53376960645,"Increasing Batt Cap - Benchmark Chemistry"
2033,"KY",2405.36191232158,"Increasing Batt Cap - Benchmark Chemistry"
2033,"LA",2335.23248095632,"Increasing Batt Cap - Benchmark Chemistry"
2033,"MA",5347.78372411383,"Increasing Batt Cap - Benchmark Chemistry"
2033,"MB",254.557635005117,"Increasing Batt Cap - Benchmark Chemistry"
2033,"MD",4733.9201947594,"Increasing Batt Cap - Benchmark Chemistry"
2033,"ME",837.215397161152,"Increasing Batt Cap - Benchmark Chemistry"
2033,"MI",5777.24988812129,"Increasing Batt Cap - Benchmark Chemistry"
2033,"MN",3716.27239097458,"Increasing Batt Cap - Benchmark Chemistry"
2033,"MO",3568.67022740401,"Increasing Batt Cap - Benchmark Chemistry"
2033,"MS",1461.12547909203,"Increasing Batt Cap - Benchmark Chemistry"
2033,"MT",625.324794360656,"Increasing Batt Cap - Benchmark Chemistry"
2033,"MX",5288.01169413168,"Increasing Batt Cap - Benchmark Chemistry"
2033,"NB",158.405477067404,"Increasing Batt Cap - Benchmark Chemistry"
2033,"NC",6707.65451894234,"Increasing Batt Cap - Benchmark Chemistry"
2033,"ND",414.05181073665,"Increasing Batt Cap - Benchmark Chemistry"
2033,"NE",1114.96594511076,"Increasing Batt Cap - Benchmark Chemistry"
2033,"NH",921.084521116293,"Increasing Batt Cap - Benchmark Chemistry"
2033,"NJ",7291.19226519497,"Increasing Batt Cap - Benchmark Chemistry"
2033,"NL",87.7327284941138,"Increasing Batt Cap - Benchmark Chemistry"
2033,"NM",1249.30472593102,"Increasing Batt Cap - Benchmark Chemistry"
2033,"NS",186.880075636194,"Increasing Batt Cap - Benchmark Chemistry"
2033,"NT",3.45461855868665,"Increasing Batt Cap - Benchmark Chemistry"
2033,"NU",0,"Increasing Batt Cap - Benchmark Chemistry"
2033,"NV",2617.38036093529,"Increasing Batt Cap - Benchmark Chemistry"
2033,"NY",12323.0338080089,"Increasing Batt Cap - Benchmark Chemistry"
2033,"OH",6884.49921796769,"Increasing Batt Cap - Benchmark Chemistry"
2033,"OK",2433.40465613081,"Increasing Batt Cap - Benchmark Chemistry"
2033,"ON",5251.07896450575,"Increasing Batt Cap - Benchmark Chemistry"
2033,"OR",4340.46065269487,"Increasing Batt Cap - Benchmark Chemistry"
2033,"PA",7932.23699216797,"Increasing Batt Cap - Benchmark Chemistry"
2033,"PE",34.811536299819,"Increasing Batt Cap - Benchmark Chemistry"
2033,"QC",5856.876908407,"Increasing Batt Cap - Benchmark Chemistry"
2033,"RI",668.499209032734,"Increasing Batt Cap - Benchmark Chemistry"
2033,"SC",3030.50602305805,"Increasing Batt Cap - Benchmark Chemistry"
2033,"SD",469.20912485343,"Increasing Batt Cap - Benchmark Chemistry"
2033,"SK",209.790603649046,"Increasing Batt Cap - Benchmark Chemistry"
2033,"TN",4224.85769095675,"Increasing Batt Cap - Benchmark Chemistry"
2033,"TX",20054.4337243627,"Increasing Batt Cap - Benchmark Chemistry"
2033,"UT",2739.58780955453,"Increasing Batt Cap - Benchmark Chemistry"
2033,"VA",6285.38822734417,"Increasing Batt Cap - Benchmark Chemistry"
2033,"VT",518.519403272927,"Increasing Batt Cap - Benchmark Chemistry"
2033,"WA",8657.17854658384,"Increasing Batt Cap - Benchmark Chemistry"
2033,"WI",3462.77636222521,"Increasing Batt Cap - Benchmark Chemistry"
2033,"WV",855.264914937308,"Increasing Batt Cap - Benchmark Chemistry"
2033,"WY",301.860614547695,"Increasing Batt Cap - Benchmark Chemistry"
2033,"YT",12.3869656478284,"Increasing Batt Cap - Benchmark Chemistry"
2034,"AB",1553.51862006292,"Increasing Batt Cap - Benchmark Chemistry"
2034,"AK",581.892580427616,"Increasing Batt Cap - Benchmark Chemistry"
2034,"AL",3834.89127012677,"Increasing Batt Cap - Benchmark Chemistry"
2034,"AR",2194.71296852899,"Increasing Batt Cap - Benchmark Chemistry"
2034,"AZ",8406.20440428386,"Increasing Batt Cap - Benchmark Chemistry"
2034,"BC",5569.41454740956,"Increasing Batt Cap - Benchmark Chemistry"
2034,"CA",71302.057156033,"Increasing Batt Cap - Benchmark Chemistry"
2034,"CO",7498.75887135559,"Increasing Batt Cap - Benchmark Chemistry"
2034,"CT",3547.29649636537,"Increasing Batt Cap - Benchmark Chemistry"
2034,"DC",745.19485231576,"Increasing Batt Cap - Benchmark Chemistry"
2034,"DE",975.081118687851,"Increasing Batt Cap - Benchmark Chemistry"
2034,"FL",23189.209122555,"Increasing Batt Cap - Benchmark Chemistry"
2034,"GA",10971.3055525234,"Increasing Batt Cap - Benchmark Chemistry"
2034,"HI",2211.27238404193,"Increasing Batt Cap - Benchmark Chemistry"
2034,"IA",2498.77199192455,"Increasing Batt Cap - Benchmark Chemistry"
2034,"ID",1700.28783214298,"Increasing Batt Cap - Benchmark Chemistry"
2034,"IL",11510.1469373894,"Increasing Batt Cap - Benchmark Chemistry"
2034,"IN",5515.24257360126,"Increasing Batt Cap - Benchmark Chemistry"
2034,"KS",2384.92796491964,"Increasing Batt Cap - Benchmark Chemistry"
2034,"KY",3400.28649972299,"Increasing Batt Cap - Benchmark Chemistry"
2034,"LA",3303.66532697318,"Increasing Batt Cap - Benchmark Chemistry"
2034,"MA",7468.22377439786,"Increasing Batt Cap - Benchmark Chemistry"
2034,"MB",361.080014066867,"Increasing Batt Cap - Benchmark Chemistry"
2034,"MD",6625.33134513427,"Increasing Batt Cap - Benchmark Chemistry"
2034,"ME",1167.7787985362,"Increasing Batt Cap - Benchmark Chemistry"
2034,"MI",8122.81414166449,"Increasing Batt Cap - Benchmark Chemistry"
2034,"MN",5220.51116930785,"Increasing Batt Cap - Benchmark Chemistry"
2034,"MO",5007.93631637156,"Increasing Batt Cap - Benchmark Chemistry"
2034,"MS",2063.80756302119,"Increasing Batt Cap - Benchmark Chemistry"
2034,"MT",882.982149546547,"Increasing Batt Cap - Benchmark Chemistry"
2034,"MX",8278.70005294833,"Increasing Batt Cap - Benchmark Chemistry"
2034,"NB",231.159114666256,"Increasing Batt Cap - Benchmark Chemistry"
2034,"NC",9461.98616419554,"Increasing Batt Cap - Benchmark Chemistry"
2034,"ND",603.588312707706,"Increasing Batt Cap - Benchmark Chemistry"
2034,"NE",1602.61034221517,"Increasing Batt Cap - Benchmark Chemistry"
2034,"NH",1292.80983603994,"Increasing Batt Cap - Benchmark Chemistry"
2034,"NJ",10266.6348388986,"Increasing Batt Cap - Benchmark Chemistry"
2034,"NL",124.17224655125,"Increasing Batt Cap - Benchmark Chemistry"
2034,"NM",1769.03339699647,"Increasing Batt Cap - Benchmark Chemistry"
2034,"NS",273.141136745604,"Increasing Batt Cap - Benchmark Chemistry"
2034,"NT",6.3080700016351,"Increasing Batt Cap - Benchmark Chemistry"
2034,"NU",0,"Increasing Batt Cap - Benchmark Chemistry"
2034,"NV",3689.58345927951,"Increasing Batt Cap - Benchmark Chemistry"
2034,"NY",17203.1514500896,"Increasing Batt Cap - Benchmark Chemistry"
2034,"OH",9680.50794314853,"Increasing Batt Cap - Benchmark Chemistry"
2034,"OK",3421.00219295502,"Increasing Batt Cap - Benchmark Chemistry"
2034,"ON",7192.06511680191,"Increasing Batt Cap - Benchmark Chemistry"
2034,"OR",5848.28856490521,"Increasing Batt Cap - Benchmark Chemistry"
2034,"PA",11170.9213546519,"Increasing Batt Cap - Benchmark Chemistry"
2034,"PE",54.7254374552554,"Increasing Batt Cap - Benchmark Chemistry"
2034,"QC",8095.15845414147,"Increasing Batt Cap - Benchmark Chemistry"
2034,"RI",937.65237156464,"Increasing Batt Cap - Benchmark Chemistry"
2034,"SC",4325.46459540878,"Increasing Batt Cap - Benchmark Chemistry"
2034,"SD",681.102126789248,"Increasing Batt Cap - Benchmark Chemistry"
2034,"SK",311.011389108112,"Increasing Batt Cap - Benchmark Chemistry"
2034,"TN",5941.07098629051,"Increasing Batt Cap - Benchmark Chemistry"
2034,"TX",28332.4634669391,"Increasing Batt Cap - Benchmark Chemistry"
2034,"UT",3847.69857759875,"Increasing Batt Cap - Benchmark Chemistry"
2034,"VA",8855.13194620822,"Increasing Batt Cap - Benchmark Chemistry"
2034,"VT",720.855837415243,"Increasing Batt Cap - Benchmark Chemistry"
2034,"WA",11711.7185086583,"Increasing Batt Cap - Benchmark Chemistry"
2034,"WI",4839.28387765196,"Increasing Batt Cap - Benchmark Chemistry"
2034,"WV",1209.04413137716,"Increasing Batt Cap - Benchmark Chemistry"
2034,"WY",424.442887031133,"Increasing Batt Cap - Benchmark Chemistry"
2034,"YT",17.5728485015606,"Increasing Batt Cap - Benchmark Chemistry"
2035,"AB",2244.51464787878,"Increasing Batt Cap - Benchmark Chemistry"
2035,"AK",800.433621739668,"Increasing Batt Cap - Benchmark Chemistry"
2035,"AL",5309.54337762926,"Increasing Batt Cap - Benchmark Chemistry"
2035,"AR",3040.39765668949,"Increasing Batt Cap - Benchmark Chemistry"
2035,"AZ",11518.0889482282,"Increasing Batt Cap - Benchmark Chemistry"
2035,"BC",7695.91281343304,"Increasing Batt Cap - Benchmark Chemistry"
2035,"CA",95114.1715743576,"Increasing Batt Cap - Benchmark Chemistry"
2035,"CO",10309.9489399717,"Increasing Batt Cap - Benchmark Chemistry"
2035,"CT",4826.11198630506,"Increasing Batt Cap - Benchmark Chemistry"
2035,"DC",1019.2881200565,"Increasing Batt Cap - Benchmark Chemistry"
2035,"DE",1359.34397530578,"Increasing Batt Cap - Benchmark Chemistry"
2035,"FL",32078.488326941,"Increasing Batt Cap - Benchmark Chemistry"
2035,"GA",14826.3195867008,"Increasing Batt Cap - Benchmark Chemistry"
2035,"HI",2891.91788565513,"Increasing Batt Cap - Benchmark Chemistry"
2035,"IA",3430.71557065897,"Increasing Batt Cap - Benchmark Chemistry"
2035,"ID",2356.84231599763,"Increasing Batt Cap - Benchmark Chemistry"
2035,"IL",15708.0016830825,"Increasing Batt Cap - Benchmark Chemistry"
2035,"IN",7558.3172101671,"Increasing Batt Cap - Benchmark Chemistry"
2035,"KS",3265.26357149556,"Increasing Batt Cap - Benchmark Chemistry"
2035,"KY",4684.22490413096,"Increasing Batt Cap - Benchmark Chemistry"
2035,"LA",4524.68844592165,"Increasing Batt Cap - Benchmark Chemistry"
2035,"MA",10243.3745959293,"Increasing Batt Cap - Benchmark Chemistry"
2035,"MB",525.057551216075,"Increasing Batt Cap - Benchmark Chemistry"
2035,"MD",9136.36612041909,"Increasing Batt Cap - Benchmark Chemistry"
2035,"ME",1622.94566446759,"Increasing Batt Cap - Benchmark Chemistry"
2035,"MI",11160.6388126842,"Increasing Batt Cap - Benchmark Chemistry"
2035,"MN",7158.95165305638,"Increasing Batt Cap - Benchmark Chemistry"
2035,"MO",6897.36989134079,"Increasing Batt Cap - Benchmark Chemistry"
2035,"MS",2850.78399737324,"Increasing Batt Cap - Benchmark Chemistry"
2035,"MT",1224.09764273612,"Increasing Batt Cap - Benchmark Chemistry"
2035,"MX",12771.7932290525,"Increasing Batt Cap - Benchmark Chemistry"
2035,"NB",342.628264492765,"Increasing Batt Cap - Benchmark Chemistry"
2035,"NC",13069.8517611953,"Increasing Batt Cap - Benchmark Chemistry"
2035,"ND",827.278913177736,"Increasing Batt Cap - Benchmark Chemistry"
2035,"NE",2189.51274421363,"Increasing Batt Cap - Benchmark Chemistry"
2035,"NH",1791.18139365464,"Increasing Batt Cap - Benchmark Chemistry"
2035,"NJ",14206.9591786192,"Increasing Batt Cap - Benchmark Chemistry"
2035,"NL",184.876537563853,"Increasing Batt Cap - Benchmark Chemistry"
2035,"NM",2431.17158431705,"Increasing Batt Cap - Benchmark Chemistry"
2035,"NS",408.46657440764,"Increasing Batt Cap - Benchmark Chemistry"
2035,"NT",11.3083323787635,"Increasing Batt Cap - Benchmark Chemistry"
2035,"NU",0,"Increasing Batt Cap - Benchmark Chemistry"
2035,"NV",5125.09603487666,"Increasing Batt Cap - Benchmark Chemistry"
2035,"NY",23445.208558419,"Increasing Batt Cap - Benchmark Chemistry"
2035,"OH",13273.4164318038,"Increasing Batt Cap - Benchmark Chemistry"
2035,"OK",4757.98713587604,"Increasing Batt Cap - Benchmark Chemistry"
2035,"ON",9911.01672085791,"Increasing Batt Cap - Benchmark Chemistry"
2035,"OR",7827.22272871422,"Increasing Batt Cap - Benchmark Chemistry"
2035,"PA",15390.7701854555,"Increasing Batt Cap - Benchmark Chemistry"
2035,"PE",75.38372470442,"Increasing Batt Cap - Benchmark Chemistry"
2035,"QC",11062.5300636223,"Increasing Batt Cap - Benchmark Chemistry"
2035,"RI",1280.6402457051,"Increasing Batt Cap - Benchmark Chemistry"
2035,"SC",6003.48412638652,"Increasing Batt Cap - Benchmark Chemistry"
2035,"SD",938.008416626983,"Increasing Batt Cap - Benchmark Chemistry"
2035,"SK",452.108400008448,"Increasing Batt Cap - Benchmark Chemistry"
2035,"TN",8206.86409301581,"Increasing Batt Cap - Benchmark Chemistry"
2035,"TX",39250.0939128047,"Increasing Batt Cap - Benchmark Chemistry"
2035,"UT",5286.1195013107,"Increasing Batt Cap - Benchmark Chemistry"
2035,"VA",12263.6977420341,"Increasing Batt Cap - Benchmark Chemistry"
2035,"VT",987.276835096005,"Increasing Batt Cap - Benchmark Chemistry"
2035,"WA",15660.9548546764,"Increasing Batt Cap - Benchmark Chemistry"
2035,"WI",6599.14043653864,"Increasing Batt Cap - Benchmark Chemistry"
2035,"WV",1677.10241207357,"Increasing Batt Cap - Benchmark Chemistry"
2035,"WY",598.82948399876,"Increasing Batt Cap - Benchmark Chemistry"
2035,"YT",23.4350149388776,"Increasing Batt Cap - Benchmark Chemistry"
2036,"AB",3219.55323848908,"Increasing Batt Cap - Benchmark Chemistry"
2036,"AK",1062.73354379467,"Increasing Batt Cap - Benchmark Chemistry"
2036,"AL",7195.35430458871,"Increasing Batt Cap - Benchmark Chemistry"
2036,"AR",4091.42645122171,"Increasing Batt Cap - Benchmark Chemistry"
2036,"AZ",15381.7252280173,"Increasing Batt Cap - Benchmark Chemistry"
2036,"BC",10311.7879640251,"Increasing Batt Cap - Benchmark Chemistry"
2036,"CA",124919.089391208,"Increasing Batt Cap - Benchmark Chemistry"
2036,"CO",13856.2937899552,"Increasing Batt Cap - Benchmark Chemistry"
2036,"CT",6424.31347085569,"Increasing Batt Cap - Benchmark Chemistry"
2036,"DC",1354.96498951479,"Increasing Batt Cap - Benchmark Chemistry"
2036,"DE",1854.76487460778,"Increasing Batt Cap - Benchmark Chemistry"
2036,"FL",43377.9645301434,"Increasing Batt Cap - Benchmark Chemistry"
2036,"GA",19820.419805423,"Increasing Batt Cap - Benchmark Chemistry"
2036,"HI",3699.74161100095,"Increasing Batt Cap - Benchmark Chemistry"
2036,"IA",4633.17629766485,"Increasing Batt Cap - Benchmark Chemistry"
2036,"ID",3230.92786531513,"Increasing Batt Cap - Benchmark Chemistry"
2036,"IL",20982.3802097868,"Increasing Batt Cap - Benchmark Chemistry"
2036,"IN",10189.6060021947,"Increasing Batt Cap - Benchmark Chemistry"
2036,"KS",4385.03883941273,"Increasing Batt Cap - Benchmark Chemistry"
2036,"KY",6326.14634641919,"Increasing Batt Cap - Benchmark Chemistry"
2036,"LA",6081.06420643726,"Increasing Batt Cap - Benchmark Chemistry"
2036,"MA",13712.4039732788,"Increasing Batt Cap - Benchmark Chemistry"
2036,"MB",761.066329720401,"Increasing Batt Cap - Benchmark Chemistry"
2036,"MD",12321.4644044471,"Increasing Batt Cap - Benchmark Chemistry"
2036,"ME",2184.29746375161,"Increasing Batt Cap - Benchmark Chemistry"
2036,"MI",15018.3247265316,"Increasing Batt Cap - Benchmark Chemistry"
2036,"MN",9647.62384515059,"Increasing Batt Cap - Benchmark Chemistry"
2036,"MO",9260.44267251094,"Increasing Batt Cap - Benchmark Chemistry"
2036,"MS",3845.44464278575,"Increasing Batt Cap - Benchmark Chemistry"
2036,"MT",1666.20112759538,"Increasing Batt Cap - Benchmark Chemistry"
2036,"MX",19376.8404196409,"Increasing Batt Cap - Benchmark Chemistry"
2036,"NB",505.585346776548,"Increasing Batt Cap - Benchmark Chemistry"
2036,"NC",17690.5436443495,"Increasing Batt Cap - Benchmark Chemistry"
2036,"ND",1143.01484925519,"Increasing Batt Cap - Benchmark Chemistry"
2036,"NE",2979.09301834668,"Increasing Batt Cap - Benchmark Chemistry"
2036,"NH",2410.7121711343,"Increasing Batt Cap - Benchmark Chemistry"
2036,"NJ",19229.8084856786,"Increasing Batt Cap - Benchmark Chemistry"
2036,"NL",268.015576851989,"Increasing Batt Cap - Benchmark Chemistry"
2036,"NM",3282.45614401316,"Increasing Batt Cap - Benchmark Chemistry"
2036,"NS",592.340391742096,"Increasing Batt Cap - Benchmark Chemistry"
2036,"NT",14.6308544254717,"Increasing Batt Cap - Benchmark Chemistry"
2036,"NU",0,"Increasing Batt Cap - Benchmark Chemistry"
2036,"NV",6929.4589681902,"Increasing Batt Cap - Benchmark Chemistry"
2036,"NY",31226.0567715362,"Increasing Batt Cap - Benchmark Chemistry"
2036,"OH",17825.9064130293,"Increasing Batt Cap - Benchmark Chemistry"
2036,"OK",6470.39549737067,"Increasing Batt Cap - Benchmark Chemistry"
2036,"ON",13526.779680952,"Increasing Batt Cap - Benchmark Chemistry"
2036,"OR",10260.9825625893,"Increasing Batt Cap - Benchmark Chemistry"
2036,"PA",20783.0507929486,"Increasing Batt Cap - Benchmark Chemistry"
2036,"PE",118.871407248882,"Increasing Batt Cap - Benchmark Chemistry"
2036,"QC",14842.6559931814,"Increasing Batt Cap - Benchmark Chemistry"
2036,"RI",1741.05705521987,"Increasing Batt Cap - Benchmark Chemistry"
2036,"SC",8177.9693609752,"Increasing Batt Cap - Benchmark Chemistry"
2036,"SD",1290.38146937997,"Increasing Batt Cap - Benchmark Chemistry"
2036,"SK",662.030505054121,"Increasing Batt Cap - Benchmark Chemistry"
2036,"TN",11078.4556214237,"Increasing Batt Cap - Benchmark Chemistry"
2036,"TX",53289.8844809644,"Increasing Batt Cap - Benchmark Chemistry"
2036,"UT",7107.87431530952,"Increasing Batt Cap - Benchmark Chemistry"
2036,"VA",16592.2096953893,"Increasing Batt Cap - Benchmark Chemistry"
2036,"VT",1309.91563915574,"Increasing Batt Cap - Benchmark Chemistry"
2036,"WA",20574.5615313405,"Increasing Batt Cap - Benchmark Chemistry"
2036,"WI",8862.50321161229,"Increasing Batt Cap - Benchmark Chemistry"
2036,"WV",2237.15796978165,"Increasing Batt Cap - Benchmark Chemistry"
2036,"WY",799.097986887302,"Increasing Batt Cap - Benchmark Chemistry"
2036,"YT",35.1698995341379,"Increasing Batt Cap - Benchmark Chemistry"
2037,"AB",4591.29021864618,"Increasing Batt Cap - Benchmark Chemistry"
2037,"AK",1398.0678145974,"Increasing Batt Cap - Benchmark Chemistry"
2037,"AL",9534.93318560149,"Increasing Batt Cap - Benchmark Chemistry"
2037,"AR",5422.17682010454,"Increasing Batt Cap - Benchmark Chemistry"
2037,"AZ",19944.4607701062,"Increasing Batt Cap - Benchmark Chemistry"
2037,"BC",13250.1731426462,"Increasing Batt Cap - Benchmark Chemistry"
2037,"CA",158214.156655157,"Increasing Batt Cap - Benchmark Chemistry"
2037,"CO",18072.8497014607,"Increasing Batt Cap - Benchmark Chemistry"
2037,"CT",8332.86140331557,"Increasing Batt Cap - Benchmark Chemistry"
2037,"DC",1728.41294728745,"Increasing Batt Cap - Benchmark Chemistry"
2037,"DE",2470.19336893234,"Increasing Batt Cap - Benchmark Chemistry"
2037,"FL",56841.4644868603,"Increasing Batt Cap - Benchmark Chemistry"
2037,"GA",25903.9832548344,"Increasing Batt Cap - Benchmark Chemistry"
2037,"HI",4630.2952986414,"Increasing Batt Cap - Benchmark Chemistry"
2037,"IA",6135.67870878551,"Increasing Batt Cap - Benchmark Chemistry"
2037,"ID",4300.02232801701,"Increasing Batt Cap - Benchmark Chemistry"
2037,"IL",27262.0794499614,"Increasing Batt Cap - Benchmark Chemistry"
2037,"IN",13411.2718623215,"Increasing Batt Cap - Benchmark Chemistry"
2037,"KS",5772.94661955531,"Increasing Batt Cap - Benchmark Chemistry"
2037,"KY",8363.64429716022,"Increasing Batt Cap - Benchmark Chemistry"
2037,"LA",8000.74378695537,"Increasing Batt Cap - Benchmark Chemistry"
2037,"MA",17855.0191967239,"Increasing Batt Cap - Benchmark Chemistry"
2037,"MB",1087.92594794416,"Increasing Batt Cap - Benchmark Chemistry"
2037,"MD",16113.465939284,"Increasing Batt Cap - Benchmark Chemistry"
2037,"ME",2868.89324727371,"Increasing Batt Cap - Benchmark Chemistry"
2037,"MI",19719.5440351578,"Increasing Batt Cap - Benchmark Chemistry"
2037,"MN",12656.278537315,"Increasing Batt Cap - Benchmark Chemistry"
2037,"MO",12200.1315831567,"Increasing Batt Cap - Benchmark Chemistry"
2037,"MS",5115.56563080173,"Increasing Batt Cap - Benchmark Chemistry"
2037,"MT",2202.3568149974,"Increasing Batt Cap - Benchmark Chemistry"
2037,"MX",28868.1892262205,"Increasing Batt Cap - Benchmark Chemistry"
2037,"NB",731.233051668443,"Increasing Batt Cap - Benchmark Chemistry"
2037,"NC",23304.5651811409,"Increasing Batt Cap - Benchmark Chemistry"
2037,"ND",1528.10452262383,"Increasing Batt Cap - Benchmark Chemistry"
2037,"NE",3949.96718327617,"Increasing Batt Cap - Benchmark Chemistry"
2037,"NH",3171.39863154713,"Increasing Batt Cap - Benchmark Chemistry"
2037,"NJ",25114.5008963289,"Increasing Batt Cap - Benchmark Chemistry"
2037,"NL",399.584328539234,"Increasing Batt Cap - Benchmark Chemistry"
2037,"NM",4313.67007666419,"Increasing Batt Cap - Benchmark Chemistry"
2037,"NS",853.829711210889,"Increasing Batt Cap - Benchmark Chemistry"
2037,"NT",24.4277188457597,"Increasing Batt Cap - Benchmark Chemistry"
2037,"NU",0,"Increasing Batt Cap - Benchmark Chemistry"
2037,"NV",9041.85810194041,"Increasing Batt Cap - Benchmark Chemistry"
2037,"NY",40422.8135324326,"Increasing Batt Cap - Benchmark Chemistry"
2037,"OH",23427.0722962045,"Increasing Batt Cap - Benchmark Chemistry"
2037,"OK",8572.66358737154,"Increasing Batt Cap - Benchmark Chemistry"
2037,"ON",18250.2050355168,"Increasing Batt Cap - Benchmark Chemistry"
2037,"OR",13118.9791252519,"Increasing Batt Cap - Benchmark Chemistry"
2037,"PA",27346.0486487373,"Increasing Batt Cap - Benchmark Chemistry"
2037,"PE",165.338786714536,"Increasing Batt Cap - Benchmark Chemistry"
2037,"QC",19470.4233909534,"Increasing Batt Cap - Benchmark Chemistry"
2037,"RI",2278.11118978561,"Increasing Batt Cap - Benchmark Chemistry"
2037,"SC",10882.3331914267,"Increasing Batt Cap - Benchmark Chemistry"
2037,"SD",1725.86656147116,"Increasing Batt Cap - Benchmark Chemistry"
2037,"SK",947.56533102591,"Increasing Batt Cap - Benchmark Chemistry"
2037,"TN",14663.9483469478,"Increasing Batt Cap - Benchmark Chemistry"
2037,"TX",70397.1839884452,"Increasing Batt Cap - Benchmark Chemistry"
2037,"UT",9278.5607023097,"Increasing Batt Cap - Benchmark Chemistry"
2037,"VA",21863.2479053511,"Increasing Batt Cap - Benchmark Chemistry"
2037,"VT",1715.83589045375,"Increasing Batt Cap - Benchmark Chemistry"
2037,"WA",26351.451602282,"Increasing Batt Cap - Benchmark Chemistry"
2037,"WI",11633.3601417557,"Increasing Batt Cap - Benchmark Chemistry"
2037,"WV",2964.20643963184,"Increasing Batt Cap - Benchmark Chemistry"
2037,"WY",1068.38449970606,"Increasing Batt Cap - Benchmark Chemistry"
2037,"YT",44.1869246043344,"Increasing Batt Cap - Benchmark Chemistry"
2038,"AB",7010.09977599337,"Increasing Batt Cap - Benchmark Chemistry"
2038,"AK",1896.6855078574,"Increasing Batt Cap - Benchmark Chemistry"
2038,"AL",13203.6173670727,"Increasing Batt Cap - Benchmark Chemistry"
2038,"AR",7434.79862676667,"Increasing Batt Cap - Benchmark Chemistry"
2038,"AZ",25706.9305360602,"Increasing Batt Cap - Benchmark Chemistry"
2038,"BC",15468.9040894111,"Increasing Batt Cap - Benchmark Chemistry"
2038,"CA",202148.201679291,"Increasing Batt Cap - Benchmark Chemistry"
2038,"CO",23556.5940982637,"Increasing Batt Cap - Benchmark Chemistry"
2038,"CT",10796.0141418449,"Increasing Batt Cap - Benchmark Chemistry"
2038,"DC",2152.80776026399,"Increasing Batt Cap - Benchmark Chemistry"
2038,"DE",3338.43973631992,"Increasing Batt Cap - Benchmark Chemistry"
2038,"FL",73388.9105928209,"Increasing Batt Cap - Benchmark Chemistry"
2038,"GA",34199.3201328165,"Increasing Batt Cap - Benchmark Chemistry"
2038,"HI",5654.70424023564,"Increasing Batt Cap - Benchmark Chemistry"
2038,"IA",8452.25958614142,"Increasing Batt Cap - Benchmark Chemistry"
2038,"ID",5988.3546021446,"Increasing Batt Cap - Benchmark Chemistry"
2038,"IL",35259.1334720437,"Increasing Batt Cap - Benchmark Chemistry"
2038,"IN",18268.0949110983,"Increasing Batt Cap - Benchmark Chemistry"
2038,"KS",7875.55972391561,"Increasing Batt Cap - Benchmark Chemistry"
2038,"KY",11518.0469340091,"Increasing Batt Cap - Benchmark Chemistry"
2038,"LA",10936.0574966148,"Increasing Batt Cap - Benchmark Chemistry"
2038,"MA",23193.1153332188,"Increasing Batt Cap - Benchmark Chemistry"
2038,"MB",1680.29877949181,"Increasing Batt Cap - Benchmark Chemistry"
2038,"MD",21038.0059842257,"Increasing Batt Cap - Benchmark Chemistry"
2038,"ME",3833.85065723149,"Increasing Batt Cap - Benchmark Chemistry"
2038,"MI",26159.0056465027,"Increasing Batt Cap - Benchmark Chemistry"
2038,"MN",16875.260495795,"Increasing Batt Cap - Benchmark Chemistry"
2038,"MO",16464.0447671303,"Increasing Batt Cap - Benchmark Chemistry"
2038,"MS",7177.59278696284,"Increasing Batt Cap - Benchmark Chemistry"
2038,"MT",3003.78251172307,"Increasing Batt Cap - Benchmark Chemistry"
2038,"MX",42155.9700867503,"Increasing Batt Cap - Benchmark Chemistry"
2038,"NB",1134.91160054527,"Increasing Batt Cap - Benchmark Chemistry"
2038,"NC",31195.4698559795,"Increasing Batt Cap - Benchmark Chemistry"
2038,"ND",2174.06677466243,"Increasing Batt Cap - Benchmark Chemistry"
2038,"NE",5457.56172448519,"Increasing Batt Cap - Benchmark Chemistry"
2038,"NH",4235.31038048393,"Increasing Batt Cap - Benchmark Chemistry"
2038,"NJ",31857.3991815768,"Increasing Batt Cap - Benchmark Chemistry"
2038,"NL",641.997923503974,"Increasing Batt Cap - Benchmark Chemistry"
2038,"NM",5818.79147506996,"Increasing Batt Cap - Benchmark Chemistry"
2038,"NS",1309.71038745669,"Increasing Batt Cap - Benchmark Chemistry"
2038,"NT",39.6265638288237,"Increasing Batt Cap - Benchmark Chemistry"
2038,"NU",0,"Increasing Batt Cap - Benchmark Chemistry"
2038,"NV",11502.7928197921,"Increasing Batt Cap - Benchmark Chemistry"
2038,"NY",51701.1747103167,"Increasing Batt Cap - Benchmark Chemistry"
2038,"OH",31698.6992771534,"Increasing Batt Cap - Benchmark Chemistry"
2038,"OK",11475.7076774594,"Increasing Batt Cap - Benchmark Chemistry"
2038,"ON",24727.6309571584,"Increasing Batt Cap - Benchmark Chemistry"
2038,"OR",16794.6751397717,"Increasing Batt Cap - Benchmark Chemistry"
2038,"PA",37296.2921948437,"Increasing Batt Cap - Benchmark Chemistry"
2038,"PE",247.445843279405,"Increasing Batt Cap - Benchmark Chemistry"
2038,"QC",23410.3685243258,"Increasing Batt Cap - Benchmark Chemistry"
2038,"RI",3003.1097416714,"Increasing Batt Cap - Benchmark Chemistry"
2038,"SC",15062.1430179625,"Increasing Batt Cap - Benchmark Chemistry"
2038,"SD",2406.0556397906,"Increasing Batt Cap - Benchmark Chemistry"
2038,"SK",1540.53012157989,"Increasing Batt Cap - Benchmark Chemistry"
2038,"TN",19984.2412717295,"Increasing Batt Cap - Benchmark Chemistry"
2038,"TX",93896.0088360844,"Increasing Batt Cap - Benchmark Chemistry"
2038,"UT",12087.0297427524,"Increasing Batt Cap - Benchmark Chemistry"
2038,"VA",29001.4678892408,"Increasing Batt Cap - Benchmark Chemistry"
2038,"VT",2190.9055572297,"Increasing Batt Cap - Benchmark Chemistry"
2038,"WA",33008.0842471753,"Increasing Batt Cap - Benchmark Chemistry"
2038,"WI",15719.591736302,"Increasing Batt Cap - Benchmark Chemistry"
2038,"WV",4072.99530068534,"Increasing Batt Cap - Benchmark Chemistry"
2038,"WY",1509.9109581467,"Increasing Batt Cap - Benchmark Chemistry"
2038,"YT",70.0570011058231,"Increasing Batt Cap - Benchmark Chemistry"
2039,"AB",9811.4308402306,"Increasing Batt Cap - Benchmark Chemistry"
2039,"AK",2424.64129709312,"Increasing Batt Cap - Benchmark Chemistry"
2039,"AL",17164.7007035833,"Increasing Batt Cap - Benchmark Chemistry"
2039,"AR",9635.04357220988,"Increasing Batt Cap - Benchmark Chemistry"
2039,"AZ",31450.3444173035,"Increasing Batt Cap - Benchmark Chemistry"
2039,"BC",17122.338677964,"Increasing Batt Cap - Benchmark Chemistry"
2039,"CA",232479.379330699,"Increasing Batt Cap - Benchmark Chemistry"
2039,"CO",28874.4275301539,"Increasing Batt Cap - Benchmark Chemistry"
2039,"CT",13269.3957982407,"Increasing Batt Cap - Benchmark Chemistry"
2039,"DC",2540.87569336984,"Increasing Batt Cap - Benchmark Chemistry"
2039,"DE",4237.35376014846,"Increasing Batt Cap - Benchmark Chemistry"
2039,"FL",90256.2581149356,"Increasing Batt Cap - Benchmark Chemistry"
2039,"GA",42786.2848924726,"Increasing Batt Cap - Benchmark Chemistry"
2039,"HI",6603.52798270798,"Increasing Batt Cap - Benchmark Chemistry"
2039,"IA",10944.5028599006,"Increasing Batt Cap - Benchmark Chemistry"
2039,"ID",7793.63056097281,"Increasing Batt Cap - Benchmark Chemistry"
2039,"IL",43463.1019350932,"Increasing Batt Cap - Benchmark Chemistry"
2039,"IN",23393.4340975455,"Increasing Batt Cap - Benchmark Chemistry"
2039,"KS",10106.6818772217,"Increasing Batt Cap - Benchmark Chemistry"
2039,"KY",14909.8273998947,"Increasing Batt Cap - Benchmark Chemistry"
2039,"LA",14126.8122587013,"Increasing Batt Cap - Benchmark Chemistry"
2039,"MA",28542.95678455,"Increasing Batt Cap - Benchmark Chemistry"
2039,"MB",2309.45087639683,"Increasing Batt Cap - Benchmark Chemistry"
2039,"MD",25880.9300513624,"Increasing Batt Cap - Benchmark Chemistry"
2039,"ME",4864.63037189042,"Increasing Batt Cap - Benchmark Chemistry"
2039,"MI",32972.7223443214,"Increasing Batt Cap - Benchmark Chemistry"
2039,"MN",21297.0272698789,"Increasing Batt Cap - Benchmark Chemistry"
2039,"MO",21003.3910491978,"Increasing Batt Cap - Benchmark Chemistry"
2039,"MS",9413.61570533559,"Increasing Batt Cap - Benchmark Chemistry"
2039,"MT",3854.74518471312,"Increasing Batt Cap - Benchmark Chemistry"
2039,"MX",60079.3072444596,"Increasing Batt Cap - Benchmark Chemistry"
2039,"NB",1578.44429188971,"Increasing Batt Cap - Benchmark Chemistry"
2039,"NC",39371.0019347652,"Increasing Batt Cap - Benchmark Chemistry"
2039,"ND",2877.94085700019,"Increasing Batt Cap - Benchmark Chemistry"
2039,"NE",7045.5751732302,"Increasing Batt Cap - Benchmark Chemistry"
2039,"NH",5344.70323493452,"Increasing Batt Cap - Benchmark Chemistry"
2039,"NJ",38463.5731617736,"Increasing Batt Cap - Benchmark Chemistry"
2039,"NL",908.260374948929,"Increasing Batt Cap - Benchmark Chemistry"
2039,"NM",7412.23302028859,"Increasing Batt Cap - Benchmark Chemistry"
2039,"NS",1800.3142387424,"Increasing Batt Cap - Benchmark Chemistry"
2039,"NT",54.3657172460034,"Increasing Batt Cap - Benchmark Chemistry"
2039,"NU",0,"Increasing Batt Cap - Benchmark Chemistry"
2039,"NV",13926.8070811412,"Increasing Batt Cap - Benchmark Chemistry"
2039,"NY",63275.6226171657,"Increasing Batt Cap - Benchmark Chemistry"
2039,"OH",40441.6834708733,"Increasing Batt Cap - Benchmark Chemistry"
2039,"OK",14530.0283442828,"Increasing Batt Cap - Benchmark Chemistry"
2039,"ON",31260.479551569,"Increasing Batt Cap - Benchmark Chemistry"
2039,"OR",20306.315707858,"Increasing Batt Cap - Benchmark Chemistry"
2039,"PA",47420.5060988816,"Increasing Batt Cap - Benchmark Chemistry"
2039,"PE",329.369273941153,"Increasing Batt Cap - Benchmark Chemistry"
2039,"QC",26543.9544825333,"Increasing Batt Cap - Benchmark Chemistry"
2039,"RI",3775.19802922305,"Increasing Batt Cap - Benchmark Chemistry"
2039,"SC",19508.5430709921,"Increasing Batt Cap - Benchmark Chemistry"
2039,"SD",3173.85923384027,"Increasing Batt Cap - Benchmark Chemistry"
2039,"SK",2197.32014223899,"Increasing Batt Cap - Benchmark Chemistry"
2039,"TN",25663.6781371703,"Increasing Batt Cap - Benchmark Chemistry"
2039,"TX",118760.082291982,"Increasing Batt Cap - Benchmark Chemistry"
2039,"UT",14922.9462187669,"Increasing Batt Cap - Benchmark Chemistry"
2039,"VA",36296.3745384,"Increasing Batt Cap - Benchmark Chemistry"
2039,"VT",2658.77253187583,"Increasing Batt Cap - Benchmark Chemistry"
2039,"WA",39357.320596003,"Increasing Batt Cap - Benchmark Chemistry"
2039,"WI",20082.1489202335,"Increasing Batt Cap - Benchmark Chemistry"
2039,"WV",5265.8049906287,"Increasing Batt Cap - Benchmark Chemistry"
2039,"WY",1985.25964222246,"Increasing Batt Cap - Benchmark Chemistry"
2039,"YT",98.5736232199698,"Increasing Batt Cap - Benchmark Chemistry"
2040,"AB",13361.048602381,"Increasing Batt Cap - Benchmark Chemistry"
2040,"AK",3019.84080848109,"Increasing Batt Cap - Benchmark Chemistry"
2040,"AL",21721.4409395532,"Increasing Batt Cap - Benchmark Chemistry"
2040,"AR",12138.8946393856,"Increasing Batt Cap - Benchmark Chemistry"
2040,"AZ",37910.5880119536,"Increasing Batt Cap - Benchmark Chemistry"
2040,"BC",18803.2283593837,"Increasing Batt Cap - Benchmark Chemistry"
2040,"CA",261684.607295974,"Increasing Batt Cap - Benchmark Chemistry"
2040,"CO",34397.2738815122,"Increasing Batt Cap - Benchmark Chemistry"
2040,"CT",16022.4859627724,"Increasing Batt Cap - Benchmark Chemistry"
2040,"DC",2969.0467113156,"Increasing Batt Cap - Benchmark Chemistry"
2040,"DE",5235.75971181967,"Increasing Batt Cap - Benchmark Chemistry"
2040,"FL",109399.183646072,"Increasing Batt Cap - Benchmark Chemistry"
2040,"GA",52526.4456403695,"Increasing Batt Cap - Benchmark Chemistry"
2040,"HI",7652.96693464381,"Increasing Batt Cap - Benchmark Chemistry"
2040,"IA",13821.1499296947,"Increasing Batt Cap - Benchmark Chemistry"
2040,"ID",9900.49291158169,"Increasing Batt Cap - Benchmark Chemistry"
2040,"IL",52798.9694209051,"Increasing Batt Cap - Benchmark Chemistry"
2040,"IN",29305.3572470259,"Increasing Batt Cap - Benchmark Chemistry"
2040,"KS",12652.5989060867,"Increasing Batt Cap - Benchmark Chemistry"
2040,"KY",18824.2800556446,"Increasing Batt Cap - Benchmark Chemistry"
2040,"LA",17847.0936381966,"Increasing Batt Cap - Benchmark Chemistry"
2040,"MA",34227.9757383884,"Increasing Batt Cap - Benchmark Chemistry"
2040,"MB",3120.22093779702,"Increasing Batt Cap - Benchmark Chemistry"
2040,"MD",31045.680798976,"Increasing Batt Cap - Benchmark Chemistry"
2040,"ME",6048.5369858824,"Increasing Batt Cap - Benchmark Chemistry"
2040,"MI",40745.4250535623,"Increasing Batt Cap - Benchmark Chemistry"
2040,"MN",26362.9395988369,"Increasing Batt Cap - Benchmark Chemistry"
2040,"MO",26235.1153371019,"Increasing Batt Cap - Benchmark Chemistry"
2040,"MS",11998.9389624898,"Increasing Batt Cap - Benchmark Chemistry"
2040,"MT",4792.180837716,"Increasing Batt Cap - Benchmark Chemistry"
2040,"MX",83228.6643529943,"Increasing Batt Cap - Benchmark Chemistry"
2040,"NB",2138.2756379886,"Increasing Batt Cap - Benchmark Chemistry"
2040,"NC",48652.8820579868,"Increasing Batt Cap - Benchmark Chemistry"
2040,"ND",3708.15002121575,"Increasing Batt Cap - Benchmark Chemistry"
2040,"NE",8870.39072891357,"Increasing Batt Cap - Benchmark Chemistry"
2040,"NH",6641.7952111351,"Increasing Batt Cap - Benchmark Chemistry"
2040,"NJ",45492.5574491017,"Increasing Batt Cap - Benchmark Chemistry"
2040,"NL",1241.71595904593,"Increasing Batt Cap - Benchmark Chemistry"
2040,"NM",9227.121402701,"Increasing Batt Cap - Benchmark Chemistry"
2040,"NS",2425.70638164196,"Increasing Batt Cap - Benchmark Chemistry"
2040,"NT",72.3196351543985,"Increasing Batt Cap - Benchmark Chemistry"
2040,"NU",0,"Increasing Batt Cap - Benchmark Chemistry"
2040,"NV",16600.0468738299,"Increasing Batt Cap - Benchmark Chemistry"
2040,"NY",76093.8057825272,"Increasing Batt Cap - Benchmark Chemistry"
2040,"OH",50506.5314114724,"Increasing Batt Cap - Benchmark Chemistry"
2040,"OK",18048.7700298299,"Increasing Batt Cap - Benchmark Chemistry"
2040,"ON",39090.424146302,"Increasing Batt Cap - Benchmark Chemistry"
2040,"OR",23921.3109027773,"Increasing Batt Cap - Benchmark Chemistry"
2040,"PA",58232.4262047534,"Increasing Batt Cap - Benchmark Chemistry"
2040,"PE",425.570536431527,"Increasing Batt Cap - Benchmark Chemistry"
2040,"QC",29767.9190129493,"Increasing Batt Cap - Benchmark Chemistry"
2040,"RI",4631.00559627214,"Increasing Batt Cap - Benchmark Chemistry"
2040,"SC",24670.7633410717,"Increasing Batt Cap - Benchmark Chemistry"
2040,"SD",4059.0712022525,"Increasing Batt Cap - Benchmark Chemistry"
2040,"SK",3014.16521556587,"Increasing Batt Cap - Benchmark Chemistry"
2040,"TN",32177.4324778497,"Increasing Batt Cap - Benchmark Chemistry"
2040,"TX",147515.681622151,"Increasing Batt Cap - Benchmark Chemistry"
2040,"UT",18165.1319081939,"Increasing Batt Cap - Benchmark Chemistry"
2040,"VA",44590.0107107822,"Increasing Batt Cap - Benchmark Chemistry"
2040,"VT",3180.6130659438,"Increasing Batt Cap - Benchmark Chemistry"
2040,"WA",46304.6484033508,"Increasing Batt Cap - Benchmark Chemistry"
2040,"WI",25072.6615416455,"Increasing Batt Cap - Benchmark Chemistry"
2040,"WV",6668.12274940211,"Increasing Batt Cap - Benchmark Chemistry"
2040,"WY",2534.08156809921,"Increasing Batt Cap - Benchmark Chemistry"
2040,"YT",130.17017476534,"Increasing Batt Cap - Benchmark Chemistry"
2041,"AB",17683.3829812034,"Increasing Batt Cap - Benchmark Chemistry"
2041,"AK",3698.44435918543,"Increasing Batt Cap - Benchmark Chemistry"
2041,"AL",26777.2475779889,"Increasing Batt Cap - Benchmark Chemistry"
2041,"AR",14953.8432752486,"Increasing Batt Cap - Benchmark Chemistry"
2041,"AZ",45094.7597248792,"Increasing Batt Cap - Benchmark Chemistry"
2041,"BC",20961.0005300965,"Increasing Batt Cap - Benchmark Chemistry"
2041,"CA",290772.003983911,"Increasing Batt Cap - Benchmark Chemistry"
2041,"CO",40385.4651292214,"Increasing Batt Cap - Benchmark Chemistry"
2041,"CT",19036.8442598794,"Increasing Batt Cap - Benchmark Chemistry"
2041,"DC",3422.8791803014,"Increasing Batt Cap - Benchmark Chemistry"
2041,"DE",6330.18025472786,"Increasing Batt Cap - Benchmark Chemistry"
2041,"FL",131013.799509394,"Increasing Batt Cap - Benchmark Chemistry"
2041,"GA",63310.0950343549,"Increasing Batt Cap - Benchmark Chemistry"
2041,"HI",8825.35011662222,"Increasing Batt Cap - Benchmark Chemistry"
2041,"IA",17024.2670291025,"Increasing Batt Cap - Benchmark Chemistry"
2041,"ID",12272.4176775107,"Increasing Batt Cap - Benchmark Chemistry"
2041,"IL",63201.4184755227,"Increasing Batt Cap - Benchmark Chemistry"
2041,"IN",35874.2282112913,"Increasing Batt Cap - Benchmark Chemistry"
2041,"KS",15471.9568355051,"Increasing Batt Cap - Benchmark Chemistry"
2041,"KY",23147.8501912199,"Increasing Batt Cap - Benchmark Chemistry"
2041,"LA",21981.0573740404,"Increasing Batt Cap - Benchmark Chemistry"
2041,"MA",40480.3037646935,"Increasing Batt Cap - Benchmark Chemistry"
2041,"MB",4083.38372590674,"Increasing Batt Cap - Benchmark Chemistry"
2041,"MD",36643.761408675,"Increasing Batt Cap - Benchmark Chemistry"
2041,"ME",7371.45728687981,"Increasing Batt Cap - Benchmark Chemistry"
2041,"MI",49433.6444980295,"Increasing Batt Cap - Benchmark Chemistry"
2041,"MN",32062.6834735369,"Increasing Batt Cap - Benchmark Chemistry"
2041,"MO",32021.7283871778,"Increasing Batt Cap - Benchmark Chemistry"
2041,"MS",14892.573489276,"Increasing Batt Cap - Benchmark Chemistry"
2041,"MT",5823.75560652043,"Increasing Batt Cap - Benchmark Chemistry"
2041,"MX",111806.284270527,"Increasing Batt Cap - Benchmark Chemistry"
2041,"NB",2816.28624188281,"Increasing Batt Cap - Benchmark Chemistry"
2041,"NC",58877.8644575483,"Increasing Batt Cap - Benchmark Chemistry"
2041,"ND",4643.4479288694,"Increasing Batt Cap - Benchmark Chemistry"
2041,"NE",10919.0552137718,"Increasing Batt Cap - Benchmark Chemistry"
2041,"NH",8076.05589633394,"Increasing Batt Cap - Benchmark Chemistry"
2041,"NJ",53165.6144770661,"Increasing Batt Cap - Benchmark Chemistry"
2041,"NL",1618.36028321601,"Increasing Batt Cap - Benchmark Chemistry"
2041,"NM",11212.9031877985,"Increasing Batt Cap - Benchmark Chemistry"
2041,"NS",3161.18378318234,"Increasing Batt Cap - Benchmark Chemistry"
2041,"NT",99.1701067601562,"Increasing Batt Cap - Benchmark Chemistry"
2041,"NU",0,"Increasing Batt Cap - Benchmark Chemistry"
2041,"NV",19603.5696853056,"Increasing Batt Cap - Benchmark Chemistry"
2041,"NY",90263.3024513186,"Increasing Batt Cap - Benchmark Chemistry"
2041,"OH",61675.2187163688,"Increasing Batt Cap - Benchmark Chemistry"
2041,"OK",22016.8889893198,"Increasing Batt Cap - Benchmark Chemistry"
2041,"ON",48767.290850182,"Increasing Batt Cap - Benchmark Chemistry"
2041,"OR",27766.7277821021,"Increasing Batt Cap - Benchmark Chemistry"
2041,"PA",69793.5493416854,"Increasing Batt Cap - Benchmark Chemistry"
2041,"PE",558.433084744897,"Increasing Batt Cap - Benchmark Chemistry"
2041,"QC",33586.6965853663,"Increasing Batt Cap - Benchmark Chemistry"
2041,"RI",5596.05401534316,"Increasing Batt Cap - Benchmark Chemistry"
2041,"SC",30424.9834921107,"Increasing Batt Cap - Benchmark Chemistry"
2041,"SD",5053.20484896411,"Increasing Batt Cap - Benchmark Chemistry"
2041,"SK",4015.80412409728,"Increasing Batt Cap - Benchmark Chemistry"
2041,"TN",39437.1748268284,"Increasing Batt Cap - Benchmark Chemistry"
2041,"TX",180033.099305952,"Increasing Batt Cap - Benchmark Chemistry"
2041,"UT",21728.8116772964,"Increasing Batt Cap - Benchmark Chemistry"
2041,"VA",53807.5520069661,"Increasing Batt Cap - Benchmark Chemistry"
2041,"VT",3763.90954005554,"Increasing Batt Cap - Benchmark Chemistry"
2041,"WA",53978.394720213,"Increasing Batt Cap - Benchmark Chemistry"
2041,"WI",30679.8378925961,"Increasing Batt Cap - Benchmark Chemistry"
2041,"WV",8191.23885341383,"Increasing Batt Cap - Benchmark Chemistry"
2041,"WY",3133.73594970617,"Increasing Batt Cap - Benchmark Chemistry"
2041,"YT",170.345593888775,"Increasing Batt Cap - Benchmark Chemistry"
2042,"AB",22721.3859831023,"Increasing Batt Cap - Benchmark Chemistry"
2042,"AK",4408.92202674096,"Increasing Batt Cap - Benchmark Chemistry"
2042,"AL",32214.9971350032,"Increasing Batt Cap - Benchmark Chemistry"
2042,"AR",17960.8573938722,"Increasing Batt Cap - Benchmark Chemistry"
2042,"AZ",53089.2263932651,"Increasing Batt Cap - Benchmark Chemistry"
2042,"BC",23903.1429424345,"Increasing Batt Cap - Benchmark Chemistry"
2042,"CA",322511.848889764,"Increasing Batt Cap - Benchmark Chemistry"
2042,"CO",46890.4182494905,"Increasing Batt Cap - Benchmark Chemistry"
2042,"CT",22338.9381335927,"Increasing Batt Cap - Benchmark Chemistry"
2042,"DC",3939.30637636934,"Increasing Batt Cap - Benchmark Chemistry"
2042,"DE",7555.72882515595,"Increasing Batt Cap - Benchmark Chemistry"
2042,"FL",155557.444604212,"Increasing Batt Cap - Benchmark Chemistry"
2042,"GA",75181.5588682345,"Increasing Batt Cap - Benchmark Chemistry"
2042,"HI",10207.8565185599,"Increasing Batt Cap - Benchmark Chemistry"
2042,"IA",20499.5335921175,"Increasing Batt Cap - Benchmark Chemistry"
2042,"ID",14859.6431543145,"Increasing Batt Cap - Benchmark Chemistry"
2042,"IL",74835.634430203,"Increasing Batt Cap - Benchmark Chemistry"
2042,"IN",42988.1590287538,"Increasing Batt Cap - Benchmark Chemistry"
2042,"KS",18517.3966585624,"Increasing Batt Cap - Benchmark Chemistry"
2042,"KY",27814.8693564966,"Increasing Batt Cap - Benchmark Chemistry"
2042,"LA",26488.0228317433,"Increasing Batt Cap - Benchmark Chemistry"
2042,"MA",47471.207885451,"Increasing Batt Cap - Benchmark Chemistry"
2042,"MB",5194.78890634444,"Increasing Batt Cap - Benchmark Chemistry"
2042,"MD",42774.4065091185,"Increasing Batt Cap - Benchmark Chemistry"
2042,"ME",8860.10729991617,"Increasing Batt Cap - Benchmark Chemistry"
2042,"MI",58969.2058550353,"Increasing Batt Cap - Benchmark Chemistry"
2042,"MN",38369.752910788,"Increasing Batt Cap - Benchmark Chemistry"
2042,"MO",38304.2679901277,"Increasing Batt Cap - Benchmark Chemistry"
2042,"MS",17950.6832478663,"Increasing Batt Cap - Benchmark Chemistry"
2042,"MT",6932.63616778699,"Increasing Batt Cap - Benchmark Chemistry"
2042,"MX",145648.894906233,"Increasing Batt Cap - Benchmark Chemistry"
2042,"NB",3578.76873507125,"Increasing Batt Cap - Benchmark Chemistry"
2042,"NC",69999.3288277429,"Increasing Batt Cap - Benchmark Chemistry"
2042,"ND",5685.78325042851,"Increasing Batt Cap - Benchmark Chemistry"
2042,"NE",13128.1545520591,"Increasing Batt Cap - Benchmark Chemistry"
2042,"NH",9673.24459125465,"Increasing Batt Cap - Benchmark Chemistry"
2042,"NJ",61775.2835308564,"Increasing Batt Cap - Benchmark Chemistry"
2042,"NL",2046.62515350764,"Increasing Batt Cap - Benchmark Chemistry"
2042,"NM",13375.3625217917,"Increasing Batt Cap - Benchmark Chemistry"
2042,"NS",3984.47347783985,"Increasing Batt Cap - Benchmark Chemistry"
2042,"NT",122.546117706392,"Increasing Batt Cap - Benchmark Chemistry"
2042,"NU",0,"Increasing Batt Cap - Benchmark Chemistry"
2042,"NV",22946.9945093779,"Increasing Batt Cap - Benchmark Chemistry"
2042,"NY",106006.997131027,"Increasing Batt Cap - Benchmark Chemistry"
2042,"OH",73776.8561748955,"Increasing Batt Cap - Benchmark Chemistry"
2042,"OK",26481.3532260234,"Increasing Batt Cap - Benchmark Chemistry"
2042,"ON",60213.8851557281,"Increasing Batt Cap - Benchmark Chemistry"
2042,"OR",31874.2276831424,"Increasing Batt Cap - Benchmark Chemistry"
2042,"PA",81859.5090377982,"Increasing Batt Cap - Benchmark Chemistry"
2042,"PE",709.606673920736,"Increasing Batt Cap - Benchmark Chemistry"
2042,"QC",38439.7475606772,"Increasing Batt Cap - Benchmark Chemistry"
2042,"RI",6653.63862786127,"Increasing Batt Cap - Benchmark Chemistry"
2042,"SC",36659.4206984621,"Increasing Batt Cap - Benchmark Chemistry"
2042,"SD",6108.11156440551,"Increasing Batt Cap - Benchmark Chemistry"
2042,"SK",5172.32110530014,"Increasing Batt Cap - Benchmark Chemistry"
2042,"TN",47351.0525998383,"Increasing Batt Cap - Benchmark Chemistry"
2042,"TX",216428.002581399,"Increasing Batt Cap - Benchmark Chemistry"
2042,"UT",25747.1763924609,"Increasing Batt Cap - Benchmark Chemistry"
2042,"VA",63974.2628156558,"Increasing Batt Cap - Benchmark Chemistry"
2042,"VT",4409.64400101423,"Increasing Batt Cap - Benchmark Chemistry"
2042,"WA",62647.8474582488,"Increasing Batt Cap - Benchmark Chemistry"
2042,"WI",36820.1291749033,"Increasing Batt Cap - Benchmark Chemistry"
2042,"WV",9841.83555644294,"Increasing Batt Cap - Benchmark Chemistry"
2042,"WY",3780.03123171786,"Increasing Batt Cap - Benchmark Chemistry"
2042,"YT",219.651541527677,"Increasing Batt Cap - Benchmark Chemistry"
2043,"AB",28455.4327913504,"Increasing Batt Cap - Benchmark Chemistry"
2043,"AK",5172.77213174764,"Increasing Batt Cap - Benchmark Chemistry"
2043,"AL",38030.5528170329,"Increasing Batt Cap - Benchmark Chemistry"
2043,"AR",21214.0271000191,"Increasing Batt Cap - Benchmark Chemistry"
2043,"AZ",61973.919236457,"Increasing Batt Cap - Benchmark Chemistry"
2043,"BC",27834.2370917667,"Increasing Batt Cap - Benchmark Chemistry"
2043,"CA",360047.477738124,"Increasing Batt Cap - Benchmark Chemistry"
2043,"CO",54207.4918518876,"Increasing Batt Cap - Benchmark Chemistry"
2043,"CT",25984.5840711023,"Increasing Batt Cap - Benchmark Chemistry"
2043,"DC",4520.18391533002,"Increasing Batt Cap - Benchmark Chemistry"
2043,"DE",8874.50719122662,"Increasing Batt Cap - Benchmark Chemistry"
2043,"FL",183322.768955986,"Increasing Batt Cap - Benchmark Chemistry"
2043,"GA",88147.1788201229,"Increasing Batt Cap - Benchmark Chemistry"
2043,"HI",11759.5216504537,"Increasing Batt Cap - Benchmark Chemistry"
2043,"IA",24225.3122763934,"Increasing Batt Cap - Benchmark Chemistry"
2043,"ID",17671.2156887754,"Increasing Batt Cap - Benchmark Chemistry"
2043,"IL",87684.4736016422,"Increasing Batt Cap - Benchmark Chemistry"
2043,"IN",50607.4812878462,"Increasing Batt Cap - Benchmark Chemistry"
2043,"KS",21719.991097047,"Increasing Batt Cap - Benchmark Chemistry"
2043,"KY",32715.2150389464,"Increasing Batt Cap - Benchmark Chemistry"
2043,"LA",31305.8897161638,"Increasing Batt Cap - Benchmark Chemistry"
2043,"MA",55306.516085546,"Increasing Batt Cap - Benchmark Chemistry"
2043,"MB",6469.48882482663,"Increasing Batt Cap - Benchmark Chemistry"
2043,"MD",49564.7712247824,"Increasing Batt Cap - Benchmark Chemistry"
2043,"ME",10477.1862755471,"Increasing Batt Cap - Benchmark Chemistry"
2043,"MI",69311.4498460019,"Increasing Batt Cap - Benchmark Chemistry"
2043,"MN",45262.4763666616,"Increasing Batt Cap - Benchmark Chemistry"
2043,"MO",45046.6835588686,"Increasing Batt Cap - Benchmark Chemistry"
2043,"MS",21168.5046937863,"Increasing Batt Cap - Benchmark Chemistry"
2043,"MT",8126.99398820765,"Increasing Batt Cap - Benchmark Chemistry"
2043,"MX",184279.182738651,"Increasing Batt Cap - Benchmark Chemistry"
2043,"NB",4420.19317209087,"Increasing Batt Cap - Benchmark Chemistry"
2043,"NC",82043.0509045141,"Increasing Batt Cap - Benchmark Chemistry"
2043,"ND",6783.70713034456,"Increasing Batt Cap - Benchmark Chemistry"
2043,"NE",15495.3792889033,"Increasing Batt Cap - Benchmark Chemistry"
2043,"NH",11441.9569276367,"Increasing Batt Cap - Benchmark Chemistry"
2043,"NJ",71493.0426232429,"Increasing Batt Cap - Benchmark Chemistry"
2043,"NL",2530.38930579929,"Increasing Batt Cap - Benchmark Chemistry"
2043,"NM",15701.8672993333,"Increasing Batt Cap - Benchmark Chemistry"
2043,"NS",4900.25398189743,"Increasing Batt Cap - Benchmark Chemistry"
2043,"NT",159.097914848578,"Increasing Batt Cap - Benchmark Chemistry"
2043,"NU",0,"Increasing Batt Cap - Benchmark Chemistry"
2043,"NV",26726.2633062617,"Increasing Batt Cap - Benchmark Chemistry"
2043,"NY",123445.348702426,"Increasing Batt Cap - Benchmark Chemistry"
2043,"OH",86729.1133387441,"Increasing Batt Cap - Benchmark Chemistry"
2043,"OK",31414.2802991529,"Increasing Batt Cap - Benchmark Chemistry"
2043,"ON",73583.0944763882,"Increasing Batt Cap - Benchmark Chemistry"
2043,"OR",36396.373892863,"Increasing Batt Cap - Benchmark Chemistry"
2043,"PA",94537.8270020861,"Increasing Batt Cap - Benchmark Chemistry"
2043,"PE",868.307112792044,"Increasing Batt Cap - Benchmark Chemistry"
2043,"QC",44669.3295756436,"Increasing Batt Cap - Benchmark Chemistry"
2043,"RI",7804.22585386331,"Increasing Batt Cap - Benchmark Chemistry"
2043,"SC",43363.8753251118,"Increasing Batt Cap - Benchmark Chemistry"
2043,"SD",7239.38249735372,"Increasing Batt Cap - Benchmark Chemistry"
2043,"SK",6497.81055902329,"Increasing Batt Cap - Benchmark Chemistry"
2043,"TN",55903.458742447,"Increasing Batt Cap - Benchmark Chemistry"
2043,"TX",256856.536567812,"Increasing Batt Cap - Benchmark Chemistry"
2043,"UT",30240.0259748473,"Increasing Batt Cap - Benchmark Chemistry"
2043,"VA",75202.5595306904,"Increasing Batt Cap - Benchmark Chemistry"
2043,"VT",5149.81972690583,"Increasing Batt Cap - Benchmark Chemistry"
2043,"WA",72447.0957735632,"Increasing Batt Cap - Benchmark Chemistry"
2043,"WI",43516.937292685,"Increasing Batt Cap - Benchmark Chemistry"
2043,"WV",11595.1499284901,"Increasing Batt Cap - Benchmark Chemistry"
2043,"WY",4450.25883484259,"Increasing Batt Cap - Benchmark Chemistry"
2043,"YT",270.473296762402,"Increasing Batt Cap - Benchmark Chemistry"
2044,"AB",34864.4998458541,"Increasing Batt Cap - Benchmark Chemistry"
2044,"AK",6035.39751841725,"Increasing Batt Cap - Benchmark Chemistry"
2044,"AL",44083.4454486792,"Increasing Batt Cap - Benchmark Chemistry"
2044,"AR",24600.1419274141,"Increasing Batt Cap - Benchmark Chemistry"
2044,"AZ",71849.0968555946,"Increasing Batt Cap - Benchmark Chemistry"
2044,"BC",32867.6010944344,"Increasing Batt Cap - Benchmark Chemistry"
2044,"CA",404705.887919758,"Increasing Batt Cap - Benchmark Chemistry"
2044,"CO",62550.2122164128,"Increasing Batt Cap - Benchmark Chemistry"
2044,"CT",29900.2946847256,"Increasing Batt Cap - Benchmark Chemistry"
2044,"DC",5185.03177415385,"Increasing Batt Cap - Benchmark Chemistry"
2044,"DE",10346.2462084409,"Increasing Batt Cap - Benchmark Chemistry"
2044,"FL",214755.934456081,"Increasing Batt Cap - Benchmark Chemistry"
2044,"GA",102231.60855848,"Increasing Batt Cap - Benchmark Chemistry"
2044,"HI",13558.0682206987,"Increasing Batt Cap - Benchmark Chemistry"
2044,"IA",28139.485278212,"Increasing Batt Cap - Benchmark Chemistry"
2044,"ID",20768.1480050409,"Increasing Batt Cap - Benchmark Chemistry"
2044,"IL",101483.78805631,"Increasing Batt Cap - Benchmark Chemistry"
2044,"IN",58629.9724733134,"Increasing Batt Cap - Benchmark Chemistry"
2044,"KS",25075.0346919055,"Increasing Batt Cap - Benchmark Chemistry"
2044,"KY",37860.1809308003,"Increasing Batt Cap - Benchmark Chemistry"
2044,"LA",36384.1527283864,"Increasing Batt Cap - Benchmark Chemistry"
2044,"MA",64095.18037503,"Increasing Batt Cap - Benchmark Chemistry"
2044,"MB",7924.38884179641,"Increasing Batt Cap - Benchmark Chemistry"
2044,"MD",57094.0367496194,"Increasing Batt Cap - Benchmark Chemistry"
2044,"ME",12203.7694611804,"Increasing Batt Cap - Benchmark Chemistry"
2044,"MI",80365.5835335697,"Increasing Batt Cap - Benchmark Chemistry"
2044,"MN",52740.6225065555,"Increasing Batt Cap - Benchmark Chemistry"
2044,"MO",52150.3695481233,"Increasing Batt Cap - Benchmark Chemistry"
2044,"MS",24436.4763234623,"Increasing Batt Cap - Benchmark Chemistry"
2044,"MT",9377.26641334943,"Increasing Batt Cap - Benchmark Chemistry"
2044,"MX",227218.942585515,"Increasing Batt Cap - Benchmark Chemistry"
2044,"NB",5346.99679116553,"Increasing Batt Cap - Benchmark Chemistry"
2044,"NC",94990.7014929923,"Increasing Batt Cap - Benchmark Chemistry"
2044,"ND",7995.88972345342,"Increasing Batt Cap - Benchmark Chemistry"
2044,"NE",18023.8391370293,"Increasing Batt Cap - Benchmark Chemistry"
2044,"NH",13389.2091083416,"Increasing Batt Cap - Benchmark Chemistry"
2044,"NJ",82351.807679284,"Increasing Batt Cap - Benchmark Chemistry"
2044,"NL",3076.06168921208,"Increasing Batt Cap - Benchmark Chemistry"
2044,"NM",18103.7531332117,"Increasing Batt Cap - Benchmark Chemistry"
2044,"NS",5928.17114531693,"Increasing Batt Cap - Benchmark Chemistry"
2044,"NT",194.018882583286,"Increasing Batt Cap - Benchmark Chemistry"
2044,"NU",0,"Increasing Batt Cap - Benchmark Chemistry"
2044,"NV",31015.4249470527,"Increasing Batt Cap - Benchmark Chemistry"
2044,"NY",142472.510512726,"Increasing Batt Cap - Benchmark Chemistry"
2044,"OH",100334.852430941,"Increasing Batt Cap - Benchmark Chemistry"
2044,"OK",36831.2605511809,"Increasing Batt Cap - Benchmark Chemistry"
2044,"ON",89029.7902739437,"Increasing Batt Cap - Benchmark Chemistry"
2044,"OR",41404.7059491301,"Increasing Batt Cap - Benchmark Chemistry"
2044,"PA",107656.4510478,"Increasing Batt Cap - Benchmark Chemistry"
2044,"PE",1047.14359940278,"Increasing Batt Cap - Benchmark Chemistry"
2044,"QC",52411.2009786606,"Increasing Batt Cap - Benchmark Chemistry"
2044,"RI",9087.56729138638,"Increasing Batt Cap - Benchmark Chemistry"
2044,"SC",50560.5933997081,"Increasing Batt Cap - Benchmark Chemistry"
2044,"SD",8451.28957543731,"Increasing Batt Cap - Benchmark Chemistry"
2044,"SK",7969.55753401717,"Increasing Batt Cap - Benchmark Chemistry"
2044,"TN",65122.5135672941,"Increasing Batt Cap - Benchmark Chemistry"
2044,"TX",301987.678896975,"Increasing Batt Cap - Benchmark Chemistry"
2044,"UT",35322.8525724941,"Increasing Batt Cap - Benchmark Chemistry"
2044,"VA",87442.4515555094,"Increasing Batt Cap - Benchmark Chemistry"
2044,"VT",5994.101968244,"Increasing Batt Cap - Benchmark Chemistry"
2044,"WA",83667.54561906,"Increasing Batt Cap - Benchmark Chemistry"
2044,"WI",50635.028699565,"Increasing Batt Cap - Benchmark Chemistry"
2044,"WV",13381.3252441329,"Increasing Batt Cap - Benchmark Chemistry"
2044,"WY",5175.32737509569,"Increasing Batt Cap - Benchmark Chemistry"
2044,"YT",330.165256692762,"Increasing Batt Cap - Benchmark Chemistry"
2045,"AB",41948.4675888583,"Increasing Batt Cap - Benchmark Chemistry"
2045,"AK",6905.25939377151,"Increasing Batt Cap - Benchmark Chemistry"
2045,"AL",50525.122748871,"Increasing Batt Cap - Benchmark Chemistry"
2045,"AR",28138.3878004073,"Increasing Batt Cap - Benchmark Chemistry"
2045,"AZ",82591.8226453975,"Increasing Batt Cap - Benchmark Chemistry"
2045,"BC",38873.2220140191,"Increasing Batt Cap - Benchmark Chemistry"
2045,"CA",456984.024725394,"Increasing Batt Cap - Benchmark Chemistry"
2045,"CO",71963.9589103954,"Increasing Batt Cap - Benchmark Chemistry"
2045,"CT",34136.0017572643,"Increasing Batt Cap - Benchmark Chemistry"
2045,"DC",5924.78861555254,"Increasing Batt Cap - Benchmark Chemistry"
2045,"DE",11927.6097898536,"Increasing Batt Cap - Benchmark Chemistry"
2045,"FL",249537.373418816,"Increasing Batt Cap - Benchmark Chemistry"
2045,"GA",117409.23833126,"Increasing Batt Cap - Benchmark Chemistry"
2045,"HI",15521.9142277331,"Increasing Batt Cap - Benchmark Chemistry"
2045,"IA",32281.9076657087,"Increasing Batt Cap - Benchmark Chemistry"
2045,"ID",24118.8176480586,"Increasing Batt Cap - Benchmark Chemistry"
2045,"IL",116342.036991392,"Increasing Batt Cap - Benchmark Chemistry"
2045,"IN",67102.1063836459,"Increasing Batt Cap - Benchmark Chemistry"
2045,"KS",28578.7308340503,"Increasing Batt Cap - Benchmark Chemistry"
2045,"KY",43227.7412905401,"Increasing Batt Cap - Benchmark Chemistry"
2045,"LA",41735.2522681028,"Increasing Batt Cap - Benchmark Chemistry"
2045,"MA",73836.8551905794,"Increasing Batt Cap - Benchmark Chemistry"
2045,"MB",9519.5425524463,"Increasing Batt Cap - Benchmark Chemistry"
2045,"MD",65327.2075504263,"Increasing Batt Cap - Benchmark Chemistry"
2045,"ME",14051.227165408,"Increasing Batt Cap - Benchmark Chemistry"
2045,"MI",92242.6427069074,"Increasing Batt Cap - Benchmark Chemistry"
2045,"MN",60778.5214284216,"Increasing Batt Cap - Benchmark Chemistry"
2045,"MO",59701.8627409197,"Increasing Batt Cap - Benchmark Chemistry"
2045,"MS",27838.7997375242,"Increasing Batt Cap - Benchmark Chemistry"
2045,"MT",10710.4067831514,"Increasing Batt Cap - Benchmark Chemistry"
2045,"MX",273892.988506614,"Increasing Batt Cap - Benchmark Chemistry"
2045,"NB",6350.47689552543,"Increasing Batt Cap - Benchmark Chemistry"
2045,"NC",108860.542989813,"Increasing Batt Cap - Benchmark Chemistry"
2045,"ND",9300.40865866772,"Increasing Batt Cap - Benchmark Chemistry"
2045,"NE",20687.9144555861,"Increasing Batt Cap - Benchmark Chemistry"
2045,"NH",15412.8502885615,"Increasing Batt Cap - Benchmark Chemistry"
2045,"NJ",94396.9954445717,"Increasing Batt Cap - Benchmark Chemistry"
2045,"NL",3667.68383094106,"Increasing Batt Cap - Benchmark Chemistry"
2045,"NM",20652.506952942,"Increasing Batt Cap - Benchmark Chemistry"
2045,"NS",7029.53257226807,"Increasing Batt Cap - Benchmark Chemistry"
2045,"NT",237.465197190934,"Increasing Batt Cap - Benchmark Chemistry"
2045,"NU",0,"Increasing Batt Cap - Benchmark Chemistry"
2045,"NV",35744.4895809782,"Increasing Batt Cap - Benchmark Chemistry"
2045,"NY",163311.458400305,"Increasing Batt Cap - Benchmark Chemistry"
2045,"OH",114692.566109915,"Increasing Batt Cap - Benchmark Chemistry"
2045,"OK",42786.419181081,"Increasing Batt Cap - Benchmark Chemistry"
2045,"ON",106343.309285283,"Increasing Batt Cap - Benchmark Chemistry"
2045,"OR",46896.8011301063,"Increasing Batt Cap - Benchmark Chemistry"
2045,"PA",121495.593828498,"Increasing Batt Cap - Benchmark Chemistry"
2045,"PE",1237.85786041318,"Increasing Batt Cap - Benchmark Chemistry"
2045,"QC",61569.8032935954,"Increasing Batt Cap - Benchmark Chemistry"
2045,"RI",10455.4518732194,"Increasing Batt Cap - Benchmark Chemistry"
2045,"SC",58238.4232108732,"Increasing Batt Cap - Benchmark Chemistry"
2045,"SD",9736.87765353086,"Increasing Batt Cap - Benchmark Chemistry"
2045,"SK",9610.9025464471,"Increasing Batt Cap - Benchmark Chemistry"
2045,"TN",74946.6750179683,"Increasing Batt Cap - Benchmark Chemistry"
2045,"TX",351106.354980276,"Increasing Batt Cap - Benchmark Chemistry"
2045,"UT",40931.0915750599,"Increasing Batt Cap - Benchmark Chemistry"
2045,"VA",100711.112963606,"Increasing Batt Cap - Benchmark Chemistry"
2045,"VT",6904.98678318418,"Increasing Batt Cap - Benchmark Chemistry"
2045,"WA",96065.5105208246,"Increasing Batt Cap - Benchmark Chemistry"
2045,"WI",58250.3360276334,"Increasing Batt Cap - Benchmark Chemistry"
2045,"WV",15261.000111499,"Increasing Batt Cap - Benchmark Chemistry"
2045,"WY",5920.50602378291,"Increasing Batt Cap - Benchmark Chemistry"
2045,"YT",394.102308383902,"Increasing Batt Cap - Benchmark Chemistry"
2046,"AB",49769.197611165,"Increasing Batt Cap - Benchmark Chemistry"
2046,"AK",7834.79860796526,"Increasing Batt Cap - Benchmark Chemistry"
2046,"AL",57382.562550657,"Increasing Batt Cap - Benchmark Chemistry"
2046,"AR",31942.9027598654,"Increasing Batt Cap - Benchmark Chemistry"
2046,"AZ",94400.2069580364,"Increasing Batt Cap - Benchmark Chemistry"
2046,"BC",45850.5299170275,"Increasing Batt Cap - Benchmark Chemistry"
2046,"CA",516973.380806139,"Increasing Batt Cap - Benchmark Chemistry"
2046,"CO",82447.8614608106,"Increasing Batt Cap - Benchmark Chemistry"
2046,"CT",38790.5989865325,"Increasing Batt Cap - Benchmark Chemistry"
2046,"DC",6704.18433306173,"Increasing Batt Cap - Benchmark Chemistry"
2046,"DE",13678.7623343794,"Increasing Batt Cap - Benchmark Chemistry"
2046,"FL",287737.741403145,"Increasing Batt Cap - Benchmark Chemistry"
2046,"GA",133883.246150816,"Increasing Batt Cap - Benchmark Chemistry"
2046,"HI",17726.0732543991,"Increasing Batt Cap - Benchmark Chemistry"
2046,"IA",36708.3563963514,"Increasing Batt Cap - Benchmark Chemistry"
2046,"ID",27762.8769737426,"Increasing Batt Cap - Benchmark Chemistry"
2046,"IL",132352.88162519,"Increasing Batt Cap - Benchmark Chemistry"
2046,"IN",76189.2430556094,"Increasing Batt Cap - Benchmark Chemistry"
2046,"KS",32281.5732980432,"Increasing Batt Cap - Benchmark Chemistry"
2046,"KY",48920.7903885712,"Increasing Batt Cap - Benchmark Chemistry"
2046,"LA",47443.4590870854,"Increasing Batt Cap - Benchmark Chemistry"
2046,"MA",84754.7123273092,"Increasing Batt Cap - Benchmark Chemistry"
2046,"MB",11283.3844557908,"Increasing Batt Cap - Benchmark Chemistry"
2046,"MD",74416.1854146705,"Increasing Batt Cap - Benchmark Chemistry"
2046,"ME",16056.3342431784,"Increasing Batt Cap - Benchmark Chemistry"
2046,"MI",105102.643285151,"Increasing Batt Cap - Benchmark Chemistry"
2046,"MN",69527.1678352654,"Increasing Batt Cap - Benchmark Chemistry"
2046,"MO",67855.0255992119,"Increasing Batt Cap - Benchmark Chemistry"
2046,"MS",31400.0256915837,"Increasing Batt Cap - Benchmark Chemistry"
2046,"MT",12131.4336620321,"Increasing Batt Cap - Benchmark Chemistry"
2046,"MX",323639.517296131,"Increasing Batt Cap - Benchmark Chemistry"
2046,"NB",7453.50737526429,"Increasing Batt Cap - Benchmark Chemistry"
2046,"NC",123871.587803761,"Increasing Batt Cap - Benchmark Chemistry"
2046,"ND",10718.7733972877,"Increasing Batt Cap - Benchmark Chemistry"
2046,"NE",23561.8896849986,"Increasing Batt Cap - Benchmark Chemistry"
2046,"NH",17669.8200845605,"Increasing Batt Cap - Benchmark Chemistry"
2046,"NJ",107776.693521416,"Increasing Batt Cap - Benchmark Chemistry"
2046,"NL",4334.24461243038,"Increasing Batt Cap - Benchmark Chemistry"
2046,"NM",23381.6172188959,"Increasing Batt Cap - Benchmark Chemistry"
2046,"NS",8219.3908376567,"Increasing Batt Cap - Benchmark Chemistry"
2046,"NT",283.053846082543,"Increasing Batt Cap - Benchmark Chemistry"
2046,"NU",0,"Increasing Batt Cap - Benchmark Chemistry"
2046,"NV",40963.9004621433,"Increasing Batt Cap - Benchmark Chemistry"
2046,"NY",186111.421091188,"Increasing Batt Cap - Benchmark Chemistry"
2046,"OH",130068.103575457,"Increasing Batt Cap - Benchmark Chemistry"
2046,"OK",49354.5391426273,"Increasing Batt Cap - Benchmark Chemistry"
2046,"ON",125698.189809493,"Increasing Batt Cap - Benchmark Chemistry"
2046,"OR",52943.4383033664,"Increasing Batt Cap - Benchmark Chemistry"
2046,"PA",136287.473807262,"Increasing Batt Cap - Benchmark Chemistry"
2046,"PE",1460.72908604536,"Increasing Batt Cap - Benchmark Chemistry"
2046,"QC",72101.0484445434,"Increasing Batt Cap - Benchmark Chemistry"
2046,"RI",11954.0133558058,"Increasing Batt Cap - Benchmark Chemistry"
2046,"SC",66534.9478775244,"Increasing Batt Cap - Benchmark Chemistry"
2046,"SD",11134.0934035496,"Increasing Batt Cap - Benchmark Chemistry"
2046,"SK",11448.2316720003,"Increasing Batt Cap - Benchmark Chemistry"
2046,"TN",85588.922587577,"Increasing Batt Cap - Benchmark Chemistry"
2046,"TX",404499.137183589,"Increasing Batt Cap - Benchmark Chemistry"
2046,"UT",47076.5075110293,"Increasing Batt Cap - Benchmark Chemistry"
2046,"VA",115174.173624087,"Increasing Batt Cap - Benchmark Chemistry"
2046,"VT",7957.58884847574,"Increasing Batt Cap - Benchmark Chemistry"
2046,"WA",109790.865456284,"Increasing Batt Cap - Benchmark Chemistry"
2046,"WI",66471.6955145106,"Increasing Batt Cap - Benchmark Chemistry"
2046,"WV",17257.5369186513,"Increasing Batt Cap - Benchmark Chemistry"
2046,"WY",6698.7861202372,"Increasing Batt Cap - Benchmark Chemistry"
2046,"YT",473.802910574561,"Increasing Batt Cap - Benchmark Chemistry"
2047,"AB",57997.6183439626,"Increasing Batt Cap - Benchmark Chemistry"
2047,"AK",8806.92387801371,"Increasing Batt Cap - Benchmark Chemistry"
2047,"AL",64376.9415327573,"Increasing Batt Cap - Benchmark Chemistry"
2047,"AR",35822.808109147,"Increasing Batt Cap - Benchmark Chemistry"
2047,"AZ",106702.151110395,"Increasing Batt Cap - Benchmark Chemistry"
2047,"BC",53417.1011605685,"Increasing Batt Cap - Benchmark Chemistry"
2047,"CA",581009.938782491,"Increasing Batt Cap - Benchmark Chemistry"
2047,"CO",93568.7671989138,"Increasing Batt Cap - Benchmark Chemistry"
2047,"CT",43541.7921956477,"Increasing Batt Cap - Benchmark Chemistry"
2047,"DC",7533.71759500017,"Increasing Batt Cap - Benchmark Chemistry"
2047,"DE",15466.8624546265,"Increasing Batt Cap - Benchmark Chemistry"
2047,"FL",327606.431513749,"Increasing Batt Cap - Benchmark Chemistry"
2047,"GA",150982.565649959,"Increasing Batt Cap - Benchmark Chemistry"
2047,"HI",20018.4839271596,"Increasing Batt Cap - Benchmark Chemistry"
2047,"IA",41238.588746444,"Increasing Batt Cap - Benchmark Chemistry"
2047,"ID",31555.727954248,"Increasing Batt Cap - Benchmark Chemistry"
2047,"IL",148891.466288584,"Increasing Batt Cap - Benchmark Chemistry"
2047,"IN",85539.1161244763,"Increasing Batt Cap - Benchmark Chemistry"
2047,"KS",36062.9787561045,"Increasing Batt Cap - Benchmark Chemistry"
2047,"KY",54733.1250507433,"Increasing Batt Cap - Benchmark Chemistry"
2047,"LA",53272.959321907,"Increasing Batt Cap - Benchmark Chemistry"
2047,"MA",96317.2976663538,"Increasing Batt Cap - Benchmark Chemistry"
2047,"MB",13159.7099084244,"Increasing Batt Cap - Benchmark Chemistry"
2047,"MD",83915.4687044467,"Increasing Batt Cap - Benchmark Chemistry"
2047,"ME",18115.9705269605,"Increasing Batt Cap - Benchmark Chemistry"
2047,"MI",118404.101122077,"Increasing Batt Cap - Benchmark Chemistry"
2047,"MN",78559.7529791868,"Increasing Batt Cap - Benchmark Chemistry"
2047,"MO",76291.7582316407,"Increasing Batt Cap - Benchmark Chemistry"
2047,"MS",34992.2361510953,"Increasing Batt Cap - Benchmark Chemistry"
2047,"MT",13607.8171280815,"Increasing Batt Cap - Benchmark Chemistry"
2047,"MX",375599.955342302,"Increasing Batt Cap - Benchmark Chemistry"
2047,"NB",8599.10932948393,"Increasing Batt Cap - Benchmark Chemistry"
2047,"NC",139436.092842585,"Increasing Batt Cap - Benchmark Chemistry"
2047,"ND",12212.8098473146,"Increasing Batt Cap - Benchmark Chemistry"
2047,"NE",26524.6844850153,"Increasing Batt Cap - Benchmark Chemistry"
2047,"NH",19969.9956445781,"Increasing Batt Cap - Benchmark Chemistry"
2047,"NJ",121831.784882052,"Increasing Batt Cap - Benchmark Chemistry"
2047,"NL",5058.64507522916,"Increasing Batt Cap - Benchmark Chemistry"
2047,"NM",26130.0694534368,"Increasing Batt Cap - Benchmark Chemistry"
2047,"NS",9449.5943673146,"Increasing Batt Cap - Benchmark Chemistry"
2047,"NT",332.695702129902,"Increasing Batt Cap - Benchmark Chemistry"
2047,"NU",0,"Increasing Batt Cap - Benchmark Chemistry"
2047,"NV",46389.8404981929,"Increasing Batt Cap - Benchmark Chemistry"
2047,"NY",209883.730557837,"Increasing Batt Cap - Benchmark Chemistry"
2047,"OH",145735.647657747,"Increasing Batt Cap - Benchmark Chemistry"
2047,"OK",56286.6723575203,"Increasing Batt Cap - Benchmark Chemistry"
2047,"ON",146180.762326853,"Increasing Batt Cap - Benchmark Chemistry"
2047,"OR",59302.8808011656,"Increasing Batt Cap - Benchmark Chemistry"
2047,"PA",151374.102233299,"Increasing Batt Cap - Benchmark Chemistry"
2047,"PE",1676.33926145677,"Increasing Batt Cap - Benchmark Chemistry"
2047,"QC",83478.0627837892,"Increasing Batt Cap - Benchmark Chemistry"
2047,"RI",13511.0673837612,"Increasing Batt Cap - Benchmark Chemistry"
2047,"SC",75079.7579441987,"Increasing Batt Cap - Benchmark Chemistry"
2047,"SD",12583.3074718114,"Increasing Batt Cap - Benchmark Chemistry"
2047,"SK",13415.0239369076,"Increasing Batt Cap - Benchmark Chemistry"
2047,"TN",96516.1007342109,"Increasing Batt Cap - Benchmark Chemistry"
2047,"TX",459618.315232863,"Increasing Batt Cap - Benchmark Chemistry"
2047,"UT",53515.7394699984,"Increasing Batt Cap - Benchmark Chemistry"
2047,"VA",130203.069169859,"Increasing Batt Cap - Benchmark Chemistry"
2047,"VT",9050.03767575194,"Increasing Batt Cap - Benchmark Chemistry"
2047,"WA",124147.417187471,"Increasing Batt Cap - Benchmark Chemistry"
2047,"WI",74938.2482827944,"Increasing Batt Cap - Benchmark Chemistry"
2047,"WV",19301.5031243593,"Increasing Batt Cap - Benchmark Chemistry"
2047,"WY",7495.91242784646,"Increasing Batt Cap - Benchmark Chemistry"
2047,"YT",549.082386358479,"Increasing Batt Cap - Benchmark Chemistry"
2048,"AB",66461.3774360511,"Increasing Batt Cap - Benchmark Chemistry"
2048,"AK",9759.82172136602,"Increasing Batt Cap - Benchmark Chemistry"
2048,"AL",71400.909296467,"Increasing Batt Cap - Benchmark Chemistry"
2048,"AR",39672.3431552109,"Increasing Batt Cap - Benchmark Chemistry"
2048,"AZ",119107.133787532,"Increasing Batt Cap - Benchmark Chemistry"
2048,"BC",61345.1359057829,"Increasing Batt Cap - Benchmark Chemistry"
2048,"CA",646485.671627936,"Increasing Batt Cap - Benchmark Chemistry"
2048,"CO",104960.651243449,"Increasing Batt Cap - Benchmark Chemistry"
2048,"CT",48329.4423238574,"Increasing Batt Cap - Benchmark Chemistry"
2048,"DC",8374.81508638501,"Increasing Batt Cap - Benchmark Chemistry"
2048,"DE",17279.5695085955,"Increasing Batt Cap - Benchmark Chemistry"
2048,"FL",367780.900212816,"Increasing Batt Cap - Benchmark Chemistry"
2048,"GA",168129.985765346,"Increasing Batt Cap - Benchmark Chemistry"
2048,"HI",22354.9396640456,"Increasing Batt Cap - Benchmark Chemistry"
2048,"IA",45787.3841017524,"Increasing Batt Cap - Benchmark Chemistry"
2048,"ID",35392.1184266822,"Increasing Batt Cap - Benchmark Chemistry"
2048,"IL",165350.666068199,"Increasing Batt Cap - Benchmark Chemistry"
2048,"IN",94888.2962000483,"Increasing Batt Cap - Benchmark Chemistry"
2048,"KS",39809.7072636283,"Increasing Batt Cap - Benchmark Chemistry"
2048,"KY",60506.6839399102,"Increasing Batt Cap - Benchmark Chemistry"
2048,"LA",59085.6950341897,"Increasing Batt Cap - Benchmark Chemistry"
2048,"MA",108153.606309922,"Increasing Batt Cap - Benchmark Chemistry"
2048,"MB",15060.1873021903,"Increasing Batt Cap - Benchmark Chemistry"
2048,"MD",93527.0975515954,"Increasing Batt Cap - Benchmark Chemistry"
2048,"ME",20172.786536686,"Increasing Batt Cap - Benchmark Chemistry"
2048,"MI",131874.640547332,"Increasing Batt Cap - Benchmark Chemistry"
2048,"MN",87633.927290875,"Increasing Batt Cap - Benchmark Chemistry"
2048,"MO",84825.4795597771,"Increasing Batt Cap - Benchmark Chemistry"
2048,"MS",38504.9442476884,"Increasing Batt Cap - Benchmark Chemistry"
2048,"MT",15108.8268996599,"Increasing Batt Cap - Benchmark Chemistry"
2048,"MX",428596.367927268,"Increasing Batt Cap - Benchmark Chemistry"
2048,"NB",9765.66816981851,"Increasing Batt Cap - Benchmark Chemistry"
2048,"NC",155178.497828921,"Increasing Batt Cap - Benchmark Chemistry"
2048,"ND",13711.080287533,"Increasing Batt Cap - Benchmark Chemistry"
2048,"NE",29513.7132802747,"Increasing Batt Cap - Benchmark Chemistry"
2048,"NH",22291.6590519815,"Increasing Batt Cap - Benchmark Chemistry"
2048,"NJ",136033.864382638,"Increasing Batt Cap - Benchmark Chemistry"
2048,"NL",5791.14068319894,"Increasing Batt Cap - Benchmark Chemistry"
2048,"NM",28869.3118484745,"Increasing Batt Cap - Benchmark Chemistry"
2048,"NS",10712.5714831333,"Increasing Batt Cap - Benchmark Chemistry"
2048,"NT",382.396501862574,"Increasing Batt Cap - Benchmark Chemistry"
2048,"NU",0,"Increasing Batt Cap - Benchmark Chemistry"
2048,"NV",51901.5017276832,"Increasing Batt Cap - Benchmark Chemistry"
2048,"NY",233845.674346991,"Increasing Batt Cap - Benchmark Chemistry"
2048,"OH",161346.346535989,"Increasing Batt Cap - Benchmark Chemistry"
2048,"OK",63357.6392456183,"Increasing Batt Cap - Benchmark Chemistry"
2048,"ON",167175.894205234,"Increasing Batt Cap - Benchmark Chemistry"
2048,"OR",65793.801299112,"Increasing Batt Cap - Benchmark Chemistry"
2048,"PA",166455.951550266,"Increasing Batt Cap - Benchmark Chemistry"
2048,"PE",1897.98953845757,"Increasing Batt Cap - Benchmark Chemistry"
2048,"QC",95241.5293444899,"Increasing Batt Cap - Benchmark Chemistry"
2048,"RI",15106.3290554482,"Increasing Batt Cap - Benchmark Chemistry"
2048,"SC",83675.9170511922,"Increasing Batt Cap - Benchmark Chemistry"
2048,"SD",14002.5104608247,"Increasing Batt Cap - Benchmark Chemistry"
2048,"SK",15430.4792162549,"Increasing Batt Cap - Benchmark Chemistry"
2048,"TN",107470.32366013,"Increasing Batt Cap - Benchmark Chemistry"
2048,"TX",514940.061518329,"Increasing Batt Cap - Benchmark Chemistry"
2048,"UT",59987.2637367936,"Increasing Batt Cap - Benchmark Chemistry"
2048,"VA",145335.049323593,"Increasing Batt Cap - Benchmark Chemistry"
2048,"VT",10149.6680825989,"Increasing Batt Cap - Benchmark Chemistry"
2048,"WA",138563.224090057,"Increasing Batt Cap - Benchmark Chemistry"
2048,"WI",83471.4788216906,"Increasing Batt Cap - Benchmark Chemistry"
2048,"WV",21317.3735075139,"Increasing Batt Cap - Benchmark Chemistry"
2048,"WY",8293.72819795695,"Increasing Batt Cap - Benchmark Chemistry"
2048,"YT",634.063768599819,"Increasing Batt Cap - Benchmark Chemistry"
2049,"AB",74801.5201888899,"Increasing Batt Cap - Benchmark Chemistry"
2049,"AK",10665.6151361751,"Increasing Batt Cap - Benchmark Chemistry"
2049,"AL",78093.0945259385,"Increasing Batt Cap - Benchmark Chemistry"
2049,"AR",43352.6136578404,"Increasing Batt Cap - Benchmark Chemistry"
2049,"AZ",131088.206353564,"Increasing Batt Cap - Benchmark Chemistry"
2049,"BC",69152.5601210525,"Increasing Batt Cap - Benchmark Chemistry"
2049,"CA",709873.581778145,"Increasing Batt Cap - Benchmark Chemistry"
2049,"CO",116038.617103676,"Increasing Batt Cap - Benchmark Chemistry"
2049,"CT",52918.645195622,"Increasing Batt Cap - Benchmark Chemistry"
2049,"DC",9195.51086615531,"Increasing Batt Cap - Benchmark Chemistry"
2049,"DE",19042.0442581712,"Increasing Batt Cap - Benchmark Chemistry"
2049,"FL",406343.559648043,"Increasing Batt Cap - Benchmark Chemistry"
2049,"GA",184556.32933926,"Increasing Batt Cap - Benchmark Chemistry"
2049,"HI",24600.6466179993,"Increasing Batt Cap - Benchmark Chemistry"
2049,"IA",50111.0711339753,"Increasing Batt Cap - Benchmark Chemistry"
2049,"ID",39094.9775054219,"Increasing Batt Cap - Benchmark Chemistry"
2049,"IL",180844.896613337,"Increasing Batt Cap - Benchmark Chemistry"
2049,"IN",103742.254010507,"Increasing Batt Cap - Benchmark Chemistry"
2049,"KS",43389.2088653577,"Increasing Batt Cap - Benchmark Chemistry"
2049,"KY",66002.6210380631,"Increasing Batt Cap - Benchmark Chemistry"
2049,"LA",64575.8013260325,"Increasing Batt Cap - Benchmark Chemistry"
2049,"MA",119572.394461134,"Increasing Batt Cap - Benchmark Chemistry"
2049,"MB",16947.701779763,"Increasing Batt Cap - Benchmark Chemistry"
2049,"MD",102767.141427385,"Increasing Batt Cap - Benchmark Chemistry"
2049,"ME",22098.7161036963,"Increasing Batt Cap - Benchmark Chemistry"
2049,"MI",144867.085599717,"Increasing Batt Cap - Benchmark Chemistry"
2049,"MN",96302.2439926884,"Increasing Batt Cap - Benchmark Chemistry"
2049,"MO",92954.0318500331,"Increasing Batt Cap - Benchmark Chemistry"
2049,"MS",41824.1599297047,"Increasing Batt Cap - Benchmark Chemistry"
2049,"MT",16545.7778827046,"Increasing Batt Cap - Benchmark Chemistry"
2049,"MX",481183.500087132,"Increasing Batt Cap - Benchmark Chemistry"
2049,"NB",10899.7199169521,"Increasing Batt Cap - Benchmark Chemistry"
2049,"NC",170306.570275461,"Increasing Batt Cap - Benchmark Chemistry"
2049,"ND",15160.2920791982,"Increasing Batt Cap - Benchmark Chemistry"
2049,"NE",32354.7998589862,"Increasing Batt Cap - Benchmark Chemistry"
2049,"NH",24469.706058351,"Increasing Batt Cap - Benchmark Chemistry"
2049,"NJ",149652.788735815,"Increasing Batt Cap - Benchmark Chemistry"
2049,"NL",6491.91629060735,"Increasing Batt Cap - Benchmark Chemistry"
2049,"NM",31480.2607131949,"Increasing Batt Cap - Benchmark Chemistry"
2049,"NS",11941.7024551592,"Increasing Batt Cap - Benchmark Chemistry"
2049,"NT",433.684198361722,"Increasing Batt Cap - Benchmark Chemistry"
2049,"NU",0,"Increasing Batt Cap - Benchmark Chemistry"
2049,"NV",57237.046568155,"Increasing Batt Cap - Benchmark Chemistry"
2049,"NY",256842.792845898,"Increasing Batt Cap - Benchmark Chemistry"
2049,"OH",176119.2598157,"Increasing Batt Cap - Benchmark Chemistry"
2049,"OK",70262.0266381251,"Increasing Batt Cap - Benchmark Chemistry"
2049,"ON",187613.48787591,"Increasing Batt Cap - Benchmark Chemistry"
2049,"OR",72055.1461185228,"Increasing Batt Cap - Benchmark Chemistry"
2049,"PA",180732.189028862,"Increasing Batt Cap - Benchmark Chemistry"
2049,"PE",2128.59965345752,"Increasing Batt Cap - Benchmark Chemistry"
2049,"QC",106763.169358151,"Increasing Batt Cap - Benchmark Chemistry"
2049,"RI",16596.1825025968,"Increasing Batt Cap - Benchmark Chemistry"
2049,"SC",91941.6502731913,"Increasing Batt Cap - Benchmark Chemistry"
2049,"SD",15380.2391434511,"Increasing Batt Cap - Benchmark Chemistry"
2049,"SK",17391.3454935859,"Increasing Batt Cap - Benchmark Chemistry"
2049,"TN",117966.105728221,"Increasing Batt Cap - Benchmark Chemistry"
2049,"TX",567899.266423837,"Increasing Batt Cap - Benchmark Chemistry"
2049,"UT",66286.1730880959,"Increasing Batt Cap - Benchmark Chemistry"
2049,"VA",159874.321736767,"Increasing Batt Cap - Benchmark Chemistry"
2049,"VT",11197.5999291542,"Increasing Batt Cap - Benchmark Chemistry"
2049,"WA",152416.681678883,"Increasing Batt Cap - Benchmark Chemistry"
2049,"WI",91590.9647362033,"Increasing Batt Cap - Benchmark Chemistry"
2049,"WV",23209.2581747678,"Increasing Batt Cap - Benchmark Chemistry"
2049,"WY",9065.55359291542,"Increasing Batt Cap - Benchmark Chemistry"
2049,"YT",717.110089632987,"Increasing Batt Cap - Benchmark Chemistry"
2050,"AB",82737.1513822538,"Increasing Batt Cap - Benchmark Chemistry"
2050,"AK",11504.149027821,"Increasing Batt Cap - Benchmark Chemistry"
2050,"AL",84277.3538178688,"Increasing Batt Cap - Benchmark Chemistry"
2050,"AR",46738.707624249,"Increasing Batt Cap - Benchmark Chemistry"
2050,"AZ",142267.696641192,"Increasing Batt Cap - Benchmark Chemistry"
2050,"BC",76668.3632195293,"Increasing Batt Cap - Benchmark Chemistry"
2050,"CA",768772.079396242,"Increasing Batt Cap - Benchmark Chemistry"
2050,"CO",126434.723359038,"Increasing Batt Cap - Benchmark Chemistry"
2050,"CT",57110.2019499126,"Increasing Batt Cap - Benchmark Chemistry"
2050,"DC",9936.6532140151,"Increasing Batt Cap - Benchmark Chemistry"
2050,"DE",20644.6813991619,"Increasing Batt Cap - Benchmark Chemistry"
2050,"FL",442165.647251552,"Increasing Batt Cap - Benchmark Chemistry"
2050,"GA",199823.696437488,"Increasing Batt Cap - Benchmark Chemistry"
2050,"HI",26699.5901839552,"Increasing Batt Cap - Benchmark Chemistry"
2050,"IA",54113.9631287055,"Increasing Batt Cap - Benchmark Chemistry"
2050,"ID",42598.7737100409,"Increasing Batt Cap - Benchmark Chemistry"
2050,"IL",194888.852012142,"Increasing Batt Cap - Benchmark Chemistry"
2050,"IN",111948.880303234,"Increasing Batt Cap - Benchmark Chemistry"
2050,"KS",46643.911515733,"Increasing Batt Cap - Benchmark Chemistry"
2050,"KY",71060.7646483664,"Increasing Batt Cap - Benchmark Chemistry"
2050,"LA",69602.5567239928,"Increasing Batt Cap - Benchmark Chemistry"
2050,"MA",130085.777933293,"Increasing Batt Cap - Benchmark Chemistry"
2050,"MB",18728.5940722432,"Increasing Batt Cap - Benchmark Chemistry"
2050,"MD",111261.179599203,"Increasing Batt Cap - Benchmark Chemistry"
2050,"ME",23853.1339240522,"Increasing Batt Cap - Benchmark Chemistry"
2050,"MI",156875.987190517,"Increasing Batt Cap - Benchmark Chemistry"
2050,"MN",104328.695555989,"Increasing Batt Cap - Benchmark Chemistry"
2050,"MO",100439.990384106,"Increasing Batt Cap - Benchmark Chemistry"
2050,"MS",44829.6006507908,"Increasing Batt Cap - Benchmark Chemistry"
2050,"MT",17906.3118209282,"Increasing Batt Cap - Benchmark Chemistry"
2050,"MX",531980.123263457,"Increasing Batt Cap - Benchmark Chemistry"
2050,"NB",11975.4344554141,"Increasing Batt Cap - Benchmark Chemistry"
2050,"NC",184478.043814097,"Increasing Batt Cap - Benchmark Chemistry"
2050,"ND",16483.5475120867,"Increasing Batt Cap - Benchmark Chemistry"
2050,"NE",35020.3363356569,"Increasing Batt Cap - Benchmark Chemistry"
2050,"NH",26458.805839379,"Increasing Batt Cap - Benchmark Chemistry"
2050,"NJ",162238.109275706,"Increasing Batt Cap - Benchmark Chemistry"
2050,"NL",7159.02921077235,"Increasing Batt Cap - Benchmark Chemistry"
2050,"NM",33867.5483539512,"Increasing Batt Cap - Benchmark Chemistry"
2050,"NS",13110.1227731324,"Increasing Batt Cap - Benchmark Chemistry"
2050,"NT",486.66210176316,"Increasing Batt Cap - Benchmark Chemistry"
2050,"NU",7.10127274753215,"Increasing Batt Cap - Benchmark Chemistry"
2050,"NV",62219.7854165214,"Increasing Batt Cap - Benchmark Chemistry"
2050,"NY",277913.370720358,"Increasing Batt Cap - Benchmark Chemistry"
2050,"OH",189607.526710697,"Increasing Batt Cap - Benchmark Chemistry"
2050,"OK",76719.4876112342,"Increasing Batt Cap - Benchmark Chemistry"
2050,"ON",207019.789108924,"Increasing Batt Cap - Benchmark Chemistry"
2050,"OR",77973.5879904474,"Increasing Batt Cap - Benchmark Chemistry"
2050,"PA",193893.107850786,"Increasing Batt Cap - Benchmark Chemistry"
2050,"PE",2339.05084067161,"Increasing Batt Cap - Benchmark Chemistry"
2050,"QC",117815.662426547,"Increasing Batt Cap - Benchmark Chemistry"
2050,"RI",17961.3040387193,"Increasing Batt Cap - Benchmark Chemistry"
2050,"SC",99618.2845348128,"Increasing Batt Cap - Benchmark Chemistry"
2050,"SD",16660.0632340815,"Increasing Batt Cap - Benchmark Chemistry"
2050,"SK",19248.715001304,"Increasing Batt Cap - Benchmark Chemistry"
2050,"TN",127674.396312596,"Increasing Batt Cap - Benchmark Chemistry"
2050,"TX",616745.678511209,"Increasing Batt Cap - Benchmark Chemistry"
2050,"UT",72134.5791732663,"Increasing Batt Cap - Benchmark Chemistry"
2050,"VA",173337.088085794,"Increasing Batt Cap - Benchmark Chemistry"
2050,"VT",12158.326091746,"Increasing Batt Cap - Benchmark Chemistry"
2050,"WA",165374.585657225,"Increasing Batt Cap - Benchmark Chemistry"
2050,"WI",99034.4514053273,"Increasing Batt Cap - Benchmark Chemistry"
2050,"WV",24929.0046720833,"Increasing Batt Cap - Benchmark Chemistry"
2050,"WY",9774.66947917418,"Increasing Batt Cap - Benchmark Chemistry"
2050,"YT",796.620498296298,"Increasing Batt Cap - Benchmark Chemistry"
2025,"AB",21.9542356197785,"Increasing Batt Cap - High LFP Chemistry"
2025,"AK",5.44705106384826,"Increasing Batt Cap - High LFP Chemistry"
2025,"AL",17.8073838765155,"Increasing Batt Cap - High LFP Chemistry"
2025,"AR",10.8871466371202,"Increasing Batt Cap - High LFP Chemistry"
2025,"AZ",89.0628055884012,"Increasing Batt Cap - High LFP Chemistry"
2025,"BC",115.961851810543,"Increasing Batt Cap - High LFP Chemistry"
2025,"CA",1457.52300336714,"Increasing Batt Cap - High LFP Chemistry"
2025,"CO",90.5784139614489,"Increasing Batt Cap - High LFP Chemistry"
2025,"CT",37.5670498627087,"Increasing Batt Cap - High LFP Chemistry"
2025,"DC",15.4496416048392,"Increasing Batt Cap - High LFP Chemistry"
2025,"DE",11.8314031604296,"Increasing Batt Cap - High LFP Chemistry"
2025,"FL",212.035401978471,"Increasing Batt Cap - High LFP Chemistry"
2025,"GA",153.139176305613,"Increasing Batt Cap - High LFP Chemistry"
2025,"HI",48.627297299482,"Increasing Batt Cap - High LFP Chemistry"
2025,"IA",16.1021189891511,"Increasing Batt Cap - High LFP Chemistry"
2025,"ID",14.8457504145312,"Increasing Batt Cap - High LFP Chemistry"
2025,"IL",98.5385940355276,"Increasing Batt Cap - High LFP Chemistry"
2025,"IN",28.9739374901066,"Increasing Batt Cap - High LFP Chemistry"
2025,"KS",17.8433817043352,"Increasing Batt Cap - High LFP Chemistry"
2025,"KY",17.0489039196422,"Increasing Batt Cap - High LFP Chemistry"
2025,"LA",13.1333395868524,"Increasing Batt Cap - High LFP Chemistry"
2025,"MA",71.7239475093378,"Increasing Batt Cap - High LFP Chemistry"
2025,"MB",6.27868510496921,"Increasing Batt Cap - High LFP Chemistry"
2025,"MD",63.8867212383757,"Increasing Batt Cap - High LFP Chemistry"
2025,"ME",12.8929506989309,"Increasing Batt Cap - High LFP Chemistry"
2025,"MI",48.8397765045464,"Increasing Batt Cap - High LFP Chemistry"
2025,"MN",37.7371035184045,"Increasing Batt Cap - High LFP Chemistry"
2025,"MO",30.082966679011,"Increasing Batt Cap - High LFP Chemistry"
2025,"MS",3.39738629882595,"Increasing Batt Cap - High LFP Chemistry"
2025,"MT",6.53217420222173,"Increasing Batt Cap - High LFP Chemistry"
2025,"MX",13.2291371168989,"Increasing Batt Cap - High LFP Chemistry"
2025,"NB",0.325640010475007,"Increasing Batt Cap - High LFP Chemistry"
2025,"NC",58.9116879808441,"Increasing Batt Cap - High LFP Chemistry"
2025,"ND",0.121364519760008,"Increasing Batt Cap - High LFP Chemistry"
2025,"NE",11.7717625955015,"Increasing Batt Cap - High LFP Chemistry"
2025,"NH",16.3554531092637,"Increasing Batt Cap - High LFP Chemistry"
2025,"NJ",100.188760363922,"Increasing Batt Cap - High LFP Chemistry"
2025,"NL",0,"Increasing Batt Cap - High LFP Chemistry"
2025,"NM",16.8908707450241,"Increasing Batt Cap - High LFP Chemistry"
2025,"NS",2.05491728194336,"Increasing Batt Cap - High LFP Chemistry"
2025,"NT",0,"Increasing Batt Cap - High LFP Chemistry"
2025,"NU",0,"Increasing Batt Cap - High LFP Chemistry"
2025,"NV",41.303471544355,"Increasing Batt Cap - High LFP Chemistry"
2025,"NY",123.916071716775,"Increasing Batt Cap - High LFP Chemistry"
2025,"OH",49.9692653539735,"Increasing Batt Cap - High LFP Chemistry"
2025,"OK",23.9868781467304,"Increasing Batt Cap - High LFP Chemistry"
2025,"ON",127.081705003581,"Increasing Batt Cap - High LFP Chemistry"
2025,"OR",95.3529613854793,"Increasing Batt Cap - High LFP Chemistry"
2025,"PA",64.5959810452858,"Increasing Batt Cap - High LFP Chemistry"
2025,"PE",0,"Increasing Batt Cap - High LFP Chemistry"
2025,"QC",167.175530625409,"Increasing Batt Cap - High LFP Chemistry"
2025,"RI",11.3623848108726,"Increasing Batt Cap - High LFP Chemistry"
2025,"SC",23.4175391920478,"Increasing Batt Cap - High LFP Chemistry"
2025,"SD",1.22197174173845,"Increasing Batt Cap - High LFP Chemistry"
2025,"SK",0.19731426425662,"Increasing Batt Cap - High LFP Chemistry"
2025,"TN",35.1475543980489,"Increasing Batt Cap - High LFP Chemistry"
2025,"TX",201.395035121014,"Increasing Batt Cap - High LFP Chemistry"
2025,"UT",42.3989527232993,"Increasing Batt Cap - High LFP Chemistry"
2025,"VA",69.3886190003722,"Increasing Batt Cap - High LFP Chemistry"
2025,"VT",14.4731880297108,"Increasing Batt Cap - High LFP Chemistry"
2025,"WA",198.858235871842,"Increasing Batt Cap - High LFP Chemistry"
2025,"WI",34.345058368944,"Increasing Batt Cap - High LFP Chemistry"
2025,"WV",3.42867429426353,"Increasing Batt Cap - High LFP Chemistry"
2025,"WY",0.89633173126344,"Increasing Batt Cap - High LFP Chemistry"
2025,"YT",0,"Increasing Batt Cap - High LFP Chemistry"
2026,"AB",44.1462704087041,"Increasing Batt Cap - High LFP Chemistry"
2026,"AK",14.253425864706,"Increasing Batt Cap - High LFP Chemistry"
2026,"AL",54.9332744736197,"Increasing Batt Cap - High LFP Chemistry"
2026,"AR",32.2400381523516,"Increasing Batt Cap - High LFP Chemistry"
2026,"AZ",188.367892627963,"Increasing Batt Cap - High LFP Chemistry"
2026,"BC",190.189662281038,"Increasing Batt Cap - High LFP Chemistry"
2026,"CA",2596.72196021695,"Increasing Batt Cap - High LFP Chemistry"
2026,"CO",182.562972381274,"Increasing Batt Cap - High LFP Chemistry"
2026,"CT",77.2248156958277,"Increasing Batt Cap - High LFP Chemistry"
2026,"DC",24.6651665772223,"Increasing Batt Cap - High LFP Chemistry"
2026,"DE",25.4215752700968,"Increasing Batt Cap - High LFP Chemistry"
2026,"FL",479.740907817971,"Increasing Batt Cap - High LFP Chemistry"
2026,"GA",307.974323666922,"Increasing Batt Cap - High LFP Chemistry"
2026,"HI",83.6676335633579,"Increasing Batt Cap - High LFP Chemistry"
2026,"IA",40.6010021727476,"Increasing Batt Cap - High LFP Chemistry"
2026,"ID",33.9817924019817,"Increasing Batt Cap - High LFP Chemistry"
2026,"IL",233.062869436976,"Increasing Batt Cap - High LFP Chemistry"
2026,"IN",87.0931600406177,"Increasing Batt Cap - High LFP Chemistry"
2026,"KS",42.7196455826265,"Increasing Batt Cap - High LFP Chemistry"
2026,"KY",52.9160960994675,"Increasing Batt Cap - High LFP Chemistry"
2026,"LA",47.9131698464975,"Increasing Batt Cap - High LFP Chemistry"
2026,"MA",157.541872829884,"Increasing Batt Cap - High LFP Chemistry"
2026,"MB",12.3588532043857,"Increasing Batt Cap - High LFP Chemistry"
2026,"MD",141.339341859433,"Increasing Batt Cap - High LFP Chemistry"
2026,"ME",27.9713677618642,"Increasing Batt Cap - High LFP Chemistry"
2026,"MI",136.008094466134,"Increasing Batt Cap - High LFP Chemistry"
2026,"MN",89.6980350886186,"Increasing Batt Cap - High LFP Chemistry"
2026,"MO",82.0292269332428,"Increasing Batt Cap - High LFP Chemistry"
2026,"MS",27.5323423218541,"Increasing Batt Cap - High LFP Chemistry"
2026,"MT",18.8385489730187,"Increasing Batt Cap - High LFP Chemistry"
2026,"MX",48.5165213690244,"Increasing Batt Cap - High LFP Chemistry"
2026,"NB",4.22870034708011,"Increasing Batt Cap - High LFP Chemistry"
2026,"NC",158.775484752599,"Increasing Batt Cap - High LFP Chemistry"
2026,"ND",6.9813536670855,"Increasing Batt Cap - High LFP Chemistry"
2026,"NE",31.1600802272896,"Increasing Batt Cap - High LFP Chemistry"
2026,"NH",31.0987749282133,"Increasing Batt Cap - High LFP Chemistry"
2026,"NJ",217.831289813949,"Increasing Batt Cap - High LFP Chemistry"
2026,"NL",1.18803773192852,"Increasing Batt Cap - High LFP Chemistry"
2026,"NM",35.4497714827578,"Increasing Batt Cap - High LFP Chemistry"
2026,"NS",9.18173956327117,"Increasing Batt Cap - High LFP Chemistry"
2026,"NT",0,"Increasing Batt Cap - High LFP Chemistry"
2026,"NU",0,"Increasing Batt Cap - High LFP Chemistry"
2026,"NV",81.4885661424311,"Increasing Batt Cap - High LFP Chemistry"
2026,"NY",319.816829361728,"Increasing Batt Cap - High LFP Chemistry"
2026,"OH",156.012126416591,"Increasing Batt Cap - High LFP Chemistry"
2026,"OK",60.7073575879696,"Increasing Batt Cap - High LFP Chemistry"
2026,"ON",236.420086341511,"Increasing Batt Cap - High LFP Chemistry"
2026,"OR",178.114140968622,"Increasing Batt Cap - High LFP Chemistry"
2026,"PA",186.149244645198,"Increasing Batt Cap - High LFP Chemistry"
2026,"PE",0,"Increasing Batt Cap - High LFP Chemistry"
2026,"QC",284.763258587346,"Increasing Batt Cap - High LFP Chemistry"
2026,"RI",23.9918991990785,"Increasing Batt Cap - High LFP Chemistry"
2026,"SC",60.4743433024814,"Increasing Batt Cap - High LFP Chemistry"
2026,"SD",10.3051563171832,"Increasing Batt Cap - High LFP Chemistry"
2026,"SK",8.96439903238497,"Increasing Batt Cap - High LFP Chemistry"
2026,"TN",101.264928008859,"Increasing Batt Cap - High LFP Chemistry"
2026,"TX",511.279220719411,"Increasing Batt Cap - High LFP Chemistry"
2026,"UT",86.990259757511,"Increasing Batt Cap - High LFP Chemistry"
2026,"VA",164.895774051111,"Increasing Batt Cap - High LFP Chemistry"
2026,"VT",23.7732266216898,"Increasing Batt Cap - High LFP Chemistry"
2026,"WA",358.977728160019,"Increasing Batt Cap - High LFP Chemistry"
2026,"WI",89.8125107765562,"Increasing Batt Cap - High LFP Chemistry"
2026,"WV",18.6866739066507,"Increasing Batt Cap - High LFP Chemistry"
2026,"WY",6.0527225452873,"Increasing Batt Cap - High LFP Chemistry"
2026,"YT",0,"Increasing Batt Cap - High LFP Chemistry"
2027,"AB",75.967307747832,"Increasing Batt Cap - High LFP Chemistry"
2027,"AK",31.3783747843219,"Increasing Batt Cap - High LFP Chemistry"
2027,"AL",136.831966160086,"Increasing Batt Cap - High LFP Chemistry"
2027,"AR",80.0158996998895,"Increasing Batt Cap - High LFP Chemistry"
2027,"AZ",378.228552590037,"Increasing Batt Cap - High LFP Chemistry"
2027,"BC",319.24680819304,"Increasing Batt Cap - High LFP Chemistry"
2027,"CA",4754.48351654958,"Increasing Batt Cap - High LFP Chemistry"
2027,"CO",362.498826314081,"Increasing Batt Cap - High LFP Chemistry"
2027,"CT",159.351443428356,"Increasing Batt Cap - High LFP Chemistry"
2027,"DC",45.3703193177882,"Increasing Batt Cap - High LFP Chemistry"
2027,"DE",44.4382433840141,"Increasing Batt Cap - High LFP Chemistry"
2027,"FL",1004.60416766374,"Increasing Batt Cap - High LFP Chemistry"
2027,"GA",630.579066766972,"Increasing Batt Cap - High LFP Chemistry"
2027,"HI",147.980364897108,"Increasing Batt Cap - High LFP Chemistry"
2027,"IA",95.4357647763331,"Increasing Batt Cap - High LFP Chemistry"
2027,"ID",67.8459353587371,"Increasing Batt Cap - High LFP Chemistry"
2027,"IL",508.321175854004,"Increasing Batt Cap - High LFP Chemistry"
2027,"IN",207.708533967967,"Increasing Batt Cap - High LFP Chemistry"
2027,"KS",94.3970579910193,"Increasing Batt Cap - High LFP Chemistry"
2027,"KY",117.940636555921,"Increasing Batt Cap - High LFP Chemistry"
2027,"LA",116.397349383679,"Increasing Batt Cap - High LFP Chemistry"
2027,"MA",333.761532144473,"Increasing Batt Cap - High LFP Chemistry"
2027,"MB",26.7480543477391,"Increasing Batt Cap - High LFP Chemistry"
2027,"MD",293.563387138042,"Increasing Batt Cap - High LFP Chemistry"
2027,"ME",52.3398039303853,"Increasing Batt Cap - High LFP Chemistry"
2027,"MI",317.706256299618,"Increasing Batt Cap - High LFP Chemistry"
2027,"MN",204.860388660801,"Increasing Batt Cap - High LFP Chemistry"
2027,"MO",192.105990360837,"Increasing Batt Cap - High LFP Chemistry"
2027,"MS",73.7898946295805,"Increasing Batt Cap - High LFP Chemistry"
2027,"MT",37.9416715494125,"Increasing Batt Cap - High LFP Chemistry"
2027,"MX",158.1760519269,"Increasing Batt Cap - High LFP Chemistry"
2027,"NB",12.984005474471,"Increasing Batt Cap - High LFP Chemistry"
2027,"NC",371.232676249967,"Increasing Batt Cap - High LFP Chemistry"
2027,"ND",21.711670596228,"Increasing Batt Cap - High LFP Chemistry"
2027,"NE",63.7027461126638,"Increasing Batt Cap - High LFP Chemistry"
2027,"NH",57.0011163580171,"Increasing Batt Cap - High LFP Chemistry"
2027,"NJ",448.361245204947,"Increasing Batt Cap - High LFP Chemistry"
2027,"NL",3.98424715431876,"Increasing Batt Cap - High LFP Chemistry"
2027,"NM",70.8121587870249,"Increasing Batt Cap - High LFP Chemistry"
2027,"NS",18.2315585279639,"Increasing Batt Cap - High LFP Chemistry"
2027,"NT",0,"Increasing Batt Cap - High LFP Chemistry"
2027,"NU",0,"Increasing Batt Cap - High LFP Chemistry"
2027,"NV",162.49757478177,"Increasing Batt Cap - High LFP Chemistry"
2027,"NY",724.69133694047,"Increasing Batt Cap - High LFP Chemistry"
2027,"OH",370.447609433555,"Increasing Batt Cap - High LFP Chemistry"
2027,"OK",126.581249185801,"Increasing Batt Cap - High LFP Chemistry"
2027,"ON",416.615955984459,"Increasing Batt Cap - High LFP Chemistry"
2027,"OR",344.755675532622,"Increasing Batt Cap - High LFP Chemistry"
2027,"PA",436.570854906381,"Increasing Batt Cap - High LFP Chemistry"
2027,"PE",0.426316391067763,"Increasing Batt Cap - High LFP Chemistry"
2027,"QC",479.523777595884,"Increasing Batt Cap - High LFP Chemistry"
2027,"RI",43.5479638349226,"Increasing Batt Cap - High LFP Chemistry"
2027,"SC",153.18481094079,"Increasing Batt Cap - High LFP Chemistry"
2027,"SD",27.5899453047363,"Increasing Batt Cap - High LFP Chemistry"
2027,"SK",17.9766167756004,"Increasing Batt Cap - High LFP Chemistry"
2027,"TN",231.31690887326,"Increasing Batt Cap - High LFP Chemistry"
2027,"TX",1143.22027381111,"Increasing Batt Cap - High LFP Chemistry"
2027,"UT",171.808223573869,"Increasing Batt Cap - High LFP Chemistry"
2027,"VA",358.078853482156,"Increasing Batt Cap - High LFP Chemistry"
2027,"VT",41.1252692992577,"Increasing Batt Cap - High LFP Chemistry"
2027,"WA",687.680238269843,"Increasing Batt Cap - High LFP Chemistry"
2027,"WI",203.181323558601,"Increasing Batt Cap - High LFP Chemistry"
2027,"WV",46.0065074121405,"Increasing Batt Cap - High LFP Chemistry"
2027,"WY",16.8317973883182,"Increasing Batt Cap - High LFP Chemistry"
2027,"YT",0,"Increasing Batt Cap - High LFP Chemistry"
2028,"AB",124.488988443532,"Increasing Batt Cap - High LFP Chemistry"
2028,"AK",51.3005246646344,"Increasing Batt Cap - High LFP Chemistry"
2028,"AL",261.543763161476,"Increasing Batt Cap - High LFP Chemistry"
2028,"AR",153.881174139245,"Increasing Batt Cap - High LFP Chemistry"
2028,"AZ",683.77904712247,"Increasing Batt Cap - High LFP Chemistry"
2028,"BC",520.047174127079,"Increasing Batt Cap - High LFP Chemistry"
2028,"CA",7902.376636245,"Increasing Batt Cap - High LFP Chemistry"
2028,"CO",634.898691727357,"Increasing Batt Cap - High LFP Chemistry"
2028,"CT",293.352277491839,"Increasing Batt Cap - High LFP Chemistry"
2028,"DC",71.89977450331,"Increasing Batt Cap - High LFP Chemistry"
2028,"DE",75.0967462369493,"Increasing Batt Cap - High LFP Chemistry"
2028,"FL",1821.23977909097,"Increasing Batt Cap - High LFP Chemistry"
2028,"GA",1118.42145302041,"Increasing Batt Cap - High LFP Chemistry"
2028,"HI",252.282385873901,"Increasing Batt Cap - High LFP Chemistry"
2028,"IA",180.361270674572,"Increasing Batt Cap - High LFP Chemistry"
2028,"ID",122.972553833863,"Increasing Batt Cap - High LFP Chemistry"
2028,"IL",934.199380210342,"Increasing Batt Cap - High LFP Chemistry"
2028,"IN",391.404323770295,"Increasing Batt Cap - High LFP Chemistry"
2028,"KS",174.710677903863,"Increasing Batt Cap - High LFP Chemistry"
2028,"KY",236.735672274551,"Increasing Batt Cap - High LFP Chemistry"
2028,"LA",230.548853885213,"Increasing Batt Cap - High LFP Chemistry"
2028,"MA",604.681428191914,"Increasing Batt Cap - High LFP Chemistry"
2028,"MB",38.1725152582373,"Increasing Batt Cap - High LFP Chemistry"
2028,"MD",530.128733752808,"Increasing Batt Cap - High LFP Chemistry"
2028,"ME",91.135042356023,"Increasing Batt Cap - High LFP Chemistry"
2028,"MI",613.319184039002,"Increasing Batt Cap - High LFP Chemistry"
2028,"MN",381.899189411038,"Increasing Batt Cap - High LFP Chemistry"
2028,"MO",359.719454080472,"Increasing Batt Cap - High LFP Chemistry"
2028,"MS",140.873501142875,"Increasing Batt Cap - High LFP Chemistry"
2028,"MT",68.1687143242794,"Increasing Batt Cap - High LFP Chemistry"
2028,"MX",345.160962143087,"Increasing Batt Cap - High LFP Chemistry"
2028,"NB",24.6780237389742,"Increasing Batt Cap - High LFP Chemistry"
2028,"NC",695.997355748766,"Increasing Batt Cap - High LFP Chemistry"
2028,"ND",41.7047613611783,"Increasing Batt Cap - High LFP Chemistry"
2028,"NE",114.873883940215,"Increasing Batt Cap - High LFP Chemistry"
2028,"NH",101.670185472397,"Increasing Batt Cap - High LFP Chemistry"
2028,"NJ",812.155296246484,"Increasing Batt Cap - High LFP Chemistry"
2028,"NL",11.8470979573011,"Increasing Batt Cap - High LFP Chemistry"
2028,"NM",128.876899614706,"Increasing Batt Cap - High LFP Chemistry"
2028,"NS",31.715823986406,"Increasing Batt Cap - High LFP Chemistry"
2028,"NT",0,"Increasing Batt Cap - High LFP Chemistry"
2028,"NU",0,"Increasing Batt Cap - High LFP Chemistry"
2028,"NV",294.560410171169,"Increasing Batt Cap - High LFP Chemistry"
2028,"NY",1342.65434640147,"Increasing Batt Cap - High LFP Chemistry"
2028,"OH",715.912959725419,"Increasing Batt Cap - High LFP Chemistry"
2028,"OK",244.991157315045,"Increasing Batt Cap - High LFP Chemistry"
2028,"ON",689.850536599258,"Increasing Batt Cap - High LFP Chemistry"
2028,"OR",589.424194927995,"Increasing Batt Cap - High LFP Chemistry"
2028,"PA",833.186033833871,"Increasing Batt Cap - High LFP Chemistry"
2028,"PE",2.24544878355655,"Increasing Batt Cap - High LFP Chemistry"
2028,"QC",770.770791836726,"Increasing Batt Cap - High LFP Chemistry"
2028,"RI",75.1293597764564,"Increasing Batt Cap - High LFP Chemistry"
2028,"SC",293.422601484366,"Increasing Batt Cap - High LFP Chemistry"
2028,"SD",51.0039516175869,"Increasing Batt Cap - High LFP Chemistry"
2028,"SK",33.0112178935511,"Increasing Batt Cap - High LFP Chemistry"
2028,"TN",442.419819941975,"Increasing Batt Cap - High LFP Chemistry"
2028,"TX",2124.44813496981,"Increasing Batt Cap - High LFP Chemistry"
2028,"UT",316.566147547581,"Increasing Batt Cap - High LFP Chemistry"
2028,"VA",668.844545036446,"Increasing Batt Cap - High LFP Chemistry"
2028,"VT",64.8891182114576,"Increasing Batt Cap - High LFP Chemistry"
2028,"WA",1162.64559154376,"Increasing Batt Cap - High LFP Chemistry"
2028,"WI",379.640631857847,"Increasing Batt Cap - High LFP Chemistry"
2028,"WV",86.4977594879774,"Increasing Batt Cap - High LFP Chemistry"
2028,"WY",37.035628910649,"Increasing Batt Cap - High LFP Chemistry"
2028,"YT",0,"Increasing Batt Cap - High LFP Chemistry"
2029,"AB",204.564760765105,"Increasing Batt Cap - High LFP Chemistry"
2029,"AK",83.8971368887846,"Increasing Batt Cap - High LFP Chemistry"
2029,"AL",465.949223896204,"Increasing Batt Cap - High LFP Chemistry"
2029,"AR",263.534205238976,"Increasing Batt Cap - High LFP Chemistry"
2029,"AZ",1144.30508305076,"Increasing Batt Cap - High LFP Chemistry"
2029,"BC",815.375124281753,"Increasing Batt Cap - High LFP Chemistry"
2029,"CA",12492.7070067385,"Increasing Batt Cap - High LFP Chemistry"
2029,"CO",1055.02691897284,"Increasing Batt Cap - High LFP Chemistry"
2029,"CT",496.627953996314,"Increasing Batt Cap - High LFP Chemistry"
2029,"DC",111.605271215887,"Increasing Batt Cap - High LFP Chemistry"
2029,"DE",124.543999731748,"Increasing Batt Cap - High LFP Chemistry"
2029,"FL",3084.26975784527,"Increasing Batt Cap - High LFP Chemistry"
2029,"GA",1847.16372774679,"Increasing Batt Cap - High LFP Chemistry"
2029,"HI",397.710707412537,"Increasing Batt Cap - High LFP Chemistry"
2029,"IA",310.549662534939,"Increasing Batt Cap - High LFP Chemistry"
2029,"ID",205.04193332238,"Increasing Batt Cap - High LFP Chemistry"
2029,"IL",1581.8287468807,"Increasing Batt Cap - High LFP Chemistry"
2029,"IN",695.090221310416,"Increasing Batt Cap - High LFP Chemistry"
2029,"KS",299.22257063425,"Increasing Batt Cap - High LFP Chemistry"
2029,"KY",417.16527073833,"Increasing Batt Cap - High LFP Chemistry"
2029,"LA",400.879179983769,"Increasing Batt Cap - High LFP Chemistry"
2029,"MA",1014.34247659722,"Increasing Batt Cap - High LFP Chemistry"
2029,"MB",60.3499786764444,"Increasing Batt Cap - High LFP Chemistry"
2029,"MD",892.346836311017,"Increasing Batt Cap - High LFP Chemistry"
2029,"ME",153.47279458097,"Increasing Batt Cap - High LFP Chemistry"
2029,"MI",1066.36590068766,"Increasing Batt Cap - High LFP Chemistry"
2029,"MN",670.154838584981,"Increasing Batt Cap - High LFP Chemistry"
2029,"MO",646.167917489166,"Increasing Batt Cap - High LFP Chemistry"
2029,"MS",252.078402921456,"Increasing Batt Cap - High LFP Chemistry"
2029,"MT",112.81435022386,"Increasing Batt Cap - High LFP Chemistry"
2029,"MX",670.974373970092,"Increasing Batt Cap - High LFP Chemistry"
2029,"NB",38.8293646735741,"Increasing Batt Cap - High LFP Chemistry"
2029,"NC",1207.94590609242,"Increasing Batt Cap - High LFP Chemistry"
2029,"ND",74.1625267480852,"Increasing Batt Cap - High LFP Chemistry"
2029,"NE",198.635588862478,"Increasing Batt Cap - High LFP Chemistry"
2029,"NH",164.481576427837,"Increasing Batt Cap - High LFP Chemistry"
2029,"NJ",1361.61404274545,"Increasing Batt Cap - High LFP Chemistry"
2029,"NL",20.3763973463113,"Increasing Batt Cap - High LFP Chemistry"
2029,"NM",222.979838093069,"Increasing Batt Cap - High LFP Chemistry"
2029,"NS",43.2762956745905,"Increasing Batt Cap - High LFP Chemistry"
2029,"NT",0,"Increasing Batt Cap - High LFP Chemistry"
2029,"NU",0,"Increasing Batt Cap - High LFP Chemistry"
2029,"NV",490.106664570804,"Increasing Batt Cap - High LFP Chemistry"
2029,"NY",2305.40877813968,"Increasing Batt Cap - High LFP Chemistry"
2029,"OH",1238.65976055939,"Increasing Batt Cap - High LFP Chemistry"
2029,"OK",417.398438142651,"Increasing Batt Cap - High LFP Chemistry"
2029,"ON",1088.86431819055,"Increasing Batt Cap - High LFP Chemistry"
2029,"OR",951.878888765311,"Increasing Batt Cap - High LFP Chemistry"
2029,"PA",1439.41671768644,"Increasing Batt Cap - High LFP Chemistry"
2029,"PE",7.88103984020275,"Increasing Batt Cap - High LFP Chemistry"
2029,"QC",1216.4632809149,"Increasing Batt Cap - High LFP Chemistry"
2029,"RI",123.682291888114,"Increasing Batt Cap - High LFP Chemistry"
2029,"SC",522.935957719141,"Increasing Batt Cap - High LFP Chemistry"
2029,"SD",89.7849700724506,"Increasing Batt Cap - High LFP Chemistry"
2029,"SK",49.1477781013161,"Increasing Batt Cap - High LFP Chemistry"
2029,"TN",775.392345051918,"Increasing Batt Cap - High LFP Chemistry"
2029,"TX",3661.59352822255,"Increasing Batt Cap - High LFP Chemistry"
2029,"UT",520.792313630177,"Increasing Batt Cap - High LFP Chemistry"
2029,"VA",1153.67547323798,"Increasing Batt Cap - High LFP Chemistry"
2029,"VT",102.520105312988,"Increasing Batt Cap - High LFP Chemistry"
2029,"WA",1885.59048863628,"Increasing Batt Cap - High LFP Chemistry"
2029,"WI",657.995442698195,"Increasing Batt Cap - High LFP Chemistry"
2029,"WV",149.831117238432,"Increasing Batt Cap - High LFP Chemistry"
2029,"WY",60.9995865626892,"Increasing Batt Cap - High LFP Chemistry"
2029,"YT",0,"Increasing Batt Cap - High LFP Chemistry"
2030,"AB",321.859423929592,"Increasing Batt Cap - High LFP Chemistry"
2030,"AK",127.415311845296,"Increasing Batt Cap - High LFP Chemistry"
2030,"AL",775.488767932962,"Increasing Batt Cap - High LFP Chemistry"
2030,"AR",444.283770909347,"Increasing Batt Cap - High LFP Chemistry"
2030,"AZ",1830.54155852018,"Increasing Batt Cap - High LFP Chemistry"
2030,"BC",1251.38882788401,"Increasing Batt Cap - High LFP Chemistry"
2030,"CA",18843.7664251012,"Increasing Batt Cap - High LFP Chemistry"
2030,"CO",1668.18469487738,"Increasing Batt Cap - High LFP Chemistry"
2030,"CT",793.452125379555,"Increasing Batt Cap - High LFP Chemistry"
2030,"DC",173.694863428302,"Increasing Batt Cap - High LFP Chemistry"
2030,"DE",198.957304108786,"Increasing Batt Cap - High LFP Chemistry"
2030,"FL",4963.17738778856,"Increasing Batt Cap - High LFP Chemistry"
2030,"GA",2812.00766331435,"Increasing Batt Cap - High LFP Chemistry"
2030,"HI",606.885312258492,"Increasing Batt Cap - High LFP Chemistry"
2030,"IA",504.894911024377,"Increasing Batt Cap - High LFP Chemistry"
2030,"ID",344.61066281086,"Increasing Batt Cap - High LFP Chemistry"
2030,"IL",2554.94176615906,"Increasing Batt Cap - High LFP Chemistry"
2030,"IN",1159.8612202766,"Increasing Batt Cap - High LFP Chemistry"
2030,"KS",498.3037338454,"Increasing Batt Cap - High LFP Chemistry"
2030,"KY",685.740190005565,"Increasing Batt Cap - High LFP Chemistry"
2030,"LA",673.595429191053,"Increasing Batt Cap - High LFP Chemistry"
2030,"MA",1637.4590843881,"Increasing Batt Cap - High LFP Chemistry"
2030,"MB",89.8441762233612,"Increasing Batt Cap - High LFP Chemistry"
2030,"MD",1440.50241948466,"Increasing Batt Cap - High LFP Chemistry"
2030,"ME",239.41740952038,"Increasing Batt Cap - High LFP Chemistry"
2030,"MI",1745.79143611312,"Increasing Batt Cap - High LFP Chemistry"
2030,"MN",1087.16607676292,"Increasing Batt Cap - High LFP Chemistry"
2030,"MO",1066.42877881344,"Increasing Batt Cap - High LFP Chemistry"
2030,"MS",420.654254853076,"Increasing Batt Cap - High LFP Chemistry"
2030,"MT",179.822083107905,"Increasing Batt Cap - High LFP Chemistry"
2030,"MX",1206.89876879134,"Increasing Batt Cap - High LFP Chemistry"
2030,"NB",56.5568499055225,"Increasing Batt Cap - High LFP Chemistry"
2030,"NC",1978.96499515773,"Increasing Batt Cap - High LFP Chemistry"
2030,"ND",121.436784391255,"Increasing Batt Cap - High LFP Chemistry"
2030,"NE",328.346588592681,"Increasing Batt Cap - High LFP Chemistry"
2030,"NH",268.954060946702,"Increasing Batt Cap - High LFP Chemistry"
2030,"NJ",2182.40406086043,"Increasing Batt Cap - High LFP Chemistry"
2030,"NL",32.7653089860257,"Increasing Batt Cap - High LFP Chemistry"
2030,"NM",366.393493562511,"Increasing Batt Cap - High LFP Chemistry"
2030,"NS",65.0050050257199,"Increasing Batt Cap - High LFP Chemistry"
2030,"NT",0,"Increasing Batt Cap - High LFP Chemistry"
2030,"NU",0,"Increasing Batt Cap - High LFP Chemistry"
2030,"NV",791.501484594594,"Increasing Batt Cap - High LFP Chemistry"
2030,"NY",3742.53248978618,"Increasing Batt Cap - High LFP Chemistry"
2030,"OH",2044.25662722136,"Increasing Batt Cap - High LFP Chemistry"
2030,"OK",702.310267157622,"Increasing Batt Cap - High LFP Chemistry"
2030,"ON",1695.71671407391,"Increasing Batt Cap - High LFP Chemistry"
2030,"OR",1464.1699510409,"Increasing Batt Cap - High LFP Chemistry"
2030,"PA",2359.15423447744,"Increasing Batt Cap - High LFP Chemistry"
2030,"PE",12.7947124953759,"Increasing Batt Cap - High LFP Chemistry"
2030,"QC",1848.73236110677,"Increasing Batt Cap - High LFP Chemistry"
2030,"RI",192.539811145859,"Increasing Batt Cap - High LFP Chemistry"
2030,"SC",869.571405709668,"Increasing Batt Cap - High LFP Chemistry"
2030,"SD",139.087349730173,"Increasing Batt Cap - High LFP Chemistry"
2030,"SK",69.7627205095706,"Increasing Batt Cap - High LFP Chemistry"
2030,"TN",1270.90400329542,"Increasing Batt Cap - High LFP Chemistry"
2030,"TX",5972.98796423421,"Increasing Batt Cap - High LFP Chemistry"
2030,"UT",842.289324269128,"Increasing Batt Cap - High LFP Chemistry"
2030,"VA",1858.73500468962,"Increasing Batt Cap - High LFP Chemistry"
2030,"VT",161.445892398809,"Increasing Batt Cap - High LFP Chemistry"
2030,"WA",2909.20638919537,"Increasing Batt Cap - High LFP Chemistry"
2030,"WI",1064.65811464108,"Increasing Batt Cap - High LFP Chemistry"
2030,"WV",256.611757308779,"Increasing Batt Cap - High LFP Chemistry"
2030,"WY",92.8942157857023,"Increasing Batt Cap - High LFP Chemistry"
2030,"YT",0,"Increasing Batt Cap - High LFP Chemistry"
2031,"AB",500.401208683674,"Increasing Batt Cap - High LFP Chemistry"
2031,"AK",194.47113861908,"Increasing Batt Cap - High LFP Chemistry"
2031,"AL",1237.81967809689,"Increasing Batt Cap - High LFP Chemistry"
2031,"AR",706.662388369129,"Increasing Batt Cap - High LFP Chemistry"
2031,"AZ",2861.29192054812,"Increasing Batt Cap - High LFP Chemistry"
2031,"BC",1910.87410060953,"Increasing Batt Cap - High LFP Chemistry"
2031,"CA",28077.4323994396,"Increasing Batt Cap - High LFP Chemistry"
2031,"CO",2592.94358914087,"Increasing Batt Cap - High LFP Chemistry"
2031,"CT",1231.87069778943,"Increasing Batt Cap - High LFP Chemistry"
2031,"DC",260.845801391567,"Increasing Batt Cap - High LFP Chemistry"
2031,"DE",312.457348723593,"Increasing Batt Cap - High LFP Chemistry"
2031,"FL",7762.14749626567,"Increasing Batt Cap - High LFP Chemistry"
2031,"GA",4157.19808731018,"Increasing Batt Cap - High LFP Chemistry"
2031,"HI",900.635688100086,"Increasing Batt Cap - High LFP Chemistry"
2031,"IA",809.086873172143,"Increasing Batt Cap - High LFP Chemistry"
2031,"ID",540.957238067483,"Increasing Batt Cap - High LFP Chemistry"
2031,"IL",3984.9337525363,"Increasing Batt Cap - High LFP Chemistry"
2031,"IN",1817.05606736538,"Increasing Batt Cap - High LFP Chemistry"
2031,"KS",782.988896718616,"Increasing Batt Cap - High LFP Chemistry"
2031,"KY",1092.2289216046,"Increasing Batt Cap - High LFP Chemistry"
2031,"LA",1066.5633677112,"Increasing Batt Cap - High LFP Chemistry"
2031,"MA",2554.80037458842,"Increasing Batt Cap - High LFP Chemistry"
2031,"MB",122.489969955382,"Increasing Batt Cap - High LFP Chemistry"
2031,"MD",2253.85792990747,"Increasing Batt Cap - High LFP Chemistry"
2031,"ME",388.234569811146,"Increasing Batt Cap - High LFP Chemistry"
2031,"MI",2721.61111407548,"Increasing Batt Cap - High LFP Chemistry"
2031,"MN",1734.41051343467,"Increasing Batt Cap - High LFP Chemistry"
2031,"MO",1676.63988235679,"Increasing Batt Cap - High LFP Chemistry"
2031,"MS",666.092685672189,"Increasing Batt Cap - High LFP Chemistry"
2031,"MT",282.105333308632,"Increasing Batt Cap - High LFP Chemistry"
2031,"MX",2047.83889743984,"Increasing Batt Cap - High LFP Chemistry"
2031,"NB",74.407047463951,"Increasing Batt Cap - High LFP Chemistry"
2031,"NC",3116.04746197844,"Increasing Batt Cap - High LFP Chemistry"
2031,"ND",185.210377471757,"Increasing Batt Cap - High LFP Chemistry"
2031,"NE",521.850804592861,"Increasing Batt Cap - High LFP Chemistry"
2031,"NH",424.017078715403,"Increasing Batt Cap - High LFP Chemistry"
2031,"NJ",3437.4757805008,"Increasing Batt Cap - High LFP Chemistry"
2031,"NL",51.2826785330633,"Increasing Batt Cap - High LFP Chemistry"
2031,"NM",585.339098498334,"Increasing Batt Cap - High LFP Chemistry"
2031,"NS",93.1856284407067,"Increasing Batt Cap - High LFP Chemistry"
2031,"NT",0,"Increasing Batt Cap - High LFP Chemistry"
2031,"NU",0,"Increasing Batt Cap - High LFP Chemistry"
2031,"NV",1231.81007924376,"Increasing Batt Cap - High LFP Chemistry"
2031,"NY",5844.28222504441,"Increasing Batt Cap - High LFP Chemistry"
2031,"OH",3208.46144380043,"Increasing Batt Cap - High LFP Chemistry"
2031,"OK",1124.59667824104,"Increasing Batt Cap - High LFP Chemistry"
2031,"ON",2602.01402024662,"Increasing Batt Cap - High LFP Chemistry"
2031,"OR",2221.27857256082,"Increasing Batt Cap - High LFP Chemistry"
2031,"PA",3708.24886666563,"Increasing Batt Cap - High LFP Chemistry"
2031,"PE",18.94005563895,"Increasing Batt Cap - High LFP Chemistry"
2031,"QC",2840.95592506104,"Increasing Batt Cap - High LFP Chemistry"
2031,"RI",305.530981025986,"Increasing Batt Cap - High LFP Chemistry"
2031,"SC",1393.27929091588,"Increasing Batt Cap - High LFP Chemistry"
2031,"SD",218.612714441019,"Increasing Batt Cap - High LFP Chemistry"
2031,"SK",102.750407239095,"Increasing Batt Cap - High LFP Chemistry"
2031,"TN",1984.8569601454,"Increasing Batt Cap - High LFP Chemistry"
2031,"TX",9349.41000333442,"Increasing Batt Cap - High LFP Chemistry"
2031,"UT",1310.91422669006,"Increasing Batt Cap - High LFP Chemistry"
2031,"VA",2933.11654056825,"Increasing Batt Cap - High LFP Chemistry"
2031,"VT",247.752477685832,"Increasing Batt Cap - High LFP Chemistry"
2031,"WA",4436.49324017302,"Increasing Batt Cap - High LFP Chemistry"
2031,"WI",1660.45468086474,"Increasing Batt Cap - High LFP Chemistry"
2031,"WV",387.112156224039,"Increasing Batt Cap - High LFP Chemistry"
2031,"WY",142.717949098928,"Increasing Batt Cap - High LFP Chemistry"
2031,"YT",3.07089120631225,"Increasing Batt Cap - High LFP Chemistry"
2032,"AB",748.50438234361,"Increasing Batt Cap - High LFP Chemistry"
2032,"AK",290.611464336691,"Increasing Batt Cap - High LFP Chemistry"
2032,"AL",1870.34599223464,"Increasing Batt Cap - High LFP Chemistry"
2032,"AR",1057.26970628192,"Increasing Batt Cap - High LFP Chemistry"
2032,"AZ",4213.43981719558,"Increasing Batt Cap - High LFP Chemistry"
2032,"BC",2850.82855293044,"Increasing Batt Cap - High LFP Chemistry"
2032,"CA",39489.1294109442,"Increasing Batt Cap - High LFP Chemistry"
2032,"CO",3809.17335588381,"Increasing Batt Cap - High LFP Chemistry"
2032,"CT",1814.94610821971,"Increasing Batt Cap - High LFP Chemistry"
2032,"DC",387.331554365162,"Increasing Batt Cap - High LFP Chemistry"
2032,"DE",467.76362421433,"Increasing Batt Cap - High LFP Chemistry"
2032,"FL",11490.3517724392,"Increasing Batt Cap - High LFP Chemistry"
2032,"GA",5856.53783265056,"Increasing Batt Cap - High LFP Chemistry"
2032,"HI",1249.48652957892,"Increasing Batt Cap - High LFP Chemistry"
2032,"IA",1214.64224150645,"Increasing Batt Cap - High LFP Chemistry"
2032,"ID",826.622804212017,"Increasing Batt Cap - High LFP Chemistry"
2032,"IL",5860.76762164579,"Increasing Batt Cap - High LFP Chemistry"
2032,"IN",2717.30295256021,"Increasing Batt Cap - High LFP Chemistry"
2032,"KS",1177.82954706965,"Increasing Batt Cap - High LFP Chemistry"
2032,"KY",1661.14884939172,"Increasing Batt Cap - High LFP Chemistry"
2032,"LA",1615.90227236027,"Increasing Batt Cap - High LFP Chemistry"
2032,"MA",3764.44202880826,"Increasing Batt Cap - High LFP Chemistry"
2032,"MB",182.373455454076,"Increasing Batt Cap - High LFP Chemistry"
2032,"MD",3323.73409531041,"Increasing Batt Cap - High LFP Chemistry"
2032,"ME",578.881325676734,"Increasing Batt Cap - High LFP Chemistry"
2032,"MI",4041.21327736256,"Increasing Batt Cap - High LFP Chemistry"
2032,"MN",2583.28164835533,"Increasing Batt Cap - High LFP Chemistry"
2032,"MO",2490.28029442935,"Increasing Batt Cap - High LFP Chemistry"
2032,"MS",1008.36367017936,"Increasing Batt Cap - High LFP Chemistry"
2032,"MT",430.656179823185,"Increasing Batt Cap - High LFP Chemistry"
2032,"MX",3357.24308163576,"Increasing Batt Cap - High LFP Chemistry"
2032,"NB",113.460606912282,"Increasing Batt Cap - High LFP Chemistry"
2032,"NC",4657.08048787409,"Increasing Batt Cap - High LFP Chemistry"
2032,"ND",288.342609659367,"Increasing Batt Cap - High LFP Chemistry"
2032,"NE",777.350738242038,"Increasing Batt Cap - High LFP Chemistry"
2032,"NH",642.897668521403,"Increasing Batt Cap - High LFP Chemistry"
2032,"NJ",5091.30189911113,"Increasing Batt Cap - High LFP Chemistry"
2032,"NL",67.5686462524406,"Increasing Batt Cap - High LFP Chemistry"
2032,"NM",880.061557503602,"Increasing Batt Cap - High LFP Chemistry"
2032,"NS",133.116275993678,"Increasing Batt Cap - High LFP Chemistry"
2032,"NT",2.18042354917003,"Increasing Batt Cap - High LFP Chemistry"
2032,"NU",0,"Increasing Batt Cap - High LFP Chemistry"
2032,"NV",1830.96892939726,"Increasing Batt Cap - High LFP Chemistry"
2032,"NY",8652.96441734394,"Increasing Batt Cap - High LFP Chemistry"
2032,"OH",4788.47569002336,"Increasing Batt Cap - High LFP Chemistry"
2032,"OK",1681.8882933798,"Increasing Batt Cap - High LFP Chemistry"
2032,"ON",3801.30576665136,"Increasing Batt Cap - High LFP Chemistry"
2032,"OR",3159.90489086949,"Increasing Batt Cap - High LFP Chemistry"
2032,"PA",5516.4831839174,"Increasing Batt Cap - High LFP Chemistry"
2032,"PE",25.0447667159843,"Increasing Batt Cap - High LFP Chemistry"
2032,"QC",4199.74099264003,"Increasing Batt Cap - High LFP Chemistry"
2032,"RI",460.101003430191,"Increasing Batt Cap - High LFP Chemistry"
2032,"SC",2084.69181740997,"Increasing Batt Cap - High LFP Chemistry"
2032,"SD",330.314820590136,"Increasing Batt Cap - High LFP Chemistry"
2032,"SK",145.639652786661,"Increasing Batt Cap - High LFP Chemistry"
2032,"TN",2934.20427172704,"Increasing Batt Cap - High LFP Chemistry"
2032,"TX",13940.8200247549,"Increasing Batt Cap - High LFP Chemistry"
2032,"UT",1931.19542715158,"Increasing Batt Cap - High LFP Chemistry"
2032,"VA",4370.3291024656,"Increasing Batt Cap - High LFP Chemistry"
2032,"VT",359.271691552317,"Increasing Batt Cap - High LFP Chemistry"
2032,"WA",6314.79932446902,"Increasing Batt Cap - High LFP Chemistry"
2032,"WI",2439.69103150073,"Increasing Batt Cap - High LFP Chemistry"
2032,"WV",599.529786966731,"Increasing Batt Cap - High LFP Chemistry"
2032,"WY",206.475295279058,"Increasing Batt Cap - High LFP Chemistry"
2032,"YT",6.19514769808124,"Increasing Batt Cap - High LFP Chemistry"
2033,"AB",1083.70258013306,"Increasing Batt Cap - High LFP Chemistry"
2033,"AK",418.798322456916,"Increasing Batt Cap - High LFP Chemistry"
2033,"AL",2709.77884152108,"Increasing Batt Cap - High LFP Chemistry"
2033,"AR",1554.79586431473,"Increasing Batt Cap - High LFP Chemistry"
2033,"AZ",6018.24508220409,"Increasing Batt Cap - High LFP Chemistry"
2033,"BC",4017.06619488953,"Increasing Batt Cap - High LFP Chemistry"
2033,"CA",53316.4161964318,"Increasing Batt Cap - High LFP Chemistry"
2033,"CO",5384.50917369842,"Increasing Batt Cap - High LFP Chemistry"
2033,"CT",2548.28482815425,"Increasing Batt Cap - High LFP Chemistry"
2033,"DC",543.45712076534,"Increasing Batt Cap - High LFP Chemistry"
2033,"DE",687.223340902585,"Increasing Batt Cap - High LFP Chemistry"
2033,"FL",16468.1727808411,"Increasing Batt Cap - High LFP Chemistry"
2033,"GA",8068.98849286733,"Increasing Batt Cap - High LFP Chemistry"
2033,"HI",1670.55690463266,"Increasing Batt Cap - High LFP Chemistry"
2033,"IA",1756.39222567324,"Increasing Batt Cap - High LFP Chemistry"
2033,"ID",1194.52266814666,"Increasing Batt Cap - High LFP Chemistry"
2033,"IL",8314.37820624635,"Increasing Batt Cap - High LFP Chemistry"
2033,"IN",3916.07547689163,"Increasing Batt Cap - High LFP Chemistry"
2033,"KS",1702.19574084903,"Increasing Batt Cap - High LFP Chemistry"
2033,"KY",2410.63168463409,"Increasing Batt Cap - High LFP Chemistry"
2033,"LA",2339.95470913369,"Increasing Batt Cap - High LFP Chemistry"
2033,"MA",5356.89646956476,"Increasing Batt Cap - High LFP Chemistry"
2033,"MB",256.122412179136,"Increasing Batt Cap - High LFP Chemistry"
2033,"MD",4742.31571805406,"Increasing Batt Cap - High LFP Chemistry"
2033,"ME",839.024017227299,"Increasing Batt Cap - High LFP Chemistry"
2033,"MI",5787.99119100289,"Increasing Batt Cap - High LFP Chemistry"
2033,"MN",3723.81913609315,"Increasing Batt Cap - High LFP Chemistry"
2033,"MO",3576.0358777795,"Increasing Batt Cap - High LFP Chemistry"
2033,"MS",1464.56650598593,"Increasing Batt Cap - High LFP Chemistry"
2033,"MT",626.679702212319,"Increasing Batt Cap - High LFP Chemistry"
2033,"MX",5374.87741246772,"Increasing Batt Cap - High LFP Chemistry"
2033,"NB",159.549120990155,"Increasing Batt Cap - High LFP Chemistry"
2033,"NC",6721.01990114849,"Increasing Batt Cap - High LFP Chemistry"
2033,"ND",415.231254624598,"Increasing Batt Cap - High LFP Chemistry"
2033,"NE",1117.50697903916,"Increasing Batt Cap - High LFP Chemistry"
2033,"NH",923.131387820074,"Increasing Batt Cap - High LFP Chemistry"
2033,"NJ",7302.99240326287,"Increasing Batt Cap - High LFP Chemistry"
2033,"NL",88.4888004540573,"Increasing Batt Cap - High LFP Chemistry"
2033,"NM",1251.84272697833,"Increasing Batt Cap - High LFP Chemistry"
2033,"NS",188.199884565913,"Increasing Batt Cap - High LFP Chemistry"
2033,"NT",3.50126049075828,"Increasing Batt Cap - High LFP Chemistry"
2033,"NU",0,"Increasing Batt Cap - High LFP Chemistry"
2033,"NV",2621.96297163825,"Increasing Batt Cap - High LFP Chemistry"
2033,"NY",12340.090603395,"Increasing Batt Cap - High LFP Chemistry"
2033,"OH",6898.77663616264,"Increasing Batt Cap - High LFP Chemistry"
2033,"OK",2438.6448075557,"Increasing Batt Cap - High LFP Chemistry"
2033,"ON",5269.79984684486,"Increasing Batt Cap - High LFP Chemistry"
2033,"OR",4346.88466988023,"Increasing Batt Cap - High LFP Chemistry"
2033,"PA",7947.5625771685,"Increasing Batt Cap - High LFP Chemistry"
2033,"PE",35.239920197926,"Increasing Batt Cap - High LFP Chemistry"
2033,"QC",5868.54422864333,"Increasing Batt Cap - High LFP Chemistry"
2033,"RI",669.731730120453,"Increasing Batt Cap - High LFP Chemistry"
2033,"SC",3037.7357261246,"Increasing Batt Cap - High LFP Chemistry"
2033,"SD",470.431764684021,"Increasing Batt Cap - High LFP Chemistry"
2033,"SK",211.453103274896,"Increasing Batt Cap - High LFP Chemistry"
2033,"TN",4234.15131978766,"Increasing Batt Cap - High LFP Chemistry"
2033,"TX",20097.5421603566,"Increasing Batt Cap - High LFP Chemistry"
2033,"UT",2744.89295293963,"Increasing Batt Cap - High LFP Chemistry"
2033,"VA",6298.57653187489,"Increasing Batt Cap - High LFP Chemistry"
2033,"VT",519.457210152566,"Increasing Batt Cap - High LFP Chemistry"
2033,"WA",8670.46584253122,"Increasing Batt Cap - High LFP Chemistry"
2033,"WI",3469.87159022718,"Increasing Batt Cap - High LFP Chemistry"
2033,"WV",857.091483513033,"Increasing Batt Cap - High LFP Chemistry"
2033,"WY",302.77205630739,"Increasing Batt Cap - High LFP Chemistry"
2033,"YT",12.4804356463726,"Increasing Batt Cap - High LFP Chemistry"
2034,"AB",1566.0473994726,"Increasing Batt Cap - High LFP Chemistry"
2034,"AK",583.411019829913,"Increasing Batt Cap - High LFP Chemistry"
2034,"AL",3845.53760648545,"Increasing Batt Cap - High LFP Chemistry"
2034,"AR",2200.45301978557,"Increasing Batt Cap - High LFP Chemistry"
2034,"AZ",8424.87304362232,"Increasing Batt Cap - High LFP Chemistry"
2034,"BC",5582.27012129794,"Increasing Batt Cap - High LFP Chemistry"
2034,"CA",71415.840489854,"Increasing Batt Cap - High LFP Chemistry"
2034,"CO",7515.39100793902,"Increasing Batt Cap - High LFP Chemistry"
2034,"CT",3554.71540101188,"Increasing Batt Cap - High LFP Chemistry"
2034,"DC",746.353710254972,"Increasing Batt Cap - High LFP Chemistry"
2034,"DE",977.792960703905,"Increasing Batt Cap - High LFP Chemistry"
2034,"FL",23242.6973768168,"Increasing Batt Cap - High LFP Chemistry"
2034,"GA",10996.8387107626,"Increasing Batt Cap - High LFP Chemistry"
2034,"HI",2214.96794509627,"Increasing Batt Cap - High LFP Chemistry"
2034,"IA",2505.64322495023,"Increasing Batt Cap - High LFP Chemistry"
2034,"ID",1705.59390954648,"Increasing Batt Cap - High LFP Chemistry"
2034,"IL",11534.5127990005,"Increasing Batt Cap - High LFP Chemistry"
2034,"IN",5529.44025717945,"Increasing Batt Cap - High LFP Chemistry"
2034,"KS",2391.12844963863,"Increasing Batt Cap - High LFP Chemistry"
2034,"KY",3409.32875149339,"Increasing Batt Cap - High LFP Chemistry"
2034,"LA",3311.89045709033,"Increasing Batt Cap - High LFP Chemistry"
2034,"MA",7484.13581666447,"Increasing Batt Cap - High LFP Chemistry"
2034,"MB",363.92013392333,"Increasing Batt Cap - High LFP Chemistry"
2034,"MD",6639.79312020625,"Increasing Batt Cap - High LFP Chemistry"
2034,"ME",1170.81298502376,"Increasing Batt Cap - High LFP Chemistry"
2034,"MI",8141.57734855828,"Increasing Batt Cap - High LFP Chemistry"
2034,"MN",5233.50054067213,"Increasing Batt Cap - High LFP Chemistry"
2034,"MO",5020.64770265997,"Increasing Batt Cap - High LFP Chemistry"
2034,"MS",2069.73992028756,"Increasing Batt Cap - High LFP Chemistry"
2034,"MT",885.267112162935,"Increasing Batt Cap - High LFP Chemistry"
2034,"MX",8428.82624362059,"Increasing Batt Cap - High LFP Chemistry"
2034,"NB",233.11531284087,"Increasing Batt Cap - High LFP Chemistry"
2034,"NC",9485.1412313809,"Increasing Batt Cap - High LFP Chemistry"
2034,"ND",605.59136059951,"Increasing Batt Cap - High LFP Chemistry"
2034,"NE",1607.02068198469,"Increasing Batt Cap - High LFP Chemistry"
2034,"NH",1296.35569305903,"Increasing Batt Cap - High LFP Chemistry"
2034,"NJ",10287.5838001778,"Increasing Batt Cap - High LFP Chemistry"
2034,"NL",125.308217347719,"Increasing Batt Cap - High LFP Chemistry"
2034,"NM",1773.4102567507,"Increasing Batt Cap - High LFP Chemistry"
2034,"NS",275.232874319335,"Increasing Batt Cap - High LFP Chemistry"
2034,"NT",6.39151949889291,"Increasing Batt Cap - High LFP Chemistry"
2034,"NU",0,"Increasing Batt Cap - High LFP Chemistry"
2034,"NV",3697.50308749537,"Increasing Batt Cap - High LFP Chemistry"
2034,"NY",17233.0698063166,"Increasing Batt Cap - High LFP Chemistry"
2034,"OH",9705.10251199031,"Increasing Batt Cap - High LFP Chemistry"
2034,"OK",3430.14132600556,"Increasing Batt Cap - High LFP Chemistry"
2034,"ON",7224.48501700041,"Increasing Batt Cap - High LFP Chemistry"
2034,"OR",5859.2822342057,"Increasing Batt Cap - High LFP Chemistry"
2034,"PA",11197.2750656437,"Increasing Batt Cap - High LFP Chemistry"
2034,"PE",55.3738495001269,"Increasing Batt Cap - High LFP Chemistry"
2034,"QC",8115.66900968908,"Increasing Batt Cap - High LFP Chemistry"
2034,"RI",939.876739394269,"Increasing Batt Cap - High LFP Chemistry"
2034,"SC",4338.14046615188,"Increasing Batt Cap - High LFP Chemistry"
2034,"SD",683.271050782902,"Increasing Batt Cap - High LFP Chemistry"
2034,"SK",313.898721916959,"Increasing Batt Cap - High LFP Chemistry"
2034,"TN",5957.12718399226,"Increasing Batt Cap - High LFP Chemistry"
2034,"TX",28407.7301954514,"Increasing Batt Cap - High LFP Chemistry"
2034,"UT",3856.81166083982,"Increasing Batt Cap - High LFP Chemistry"
2034,"VA",8878.04536858879,"Increasing Batt Cap - High LFP Chemistry"
2034,"VT",722.550154113933,"Increasing Batt Cap - High LFP Chemistry"
2034,"WA",11734.7684281011,"Increasing Batt Cap - High LFP Chemistry"
2034,"WI",4851.43251143472,"Increasing Batt Cap - High LFP Chemistry"
2034,"WV",1212.18089339596,"Increasing Batt Cap - High LFP Chemistry"
2034,"WY",425.846451158667,"Increasing Batt Cap - High LFP Chemistry"
2034,"YT",17.7828184985829,"Increasing Batt Cap - High LFP Chemistry"
2035,"AB",2265.86837391266,"Increasing Batt Cap - High LFP Chemistry"
2035,"AK",802.912095865541,"Increasing Batt Cap - High LFP Chemistry"
2035,"AL",5327.56558337374,"Increasing Batt Cap - High LFP Chemistry"
2035,"AR",3050.03040614091,"Increasing Batt Cap - High LFP Chemistry"
2035,"AZ",11549.5189429844,"Increasing Batt Cap - High LFP Chemistry"
2035,"BC",7717.62048125511,"Increasing Batt Cap - High LFP Chemistry"
2035,"CA",95305.1921882457,"Increasing Batt Cap - High LFP Chemistry"
2035,"CO",10338.0322524828,"Increasing Batt Cap - High LFP Chemistry"
2035,"CT",4838.57285273563,"Increasing Batt Cap - High LFP Chemistry"
2035,"DC",1021.20806376933,"Increasing Batt Cap - High LFP Chemistry"
2035,"DE",1363.83393799179,"Increasing Batt Cap - High LFP Chemistry"
2035,"FL",32169.0727670908,"Increasing Batt Cap - High LFP Chemistry"
2035,"GA",14869.2666281006,"Increasing Batt Cap - High LFP Chemistry"
2035,"HI",2898.02209072894,"Increasing Batt Cap - High LFP Chemistry"
2035,"IA",3442.30767901828,"Increasing Batt Cap - High LFP Chemistry"
2035,"ID",2365.8400676821,"Increasing Batt Cap - High LFP Chemistry"
2035,"IL",15749.1802041652,"Increasing Batt Cap - High LFP Chemistry"
2035,"IN",7582.10075829315,"Increasing Batt Cap - High LFP Chemistry"
2035,"KS",3275.52422655089,"Increasing Batt Cap - High LFP Chemistry"
2035,"KY",4699.40098668984,"Increasing Batt Cap - High LFP Chemistry"
2035,"LA",4538.48829347622,"Increasing Batt Cap - High LFP Chemistry"
2035,"MA",10270.3259634417,"Increasing Batt Cap - High LFP Chemistry"
2035,"MB",529.771079660592,"Increasing Batt Cap - High LFP Chemistry"
2035,"MD",9160.83515414607,"Increasing Batt Cap - High LFP Chemistry"
2035,"ME",1628.10495501172,"Increasing Batt Cap - High LFP Chemistry"
2035,"MI",11192.3576419026,"Increasing Batt Cap - High LFP Chemistry"
2035,"MN",7180.92355885065,"Increasing Batt Cap - High LFP Chemistry"
2035,"MO",6918.62801932036,"Increasing Batt Cap - High LFP Chemistry"
2035,"MS",2860.74183793166,"Increasing Batt Cap - High LFP Chemistry"
2035,"MT",1227.90743173877,"Increasing Batt Cap - High LFP Chemistry"
2035,"MX",13024.5070262896,"Increasing Batt Cap - High LFP Chemistry"
2035,"NB",345.836719737405,"Increasing Batt Cap - High LFP Chemistry"
2035,"NC",13108.9143746511,"Increasing Batt Cap - High LFP Chemistry"
2035,"ND",830.591638633094,"Increasing Batt Cap - High LFP Chemistry"
2035,"NE",2196.96156464707,"Increasing Batt Cap - High LFP Chemistry"
2035,"NH",1796.90931204153,"Increasing Batt Cap - High LFP Chemistry"
2035,"NJ",14242.058552391,"Increasing Batt Cap - High LFP Chemistry"
2035,"NL",186.848459776627,"Increasing Batt Cap - High LFP Chemistry"
2035,"NM",2438.71797983529,"Increasing Batt Cap - High LFP Chemistry"
2035,"NS",412.02396724249,"Increasing Batt Cap - High LFP Chemistry"
2035,"NT",11.487023227769,"Increasing Batt Cap - High LFP Chemistry"
2035,"NU",0,"Increasing Batt Cap - High LFP Chemistry"
2035,"NV",5138.56982600901,"Increasing Batt Cap - High LFP Chemistry"
2035,"NY",23495.8240962291,"Increasing Batt Cap - High LFP Chemistry"
2035,"OH",13314.7368708703,"Increasing Batt Cap - High LFP Chemistry"
2035,"OK",4773.32850324528,"Increasing Batt Cap - High LFP Chemistry"
2035,"ON",9965.78243690715,"Increasing Batt Cap - High LFP Chemistry"
2035,"OR",7845.74578643694,"Increasing Batt Cap - High LFP Chemistry"
2035,"PA",15434.8021378204,"Increasing Batt Cap - High LFP Chemistry"
2035,"PE",76.2707109602603,"Increasing Batt Cap - High LFP Chemistry"
2035,"QC",11096.9574376331,"Increasing Batt Cap - High LFP Chemistry"
2035,"RI",1284.25461286137,"Increasing Batt Cap - High LFP Chemistry"
2035,"SC",6024.78690828617,"Increasing Batt Cap - High LFP Chemistry"
2035,"SD",941.480139485974,"Increasing Batt Cap - High LFP Chemistry"
2035,"SK",456.781915068501,"Increasing Batt Cap - High LFP Chemistry"
2035,"TN",8233.94991102006,"Increasing Batt Cap - High LFP Chemistry"
2035,"TX",39377.3681754257,"Increasing Batt Cap - High LFP Chemistry"
2035,"UT",5301.39819109283,"Increasing Batt Cap - High LFP Chemistry"
2035,"VA",12302.4644787243,"Increasing Batt Cap - High LFP Chemistry"
2035,"VT",990.007250373008,"Increasing Batt Cap - High LFP Chemistry"
2035,"WA",15699.5956149887,"Increasing Batt Cap - High LFP Chemistry"
2035,"WI",6619.77505889864,"Increasing Batt Cap - High LFP Chemistry"
2035,"WV",1682.3076491418,"Increasing Batt Cap - High LFP Chemistry"
2035,"WY",601.146820478982,"Increasing Batt Cap - High LFP Chemistry"
2035,"YT",23.7619393095388,"Increasing Batt Cap - High LFP Chemistry"
2036,"AB",3254.93613984574,"Increasing Batt Cap - High LFP Chemistry"
2036,"AK",1066.72292261272,"Increasing Batt Cap - High LFP Chemistry"
2036,"AL",7225.05105661242,"Increasing Batt Cap - High LFP Chemistry"
2036,"AR",4107.38786267527,"Increasing Batt Cap - High LFP Chemistry"
2036,"AZ",15433.3854823033,"Increasing Batt Cap - High LFP Chemistry"
2036,"BC",10347.5629889669,"Increasing Batt Cap - High LFP Chemistry"
2036,"CA",125230.047948799,"Increasing Batt Cap - High LFP Chemistry"
2036,"CO",13902.3848818075,"Increasing Batt Cap - High LFP Chemistry"
2036,"CT",6444.9113713196,"Increasing Batt Cap - High LFP Chemistry"
2036,"DC",1358.00634784851,"Increasing Batt Cap - High LFP Chemistry"
2036,"DE",1862.37933296493,"Increasing Batt Cap - High LFP Chemistry"
2036,"FL",43527.2599516943,"Increasing Batt Cap - High LFP Chemistry"
2036,"GA",19891.4831937344,"Increasing Batt Cap - High LFP Chemistry"
2036,"HI",3709.80448482031,"Increasing Batt Cap - High LFP Chemistry"
2036,"IA",4652.11771744958,"Increasing Batt Cap - High LFP Chemistry"
2036,"ID",3245.87230351295,"Increasing Batt Cap - High LFP Chemistry"
2036,"IL",21050.0031613466,"Increasing Batt Cap - High LFP Chemistry"
2036,"IN",10228.981661175,"Increasing Batt Cap - High LFP Chemistry"
2036,"KS",4402.02223747422,"Increasing Batt Cap - High LFP Chemistry"
2036,"KY",6351.22471348603,"Increasing Batt Cap - High LFP Chemistry"
2036,"LA",6103.84063803274,"Increasing Batt Cap - High LFP Chemistry"
2036,"MA",13756.7547606175,"Increasing Batt Cap - High LFP Chemistry"
2036,"MB",768.842740118843,"Increasing Batt Cap - High LFP Chemistry"
2036,"MD",12361.4618636536,"Increasing Batt Cap - High LFP Chemistry"
2036,"ME",2192.82631125942,"Increasing Batt Cap - High LFP Chemistry"
2036,"MI",15070.4541753558,"Increasing Batt Cap - High LFP Chemistry"
2036,"MN",9683.8884174565,"Increasing Batt Cap - High LFP Chemistry"
2036,"MO",9295.37294334539,"Increasing Batt Cap - High LFP Chemistry"
2036,"MS",3861.8417125913,"Increasing Batt Cap - High LFP Chemistry"
2036,"MT",1672.31982735862,"Increasing Batt Cap - High LFP Chemistry"
2036,"MX",19791.1358505584,"Increasing Batt Cap - High LFP Chemistry"
2036,"NB",511.049806781146,"Increasing Batt Cap - High LFP Chemistry"
2036,"NC",17754.6405757277,"Increasing Batt Cap - High LFP Chemistry"
2036,"ND",1148.61720755028,"Increasing Batt Cap - High LFP Chemistry"
2036,"NE",2991.20353327287,"Increasing Batt Cap - High LFP Chemistry"
2036,"NH",2420.35248283962,"Increasing Batt Cap - High LFP Chemistry"
2036,"NJ",19287.5748394833,"Increasing Batt Cap - High LFP Chemistry"
2036,"NL",271.096720071767,"Increasing Batt Cap - High LFP Chemistry"
2036,"NM",3294.60369172178,"Increasing Batt Cap - High LFP Chemistry"
2036,"NS",598.29581069645,"Increasing Batt Cap - High LFP Chemistry"
2036,"NT",14.8900048009246,"Increasing Batt Cap - High LFP Chemistry"
2036,"NU",0,"Increasing Batt Cap - High LFP Chemistry"
2036,"NV",6951.42149903423,"Increasing Batt Cap - High LFP Chemistry"
2036,"NY",31309.6484779312,"Increasing Batt Cap - High LFP Chemistry"
2036,"OH",17894.098905655,"Increasing Batt Cap - High LFP Chemistry"
2036,"OK",6495.93881144944,"Increasing Batt Cap - High LFP Chemistry"
2036,"ON",13617.0497787966,"Increasing Batt Cap - High LFP Chemistry"
2036,"OR",10291.07364405,"Increasing Batt Cap - High LFP Chemistry"
2036,"PA",20855.3980947382,"Increasing Batt Cap - High LFP Chemistry"
2036,"PE",120.167189879739,"Increasing Batt Cap - High LFP Chemistry"
2036,"QC",14899.3071577996,"Increasing Batt Cap - High LFP Chemistry"
2036,"RI",1747.13131864638,"Increasing Batt Cap - High LFP Chemistry"
2036,"SC",8213.19173811176,"Increasing Batt Cap - High LFP Chemistry"
2036,"SD",1296.30537374196,"Increasing Batt Cap - High LFP Chemistry"
2036,"SK",669.984449539467,"Increasing Batt Cap - High LFP Chemistry"
2036,"TN",11123.1969443723,"Increasing Batt Cap - High LFP Chemistry"
2036,"TX",53499.8073961414,"Increasing Batt Cap - High LFP Chemistry"
2036,"UT",7133.10489509048,"Increasing Batt Cap - High LFP Chemistry"
2036,"VA",16655.9179708558,"Increasing Batt Cap - High LFP Chemistry"
2036,"VT",1314.25704824351,"Increasing Batt Cap - High LFP Chemistry"
2036,"WA",20637.7673355468,"Increasing Batt Cap - High LFP Chemistry"
2036,"WI",8896.47134274355,"Increasing Batt Cap - High LFP Chemistry"
2036,"WV",2245.78003395491,"Increasing Batt Cap - High LFP Chemistry"
2036,"WY",802.772019733372,"Increasing Batt Cap - High LFP Chemistry"
2036,"YT",35.787806020012,"Increasing Batt Cap - High LFP Chemistry"
2037,"AB",4648.61642200967,"Increasing Batt Cap - High LFP Chemistry"
2037,"AK",1404.48985791035,"Increasing Batt Cap - High LFP Chemistry"
2037,"AL",9582.78473505574,"Increasing Batt Cap - High LFP Chemistry"
2037,"AR",5448.16638104048,"Increasing Batt Cap - High LFP Chemistry"
2037,"AZ",20027.3341917875,"Increasing Batt Cap - High LFP Chemistry"
2037,"BC",13307.0769324032,"Increasing Batt Cap - High LFP Chemistry"
2037,"CA",158707.732915715,"Increasing Batt Cap - High LFP Chemistry"
2037,"CO",18146.9223105117,"Increasing Batt Cap - High LFP Chemistry"
2037,"CT",8365.79397286009,"Increasing Batt Cap - High LFP Chemistry"
2037,"DC",1733.35121930372,"Increasing Batt Cap - High LFP Chemistry"
2037,"DE",2482.26032603004,"Increasing Batt Cap - High LFP Chemistry"
2037,"FL",57082.1304260849,"Increasing Batt Cap - High LFP Chemistry"
2037,"GA",26018.2955915068,"Increasing Batt Cap - High LFP Chemistry"
2037,"HI",4646.06656691218,"Increasing Batt Cap - High LFP Chemistry"
2037,"IA",6166.46860683852,"Increasing Batt Cap - High LFP Chemistry"
2037,"ID",4324.12524849388,"Increasing Batt Cap - High LFP Chemistry"
2037,"IL",27371.0590183034,"Increasing Batt Cap - High LFP Chemistry"
2037,"IN",13474.8208661575,"Increasing Batt Cap - High LFP Chemistry"
2037,"KS",5800.30487548718,"Increasing Batt Cap - High LFP Chemistry"
2037,"KY",8404.19168720692,"Increasing Batt Cap - High LFP Chemistry"
2037,"LA",8037.91769174238,"Increasing Batt Cap - High LFP Chemistry"
2037,"MA",17926.3552194444,"Increasing Batt Cap - High LFP Chemistry"
2037,"MB",1100.79971893152,"Increasing Batt Cap - High LFP Chemistry"
2037,"MD",16178.1085360595,"Increasing Batt Cap - High LFP Chemistry"
2037,"ME",2882.83082796812,"Increasing Batt Cap - High LFP Chemistry"
2037,"MI",19804.0001188066,"Increasing Batt Cap - High LFP Chemistry"
2037,"MN",12714.7227837249,"Increasing Batt Cap - High LFP Chemistry"
2037,"MO",12256.8540771484,"Increasing Batt Cap - High LFP Chemistry"
2037,"MS",5142.1944328342,"Increasing Batt Cap - High LFP Chemistry"
2037,"MT",2212.24915299373,"Increasing Batt Cap - High LFP Chemistry"
2037,"MX",29530.9516392349,"Increasing Batt Cap - High LFP Chemistry"
2037,"NB",740.137784876628,"Increasing Batt Cap - High LFP Chemistry"
2037,"NC",23407.8376091953,"Increasing Batt Cap - High LFP Chemistry"
2037,"ND",1536.93010293872,"Increasing Batt Cap - High LFP Chemistry"
2037,"NE",3969.81572307522,"Increasing Batt Cap - High LFP Chemistry"
2037,"NH",3187.08563475049,"Increasing Batt Cap - High LFP Chemistry"
2037,"NJ",25207.2117919448,"Increasing Batt Cap - High LFP Chemistry"
2037,"NL",404.750123791432,"Increasing Batt Cap - High LFP Chemistry"
2037,"NM",4333.65670765634,"Increasing Batt Cap - High LFP Chemistry"
2037,"NS",863.405390873836,"Increasing Batt Cap - High LFP Chemistry"
2037,"NT",24.9238191485615,"Increasing Batt Cap - High LFP Chemistry"
2037,"NU",0,"Increasing Batt Cap - High LFP Chemistry"
2037,"NV",9077.14693199544,"Increasing Batt Cap - High LFP Chemistry"
2037,"NY",40557.4346042625,"Increasing Batt Cap - High LFP Chemistry"
2037,"OH",23536.7315303552,"Increasing Batt Cap - High LFP Chemistry"
2037,"OK",8613.89713557276,"Increasing Batt Cap - High LFP Chemistry"
2037,"ON",18396.320542313,"Increasing Batt Cap - High LFP Chemistry"
2037,"OR",13167.0300485905,"Increasing Batt Cap - High LFP Chemistry"
2037,"PA",27462.5616240733,"Increasing Batt Cap - High LFP Chemistry"
2037,"PE",167.291710193984,"Increasing Batt Cap - High LFP Chemistry"
2037,"QC",19560.5532514237,"Increasing Batt Cap - High LFP Chemistry"
2037,"RI",2287.7065346553,"Increasing Batt Cap - High LFP Chemistry"
2037,"SC",10939.181675774,"Increasing Batt Cap - High LFP Chemistry"
2037,"SD",1735.41842870814,"Increasing Batt Cap - High LFP Chemistry"
2037,"SK",960.754841751164,"Increasing Batt Cap - High LFP Chemistry"
2037,"TN",14736.2614633956,"Increasing Batt Cap - High LFP Chemistry"
2037,"TX",70736.5937196917,"Increasing Batt Cap - High LFP Chemistry"
2037,"UT",9319.04394311968,"Increasing Batt Cap - High LFP Chemistry"
2037,"VA",21965.9229547293,"Increasing Batt Cap - High LFP Chemistry"
2037,"VT",1722.81591450999,"Increasing Batt Cap - High LFP Chemistry"
2037,"WA",26452.1544177955,"Increasing Batt Cap - High LFP Chemistry"
2037,"WI",11688.1811289758,"Increasing Batt Cap - High LFP Chemistry"
2037,"WV",2978.24465583369,"Increasing Batt Cap - High LFP Chemistry"
2037,"WY",1074.43903172382,"Increasing Batt Cap - High LFP Chemistry"
2037,"YT",45.0512744772741,"Increasing Batt Cap - High LFP Chemistry"
2038,"AB",7101.41702341868,"Increasing Batt Cap - High LFP Chemistry"
2038,"AK",1907.00874903071,"Increasing Batt Cap - High LFP Chemistry"
2038,"AL",13279.6456704126,"Increasing Batt Cap - High LFP Chemistry"
2038,"AR",7475.86949087993,"Increasing Batt Cap - High LFP Chemistry"
2038,"AZ",25837.4489551109,"Increasing Batt Cap - High LFP Chemistry"
2038,"BC",15557.6365307658,"Increasing Batt Cap - High LFP Chemistry"
2038,"CA",202913.476583059,"Increasing Batt Cap - High LFP Chemistry"
2038,"CO",23673.1554318353,"Increasing Batt Cap - High LFP Chemistry"
2038,"CT",10848.1779365535,"Increasing Batt Cap - High LFP Chemistry"
2038,"DC",2160.40972425887,"Increasing Batt Cap - High LFP Chemistry"
2038,"DE",3357.44812607377,"Increasing Batt Cap - High LFP Chemistry"
2038,"FL",73769.067383024,"Increasing Batt Cap - High LFP Chemistry"
2038,"GA",34379.5890083201,"Increasing Batt Cap - High LFP Chemistry"
2038,"HI",5679.55052826939,"Increasing Batt Cap - High LFP Chemistry"
2038,"IA",8501.08959898073,"Increasing Batt Cap - High LFP Chemistry"
2038,"ID",6026.58964303997,"Increasing Batt Cap - High LFP Chemistry"
2038,"IL",35430.8928467663,"Increasing Batt Cap - High LFP Chemistry"
2038,"IN",18368.6920858482,"Increasing Batt Cap - High LFP Chemistry"
2038,"KS",7918.85155213355,"Increasing Batt Cap - High LFP Chemistry"
2038,"KY",11581.9856046741,"Increasing Batt Cap - High LFP Chemistry"
2038,"LA",10995.021969691,"Increasing Batt Cap - High LFP Chemistry"
2038,"MA",23305.7785199131,"Increasing Batt Cap - High LFP Chemistry"
2038,"MB",1700.85513497783,"Increasing Batt Cap - High LFP Chemistry"
2038,"MD",21139.7790141918,"Increasing Batt Cap - High LFP Chemistry"
2038,"ME",3855.58440906122,"Increasing Batt Cap - High LFP Chemistry"
2038,"MI",26293.0310810083,"Increasing Batt Cap - High LFP Chemistry"
2038,"MN",16968.096346083,"Increasing Batt Cap - High LFP Chemistry"
2038,"MO",16553.8202503618,"Increasing Batt Cap - High LFP Chemistry"
2038,"MS",7219.64850507371,"Increasing Batt Cap - High LFP Chemistry"
2038,"MT",3019.40746771236,"Increasing Batt Cap - High LFP Chemistry"
2038,"MX",43192.8639749612,"Increasing Batt Cap - High LFP Chemistry"
2038,"NB",1148.91629735133,"Increasing Batt Cap - High LFP Chemistry"
2038,"NC",31359.023621525,"Increasing Batt Cap - High LFP Chemistry"
2038,"ND",2188.21719790901,"Increasing Batt Cap - High LFP Chemistry"
2038,"NE",5489.04515890584,"Increasing Batt Cap - High LFP Chemistry"
2038,"NH",4259.88136146619,"Increasing Batt Cap - High LFP Chemistry"
2038,"NJ",32003.2230669896,"Increasing Batt Cap - High LFP Chemistry"
2038,"NL",650.088762297565,"Increasing Batt Cap - High LFP Chemistry"
2038,"NM",5850.02550199732,"Increasing Batt Cap - High LFP Chemistry"
2038,"NS",1325.1421621122,"Increasing Batt Cap - High LFP Chemistry"
2038,"NT",40.456227675739,"Increasing Batt Cap - High LFP Chemistry"
2038,"NU",0,"Increasing Batt Cap - High LFP Chemistry"
2038,"NV",11558.3364412027,"Increasing Batt Cap - High LFP Chemistry"
2038,"NY",51914.0859135798,"Increasing Batt Cap - High LFP Chemistry"
2038,"OH",31872.3566718422,"Increasing Batt Cap - High LFP Chemistry"
2038,"OK",11541.6966443743,"Increasing Batt Cap - High LFP Chemistry"
2038,"ON",24959.0129380004,"Increasing Batt Cap - High LFP Chemistry"
2038,"OR",16869.9130042119,"Increasing Batt Cap - High LFP Chemistry"
2038,"PA",37479.86577169,"Increasing Batt Cap - High LFP Chemistry"
2038,"PE",250.358070534492,"Increasing Batt Cap - High LFP Chemistry"
2038,"QC",23551.8593649541,"Increasing Batt Cap - High LFP Chemistry"
2038,"RI",3018.25647767198,"Increasing Batt Cap - High LFP Chemistry"
2038,"SC",15152.3292146828,"Increasing Batt Cap - High LFP Chemistry"
2038,"SD",2420.957804843,"Increasing Batt Cap - High LFP Chemistry"
2038,"SK",1561.36976916292,"Increasing Batt Cap - High LFP Chemistry"
2038,"TN",20098.6778159177,"Increasing Batt Cap - High LFP Chemistry"
2038,"TX",94433.7019264604,"Increasing Batt Cap - High LFP Chemistry"
2038,"UT",12150.9010806341,"Increasing Batt Cap - High LFP Chemistry"
2038,"VA",29163.7245296682,"Increasing Batt Cap - High LFP Chemistry"
2038,"VT",2202.09637349308,"Increasing Batt Cap - High LFP Chemistry"
2038,"WA",33165.7809088068,"Increasing Batt Cap - High LFP Chemistry"
2038,"WI",15806.7184496326,"Increasing Batt Cap - High LFP Chemistry"
2038,"WV",4095.07980095115,"Increasing Batt Cap - High LFP Chemistry"
2038,"WY",1519.32154217662,"Increasing Batt Cap - High LFP Chemistry"
2038,"YT",71.2788517008667,"Increasing Batt Cap - High LFP Chemistry"
2039,"AB",9959.36786623013,"Increasing Batt Cap - High LFP Chemistry"
2039,"AK",2441.35983259085,"Increasing Batt Cap - High LFP Chemistry"
2039,"AL",17288.1212656962,"Increasing Batt Cap - High LFP Chemistry"
2039,"AR",9701.47052273096,"Increasing Batt Cap - High LFP Chemistry"
2039,"AZ",31660.6413311088,"Increasing Batt Cap - High LFP Chemistry"
2039,"BC",17263.3865304788,"Increasing Batt Cap - High LFP Chemistry"
2039,"CA",233698.088849854,"Increasing Batt Cap - High LFP Chemistry"
2039,"CO",29063.8737343712,"Increasing Batt Cap - High LFP Chemistry"
2039,"CT",13353.3400012354,"Increasing Batt Cap - High LFP Chemistry"
2039,"DC",2553.07780511844,"Increasing Batt Cap - High LFP Chemistry"
2039,"DE",4268.52970432961,"Increasing Batt Cap - High LFP Chemistry"
2039,"FL",90868.5167139874,"Increasing Batt Cap - High LFP Chemistry"
2039,"GA",43078.1926806656,"Increasing Batt Cap - High LFP Chemistry"
2039,"HI",6643.20184877932,"Increasing Batt Cap - High LFP Chemistry"
2039,"IA",11023.8233979848,"Increasing Batt Cap - High LFP Chemistry"
2039,"ID",7855.9983841671,"Increasing Batt Cap - High LFP Chemistry"
2039,"IL",43740.5406560989,"Increasing Batt Cap - High LFP Chemistry"
2039,"IN",23556.6236377301,"Increasing Batt Cap - High LFP Chemistry"
2039,"KS",10176.9340670623,"Increasing Batt Cap - High LFP Chemistry"
2039,"KY",15013.8643682363,"Increasing Batt Cap - High LFP Chemistry"
2039,"LA",14222.5126535004,"Increasing Batt Cap - High LFP Chemistry"
2039,"MA",28725.7671889502,"Increasing Batt Cap - High LFP Chemistry"
2039,"MB",2342.44922690153,"Increasing Batt Cap - High LFP Chemistry"
2039,"MD",26045.6098095707,"Increasing Batt Cap - High LFP Chemistry"
2039,"ME",4900.0793799547,"Increasing Batt Cap - High LFP Chemistry"
2039,"MI",33189.6704276312,"Increasing Batt Cap - High LFP Chemistry"
2039,"MN",21446.9119658116,"Increasing Batt Cap - High LFP Chemistry"
2039,"MO",21149.1436427624,"Increasing Batt Cap - High LFP Chemistry"
2039,"MS",9482.09336993442,"Increasing Batt Cap - High LFP Chemistry"
2039,"MT",3880.3141500079,"Increasing Batt Cap - High LFP Chemistry"
2039,"MX",61664.85715083,"Increasing Batt Cap - High LFP Chemistry"
2039,"NB",1601.1165657829,"Increasing Batt Cap - High LFP Chemistry"
2039,"NC",39636.2917450327,"Increasing Batt Cap - High LFP Chemistry"
2039,"ND",2900.94432186178,"Increasing Batt Cap - High LFP Chemistry"
2039,"NE",7096.77040135121,"Increasing Batt Cap - High LFP Chemistry"
2039,"NH",5384.74424151576,"Increasing Batt Cap - High LFP Chemistry"
2039,"NJ",38698.4273179213,"Increasing Batt Cap - High LFP Chemistry"
2039,"NL",921.35132266928,"Increasing Batt Cap - High LFP Chemistry"
2039,"NM",7463.1260967552,"Increasing Batt Cap - High LFP Chemistry"
2039,"NS",1825.31199190814,"Increasing Batt Cap - High LFP Chemistry"
2039,"NT",55.4699603380353,"Increasing Batt Cap - High LFP Chemistry"
2039,"NU",0,"Increasing Batt Cap - High LFP Chemistry"
2039,"NV",14015.9592663082,"Increasing Batt Cap - High LFP Chemistry"
2039,"NY",63619.260451445,"Increasing Batt Cap - High LFP Chemistry"
2039,"OH",40723.4177380974,"Increasing Batt Cap - High LFP Chemistry"
2039,"OK",14636.8304379458,"Increasing Batt Cap - High LFP Chemistry"
2039,"ON",31633.5027410339,"Increasing Batt Cap - High LFP Chemistry"
2039,"OR",20428.206348249,"Increasing Batt Cap - High LFP Chemistry"
2039,"PA",47720.3083859425,"Increasing Batt Cap - High LFP Chemistry"
2039,"PE",334.008822147821,"Increasing Batt Cap - High LFP Chemistry"
2039,"QC",26769.3882428716,"Increasing Batt Cap - High LFP Chemistry"
2039,"RI",3799.95935980924,"Increasing Batt Cap - High LFP Chemistry"
2039,"SC",19654.8521808995,"Increasing Batt Cap - High LFP Chemistry"
2039,"SD",3198.50869288656,"Increasing Batt Cap - High LFP Chemistry"
2039,"SK",2231.25436022652,"Increasing Batt Cap - High LFP Chemistry"
2039,"TN",25849.5705247045,"Increasing Batt Cap - High LFP Chemistry"
2039,"TX",119629.763419818,"Increasing Batt Cap - High LFP Chemistry"
2039,"UT",15026.1841504262,"Increasing Batt Cap - High LFP Chemistry"
2039,"VA",36558.7415568135,"Increasing Batt Cap - High LFP Chemistry"
2039,"VT",2676.61451065669,"Increasing Batt Cap - High LFP Chemistry"
2039,"WA",39610.7602605776,"Increasing Batt Cap - High LFP Chemistry"
2039,"WI",20223.297317521,"Increasing Batt Cap - High LFP Chemistry"
2039,"WV",5301.91425772318,"Increasing Batt Cap - High LFP Chemistry"
2039,"WY",2000.41323214661,"Increasing Batt Cap - High LFP Chemistry"
2039,"YT",100.530899487142,"Increasing Batt Cap - High LFP Chemistry"
2040,"AB",13602.4718201254,"Increasing Batt Cap - High LFP Chemistry"
2040,"AK",3046.76028204935,"Increasing Batt Cap - High LFP Chemistry"
2040,"AL",21923.0138380248,"Increasing Batt Cap - High LFP Chemistry"
2040,"AR",12247.6179044824,"Increasing Batt Cap - High LFP Chemistry"
2040,"AZ",38251.4882642751,"Increasing Batt Cap - High LFP Chemistry"
2040,"BC",19028.0432437293,"Increasing Batt Cap - High LFP Chemistry"
2040,"CA",263635.776791428,"Increasing Batt Cap - High LFP Chemistry"
2040,"CO",34701.3335074962,"Increasing Batt Cap - High LFP Chemistry"
2040,"CT",16158.3563276687,"Increasing Batt Cap - High LFP Chemistry"
2040,"DC",2988.6686628293,"Increasing Batt Cap - High LFP Chemistry"
2040,"DE",5286.15313243866,"Increasing Batt Cap - High LFP Chemistry"
2040,"FL",110390.390850149,"Increasing Batt Cap - High LFP Chemistry"
2040,"GA",53000.571935939,"Increasing Batt Cap - High LFP Chemistry"
2040,"HI",7716.62064822819,"Increasing Batt Cap - High LFP Chemistry"
2040,"IA",13950.3127606908,"Increasing Batt Cap - High LFP Chemistry"
2040,"ID",10002.1203170954,"Increasing Batt Cap - High LFP Chemistry"
2040,"IL",53248.3767532216,"Increasing Batt Cap - High LFP Chemistry"
2040,"IN",29571.8250829578,"Increasing Batt Cap - High LFP Chemistry"
2040,"KS",12767.284366561,"Increasing Batt Cap - High LFP Chemistry"
2040,"KY",18994.2712583246,"Increasing Batt Cap - High LFP Chemistry"
2040,"LA",18003.0213041655,"Increasing Batt Cap - High LFP Chemistry"
2040,"MA",34522.1306677578,"Increasing Batt Cap - High LFP Chemistry"
2040,"MB",3174.01497077175,"Increasing Batt Cap - High LFP Chemistry"
2040,"MD",31311.2897634243,"Increasing Batt Cap - High LFP Chemistry"
2040,"ME",6105.84994643471,"Increasing Batt Cap - High LFP Chemistry"
2040,"MI",41098.2181304587,"Increasing Batt Cap - High LFP Chemistry"
2040,"MN",26606.8944144918,"Increasing Batt Cap - High LFP Chemistry"
2040,"MO",26472.6234329366,"Increasing Batt Cap - High LFP Chemistry"
2040,"MS",12110.9358779388,"Increasing Batt Cap - High LFP Chemistry"
2040,"MT",4833.52790640461,"Increasing Batt Cap - High LFP Chemistry"
2040,"MX",85595.4522778607,"Increasing Batt Cap - High LFP Chemistry"
2040,"NB",2175.22068821554,"Increasing Batt Cap - High LFP Chemistry"
2040,"NC",49084.4825340025,"Increasing Batt Cap - High LFP Chemistry"
2040,"ND",3745.64713882705,"Increasing Batt Cap - High LFP Chemistry"
2040,"NE",8954.00628498739,"Increasing Batt Cap - High LFP Chemistry"
2040,"NH",6706.63520130175,"Increasing Batt Cap - High LFP Chemistry"
2040,"NJ",45870.5289030945,"Increasing Batt Cap - High LFP Chemistry"
2040,"NL",1263.09521047548,"Increasing Batt Cap - High LFP Chemistry"
2040,"NM",9310.24503887762,"Increasing Batt Cap - High LFP Chemistry"
2040,"NS",2466.27149284234,"Increasing Batt Cap - High LFP Chemistry"
2040,"NT",73.9644334919773,"Increasing Batt Cap - High LFP Chemistry"
2040,"NU",0,"Increasing Batt Cap - High LFP Chemistry"
2040,"NV",16743.903658741,"Increasing Batt Cap - High LFP Chemistry"
2040,"NY",76649.0683788493,"Increasing Batt Cap - High LFP Chemistry"
2040,"OH",50965.9087573377,"Increasing Batt Cap - High LFP Chemistry"
2040,"OK",18221.9532715045,"Increasing Batt Cap - High LFP Chemistry"
2040,"ON",39694.3277622465,"Increasing Batt Cap - High LFP Chemistry"
2040,"OR",24117.3145492268,"Increasing Batt Cap - High LFP Chemistry"
2040,"PA",58717.8994241052,"Increasing Batt Cap - High LFP Chemistry"
2040,"PE",432.791501685605,"Increasing Batt Cap - High LFP Chemistry"
2040,"QC",30128.6334046119,"Increasing Batt Cap - High LFP Chemistry"
2040,"RI",4671.02700064937,"Increasing Batt Cap - High LFP Chemistry"
2040,"SC",24909.5780863038,"Increasing Batt Cap - High LFP Chemistry"
2040,"SD",4099.05429247507,"Increasing Batt Cap - High LFP Chemistry"
2040,"SK",3069.07720608546,"Increasing Batt Cap - High LFP Chemistry"
2040,"TN",32480.1627350496,"Increasing Batt Cap - High LFP Chemistry"
2040,"TX",148928.733846803,"Increasing Batt Cap - High LFP Chemistry"
2040,"UT",18332.8509524348,"Increasing Batt Cap - High LFP Chemistry"
2040,"VA",45015.8508954935,"Increasing Batt Cap - High LFP Chemistry"
2040,"VT",3209.49946639972,"Increasing Batt Cap - High LFP Chemistry"
2040,"WA",46712.9682996476,"Increasing Batt Cap - High LFP Chemistry"
2040,"WI",25302.4905210217,"Increasing Batt Cap - High LFP Chemistry"
2040,"WV",6727.12862839992,"Increasing Batt Cap - High LFP Chemistry"
2040,"WY",2558.82632586218,"Increasing Batt Cap - High LFP Chemistry"
2040,"YT",132.980081989908,"Increasing Batt Cap - High LFP Chemistry"
2041,"AB",18066.5156441985,"Increasing Batt Cap - High LFP Chemistry"
2041,"AK",3741.12493636876,"Increasing Batt Cap - High LFP Chemistry"
2041,"AL",27095.2208099335,"Increasing Batt Cap - High LFP Chemistry"
2041,"AR",15125.483087038,"Increasing Batt Cap - High LFP Chemistry"
2041,"AZ",45629.5420077877,"Increasing Batt Cap - High LFP Chemistry"
2041,"BC",21313.7134640818,"Increasing Batt Cap - High LFP Chemistry"
2041,"CA",293808.83790945,"Increasing Batt Cap - High LFP Chemistry"
2041,"CO",40860.1505792944,"Increasing Batt Cap - High LFP Chemistry"
2041,"CT",19250.1332322489,"Increasing Batt Cap - High LFP Chemistry"
2041,"DC",3453.38317319539,"Increasing Batt Cap - High LFP Chemistry"
2041,"DE",6409.28308280647,"Increasing Batt Cap - High LFP Chemistry"
2041,"FL",132572.913822573,"Increasing Batt Cap - High LFP Chemistry"
2041,"GA",64055.5158796042,"Increasing Batt Cap - High LFP Chemistry"
2041,"HI",8924.75742871759,"Increasing Batt Cap - High LFP Chemistry"
2041,"IA",17228.3812145876,"Increasing Batt Cap - High LFP Chemistry"
2041,"ID",12432.7770631678,"Increasing Batt Cap - High LFP Chemistry"
2041,"IL",63909.1510418034,"Increasing Batt Cap - High LFP Chemistry"
2041,"IN",36294.2769403236,"Increasing Batt Cap - High LFP Chemistry"
2041,"KS",15652.4783557498,"Increasing Batt Cap - High LFP Chemistry"
2041,"KY",23416.0557526542,"Increasing Batt Cap - High LFP Chemistry"
2041,"LA",22227.8908533663,"Increasing Batt Cap - High LFP Chemistry"
2041,"MA",40941.022818239,"Increasing Batt Cap - High LFP Chemistry"
2041,"MB",4168.89564925122,"Increasing Batt Cap - High LFP Chemistry"
2041,"MD",37058.8977189646,"Increasing Batt Cap - High LFP Chemistry"
2041,"ME",7461.97857354836,"Increasing Batt Cap - High LFP Chemistry"
2041,"MI",49990.4460519996,"Increasing Batt Cap - High LFP Chemistry"
2041,"MN",32446.9424759009,"Increasing Batt Cap - High LFP Chemistry"
2041,"MO",32396.5598553045,"Increasing Batt Cap - High LFP Chemistry"
2041,"MS",15069.533478575,"Increasing Batt Cap - High LFP Chemistry"
2041,"MT",5888.88707704411,"Increasing Batt Cap - High LFP Chemistry"
2041,"MX",115248.324207636,"Increasing Batt Cap - High LFP Chemistry"
2041,"NB",2875.17024275576,"Increasing Batt Cap - High LFP Chemistry"
2041,"NC",59556.9699044798,"Increasing Batt Cap - High LFP Chemistry"
2041,"ND",4702.89987860711,"Increasing Batt Cap - High LFP Chemistry"
2041,"NE",11050.6949766931,"Increasing Batt Cap - High LFP Chemistry"
2041,"NH",8178.33794171247,"Increasing Batt Cap - High LFP Chemistry"
2041,"NJ",53756.5133740478,"Increasing Batt Cap - High LFP Chemistry"
2041,"NL",1652.09178152675,"Increasing Batt Cap - High LFP Chemistry"
2041,"NM",11343.5725926699,"Increasing Batt Cap - High LFP Chemistry"
2041,"NS",3225.6326717754,"Increasing Batt Cap - High LFP Chemistry"
2041,"NT",101.759216774521,"Increasing Batt Cap - High LFP Chemistry"
2041,"NU",0,"Increasing Batt Cap - High LFP Chemistry"
2041,"NV",19828.714249483,"Increasing Batt Cap - High LFP Chemistry"
2041,"NY",91136.4272287623,"Increasing Batt Cap - High LFP Chemistry"
2041,"OH",62399.0089342478,"Increasing Batt Cap - High LFP Chemistry"
2041,"OK",22290.3012213986,"Increasing Batt Cap - High LFP Chemistry"
2041,"ON",49725.2948810359,"Increasing Batt Cap - High LFP Chemistry"
2041,"OR",28071.9562588454,"Increasing Batt Cap - High LFP Chemistry"
2041,"PA",70553.4076728152,"Increasing Batt Cap - High LFP Chemistry"
2041,"PE",569.985695447876,"Increasing Batt Cap - High LFP Chemistry"
2041,"QC",34151.4314984401,"Increasing Batt Cap - High LFP Chemistry"
2041,"RI",5659.24856432509,"Increasing Batt Cap - High LFP Chemistry"
2041,"SC",30801.9797667521,"Increasing Batt Cap - High LFP Chemistry"
2041,"SD",5115.90249655704,"Increasing Batt Cap - High LFP Chemistry"
2041,"SK",4103.14110306421,"Increasing Batt Cap - High LFP Chemistry"
2041,"TN",39914.5017121975,"Increasing Batt Cap - High LFP Chemistry"
2041,"TX",182260.923749782,"Increasing Batt Cap - High LFP Chemistry"
2041,"UT",21991.7656732669,"Increasing Batt Cap - High LFP Chemistry"
2041,"VA",54477.361053203,"Increasing Batt Cap - High LFP Chemistry"
2041,"VT",3809.3076684187,"Increasing Batt Cap - High LFP Chemistry"
2041,"WA",54616.5502020073,"Increasing Batt Cap - High LFP Chemistry"
2041,"WI",31042.5022105822,"Increasing Batt Cap - High LFP Chemistry"
2041,"WV",8284.10428450021,"Increasing Batt Cap - High LFP Chemistry"
2041,"WY",3172.51617438422,"Increasing Batt Cap - High LFP Chemistry"
2041,"YT",174.556845183749,"Increasing Batt Cap - High LFP Chemistry"
2042,"AB",23303.3735849656,"Increasing Batt Cap - High LFP Chemistry"
2042,"AK",4472.9745257116,"Increasing Batt Cap - High LFP Chemistry"
2042,"AL",32694.7468339939,"Increasing Batt Cap - High LFP Chemistry"
2042,"AR",18219.8733142218,"Increasing Batt Cap - High LFP Chemistry"
2042,"AZ",53893.2971841729,"Increasing Batt Cap - High LFP Chemistry"
2042,"BC",24435.3389723226,"Increasing Batt Cap - High LFP Chemistry"
2042,"CA",327052.90508996,"Increasing Batt Cap - High LFP Chemistry"
2042,"CO",47601.3670873861,"Increasing Batt Cap - High LFP Chemistry"
2042,"CT",22660.0958751093,"Increasing Batt Cap - High LFP Chemistry"
2042,"DC",3984.89276379162,"Increasing Batt Cap - High LFP Chemistry"
2042,"DE",7675.15152003298,"Increasing Batt Cap - High LFP Chemistry"
2042,"FL",157916.169270847,"Increasing Batt Cap - High LFP Chemistry"
2042,"GA",76304.4848305592,"Increasing Batt Cap - High LFP Chemistry"
2042,"HI",10356.9732947794,"Increasing Batt Cap - High LFP Chemistry"
2042,"IA",20807.2769646047,"Increasing Batt Cap - High LFP Chemistry"
2042,"ID",15101.6456686326,"Increasing Batt Cap - High LFP Chemistry"
2042,"IL",75905.7458819599,"Increasing Batt Cap - High LFP Chemistry"
2042,"IN",43621.4772557145,"Increasing Batt Cap - High LFP Chemistry"
2042,"KS",18789.3197839353,"Increasing Batt Cap - High LFP Chemistry"
2042,"KY",28219.2958548745,"Increasing Batt Cap - High LFP Chemistry"
2042,"LA",26861.4407802508,"Increasing Batt Cap - High LFP Chemistry"
2042,"MA",48165.9912676642,"Increasing Batt Cap - High LFP Chemistry"
2042,"MB",5324.6974168419,"Increasing Batt Cap - High LFP Chemistry"
2042,"MD",43397.7380885887,"Increasing Batt Cap - High LFP Chemistry"
2042,"ME",8997.24115399439,"Increasing Batt Cap - High LFP Chemistry"
2042,"MI",59810.942581797,"Increasing Batt Cap - High LFP Chemistry"
2042,"MN",38950.647518606,"Increasing Batt Cap - High LFP Chemistry"
2042,"MO",38869.3488424725,"Increasing Batt Cap - High LFP Chemistry"
2042,"MS",18216.9194963331,"Increasing Batt Cap - High LFP Chemistry"
2042,"MT",7030.72999230996,"Increasing Batt Cap - High LFP Chemistry"
2042,"MX",150514.172556874,"Increasing Batt Cap - High LFP Chemistry"
2042,"NB",3668.08011189942,"Increasing Batt Cap - High LFP Chemistry"
2042,"NC",71021.3033264475,"Increasing Batt Cap - High LFP Chemistry"
2042,"ND",5776.15123308628,"Increasing Batt Cap - High LFP Chemistry"
2042,"NE",13326.7180951525,"Increasing Batt Cap - High LFP Chemistry"
2042,"NH",9827.93672154937,"Increasing Batt Cap - High LFP Chemistry"
2042,"NJ",62663.2317344299,"Increasing Batt Cap - High LFP Chemistry"
2042,"NL",2097.9606571458,"Increasing Batt Cap - High LFP Chemistry"
2042,"NM",13572.1132969551,"Increasing Batt Cap - High LFP Chemistry"
2042,"NS",4081.88269388584,"Increasing Batt Cap - High LFP Chemistry"
2042,"NT",126.117471493232,"Increasing Batt Cap - High LFP Chemistry"
2042,"NU",0,"Increasing Batt Cap - High LFP Chemistry"
2042,"NV",23286.5806143684,"Increasing Batt Cap - High LFP Chemistry"
2042,"NY",107327.479168544,"Increasing Batt Cap - High LFP Chemistry"
2042,"OH",74867.0781909969,"Increasing Batt Cap - High LFP Chemistry"
2042,"OK",26896.0709367937,"Increasing Batt Cap - High LFP Chemistry"
2042,"ON",61668.9618310119,"Increasing Batt Cap - High LFP Chemistry"
2042,"OR",32328.6393681383,"Increasing Batt Cap - High LFP Chemistry"
2042,"PA",82995.2210869599,"Increasing Batt Cap - High LFP Chemistry"
2042,"PE",727.110557709498,"Increasing Batt Cap - High LFP Chemistry"
2042,"QC",39289.4457490378,"Increasing Batt Cap - High LFP Chemistry"
2042,"RI",6749.22812267455,"Increasing Batt Cap - High LFP Chemistry"
2042,"SC",37227.9295650038,"Increasing Batt Cap - High LFP Chemistry"
2042,"SD",6203.17111841616,"Increasing Batt Cap - High LFP Chemistry"
2042,"SK",5305.46775335069,"Increasing Batt Cap - High LFP Chemistry"
2042,"TN",48070.8275660221,"Increasing Batt Cap - High LFP Chemistry"
2042,"TX",219799.381275223,"Increasing Batt Cap - High LFP Chemistry"
2042,"UT",26143.6130406422,"Increasing Batt Cap - High LFP Chemistry"
2042,"VA",64983.5040046465,"Increasing Batt Cap - High LFP Chemistry"
2042,"VT",4477.92379772864,"Increasing Batt Cap - High LFP Chemistry"
2042,"WA",63604.3419709167,"Increasing Batt Cap - High LFP Chemistry"
2042,"WI",37368.8111033804,"Increasing Batt Cap - High LFP Chemistry"
2042,"WV",9981.88178924072,"Increasing Batt Cap - High LFP Chemistry"
2042,"WY",3838.47412976892,"Increasing Batt Cap - High LFP Chemistry"
2042,"YT",225.876057225905,"Increasing Batt Cap - High LFP Chemistry"
2043,"AB",29301.2809111735,"Increasing Batt Cap - High LFP Chemistry"
2043,"AK",5264.76564254859,"Increasing Batt Cap - High LFP Chemistry"
2043,"AL",38720.1708222846,"Increasing Batt Cap - High LFP Chemistry"
2043,"AR",21587.2263961062,"Increasing Batt Cap - High LFP Chemistry"
2043,"AZ",63129.6962085323,"Increasing Batt Cap - High LFP Chemistry"
2043,"BC",28603.2926318694,"Increasing Batt Cap - High LFP Chemistry"
2043,"CA",366549.401713855,"Increasing Batt Cap - High LFP Chemistry"
2043,"CO",55228.0247578455,"Increasing Batt Cap - High LFP Chemistry"
2043,"CT",26446.4371214616,"Increasing Batt Cap - High LFP Chemistry"
2043,"DC",4586.1605094278,"Increasing Batt Cap - High LFP Chemistry"
2043,"DE",9046.64725478506,"Increasing Batt Cap - High LFP Chemistry"
2043,"FL",186740.515858277,"Increasing Batt Cap - High LFP Chemistry"
2043,"GA",89761.0859567946,"Increasing Batt Cap - High LFP Chemistry"
2043,"HI",11973.9860623365,"Increasing Batt Cap - High LFP Chemistry"
2043,"IA",24668.4545846562,"Increasing Batt Cap - High LFP Chemistry"
2043,"ID",18020.1587578321,"Increasing Batt Cap - High LFP Chemistry"
2043,"IL",89230.6021311089,"Increasing Batt Cap - High LFP Chemistry"
2043,"IN",51517.6977193173,"Increasing Batt Cap - High LFP Chemistry"
2043,"KS",22109.8948104019,"Increasing Batt Cap - High LFP Chemistry"
2043,"KY",33295.2681984774,"Increasing Batt Cap - High LFP Chemistry"
2043,"LA",31845.3478088988,"Increasing Batt Cap - High LFP Chemistry"
2043,"MA",56310.9772950188,"Increasing Batt Cap - High LFP Chemistry"
2043,"MB",6658.53709919316,"Increasing Batt Cap - High LFP Chemistry"
2043,"MD",50461.024511401,"Increasing Batt Cap - High LFP Chemistry"
2043,"ME",10675.3466968554,"Increasing Batt Cap - High LFP Chemistry"
2043,"MI",70526.4130113059,"Increasing Batt Cap - High LFP Chemistry"
2043,"MN",46100.9226439838,"Increasing Batt Cap - High LFP Chemistry"
2043,"MO",45858.9688733477,"Increasing Batt Cap - High LFP Chemistry"
2043,"MS",21550.1924419384,"Increasing Batt Cap - High LFP Chemistry"
2043,"MT",8267.18833960702,"Increasing Batt Cap - High LFP Chemistry"
2043,"MX",190961.218698848,"Increasing Batt Cap - High LFP Chemistry"
2043,"NB",4548.76028944756,"Increasing Batt Cap - High LFP Chemistry"
2043,"NC",83510.5599496267,"Increasing Batt Cap - High LFP Chemistry"
2043,"ND",6913.6206481008,"Increasing Batt Cap - High LFP Chemistry"
2043,"NE",15781.1323664054,"Increasing Batt Cap - High LFP Chemistry"
2043,"NH",11664.9731417221,"Increasing Batt Cap - High LFP Chemistry"
2043,"NJ",72771.2049651412,"Increasing Batt Cap - High LFP Chemistry"
2043,"NL",2604.49000308403,"Increasing Batt Cap - High LFP Chemistry"
2043,"NM",15984.1847697575,"Increasing Batt Cap - High LFP Chemistry"
2043,"NS",5040.87288352215,"Increasing Batt Cap - High LFP Chemistry"
2043,"NT",164.432347117235,"Increasing Batt Cap - High LFP Chemistry"
2043,"NU",0,"Increasing Batt Cap - High LFP Chemistry"
2043,"NV",27214.5643404337,"Increasing Batt Cap - High LFP Chemistry"
2043,"NY",125359.629244785,"Increasing Batt Cap - High LFP Chemistry"
2043,"OH",88295.3486198766,"Increasing Batt Cap - High LFP Chemistry"
2043,"OK",32016.4014267296,"Increasing Batt Cap - High LFP Chemistry"
2043,"ON",75693.8954973436,"Increasing Batt Cap - High LFP Chemistry"
2043,"OR",37042.5649994861,"Increasing Batt Cap - High LFP Chemistry"
2043,"PA",96156.648344278,"Increasing Batt Cap - High LFP Chemistry"
2043,"PE",893.489151881928,"Increasing Batt Cap - High LFP Chemistry"
2043,"QC",45892.4650830815,"Increasing Batt Cap - High LFP Chemistry"
2043,"RI",7942.51785123122,"Increasing Batt Cap - High LFP Chemistry"
2043,"SC",44181.8215580837,"Increasing Batt Cap - High LFP Chemistry"
2043,"SD",7376.15945491161,"Increasing Batt Cap - High LFP Chemistry"
2043,"SK",6691.58430021584,"Increasing Batt Cap - High LFP Chemistry"
2043,"TN",56939.6921739611,"Increasing Batt Cap - High LFP Chemistry"
2043,"TX",261737.048440305,"Increasing Batt Cap - High LFP Chemistry"
2043,"UT",30811.7342322654,"Increasing Batt Cap - High LFP Chemistry"
2043,"VA",76655.293525951,"Increasing Batt Cap - High LFP Chemistry"
2043,"VT",5248.8590113845,"Increasing Batt Cap - High LFP Chemistry"
2043,"WA",73818.0912452517,"Increasing Batt Cap - High LFP Chemistry"
2043,"WI",44309.3806350288,"Increasing Batt Cap - High LFP Chemistry"
2043,"WV",11796.5274429784,"Increasing Batt Cap - High LFP Chemistry"
2043,"WY",4534.19264154033,"Increasing Batt Cap - High LFP Chemistry"
2043,"YT",279.250577765178,"Increasing Batt Cap - High LFP Chemistry"
2044,"AB",36041.1406259142,"Increasing Batt Cap - High LFP Chemistry"
2044,"AK",6162.06100850502,"Increasing Batt Cap - High LFP Chemistry"
2044,"AL",45027.6115823864,"Increasing Batt Cap - High LFP Chemistry"
2044,"AR",25111.7020159387,"Increasing Batt Cap - High LFP Chemistry"
2044,"AZ",73441.5541665967,"Increasing Batt Cap - High LFP Chemistry"
2044,"BC",33935.5785193543,"Increasing Batt Cap - High LFP Chemistry"
2044,"CA",413613.492871337,"Increasing Batt Cap - High LFP Chemistry"
2044,"CO",63960.004906803,"Increasing Batt Cap - High LFP Chemistry"
2044,"CT",30533.7932690451,"Increasing Batt Cap - High LFP Chemistry"
2044,"DC",5275.9431083403,"Increasing Batt Cap - High LFP Chemistry"
2044,"DE",10583.5869415759,"Increasing Batt Cap - High LFP Chemistry"
2044,"FL",219515.034500774,"Increasing Batt Cap - High LFP Chemistry"
2044,"GA",104451.33612299,"Increasing Batt Cap - High LFP Chemistry"
2044,"HI",13853.9535367558,"Increasing Batt Cap - High LFP Chemistry"
2044,"IA",28747.4073550638,"Increasing Batt Cap - High LFP Chemistry"
2044,"ID",21251.3672134933,"Increasing Batt Cap - High LFP Chemistry"
2044,"IL",103610.562420077,"Increasing Batt Cap - High LFP Chemistry"
2044,"IN",59876.5641842871,"Increasing Batt Cap - High LFP Chemistry"
2044,"KS",25606.5689771296,"Increasing Batt Cap - High LFP Chemistry"
2044,"KY",38652.9702704844,"Increasing Batt Cap - High LFP Chemistry"
2044,"LA",37125.9167748206,"Increasing Batt Cap - High LFP Chemistry"
2044,"MA",65486.4367908565,"Increasing Batt Cap - High LFP Chemistry"
2044,"MB",8188.17868023902,"Increasing Batt Cap - High LFP Chemistry"
2044,"MD",58327.7183603782,"Increasing Batt Cap - High LFP Chemistry"
2044,"ME",12475.9969395165,"Increasing Batt Cap - High LFP Chemistry"
2044,"MI",82037.9745139476,"Increasing Batt Cap - High LFP Chemistry"
2044,"MN",53897.771394012,"Increasing Batt Cap - High LFP Chemistry"
2044,"MO",53263.4514173835,"Increasing Batt Cap - High LFP Chemistry"
2044,"MS",24955.5204012199,"Increasing Batt Cap - High LFP Chemistry"
2044,"MT",9569.30227545509,"Increasing Batt Cap - High LFP Chemistry"
2044,"MX",236139.767271879,"Increasing Batt Cap - High LFP Chemistry"
2044,"NB",5524.3554695397,"Increasing Batt Cap - High LFP Chemistry"
2044,"NC",97005.998183022,"Increasing Batt Cap - High LFP Chemistry"
2044,"ND",8176.48266302348,"Increasing Batt Cap - High LFP Chemistry"
2044,"NE",18416.1787478313,"Increasing Batt Cap - High LFP Chemistry"
2044,"NH",13696.9761095947,"Increasing Batt Cap - High LFP Chemistry"
2044,"NJ",84113.1374614639,"Increasing Batt Cap - High LFP Chemistry"
2044,"NL",3179.15617440262,"Increasing Batt Cap - High LFP Chemistry"
2044,"NM",18489.2653894685,"Increasing Batt Cap - High LFP Chemistry"
2044,"NS",6122.54840073963,"Increasing Batt Cap - High LFP Chemistry"
2044,"NT",201.259263993953,"Increasing Batt Cap - High LFP Chemistry"
2044,"NU",0,"Increasing Batt Cap - High LFP Chemistry"
2044,"NV",31690.8523406854,"Increasing Batt Cap - High LFP Chemistry"
2044,"NY",145125.56281715,"Increasing Batt Cap - High LFP Chemistry"
2044,"OH",102477.401123688,"Increasing Batt Cap - High LFP Chemistry"
2044,"OK",37666.4204610751,"Increasing Batt Cap - High LFP Chemistry"
2044,"ON",91963.7961776964,"Increasing Batt Cap - High LFP Chemistry"
2044,"OR",42285.3872593568,"Increasing Batt Cap - High LFP Chemistry"
2044,"PA",109851.459957993,"Increasing Batt Cap - High LFP Chemistry"
2044,"PE",1081.83274035731,"Increasing Batt Cap - High LFP Chemistry"
2044,"QC",54101.6814541599,"Increasing Batt Cap - High LFP Chemistry"
2044,"RI",9279.04044909047,"Increasing Batt Cap - High LFP Chemistry"
2044,"SC",51685.3176975293,"Increasing Batt Cap - High LFP Chemistry"
2044,"SD",8639.35920807757,"Increasing Batt Cap - High LFP Chemistry"
2044,"SK",8239.43937566932,"Increasing Batt Cap - High LFP Chemistry"
2044,"TN",66549.5250362107,"Increasing Batt Cap - High LFP Chemistry"
2044,"TX",308775.215285003,"Increasing Batt Cap - High LFP Chemistry"
2044,"UT",36116.9435338449,"Increasing Batt Cap - High LFP Chemistry"
2044,"VA",89441.6930920287,"Increasing Batt Cap - High LFP Chemistry"
2044,"VT",6131.00237254313,"Increasing Batt Cap - High LFP Chemistry"
2044,"WA",85555.4887094425,"Increasing Batt Cap - High LFP Chemistry"
2044,"WI",51726.1687971009,"Increasing Batt Cap - High LFP Chemistry"
2044,"WV",13656.5631063564,"Increasing Batt Cap - High LFP Chemistry"
2044,"WY",5290.00943282929,"Increasing Batt Cap - High LFP Chemistry"
2044,"YT",342.107909929699,"Increasing Batt Cap - High LFP Chemistry"
2045,"AB",43525.8523259726,"Increasing Batt Cap - High LFP Chemistry"
2045,"AK",7072.75142144714,"Increasing Batt Cap - High LFP Chemistry"
2045,"AL",51772.7333071286,"Increasing Batt Cap - High LFP Chemistry"
2045,"AR",28814.7876111879,"Increasing Batt Cap - High LFP Chemistry"
2045,"AZ",84707.7316223712,"Increasing Batt Cap - High LFP Chemistry"
2045,"BC",40305.1450746044,"Increasing Batt Cap - High LFP Chemistry"
2045,"CA",468774.085094779,"Increasing Batt Cap - High LFP Chemistry"
2045,"CO",73845.5236903072,"Increasing Batt Cap - High LFP Chemistry"
2045,"CT",34974.4525741678,"Increasing Batt Cap - High LFP Chemistry"
2045,"DC",6046.8495152288,"Increasing Batt Cap - High LFP Chemistry"
2045,"DE",12243.5957031053,"Increasing Batt Cap - High LFP Chemistry"
2045,"FL",255928.818632306,"Increasing Batt Cap - High LFP Chemistry"
2045,"GA",120352.831295013,"Increasing Batt Cap - High LFP Chemistry"
2045,"HI",15915.2393953787,"Increasing Batt Cap - High LFP Chemistry"
2045,"IA",33085.7285740707,"Increasing Batt Cap - High LFP Chemistry"
2045,"ID",24763.8837520868,"Increasing Batt Cap - High LFP Chemistry"
2045,"IL",119165.861483921,"Increasing Batt Cap - High LFP Chemistry"
2045,"IN",68748.7515921583,"Increasing Batt Cap - High LFP Chemistry"
2045,"KS",29277.0477104887,"Increasing Batt Cap - High LFP Chemistry"
2045,"KY",44271.6941863875,"Increasing Batt Cap - High LFP Chemistry"
2045,"LA",42719.6584721638,"Increasing Batt Cap - High LFP Chemistry"
2045,"MA",75699.6384873406,"Increasing Batt Cap - High LFP Chemistry"
2045,"MB",9872.99835262705,"Increasing Batt Cap - High LFP Chemistry"
2045,"MD",66965.9082630302,"Increasing Batt Cap - High LFP Chemistry"
2045,"ME",14412.7912128001,"Increasing Batt Cap - High LFP Chemistry"
2045,"MI",94465.2409809834,"Increasing Batt Cap - High LFP Chemistry"
2045,"MN",62317.6541951983,"Increasing Batt Cap - High LFP Chemistry"
2045,"MO",61173.076171802,"Increasing Batt Cap - High LFP Chemistry"
2045,"MS",28519.8508803214,"Increasing Batt Cap - High LFP Chemistry"
2045,"MT",10964.4800566667,"Increasing Batt Cap - High LFP Chemistry"
2045,"MX",285487.232974693,"Increasing Batt Cap - High LFP Chemistry"
2045,"NB",6586.05482978334,"Increasing Batt Cap - High LFP Chemistry"
2045,"NC",111530.348407102,"Increasing Batt Cap - High LFP Chemistry"
2045,"ND",9542.1974169081,"Increasing Batt Cap - High LFP Chemistry"
2045,"NE",21207.3028528834,"Increasing Batt Cap - High LFP Chemistry"
2045,"NH",15821.2098577981,"Increasing Batt Cap - High LFP Chemistry"
2045,"NJ",96743.716500072,"Increasing Batt Cap - High LFP Chemistry"
2045,"NL",3805.41415854996,"Increasing Batt Cap - High LFP Chemistry"
2045,"NM",21159.8241295274,"Increasing Batt Cap - High LFP Chemistry"
2045,"NS",7287.27487823447,"Increasing Batt Cap - High LFP Chemistry"
2045,"NT",247.244519411398,"Increasing Batt Cap - High LFP Chemistry"
2045,"NU",0,"Increasing Batt Cap - High LFP Chemistry"
2045,"NV",36646.3169390605,"Increasing Batt Cap - High LFP Chemistry"
2045,"NY",166867.561029002,"Increasing Batt Cap - High LFP Chemistry"
2045,"OH",117519.148887309,"Increasing Batt Cap - High LFP Chemistry"
2045,"OK",43906.0991325504,"Increasing Batt Cap - High LFP Chemistry"
2045,"ON",110273.357604108,"Increasing Batt Cap - High LFP Chemistry"
2045,"OR",48056.1309830571,"Increasing Batt Cap - High LFP Chemistry"
2045,"PA",124365.842079031,"Increasing Batt Cap - High LFP Chemistry"
2045,"PE",1283.78874682616,"Increasing Batt Cap - High LFP Chemistry"
2045,"QC",63825.3855923037,"Increasing Batt Cap - High LFP Chemistry"
2045,"RI",10711.0174629233,"Increasing Batt Cap - High LFP Chemistry"
2045,"SC",59731.2985801979,"Increasing Batt Cap - High LFP Chemistry"
2045,"SD",9986.17153875883,"Increasing Batt Cap - High LFP Chemistry"
2045,"SK",9974.18522468623,"Increasing Batt Cap - High LFP Chemistry"
2045,"TN",76840.4608053703,"Increasing Batt Cap - High LFP Chemistry"
2045,"TX",360199.699379479,"Increasing Batt Cap - High LFP Chemistry"
2045,"UT",41993.9945682004,"Increasing Batt Cap - High LFP Chemistry"
2045,"VA",103365.138945281,"Increasing Batt Cap - High LFP Chemistry"
2045,"VT",7087.68196300883,"Increasing Batt Cap - High LFP Chemistry"
2045,"WA",98573.0818007331,"Increasing Batt Cap - High LFP Chemistry"
2045,"WI",59700.3447478573,"Increasing Batt Cap - High LFP Chemistry"
2045,"WV",15623.7444223886,"Increasing Batt Cap - High LFP Chemistry"
2045,"WY",6071.37109543039,"Increasing Batt Cap - High LFP Chemistry"
2045,"YT",409.97588790377,"Increasing Batt Cap - High LFP Chemistry"
2046,"AB",51829.2195673111,"Increasing Batt Cap - High LFP Chemistry"
2046,"AK",8050.66019491075,"Increasing Batt Cap - High LFP Chemistry"
2046,"AL",58989.7806362065,"Increasing Batt Cap - High LFP Chemistry"
2046,"AR",32815.2894712974,"Increasing Batt Cap - High LFP Chemistry"
2046,"AZ",97143.0826912438,"Increasing Batt Cap - High LFP Chemistry"
2046,"BC",47724.60920195,"Increasing Batt Cap - High LFP Chemistry"
2046,"CA",532208.158060829,"Increasing Batt Cap - High LFP Chemistry"
2046,"CO",84898.3375771545,"Increasing Batt Cap - High LFP Chemistry"
2046,"CT",39873.8610731732,"Increasing Batt Cap - High LFP Chemistry"
2046,"DC",6863.22503891282,"Increasing Batt Cap - High LFP Chemistry"
2046,"DE",14089.0763998925,"Increasing Batt Cap - High LFP Chemistry"
2046,"FL",296099.96368005,"Increasing Batt Cap - High LFP Chemistry"
2046,"GA",137692.773763883,"Increasing Batt Cap - High LFP Chemistry"
2046,"HI",18236.9075189806,"Increasing Batt Cap - High LFP Chemistry"
2046,"IA",37745.3983888931,"Increasing Batt Cap - High LFP Chemistry"
2046,"ID",28601.9185264571,"Increasing Batt Cap - High LFP Chemistry"
2046,"IL",136011.111774003,"Increasing Batt Cap - High LFP Chemistry"
2046,"IN",78312.6822551842,"Increasing Batt Cap - High LFP Chemistry"
2046,"KS",33176.5132669864,"Increasing Batt Cap - High LFP Chemistry"
2046,"KY",50262.43715649,"Increasing Batt Cap - High LFP Chemistry"
2046,"LA",48717.1408866251,"Increasing Batt Cap - High LFP Chemistry"
2046,"MA",87190.7751229008,"Increasing Batt Cap - High LFP Chemistry"
2046,"MB",11745.6755402459,"Increasing Batt Cap - High LFP Chemistry"
2046,"MD",76539.938812978,"Increasing Batt Cap - High LFP Chemistry"
2046,"ME",16524.2791377082,"Increasing Batt Cap - High LFP Chemistry"
2046,"MI",107988.147079498,"Increasing Batt Cap - High LFP Chemistry"
2046,"MN",71523.5729601588,"Increasing Batt Cap - High LFP Chemistry"
2046,"MO",69754.9593169148,"Increasing Batt Cap - High LFP Chemistry"
2046,"MS",32270.4177932928,"Increasing Batt Cap - High LFP Chemistry"
2046,"MT",12458.9023248872,"Increasing Batt Cap - High LFP Chemistry"
2046,"MX",338331.813426486,"Increasing Batt Cap - High LFP Chemistry"
2046,"NB",7758.88975401716,"Increasing Batt Cap - High LFP Chemistry"
2046,"NC",127323.795598325,"Increasing Batt Cap - High LFP Chemistry"
2046,"ND",11034.733514379,"Increasing Batt Cap - High LFP Chemistry"
2046,"NE",24232.7459611617,"Increasing Batt Cap - High LFP Chemistry"
2046,"NH",18199.1343174977,"Increasing Batt Cap - High LFP Chemistry"
2046,"NJ",110829.462222516,"Increasing Batt Cap - High LFP Chemistry"
2046,"NL",4514.02907640867,"Increasing Batt Cap - High LFP Chemistry"
2046,"NM",24032.9201332697,"Increasing Batt Cap - High LFP Chemistry"
2046,"NS",8552.65118661237,"Increasing Batt Cap - High LFP Chemistry"
2046,"NT",295.737975545623,"Increasing Batt Cap - High LFP Chemistry"
2046,"NU",0,"Increasing Batt Cap - High LFP Chemistry"
2046,"NV",42137.3287484781,"Increasing Batt Cap - High LFP Chemistry"
2046,"NY",190763.372495459,"Increasing Batt Cap - High LFP Chemistry"
2046,"OH",133705.858831806,"Increasing Batt Cap - High LFP Chemistry"
2046,"OK",50820.3823330168,"Increasing Batt Cap - High LFP Chemistry"
2046,"ON",130827.966578896,"Increasing Batt Cap - High LFP Chemistry"
2046,"OR",54433.2541480229,"Increasing Batt Cap - High LFP Chemistry"
2046,"PA",139950.262205472,"Increasing Batt Cap - High LFP Chemistry"
2046,"PE",1520.6686226604,"Increasing Batt Cap - High LFP Chemistry"
2046,"QC",75036.8503947014,"Increasing Batt Cap - High LFP Chemistry"
2046,"RI",12286.4104413668,"Increasing Batt Cap - High LFP Chemistry"
2046,"SC",68466.0120630229,"Increasing Batt Cap - High LFP Chemistry"
2046,"SD",11456.3811030373,"Increasing Batt Cap - High LFP Chemistry"
2046,"SK",11924.3529006066,"Increasing Batt Cap - High LFP Chemistry"
2046,"TN",88040.0174503873,"Increasing Batt Cap - High LFP Chemistry"
2046,"TX",416353.82522358,"Increasing Batt Cap - High LFP Chemistry"
2046,"UT",48461.1699292026,"Increasing Batt Cap - High LFP Chemistry"
2046,"VA",118611.686790811,"Increasing Batt Cap - High LFP Chemistry"
2046,"VT",8196.2913920382,"Increasing Batt Cap - High LFP Chemistry"
2046,"WA",113040.289684439,"Increasing Batt Cap - High LFP Chemistry"
2046,"WI",68351.2123197891,"Increasing Batt Cap - High LFP Chemistry"
2046,"WV",17724.3900699011,"Increasing Batt Cap - High LFP Chemistry"
2046,"WY",6892.40856270212,"Increasing Batt Cap - High LFP Chemistry"
2046,"YT",494.59142092256,"Increasing Batt Cap - High LFP Chemistry"
2047,"AB",60610.1315492871,"Increasing Batt Cap - High LFP Chemistry"
2047,"AK",9078.19980396027,"Increasing Batt Cap - High LFP Chemistry"
2047,"AL",66390.090220429,"Increasing Batt Cap - High LFP Chemistry"
2047,"AR",36915.7054188378,"Increasing Batt Cap - High LFP Chemistry"
2047,"AZ",110157.364016128,"Increasing Batt Cap - High LFP Chemistry"
2047,"BC",55802.1288589886,"Increasing Batt Cap - High LFP Chemistry"
2047,"CA",600159.670858177,"Increasing Batt Cap - High LFP Chemistry"
2047,"CO",96670.3759698236,"Increasing Batt Cap - High LFP Chemistry"
2047,"CT",44903.4544356031,"Increasing Batt Cap - High LFP Chemistry"
2047,"DC",7735.19455822341,"Increasing Batt Cap - High LFP Chemistry"
2047,"DE",15984.0370398509,"Increasing Batt Cap - High LFP Chemistry"
2047,"FL",338219.455302809,"Increasing Batt Cap - High LFP Chemistry"
2047,"GA",155774.153028754,"Increasing Batt Cap - High LFP Chemistry"
2047,"HI",20663.2856485133,"Increasing Batt Cap - High LFP Chemistry"
2047,"IA",42539.121070645,"Increasing Batt Cap - High LFP Chemistry"
2047,"ID",32615.3415493681,"Increasing Batt Cap - High LFP Chemistry"
2047,"IL",153495.713327642,"Increasing Batt Cap - High LFP Chemistry"
2047,"IN",88201.0177616282,"Increasing Batt Cap - High LFP Chemistry"
2047,"KS",37178.4338694837,"Increasing Batt Cap - High LFP Chemistry"
2047,"KY",56409.7095517392,"Increasing Batt Cap - High LFP Chemistry"
2047,"LA",54873.5057106925,"Increasing Batt Cap - High LFP Chemistry"
2047,"MA",99415.4734945487,"Increasing Batt Cap - High LFP Chemistry"
2047,"MB",13746.9095107177,"Increasing Batt Cap - High LFP Chemistry"
2047,"MD",86590.8964983234,"Increasing Batt Cap - High LFP Chemistry"
2047,"ME",18704.1913564016,"Increasing Batt Cap - High LFP Chemistry"
2047,"MI",122045.068618069,"Increasing Batt Cap - High LFP Chemistry"
2047,"MN",81075.9059259553,"Increasing Batt Cap - High LFP Chemistry"
2047,"MO",78680.3845544763,"Increasing Batt Cap - High LFP Chemistry"
2047,"MS",36074.1633586253,"Increasing Batt Cap - High LFP Chemistry"
2047,"MT",14018.3216035539,"Increasing Batt Cap - High LFP Chemistry"
2047,"MX",393776.656435133,"Increasing Batt Cap - High LFP Chemistry"
2047,"NB",8983.2556805314,"Increasing Batt Cap - High LFP Chemistry"
2047,"NC",143776.926682872,"Increasing Batt Cap - High LFP Chemistry"
2047,"ND",12612.6417804991,"Increasing Batt Cap - High LFP Chemistry"
2047,"NE",27366.7856010183,"Increasing Batt Cap - High LFP Chemistry"
2047,"NH",20636.1067467976,"Increasing Batt Cap - High LFP Chemistry"
2047,"NJ",125692.357779251,"Increasing Batt Cap - High LFP Chemistry"
2047,"NL",5286.5978274958,"Increasing Batt Cap - High LFP Chemistry"
2047,"NM",26942.8134992429,"Increasing Batt Cap - High LFP Chemistry"
2047,"NS",9867.77333115608,"Increasing Batt Cap - High LFP Chemistry"
2047,"NT",348.761485513449,"Increasing Batt Cap - High LFP Chemistry"
2047,"NU",0,"Increasing Batt Cap - High LFP Chemistry"
2047,"NV",47872.7411177619,"Increasing Batt Cap - High LFP Chemistry"
2047,"NY",215797.008316323,"Increasing Batt Cap - High LFP Chemistry"
2047,"OH",150286.303907503,"Increasing Batt Cap - High LFP Chemistry"
2047,"OK",58152.9003614131,"Increasing Batt Cap - High LFP Chemistry"
2047,"ON",152684.036061265,"Increasing Batt Cap - High LFP Chemistry"
2047,"OR",61167.8461658855,"Increasing Batt Cap - High LFP Chemistry"
2047,"PA",155922.676575283,"Increasing Batt Cap - High LFP Chemistry"
2047,"PE",1751.14603139126,"Increasing Batt Cap - High LFP Chemistry"
2047,"QC",87193.3418953248,"Increasing Batt Cap - High LFP Chemistry"
2047,"RI",13932.242522064,"Increasing Batt Cap - High LFP Chemistry"
2047,"SC",77507.4164490325,"Increasing Batt Cap - High LFP Chemistry"
2047,"SD",12989.100640871,"Increasing Batt Cap - High LFP Chemistry"
2047,"SK",14021.1127853818,"Increasing Batt Cap - High LFP Chemistry"
2047,"TN",99597.8249735709,"Increasing Batt Cap - High LFP Chemistry"
2047,"TX",474606.18650594,"Increasing Batt Cap - High LFP Chemistry"
2047,"UT",55266.1381146933,"Increasing Batt Cap - High LFP Chemistry"
2047,"VA",134529.681479118,"Increasing Batt Cap - High LFP Chemistry"
2047,"VT",9352.40925495932,"Increasing Batt Cap - High LFP Chemistry"
2047,"WA",128238.634050812,"Increasing Batt Cap - High LFP Chemistry"
2047,"WI",77305.8227599304,"Increasing Batt Cap - High LFP Chemistry"
2047,"WV",19886.502835092,"Increasing Batt Cap - High LFP Chemistry"
2047,"WY",7737.57885429468,"Increasing Batt Cap - High LFP Chemistry"
2047,"YT",575.209280680071,"Increasing Batt Cap - High LFP Chemistry"
2048,"AB",69687.4286872292,"Increasing Batt Cap - High LFP Chemistry"
2048,"AK",10091.0858789419,"Increasing Batt Cap - High LFP Chemistry"
2048,"AL",73858.3218557241,"Increasing Batt Cap - High LFP Chemistry"
2048,"AR",41006.4601732775,"Increasing Batt Cap - High LFP Chemistry"
2048,"AZ",123346.937829565,"Increasing Batt Cap - High LFP Chemistry"
2048,"BC",64300.058198044,"Increasing Batt Cap - High LFP Chemistry"
2048,"CA",669938.445652065,"Increasing Batt Cap - High LFP Chemistry"
2048,"CO",108783.477712032,"Increasing Batt Cap - High LFP Chemistry"
2048,"CT",49996.4681517098,"Increasing Batt Cap - High LFP Chemistry"
2048,"DC",8622.90278604951,"Increasing Batt Cap - High LFP Chemistry"
2048,"DE",17913.7369148946,"Increasing Batt Cap - High LFP Chemistry"
2048,"FL",380871.058271575,"Increasing Batt Cap - High LFP Chemistry"
2048,"GA",173998.273701568,"Increasing Batt Cap - High LFP Chemistry"
2048,"HI",23147.5117556602,"Increasing Batt Cap - High LFP Chemistry"
2048,"IA",47376.5700952477,"Increasing Batt Cap - High LFP Chemistry"
2048,"ID",36694.8929418147,"Increasing Batt Cap - High LFP Chemistry"
2048,"IL",170988.565460434,"Increasing Batt Cap - High LFP Chemistry"
2048,"IN",98140.0043928999,"Increasing Batt Cap - High LFP Chemistry"
2048,"KS",41164.7001967683,"Increasing Batt Cap - High LFP Chemistry"
2048,"KY",62548.3427916371,"Increasing Batt Cap - High LFP Chemistry"
2048,"LA",61043.9143850334,"Increasing Batt Cap - High LFP Chemistry"
2048,"MA",111988.150192263,"Increasing Batt Cap - High LFP Chemistry"
2048,"MB",15785.251322611,"Increasing Batt Cap - High LFP Chemistry"
2048,"MD",96810.3419562248,"Increasing Batt Cap - High LFP Chemistry"
2048,"ME",20892.7541405379,"Increasing Batt Cap - High LFP Chemistry"
2048,"MI",136352.776819807,"Increasing Batt Cap - High LFP Chemistry"
2048,"MN",90721.6831260238,"Increasing Batt Cap - High LFP Chemistry"
2048,"MO",87752.502488378,"Increasing Batt Cap - High LFP Chemistry"
2048,"MS",39815.3410907673,"Increasing Batt Cap - High LFP Chemistry"
2048,"MT",15611.6020748625,"Increasing Batt Cap - High LFP Chemistry"
2048,"MX",450570.432590323,"Increasing Batt Cap - High LFP Chemistry"
2048,"NB",10236.0684727345,"Increasing Batt Cap - High LFP Chemistry"
2048,"NC",160498.110850024,"Increasing Batt Cap - High LFP Chemistry"
2048,"ND",14203.8981618077,"Increasing Batt Cap - High LFP Chemistry"
2048,"NE",30544.6011081951,"Increasing Batt Cap - High LFP Chemistry"
2048,"NH",23107.8096880334,"Increasing Batt Cap - High LFP Chemistry"
2048,"NJ",140785.327708855,"Increasing Batt Cap - High LFP Chemistry"
2048,"NL",6072.28021920125,"Increasing Batt Cap - High LFP Chemistry"
2048,"NM",29857.5794974043,"Increasing Batt Cap - High LFP Chemistry"
2048,"NS",11224.8471588868,"Increasing Batt Cap - High LFP Chemistry"
2048,"NT",402.099891667897,"Increasing Batt Cap - High LFP Chemistry"
2048,"NU",0,"Increasing Batt Cap - High LFP Chemistry"
2048,"NV",53725.7816076395,"Increasing Batt Cap - High LFP Chemistry"
2048,"NY",241156.168808538,"Increasing Batt Cap - High LFP Chemistry"
2048,"OH",166893.240266396,"Increasing Batt Cap - High LFP Chemistry"
2048,"OK",65670.5659291472,"Increasing Batt Cap - High LFP Chemistry"
2048,"ON",175197.870828891,"Increasing Batt Cap - High LFP Chemistry"
2048,"OR",68071.714264602,"Increasing Batt Cap - High LFP Chemistry"
2048,"PA",171967.688709639,"Increasing Batt Cap - High LFP Chemistry"
2048,"PE",1989.74059339405,"Increasing Batt Cap - High LFP Chemistry"
2048,"QC",99820.7223819492,"Increasing Batt Cap - High LFP Chemistry"
2048,"RI",15624.8035164518,"Increasing Batt Cap - High LFP Chemistry"
2048,"SC",86648.8099297442,"Increasing Batt Cap - High LFP Chemistry"
2048,"SD",14499.793649931,"Increasing Batt Cap - High LFP Chemistry"
2048,"SK",16181.2592383409,"Increasing Batt Cap - High LFP Chemistry"
2048,"TN",111243.710471443,"Increasing Batt Cap - High LFP Chemistry"
2048,"TX",533361.370398597,"Increasing Batt Cap - High LFP Chemistry"
2048,"UT",62141.1593091882,"Increasing Batt Cap - High LFP Chemistry"
2048,"VA",150639.077782035,"Increasing Batt Cap - High LFP Chemistry"
2048,"VT",10523.097357875,"Increasing Batt Cap - High LFP Chemistry"
2048,"WA",143574.034702349,"Increasing Batt Cap - High LFP Chemistry"
2048,"WI",86375.382216009,"Increasing Batt Cap - High LFP Chemistry"
2048,"WV",22030.2310433789,"Increasing Batt Cap - High LFP Chemistry"
2048,"WY",8587.94341723078,"Increasing Batt Cap - High LFP Chemistry"
2048,"YT",666.284508252407,"Increasing Batt Cap - High LFP Chemistry"
2049,"AB",78673.5446628474,"Increasing Batt Cap - High LFP Chemistry"
2049,"AK",11059.210379739,"Increasing Batt Cap - High LFP Chemistry"
2049,"AL",81010.1185515846,"Increasing Batt Cap - High LFP Chemistry"
2049,"AR",44936.6619188764,"Increasing Batt Cap - High LFP Chemistry"
2049,"AZ",136145.042368034,"Increasing Batt Cap - High LFP Chemistry"
2049,"BC",72709.1592526369,"Increasing Batt Cap - High LFP Chemistry"
2049,"CA",737797.787077511,"Increasing Batt Cap - High LFP Chemistry"
2049,"CO",120615.797269813,"Increasing Batt Cap - High LFP Chemistry"
2049,"CT",54901.5182612483,"Increasing Batt Cap - High LFP Chemistry"
2049,"DC",9492.26991001739,"Increasing Batt Cap - High LFP Chemistry"
2049,"DE",19797.6515444976,"Increasing Batt Cap - High LFP Chemistry"
2049,"FL",422007.545286834,"Increasing Batt Cap - High LFP Chemistry"
2049,"GA",191540.539077552,"Increasing Batt Cap - High LFP Chemistry"
2049,"HI",25547.3234753674,"Increasing Batt Cap - High LFP Chemistry"
2049,"IA",51998.42285999,"Increasing Batt Cap - High LFP Chemistry"
2049,"ID",40651.6935310697,"Increasing Batt Cap - High LFP Chemistry"
2049,"IL",187544.972943705,"Increasing Batt Cap - High LFP Chemistry"
2049,"IN",107602.840432393,"Increasing Batt Cap - High LFP Chemistry"
2049,"KS",44991.5506116268,"Increasing Batt Cap - High LFP Chemistry"
2049,"KY",68422.0977304762,"Increasing Batt Cap - High LFP Chemistry"
2049,"LA",66902.9412126899,"Increasing Batt Cap - High LFP Chemistry"
2049,"MA",124175.380928263,"Increasing Batt Cap - High LFP Chemistry"
2049,"MB",17818.940574819,"Increasing Batt Cap - High LFP Chemistry"
2049,"MD",106681.255023516,"Increasing Batt Cap - High LFP Chemistry"
2049,"ME",22954.3453301475,"Increasing Batt Cap - High LFP Chemistry"
2049,"MI",150219.630512023,"Increasing Batt Cap - High LFP Chemistry"
2049,"MN",99981.1568652787,"Increasing Batt Cap - High LFP Chemistry"
2049,"MO",96440.0152427349,"Increasing Batt Cap - High LFP Chemistry"
2049,"MS",43369.1836221898,"Increasing Batt Cap - High LFP Chemistry"
2049,"MT",17144.5735178756,"Increasing Batt Cap - High LFP Chemistry"
2049,"MX",507159.43940631,"Increasing Batt Cap - High LFP Chemistry"
2049,"NB",11460.495688439,"Increasing Batt Cap - High LFP Chemistry"
2049,"NC",176646.534281101,"Increasing Batt Cap - High LFP Chemistry"
2049,"ND",15749.8449199728,"Increasing Batt Cap - High LFP Chemistry"
2049,"NE",33581.1449831099,"Increasing Batt Cap - High LFP Chemistry"
2049,"NH",25440.3529830313,"Increasing Batt Cap - High LFP Chemistry"
2049,"NJ",155328.948340396,"Increasing Batt Cap - High LFP Chemistry"
2049,"NL",6828.16622986483,"Increasing Batt Cap - High LFP Chemistry"
2049,"NM",32649.7276180275,"Increasing Batt Cap - High LFP Chemistry"
2049,"NS",12551.4387471149,"Increasing Batt Cap - High LFP Chemistry"
2049,"NT",457.429722093085,"Increasing Batt Cap - High LFP Chemistry"
2049,"NU",0,"Increasing Batt Cap - High LFP Chemistry"
2049,"NV",59417.699761165,"Increasing Batt Cap - High LFP Chemistry"
2049,"NY",265609.614583638,"Increasing Batt Cap - High LFP Chemistry"
2049,"OH",182691.527893987,"Increasing Batt Cap - High LFP Chemistry"
2049,"OK",73045.4910003278,"Increasing Batt Cap - High LFP Chemistry"
2049,"ON",197224.232702466,"Increasing Batt Cap - High LFP Chemistry"
2049,"OR",74763.4346828512,"Increasing Batt Cap - High LFP Chemistry"
2049,"PA",187235.773706214,"Increasing Batt Cap - High LFP Chemistry"
2049,"PE",2238.4108523415,"Increasing Batt Cap - High LFP Chemistry"
2049,"QC",112248.792121771,"Increasing Batt Cap - High LFP Chemistry"
2049,"RI",17215.5821867567,"Increasing Batt Cap - High LFP Chemistry"
2049,"SC",95480.4729790347,"Increasing Batt Cap - High LFP Chemistry"
2049,"SD",15971.977111857,"Increasing Batt Cap - High LFP Chemistry"
2049,"SK",18294.2840631499,"Increasing Batt Cap - High LFP Chemistry"
2049,"TN",122456.264080558,"Increasing Batt Cap - High LFP Chemistry"
2049,"TX",589881.116809841,"Increasing Batt Cap - High LFP Chemistry"
2049,"UT",68861.3981075217,"Increasing Batt Cap - High LFP Chemistry"
2049,"VA",166193.026535541,"Increasing Batt Cap - High LFP Chemistry"
2049,"VT",11644.7015010295,"Increasing Batt Cap - High LFP Chemistry"
2049,"WA",158381.295558115,"Increasing Batt Cap - High LFP Chemistry"
2049,"WI",95050.8464242569,"Increasing Batt Cap - High LFP Chemistry"
2049,"WV",24054.5222000087,"Increasing Batt Cap - High LFP Chemistry"
2049,"WY",9414.24706522947,"Increasing Batt Cap - High LFP Chemistry"
2049,"YT",755.454645869668,"Increasing Batt Cap - High LFP Chemistry"
2050,"AB",87264.0521141839,"Increasing Batt Cap - High LFP Chemistry"
2050,"AK",11959.1524164714,"Increasing Batt Cap - High LFP Chemistry"
2050,"AL",87651.2641791952,"Increasing Batt Cap - High LFP Chemistry"
2050,"AR",48570.7459797371,"Increasing Batt Cap - High LFP Chemistry"
2050,"AZ",148141.709874374,"Increasing Batt Cap - High LFP Chemistry"
2050,"BC",80836.5563075329,"Increasing Batt Cap - High LFP Chemistry"
2050,"CA",801145.386395629,"Increasing Batt Cap - High LFP Chemistry"
2050,"CO",131769.731378568,"Increasing Batt Cap - High LFP Chemistry"
2050,"CT",59405.5190375238,"Increasing Batt Cap - High LFP Chemistry"
2050,"DC",10281.1949098247,"Increasing Batt Cap - High LFP Chemistry"
2050,"DE",21520.0546271968,"Increasing Batt Cap - High LFP Chemistry"
2050,"FL",460397.674390551,"Increasing Batt Cap - High LFP Chemistry"
2050,"GA",207921.172833785,"Increasing Batt Cap - High LFP Chemistry"
2050,"HI",27799.7273618558,"Increasing Batt Cap - High LFP Chemistry"
2050,"IA",56297.6303714672,"Increasing Batt Cap - High LFP Chemistry"
2050,"ID",44410.8615008633,"Increasing Batt Cap - High LFP Chemistry"
2050,"IL",202632.87607816,"Increasing Batt Cap - High LFP Chemistry"
2050,"IN",116413.681747985,"Increasing Batt Cap - High LFP Chemistry"
2050,"KS",48490.3590474746,"Increasing Batt Cap - High LFP Chemistry"
2050,"KY",73854.7254092893,"Increasing Batt Cap - High LFP Chemistry"
2050,"LA",72293.2003917395,"Increasing Batt Cap - High LFP Chemistry"
2050,"MA",135451.765254014,"Increasing Batt Cap - High LFP Chemistry"
2050,"MB",19745.5925899245,"Increasing Batt Cap - High LFP Chemistry"
2050,"MD",115799.911880331,"Increasing Batt Cap - High LFP Chemistry"
2050,"ME",24841.3319460418,"Increasing Batt Cap - High LFP Chemistry"
2050,"MI",163102.154039819,"Increasing Batt Cap - High LFP Chemistry"
2050,"MN",108597.22193031,"Increasing Batt Cap - High LFP Chemistry"
2050,"MO",104480.654466716,"Increasing Batt Cap - High LFP Chemistry"
2050,"MS",46604.0741728434,"Increasing Batt Cap - High LFP Chemistry"
2050,"MT",18602.010822889,"Increasing Batt Cap - High LFP Chemistry"
2050,"MX",562036.905144485,"Increasing Batt Cap - High LFP Chemistry"
2050,"NB",12628.033487928,"Increasing Batt Cap - High LFP Chemistry"
2050,"NC",191841.12648523,"Increasing Batt Cap - High LFP Chemistry"
2050,"ND",17169.2835356777,"Increasing Batt Cap - High LFP Chemistry"
2050,"NE",36442.1968918662,"Increasing Batt Cap - High LFP Chemistry"
2050,"NH",27581.4549733326,"Increasing Batt Cap - High LFP Chemistry"
2050,"NJ",168832.437801413,"Increasing Batt Cap - High LFP Chemistry"
2050,"NL",7550.8852265715,"Increasing Batt Cap - High LFP Chemistry"
2050,"NM",35216.0725683013,"Increasing Batt Cap - High LFP Chemistry"
2050,"NS",13818.4533307884,"Increasing Batt Cap - High LFP Chemistry"
2050,"NT",514.470286850984,"Increasing Batt Cap - High LFP Chemistry"
2050,"NU",7.10127274753215,"Increasing Batt Cap - High LFP Chemistry"
2050,"NV",64756.7625243403,"Increasing Batt Cap - High LFP Chemistry"
2050,"NY",288125.248359816,"Increasing Batt Cap - High LFP Chemistry"
2050,"OH",197192.045468917,"Increasing Batt Cap - High LFP Chemistry"
2050,"OK",79975.4842118688,"Increasing Batt Cap - High LFP Chemistry"
2050,"ON",218230.169410804,"Increasing Batt Cap - High LFP Chemistry"
2050,"OR",81114.0341797212,"Increasing Batt Cap - High LFP Chemistry"
2050,"PA",201379.436642007,"Increasing Batt Cap - High LFP Chemistry"
2050,"PE",2466.8193950009,"Increasing Batt Cap - High LFP Chemistry"
2050,"QC",124217.728248192,"Increasing Batt Cap - High LFP Chemistry"
2050,"RI",18680.6920153864,"Increasing Batt Cap - High LFP Chemistry"
2050,"SC",103721.499678148,"Increasing Batt Cap - High LFP Chemistry"
2050,"SD",17346.7135739204,"Increasing Batt Cap - High LFP Chemistry"
2050,"SK",20305.1079812888,"Increasing Batt Cap - High LFP Chemistry"
2050,"TN",132878.080915435,"Increasing Batt Cap - High LFP Chemistry"
2050,"TX",642259.301645391,"Increasing Batt Cap - High LFP Chemistry"
2050,"UT",75132.8708216818,"Increasing Batt Cap - High LFP Chemistry"
2050,"VA",180667.040830913,"Increasing Batt Cap - High LFP Chemistry"
2050,"VT",12678.3912915317,"Increasing Batt Cap - High LFP Chemistry"
2050,"WA",172292.205673103,"Increasing Batt Cap - High LFP Chemistry"
2050,"WI",103045.012624296,"Increasing Batt Cap - High LFP Chemistry"
2050,"WV",25903.8796707047,"Increasing Batt Cap - High LFP Chemistry"
2050,"WY",10177.5763510142,"Increasing Batt Cap - High LFP Chemistry"
2050,"YT",841.436253106944,"Increasing Batt Cap - High LFP Chemistry"
