Year,Scenario,Mineral,Recycling Scenario,Recycle_v_Demand
2026,Increasing Batt Cap - Benchmark Chemistry,Cobalt,Recycling Limited to NA 2025 Online or Planned,0.0067808514236041215
2026,Increasing Batt Cap - Benchmark Chemistry,Cobalt,All Material is Recycled in NA,0.0067808514236041215
2027,Increasing Batt Cap - Benchmark Chemistry,Cobalt,Recycling Limited to NA 2025 Online or Planned,0.0079798196240721
2027,Increasing Batt Cap - Benchmark Chemistry,Cobalt,All Material is Recycled in NA,0.0079798196240721
2028,Increasing Batt Cap - Benchmark Chemistry,Cobalt,Recycling Limited to NA 2025 Online or Planned,0.010821261507331708
2028,Increasing Batt Cap - Benchmark Chemistry,Cobalt,All Material is Recycled in NA,0.010821261507331708
2029,Increasing Batt Cap - Benchmark Chemistry,Cobalt,Recycling Limited to NA 2025 Online or Planned,0.014028813697946303
2029,Increasing Batt Cap - Benchmark Chemistry,Cobalt,All Material is Recycled in NA,0.014028813697946303
2030,Increasing Batt Cap - Benchmark Chemistry,Cobalt,Recycling Limited to NA 2025 Online or Planned,0.01777114044375011
2030,Increasing Batt Cap - Benchmark Chemistry,Cobalt,All Material is Recycled in NA,0.01777114044375011
2031,Increasing Batt Cap - Benchmark Chemistry,Cobalt,Recycling Limited to NA 2025 Online or Planned,0.022257223806218585
2031,Increasing Batt Cap - Benchmark Chemistry,Cobalt,All Material is Recycled in NA,0.022257223806218585
2032,Increasing Batt Cap - Benchmark Chemistry,Cobalt,Recycling Limited to NA 2025 Online or Planned,0.027917499033136693
2032,Increasing Batt Cap - Benchmark Chemistry,Cobalt,All Material is Recycled in NA,0.027917499033136693
2033,Increasing Batt Cap - Benchmark Chemistry,Cobalt,Recycling Limited to NA 2025 Online or Planned,0.03214977224913449
2033,Increasing Batt Cap - Benchmark Chemistry,Cobalt,All Material is Recycled in NA,0.03214977224913449
2034,Increasing Batt Cap - Benchmark Chemistry,Cobalt,Recycling Limited to NA 2025 Online or Planned,0.03881417959427569
2034,Increasing Batt Cap - Benchmark Chemistry,Cobalt,All Material is Recycled in NA,0.03881417959427569
2035,Increasing Batt Cap - Benchmark Chemistry,Cobalt,Recycling Limited to NA 2025 Online or Planned,0.047892376974243894
2035,Increasing Batt Cap - Benchmark Chemistry,Cobalt,All Material is Recycled in NA,0.047892376974243894
2036,Increasing Batt Cap - Benchmark Chemistry,Cobalt,Recycling Limited to NA 2025 Online or Planned,0.06200292021743948
2036,Increasing Batt Cap - Benchmark Chemistry,Cobalt,All Material is Recycled in NA,0.06200292021743948
2037,Increasing Batt Cap - Benchmark Chemistry,Cobalt,Recycling Limited to NA 2025 Online or Planned,0.06553472333486202
2037,Increasing Batt Cap - Benchmark Chemistry,Cobalt,All Material is Recycled in NA,0.08059474607275334
2038,Increasing Batt Cap - Benchmark Chemistry,Cobalt,Recycling Limited to NA 2025 Online or Planned,0.06329910634375138
2038,Increasing Batt Cap - Benchmark Chemistry,Cobalt,All Material is Recycled in NA,0.10279445805333057
2039,Increasing Batt Cap - Benchmark Chemistry,Cobalt,Recycling Limited to NA 2025 Online or Planned,0.06230029581391156
2039,Increasing Batt Cap - Benchmark Chemistry,Cobalt,All Material is Recycled in NA,0.13501045359289623
2040,Increasing Batt Cap - Benchmark Chemistry,Cobalt,Recycling Limited to NA 2025 Online or Planned,0.0584694659594471
2040,Increasing Batt Cap - Benchmark Chemistry,Cobalt,All Material is Recycled in NA,0.1575205347556104
2041,Increasing Batt Cap - Benchmark Chemistry,Cobalt,Recycling Limited to NA 2025 Online or Planned,0.05605076631150654
2041,Increasing Batt Cap - Benchmark Chemistry,Cobalt,All Material is Recycled in NA,0.1840193506882056
2042,Increasing Batt Cap - Benchmark Chemistry,Cobalt,Recycling Limited to NA 2025 Online or Planned,0.05359023155938347
2042,Increasing Batt Cap - Benchmark Chemistry,Cobalt,All Material is Recycled in NA,0.21048702657964652
2043,Increasing Batt Cap - Benchmark Chemistry,Cobalt,Recycling Limited to NA 2025 Online or Planned,0.051251343261365157
2043,Increasing Batt Cap - Benchmark Chemistry,Cobalt,All Material is Recycled in NA,0.23957767939053434
2044,Increasing Batt Cap - Benchmark Chemistry,Cobalt,Recycling Limited to NA 2025 Online or Planned,0.049202997381474295
2044,Increasing Batt Cap - Benchmark Chemistry,Cobalt,All Material is Recycled in NA,0.2722530063048109
2045,Increasing Batt Cap - Benchmark Chemistry,Cobalt,Recycling Limited to NA 2025 Online or Planned,0.04741826900750426
2045,Increasing Batt Cap - Benchmark Chemistry,Cobalt,All Material is Recycled in NA,0.3090833228981088
2046,Increasing Batt Cap - Benchmark Chemistry,Cobalt,Recycling Limited to NA 2025 Online or Planned,0.04574160694590696
2046,Increasing Batt Cap - Benchmark Chemistry,Cobalt,All Material is Recycled in NA,0.34898557788830026
2047,Increasing Batt Cap - Benchmark Chemistry,Cobalt,Recycling Limited to NA 2025 Online or Planned,0.04431923957968758
2047,Increasing Batt Cap - Benchmark Chemistry,Cobalt,All Material is Recycled in NA,0.39397759329825605
2048,Increasing Batt Cap - Benchmark Chemistry,Cobalt,Recycling Limited to NA 2025 Online or Planned,0.04303284820216586
2048,Increasing Batt Cap - Benchmark Chemistry,Cobalt,All Material is Recycled in NA,0.4402929233036104
2049,Increasing Batt Cap - Benchmark Chemistry,Cobalt,Recycling Limited to NA 2025 Online or Planned,0.041850367145235386
2049,Increasing Batt Cap - Benchmark Chemistry,Cobalt,All Material is Recycled in NA,0.48654231560642913
2050,Increasing Batt Cap - Benchmark Chemistry,Cobalt,Recycling Limited to NA 2025 Online or Planned,0.04076655126772783
2050,Increasing Batt Cap - Benchmark Chemistry,Cobalt,All Material is Recycled in NA,0.5303307838184124
2026,Increasing Batt Cap - High LFP Chemistry,Cobalt,Recycling Limited to NA 2025 Online or Planned,0.007040292226245707
2026,Increasing Batt Cap - High LFP Chemistry,Cobalt,All Material is Recycled in NA,0.007040292226245707
2027,Increasing Batt Cap - High LFP Chemistry,Cobalt,Recycling Limited to NA 2025 Online or Planned,0.008685475658962922
2027,Increasing Batt Cap - High LFP Chemistry,Cobalt,All Material is Recycled in NA,0.008685475658962922
2028,Increasing Batt Cap - High LFP Chemistry,Cobalt,Recycling Limited to NA 2025 Online or Planned,0.012188734987788564
2028,Increasing Batt Cap - High LFP Chemistry,Cobalt,All Material is Recycled in NA,0.012188734987788564
2029,Increasing Batt Cap - High LFP Chemistry,Cobalt,Recycling Limited to NA 2025 Online or Planned,0.016287130878278593
2029,Increasing Batt Cap - High LFP Chemistry,Cobalt,All Material is Recycled in NA,0.016287130878278593
2030,Increasing Batt Cap - High LFP Chemistry,Cobalt,Recycling Limited to NA 2025 Online or Planned,0.021165168904176797
2030,Increasing Batt Cap - High LFP Chemistry,Cobalt,All Material is Recycled in NA,0.021165168904176797
2031,Increasing Batt Cap - High LFP Chemistry,Cobalt,Recycling Limited to NA 2025 Online or Planned,0.027036871429418994
2031,Increasing Batt Cap - High LFP Chemistry,Cobalt,All Material is Recycled in NA,0.027036871429418994
2032,Increasing Batt Cap - High LFP Chemistry,Cobalt,Recycling Limited to NA 2025 Online or Planned,0.03467162079297369
2032,Increasing Batt Cap - High LFP Chemistry,Cobalt,All Material is Recycled in NA,0.03467162079297369
2033,Increasing Batt Cap - High LFP Chemistry,Cobalt,Recycling Limited to NA 2025 Online or Planned,0.040975087421026006
2033,Increasing Batt Cap - High LFP Chemistry,Cobalt,All Material is Recycled in NA,0.040975087421026006
2034,Increasing Batt Cap - High LFP Chemistry,Cobalt,Recycling Limited to NA 2025 Online or Planned,0.05067074830261418
2034,Increasing Batt Cap - High LFP Chemistry,Cobalt,All Material is Recycled in NA,0.05067074830261418
2035,Increasing Batt Cap - High LFP Chemistry,Cobalt,Recycling Limited to NA 2025 Online or Planned,0.06391776061789177
2035,Increasing Batt Cap - High LFP Chemistry,Cobalt,All Material is Recycled in NA,0.06391776061789177
2036,Increasing Batt Cap - High LFP Chemistry,Cobalt,Recycling Limited to NA 2025 Online or Planned,0.08417707021902424
2036,Increasing Batt Cap - High LFP Chemistry,Cobalt,All Material is Recycled in NA,0.08417707021902424
2037,Increasing Batt Cap - High LFP Chemistry,Cobalt,Recycling Limited to NA 2025 Online or Planned,0.089746294387313
2037,Increasing Batt Cap - High LFP Chemistry,Cobalt,All Material is Recycled in NA,0.11090189012916175
2038,Increasing Batt Cap - High LFP Chemistry,Cobalt,Recycling Limited to NA 2025 Online or Planned,0.08762775341183067
2038,Increasing Batt Cap - High LFP Chemistry,Cobalt,All Material is Recycled in NA,0.14313982779630333
2039,Increasing Batt Cap - High LFP Chemistry,Cobalt,Recycling Limited to NA 2025 Online or Planned,0.08696479328796633
2039,Increasing Batt Cap - High LFP Chemistry,Cobalt,All Material is Recycled in NA,0.18976338739525736
2040,Increasing Batt Cap - High LFP Chemistry,Cobalt,Recycling Limited to NA 2025 Online or Planned,0.08265578715520196
2040,Increasing Batt Cap - High LFP Chemistry,Cobalt,All Material is Recycled in NA,0.2246502317505583
2041,Increasing Batt Cap - High LFP Chemistry,Cobalt,Recycling Limited to NA 2025 Online or Planned,0.07758114982370665
2041,Increasing Batt Cap - High LFP Chemistry,Cobalt,All Material is Recycled in NA,0.25765030061816946
2042,Increasing Batt Cap - High LFP Chemistry,Cobalt,Recycling Limited to NA 2025 Online or Planned,0.07225554678950347
2042,Increasing Batt Cap - High LFP Chemistry,Cobalt,All Material is Recycled in NA,0.2880417484193693
2043,Increasing Batt Cap - High LFP Chemistry,Cobalt,Recycling Limited to NA 2025 Online or Planned,0.06708734925018205
2043,Increasing Batt Cap - High LFP Chemistry,Cobalt,All Material is Recycled in NA,0.31950552465741955
2044,Increasing Batt Cap - High LFP Chemistry,Cobalt,Recycling Limited to NA 2025 Online or Planned,0.06247319117653356
2044,Increasing Batt Cap - High LFP Chemistry,Cobalt,All Material is Recycled in NA,0.3535910215761792
2045,Increasing Batt Cap - High LFP Chemistry,Cobalt,Recycling Limited to NA 2025 Online or Planned,0.05847486515129811
2045,Increasing Batt Cap - High LFP Chemistry,Cobalt,All Material is Recycled in NA,0.3913918209280204
2046,Increasing Batt Cap - High LFP Chemistry,Cobalt,Recycling Limited to NA 2025 Online or Planned,0.054875534735487785
2046,Increasing Batt Cap - High LFP Chemistry,Cobalt,All Material is Recycled in NA,0.4315188678059388
2047,Increasing Batt Cap - High LFP Chemistry,Cobalt,Recycling Limited to NA 2025 Online or Planned,0.05177417212216031
2047,Increasing Batt Cap - High LFP Chemistry,Cobalt,All Material is Recycled in NA,0.4760857937119452
2048,Increasing Batt Cap - High LFP Chemistry,Cobalt,Recycling Limited to NA 2025 Online or Planned,0.04899935150017501
2048,Increasing Batt Cap - High LFP Chemistry,Cobalt,All Material is Recycled in NA,0.5203808863532864
2049,Increasing Batt Cap - High LFP Chemistry,Cobalt,Recycling Limited to NA 2025 Online or Planned,0.046487507589619385
2049,Increasing Batt Cap - High LFP Chemistry,Cobalt,All Material is Recycled in NA,0.562817264331812
2050,Increasing Batt Cap - High LFP Chemistry,Cobalt,Recycling Limited to NA 2025 Online or Planned,0.04423438076494774
2050,Increasing Batt Cap - High LFP Chemistry,Cobalt,All Material is Recycled in NA,0.6010515492391663
2026,Decreasing Batt Cap - Benchmark Chemistry,Cobalt,Recycling Limited to NA 2025 Online or Planned,0.007601617789820817
2026,Decreasing Batt Cap - Benchmark Chemistry,Cobalt,All Material is Recycled in NA,0.007601617789820817
2027,Decreasing Batt Cap - Benchmark Chemistry,Cobalt,Recycling Limited to NA 2025 Online or Planned,0.009423093425378035
2027,Decreasing Batt Cap - Benchmark Chemistry,Cobalt,All Material is Recycled in NA,0.009423093425378035
2028,Decreasing Batt Cap - Benchmark Chemistry,Cobalt,Recycling Limited to NA 2025 Online or Planned,0.013407559696367241
2028,Decreasing Batt Cap - Benchmark Chemistry,Cobalt,All Material is Recycled in NA,0.013407559696367241
2029,Decreasing Batt Cap - Benchmark Chemistry,Cobalt,Recycling Limited to NA 2025 Online or Planned,0.01822062040653551
2029,Decreasing Batt Cap - Benchmark Chemistry,Cobalt,All Material is Recycled in NA,0.01822062040653551
2030,Decreasing Batt Cap - Benchmark Chemistry,Cobalt,Recycling Limited to NA 2025 Online or Planned,0.024146920598429582
2030,Decreasing Batt Cap - Benchmark Chemistry,Cobalt,All Material is Recycled in NA,0.024146920598429582
2031,Decreasing Batt Cap - Benchmark Chemistry,Cobalt,Recycling Limited to NA 2025 Online or Planned,0.031568374703675704
2031,Decreasing Batt Cap - Benchmark Chemistry,Cobalt,All Material is Recycled in NA,0.031568374703675704
2032,Decreasing Batt Cap - Benchmark Chemistry,Cobalt,Recycling Limited to NA 2025 Online or Planned,0.041308207930035826
2032,Decreasing Batt Cap - Benchmark Chemistry,Cobalt,All Material is Recycled in NA,0.041308207930035826
2033,Decreasing Batt Cap - Benchmark Chemistry,Cobalt,Recycling Limited to NA 2025 Online or Planned,0.04951827918629021
2033,Decreasing Batt Cap - Benchmark Chemistry,Cobalt,All Material is Recycled in NA,0.04951827918629021
2034,Decreasing Batt Cap - Benchmark Chemistry,Cobalt,Recycling Limited to NA 2025 Online or Planned,0.06204839080384664
2034,Decreasing Batt Cap - Benchmark Chemistry,Cobalt,All Material is Recycled in NA,0.06204839080384664
2035,Decreasing Batt Cap - Benchmark Chemistry,Cobalt,Recycling Limited to NA 2025 Online or Planned,0.07935094384078235
2035,Decreasing Batt Cap - Benchmark Chemistry,Cobalt,All Material is Recycled in NA,0.07935094384078235
2036,Decreasing Batt Cap - Benchmark Chemistry,Cobalt,Recycling Limited to NA 2025 Online or Planned,0.10296856125047046
2036,Decreasing Batt Cap - Benchmark Chemistry,Cobalt,All Material is Recycled in NA,0.10296856125047046
2037,Decreasing Batt Cap - Benchmark Chemistry,Cobalt,Recycling Limited to NA 2025 Online or Planned,0.13406810083458212
2037,Decreasing Batt Cap - Benchmark Chemistry,Cobalt,All Material is Recycled in NA,0.13406810083458212
2038,Decreasing Batt Cap - Benchmark Chemistry,Cobalt,Recycling Limited to NA 2025 Online or Planned,0.15742682788002083
2038,Decreasing Batt Cap - Benchmark Chemistry,Cobalt,All Material is Recycled in NA,0.17088187492256002
2039,Decreasing Batt Cap - Benchmark Chemistry,Cobalt,Recycling Limited to NA 2025 Online or Planned,0.1573391986188437
2039,Decreasing Batt Cap - Benchmark Chemistry,Cobalt,All Material is Recycled in NA,0.22380967632254606
2040,Decreasing Batt Cap - Benchmark Chemistry,Cobalt,Recycling Limited to NA 2025 Online or Planned,0.14878450301800275
2040,Decreasing Batt Cap - Benchmark Chemistry,Cobalt,All Material is Recycled in NA,0.2573047917049552
2041,Decreasing Batt Cap - Benchmark Chemistry,Cobalt,Recycling Limited to NA 2025 Online or Planned,0.14184383735600273
2041,Decreasing Batt Cap - Benchmark Chemistry,Cobalt,All Material is Recycled in NA,0.290869968668164
2042,Decreasing Batt Cap - Benchmark Chemistry,Cobalt,Recycling Limited to NA 2025 Online or Planned,0.1340907109875598
2042,Decreasing Batt Cap - Benchmark Chemistry,Cobalt,All Material is Recycled in NA,0.3199572039296879
2043,Decreasing Batt Cap - Benchmark Chemistry,Cobalt,Recycling Limited to NA 2025 Online or Planned,0.12645521059360543
2043,Decreasing Batt Cap - Benchmark Chemistry,Cobalt,All Material is Recycled in NA,0.3489442054259061
2044,Decreasing Batt Cap - Benchmark Chemistry,Cobalt,Recycling Limited to NA 2025 Online or Planned,0.11970119181776764
2044,Decreasing Batt Cap - Benchmark Chemistry,Cobalt,All Material is Recycled in NA,0.3796808440024127
2045,Decreasing Batt Cap - Benchmark Chemistry,Cobalt,Recycling Limited to NA 2025 Online or Planned,0.11383447044276562
2045,Decreasing Batt Cap - Benchmark Chemistry,Cobalt,All Material is Recycled in NA,0.41336530537814986
2046,Decreasing Batt Cap - Benchmark Chemistry,Cobalt,Recycling Limited to NA 2025 Online or Planned,0.10850759558611692
2046,Decreasing Batt Cap - Benchmark Chemistry,Cobalt,All Material is Recycled in NA,0.44861530764409663
2047,Decreasing Batt Cap - Benchmark Chemistry,Cobalt,Recycling Limited to NA 2025 Online or Planned,0.1039935645318499
2047,Decreasing Batt Cap - Benchmark Chemistry,Cobalt,All Material is Recycled in NA,0.48774524053381485
2048,Decreasing Batt Cap - Benchmark Chemistry,Cobalt,Recycling Limited to NA 2025 Online or Planned,0.10004818149921331
2048,Decreasing Batt Cap - Benchmark Chemistry,Cobalt,All Material is Recycled in NA,0.5261113491935404
2049,Decreasing Batt Cap - Benchmark Chemistry,Cobalt,Recycling Limited to NA 2025 Online or Planned,0.09652755537190691
2049,Decreasing Batt Cap - Benchmark Chemistry,Cobalt,All Material is Recycled in NA,0.5623529023874336
2050,Decreasing Batt Cap - Benchmark Chemistry,Cobalt,Recycling Limited to NA 2025 Online or Planned,0.09343411087311725
2050,Decreasing Batt Cap - Benchmark Chemistry,Cobalt,All Material is Recycled in NA,0.5956724069739863
2026,Decreasing Batt Cap - High LFP Chemistry,Cobalt,Recycling Limited to NA 2025 Online or Planned,0.007892230996361821
2026,Decreasing Batt Cap - High LFP Chemistry,Cobalt,All Material is Recycled in NA,0.007892230996361821
2027,Decreasing Batt Cap - High LFP Chemistry,Cobalt,Recycling Limited to NA 2025 Online or Planned,0.01025543709679333
2027,Decreasing Batt Cap - High LFP Chemistry,Cobalt,All Material is Recycled in NA,0.01025543709679333
2028,Decreasing Batt Cap - High LFP Chemistry,Cobalt,Recycling Limited to NA 2025 Online or Planned,0.015101593606762024
2028,Decreasing Batt Cap - High LFP Chemistry,Cobalt,All Material is Recycled in NA,0.015101593606762024
2029,Decreasing Batt Cap - High LFP Chemistry,Cobalt,Recycling Limited to NA 2025 Online or Planned,0.021156132840847823
2029,Decreasing Batt Cap - High LFP Chemistry,Cobalt,All Material is Recycled in NA,0.021156132840847823
2030,Decreasing Batt Cap - High LFP Chemistry,Cobalt,Recycling Limited to NA 2025 Online or Planned,0.028768734483645295
2030,Decreasing Batt Cap - High LFP Chemistry,Cobalt,All Material is Recycled in NA,0.028768734483645295
2031,Decreasing Batt Cap - High LFP Chemistry,Cobalt,Recycling Limited to NA 2025 Online or Planned,0.03837276245800538
2031,Decreasing Batt Cap - High LFP Chemistry,Cobalt,All Material is Recycled in NA,0.03837276245800538
2032,Decreasing Batt Cap - High LFP Chemistry,Cobalt,Recycling Limited to NA 2025 Online or Planned,0.05135440357982378
2032,Decreasing Batt Cap - High LFP Chemistry,Cobalt,All Material is Recycled in NA,0.05135440357982378
2033,Decreasing Batt Cap - High LFP Chemistry,Cobalt,Recycling Limited to NA 2025 Online or Planned,0.06321273849787495
2033,Decreasing Batt Cap - High LFP Chemistry,Cobalt,All Material is Recycled in NA,0.06321273849787495
2034,Decreasing Batt Cap - High LFP Chemistry,Cobalt,Recycling Limited to NA 2025 Online or Planned,0.08119121766103246
2034,Decreasing Batt Cap - High LFP Chemistry,Cobalt,All Material is Recycled in NA,0.08119121766103246
2035,Decreasing Batt Cap - High LFP Chemistry,Cobalt,Recycling Limited to NA 2025 Online or Planned,0.10623577862170933
2035,Decreasing Batt Cap - High LFP Chemistry,Cobalt,All Material is Recycled in NA,0.10623577862170933
2036,Decreasing Batt Cap - High LFP Chemistry,Cobalt,Recycling Limited to NA 2025 Online or Planned,0.1403737839040344
2036,Decreasing Batt Cap - High LFP Chemistry,Cobalt,All Material is Recycled in NA,0.1403737839040344
2037,Decreasing Batt Cap - High LFP Chemistry,Cobalt,Recycling Limited to NA 2025 Online or Planned,0.1854609760304042
2037,Decreasing Batt Cap - High LFP Chemistry,Cobalt,All Material is Recycled in NA,0.1854609760304042
2038,Decreasing Batt Cap - High LFP Chemistry,Cobalt,Recycling Limited to NA 2025 Online or Planned,0.21957655205127186
2038,Decreasing Batt Cap - High LFP Chemistry,Cobalt,All Material is Recycled in NA,0.23952804471639763
2039,Decreasing Batt Cap - High LFP Chemistry,Cobalt,Recycling Limited to NA 2025 Online or Planned,0.22158010244389087
2039,Decreasing Batt Cap - High LFP Chemistry,Cobalt,All Material is Recycled in NA,0.31702945575705643
2040,Decreasing Batt Cap - High LFP Chemistry,Cobalt,Recycling Limited to NA 2025 Online or Planned,0.2125725614256192
2040,Decreasing Batt Cap - High LFP Chemistry,Cobalt,All Material is Recycled in NA,0.37042150841115035
2041,Decreasing Batt Cap - High LFP Chemistry,Cobalt,Recycling Limited to NA 2025 Online or Planned,0.1987643579541383
2041,Decreasing Batt Cap - High LFP Chemistry,Cobalt,All Material is Recycled in NA,0.4117650746146379
2042,Decreasing Batt Cap - High LFP Chemistry,Cobalt,Recycling Limited to NA 2025 Online or Planned,0.18327081574117746
2042,Decreasing Batt Cap - High LFP Chemistry,Cobalt,All Material is Recycled in NA,0.4432416326572221
2043,Decreasing Batt Cap - High LFP Chemistry,Cobalt,Recycling Limited to NA 2025 Online or Planned,0.16787957675192083
2043,Decreasing Batt Cap - High LFP Chemistry,Cobalt,All Material is Recycled in NA,0.4713330043297209
2044,Decreasing Batt Cap - High LFP Chemistry,Cobalt,Recycling Limited to NA 2025 Online or Planned,0.15409968559913975
2044,Decreasing Batt Cap - High LFP Chemistry,Cobalt,All Material is Recycled in NA,0.49932372942386066
2045,Decreasing Batt Cap - High LFP Chemistry,Cobalt,Recycling Limited to NA 2025 Online or Planned,0.14222328776194898
2045,Decreasing Batt Cap - High LFP Chemistry,Cobalt,All Material is Recycled in NA,0.5296585939273785
2046,Decreasing Batt Cap - High LFP Chemistry,Cobalt,Recycling Limited to NA 2025 Online or Planned,0.13177335917018748
2046,Decreasing Batt Cap - High LFP Chemistry,Cobalt,All Material is Recycled in NA,0.5608216248898309
2047,Decreasing Batt Cap - High LFP Chemistry,Cobalt,Recycling Limited to NA 2025 Online or Planned,0.12287649397626654
2047,Decreasing Batt Cap - High LFP Chemistry,Cobalt,All Material is Recycled in NA,0.595386296472794
2048,Decreasing Batt Cap - High LFP Chemistry,Cobalt,Recycling Limited to NA 2025 Online or Planned,0.11513402728844088
2048,Decreasing Batt Cap - High LFP Chemistry,Cobalt,All Material is Recycled in NA,0.6276200781548399
2049,Decreasing Batt Cap - High LFP Chemistry,Cobalt,Recycling Limited to NA 2025 Online or Planned,0.10828223879842823
2049,Decreasing Batt Cap - High LFP Chemistry,Cobalt,All Material is Recycled in NA,0.6560590394642527
2050,Decreasing Batt Cap - High LFP Chemistry,Cobalt,Recycling Limited to NA 2025 Online or Planned,0.10228520498227373
2050,Decreasing Batt Cap - High LFP Chemistry,Cobalt,All Material is Recycled in NA,0.680206612280267
2026,Increasing Batt Cap - Benchmark Chemistry,Copper,Recycling Limited to NA 2025 Online or Planned,0.002952292961548024
2026,Increasing Batt Cap - Benchmark Chemistry,Copper,All Material is Recycled in NA,0.00311630923718958
2027,Increasing Batt Cap - Benchmark Chemistry,Copper,Recycling Limited to NA 2025 Online or Planned,0.0046903708572778625
2027,Increasing Batt Cap - Benchmark Chemistry,Copper,All Material is Recycled in NA,0.0049509470160155195
2028,Increasing Batt Cap - Benchmark Chemistry,Copper,Recycling Limited to NA 2025 Online or Planned,0.007409532443316536
2028,Increasing Batt Cap - Benchmark Chemistry,Copper,All Material is Recycled in NA,0.007821173134611899
2029,Increasing Batt Cap - Benchmark Chemistry,Copper,Recycling Limited to NA 2025 Online or Planned,0.01049910184149904
2029,Increasing Batt Cap - Benchmark Chemistry,Copper,All Material is Recycled in NA,0.01108238527713788
2030,Increasing Batt Cap - Benchmark Chemistry,Copper,Recycling Limited to NA 2025 Online or Planned,0.014160359582300839
2030,Increasing Batt Cap - Benchmark Chemistry,Copper,All Material is Recycled in NA,0.014947046225761998
2031,Increasing Batt Cap - Benchmark Chemistry,Copper,Recycling Limited to NA 2025 Online or Planned,0.01837823185878504
2031,Increasing Batt Cap - Benchmark Chemistry,Copper,All Material is Recycled in NA,0.019399244739828663
2032,Increasing Batt Cap - Benchmark Chemistry,Copper,Recycling Limited to NA 2025 Online or Planned,0.023721722614332696
2032,Increasing Batt Cap - Benchmark Chemistry,Copper,All Material is Recycled in NA,0.025039596092906742
2033,Increasing Batt Cap - Benchmark Chemistry,Copper,Recycling Limited to NA 2025 Online or Planned,0.028938740520729395
2033,Increasing Batt Cap - Benchmark Chemistry,Copper,All Material is Recycled in NA,0.030546448327436585
2034,Increasing Batt Cap - Benchmark Chemistry,Copper,Recycling Limited to NA 2025 Online or Planned,0.0363385508292381
2034,Increasing Batt Cap - Benchmark Chemistry,Copper,All Material is Recycled in NA,0.038357359208640224
2035,Increasing Batt Cap - Benchmark Chemistry,Copper,Recycling Limited to NA 2025 Online or Planned,0.04517824410698892
2035,Increasing Batt Cap - Benchmark Chemistry,Copper,All Material is Recycled in NA,0.04768814655737721
2036,Increasing Batt Cap - Benchmark Chemistry,Copper,Recycling Limited to NA 2025 Online or Planned,0.06117124935862905
2036,Increasing Batt Cap - Benchmark Chemistry,Copper,All Material is Recycled in NA,0.06117124935862905
2037,Increasing Batt Cap - Benchmark Chemistry,Copper,Recycling Limited to NA 2025 Online or Planned,0.06321635700919888
2037,Increasing Batt Cap - Benchmark Chemistry,Copper,All Material is Recycled in NA,0.07774785136565031
2038,Increasing Batt Cap - Benchmark Chemistry,Copper,Recycling Limited to NA 2025 Online or Planned,0.059451393918449294
2038,Increasing Batt Cap - Benchmark Chemistry,Copper,All Material is Recycled in NA,0.09655716078650299
2039,Increasing Batt Cap - Benchmark Chemistry,Copper,Recycling Limited to NA 2025 Online or Planned,0.05624707100094046
2039,Increasing Batt Cap - Benchmark Chemistry,Copper,All Material is Recycled in NA,0.12191281513806293
2040,Increasing Batt Cap - Benchmark Chemistry,Copper,Recycling Limited to NA 2025 Online or Planned,0.0536804958849702
2040,Increasing Batt Cap - Benchmark Chemistry,Copper,All Material is Recycled in NA,0.1446483293610887
2041,Increasing Batt Cap - Benchmark Chemistry,Copper,Recycling Limited to NA 2025 Online or Planned,0.05198728387350182
2041,Increasing Batt Cap - Benchmark Chemistry,Copper,All Material is Recycled in NA,0.17071883363070356
2042,Increasing Batt Cap - Benchmark Chemistry,Copper,Recycling Limited to NA 2025 Online or Planned,0.0500541534150462
2042,Increasing Batt Cap - Benchmark Chemistry,Copper,All Material is Recycled in NA,0.1966490849157652
2043,Increasing Batt Cap - Benchmark Chemistry,Copper,Recycling Limited to NA 2025 Online or Planned,0.0480091219981513
2043,Increasing Batt Cap - Benchmark Chemistry,Copper,All Material is Recycled in NA,0.22448416025396317
2044,Increasing Batt Cap - Benchmark Chemistry,Copper,Recycling Limited to NA 2025 Online or Planned,0.04605165290999078
2044,Increasing Batt Cap - Benchmark Chemistry,Copper,All Material is Recycled in NA,0.254890776924146
2045,Increasing Batt Cap - Benchmark Chemistry,Copper,Recycling Limited to NA 2025 Online or Planned,0.04426630424187308
2045,Increasing Batt Cap - Benchmark Chemistry,Copper,All Material is Recycled in NA,0.28862676787986263
2046,Increasing Batt Cap - Benchmark Chemistry,Copper,Recycling Limited to NA 2025 Online or Planned,0.042562790505890305
2046,Increasing Batt Cap - Benchmark Chemistry,Copper,All Material is Recycled in NA,0.32483601635707515
2047,Increasing Batt Cap - Benchmark Chemistry,Copper,Recycling Limited to NA 2025 Online or Planned,0.04107496568745158
2047,Increasing Batt Cap - Benchmark Chemistry,Copper,All Material is Recycled in NA,0.36525746727226316
2048,Increasing Batt Cap - Benchmark Chemistry,Copper,Recycling Limited to NA 2025 Online or Planned,0.03976748136050456
2048,Increasing Batt Cap - Benchmark Chemistry,Copper,All Material is Recycled in NA,0.4070201274742362
2049,Increasing Batt Cap - Benchmark Chemistry,Copper,Recycling Limited to NA 2025 Online or Planned,0.038655501655688415
2049,Increasing Batt Cap - Benchmark Chemistry,Copper,All Material is Recycled in NA,0.4495545140530164
2050,Increasing Batt Cap - Benchmark Chemistry,Copper,Recycling Limited to NA 2025 Online or Planned,0.03773491341827794
2050,Increasing Batt Cap - Benchmark Chemistry,Copper,All Material is Recycled in NA,0.49106586445433376
2026,Increasing Batt Cap - High LFP Chemistry,Copper,Recycling Limited to NA 2025 Online or Planned,0.002927280275162023
2026,Increasing Batt Cap - High LFP Chemistry,Copper,All Material is Recycled in NA,0.0030899069571154675
2027,Increasing Batt Cap - High LFP Chemistry,Copper,Recycling Limited to NA 2025 Online or Planned,0.004598950176556959
2027,Increasing Batt Cap - High LFP Chemistry,Copper,All Material is Recycled in NA,0.004854447408587902
2028,Increasing Batt Cap - High LFP Chemistry,Copper,Recycling Limited to NA 2025 Online or Planned,0.007207644545602913
2028,Increasing Batt Cap - High LFP Chemistry,Copper,All Material is Recycled in NA,0.007608069242580854
2029,Increasing Batt Cap - High LFP Chemistry,Copper,Recycling Limited to NA 2025 Online or Planned,0.010137530559612156
2029,Increasing Batt Cap - High LFP Chemistry,Copper,All Material is Recycled in NA,0.010700726701812832
2030,Increasing Batt Cap - High LFP Chemistry,Copper,Recycling Limited to NA 2025 Online or Planned,0.013593341551829213
2030,Increasing Batt Cap - High LFP Chemistry,Copper,All Material is Recycled in NA,0.014348527193597499
2031,Increasing Batt Cap - High LFP Chemistry,Copper,Recycling Limited to NA 2025 Online or Planned,0.017579822825698095
2031,Increasing Batt Cap - High LFP Chemistry,Copper,All Material is Recycled in NA,0.018556479649347993
2032,Increasing Batt Cap - High LFP Chemistry,Copper,Recycling Limited to NA 2025 Online or Planned,0.022589653775002744
2032,Increasing Batt Cap - High LFP Chemistry,Copper,All Material is Recycled in NA,0.02384463454028067
2033,Increasing Batt Cap - High LFP Chemistry,Copper,Recycling Limited to NA 2025 Online or Planned,0.027369227580246958
2033,Increasing Batt Cap - High LFP Chemistry,Copper,All Material is Recycled in NA,0.028889740223593995
2034,Increasing Batt Cap - High LFP Chemistry,Copper,Recycling Limited to NA 2025 Online or Planned,0.03417114334905348
2034,Increasing Batt Cap - High LFP Chemistry,Copper,All Material is Recycled in NA,0.036069540201778674
2035,Increasing Batt Cap - High LFP Chemistry,Copper,Recycling Limited to NA 2025 Online or Planned,0.04228955404209927
2035,Increasing Batt Cap - High LFP Chemistry,Copper,All Material is Recycled in NA,0.04463897371110478
2036,Increasing Batt Cap - High LFP Chemistry,Copper,Recycling Limited to NA 2025 Online or Planned,0.05707505584896177
2036,Increasing Batt Cap - High LFP Chemistry,Copper,All Material is Recycled in NA,0.05707505584896177
2037,Increasing Batt Cap - High LFP Chemistry,Copper,Recycling Limited to NA 2025 Online or Planned,0.05857510769560666
2037,Increasing Batt Cap - High LFP Chemistry,Copper,All Material is Recycled in NA,0.07238711901830798
2038,Increasing Batt Cap - High LFP Chemistry,Copper,Recycling Limited to NA 2025 Online or Planned,0.05494325247083015
2038,Increasing Batt Cap - High LFP Chemistry,Copper,All Material is Recycled in NA,0.08976109061469549
2039,Increasing Batt Cap - High LFP Chemistry,Copper,Recycling Limited to NA 2025 Online or Planned,0.05189585865144117
2039,Increasing Batt Cap - High LFP Chemistry,Copper,All Material is Recycled in NA,0.11326121848485987
2040,Increasing Batt Cap - High LFP Chemistry,Copper,Recycling Limited to NA 2025 Online or Planned,0.04933564939123503
2040,Increasing Batt Cap - High LFP Chemistry,Copper,All Material is Recycled in NA,0.13412042062858442
2041,Increasing Batt Cap - High LFP Chemistry,Copper,Recycling Limited to NA 2025 Online or Planned,0.047847277010073505
2041,Increasing Batt Cap - High LFP Chemistry,Copper,All Material is Recycled in NA,0.15894674790230665
2042,Increasing Batt Cap - High LFP Chemistry,Copper,Recycling Limited to NA 2025 Online or Planned,0.04614080965078807
2042,Increasing Batt Cap - High LFP Chemistry,Copper,All Material is Recycled in NA,0.18399536876263242
2043,Increasing Batt Cap - High LFP Chemistry,Copper,Recycling Limited to NA 2025 Online or Planned,0.044338028483886585
2043,Increasing Batt Cap - High LFP Chemistry,Copper,All Material is Recycled in NA,0.2112369353860958
2044,Increasing Batt Cap - High LFP Chemistry,Copper,Recycling Limited to NA 2025 Online or Planned,0.042613584927128016
2044,Increasing Batt Cap - High LFP Chemistry,Copper,All Material is Recycled in NA,0.2412842390793164
2045,Increasing Batt Cap - High LFP Chemistry,Copper,Recycling Limited to NA 2025 Online or Planned,0.04103971607952764
2045,Increasing Batt Cap - High LFP Chemistry,Copper,All Material is Recycled in NA,0.27481281524083273
2046,Increasing Batt Cap - High LFP Chemistry,Copper,Recycling Limited to NA 2025 Online or Planned,0.039531282614294
2046,Increasing Batt Cap - High LFP Chemistry,Copper,All Material is Recycled in NA,0.3110052690812301
2047,Increasing Batt Cap - High LFP Chemistry,Copper,Recycling Limited to NA 2025 Online or Planned,0.03821824239791061
2047,Increasing Batt Cap - High LFP Chemistry,Copper,All Material is Recycled in NA,0.3516127845566829
2048,Increasing Batt Cap - High LFP Chemistry,Copper,Recycling Limited to NA 2025 Online or Planned,0.03706779821583519
2048,Increasing Batt Cap - High LFP Chemistry,Copper,All Material is Recycled in NA,0.39388068872092247
2049,Increasing Batt Cap - High LFP Chemistry,Copper,Recycling Limited to NA 2025 Online or Planned,0.03609213973671528
2049,Increasing Batt Cap - High LFP Chemistry,Copper,All Material is Recycled in NA,0.4372158474734443
2050,Increasing Batt Cap - High LFP Chemistry,Copper,Recycling Limited to NA 2025 Online or Planned,0.035289408805324746
2050,Increasing Batt Cap - High LFP Chemistry,Copper,All Material is Recycled in NA,0.4798039412309156
2026,Decreasing Batt Cap - Benchmark Chemistry,Copper,Recycling Limited to NA 2025 Online or Planned,0.003292864697502012
2026,Decreasing Batt Cap - Benchmark Chemistry,Copper,All Material is Recycled in NA,0.003475801625141013
2027,Decreasing Batt Cap - Benchmark Chemistry,Copper,Recycling Limited to NA 2025 Online or Planned,0.005448549370760647
2027,Decreasing Batt Cap - Benchmark Chemistry,Copper,All Material is Recycled in NA,0.005751246558025127
2028,Decreasing Batt Cap - Benchmark Chemistry,Copper,Recycling Limited to NA 2025 Online or Planned,0.008903886981449272
2028,Decreasing Batt Cap - Benchmark Chemistry,Copper,All Material is Recycled in NA,0.009398547369307564
2029,Decreasing Batt Cap - Benchmark Chemistry,Copper,Recycling Limited to NA 2025 Online or Planned,0.013082430699124051
2029,Decreasing Batt Cap - Benchmark Chemistry,Copper,All Material is Recycled in NA,0.013809232404630943
2030,Decreasing Batt Cap - Benchmark Chemistry,Copper,Recycling Limited to NA 2025 Online or Planned,0.018271768553530084
2030,Decreasing Batt Cap - Benchmark Chemistry,Copper,All Material is Recycled in NA,0.01928686680650398
2031,Decreasing Batt Cap - Benchmark Chemistry,Copper,Recycling Limited to NA 2025 Online or Planned,0.02448834859041311
2031,Decreasing Batt Cap - Benchmark Chemistry,Copper,All Material is Recycled in NA,0.025848812400991614
2032,Decreasing Batt Cap - Benchmark Chemistry,Copper,Recycling Limited to NA 2025 Online or Planned,0.03269278974133922
2032,Decreasing Batt Cap - Benchmark Chemistry,Copper,All Material is Recycled in NA,0.03450905583808028
2033,Decreasing Batt Cap - Benchmark Chemistry,Copper,Recycling Limited to NA 2025 Online or Planned,0.041234886289749695
2033,Decreasing Batt Cap - Benchmark Chemistry,Copper,All Material is Recycled in NA,0.0435257133058469
2034,Decreasing Batt Cap - Benchmark Chemistry,Copper,Recycling Limited to NA 2025 Online or Planned,0.05333181928619577
2034,Decreasing Batt Cap - Benchmark Chemistry,Copper,All Material is Recycled in NA,0.056294698135428846
2035,Decreasing Batt Cap - Benchmark Chemistry,Copper,Recycling Limited to NA 2025 Online or Planned,0.06823504363322784
2035,Decreasing Batt Cap - Benchmark Chemistry,Copper,All Material is Recycled in NA,0.07202587939062938
2036,Decreasing Batt Cap - Benchmark Chemistry,Copper,Recycling Limited to NA 2025 Online or Planned,0.09230563526462773
2036,Decreasing Batt Cap - Benchmark Chemistry,Copper,All Material is Recycled in NA,0.09230563526462773
2037,Decreasing Batt Cap - Benchmark Chemistry,Copper,Recycling Limited to NA 2025 Online or Planned,0.11736114797196695
2037,Decreasing Batt Cap - Benchmark Chemistry,Copper,All Material is Recycled in NA,0.11736114797196695
2038,Decreasing Batt Cap - Benchmark Chemistry,Copper,Recycling Limited to NA 2025 Online or Planned,0.13415977178033411
2038,Decreasing Batt Cap - Benchmark Chemistry,Copper,All Material is Recycled in NA,0.14562785867261965
2039,Decreasing Batt Cap - Benchmark Chemistry,Copper,Recycling Limited to NA 2025 Online or Planned,0.12948928709451824
2039,Decreasing Batt Cap - Benchmark Chemistry,Copper,All Material is Recycled in NA,0.18420210657031627
2040,Decreasing Batt Cap - Benchmark Chemistry,Copper,Recycling Limited to NA 2025 Online or Planned,0.12505444853924785
2040,Decreasing Batt Cap - Benchmark Chemistry,Copper,All Material is Recycled in NA,0.21628085199063934
2041,Decreasing Batt Cap - Benchmark Chemistry,Copper,Recycling Limited to NA 2025 Online or Planned,0.12123884417407037
2041,Decreasing Batt Cap - Benchmark Chemistry,Copper,All Material is Recycled in NA,0.2486378984121693
2042,Decreasing Batt Cap - Benchmark Chemistry,Copper,Recycling Limited to NA 2025 Online or Planned,0.11645652002048203
2042,Decreasing Batt Cap - Benchmark Chemistry,Copper,All Material is Recycled in NA,0.2779081606034199
2043,Decreasing Batt Cap - Benchmark Chemistry,Copper,Recycling Limited to NA 2025 Online or Planned,0.11128036555597622
2043,Decreasing Batt Cap - Benchmark Chemistry,Copper,All Material is Recycled in NA,0.3071067721264987
2044,Decreasing Batt Cap - Benchmark Chemistry,Copper,Recycling Limited to NA 2025 Online or Planned,0.10636299311046257
2044,Decreasing Batt Cap - Benchmark Chemistry,Copper,All Material is Recycled in NA,0.3374186362478192
2045,Decreasing Batt Cap - Benchmark Chemistry,Copper,Recycling Limited to NA 2025 Online or Planned,0.10189171355626607
2045,Decreasing Batt Cap - Benchmark Chemistry,Copper,All Material is Recycled in NA,0.3700527615158919
2046,Decreasing Batt Cap - Benchmark Chemistry,Copper,Recycling Limited to NA 2025 Online or Planned,0.09767845673858909
2046,Decreasing Batt Cap - Benchmark Chemistry,Copper,All Material is Recycled in NA,0.40390842386334735
2047,Decreasing Batt Cap - Benchmark Chemistry,Copper,Recycling Limited to NA 2025 Online or Planned,0.09397870018107435
2047,Decreasing Batt Cap - Benchmark Chemistry,Copper,All Material is Recycled in NA,0.4408510304293222
2048,Decreasing Batt Cap - Benchmark Chemistry,Copper,Recycling Limited to NA 2025 Online or Planned,0.09075413965874737
2048,Decreasing Batt Cap - Benchmark Chemistry,Copper,All Material is Recycled in NA,0.47732647376398074
2049,Decreasing Batt Cap - Benchmark Chemistry,Copper,Recycling Limited to NA 2025 Online or Planned,0.08801042557808082
2049,Decreasing Batt Cap - Benchmark Chemistry,Copper,All Material is Recycled in NA,0.5128340756657948
2050,Decreasing Batt Cap - Benchmark Chemistry,Copper,Recycling Limited to NA 2025 Online or Planned,0.0857365158335901
2050,Decreasing Batt Cap - Benchmark Chemistry,Copper,All Material is Recycled in NA,0.5467103897143273
2026,Decreasing Batt Cap - High LFP Chemistry,Copper,Recycling Limited to NA 2025 Online or Planned,0.003265128074224641
2026,Decreasing Batt Cap - High LFP Chemistry,Copper,All Material is Recycled in NA,0.0034465240783482327
2027,Decreasing Batt Cap - High LFP Chemistry,Copper,Recycling Limited to NA 2025 Online or Planned,0.005343188429594328
2027,Decreasing Batt Cap - High LFP Chemistry,Copper,All Material is Recycled in NA,0.005640032231238458
2028,Decreasing Batt Cap - High LFP Chemistry,Copper,Recycling Limited to NA 2025 Online or Planned,0.008663402779138962
2028,Decreasing Batt Cap - High LFP Chemistry,Copper,All Material is Recycled in NA,0.009144702933535568
2029,Decreasing Batt Cap - High LFP Chemistry,Copper,Recycling Limited to NA 2025 Online or Planned,0.012636170709728684
2029,Decreasing Batt Cap - High LFP Chemistry,Copper,All Material is Recycled in NA,0.013338180193602493
2030,Decreasing Batt Cap - High LFP Chemistry,Copper,Recycling Limited to NA 2025 Online or Planned,0.01754770176051827
2030,Decreasing Batt Cap - High LFP Chemistry,Copper,All Material is Recycled in NA,0.01852257408054705
2031,Decreasing Batt Cap - High LFP Chemistry,Copper,Recycling Limited to NA 2025 Online or Planned,0.023437115633752698
2031,Decreasing Batt Cap - High LFP Chemistry,Copper,All Material is Recycled in NA,0.024739177613405616
2032,Decreasing Batt Cap - High LFP Chemistry,Copper,Recycling Limited to NA 2025 Online or Planned,0.031152289221848997
2032,Decreasing Batt Cap - High LFP Chemistry,Copper,All Material is Recycled in NA,0.03288297195639616
2033,Decreasing Batt Cap - High LFP Chemistry,Copper,Recycling Limited to NA 2025 Online or Planned,0.03902382834531418
2033,Decreasing Batt Cap - High LFP Chemistry,Copper,All Material is Recycled in NA,0.04119181880894273
2034,Decreasing Batt Cap - High LFP Chemistry,Copper,Recycling Limited to NA 2025 Online or Planned,0.05018483029036076
2034,Decreasing Batt Cap - High LFP Chemistry,Copper,All Material is Recycled in NA,0.052972876417603
2035,Decreasing Batt Cap - High LFP Chemistry,Copper,Recycling Limited to NA 2025 Online or Planned,0.0639174219872958
2035,Decreasing Batt Cap - High LFP Chemistry,Copper,All Material is Recycled in NA,0.06746838987547894
2036,Decreasing Batt Cap - High LFP Chemistry,Copper,Recycling Limited to NA 2025 Online or Planned,0.08617410594384867
2036,Decreasing Batt Cap - High LFP Chemistry,Copper,All Material is Recycled in NA,0.08617410594384867
2037,Decreasing Batt Cap - High LFP Chemistry,Copper,Recycling Limited to NA 2025 Online or Planned,0.10931053570229401
2037,Decreasing Batt Cap - High LFP Chemistry,Copper,All Material is Recycled in NA,0.10931053570229401
2038,Decreasing Batt Cap - High LFP Chemistry,Copper,Recycling Limited to NA 2025 Online or Planned,0.12411903743614697
2038,Decreasing Batt Cap - High LFP Chemistry,Copper,All Material is Recycled in NA,0.1353986544453288
2039,Decreasing Batt Cap - High LFP Chemistry,Copper,Recycling Limited to NA 2025 Online or Planned,0.11958908008988625
2039,Decreasing Batt Cap - High LFP Chemistry,Copper,All Material is Recycled in NA,0.17111222246117588
2040,Decreasing Batt Cap - High LFP Chemistry,Copper,Recycling Limited to NA 2025 Online or Planned,0.1150430963524353
2040,Decreasing Batt Cap - High LFP Chemistry,Copper,All Material is Recycled in NA,0.2004849326588458
2041,Decreasing Batt Cap - High LFP Chemistry,Copper,Recycling Limited to NA 2025 Online or Planned,0.11168426654091944
2041,Decreasing Batt Cap - High LFP Chemistry,Copper,All Material is Recycled in NA,0.23139075291960484
2042,Decreasing Batt Cap - High LFP Chemistry,Copper,Recycling Limited to NA 2025 Online or Planned,0.10744254879207554
2042,Decreasing Batt Cap - High LFP Chemistry,Copper,All Material is Recycled in NA,0.2598825725031164
2043,Decreasing Batt Cap - High LFP Chemistry,Copper,Recycling Limited to NA 2025 Online or Planned,0.10285584615566237
2043,Decreasing Batt Cap - High LFP Chemistry,Copper,All Material is Recycled in NA,0.2888182494479973
2044,Decreasing Batt Cap - High LFP Chemistry,Copper,Recycling Limited to NA 2025 Online or Planned,0.09850266041544066
2044,Decreasing Batt Cap - High LFP Chemistry,Copper,All Material is Recycled in NA,0.31923211030020715
2045,Decreasing Batt Cap - High LFP Chemistry,Copper,Recycling Limited to NA 2025 Online or Planned,0.09454072343709476
2045,Decreasing Batt Cap - High LFP Chemistry,Copper,All Material is Recycled in NA,0.3521560280544144
2046,Decreasing Batt Cap - High LFP Chemistry,Copper,Recycling Limited to NA 2025 Online or Planned,0.09079121484187287
2046,Decreasing Batt Cap - High LFP Chemistry,Copper,All Material is Recycled in NA,0.3864954658272307
2047,Decreasing Batt Cap - High LFP Chemistry,Copper,Recycling Limited to NA 2025 Online or Planned,0.08750565297098471
2047,Decreasing Batt Cap - High LFP Chemistry,Copper,All Material is Recycled in NA,0.42411409090126956
2048,Decreasing Batt Cap - High LFP Chemistry,Copper,Recycling Limited to NA 2025 Online or Planned,0.08464972921758541
2048,Decreasing Batt Cap - High LFP Chemistry,Copper,All Material is Recycled in NA,0.46158077510104994
2049,Decreasing Batt Cap - High LFP Chemistry,Copper,Recycling Limited to NA 2025 Online or Planned,0.08222480153101917
2049,Decreasing Batt Cap - High LFP Chemistry,Copper,All Material is Recycled in NA,0.4983449203178036
2050,Decreasing Batt Cap - High LFP Chemistry,Copper,Recycling Limited to NA 2025 Online or Planned,0.08022778528327505
2050,Decreasing Batt Cap - High LFP Chemistry,Copper,All Material is Recycled in NA,0.5337118106653111
2026,Increasing Batt Cap - Benchmark Chemistry,Graphite,Recycling Limited to NA 2025 Online or Planned,0
2026,Increasing Batt Cap - Benchmark Chemistry,Graphite,All Material is Recycled in NA,0.0032995504238280916
2027,Increasing Batt Cap - Benchmark Chemistry,Graphite,Recycling Limited to NA 2025 Online or Planned,0
2027,Increasing Batt Cap - Benchmark Chemistry,Graphite,All Material is Recycled in NA,0.004948535356949979
2028,Increasing Batt Cap - Benchmark Chemistry,Graphite,Recycling Limited to NA 2025 Online or Planned,0
2028,Increasing Batt Cap - Benchmark Chemistry,Graphite,All Material is Recycled in NA,0.00753761589124459
2029,Increasing Batt Cap - Benchmark Chemistry,Graphite,Recycling Limited to NA 2025 Online or Planned,0
2029,Increasing Batt Cap - Benchmark Chemistry,Graphite,All Material is Recycled in NA,0.010492283076864983
2030,Increasing Batt Cap - Benchmark Chemistry,Graphite,Recycling Limited to NA 2025 Online or Planned,0
2030,Increasing Batt Cap - Benchmark Chemistry,Graphite,All Material is Recycled in NA,0.013995000013264642
2031,Increasing Batt Cap - Benchmark Chemistry,Graphite,Recycling Limited to NA 2025 Online or Planned,0
2031,Increasing Batt Cap - Benchmark Chemistry,Graphite,All Material is Recycled in NA,0.01808636351996635
2032,Increasing Batt Cap - Benchmark Chemistry,Graphite,Recycling Limited to NA 2025 Online or Planned,0
2032,Increasing Batt Cap - Benchmark Chemistry,Graphite,All Material is Recycled in NA,0.02332299699907427
2033,Increasing Batt Cap - Benchmark Chemistry,Graphite,Recycling Limited to NA 2025 Online or Planned,0
2033,Increasing Batt Cap - Benchmark Chemistry,Graphite,All Material is Recycled in NA,0.02824817911340774
2034,Increasing Batt Cap - Benchmark Chemistry,Graphite,Recycling Limited to NA 2025 Online or Planned,0
2034,Increasing Batt Cap - Benchmark Chemistry,Graphite,All Material is Recycled in NA,0.03530072770038457
2035,Increasing Batt Cap - Benchmark Chemistry,Graphite,Recycling Limited to NA 2025 Online or Planned,0
2035,Increasing Batt Cap - Benchmark Chemistry,Graphite,All Material is Recycled in NA,0.043871375973831374
2036,Increasing Batt Cap - Benchmark Chemistry,Graphite,Recycling Limited to NA 2025 Online or Planned,0.056412115268333764
2036,Increasing Batt Cap - Benchmark Chemistry,Graphite,All Material is Recycled in NA,0.056412115268333764
2037,Increasing Batt Cap - Benchmark Chemistry,Graphite,Recycling Limited to NA 2025 Online or Planned,0.058506017177124
2037,Increasing Batt Cap - Benchmark Chemistry,Graphite,All Material is Recycled in NA,0.07195796594431231
2038,Increasing Batt Cap - Benchmark Chemistry,Graphite,Recycling Limited to NA 2025 Online or Planned,0.05519576602499745
2038,Increasing Batt Cap - Benchmark Chemistry,Graphite,All Material is Recycled in NA,0.08965401157648936
2039,Increasing Batt Cap - Benchmark Chemistry,Graphite,Recycling Limited to NA 2025 Online or Planned,0.05236218126515933
2039,Increasing Batt Cap - Benchmark Chemistry,Graphite,All Material is Recycled in NA,0.11350821938021702
2040,Increasing Batt Cap - Benchmark Chemistry,Graphite,Recycling Limited to NA 2025 Online or Planned,0.04984661765423468
2040,Increasing Batt Cap - Benchmark Chemistry,Graphite,All Material is Recycled in NA,0.13433984136233218
2041,Increasing Batt Cap - Benchmark Chemistry,Graphite,Recycling Limited to NA 2025 Online or Planned,0.04820768091105183
2041,Increasing Batt Cap - Benchmark Chemistry,Graphite,All Material is Recycled in NA,0.15833700417501864
2042,Increasing Batt Cap - Benchmark Chemistry,Graphite,Recycling Limited to NA 2025 Online or Planned,0.04639164009914959
2042,Increasing Batt Cap - Benchmark Chemistry,Graphite,All Material is Recycled in NA,0.18229746350947548
2043,Increasing Batt Cap - Benchmark Chemistry,Graphite,Recycling Limited to NA 2025 Online or Planned,0.04454207482104322
2043,Increasing Batt Cap - Benchmark Chemistry,Graphite,All Material is Recycled in NA,0.20831879424091562
2044,Increasing Batt Cap - Benchmark Chemistry,Graphite,Recycling Limited to NA 2025 Online or Planned,0.042824748592321035
2044,Increasing Batt Cap - Benchmark Chemistry,Graphite,All Material is Recycled in NA,0.23708607787961825
2045,Increasing Batt Cap - Benchmark Chemistry,Graphite,Recycling Limited to NA 2025 Online or Planned,0.04128629103235474
2045,Increasing Batt Cap - Benchmark Chemistry,Graphite,All Material is Recycled in NA,0.2692633295166621
2046,Increasing Batt Cap - Benchmark Chemistry,Graphite,Recycling Limited to NA 2025 Online or Planned,0.03981927240565126
2046,Increasing Batt Cap - Benchmark Chemistry,Graphite,All Material is Recycled in NA,0.3039767806633019
2047,Increasing Batt Cap - Benchmark Chemistry,Graphite,Recycling Limited to NA 2025 Online or Planned,0.0385475868600831
2047,Increasing Batt Cap - Benchmark Chemistry,Graphite,All Material is Recycled in NA,0.34287517644034066
2048,Increasing Batt Cap - Benchmark Chemistry,Graphite,Recycling Limited to NA 2025 Online or Planned,0.037426136722408354
2048,Increasing Batt Cap - Benchmark Chemistry,Graphite,All Material is Recycled in NA,0.3831630626999881
2049,Increasing Batt Cap - Benchmark Chemistry,Graphite,Recycling Limited to NA 2025 Online or Planned,0.03646445660921244
2049,Increasing Batt Cap - Benchmark Chemistry,Graphite,All Material is Recycled in NA,0.4241944578900456
2050,Increasing Batt Cap - Benchmark Chemistry,Graphite,Recycling Limited to NA 2025 Online or Planned,0.03566146373296406
2050,Increasing Batt Cap - Benchmark Chemistry,Graphite,All Material is Recycled in NA,0.4642185904308168
2026,Increasing Batt Cap - High LFP Chemistry,Graphite,Recycling Limited to NA 2025 Online or Planned,0
2026,Increasing Batt Cap - High LFP Chemistry,Graphite,All Material is Recycled in NA,0.003294802219794807
2027,Increasing Batt Cap - High LFP Chemistry,Graphite,Recycling Limited to NA 2025 Online or Planned,0
2027,Increasing Batt Cap - High LFP Chemistry,Graphite,All Material is Recycled in NA,0.004932156520137487
2028,Increasing Batt Cap - High LFP Chemistry,Graphite,Recycling Limited to NA 2025 Online or Planned,0
2028,Increasing Batt Cap - High LFP Chemistry,Graphite,All Material is Recycled in NA,0.007502786350111098
2029,Increasing Batt Cap - High LFP Chemistry,Graphite,Recycling Limited to NA 2025 Online or Planned,0
2029,Increasing Batt Cap - High LFP Chemistry,Graphite,All Material is Recycled in NA,0.010431050157313675
2030,Increasing Batt Cap - High LFP Chemistry,Graphite,Recycling Limited to NA 2025 Online or Planned,0
2030,Increasing Batt Cap - High LFP Chemistry,Graphite,All Material is Recycled in NA,0.013900622487539057
2031,Increasing Batt Cap - High LFP Chemistry,Graphite,Recycling Limited to NA 2025 Online or Planned,0
2031,Increasing Batt Cap - High LFP Chemistry,Graphite,All Material is Recycled in NA,0.01795423612311349
2032,Increasing Batt Cap - High LFP Chemistry,Graphite,Recycling Limited to NA 2025 Online or Planned,0
2032,Increasing Batt Cap - High LFP Chemistry,Graphite,All Material is Recycled in NA,0.023135616615082965
2033,Increasing Batt Cap - High LFP Chemistry,Graphite,Recycling Limited to NA 2025 Online or Planned,0
2033,Increasing Batt Cap - High LFP Chemistry,Graphite,All Material is Recycled in NA,0.027991126945021923
2034,Increasing Batt Cap - High LFP Chemistry,Graphite,Recycling Limited to NA 2025 Online or Planned,0
2034,Increasing Batt Cap - High LFP Chemistry,Graphite,All Material is Recycled in NA,0.03494801619855694
2035,Increasing Batt Cap - High LFP Chemistry,Graphite,Recycling Limited to NA 2025 Online or Planned,0
2035,Increasing Batt Cap - High LFP Chemistry,Graphite,All Material is Recycled in NA,0.04340146232420311
2036,Increasing Batt Cap - High LFP Chemistry,Graphite,Recycling Limited to NA 2025 Online or Planned,0.055779405311013476
2036,Increasing Batt Cap - High LFP Chemistry,Graphite,All Material is Recycled in NA,0.055779405311013476
2037,Increasing Batt Cap - High LFP Chemistry,Graphite,Recycling Limited to NA 2025 Online or Planned,0.05755317482015188
2037,Increasing Batt Cap - High LFP Chemistry,Graphite,All Material is Recycled in NA,0.07112745134312513
2038,Increasing Batt Cap - High LFP Chemistry,Graphite,Recycling Limited to NA 2025 Online or Planned,0.05422679788425627
2038,Increasing Batt Cap - High LFP Chemistry,Graphite,All Material is Recycled in NA,0.08859913525099689
2039,Increasing Batt Cap - High LFP Chemistry,Graphite,Recycling Limited to NA 2025 Online or Planned,0.051386443199122646
2039,Increasing Batt Cap - High LFP Chemistry,Graphite,All Material is Recycled in NA,0.11216499404630625
2040,Increasing Batt Cap - High LFP Chemistry,Graphite,Recycling Limited to NA 2025 Online or Planned,0.048807552041778036
2040,Increasing Batt Cap - High LFP Chemistry,Graphite,All Material is Recycled in NA,0.13270684673473201
2041,Increasing Batt Cap - High LFP Chemistry,Graphite,Recycling Limited to NA 2025 Online or Planned,0.04710801908995105
2041,Increasing Batt Cap - High LFP Chemistry,Graphite,All Material is Recycled in NA,0.1565204231803156
2042,Increasing Batt Cap - High LFP Chemistry,Graphite,Recycling Limited to NA 2025 Online or Planned,0.04521888536935636
2042,Increasing Batt Cap - High LFP Chemistry,Graphite,All Material is Recycled in NA,0.18035588561548407
2043,Increasing Batt Cap - High LFP Chemistry,Graphite,Recycling Limited to NA 2025 Online or Planned,0.043291438318190316
2043,Increasing Batt Cap - High LFP Chemistry,Graphite,All Material is Recycled in NA,0.2062961056534196
2044,Increasing Batt Cap - High LFP Chemistry,Graphite,Recycling Limited to NA 2025 Online or Planned,0.04149674936057993
2044,Increasing Batt Cap - High LFP Chemistry,Graphite,All Material is Recycled in NA,0.2350154854612315
2045,Increasing Batt Cap - High LFP Chemistry,Graphite,Recycling Limited to NA 2025 Online or Planned,0.03988777808426062
2045,Increasing Batt Cap - High LFP Chemistry,Graphite,All Material is Recycled in NA,0.2671648767798955
2046,Increasing Batt Cap - High LFP Chemistry,Graphite,Recycling Limited to NA 2025 Online or Planned,0.03836120792895407
2046,Increasing Batt Cap - High LFP Chemistry,Graphite,All Material is Recycled in NA,0.30187746224906614
2047,Increasing Batt Cap - High LFP Chemistry,Graphite,Recycling Limited to NA 2025 Online or Planned,0.0370335213610346
2047,Increasing Batt Cap - High LFP Chemistry,Graphite,All Material is Recycled in NA,0.3408035874189561
2048,Increasing Batt Cap - High LFP Chemistry,Graphite,Recycling Limited to NA 2025 Online or Planned,0.03586147934512283
2048,Increasing Batt Cap - High LFP Chemistry,Graphite,All Material is Recycled in NA,0.38116662113630023
2049,Increasing Batt Cap - High LFP Chemistry,Graphite,Recycling Limited to NA 2025 Online or Planned,0.03485256899797526
2049,Increasing Batt Cap - High LFP Chemistry,Graphite,All Material is Recycled in NA,0.4223182729081034
2050,Increasing Batt Cap - High LFP Chemistry,Graphite,Recycling Limited to NA 2025 Online or Planned,0.03400731331217682
2050,Increasing Batt Cap - High LFP Chemistry,Graphite,All Material is Recycled in NA,0.4625046038127897
2026,Decreasing Batt Cap - Benchmark Chemistry,Graphite,Recycling Limited to NA 2025 Online or Planned,0
2026,Decreasing Batt Cap - Benchmark Chemistry,Graphite,All Material is Recycled in NA,0.0036839781519269264
2027,Decreasing Batt Cap - Benchmark Chemistry,Graphite,Recycling Limited to NA 2025 Online or Planned,0
2027,Decreasing Batt Cap - Benchmark Chemistry,Graphite,All Material is Recycled in NA,0.005766520149203761
2028,Decreasing Batt Cap - Benchmark Chemistry,Graphite,Recycling Limited to NA 2025 Online or Planned,0
2028,Decreasing Batt Cap - Benchmark Chemistry,Graphite,All Material is Recycled in NA,0.009101259022032354
2029,Decreasing Batt Cap - Benchmark Chemistry,Graphite,Recycling Limited to NA 2025 Online or Planned,0
2029,Decreasing Batt Cap - Benchmark Chemistry,Graphite,All Material is Recycled in NA,0.013156232390417135
2030,Decreasing Batt Cap - Benchmark Chemistry,Graphite,Recycling Limited to NA 2025 Online or Planned,0
2030,Decreasing Batt Cap - Benchmark Chemistry,Graphite,All Material is Recycled in NA,0.018196023512020997
2031,Decreasing Batt Cap - Benchmark Chemistry,Graphite,Recycling Limited to NA 2025 Online or Planned,0
2031,Decreasing Batt Cap - Benchmark Chemistry,Graphite,All Material is Recycled in NA,0.024316723239173523
2032,Decreasing Batt Cap - Benchmark Chemistry,Graphite,Recycling Limited to NA 2025 Online or Planned,0
2032,Decreasing Batt Cap - Benchmark Chemistry,Graphite,All Material is Recycled in NA,0.03247543217519112
2033,Decreasing Batt Cap - Benchmark Chemistry,Graphite,Recycling Limited to NA 2025 Online or Planned,0
2033,Decreasing Batt Cap - Benchmark Chemistry,Graphite,All Material is Recycled in NA,0.04071048031984064
2034,Decreasing Batt Cap - Benchmark Chemistry,Graphite,Recycling Limited to NA 2025 Online or Planned,0
2034,Decreasing Batt Cap - Benchmark Chemistry,Graphite,All Material is Recycled in NA,0.052462044567496056
2035,Decreasing Batt Cap - Benchmark Chemistry,Graphite,Recycling Limited to NA 2025 Online or Planned,0
2035,Decreasing Batt Cap - Benchmark Chemistry,Graphite,All Material is Recycled in NA,0.06717725898621237
2036,Decreasing Batt Cap - Benchmark Chemistry,Graphite,Recycling Limited to NA 2025 Online or Planned,0.08636909383782607
2036,Decreasing Batt Cap - Benchmark Chemistry,Graphite,All Material is Recycled in NA,0.08636909383782607
2037,Decreasing Batt Cap - Benchmark Chemistry,Graphite,Recycling Limited to NA 2025 Online or Planned,0.11026820239869713
2037,Decreasing Batt Cap - Benchmark Chemistry,Graphite,All Material is Recycled in NA,0.11026820239869713
2038,Decreasing Batt Cap - Benchmark Chemistry,Graphite,Recycling Limited to NA 2025 Online or Planned,0.1264941213227061
2038,Decreasing Batt Cap - Benchmark Chemistry,Graphite,All Material is Recycled in NA,0.13730842857509365
2039,Decreasing Batt Cap - Benchmark Chemistry,Graphite,Recycling Limited to NA 2025 Online or Planned,0.12234066746870385
2039,Decreasing Batt Cap - Benchmark Chemistry,Graphite,All Material is Recycled in NA,0.17404026002256662
2040,Decreasing Batt Cap - Benchmark Chemistry,Graphite,Recycling Limited to NA 2025 Online or Planned,0.11774032703873313
2040,Decreasing Batt Cap - Benchmark Chemistry,Graphite,All Material is Recycled in NA,0.2036436690523736
2041,Decreasing Batt Cap - Benchmark Chemistry,Graphite,Recycling Limited to NA 2025 Online or Planned,0.11383966248700804
2041,Decreasing Batt Cap - Benchmark Chemistry,Graphite,All Material is Recycled in NA,0.23348160639821677
2042,Decreasing Batt Cap - Benchmark Chemistry,Graphite,Recycling Limited to NA 2025 Online or Planned,0.10911263005729811
2042,Decreasing Batt Cap - Benchmark Chemistry,Graphite,All Material is Recycled in NA,0.2604063726975734
2043,Decreasing Batt Cap - Benchmark Chemistry,Graphite,Recycling Limited to NA 2025 Online or Planned,0.10418365273476911
2043,Decreasing Batt Cap - Benchmark Chemistry,Graphite,All Material is Recycled in NA,0.2875511739369949
2044,Decreasing Batt Cap - Benchmark Chemistry,Graphite,Recycling Limited to NA 2025 Online or Planned,0.09963762741249707
2044,Decreasing Batt Cap - Benchmark Chemistry,Graphite,All Material is Recycled in NA,0.3161199130623163
2045,Decreasing Batt Cap - Benchmark Chemistry,Graphite,Recycling Limited to NA 2025 Online or Planned,0.09558370086607255
2045,Decreasing Batt Cap - Benchmark Chemistry,Graphite,All Material is Recycled in NA,0.3471870707376941
2046,Decreasing Batt Cap - Benchmark Chemistry,Graphite,Recycling Limited to NA 2025 Online or Planned,0.0917889588780163
2046,Decreasing Batt Cap - Benchmark Chemistry,Graphite,All Material is Recycled in NA,0.3796068372450856
2047,Decreasing Batt Cap - Benchmark Chemistry,Graphite,Recycling Limited to NA 2025 Online or Planned,0.08848530714019953
2047,Decreasing Batt Cap - Benchmark Chemistry,Graphite,All Material is Recycled in NA,0.4151423455956114
2048,Decreasing Batt Cap - Benchmark Chemistry,Graphite,Recycling Limited to NA 2025 Online or Planned,0.08560625530770435
2048,Decreasing Batt Cap - Benchmark Chemistry,Graphite,All Material is Recycled in NA,0.4503205414710039
2049,Decreasing Batt Cap - Benchmark Chemistry,Graphite,Recycling Limited to NA 2025 Online or Planned,0.0831418781817309
2049,Decreasing Batt Cap - Benchmark Chemistry,Graphite,All Material is Recycled in NA,0.4845438299006178
2050,Decreasing Batt Cap - Benchmark Chemistry,Graphite,Recycling Limited to NA 2025 Online or Planned,0.08109226688261814
2050,Decreasing Batt Cap - Benchmark Chemistry,Graphite,All Material is Recycled in NA,0.5171829823850311
2026,Decreasing Batt Cap - High LFP Chemistry,Graphite,Recycling Limited to NA 2025 Online or Planned,0
2026,Decreasing Batt Cap - High LFP Chemistry,Graphite,All Material is Recycled in NA,0.0036787038326626755
2027,Decreasing Batt Cap - High LFP Chemistry,Graphite,Recycling Limited to NA 2025 Online or Planned,0
2027,Decreasing Batt Cap - High LFP Chemistry,Graphite,All Material is Recycled in NA,0.005747567060320797
2028,Decreasing Batt Cap - High LFP Chemistry,Graphite,Recycling Limited to NA 2025 Online or Planned,0
2028,Decreasing Batt Cap - High LFP Chemistry,Graphite,All Material is Recycled in NA,0.009059521580177733
2029,Decreasing Batt Cap - High LFP Chemistry,Graphite,Recycling Limited to NA 2025 Online or Planned,0
2029,Decreasing Batt Cap - High LFP Chemistry,Graphite,All Material is Recycled in NA,0.013080069083723654
2030,Decreasing Batt Cap - High LFP Chemistry,Graphite,Recycling Limited to NA 2025 Online or Planned,0
2030,Decreasing Batt Cap - High LFP Chemistry,Graphite,All Material is Recycled in NA,0.018074365992881654
2031,Decreasing Batt Cap - High LFP Chemistry,Graphite,Recycling Limited to NA 2025 Online or Planned,0
2031,Decreasing Batt Cap - High LFP Chemistry,Graphite,All Material is Recycled in NA,0.02414079240865233
2032,Decreasing Batt Cap - High LFP Chemistry,Graphite,Recycling Limited to NA 2025 Online or Planned,0
2032,Decreasing Batt Cap - High LFP Chemistry,Graphite,All Material is Recycled in NA,0.032217155329863134
2033,Decreasing Batt Cap - High LFP Chemistry,Graphite,Recycling Limited to NA 2025 Online or Planned,0
2033,Decreasing Batt Cap - High LFP Chemistry,Graphite,All Material is Recycled in NA,0.04034322902487276
2034,Decreasing Batt Cap - High LFP Chemistry,Graphite,Recycling Limited to NA 2025 Online or Planned,0
2034,Decreasing Batt Cap - High LFP Chemistry,Graphite,All Material is Recycled in NA,0.05194192098901836
2035,Decreasing Batt Cap - High LFP Chemistry,Graphite,Recycling Limited to NA 2025 Online or Planned,0
2035,Decreasing Batt Cap - High LFP Chemistry,Graphite,All Material is Recycled in NA,0.06646284108916307
2036,Decreasing Batt Cap - High LFP Chemistry,Graphite,Recycling Limited to NA 2025 Online or Planned,0.08540481642896024
2036,Decreasing Batt Cap - High LFP Chemistry,Graphite,All Material is Recycled in NA,0.08540481642896024
2037,Decreasing Batt Cap - High LFP Chemistry,Graphite,Recycling Limited to NA 2025 Online or Planned,0.10899738635019128
2037,Decreasing Batt Cap - High LFP Chemistry,Graphite,All Material is Recycled in NA,0.10899738635019128
2038,Decreasing Batt Cap - High LFP Chemistry,Graphite,Recycling Limited to NA 2025 Online or Planned,0.12438440930002531
2038,Decreasing Batt Cap - High LFP Chemistry,Graphite,All Material is Recycled in NA,0.13568969211878637
2039,Decreasing Batt Cap - High LFP Chemistry,Graphite,Recycling Limited to NA 2025 Online or Planned,0.12018294642946849
2039,Decreasing Batt Cap - High LFP Chemistry,Graphite,All Material is Recycled in NA,0.17196919842829167
2040,Decreasing Batt Cap - High LFP Chemistry,Graphite,Recycling Limited to NA 2025 Online or Planned,0.11541661522242787
2040,Decreasing Batt Cap - High LFP Chemistry,Graphite,All Material is Recycled in NA,0.20114832476099373
2041,Decreasing Batt Cap - High LFP Chemistry,Graphite,Recycling Limited to NA 2025 Online or Planned,0.11137730641375007
2041,Decreasing Batt Cap - High LFP Chemistry,Graphite,All Material is Recycled in NA,0.23077266957967496
2042,Decreasing Batt Cap - High LFP Chemistry,Graphite,Recycling Limited to NA 2025 Online or Planned,0.10648675541143318
2042,Decreasing Batt Cap - High LFP Chemistry,Graphite,All Material is Recycled in NA,0.2575939243828449
2043,Decreasing Batt Cap - High LFP Chemistry,Graphite,Recycling Limited to NA 2025 Online or Planned,0.10138422975044831
2043,Decreasing Batt Cap - High LFP Chemistry,Graphite,All Material is Recycled in NA,0.28471527112293743
2044,Decreasing Batt Cap - High LFP Chemistry,Graphite,Recycling Limited to NA 2025 Online or Planned,0.09666529272490611
2044,Decreasing Batt Cap - High LFP Chemistry,Graphite,All Material is Recycled in NA,0.31331343109388743
2045,Decreasing Batt Cap - High LFP Chemistry,Graphite,Recycling Limited to NA 2025 Online or Planned,0.09245614083741835
2045,Decreasing Batt Cap - High LFP Chemistry,Graphite,All Material is Recycled in NA,0.3444344725442415
2046,Decreasing Batt Cap - High LFP Chemistry,Graphite,Recycling Limited to NA 2025 Online or Planned,0.08853331709531193
2046,Decreasing Batt Cap - High LFP Chemistry,Graphite,All Material is Recycled in NA,0.37693488208628967
2047,Decreasing Batt Cap - High LFP Chemistry,Graphite,Recycling Limited to NA 2025 Online or Planned,0.08511299319092001
2047,Decreasing Batt Cap - High LFP Chemistry,Graphite,All Material is Recycled in NA,0.41257724728943407
2048,Decreasing Batt Cap - High LFP Chemistry,Graphite,Recycling Limited to NA 2025 Online or Planned,0.08212987851824807
2048,Decreasing Batt Cap - High LFP Chemistry,Graphite,All Material is Recycled in NA,0.44790888984766913
2049,Decreasing Batt Cap - High LFP Chemistry,Graphite,Recycling Limited to NA 2025 Online or Planned,0.07956904732968773
2049,Decreasing Batt Cap - High LFP Chemistry,Graphite,All Material is Recycled in NA,0.4823261837512648
2050,Decreasing Batt Cap - High LFP Chemistry,Graphite,Recycling Limited to NA 2025 Online or Planned,0.07743138888216208
2050,Decreasing Batt Cap - High LFP Chemistry,Graphite,All Material is Recycled in NA,0.5151944371111156
2026,Increasing Batt Cap - Benchmark Chemistry,Lithium,Recycling Limited to NA 2025 Online or Planned,0
2026,Increasing Batt Cap - Benchmark Chemistry,Lithium,All Material is Recycled in NA,0.003264375821806573
2027,Increasing Batt Cap - Benchmark Chemistry,Lithium,Recycling Limited to NA 2025 Online or Planned,0
2027,Increasing Batt Cap - Benchmark Chemistry,Lithium,All Material is Recycled in NA,0.004676416481723078
2028,Increasing Batt Cap - Benchmark Chemistry,Lithium,Recycling Limited to NA 2025 Online or Planned,0
2028,Increasing Batt Cap - Benchmark Chemistry,Lithium,All Material is Recycled in NA,0.0069785752614840435
2029,Increasing Batt Cap - Benchmark Chemistry,Lithium,Recycling Limited to NA 2025 Online or Planned,0
2029,Increasing Batt Cap - Benchmark Chemistry,Lithium,All Material is Recycled in NA,0.009588507115510963
2030,Increasing Batt Cap - Benchmark Chemistry,Lithium,Recycling Limited to NA 2025 Online or Planned,0
2030,Increasing Batt Cap - Benchmark Chemistry,Lithium,All Material is Recycled in NA,0.012696647750899329
2031,Increasing Batt Cap - Benchmark Chemistry,Lithium,Recycling Limited to NA 2025 Online or Planned,0
2031,Increasing Batt Cap - Benchmark Chemistry,Lithium,All Material is Recycled in NA,0.01632458224428927
2032,Increasing Batt Cap - Benchmark Chemistry,Lithium,Recycling Limited to NA 2025 Online or Planned,0
2032,Increasing Batt Cap - Benchmark Chemistry,Lithium,All Material is Recycled in NA,0.020981081167870428
2033,Increasing Batt Cap - Benchmark Chemistry,Lithium,Recycling Limited to NA 2025 Online or Planned,0
2033,Increasing Batt Cap - Benchmark Chemistry,Lithium,All Material is Recycled in NA,0.025259333370688013
2034,Increasing Batt Cap - Benchmark Chemistry,Lithium,Recycling Limited to NA 2025 Online or Planned,0
2034,Increasing Batt Cap - Benchmark Chemistry,Lithium,All Material is Recycled in NA,0.031440082380337665
2035,Increasing Batt Cap - Benchmark Chemistry,Lithium,Recycling Limited to NA 2025 Online or Planned,0
2035,Increasing Batt Cap - Benchmark Chemistry,Lithium,All Material is Recycled in NA,0.03904533344383338
2036,Increasing Batt Cap - Benchmark Chemistry,Lithium,Recycling Limited to NA 2025 Online or Planned,0.050256701840427895
2036,Increasing Batt Cap - Benchmark Chemistry,Lithium,All Material is Recycled in NA,0.050256701840427895
2037,Increasing Batt Cap - Benchmark Chemistry,Lithium,Recycling Limited to NA 2025 Online or Planned,0.052245221903788934
2037,Increasing Batt Cap - Benchmark Chemistry,Lithium,All Material is Recycled in NA,0.06425387627615024
2038,Increasing Batt Cap - Benchmark Chemistry,Lithium,Recycling Limited to NA 2025 Online or Planned,0.04942323079325287
2038,Increasing Batt Cap - Benchmark Chemistry,Lithium,All Material is Recycled in NA,0.08026765074049565
2039,Increasing Batt Cap - Benchmark Chemistry,Lithium,Recycling Limited to NA 2025 Online or Planned,0.04706237024740037
2039,Increasing Batt Cap - Benchmark Chemistry,Lithium,All Material is Recycled in NA,0.10200102793881322
2040,Increasing Batt Cap - Benchmark Chemistry,Lithium,Recycling Limited to NA 2025 Online or Planned,0.044720730878941545
2040,Increasing Batt Cap - Benchmark Chemistry,Lithium,All Material is Recycled in NA,0.12049887948087991
2041,Increasing Batt Cap - Benchmark Chemistry,Lithium,Recycling Limited to NA 2025 Online or Planned,0.043200556317627425
2041,Increasing Batt Cap - Benchmark Chemistry,Lithium,All Material is Recycled in NA,0.14185595716179045
2042,Increasing Batt Cap - Benchmark Chemistry,Lithium,Recycling Limited to NA 2025 Online or Planned,0.041539820810351194
2042,Increasing Batt Cap - Benchmark Chemistry,Lithium,All Material is Recycled in NA,0.1631879240244259
2043,Increasing Batt Cap - Benchmark Chemistry,Lithium,Recycling Limited to NA 2025 Online or Planned,0.03986856579568076
2043,Increasing Batt Cap - Benchmark Chemistry,Lithium,All Material is Recycled in NA,0.18640695231233292
2044,Increasing Batt Cap - Benchmark Chemistry,Lithium,Recycling Limited to NA 2025 Online or Planned,0.03833263910256667
2044,Increasing Batt Cap - Benchmark Chemistry,Lithium,All Material is Recycled in NA,0.21215126298094233
2045,Increasing Batt Cap - Benchmark Chemistry,Lithium,Recycling Limited to NA 2025 Online or Planned,0.03696429272636624
2045,Increasing Batt Cap - Benchmark Chemistry,Lithium,All Material is Recycled in NA,0.24099750409460688
2046,Increasing Batt Cap - Benchmark Chemistry,Lithium,Recycling Limited to NA 2025 Online or Planned,0.035662320858469904
2046,Increasing Batt Cap - Benchmark Chemistry,Lithium,All Material is Recycled in NA,0.27215077663584264
2047,Increasing Batt Cap - Benchmark Chemistry,Lithium,Recycling Limited to NA 2025 Online or Planned,0.0345373868816519
2047,Increasing Batt Cap - Benchmark Chemistry,Lithium,All Material is Recycled in NA,0.3070975398019001
2048,Increasing Batt Cap - Benchmark Chemistry,Lithium,Recycling Limited to NA 2025 Online or Planned,0.033542509606036434
2048,Increasing Batt Cap - Benchmark Chemistry,Lithium,All Material is Recycled in NA,0.34327938082519566
2049,Increasing Batt Cap - Benchmark Chemistry,Lithium,Recycling Limited to NA 2025 Online or Planned,0.032682224147714205
2049,Increasing Batt Cap - Benchmark Chemistry,Lithium,All Material is Recycled in NA,0.38005588258326223
2050,Increasing Batt Cap - Benchmark Chemistry,Lithium,Recycling Limited to NA 2025 Online or Planned,0.031955371072225014
2050,Increasing Batt Cap - Benchmark Chemistry,Lithium,All Material is Recycled in NA,0.4158192149704127
2026,Increasing Batt Cap - High LFP Chemistry,Lithium,Recycling Limited to NA 2025 Online or Planned,0
2026,Increasing Batt Cap - High LFP Chemistry,Lithium,All Material is Recycled in NA,0.0032750796460196503
2027,Increasing Batt Cap - High LFP Chemistry,Lithium,Recycling Limited to NA 2025 Online or Planned,0
2027,Increasing Batt Cap - High LFP Chemistry,Lithium,All Material is Recycled in NA,0.004711149476096479
2028,Increasing Batt Cap - High LFP Chemistry,Lithium,Recycling Limited to NA 2025 Online or Planned,0
2028,Increasing Batt Cap - High LFP Chemistry,Lithium,All Material is Recycled in NA,0.007049910903217469
2029,Increasing Batt Cap - High LFP Chemistry,Lithium,Recycling Limited to NA 2025 Online or Planned,0
2029,Increasing Batt Cap - High LFP Chemistry,Lithium,All Material is Recycled in NA,0.009706163767752072
2030,Increasing Batt Cap - High LFP Chemistry,Lithium,Recycling Limited to NA 2025 Online or Planned,0
2030,Increasing Batt Cap - High LFP Chemistry,Lithium,All Material is Recycled in NA,0.012873289201483746
2031,Increasing Batt Cap - High LFP Chemistry,Lithium,Recycling Limited to NA 2025 Online or Planned,0
2031,Increasing Batt Cap - High LFP Chemistry,Lithium,All Material is Recycled in NA,0.016567865585266187
2032,Increasing Batt Cap - High LFP Chemistry,Lithium,Recycling Limited to NA 2025 Online or Planned,0
2032,Increasing Batt Cap - High LFP Chemistry,Lithium,All Material is Recycled in NA,0.021323025882729156
2033,Increasing Batt Cap - High LFP Chemistry,Lithium,Recycling Limited to NA 2025 Online or Planned,0
2033,Increasing Batt Cap - High LFP Chemistry,Lithium,All Material is Recycled in NA,0.02572124477433326
2034,Increasing Batt Cap - High LFP Chemistry,Lithium,Recycling Limited to NA 2025 Online or Planned,0
2034,Increasing Batt Cap - High LFP Chemistry,Lithium,All Material is Recycled in NA,0.03206511549484838
2035,Increasing Batt Cap - High LFP Chemistry,Lithium,Recycling Limited to NA 2025 Online or Planned,0
2035,Increasing Batt Cap - High LFP Chemistry,Lithium,All Material is Recycled in NA,0.0398682728101156
2036,Increasing Batt Cap - High LFP Chemistry,Lithium,Recycling Limited to NA 2025 Online or Planned,0.05135056270087005
2036,Increasing Batt Cap - High LFP Chemistry,Lithium,All Material is Recycled in NA,0.05135056270087005
2037,Increasing Batt Cap - High LFP Chemistry,Lithium,Recycling Limited to NA 2025 Online or Planned,0.05313851537357758
2037,Increasing Batt Cap - High LFP Chemistry,Lithium,All Material is Recycled in NA,0.06566758735254875
2038,Increasing Batt Cap - High LFP Chemistry,Lithium,Recycling Limited to NA 2025 Online or Planned,0.0502107278035733
2038,Increasing Batt Cap - High LFP Chemistry,Lithium,All Material is Recycled in NA,0.0820269358721714
2039,Increasing Batt Cap - High LFP Chemistry,Lithium,Recycling Limited to NA 2025 Online or Planned,0.047738588258194305
2039,Increasing Batt Cap - High LFP Chemistry,Lithium,All Material is Recycled in NA,0.10418332557503279
2040,Increasing Batt Cap - High LFP Chemistry,Lithium,Recycling Limited to NA 2025 Online or Planned,0.045298009761780285
2040,Increasing Batt Cap - High LFP Chemistry,Lithium,All Material is Recycled in NA,0.12313701181088481
2041,Increasing Batt Cap - High LFP Chemistry,Lithium,Recycling Limited to NA 2025 Online or Planned,0.04357744888619835
2041,Increasing Batt Cap - High LFP Chemistry,Lithium,All Material is Recycled in NA,0.14475299209480103
2042,Increasing Batt Cap - High LFP Chemistry,Lithium,Recycling Limited to NA 2025 Online or Planned,0.04168942439732448
2042,Increasing Batt Cap - High LFP Chemistry,Lithium,All Material is Recycled in NA,0.16623234823345662
2043,Increasing Batt Cap - High LFP Chemistry,Lithium,Recycling Limited to NA 2025 Online or Planned,0.03978316739643479
2043,Increasing Batt Cap - High LFP Chemistry,Lithium,All Material is Recycled in NA,0.18952107712942315
2044,Increasing Batt Cap - High LFP Chemistry,Lithium,Recycling Limited to NA 2025 Online or Planned,0.03802402008610526
2044,Increasing Batt Cap - High LFP Chemistry,Lithium,All Material is Recycled in NA,0.2152785060171162
2045,Increasing Batt Cap - High LFP Chemistry,Lithium,Recycling Limited to NA 2025 Online or Planned,0.03645762518015846
2045,Increasing Batt Cap - High LFP Chemistry,Lithium,All Material is Recycled in NA,0.24410695829992052
2046,Increasing Batt Cap - High LFP Chemistry,Lithium,Recycling Limited to NA 2025 Online or Planned,0.03498380175887261
2046,Increasing Batt Cap - High LFP Chemistry,Lithium,All Material is Recycled in NA,0.2752014295795949
2047,Increasing Batt Cap - High LFP Chemistry,Lithium,Recycling Limited to NA 2025 Online or Planned,0.03370355764750244
2047,Increasing Batt Cap - High LFP Chemistry,Lithium,All Material is Recycled in NA,0.3100446439196638
2048,Increasing Batt Cap - High LFP Chemistry,Lithium,Recycling Limited to NA 2025 Online or Planned,0.03257033969346025
2048,Increasing Batt Cap - High LFP Chemistry,Lithium,All Material is Recycled in NA,0.3460531114566987
2049,Increasing Batt Cap - High LFP Chemistry,Lithium,Recycling Limited to NA 2025 Online or Planned,0.031586636066517654
2049,Increasing Batt Cap - High LFP Chemistry,Lithium,All Material is Recycled in NA,0.3825942156561601
2050,Increasing Batt Cap - High LFP Chemistry,Lithium,Recycling Limited to NA 2025 Online or Planned,0.0307527333749599
2050,Increasing Batt Cap - High LFP Chemistry,Lithium,All Material is Recycled in NA,0.4180740299853766
2026,Decreasing Batt Cap - Benchmark Chemistry,Lithium,Recycling Limited to NA 2025 Online or Planned,0
2026,Decreasing Batt Cap - Benchmark Chemistry,Lithium,All Material is Recycled in NA,0.003645431509830761
2027,Decreasing Batt Cap - Benchmark Chemistry,Lithium,Recycling Limited to NA 2025 Online or Planned,0
2027,Decreasing Batt Cap - Benchmark Chemistry,Lithium,All Material is Recycled in NA,0.005458903907624296
2028,Decreasing Batt Cap - Benchmark Chemistry,Lithium,Recycling Limited to NA 2025 Online or Planned,0
2028,Decreasing Batt Cap - Benchmark Chemistry,Lithium,All Material is Recycled in NA,0.008458860854147439
2029,Decreasing Batt Cap - Benchmark Chemistry,Lithium,Recycling Limited to NA 2025 Online or Planned,0
2029,Decreasing Batt Cap - Benchmark Chemistry,Lithium,All Material is Recycled in NA,0.012083003271926105
2030,Decreasing Batt Cap - Benchmark Chemistry,Lithium,Recycling Limited to NA 2025 Online or Planned,0
2030,Decreasing Batt Cap - Benchmark Chemistry,Lithium,All Material is Recycled in NA,0.01660737349817923
2031,Decreasing Batt Cap - Benchmark Chemistry,Lithium,Recycling Limited to NA 2025 Online or Planned,0
2031,Decreasing Batt Cap - Benchmark Chemistry,Lithium,All Material is Recycled in NA,0.02210158126593366
2032,Decreasing Batt Cap - Benchmark Chemistry,Lithium,Recycling Limited to NA 2025 Online or Planned,0
2032,Decreasing Batt Cap - Benchmark Chemistry,Lithium,All Material is Recycled in NA,0.029442500079466253
2033,Decreasing Batt Cap - Benchmark Chemistry,Lithium,Recycling Limited to NA 2025 Online or Planned,0
2033,Decreasing Batt Cap - Benchmark Chemistry,Lithium,All Material is Recycled in NA,0.0367088913237996
2034,Decreasing Batt Cap - Benchmark Chemistry,Lithium,Recycling Limited to NA 2025 Online or Planned,0
2034,Decreasing Batt Cap - Benchmark Chemistry,Lithium,All Material is Recycled in NA,0.047147340761918635
2035,Decreasing Batt Cap - Benchmark Chemistry,Lithium,Recycling Limited to NA 2025 Online or Planned,0
2035,Decreasing Batt Cap - Benchmark Chemistry,Lithium,All Material is Recycled in NA,0.0603702035645325
2036,Decreasing Batt Cap - Benchmark Chemistry,Lithium,Recycling Limited to NA 2025 Online or Planned,0.07772026754418067
2036,Decreasing Batt Cap - Benchmark Chemistry,Lithium,All Material is Recycled in NA,0.07772026754418067
2037,Decreasing Batt Cap - Benchmark Chemistry,Lithium,Recycling Limited to NA 2025 Online or Planned,0.09946981560352856
2037,Decreasing Batt Cap - Benchmark Chemistry,Lithium,All Material is Recycled in NA,0.09946981560352856
2038,Decreasing Batt Cap - Benchmark Chemistry,Lithium,Recycling Limited to NA 2025 Online or Planned,0.11441311926196844
2038,Decreasing Batt Cap - Benchmark Chemistry,Lithium,All Material is Recycled in NA,0.12419286098437061
2039,Decreasing Batt Cap - Benchmark Chemistry,Lithium,Recycling Limited to NA 2025 Online or Planned,0.11101474433905849
2039,Decreasing Batt Cap - Benchmark Chemistry,Lithium,All Material is Recycled in NA,0.15791967804276358
2040,Decreasing Batt Cap - Benchmark Chemistry,Lithium,Recycling Limited to NA 2025 Online or Planned,0.10659197567727204
2040,Decreasing Batt Cap - Benchmark Chemistry,Lithium,All Material is Recycled in NA,0.18434681832622615
2041,Decreasing Batt Cap - Benchmark Chemistry,Lithium,Recycling Limited to NA 2025 Online or Planned,0.10286480458741007
2041,Decreasing Batt Cap - Benchmark Chemistry,Lithium,All Material is Recycled in NA,0.2109513901727017
2042,Decreasing Batt Cap - Benchmark Chemistry,Lithium,Recycling Limited to NA 2025 Online or Planned,0.09841874293967824
2042,Decreasing Batt Cap - Benchmark Chemistry,Lithium,All Material is Recycled in NA,0.23485702423232188
2043,Decreasing Batt Cap - Benchmark Chemistry,Lithium,Recycling Limited to NA 2025 Online or Planned,0.09383465345760622
2043,Decreasing Batt Cap - Benchmark Chemistry,Lithium,All Material is Recycled in NA,0.25895278570008334
2044,Decreasing Batt Cap - Benchmark Chemistry,Lithium,Recycling Limited to NA 2025 Online or Planned,0.08964383090059695
2044,Decreasing Batt Cap - Benchmark Chemistry,Lithium,All Material is Recycled in NA,0.2843700475215142
2045,Decreasing Batt Cap - Benchmark Chemistry,Lithium,Recycling Limited to NA 2025 Online or Planned,0.08592829629067768
2045,Decreasing Batt Cap - Benchmark Chemistry,Lithium,All Material is Recycled in NA,0.3120646142516348
2046,Decreasing Batt Cap - Benchmark Chemistry,Lithium,Recycling Limited to NA 2025 Online or Planned,0.08246731093852175
2046,Decreasing Batt Cap - Benchmark Chemistry,Lithium,All Material is Recycled in NA,0.34099522262859316
2047,Decreasing Batt Cap - Benchmark Chemistry,Lithium,Recycling Limited to NA 2025 Online or Planned,0.07946715092120275
2047,Decreasing Batt Cap - Benchmark Chemistry,Lithium,All Material is Recycled in NA,0.37276163709519416
2048,Decreasing Batt Cap - Benchmark Chemistry,Lithium,Recycling Limited to NA 2025 Online or Planned,0.07685173840829487
2048,Decreasing Batt Cap - Benchmark Chemistry,Lithium,All Material is Recycled in NA,0.4041875885958666
2049,Decreasing Batt Cap - Benchmark Chemistry,Lithium,Recycling Limited to NA 2025 Online or Planned,0.07460028017034853
2049,Decreasing Batt Cap - Benchmark Chemistry,Lithium,All Material is Recycled in NA,0.4346734595352364
2050,Decreasing Batt Cap - Benchmark Chemistry,Lithium,Recycling Limited to NA 2025 Online or Planned,0.0727134996198537
2050,Decreasing Batt Cap - Benchmark Chemistry,Lithium,All Material is Recycled in NA,0.46364514936082935
2026,Decreasing Batt Cap - High LFP Chemistry,Lithium,Recycling Limited to NA 2025 Online or Planned,0
2026,Decreasing Batt Cap - High LFP Chemistry,Lithium,All Material is Recycled in NA,0.003657329733637678
2027,Decreasing Batt Cap - High LFP Chemistry,Lithium,Recycling Limited to NA 2025 Online or Planned,0
2027,Decreasing Batt Cap - High LFP Chemistry,Lithium,All Material is Recycled in NA,0.005499192934968798
2028,Decreasing Batt Cap - High LFP Chemistry,Lithium,Recycling Limited to NA 2025 Online or Planned,0
2028,Decreasing Batt Cap - High LFP Chemistry,Lithium,All Material is Recycled in NA,0.008544751448352865
2029,Decreasing Batt Cap - High LFP Chemistry,Lithium,Recycling Limited to NA 2025 Online or Planned,0
2029,Decreasing Batt Cap - High LFP Chemistry,Lithium,All Material is Recycled in NA,0.012230249661148976
2030,Decreasing Batt Cap - High LFP Chemistry,Lithium,Recycling Limited to NA 2025 Online or Planned,0
2030,Decreasing Batt Cap - High LFP Chemistry,Lithium,All Material is Recycled in NA,0.016836785664748926
2031,Decreasing Batt Cap - High LFP Chemistry,Lithium,Recycling Limited to NA 2025 Online or Planned,0
2031,Decreasing Batt Cap - High LFP Chemistry,Lithium,All Material is Recycled in NA,0.02242837216362634
2032,Decreasing Batt Cap - High LFP Chemistry,Lithium,Recycling Limited to NA 2025 Online or Planned,0
2032,Decreasing Batt Cap - High LFP Chemistry,Lithium,All Material is Recycled in NA,0.02991845364991507
2033,Decreasing Batt Cap - High LFP Chemistry,Lithium,Recycling Limited to NA 2025 Online or Planned,0
2033,Decreasing Batt Cap - High LFP Chemistry,Lithium,All Material is Recycled in NA,0.037375783132537026
2034,Decreasing Batt Cap - High LFP Chemistry,Lithium,Recycling Limited to NA 2025 Online or Planned,0
2034,Decreasing Batt Cap - High LFP Chemistry,Lithium,All Material is Recycled in NA,0.04807956531836126
2035,Decreasing Batt Cap - High LFP Chemistry,Lithium,Recycling Limited to NA 2025 Online or Planned,0
2035,Decreasing Batt Cap - High LFP Chemistry,Lithium,All Material is Recycled in NA,0.06163688834866161
2036,Decreasing Batt Cap - High LFP Chemistry,Lithium,Recycling Limited to NA 2025 Online or Planned,0.07940914312825476
2036,Decreasing Batt Cap - High LFP Chemistry,Lithium,All Material is Recycled in NA,0.07940914312825476
2037,Decreasing Batt Cap - High LFP Chemistry,Lithium,Recycling Limited to NA 2025 Online or Planned,0.1016626027988851
2037,Decreasing Batt Cap - High LFP Chemistry,Lithium,All Material is Recycled in NA,0.1016626027988851
2038,Decreasing Batt Cap - High LFP Chemistry,Lithium,Recycling Limited to NA 2025 Online or Planned,0.11635760301626669
2038,Decreasing Batt Cap - High LFP Chemistry,Lithium,All Material is Recycled in NA,0.12693144614091906
2039,Decreasing Batt Cap - High LFP Chemistry,Lithium,Recycling Limited to NA 2025 Online or Planned,0.11275695580707526
2039,Decreasing Batt Cap - High LFP Chemistry,Lithium,All Material is Recycled in NA,0.16133453459027108
2040,Decreasing Batt Cap - High LFP Chemistry,Lithium,Recycling Limited to NA 2025 Online or Planned,0.10813198467049666
2040,Decreasing Batt Cap - High LFP Chemistry,Lithium,All Material is Recycled in NA,0.18843733475763386
2041,Decreasing Batt Cap - High LFP Chemistry,Lithium,Recycling Limited to NA 2025 Online or Planned,0.10393721720726398
2041,Decreasing Batt Cap - High LFP Chemistry,Lithium,All Material is Recycled in NA,0.2153347647688959
2042,Decreasing Batt Cap - High LFP Chemistry,Lithium,Recycling Limited to NA 2025 Online or Planned,0.09894850440145488
2042,Decreasing Batt Cap - High LFP Chemistry,Lithium,All Material is Recycled in NA,0.23932983696268428
2043,Decreasing Batt Cap - High LFP Chemistry,Lithium,Recycling Limited to NA 2025 Online or Planned,0.09379913668039518
2043,Decreasing Batt Cap - High LFP Chemistry,Lithium,All Material is Recycled in NA,0.26337758698169533
2044,Decreasing Batt Cap - High LFP Chemistry,Lithium,Recycling Limited to NA 2025 Online or Planned,0.08907319664382758
2044,Decreasing Batt Cap - High LFP Chemistry,Lithium,All Material is Recycled in NA,0.28866068336675393
2045,Decreasing Batt Cap - High LFP Chemistry,Lithium,Recycling Limited to NA 2025 Online or Planned,0.08488867606126857
2045,Decreasing Batt Cap - High LFP Chemistry,Lithium,All Material is Recycled in NA,0.31618824903582793
2046,Decreasing Batt Cap - High LFP Chemistry,Lithium,Recycling Limited to NA 2025 Online or Planned,0.08102823860726599
2046,Decreasing Batt Cap - High LFP Chemistry,Lithium,All Material is Recycled in NA,0.34491704996584543
2047,Decreasing Batt Cap - High LFP Chemistry,Lithium,Recycling Limited to NA 2025 Online or Planned,0.07767488785306555
2047,Decreasing Batt Cap - High LFP Chemistry,Lithium,All Material is Recycled in NA,0.3764461226509167
2048,Decreasing Batt Cap - High LFP Chemistry,Lithium,Recycling Limited to NA 2025 Online or Planned,0.07474941524408266
2048,Decreasing Batt Cap - High LFP Chemistry,Lithium,All Material is Recycled in NA,0.40757140456215224
2049,Decreasing Batt Cap - High LFP Chemistry,Lithium,Recycling Limited to NA 2025 Online or Planned,0.07222421416659078
2049,Decreasing Batt Cap - High LFP Chemistry,Lithium,All Material is Recycled in NA,0.43770616893141306
2050,Decreasing Batt Cap - High LFP Chemistry,Lithium,Recycling Limited to NA 2025 Online or Planned,0.07009791069092973
2050,Decreasing Batt Cap - High LFP Chemistry,Lithium,All Material is Recycled in NA,0.4662922128694105
2026,Increasing Batt Cap - Benchmark Chemistry,Manganese,Recycling Limited to NA 2025 Online or Planned,0
2026,Increasing Batt Cap - Benchmark Chemistry,Manganese,All Material is Recycled in NA,0.005694714034249471
2027,Increasing Batt Cap - Benchmark Chemistry,Manganese,Recycling Limited to NA 2025 Online or Planned,0
2027,Increasing Batt Cap - Benchmark Chemistry,Manganese,All Material is Recycled in NA,0.00658646951834774
2028,Increasing Batt Cap - Benchmark Chemistry,Manganese,Recycling Limited to NA 2025 Online or Planned,0
2028,Increasing Batt Cap - Benchmark Chemistry,Manganese,All Material is Recycled in NA,0.009427682632159262
2029,Increasing Batt Cap - Benchmark Chemistry,Manganese,Recycling Limited to NA 2025 Online or Planned,0
2029,Increasing Batt Cap - Benchmark Chemistry,Manganese,All Material is Recycled in NA,0.011095079537662056
2030,Increasing Batt Cap - Benchmark Chemistry,Manganese,Recycling Limited to NA 2025 Online or Planned,0
2030,Increasing Batt Cap - Benchmark Chemistry,Manganese,All Material is Recycled in NA,0.013747520298323237
2031,Increasing Batt Cap - Benchmark Chemistry,Manganese,Recycling Limited to NA 2025 Online or Planned,0
2031,Increasing Batt Cap - Benchmark Chemistry,Manganese,All Material is Recycled in NA,0.01710432264250312
2032,Increasing Batt Cap - Benchmark Chemistry,Manganese,Recycling Limited to NA 2025 Online or Planned,0
2032,Increasing Batt Cap - Benchmark Chemistry,Manganese,All Material is Recycled in NA,0.020335955147959897
2033,Increasing Batt Cap - Benchmark Chemistry,Manganese,Recycling Limited to NA 2025 Online or Planned,0
2033,Increasing Batt Cap - Benchmark Chemistry,Manganese,All Material is Recycled in NA,0.02287252788758761
2034,Increasing Batt Cap - Benchmark Chemistry,Manganese,Recycling Limited to NA 2025 Online or Planned,0
2034,Increasing Batt Cap - Benchmark Chemistry,Manganese,All Material is Recycled in NA,0.027271619380213993
2035,Increasing Batt Cap - Benchmark Chemistry,Manganese,Recycling Limited to NA 2025 Online or Planned,0
2035,Increasing Batt Cap - Benchmark Chemistry,Manganese,All Material is Recycled in NA,0.03374485677857863
2036,Increasing Batt Cap - Benchmark Chemistry,Manganese,Recycling Limited to NA 2025 Online or Planned,0.04393245496081138
2036,Increasing Batt Cap - Benchmark Chemistry,Manganese,All Material is Recycled in NA,0.04393245496081138
2037,Increasing Batt Cap - Benchmark Chemistry,Manganese,Recycling Limited to NA 2025 Online or Planned,0.04724748506507632
2037,Increasing Batt Cap - Benchmark Chemistry,Manganese,All Material is Recycled in NA,0.05809914358005648
2038,Increasing Batt Cap - Benchmark Chemistry,Manganese,Recycling Limited to NA 2025 Online or Planned,0.045791563085759684
2038,Increasing Batt Cap - Benchmark Chemistry,Manganese,All Material is Recycled in NA,0.07434776202690989
2039,Increasing Batt Cap - Benchmark Chemistry,Manganese,Recycling Limited to NA 2025 Online or Planned,0.04494092467248828
2039,Increasing Batt Cap - Benchmark Chemistry,Manganese,All Material is Recycled in NA,0.09736347700201387
2040,Increasing Batt Cap - Benchmark Chemistry,Manganese,Recycling Limited to NA 2025 Online or Planned,0.043697409223226784
2040,Increasing Batt Cap - Benchmark Chemistry,Manganese,All Material is Recycled in NA,0.11768590658190826
2041,Increasing Batt Cap - Benchmark Chemistry,Manganese,Recycling Limited to NA 2025 Online or Planned,0.04340886774891696
2041,Increasing Batt Cap - Benchmark Chemistry,Manganese,All Material is Recycled in NA,0.14246660824719684
2042,Increasing Batt Cap - Benchmark Chemistry,Manganese,Recycling Limited to NA 2025 Online or Planned,0.042938242920821275
2042,Increasing Batt Cap - Benchmark Chemistry,Manganese,All Material is Recycled in NA,0.16859128444939536
2043,Increasing Batt Cap - Benchmark Chemistry,Manganese,Recycling Limited to NA 2025 Online or Planned,0.042581631178534765
2043,Increasing Batt Cap - Benchmark Chemistry,Manganese,All Material is Recycled in NA,0.19898314791300378
2044,Increasing Batt Cap - Benchmark Chemistry,Manganese,Recycling Limited to NA 2025 Online or Planned,0.04211530273677495
2044,Increasing Batt Cap - Benchmark Chemistry,Manganese,All Material is Recycled in NA,0.23295726125820876
2045,Increasing Batt Cap - Benchmark Chemistry,Manganese,Recycling Limited to NA 2025 Online or Planned,0.04151503777016604
2045,Increasing Batt Cap - Benchmark Chemistry,Manganese,All Material is Recycled in NA,0.27051545146620437
2046,Increasing Batt Cap - Benchmark Chemistry,Manganese,Recycling Limited to NA 2025 Online or Planned,0.04071885024521499
2046,Increasing Batt Cap - Benchmark Chemistry,Manganese,All Material is Recycled in NA,0.31056261343624436
2047,Increasing Batt Cap - Benchmark Chemistry,Manganese,Recycling Limited to NA 2025 Online or Planned,0.039933086534466235
2047,Increasing Batt Cap - Benchmark Chemistry,Manganese,All Material is Recycled in NA,0.35488231462175157
2048,Increasing Batt Cap - Benchmark Chemistry,Manganese,Recycling Limited to NA 2025 Online or Planned,0.039146629495020284
2048,Increasing Batt Cap - Benchmark Chemistry,Manganese,All Material is Recycled in NA,0.40041317067606574
2049,Increasing Batt Cap - Benchmark Chemistry,Manganese,Recycling Limited to NA 2025 Online or Planned,0.03840313646274449
2049,Increasing Batt Cap - Benchmark Chemistry,Manganese,All Material is Recycled in NA,0.4463484303667589
2050,Increasing Batt Cap - Benchmark Chemistry,Manganese,Recycling Limited to NA 2025 Online or Planned,0.03774412543072853
2050,Increasing Batt Cap - Benchmark Chemistry,Manganese,All Material is Recycled in NA,0.4908841096220874
2026,Increasing Batt Cap - High LFP Chemistry,Manganese,Recycling Limited to NA 2025 Online or Planned,0
2026,Increasing Batt Cap - High LFP Chemistry,Manganese,All Material is Recycled in NA,0.005906923543487028
2027,Increasing Batt Cap - High LFP Chemistry,Manganese,Recycling Limited to NA 2025 Online or Planned,0
2027,Increasing Batt Cap - High LFP Chemistry,Manganese,All Material is Recycled in NA,0.007155366321687654
2028,Increasing Batt Cap - High LFP Chemistry,Manganese,Recycling Limited to NA 2025 Online or Planned,0
2028,Increasing Batt Cap - High LFP Chemistry,Manganese,All Material is Recycled in NA,0.010590369266924176
2029,Increasing Batt Cap - High LFP Chemistry,Manganese,Recycling Limited to NA 2025 Online or Planned,0
2029,Increasing Batt Cap - High LFP Chemistry,Manganese,All Material is Recycled in NA,0.01284411939690919
2030,Increasing Batt Cap - High LFP Chemistry,Manganese,Recycling Limited to NA 2025 Online or Planned,0
2030,Increasing Batt Cap - High LFP Chemistry,Manganese,All Material is Recycled in NA,0.016311409449039384
2031,Increasing Batt Cap - High LFP Chemistry,Manganese,Recycling Limited to NA 2025 Online or Planned,0
2031,Increasing Batt Cap - High LFP Chemistry,Manganese,All Material is Recycled in NA,0.020671714932189403
2032,Increasing Batt Cap - High LFP Chemistry,Manganese,Recycling Limited to NA 2025 Online or Planned,0
2032,Increasing Batt Cap - High LFP Chemistry,Manganese,All Material is Recycled in NA,0.025085778977593395
2033,Increasing Batt Cap - High LFP Chemistry,Manganese,Recycling Limited to NA 2025 Online or Planned,0
2033,Increasing Batt Cap - High LFP Chemistry,Manganese,All Material is Recycled in NA,0.02891861419042022
2034,Increasing Batt Cap - High LFP Chemistry,Manganese,Recycling Limited to NA 2025 Online or Planned,0
2034,Increasing Batt Cap - High LFP Chemistry,Manganese,All Material is Recycled in NA,0.03526173087706316
2035,Increasing Batt Cap - High LFP Chemistry,Manganese,Recycling Limited to NA 2025 Online or Planned,0
2035,Increasing Batt Cap - High LFP Chemistry,Manganese,All Material is Recycled in NA,0.04454173115818838
2036,Increasing Batt Cap - High LFP Chemistry,Manganese,Recycling Limited to NA 2025 Online or Planned,0.05892798681876573
2036,Increasing Batt Cap - High LFP Chemistry,Manganese,All Material is Recycled in NA,0.05892798681876573
2037,Increasing Batt Cap - High LFP Chemistry,Manganese,Recycling Limited to NA 2025 Online or Planned,0.06390643151232649
2037,Increasing Batt Cap - High LFP Chemistry,Manganese,All Material is Recycled in NA,0.07896225578050083
2038,Increasing Batt Cap - High LFP Chemistry,Manganese,Recycling Limited to NA 2025 Online or Planned,0.06257146747911581
2038,Increasing Batt Cap - High LFP Chemistry,Manganese,All Material is Recycled in NA,0.10218781884423994
2039,Increasing Batt Cap - High LFP Chemistry,Manganese,Recycling Limited to NA 2025 Online or Planned,0.06190380451821791
2039,Increasing Batt Cap - High LFP Chemistry,Manganese,All Material is Recycled in NA,0.13503729179647403
2040,Increasing Batt Cap - High LFP Chemistry,Manganese,Recycling Limited to NA 2025 Online or Planned,0.060916533206407185
2040,Increasing Batt Cap - High LFP Chemistry,Manganese,All Material is Recycled in NA,0.1655070684461684
2041,Increasing Batt Cap - High LFP Chemistry,Manganese,Recycling Limited to NA 2025 Online or Planned,0.0592556325661934
2041,Increasing Batt Cap - High LFP Chemistry,Manganese,All Material is Recycled in NA,0.1967159254315228
2042,Increasing Batt Cap - High LFP Chemistry,Manganese,Recycling Limited to NA 2025 Online or Planned,0.05714529520158093
2042,Increasing Batt Cap - High LFP Chemistry,Manganese,All Material is Recycled in NA,0.22771630215932762
2043,Increasing Batt Cap - High LFP Chemistry,Manganese,Recycling Limited to NA 2025 Online or Planned,0.05509323063757325
2043,Increasing Batt Cap - High LFP Chemistry,Manganese,All Material is Recycled in NA,0.26227846291536
2044,Increasing Batt Cap - High LFP Chemistry,Manganese,Recycling Limited to NA 2025 Online or Planned,0.052951760149494556
2044,Increasing Batt Cap - High LFP Chemistry,Manganese,All Material is Recycled in NA,0.29957986911849027
2045,Increasing Batt Cap - High LFP Chemistry,Manganese,Recycling Limited to NA 2025 Online or Planned,0.050789234019304644
2045,Increasing Batt Cap - High LFP Chemistry,Manganese,All Material is Recycled in NA,0.33981015012289634
2046,Increasing Batt Cap - High LFP Chemistry,Manganese,Recycling Limited to NA 2025 Online or Planned,0.048537404133517544
2046,Increasing Batt Cap - High LFP Chemistry,Manganese,All Material is Recycled in NA,0.3815192977419795
2047,Increasing Batt Cap - High LFP Chemistry,Manganese,Recycling Limited to NA 2025 Online or Planned,0.046404915688914694
2047,Increasing Batt Cap - High LFP Chemistry,Manganese,All Material is Recycled in NA,0.42654974991170225
2048,Increasing Batt Cap - High LFP Chemistry,Manganese,Recycling Limited to NA 2025 Online or Planned,0.04437603965691483
2048,Increasing Batt Cap - High LFP Chemistry,Manganese,All Material is Recycled in NA,0.471096006987087
2049,Increasing Batt Cap - High LFP Chemistry,Manganese,Recycling Limited to NA 2025 Online or Planned,0.04249303399428875
2049,Increasing Batt Cap - High LFP Chemistry,Manganese,All Material is Recycled in NA,0.5142725869479746
2050,Increasing Batt Cap - High LFP Chemistry,Manganese,Recycling Limited to NA 2025 Online or Planned,0.040813191687760327
2050,Increasing Batt Cap - High LFP Chemistry,Manganese,All Material is Recycled in NA,0.5543632696380546
2026,Decreasing Batt Cap - Benchmark Chemistry,Manganese,Recycling Limited to NA 2025 Online or Planned,0
2026,Decreasing Batt Cap - Benchmark Chemistry,Manganese,All Material is Recycled in NA,0.006377986119188879
2027,Decreasing Batt Cap - Benchmark Chemistry,Manganese,Recycling Limited to NA 2025 Online or Planned,0
2027,Decreasing Batt Cap - Benchmark Chemistry,Manganese,All Material is Recycled in NA,0.007760713108404202
2028,Decreasing Batt Cap - Benchmark Chemistry,Manganese,Recycling Limited to NA 2025 Online or Planned,0
2028,Decreasing Batt Cap - Benchmark Chemistry,Manganese,All Material is Recycled in NA,0.011643206530375453
2029,Decreasing Batt Cap - Benchmark Chemistry,Manganese,Recycling Limited to NA 2025 Online or Planned,0
2029,Decreasing Batt Cap - Benchmark Chemistry,Manganese,All Material is Recycled in NA,0.014340153155112244
2030,Decreasing Batt Cap - Benchmark Chemistry,Manganese,Recycling Limited to NA 2025 Online or Planned,0
2030,Decreasing Batt Cap - Benchmark Chemistry,Manganese,All Material is Recycled in NA,0.018544211076880576
2031,Decreasing Batt Cap - Benchmark Chemistry,Manganese,Recycling Limited to NA 2025 Online or Planned,0
2031,Decreasing Batt Cap - Benchmark Chemistry,Manganese,All Material is Recycled in NA,0.024013802055305473
2032,Decreasing Batt Cap - Benchmark Chemistry,Manganese,Recycling Limited to NA 2025 Online or Planned,0
2032,Decreasing Batt Cap - Benchmark Chemistry,Manganese,All Material is Recycled in NA,0.029653556836806243
2033,Decreasing Batt Cap - Benchmark Chemistry,Manganese,Recycling Limited to NA 2025 Online or Planned,0
2033,Decreasing Batt Cap - Benchmark Chemistry,Manganese,All Material is Recycled in NA,0.03456211453860596
2034,Decreasing Batt Cap - Benchmark Chemistry,Manganese,Recycling Limited to NA 2025 Online or Planned,0
2034,Decreasing Batt Cap - Benchmark Chemistry,Manganese,All Material is Recycled in NA,0.04256124099274597
2035,Decreasing Batt Cap - Benchmark Chemistry,Manganese,Recycling Limited to NA 2025 Online or Planned,0
2035,Decreasing Batt Cap - Benchmark Chemistry,Manganese,All Material is Recycled in NA,0.054403528031025696
2036,Decreasing Batt Cap - Benchmark Chemistry,Manganese,Recycling Limited to NA 2025 Online or Planned,0.0708542852899884
2036,Decreasing Batt Cap - Benchmark Chemistry,Manganese,All Material is Recycled in NA,0.0708542852899884
2037,Decreasing Batt Cap - Benchmark Chemistry,Manganese,Recycling Limited to NA 2025 Online or Planned,0.09387489130130675
2037,Decreasing Batt Cap - Benchmark Chemistry,Manganese,All Material is Recycled in NA,0.09387489130130675
2038,Decreasing Batt Cap - Benchmark Chemistry,Manganese,Recycling Limited to NA 2025 Online or Planned,0.11052247512485006
2038,Decreasing Batt Cap - Benchmark Chemistry,Manganese,All Material is Recycled in NA,0.1199659320116751
2039,Decreasing Batt Cap - Benchmark Chemistry,Manganese,Recycling Limited to NA 2025 Online or Planned,0.11018240103056777
2039,Decreasing Batt Cap - Benchmark Chemistry,Manganese,All Material is Recycled in NA,0.1567175672059481
2040,Decreasing Batt Cap - Benchmark Chemistry,Manganese,Recycling Limited to NA 2025 Online or Planned,0.10794633528427933
2040,Decreasing Batt Cap - Benchmark Chemistry,Manganese,All Material is Recycled in NA,0.18665821261623908
2041,Decreasing Batt Cap - Benchmark Chemistry,Manganese,Recycling Limited to NA 2025 Online or Planned,0.10674975772706052
2041,Decreasing Batt Cap - Benchmark Chemistry,Manganese,All Material is Recycled in NA,0.218874552823984
2042,Decreasing Batt Cap - Benchmark Chemistry,Manganese,Recycling Limited to NA 2025 Online or Planned,0.10464805043381883
2042,Decreasing Batt Cap - Benchmark Chemistry,Manganese,All Material is Recycled in NA,0.2496657425031164
2043,Decreasing Batt Cap - Benchmark Chemistry,Manganese,Recycling Limited to NA 2025 Online or Planned,0.10267762014271677
2043,Decreasing Batt Cap - Benchmark Chemistry,Manganese,All Material is Recycled in NA,0.28328669282211405
2044,Decreasing Batt Cap - Benchmark Chemistry,Manganese,Recycling Limited to NA 2025 Online or Planned,0.10053310501715247
2044,Decreasing Batt Cap - Benchmark Chemistry,Manganese,All Material is Recycled in NA,0.31882913204241015
2045,Decreasing Batt Cap - Benchmark Chemistry,Manganese,Recycling Limited to NA 2025 Online or Planned,0.09817039373116616
2045,Decreasing Batt Cap - Benchmark Chemistry,Manganese,All Material is Recycled in NA,0.3564242165143621
2046,Decreasing Batt Cap - Benchmark Chemistry,Manganese,Recycling Limited to NA 2025 Online or Planned,0.09545712508873165
2046,Decreasing Batt Cap - Benchmark Chemistry,Manganese,All Material is Recycled in NA,0.3945904398701755
2047,Decreasing Batt Cap - Benchmark Chemistry,Manganese,Recycling Limited to NA 2025 Online or Planned,0.09283985295717426
2047,Decreasing Batt Cap - Benchmark Chemistry,Manganese,All Material is Recycled in NA,0.4353622432082602
2048,Decreasing Batt Cap - Benchmark Chemistry,Manganese,Recycling Limited to NA 2025 Online or Planned,0.090350483715568
2048,Decreasing Batt Cap - Benchmark Chemistry,Manganese,All Material is Recycled in NA,0.47503644345920765
2049,Decreasing Batt Cap - Benchmark Chemistry,Manganese,Recycling Limited to NA 2025 Online or Planned,0.0880607741418245
2049,Decreasing Batt Cap - Benchmark Chemistry,Manganese,All Material is Recycled in NA,0.5129491061738133
2050,Decreasing Batt Cap - Benchmark Chemistry,Manganese,Recycling Limited to NA 2025 Online or Planned,0.08609851949028886
2050,Decreasing Batt Cap - Benchmark Chemistry,Manganese,All Material is Recycled in NA,0.548821519415966
2026,Decreasing Batt Cap - High LFP Chemistry,Manganese,Recycling Limited to NA 2025 Online or Planned,0
2026,Decreasing Batt Cap - High LFP Chemistry,Manganese,All Material is Recycled in NA,0.006615322210154489
2027,Decreasing Batt Cap - High LFP Chemistry,Manganese,Recycling Limited to NA 2025 Online or Planned,0
2027,Decreasing Batt Cap - High LFP Chemistry,Manganese,All Material is Recycled in NA,0.00842973500694864
2028,Decreasing Batt Cap - High LFP Chemistry,Manganese,Recycling Limited to NA 2025 Online or Planned,0
2028,Decreasing Batt Cap - High LFP Chemistry,Manganese,All Material is Recycled in NA,0.013077551651601127
2029,Decreasing Batt Cap - High LFP Chemistry,Manganese,Recycling Limited to NA 2025 Online or Planned,0
2029,Decreasing Batt Cap - High LFP Chemistry,Manganese,All Material is Recycled in NA,0.016600834710970864
2030,Decreasing Batt Cap - High LFP Chemistry,Manganese,Recycling Limited to NA 2025 Online or Planned,0
2030,Decreasing Batt Cap - High LFP Chemistry,Manganese,All Material is Recycled in NA,0.022007706338712272
2031,Decreasing Batt Cap - High LFP Chemistry,Manganese,Recycling Limited to NA 2025 Online or Planned,0
2031,Decreasing Batt Cap - High LFP Chemistry,Manganese,All Material is Recycled in NA,0.029038283236032796
2032,Decreasing Batt Cap - High LFP Chemistry,Manganese,Recycling Limited to NA 2025 Online or Planned,0
2032,Decreasing Batt Cap - High LFP Chemistry,Manganese,All Material is Recycled in NA,0.03661710734139023
2033,Decreasing Batt Cap - High LFP Chemistry,Manganese,Recycling Limited to NA 2025 Online or Planned,0
2033,Decreasing Batt Cap - High LFP Chemistry,Manganese,All Material is Recycled in NA,0.04377502099721085
2034,Decreasing Batt Cap - High LFP Chemistry,Manganese,Recycling Limited to NA 2025 Online or Planned,0
2034,Decreasing Batt Cap - High LFP Chemistry,Manganese,All Material is Recycled in NA,0.05517513873219937
2035,Decreasing Batt Cap - High LFP Chemistry,Manganese,Recycling Limited to NA 2025 Online or Planned,0
2035,Decreasing Batt Cap - High LFP Chemistry,Manganese,All Material is Recycled in NA,0.07206249782597889
2036,Decreasing Batt Cap - High LFP Chemistry,Manganese,Recycling Limited to NA 2025 Online or Planned,0.09547809598718014
2036,Decreasing Batt Cap - High LFP Chemistry,Manganese,All Material is Recycled in NA,0.09547809598718014
2037,Decreasing Batt Cap - High LFP Chemistry,Manganese,Recycling Limited to NA 2025 Online or Planned,0.1283234688933813
2037,Decreasing Batt Cap - High LFP Chemistry,Manganese,All Material is Recycled in NA,0.1283234688933813
2038,Decreasing Batt Cap - High LFP Chemistry,Manganese,Recycling Limited to NA 2025 Online or Planned,0.15223713055260024
2038,Decreasing Batt Cap - High LFP Chemistry,Manganese,All Material is Recycled in NA,0.1660657167132343
2039,Decreasing Batt Cap - High LFP Chemistry,Manganese,Recycling Limited to NA 2025 Online or Planned,0.1531936268275313
2039,Decreasing Batt Cap - High LFP Chemistry,Manganese,All Material is Recycled in NA,0.2191646456846297
2040,Decreasing Batt Cap - High LFP Chemistry,Manganese,Recycling Limited to NA 2025 Online or Planned,0.152109815400079
2040,Decreasing Batt Cap - High LFP Chemistry,Manganese,All Material is Recycled in NA,0.2650275383115291
2041,Decreasing Batt Cap - High LFP Chemistry,Manganese,Recycling Limited to NA 2025 Online or Planned,0.1474734156165927
2041,Decreasing Batt Cap - High LFP Chemistry,Manganese,All Material is Recycled in NA,0.3054628100899921
2042,Decreasing Batt Cap - High LFP Chemistry,Manganese,Recycling Limited to NA 2025 Online or Planned,0.14104720397784093
2042,Decreasing Batt Cap - High LFP Chemistry,Manganese,All Material is Recycled in NA,0.34106528532441976
2043,Decreasing Batt Cap - High LFP Chemistry,Manganese,Recycling Limited to NA 2025 Online or Planned,0.13453146568657615
2043,Decreasing Batt Cap - High LFP Chemistry,Manganese,All Material is Recycled in NA,0.3776360138892296
2044,Decreasing Batt Cap - High LFP Chemistry,Manganese,Recycling Limited to NA 2025 Online or Planned,0.12792819856456394
2044,Decreasing Batt Cap - High LFP Chemistry,Manganese,All Material is Recycled in NA,0.4144394049337895
2045,Decreasing Batt Cap - High LFP Chemistry,Manganese,Recycling Limited to NA 2025 Online or Planned,0.12145649425707834
2045,Decreasing Batt Cap - High LFP Chemistry,Manganese,All Material is Recycled in NA,0.45222576260165603
2046,Decreasing Batt Cap - High LFP Chemistry,Manganese,Recycling Limited to NA 2025 Online or Planned,0.1149863256039015
2046,Decreasing Batt Cap - High LFP Chemistry,Manganese,All Material is Recycled in NA,0.4892688510359845
2047,Decreasing Batt Cap - High LFP Chemistry,Manganese,Recycling Limited to NA 2025 Online or Planned,0.10895585717042174
2047,Decreasing Batt Cap - High LFP Chemistry,Manganese,All Material is Recycled in NA,0.5278245438584526
2048,Decreasing Batt Cap - High LFP Chemistry,Manganese,Recycling Limited to NA 2025 Online or Planned,0.10337682806932467
2048,Decreasing Batt Cap - High LFP Chemistry,Manganese,All Material is Recycled in NA,0.5634051507045155
2049,Decreasing Batt Cap - High LFP Chemistry,Manganese,Recycling Limited to NA 2025 Online or Planned,0.09829388088624837
2049,Decreasing Batt Cap - High LFP Chemistry,Manganese,All Material is Recycled in NA,0.5954191361592631
2050,Decreasing Batt Cap - High LFP Chemistry,Manganese,Recycling Limited to NA 2025 Online or Planned,0.0938430805010509
2050,Decreasing Batt Cap - High LFP Chemistry,Manganese,All Material is Recycled in NA,0.6239328979348726
2026,Increasing Batt Cap - Benchmark Chemistry,Nickel,Recycling Limited to NA 2025 Online or Planned,0.0056112856121147995
2026,Increasing Batt Cap - Benchmark Chemistry,Nickel,All Material is Recycled in NA,0.0056112856121147995
2027,Increasing Batt Cap - Benchmark Chemistry,Nickel,Recycling Limited to NA 2025 Online or Planned,0.006766693451435568
2027,Increasing Batt Cap - Benchmark Chemistry,Nickel,All Material is Recycled in NA,0.006766693451435568
2028,Increasing Batt Cap - Benchmark Chemistry,Nickel,Recycling Limited to NA 2025 Online or Planned,0.0088580699689514
2028,Increasing Batt Cap - Benchmark Chemistry,Nickel,All Material is Recycled in NA,0.0088580699689514
2029,Increasing Batt Cap - Benchmark Chemistry,Nickel,Recycling Limited to NA 2025 Online or Planned,0.01133304314656693
2029,Increasing Batt Cap - Benchmark Chemistry,Nickel,All Material is Recycled in NA,0.01133304314656693
2030,Increasing Batt Cap - Benchmark Chemistry,Nickel,Recycling Limited to NA 2025 Online or Planned,0.014376925605487716
2030,Increasing Batt Cap - Benchmark Chemistry,Nickel,All Material is Recycled in NA,0.014376925605487716
2031,Increasing Batt Cap - Benchmark Chemistry,Nickel,Recycling Limited to NA 2025 Online or Planned,0.018102877334915432
2031,Increasing Batt Cap - Benchmark Chemistry,Nickel,All Material is Recycled in NA,0.018102877334915432
2032,Increasing Batt Cap - Benchmark Chemistry,Nickel,Recycling Limited to NA 2025 Online or Planned,0.023242992981596447
2032,Increasing Batt Cap - Benchmark Chemistry,Nickel,All Material is Recycled in NA,0.023242992981596447
2033,Increasing Batt Cap - Benchmark Chemistry,Nickel,Recycling Limited to NA 2025 Online or Planned,0.027211454711609323
2033,Increasing Batt Cap - Benchmark Chemistry,Nickel,All Material is Recycled in NA,0.027211454711609323
2034,Increasing Batt Cap - Benchmark Chemistry,Nickel,Recycling Limited to NA 2025 Online or Planned,0.033250415586277296
2034,Increasing Batt Cap - Benchmark Chemistry,Nickel,All Material is Recycled in NA,0.033250415586277296
2035,Increasing Batt Cap - Benchmark Chemistry,Nickel,Recycling Limited to NA 2025 Online or Planned,0.04127076225717021
2035,Increasing Batt Cap - Benchmark Chemistry,Nickel,All Material is Recycled in NA,0.04127076225717021
2036,Increasing Batt Cap - Benchmark Chemistry,Nickel,Recycling Limited to NA 2025 Online or Planned,0.053737992901699706
2036,Increasing Batt Cap - Benchmark Chemistry,Nickel,All Material is Recycled in NA,0.053737992901699706
2037,Increasing Batt Cap - Benchmark Chemistry,Nickel,Recycling Limited to NA 2025 Online or Planned,0.056716015714157096
2037,Increasing Batt Cap - Benchmark Chemistry,Nickel,All Material is Recycled in NA,0.06975086837340597
2038,Increasing Batt Cap - Benchmark Chemistry,Nickel,Recycling Limited to NA 2025 Online or Planned,0.054378936534798555
2038,Increasing Batt Cap - Benchmark Chemistry,Nickel,All Material is Recycled in NA,0.08831250277602806
2039,Increasing Batt Cap - Benchmark Chemistry,Nickel,Recycling Limited to NA 2025 Online or Planned,0.052325850302007405
2039,Increasing Batt Cap - Benchmark Chemistry,Nickel,All Material is Recycled in NA,0.11340228397258796
2040,Increasing Batt Cap - Benchmark Chemistry,Nickel,Recycling Limited to NA 2025 Online or Planned,0.04913902545044385
2040,Increasing Batt Cap - Benchmark Chemistry,Nickel,All Material is Recycled in NA,0.1323942158733598
2041,Increasing Batt Cap - Benchmark Chemistry,Nickel,Recycling Limited to NA 2025 Online or Planned,0.047131324083165525
2041,Increasing Batt Cap - Benchmark Chemistry,Nickel,All Material is Recycled in NA,0.15475012940886346
2042,Increasing Batt Cap - Benchmark Chemistry,Nickel,Recycling Limited to NA 2025 Online or Planned,0.045180414129459584
2042,Increasing Batt Cap - Benchmark Chemistry,Nickel,All Material is Recycled in NA,0.1774734395001456
2043,Increasing Batt Cap - Benchmark Chemistry,Nickel,Recycling Limited to NA 2025 Online or Planned,0.04351829138119278
2043,Increasing Batt Cap - Benchmark Chemistry,Nickel,All Material is Recycled in NA,0.20345153728205922
2044,Increasing Batt Cap - Benchmark Chemistry,Nickel,Recycling Limited to NA 2025 Online or Planned,0.04223712251516108
2044,Increasing Batt Cap - Benchmark Chemistry,Nickel,All Material is Recycled in NA,0.2337374631503381
2045,Increasing Batt Cap - Benchmark Chemistry,Nickel,Recycling Limited to NA 2025 Online or Planned,0.041233185244463455
2045,Increasing Batt Cap - Benchmark Chemistry,Nickel,All Material is Recycled in NA,0.2688033069622519
2046,Increasing Batt Cap - Benchmark Chemistry,Nickel,Recycling Limited to NA 2025 Online or Planned,0.040290154039498066
2046,Increasing Batt Cap - Benchmark Chemistry,Nickel,All Material is Recycled in NA,0.3074379949944706
2047,Increasing Batt Cap - Benchmark Chemistry,Nickel,Recycling Limited to NA 2025 Online or Planned,0.039522845637475996
2047,Increasing Batt Cap - Benchmark Chemistry,Nickel,All Material is Recycled in NA,0.35139412274856124
2048,Increasing Batt Cap - Benchmark Chemistry,Nickel,Recycling Limited to NA 2025 Online or Planned,0.038826269080531925
2048,Increasing Batt Cap - Benchmark Chemistry,Nickel,All Material is Recycled in NA,0.39731826780327517
2049,Increasing Batt Cap - Benchmark Chemistry,Nickel,Recycling Limited to NA 2025 Online or Planned,0.03818547947815508
2049,Increasing Batt Cap - Benchmark Chemistry,Nickel,All Material is Recycled in NA,0.44401221339838715
2050,Increasing Batt Cap - Benchmark Chemistry,Nickel,Recycling Limited to NA 2025 Online or Planned,0.037609518839624184
2050,Increasing Batt Cap - Benchmark Chemistry,Nickel,All Material is Recycled in NA,0.48935046903235174
2026,Increasing Batt Cap - High LFP Chemistry,Nickel,Recycling Limited to NA 2025 Online or Planned,0.005821502339889219
2026,Increasing Batt Cap - High LFP Chemistry,Nickel,All Material is Recycled in NA,0.005821502339889219
2027,Increasing Batt Cap - High LFP Chemistry,Nickel,Recycling Limited to NA 2025 Online or Planned,0.0073536261234023875
2027,Increasing Batt Cap - High LFP Chemistry,Nickel,All Material is Recycled in NA,0.0073536261234023875
2028,Increasing Batt Cap - High LFP Chemistry,Nickel,Recycling Limited to NA 2025 Online or Planned,0.009954091194275585
2028,Increasing Batt Cap - High LFP Chemistry,Nickel,All Material is Recycled in NA,0.009954091194275585
2029,Increasing Batt Cap - High LFP Chemistry,Nickel,Recycling Limited to NA 2025 Online or Planned,0.013120391194421283
2029,Increasing Batt Cap - High LFP Chemistry,Nickel,All Material is Recycled in NA,0.013120391194421283
2030,Increasing Batt Cap - High LFP Chemistry,Nickel,Recycling Limited to NA 2025 Online or Planned,0.01706671485562242
2030,Increasing Batt Cap - High LFP Chemistry,Nickel,All Material is Recycled in NA,0.01706671485562242
2031,Increasing Batt Cap - High LFP Chemistry,Nickel,Recycling Limited to NA 2025 Online or Planned,0.021904679418081347
2031,Increasing Batt Cap - High LFP Chemistry,Nickel,All Material is Recycled in NA,0.021904679418081347
2032,Increasing Batt Cap - High LFP Chemistry,Nickel,Recycling Limited to NA 2025 Online or Planned,0.028741915674745683
2032,Increasing Batt Cap - High LFP Chemistry,Nickel,All Material is Recycled in NA,0.028741915674745683
2033,Increasing Batt Cap - High LFP Chemistry,Nickel,Recycling Limited to NA 2025 Online or Planned,0.03453400858951981
2033,Increasing Batt Cap - High LFP Chemistry,Nickel,All Material is Recycled in NA,0.03453400858951981
2034,Increasing Batt Cap - High LFP Chemistry,Nickel,Recycling Limited to NA 2025 Online or Planned,0.04322072803825734
2034,Increasing Batt Cap - High LFP Chemistry,Nickel,All Material is Recycled in NA,0.04322072803825734
2035,Increasing Batt Cap - High LFP Chemistry,Nickel,Recycling Limited to NA 2025 Online or Planned,0.05483455371827625
2035,Increasing Batt Cap - High LFP Chemistry,Nickel,All Material is Recycled in NA,0.05483455371827625
2036,Increasing Batt Cap - High LFP Chemistry,Nickel,Recycling Limited to NA 2025 Online or Planned,0.07263869528794722
2036,Increasing Batt Cap - High LFP Chemistry,Nickel,All Material is Recycled in NA,0.07263869528794722
2037,Increasing Batt Cap - High LFP Chemistry,Nickel,Recycling Limited to NA 2025 Online or Planned,0.07734679083091585
2037,Increasing Batt Cap - High LFP Chemistry,Nickel,All Material is Recycled in NA,0.09558149875219522
2038,Increasing Batt Cap - High LFP Chemistry,Nickel,Recycling Limited to NA 2025 Online or Planned,0.07498596246843578
2038,Increasing Batt Cap - High LFP Chemistry,Nickel,All Material is Recycled in NA,0.12249521862393252
2039,Increasing Batt Cap - High LFP Chemistry,Nickel,Recycling Limited to NA 2025 Online or Planned,0.07275900931123085
2039,Increasing Batt Cap - High LFP Chemistry,Nickel,All Material is Recycled in NA,0.15877623274317063
2040,Increasing Batt Cap - High LFP Chemistry,Nickel,Recycling Limited to NA 2025 Online or Planned,0.06916585630503837
2040,Increasing Batt Cap - High LFP Chemistry,Nickel,All Material is Recycled in NA,0.18800186365764465
2041,Increasing Batt Cap - High LFP Chemistry,Nickel,Recycling Limited to NA 2025 Online or Planned,0.0649392751974199
2041,Increasing Batt Cap - High LFP Chemistry,Nickel,All Material is Recycled in NA,0.2156874575797473
2042,Increasing Batt Cap - High LFP Chemistry,Nickel,Recycling Limited to NA 2025 Online or Planned,0.060626269705716364
2042,Increasing Batt Cap - High LFP Chemistry,Nickel,All Material is Recycled in NA,0.2417094958778427
2043,Increasing Batt Cap - High LFP Chemistry,Nickel,Recycling Limited to NA 2025 Online or Planned,0.05667982796871357
2043,Increasing Batt Cap - High LFP Chemistry,Nickel,All Material is Recycled in NA,0.26997377690885754
2044,Increasing Batt Cap - High LFP Chemistry,Nickel,Recycling Limited to NA 2025 Online or Planned,0.053355384930807305
2044,Increasing Batt Cap - High LFP Chemistry,Nickel,All Material is Recycled in NA,0.3020289468350611
2045,Increasing Batt Cap - High LFP Chemistry,Nickel,Recycling Limited to NA 2025 Online or Planned,0.0505947030573317
2045,Increasing Batt Cap - High LFP Chemistry,Nickel,All Material is Recycled in NA,0.33870242994507455
2046,Increasing Batt Cap - High LFP Chemistry,Nickel,Recycling Limited to NA 2025 Online or Planned,0.048109064345735975
2046,Increasing Batt Cap - High LFP Chemistry,Nickel,All Material is Recycled in NA,0.37837866874966036
2047,Increasing Batt Cap - High LFP Chemistry,Nickel,Recycling Limited to NA 2025 Online or Planned,0.045970038447362756
2047,Increasing Batt Cap - High LFP Chemistry,Nickel,All Material is Recycled in NA,0.42279873323510403
2048,Increasing Batt Cap - High LFP Chemistry,Nickel,Recycling Limited to NA 2025 Online or Planned,0.044030955042820875
2048,Increasing Batt Cap - High LFP Chemistry,Nickel,All Material is Recycled in NA,0.4677176505092615
2049,Increasing Batt Cap - High LFP Chemistry,Nickel,Recycling Limited to NA 2025 Online or Planned,0.04225780265099211
2049,Increasing Batt Cap - High LFP Chemistry,Nickel,All Material is Recycled in NA,0.5117297774253461
2050,Increasing Batt Cap - High LFP Chemistry,Nickel,Recycling Limited to NA 2025 Online or Planned,0.04066687043406715
2050,Increasing Batt Cap - High LFP Chemistry,Nickel,All Material is Recycled in NA,0.5527175990653901
2026,Decreasing Batt Cap - Benchmark Chemistry,Nickel,Recycling Limited to NA 2025 Online or Planned,0.0062874658212787255
2026,Decreasing Batt Cap - Benchmark Chemistry,Nickel,All Material is Recycled in NA,0.0062874658212787255
2027,Decreasing Batt Cap - Benchmark Chemistry,Nickel,Recycling Limited to NA 2025 Online or Planned,0.007978602355031996
2027,Decreasing Batt Cap - Benchmark Chemistry,Nickel,All Material is Recycled in NA,0.007978602355031996
2028,Decreasing Batt Cap - Benchmark Chemistry,Nickel,Recycling Limited to NA 2025 Online or Planned,0.010936392090566007
2028,Decreasing Batt Cap - Benchmark Chemistry,Nickel,All Material is Recycled in NA,0.010936392090566007
2029,Decreasing Batt Cap - Benchmark Chemistry,Nickel,Recycling Limited to NA 2025 Online or Planned,0.014646514370497953
2029,Decreasing Batt Cap - Benchmark Chemistry,Nickel,All Material is Recycled in NA,0.014646514370497953
2030,Decreasing Batt Cap - Benchmark Chemistry,Nickel,Recycling Limited to NA 2025 Online or Planned,0.01941416089401744
2030,Decreasing Batt Cap - Benchmark Chemistry,Nickel,All Material is Recycled in NA,0.01941416089401744
2031,Decreasing Batt Cap - Benchmark Chemistry,Nickel,Recycling Limited to NA 2025 Online or Planned,0.025482546997864515
2031,Decreasing Batt Cap - Benchmark Chemistry,Nickel,All Material is Recycled in NA,0.025482546997864515
2032,Decreasing Batt Cap - Benchmark Chemistry,Nickel,Recycling Limited to NA 2025 Online or Planned,0.03411115679795703
2032,Decreasing Batt Cap - Benchmark Chemistry,Nickel,All Material is Recycled in NA,0.03411115679795703
2033,Decreasing Batt Cap - Benchmark Chemistry,Nickel,Recycling Limited to NA 2025 Online or Planned,0.04154801315446413
2033,Decreasing Batt Cap - Benchmark Chemistry,Nickel,All Material is Recycled in NA,0.04154801315446413
2034,Decreasing Batt Cap - Benchmark Chemistry,Nickel,Recycling Limited to NA 2025 Online or Planned,0.05266315255282069
2034,Decreasing Batt Cap - Benchmark Chemistry,Nickel,All Material is Recycled in NA,0.05266315255282069
2035,Decreasing Batt Cap - Benchmark Chemistry,Nickel,Recycling Limited to NA 2025 Online or Planned,0.06772403470321393
2035,Decreasing Batt Cap - Benchmark Chemistry,Nickel,All Material is Recycled in NA,0.06772403470321393
2036,Decreasing Batt Cap - Benchmark Chemistry,Nickel,Recycling Limited to NA 2025 Online or Planned,0.08842028422239531
2036,Decreasing Batt Cap - Benchmark Chemistry,Nickel,All Material is Recycled in NA,0.08842028422239531
2037,Decreasing Batt Cap - Benchmark Chemistry,Nickel,Recycling Limited to NA 2025 Online or Planned,0.11501997408766117
2037,Decreasing Batt Cap - Benchmark Chemistry,Nickel,All Material is Recycled in NA,0.11501997408766117
2038,Decreasing Batt Cap - Benchmark Chemistry,Nickel,Recycling Limited to NA 2025 Online or Planned,0.13415073709303976
2038,Decreasing Batt Cap - Benchmark Chemistry,Nickel,All Material is Recycled in NA,0.14561706970451394
2039,Decreasing Batt Cap - Benchmark Chemistry,Nickel,Recycling Limited to NA 2025 Online or Planned,0.13113885401819658
2039,Decreasing Batt Cap - Benchmark Chemistry,Nickel,All Material is Recycled in NA,0.18654387337072859
2040,Decreasing Batt Cap - Benchmark Chemistry,Nickel,Recycling Limited to NA 2025 Online or Planned,0.12403702419281773
2040,Decreasing Batt Cap - Benchmark Chemistry,Nickel,All Material is Recycled in NA,0.2145127213320188
2041,Decreasing Batt Cap - Benchmark Chemistry,Nickel,Recycling Limited to NA 2025 Online or Planned,0.1182458735688361
2041,Decreasing Batt Cap - Benchmark Chemistry,Nickel,All Material is Recycled in NA,0.24248735216669218
2042,Decreasing Batt Cap - Benchmark Chemistry,Nickel,Recycling Limited to NA 2025 Online or Planned,0.11200498749652409
2042,Decreasing Batt Cap - Benchmark Chemistry,Nickel,All Material is Recycled in NA,0.2672686438970929
2043,Decreasing Batt Cap - Benchmark Chemistry,Nickel,Recycling Limited to NA 2025 Online or Planned,0.10633211576307229
2043,Decreasing Batt Cap - Benchmark Chemistry,Nickel,All Material is Recycled in NA,0.29342989746064485
2044,Decreasing Batt Cap - Benchmark Chemistry,Nickel,Recycling Limited to NA 2025 Online or Planned,0.10175281927475398
2044,Decreasing Batt Cap - Benchmark Chemistry,Nickel,All Material is Recycled in NA,0.32276822770842617
2045,Decreasing Batt Cap - Benchmark Chemistry,Nickel,Recycling Limited to NA 2025 Online or Planned,0.09806883243892285
2045,Decreasing Batt Cap - Benchmark Chemistry,Nickel,All Material is Recycled in NA,0.35613861559112486
2046,Decreasing Batt Cap - Benchmark Chemistry,Nickel,Recycling Limited to NA 2025 Online or Planned,0.09477313818118933
2046,Decreasing Batt Cap - Benchmark Chemistry,Nickel,All Material is Recycled in NA,0.3918598328752641
2047,Decreasing Batt Cap - Benchmark Chemistry,Nickel,Recycling Limited to NA 2025 Online or Planned,0.09205617461383254
2047,Decreasing Batt Cap - Benchmark Chemistry,Nickel,All Material is Recycled in NA,0.43179218721089224
2048,Decreasing Batt Cap - Benchmark Chemistry,Nickel,Recycling Limited to NA 2025 Online or Planned,0.08969466374260729
2048,Decreasing Batt Cap - Benchmark Chemistry,Nickel,All Material is Recycled in NA,0.47170870518464975
2049,Decreasing Batt Cap - Benchmark Chemistry,Nickel,Recycling Limited to NA 2025 Online or Planned,0.0875968995022885
2049,Decreasing Batt Cap - Benchmark Chemistry,Nickel,All Material is Recycled in NA,0.5103740836796182
2050,Decreasing Batt Cap - Benchmark Chemistry,Nickel,Recycling Limited to NA 2025 Online or Planned,0.08580410300892916
2050,Decreasing Batt Cap - Benchmark Chemistry,Nickel,All Material is Recycled in NA,0.5470860855901072
2026,Decreasing Batt Cap - High LFP Chemistry,Nickel,Recycling Limited to NA 2025 Online or Planned,0.00652271131007595
2026,Decreasing Batt Cap - High LFP Chemistry,Nickel,All Material is Recycled in NA,0.00652271131007595
2027,Decreasing Batt Cap - High LFP Chemistry,Nickel,Recycling Limited to NA 2025 Online or Planned,0.00866941094210138
2027,Decreasing Batt Cap - High LFP Chemistry,Nickel,All Material is Recycled in NA,0.00866941094210138
2028,Decreasing Batt Cap - High LFP Chemistry,Nickel,Recycling Limited to NA 2025 Online or Planned,0.012288482249627218
2028,Decreasing Batt Cap - High LFP Chemistry,Nickel,All Material is Recycled in NA,0.012288482249627218
2029,Decreasing Batt Cap - High LFP Chemistry,Nickel,Recycling Limited to NA 2025 Online or Planned,0.016956944752092765
2029,Decreasing Batt Cap - High LFP Chemistry,Nickel,All Material is Recycled in NA,0.016956944752092765
2030,Decreasing Batt Cap - High LFP Chemistry,Nickel,Recycling Limited to NA 2025 Online or Planned,0.023052156959420384
2030,Decreasing Batt Cap - High LFP Chemistry,Nickel,All Material is Recycled in NA,0.023052156959420384
2031,Decreasing Batt Cap - High LFP Chemistry,Nickel,Recycling Limited to NA 2025 Online or Planned,0.030850631980062156
2031,Decreasing Batt Cap - High LFP Chemistry,Nickel,All Material is Recycled in NA,0.030850631980062156
2032,Decreasing Batt Cap - High LFP Chemistry,Nickel,Recycling Limited to NA 2025 Online or Planned,0.04221769800643386
2032,Decreasing Batt Cap - High LFP Chemistry,Nickel,All Material is Recycled in NA,0.04221769800643386
2033,Decreasing Batt Cap - High LFP Chemistry,Nickel,Recycling Limited to NA 2025 Online or Planned,0.05280435206947412
2033,Decreasing Batt Cap - High LFP Chemistry,Nickel,All Material is Recycled in NA,0.05280435206947412
2034,Decreasing Batt Cap - High LFP Chemistry,Nickel,Recycling Limited to NA 2025 Online or Planned,0.06860042586643282
2034,Decreasing Batt Cap - High LFP Chemistry,Nickel,All Material is Recycled in NA,0.06860042586643282
2035,Decreasing Batt Cap - High LFP Chemistry,Nickel,Recycling Limited to NA 2025 Online or Planned,0.09024302928918508
2035,Decreasing Batt Cap - High LFP Chemistry,Nickel,All Material is Recycled in NA,0.09024302928918508
2036,Decreasing Batt Cap - High LFP Chemistry,Nickel,Recycling Limited to NA 2025 Online or Planned,0.11998446084409237
2036,Decreasing Batt Cap - High LFP Chemistry,Nickel,All Material is Recycled in NA,0.11998446084409237
2037,Decreasing Batt Cap - High LFP Chemistry,Nickel,Recycling Limited to NA 2025 Online or Planned,0.15840798974754788
2037,Decreasing Batt Cap - High LFP Chemistry,Nickel,All Material is Recycled in NA,0.15840798974754788
2038,Decreasing Batt Cap - High LFP Chemistry,Nickel,Recycling Limited to NA 2025 Online or Planned,0.1863331103369905
2038,Decreasing Batt Cap - High LFP Chemistry,Nickel,All Material is Recycled in NA,0.20326499424911512
2039,Decreasing Batt Cap - High LFP Chemistry,Nickel,Recycling Limited to NA 2025 Online or Planned,0.18393320713374448
2039,Decreasing Batt Cap - High LFP Chemistry,Nickel,All Material is Recycled in NA,0.2631704269329788
2040,Decreasing Batt Cap - High LFP Chemistry,Nickel,Recycling Limited to NA 2025 Online or Planned,0.1764243646494804
2040,Decreasing Batt Cap - High LFP Chemistry,Nickel,All Material is Recycled in NA,0.3074396026731244
2041,Decreasing Batt Cap - High LFP Chemistry,Nickel,Recycling Limited to NA 2025 Online or Planned,0.16492752165484592
2041,Decreasing Batt Cap - High LFP Chemistry,Nickel,All Material is Recycled in NA,0.341680358055216
2042,Decreasing Batt Cap - High LFP Chemistry,Nickel,Recycling Limited to NA 2025 Online or Planned,0.15233725440254764
2042,Decreasing Batt Cap - High LFP Chemistry,Nickel,All Material is Recycled in NA,0.368445018833713
2043,Decreasing Batt Cap - High LFP Chemistry,Nickel,Recycling Limited to NA 2025 Online or Planned,0.14042562001003725
2043,Decreasing Batt Cap - High LFP Chemistry,Nickel,All Material is Recycled in NA,0.394275562016216
2044,Decreasing Batt Cap - High LFP Chemistry,Nickel,Recycling Limited to NA 2025 Online or Planned,0.13027437868738723
2044,Decreasing Batt Cap - High LFP Chemistry,Nickel,All Material is Recycled in NA,0.4221509600323621
2045,Decreasing Batt Cap - High LFP Chemistry,Nickel,Recycling Limited to NA 2025 Online or Planned,0.12185067271988789
2045,Decreasing Batt Cap - High LFP Chemistry,Nickel,All Material is Recycled in NA,0.4538234353310833
2046,Decreasing Batt Cap - High LFP Chemistry,Nickel,Recycling Limited to NA 2025 Online or Planned,0.11448367922071795
2046,Decreasing Batt Cap - High LFP Chemistry,Nickel,All Material is Recycled in NA,0.48728159327884096
2047,Decreasing Batt Cap - High LFP Chemistry,Nickel,Recycling Limited to NA 2025 Online or Planned,0.10822772952222795
2047,Decreasing Batt Cap - High LFP Chemistry,Nickel,All Material is Recycled in NA,0.5244617099793634
2048,Decreasing Batt Cap - High LFP Chemistry,Nickel,Recycling Limited to NA 2025 Online or Planned,0.10273636461945035
2048,Decreasing Batt Cap - High LFP Chemistry,Nickel,All Material is Recycled in NA,0.560103701286335
2049,Decreasing Batt Cap - High LFP Chemistry,Nickel,Recycling Limited to NA 2025 Online or Planned,0.09783690842249466
2049,Decreasing Batt Cap - High LFP Chemistry,Nickel,All Material is Recycled in NA,0.5928509738439703
2050,Decreasing Batt Cap - High LFP Chemistry,Nickel,Recycling Limited to NA 2025 Online or Planned,0.09355393107709266
2050,Decreasing Batt Cap - High LFP Chemistry,Nickel,All Material is Recycled in NA,0.6222333380520843
