State,Segment,Propulsion,Year,BESS_stock_vector,BESS_stock_total
Alberta,Car,BEV,2020,0|0|0|0|0|0|0|0|0|0|0|0|0|0|0|0|0|0|0|0|0|0|0|0|0|0|0|0|0|0|0,0
Alberta,Car,BEV,2021,0|0|0|0|0|0|0|0|0|0|0|0|0|0|0|0|0|0|0|0|0|0|0|0|0|0|0|0|0|0|0,0
Alberta,Car,BEV,2022,0|0|0|0|0|0|0|0|0|0|0|0|0|0|0|0|0|0|0|0|0|0|0|0|0|0|0|0|0|0|0,0
Alberta,Car,BEV,2023,0|0|0|0|1|0|0|0|0|0|0|0|0|0|0|0|0|0|0|0|0|0|0|0|0|0|0|0|0|0|0,1
Alberta,Car,BEV,2024,0|0|1|1|1|2|1|1|0|1|1|0|0|0|0|0|0|0|0|0|0|0|0|0|0|0|0|0|0|0|0,9
Alberta,Car,BEV,2025,0|0|1|2|2|3|4|3|3|1|3|3|0|0|0|0|0|0|0|0|0|0|0|0|0|0|0|0|0|0|0,25
Alberta,Car,BEV,2026,0|2|1|3|4|4|5|7|5|5|3|5|5|0|0|0|0|0|0|0|0|0|0|0|0|0|0|0|0|0|0,49
Alberta,Car,BEV,2027,0|2|4|3|5|8|8|8|12|10|9|5|7|5|0|0|0|0|0|0|0|0|0|0|0|0|0|0|0|0|0,86
Alberta,Car,BEV,2028,0|4|7|9|6|10|14|13|13|20|17|14|9|7|5|0|0|0|0|0|0|0|0|0|0|0|0|0|0|0|0,148
Alberta,Car,BEV,2029,0|5|10|14|17|11|17|24|22|22|32|27|21|9|7|5|0|0|0|0|0|0|0|0|0|0|0|0|0|0|0,243
Alberta,Car,BEV,2030,0|6|13|20|25|29|19|28|37|34|34|49|40|20|9|6|4|0|0|0|0|0|0|0|0|0|0|0|0|0|0,373
Alberta,Car,BEV,2031,0|7|16|25|35|42|48|31|45|58|54|50|70|40|20|8|6|4|0|0|0|0|0|0|0|0|0|0|0|0|0,559
Alberta,Car,BEV,2032,0|8|18|31|45|59|69|76|51|71|88|80|74|69|39|19|8|6|4|0|0|0|0|0|0|0|0|0|0|0|0,815
Alberta,Car,BEV,2033,0|9|20|35|54|76|95|111|119|80|108|132|116|73|67|38|18|7|5|3|0|0|0|0|0|0|0|0|0|0|0,1166
Alberta,Car,BEV,2034,0|10|23|40|62|91|124|151|175|182|121|161|189|114|71|65|36|17|6|4|3|0|0|0|0|0|0|0|0|0|0,1645
Alberta,Car,BEV,2035,0|10|26|45|70|104|147|197|237|270|276|180|233|186|112|69|62|33|15|6|4|2|0|0|0|0|0|0|0|0|0,2284
Alberta,Car,BEV,2036,0|12|28|51|79|117|169|233|308|367|410|409|259|230|182|108|65|57|30|13|5|3|1|0|0|0|0|0|0|0|0,3136
Alberta,Car,BEV,2037,0|14|31|55|90|131|191|270|364|476|558|608|585|255|225|176|102|60|51|25|11|4|2|1|0|0|0|0|0|0|0,4285
Alberta,Car,BEV,2038,0|15|34|60|97|151|213|304|422|561|722|827|871|577|249|217|167|95|54|44|21|8|3|1|1|0|0|0|0|0|0,5714
Alberta,Car,BEV,2039,0|16|39|67|105|162|247|339|478|651|849|1069|1187|859|564|241|206|154|85|46|36|16|6|2|1|0|0|0|0|0|0,7425
Alberta,Car,BEV,2040,0|16|41|75|117|176|264|392|531|737|986|1257|1532|1170|839|544|228|190|138|73|38|28|12|4|1|1|0|0|0|0|0,9390
Alberta,Car,BEV,2041,0|19|43|80|130|195|286|419|613|818|1117|1460|1801|1510|1143|810|516|211|170|119|60|29|21|8|3|1|0|0|0|0|0,11582
Alberta,Car,BEV,2042,0|20|48|84|139|213|314|452|655|944|1236|1652|2090|1774|1476|1104|769|478|189|146|97|46|22|15|6|2|1|0|0|0|0,13972
Alberta,Car,BEV,2043,0|20|50|92|147|229|339|492|702|1006|1426|1824|2366|2059|1734|1425|1048|712|428|162|120|75|34|15|10|4|1|0|0|0|0,16520
Alberta,Car,BEV,2044,0|23|53|97|159|243|366|529|760|1073|1516|2102|2609|2331|2013|1675|1352|970|637|367|133|93|56|24|11|7|3|1|0|0|0,19203
Alberta,Car,BEV,2045,0|23|58|103|169|262|389|569|812|1153|1611|2231|3002|2571|2279|1944|1589|1252|868|547|300|103|69|40|17|7|4|2|1|0|0,21975
Alberta,Car,BEV,2046,0|23|59|110|179|278|416|605|869|1226|1718|2364|3183|2958|2513|2201|1844|1471|1120|745|447|233|76|49|27|11|5|3|1|0|0,24734
Alberta,Car,BEV,2047,0|25|60|114|191|296|442|645|923|1304|1819|2506|3362|3136|2892|2427|2088|1707|1317|962|609|348|173|54|34|18|7|3|2|1|0,27465
Alberta,Car,BEV,2048,0|25|63|117|199|314|471|685|981|1384|1928|2643|3548|3313|3066|2793|2303|1933|1528|1130|786|473|257|123|37|22|12|5|2|1|0,30142
Alberta,Car,BEV,2049,0|26|64|123|204|329|498|728|1041|1469|2041|2790|3730|3496|3238|2961|2650|2131|1730|1312|924|611|350|183|84|25|15|8|3|1|1,32766
Alberta,Car,BEV,2050,0|26|66|125|214|338|522|771|1106|1556|2160|2950|3927|3675|3418|3127|2810|2453|1908|1485|1073|718|452|249|125|56|16|10|5|2|1,35344
Alberta,Car,PHEV,2020,0|0|0|0|0|0|0|0|0|0|0|0|0|0|0|0|0|0|0|0|0|0|0|0|0|0|0|0|0|0|0,0
Alberta,Car,PHEV,2021,0|0|0|0|0|0|0|0|0|0|0|0|0|0|0|0|0|0|0|0|0|0|0|0|0|0|0|0|0|0|0,0
Alberta,Car,PHEV,2022,0|0|0|0|0|0|0|0|0|0|0|0|0|0|0|0|0|0|0|0|0|0|0|0|0|0|0|0|0|0|0,0
Alberta,Car,PHEV,2023,0|0|0|0|0|1|1|0|0|0|0|0|0|0|0|0|0|0|0|0|0|0|0|0|0|0|0|0|0|0|0,2
Alberta,Car,PHEV,2024,0|0|0|0|0|0|3|2|1|0|1|0|0|0|0|0|0|0|0|0|0|0|0|0|0|0|0|0|0|0|0,7
Alberta,Car,PHEV,2025,0|0|0|0|0|0|1|5|4|3|1|3|0|0|0|0|0|0|0|0|0|0|0|0|0|0|0|0|0|0|0,17
Alberta,Car,PHEV,2026,0|0|0|0|0|0|0|3|8|7|5|3|5|0|0|0|0|0|0|0|0|0|0|0|0|0|0|0|0|0|0,31
Alberta,Car,PHEV,2027,0|0|0|0|0|0|1|1|5|13|12|10|5|5|0|0|0|0|0|0|0|0|0|0|0|0|0|0|0|0|0,52
Alberta,Car,PHEV,2028,0|0|1|1|1|1|1|3|3|9|21|19|15|5|5|0|0|0|0|0|0|0|0|0|0|0|0|0|0|0|0,85
Alberta,Car,PHEV,2029,0|1|1|2|2|2|3|3|5|5|15|33|29|15|5|5|0|0|0|0|0|0|0|0|0|0|0|0|0|0|0,126
Alberta,Car,PHEV,2030,0|1|2|3|4|4|4|5|5|10|8|24|47|28|14|5|4|0|0|0|0|0|0|0|0|0|0|0|0|0|0,168
Alberta,Car,PHEV,2031,0|1|3|5|7|8|8|8|10|10|17|13|34|47|27|14|4|4|0|0|0|0|0|0|0|0|0|0|0|0|0,220
Alberta,Car,PHEV,2032,0|2|3|6|9|12|13|13|13|16|16|27|20|34|45|27|13|4|4|0|0|0|0|0|0|0|0|0|0|0|0,277
Alberta,Car,PHEV,2033,0|2|4|6|11|15|20|22|22|21|26|26|41|19|33|44|25|12|4|3|0|0|0|0|0|0|0|0|0|0|0,356
Alberta,Car,PHEV,2034,0|2|5|9|11|19|25|33|35|35|33|39|37|41|19|32|42|23|11|3|3|0|0|0|0|0|0|0|0|0|0,457
Alberta,Car,PHEV,2035,0|2|5|10|15|19|31|40|53|55|55|49|56|37|40|18|30|39|21|9|3|2|0|0|0|0|0|0|0|0|0,589
Alberta,Car,PHEV,2036,0|2|5|10|18|25|31|49|61|83|84|81|71|55|36|38|17|28|35|18|8|2|1|0|0|0|0|0|0|0|0,758
Alberta,Car,PHEV,2037,0|3|5|10|18|30|40|51|77|93|125|125|117|70|54|35|36|16|25|30|15|6|1|1|0|0|0|0|0|0|0,983
Alberta,Car,PHEV,2038,0|3|6|11|18|30|48|64|81|118|139|186|177|115|68|52|33|34|14|22|24|11|4|1|1|0|0|0|0|0|0,1260
Alberta,Car,PHEV,2039,0|3|7|12|19|31|50|76|101|124|176|205|266|174|113|66|49|31|30|12|18|19|8|3|1|0|0|0|0|0|0,1594
Alberta,Car,PHEV,2040,0|3|7|13|21|32|51|80|118|154|190|258|292|263|170|109|63|46|27|26|10|14|14|6|2|0|0|0|0|0|0,1969
Alberta,Car,PHEV,2041,0|3|7|13|22|35|53|81|125|181|234|282|369|288|257|165|103|58|41|23|21|8|10|10|4|1|0|0|0|0|0,2394
Alberta,Car,PHEV,2042,0|4|7|13|23|37|57|84|128|192|274|345|405|363|281|248|156|96|52|35|19|16|6|7|7|3|1|0|0|0|0,2859
Alberta,Car,PHEV,2043,0|4|8|14|23|38|60|89|131|197|291|404|495|399|355|272|235|145|86|44|29|15|12|4|5|5|2|1|0|0|0,3363
Alberta,Car,PHEV,2044,0|4|8|15|24|39|62|93|137|201|298|430|576|487|390|343|258|218|129|73|36|22|11|9|3|3|3|1|0|0|0,3873
Alberta,Car,PHEV,2045,0|4|9|16|26|40|63|96|142|207|303|439|616|568|476|377|325|239|195|111|60|28|17|8|6|2|2|2|1|0|0,4378
Alberta,Car,PHEV,2046,0|4|9|17|27|43|65|98|146|212|308|444|627|607|555|460|358|301|214|167|91|47|21|12|5|4|1|1|1|0|0,4845
Alberta,Car,PHEV,2047,0|4|9|17|30|45|69|101|148|217|314|448|632|618|593|536|437|331|270|183|137|71|35|15|8|4|3|1|1|1|0,5278
Alberta,Car,PHEV,2048,0|3|9|17|29|48|71|106|153|220|320|454|634|623|604|573|509|404|296|231|150|106|52|25|10|5|2|2|1|1|1,5659
Alberta,Car,PHEV,2049,0|3|8|16|29|48|75|110|160|227|323|460|638|625|609|584|543|471|362|254|189|116|79|37|17|7|4|2|1|0|0,5997
Alberta,Car,PHEV,2050,0|3|8|15|28|47|75|115|166|236|332|464|645|629|611|588|554|503|421|310|208|147|86|56|25|11|4|2|1|1|0,6291
Alberta,SUV,BEV,2020,0|0|0|0|0|0|0|0|0|0|0|0|0|0|0|0|0|0|0|0|0|0|0|0|0|0|0|0|0|0|0,0
Alberta,SUV,BEV,2021,0|0|0|0|0|0|0|0|0|0|0|0|0|0|0|0|0|0|0|0|0|0|0|0|0|0|0|0|0|0|0,0
Alberta,SUV,BEV,2022,0|0|0|0|0|0|0|0|0|0|0|0|0|0|0|0|0|0|0|0|0|0|0|0|0|0|0|0|0|0|0,0
Alberta,SUV,BEV,2023,0|0|0|0|0|0|0|0|0|0|0|0|0|0|0|0|0|0|0|0|0|0|0|0|0|0|0|0|0|0|0,0
Alberta,SUV,BEV,2024,0|1|0|0|0|0|0|0|0|0|0|0|0|0|0|0|0|0|0|0|0|0|0|0|0|0|0|0|0|0|0,1
Alberta,SUV,BEV,2025,0|1|3|1|0|0|0|0|0|0|0|0|0|0|0|0|0|0|0|0|0|0|0|0|0|0|0|0|0|0|0,5
Alberta,SUV,BEV,2026,0|3|3|5|3|1|0|1|1|0|0|0|0|0|0|0|0|0|0|0|0|0|0|0|0|0|0|0|0|0|0,17
Alberta,SUV,BEV,2027,0|5|8|7|9|5|3|1|2|3|1|0|1|0|0|0|0|0|0|0|0|0|0|0|0|0|0|0|0|0|0,45
Alberta,SUV,BEV,2028,0|7|15|18|12|15|10|5|3|4|5|2|1|1|0|0|0|0|0|0|0|0|0|0|0|0|0|0|0|0|0,98
Alberta,SUV,BEV,2029,0|10|19|29|32|22|25|17|10|5|6|8|4|1|1|0|0|0|0|0|0|0|0|0|0|0|0|0|0|0|0,189
Alberta,SUV,BEV,2030,0|12|27|38|51|54|36|39|29|17|10|11|13|4|1|1|0|0|0|0|0|0|0|0|0|0|0|0|0|0|0,343
Alberta,SUV,BEV,2031,0|15|32|53|68|85|88|58|61|46|27|15|17|13|4|1|1|0|0|0|0|0|0|0|0|0|0|0|0|0|0,584
Alberta,SUV,BEV,2032,0|18|39|63|94|116|138|139|91|95|71|41|22|16|12|4|1|1|0|0|0|0|0|0|0|0|0|0|0|0|0,961
Alberta,SUV,BEV,2033,0|21|46|76|111|157|190|219|217|139|145|106|60|21|16|12|3|1|1|0|0|0|0|0|0|0|0|0|0|0|0,1541
Alberta,SUV,BEV,2034,0|25|53|90|134|187|256|304|342|336|212|214|153|59|21|16|11|3|1|1|0|0|0|0|0|0|0|0|0|0|0,2418
Alberta,SUV,BEV,2035,0|28|65|104|159|226|306|408|477|528|509|313|307|151|58|20|15|10|3|1|1|0|0|0|0|0|0|0|0|0|0,3689
Alberta,SUV,BEV,2036,0|32|72|127|183|267|369|489|640|739|802|754|449|302|148|56|19|14|9|2|1|0|0|0|0|0|0|0|0|0|0,5474
Alberta,SUV,BEV,2037,0|36|82|141|223|308|435|589|770|991|1125|1187|1083|443|296|143|53|18|12|8|2|0|0|0|0|0|0|0|0|0|0,7945
Alberta,SUV,BEV,2038,0|40|93|160|249|374|501|695|927|1193|1505|1668|1705|1067|433|285|135|49|16|11|7|2|0|0|0|0|0|0|0|0|0,11115
Alberta,SUV,BEV,2039,0|44|102|181|282|418|608|801|1092|1435|1813|2230|2396|1680|1043|418|271|125|44|14|9|5|1|0|0|0|0|0|0|0|0,15012
Alberta,SUV,BEV,2040,0|48|114|200|318|470|679|968|1258|1689|2180|2690|3202|2360|1642|1007|397|251|112|38|11|7|4|1|0|0|0|0|0|0|0,19646
Alberta,SUV,BEV,2041,0|52|123|221|351|529|761|1081|1518|1944|2564|3231|3862|3155|2307|1586|956|367|224|96|31|9|5|3|1|0|0|0|0|0|0,24977
Alberta,SUV,BEV,2042,0|56|133|240|386|583|853|1208|1693|2342|2948|3799|4637|3805|3084|2228|1505|885|329|193|79|24|6|4|2|0|0|0|0|0|0,31022
Alberta,SUV,BEV,2043,0|60|142|258|420|639|938|1347|1883|2606|3545|4364|5449|4569|3720|2978|2114|1393|792|282|157|61|18|5|2|1|0|0|0|0|0,37743
Alberta,SUV,BEV,2044,0|63|152|276|450|695|1025|1477|2087|2888|3938|5240|6255|5369|4466|3592|2826|1957|1247|680|231|122|45|13|3|2|1|0|0|0|0,45100
Alberta,SUV,BEV,2045,0|66|161|295|480|744|1113|1606|2281|3185|4348|5809|7501|6164|5248|4313|3409|2616|1752|1070|556|179|91|32|9|2|1|1|0|0|0,53032
Alberta,SUV,BEV,2046,0|69|170|312|514|793|1188|1740|2474|3467|4772|6395|8303|7391|6025|5069|4093|3155|2342|1504|875|432|133|64|22|6|1|1|0|0|0,61310
Alberta,SUV,BEV,2047,0|72|176|330|544|847|1268|1854|2672|3748|5178|6991|9118|8182|7225|5819|4810|3788|2824|2010|1230|680|320|94|44|15|4|1|0|0|0,69844
Alberta,SUV,BEV,2048,0|74|183|341|574|895|1350|1976|2841|4036|5579|7564|9938|8985|7998|6978|5521|4452|3391|2424|1644|956|504|227|65|30|10|2|1|0|0,78539
Alberta,SUV,BEV,2049,0|76|188|355|593|943|1425|2098|3022|4283|5992|8128|10725|9792|8782|7724|6621|5110|3985|2910|1982|1277|707|357|156|43|19|6|2|0|0,87301
Alberta,SUV,BEV,2050,0|78|194|364|618|976|1499|2212|3201|4545|6345|8709|11499|10568|9572|8482|7329|6128|4574|3420|2380|1540|945|502|245|104|28|13|4|1|0,96075
Alberta,SUV,PHEV,2020,0|0|0|0|0|0|0|0|0|0|0|0|0|0|0|0|0|0|0|0|0|0|0|0|0|0|0|0|0|0|0,0
Alberta,SUV,PHEV,2021,0|0|0|0|0|0|0|0|0|0|0|0|0|0|0|0|0|0|0|0|0|0|0|0|0|0|0|0|0|0|0,0
Alberta,SUV,PHEV,2022,0|0|0|0|0|0|0|0|0|0|0|0|0|0|0|0|0|0|0|0|0|0|0|0|0|0|0|0|0|0|0,0
Alberta,SUV,PHEV,2023,0|0|0|0|0|0|0|0|0|0|0|0|0|0|0|0|0|0|0|0|0|0|0|0|0|0|0|0|0|0|0,0
Alberta,SUV,PHEV,2024,0|0|0|0|0|0|0|0|0|0|0|0|0|0|0|0|0|0|0|0|0|0|0|0|0|0|0|0|0|0|0,0
Alberta,SUV,PHEV,2025,0|0|0|0|0|0|0|1|0|0|0|0|0|0|0|0|0|0|0|0|0|0|0|0|0|0|0|0|0|0|0,1
Alberta,SUV,PHEV,2026,0|0|1|1|0|0|0|1|2|0|0|0|0|0|0|0|0|0|0|0|0|0|0|0|0|0|0|0|0|0|0,5
Alberta,SUV,PHEV,2027,0|1|1|3|3|1|1|0|3|4|1|1|0|0|0|0|0|0|0|0|0|0|0|0|0|0|0|0|0|0|0,19
Alberta,SUV,PHEV,2028,0|2|3|3|5|5|3|3|1|5|6|3|2|0|0|0|0|0|0|0|0|0|0|0|0|0|0|0|0|0|0,41
Alberta,SUV,PHEV,2029,0|2|4|5|5|10|9|5|5|3|8|11|5|2|0|0|0|0|0|0|0|0|0|0|0|0|0|0|0|0|0,74
Alberta,SUV,PHEV,2030,0|2|4|9|10|10|17|15|10|10|5|13|18|5|2|0|0|0|0|0|0|0|0|0|0|0|0|0|0|0|0,130
Alberta,SUV,PHEV,2031,0|2|7|9|16|17|17|29|25|17|17|8|20|17|5|2|0|0|0|0|0|0|0|0|0|0|0|0|0|0|0,208
Alberta,SUV,PHEV,2032,0|4|7|13|17|26|27|27|46|39|27|27|13|19|17|5|2|0|0|0|0|0|0|0|0|0|0|0|0|0|0,316
Alberta,SUV,PHEV,2033,0|5|10|14|23|29|43|44|43|73|60|40|40|13|19|16|4|2|0|0|0|0|0|0|0|0|0|0|0|0|0,478
Alberta,SUV,PHEV,2034,0|5|13|20|26|39|48|69|68|67|111|88|57|40|12|18|16|4|1|0|0|0|0|0|0|0|0|0|0|0|0,702
Alberta,SUV,PHEV,2035,0|6|13|24|35|44|63|77|108|106|101|166|126|56|39|12|17|14|4|1|0|0|0|0|0|0|0|0|0|0|0,1012
Alberta,SUV,PHEV,2036,0|6|15|26|42|57|72|101|121|166|161|150|239|124|55|38|11|16|13|3|1|0|0|0|0|0|0|0|0|0|0,1417
Alberta,SUV,PHEV,2037,0|6|15|29|46|70|93|116|158|186|252|238|215|235|121|53|36|10|14|11|3|1|0|0|0|0|0|0|0|0|0,1908
Alberta,SUV,PHEV,2038,0|7|17|30|51|77|113|148|182|244|283|374|343|212|230|117|50|33|9|12|9|2|1|0|0|0|0|0|0|0|0,2544
Alberta,SUV,PHEV,2039,0|7|19|33|54|85|126|180|231|281|371|420|536|338|207|222|111|47|30|8|10|7|1|0|0|0|0|0|0|0|0,3324
Alberta,SUV,PHEV,2040,0|8|19|36|57|91|139|201|281|358|426|549|601|528|331|200|211|103|42|25|7|8|5|1|0|0|0|0|0|0|0,4227
Alberta,SUV,PHEV,2041,0|8|20|37|62|95|146|221|315|433|541|631|788|592|516|319|190|195|92|36|21|5|6|4|1|0|0|0|0|0|0,5274
Alberta,SUV,PHEV,2042,0|9|21|38|65|103|153|231|344|488|655|801|906|776|579|499|303|176|175|79|29|16|4|4|3|0|0|0|0|0|0,6457
Alberta,SUV,PHEV,2043,0|9|23|41|67|108|164|241|358|526|737|967|1147|892|759|559|473|280|157|150|65|23|12|3|3|2|0|0|0|0|0,7766
Alberta,SUV,PHEV,2044,0|9|23|43|72|111|173|257|373|549|791|1088|1383|1130|872|733|530|438|251|135|123|50|17|8|2|2|1|0|0|0|0,9164
Alberta,SUV,PHEV,2045,0|10|24|45|75|118|177|269|395|569|823|1163|1558|1362|1104|842|695|491|392|215|111|95|37|12|6|1|1|1|0|0|0,10591
Alberta,SUV,PHEV,2046,0|10|25|47|79|123|187|276|411|597|851|1208|1657|1535|1332|1067|799|644|439|336|176|86|71|26|8|4|1|1|0|0|0,11996
Alberta,SUV,PHEV,2047,0|10|25|48|82|130|196|291|421|618|888|1247|1719|1633|1500|1286|1012|740|576|377|275|137|64|50|18|5|3|1|1|0|0,13353
Alberta,SUV,PHEV,2048,0|10|24|48|83|134|206|302|442|635|917|1294|1772|1694|1596|1449|1220|937|662|494|308|214|101|45|34|12|4|2|0|0|0,14639
Alberta,SUV,PHEV,2049,0|10|24|47|83|137|211|316|458|660|940|1330|1831|1746|1655|1541|1375|1130|839|569|404|240|158|72|31|23|8|2|1|0|0,15841
Alberta,SUV,PHEV,2050,0|10|24|47|81|136|215|323|476|680|970|1360|1875|1804|1707|1599|1462|1273|1011|720|465|314|177|112|49|21|15|5|2|1|0,16934
British Columbia,Car,BEV,2020,0|2|2|2|2|2|2|0|0|0|0|0|0|0|0|0|0|0|0|0|0|0|0|0|0|0|0|0|0|0|0,12
British Columbia,Car,BEV,2021,0|3|7|7|4|4|6|6|0|0|0|0|0|0|0|0|0|0|0|0|0|0|0|0|0|0|0|0|0|0|0,37
British Columbia,Car,BEV,2022,0|5|8|14|14|9|9|12|12|0|0|0|0|0|0|0|0|0|0|0|0|0|0|0|0|0|0|0|0|0|0,83
British Columbia,Car,BEV,2023,0|7|13|17|26|25|16|16|22|21|0|0|0|0|0|0|0|0|0|0|0|0|0|0|0|0|0|0|0|0|0,163
British Columbia,Car,BEV,2024,0|10|19|25|29|44|42|28|26|35|33|0|0|0|0|0|0|0|0|0|0|0|0|0|0|0|0|0|0|0|0,291
British Columbia,Car,BEV,2025,0|10|24|38|45|49|73|67|47|40|55|50|0|0|0|0|0|0|0|0|0|0|0|0|0|0|0|0|0|0|0,498
British Columbia,Car,BEV,2026,0|3|24|46|67|77|81|117|106|76|62|82|74|0|0|0|0|0|0|0|0|0|0|0|0|0|0|0|0|0|0,815
British Columbia,Car,BEV,2027,0|3|8|46|81|113|125|129|185|163|116|93|119|73|0|0|0|0|0|0|0|0|0|0|0|0|0|0|0|0|0,1254
British Columbia,Car,BEV,2028,0|6|9|15|81|137|186|200|203|286|249|175|136|117|71|0|0|0|0|0|0|0|0|0|0|0|0|0|0|0|0,1871
British Columbia,Car,BEV,2029,0|7|14|17|25|136|222|298|313|315|435|371|254|134|115|69|0|0|0|0|0|0|0|0|0|0|0|0|0|0|0,2725
British Columbia,Car,BEV,2030,0|10|19|27|31|41|222|354|469|485|479|644|532|250|131|111|65|0|0|0|0|0|0|0|0|0|0|0|0|0|0,3870
British Columbia,Car,BEV,2031,0|11|26|37|47|53|67|353|557|726|738|710|924|524|244|126|105|60|0|0|0|0|0|0|0|0|0|0|0|0|0,5308
British Columbia,Car,BEV,2032,0|14|29|49|65|77|86|106|556|861|1104|1094|1019|911|512|236|120|97|54|0|0|0|0|0|0|0|0|0|0|0|0,6990
British Columbia,Car,BEV,2033,0|17|34|56|84|108|123|137|165|859|1308|1637|1572|1004|890|495|224|111|87|46|0|0|0|0|0|0|0|0|0|0|0,8957
British Columbia,Car,BEV,2034,0|19|43|67|98|138|174|193|214|252|1305|1940|2351|1549|981|860|470|207|99|75|38|0|0|0|0|0|0|0|0|0|0,11073
British Columbia,Car,BEV,2035,0|19|49|82|116|163|220|273|298|330|378|1934|2783|2317|1515|948|816|435|186|85|61|29|0|0|0|0|0|0|0|0|0,13037
British Columbia,Car,BEV,2036,0|17|49|95|141|192|259|341|420|453|495|554|2773|2742|2265|1463|899|755|389|159|70|47|22|0|0|0|0|0|0|0|0,14600
British Columbia,Car,BEV,2037,0|15|43|95|163|230|305|401|522|635|675|724|788|2733|2681|2187|1388|832|676|334|130|54|35|15|0|0|0|0|0|0|0,15661
British Columbia,Car,BEV,2038,0|17|40|84|164|265|360|471|611|782|945|985|1027|776|2671|2589|2075|1285|745|580|273|101|40|25|11|0|0|0|0|0|0,16922
British Columbia,Car,BEV,2039,0|19|44|78|148|268|415|551|714|914|1151|1373|1393|1012|759|2580|2456|1921|1150|640|474|212|75|28|17|7|0|0|0|0|0,18399
British Columbia,Car,BEV,2040,0|20|48|87|138|246|422|633|826|1061|1342|1662|1938|1373|990|733|2448|2274|1720|987|523|369|157|53|20|11|5|0|0|0|0,20086
British Columbia,Car,BEV,2041,0|21|52|94|153|231|394|647|948|1218|1553|1931|2333|1909|1342|956|695|2266|2035|1476|807|406|273|112|37|13|8|3|0|0|0,21913
British Columbia,Car,BEV,2042,0|22|53|101|165|256|375|618|977|1400|1770|2229|2703|2299|1866|1296|907|643|2028|1747|1207|627|301|194|77|24|9|5|2|0|0,23901
British Columbia,Car,BEV,2043,0|23|56|103|176|275|416|598|953|1455|2038|2525|3115|2664|2247|1803|1230|839|576|1741|1428|938|464|214|133|51|16|6|3|1|0,26087
British Columbia,Car,BEV,2044,0|26|60|109|181|292|444|659|938|1449|2135|2915|3516|3070|2604|2170|1710|1138|751|494|1423|1110|694|330|147|89|34|10|4|2|1,28505
British Columbia,Car,BEV,2045,0|28|66|116|191|300|469|700|1026|1446|2164|3078|4071|3465|3000|2515|2059|1583|1019|645|404|1106|822|493|226|98|59|22|7|2|1,31181
British Columbia,Car,BEV,2046,0|28|71|128|202|317|482|736|1084|1570|2188|3162|4323|4011|3387|2898|2386|1906|1417|875|527|314|819|583|338|152|65|38|14|4|1,34026
British Columbia,Car,BEV,2047,0|31|73|136|220|335|506|757|1135|1652|2359|3233|4485|4259|3921|3271|2750|2209|1706|1216|715|410|233|581|400|227|100|42|25|9|3,36999
British Columbia,Car,BEV,2048,0|31|79|142|236|362|535|792|1165|1721|2469|3460|4626|4420|4163|3786|3103|2545|1977|1464|995|556|303|165|399|268|149|65|27|16|6,40025
British Columbia,Car,BEV,2049,0|32|79|152|247|388|574|835|1214|1763|2561|3607|4921|4558|4320|4021|3593|2872|2278|1697|1197|773|411|215|113|267|176|97|42|17|10,43030
British Columbia,Car,BEV,2050,0|33|82|153|262|407|614|890|1275|1828|2619|3730|5115|4849|4455|4172|3815|3325|2571|1955|1388|930|572|292|148|76|176|115|62|27|11,45947
British Columbia,Car,PHEV,2020,0|0|1|1|1|0|1|0|0|0|0|0|0|0|0|0|0|0|0|0|0|0|0|0|0|0|0|0|0|0|0,4
British Columbia,Car,PHEV,2021,0|0|1|3|3|3|1|2|0|0|0|0|0|0|0|0|0|0|0|0|0|0|0|0|0|0|0|0|0|0|0,13
British Columbia,Car,PHEV,2022,0|1|0|3|5|5|5|3|4|0|0|0|0|0|0|0|0|0|0|0|0|0|0|0|0|0|0|0|0|0|0,26
British Columbia,Car,PHEV,2023,0|1|3|1|5|10|10|8|5|7|0|0|0|0|0|0|0|0|0|0|0|0|0|0|0|0|0|0|0|0|0,50
British Columbia,Car,PHEV,2024,0|1|2|5|3|10|17|16|13|8|12|0|0|0|0|0|0|0|0|0|0|0|0|0|0|0|0|0|0|0|0,87
British Columbia,Car,PHEV,2025,0|2|3|4|10|5|17|29|26|22|13|19|0|0|0|0|0|0|0|0|0|0|0|0|0|0|0|0|0|0|0,150
British Columbia,Car,PHEV,2026,0|0|4|5|8|17|10|28|48|40|34|20|29|0|0|0|0|0|0|0|0|0|0|0|0|0|0|0|0|0|0,243
British Columbia,Car,PHEV,2027,0|0|0|8|10|14|27|17|45|77|61|50|30|28|0|0|0|0|0|0|0|0|0|0|0|0|0|0|0|0|0,367
British Columbia,Car,PHEV,2028,0|1|1|1|14|18|24|43|29|70|118|89|74|29|27|0|0|0|0|0|0|0|0|0|0|0|0|0|0|0|0,538
British Columbia,Car,PHEV,2029,0|2|4|4|4|24|30|38|67|46|107|176|128|73|28|27|0|0|0|0|0|0|0|0|0|0|0|0|0|0|0,758
British Columbia,Car,PHEV,2030,0|2|5|7|7|7|39|50|60|104|70|160|255|126|71|27|25|0|0|0|0|0|0|0|0|0|0|0|0|0|0,1015
British Columbia,Car,PHEV,2031,0|3|6|9|12|13|13|61|80|92|157|105|232|251|123|69|26|23|0|0|0|0|0|0|0|0|0|0|0|0|0,1275
British Columbia,Car,PHEV,2032,0|3|6|11|15|20|20|21|96|124|139|233|152|229|245|119|65|24|21|0|0|0|0|0|0|0|0|0|0|0|0,1543
British Columbia,Car,PHEV,2033,0|3|6|12|18|25|32|32|35|147|190|205|334|150|224|237|113|60|22|18|0|0|0|0|0|0|0|0|0|0|0,1863
British Columbia,Car,PHEV,2034,0|3|8|12|20|30|39|49|49|54|223|284|293|329|147|216|225|104|54|19|15|0|0|0|0|0|0|0|0|0|0,2173
British Columbia,Car,PHEV,2035,0|3|9|15|21|32|48|59|74|73|79|329|408|289|322|142|205|208|93|46|15|11|0|0|0|0|0|0|0|0|0,2481
British Columbia,Car,PHEV,2036,0|3|9|17|27|35|50|74|88|110|106|116|470|402|282|311|135|190|186|80|38|12|8|0|0|0|0|0|0|0|0,2749
British Columbia,Car,PHEV,2037,0|2|9|18|29|45|56|77|110|130|161|153|163|463|393|273|295|125|170|160|66|29|9|6|0|0|0|0|0|0|0,2942
British Columbia,Car,PHEV,2038,0|3|7|17|30|47|71|89|117|163|190|231|214|161|453|380|259|273|111|146|131|51|22|6|4|0|0|0|0|0|0,3176
British Columbia,Car,PHEV,2039,0|3|8|15|28|49|75|111|137|174|238|271|321|211|157|437|360|239|245|96|119|102|38|15|4|3|0|0|0|0|0,3456
British Columbia,Car,PHEV,2040,0|3|9|16|25|47|78|116|168|206|255|341|377|317|206|152|415|333|214|210|78|93|75|27|11|3|2|0|0|0|0,3777
British Columbia,Car,PHEV,2041,0|3|9|17|27|43|74|122|177|251|306|368|477|372|310|199|144|384|298|184|172|61|69|53|18|7|2|1|0|0|0,4148
British Columbia,Car,PHEV,2042,0|4|9|18|29|46|68|116|186|266|368|444|517|470|364|299|189|133|344|256|150|133|45|49|37|12|5|1|1|0|0,4559
British Columbia,Car,PHEV,2043,0|4|9|17|30|48|73|108|179|278|394|531|627|510|459|351|284|175|119|295|209|117|99|32|33|25|8|3|1|0|0,5018
British Columbia,Car,PHEV,2044,0|4|10|18|29|49|76|115|169|272|410|572|746|618|498|443|333|263|157|102|241|163|87|70|22|22|16|5|2|1|0,5513
British Columbia,Car,PHEV,2045,0|4|10|19|31|48|78|120|177|260|406|595|807|735|604|481|421|308|235|135|84|187|121|61|48|15|15|10|3|1|0,6019
British Columbia,Car,PHEV,2046,0|4|11|19|33|51|78|120|184|269|392|593|840|795|719|583|456|389|276|202|110|65|139|86|42|32|10|10|7|2|1,6518
British Columbia,Car,PHEV,2047,0|4|11|21|34|54|80|121|184|277|403|579|841|827|777|694|554|422|349|237|165|85|48|99|59|28|21|6|6|4|1,6991
British Columbia,Car,PHEV,2048,0|4|11|21|36|56|85|124|185|276|411|590|827|828|809|751|659|512|378|299|194|128|63|34|68|39|19|14|4|4|3,7432
British Columbia,Car,PHEV,2049,0|4|11|20|36|58|88|130|187|276|407|597|838|815|810|781|712|610|459|325|245|151|95|45|23|45|26|12|9|3|3,7821
British Columbia,Car,PHEV,2050,0|4|11|21|34|58|90|135|194|279|405|590|842|825|797|782|741|659|546|394|265|190|111|67|31|16|30|17|8|6|2,8150
British Columbia,SUV,BEV,2020,0|0|0|0|0|0|0|0|0|0|0|0|0|0|0|0|0|0|0|0|0|0|0|0|0|0|0|0|0|0|0,0
British Columbia,SUV,BEV,2021,0|0|1|1|0|0|0|0|0|0|0|0|0|0|0|0|0|0|0|0|0|0|0|0|0|0|0|0|0|0|0,2
British Columbia,SUV,BEV,2022,0|2|1|3|3|1|1|1|1|0|0|0|0|0|0|0|0|0|0|0|0|0|0|0|0|0|0|0|0|0|0,13
British Columbia,SUV,BEV,2023,0|5|4|3|5|5|3|3|3|3|0|0|0|0|0|0|0|0|0|0|0|0|0|0|0|0|0|0|0|0|0,34
British Columbia,SUV,BEV,2024,0|7|12|9|5|9|9|5|5|5|5|0|0|0|0|0|0|0|0|0|0|0|0|0|0|0|0|0|0|0|0,71
British Columbia,SUV,BEV,2025,0|11|19|22|16|10|15|15|10|8|10|10|0|0|0|0|0|0|0|0|0|0|0|0|0|0|0|0|0|0|0,146
British Columbia,SUV,BEV,2026,0|2|28|37|38|28|17|25|25|17|13|17|15|0|0|0|0|0|0|0|0|0|0|0|0|0|0|0|0|0|0,262
British Columbia,SUV,BEV,2027,0|5|7|54|66|62|47|29|39|39|27|20|27|15|0|0|0|0|0|0|0|0|0|0|0|0|0|0|0|0|0,437
British Columbia,SUV,BEV,2028,0|6|12|15|95|110|101|76|47|61|60|41|30|26|14|0|0|0|0|0|0|0|0|0|0|0|0|0|0|0|0,694
British Columbia,SUV,BEV,2029,0|9|16|22|27|160|179|160|120|74|92|88|60|29|26|14|0|0|0|0|0|0|0|0|0|0|0|0|0|0|0,1076
British Columbia,SUV,BEV,2030,0|10|22|31|38|47|262|285|250|185|113|137|126|59|28|25|13|0|0|0|0|0|0|0|0|0|0|0|0|0|0,1631
British Columbia,SUV,BEV,2031,0|13|27|43|53|63|76|416|447|386|281|168|196|124|58|27|23|12|0|0|0|0|0|0|0|0|0|0|0|0|0,2413
British Columbia,SUV,BEV,2032,0|16|34|53|75|88|102|121|654|691|586|418|243|193|121|56|26|22|11|0|0|0|0|0|0|0|0|0|0|0|0,3510
British Columbia,SUV,BEV,2033,0|20|40|65|93|127|142|163|191|1012|1050|869|600|239|188|117|53|24|19|9|0|0|0|0|0|0|0|0|0|0|0,5021
British Columbia,SUV,BEV,2034,0|25|52|79|114|156|207|227|255|295|1538|1558|1247|591|234|182|111|49|22|17|8|0|0|0|0|0|0|0|0|0|0,6967
British Columbia,SUV,BEV,2035,0|29|65|101|140|191|254|330|356|394|447|2280|2236|1229|578|226|173|103|44|19|14|6|0|0|0|0|0|0|0|0|0,9215
British Columbia,SUV,BEV,2036,0|30|74|126|175|234|310|405|518|550|598|662|3274|2204|1201|558|214|160|92|38|15|11|4|0|0|0|0|0|0|0|0,11453
British Columbia,SUV,BEV,2037,0|28|77|144|220|289|379|493|635|798|833|885|950|3226|2154|1160|529|198|143|79|31|12|8|3|0|0|0|0|0|0|0,13274
British Columbia,SUV,BEV,2038,0|32|71|149|250|364|464|600|770|979|1208|1232|1267|936|3153|2080|1101|490|178|123|65|24|9|6|2|0|0|0|0|0|0,15553
British Columbia,SUV,BEV,2039,0|36|83|139|260|411|579|728|933|1182|1482|1784|1765|1248|915|3045|1974|1019|439|152|100|50|18|6|4|1|0|0|0|0|0,18353
British Columbia,SUV,BEV,2040,0|39|92|162|246|430|652|902|1121|1426|1780|2187|2553|1739|1220|884|2890|1827|912|377|125|78|37|13|4|3|1|0|0|0|0,21700
British Columbia,SUV,BEV,2041,0|41|99|178|285|413|686|1013|1380|1698|2140|2618|3125|2515|1700|1178|838|2675|1635|783|308|97|58|26|9|3|2|1|0|0|0,25504
British Columbia,SUV,BEV,2042,0|43|105|193|312|476|671|1071|1546|2080|2527|3136|3732|3079|2459|1642|1118|776|2394|1404|640|239|72|41|18|6|2|1|0|0|0,29783
British Columbia,SUV,BEV,2043,0|46|110|203|339|520|768|1070|1646|2325|3084|3683|4456|3677|3010|2375|1558|1035|695|2055|1148|497|177|51|28|12|4|1|1|0|0,34574
British Columbia,SUV,BEV,2044,0|48|117|215|356|562|838|1213|1677|2492|3444|4480|5212|4391|3594|2907|2253|1442|926|596|1680|892|368|126|35|19|8|2|1|0|0,39894
British Columbia,SUV,BEV,2045,0|53|124|228|376|591|901|1319|1884|2583|3715|5001|6329|5136|4292|3471|2758|2086|1291|795|488|1306|660|261|86|23|12|5|2|1|0,45777
British Columbia,SUV,BEV,2046,0|54|135|243|399|623|948|1416|2042|2878|3904|5424|7065|6236|5020|4145|3294|2553|1867|1108|650|379|967|469|179|58|15|8|3|1|0,52083
British Columbia,SUV,BEV,2047,0|58|139|261|424|661|998|1487|2184|3107|4317|5759|7691|6962|6096|4848|3933|3049|2285|1602|906|505|281|686|322|120|38|10|5|2|1,58737
British Columbia,SUV,BEV,2048,0|60|148|270|453|700|1057|1563|2289|3314|4644|6330|8229|7578|6805|5887|4600|3641|2729|1962|1310|704|374|199|471|215|79|25|6|3|1,65646
British Columbia,SUV,BEV,2049,0|61|153|286|471|745|1117|1649|2403|3466|4942|6788|9000|8108|7407|6572|5586|4258|3259|2342|1604|1018|521|265|137|315|142|51|16|4|2,72688
British Columbia,SUV,BEV,2050,0|63|156|296|496|775|1182|1737|2524|3630|5158|7207|9631|8868|7926|7154|6236|5170|3811|2797|1915|1246|754|370|182|92|208|92|33|10|3,79722
British Columbia,SUV,PHEV,2020,0|0|0|0|0|0|0|0|0|0|0|0|0|0|0|0|0|0|0|0|0|0|0|0|0|0|0|0|0|0|0,0
British Columbia,SUV,PHEV,2021,0|0|0|0|0|0|0|0|0|0|0|0|0|0|0|0|0|0|0|0|0|0|0|0|0|0|0|0|0|0|0,0
British Columbia,SUV,PHEV,2022,0|0|0|0|1|0|0|0|0|0|0|0|0|0|0|0|0|0|0|0|0|0|0|0|0|0|0|0|0|0|0,1
British Columbia,SUV,PHEV,2023,0|1|1|0|1|2|0|0|0|0|0|0|0|0|0|0|0|0|0|0|0|0|0|0|0|0|0|0|0|0|0,5
British Columbia,SUV,PHEV,2024,0|2|3|3|1|3|4|0|0|0|0|0|0|0|0|0|0|0|0|0|0|0|0|0|0|0|0|0|0|0|0,16
British Columbia,SUV,PHEV,2025,0|2|4|5|5|3|5|7|1|1|0|1|0|0|0|0|0|0|0|0|0|0|0|0|0|0|0|0|0|0|0,34
British Columbia,SUV,PHEV,2026,0|0|7|9|9|10|5|10|12|3|3|1|2|0|0|0|0|0|0|0|0|0|0|0|0|0|0|0|0|0|0,71
British Columbia,SUV,PHEV,2027,0|0|1|14|16|15|17|10|17|20|5|5|2|2|0|0|0|0|0|0|0|0|0|0|0|0|0|0|0|0|0,124
British Columbia,SUV,PHEV,2028,0|1|1|3|26|28|25|29|16|29|32|10|8|2|2|0|0|0|0|0|0|0|0|0|0|0|0|0|0|0|0,212
British Columbia,SUV,PHEV,2029,0|2|3|3|5|45|45|39|47|26|46|49|15|8|2|2|0|0|0|0|0|0|0|0|0|0|0|0|0|0|0,337
British Columbia,SUV,PHEV,2030,0|2|5|6|6|9|74|72|61|74|39|69|71|15|8|2|2|0|0|0|0|0|0|0|0|0|0|0|0|0|0,515
British Columbia,SUV,PHEV,2031,0|3|5|9|11|11|15|118|114|93|113|58|100|70|14|7|2|2|0|0|0|0|0|0|0|0|0|0|0|0|0,745
British Columbia,SUV,PHEV,2032,0|3|7|11|16|19|19|25|186|176|139|169|84|99|68|14|7|2|1|0|0|0|0|0|0|0|0|0|0|0|0,1045
British Columbia,SUV,PHEV,2033,0|5|9|14|19|26|32|31|40|287|269|206|245|82|97|66|13|6|1|1|0|0|0|0|0|0|0|0|0|0|0,1449
British Columbia,SUV,PHEV,2034,0|6|12|17|25|33|42|52|51|61|436|400|295|241|81|93|63|12|6|1|1|0|0|0|0|0|0|0|0|0|0,1928
British Columbia,SUV,PHEV,2035,0|7|15|24|31|41|54|65|82|80|92|647|575|291|236|78|89|58|11|5|1|1|0|0|0|0|0|0|0|0|0,2483
British Columbia,SUV,PHEV,2036,0|6|17|27|42|52|65|86|101|126|121|136|930|567|284|228|74|82|52|9|4|1|1|0|0|0|0|0|0|0|0,3011
British Columbia,SUV,PHEV,2037,0|5|16|32|47|68|83|102|135|154|190|180|194|917|554|274|216|68|73|44|8|3|1|0|0|0|0|0|0|0|0,3364
British Columbia,SUV,PHEV,2038,0|6|13|31|54|77|108|131|158|206|232|280|258|191|896|535|260|200|61|63|36|6|2|0|0|0|0|0|0|0|0,3804
British Columbia,SUV,PHEV,2039,0|6|14|25|53|88|123|168|201|240|311|342|400|254|187|865|508|241|179|52|51|28|4|2|0|0|0|0|0|0|0,4342
British Columbia,SUV,PHEV,2040,0|6|15|28|44|87|138|192|255|307|359|455|488|394|248|180|821|470|216|154|43|40|21|3|1|0|0|0|0|0|0,4965
British Columbia,SUV,PHEV,2041,0|6|15|29|50|74|137|213|293|384|457|524|646|481|385|240|171|760|421|185|126|33|30|15|2|1|0|0|0|0|0,5678
British Columbia,SUV,PHEV,2042,0|6|16|29|51|82|119|212|320|440|568|667|743|637|470|372|227|158|680|361|151|98|25|21|10|1|0|0|0|0|0,6464
British Columbia,SUV,PHEV,2043,0|7|16|31|52|85|132|189|321|477|649|824|944|732|622|454|353|210|142|584|295|118|72|18|14|7|1|0|0|0|0,7349
British Columbia,SUV,PHEV,2044,0|8|18|32|55|87|137|208|295|482|700|939|1162|930|716|601|430|327|188|122|478|229|87|51|12|10|4|1|0|0|0,8309
British Columbia,SUV,PHEV,2045,0|8|19|35|57|91|140|216|322|455|712|1010|1322|1145|909|691|570|398|293|162|99|371|170|62|35|8|6|3|0|0|0,9309
British Columbia,SUV,PHEV,2046,0|8|20|37|61|94|146|222|333|491|688|1034|1421|1303|1119|878|656|528|357|251|132|77|275|121|42|24|5|4|2|0|0,10329
British Columbia,SUV,PHEV,2047,0|8|20|38|64|100|150|229|342|507|735|1017|1460|1400|1274|1081|833|607|472|306|205|103|57|195|83|28|16|3|3|1|0,11337
British Columbia,SUV,PHEV,2048,0|8|20|38|66|104|159|235|350|518|757|1076|1455|1439|1368|1230|1026|771|544|406|250|160|76|41|134|55|19|10|2|2|1,12320
British Columbia,SUV,PHEV,2049,0|8|20|38|66|107|165|246|358|528|770|1104|1529|1434|1406|1321|1167|949|690|467|332|195|118|54|28|90|36|12|7|1|1,13247
British Columbia,SUV,PHEV,2050,0|7|20|38|66|108|169|253|373|538|782|1121|1563|1507|1402|1358|1254|1080|850|592|382|258|144|84|37|19|59|24|8|4|1,14101
Manitoba,Car,BEV,2020,0|0|0|0|0|0|0|0|0|0|0|0|0|0|0|0|0|0|0|0|0|0|0|0|0|0|0|0|0|0|0,0
Manitoba,Car,BEV,2021,0|0|0|0|0|0|0|0|0|0|0|0|0|0|0|0|0|0|0|0|0|0|0|0|0|0|0|0|0|0|0,0
Manitoba,Car,BEV,2022,0|0|0|0|0|0|0|0|0|0|0|0|0|0|0|0|0|0|0|0|0|0|0|0|0|0|0|0|0|0|0,0
Manitoba,Car,BEV,2023,0|0|0|0|0|0|0|0|0|0|0|0|0|0|0|0|0|0|0|0|0|0|0|0|0|0|0|0|0|0|0,0
Manitoba,Car,BEV,2024,0|0|0|0|0|0|0|0|0|0|0|0|0|0|0|0|0|0|0|0|0|0|0|0|0|0|0|0|0|0|0,0
Manitoba,Car,BEV,2025,0|0|0|0|0|0|0|0|0|0|0|0|0|0|0|0|0|0|0|0|0|0|0|0|0|0|0|0|0|0|0,0
Manitoba,Car,BEV,2026,0|0|0|0|0|0|0|0|0|0|0|0|0|0|0|0|0|0|0|0|0|0|0|0|0|0|0|0|0|0|0,0
Manitoba,Car,BEV,2027,0|0|0|0|0|1|0|0|1|1|1|0|0|0|0|0|0|0|0|0|0|0|0|0|0|0|0|0|0|0|0,4
Manitoba,Car,BEV,2028,0|1|1|1|0|1|2|1|1|3|3|2|1|0|0|0|0|0|0|0|0|0|0|0|0|0|0|0|0|0|0,17
Manitoba,Car,BEV,2029,0|1|2|3|3|1|3|4|3|3|5|5|4|1|0|0|0|0|0|0|0|0|0|0|0|0|0|0|0|0|0,38
Manitoba,Car,BEV,2030,0|1|3|4|5|6|3|5|7|5|5|8|8|4|1|0|0|0|0|0|0|0|0|0|0|0|0|0|0|0|0,65
Manitoba,Car,BEV,2031,0|2|3|6|8|10|11|5|10|12|10|9|13|8|4|1|0|0|0|0|0|0|0|0|0|0|0|0|0|0|0,112
Manitoba,Car,BEV,2032,0|2|4|7|11|13|17|19|10|17|19|17|14|13|8|4|1|0|0|0|0|0|0|0|0|0|0|0|0|0|0,176
Manitoba,Car,BEV,2033,0|2|4|9|12|19|23|27|31|17|27|30|27|14|12|7|3|1|0|0|0|0|0|0|0|0|0|0|0|0|0,265
Manitoba,Car,BEV,2034,0|2|5|9|16|22|31|37|43|50|28|41|44|26|13|12|7|3|1|0|0|0|0|0|0|0|0|0|0|0|0,390
Manitoba,Car,BEV,2035,0|2|6|10|17|26|37|50|58|66|77|43|60|44|26|13|11|6|3|1|0|0|0|0|0|0|0|0|0|0|0,556
Manitoba,Car,BEV,2036,0|3|7|12|18|29|42|59|77|90|99|114|63|59|43|25|12|10|6|2|1|0|0|0|0|0|0|0|0|0|0,771
Manitoba,Car,BEV,2037,0|3|8|14|22|31|47|66|91|119|135|147|164|62|58|41|23|11|9|5|2|0|0|0|0|0|0|0|0|0|0,1058
Manitoba,Car,BEV,2038,0|3|9|16|24|37|51|74|103|139|179|200|211|162|61|56|39|22|10|8|4|2|0|0|0|0|0|0|0|0|0,1410
Manitoba,Car,BEV,2039,0|4|9|17|27|40|60|82|116|158|211|265|287|208|158|59|53|36|19|9|7|3|1|0|0|0|0|0|0|0|0,1829
Manitoba,Car,BEV,2040,0|4|10|18|29|44|66|95|129|179|240|312|380|283|204|153|56|49|32|17|7|5|2|1|0|0|0|0|0|0|0,2315
Manitoba,Car,BEV,2041,0|4|10|19|31|49|70|104|150|200|272|356|446|374|277|197|145|51|44|28|14|5|4|2|1|0|0|0|0|0|0,2853
Manitoba,Car,BEV,2042,0|5|11|20|34|51|78|111|162|231|303|403|511|440|366|267|187|134|46|38|23|11|4|3|1|0|0|0|0|0|0,3440
Manitoba,Car,BEV,2043,0|5|12|21|36|55|82|121|173|249|349|448|577|504|430|353|253|173|120|40|31|18|8|3|2|1|0|0|0|0|0,4064
Manitoba,Car,BEV,2044,0|5|12|23|37|59|87|128|187|263|375|515|641|569|493|415|335|235|155|103|32|24|13|6|2|1|0|0|0|0|0,4715
Manitoba,Car,BEV,2045,0|5|13|23|39|61|94|136|196|283|394|549|736|632|556|476|394|310|210|133|84|25|18|9|4|1|1|0|0|0|0,5382
Manitoba,Car,BEV,2046,0|6|14|26|42|64|97|145|208|297|420|578|782|725|618|537|451|365|278|180|109|66|19|13|6|3|1|1|0|0|0,6051
Manitoba,Car,BEV,2047,0|6|16|27|45|70|103|151|220|313|440|612|821|770|708|596|510|418|326|238|147|84|48|13|9|4|2|1|0|0|0,6698
Manitoba,Car,BEV,2048,0|6|16|29|47|73|111|161|230|331|463|638|866|809|753|684|566|472|374|280|195|115|62|34|9|6|3|1|0|0|0,7334
Manitoba,Car,BEV,2049,0|6|15|29|50|78|115|172|245|346|487|669|900|854|791|727|649|524|422|321|229|151|85|44|24|6|4|2|1|0|0,7946
Manitoba,Car,BEV,2050,0|6|16|29|51|81|123|179|260|367|510|702|941|886|834|764|690|601|469|362|262|178|112|60|30|16|4|2|1|0|0,8536
Manitoba,Car,PHEV,2020,0|0|0|0|0|0|0|0|0|0|0|0|0|0|0|0|0|0|0|0|0|0|0|0|0|0|0|0|0|0|0,0
Manitoba,Car,PHEV,2021,0|0|0|0|0|0|0|0|0|0|0|0|0|0|0|0|0|0|0|0|0|0|0|0|0|0|0|0|0|0|0,0
Manitoba,Car,PHEV,2022,0|0|0|0|0|0|0|0|0|0|0|0|0|0|0|0|0|0|0|0|0|0|0|0|0|0|0|0|0|0|0,0
Manitoba,Car,PHEV,2023,0|0|0|0|0|0|0|0|0|0|0|0|0|0|0|0|0|0|0|0|0|0|0|0|0|0|0|0|0|0|0,0
Manitoba,Car,PHEV,2024,0|0|0|0|0|0|0|0|0|0|0|0|0|0|0|0|0|0|0|0|0|0|0|0|0|0|0|0|0|0|0,0
Manitoba,Car,PHEV,2025,0|0|0|0|0|0|0|0|0|0|0|0|0|0|0|0|0|0|0|0|0|0|0|0|0|0|0|0|0|0|0,0
Manitoba,Car,PHEV,2026,0|0|0|0|0|0|0|0|1|1|0|0|0|0|0|0|0|0|0|0|0|0|0|0|0|0|0|0|0|0|0,2
Manitoba,Car,PHEV,2027,0|0|0|0|0|0|0|0|0|3|2|1|0|0|0|0|0|0|0|0|0|0|0|0|0|0|0|0|0|0|0,6
Manitoba,Car,PHEV,2028,0|0|0|0|0|0|0|0|0|1|5|4|3|0|0|0|0|0|0|0|0|0|0|0|0|0|0|0|0|0|0,13
Manitoba,Car,PHEV,2029,0|0|0|0|0|0|0|0|1|0|3|8|6|3|0|0|0|0|0|0|0|0|0|0|0|0|0|0|0|0|0,21
Manitoba,Car,PHEV,2030,0|0|0|0|0|0|0|0|0|3|1|5|13|6|3|0|0|0|0|0|0|0|0|0|0|0|0|0|0|0|0,31
Manitoba,Car,PHEV,2031,0|0|0|0|0|0|1|1|1|1|5|2|7|13|6|3|0|0|0|0|0|0|0|0|0|0|0|0|0|0|0,40
Manitoba,Car,PHEV,2032,0|0|0|0|0|1|1|3|3|3|3|7|4|7|12|5|3|0|0|0|0|0|0|0|0|0|0|0|0|0|0,52
Manitoba,Car,PHEV,2033,0|0|0|0|1|1|3|3|5|5|5|5|12|4|7|12|5|2|0|0|0|0|0|0|0|0|0|0|0|0|0,70
Manitoba,Car,PHEV,2034,0|0|0|1|1|3|3|6|6|9|9|10|9|12|4|6|11|5|2|0|0|0|0|0|0|0|0|0|0|0|0,97
Manitoba,Car,PHEV,2035,0|0|0|1|3|3|6|7|11|11|14|14|15|9|11|4|6|10|4|2|0|0|0|0|0|0|0|0|0|0|0,131
Manitoba,Car,PHEV,2036,0|0|0|1|3|5|6|11|12|19|19|22|21|15|9|11|3|6|9|4|2|0|0|0|0|0|0|0|0|0|0,178
Manitoba,Car,PHEV,2037,0|0|0|1|3|6|9|11|19|20|29|29|31|20|14|8|10|3|5|8|3|1|0|0|0|0|0|0|0|0|0,230
Manitoba,Car,PHEV,2038,0|0|0|1|3|6|11|15|19|29|32|44|41|31|20|14|8|10|3|4|7|2|1|0|0|0|0|0|0|0|0,301
Manitoba,Car,PHEV,2039,0|0|0|1|3|6|11|19|25|30|44|49|63|41|30|19|13|7|9|2|4|5|2|1|0|0|0|0|0|0|0,384
Manitoba,Car,PHEV,2040,0|0|0|1|4|6|11|19|29|39|46|64|70|62|40|29|18|12|6|7|2|3|4|1|0|0|0|0|0|0|0,473
Manitoba,Car,PHEV,2041,0|0|0|1|4|7|11|19|30|44|59|68|92|69|61|38|28|17|11|6|6|2|2|3|1|0|0|0|0|0|0,579
Manitoba,Car,PHEV,2042,0|0|0|2|4|7|13|19|30|47|66|86|99|91|67|59|36|26|15|9|5|5|1|1|2|1|0|0|0|0|0,691
Manitoba,Car,PHEV,2043,0|0|0|2|5|7|13|21|31|48|72|97|123|98|89|65|56|34|23|13|8|4|3|1|1|1|0|0|0|0|0,815
Manitoba,Car,PHEV,2044,0|0|0|2|5|9|13|21|33|49|73|106|140|121|96|86|62|51|30|20|11|6|3|2|1|1|1|0|0|0|0,942
Manitoba,Car,PHEV,2045,0|0|0|2|5|9|15|21|32|51|74|107|151|138|118|92|82|57|46|26|16|8|4|2|2|0|0|1|0|0|0,1059
Manitoba,Car,PHEV,2046,0|0|0|2|5|9|15|24|32|49|75|108|152|149|134|114|88|76|51|40|21|13|6|3|1|1|0|0|0|0|0,1168
Manitoba,Car,PHEV,2047,0|0|0|2|5|9|15|24|36|49|74|110|153|150|146|130|108|81|68|44|32|16|9|4|2|1|1|0|0|0|0,1269
Manitoba,Car,PHEV,2048,0|0|0|2|5|9|15|24|36|53|74|107|155|151|147|141|123|100|73|58|36|25|12|7|3|1|1|0|0|0|0,1358
Manitoba,Car,PHEV,2049,0|0|0|2|5|9|15|24|36|54|77|108|150|153|148|142|134|114|90|62|47|28|19|9|5|2|1|0|0|0|0,1434
Manitoba,Car,PHEV,2050,0|0|0|2|5|9|15|25|37|54|78|112|151|148|150|143|135|124|102|77|51|37|21|13|6|3|1|1|0|0|0,1500
Manitoba,SUV,BEV,2020,0|0|0|0|0|0|0|0|0|0|0|0|0|0|0|0|0|0|0|0|0|0|0|0|0|0|0|0|0|0|0,0
Manitoba,SUV,BEV,2021,0|0|0|0|0|0|0|0|0|0|0|0|0|0|0|0|0|0|0|0|0|0|0|0|0|0|0|0|0|0|0,0
Manitoba,SUV,BEV,2022,0|0|0|0|0|0|0|0|0|0|0|0|0|0|0|0|0|0|0|0|0|0|0|0|0|0|0|0|0|0|0,0
Manitoba,SUV,BEV,2023,0|0|0|0|0|0|0|0|0|0|0|0|0|0|0|0|0|0|0|0|0|0|0|0|0|0|0|0|0|0|0,0
Manitoba,SUV,BEV,2024,0|0|0|0|0|0|0|0|0|0|0|0|0|0|0|0|0|0|0|0|0|0|0|0|0|0|0|0|0|0|0,0
Manitoba,SUV,BEV,2025,0|0|0|0|0|0|0|0|0|0|0|0|0|0|0|0|0|0|0|0|0|0|0|0|0|0|0|0|0|0|0,0
Manitoba,SUV,BEV,2026,0|0|0|0|0|0|0|0|0|0|0|0|0|0|0|0|0|0|0|0|0|0|0|0|0|0|0|0|0|0|0,0
Manitoba,SUV,BEV,2027,0|1|1|0|0|0|0|0|0|0|0|0|0|0|0|0|0|0|0|0|0|0|0|0|0|0|0|0|0|0|0,2
Manitoba,SUV,BEV,2028,0|2|3|3|1|1|0|0|0|0|0|0|0|0|0|0|0|0|0|0|0|0|0|0|0|0|0|0|0|0|0,10
Manitoba,SUV,BEV,2029,0|2|4|5|6|3|3|1|0|0|0|0|0|0|0|0|0|0|0|0|0|0|0|0|0|0|0|0|0|0|0,24
Manitoba,SUV,BEV,2030,0|2|5|9|10|11|5|5|3|1|0|0|0|0|0|0|0|0|0|0|0|0|0|0|0|0|0|0|0|0|0,51
Manitoba,SUV,BEV,2031,0|2|7|10|15|17|20|10|10|5|3|0|0|0|0|0|0|0|0|0|0|0|0|0|0|0|0|0|0|0|0,99
Manitoba,SUV,BEV,2032,0|4|7|14|19|25|28|32|17|17|10|5|1|0|0|0|0|0|0|0|0|0|0|0|0|0|0|0|0|0|0,179
Manitoba,SUV,BEV,2033,0|5|10|15|24|32|40|45|51|29|27|17|7|1|0|0|0|0|0|0|0|0|0|0|0|0|0|0|0|0|0,303
Manitoba,SUV,BEV,2034,0|5|12|20|27|41|54|64|71|80|46|41|27|7|1|0|0|0|0|0|0|0|0|0|0|0|0|0|0|0|0,496
Manitoba,SUV,BEV,2035,0|6|14|23|35|47|66|87|100|110|123|69|60|26|7|1|0|0|0|0|0|0|0|0|0|0|0|0|0|0|0,774
Manitoba,SUV,BEV,2036,0|8|16|27|40|59|79|106|138|155|167|184|101|59|26|6|1|0|0|0|0|0|0|0|0|0|0|0|0|0|0,1172
Manitoba,SUV,BEV,2037,0|8|18|31|48|67|95|126|167|213|234|248|265|100|58|25|6|1|0|0|0|0|0|0|0|0|0|0|0|0|0,1710
Manitoba,SUV,BEV,2038,0|8|20|36|55|81|109|151|198|258|324|347|357|261|98|56|23|6|1|0|0|0|0|0|0|0|0|0|0|0|0,2389
Manitoba,SUV,BEV,2039,0|9|22|39|63|93|133|175|237|308|391|480|500|352|255|94|53|22|5|1|0|0|0|0|0|0|0|0|0|0|0,3232
Manitoba,SUV,BEV,2040,0|11|24|44|69|105|151|212|274|366|468|581|688|492|344|246|89|49|19|4|1|0|0|0|0|0|0|0|0|0|0,4237
Manitoba,SUV,BEV,2041,0|12|28|47|77|116|169|241|332|424|555|694|833|678|481|332|234|83|44|17|4|0|0|0|0|0|0|0|0|0|0,5401
Manitoba,SUV,BEV,2042,0|12|30|54|84|129|188|268|376|513|643|822|996|821|663|465|315|216|74|38|14|3|0|0|0|0|0|0|0|0|0,6724
Manitoba,SUV,BEV,2043,0|13|31|57|93|140|207|297|417|579|778|951|1180|982|802|640|441|292|193|64|31|11|2|0|0|0|0|0|0|0|0,8201
Manitoba,SUV,BEV,2044,0|13|32|60|99|153|225|324|460|639|873|1150|1364|1163|959|775|608|408|261|166|52|24|8|1|0|0|0|0|0|0|0,9817
Manitoba,SUV,BEV,2045,0|14|34|63|105|163|245|353|502|703|963|1287|1647|1344|1137|927|735|562|365|224|136|40|18|6|1|0|0|0|0|0|0,11574
Manitoba,SUV,BEV,2046,0|15|37|66|110|173|260|382|545|764|1055|1416|1838|1623|1314|1098|879|680|503|314|183|106|30|13|4|1|0|0|0|0|0,13409
Manitoba,SUV,BEV,2047,0|16|38|72|116|182|276|405|587|826|1141|1546|2020|1811|1586|1269|1042|814|609|432|256|142|78|21|9|3|0|0|0|0|0,15297
Manitoba,SUV,BEV,2048,0|16|40|74|126|192|292|431|621|888|1231|1669|2198|1990|1770|1532|1204|964|729|523|353|199|105|55|15|6|2|0|0|0|0,17225
Manitoba,SUV,BEV,2049,0|16|41|77|128|206|307|454|659|938|1319|1794|2369|2165|1945|1710|1454|1114|863|625|428|275|148|75|38|10|4|1|0|0|0,19163
Manitoba,SUV,BEV,2050,0|17|42|79|134|211|327|478|695|993|1391|1917|2540|2334|2117|1879|1622|1346|997|741|511|332|203|105|51|25|6|2|1|0|0,21096
Manitoba,SUV,PHEV,2020,0|0|0|0|0|0|0|0|0|0|0|0|0|0|0|0|0|0|0|0|0|0|0|0|0|0|0|0|0|0|0,0
Manitoba,SUV,PHEV,2021,0|0|0|0|0|0|0|0|0|0|0|0|0|0|0|0|0|0|0|0|0|0|0|0|0|0|0|0|0|0|0,0
Manitoba,SUV,PHEV,2022,0|0|0|0|0|0|0|0|0|0|0|0|0|0|0|0|0|0|0|0|0|0|0|0|0|0|0|0|0|0|0,0
Manitoba,SUV,PHEV,2023,0|0|0|0|0|0|0|0|0|0|0|0|0|0|0|0|0|0|0|0|0|0|0|0|0|0|0|0|0|0|0,0
Manitoba,SUV,PHEV,2024,0|0|0|0|0|0|0|0|0|0|0|0|0|0|0|0|0|0|0|0|0|0|0|0|0|0|0|0|0|0|0,0
Manitoba,SUV,PHEV,2025,0|0|0|0|0|0|0|0|0|0|0|0|0|0|0|0|0|0|0|0|0|0|0|0|0|0|0|0|0|0|0,0
Manitoba,SUV,PHEV,2026,0|0|0|0|0|0|0|0|0|0|0|0|0|0|0|0|0|0|0|0|0|0|0|0|0|0|0|0|0|0|0,0
Manitoba,SUV,PHEV,2027,0|0|0|0|0|0|0|0|0|0|0|0|0|0|0|0|0|0|0|0|0|0|0|0|0|0|0|0|0|0|0,0
Manitoba,SUV,PHEV,2028,0|0|0|0|0|0|0|0|0|0|0|0|0|0|0|0|0|0|0|0|0|0|0|0|0|0|0|0|0|0|0,0
Manitoba,SUV,PHEV,2029,0|0|0|0|0|1|1|0|0|0|0|0|0|0|0|0|0|0|0|0|0|0|0|0|0|0|0|0|0|0|0,2
Manitoba,SUV,PHEV,2030,0|0|0|0|1|1|3|3|1|1|0|0|0|0|0|0|0|0|0|0|0|0|0|0|0|0|0|0|0|0|0,10
Manitoba,SUV,PHEV,2031,0|0|0|1|1|2|3|5|5|3|3|0|1|0|0|0|0|0|0|0|0|0|0|0|0|0|0|0|0|0|0,24
Manitoba,SUV,PHEV,2032,0|0|1|1|3|3|4|5|10|9|5|5|1|1|0|0|0|0|0|0|0|0|0|0|0|0|0|0|0|0|0,48
Manitoba,SUV,PHEV,2033,0|1|1|3|3|5|6|7|9|17|14|8|7|1|1|0|0|0|0|0|0|0|0|0|0|0|0|0|0|0|0,83
Manitoba,SUV,PHEV,2034,0|1|3|3|5|7|10|11|12|15|28|22|13|7|1|1|0|0|0|0|0|0|0|0|0|0|0|0|0|0|0,139
Manitoba,SUV,PHEV,2035,0|1|3|5|6|9|12|16|19|19|24|44|32|13|7|1|1|0|0|0|0|0|0|0|0|0|0|0|0|0|0,212
Manitoba,SUV,PHEV,2036,0|1|3|6|9|11|15|20|26|31|31|36|65|32|12|6|1|1|0|0|0|0|0|0|0|0|0|0|0|0|0,306
Manitoba,SUV,PHEV,2037,0|1|3|6|11|15|19|25|32|41|49|48|52|64|31|12|6|1|1|0|0|0|0|0|0|0|0|0|0|0|0,417
Manitoba,SUV,PHEV,2038,0|1|3|6|11|19|25|31|40|52|62|74|69|51|63|30|11|6|1|1|0|0|0|0|0|0|0|0|0|0|0,556
Manitoba,SUV,PHEV,2039,0|1|4|6|11|19|29|40|50|62|78|91|107|68|50|60|29|10|5|1|1|0|0|0|0|0|0|0|0|0|0,722
Manitoba,SUV,PHEV,2040,0|1|4|7|11|19|31|47|62|77|93|117|131|106|66|48|57|27|9|4|1|0|0|0|0|0|0|0|0|0|0,918
Manitoba,SUV,PHEV,2041,0|2|4|7|13|19|32|49|72|95|117|138|168|129|103|64|46|53|24|8|4|0|0|0|0|0|0|0|0|0|0,1147
Manitoba,SUV,PHEV,2042,0|2|5|8|13|21|32|50|77|110|143|173|198|166|126|100|61|43|47|20|7|3|0|0|0|0|0|0|0|0|0,1405
Manitoba,SUV,PHEV,2043,0|2|5|9|14|22|35|51|78|117|165|211|249|195|162|122|95|56|38|41|17|5|2|0|0|0|0|0|0|0|0,1691
Manitoba,SUV,PHEV,2044,0|2|5|9|15|23|36|56|80|120|176|242|302|245|190|156|115|88|50|33|33|13|4|1|0|0|0|0|0|0|0,1994
Manitoba,SUV,PHEV,2045,0|2|6|10|16|25|37|58|87|122|182|258|345|297|240|184|148|107|78|43|27|26|10|3|1|0|0|0|0|0|0,2312
Manitoba,SUV,PHEV,2046,0|2|6|11|17|26|40|59|90|131|185|267|368|340|291|231|174|137|96|67|35|21|19|7|2|1|0|0|0|0|0,2623
Manitoba,SUV,PHEV,2047,0|2|6|11|18|27|42|63|91|136|197|273|380|362|332|281|220|161|123|82|55|27|15|14|5|1|0|0|0|0|0,2924
Manitoba,SUV,PHEV,2048,0|2|6|11|18|30|43|65|96|137|202|286|388|374|354|321|266|203|145|106|67|43|20|11|9|3|1|0|0|0|0,3207
Manitoba,SUV,PHEV,2049,0|2|6|11|18|30|46|67|99|143|204|293|404|383|366|342|305|247|182|124|86|52|32|14|8|6|2|1|0|0|0,3473
Manitoba,SUV,PHEV,2050,0|2|6|11|18|30|46|70|101|147|212|296|414|398|374|353|325|282|221|156|101|67|39|22|10|5|4|1|0|0|0,3711
New Brunswick,Car,BEV,2020,0|0|0|0|0|0|0|0|0|0|0|0|0|0|0|0|0|0|0|0|0|0|0|0|0|0|0|0|0|0|0,0
New Brunswick,Car,BEV,2021,0|0|0|0|0|0|0|0|0|0|0|0|0|0|0|0|0|0|0|0|0|0|0|0|0|0|0|0|0|0|0,0
New Brunswick,Car,BEV,2022,0|0|0|0|0|0|0|0|0|0|0|0|0|0|0|0|0|0|0|0|0|0|0|0|0|0|0|0|0|0|0,0
New Brunswick,Car,BEV,2023,0|0|0|0|0|0|0|0|0|0|0|0|0|0|0|0|0|0|0|0|0|0|0|0|0|0|0|0|0|0|0,0
New Brunswick,Car,BEV,2024,0|0|0|0|0|0|0|0|0|0|0|0|0|0|0|0|0|0|0|0|0|0|0|0|0|0|0|0|0|0|0,0
New Brunswick,Car,BEV,2025,0|0|0|0|0|0|0|0|0|0|0|0|0|0|0|0|0|0|0|0|0|0|0|0|0|0|0|0|0|0|0,0
New Brunswick,Car,BEV,2026,0|0|0|0|0|0|0|0|0|0|0|0|0|0|0|0|0|0|0|0|0|0|0|0|0|0|0|0|0|0|0,0
New Brunswick,Car,BEV,2027,0|0|0|0|0|0|0|0|0|0|0|0|0|0|0|0|0|0|0|0|0|0|0|0|0|0|0|0|0|0|0,0
New Brunswick,Car,BEV,2028,0|0|1|1|0|0|0|0|0|0|0|0|0|0|0|0|0|0|0|0|0|0|0|0|0|0|0|0|0|0|0,2
New Brunswick,Car,BEV,2029,0|1|1|3|3|0|1|1|1|0|1|0|0|0|0|0|0|0|0|0|0|0|0|0|0|0|0|0|0|0|0,12
New Brunswick,Car,BEV,2030,0|1|3|3|5|5|1|3|3|2|1|2|1|0|0|0|0|0|0|0|0|0|0|0|0|0|0|0|0|0|0,30
New Brunswick,Car,BEV,2031,0|1|3|5|6|9|10|3|5|5|4|3|4|1|0|0|0|0|0|0|0|0|0|0|0|0|0|0|0|0|0,59
New Brunswick,Car,BEV,2032,0|2|3|5|10|11|15|17|5|10|10|6|5|4|1|0|0|0|0|0|0|0|0|0|0|0|0|0|0|0|0,104
New Brunswick,Car,BEV,2033,0|2|4|7|10|17|19|25|27|10|16|16|11|5|4|1|0|0|0|0|0|0|0|0|0|0|0|0|0|0|0,174
New Brunswick,Car,BEV,2034,0|2|4|9|12|18|27|31|39|42|17|25|24|11|5|4|1|0|0|0|0|0|0|0|0|0|0|0|0|0|0,271
New Brunswick,Car,BEV,2035,0|2|5|9|15|21|30|43|51|61|64|27|36|23|10|5|3|1|0|0|0|0|0|0|0|0|0|0|0|0|0,406
New Brunswick,Car,BEV,2036,0|3|5|10|16|25|34|50|67|80|92|95|39|36|23|10|4|3|1|0|0|0|0|0|0|0|0|0|0|0|0,593
New Brunswick,Car,BEV,2037,0|3|7|10|18|26|40|56|79|104|122|137|138|39|35|22|10|4|3|1|0|0|0|0|0|0|0|0|0|0|0,854
New Brunswick,Car,BEV,2038,0|3|8|13|18|30|43|64|88|121|157|182|196|136|38|34|21|9|4|2|1|0|0|0|0|0|0|0|0|0|0,1168
New Brunswick,Car,BEV,2039,0|3|8|14|22|31|50|69|101|136|185|234|262|193|133|37|32|19|8|3|2|0|0|0|0|0|0|0|0|0|0,1542
New Brunswick,Car,BEV,2040,0|4|8|14|24|36|51|80|109|154|208|273|336|258|188|128|35|30|17|7|3|2|0|0|0|0|0|0|0|0|0,1965
New Brunswick,Car,BEV,2041,0|4|9|16|26|39|57|82|125|167|234|309|391|331|252|182|122|32|27|15|6|2|1|0|0|0|0|0|0|0|0,2429
New Brunswick,Car,BEV,2042,0|4|10|17|28|43|63|91|130|191|253|346|443|386|324|243|173|112|29|23|12|4|1|1|0|0|0|0|0|0|0,2927
New Brunswick,Car,BEV,2043,0|4|10|20|30|46|69|99|141|199|289|374|496|436|377|313|231|160|101|25|19|9|3|1|1|0|0|0|0|0|0,3453
New Brunswick,Car,BEV,2044,0|4|10|20|33|49|72|106|152|214|301|427|537|488|426|364|297|214|143|86|20|15|7|2|1|0|0|0|0|0|0,3988
New Brunswick,Car,BEV,2045,0|4|11|20|33|53|78|112|162|229|321|444|611|529|477|412|345|275|191|123|71|16|11|5|2|0|0|0|0|0|0,4535
New Brunswick,Car,BEV,2046,0|4|11|21|35|55|83|121|171|242|340|470|634|602|517|461|391|320|246|164|100|55|12|8|3|1|0|0|0|0|0,5067
New Brunswick,Car,BEV,2047,0|5|11|21|37|57|87|128|183|255|359|495|668|625|588|499|437|362|286|211|134|78|41|8|5|2|1|0|0|0|0,5583
New Brunswick,Car,BEV,2048,0|5|12|21|37|60|91|134|192|273|376|519|700|658|611|568|474|405|324|246|173|104|58|29|6|4|1|0|0|0|0,6081
New Brunswick,Car,BEV,2049,0|5|12|23|37|62|96|141|203|287|401|543|730|690|643|590|539|439|362|278|201|134|77|41|20|4|2|1|0|0|0,6561
New Brunswick,Car,BEV,2050,0|5|12|23|40|62|98|148|212|302|420|577|763|720|674|621|560|499|393|311|227|156|99|55|28|13|2|2|1|0|0,7023
New Brunswick,Car,PHEV,2020,0|0|0|0|0|0|0|0|0|0|0|0|0|0|0|0|0|0|0|0|0|0|0|0|0|0|0|0|0|0|0,0
New Brunswick,Car,PHEV,2021,0|0|0|0|0|0|0|0|0|0|0|0|0|0|0|0|0|0|0|0|0|0|0|0|0|0|0|0|0|0|0,0
New Brunswick,Car,PHEV,2022,0|0|0|0|0|0|0|0|0|0|0|0|0|0|0|0|0|0|0|0|0|0|0|0|0|0|0|0|0|0|0,0
New Brunswick,Car,PHEV,2023,0|0|0|0|0|0|0|0|0|0|0|0|0|0|0|0|0|0|0|0|0|0|0|0|0|0|0|0|0|0|0,0
New Brunswick,Car,PHEV,2024,0|0|0|0|0|0|0|0|0|0|0|0|0|0|0|0|0|0|0|0|0|0|0|0|0|0|0|0|0|0|0,0
New Brunswick,Car,PHEV,2025,0|0|0|0|0|0|0|0|0|0|0|0|0|0|0|0|0|0|0|0|0|0|0|0|0|0|0|0|0|0|0,0
New Brunswick,Car,PHEV,2026,0|0|0|0|0|0|0|0|0|0|0|0|0|0|0|0|0|0|0|0|0|0|0|0|0|0|0|0|0|0|0,0
New Brunswick,Car,PHEV,2027,0|0|0|0|0|0|0|0|0|1|1|1|0|0|0|0|0|0|0|0|0|0|0|0|0|0|0|0|0|0|0,3
New Brunswick,Car,PHEV,2028,0|0|0|0|0|0|0|0|0|0|3|3|2|0|0|0|0|0|0|0|0|0|0|0|0|0|0|0|0|0|0,8
New Brunswick,Car,PHEV,2029,0|0|0|0|0|0|0|0|0|0|1|5|5|2|0|0|0|0|0|0|0|0|0|0|0|0|0|0|0|0|0,13
New Brunswick,Car,PHEV,2030,0|0|0|0|0|0|0|0|0|1|0|3|9|5|2|0|0|0|0|0|0|0|0|0|0|0|0|0|0|0|0,20
New Brunswick,Car,PHEV,2031,0|0|0|0|0|0|0|0|1|1|2|1|5|9|5|2|0|0|0|0|0|0|0|0|0|0|0|0|0|0|0,26
New Brunswick,Car,PHEV,2032,0|0|0|0|0|1|1|1|1|3|2|4|2|5|9|5|2|0|0|0|0|0|0|0|0|0|0|0|0|0|0,36
New Brunswick,Car,PHEV,2033,0|0|0|0|1|1|3|3|3|3|5|4|6|2|5|8|4|2|0|0|0|0|0|0|0|0|0|0|0|0|0,50
New Brunswick,Car,PHEV,2034,0|0|0|0|1|3|3|6|5|6|5|7|6|6|2|5|8|4|1|0|0|0|0|0|0|0|0|0|0|0|0,68
New Brunswick,Car,PHEV,2035,0|0|0|1|1|3|5|6|11|10|11|10|12|6|6|2|4|7|4|1|0|0|0|0|0|0|0|0|0|0|0,100
New Brunswick,Car,PHEV,2036,0|0|0|1|2|3|5|9|11|18|16|18|15|12|6|5|2|4|6|3|1|0|0|0|0|0|0|0|0|0|0,137
New Brunswick,Car,PHEV,2037,0|0|0|1|3|5|6|10|15|19|28|26|27|15|11|5|5|2|4|6|3|1|0|0|0|0|0|0|0|0|0,192
New Brunswick,Car,PHEV,2038,0|0|0|1|3|5|9|11|16|24|29|41|37|26|14|11|5|5|1|3|5|2|1|0|0|0|0|0|0|0|0,249
New Brunswick,Car,PHEV,2039,0|0|0|1|3|5|9|14|19|26|36|44|59|37|26|14|10|5|4|1|3|4|1|0|0|0|0|0|0|0|0,321
New Brunswick,Car,PHEV,2040,0|0|0|1|3|6|9|15|23|31|41|54|63|58|36|25|13|10|4|4|1|2|3|1|0|0|0|0|0|0|0,403
New Brunswick,Car,PHEV,2041,0|0|0|1|3|6|10|16|25|36|48|60|79|62|57|35|23|12|9|4|3|1|1|2|1|0|0|0|0|0|0,494
New Brunswick,Car,PHEV,2042,0|0|0|1|3|6|10|17|26|40|56|71|87|78|61|55|33|22|11|7|3|2|1|1|1|0|0|0|0|0|0,592
New Brunswick,Car,PHEV,2043,0|0|0|2|3|6|10|16|27|40|60|82|102|85|76|59|52|31|19|9|6|2|2|0|1|1|0|0|0|0|0,691
New Brunswick,Car,PHEV,2044,0|0|0|2|4|6|11|16|25|41|60|89|118|101|83|73|56|48|27|17|8|5|2|1|0|0|1|0|0|0|0,794
New Brunswick,Car,PHEV,2045,0|0|0|2|5|7|11|17|25|39|61|88|128|116|99|81|69|51|43|23|14|6|3|1|1|0|0|0|0|0|0,890
New Brunswick,Car,PHEV,2046,0|0|0|2|5|9|12|17|27|39|59|89|127|126|114|95|76|64|46|37|19|11|4|2|1|1|0|0|0|0|0,982
New Brunswick,Car,PHEV,2047,0|0|0|2|5|9|14|18|27|41|59|86|127|125|123|110|90|71|58|40|30|15|8|3|2|1|0|0|0|0|0,1064
New Brunswick,Car,PHEV,2048,0|0|0|2|5|9|14|20|28|41|62|86|123|125|122|119|104|84|63|49|32|24|11|6|2|1|0|0|0|0|0,1132
New Brunswick,Car,PHEV,2049,0|0|0|1|5|9|14|21|30|42|62|89|123|121|122|118|113|96|75|54|40|25|17|8|4|1|1|0|0|0|0,1191
New Brunswick,Car,PHEV,2050,0|0|0|1|4|9|14|22|32|44|63|89|125|121|118|118|112|104|86|64|44|31|19|12|5|3|1|0|0|0|0,1241
New Brunswick,SUV,BEV,2020,0|0|0|0|0|0|0|0|0|0|0|0|0|0|0|0|0|0|0|0|0|0|0|0|0|0|0|0|0|0|0,0
New Brunswick,SUV,BEV,2021,0|0|0|0|0|0|0|0|0|0|0|0|0|0|0|0|0|0|0|0|0|0|0|0|0|0|0|0|0|0|0,0
New Brunswick,SUV,BEV,2022,0|0|0|0|0|0|0|0|0|0|0|0|0|0|0|0|0|0|0|0|0|0|0|0|0|0|0|0|0|0|0,0
New Brunswick,SUV,BEV,2023,0|0|0|0|0|0|0|0|0|0|0|0|0|0|0|0|0|0|0|0|0|0|0|0|0|0|0|0|0|0|0,0
New Brunswick,SUV,BEV,2024,0|0|0|0|0|0|0|0|0|0|0|0|0|0|0|0|0|0|0|0|0|0|0|0|0|0|0|0|0|0|0,0
New Brunswick,SUV,BEV,2025,0|0|0|0|0|0|0|0|0|0|0|0|0|0|0|0|0|0|0|0|0|0|0|0|0|0|0|0|0|0|0,0
New Brunswick,SUV,BEV,2026,0|0|0|0|0|0|0|0|0|0|0|0|0|0|0|0|0|0|0|0|0|0|0|0|0|0|0|0|0|0|0,0
New Brunswick,SUV,BEV,2027,0|0|0|0|0|0|0|0|0|0|0|0|0|0|0|0|0|0|0|0|0|0|0|0|0|0|0|0|0|0|0,0
New Brunswick,SUV,BEV,2028,0|1|1|1|1|1|0|0|0|0|0|0|0|0|0|0|0|0|0|0|0|0|0|0|0|0|0|0|0|0|0,5
New Brunswick,SUV,BEV,2029,0|1|3|3|3|3|3|1|0|0|0|0|0|0|0|0|0|0|0|0|0|0|0|0|0|0|0|0|0|0|0,17
New Brunswick,SUV,BEV,2030,0|2|3|5|5|5|5|5|3|0|0|0|0|0|0|0|0|0|0|0|0|0|0|0|0|0|0|0|0|0|0,33
New Brunswick,SUV,BEV,2031,0|2|4|6|10|10|10|10|9|5|1|0|0|0|0|0|0|0|0|0|0|0|0|0|0|0|0|0|0|0|0,67
New Brunswick,SUV,BEV,2032,0|2|4|9|11|17|17|17|17|14|9|3|0|0|0|0|0|0|0|0|0|0|0|0|0|0|0|0|0|0|0,120
New Brunswick,SUV,BEV,2033,0|2|6|9|16|20|27|29|29|27|23|14|5|0|0|0|0|0|0|0|0|0|0|0|0|0|0|0|0|0|0,207
New Brunswick,SUV,BEV,2034,0|3|7|12|17|26|33|43|46|47|41|35|21|5|0|0|0|0|0|0|0|0|0|0|0|0|0|0|0|0|0,336
New Brunswick,SUV,BEV,2035,0|4|8|14|22|29|43|55|67|72|74|60|51|20|5|0|0|0|0|0|0|0|0|0|0|0|0|0|0|0|0,524
New Brunswick,SUV,BEV,2036,0|4|9|16|24|36|49|68|87|103|110|111|87|50|20|5|0|0|0|0|0|0|0|0|0|0|0|0|0|0|0,779
New Brunswick,SUV,BEV,2037,0|5|11|18|28|41|58|78|107|135|156|165|160|85|49|19|4|0|0|0|0|0|0|0|0|0|0|0|0|0|0,1119
New Brunswick,SUV,BEV,2038,0|6|13|21|33|48|67|92|124|164|207|232|239|158|83|48|18|4|0|0|0|0|0|0|0|0|0|0|0|0|0,1557
New Brunswick,SUV,BEV,2039,0|6|14|24|37|56|79|107|146|191|249|308|333|235|154|81|45|17|4|0|0|0|0|0|0|0|0|0|0|0|0,2086
New Brunswick,SUV,BEV,2040,0|6|15|27|43|62|91|126|169|226|291|369|442|328|230|149|76|42|15|3|0|0|0|0|0|0|0|0|0|0|0,2710
New Brunswick,SUV,BEV,2041,0|6|15|29|47|71|101|144|198|259|343|432|530|435|321|222|142|71|37|13|3|0|0|0|0|0|0|0|0|0|0,3419
New Brunswick,SUV,BEV,2042,0|6|17|30|50|77|113|160|223|307|392|508|621|522|425|310|211|131|63|32|11|2|0|0|0|0|0|0|0|0|0,4211
New Brunswick,SUV,BEV,2043,0|8|18|34|54|84|123|178|248|344|465|581|727|611|511|411|294|195|117|54|26|8|1|0|0|0|0|0|0|0|0,5092
New Brunswick,SUV,BEV,2044,0|8|20|36|59|91|135|195|275|380|518|689|832|716|598|493|390|272|175|101|44|20|6|1|0|0|0|0|0|0|0,6054
New Brunswick,SUV,BEV,2045,0|8|21|38|63|97|147|212|301|419|572|763|986|820|700|577|468|361|244|150|82|35|15|4|1|0|0|0|0|0|0,7084
New Brunswick,SUV,BEV,2046,0|10|21|40|66|104|155|229|326|456|628|840|1089|972|801|676|548|433|323|209|123|64|26|11|3|0|0|0|0|0|0,8153
New Brunswick,SUV,BEV,2047,0|10|23|41|70|109|166|243|350|493|680|918|1197|1073|950|774|641|507|388|277|171|95|47|18|7|2|0|0|0|0|0,9250
New Brunswick,SUV,BEV,2048,0|10|24|44|73|116|174|258|372|529|734|993|1306|1179|1048|917|734|594|454|333|227|133|71|34|12|5|1|0|0|0|0,10375
New Brunswick,SUV,BEV,2049,0|10|25|46|76|120|184|271|395|561|786|1069|1408|1287|1153|1013|871|680|531|390|272|176|98|50|23|8|3|1|0|0|0,11507
New Brunswick,SUV,BEV,2050,0|10|25|47|79|125|191|286|414|593|830|1142|1510|1387|1258|1113|961|806|608|456|319|211|130|70|34|15|5|2|1|0|0,12628
New Brunswick,SUV,PHEV,2020,0|0|0|0|0|0|0|0|0|0|0|0|0|0|0|0|0|0|0|0|0|0|0|0|0|0|0|0|0|0|0,0
New Brunswick,SUV,PHEV,2021,0|0|0|0|0|0|0|0|0|0|0|0|0|0|0|0|0|0|0|0|0|0|0|0|0|0|0|0|0|0|0,0
New Brunswick,SUV,PHEV,2022,0|0|0|0|0|0|0|0|0|0|0|0|0|0|0|0|0|0|0|0|0|0|0|0|0|0|0|0|0|0|0,0
New Brunswick,SUV,PHEV,2023,0|0|0|0|0|0|0|0|0|0|0|0|0|0|0|0|0|0|0|0|0|0|0|0|0|0|0|0|0|0|0,0
New Brunswick,SUV,PHEV,2024,0|0|0|0|0|0|0|0|0|0|0|0|0|0|0|0|0|0|0|0|0|0|0|0|0|0|0|0|0|0|0,0
New Brunswick,SUV,PHEV,2025,0|0|0|0|0|0|0|0|0|0|0|0|0|0|0|0|0|0|0|0|0|0|0|0|0|0|0|0|0|0|0,0
New Brunswick,SUV,PHEV,2026,0|0|0|0|0|0|0|0|0|0|0|0|0|0|0|0|0|0|0|0|0|0|0|0|0|0|0|0|0|0|0,0
New Brunswick,SUV,PHEV,2027,0|0|0|0|0|0|0|0|0|0|0|0|0|0|0|0|0|0|0|0|0|0|0|0|0|0|0|0|0|0|0,0
New Brunswick,SUV,PHEV,2028,0|0|0|0|0|0|0|0|0|0|0|0|0|0|0|0|0|0|0|0|0|0|0|0|0|0|0|0|0|0|0,0
New Brunswick,SUV,PHEV,2029,0|0|0|0|0|1|0|0|0|0|0|0|0|0|0|0|0|0|0|0|0|0|0|0|0|0|0|0|0|0|0,1
New Brunswick,SUV,PHEV,2030,0|0|0|0|0|0|3|1|0|0|0|0|0|0|0|0|0|0|0|0|0|0|0|0|0|0|0|0|0|0|0,4
New Brunswick,SUV,PHEV,2031,0|0|0|0|1|1|1|5|3|1|1|0|0|0|0|0|0|0|0|0|0|0|0|0|0|0|0|0|0|0|0,13
New Brunswick,SUV,PHEV,2032,0|0|0|0|1|2|2|3|10|5|3|2|0|0|0|0|0|0|0|0|0|0|0|0|0|0|0|0|0|0|0,28
New Brunswick,SUV,PHEV,2033,0|0|0|1|1|3|4|4|5|17|10|5|4|0|0|0|0|0|0|0|0|0|0|0|0|0|0|0|0|0|0,54
New Brunswick,SUV,PHEV,2034,0|0|1|1|3|3|5|7|7|8|28|17|7|4|0|0|0|0|0|0|0|0|0|0|0|0|0|0|0|0|0,91
New Brunswick,SUV,PHEV,2035,0|0|1|2|3|5|6|9|12|12|13|44|26|7|4|0|0|0|0|0|0|0|0|0|0|0|0|0|0|0|0,144
New Brunswick,SUV,PHEV,2036,0|0|1|3|4|6|9|11|15|20|20|20|65|25|7|4|0|0|0|0|0|0|0|0|0|0|0|0|0|0|0,210
New Brunswick,SUV,PHEV,2037,0|0|1|3|6|8|11|15|19|25|32|31|30|64|25|6|3|0|0|0|0|0|0|0|0|0|0|0|0|0|0,279
New Brunswick,SUV,PHEV,2038,0|0|1|4|6|11|13|19|25|31|38|49|45|29|63|24|6|3|0|0|0|0|0|0|0|0|0|0|0|0|0,367
New Brunswick,SUV,PHEV,2039,0|0|1|3|7|11|18|22|30|38|48|57|71|45|28|60|23|6|3|0|0|0|0|0|0|0|0|0|0|0|0,471
New Brunswick,SUV,PHEV,2040,0|0|1|4|6|13|19|28|36|48|58|72|83|70|44|27|57|21|5|2|0|0|0|0|0|0|0|0|0|0|0,594
New Brunswick,SUV,PHEV,2041,0|0|1|4|7|11|21|30|43|56|73|85|105|81|68|42|26|53|19|4|2|0|0|0|0|0|0|0|0|0|0,731
New Brunswick,SUV,PHEV,2042,0|0|1|4|7|13|19|32|47|66|85|108|122|104|80|66|40|24|47|16|4|2|0|0|0|0|0|0|0|0|0,887
New Brunswick,SUV,PHEV,2043,0|0|2|4|7|13|21|30|49|72|99|127|154|120|101|77|63|37|22|41|13|3|1|0|0|0|0|0|0|0|0,1056
New Brunswick,SUV,PHEV,2044,0|0|2|5|8|13|21|33|48|75|106|145|182|152|117|98|73|58|33|19|33|10|2|1|0|0|0|0|0|0|0,1234
New Brunswick,SUV,PHEV,2045,0|0|2|5|9|14|22|34|51|74|111|155|207|179|149|113|93|67|52|28|15|26|8|1|1|0|0|0|0|0|0,1416
New Brunswick,SUV,PHEV,2046,0|0|2|5|9|15|23|36|53|78|111|162|220|204|175|144|108|86|60|44|23|12|19|5|1|0|0|0|0|0|0,1595
New Brunswick,SUV,PHEV,2047,0|0|2|5|9|15|24|37|55|80|115|162|230|217|200|169|136|100|77|52|36|18|9|14|4|1|0|0|0|0|0,1767
New Brunswick,SUV,PHEV,2048,0|0|2|5|9|16|25|38|57|84|119|168|231|227|212|193|161|126|89|66|42|28|13|6|9|2|0|0|0|0|0,1928
New Brunswick,SUV,PHEV,2049,0|0|2|5|9|16|26|40|58|86|124|174|238|228|222|205|183|149|113|77|54|33|21|9|4|6|2|0|0|0|0,2084
New Brunswick,SUV,PHEV,2050,0|0|2|5|9|16|26|41|60|88|127|179|246|234|223|214|194|170|133|97|63|42|24|15|7|3|4|1|0|0|0,2223
Newfoundland and Labrador,Car,BEV,2020,0|0|0|0|0|0|0|0|0|0|0|0|0|0|0|0|0|0|0|0|0|0|0|0|0|0|0|0|0|0|0,0
Newfoundland and Labrador,Car,BEV,2021,0|0|0|0|0|0|0|0|0|0|0|0|0|0|0|0|0|0|0|0|0|0|0|0|0|0|0|0|0|0|0,0
Newfoundland and Labrador,Car,BEV,2022,0|0|0|0|0|0|0|0|0|0|0|0|0|0|0|0|0|0|0|0|0|0|0|0|0|0|0|0|0|0|0,0
Newfoundland and Labrador,Car,BEV,2023,0|0|0|0|0|0|0|0|0|0|0|0|0|0|0|0|0|0|0|0|0|0|0|0|0|0|0|0|0|0|0,0
Newfoundland and Labrador,Car,BEV,2024,0|0|0|0|0|0|0|0|0|0|0|0|0|0|0|0|0|0|0|0|0|0|0|0|0|0|0|0|0|0|0,0
Newfoundland and Labrador,Car,BEV,2025,0|0|0|0|0|0|0|0|0|0|0|0|0|0|0|0|0|0|0|0|0|0|0|0|0|0|0|0|0|0|0,0
Newfoundland and Labrador,Car,BEV,2026,0|0|0|0|0|0|0|0|0|0|0|0|0|0|0|0|0|0|0|0|0|0|0|0|0|0|0|0|0|0|0,0
Newfoundland and Labrador,Car,BEV,2027,0|0|0|0|0|0|0|0|0|0|0|0|0|0|0|0|0|0|0|0|0|0|0|0|0|0|0|0|0|0|0,0
Newfoundland and Labrador,Car,BEV,2028,0|0|0|0|0|0|0|0|0|0|0|0|0|0|0|0|0|0|0|0|0|0|0|0|0|0|0|0|0|0|0,0
Newfoundland and Labrador,Car,BEV,2029,0|0|0|0|1|0|0|0|0|0|0|0|0|0|0|0|0|0|0|0|0|0|0|0|0|0|0|0|0|0|0,1
Newfoundland and Labrador,Car,BEV,2030,0|0|0|1|1|2|0|0|0|0|0|0|0|0|0|0|0|0|0|0|0|0|0|0|0|0|0|0|0|0|0,4
Newfoundland and Labrador,Car,BEV,2031,0|0|1|1|3|3|4|0|1|1|0|0|0|0|0|0|0|0|0|0|0|0|0|0|0|0|0|0|0|0|0,14
Newfoundland and Labrador,Car,BEV,2032,0|0|1|2|3|5|5|7|1|3|3|1|0|0|0|0|0|0|0|0|0|0|0|0|0|0|0|0|0|0|0,31
Newfoundland and Labrador,Car,BEV,2033,0|0|1|3|4|5|9|10|12|3|5|5|2|0|0|0|0|0|0|0|0|0|0|0|0|0|0|0|0|0|0,59
Newfoundland and Labrador,Car,BEV,2034,0|1|1|3|5|8|10|15|17|21|5|8|7|2|0|0|0|0|0|0|0|0|0|0|0|0|0|0|0|0|0,103
Newfoundland and Labrador,Car,BEV,2035,0|1|2|3|5|10|13|17|25|28|33|9|13|7|2|0|0|0|0|0|0|0|0|0|0|0|0|0|0|0|0,168
Newfoundland and Labrador,Car,BEV,2036,0|1|3|4|6|10|17|22|29|39|44|49|14|13|7|2|0|0|0|0|0|0|0|0|0|0|0|0|0|0|0,260
Newfoundland and Labrador,Car,BEV,2037,0|1|3|5|8|11|18|27|35|46|60|65|72|14|12|6|2|0|0|0|0|0|0|0|0|0|0|0|0|0|0,385
Newfoundland and Labrador,Car,BEV,2038,0|1|4|6|9|13|19|29|42|55|71|88|95|71|13|12|6|2|0|0|0|0|0|0|0|0|0|0|0|0|0,536
Newfoundland and Labrador,Car,BEV,2039,0|1|4|7|11|16|23|31|46|65|84|106|126|94|69|13|11|6|1|0|0|0|0|0|0|0|0|0|0|0|0,714
Newfoundland and Labrador,Car,BEV,2040,0|2|4|7|13|18|26|38|51|72|98|126|153|124|92|67|12|10|5|1|0|0|0|0|0|0|0|0|0|0|0,919
Newfoundland and Labrador,Car,BEV,2041,0|2|5|7|13|21|28|41|60|80|109|146|181|151|121|89|63|11|9|4|1|0|0|0|0|0|0|0|0|0|0,1142
Newfoundland and Labrador,Car,BEV,2042,0|2|5|9|13|21|32|44|64|92|121|162|209|178|148|117|84|59|10|8|4|1|0|0|0|0|0|0|0|0|0,1383
Newfoundland and Labrador,Car,BEV,2043,0|2|5|9|15|22|33|49|69|99|138|179|234|206|174|143|111|78|53|9|7|3|1|0|0|0|0|0|0|0|0,1639
Newfoundland and Labrador,Car,BEV,2044,0|2|5|9|15|24|34|51|75|105|148|204|257|231|202|168|135|103|70|45|7|5|2|0|0|0|0|0|0|0|0,1897
Newfoundland and Labrador,Car,BEV,2045,0|2|5|9|15|24|37|54|78|113|157|218|292|253|225|195|160|125|92|60|37|5|4|1|0|0|0|0|0|0|0,2161
Newfoundland and Labrador,Car,BEV,2046,0|2|5|10|16|25|39|57|82|117|166|229|310|288|247|218|185|148|112|79|49|29|4|3|1|0|0|0|0|0|0,2421
Newfoundland and Labrador,Car,BEV,2047,0|3|5|10|17|26|40|59|86|121|172|240|323|305|281|239|207|171|132|96|65|38|21|3|2|1|0|0|0|0|0,2663
Newfoundland and Labrador,Car,BEV,2048,0|3|6|10|17|28|42|62|89|127|179|248|338|319|298|272|227|191|153|114|79|50|28|15|2|1|0|0|0|0|0,2898
Newfoundland and Labrador,Car,BEV,2049,0|3|6|11|17|28|44|65|94|132|187|258|349|333|312|288|258|210|171|131|93|61|37|20|10|1|1|0|0|0|0,3120
Newfoundland and Labrador,Car,BEV,2050,0|3|6|11|19|29|45|68|99|139|194|269|363|344|326|301|273|239|188|147|108|72|45|26|14|7|1|1|0|0|0,3337
Newfoundland and Labrador,Car,PHEV,2020,0|0|0|0|0|0|0|0|0|0|0|0|0|0|0|0|0|0|0|0|0|0|0|0|0|0|0|0|0|0|0,0
Newfoundland and Labrador,Car,PHEV,2021,0|0|0|0|0|0|0|0|0|0|0|0|0|0|0|0|0|0|0|0|0|0|0|0|0|0|0|0|0|0|0,0
Newfoundland and Labrador,Car,PHEV,2022,0|0|0|0|0|0|0|0|0|0|0|0|0|0|0|0|0|0|0|0|0|0|0|0|0|0|0|0|0|0|0,0
Newfoundland and Labrador,Car,PHEV,2023,0|0|0|0|0|0|0|0|0|0|0|0|0|0|0|0|0|0|0|0|0|0|0|0|0|0|0|0|0|0|0,0
Newfoundland and Labrador,Car,PHEV,2024,0|0|0|0|0|0|0|0|0|0|0|0|0|0|0|0|0|0|0|0|0|0|0|0|0|0|0|0|0|0|0,0
Newfoundland and Labrador,Car,PHEV,2025,0|0|0|0|0|0|0|0|0|0|0|0|0|0|0|0|0|0|0|0|0|0|0|0|0|0|0|0|0|0|0,0
Newfoundland and Labrador,Car,PHEV,2026,0|0|0|0|0|0|0|0|0|0|0|0|0|0|0|0|0|0|0|0|0|0|0|0|0|0|0|0|0|0|0,0
Newfoundland and Labrador,Car,PHEV,2027,0|0|0|0|0|0|0|0|0|0|0|0|0|0|0|0|0|0|0|0|0|0|0|0|0|0|0|0|0|0|0,0
Newfoundland and Labrador,Car,PHEV,2028,0|0|0|0|0|0|0|0|0|0|0|0|0|0|0|0|0|0|0|0|0|0|0|0|0|0|0|0|0|0|0,0
Newfoundland and Labrador,Car,PHEV,2029,0|0|0|0|0|0|0|0|0|0|0|1|1|0|0|0|0|0|0|0|0|0|0|0|0|0|0|0|0|0|0,2
Newfoundland and Labrador,Car,PHEV,2030,0|0|0|0|0|0|0|0|0|0|0|0|2|1|0|0|0|0|0|0|0|0|0|0|0|0|0|0|0|0|0,3
Newfoundland and Labrador,Car,PHEV,2031,0|0|0|0|0|0|0|0|0|0|0|0|0|2|1|0|0|0|0|0|0|0|0|0|0|0|0|0|0|0|0,3
Newfoundland and Labrador,Car,PHEV,2032,0|0|0|0|0|0|0|0|0|0|0|0|0|0|2|1|0|0|0|0|0|0|0|0|0|0|0|0|0|0|0,3
Newfoundland and Labrador,Car,PHEV,2033,0|0|0|0|0|0|0|1|1|0|0|0|1|0|0|2|1|0|0|0|0|0|0|0|0|0|0|0|0|0|0,6
Newfoundland and Labrador,Car,PHEV,2034,0|0|0|0|0|0|0|1|2|3|1|1|1|1|0|0|2|1|0|0|0|0|0|0|0|0|0|0|0|0|0,13
Newfoundland and Labrador,Car,PHEV,2035,0|0|0|0|0|0|1|1|3|4|5|2|3|1|1|0|0|2|1|0|0|0|0|0|0|0|0|0|0|0|0,24
Newfoundland and Labrador,Car,PHEV,2036,0|0|0|0|0|1|1|3|3|5|6|8|4|3|1|1|0|0|1|1|0|0|0|0|0|0|0|0|0|0|0,38
Newfoundland and Labrador,Car,PHEV,2037,0|0|0|0|0|1|2|3|5|5|10|11|13|4|3|1|1|0|0|1|1|0|0|0|0|0|0|0|0|0|0,61
Newfoundland and Labrador,Car,PHEV,2038,0|0|0|0|0|1|3|4|5|10|10|17|17|13|4|3|1|1|0|0|1|0|0|0|0|0|0|0|0|0|0,90
Newfoundland and Labrador,Car,PHEV,2039,0|0|0|0|0|1|3|5|8|10|16|17|26|16|12|4|3|1|1|0|0|1|0|0|0|0|0|0|0|0|0,124
Newfoundland and Labrador,Car,PHEV,2040,0|0|0|0|0|1|3|6|10|13|17|25|27|25|16|12|3|2|1|1|0|0|1|0|0|0|0|0|0|0|0,163
Newfoundland and Labrador,Car,PHEV,2041,0|0|0|0|0|1|3|6|11|16|21|27|36|26|25|16|11|3|2|1|1|0|0|0|0|0|0|0|0|0|0,206
Newfoundland and Labrador,Car,PHEV,2042,0|0|0|0|0|1|4|6|11|19|26|32|38|36|26|24|15|10|3|2|1|0|0|0|0|0|0|0|0|0|0,254
Newfoundland and Labrador,Car,PHEV,2043,0|0|0|0|0|1|4|7|11|19|29|38|46|38|35|25|23|14|9|2|2|0|0|0|0|0|0|0|0|0|0,303
Newfoundland and Labrador,Car,PHEV,2044,0|0|0|0|0|1|4|7|12|19|29|44|54|46|37|34|23|21|12|8|2|1|0|0|0|0|0|0|0|0|0,354
Newfoundland and Labrador,Car,PHEV,2045,0|0|0|0|0|2|4|7|12|19|29|44|63|53|45|36|32|22|19|11|7|2|1|0|0|0|0|0|0|0|0,408
Newfoundland and Labrador,Car,PHEV,2046,0|0|0|0|0|2|5|7|13|19|29|43|62|62|52|43|34|30|19|16|9|5|1|1|0|0|0|0|0|0|0,452
Newfoundland and Labrador,Car,PHEV,2047,0|0|0|0|0|2|5|8|13|20|29|42|61|61|61|50|41|31|27|17|13|7|4|1|0|0|0|0|0|0|0,493
Newfoundland and Labrador,Car,PHEV,2048,0|0|0|0|0|2|5|8|14|20|30|42|59|60|60|59|48|38|28|23|14|10|5|3|1|0|0|0|0|0|0,529
Newfoundland and Labrador,Car,PHEV,2049,0|0|0|0|0|2|5|8|14|21|29|43|59|58|59|58|56|44|34|24|19|11|8|4|2|0|0|0|0|0|0,558
Newfoundland and Labrador,Car,PHEV,2050,0|0|0|0|0|1|5|8|14|21|30|42|60|58|57|57|55|51|40|29|20|15|8|5|2|1|0|0|0|0|0,579
Newfoundland and Labrador,SUV,BEV,2020,0|0|0|0|0|0|0|0|0|0|0|0|0|0|0|0|0|0|0|0|0|0|0|0|0|0|0|0|0|0|0,0
Newfoundland and Labrador,SUV,BEV,2021,0|0|0|0|0|0|0|0|0|0|0|0|0|0|0|0|0|0|0|0|0|0|0|0|0|0|0|0|0|0|0,0
Newfoundland and Labrador,SUV,BEV,2022,0|0|0|0|0|0|0|0|0|0|0|0|0|0|0|0|0|0|0|0|0|0|0|0|0|0|0|0|0|0|0,0
Newfoundland and Labrador,SUV,BEV,2023,0|0|0|0|0|0|0|0|0|0|0|0|0|0|0|0|0|0|0|0|0|0|0|0|0|0|0|0|0|0|0,0
Newfoundland and Labrador,SUV,BEV,2024,0|0|0|0|0|0|0|0|0|0|0|0|0|0|0|0|0|0|0|0|0|0|0|0|0|0|0|0|0|0|0,0
Newfoundland and Labrador,SUV,BEV,2025,0|0|0|0|0|0|0|0|0|0|0|0|0|0|0|0|0|0|0|0|0|0|0|0|0|0|0|0|0|0|0,0
Newfoundland and Labrador,SUV,BEV,2026,0|0|0|0|0|0|0|0|0|0|0|0|0|0|0|0|0|0|0|0|0|0|0|0|0|0|0|0|0|0|0,0
Newfoundland and Labrador,SUV,BEV,2027,0|0|0|0|0|0|0|0|0|0|0|0|0|0|0|0|0|0|0|0|0|0|0|0|0|0|0|0|0|0|0,0
Newfoundland and Labrador,SUV,BEV,2028,0|0|0|1|0|0|0|0|0|0|0|0|0|0|0|0|0|0|0|0|0|0|0|0|0|0|0|0|0|0|0,1
Newfoundland and Labrador,SUV,BEV,2029,0|0|1|1|2|0|0|0|0|0|0|0|0|0|0|0|0|0|0|0|0|0|0|0|0|0|0|0|0|0|0,4
Newfoundland and Labrador,SUV,BEV,2030,0|1|1|3|3|4|1|1|0|0|0|0|0|0|0|0|0|0|0|0|0|0|0|0|0|0|0|0|0|0|0,14
Newfoundland and Labrador,SUV,BEV,2031,0|1|3|3|5|5|7|3|3|1|0|0|0|0|0|0|0|0|0|0|0|0|0|0|0|0|0|0|0|0|0,31
Newfoundland and Labrador,SUV,BEV,2032,0|1|3|5|6|10|10|12|5|5|2|0|0|0|0|0|0|0|0|0|0|0|0|0|0|0|0|0|0|0|0,59
Newfoundland and Labrador,SUV,BEV,2033,0|2|3|5|10|11|17|17|21|10|9|4|0|0|0|0|0|0|0|0|0|0|0|0|0|0|0|0|0|0|0,109
Newfoundland and Labrador,SUV,BEV,2034,0|2|4|7|10|17|20|27|29|33|16|14|6|0|0|0|0|0|0|0|0|0|0|0|0|0|0|0|0|0|0,185
Newfoundland and Labrador,SUV,BEV,2035,0|2|5|9|13|17|27|32|42|46|52|26|21|6|0|0|0|0|0|0|0|0|0|0|0|0|0|0|0|0|0,298
Newfoundland and Labrador,SUV,BEV,2036,0|3|6|10|16|23|29|42|52|65|70|78|37|20|6|0|0|0|0|0|0|0|0|0|0|0|0|0|0|0|0,457
Newfoundland and Labrador,SUV,BEV,2037,0|3|8|11|18|26|37|47|66|81|98|105|113|37|20|5|0|0|0|0|0|0|0|0|0|0|0|0|0|0|0,675
Newfoundland and Labrador,SUV,BEV,2038,0|3|8|15|21|30|43|59|75|101|124|146|152|111|36|19|5|0|0|0|0|0|0|0|0|0|0|0|0|0|0,948
Newfoundland and Labrador,SUV,BEV,2039,0|3|9|16|25|36|50|68|93|118|153|184|210|150|109|35|18|5|0|0|0|0|0|0|0|0|0|0|0|0|0,1282
Newfoundland and Labrador,SUV,BEV,2040,0|3|9|17|27|41|59|81|107|142|179|227|266|207|147|105|33|17|4|0|0|0|0|0|0|0|0|0|0|0|0,1671
Newfoundland and Labrador,SUV,BEV,2041,0|5|9|18|31|46|67|94|128|165|216|265|325|262|203|142|100|31|15|4|0|0|0|0|0|0|0|0|0|0|0,2126
Newfoundland and Labrador,SUV,BEV,2042,0|5|11|18|32|50|74|105|146|197|250|320|382|320|256|196|135|92|27|13|3|0|0|0|0|0|0|0|0|0|0,2632
Newfoundland and Labrador,SUV,BEV,2043,0|5|11|22|33|54|80|116|163|223|300|370|458|376|313|247|186|125|83|23|11|2|0|0|0|0|0|0|0|0|0,3201
Newfoundland and Labrador,SUV,BEV,2044,0|5|13|23|38|56|87|125|180|249|337|444|530|452|368|302|234|172|111|71|19|8|2|0|0|0|0|0|0|0|0,3826
Newfoundland and Labrador,SUV,BEV,2045,0|6|13|25|41|63|92|136|193|273|374|497|636|522|441|355|286|217|154|96|58|15|6|1|0|0|0|0|0|0|0,4500
Newfoundland and Labrador,SUV,BEV,2046,0|6|14|25|43|67|100|145|209|295|409|549|710|627|511|426|337|265|194|132|78|45|11|4|1|0|0|0|0|0|0,5203
Newfoundland and Labrador,SUV,BEV,2047,0|6|16|27|44|70|107|156|223|318|440|599|782|700|613|493|404|312|237|167|108|61|33|8|3|1|0|0|0|0|0,5928
Newfoundland and Labrador,SUV,BEV,2048,0|6|16|29|47|73|111|165|238|339|473|643|850|770|684|592|468|374|279|204|136|84|45|24|5|2|0|0|0|0|0,6657
Newfoundland and Labrador,SUV,BEV,2049,0|6|16|30|50|78|117|173|251|359|505|689|912|837|753|660|562|433|335|240|167|106|62|32|16|4|1|0|0|0|0,7394
Newfoundland and Labrador,SUV,BEV,2050,0|6|16|30|52|81|123|182|264|378|533|735|975|899|818|727|627|520|388|288|196|129|78|44|22|11|2|1|0|0|0,8125
Newfoundland and Labrador,SUV,PHEV,2020,0|0|0|0|0|0|0|0|0|0|0|0|0|0|0|0|0|0|0|0|0|0|0|0|0|0|0|0|0|0|0,0
Newfoundland and Labrador,SUV,PHEV,2021,0|0|0|0|0|0|0|0|0|0|0|0|0|0|0|0|0|0|0|0|0|0|0|0|0|0|0|0|0|0|0,0
Newfoundland and Labrador,SUV,PHEV,2022,0|0|0|0|0|0|0|0|0|0|0|0|0|0|0|0|0|0|0|0|0|0|0|0|0|0|0|0|0|0|0,0
Newfoundland and Labrador,SUV,PHEV,2023,0|0|0|0|0|0|0|0|0|0|0|0|0|0|0|0|0|0|0|0|0|0|0|0|0|0|0|0|0|0|0,0
Newfoundland and Labrador,SUV,PHEV,2024,0|0|0|0|0|0|0|0|0|0|0|0|0|0|0|0|0|0|0|0|0|0|0|0|0|0|0|0|0|0|0,0
Newfoundland and Labrador,SUV,PHEV,2025,0|0|0|0|0|0|0|0|0|0|0|0|0|0|0|0|0|0|0|0|0|0|0|0|0|0|0|0|0|0|0,0
Newfoundland and Labrador,SUV,PHEV,2026,0|0|0|0|0|0|0|0|0|0|0|0|0|0|0|0|0|0|0|0|0|0|0|0|0|0|0|0|0|0|0,0
Newfoundland and Labrador,SUV,PHEV,2027,0|0|0|0|0|0|0|0|0|0|0|0|0|0|0|0|0|0|0|0|0|0|0|0|0|0|0|0|0|0|0,0
Newfoundland and Labrador,SUV,PHEV,2028,0|0|0|0|0|0|0|0|0|0|0|0|0|0|0|0|0|0|0|0|0|0|0|0|0|0|0|0|0|0|0,0
Newfoundland and Labrador,SUV,PHEV,2029,0|0|0|0|0|0|0|0|0|0|0|0|0|0|0|0|0|0|0|0|0|0|0|0|0|0|0|0|0|0|0,0
Newfoundland and Labrador,SUV,PHEV,2030,0|0|0|0|0|0|0|0|0|0|0|0|0|0|0|0|0|0|0|0|0|0|0|0|0|0|0|0|0|0|0,0
Newfoundland and Labrador,SUV,PHEV,2031,0|0|0|0|0|0|0|1|1|0|0|0|0|0|0|0|0|0|0|0|0|0|0|0|0|0|0|0|0|0|0,2
Newfoundland and Labrador,SUV,PHEV,2032,0|0|0|0|0|1|1|1|3|2|0|0|0|0|0|0|0|0|0|0|0|0|0|0|0|0|0|0|0|0|0,8
Newfoundland and Labrador,SUV,PHEV,2033,0|0|0|0|0|1|2|2|3|5|4|1|0|0|0|0|0|0|0|0|0|0|0|0|0|0|0|0|0|0|0,18
Newfoundland and Labrador,SUV,PHEV,2034,0|0|0|0|1|1|3|4|4|5|10|6|2|0|0|0|0|0|0|0|0|0|0|0|0|0|0|0|0|0|0,36
Newfoundland and Labrador,SUV,PHEV,2035,0|0|0|1|1|2|3|5|7|7|9|16|10|2|0|0|0|0|0|0|0|0|0|0|0|0|0|0|0|0|0,63
Newfoundland and Labrador,SUV,PHEV,2036,0|0|0|1|2|3|4|5|8|12|12|14|24|10|2|0|0|0|0|0|0|0|0|0|0|0|0|0|0|0|0,97
Newfoundland and Labrador,SUV,PHEV,2037,0|0|0|1|3|4|5|8|10|13|19|19|21|23|9|2|0|0|0|0|0|0|0|0|0|0|0|0|0|0|0,137
Newfoundland and Labrador,SUV,PHEV,2038,0|0|0|1|3|6|8|10|13|17|21|29|29|20|23|9|2|0|0|0|0|0|0|0|0|0|0|0|0|0|0,191
Newfoundland and Labrador,SUV,PHEV,2039,0|0|0|1|3|6|11|13|18|22|27|33|42|28|20|22|9|2|0|0|0|0|0|0|0|0|0|0|0|0|0,257
Newfoundland and Labrador,SUV,PHEV,2040,0|0|0|1|3|6|11|18|22|28|34|42|47|42|27|19|21|8|1|0|0|0|0|0|0|0|0|0|0|0|0,330
Newfoundland and Labrador,SUV,PHEV,2041,0|0|0|1|4|6|11|19|28|34|43|50|61|47|41|27|18|19|7|1|0|0|0|0|0|0|0|0|0|0|0,417
Newfoundland and Labrador,SUV,PHEV,2042,0|0|0|1|4|7|11|19|29|43|54|64|73|60|45|39|25|17|17|6|1|0|0|0|0|0|0|0|0|0|0,515
Newfoundland and Labrador,SUV,PHEV,2043,0|0|0|1|4|7|13|19|29|44|65|80|93|72|59|44|37|23|15|15|5|1|0|0|0|0|0|0|0|0|0,626
Newfoundland and Labrador,SUV,PHEV,2044,0|0|0|2|4|7|13|21|30|46|66|94|116|92|70|57|42|35|21|13|12|4|1|0|0|0|0|0|0|0|0,746
Newfoundland and Labrador,SUV,PHEV,2045,0|0|0|2|5|7|13|21|33|48|70|97|134|114|90|68|54|39|31|18|11|9|3|0|0|0|0|0|0|0|0,867
Newfoundland and Labrador,SUV,PHEV,2046,0|0|0|2|5|9|13|21|33|51|73|103|139|132|112|87|64|50|35|27|15|8|7|2|0|0|0|0|0|0|0,988
Newfoundland and Labrador,SUV,PHEV,2047,0|0|0|2|5|9|15|22|33|51|76|107|147|137|129|108|82|59|45|30|22|11|6|5|1|0|0|0|0|0|0,1102
Newfoundland and Labrador,SUV,PHEV,2048,0|0|0|2|5|9|15|24|35|51|76|111|151|144|134|124|102|76|53|38|24|17|8|4|3|1|0|0|0|0|0,1207
Newfoundland and Labrador,SUV,PHEV,2049,0|0|0|2|5|9|15|24|38|54|76|111|157|149|141|129|118|95|68|46|31|19|12|6|3|2|1|0|0|0|0,1311
Newfoundland and Labrador,SUV,PHEV,2050,0|0|0|2|5|9|15|24|38|57|79|112|157|155|146|136|122|109|85|59|37|24|14|9|4|2|1|0|0|0|0,1401
Northwest Territories,Car,BEV,2020,0|0|0|0|0|0|0|0|0|0|0|0|0|0|0|0|0|0|0|0|0|0|0|0|0|0|0|0|0|0|0,0
Northwest Territories,Car,BEV,2021,0|0|0|0|0|0|0|0|0|0|0|0|0|0|0|0|0|0|0|0|0|0|0|0|0|0|0|0|0|0|0,0
Northwest Territories,Car,BEV,2022,0|0|0|0|0|0|0|0|0|0|0|0|0|0|0|0|0|0|0|0|0|0|0|0|0|0|0|0|0|0|0,0
Northwest Territories,Car,BEV,2023,0|0|0|0|0|0|0|0|0|0|0|0|0|0|0|0|0|0|0|0|0|0|0|0|0|0|0|0|0|0|0,0
Northwest Territories,Car,BEV,2024,0|0|0|0|0|0|0|0|0|0|0|0|0|0|0|0|0|0|0|0|0|0|0|0|0|0|0|0|0|0|0,0
Northwest Territories,Car,BEV,2025,0|0|0|0|0|0|0|0|0|0|0|0|0|0|0|0|0|0|0|0|0|0|0|0|0|0|0|0|0|0|0,0
Northwest Territories,Car,BEV,2026,0|0|0|0|0|0|0|0|0|0|0|0|0|0|0|0|0|0|0|0|0|0|0|0|0|0|0|0|0|0|0,0
Northwest Territories,Car,BEV,2027,0|0|0|0|0|0|0|0|0|0|0|0|0|0|0|0|0|0|0|0|0|0|0|0|0|0|0|0|0|0|0,0
Northwest Territories,Car,BEV,2028,0|0|0|0|0|0|0|0|0|0|0|0|0|0|0|0|0|0|0|0|0|0|0|0|0|0|0|0|0|0|0,0
Northwest Territories,Car,BEV,2029,0|0|0|0|0|0|0|0|0|0|0|0|0|0|0|0|0|0|0|0|0|0|0|0|0|0|0|0|0|0|0,0
Northwest Territories,Car,BEV,2030,0|0|0|0|0|0|0|0|0|0|0|0|0|0|0|0|0|0|0|0|0|0|0|0|0|0|0|0|0|0|0,0
Northwest Territories,Car,BEV,2031,0|0|0|0|0|0|0|0|0|0|0|0|0|0|0|0|0|0|0|0|0|0|0|0|0|0|0|0|0|0|0,0
Northwest Territories,Car,BEV,2032,0|0|0|0|0|0|0|0|0|0|0|0|0|0|0|0|0|0|0|0|0|0|0|0|0|0|0|0|0|0|0,0
Northwest Territories,Car,BEV,2033,0|0|0|0|0|0|0|0|0|0|0|0|0|0|0|0|0|0|0|0|0|0|0|0|0|0|0|0|0|0|0,0
Northwest Territories,Car,BEV,2034,0|0|0|0|0|0|0|0|0|0|0|0|0|0|0|0|0|0|0|0|0|0|0|0|0|0|0|0|0|0|0,0
Northwest Territories,Car,BEV,2035,0|0|0|0|0|0|0|0|0|0|0|0|0|0|0|0|0|0|0|0|0|0|0|0|0|0|0|0|0|0|0,0
Northwest Territories,Car,BEV,2036,0|0|0|0|0|0|0|0|0|0|0|0|0|0|0|0|0|0|0|0|0|0|0|0|0|0|0|0|0|0|0,0
Northwest Territories,Car,BEV,2037,0|0|0|0|0|0|0|0|0|0|0|0|0|0|0|0|0|0|0|0|0|0|0|0|0|0|0|0|0|0|0,0
Northwest Territories,Car,BEV,2038,0|0|0|0|0|0|0|0|0|0|0|0|1|0|0|0|0|0|0|0|0|0|0|0|0|0|0|0|0|0|0,1
Northwest Territories,Car,BEV,2039,0|0|0|0|0|0|0|0|0|0|0|1|1|1|0|0|0|0|0|0|0|0|0|0|0|0|0|0|0|0|0,3
Northwest Territories,Car,BEV,2040,0|0|0|0|0|0|0|0|0|0|1|1|2|1|1|0|0|0|0|0|0|0|0|0|0|0|0|0|0|0|0,6
Northwest Territories,Car,BEV,2041,0|0|0|0|0|0|0|0|0|0|1|2|3|2|1|1|0|0|0|0|0|0|0|0|0|0|0|0|0|0|0,10
Northwest Territories,Car,BEV,2042,0|0|0|0|0|0|0|0|0|1|1|3|4|3|2|1|1|0|0|0|0|0|0|0|0|0|0|0|0|0|0,16
Northwest Territories,Car,BEV,2043,0|0|0|0|0|0|0|0|0|1|2|3|5|4|3|2|1|1|0|0|0|0|0|0|0|0|0|0|0|0|0,22
Northwest Territories,Car,BEV,2044,0|0|0|0|0|0|0|0|0|1|3|4|5|5|4|3|2|1|1|0|0|0|0|0|0|0|0|0|0|0|0,29
Northwest Territories,Car,BEV,2045,0|0|0|0|0|0|0|0|0|1|3|5|6|5|5|4|3|2|1|1|0|0|0|0|0|0|0|0|0|0|0,36
Northwest Territories,Car,BEV,2046,0|0|0|0|0|0|0|0|0|1|3|5|7|6|5|5|3|2|1|1|1|0|0|0|0|0|0|0|0|0|0,40
Northwest Territories,Car,BEV,2047,0|0|0|0|0|0|0|0|0|1|3|5|7|7|6|5|4|3|2|1|1|0|0|0|0|0|0|0|0|0|0,45
Northwest Territories,Car,BEV,2048,0|0|0|0|0|0|0|0|0|1|3|5|7|7|7|5|4|4|3|2|1|0|0|0|0|0|0|0|0|0|0,49
Northwest Territories,Car,BEV,2049,0|0|0|0|0|0|0|0|0|1|3|5|7|7|7|6|5|4|4|2|2|1|0|0|0|0|0|0|0|0|0,54
Northwest Territories,Car,BEV,2050,0|0|0|0|0|0|0|0|1|1|3|5|8|7|7|6|6|5|4|3|2|1|1|0|0|0|0|0|0|0|0,60
Northwest Territories,Car,PHEV,2020,0|0|0|0|0|0|0|0|0|0|0|0|0|0|0|0|0|0|0|0|0|0|0|0|0|0|0|0|0|0|0,0
Northwest Territories,Car,PHEV,2021,0|0|0|0|0|0|0|0|0|0|0|0|0|0|0|0|0|0|0|0|0|0|0|0|0|0|0|0|0|0|0,0
Northwest Territories,Car,PHEV,2022,0|0|0|0|0|0|0|0|0|0|0|0|0|0|0|0|0|0|0|0|0|0|0|0|0|0|0|0|0|0|0,0
Northwest Territories,Car,PHEV,2023,0|0|0|0|0|0|0|0|0|0|0|0|0|0|0|0|0|0|0|0|0|0|0|0|0|0|0|0|0|0|0,0
Northwest Territories,Car,PHEV,2024,0|0|0|0|0|0|0|0|0|0|0|0|0|0|0|0|0|0|0|0|0|0|0|0|0|0|0|0|0|0|0,0
Northwest Territories,Car,PHEV,2025,0|0|0|0|0|0|0|0|0|0|0|0|0|0|0|0|0|0|0|0|0|0|0|0|0|0|0|0|0|0|0,0
Northwest Territories,Car,PHEV,2026,0|0|0|0|0|0|0|0|0|0|0|0|0|0|0|0|0|0|0|0|0|0|0|0|0|0|0|0|0|0|0,0
Northwest Territories,Car,PHEV,2027,0|0|0|0|0|0|0|0|0|0|0|0|0|0|0|0|0|0|0|0|0|0|0|0|0|0|0|0|0|0|0,0
Northwest Territories,Car,PHEV,2028,0|0|0|0|0|0|0|0|0|0|0|0|0|0|0|0|0|0|0|0|0|0|0|0|0|0|0|0|0|0|0,0
Northwest Territories,Car,PHEV,2029,0|0|0|0|0|0|0|0|0|0|0|0|0|0|0|0|0|0|0|0|0|0|0|0|0|0|0|0|0|0|0,0
Northwest Territories,Car,PHEV,2030,0|0|0|0|0|0|0|0|0|0|0|0|0|0|0|0|0|0|0|0|0|0|0|0|0|0|0|0|0|0|0,0
Northwest Territories,Car,PHEV,2031,0|0|0|0|0|0|0|0|0|0|0|0|0|0|0|0|0|0|0|0|0|0|0|0|0|0|0|0|0|0|0,0
Northwest Territories,Car,PHEV,2032,0|0|0|0|0|0|0|0|0|0|0|0|0|0|0|0|0|0|0|0|0|0|0|0|0|0|0|0|0|0|0,0
Northwest Territories,Car,PHEV,2033,0|0|0|0|0|0|0|0|0|0|0|0|0|0|0|0|0|0|0|0|0|0|0|0|0|0|0|0|0|0|0,0
Northwest Territories,Car,PHEV,2034,0|0|0|0|0|0|0|0|0|0|0|0|0|0|0|0|0|0|0|0|0|0|0|0|0|0|0|0|0|0|0,0
Northwest Territories,Car,PHEV,2035,0|0|0|0|0|0|0|0|0|0|0|0|0|0|0|0|0|0|0|0|0|0|0|0|0|0|0|0|0|0|0,0
Northwest Territories,Car,PHEV,2036,0|0|0|0|0|0|0|0|0|0|0|0|0|0|0|0|0|0|0|0|0|0|0|0|0|0|0|0|0|0|0,0
Northwest Territories,Car,PHEV,2037,0|0|0|0|0|0|0|0|0|0|0|0|0|0|0|0|0|0|0|0|0|0|0|0|0|0|0|0|0|0|0,0
Northwest Territories,Car,PHEV,2038,0|0|0|0|0|0|0|0|0|0|0|0|0|0|0|0|0|0|0|0|0|0|0|0|0|0|0|0|0|0|0,0
Northwest Territories,Car,PHEV,2039,0|0|0|0|0|0|0|0|0|0|0|0|0|0|0|0|0|0|0|0|0|0|0|0|0|0|0|0|0|0|0,0
Northwest Territories,Car,PHEV,2040,0|0|0|0|0|0|0|0|0|0|0|0|0|0|0|0|0|0|0|0|0|0|0|0|0|0|0|0|0|0|0,0
Northwest Territories,Car,PHEV,2041,0|0|0|0|0|0|0|0|0|0|0|0|0|0|0|0|0|0|0|0|0|0|0|0|0|0|0|0|0|0|0,0
Northwest Territories,Car,PHEV,2042,0|0|0|0|0|0|0|0|0|0|0|0|0|0|0|0|0|0|0|0|0|0|0|0|0|0|0|0|0|0|0,0
Northwest Territories,Car,PHEV,2043,0|0|0|0|0|0|0|0|0|0|0|0|0|0|0|0|0|0|0|0|0|0|0|0|0|0|0|0|0|0|0,0
Northwest Territories,Car,PHEV,2044,0|0|0|0|0|0|0|0|0|0|0|0|0|0|0|0|0|0|0|0|0|0|0|0|0|0|0|0|0|0|0,0
Northwest Territories,Car,PHEV,2045,0|0|0|0|0|0|0|0|0|0|0|0|0|0|0|0|0|0|0|0|0|0|0|0|0|0|0|0|0|0|0,0
Northwest Territories,Car,PHEV,2046,0|0|0|0|0|0|0|0|0|0|0|0|0|0|0|0|0|0|0|0|0|0|0|0|0|0|0|0|0|0|0,0
Northwest Territories,Car,PHEV,2047,0|0|0|0|0|0|0|0|0|0|0|0|0|0|0|0|0|0|0|0|0|0|0|0|0|0|0|0|0|0|0,0
Northwest Territories,Car,PHEV,2048,0|0|0|0|0|0|0|0|0|0|0|0|0|0|0|0|0|0|0|0|0|0|0|0|0|0|0|0|0|0|0,0
Northwest Territories,Car,PHEV,2049,0|0|0|0|0|0|0|0|0|0|0|0|0|0|0|0|0|0|0|0|0|0|0|0|0|0|0|0|0|0|0,0
Northwest Territories,Car,PHEV,2050,0|0|0|0|0|0|0|0|0|0|0|0|0|0|0|0|0|0|0|0|0|0|0|0|0|0|0|0|0|0|0,0
Northwest Territories,SUV,BEV,2020,0|0|0|0|0|0|0|0|0|0|0|0|0|0|0|0|0|0|0|0|0|0|0|0|0|0|0|0|0|0|0,0
Northwest Territories,SUV,BEV,2021,0|0|0|0|0|0|0|0|0|0|0|0|0|0|0|0|0|0|0|0|0|0|0|0|0|0|0|0|0|0|0,0
Northwest Territories,SUV,BEV,2022,0|0|0|0|0|0|0|0|0|0|0|0|0|0|0|0|0|0|0|0|0|0|0|0|0|0|0|0|0|0|0,0
Northwest Territories,SUV,BEV,2023,0|0|0|0|0|0|0|0|0|0|0|0|0|0|0|0|0|0|0|0|0|0|0|0|0|0|0|0|0|0|0,0
Northwest Territories,SUV,BEV,2024,0|0|0|0|0|0|0|0|0|0|0|0|0|0|0|0|0|0|0|0|0|0|0|0|0|0|0|0|0|0|0,0
Northwest Territories,SUV,BEV,2025,0|0|0|0|0|0|0|0|0|0|0|0|0|0|0|0|0|0|0|0|0|0|0|0|0|0|0|0|0|0|0,0
Northwest Territories,SUV,BEV,2026,0|0|0|0|0|0|0|0|0|0|0|0|0|0|0|0|0|0|0|0|0|0|0|0|0|0|0|0|0|0|0,0
Northwest Territories,SUV,BEV,2027,0|0|0|0|0|0|0|0|0|0|0|0|0|0|0|0|0|0|0|0|0|0|0|0|0|0|0|0|0|0|0,0
Northwest Territories,SUV,BEV,2028,0|0|0|0|0|0|0|0|0|0|0|0|0|0|0|0|0|0|0|0|0|0|0|0|0|0|0|0|0|0|0,0
Northwest Territories,SUV,BEV,2029,0|0|0|0|0|0|0|0|0|0|0|0|0|0|0|0|0|0|0|0|0|0|0|0|0|0|0|0|0|0|0,0
Northwest Territories,SUV,BEV,2030,0|0|0|0|0|0|0|0|0|0|0|0|0|0|0|0|0|0|0|0|0|0|0|0|0|0|0|0|0|0|0,0
Northwest Territories,SUV,BEV,2031,0|0|0|0|0|0|0|0|0|0|0|0|0|0|0|0|0|0|0|0|0|0|0|0|0|0|0|0|0|0|0,0
Northwest Territories,SUV,BEV,2032,0|0|0|0|0|0|0|0|0|0|0|0|0|0|0|0|0|0|0|0|0|0|0|0|0|0|0|0|0|0|0,0
Northwest Territories,SUV,BEV,2033,0|0|0|0|0|0|0|0|0|0|0|0|0|0|0|0|0|0|0|0|0|0|0|0|0|0|0|0|0|0|0,0
Northwest Territories,SUV,BEV,2034,0|0|0|0|0|0|0|0|0|1|0|0|0|0|0|0|0|0|0|0|0|0|0|0|0|0|0|0|0|0|0,1
Northwest Territories,SUV,BEV,2035,0|0|0|0|0|0|0|1|1|1|2|0|0|0|0|0|0|0|0|0|0|0|0|0|0|0|0|0|0|0|0,5
Northwest Territories,SUV,BEV,2036,0|0|0|0|0|0|1|1|3|3|3|4|0|0|0|0|0|0|0|0|0|0|0|0|0|0|0|0|0|0|0,15
Northwest Territories,SUV,BEV,2037,0|0|0|0|0|0|1|2|3|5|5|5|6|0|0|0|0|0|0|0|0|0|0|0|0|0|0|0|0|0|0,27
Northwest Territories,SUV,BEV,2038,0|0|0|0|0|1|1|3|4|5|8|9|9|6|0|0|0|0|0|0|0|0|0|0|0|0|0|0|0|0|0,46
Northwest Territories,SUV,BEV,2039,0|0|0|0|0|1|3|3|5|7|10|13|14|9|6|0|0|0|0|0|0|0|0|0|0|0|0|0|0|0|0,71
Northwest Territories,SUV,BEV,2040,0|0|0|0|0|1|3|5|5|10|12|16|20|14|9|5|0|0|0|0|0|0|0|0|0|0|0|0|0|0|0,100
Northwest Territories,SUV,BEV,2041,0|0|0|0|1|1|3|5|9|10|16|19|24|19|13|8|5|0|0|0|0|0|0|0|0|0|0|0|0|0|0,133
Northwest Territories,SUV,BEV,2042,0|0|0|0|1|2|4|6|10|14|17|25|29|23|19|13|8|5|0|0|0|0|0|0|0|0|0|0|0|0|0,176
Northwest Territories,SUV,BEV,2043,0|0|0|0|1|3|5|7|11|16|22|27|35|28|23|18|12|7|4|0|0|0|0|0|0|0|0|0|0|0|0,219
Northwest Territories,SUV,BEV,2044,0|0|0|0|1|3|6|9|12|19|26|34|39|35|27|22|17|11|6|4|0|0|0|0|0|0|0|0|0|0|0,271
Northwest Territories,SUV,BEV,2045,0|0|0|0|1|4|6|10|14|20|29|39|48|39|34|27|21|16|10|6|3|0|0|0|0|0|0|0|0|0|0,327
Northwest Territories,SUV,BEV,2046,0|0|0|0|1|4|7|10|16|22|30|44|56|47|38|33|25|19|14|9|5|2|0|0|0|0|0|0|0|0|0,382
Northwest Territories,SUV,BEV,2047,0|0|0|0|1|4|7|12|17|25|34|45|63|55|46|37|31|23|17|12|7|4|2|0|0|0|0|0|0|0|0,442
Northwest Territories,SUV,BEV,2048,0|0|0|0|1|4|7|13|19|26|38|51|64|62|54|45|35|29|21|15|10|5|3|1|0|0|0|0|0|0|0,503
Northwest Territories,SUV,BEV,2049,0|0|0|0|2|4|7|13|21|29|39|55|73|63|61|52|43|32|26|18|12|8|4|2|1|0|0|0|0|0|0,565
Northwest Territories,SUV,BEV,2050,0|0|0|0|2|5|7|13|21|31|44|57|80|72|62|59|49|39|29|22|15|9|6|3|1|1|0|0|0|0|0,627
Northwest Territories,SUV,PHEV,2020,0|0|0|0|0|0|0|0|0|0|0|0|0|0|0|0|0|0|0|0|0|0|0|0|0|0|0|0|0|0|0,0
Northwest Territories,SUV,PHEV,2021,0|0|0|0|0|0|0|0|0|0|0|0|0|0|0|0|0|0|0|0|0|0|0|0|0|0|0|0|0|0|0,0
Northwest Territories,SUV,PHEV,2022,0|0|0|0|0|0|0|0|0|0|0|0|0|0|0|0|0|0|0|0|0|0|0|0|0|0|0|0|0|0|0,0
Northwest Territories,SUV,PHEV,2023,0|0|0|0|0|0|0|0|0|0|0|0|0|0|0|0|0|0|0|0|0|0|0|0|0|0|0|0|0|0|0,0
Northwest Territories,SUV,PHEV,2024,0|0|0|0|0|0|0|0|0|0|0|0|0|0|0|0|0|0|0|0|0|0|0|0|0|0|0|0|0|0|0,0
Northwest Territories,SUV,PHEV,2025,0|0|0|0|0|0|0|0|0|0|0|0|0|0|0|0|0|0|0|0|0|0|0|0|0|0|0|0|0|0|0,0
Northwest Territories,SUV,PHEV,2026,0|0|0|0|0|0|0|0|0|0|0|0|0|0|0|0|0|0|0|0|0|0|0|0|0|0|0|0|0|0|0,0
Northwest Territories,SUV,PHEV,2027,0|0|0|0|0|0|0|0|0|0|0|0|0|0|0|0|0|0|0|0|0|0|0|0|0|0|0|0|0|0|0,0
Northwest Territories,SUV,PHEV,2028,0|0|0|0|0|0|0|0|0|0|0|0|0|0|0|0|0|0|0|0|0|0|0|0|0|0|0|0|0|0|0,0
Northwest Territories,SUV,PHEV,2029,0|0|0|0|0|0|0|0|0|0|0|0|0|0|0|0|0|0|0|0|0|0|0|0|0|0|0|0|0|0|0,0
Northwest Territories,SUV,PHEV,2030,0|0|0|0|0|0|0|0|0|0|0|0|0|0|0|0|0|0|0|0|0|0|0|0|0|0|0|0|0|0|0,0
Northwest Territories,SUV,PHEV,2031,0|0|0|0|0|0|0|0|0|0|0|0|0|0|0|0|0|0|0|0|0|0|0|0|0|0|0|0|0|0|0,0
Northwest Territories,SUV,PHEV,2032,0|0|0|0|0|0|0|0|0|0|0|0|0|0|0|0|0|0|0|0|0|0|0|0|0|0|0|0|0|0|0,0
Northwest Territories,SUV,PHEV,2033,0|0|0|0|0|0|0|0|0|0|0|0|0|0|0|0|0|0|0|0|0|0|0|0|0|0|0|0|0|0|0,0
Northwest Territories,SUV,PHEV,2034,0|0|0|0|0|0|0|0|0|0|0|0|0|0|0|0|0|0|0|0|0|0|0|0|0|0|0|0|0|0|0,0
Northwest Territories,SUV,PHEV,2035,0|0|0|0|0|0|0|0|0|0|0|0|0|0|0|0|0|0|0|0|0|0|0|0|0|0|0|0|0|0|0,0
Northwest Territories,SUV,PHEV,2036,0|0|0|0|0|0|0|0|0|0|0|0|0|0|0|0|0|0|0|0|0|0|0|0|0|0|0|0|0|0|0,0
Northwest Territories,SUV,PHEV,2037,0|0|0|0|0|0|0|0|0|0|0|0|0|0|0|0|0|0|0|0|0|0|0|0|0|0|0|0|0|0|0,0
Northwest Territories,SUV,PHEV,2038,0|0|0|0|0|0|0|0|0|0|0|0|0|0|0|0|0|0|0|0|0|0|0|0|0|0|0|0|0|0|0,0
Northwest Territories,SUV,PHEV,2039,0|0|0|0|0|0|0|0|0|0|0|0|1|0|0|0|0|0|0|0|0|0|0|0|0|0|0|0|0|0|0,1
Northwest Territories,SUV,PHEV,2040,0|0|0|0|0|0|0|0|0|0|1|1|1|1|0|0|0|0|0|0|0|0|0|0|0|0|0|0|0|0|0,4
Northwest Territories,SUV,PHEV,2041,0|0|0|0|0|0|0|0|0|1|1|2|3|1|1|0|0|0|0|0|0|0|0|0|0|0|0|0|0|0|0,9
Northwest Territories,SUV,PHEV,2042,0|0|0|0|0|0|0|0|0|1|2|3|4|3|1|1|0|0|0|0|0|0|0|0|0|0|0|0|0|0|0,15
Northwest Territories,SUV,PHEV,2043,0|0|0|0|0|0|0|0|0|1|3|4|5|4|3|1|1|0|0|0|0|0|0|0|0|0|0|0|0|0|0,22
Northwest Territories,SUV,PHEV,2044,0|0|0|0|0|0|0|0|0|1|3|5|6|5|4|3|1|1|0|0|0|0|0|0|0|0|0|0|0|0|0,29
Northwest Territories,SUV,PHEV,2045,0|0|0|0|0|0|0|0|0|1|3|5|7|6|5|4|3|1|1|0|0|0|0|0|0|0|0|0|0|0|0,36
Northwest Territories,SUV,PHEV,2046,0|0|0|0|0|0|0|0|0|1|3|5|8|7|6|5|3|2|1|1|0|0|0|0|0|0|0|0|0|0|0,42
Northwest Territories,SUV,PHEV,2047,0|0|0|0|0|0|0|0|0|1|3|5|9|8|7|5|4|3|2|1|1|0|0|0|0|0|0|0|0|0|0,49
Northwest Territories,SUV,PHEV,2048,0|0|0|0|0|0|0|0|1|1|3|5|9|9|8|6|5|4|3|2|1|0|0|0|0|0|0|0|0|0|0,57
Northwest Territories,SUV,PHEV,2049,0|0|0|0|0|0|0|0|1|2|3|5|9|9|9|7|6|5|4|2|2|0|0|0|0|0|0|0|0|0|0,64
Northwest Territories,SUV,PHEV,2050,0|0|0|0|0|0|0|0|1|2|4|5|9|9|9|8|7|6|4|3|2|1|0|0|0|0|0|0|0|0|0,70
Nova Scotia,Car,BEV,2020,0|0|0|0|0|0|0|0|0|0|0|0|0|0|0|0|0|0|0|0|0|0|0|0|0|0|0|0|0|0|0,0
Nova Scotia,Car,BEV,2021,0|0|0|0|0|0|0|0|0|0|0|0|0|0|0|0|0|0|0|0|0|0|0|0|0|0|0|0|0|0|0,0
Nova Scotia,Car,BEV,2022,0|0|0|0|0|0|0|0|0|0|0|0|0|0|0|0|0|0|0|0|0|0|0|0|0|0|0|0|0|0|0,0
Nova Scotia,Car,BEV,2023,0|0|0|0|0|0|0|0|0|0|0|0|0|0|0|0|0|0|0|0|0|0|0|0|0|0|0|0|0|0|0,0
Nova Scotia,Car,BEV,2024,0|0|0|0|0|0|0|0|0|0|0|0|0|0|0|0|0|0|0|0|0|0|0|0|0|0|0|0|0|0|0,0
Nova Scotia,Car,BEV,2025,0|0|0|0|0|0|0|0|0|0|0|0|0|0|0|0|0|0|0|0|0|0|0|0|0|0|0|0|0|0|0,0
Nova Scotia,Car,BEV,2026,0|0|0|0|0|0|0|0|0|0|0|0|0|0|0|0|0|0|0|0|0|0|0|0|0|0|0|0|0|0|0,0
Nova Scotia,Car,BEV,2027,0|0|0|0|0|0|0|0|0|0|0|0|0|0|0|0|0|0|0|0|0|0|0|0|0|0|0|0|0|0|0,0
Nova Scotia,Car,BEV,2028,0|1|1|1|0|1|1|0|0|0|0|0|0|0|0|0|0|0|0|0|0|0|0|0|0|0|0|0|0|0|0,5
Nova Scotia,Car,BEV,2029,0|1|3|3|3|1|3|3|1|1|1|1|0|0|0|0|0|0|0|0|0|0|0|0|0|0|0|0|0|0|0,21
Nova Scotia,Car,BEV,2030,0|2|3|5|5|6|3|5|5|3|3|2|2|0|0|0|0|0|0|0|0|0|0|0|0|0|0|0|0|0|0,44
Nova Scotia,Car,BEV,2031,0|2|4|5|10|10|11|6|10|10|5|5|4|2|0|0|0|0|0|0|0|0|0|0|0|0|0|0|0|0|0,84
Nova Scotia,Car,BEV,2032,0|2|4|8|10|16|17|18|11|17|17|10|7|4|2|0|0|0|0|0|0|0|0|0|0|0|0|0|0|0|0,143
Nova Scotia,Car,BEV,2033,0|2|4|9|14|18|26|28|30|18|27|27|16|7|4|2|0|0|0|0|0|0|0|0|0|0|0|0|0|0|0,232
Nova Scotia,Car,BEV,2034,0|2|6|9|16|24|30|41|45|49|30|41|38|16|7|4|2|0|0|0|0|0|0|0|0|0|0|0|0|0|0,360
Nova Scotia,Car,BEV,2035,0|3|6|11|17|26|39|50|64|70|76|47|60|38|15|6|3|2|0|0|0|0|0|0|0|0|0|0|0|0|0,533
Nova Scotia,Car,BEV,2036,0|3|7|12|20|29|43|61|80|98|107|114|68|59|37|15|6|3|1|0|0|0|0|0|0|0|0|0|0|0|0,763
Nova Scotia,Car,BEV,2037,0|3|8|14|22|33|48|69|95|124|148|160|165|67|58|36|14|6|3|1|0|0|0|0|0|0|0|0|0|0|0,1074
Nova Scotia,Car,BEV,2038,0|3|9|16|24|37|53|78|108|147|190|220|231|163|65|56|34|13|5|2|1|0|0|0|0|0|0|0|0|0|0,1455
Nova Scotia,Car,BEV,2039,0|4|9|17|27|40|60|85|122|166|225|282|315|228|159|63|53|31|12|4|2|1|0|0|0|0|0|0|0|0|0,1905
Nova Scotia,Car,BEV,2040,0|4|10|18|29|44|66|95|134|187|252|332|406|310|223|154|60|49|28|10|4|2|1|0|0|0|0|0|0|0|0,2418
Nova Scotia,Car,BEV,2041,0|4|10|20|31|49|70|104|150|205|283|373|477|400|303|215|146|55|44|24|8|3|1|0|0|0|0|0|0|0|0,2975
Nova Scotia,Car,BEV,2042,0|4|11|20|34|51|77|111|162|231|310|419|535|470|391|293|204|135|50|38|20|6|2|1|0|0|0|0|0|0|0,3575
Nova Scotia,Car,BEV,2043,0|5|11|21|36|55|82|121|172|247|349|457|600|527|459|378|278|189|121|43|31|15|5|1|1|0|0|0|0|0|0,4204
Nova Scotia,Car,BEV,2044,0|5|12|21|37|59|87|128|186|261|371|515|653|591|515|444|359|257|169|104|35|24|11|3|1|0|0|0|0|0|0,4848
Nova Scotia,Car,BEV,2045,0|5|13|23|37|62|94|135|194|281|390|543|737|643|578|498|421|332|230|145|85|27|18|8|2|1|0|0|0|0|0,5502
Nova Scotia,Car,BEV,2046,0|6|13|26|41|62|98|146|205|293|416|571|774|726|629|558|472|390|297|198|119|66|20|13|6|2|0|0|0|0|0,6147
Nova Scotia,Car,BEV,2047,0|6|14|26|45|69|101|153|220|308|433|604|810|763|709|607|529|437|349|255|162|92|49|14|9|4|1|0|0|0|0,6769
Nova Scotia,Car,BEV,2048,0|6|15|27|45|73|110|159|231|329|454|627|852|798|745|685|576|490|391|299|208|126|68|35|10|6|2|1|0|0|0,7368
Nova Scotia,Car,BEV,2049,0|6|15|28|46|74|115|171|242|346|483|656|884|840|780|720|650|533|439|336|245|162|93|48|24|7|4|2|0|0|0,7949
Nova Scotia,Car,BEV,2050,0|6|15|28|48|76|119|179|258|361|508|694|922|871|821|754|683|602|477|377|275|190|120|66|33|16|4|2|1|0|0,8506
Nova Scotia,Car,PHEV,2020,0|0|0|0|0|0|0|0|0|0|0|0|0|0|0|0|0|0|0|0|0|0|0|0|0|0|0|0|0|0|0,0
Nova Scotia,Car,PHEV,2021,0|0|0|0|0|0|0|0|0|0|0|0|0|0|0|0|0|0|0|0|0|0|0|0|0|0|0|0|0|0|0,0
Nova Scotia,Car,PHEV,2022,0|0|0|0|0|0|0|0|0|0|0|0|0|0|0|0|0|0|0|0|0|0|0|0|0|0|0|0|0|0|0,0
Nova Scotia,Car,PHEV,2023,0|0|0|0|0|0|0|0|0|0|0|0|0|0|0|0|0|0|0|0|0|0|0|0|0|0|0|0|0|0|0,0
Nova Scotia,Car,PHEV,2024,0|0|0|0|0|0|0|0|0|0|0|0|0|0|0|0|0|0|0|0|0|0|0|0|0|0|0|0|0|0|0,0
Nova Scotia,Car,PHEV,2025,0|0|0|0|0|0|0|0|0|0|0|0|0|0|0|0|0|0|0|0|0|0|0|0|0|0|0|0|0|0|0,0
Nova Scotia,Car,PHEV,2026,0|0|0|0|0|0|0|0|1|0|0|0|0|0|0|0|0|0|0|0|0|0|0|0|0|0|0|0|0|0|0,1
Nova Scotia,Car,PHEV,2027,0|0|0|0|0|0|0|0|0|2|1|1|0|0|0|0|0|0|0|0|0|0|0|0|0|0|0|0|0|0|0,4
Nova Scotia,Car,PHEV,2028,0|0|0|0|0|0|0|0|0|1|4|3|2|0|0|0|0|0|0|0|0|0|0|0|0|0|0|0|0|0|0,10
Nova Scotia,Car,PHEV,2029,0|0|0|0|0|0|0|0|1|0|2|6|5|2|0|0|0|0|0|0|0|0|0|0|0|0|0|0|0|0|0,16
Nova Scotia,Car,PHEV,2030,0|0|0|0|0|0|0|0|0|2|0|4|10|5|2|0|0|0|0|0|0|0|0|0|0|0|0|0|0|0|0,23
Nova Scotia,Car,PHEV,2031,0|0|0|0|0|1|1|1|1|1|4|1|6|10|5|2|0|0|0|0|0|0|0|0|0|0|0|0|0|0|0,33
Nova Scotia,Car,PHEV,2032,0|0|0|0|1|1|2|3|3|3|3|6|3|6|9|5|2|0|0|0|0|0|0|0|0|0|0|0|0|0|0,47
Nova Scotia,Car,PHEV,2033,0|0|0|0|1|3|3|4|5|5|5|5|10|3|6|9|4|2|0|0|0|0|0|0|0|0|0|0|0|0|0,65
Nova Scotia,Car,PHEV,2034,0|0|0|1|1|3|6|7|8|9|9|10|9|10|3|5|9|4|1|0|0|0|0|0|0|0|0|0|0|0|0,95
Nova Scotia,Car,PHEV,2035,0|0|0|1|3|3|6|10|12|13|14|14|15|9|9|3|5|8|4|1|0|0|0|0|0|0|0|0|0|0|0,130
Nova Scotia,Car,PHEV,2036,0|0|0|1|3|5|6|11|15|20|21|22|21|15|9|9|3|5|7|3|1|0|0|0|0|0|0|0|0|0|0,177
Nova Scotia,Car,PHEV,2037,0|0|0|1|3|6|9|11|19|24|32|32|31|20|14|8|9|2|4|6|3|1|0|0|0|0|0|0|0|0|0,235
Nova Scotia,Car,PHEV,2038,0|0|0|1|3|6|11|15|19|30|36|48|46|31|20|14|8|8|2|4|5|2|1|0|0|0|0|0|0|0|0,310
Nova Scotia,Car,PHEV,2039,0|0|0|1|3|6|11|19|25|31|46|53|69|46|30|19|13|7|7|2|3|4|1|0|0|0|0|0|0|0|0,396
Nova Scotia,Car,PHEV,2040,0|0|0|1|4|6|11|19|29|40|48|67|77|68|45|29|18|12|6|6|2|2|3|1|0|0|0|0|0|0|0,494
Nova Scotia,Car,PHEV,2041,0|0|0|2|4|7|11|19|30|45|60|71|96|76|66|43|28|17|11|6|5|1|2|2|1|0|0|0|0|0|0,603
Nova Scotia,Car,PHEV,2042,0|0|0|2|5|7|13|19|30|48|68|89|102|95|74|64|41|26|15|9|5|4|1|1|1|0|0|0|0|0|0,719
Nova Scotia,Car,PHEV,2043,0|0|0|2|5|8|13|21|30|48|73|100|128|101|93|71|61|38|23|13|8|4|3|1|1|1|0|0|0|0|0,846
Nova Scotia,Car,PHEV,2044,0|0|0|2|5|9|14|21|32|48|73|107|143|126|99|90|68|56|34|20|11|6|3|2|0|1|1|0|0|0|0,971
Nova Scotia,Car,PHEV,2045,0|0|0|2|5|9|15|22|32|49|73|107|152|140|123|95|85|63|50|29|16|8|4|2|1|0|0|0|0|0|0,1082
Nova Scotia,Car,PHEV,2046,0|0|0|2|5|9|15|24|34|49|73|107|152|150|137|119|90|79|56|43|24|13|6|3|1|1|0|0|0|0|0,1192
Nova Scotia,Car,PHEV,2047,0|0|0|2|5|9|15|24|36|50|74|106|152|150|147|133|113|84|70|48|35|18|9|4|2|1|1|0|0|0|0,1288
Nova Scotia,Car,PHEV,2048,0|0|0|2|5|9|15|24|36|53|74|106|149|150|147|142|126|104|75|60|39|27|14|7|3|1|1|0|0|0|0,1369
Nova Scotia,Car,PHEV,2049,0|0|0|2|5|9|15|24|36|53|76|106|149|147|147|142|135|116|93|64|49|31|20|10|5|2|1|0|0|0|0,1437
Nova Scotia,Car,PHEV,2050,0|0|0|2|5|9|15|24|36|54|76|110|149|147|144|142|135|125|104|80|53|38|23|14|7|3|1|1|0|0|0,1497
Nova Scotia,SUV,BEV,2020,0|0|0|0|0|0|0|0|0|0|0|0|0|0|0|0|0|0|0|0|0|0|0|0|0|0|0|0|0|0|0,0
Nova Scotia,SUV,BEV,2021,0|0|0|0|0|0|0|0|0|0|0|0|0|0|0|0|0|0|0|0|0|0|0|0|0|0|0|0|0|0|0,0
Nova Scotia,SUV,BEV,2022,0|0|0|0|0|0|0|0|0|0|0|0|0|0|0|0|0|0|0|0|0|0|0|0|0|0|0|0|0|0|0,0
Nova Scotia,SUV,BEV,2023,0|0|0|0|0|0|0|0|0|0|0|0|0|0|0|0|0|0|0|0|0|0|0|0|0|0|0|0|0|0|0,0
Nova Scotia,SUV,BEV,2024,0|0|0|0|0|0|0|0|0|0|0|0|0|0|0|0|0|0|0|0|0|0|0|0|0|0|0|0|0|0|0,0
Nova Scotia,SUV,BEV,2025,0|0|0|0|0|0|0|0|0|0|0|0|0|0|0|0|0|0|0|0|0|0|0|0|0|0|0|0|0|0|0,0
Nova Scotia,SUV,BEV,2026,0|0|0|0|0|0|0|0|0|0|0|0|0|0|0|0|0|0|0|0|0|0|0|0|0|0|0|0|0|0|0,0
Nova Scotia,SUV,BEV,2027,0|0|0|0|0|0|0|0|0|0|0|0|0|0|0|0|0|0|0|0|0|0|0|0|0|0|0|0|0|0|0,0
Nova Scotia,SUV,BEV,2028,0|1|1|1|1|1|0|0|0|0|0|0|0|0|0|0|0|0|0|0|0|0|0|0|0|0|0|0|0|0|0,5
Nova Scotia,SUV,BEV,2029,0|2|3|3|3|3|3|1|0|0|0|0|0|0|0|0|0|0|0|0|0|0|0|0|0|0|0|0|0|0|0,18
Nova Scotia,SUV,BEV,2030,0|2|4|5|5|6|5|5|3|1|0|0|0|0|0|0|0|0|0|0|0|0|0|0|0|0|0|0|0|0|0,36
Nova Scotia,SUV,BEV,2031,0|2|4|8|10|10|11|10|10|5|2|0|0|0|0|0|0|0|0|0|0|0|0|0|0|0|0|0|0|0|0,72
Nova Scotia,SUV,BEV,2032,0|2|5|9|14|17|17|19|17|17|10|4|0|0|0|0|0|0|0|0|0|0|0|0|0|0|0|0|0|0|0,131
Nova Scotia,SUV,BEV,2033,0|2|6|10|16|24|28|29|31|28|27|16|6|0|0|0|0|0|0|0|0|0|0|0|0|0|0|0|0|0|0,223
Nova Scotia,SUV,BEV,2034,0|4|7|12|19|27|38|45|46|50|45|41|25|6|0|0|0|0|0|0|0|0|0|0|0|0|0|0|0|0|0,365
Nova Scotia,SUV,BEV,2035,0|4|9|14|22|31|44|60|69|73|77|67|59|24|6|0|0|0|0|0|0|0|0|0|0|0|0|0|0|0|0,559
Nova Scotia,SUV,BEV,2036,0|5|10|18|25|37|51|71|94|107|111|116|98|58|24|5|0|0|0|0|0|0|0|0|0|0|0|0|0|0|0,830
Nova Scotia,SUV,BEV,2037,0|5|12|20|31|42|60|83|112|144|162|166|168|97|57|23|5|0|0|0|0|0|0|0|0|0|0|0|0|0|0,1187
Nova Scotia,SUV,BEV,2038,0|6|13|22|35|51|69|96|130|172|220|239|240|166|95|55|22|5|0|0|0|0|0|0|0|0|0|0|0|0|0,1636
Nova Scotia,SUV,BEV,2039,0|6|14|25|39|58|83|111|152|200|261|325|344|236|162|92|52|20|4|0|0|0|0|0|0|0|0|0|0|0|0,2184
Nova Scotia,SUV,BEV,2040,0|6|15|28|44|65|94|133|175|234|304|388|465|339|231|156|87|48|18|4|0|0|0|0|0|0|0|0|0|0|0,2834
Nova Scotia,SUV,BEV,2041,0|6|17|29|49|73|105|150|208|270|355|451|557|458|332|223|148|80|43|15|3|0|0|0|0|0|0|0|0|0|0,3572
Nova Scotia,SUV,BEV,2042,0|8|17|32|52|81|118|167|233|322|408|525|647|548|448|320|212|137|72|37|13|2|0|0|0|0|0|0|0|0|0,4399
Nova Scotia,SUV,BEV,2043,0|8|20|35|57|86|130|186|259|358|488|604|754|638|536|433|304|196|123|62|30|10|2|0|0|0|0|0|0|0|0,5319
Nova Scotia,SUV,BEV,2044,0|8|20|38|61|95|139|204|286|396|540|720|864|743|623|518|411|281|175|106|50|24|7|1|0|0|0|0|0|0|0,6310
Nova Scotia,SUV,BEV,2045,0|10|21|39|65|101|151|219|313|436|596|796|1031|852|726|602|491|380|252|151|86|39|17|5|1|0|0|0|0|0|0,7380
Nova Scotia,SUV,BEV,2046,0|10|23|42|68|108|161|237|337|476|652|875|1136|1015|833|702|571|455|340|216|123|67|29|12|4|1|0|0|0|0|0,8493
Nova Scotia,SUV,BEV,2047,0|10|24|44|73|113|172|252|364|511|709|955|1246|1119|993|804|666|529|407|292|177|96|50|21|8|2|0|0|0|0|0,9637
Nova Scotia,SUV,BEV,2048,0|10|25|46|76|120|180|268|385|550|761|1034|1356|1228|1094|959|763|616|473|349|239|137|71|35|14|6|2|0|0|0|0,10797
Nova Scotia,SUV,BEV,2049,0|10|25|47|79|125|190|281|409|581|816|1108|1465|1336|1200|1056|910|706|552|406|286|186|102|50|24|9|4|1|0|0|0,11964
Nova Scotia,SUV,BEV,2050,0|10|26|48|82|130|199|295|429|614|860|1186|1567|1444|1306|1159|1002|842|632|473|332|222|137|72|35|16|6|2|1|0|0,13127
Nova Scotia,SUV,PHEV,2020,0|0|0|0|0|0|0|0|0|0|0|0|0|0|0|0|0|0|0|0|0|0|0|0|0|0|0|0|0|0|0,0
Nova Scotia,SUV,PHEV,2021,0|0|0|0|0|0|0|0|0|0|0|0|0|0|0|0|0|0|0|0|0|0|0|0|0|0|0|0|0|0|0,0
Nova Scotia,SUV,PHEV,2022,0|0|0|0|0|0|0|0|0|0|0|0|0|0|0|0|0|0|0|0|0|0|0|0|0|0|0|0|0|0|0,0
Nova Scotia,SUV,PHEV,2023,0|0|0|0|0|0|0|0|0|0|0|0|0|0|0|0|0|0|0|0|0|0|0|0|0|0|0|0|0|0|0,0
Nova Scotia,SUV,PHEV,2024,0|0|0|0|0|0|0|0|0|0|0|0|0|0|0|0|0|0|0|0|0|0|0|0|0|0|0|0|0|0|0,0
Nova Scotia,SUV,PHEV,2025,0|0|0|0|0|0|0|0|0|0|0|0|0|0|0|0|0|0|0|0|0|0|0|0|0|0|0|0|0|0|0,0
Nova Scotia,SUV,PHEV,2026,0|0|0|0|0|0|0|0|0|0|0|0|0|0|0|0|0|0|0|0|0|0|0|0|0|0|0|0|0|0|0,0
Nova Scotia,SUV,PHEV,2027,0|0|0|0|0|0|0|0|0|0|0|0|0|0|0|0|0|0|0|0|0|0|0|0|0|0|0|0|0|0|0,0
Nova Scotia,SUV,PHEV,2028,0|0|0|0|0|0|0|0|0|0|0|0|0|0|0|0|0|0|0|0|0|0|0|0|0|0|0|0|0|0|0,0
Nova Scotia,SUV,PHEV,2029,0|0|0|0|0|1|1|0|0|0|0|0|0|0|0|0|0|0|0|0|0|0|0|0|0|0|0|0|0|0|0,2
Nova Scotia,SUV,PHEV,2030,0|0|0|0|0|0|3|2|0|0|0|0|0|0|0|0|0|0|0|0|0|0|0|0|0|0|0|0|0|0|0,5
Nova Scotia,SUV,PHEV,2031,0|0|0|0|1|1|1|5|4|1|1|0|0|0|0|0|0|0|0|0|0|0|0|0|0|0|0|0|0|0|0,14
Nova Scotia,SUV,PHEV,2032,0|0|0|1|1|2|2|3|10|6|3|3|0|0|0|0|0|0|0|0|0|0|0|0|0|0|0|0|0|0|0,31
Nova Scotia,SUV,PHEV,2033,0|0|0|1|2|3|4|4|5|17|11|5|5|0|0|0|0|0|0|0|0|0|0|0|0|0|0|0|0|0|0,57
Nova Scotia,SUV,PHEV,2034,0|0|1|1|3|4|5|8|7|9|28|18|9|5|0|0|0|0|0|0|0|0|0|0|0|0|0|0|0|0|0,98
Nova Scotia,SUV,PHEV,2035,0|0|1|3|3|5|8|10|13|12|14|43|28|9|5|0|0|0|0|0|0|0|0|0|0|0|0|0|0|0|0,154
Nova Scotia,SUV,PHEV,2036,0|0|1|3|5|6|9|13|16|22|20|22|63|27|9|5|0|0|0|0|0|0|0|0|0|0|0|0|0|0|0,221
Nova Scotia,SUV,PHEV,2037,0|0|1|3|6|9|11|15|22|26|34|32|31|62|27|8|4|0|0|0|0|0|0|0|0|0|0|0|0|0|0,291
Nova Scotia,SUV,PHEV,2038,0|0|1|3|6|11|16|19|25|34|40|50|46|31|61|26|8|4|0|0|0|0|0|0|0|0|0|0|0|0|0,381
Nova Scotia,SUV,PHEV,2039,0|0|1|3|6|11|19|26|31|40|53|59|74|46|30|59|24|7|4|0|0|0|0|0|0|0|0|0|0|0|0,493
Nova Scotia,SUV,PHEV,2040,0|0|1|4|6|11|19|29|41|49|61|79|86|73|45|29|56|23|6|3|0|0|0|0|0|0|0|0|0|0|0,621
Nova Scotia,SUV,PHEV,2041,0|0|1|4|7|11|19|30|45|62|75|90|113|84|71|43|28|51|20|6|3|0|0|0|0|0|0|0|0|0|0,763
Nova Scotia,SUV,PHEV,2042,0|0|2|4|7|13|19|31|48|69|92|111|129|111|82|69|41|26|46|17|5|2|0|0|0|0|0|0|0|0|0,924
Nova Scotia,SUV,PHEV,2043,0|0|2|5|7|13|21|31|49|73|103|136|159|127|109|80|65|38|23|40|14|4|1|0|0|0|0|0|0|0|0,1100
Nova Scotia,SUV,PHEV,2044,0|0|2|5|9|13|21|34|49|75|110|152|193|157|124|105|76|60|34|20|32|11|3|1|0|0|0|0|0|0|0,1286
Nova Scotia,SUV,PHEV,2045,0|0|2|5|9|15|22|35|52|76|112|161|217|190|153|120|100|70|54|29|16|25|8|2|1|0|0|0|0|0|0,1474
Nova Scotia,SUV,PHEV,2046,0|0|2|5|9|15|24|36|54|80|114|164|229|214|186|148|114|92|63|46|24|13|19|6|1|0|0|0|0|0|0,1658
Nova Scotia,SUV,PHEV,2047,0|0|2|5|9|16|24|38|56|83|119|168|234|226|209|179|141|105|83|54|38|18|9|13|4|1|0|0|0|0|0,1834
Nova Scotia,SUV,PHEV,2048,0|0|2|5|9|16|26|38|59|85|123|174|240|231|221|202|170|130|94|71|44|29|14|7|9|3|1|0|0|0|0,2003
Nova Scotia,SUV,PHEV,2049,0|0|2|5|9|16|26|41|59|89|126|180|247|236|225|213|192|157|117|81|58|34|22|10|5|6|2|0|0|0|0,2158
Nova Scotia,SUV,PHEV,2050,0|0|2|5|9|16|26|41|62|89|130|183|256|243|231|218|202|178|141|100|66|45|25|15|7|3|4|1|0|0|0,2298
Nunavut,Car,BEV,2020,0|0|0|0|0|0|0|0|0|0|0|0|0|0|0|0|0|0|0|0|0|0|0|0|0|0|0|0|0|0|0,0
Nunavut,Car,BEV,2021,0|0|0|0|0|0|0|0|0|0|0|0|0|0|0|0|0|0|0|0|0|0|0|0|0|0|0|0|0|0|0,0
Nunavut,Car,BEV,2022,0|0|0|0|0|0|0|0|0|0|0|0|0|0|0|0|0|0|0|0|0|0|0|0|0|0|0|0|0|0|0,0
Nunavut,Car,BEV,2023,0|0|0|0|0|0|0|0|0|0|0|0|0|0|0|0|0|0|0|0|0|0|0|0|0|0|0|0|0|0|0,0
Nunavut,Car,BEV,2024,0|0|0|0|0|0|0|0|0|0|0|0|0|0|0|0|0|0|0|0|0|0|0|0|0|0|0|0|0|0|0,0
Nunavut,Car,BEV,2025,0|0|0|0|0|0|0|0|0|0|0|0|0|0|0|0|0|0|0|0|0|0|0|0|0|0|0|0|0|0|0,0
Nunavut,Car,BEV,2026,0|0|0|0|0|0|0|0|0|0|0|0|0|0|0|0|0|0|0|0|0|0|0|0|0|0|0|0|0|0|0,0
Nunavut,Car,BEV,2027,0|0|0|0|0|0|0|0|0|0|0|0|0|0|0|0|0|0|0|0|0|0|0|0|0|0|0|0|0|0|0,0
Nunavut,Car,BEV,2028,0|0|0|0|0|0|0|0|0|0|0|0|0|0|0|0|0|0|0|0|0|0|0|0|0|0|0|0|0|0|0,0
Nunavut,Car,BEV,2029,0|0|0|0|0|0|0|0|0|0|0|0|0|0|0|0|0|0|0|0|0|0|0|0|0|0|0|0|0|0|0,0
Nunavut,Car,BEV,2030,0|0|0|0|0|0|0|0|0|0|0|0|0|0|0|0|0|0|0|0|0|0|0|0|0|0|0|0|0|0|0,0
Nunavut,Car,BEV,2031,0|0|0|0|0|0|0|0|0|0|0|0|0|0|0|0|0|0|0|0|0|0|0|0|0|0|0|0|0|0|0,0
Nunavut,Car,BEV,2032,0|0|0|0|0|0|0|0|0|0|0|0|0|0|0|0|0|0|0|0|0|0|0|0|0|0|0|0|0|0|0,0
Nunavut,Car,BEV,2033,0|0|0|0|0|0|0|0|0|0|0|0|0|0|0|0|0|0|0|0|0|0|0|0|0|0|0|0|0|0|0,0
Nunavut,Car,BEV,2034,0|0|0|0|0|0|0|0|0|0|0|0|0|0|0|0|0|0|0|0|0|0|0|0|0|0|0|0|0|0|0,0
Nunavut,Car,BEV,2035,0|0|0|0|0|0|0|0|0|0|0|0|0|0|0|0|0|0|0|0|0|0|0|0|0|0|0|0|0|0|0,0
Nunavut,Car,BEV,2036,0|0|0|0|0|0|0|0|0|0|0|0|0|0|0|0|0|0|0|0|0|0|0|0|0|0|0|0|0|0|0,0
Nunavut,Car,BEV,2037,0|0|0|0|0|0|0|0|0|0|0|0|0|0|0|0|0|0|0|0|0|0|0|0|0|0|0|0|0|0|0,0
Nunavut,Car,BEV,2038,0|0|0|0|0|0|0|0|0|0|0|0|0|0|0|0|0|0|0|0|0|0|0|0|0|0|0|0|0|0|0,0
Nunavut,Car,BEV,2039,0|0|0|0|0|0|0|0|0|0|0|0|0|0|0|0|0|0|0|0|0|0|0|0|0|0|0|0|0|0|0,0
Nunavut,Car,BEV,2040,0|0|0|0|0|0|0|0|0|0|0|0|0|0|0|0|0|0|0|0|0|0|0|0|0|0|0|0|0|0|0,0
Nunavut,Car,BEV,2041,0|0|0|0|0|0|0|0|0|0|0|0|0|0|0|0|0|0|0|0|0|0|0|0|0|0|0|0|0|0|0,0
Nunavut,Car,BEV,2042,0|0|0|0|0|0|0|0|0|0|0|0|0|0|0|0|0|0|0|0|0|0|0|0|0|0|0|0|0|0|0,0
Nunavut,Car,BEV,2043,0|0|0|0|0|0|0|0|0|0|0|0|0|0|0|0|0|0|0|0|0|0|0|0|0|0|0|0|0|0|0,0
Nunavut,Car,BEV,2044,0|0|0|0|0|0|0|0|0|0|0|0|0|0|0|0|0|0|0|0|0|0|0|0|0|0|0|0|0|0|0,0
Nunavut,Car,BEV,2045,0|0|0|0|0|0|0|0|0|0|0|0|0|0|0|0|0|0|0|0|0|0|0|0|0|0|0|0|0|0|0,0
Nunavut,Car,BEV,2046,0|0|0|0|0|0|0|0|0|0|0|0|0|0|0|0|0|0|0|0|0|0|0|0|0|0|0|0|0|0|0,0
Nunavut,Car,BEV,2047,0|0|0|0|0|0|0|0|0|0|0|0|0|0|0|0|0|0|0|0|0|0|0|0|0|0|0|0|0|0|0,0
Nunavut,Car,BEV,2048,0|0|0|0|0|0|0|0|0|0|0|0|0|0|0|0|0|0|0|0|0|0|0|0|0|0|0|0|0|0|0,0
Nunavut,Car,BEV,2049,0|0|0|0|0|0|0|0|0|0|0|0|0|0|0|0|0|0|0|0|0|0|0|0|0|0|0|0|0|0|0,0
Nunavut,Car,BEV,2050,0|0|0|0|0|0|0|0|0|0|0|0|0|0|0|0|0|0|0|0|0|0|0|0|0|0|0|0|0|0|0,0
Nunavut,Car,PHEV,2020,0|0|0|0|0|0|0|0|0|0|0|0|0|0|0|0|0|0|0|0|0|0|0|0|0|0|0|0|0|0|0,0
Nunavut,Car,PHEV,2021,0|0|0|0|0|0|0|0|0|0|0|0|0|0|0|0|0|0|0|0|0|0|0|0|0|0|0|0|0|0|0,0
Nunavut,Car,PHEV,2022,0|0|0|0|0|0|0|0|0|0|0|0|0|0|0|0|0|0|0|0|0|0|0|0|0|0|0|0|0|0|0,0
Nunavut,Car,PHEV,2023,0|0|0|0|0|0|0|0|0|0|0|0|0|0|0|0|0|0|0|0|0|0|0|0|0|0|0|0|0|0|0,0
Nunavut,Car,PHEV,2024,0|0|0|0|0|0|0|0|0|0|0|0|0|0|0|0|0|0|0|0|0|0|0|0|0|0|0|0|0|0|0,0
Nunavut,Car,PHEV,2025,0|0|0|0|0|0|0|0|0|0|0|0|0|0|0|0|0|0|0|0|0|0|0|0|0|0|0|0|0|0|0,0
Nunavut,Car,PHEV,2026,0|0|0|0|0|0|0|0|0|0|0|0|0|0|0|0|0|0|0|0|0|0|0|0|0|0|0|0|0|0|0,0
Nunavut,Car,PHEV,2027,0|0|0|0|0|0|0|0|0|0|0|0|0|0|0|0|0|0|0|0|0|0|0|0|0|0|0|0|0|0|0,0
Nunavut,Car,PHEV,2028,0|0|0|0|0|0|0|0|0|0|0|0|0|0|0|0|0|0|0|0|0|0|0|0|0|0|0|0|0|0|0,0
Nunavut,Car,PHEV,2029,0|0|0|0|0|0|0|0|0|0|0|0|0|0|0|0|0|0|0|0|0|0|0|0|0|0|0|0|0|0|0,0
Nunavut,Car,PHEV,2030,0|0|0|0|0|0|0|0|0|0|0|0|0|0|0|0|0|0|0|0|0|0|0|0|0|0|0|0|0|0|0,0
Nunavut,Car,PHEV,2031,0|0|0|0|0|0|0|0|0|0|0|0|0|0|0|0|0|0|0|0|0|0|0|0|0|0|0|0|0|0|0,0
Nunavut,Car,PHEV,2032,0|0|0|0|0|0|0|0|0|0|0|0|0|0|0|0|0|0|0|0|0|0|0|0|0|0|0|0|0|0|0,0
Nunavut,Car,PHEV,2033,0|0|0|0|0|0|0|0|0|0|0|0|0|0|0|0|0|0|0|0|0|0|0|0|0|0|0|0|0|0|0,0
Nunavut,Car,PHEV,2034,0|0|0|0|0|0|0|0|0|0|0|0|0|0|0|0|0|0|0|0|0|0|0|0|0|0|0|0|0|0|0,0
Nunavut,Car,PHEV,2035,0|0|0|0|0|0|0|0|0|0|0|0|0|0|0|0|0|0|0|0|0|0|0|0|0|0|0|0|0|0|0,0
Nunavut,Car,PHEV,2036,0|0|0|0|0|0|0|0|0|0|0|0|0|0|0|0|0|0|0|0|0|0|0|0|0|0|0|0|0|0|0,0
Nunavut,Car,PHEV,2037,0|0|0|0|0|0|0|0|0|0|0|0|0|0|0|0|0|0|0|0|0|0|0|0|0|0|0|0|0|0|0,0
Nunavut,Car,PHEV,2038,0|0|0|0|0|0|0|0|0|0|0|0|0|0|0|0|0|0|0|0|0|0|0|0|0|0|0|0|0|0|0,0
Nunavut,Car,PHEV,2039,0|0|0|0|0|0|0|0|0|0|0|0|0|0|0|0|0|0|0|0|0|0|0|0|0|0|0|0|0|0|0,0
Nunavut,Car,PHEV,2040,0|0|0|0|0|0|0|0|0|0|0|0|0|0|0|0|0|0|0|0|0|0|0|0|0|0|0|0|0|0|0,0
Nunavut,Car,PHEV,2041,0|0|0|0|0|0|0|0|0|0|0|0|0|0|0|0|0|0|0|0|0|0|0|0|0|0|0|0|0|0|0,0
Nunavut,Car,PHEV,2042,0|0|0|0|0|0|0|0|0|0|0|0|0|0|0|0|0|0|0|0|0|0|0|0|0|0|0|0|0|0|0,0
Nunavut,Car,PHEV,2043,0|0|0|0|0|0|0|0|0|0|0|0|0|0|0|0|0|0|0|0|0|0|0|0|0|0|0|0|0|0|0,0
Nunavut,Car,PHEV,2044,0|0|0|0|0|0|0|0|0|0|0|0|0|0|0|0|0|0|0|0|0|0|0|0|0|0|0|0|0|0|0,0
Nunavut,Car,PHEV,2045,0|0|0|0|0|0|0|0|0|0|0|0|0|0|0|0|0|0|0|0|0|0|0|0|0|0|0|0|0|0|0,0
Nunavut,Car,PHEV,2046,0|0|0|0|0|0|0|0|0|0|0|0|0|0|0|0|0|0|0|0|0|0|0|0|0|0|0|0|0|0|0,0
Nunavut,Car,PHEV,2047,0|0|0|0|0|0|0|0|0|0|0|0|0|0|0|0|0|0|0|0|0|0|0|0|0|0|0|0|0|0|0,0
Nunavut,Car,PHEV,2048,0|0|0|0|0|0|0|0|0|0|0|0|0|0|0|0|0|0|0|0|0|0|0|0|0|0|0|0|0|0|0,0
Nunavut,Car,PHEV,2049,0|0|0|0|0|0|0|0|0|0|0|0|0|0|0|0|0|0|0|0|0|0|0|0|0|0|0|0|0|0|0,0
Nunavut,Car,PHEV,2050,0|0|0|0|0|0|0|0|0|0|0|0|0|0|0|0|0|0|0|0|0|0|0|0|0|0|0|0|0|0|0,0
Nunavut,SUV,BEV,2020,0|0|0|0|0|0|0|0|0|0|0|0|0|0|0|0|0|0|0|0|0|0|0|0|0|0|0|0|0|0|0,0
Nunavut,SUV,BEV,2021,0|0|0|0|0|0|0|0|0|0|0|0|0|0|0|0|0|0|0|0|0|0|0|0|0|0|0|0|0|0|0,0
Nunavut,SUV,BEV,2022,0|0|0|0|0|0|0|0|0|0|0|0|0|0|0|0|0|0|0|0|0|0|0|0|0|0|0|0|0|0|0,0
Nunavut,SUV,BEV,2023,0|0|0|0|0|0|0|0|0|0|0|0|0|0|0|0|0|0|0|0|0|0|0|0|0|0|0|0|0|0|0,0
Nunavut,SUV,BEV,2024,0|0|0|0|0|0|0|0|0|0|0|0|0|0|0|0|0|0|0|0|0|0|0|0|0|0|0|0|0|0|0,0
Nunavut,SUV,BEV,2025,0|0|0|0|0|0|0|0|0|0|0|0|0|0|0|0|0|0|0|0|0|0|0|0|0|0|0|0|0|0|0,0
Nunavut,SUV,BEV,2026,0|0|0|0|0|0|0|0|0|0|0|0|0|0|0|0|0|0|0|0|0|0|0|0|0|0|0|0|0|0|0,0
Nunavut,SUV,BEV,2027,0|0|0|0|0|0|0|0|0|0|0|0|0|0|0|0|0|0|0|0|0|0|0|0|0|0|0|0|0|0|0,0
Nunavut,SUV,BEV,2028,0|0|0|0|0|0|0|0|0|0|0|0|0|0|0|0|0|0|0|0|0|0|0|0|0|0|0|0|0|0|0,0
Nunavut,SUV,BEV,2029,0|0|0|0|0|0|0|0|0|0|0|0|0|0|0|0|0|0|0|0|0|0|0|0|0|0|0|0|0|0|0,0
Nunavut,SUV,BEV,2030,0|0|0|0|0|0|0|0|0|0|0|0|0|0|0|0|0|0|0|0|0|0|0|0|0|0|0|0|0|0|0,0
Nunavut,SUV,BEV,2031,0|0|0|0|0|0|0|0|0|0|0|0|0|0|0|0|0|0|0|0|0|0|0|0|0|0|0|0|0|0|0,0
Nunavut,SUV,BEV,2032,0|0|0|0|0|0|0|0|0|0|0|0|0|0|0|0|0|0|0|0|0|0|0|0|0|0|0|0|0|0|0,0
Nunavut,SUV,BEV,2033,0|0|0|0|0|0|0|0|0|0|0|0|0|0|0|0|0|0|0|0|0|0|0|0|0|0|0|0|0|0|0,0
Nunavut,SUV,BEV,2034,0|0|0|0|0|0|0|0|0|0|0|0|0|0|0|0|0|0|0|0|0|0|0|0|0|0|0|0|0|0|0,0
Nunavut,SUV,BEV,2035,0|0|0|0|0|0|0|0|0|0|0|0|0|0|0|0|0|0|0|0|0|0|0|0|0|0|0|0|0|0|0,0
Nunavut,SUV,BEV,2036,0|0|0|0|0|0|0|0|0|0|0|0|0|0|0|0|0|0|0|0|0|0|0|0|0|0|0|0|0|0|0,0
Nunavut,SUV,BEV,2037,0|0|0|0|0|0|0|0|0|0|0|0|0|0|0|0|0|0|0|0|0|0|0|0|0|0|0|0|0|0|0,0
Nunavut,SUV,BEV,2038,0|0|0|0|0|0|0|0|0|0|0|0|0|0|0|0|0|0|0|0|0|0|0|0|0|0|0|0|0|0|0,0
Nunavut,SUV,BEV,2039,0|0|0|0|0|0|0|0|0|0|0|0|0|0|0|0|0|0|0|0|0|0|0|0|0|0|0|0|0|0|0,0
Nunavut,SUV,BEV,2040,0|0|0|0|0|0|0|0|0|0|0|0|0|0|0|0|0|0|0|0|0|0|0|0|0|0|0|0|0|0|0,0
Nunavut,SUV,BEV,2041,0|0|0|0|0|0|0|0|0|0|0|0|0|0|0|0|0|0|0|0|0|0|0|0|0|0|0|0|0|0|0,0
Nunavut,SUV,BEV,2042,0|0|0|0|0|0|0|0|0|0|0|0|0|0|0|0|0|0|0|0|0|0|0|0|0|0|0|0|0|0|0,0
Nunavut,SUV,BEV,2043,0|0|0|0|0|0|0|0|0|0|0|0|0|0|0|0|0|0|0|0|0|0|0|0|0|0|0|0|0|0|0,0
Nunavut,SUV,BEV,2044,0|0|0|0|0|0|0|0|0|0|0|0|0|0|0|0|0|0|0|0|0|0|0|0|0|0|0|0|0|0|0,0
Nunavut,SUV,BEV,2045,0|0|0|0|0|0|0|0|0|0|0|0|0|0|0|0|0|0|0|0|0|0|0|0|0|0|0|0|0|0|0,0
Nunavut,SUV,BEV,2046,0|0|0|0|0|0|0|0|0|0|0|0|0|0|0|0|0|0|0|0|0|0|0|0|0|0|0|0|0|0|0,0
Nunavut,SUV,BEV,2047,0|0|0|0|0|0|0|0|0|0|0|0|0|0|0|0|0|0|0|0|0|0|0|0|0|0|0|0|0|0|0,0
Nunavut,SUV,BEV,2048,0|0|0|0|0|0|0|0|0|0|0|0|0|0|0|0|0|0|0|0|0|0|0|0|0|0|0|0|0|0|0,0
Nunavut,SUV,BEV,2049,0|0|0|0|0|0|0|0|0|0|0|0|0|0|0|0|0|0|0|0|0|0|0|0|0|0|0|0|0|0|0,0
Nunavut,SUV,BEV,2050,0|0|0|0|0|0|0|0|0|0|0|0|0|0|0|0|0|0|0|0|0|0|0|0|0|0|0|0|0|0|0,0
Nunavut,SUV,PHEV,2020,0|0|0|0|0|0|0|0|0|0|0|0|0|0|0|0|0|0|0|0|0|0|0|0|0|0|0|0|0|0|0,0
Nunavut,SUV,PHEV,2021,0|0|0|0|0|0|0|0|0|0|0|0|0|0|0|0|0|0|0|0|0|0|0|0|0|0|0|0|0|0|0,0
Nunavut,SUV,PHEV,2022,0|0|0|0|0|0|0|0|0|0|0|0|0|0|0|0|0|0|0|0|0|0|0|0|0|0|0|0|0|0|0,0
Nunavut,SUV,PHEV,2023,0|0|0|0|0|0|0|0|0|0|0|0|0|0|0|0|0|0|0|0|0|0|0|0|0|0|0|0|0|0|0,0
Nunavut,SUV,PHEV,2024,0|0|0|0|0|0|0|0|0|0|0|0|0|0|0|0|0|0|0|0|0|0|0|0|0|0|0|0|0|0|0,0
Nunavut,SUV,PHEV,2025,0|0|0|0|0|0|0|0|0|0|0|0|0|0|0|0|0|0|0|0|0|0|0|0|0|0|0|0|0|0|0,0
Nunavut,SUV,PHEV,2026,0|0|0|0|0|0|0|0|0|0|0|0|0|0|0|0|0|0|0|0|0|0|0|0|0|0|0|0|0|0|0,0
Nunavut,SUV,PHEV,2027,0|0|0|0|0|0|0|0|0|0|0|0|0|0|0|0|0|0|0|0|0|0|0|0|0|0|0|0|0|0|0,0
Nunavut,SUV,PHEV,2028,0|0|0|0|0|0|0|0|0|0|0|0|0|0|0|0|0|0|0|0|0|0|0|0|0|0|0|0|0|0|0,0
Nunavut,SUV,PHEV,2029,0|0|0|0|0|0|0|0|0|0|0|0|0|0|0|0|0|0|0|0|0|0|0|0|0|0|0|0|0|0|0,0
Nunavut,SUV,PHEV,2030,0|0|0|0|0|0|0|0|0|0|0|0|0|0|0|0|0|0|0|0|0|0|0|0|0|0|0|0|0|0|0,0
Nunavut,SUV,PHEV,2031,0|0|0|0|0|0|0|0|0|0|0|0|0|0|0|0|0|0|0|0|0|0|0|0|0|0|0|0|0|0|0,0
Nunavut,SUV,PHEV,2032,0|0|0|0|0|0|0|0|0|0|0|0|0|0|0|0|0|0|0|0|0|0|0|0|0|0|0|0|0|0|0,0
Nunavut,SUV,PHEV,2033,0|0|0|0|0|0|0|0|0|0|0|0|0|0|0|0|0|0|0|0|0|0|0|0|0|0|0|0|0|0|0,0
Nunavut,SUV,PHEV,2034,0|0|0|0|0|0|0|0|0|0|0|0|0|0|0|0|0|0|0|0|0|0|0|0|0|0|0|0|0|0|0,0
Nunavut,SUV,PHEV,2035,0|0|0|0|0|0|0|0|0|0|0|0|0|0|0|0|0|0|0|0|0|0|0|0|0|0|0|0|0|0|0,0
Nunavut,SUV,PHEV,2036,0|0|0|0|0|0|0|0|0|0|0|0|0|0|0|0|0|0|0|0|0|0|0|0|0|0|0|0|0|0|0,0
Nunavut,SUV,PHEV,2037,0|0|0|0|0|0|0|0|0|0|0|0|0|0|0|0|0|0|0|0|0|0|0|0|0|0|0|0|0|0|0,0
Nunavut,SUV,PHEV,2038,0|0|0|0|0|0|0|0|0|0|0|0|0|0|0|0|0|0|0|0|0|0|0|0|0|0|0|0|0|0|0,0
Nunavut,SUV,PHEV,2039,0|0|0|0|0|0|0|0|0|0|0|0|0|0|0|0|0|0|0|0|0|0|0|0|0|0|0|0|0|0|0,0
Nunavut,SUV,PHEV,2040,0|0|0|0|0|0|0|0|0|0|0|0|0|0|0|0|0|0|0|0|0|0|0|0|0|0|0|0|0|0|0,0
Nunavut,SUV,PHEV,2041,0|0|0|0|0|0|0|0|0|0|0|0|0|0|0|0|0|0|0|0|0|0|0|0|0|0|0|0|0|0|0,0
Nunavut,SUV,PHEV,2042,0|0|0|0|0|0|0|0|0|0|0|0|0|0|0|0|0|0|0|0|0|0|0|0|0|0|0|0|0|0|0,0
Nunavut,SUV,PHEV,2043,0|0|0|0|0|0|0|0|0|0|0|0|0|0|0|0|0|0|0|0|0|0|0|0|0|0|0|0|0|0|0,0
Nunavut,SUV,PHEV,2044,0|0|0|0|0|0|0|0|0|0|0|0|0|0|0|0|0|0|0|0|0|0|0|0|0|0|0|0|0|0|0,0
Nunavut,SUV,PHEV,2045,0|0|0|0|0|0|0|0|0|0|0|0|0|0|0|0|0|0|0|0|0|0|0|0|0|0|0|0|0|0|0,0
Nunavut,SUV,PHEV,2046,0|0|0|0|0|0|0|0|0|0|0|0|0|0|0|0|0|0|0|0|0|0|0|0|0|0|0|0|0|0|0,0
Nunavut,SUV,PHEV,2047,0|0|0|0|0|0|0|0|0|0|0|0|0|0|0|0|0|0|0|0|0|0|0|0|0|0|0|0|0|0|0,0
Nunavut,SUV,PHEV,2048,0|0|0|0|0|0|0|0|0|0|0|0|0|0|0|0|0|0|0|0|0|0|0|0|0|0|0|0|0|0|0,0
Nunavut,SUV,PHEV,2049,0|0|0|0|0|0|0|0|0|0|0|0|0|0|0|0|0|0|0|0|0|0|0|0|0|0|0|0|0|0|0,0
Nunavut,SUV,PHEV,2050,0|0|0|0|0|0|0|0|0|0|0|0|0|0|0|0|0|0|0|0|0|0|0|0|0|0|0|0|0|0|0,0
Ontario,Car,BEV,2020,0|2|3|2|2|2|2|0|0|0|0|0|0|0|0|0|0|0|0|0|0|0|0|0|0|0|0|0|0|0|0,13
Ontario,Car,BEV,2021,0|2|7|8|5|4|7|7|0|0|0|0|0|0|0|0|0|0|0|0|0|0|0|0|0|0|0|0|0|0|0,40
Ontario,Car,BEV,2022,0|4|7|14|17|10|9|13|13|0|0|0|0|0|0|0|0|0|0|0|0|0|0|0|0|0|0|0|0|0|0,87
Ontario,Car,BEV,2023,0|5|10|14|25|30|19|16|23|23|0|0|0|0|0|0|0|0|0|0|0|0|0|0|0|0|0|0|0|0|0,165
Ontario,Car,BEV,2024,0|7|15|20|24|42|51|32|27|37|36|0|0|0|0|0|0|0|0|0|0|0|0|0|0|0|0|0|0|0|0,291
Ontario,Car,BEV,2025,0|8|18|29|34|40|68|83|52|44|58|54|0|0|0|0|0|0|0|0|0|0|0|0|0|0|0|0|0|0|0,488
Ontario,Car,BEV,2026,0|8|20|35|51|57|64|109|131|82|68|86|81|0|0|0|0|0|0|0|0|0|0|0|0|0|0|0|0|0|0,792
Ontario,Car,BEV,2027,0|10|20|40|62|85|92|102|172|203|125|101|125|79|0|0|0|0|0|0|0|0|0|0|0|0|0|0|0|0|0,1216
Ontario,Car,BEV,2028,0|14|26|40|71|104|139|147|160|266|309|187|146|123|78|0|0|0|0|0|0|0|0|0|0|0|0|0|0|0|0,1810
Ontario,Car,BEV,2029,0|19|37|51|70|119|170|222|230|247|403|460|270|143|120|75|0|0|0|0|0|0|0|0|0|0|0|0|0|0|0,2636
Ontario,Car,BEV,2030,0|24|50|71|91|118|193|270|348|357|374|599|662|267|140|116|71|0|0|0|0|0|0|0|0|0|0|0|0|0|0,3751
Ontario,Car,BEV,2031,0|26|61|98|124|153|192|307|423|538|541|553|860|652|261|135|110|66|0|0|0|0|0|0|0|0|0|0|0|0|0,5100
Ontario,Car,BEV,2032,0|30|68|119|172|208|249|305|482|653|817|803|793|848|637|252|128|102|59|0|0|0|0|0|0|0|0|0|0|0|0,6725
Ontario,Car,BEV,2033,0|35|77|133|208|287|337|397|479|744|991|1211|1152|781|829|616|239|119|91|51|0|0|0|0|0|0|0|0|0|0|0,8777
Ontario,Car,BEV,2034,0|41|89|152|234|346|466|535|622|739|1128|1469|1738|1135|763|800|584|221|106|78|41|0|0|0|0|0|0|0|0|0|0,11287
Ontario,Car,BEV,2035,0|44|104|174|269|392|558|740|837|960|1118|1668|2108|1712|1109|737|760|541|198|91|64|32|0|0|0|0|0|0|0|0|0,14216
Ontario,Car,BEV,2036,0|45|112|203|306|450|635|884|1154|1288|1451|1651|2392|2078|1674|1071|700|703|484|170|75|50|24|0|0|0|0|0|0|0|0,17600
Ontario,Car,BEV,2037,0|47|116|218|356|509|727|1007|1374|1772|1945|2142|2360|2357|2031|1616|1016|648|629|415|139|58|37|17|0|0|0|0|0|0|0,21536
Ontario,Car,BEV,2038,0|52|121|226|381|592|821|1151|1571|2104|2669|2868|3063|2325|2303|1961|1534|941|580|540|340|108|43|26|12|0|0|0|0|0|0,26332
Ontario,Car,BEV,2039,0|56|133|237|396|632|953|1297|1793|2409|3165|3931|4097|3018|2273|2225|1861|1420|842|498|442|264|80|31|18|8|0|0|0|0|0,32079
Ontario,Car,BEV,2040,0|60|144|258|417|660|1017|1503|2014|2748|3629|4654|5613|4037|2950|2195|2111|1722|1271|723|407|343|195|57|21|12|5|0|0|0|0,38766
Ontario,Car,BEV,2041,0|64|154|279|451|694|1064|1602|2330|3075|4136|5340|6634|5531|3946|2849|2083|1954|1542|1091|591|316|254|139|39|14|8|3|0|0|0,46183
Ontario,Car,BEV,2042,0|69|164|300|487|748|1118|1679|2482|3555|4614|6083|7618|6537|5406|3811|2704|1928|1749|1323|892|459|234|180|95|26|9|5|2|0|0,54277
Ontario,Car,BEV,2043,0|73|175|317|523|805|1201|1763|2605|3787|5330|6771|8675|7506|6390|5221|3616|2502|1726|1501|1082|693|340|166|124|64|17|6|3|1|0,62983
Ontario,Car,BEV,2044,0|77|185|339|553|863|1289|1885|2732|3974|5676|7815|9636|8548|7337|6171|4954|3347|2240|1481|1228|841|513|241|114|83|42|11|4|2|1,72182
Ontario,Car,BEV,2045,0|82|197|358|588|911|1379|2013|2905|4161|5954|8318|11119|9495|8355|7086|5856|4585|2996|1923|1211|954|623|364|166|76|55|27|7|2|1,81767
Ontario,Car,BEV,2046,0|84|207|381|623|968|1451|2146|3086|4402|6225|8721|11830|10956|9281|8069|6724|5420|4105|2571|1572|941|706|442|250|111|50|35|18|5|2,91382
Ontario,Car,BEV,2047,0|86|213|400|661|1026|1539|2254|3277|4652|6554|9105|12393|11656|10709|8964|7657|6223|4852|3523|2103|1222|697|501|303|167|73|33|23|11|3,100880
Ontario,Car,BEV,2048,0|88|220|412|694|1085|1629|2386|3434|4919|6892|9546|12921|12212|11394|10343|8506|7087|5571|4164|2881|1634|904|495|344|203|110|47|21|15|7,110164
Ontario,Car,BEV,2049,0|90|224|426|715|1141|1722|2523|3627|5144|7260|9998|13500|12732|11937|11004|9814|7872|6344|4782|3405|2239|1210|642|340|230|134|72|31|14|9,119181
Ontario,Car,BEV,2050,0|90|229|434|740|1176|1810|2663|3830|5422|7577|10496|14093|13303|12445|11528|10442|9084|7047|5445|3910|2646|1657|859|441|227|152|87|46|20|9,127908
Ontario,Car,PHEV,2020,0|2|4|2|2|2|2|0|0|0|0|0|0|0|0|0|0|0|0|0|0|0|0|0|0|0|0|0|0|0|0,14
Ontario,Car,PHEV,2021,0|1|4|10|7|6|4|5|0|0|0|0|0|0|0|0|0|0|0|0|0|0|0|0|0|0|0|0|0|0|0,37
Ontario,Car,PHEV,2022,0|2|3|9|20|13|12|8|10|0|0|0|0|0|0|0|0|0|0|0|0|0|0|0|0|0|0|0|0|0|0,77
Ontario,Car,PHEV,2023,0|1|4|5|16|34|23|22|14|19|0|0|0|0|0|0|0|0|0|0|0|0|0|0|0|0|0|0|0|0|0,138
Ontario,Car,PHEV,2024,0|2|3|9|9|26|56|37|36|24|31|0|0|0|0|0|0|0|0|0|0|0|0|0|0|0|0|0|0|0|0,233
Ontario,Car,PHEV,2025,0|2|4|7|16|15|43|91|60|57|36|48|0|0|0|0|0|0|0|0|0|0|0|0|0|0|0|0|0|0|0,379
Ontario,Car,PHEV,2026,0|2|6|9|12|27|25|68|144|94|87|54|71|0|0|0|0|0|0|0|0|0|0|0|0|0|0|0|0|0|0,599
Ontario,Car,PHEV,2027,0|3|5|11|17|21|44|39|107|223|144|131|78|70|0|0|0|0|0|0|0|0|0|0|0|0|0|0|0|0|0,893
Ontario,Car,PHEV,2028,0|4|6|10|20|28|33|71|61|164|341|216|188|77|68|0|0|0|0|0|0|0|0|0|0|0|0|0|0|0|0,1287
Ontario,Car,PHEV,2029,0|5|10|12|17|34|46|53|112|93|249|506|312|185|75|66|0|0|0|0|0|0|0|0|0|0|0|0|0|0|0,1775
Ontario,Car,PHEV,2030,0|7|12|20|21|28|57|73|84|172|140|369|728|307|181|72|63|0|0|0|0|0|0|0|0|0|0|0|0|0|0,2334
Ontario,Car,PHEV,2031,0|6|17|23|35|35|45|90|114|130|261|208|531|717|300|175|69|58|0|0|0|0|0|0|0|0|0|0|0|0|0,2814
Ontario,Car,PHEV,2032,0|7|14|32|41|58|58|71|141|175|199|387|297|523|701|290|166|63|52|0|0|0|0|0|0|0|0|0|0|0|0,3275
Ontario,Car,PHEV,2033,0|8|18|28|54|69|92|92|110|218|264|294|554|293|511|677|275|153|57|44|0|0|0|0|0|0|0|0|0|0|0,3811
Ontario,Car,PHEV,2034,0|8|21|34|50|88|109|142|143|166|329|390|422|546|286|494|642|255|137|49|36|0|0|0|0|0|0|0|0|0|0,4347
Ontario,Car,PHEV,2035,0|8|21|40|58|83|138|169|216|216|247|485|558|416|533|276|469|595|228|118|40|28|0|0|0|0|0|0|0|0|0,4942
Ontario,Car,PHEV,2036,0|8|22|41|70|97|134|212|255|324|321|359|691|549|406|515|262|434|532|196|96|31|21|0|0|0|0|0|0|0|0,5576
Ontario,Car,PHEV,2037,0|8|22|44|73|116|157|210|319|379|477|466|506|681|537|392|489|243|388|457|160|75|23|15|0|0|0|0|0|0|0,6237
Ontario,Car,PHEV,2038,0|9|21|42|76|120|187|247|323|475|557|690|658|499|666|519|372|452|217|333|374|124|55|16|10|0|0|0|0|0|0,7042
Ontario,Car,PHEV,2039,0|10|23|41|74|127|194|294|382|490|698|802|970|648|488|643|492|345|405|186|273|290|92|39|11|7|0|0|0|0|0,8024
Ontario,Car,PHEV,2040,0|10|25|43|73|123|204|306|453|584|731|1007|1124|956|634|471|610|456|309|348|152|212|215|65|27|7|4|0|0|0|0,9149
Ontario,Car,PHEV,2041,0|10|26|47|76|121|199|320|476|688|876|1069|1416|1107|935|612|447|565|408|265|284|118|157|153|45|18|5|3|0|0|0,10446
Ontario,Car,PHEV,2042,0|11|26|49|82|127|195|313|494|728|1028|1285|1516|1395|1082|903|581|414|506|350|217|221|88|111|105|30|12|3|2|0|0,11874
Ontario,Car,PHEV,2043,0|12|29|50|84|136|205|308|487|752|1094|1504|1828|1494|1363|1045|856|537|370|434|286|168|163|62|76|70|20|8|2|1|0,13444
Ontario,Car,PHEV,2044,0|12|31|54|87|139|216|321|480|743|1125|1607|2136|1801|1460|1317|992|793|481|318|355|222|125|116|43|51|46|13|5|1|1,15091
Ontario,Car,PHEV,2045,0|12|31|59|93|144|221|335|496|732|1114|1647|2289|2104|1761|1410|1250|918|710|413|260|276|165|88|80|29|34|30|8|3|1,16713
Ontario,Car,PHEV,2046,0|12|31|60|101|153|229|342|512|751|1098|1632|2341|2256|2057|1700|1338|1157|822|609|338|202|204|117|61|53|19|22|19|5|2,18243
Ontario,Car,PHEV,2047,0|11|30|60|104|164|241|354|521|768|1116|1609|2319|2307|2205|1987|1613|1239|1035|705|498|262|150|145|80|41|35|12|14|12|3,19640
Ontario,Car,PHEV,2048,0|11|29|59|104|168|257|369|537|779|1133|1624|2286|2285|2255|2129|1885|1493|1109|889|577|387|194|106|99|54|27|23|8|9|8,20893
Ontario,Car,PHEV,2049,0|10|29|57|101|169|262|391|556|798|1144|1636|2294|2253|2233|2178|2021|1745|1337|952|727|448|287|138|73|67|35|17|15|5|6,21984
Ontario,Car,PHEV,2050,0|10|27|56|99|165|265|399|583|821|1165|1646|2299|2260|2202|2157|2066|1870|1562|1147|778|565|332|203|95|49|44|23|11|9|3,22911
Ontario,SUV,BEV,2020,0|0|0|0|0|0|0|0|0|0|0|0|0|0|0|0|0|0|0|0|0|0|0|0|0|0|0|0|0|0|0,0
Ontario,SUV,BEV,2021,0|0|0|1|0|0|0|0|0|0|0|0|0|0|0|0|0|0|0|0|0|0|0|0|0|0|0|0|0|0|0,1
Ontario,SUV,BEV,2022,0|2|1|1|3|1|1|1|1|0|0|0|0|0|0|0|0|0|0|0|0|0|0|0|0|0|0|0|0|0|0,11
Ontario,SUV,BEV,2023,0|4|4|3|3|5|3|3|3|3|0|0|0|0|0|0|0|0|0|0|0|0|0|0|0|0|0|0|0|0|0,31
Ontario,SUV,BEV,2024,0|7|10|8|5|6|10|5|5|5|5|0|0|0|0|0|0|0|0|0|0|0|0|0|0|0|0|0|0|0|0,66
Ontario,SUV,BEV,2025,0|11|19|20|14|9|11|17|10|8|10|10|0|0|0|0|0|0|0|0|0|0|0|0|0|0|0|0|0|0|0,139
Ontario,SUV,BEV,2026,0|9|28|36|34|24|15|20|27|17|13|17|16|0|0|0|0|0|0|0|0|0|0|0|0|0|0|0|0|0|0,256
Ontario,SUV,BEV,2027,0|12|22|54|64|56|38|25|32|43|27|20|27|16|0|0|0|0|0|0|0|0|0|0|0|0|0|0|0|0|0,436
Ontario,SUV,BEV,2028,0|16|29|44|95|108|91|61|39|51|66|41|30|26|15|0|0|0|0|0|0|0|0|0|0|0|0|0|0|0|0,712
Ontario,SUV,BEV,2029,0|22|40|57|77|160|176|145|96|60|78|98|60|29|26|15|0|0|0|0|0|0|0|0|0|0|0|0|0|0|0,1139
Ontario,SUV,BEV,2030,0|27|57|79|101|128|262|280|226|148|90|118|141|59|28|25|14|0|0|0|0|0|0|0|0|0|0|0|0|0|0,1783
Ontario,SUV,BEV,2031,0|33|71|113|139|169|208|418|439|350|226|134|170|139|58|27|23|13|0|0|0|0|0|0|0|0|0|0|0|0|0,2730
Ontario,SUV,BEV,2032,0|40|85|139|200|234|276|331|657|678|530|333|191|168|135|56|26|22|12|0|0|0|0|0|0|0|0|0|0|0|0,4113
Ontario,SUV,BEV,2033,0|46|102|166|245|336|382|440|521|1017|1030|787|478|188|164|131|53|24|19|10|0|0|0|0|0|0|0|0|0|0|0,6139
Ontario,SUV,BEV,2034,0|58|120|199|294|411|547|610|692|805|1544|1528|1130|471|184|158|124|49|22|17|8|0|0|0|0|0|0|0|0|0|0,8971
Ontario,SUV,BEV,2035,0|66|150|235|351|493|668|874|957|1070|1222|2290|2195|1113|460|177|150|115|44|19|14|6|0|0|0|0|0|0|0|0|0,12669
Ontario,SUV,BEV,2036,0|73|170|293|414|589|801|1066|1371|1481|1625|1811|3287|2163|1088|445|168|139|103|38|15|11|5|0|0|0|0|0|0|0|0,17156
Ontario,SUV,BEV,2037,0|77|186|332|515|694|957|1277|1674|2119|2247|2409|2598|3239|2114|1051|422|156|124|88|31|12|8|3|0|0|0|0|0|0|0,22333
Ontario,SUV,BEV,2038,0|86|198|362|584|858|1126|1524|2003|2586|3215|3329|3456|2560|3166|2042|997|390|140|107|72|24|9|6|2|0|0|0|0|0|0,28842
Ontario,SUV,BEV,2039,0|95|222|387|636|972|1389|1790|2390|3091|3922|4762|4775|3405|2502|3058|1937|923|350|120|87|56|18|6|4|2|0|0|0|0|0,36899
Ontario,SUV,BEV,2040,0|104|244|433|681|1060|1569|2198|2798|3685|4685|5807|6829|4705|3328|2417|2902|1793|826|300|98|68|42|13|4|3|1|0|0|0|0,46593
Ontario,SUV,BEV,2041,0|112|266|476|759|1137|1713|2478|3421|4301|5575|6932|8322|6729|4599|3214|2293|2686|1605|709|245|76|50|29|9|3|2|1|0|0|0,57742
Ontario,SUV,BEV,2042,0|119|286|520|834|1264|1841|2708|3846|5240|6491|8237|9930|8200|6577|4442|3050|2123|2404|1378|580|191|56|36|20|6|2|1|0|0|0,70382
Ontario,SUV,BEV,2043,0|126|303|555|911|1385|2039|2914|4206|5876|7884|9566|11785|9785|8016|6352|4215|2823|1900|2064|1127|451|141|40|24|14|4|1|1|0|0,84508
Ontario,SUV,BEV,2044,0|135|323|589|969|1510|2226|3215|4536|6429|8822|11594|13663|11613|9564|7741|6027|3901|2527|1631|1687|875|334|100|27|16|9|2|1|0|0,100066
Ontario,SUV,BEV,2045,0|142|343|628|1029|1602|2420|3498|4980|6945|9653|12951|16532|13463|11351|9237|7346|5579|3492|2169|1334|1311|648|237|69|18|11|6|2|1|0,116997
Ontario,SUV,BEV,2046,0|147|363|665|1096|1702|2563|3790|5399|7589|10437|14171|18442|16290|13160|10963|8765|6799|4994|2998|1774|1036|971|460|163|46|12|7|4|1|0,134807
Ontario,SUV,BEV,2047,0|154|376|704|1159|1809|2720|4007|5828|8195|11359|15329|20175|18172|15923|12710|10403|8113|6086|4286|2451|1378|767|689|316|109|30|8|5|2|1,153264
Ontario,SUV,BEV,2048,0|159|392|729|1225|1912|2885|4246|6150|8814|12224|16624|21828|19880|17763|15378|12060|9628|7262|5224|3505|1905|1020|545|473|212|72|20|5|3|2,172145
Ontario,SUV,BEV,2049,0|164|404|760|1268|2016|3044|4491|6502|9284|13102|17837|23606|21508|19432|17155|14593|11162|8619|6233|4272|2724|1410|724|374|317|139|47|13|3|2,191205
Ontario,SUV,BEV,2050,0|167|416|783|1321|2088|3205|4729|6858|9792|13774|19063|25269|23260|21024|18767|16279|13506|9992|7398|5097|3319|2016|1001|497|250|208|90|30|8|2,210209
Ontario,SUV,PHEV,2020,0|0|1|0|0|0|0|0|0|0|0|0|0|0|0|0|0|0|0|0|0|0|0|0|0|0|0|0|0|0|0,1
Ontario,SUV,PHEV,2021,0|0|0|2|0|0|0|0|0|0|0|0|0|0|0|0|0|0|0|0|0|0|0|0|0|0|0|0|0|0|0,2
Ontario,SUV,PHEV,2022,0|0|0|1|4|0|0|0|0|0|0|0|0|0|0|0|0|0|0|0|0|0|0|0|0|0|0|0|0|0|0,5
Ontario,SUV,PHEV,2023,0|1|1|0|3|7|1|1|0|1|0|0|0|0|0|0|0|0|0|0|0|0|0|0|0|0|0|0|0|0|0,15
Ontario,SUV,PHEV,2024,0|2|3|3|1|6|12|3|3|1|3|0|0|0|0|0|0|0|0|0|0|0|0|0|0|0|0|0|0|0|0,37
Ontario,SUV,PHEV,2025,0|4|4|5|6|3|11|22|5|5|3|5|0|0|0|0|0|0|0|0|0|0|0|0|0|0|0|0|0|0|0,73
Ontario,SUV,PHEV,2026,0|2|9|9|9|11|5|20|35|10|10|5|7|0|0|0|0|0|0|0|0|0|0|0|0|0|0|0|0|0|0,132
Ontario,SUV,PHEV,2027,0|2|4|19|16|15|20|10|32|56|17|15|7|7|0|0|0|0|0|0|0|0|0|0|0|0|0|0|0|0|0,220
Ontario,SUV,PHEV,2028,0|4|6|9|33|28|25|32|17|51|85|27|23|7|7|0|0|0|0|0|0|0|0|0|0|0|0|0|0|0|0,354
Ontario,SUV,PHEV,2029,0|5|9|11|16|55|46|39|52|29|78|128|38|22|7|6|0|0|0|0|0|0|0|0|0|0|0|0|0|0|0,541
Ontario,SUV,PHEV,2030,0|6|13|18|21|26|89|75|61|81|46|117|184|38|22|6|6|0|0|0|0|0|0|0|0|0|0|0|0|0|0,809
Ontario,SUV,PHEV,2031,0|8|15|23|32|36|42|141|119|94|124|69|169|181|37|21|6|6|0|0|0|0|0|0|0|0|0|0|0|0|0,1123
Ontario,SUV,PHEV,2032,0|8|18|31|41|54|58|67|220|184|142|185|101|167|177|36|20|6|5|0|0|0|0|0|0|0|0|0|0|0|0,1520
Ontario,SUV,PHEV,2033,0|10|21|35|54|68|88|92|106|342|281|209|267|100|163|171|34|18|5|4|0|0|0|0|0|0|0|0|0|0|0,2068
Ontario,SUV,PHEV,2034,0|12|26|41|60|90|109|140|144|163|518|417|299|263|98|157|162|31|17|4|4|0|0|0|0|0|0|0|0|0|0,2755
Ontario,SUV,PHEV,2035,0|14|31|52|74|100|145|172|219|221|247|766|597|295|257|94|149|150|28|14|4|3|0|0|0|0|0|0|0|0|0,3632
Ontario,SUV,PHEV,2036,0|14|36|61|93|125|162|229|267|338|335|365|1099|588|288|248|89|138|134|24|12|3|2|0|0|0|0|0|0|0|0,4650
Ontario,SUV,PHEV,2037,0|13|36|70|109|155|203|257|356|410|511|494|523|1083|575|278|235|83|124|115|20|9|2|1|0|0|0|0|0|0|0,5662
Ontario,SUV,PHEV,2038,0|14|34|71|122|181|253|323|401|544|618|752|706|515|1059|555|264|218|74|106|94|15|7|1|1|0|0|0|0|0|0,6928
Ontario,SUV,PHEV,2039,0|15|37|68|125|201|293|400|507|615|818|909|1075|696|504|1023|527|244|195|64|87|73|11|5|1|1|0|0|0|0|0,8494
Ontario,SUV,PHEV,2040,0|17|40|73|120|207|322|462|624|781|929|1203|1298|1059|680|487|970|488|219|167|52|67|54|8|3|1|0|0|0|0|0,10331
Ontario,SUV,PHEV,2041,0|18|43|78|129|200|333|504|717|958|1179|1370|1716|1279|1035|657|462|898|437|188|137|40|50|39|6|2|0|0|0|0|0,12475
Ontario,SUV,PHEV,2042,0|19|45|84|138|217|324|523|778|1096|1442|1739|1958|1691|1250|1000|623|427|804|375|153|106|30|35|26|4|1|0|0|0|0,14888
Ontario,SUV,PHEV,2043,0|20|49|88|146|229|349|514|808|1182|1645|2120|2483|1929|1653|1207|949|577|383|690|306|119|79|21|24|18|2|1|0|0|0,17591
Ontario,SUV,PHEV,2044,0|21|52|93|153|242|368|550|802|1228|1768|2413|3024|2447|1886|1596|1146|878|516|328|564|238|88|56|15|16|12|2|1|0|0,20503
Ontario,SUV,PHEV,2045,0|21|53|99|161|253|387|577|851|1229|1835|2587|3436|2979|2391|1821|1515|1060|786|443|269|439|176|63|38|10|11|8|1|0|0,23499
Ontario,SUV,PHEV,2046,0|21|54|103|171|264|403|602|889|1296|1850|2683|3675|3385|2912|2310|1728|1402|949|675|362|209|325|125|43|26|6|7|5|1|0,26481
Ontario,SUV,PHEV,2047,0|21|54|104|178|279|419|625|921|1344|1937|2720|3810|3622|3309|2813|2192|1599|1255|815|552|282|154|230|86|29|17|4|4|3|0,29378
Ontario,SUV,PHEV,2048,0|20|53|104|180|290|441|648|952|1387|1999|2831|3876|3754|3540|3196|2669|2028|1432|1077|666|429|208|110|158|58|19|11|3|3|2,32144
Ontario,SUV,PHEV,2049,0|20|52|103|179|294|457|678|982|1427|2054|2907|4014|3819|3670|3419|3032|2470|1816|1229|881|518|317|148|75|106|38|12|7|2|2,34728
Ontario,SUV,PHEV,2050,0|19|52|101|178|292|462|699|1022|1464|2101|2976|4107|3955|3733|3544|3244|2807|2211|1559|1005|684|383|225|102|50|70|25|8|5|1,37084
Prince Edward Island,Car,BEV,2020,0|0|0|0|0|0|0|0|0|0|0|0|0|0|0|0|0|0|0|0|0|0|0|0|0|0|0|0|0|0|0,0
Prince Edward Island,Car,BEV,2021,0|0|0|0|0|0|0|0|0|0|0|0|0|0|0|0|0|0|0|0|0|0|0|0|0|0|0|0|0|0|0,0
Prince Edward Island,Car,BEV,2022,0|0|0|0|0|0|0|0|0|0|0|0|0|0|0|0|0|0|0|0|0|0|0|0|0|0|0|0|0|0|0,0
Prince Edward Island,Car,BEV,2023,0|0|0|0|0|0|0|0|0|0|0|0|0|0|0|0|0|0|0|0|0|0|0|0|0|0|0|0|0|0|0,0
Prince Edward Island,Car,BEV,2024,0|0|0|0|0|0|0|0|0|0|0|0|0|0|0|0|0|0|0|0|0|0|0|0|0|0|0|0|0|0|0,0
Prince Edward Island,Car,BEV,2025,0|0|0|0|0|0|0|0|0|0|0|0|0|0|0|0|0|0|0|0|0|0|0|0|0|0|0|0|0|0|0,0
Prince Edward Island,Car,BEV,2026,0|0|0|0|0|0|0|0|0|0|0|0|0|0|0|0|0|0|0|0|0|0|0|0|0|0|0|0|0|0|0,0
Prince Edward Island,Car,BEV,2027,0|0|0|0|0|0|0|0|0|0|0|0|0|0|0|0|0|0|0|0|0|0|0|0|0|0|0|0|0|0|0,0
Prince Edward Island,Car,BEV,2028,0|0|0|0|0|0|0|0|0|0|0|0|0|0|0|0|0|0|0|0|0|0|0|0|0|0|0|0|0|0|0,0
Prince Edward Island,Car,BEV,2029,0|0|0|0|0|0|0|0|0|0|0|0|0|0|0|0|0|0|0|0|0|0|0|0|0|0|0|0|0|0|0,0
Prince Edward Island,Car,BEV,2030,0|0|0|0|0|0|0|1|1|0|0|0|0|0|0|0|0|0|0|0|0|0|0|0|0|0|0|0|0|0|0,2
Prince Edward Island,Car,BEV,2031,0|0|0|0|0|0|0|1|2|3|1|0|0|0|0|0|0|0|0|0|0|0|0|0|0|0|0|0|0|0|0,7
Prince Edward Island,Car,BEV,2032,0|0|0|0|0|1|1|1|2|4|5|3|0|0|0|0|0|0|0|0|0|0|0|0|0|0|0|0|0|0|0,17
Prince Edward Island,Car,BEV,2033,0|0|0|0|1|1|3|3|3|4|6|9|5|0|0|0|0|0|0|0|0|0|0|0|0|0|0|0|0|0|0,35
Prince Edward Island,Car,BEV,2034,0|0|0|0|1|3|3|5|5|5|6|11|14|5|0|0|0|0|0|0|0|0|0|0|0|0|0|0|0|0|0,58
Prince Edward Island,Car,BEV,2035,0|0|0|1|1|3|5|6|9|10|10|11|17|14|5|0|0|0|0|0|0|0|0|0|0|0|0|0|0|0|0,92
Prince Edward Island,Car,BEV,2036,0|0|0|1|2|3|6|10|11|15|16|16|17|16|13|5|0|0|0|0|0|0|0|0|0|0|0|0|0|0|0,131
Prince Edward Island,Car,BEV,2037,0|0|0|1|3|4|6|11|16|19|24|26|25|16|16|13|4|0|0|0|0|0|0|0|0|0|0|0|0|0|0,184
Prince Edward Island,Car,BEV,2038,0|0|0|1|3|6|8|11|19|26|31|36|37|24|16|16|12|4|0|0|0|0|0|0|0|0|0|0|0|0|0,250
Prince Edward Island,Car,BEV,2039,0|0|0|1|3|6|11|13|19|29|39|48|52|37|24|16|15|11|4|0|0|0|0|0|0|0|0|0|0|0|0,328
Prince Edward Island,Car,BEV,2040,0|0|0|1|4|6|11|18|22|31|44|58|69|51|36|23|15|14|10|3|0|0|0|0|0|0|0|0|0|0|0,416
Prince Edward Island,Car,BEV,2041,0|0|0|1|4|7|11|19|28|35|48|65|84|68|50|35|22|14|12|9|3|0|0|0|0|0|0|0|0|0|0,515
Prince Edward Island,Car,BEV,2042,0|0|0|2|4|7|13|19|29|43|54|71|94|82|66|48|33|20|12|11|7|2|0|0|0|0|0|0|0|0|0,617
Prince Edward Island,Car,BEV,2043,0|0|1|2|5|7|13|21|29|44|64|80|102|93|81|64|46|31|18|11|9|5|1|0|0|0|0|0|0|0|0,727
Prince Edward Island,Car,BEV,2044,0|0|1|3|5|9|13|21|33|45|66|93|115|101|91|78|61|43|27|15|9|7|4|1|0|0|0|0|0|0|0,841
Prince Edward Island,Car,BEV,2045,0|0|1|4|6|10|15|21|33|50|68|96|132|113|99|88|74|56|38|23|13|7|5|3|1|0|0|0|0|0|0,956
Prince Edward Island,Car,BEV,2046,0|0|1|4|7|11|16|24|35|51|75|99|137|130|111|95|83|68|50|33|19|10|5|4|2|0|0|0|0|0|0,1070
Prince Edward Island,Car,BEV,2047,0|0|1|4|7|12|17|26|38|53|76|109|143|135|127|107|90|77|61|43|27|15|7|4|2|1|0|0|0|0|0,1182
Prince Edward Island,Car,BEV,2048,0|0|1|4|7|13|19|27|40|58|79|113|153|141|132|123|102|84|69|52|35|21|11|5|2|2|1|0|0|0|0,1294
Prince Edward Island,Car,BEV,2049,0|0|1|4|7|13|20|30|42|61|85|117|160|151|137|127|116|94|75|59|43|27|15|8|4|2|1|1|0|0|0,1400
Prince Edward Island,Car,BEV,2050,0|0|1|4|7|13|22|32|46|64|90|124|165|158|148|133|121|108|84|64|48|33|20|11|5|2|1|1|0|0|0,1505
Prince Edward Island,Car,PHEV,2020,0|0|0|0|0|0|0|0|0|0|0|0|0|0|0|0|0|0|0|0|0|0|0|0|0|0|0|0|0|0|0,0
Prince Edward Island,Car,PHEV,2021,0|0|0|0|0|0|0|0|0|0|0|0|0|0|0|0|0|0|0|0|0|0|0|0|0|0|0|0|0|0|0,0
Prince Edward Island,Car,PHEV,2022,0|0|0|0|0|0|0|0|0|0|0|0|0|0|0|0|0|0|0|0|0|0|0|0|0|0|0|0|0|0|0,0
Prince Edward Island,Car,PHEV,2023,0|0|0|0|0|0|0|0|0|0|0|0|0|0|0|0|0|0|0|0|0|0|0|0|0|0|0|0|0|0|0,0
Prince Edward Island,Car,PHEV,2024,0|0|0|0|0|0|0|0|0|0|0|0|0|0|0|0|0|0|0|0|0|0|0|0|0|0|0|0|0|0|0,0
Prince Edward Island,Car,PHEV,2025,0|0|0|0|0|0|0|0|0|0|0|0|0|0|0|0|0|0|0|0|0|0|0|0|0|0|0|0|0|0|0,0
Prince Edward Island,Car,PHEV,2026,0|0|0|0|0|0|0|0|0|0|0|0|0|0|0|0|0|0|0|0|0|0|0|0|0|0|0|0|0|0|0,0
Prince Edward Island,Car,PHEV,2027,0|0|0|0|0|0|0|0|0|0|0|0|0|0|0|0|0|0|0|0|0|0|0|0|0|0|0|0|0|0|0,0
Prince Edward Island,Car,PHEV,2028,0|0|0|0|0|0|0|0|0|0|0|0|0|0|0|0|0|0|0|0|0|0|0|0|0|0|0|0|0|0|0,0
Prince Edward Island,Car,PHEV,2029,0|0|0|0|0|0|0|0|0|0|0|0|0|0|0|0|0|0|0|0|0|0|0|0|0|0|0|0|0|0|0,0
Prince Edward Island,Car,PHEV,2030,0|0|0|0|0|0|0|0|0|0|0|0|0|0|0|0|0|0|0|0|0|0|0|0|0|0|0|0|0|0|0,0
Prince Edward Island,Car,PHEV,2031,0|0|0|0|0|0|0|0|0|0|0|0|0|0|0|0|0|0|0|0|0|0|0|0|0|0|0|0|0|0|0,0
Prince Edward Island,Car,PHEV,2032,0|0|0|0|0|0|0|0|0|0|0|0|0|0|0|0|0|0|0|0|0|0|0|0|0|0|0|0|0|0|0,0
Prince Edward Island,Car,PHEV,2033,0|0|0|0|0|0|0|0|0|0|0|0|0|0|0|0|0|0|0|0|0|0|0|0|0|0|0|0|0|0|0,0
Prince Edward Island,Car,PHEV,2034,0|0|0|0|0|0|0|0|0|0|0|0|0|0|0|0|0|0|0|0|0|0|0|0|0|0|0|0|0|0|0,0
Prince Edward Island,Car,PHEV,2035,0|0|0|0|0|0|0|0|0|0|0|1|1|0|0|0|0|0|0|0|0|0|0|0|0|0|0|0|0|0|0,2
Prince Edward Island,Car,PHEV,2036,0|0|0|0|0|0|0|0|1|1|1|1|2|1|0|0|0|0|0|0|0|0|0|0|0|0|0|0|0|0|0,7
Prince Edward Island,Car,PHEV,2037,0|0|0|0|0|0|0|0|1|2|3|3|3|2|1|0|0|0|0|0|0|0|0|0|0|0|0|0|0|0|0,15
Prince Edward Island,Car,PHEV,2038,0|0|0|0|0|0|0|1|1|3|4|5|5|3|2|1|0|0|0|0|0|0|0|0|0|0|0|0|0|0|0,25
Prince Edward Island,Car,PHEV,2039,0|0|0|0|0|0|0|1|3|3|5|6|9|5|3|2|1|0|0|0|0|0|0|0|0|0|0|0|0|0|0,38
Prince Edward Island,Car,PHEV,2040,0|0|0|0|0|0|0|1|3|5|5|9|11|9|5|3|2|1|0|0|0|0|0|0|0|0|0|0|0|0|0,54
Prince Edward Island,Car,PHEV,2041,0|0|0|0|0|0|0|1|3|5|8|10|14|11|9|5|3|2|1|0|0|0|0|0|0|0|0|0|0|0|0,72
Prince Edward Island,Car,PHEV,2042,0|0|0|0|0|0|0|1|3|6|10|13|15|14|10|8|4|2|1|1|0|0|0|0|0|0|0|0|0|0|0,88
Prince Edward Island,Car,PHEV,2043,0|0|0|0|0|0|0|1|3|6|11|15|20|15|13|10|8|4|2|1|1|0|0|0|0|0|0|0|0|0|0,110
Prince Edward Island,Car,PHEV,2044,0|0|0|0|0|0|0|1|3|6|11|17|23|19|14|13|10|7|4|2|1|0|0|0|0|0|0|0|0|0|0,131
Prince Edward Island,Car,PHEV,2045,0|0|0|0|0|0|0|1|4|6|11|17|25|22|19|14|12|9|6|3|2|1|0|0|0|0|0|0|0|0|0,152
Prince Edward Island,Car,PHEV,2046,0|0|0|0|0|0|0|1|3|7|11|17|25|24|22|18|13|11|8|6|3|1|1|0|0|0|0|0|0|0|0,171
Prince Edward Island,Car,PHEV,2047,0|0|0|0|0|0|0|1|4|6|12|17|25|24|24|21|17|12|10|7|5|2|1|0|0|0|0|0|0|0|0,188
Prince Edward Island,Car,PHEV,2048,0|0|0|0|0|0|0|1|4|7|11|18|25|24|24|23|20|16|11|9|6|4|1|1|0|0|0|0|0|0|0,205
Prince Edward Island,Car,PHEV,2049,0|0|0|0|0|0|0|1|4|7|12|17|26|24|24|23|22|18|14|9|7|4|3|1|0|0|0|0|0|0|0,216
Prince Edward Island,Car,PHEV,2050,0|0|0|0|0|0|0|1|4|7|12|18|25|25|24|23|22|20|17|12|8|5|3|2|1|0|0|0|0|0|0,229
Prince Edward Island,SUV,BEV,2020,0|0|0|0|0|0|0|0|0|0|0|0|0|0|0|0|0|0|0|0|0|0|0|0|0|0|0|0|0|0|0,0
Prince Edward Island,SUV,BEV,2021,0|0|0|0|0|0|0|0|0|0|0|0|0|0|0|0|0|0|0|0|0|0|0|0|0|0|0|0|0|0|0,0
Prince Edward Island,SUV,BEV,2022,0|0|0|0|0|0|0|0|0|0|0|0|0|0|0|0|0|0|0|0|0|0|0|0|0|0|0|0|0|0|0,0
Prince Edward Island,SUV,BEV,2023,0|0|0|0|0|0|0|0|0|0|0|0|0|0|0|0|0|0|0|0|0|0|0|0|0|0|0|0|0|0|0,0
Prince Edward Island,SUV,BEV,2024,0|0|0|0|0|0|0|0|0|0|0|0|0|0|0|0|0|0|0|0|0|0|0|0|0|0|0|0|0|0|0,0
Prince Edward Island,SUV,BEV,2025,0|0|0|0|0|0|0|0|0|0|0|0|0|0|0|0|0|0|0|0|0|0|0|0|0|0|0|0|0|0|0,0
Prince Edward Island,SUV,BEV,2026,0|0|0|0|0|0|0|0|0|0|0|0|0|0|0|0|0|0|0|0|0|0|0|0|0|0|0|0|0|0|0,0
Prince Edward Island,SUV,BEV,2027,0|0|0|0|0|0|0|0|0|0|0|0|0|0|0|0|0|0|0|0|0|0|0|0|0|0|0|0|0|0|0,0
Prince Edward Island,SUV,BEV,2028,0|0|0|0|0|0|0|0|0|0|0|0|0|0|0|0|0|0|0|0|0|0|0|0|0|0|0|0|0|0|0,0
Prince Edward Island,SUV,BEV,2029,0|0|0|0|0|0|0|0|0|0|0|0|0|0|0|0|0|0|0|0|0|0|0|0|0|0|0|0|0|0|0,0
Prince Edward Island,SUV,BEV,2030,0|0|0|0|0|0|0|0|0|0|0|0|0|0|0|0|0|0|0|0|0|0|0|0|0|0|0|0|0|0|0,0
Prince Edward Island,SUV,BEV,2031,0|0|0|0|0|0|0|1|1|1|0|0|0|0|0|0|0|0|0|0|0|0|0|0|0|0|0|0|0|0|0,3
Prince Edward Island,SUV,BEV,2032,0|0|0|0|1|1|1|1|3|3|3|0|0|0|0|0|0|0|0|0|0|0|0|0|0|0|0|0|0|0|0,13
Prince Edward Island,SUV,BEV,2033,0|0|0|1|1|3|3|3|3|5|5|5|0|0|0|0|0|0|0|0|0|0|0|0|0|0|0|0|0|0|0,29
Prince Edward Island,SUV,BEV,2034,0|0|0|1|2|3|5|5|5|5|10|9|7|0|0|0|0|0|0|0|0|0|0|0|0|0|0|0|0|0|0,52
Prince Edward Island,SUV,BEV,2035,0|0|1|1|3|4|5|10|10|10|10|16|14|7|0|0|0|0|0|0|0|0|0|0|0|0|0|0|0|0|0,91
Prince Edward Island,SUV,BEV,2036,0|0|1|2|3|5|8|10|16|17|17|17|24|14|7|0|0|0|0|0|0|0|0|0|0|0|0|0|0|0|0,141
Prince Edward Island,SUV,BEV,2037,0|0|1|3|4|6|10|13|17|26|27|27|27|23|13|6|0|0|0|0|0|0|0|0|0|0|0|0|0|0|0,203
Prince Edward Island,SUV,BEV,2038,0|0|1|3|6|8|11|17|22|28|40|41|39|26|23|13|6|0|0|0|0|0|0|0|0|0|0|0|0|0|0,284
Prince Edward Island,SUV,BEV,2039,0|0|1|3|6|11|13|19|27|34|45|59|60|39|26|22|12|6|0|0|0|0|0|0|0|0|0|0|0|0|0,383
Prince Edward Island,SUV,BEV,2040,0|1|1|4|6|11|18|22|31|42|54|67|86|59|38|25|21|11|5|0|0|0|0|0|0|0|0|0|0|0|0,502
Prince Edward Island,SUV,BEV,2041,0|1|3|4|7|11|19|28|36|49|64|80|98|84|58|37|23|19|10|4|0|0|0|0|0|0|0|0|0|0|0,635
Prince Edward Island,SUV,BEV,2042,0|1|4|6|8|13|19|29|43|56|74|95|116|97|82|56|35|22|17|9|4|0|0|0|0|0|0|0|0|0|0,786
Prince Edward Island,SUV,BEV,2043,0|1|4|7|11|14|21|32|46|65|85|109|136|114|95|80|53|32|19|15|7|3|0|0|0|0|0|0|0|0|0,949
Prince Edward Island,SUV,BEV,2044,0|1|4|7|12|18|24|34|50|71|96|127|156|134|112|92|76|49|29|17|12|5|2|0|0|0|0|0|0|0|0,1128
Prince Edward Island,SUV,BEV,2045,0|2|4|7|13|19|29|38|54|78|106|142|182|154|131|108|87|70|44|25|14|9|4|1|0|0|0|0|0|0|0,1321
Prince Edward Island,SUV,BEV,2046,0|2|5|7|13|20|30|45|59|84|117|157|204|179|151|126|102|80|63|38|20|11|7|3|1|0|0|0|0|0|0,1524
Prince Edward Island,SUV,BEV,2047,0|2|5|9|13|22|32|46|69|90|126|172|225|201|175|145|120|95|72|54|31|16|8|5|2|1|0|0|0|0|0,1736
Prince Edward Island,SUV,BEV,2048,0|2|5|9|15|22|34|49|70|103|135|185|244|222|196|169|138|111|85|62|44|24|12|6|3|1|0|0|0|0|0,1946
Prince Edward Island,SUV,BEV,2049,0|2|5|9|15|24|35|52|75|106|150|199|265|240|217|189|161|128|99|73|50|34|18|8|4|2|1|0|0|0|0,2161
Prince Edward Island,SUV,BEV,2050,0|2|5|9|15|24|37|55|79|112|156|217|282|261|235|209|180|149|114|85|60|39|25|13|6|3|1|1|0|0|0,2374
Prince Edward Island,SUV,PHEV,2020,0|0|0|0|0|0|0|0|0|0|0|0|0|0|0|0|0|0|0|0|0|0|0|0|0|0|0|0|0|0|0,0
Prince Edward Island,SUV,PHEV,2021,0|0|0|0|0|0|0|0|0|0|0|0|0|0|0|0|0|0|0|0|0|0|0|0|0|0|0|0|0|0|0,0
Prince Edward Island,SUV,PHEV,2022,0|0|0|0|0|0|0|0|0|0|0|0|0|0|0|0|0|0|0|0|0|0|0|0|0|0|0|0|0|0|0,0
Prince Edward Island,SUV,PHEV,2023,0|0|0|0|0|0|0|0|0|0|0|0|0|0|0|0|0|0|0|0|0|0|0|0|0|0|0|0|0|0|0,0
Prince Edward Island,SUV,PHEV,2024,0|0|0|0|0|0|0|0|0|0|0|0|0|0|0|0|0|0|0|0|0|0|0|0|0|0|0|0|0|0|0,0
Prince Edward Island,SUV,PHEV,2025,0|0|0|0|0|0|0|0|0|0|0|0|0|0|0|0|0|0|0|0|0|0|0|0|0|0|0|0|0|0|0,0
Prince Edward Island,SUV,PHEV,2026,0|0|0|0|0|0|0|0|0|0|0|0|0|0|0|0|0|0|0|0|0|0|0|0|0|0|0|0|0|0|0,0
Prince Edward Island,SUV,PHEV,2027,0|0|0|0|0|0|0|0|0|0|0|0|0|0|0|0|0|0|0|0|0|0|0|0|0|0|0|0|0|0|0,0
Prince Edward Island,SUV,PHEV,2028,0|0|0|0|0|0|0|0|0|0|0|0|0|0|0|0|0|0|0|0|0|0|0|0|0|0|0|0|0|0|0,0
Prince Edward Island,SUV,PHEV,2029,0|0|0|0|0|0|0|0|0|0|0|0|0|0|0|0|0|0|0|0|0|0|0|0|0|0|0|0|0|0|0,0
Prince Edward Island,SUV,PHEV,2030,0|0|0|0|0|0|0|0|0|0|0|0|0|0|0|0|0|0|0|0|0|0|0|0|0|0|0|0|0|0|0,0
Prince Edward Island,SUV,PHEV,2031,0|0|0|0|0|0|0|0|0|0|0|0|0|0|0|0|0|0|0|0|0|0|0|0|0|0|0|0|0|0|0,0
Prince Edward Island,SUV,PHEV,2032,0|0|0|0|0|0|0|0|1|0|0|0|0|0|0|0|0|0|0|0|0|0|0|0|0|0|0|0|0|0|0,1
Prince Edward Island,SUV,PHEV,2033,0|0|0|0|0|0|0|0|0|3|1|0|0|0|0|0|0|0|0|0|0|0|0|0|0|0|0|0|0|0|0,4
Prince Edward Island,SUV,PHEV,2034,0|0|0|0|0|0|0|0|0|0|5|3|0|0|0|0|0|0|0|0|0|0|0|0|0|0|0|0|0|0|0,8
Prince Edward Island,SUV,PHEV,2035,0|0|0|0|0|0|0|0|1|1|0|9|5|0|0|0|0|0|0|0|0|0|0|0|0|0|0|0|0|0|0,16
Prince Edward Island,SUV,PHEV,2036,0|0|0|0|0|0|0|1|1|2|2|1|14|5|0|0|0|0|0|0|0|0|0|0|0|0|0|0|0|0|0,26
Prince Edward Island,SUV,PHEV,2037,0|0|0|0|0|0|0|1|2|3|4|4|3|14|5|0|0|0|0|0|0|0|0|0|0|0|0|0|0|0|0,36
Prince Edward Island,SUV,PHEV,2038,0|0|0|0|0|0|1|1|3|4|5|6|6|3|13|5|0|0|0|0|0|0|0|0|0|0|0|0|0|0|0,47
Prince Edward Island,SUV,PHEV,2039,0|0|0|0|0|0|1|3|3|5|6|9|11|6|3|13|4|0|0|0|0|0|0|0|0|0|0|0|0|0|0,64
Prince Edward Island,SUV,PHEV,2040,0|0|0|0|0|0|1|3|5|5|9|11|14|11|6|3|12|4|0|0|0|0|0|0|0|0|0|0|0|0|0,84
Prince Edward Island,SUV,PHEV,2041,0|0|0|0|0|0|1|3|6|9|10|14|17|14|10|5|3|11|4|0|0|0|0|0|0|0|0|0|0|0|0,107
Prince Edward Island,SUV,PHEV,2042,0|0|0|0|0|0|1|3|6|11|14|17|21|16|13|10|5|2|10|3|0|0|0|0|0|0|0|0|0|0|0,132
Prince Edward Island,SUV,PHEV,2043,0|0|0|0|0|0|1|3|6|11|17|22|26|20|16|13|10|5|2|9|3|0|0|0|0|0|0|0|0|0|0,164
Prince Edward Island,SUV,PHEV,2044,0|0|0|0|0|0|1|4|6|11|19|26|31|25|20|16|12|9|4|2|7|2|0|0|0|0|0|0|0|0|0,195
Prince Edward Island,SUV,PHEV,2045,0|0|0|0|0|0|1|4|7|11|19|29|37|31|25|19|15|11|8|4|2|5|1|0|0|0|0|0|0|0|0,229
Prince Edward Island,SUV,PHEV,2046,0|0|0|0|0|0|1|4|7|12|19|29|40|37|30|24|18|14|10|7|3|1|4|1|0|0|0|0|0|0|0,261
Prince Edward Island,SUV,PHEV,2047,0|0|0|0|0|1|1|4|7|12|20|29|40|40|36|29|23|17|12|9|6|2|1|3|1|0|0|0|0|0|0,293
Prince Edward Island,SUV,PHEV,2048,0|0|0|0|0|1|3|4|7|12|20|30|40|40|39|35|28|21|15|11|7|4|2|1|2|0|0|0|0|0|0,322
Prince Edward Island,SUV,PHEV,2049,0|0|0|0|0|1|3|6|7|12|20|30|43|40|39|38|33|26|19|13|9|5|3|1|0|1|0|0|0|0|0,349
Prince Edward Island,SUV,PHEV,2050,0|0|0|0|0|1|3|6|9|13|20|30|43|43|39|38|36|31|23|16|11|7|4|2|1|0|1|0|0|0|0,377
Quebec,Car,BEV,2020,0|5|5|2|2|3|3|0|0|0|0|0|0|0|0|0|0|0|0|0|0|0|0|0|0|0|0|0|0|0|0,20
Quebec,Car,BEV,2021,0|5|12|12|7|6|8|8|0|0|0|0|0|0|0|0|0|0|0|0|0|0|0|0|0|0|0|0|0|0|0,58
Quebec,Car,BEV,2022,0|7|12|22|22|14|12|17|17|0|0|0|0|0|0|0|0|0|0|0|0|0|0|0|0|0|0|0|0|0|0,123
Quebec,Car,BEV,2023,0|10|17|24|39|39|26|22|29|29|0|0|0|0|0|0|0|0|0|0|0|0|0|0|0|0|0|0|0|0|0,235
Quebec,Car,BEV,2024,0|12|24|34|41|64|64|43|36|48|47|0|0|0|0|0|0|0|0|0|0|0|0|0|0|0|0|0|0|0|0,413
Quebec,Car,BEV,2025,0|12|30|48|60|68|104|103|69|58|76|71|0|0|0|0|0|0|0|0|0|0|0|0|0|0|0|0|0|0|0,699
Quebec,Car,BEV,2026,0|6|32|59|84|101|112|166|163|110|89|114|104|0|0|0|0|0|0|0|0|0|0|0|0|0|0|0|0|0|0,1140
Quebec,Car,BEV,2027,0|8|16|61|103|142|164|178|259|252|168|135|166|103|0|0|0|0|0|0|0|0|0|0|0|0|0|0|0|0|0,1755
Quebec,Car,BEV,2028,0|11|21|31|107|172|232|262|279|400|384|251|194|164|100|0|0|0|0|0|0|0|0|0|0|0|0|0|0|0|0,2608
Quebec,Car,BEV,2029,0|14|27|41|54|178|279|369|412|431|607|571|363|191|160|97|0|0|0|0|0|0|0|0|0|0|0|0|0|0|0,3794
Quebec,Car,BEV,2030,0|18|37|53|72|90|290|445|580|637|653|899|820|358|187|155|92|0|0|0|0|0|0|0|0|0|0|0|0|0|0,5386
Quebec,Car,BEV,2031,0|21|47|73|94|121|146|462|700|897|967|967|1291|808|350|180|147|85|0|0|0|0|0|0|0|0|0|0|0|0|0,7356
Quebec,Car,BEV,2032,0|24|55|92|129|157|195|233|725|1082|1362|1433|1388|1272|790|338|171|136|76|0|0|0|0|0|0|0|0|0|0|0|0,9658
Quebec,Car,BEV,2033,0|29|63|107|160|215|256|309|365|1119|1643|2018|2056|1367|1244|763|320|158|122|65|0|0|0|0|0|0|0|0|0|0|0,12379
Quebec,Car,BEV,2034,0|33|73|123|188|266|349|406|482|562|1698|2434|2895|2026|1336|1201|724|296|142|104|54|0|0|0|0|0|0|0|0|0|0,15392
Quebec,Car,BEV,2035,0|34|85|143|216|311|428|550|633|740|847|2513|3493|2853|1981|1291|1140|670|265|122|85|42|0|0|0|0|0|0|0|0|0,18442
Quebec,Car,BEV,2036,0|34|88|165|249|358|498|670|854|971|1114|1250|3604|3442|2788|1913|1225|1055|600|228|99|66|31|0|0|0|0|0|0|0|0,21302
Quebec,Car,BEV,2037,0|32|86|172|289|412|573|781|1031|1303|1459|1636|1785|3551|3364|2693|1815|1134|944|515|186|77|49|22|0|0|0|0|0|0|0,23909
Quebec,Car,BEV,2038,0|36|82|167|298|476|656|896|1200|1563|1949|2141|2329|1759|3471|3249|2555|1680|1015|810|421|145|57|35|15|0|0|0|0|0|0,27005
Quebec,Car,BEV,2039,0|38|92|161|292|492|756|1021|1374|1814|2328|2852|3046|2295|1719|3353|3083|2365|1504|871|663|327|107|41|24|10|0|0|0|0|0,30628
Quebec,Car,BEV,2040,0|41|99|180|285|485|784|1174|1558|2075|2696|3393|4045|3002|2244|1660|3181|2854|2117|1291|712|515|242|76|28|16|7|0|0|0|0,34760
Quebec,Car,BEV,2041,0|44|105|193|316|477|780|1222|1790|2339|3078|3920|4800|3986|2934|2167|1575|2944|2554|1817|1055|553|381|172|52|19|11|4|0|0|0,39288
Quebec,Car,BEV,2042,0|45|111|204|339|527|774|1228|1870|2687|3454|4472|5538|4730|3896|2834|2056|1458|2636|2193|1486|820|410|271|118|35|12|7|3|0|0,44214
Quebec,Car,BEV,2043,0|48|115|215|357|562|849|1230|1898|2819|3969|4999|6313|5457|4623|3763|2689|1903|1305|2262|1793|1155|607|291|186|79|23|8|4|2|0,49524
Quebec,Car,BEV,2044,0|51|124|225|375|592|902|1339|1919|2888|4181|5751|7040|6220|5334|4465|3570|2489|1703|1120|1850|1393|855|431|200|124|52|15|5|3|1,55217
Quebec,Car,BEV,2045,0|55|131|240|393|619|948|1415|2072|2943|4317|6078|8108|6937|6080|5152|4237|3305|2228|1462|916|1438|1031|607|296|134|82|34|10|3|2,61273
Quebec,Car,BEV,2046,0|56|140|254|418|649|988|1483|2177|3151|4428|6312|8590|7989|6781|5872|4888|3921|2958|1912|1196|712|1064|732|417|198|88|53|22|6|2,67457
Quebec,Car,BEV,2047,0|58|143|270|442|688|1034|1539|2275|3296|4704|6509|8955|8464|7809|6549|5572|4525|3510|2539|1564|929|527|755|503|279|130|57|34|14|4,73677
Quebec,Car,BEV,2048,0|60|149|277|468|727|1093|1608|2354|3430|4901|6870|9270|8824|8274|7542|6214|5157|4050|3013|2076|1215|688|374|519|337|184|85|37|22|9,79827
Quebec,Car,BEV,2049,0|60|154|289|483|768|1153|1694|2453|3539|5084|7130|9735|9135|8625|7990|7157|5752|4617|3476|2464|1613|899|488|257|347|221|119|55|24|14,85795
Quebec,Car,BEV,2050,0|61|154|296|502|794|1216|1782|2573|3677|5229|7375|10074|9592|8929|8330|7582|6624|5148|3963|2843|1915|1194|639|335|172|229|144|77|35|15,91499
Quebec,Car,PHEV,2020,0|2|5|5|4|2|3|0|0|0|0|0|0|0|0|0|0|0|0|0|0|0|0|0|0|0|0|0|0|0|0,21
Quebec,Car,PHEV,2021,0|2|7|12|12|10|7|8|0|0|0|0|0|0|0|0|0|0|0|0|0|0|0|0|0|0|0|0|0|0|0,58
Quebec,Car,PHEV,2022,0|4|4|14|24|22|20|13|17|0|0|0|0|0|0|0|0|0|0|0|0|0|0|0|0|0|0|0|0|0|0,118
Quebec,Car,PHEV,2023,0|2|10|9|25|43|37|34|23|30|0|0|0|0|0|0|0|0|0|0|0|0|0|0|0|0|0|0|0|0|0,213
Quebec,Car,PHEV,2024,0|5|7|20|16|42|74|61|56|37|49|0|0|0|0|0|0|0|0|0|0|0|0|0|0|0|0|0|0|0|0,367
Quebec,Car,PHEV,2025,0|5|12|15|35|27|68|122|97|90|58|75|0|0|0|0|0|0|0|0|0|0|0|0|0|0|0|0|0|0|0,604
Quebec,Car,PHEV,2026,0|2|13|23|27|58|44|108|194|152|137|86|111|0|0|0|0|0|0|0|0|0|0|0|0|0|0|0|0|0|0,955
Quebec,Car,PHEV,2027,0|3|5|25|40|47|94|71|170|304|232|205|125|110|0|0|0|0|0|0|0|0|0|0|0|0|0|0|0|0|0,1431
Quebec,Car,PHEV,2028,0|4|7|9|43|67|77|150|113|261|465|346|296|123|107|0|0|0|0|0|0|0|0|0|0|0|0|0|0|0|0,2068
Quebec,Car,PHEV,2029,0|4|10|13|15|72|109|123|235|174|395|693|499|292|120|103|0|0|0|0|0|0|0|0|0|0|0|0|0|0|0,2857
Quebec,Car,PHEV,2030,0|5|12|18|22|25|117|173|193|363|264|588|997|491|285|116|98|0|0|0|0|0|0|0|0|0|0|0|0|0|0,3767
Quebec,Car,PHEV,2031,0|5|14|23|32|36|41|186|268|300|550|392|845|983|480|275|110|91|0|0|0|0|0|0|0|0|0|0|0|0|0,4631
Quebec,Car,PHEV,2032,0|7|13|27|39|53|56|63|290|412|455|815|563|832|960|464|261|102|81|0|0|0|0|0|0|0|0|0|0|0|0,5493
Quebec,Car,PHEV,2033,0|8|17|25|47|63|83|86|95|446|624|675|1168|554|814|928|440|242|91|70|0|0|0|0|0|0|0|0|0|0|0,6476
Quebec,Car,PHEV,2034,0|7|20|31|44|77|99|126|129|142|674|922|967|1151|542|786|880|407|216|78|57|0|0|0|0|0|0|0|0|0|0,7355
Quebec,Car,PHEV,2035,0|7|19|38|54|73|121|149|188|190|209|992|1321|953|1125|523|746|815|365|186|64|44|0|0|0|0|0|0|0|0|0,8182
Quebec,Car,PHEV,2036,0|6|19|37|66|88|116|183|219|276|276|298|1417|1301|931|1087|497|690|729|313|152|50|33|0|0|0|0|0|0|0|0,8784
Quebec,Car,PHEV,2037,0|5|16|38|64|108|139|180|270|319|397|392|412|1396|1272|899|1031|460|618|626|256|118|37|23|0|0|0|0|0|0|0,9076
Quebec,Car,PHEV,2038,0|6|14|31|67|105|170|213|271|393|455|562|542|406|1365|1228|853|954|411|530|512|199|87|26|16|0|0|0|0|0|0,9416
Quebec,Car,PHEV,2039,0|6|15|26|54|110|166|260|321|402|563|638|775|534|397|1318|1166|790|854|353|434|398|147|62|18|11|0|0|0|0|0,9818
Quebec,Car,PHEV,2040,0|6|15|29|47|90|173|257|389|477|586|792|876|764|522|383|1251|1079|707|733|289|337|294|105|43|12|7|0|0|0|0,10263
Quebec,Car,PHEV,2041,0|6|15|29|50|79|146|265|388|571|695|836|1090|863|747|504|364|1158|966|607|600|224|249|209|72|29|8|5|0|0|0,10775
Quebec,Car,PHEV,2042,0|7|16|30|51|84|129|230|398|579|826|996|1162|1074|843|721|478|336|1036|829|496|466|166|177|144|48|19|5|3|0|0,11349
Quebec,Car,PHEV,2043,0|8|17|32|53|87|136|207|356|591|848|1175|1389|1145|1050|815|684|442|301|889|678|386|345|118|122|96|32|12|3|2|0,12019
Quebec,Car,PHEV,2044,0|8|20|34|56|89|141|216|325|541|866|1221|1634|1369|1119|1014|773|634|396|259|727|527|285|245|81|81|63|21|8|2|1,12756
Quebec,Car,PHEV,2045,0|8|20|38|60|92|143|223|337|503|809|1246|1712|1610|1338|1081|962|715|567|340|211|565|390|203|168|54|54|41|13|5|1,13509
Quebec,Car,PHEV,2046,0|8|20|39|66|98|148|226|345|517|762|1182|1747|1687|1573|1292|1026|890|640|487|278|164|418|277|139|113|36|35|27|9|3,14252
Quebec,Car,PHEV,2047,0|8|20|39|68|107|156|232|348|526|778|1128|1677|1721|1649|1520|1226|949|797|550|398|216|122|297|190|93|74|23|22|17|5,14956
Quebec,Car,PHEV,2048,0|8|20|39|69|111|169|242|354|527|784|1142|1615|1653|1683|1593|1442|1135|850|684|449|309|160|86|204|127|61|48|15|14|11,15604
Quebec,Car,PHEV,2049,0|8|20|39|69|112|175|259|367|533|782|1143|1624|1591|1616|1625|1512|1335|1016|729|559|349|229|114|59|137|84|40|31|10|9,16176
Quebec,Car,PHEV,2050,0|7|19|38|68|112|176|267|387|546|786|1135|1616|1601|1555|1560|1542|1399|1195|872|596|435|259|163|78|40|90|54|26|20|6,16648
Quebec,SUV,BEV,2020,0|0|0|0|0|0|0|0|0|0|0|0|0|0|0|0|0|0|0|0|0|0|0|0|0|0|0|0|0|0|0,0
Quebec,SUV,BEV,2021,0|1|1|1|0|0|0|0|0|0|0|0|0|0|0|0|0|0|0|0|0|0|0|0|0|0|0|0|0|0|0,3
Quebec,SUV,BEV,2022,0|2|3|3|2|1|1|1|1|0|0|0|0|0|0|0|0|0|0|0|0|0|0|0|0|0|0|0|0|0|0,14
Quebec,SUV,BEV,2023,0|5|6|5|5|4|3|3|3|3|0|0|0|0|0|0|0|0|0|0|0|0|0|0|0|0|0|0|0|0|0,37
Quebec,SUV,BEV,2024,0|10|14|12|9|10|7|5|5|5|5|0|0|0|0|0|0|0|0|0|0|0|0|0|0|0|0|0|0|0|0,82
Quebec,SUV,BEV,2025,0|18|25|26|22|15|17|12|10|8|10|10|0|0|0|0|0|0|0|0|0|0|0|0|0|0|0|0|0|0|0,173
Quebec,SUV,BEV,2026,0|5|47|49|46|36|25|27|21|17|13|17|15|0|0|0|0|0|0|0|0|0|0|0|0|0|0|0|0|0|0,318
Quebec,SUV,BEV,2027,0|6|12|91|87|77|59|39|43|33|27|20|27|15|0|0|0|0|0|0|0|0|0|0|0|0|0|0|0|0|0,536
Quebec,SUV,BEV,2028,0|9|16|24|161|146|125|94|61|67|52|41|30|26|14|0|0|0|0|0|0|0|0|0|0|0|0|0|0|0|0,866
Quebec,SUV,BEV,2029,0|12|21|31|41|269|238|200|148|95|100|78|60|29|26|14|0|0|0|0|0|0|0|0|0|0|0|0|0|0|0,1362
Quebec,SUV,BEV,2030,0|15|30|41|55|69|438|379|315|228|142|148|113|59|28|25|13|0|0|0|0|0|0|0|0|0|0|0|0|0|0,2098
Quebec,SUV,BEV,2031,0|18|37|58|73|92|113|699|596|488|346|210|213|111|58|27|23|12|0|0|0|0|0|0|0|0|0|0|0|0|0,3174
Quebec,SUV,BEV,2032,0|22|45|72|102|123|150|180|1097|923|743|513|301|210|109|56|26|22|11|0|0|0|0|0|0|0|0|0|0|0|0,4705
Quebec,SUV,BEV,2033,0|26|56|89|127|171|201|240|281|1697|1402|1102|738|297|206|105|53|24|19|9|0|0|0|0|0|0|0|0|0|0|0,6843
Quebec,SUV,BEV,2034,0|34|68|110|156|212|278|320|376|434|2577|2079|1584|727|290|199|100|49|22|17|8|0|0|0|0|0|0|0|0|0|0,9640
Quebec,SUV,BEV,2035,0|41|88|134|192|261|345|443|504|581|660|3821|2986|1561|710|280|188|92|44|19|14|6|0|0|0|0|0|0|0|0|0,12970
Quebec,SUV,BEV,2036,0|44|105|171|236|320|422|549|696|780|881|978|5486|2942|1526|686|266|174|83|38|15|11|4|0|0|0|0|0|0|0|0,16413
Quebec,SUV,BEV,2037,0|38|113|202|299|392|516|669|860|1076|1183|1305|1402|5406|2876|1474|651|246|156|71|31|12|8|3|0|0|0|0|0|0|0,18989
Quebec,SUV,BEV,2038,0|44|97|217|349|494|628|817|1044|1324|1631|1752|1870|1382|5284|2777|1398|603|220|134|58|24|9|6|2|0|0|0|0|0|0,22164
Quebec,SUV,BEV,2039,0|49|113|190|375|572|788|986|1268|1603|2003|2412|2513|1843|1351|5103|2635|1294|539|189|110|45|18|6|4|1|0|0|0|0|0,26010
Quebec,SUV,BEV,2040,0|52|125|221|336|615|905|1228|1520|1936|2416|2955|3456|2476|1802|1304|4843|2439|1159|463|154|85|33|13|4|3|1|0|0|0|0,30544
Quebec,SUV,BEV,2041,0|55|134|244|390|563|973|1401|1878|2302|2903|3554|4222|3405|2420|1740|1238|4482|2183|994|379|120|63|24|9|3|2|1|0|0|0,35682
Quebec,SUV,BEV,2042,0|59|142|261|428|651|914|1505|2128|2827|3426|4253|5066|4161|3328|2337|1651|1146|4012|1874|813|294|89|45|16|6|2|1|0|0|0,41435
Quebec,SUV,BEV,2043,0|62|151|277|459|712|1052|1456|2295|3187|4186|4991|6043|4992|4067|3214|2218|1528|1026|3444|1532|632|218|63|31|11|4|1|1|0|0,47853
Quebec,SUV,BEV,2044,0|65|159|292|484|763|1146|1663|2280|3450|4704|6075|7059|5955|4879|3928|3050|2053|1368|880|2816|1191|468|155|43|21|7|2|1|0|0,54957
Quebec,SUV,BEV,2045,0|70|167|308|510|802|1227|1805|2582|3511|5113|6811|8573|6956|5821|4712|3727|2823|1837|1174|720|2188|882|332|106|29|14|5|2|1|0,62808
Quebec,SUV,BEV,2046,0|74|178|325|538|844|1289|1929|2793|3942|5308|7433|9599|8448|6799|5621|4472|3450|2527|1577|960|559|1620|626|228|71|19|9|3|1|0,71242
Quebec,SUV,BEV,2047,0|77|187|346|567|889|1354|2022|2979|4250|5909|7832|10508|9459|8257|6567|5334|4139|3088|2169|1290|746|414|1150|430|153|47|12|6|2|1,80184
Quebec,SUV,BEV,2048,0|80|195|361|602|937|1423|2119|3115|4525|6354|8661|11194|10354|9246|7975|6231|4937|3705|2650|1774|1002|552|294|790|288|100|30|8|4|1,89507
Quebec,SUV,BEV,2049,0|81|203|378|627|991|1495|2220|3257|4721|6751|9290|12312|11030|10121|8929|7567|5767|4419|3180|2167|1378|742|392|202|529|189|65|20|5|2,99030
Quebec,SUV,BEV,2050,0|83|207|393|657|1032|1576|2327|3401|4923|7030|9853|13180|12132|10782|9775|8473|7004|5162|3793|2600|1684|1020|527|269|135|348|123|42|13|3,108547
Quebec,SUV,PHEV,2020,0|0|0|0|0|0|0|0|0|0|0|0|0|0|0|0|0|0|0|0|0|0|0|0|0|0|0|0|0|0|0,0
Quebec,SUV,PHEV,2021,0|0|1|1|0|0|0|0|0|0|0|0|0|0|0|0|0|0|0|0|0|0|0|0|0|0|0|0|0|0|0,2
Quebec,SUV,PHEV,2022,0|2|0|3|3|0|0|0|0|0|0|0|0|0|0|0|0|0|0|0|0|0|0|0|0|0|0|0|0|0|0,8
Quebec,SUV,PHEV,2023,0|2|4|1|5|5|0|0|0|0|0|0|0|0|0|0|0|0|0|0|0|0|0|0|0|0|0|0|0|0|0,17
Quebec,SUV,PHEV,2024,0|5|4|8|3|9|10|1|0|0|0|0|0|0|0|0|0|0|0|0|0|0|0|0|0|0|0|0|0|0|0,40
Quebec,SUV,PHEV,2025,0|7|11|9|14|5|15|16|2|1|0|1|0|0|0|0|0|0|0|0|0|0|0|0|0|0|0|0|0|0|0,81
Quebec,SUV,PHEV,2026,0|1|18|21|16|24|10|25|26|4|3|1|2|0|0|0|0|0|0|0|0|0|0|0|0|0|0|0|0|0|0,151
Quebec,SUV,PHEV,2027,0|1|2|35|37|28|38|17|39|40|6|5|3|2|0|0|0|0|0|0|0|0|0|0|0|0|0|0|0|0|0,253
Quebec,SUV,PHEV,2028,0|2|3|4|61|61|47|60|29|60|62|11|9|3|2|0|0|0|0|0|0|0|0|0|0|0|0|0|0|0|0,414
Quebec,SUV,PHEV,2029,0|2|5|6|8|102|99|76|94|46|90|90|17|9|3|2|0|0|0|0|0|0|0|0|0|0|0|0|0|0|0,649
Quebec,SUV,PHEV,2030,0|3|6|10|11|13|166|157|121|145|70|134|130|16|9|3|2|0|0|0|0|0|0|0|0|0|0|0|0|0|0,996
Quebec,SUV,PHEV,2031,0|3|9|12|18|19|22|266|246|188|223|105|191|128|16|8|3|2|0|0|0|0|0|0|0|0|0|0|0|0|0,1459
Quebec,SUV,PHEV,2032,0|6|9|17|21|29|31|36|418|381|287|331|152|188|125|16|8|2|1|0|0|0|0|0|0|0|0|0|0|0|0,2058
Quebec,SUV,PHEV,2033,0|7|15|18|30|35|47|50|57|646|579|427|475|150|184|121|15|7|2|1|0|0|0|0|0|0|0|0|0|0|0,2866
Quebec,SUV,PHEV,2034,0|8|17|27|32|49|56|75|79|89|981|858|613|468|147|177|115|14|6|2|1|0|0|0|0|0|0|0|0|0|0,3814
Quebec,SUV,PHEV,2035,0|10|22|34|46|55|79|90|118|120|135|1455|1231|604|457|142|168|106|12|6|2|1|0|0|0|0|0|0|0|0|0,4893
Quebec,SUV,PHEV,2036,0|10|26|43|60|76|90|125|140|181|182|201|2088|1213|590|442|135|156|95|11|5|1|1|0|0|0|0|0|0|0|0,5871
Quebec,SUV,PHEV,2037,0|7|25|50|73|99|122|143|192|214|272|269|287|2057|1186|570|419|125|140|81|9|4|1|0|0|0|0|0|0|0|0,6345
Quebec,SUV,PHEV,2038,0|8|17|48|86|119|157|191|221|293|321|402|384|283|2011|1145|541|388|111|120|67|7|3|1|0|0|0|0|0|0|0,6924
Quebec,SUV,PHEV,2039,0|8|19|33|82|138|187|245|292|338|436|471|573|379|277|1942|1087|501|347|96|98|52|5|2|0|0|0|0|0|0|0,7608
Quebec,SUV,PHEV,2040,0|8|20|37|58|132|213|287|371|439|504|635|670|565|370|267|1843|1006|448|298|78|76|38|4|1|0|0|0|0|0|0,8368
Quebec,SUV,PHEV,2041,0|9|21|39|65|98|205|321|431|553|650|732|898|660|552|358|253|1706|900|385|244|61|56|27|2|1|0|0|0|0|0,9227
Quebec,SUV,PHEV,2042,0|9|22|41|69|109|160|310|477|636|809|940|1034|885|645|533|339|235|1527|773|314|189|45|40|19|2|1|0|0|0|0,10163
Quebec,SUV,PHEV,2043,0|10|22|42|71|115|177|255|465|696|927|1162|1321|1019|865|623|506|314|210|1310|632|244|140|32|27|13|1|0|0|0|0,11199
Quebec,SUV,PHEV,2044,0|10|24|43|74|118|185|281|400|688|1006|1326|1626|1302|996|835|591|468|281|180|1072|491|181|100|22|18|8|1|0|0|0,12327
Quebec,SUV,PHEV,2045,0|11|24|47|76|122|189|291|436|617|1005|1431|1850|1602|1273|962|792|547|419|241|147|833|364|128|68|15|12|5|0|0|0,13507
Quebec,SUV,PHEV,2046,0|11|26|48|82|126|195|299|450|665|935|1444|1989|1823|1566|1229|913|733|490|360|197|115|616|258|88|46|10|8|3|0|0,14725
Quebec,SUV,PHEV,2047,0|11|27|51|83|134|201|304|461|685|997|1381|2024|1960|1782|1512|1166|845|656|420|294|153|85|438|177|59|30|6|5|2|0,15949
Quebec,SUV,PHEV,2048,0|11|27|52|88|137|213|312|469|699|1025|1462|1978|1994|1916|1721|1435|1079|756|563|344|229|114|60|300|119|39|20|4|3|1,17170
Quebec,SUV,PHEV,2049,0|11|27|53|89|143|218|329|478|709|1043|1499|2079|1949|1950|1851|1633|1328|966|649|461|267|169|81|41|201|78|25|13|3|2,18345
Quebec,SUV,PHEV,2050,0|11|27|53|91|144|225|336|499|719|1052|1522|2126|2048|1905|1883|1756|1511|1189|829|531|358|198|120|55|28|132|51|16|8|2,19425
Saskatchewan,Car,BEV,2020,0|0|0|0|0|0|0|0|0|0|0|0|0|0|0|0|0|0|0|0|0|0|0|0|0|0|0|0|0|0|0,0
Saskatchewan,Car,BEV,2021,0|0|0|0|0|0|0|0|0|0|0|0|0|0|0|0|0|0|0|0|0|0|0|0|0|0|0|0|0|0|0,0
Saskatchewan,Car,BEV,2022,0|0|0|0|0|0|0|0|0|0|0|0|0|0|0|0|0|0|0|0|0|0|0|0|0|0|0|0|0|0|0,0
Saskatchewan,Car,BEV,2023,0|0|0|0|0|0|0|0|0|0|0|0|0|0|0|0|0|0|0|0|0|0|0|0|0|0|0|0|0|0|0,0
Saskatchewan,Car,BEV,2024,0|0|0|0|0|0|0|0|0|0|0|0|0|0|0|0|0|0|0|0|0|0|0|0|0|0|0|0|0|0|0,0
Saskatchewan,Car,BEV,2025,0|0|0|0|0|0|0|0|0|0|0|0|0|0|0|0|0|0|0|0|0|0|0|0|0|0|0|0|0|0|0,0
Saskatchewan,Car,BEV,2026,0|0|0|0|0|0|0|0|0|0|0|0|0|0|0|0|0|0|0|0|0|0|0|0|0|0|0|0|0|0|0,0
Saskatchewan,Car,BEV,2027,0|0|0|0|0|0|0|0|0|0|0|0|0|0|0|0|0|0|0|0|0|0|0|0|0|0|0|0|0|0|0,0
Saskatchewan,Car,BEV,2028,0|0|1|1|0|0|0|0|0|0|0|0|0|0|0|0|0|0|0|0|0|0|0|0|0|0|0|0|0|0|0,2
Saskatchewan,Car,BEV,2029,0|1|1|2|3|0|1|1|1|1|1|1|0|0|0|0|0|0|0|0|0|0|0|0|0|0|0|0|0|0|0,13
Saskatchewan,Car,BEV,2030,0|1|3|3|4|5|1|3|3|3|3|3|2|0|0|0|0|0|0|0|0|0|0|0|0|0|0|0|0|0|0,34
Saskatchewan,Car,BEV,2031,0|1|3|5|5|8|10|3|5|5|5|5|5|2|0|0|0|0|0|0|0|0|0|0|0|0|0|0|0|0|0,62
Saskatchewan,Car,BEV,2032,0|2|3|5|10|10|13|17|5|9|10|9|7|5|2|0|0|0|0|0|0|0|0|0|0|0|0|0|0|0|0,107
Saskatchewan,Car,BEV,2033,0|2|4|7|10|16|18|22|27|10|14|17|14|7|5|2|0|0|0|0|0|0|0|0|0|0|0|0|0|0|0,175
Saskatchewan,Car,BEV,2034,0|2|4|8|12|18|26|30|35|41|16|22|26|14|7|5|2|0|0|0|0|0|0|0|0|0|0|0|0|0|0,268
Saskatchewan,Car,BEV,2035,0|2|5|9|14|21|30|41|47|55|63|25|32|25|13|6|4|2|0|0|0|0|0|0|0|0|0|0|0|0|0,394
Saskatchewan,Car,BEV,2036,0|3|6|10|16|24|34|47|64|74|83|94|36|32|25|13|6|4|1|0|0|0|0|0|0|0|0|0|0|0|0,572
Saskatchewan,Car,BEV,2037,0|3|7|11|18|26|39|54|74|98|112|125|135|36|31|24|12|6|4|1|0|0|0|0|0|0|0|0|0|0|0,816
Saskatchewan,Car,BEV,2038,0|3|8|13|20|30|43|62|86|116|148|167|179|133|35|30|23|11|5|3|1|0|0|0|0|0|0|0|0|0|0,1116
Saskatchewan,Car,BEV,2039,0|3|8|14|22|33|50|69|97|132|175|220|241|176|130|34|29|21|10|4|3|1|0|0|0|0|0|0|0|0|0,1472
Saskatchewan,Car,BEV,2040,0|3|8|15|25|37|53|80|109|150|201|259|315|237|172|125|32|27|19|9|4|2|1|0|0|0|0|0|0|0|0,1883
Saskatchewan,Car,BEV,2041,0|4|9|16|27|42|59|86|125|167|227|297|372|310|232|166|119|30|24|16|7|3|1|0|0|0|0|0|0|0|0,2339
Saskatchewan,Car,BEV,2042,0|4|10|18|28|44|67|93|135|192|252|337|426|366|303|224|158|110|27|20|13|5|2|1|0|0|0|0|0|0|0,2835
Saskatchewan,Car,BEV,2043,0|4|10|19|30|46|70|105|144|206|291|373|483|420|358|293|213|146|99|23|17|10|4|1|1|0|0|0|0|0|0,3366
Saskatchewan,Car,BEV,2044,0|4|10|20|32|50|73|108|160|219|312|430|535|476|410|346|278|197|131|85|19|13|8|3|1|0|0|0|0|0|0,3920
Saskatchewan,Car,BEV,2045,0|4|11|20|34|53|80|115|166|240|329|460|616|527|465|396|328|257|176|112|69|15|10|5|2|1|0|0|0|0|0,4491
Saskatchewan,Car,BEV,2046,0|5|11|21|36|56|84|124|176|250|356|483|657|607|515|449|376|304|230|151|92|54|11|7|4|1|0|0|0|0|0,5060
Saskatchewan,Car,BEV,2047,0|5|12|22|37|59|89|130|188|264|370|516|687|647|593|498|426|348|272|198|124|71|40|8|5|2|1|0|0|0|0,5612
Saskatchewan,Car,BEV,2048,0|5|12|23|38|62|94|138|196|282|390|538|730|677|633|573|472|394|311|233|162|96|53|28|5|3|2|1|0|0|0,6151
Saskatchewan,Car,BEV,2049,0|5|13|24|40|63|98|146|209|294|414|564|759|719|662|611|543|437|353|267|191|126|71|38|19|4|2|1|0|0|0,6673
Saskatchewan,Car,BEV,2050,0|5|13|25|42|66|102|153|220|313|432|598|794|748|703|639|580|503|391|303|219|148|93|51|26|13|2|1|1|0|0,7184
Saskatchewan,Car,PHEV,2020,0|0|0|0|0|0|0|0|0|0|0|0|0|0|0|0|0|0|0|0|0|0|0|0|0|0|0|0|0|0|0,0
Saskatchewan,Car,PHEV,2021,0|0|0|0|0|0|0|0|0|0|0|0|0|0|0|0|0|0|0|0|0|0|0|0|0|0|0|0|0|0|0,0
Saskatchewan,Car,PHEV,2022,0|0|0|0|0|0|0|0|0|0|0|0|0|0|0|0|0|0|0|0|0|0|0|0|0|0|0|0|0|0|0,0
Saskatchewan,Car,PHEV,2023,0|0|0|0|0|0|0|0|0|0|0|0|0|0|0|0|0|0|0|0|0|0|0|0|0|0|0|0|0|0|0,0
Saskatchewan,Car,PHEV,2024,0|0|0|0|0|0|0|0|0|0|0|0|0|0|0|0|0|0|0|0|0|0|0|0|0|0|0|0|0|0|0,0
Saskatchewan,Car,PHEV,2025,0|0|0|0|0|0|0|0|0|0|0|0|0|0|0|0|0|0|0|0|0|0|0|0|0|0|0|0|0|0|0,0
Saskatchewan,Car,PHEV,2026,0|0|0|0|0|0|0|0|0|0|0|0|0|0|0|0|0|0|0|0|0|0|0|0|0|0|0|0|0|0|0,0
Saskatchewan,Car,PHEV,2027,0|0|0|0|0|0|0|0|0|0|0|0|0|0|0|0|0|0|0|0|0|0|0|0|0|0|0|0|0|0|0,0
Saskatchewan,Car,PHEV,2028,0|0|0|0|0|0|0|0|0|0|1|1|1|0|0|0|0|0|0|0|0|0|0|0|0|0|0|0|0|0|0,3
Saskatchewan,Car,PHEV,2029,0|0|0|0|0|0|0|0|0|0|0|3|3|1|0|0|0|0|0|0|0|0|0|0|0|0|0|0|0|0|0,7
Saskatchewan,Car,PHEV,2030,0|0|0|0|0|0|0|0|0|0|0|1|5|3|1|0|0|0|0|0|0|0|0|0|0|0|0|0|0|0|0,10
Saskatchewan,Car,PHEV,2031,0|0|0|0|0|0|0|0|0|0|1|0|3|5|3|1|0|0|0|0|0|0|0|0|0|0|0|0|0|0|0,13
Saskatchewan,Car,PHEV,2032,0|0|0|0|0|1|1|1|1|1|1|3|1|3|5|3|1|0|0|0|0|0|0|0|0|0|0|0|0|0|0,22
Saskatchewan,Car,PHEV,2033,0|0|0|0|1|1|3|3|3|2|3|3|5|1|3|5|3|1|0|0|0|0|0|0|0|0|0|0|0|0|0,37
Saskatchewan,Car,PHEV,2034,0|0|0|0|1|2|3|5|5|5|4|5|5|5|1|3|4|2|1|0|0|0|0|0|0|0|0|0|0|0|0,51
Saskatchewan,Car,PHEV,2035,0|0|0|1|1|3|4|6|10|10|10|6|7|5|5|1|3|4|2|1|0|0|0|0|0|0|0|0|0|0|0,79
Saskatchewan,Car,PHEV,2036,0|0|0|1|2|3|5|8|11|16|16|16|10|7|5|5|1|2|4|2|1|0|0|0|0|0|0|0|0|0|0,115
Saskatchewan,Car,PHEV,2037,0|0|0|1|3|4|6|10|13|18|25|25|25|10|7|5|4|1|2|3|2|0|0|0|0|0|0|0|0|0|0,164
Saskatchewan,Car,PHEV,2038,0|0|0|1|3|5|8|11|16|22|28|37|35|24|9|6|4|4|1|2|3|1|0|0|0|0|0|0|0|0|0,220
Saskatchewan,Car,PHEV,2039,0|0|0|1|3|5|9|13|19|26|34|41|53|35|24|9|6|4|4|1|2|2|1|0|0|0|0|0|0|0|0,292
Saskatchewan,Car,PHEV,2040,0|0|0|1|3|6|10|15|22|30|39|50|59|52|34|23|9|6|4|3|1|1|1|1|0|0|0|0|0|0|0,370
Saskatchewan,Car,PHEV,2041,0|0|0|1|4|6|10|17|25|35|47|58|73|58|51|33|22|8|5|3|3|0|1|1|0|0|0|0|0|0|0,461
Saskatchewan,Car,PHEV,2042,0|0|0|1|4|7|10|17|27|40|55|69|84|72|57|49|31|20|7|4|3|2|0|1|1|0|0|0|0|0|0,561
Saskatchewan,Car,PHEV,2043,0|0|0|2|4|7|12|17|27|42|61|81|100|82|70|55|47|29|18|6|4|2|1|0|0|0|0|0|0|0|0,667
Saskatchewan,Car,PHEV,2044,0|0|0|2|5|7|12|19|27|42|63|90|117|99|81|68|52|43|26|15|5|3|1|1|0|0|0|0|0|0|0,778
Saskatchewan,Car,PHEV,2045,0|0|0|2|5|8|12|19|29|41|62|92|129|115|97|78|64|48|39|22|13|4|2|1|1|0|0|0|0|0|0,883
Saskatchewan,Car,PHEV,2046,0|0|0|2|5|9|13|19|30|44|61|91|131|127|113|93|74|59|43|33|18|10|3|1|1|0|0|0|0|0|0,980
Saskatchewan,Car,PHEV,2047,0|0|0|2|5|9|14|20|30|45|65|90|130|129|124|109|89|68|53|37|27|14|7|2|1|0|0|0|0|0|0,1070
Saskatchewan,Car,PHEV,2048,0|0|0|2|5|9|14|21|31|45|66|93|129|128|126|120|103|82|61|46|30|21|10|5|1|1|0|0|0|0|0,1149
Saskatchewan,Car,PHEV,2049,0|0|0|2|5|9|15|22|32|46|66|94|131|127|125|122|114|96|73|52|37|24|16|7|4|1|0|0|0|0|0,1220
Saskatchewan,Car,PHEV,2050,0|0|0|1|5|9|15|23|34|47|67|93|131|129|124|121|115|105|86|63|43|29|17|11|5|2|1|0|0|0|0,1276
Saskatchewan,SUV,BEV,2020,0|0|0|0|0|0|0|0|0|0|0|0|0|0|0|0|0|0|0|0|0|0|0|0|0|0|0|0|0|0|0,0
Saskatchewan,SUV,BEV,2021,0|0|0|0|0|0|0|0|0|0|0|0|0|0|0|0|0|0|0|0|0|0|0|0|0|0|0|0|0|0|0,0
Saskatchewan,SUV,BEV,2022,0|0|0|0|0|0|0|0|0|0|0|0|0|0|0|0|0|0|0|0|0|0|0|0|0|0|0|0|0|0|0,0
Saskatchewan,SUV,BEV,2023,0|0|0|0|0|0|0|0|0|0|0|0|0|0|0|0|0|0|0|0|0|0|0|0|0|0|0|0|0|0|0,0
Saskatchewan,SUV,BEV,2024,0|0|0|0|0|0|0|0|0|0|0|0|0|0|0|0|0|0|0|0|0|0|0|0|0|0|0|0|0|0|0,0
Saskatchewan,SUV,BEV,2025,0|0|0|0|0|0|0|0|0|0|0|0|0|0|0|0|0|0|0|0|0|0|0|0|0|0|0|0|0|0|0,0
Saskatchewan,SUV,BEV,2026,0|1|0|0|0|0|0|0|0|0|0|0|0|0|0|0|0|0|0|0|0|0|0|0|0|0|0|0|0|0|0,1
Saskatchewan,SUV,BEV,2027,0|1|2|0|0|0|0|0|0|0|0|0|0|0|0|0|0|0|0|0|0|0|0|0|0|0|0|0|0|0|0,3
Saskatchewan,SUV,BEV,2028,0|2|3|4|0|0|0|0|0|0|0|0|0|0|0|0|0|0|0|0|0|0|0|0|0|0|0|0|0|0|0,9
Saskatchewan,SUV,BEV,2029,0|2|4|5|7|1|1|1|0|0|0|0|0|0|0|0|0|0|0|0|0|0|0|0|0|0|0|0|0|0|0,21
Saskatchewan,SUV,BEV,2030,0|2|6|9|10|12|3|3|2|0|0|0|0|0|0|0|0|0|0|0|0|0|0|0|0|0|0|0|0|0|0,47
Saskatchewan,SUV,BEV,2031,0|3|7|12|16|17|22|5|5|4|1|0|0|0|0|0|0|0|0|0|0|0|0|0|0|0|0|0|0|0|0,92
Saskatchewan,SUV,BEV,2032,0|5|8|14|22|27|29|36|10|10|6|3|0|0|0|0|0|0|0|0|0|0|0|0|0|0|0|0|0|0|0,170
Saskatchewan,SUV,BEV,2033,0|5|12|17|26|36|44|48|58|17|17|11|5|0|0|0|0|0|0|0|0|0|0|0|0|0|0|0|0|0|0,296
Saskatchewan,SUV,BEV,2034,0|6|13|22|31|44|59|70|77|90|27|27|17|5|0|0|0|0|0|0|0|0|0|0|0|0|0|0|0|0|0,488
Saskatchewan,SUV,BEV,2035,0|8|16|25|39|53|72|94|111|121|135|40|38|16|5|0|0|0|0|0|0|0|0|0|0|0|0|0|0|0|0,773
Saskatchewan,SUV,BEV,2036,0|8|18|31|45|64|87|116|148|171|184|200|57|38|16|5|0|0|0|0|0|0|0|0|0|0|0|0|0|0|0,1188
Saskatchewan,SUV,BEV,2037,0|8|20|36|53|74|103|138|182|229|260|273|287|56|37|16|4|0|0|0|0|0|0|0|0|0|0|0|0|0|0,1776
Saskatchewan,SUV,BEV,2038,0|10|22|38|62|89|120|164|216|281|349|387|393|283|55|36|15|4|0|0|0|0|0|0|0|0|0|0|0|0|0,2524
Saskatchewan,SUV,BEV,2039,0|11|24|44|66|102|145|191|257|335|425|517|556|388|277|53|34|14|4|0|0|0|0|0|0|0|0|0|0|0|0,3443
Saskatchewan,SUV,BEV,2040,0|12|28|47|77|112|165|231|299|398|509|630|742|547|379|267|50|31|12|3|0|0|0|0|0|0|0|0|0|0|0,4539
Saskatchewan,SUV,BEV,2041,0|12|30|54|83|128|182|262|362|462|604|754|904|732|535|366|253|47|28|11|3|0|0|0|0|0|0|0|0|0|0,5812
Saskatchewan,SUV,BEV,2042,0|13|30|58|94|139|207|290|409|559|700|895|1082|890|715|517|347|235|42|24|9|2|0|0|0|0|0|0|0|0|0,7257
Saskatchewan,SUV,BEV,2043,0|14|34|60|101|155|225|326|453|630|846|1038|1283|1066|870|691|490|321|210|36|20|7|1|0|0|0|0|0|0|0|0,8877
Saskatchewan,SUV,BEV,2044,0|15|36|66|106|167|248|353|506|696|953|1253|1488|1265|1042|841|655|454|288|180|29|15|5|1|0|0|0|0|0|0|0,10662
Saskatchewan,SUV,BEV,2045,0|16|38|70|114|176|267|388|547|771|1049|1406|1796|1466|1236|1006|798|607|406|247|147|23|11|4|1|0|0|0|0|0|0,12590
Saskatchewan,SUV,BEV,2046,0|16|41|73|122|189|283|418|597|832|1154|1544|2009|1769|1433|1194|955|738|543|349|202|115|17|8|2|0|0|0|0|0|0,14603
Saskatchewan,SUV,BEV,2047,0|17|42|79|129|202|303|442|642|903|1246|1691|2202|1980|1730|1384|1133|884|661|466|285|157|85|12|6|2|0|0|0|0|0,16683
Saskatchewan,SUV,BEV,2048,0|17|43|81|137|213|322|472|679|971|1345|1821|2403|2169|1935|1670|1313|1048|791|567|381|222|116|60|8|4|1|0|0|0|0,18789
Saskatchewan,SUV,BEV,2049,0|18|43|84|141|226|339|501|722|1026|1441|1959|2584|2368|2121|1869|1585|1216|938|679|464|296|164|82|41|5|2|1|0|0|0,20915
Saskatchewan,SUV,BEV,2050,0|18|46|85|147|232|359|526|764|1086|1520|2096|2773|2546|2315|2048|1773|1467|1088|806|555|360|219|116|57|28|4|2|0|0|0,23036
Saskatchewan,SUV,PHEV,2020,0|0|0|0|0|0|0|0|0|0|0|0|0|0|0|0|0|0|0|0|0|0|0|0|0|0|0|0|0|0|0,0
Saskatchewan,SUV,PHEV,2021,0|0|0|0|0|0|0|0|0|0|0|0|0|0|0|0|0|0|0|0|0|0|0|0|0|0|0|0|0|0|0,0
Saskatchewan,SUV,PHEV,2022,0|0|0|0|0|0|0|0|0|0|0|0|0|0|0|0|0|0|0|0|0|0|0|0|0|0|0|0|0|0|0,0
Saskatchewan,SUV,PHEV,2023,0|0|0|0|0|0|0|0|0|0|0|0|0|0|0|0|0|0|0|0|0|0|0|0|0|0|0|0|0|0|0,0
Saskatchewan,SUV,PHEV,2024,0|0|0|0|0|0|0|0|0|0|0|0|0|0|0|0|0|0|0|0|0|0|0|0|0|0|0|0|0|0|0,0
Saskatchewan,SUV,PHEV,2025,0|0|0|0|0|0|0|0|0|0|0|0|0|0|0|0|0|0|0|0|0|0|0|0|0|0|0|0|0|0|0,0
Saskatchewan,SUV,PHEV,2026,0|0|0|0|0|0|0|0|0|0|0|0|0|0|0|0|0|0|0|0|0|0|0|0|0|0|0|0|0|0|0,0
Saskatchewan,SUV,PHEV,2027,0|0|0|0|0|0|0|0|0|0|0|0|0|0|0|0|0|0|0|0|0|0|0|0|0|0|0|0|0|0|0,0
Saskatchewan,SUV,PHEV,2028,0|0|0|0|0|0|0|0|0|0|0|0|0|0|0|0|0|0|0|0|0|0|0|0|0|0|0|0|0|0|0,0
Saskatchewan,SUV,PHEV,2029,0|0|0|0|0|0|0|0|0|0|0|0|0|0|0|0|0|0|0|0|0|0|0|0|0|0|0|0|0|0|0,0
Saskatchewan,SUV,PHEV,2030,0|0|0|1|1|1|1|1|0|0|0|0|0|0|0|0|0|0|0|0|0|0|0|0|0|0|0|0|0|0|0,5
Saskatchewan,SUV,PHEV,2031,0|0|1|1|3|3|3|3|3|1|1|0|0|0|0|0|0|0|0|0|0|0|0|0|0|0|0|0|0|0|0,19
Saskatchewan,SUV,PHEV,2032,0|0|1|2|3|5|5|5|5|5|2|2|0|0|0|0|0|0|0|0|0|0|0|0|0|0|0|0|0|0|0,35
Saskatchewan,SUV,PHEV,2033,0|1|1|3|4|5|9|9|10|10|8|4|4|0|0|0|0|0|0|0|0|0|0|0|0|0|0|0|0|0|0,68
Saskatchewan,SUV,PHEV,2034,0|1|3|3|5|8|10|15|15|16|17|13|6|4|0|0|0|0|0|0|0|0|0|0|0|0|0|0|0|0|0,116
Saskatchewan,SUV,PHEV,2035,0|1|3|5|7|10|13|17|25|24|26|27|20|6|4|0|0|0|0|0|0|0|0|0|0|0|0|0|0|0|0,188
Saskatchewan,SUV,PHEV,2036,0|1|3|6|10|12|17|22|27|38|36|39|39|19|6|4|0|0|0|0|0|0|0|0|0|0|0|0|0|0|0,279
Saskatchewan,SUV,PHEV,2037,0|1|3|6|11|17|21|27|35|42|58|53|55|39|19|5|3|0|0|0|0|0|0|0|0|0|0|0|0|0|0,395
Saskatchewan,SUV,PHEV,2038,0|1|4|6|11|19|27|33|42|55|64|86|77|54|38|18|5|3|0|0|0|0|0|0|0|0|0|0|0|0|0,543
Saskatchewan,SUV,PHEV,2039,0|1|4|8|11|19|31|43|53|65|84|95|124|76|53|37|17|5|3|0|0|0|0|0|0|0|0|0|0|0|0,729
Saskatchewan,SUV,PHEV,2040,0|2|4|8|14|19|32|49|67|83|98|126|138|122|74|51|35|16|4|2|0|0|0|0|0|0|0|0|0|0|0,944
Saskatchewan,SUV,PHEV,2041,0|2|5|9|14|23|32|52|76|104|126|146|181|136|119|71|49|32|14|4|2|0|0|0|0|0|0|0|0|0|0,1197
Saskatchewan,SUV,PHEV,2042,0|2|5|10|15|24|37|52|82|118|157|187|210|178|133|115|68|45|29|12|3|2|0|0|0|0|0|0|0|0|0,1484
Saskatchewan,SUV,PHEV,2043,0|2|5|10|16|25|39|58|82|126|178|232|268|207|174|128|109|63|40|25|10|2|1|0|0|0|0|0|0|0|0,1800
Saskatchewan,SUV,PHEV,2044,0|2|6|10|17|27|40|61|90|127|190|262|330|265|203|168|122|101|56|35|20|8|2|1|0|0|0|0|0|0|0,2143
Saskatchewan,SUV,PHEV,2045,0|2|6|11|17|28|43|63|95|137|194|280|375|326|259|196|160|112|91|48|28|16|6|1|1|0|0|0|0|0|0,2495
Saskatchewan,SUV,PHEV,2046,0|2|6|11|18|29|45|67|97|143|206|286|400|369|318|250|186|148|101|78|39|22|12|4|1|0|0|0|0|0|0,2838
Saskatchewan,SUV,PHEV,2047,0|2|6|11|20|31|47|71|102|147|214|301|408|394|361|307|237|172|132|86|64|31|16|8|3|1|0|0|0|0|0,3172
Saskatchewan,SUV,PHEV,2048,0|2|6|11|20|33|49|73|107|153|220|312|428|402|385|349|292|219|154|114|71|49|23|12|6|2|0|0|0|0|0,3492
Saskatchewan,SUV,PHEV,2049,0|2|6|11|20|33|52|76|110|159|226|319|440|421|393|372|331|270|196|132|93|55|37|16|8|4|1|0|0|0|0,3783
Saskatchewan,SUV,PHEV,2050,0|2|6|11|20|33|52|80|115|163|233|328|449|434|412|380|353|306|242|169|108|72|41|26|11|5|2|1|0|0|0,4054
Yukon,Car,BEV,2020,0|0|0|0|0|0|0|0|0|0|0|0|0|0|0|0|0|0|0|0|0|0|0|0|0|0|0|0|0|0|0,0
Yukon,Car,BEV,2021,0|0|0|0|0|0|0|0|0|0|0|0|0|0|0|0|0|0|0|0|0|0|0|0|0|0|0|0|0|0|0,0
Yukon,Car,BEV,2022,0|0|0|0|0|0|0|0|0|0|0|0|0|0|0|0|0|0|0|0|0|0|0|0|0|0|0|0|0|0|0,0
Yukon,Car,BEV,2023,0|0|0|0|0|0|0|0|0|0|0|0|0|0|0|0|0|0|0|0|0|0|0|0|0|0|0|0|0|0|0,0
Yukon,Car,BEV,2024,0|0|0|0|0|0|0|0|0|0|0|0|0|0|0|0|0|0|0|0|0|0|0|0|0|0|0|0|0|0|0,0
Yukon,Car,BEV,2025,0|0|0|0|0|0|0|0|0|0|0|0|0|0|0|0|0|0|0|0|0|0|0|0|0|0|0|0|0|0|0,0
Yukon,Car,BEV,2026,0|0|0|0|0|0|0|0|0|0|0|0|0|0|0|0|0|0|0|0|0|0|0|0|0|0|0|0|0|0|0,0
Yukon,Car,BEV,2027,0|0|0|0|0|0|0|0|0|0|0|0|0|0|0|0|0|0|0|0|0|0|0|0|0|0|0|0|0|0|0,0
Yukon,Car,BEV,2028,0|0|0|0|0|0|0|0|0|0|0|0|0|0|0|0|0|0|0|0|0|0|0|0|0|0|0|0|0|0|0,0
Yukon,Car,BEV,2029,0|0|0|0|0|0|0|0|0|0|0|0|0|0|0|0|0|0|0|0|0|0|0|0|0|0|0|0|0|0|0,0
Yukon,Car,BEV,2030,0|0|0|0|0|0|0|0|0|0|0|0|0|0|0|0|0|0|0|0|0|0|0|0|0|0|0|0|0|0|0,0
Yukon,Car,BEV,2031,0|0|0|0|0|0|0|0|0|0|0|0|0|0|0|0|0|0|0|0|0|0|0|0|0|0|0|0|0|0|0,0
Yukon,Car,BEV,2032,0|0|0|0|0|0|0|0|0|0|0|0|0|0|0|0|0|0|0|0|0|0|0|0|0|0|0|0|0|0|0,0
Yukon,Car,BEV,2033,0|0|0|0|0|0|0|0|0|0|0|0|0|0|0|0|0|0|0|0|0|0|0|0|0|0|0|0|0|0|0,0
Yukon,Car,BEV,2034,0|0|0|0|0|0|0|0|0|0|0|0|1|0|0|0|0|0|0|0|0|0|0|0|0|0|0|0|0|0|0,1
Yukon,Car,BEV,2035,0|0|0|0|0|0|0|0|0|0|0|0|1|1|0|0|0|0|0|0|0|0|0|0|0|0|0|0|0|0|0,2
Yukon,Car,BEV,2036,0|0|0|0|0|0|0|0|1|1|1|1|1|1|1|0|0|0|0|0|0|0|0|0|0|0|0|0|0|0|0,7
Yukon,Car,BEV,2037,0|0|0|0|0|0|0|0|1|2|3|3|3|1|1|1|0|0|0|0|0|0|0|0|0|0|0|0|0|0|0,15
Yukon,Car,BEV,2038,0|0|0|0|0|0|0|1|1|3|4|5|5|3|1|1|1|0|0|0|0|0|0|0|0|0|0|0|0|0|0,25
Yukon,Car,BEV,2039,0|0|0|0|0|0|0|1|2|3|5|6|7|5|3|1|1|1|0|0|0|0|0|0|0|0|0|0|0|0|0,35
Yukon,Car,BEV,2040,0|0|0|0|0|0|0|1|3|4|5|9|11|7|5|3|1|1|1|0|0|0|0|0|0|0|0|0|0|0|0,51
Yukon,Car,BEV,2041,0|0|0|0|0|0|0|1|3|5|6|10|14|11|7|5|3|1|1|1|0|0|0|0|0|0|0|0|0|0|0,68
Yukon,Car,BEV,2042,0|0|0|0|0|0|0|1|3|5|9|11|15|14|10|6|4|2|1|1|1|0|0|0|0|0|0|0|0|0|0,83
Yukon,Car,BEV,2043,0|0|0|0|0|0|0|1|3|6|10|14|17|15|13|10|6|4|2|1|1|0|0|0|0|0|0|0|0|0|0,103
Yukon,Car,BEV,2044,0|0|0|0|0|0|1|1|3|6|11|16|21|16|14|13|10|6|4|2|1|0|0|0|0|0|0|0|0|0|0,125
Yukon,Car,BEV,2045,0|0|0|0|0|0|1|2|4|6|11|17|24|20|16|14|12|9|5|3|2|0|0|0|0|0|0|0|0|0|0,146
Yukon,Car,BEV,2046,0|0|0|0|0|0|1|2|5|7|11|17|25|23|20|16|13|11|8|4|3|1|0|0|0|0|0|0|0|0|0,167
Yukon,Car,BEV,2047,0|0|0|0|0|0|1|3|5|8|12|19|26|24|23|19|15|12|10|7|4|2|1|0|0|0|0|0|0|0|0,191
Yukon,Car,BEV,2048,0|0|0|0|0|0|1|4|6|9|13|20|29|25|24|22|18|14|11|9|6|3|1|1|0|0|0|0|0|0|0,216
Yukon,Car,BEV,2049,0|0|0|0|0|0|1|4|7|10|14|21|30|28|25|23|21|17|12|9|7|4|2|1|0|0|0|0|0|0|0,236
Yukon,Car,BEV,2050,0|0|0|0|0|0|1|4|7|11|15|22|31|29|27|24|22|19|15|11|8|5|3|1|1|0|0|0|0|0|0,256
Yukon,Car,PHEV,2020,0|0|0|0|0|0|0|0|0|0|0|0|0|0|0|0|0|0|0|0|0|0|0|0|0|0|0|0|0|0|0,0
Yukon,Car,PHEV,2021,0|0|0|0|0|0|0|0|0|0|0|0|0|0|0|0|0|0|0|0|0|0|0|0|0|0|0|0|0|0|0,0
Yukon,Car,PHEV,2022,0|0|0|0|0|0|0|0|0|0|0|0|0|0|0|0|0|0|0|0|0|0|0|0|0|0|0|0|0|0|0,0
Yukon,Car,PHEV,2023,0|0|0|0|0|0|0|0|0|0|0|0|0|0|0|0|0|0|0|0|0|0|0|0|0|0|0|0|0|0|0,0
Yukon,Car,PHEV,2024,0|0|0|0|0|0|0|0|0|0|0|0|0|0|0|0|0|0|0|0|0|0|0|0|0|0|0|0|0|0|0,0
Yukon,Car,PHEV,2025,0|0|0|0|0|0|0|0|0|0|0|0|0|0|0|0|0|0|0|0|0|0|0|0|0|0|0|0|0|0|0,0
Yukon,Car,PHEV,2026,0|0|0|0|0|0|0|0|0|0|0|0|0|0|0|0|0|0|0|0|0|0|0|0|0|0|0|0|0|0|0,0
Yukon,Car,PHEV,2027,0|0|0|0|0|0|0|0|0|0|0|0|0|0|0|0|0|0|0|0|0|0|0|0|0|0|0|0|0|0|0,0
Yukon,Car,PHEV,2028,0|0|0|0|0|0|0|0|0|0|0|0|0|0|0|0|0|0|0|0|0|0|0|0|0|0|0|0|0|0|0,0
Yukon,Car,PHEV,2029,0|0|0|0|0|0|0|0|0|0|0|0|0|0|0|0|0|0|0|0|0|0|0|0|0|0|0|0|0|0|0,0
Yukon,Car,PHEV,2030,0|0|0|0|0|0|0|0|0|0|0|0|0|0|0|0|0|0|0|0|0|0|0|0|0|0|0|0|0|0|0,0
Yukon,Car,PHEV,2031,0|0|0|0|0|0|0|0|0|0|0|0|0|0|0|0|0|0|0|0|0|0|0|0|0|0|0|0|0|0|0,0
Yukon,Car,PHEV,2032,0|0|0|0|0|0|0|0|0|0|0|0|0|0|0|0|0|0|0|0|0|0|0|0|0|0|0|0|0|0|0,0
Yukon,Car,PHEV,2033,0|0|0|0|0|0|0|0|0|0|0|0|0|0|0|0|0|0|0|0|0|0|0|0|0|0|0|0|0|0|0,0
Yukon,Car,PHEV,2034,0|0|0|0|0|0|0|0|0|0|0|0|0|0|0|0|0|0|0|0|0|0|0|0|0|0|0|0|0|0|0,0
Yukon,Car,PHEV,2035,0|0|0|0|0|0|0|0|0|0|0|0|0|0|0|0|0|0|0|0|0|0|0|0|0|0|0|0|0|0|0,0
Yukon,Car,PHEV,2036,0|0|0|0|0|0|0|0|0|0|0|0|0|0|0|0|0|0|0|0|0|0|0|0|0|0|0|0|0|0|0,0
Yukon,Car,PHEV,2037,0|0|0|0|0|0|0|0|0|0|0|0|0|0|0|0|0|0|0|0|0|0|0|0|0|0|0|0|0|0|0,0
Yukon,Car,PHEV,2038,0|0|0|0|0|0|0|0|0|0|0|0|0|0|0|0|0|0|0|0|0|0|0|0|0|0|0|0|0|0|0,0
Yukon,Car,PHEV,2039,0|0|0|0|0|0|0|0|0|0|0|0|0|0|0|0|0|0|0|0|0|0|0|0|0|0|0|0|0|0|0,0
Yukon,Car,PHEV,2040,0|0|0|0|0|0|0|0|0|0|0|0|0|0|0|0|0|0|0|0|0|0|0|0|0|0|0|0|0|0|0,0
Yukon,Car,PHEV,2041,0|0|0|0|0|0|0|0|0|0|0|0|1|0|0|0|0|0|0|0|0|0|0|0|0|0|0|0|0|0|0,1
Yukon,Car,PHEV,2042,0|0|0|0|0|0|0|0|0|0|0|1|1|1|0|0|0|0|0|0|0|0|0|0|0|0|0|0|0|0|0,3
Yukon,Car,PHEV,2043,0|0|0|0|0|0|0|0|0|0|0|1|2|1|1|0|0|0|0|0|0|0|0|0|0|0|0|0|0|0|0,5
Yukon,Car,PHEV,2044,0|0|0|0|0|0|0|0|0|0|0|1|2|2|1|1|0|0|0|0|0|0|0|0|0|0|0|0|0|0|0,7
Yukon,Car,PHEV,2045,0|0|0|0|0|0|0|0|0|0|0|1|3|2|2|1|1|0|0|0|0|0|0|0|0|0|0|0|0|0|0,10
Yukon,Car,PHEV,2046,0|0|0|0|0|0|0|0|0|0|0|1|2|3|2|2|1|1|0|0|0|0|0|0|0|0|0|0|0|0|0,12
Yukon,Car,PHEV,2047,0|0|0|0|0|0|0|0|0|0|0|1|2|2|3|2|2|1|1|0|0|0|0|0|0|0|0|0|0|0|0,14
Yukon,Car,PHEV,2048,0|0|0|0|0|0|0|0|0|0|0|1|2|2|2|3|2|2|1|1|0|0|0|0|0|0|0|0|0|0|0,16
Yukon,Car,PHEV,2049,0|0|0|0|0|0|0|0|0|0|0|1|2|2|2|2|3|2|1|1|1|0|0|0|0|0|0|0|0|0|0,17
Yukon,Car,PHEV,2050,0|0|0|0|0|0|0|0|0|0|0|1|2|2|2|2|2|2|1|1|1|0|0|0|0|0|0|0|0|0|0,16
Yukon,SUV,BEV,2020,0|0|0|0|0|0|0|0|0|0|0|0|0|0|0|0|0|0|0|0|0|0|0|0|0|0|0|0|0|0|0,0
Yukon,SUV,BEV,2021,0|0|0|0|0|0|0|0|0|0|0|0|0|0|0|0|0|0|0|0|0|0|0|0|0|0|0|0|0|0|0,0
Yukon,SUV,BEV,2022,0|0|0|0|0|0|0|0|0|0|0|0|0|0|0|0|0|0|0|0|0|0|0|0|0|0|0|0|0|0|0,0
Yukon,SUV,BEV,2023,0|0|0|0|0|0|0|0|0|0|0|0|0|0|0|0|0|0|0|0|0|0|0|0|0|0|0|0|0|0|0,0
Yukon,SUV,BEV,2024,0|0|0|0|0|0|0|0|0|0|0|0|0|0|0|0|0|0|0|0|0|0|0|0|0|0|0|0|0|0|0,0
Yukon,SUV,BEV,2025,0|0|0|0|0|0|0|0|0|0|0|0|0|0|0|0|0|0|0|0|0|0|0|0|0|0|0|0|0|0|0,0
Yukon,SUV,BEV,2026,0|0|0|0|0|0|0|0|0|0|0|0|0|0|0|0|0|0|0|0|0|0|0|0|0|0|0|0|0|0|0,0
Yukon,SUV,BEV,2027,0|0|0|0|0|0|0|0|0|0|0|0|0|0|0|0|0|0|0|0|0|0|0|0|0|0|0|0|0|0|0,0
Yukon,SUV,BEV,2028,0|0|0|0|0|0|0|0|0|0|0|0|0|0|0|0|0|0|0|0|0|0|0|0|0|0|0|0|0|0|0,0
Yukon,SUV,BEV,2029,0|0|0|0|0|0|0|0|0|0|0|0|0|0|0|0|0|0|0|0|0|0|0|0|0|0|0|0|0|0|0,0
Yukon,SUV,BEV,2030,0|0|0|0|0|0|0|0|0|0|0|0|0|0|0|0|0|0|0|0|0|0|0|0|0|0|0|0|0|0|0,0
Yukon,SUV,BEV,2031,0|0|0|0|0|0|0|0|0|0|0|0|0|0|0|0|0|0|0|0|0|0|0|0|0|0|0|0|0|0|0,0
Yukon,SUV,BEV,2032,0|0|0|0|0|0|0|0|0|0|0|0|0|0|0|0|0|0|0|0|0|0|0|0|0|0|0|0|0|0|0,0
Yukon,SUV,BEV,2033,0|0|0|0|0|0|0|0|1|1|0|0|0|0|0|0|0|0|0|0|0|0|0|0|0|0|0|0|0|0|0,2
Yukon,SUV,BEV,2034,0|0|0|0|0|0|1|1|1|2|2|0|0|0|0|0|0|0|0|0|0|0|0|0|0|0|0|0|0|0|0,7
Yukon,SUV,BEV,2035,0|0|0|0|0|1|1|3|3|3|4|4|1|0|0|0|0|0|0|0|0|0|0|0|0|0|0|0|0|0|0,20
Yukon,SUV,BEV,2036,0|0|0|0|0|1|2|3|5|5|5|6|6|1|0|0|0|0|0|0|0|0|0|0|0|0|0|0|0|0|0,34
Yukon,SUV,BEV,2037,0|0|0|0|1|1|3|4|5|9|10|10|10|6|1|0|0|0|0|0|0|0|0|0|0|0|0|0|0|0|0,60
Yukon,SUV,BEV,2038,0|0|0|0|1|3|3|5|7|10|14|16|15|10|6|1|0|0|0|0|0|0|0|0|0|0|0|0|0|0|0,91
Yukon,SUV,BEV,2039,0|0|0|0|1|3|5|5|10|12|17|21|24|15|9|5|1|0|0|0|0|0|0|0|0|0|0|0|0|0|0,128
Yukon,SUV,BEV,2040,0|0|0|0|1|3|6|9|10|16|19|27|30|23|14|9|5|1|0|0|0|0|0|0|0|0|0|0|0|0|0,173
Yukon,SUV,BEV,2041,0|0|0|1|1|3|6|11|14|17|26|30|38|30|23|14|9|5|1|0|0|0|0|0|0|0|0|0|0|0|0,229
Yukon,SUV,BEV,2042,0|0|0|1|2|4|6|11|17|23|27|38|44|38|29|22|13|8|4|1|0|0|0|0|0|0|0|0|0|0|0,288
Yukon,SUV,BEV,2043,0|0|0|1|3|5|7|11|19|27|35|42|54|44|37|28|21|12|7|4|1|0|0|0|0|0|0|0|0|0|0,358
Yukon,SUV,BEV,2044,0|0|0|1|4|6|9|13|19|29|41|52|61|53|43|36|27|19|11|6|3|0|0|0|0|0|0|0|0|0|0,433
Yukon,SUV,BEV,2045,0|0|0|1|4|7|10|15|21|30|44|60|77|60|52|41|34|25|17|9|5|2|0|0|0|0|0|0|0|0|0,514
Yukon,SUV,BEV,2046,0|0|0|1|4|7|11|17|24|34|48|65|87|76|59|50|39|31|22|15|8|4|2|0|0|0|0|0|0|0|0,604
Yukon,SUV,BEV,2047,0|0|0|1|4|7|13|18|27|37|52|71|94|85|74|57|48|36|28|19|12|6|3|1|0|0|0|0|0|0|0,693
Yukon,SUV,BEV,2048,0|0|0|1|4|7|13|21|28|41|56|76|102|93|83|71|54|44|32|24|16|9|4|2|1|0|0|0|0|0|0,782
Yukon,SUV,BEV,2049,0|0|0|2|4|7|13|21|32|44|61|83|109|101|91|81|68|50|40|28|20|12|7|3|1|1|0|0|0|0|0,879
Yukon,SUV,BEV,2050,0|0|0|2|5|7|13|21|32|48|65|88|118|108|99|88|76|63|45|34|23|15|9|5|2|1|0|0|0|0|0,967
Yukon,SUV,PHEV,2020,0|0|0|0|0|0|0|0|0|0|0|0|0|0|0|0|0|0|0|0|0|0|0|0|0|0|0|0|0|0|0,0
Yukon,SUV,PHEV,2021,0|0|0|0|0|0|0|0|0|0|0|0|0|0|0|0|0|0|0|0|0|0|0|0|0|0|0|0|0|0|0,0
Yukon,SUV,PHEV,2022,0|0|0|0|0|0|0|0|0|0|0|0|0|0|0|0|0|0|0|0|0|0|0|0|0|0|0|0|0|0|0,0
Yukon,SUV,PHEV,2023,0|0|0|0|0|0|0|0|0|0|0|0|0|0|0|0|0|0|0|0|0|0|0|0|0|0|0|0|0|0|0,0
Yukon,SUV,PHEV,2024,0|0|0|0|0|0|0|0|0|0|0|0|0|0|0|0|0|0|0|0|0|0|0|0|0|0|0|0|0|0|0,0
Yukon,SUV,PHEV,2025,0|0|0|0|0|0|0|0|0|0|0|0|0|0|0|0|0|0|0|0|0|0|0|0|0|0|0|0|0|0|0,0
Yukon,SUV,PHEV,2026,0|0|0|0|0|0|0|0|0|0|0|0|0|0|0|0|0|0|0|0|0|0|0|0|0|0|0|0|0|0|0,0
Yukon,SUV,PHEV,2027,0|0|0|0|0|0|0|0|0|0|0|0|0|0|0|0|0|0|0|0|0|0|0|0|0|0|0|0|0|0|0,0
Yukon,SUV,PHEV,2028,0|0|0|0|0|0|0|0|0|0|0|0|0|0|0|0|0|0|0|0|0|0|0|0|0|0|0|0|0|0|0,0
Yukon,SUV,PHEV,2029,0|0|0|0|0|0|0|0|0|0|0|0|0|0|0|0|0|0|0|0|0|0|0|0|0|0|0|0|0|0|0,0
Yukon,SUV,PHEV,2030,0|0|0|0|0|0|0|0|0|0|0|0|0|0|0|0|0|0|0|0|0|0|0|0|0|0|0|0|0|0|0,0
Yukon,SUV,PHEV,2031,0|0|0|0|0|0|0|0|0|0|0|0|0|0|0|0|0|0|0|0|0|0|0|0|0|0|0|0|0|0|0,0
Yukon,SUV,PHEV,2032,0|0|0|0|0|0|0|0|0|0|0|0|0|0|0|0|0|0|0|0|0|0|0|0|0|0|0|0|0|0|0,0
Yukon,SUV,PHEV,2033,0|0|0|0|0|0|0|0|0|0|0|0|0|0|0|0|0|0|0|0|0|0|0|0|0|0|0|0|0|0|0,0
Yukon,SUV,PHEV,2034,0|0|0|0|0|0|0|0|0|0|0|0|0|0|0|0|0|0|0|0|0|0|0|0|0|0|0|0|0|0|0,0
Yukon,SUV,PHEV,2035,0|0|0|0|0|0|0|0|0|0|0|1|1|0|0|0|0|0|0|0|0|0|0|0|0|0|0|0|0|0|0,2
Yukon,SUV,PHEV,2036,0|0|0|0|0|0|0|0|0|0|0|0|2|1|0|0|0|0|0|0|0|0|0|0|0|0|0|0|0|0|0,3
Yukon,SUV,PHEV,2037,0|0|0|0|0|0|0|0|0|0|1|0|0|2|1|0|0|0|0|0|0|0|0|0|0|0|0|0|0|0|0,4
Yukon,SUV,PHEV,2038,0|0|0|0|0|0|0|0|0|1|1|2|1|0|2|1|0|0|0|0|0|0|0|0|0|0|0|0|0|0|0,8
Yukon,SUV,PHEV,2039,0|0|0|0|0|0|0|0|0|1|2|2|4|1|0|2|1|0|0|0|0|0|0|0|0|0|0|0|0|0|0,13
Yukon,SUV,PHEV,2040,0|0|0|0|0|0|0|0|1|1|2|4|4|4|1|0|2|1|0|0|0|0|0|0|0|0|0|0|0|0|0,20
Yukon,SUV,PHEV,2041,0|0|0|0|0|0|0|0|1|3|3|4|6|4|4|1|0|2|1|0|0|0|0|0|0|0|0|0|0|0|0,29
Yukon,SUV,PHEV,2042,0|0|0|0|0|0|0|0|1|3|5|5|6|6|4|4|1|0|1|1|0|0|0|0|0|0|0|0|0|0|0,37
Yukon,SUV,PHEV,2043,0|0|0|0|0|0|0|0|1|3|5|7|9|6|6|4|3|1|0|1|1|0|0|0|0|0|0|0|0|0|0,47
Yukon,SUV,PHEV,2044,0|0|0|0|0|0|0|0|1|3|5|9|12|9|6|5|3|3|1|0|1|0|0|0|0|0|0|0|0|0|0,58
Yukon,SUV,PHEV,2045,0|0|0|0|0|0|0|0|1|3|5|9|14|12|9|5|5|3|3|1|0|1|0|0|0|0|0|0|0|0|0,71
Yukon,SUV,PHEV,2046,0|0|0|0|0|0|0|0|1|3|5|9|14|14|11|8|5|5|3|2|1|0|1|0|0|0|0|0|0|0|0,82
Yukon,SUV,PHEV,2047,0|0|0|0|0|0|0|0|1|3|6|10|14|14|13|11|8|5|4|2|2|0|0|0|0|0|0|0|0|0|0,93
Yukon,SUV,PHEV,2048,0|0|0|0|0|0|0|1|1|3|6|11|15|14|13|13|10|7|4|4|2|2|0|0|0|0|0|0|0|0|0,106
Yukon,SUV,PHEV,2049,0|0|0|0|0|0|0|0|2|4|6|11|16|15|13|13|12|10|6|4|3|2|1|0|0|0|0|0|0|0|0,118
Yukon,SUV,PHEV,2050,0|0|0|0|0|0|0|0|1|5|7|11|16|16|14|13|12|11|9|6|3|2|1|1|0|0|0|0|0|0|0,128
