State,Segment,Propulsion,Year,BESS_stock_vector,BESS_stock_total
Alabama,Car,BEV,2020,0|0|0|0|0|0|0|0|0|0|0|0|0|0|0|0|0|0|0|0|0|0|0|0|0|0|0|0|0|0|0,0
Alabama,Car,BEV,2021,0|0|0|0|0|0|0|0|0|0|0|0|0|0|0|0|0|0|0|0|0|0|0|0|0|0|0|0|0|0|0,0
Alabama,Car,BEV,2022,0|0|0|0|0|0|0|0|1|0|0|0|0|0|0|0|0|0|0|0|0|0|0|0|0|0|0|0|0|0|0,1
Alabama,Car,BEV,2023,0|0|0|0|0|1|0|0|1|2|0|0|0|0|0|0|0|0|0|0|0|0|0|0|0|0|0|0|0|0|0,4
Alabama,Car,BEV,2024,0|0|0|0|0|1|3|0|1|2|4|0|0|0|0|0|0|0|0|0|0|0|0|0|0|0|0|0|0|0|0,11
Alabama,Car,BEV,2025,0|0|0|1|1|1|3|5|1|2|4|6|0|0|0|0|0|0|0|0|0|0|0|0|0|0|0|0|0|0|0,24
Alabama,Car,BEV,2026,0|2|0|1|3|3|2|5|10|3|4|6|11|0|0|0|0|0|0|0|0|0|0|0|0|0|0|0|0|0|0,50
Alabama,Car,BEV,2027,0|5|7|1|3|5|5|4|10|16|5|6|11|11|0|0|0|0|0|0|0|0|0|0|0|0|0|0|0|0|0,89
Alabama,Car,BEV,2028,0|5|11|14|3|5|9|9|7|16|25|8|11|11|10|0|0|0|0|0|0|0|0|0|0|0|0|0|0|0|0,144
Alabama,Car,BEV,2029,0|6|13|20|25|5|10|15|15|12|25|37|13|11|10|10|0|0|0|0|0|0|0|0|0|0|0|0|0|0|0,227
Alabama,Car,BEV,2030,0|7|16|26|36|43|9|16|24|23|19|37|53|13|10|10|10|0|0|0|0|0|0|0|0|0|0|0|0|0|0,352
Alabama,Car,BEV,2031,0|9|18|32|46|60|72|15|25|37|34|29|53|52|12|10|10|9|0|0|0|0|0|0|0|0|0|0|0|0|0,523
Alabama,Car,BEV,2032,0|9|22|36|57|77|97|117|24|40|56|50|42|52|51|12|10|9|8|0|0|0|0|0|0|0|0|0|0|0|0,769
Alabama,Car,BEV,2033,0|10|24|42|65|95|125|154|184|37|62|82|72|42|51|49|11|9|8|7|0|0|0|0|0|0|0|0|0|0|0,1129
Alabama,Car,BEV,2034,0|12|26|46|75|110|154|199|241|285|55|92|117|71|41|49|47|10|8|7|6|0|0|0|0|0|0|0|0|0|0,1651
Alabama,Car,BEV,2035,0|14|31|51|82|127|180|246|312|373|433|80|132|115|69|39|47|43|9|7|6|4|0|0|0|0|0|0|0|0|0,2400
Alabama,Car,BEV,2036,0|15|35|60|92|138|207|288|384|481|566|643|115|130|113|67|37|43|39|8|6|4|3|0|0|0|0|0|0|0|0,3474
Alabama,Car,BEV,2037,0|18|39|68|107|155|226|329|451|593|730|837|923|113|127|109|63|35|39|33|7|4|3|2|0|0|0|0|0|0|0,5011
Alabama,Car,BEV,2038,0|19|46|76|120|181|253|360|518|696|899|1082|1201|910|111|123|103|59|31|33|27|5|3|2|2|0|0|0|0|0|0,6860
Alabama,Car,BEV,2039,0|20|48|89|133|200|295|402|566|801|1057|1330|1553|1183|889|107|116|96|52|27|27|21|4|2|2|1|0|0|0|0|0,9021
Alabama,Car,BEV,2040,0|21|51|93|154|222|325|471|631|874|1215|1565|1908|1530|1156|859|102|108|86|45|22|21|16|3|2|1|1|0|0|0|0,11482
Alabama,Car,BEV,2041,0|24|55|99|163|254|359|517|740|975|1327|1800|2246|1880|1496|1117|815|94|96|73|37|17|16|11|2|1|1|0|0|0|0,14215
Alabama,Car,BEV,2042,0|24|60|107|175|269|407|566|808|1141|1478|1965|2582|2213|1837|1444|1060|754|84|83|60|29|12|11|8|1|1|0|0|0|0,17179
Alabama,Car,BEV,2043,0|25|62|115|186|289|429|636|880|1242|1729|2187|2817|2545|2163|1775|1371|981|675|72|68|47|21|9|8|5|1|0|0|0|0,20338
Alabama,Car,BEV,2044,0|27|64|120|201|308|461|670|976|1345|1873|2554|3133|2776|2487|2089|1684|1269|878|580|59|53|35|15|6|5|3|1|0|0|0,23672
Alabama,Car,BEV,2045,0|28|68|125|208|330|490|719|1028|1475|2019|2758|3654|3087|2714|2402|1983|1559|1136|754|474|46|39|25|10|4|3|2|0|0|0,27140
Alabama,Car,BEV,2046,0|28|71|131|217|342|524|765|1099|1551|2189|2959|3936|3601|3018|2621|2279|1835|1395|975|616|368|34|28|17|7|3|2|1|0|0,30612
Alabama,Car,BEV,2047,0|29|71|137|228|358|544|814|1167|1653|2301|3183|4207|3879|3520|2914|2487|2110|1643|1198|797|479|273|24|19|11|5|2|1|1|0,34055
Alabama,Car,BEV,2048,0|29|74|138|237|376|568|844|1238|1751|2444|3342|4496|4146|3791|3399|2765|2302|1888|1410|979|619|355|194|17|13|7|3|1|1|1,37428
Alabama,Car,BEV,2049,0|29|74|142|240|391|596|882|1282|1853|2584|3540|4717|4430|4052|3662|3225|2560|2060|1621|1153|761|459|252|133|11|8|5|2|1|1,40726
Alabama,Car,BEV,2050,0|30|74|143|247|397|620|923|1340|1915|2728|3735|4982|4648|4330|3914|3474|2985|2291|1768|1326|896|563|325|173|89|7|5|3|1|0,43932
Alabama,Car,PHEV,2020,0|0|0|0|0|0|0|0|0|0|0|0|0|0|0|0|0|0|0|0|0|0|0|0|0|0|0|0|0|0|0,0
Alabama,Car,PHEV,2021,0|0|0|0|0|0|0|0|0|0|0|0|0|0|0|0|0|0|0|0|0|0|0|0|0|0|0|0|0|0|0,0
Alabama,Car,PHEV,2022,0|0|0|0|0|0|0|0|1|0|0|0|0|0|0|0|0|0|0|0|0|0|0|0|0|0|0|0|0|0|0,1
Alabama,Car,PHEV,2023,0|0|0|0|0|0|0|1|0|3|0|0|0|0|0|0|0|0|0|0|0|0|0|0|0|0|0|0|0|0|0,4
Alabama,Car,PHEV,2024,0|0|0|0|0|0|1|1|3|1|5|0|0|0|0|0|0|0|0|0|0|0|0|0|0|0|0|0|0|0|0,11
Alabama,Car,PHEV,2025,0|0|0|0|0|0|0|3|3|5|3|10|0|0|0|0|0|0|0|0|0|0|0|0|0|0|0|0|0|0|0,24
Alabama,Car,PHEV,2026,0|0|0|0|0|0|0|1|5|5|9|5|15|0|0|0|0|0|0|0|0|0|0|0|0|0|0|0|0|0|0,40
Alabama,Car,PHEV,2027,0|1|1|0|0|0|0|0|2|9|10|14|9|15|0|0|0|0|0|0|0|0|0|0|0|0|0|0|0|0|0,61
Alabama,Car,PHEV,2028,0|1|2|3|0|0|0|1|1|4|15|16|20|9|14|0|0|0|0|0|0|0|0|0|0|0|0|0|0|0|0,86
Alabama,Car,PHEV,2029,0|1|3|4|6|0|0|0|3|3|6|23|24|19|9|14|0|0|0|0|0|0|0|0|0|0|0|0|0|0|0,115
Alabama,Car,PHEV,2030,0|2|3|7|8|11|0|0|1|5|5|11|32|23|19|8|13|0|0|0|0|0|0|0|0|0|0|0|0|0|0,148
Alabama,Car,PHEV,2031,0|2|4|7|12|13|18|0|0|3|10|9|17|32|23|18|8|12|0|0|0|0|0|0|0|0|0|0|0|0|0,188
Alabama,Car,PHEV,2032,0|2|4|9|12|19|22|28|1|1|5|16|14|16|31|22|17|7|11|0|0|0|0|0|0|0|0|0|0|0|0,237
Alabama,Car,PHEV,2033,0|2|6|9|15|20|30|36|44|3|3|9|23|14|16|30|21|16|6|9|0|0|0|0|0|0|0|0|0|0|0,312
Alabama,Car,PHEV,2034,0|2|7|11|15|25|33|48|56|67|6|6|14|22|13|16|29|19|14|6|8|0|0|0|0|0|0|0|0|0|0,417
Alabama,Car,PHEV,2035,0|3|7|13|20|26|41|51|77|85|100|10|10|14|22|13|15|27|17|12|5|6|0|0|0|0|0|0|0|0|0,574
Alabama,Car,PHEV,2036,0|3|8|13|22|33|43|65|80|119|127|147|15|10|13|21|12|14|24|15|10|4|4|0|0|0|0|0|0|0|0,802
Alabama,Car,PHEV,2037,0|3|8|15|23|37|53|70|101|122|180|187|209|15|9|13|20|11|12|20|12|8|3|3|0|0|0|0|0|0|0,1134
Alabama,Car,PHEV,2038,0|4|9|15|26|39|60|84|111|155|186|266|268|206|14|9|12|18|10|11|17|9|6|2|2|0|0|0|0|0|0,1539
Alabama,Car,PHEV,2039,0|4|10|17|27|43|64|96|131|171|235|274|382|265|202|14|9|11|17|9|9|13|7|4|1|1|0|0|0|0|0,2016
Alabama,Car,PHEV,2040,0|4|10|18|31|45|70|103|150|201|259|348|393|376|259|195|13|8|10|14|7|7|10|5|3|1|1|0|0|0|0,2541
Alabama,Car,PHEV,2041,0|4|10|19|32|50|73|111|163|232|304|383|501|388|367|250|185|12|7|9|12|5|5|7|3|2|1|1|0|0|0,3136
Alabama,Car,PHEV,2042,0|4|10|19|34|51|80|116|174|252|352|449|550|493|379|355|237|171|11|6|7|9|4|4|5|2|1|0|0|0|0,3775
Alabama,Car,PHEV,2043,0|4|10|19|34|54|80|125|180|266|382|520|643|542|482|366|337|219|153|9|5|5|7|3|2|3|1|1|0|0|0,4452
Alabama,Car,PHEV,2044,0|4|11|20|35|54|85|125|190|274|400|567|746|634|529|466|347|312|196|131|8|4|4|5|2|2|2|1|1|0|0,5155
Alabama,Car,PHEV,2045,0|4|11|21|36|58|85|132|191|288|409|589|813|735|619|511|442|321|279|169|108|6|3|3|3|1|1|1|1|0|0,5840
Alabama,Car,PHEV,2046,0|4|11|22|38|58|91|132|200|289|425|599|841|801|719|598|485|409|288|240|138|84|4|2|2|2|1|1|1|0|0,6485
Alabama,Car,PHEV,2047,0|4|10|21|39|61|91|141|201|299|427|616|851|828|783|694|568|449|366|247|196|107|62|3|1|1|1|1|0|1|0,7069
Alabama,Car,PHEV,2048,0|4|10|20|38|63|96|140|211|301|438|616|869|839|810|757|659|525|402|314|202|152|79|44|2|1|1|1|0|0|0,7594
Alabama,Car,PHEV,2049,0|4|10|19|36|62|98|147|210|312|441|629|867|856|820|782|718|610|470|345|257|157|113|56|30|1|1|1|1|0|0,8053
Alabama,Car,PHEV,2050,0|4|10|19|35|58|97|150|219|311|454|632|881|854|837|792|742|664|546|404|282|200|116|80|39|20|1|0|0|0|0,8447
Alabama,SUV,BEV,2020,0|0|0|0|0|0|0|0|0|0|0|0|0|0|0|0|0|0|0|0|0|0|0|0|0|0|0|0|0|0|0,0
Alabama,SUV,BEV,2021,0|0|0|0|0|0|0|0|0|0|0|0|0|0|0|0|0|0|0|0|0|0|0|0|0|0|0|0|0|0|0,0
Alabama,SUV,BEV,2022,0|0|0|0|0|0|0|0|0|0|0|0|0|0|0|0|0|0|0|0|0|0|0|0|0|0|0|0|0|0|0,0
Alabama,SUV,BEV,2023,0|0|0|0|0|0|0|0|0|0|0|0|0|0|0|0|0|0|0|0|0|0|0|0|0|0|0|0|0|0|0,0
Alabama,SUV,BEV,2024,0|1|1|1|0|0|0|0|0|0|0|0|0|0|0|0|0|0|0|0|0|0|0|0|0|0|0|0|0|0|0,3
Alabama,SUV,BEV,2025,0|2|3|3|3|1|0|0|1|0|0|0|0|0|0|0|0|0|0|0|0|0|0|0|0|0|0|0|0|0|0,13
Alabama,SUV,BEV,2026,0|4|4|5|5|5|2|0|1|3|1|0|0|0|0|0|0|0|0|0|0|0|0|0|0|0|0|0|0|0|0,30
Alabama,SUV,BEV,2027,0|5|10|8|10|10|9|4|1|3|5|3|1|0|0|0|0|0|0|0|0|0|0|0|0|0|0|0|0|0|0,69
Alabama,SUV,BEV,2028,0|6|11|19|14|16|16|15|7|3|5|8|5|1|0|0|0|0|0|0|0|0|0|0|0|0|0|0|0|0|0,126
Alabama,SUV,BEV,2029,0|8|15|22|32|23|27|26|24|12|5|9|13|5|1|0|0|0|0|0|0|0|0|0|0|0|0|0|0|0|0,222
Alabama,SUV,BEV,2030,0|9|20|31|40|53|36|44|42|36|18|10|14|13|5|1|0|0|0|0|0|0|0|0|0|0|0|0|0|0|0,372
Alabama,SUV,BEV,2031,0|11|24|39|54|68|86|56|69|64|54|28|15|14|12|5|1|0|0|0|0|0|0|0|0|0|0|0|0|0|0,600
Alabama,SUV,BEV,2032,0|11|28|46|68|91|111|138|87|107|96|79|41|15|13|12|4|1|0|0|0|0|0|0|0|0|0|0|0|0|0,948
Alabama,SUV,BEV,2033,0|14|29|55|82|115|149|178|215|133|162|142|113|41|14|13|11|4|1|0|0|0|0|0|0|0|0|0|0|0|0,1471
Alabama,SUV,BEV,2034,0|17|36|58|96|137|187|238|280|334|203|240|205|111|40|14|12|10|4|1|0|0|0|0|0|0|0|0|0|0|0,2223
Alabama,SUV,BEV,2035,0|19|43|70|104|160|223|298|373|436|507|301|346|202|109|38|13|11|9|3|1|0|0|0|0|0|0|0|0|0|0,3266
Alabama,SUV,BEV,2036,0|20|48|84|123|176|261|356|467|578|665|750|432|341|197|105|36|12|10|8|3|0|0|0|0|0|0|0|0|0|0,4672
Alabama,SUV,BEV,2037,0|24|52|93|148|206|289|417|561|721|877|987|1076|425|333|190|100|34|11|9|7|2|0|0|0|0|0|0|0|0|0,6562
Alabama,SUV,BEV,2038,0|25|61|103|164|248|334|462|655|866|1095|1301|1418|1060|416|322|181|92|30|9|7|5|1|0|0|0|0|0|0|0|0,8855
Alabama,SUV,BEV,2039,0|28|66|118|181|275|402|532|726|1013|1313|1623|1868|1397|1036|402|306|167|83|26|8|5|4|1|0|0|0|0|0|0|0,11580
Alabama,SUV,BEV,2040,0|29|71|127|206|303|445|639|834|1123|1538|1944|2330|1841|1366|1001|381|283|150|71|21|6|4|3|1|0|0|0|0|0|0,14717
Alabama,SUV,BEV,2041,0|31|75|137|222|341|490|706|998|1286|1704|2279|2790|2296|1800|1319|950|353|253|128|58|16|4|3|2|0|0|0|0|0|0,18241
Alabama,SUV,BEV,2042,0|33|80|146|239|368|548|777|1101|1536|1945|2522|3269|2749|2244|1738|1252|879|316|217|105|45|12|3|2|1|0|0|0|0|0,22127
Alabama,SUV,BEV,2043,0|34|84|156|256|396|589|862|1208|1691|2319|2873|3616|3221|2687|2167|1649|1159|787|271|178|82|33|9|2|1|1|0|0|0|0,26331
Alabama,SUV,BEV,2044,0|37|87|162|272|424|634|923|1328|1846|2547|3420|4109|3563|3148|2595|2056|1526|1037|675|222|138|60|24|6|1|1|1|0|0|0,30842
Alabama,SUV,BEV,2045,0|39|94|169|282|450|675|990|1420|2017|2771|3748|4887|4049|3483|3041|2463|1903|1366|890|552|172|102|43|16|4|1|1|0|0|0,35628
Alabama,SUV,BEV,2046,0|40|99|181|295|465|717|1053|1519|2150|3008|4065|5346|4816|3958|3364|2885|2279|1704|1173|728|429|127|73|29|11|3|1|0|0|0,40518
Alabama,SUV,BEV,2047,0|41|101|191|316|488|740|1116|1612|2291|3197|4389|5784|5268|4707|3823|3192|2670|2040|1462|959|566|318|90|50|20|7|2|0|0|0,45440
Alabama,SUV,BEV,2048,0|41|105|196|331|520|778|1151|1704|2426|3398|4656|6218|5699|5149|4546|3627|2954|2390|1751|1196|745|419|226|62|33|13|5|1|0|0,50340
Alabama,SUV,BEV,2049,0|42|105|203|340|544|825|1210|1755|2559|3589|4933|6585|6127|5571|4973|4314|3357|2644|2052|1432|929|552|297|155|42|22|8|3|1|0,55169
Alabama,SUV,BEV,2050,0|42|108|205|351|559|863|1277|1843|2632|3777|5201|6961|6489|5989|5380|4719|3993|3005|2270|1678|1113|688|392|204|104|27|14|5|2|0,59891
Alabama,SUV,PHEV,2020,0|0|0|0|0|0|0|0|0|0|0|0|0|0|0|0|0|0|0|0|0|0|0|0|0|0|0|0|0|0|0,0
Alabama,SUV,PHEV,2021,0|0|0|0|0|0|0|0|0|0|0|0|0|0|0|0|0|0|0|0|0|0|0|0|0|0|0|0|0|0|0,0
Alabama,SUV,PHEV,2022,0|0|0|0|0|0|0|0|0|0|0|0|0|0|0|0|0|0|0|0|0|0|0|0|0|0|0|0|0|0|0,0
Alabama,SUV,PHEV,2023,0|0|0|0|0|0|0|0|0|0|0|0|0|0|0|0|0|0|0|0|0|0|0|0|0|0|0|0|0|0|0,0
Alabama,SUV,PHEV,2024,0|0|0|0|0|0|0|0|0|0|0|0|0|0|0|0|0|0|0|0|0|0|0|0|0|0|0|0|0|0|0,0
Alabama,SUV,PHEV,2025,0|0|0|0|1|0|0|0|0|1|0|0|0|0|0|0|0|0|0|0|0|0|0|0|0|0|0|0|0|0|0,2
Alabama,SUV,PHEV,2026,0|0|1|1|1|3|0|0|0|1|2|1|1|0|0|0|0|0|0|0|0|0|0|0|0|0|0|0|0|0|0,11
Alabama,SUV,PHEV,2027,0|1|1|2|3|3|5|0|0|1|2|4|2|1|0|0|0|0|0|0|0|0|0|0|0|0|0|0|0|0|0,25
Alabama,SUV,PHEV,2028,0|2|3|3|4|5|5|9|1|0|3|4|6|2|1|0|0|0|0|0|0|0|0|0|0|0|0|0|0|0|0,48
Alabama,SUV,PHEV,2029,0|2|4|5|6|8|10|10|14|3|1|5|6|6|2|1|0|0|0|0|0|0|0|0|0|0|0|0|0|0|0,83
Alabama,SUV,PHEV,2030,0|2|4|9|10|11|13|16|16|22|5|3|7|6|6|2|1|0|0|0|0|0|0|0|0|0|0|0|0|0|0,133
Alabama,SUV,PHEV,2031,0|2|6|9|15|16|18|21|27|26|33|10|5|7|6|5|2|1|0|0|0|0|0|0|0|0|0|0|0|0|0,209
Alabama,SUV,PHEV,2032,0|3|6|11|15|24|25|29|33|43|41|49|15|5|7|5|5|2|1|0|0|0|0|0|0|0|0|0|0|0|0,319
Alabama,SUV,PHEV,2033,0|4|8|12|19|24|38|41|47|51|66|61|71|15|5|6|5|5|1|1|0|0|0|0|0|0|0|0|0|0|0,480
Alabama,SUV,PHEV,2034,0|4|9|15|21|31|39|60|64|74|78|99|90|70|14|5|6|5|4|1|1|0|0|0|0|0|0|0|0|0|0,690
Alabama,SUV,PHEV,2035,0|5|10|17|26|35|50|61|94|99|112|117|143|88|68|14|4|6|4|4|1|0|0|0|0|0|0|0|0|0|0,958
Alabama,SUV,PHEV,2036,0|5|11|19|30|43|56|79|96|144|150|166|168|141|86|66|13|4|5|4|3|1|0|0|0|0|0|0|0|0|0,1290
Alabama,SUV,PHEV,2037,0|6|12|21|34|51|69|90|124|148|219|222|239|166|137|83|62|12|4|4|3|2|1|0|0|0|0|0|0|0|0,1709
Alabama,SUV,PHEV,2038,0|6|13|22|37|58|82|110|142|191|226|323|319|235|162|133|79|58|11|3|4|2|2|0|0|0|0|0|0|0|0,2218
Alabama,SUV,PHEV,2039,0|6|14|24|38|61|93|131|172|218|290|334|461|314|230|156|126|73|52|9|3|3|2|1|0|0|0|0|0|0|0,2811
Alabama,SUV,PHEV,2040,0|6|14|25|42|63|99|146|204|262|330|430|479|454|307|222|148|117|65|44|8|2|2|1|1|0|0|0|0|0|0,3471
Alabama,SUV,PHEV,2041,0|6|14|26|43|68|102|156|226|315|395|488|618|472|444|296|211|137|104|56|36|6|1|1|1|1|0|0|0|0|0,4223
Alabama,SUV,PHEV,2042,0|6|15|26|44|70|109|160|241|348|473|583|699|609|461|429|281|195|123|90|46|28|4|1|1|1|0|0|0|0|0,5043
Alabama,SUV,PHEV,2043,0|6|15|28|44|72|111|170|247|368|525|697|833|689|595|445|407|260|175|106|73|36|21|3|1|1|0|0|0|0|0,5928
Alabama,SUV,PHEV,2044,0|6|15|28|47|73|114|173|260|377|552|773|993|821|673|574|423|377|233|150|86|57|26|15|2|0|0|0|0|0|0,6848
Alabama,SUV,PHEV,2045,0|6|16|29|48|76|116|178|264|392|565|810|1102|979|802|650|545|391|337|200|123|67|42|19|10|1|0|0|0|0|0,7768
Alabama,SUV,PHEV,2046,0|6|16|30|50|78|121|180|271|398|583|827|1152|1086|957|775|617|505|350|289|164|95|50|30|13|7|1|0|0|0|0,8651
Alabama,SUV,PHEV,2047,0|6|16|30|51|81|124|187|274|406|591|849|1175|1136|1062|924|735|571|452|301|237|127|71|35|21|9|4|1|0|0|0,9476
Alabama,SUV,PHEV,2048,0|6|15|30|51|83|129|190|284|411|600|858|1200|1158|1110|1025|877|680|511|388|246|184|94|50|24|14|6|3|0|0|0,10227
Alabama,SUV,PHEV,2049,0|6|15|29|51|83|132|197|287|423|606|868|1210|1183|1132|1072|973|811|609|439|317|191|136|67|34|16|9|4|2|0|0,10902
Alabama,SUV,PHEV,2050,0|6|15|28|50|82|132|203|296|425|620|876|1220|1193|1156|1093|1017|901|726|523|359|246|141|97|46|23|11|6|2|1|0,11494
Alaska,Car,BEV,2020,0|0|0|0|0|0|0|0|0|0|0|0|0|0|0|0|0|0|0|0|0|0|0|0|0|0|0|0|0|0|0,0
Alaska,Car,BEV,2021,0|0|0|0|0|0|0|0|0|0|0|0|0|0|0|0|0|0|0|0|0|0|0|0|0|0|0|0|0|0|0,0
Alaska,Car,BEV,2022,0|0|0|0|0|0|0|0|0|0|0|0|0|0|0|0|0|0|0|0|0|0|0|0|0|0|0|0|0|0|0,0
Alaska,Car,BEV,2023,0|0|0|0|0|0|0|0|0|0|0|0|0|0|0|0|0|0|0|0|0|0|0|0|0|0|0|0|0|0|0,0
Alaska,Car,BEV,2024,0|0|0|0|0|0|0|0|0|0|0|0|0|0|0|0|0|0|0|0|0|0|0|0|0|0|0|0|0|0|0,0
Alaska,Car,BEV,2025,0|0|0|0|0|0|0|1|0|0|0|1|0|0|0|0|0|0|0|0|0|0|0|0|0|0|0|0|0|0|0,2
Alaska,Car,BEV,2026,0|0|0|0|0|0|0|1|3|0|0|1|3|0|0|0|0|0|0|0|0|0|0|0|0|0|0|0|0|0|0,8
Alaska,Car,BEV,2027,0|0|0|0|0|0|0|0|2|5|1|1|3|3|0|0|0|0|0|0|0|0|0|0|0|0|0|0|0|0|0,15
Alaska,Car,BEV,2028,0|0|1|1|0|0|0|1|1|4|9|3|3|3|3|0|0|0|0|0|0|0|0|0|0|0|0|0|0|0|0,29
Alaska,Car,BEV,2029,0|1|1|2|3|0|1|1|3|3|6|14|5|3|3|3|0|0|0|0|0|0|0|0|0|0|0|0|0|0|0,49
Alaska,Car,BEV,2030,0|1|2|3|4|5|0|2|3|5|5|11|20|5|3|3|3|0|0|0|0|0|0|0|0|0|0|0|0|0|0,75
Alaska,Car,BEV,2031,0|1|3|4|5|8|10|1|4|5|8|7|17|19|5|3|3|2|0|0|0|0|0|0|0|0|0|0|0|0|0,105
Alaska,Car,BEV,2032,0|1|3|5|8|10|13|16|3|7|10|13|12|16|19|5|3|2|2|0|0|0|0|0|0|0|0|0|0|0|0,148
Alaska,Car,BEV,2033,0|2|3|5|10|13|17|21|25|5|12|16|19|12|16|18|4|2|2|2|0|0|0|0|0|0|0|0|0|0|0,204
Alaska,Car,BEV,2034,0|2|4|7|10|17|21|27|32|39|10|18|25|18|11|16|17|4|2|2|2|0|0|0|0|0|0|0|0|0|0,284
Alaska,Car,BEV,2035,0|2|4|8|12|17|26|34|43|50|59|16|27|24|18|11|15|16|4|2|2|1|0|0|0|0|0|0|0|0|0,391
Alaska,Car,BEV,2036,0|2|5|9|14|20|28|41|53|66|77|87|23|26|24|17|10|14|14|3|2|1|1|0|0|0|0|0|0|0|0,537
Alaska,Car,BEV,2037,0|3|5|10|16|23|31|46|64|82|99|116|125|22|26|23|17|10|12|12|3|1|1|1|0|0|0|0|0|0|0,748
Alaska,Car,BEV,2038,0|3|6|10|17|26|37|49|73|98|124|147|166|123|22|25|22|15|9|11|10|2|1|1|0|0|0|0|0|0|0,997
Alaska,Car,BEV,2039,0|3|8|12|17|28|43|57|78|113|147|184|210|164|120|21|23|20|14|7|9|8|1|1|0|0|0|0|0|0|0,1288
Alaska,Car,BEV,2040,0|3|8|14|20|29|46|68|88|120|171|218|264|207|160|116|20|22|18|12|6|7|6|1|0|0|0|0|0|0|0,1624
Alaska,Car,BEV,2041,0|3|8|14|23|33|48|73|105|135|184|253|313|260|203|155|110|18|19|15|10|5|5|4|1|0|0|0|0|0|0,1997
Alaska,Car,BEV,2042,0|4|8|15|25|38|53|77|114|160|205|272|362|308|254|196|147|102|17|17|13|7|3|4|3|0|0|0|0|0|0,2404
Alaska,Car,BEV,2043,0|4|10|15|26|42|60|84|119|173|241|303|391|357|301|245|186|136|91|14|14|10|6|2|2|2|0|0|0|0|0,2834
Alaska,Car,BEV,2044,0|4|10|17|26|43|66|93|130|182|260|355|435|386|349|291|233|172|122|78|12|11|7|4|2|2|1|0|0|0|0,3291
Alaska,Car,BEV,2045,0|4|10|19|29|43|67|101|142|198|274|383|507|428|377|337|276|215|154|104|64|9|8|5|3|1|1|1|0|0|0,3760
Alaska,Car,BEV,2046,0|4|10|19|31|47|69|104|153|213|296|404|547|500|419|364|319|255|193|132|85|50|7|6|4|2|1|1|1|0|0,4236
Alaska,Car,BEV,2047,0|4|10|19|31|49|75|108|158|228|315|431|576|539|489|404|345|296|229|165|108|66|37|5|4|2|1|0|0|0|0,4694
Alaska,Car,BEV,2048,0|4|10|19|33|51|77|115|165|235|335|456|611|568|527|472|384|320|265|196|135|84|49|26|3|3|2|1|0|0|0,5146
Alaska,Car,BEV,2049,0|4|10|19|34|53|80|119|174|247|347|482|643|602|555|509|448|355|286|227|161|105|62|35|18|2|2|1|0|0|0,5580
Alaska,Car,BEV,2050,0|4|10|19|34|54|84|123|180|258|364|501|676|634|588|536|483|415|318|246|186|125|78|44|24|12|1|1|1|0|0,5999
Alaska,Car,PHEV,2020,0|0|0|0|0|0|0|0|0|0|0|0|0|0|0|0|0|0|0|0|0|0|0|0|0|0|0|0|0|0|0,0
Alaska,Car,PHEV,2021,0|0|0|0|0|0|0|0|0|0|0|0|0|0|0|0|0|0|0|0|0|0|0|0|0|0|0|0|0|0|0,0
Alaska,Car,PHEV,2022,0|0|0|0|0|0|0|0|0|0|0|0|0|0|0|0|0|0|0|0|0|0|0|0|0|0|0|0|0|0|0,0
Alaska,Car,PHEV,2023,0|0|0|0|0|0|0|0|0|0|0|0|0|0|0|0|0|0|0|0|0|0|0|0|0|0|0|0|0|0|0,0
Alaska,Car,PHEV,2024,0|0|0|0|0|0|0|0|0|0|0|0|0|0|0|0|0|0|0|0|0|0|0|0|0|0|0|0|0|0|0,0
Alaska,Car,PHEV,2025,0|0|0|0|0|0|0|0|0|0|0|0|0|0|0|0|0|0|0|0|0|0|0|0|0|0|0|0|0|0|0,0
Alaska,Car,PHEV,2026,0|0|0|0|0|0|0|0|0|0|0|0|1|0|0|0|0|0|0|0|0|0|0|0|0|0|0|0|0|0|0,1
Alaska,Car,PHEV,2027,0|0|0|0|0|0|0|0|0|0|1|1|0|1|0|0|0|0|0|0|0|0|0|0|0|0|0|0|0|0|0,3
Alaska,Car,PHEV,2028,0|0|0|0|0|0|0|0|0|0|1|3|2|0|1|0|0|0|0|0|0|0|0|0|0|0|0|0|0|0|0,7
Alaska,Car,PHEV,2029,0|0|0|0|0|0|0|0|0|0|0|3|5|2|0|1|0|0|0|0|0|0|0|0|0|0|0|0|0|0|0,11
Alaska,Car,PHEV,2030,0|0|0|0|0|0|0|0|0|0|0|1|5|5|2|0|1|0|0|0|0|0|0|0|0|0|0|0|0|0|0,14
Alaska,Car,PHEV,2031,0|0|0|0|0|0|0|0|0|0|0|0|2|5|5|2|0|1|0|0|0|0|0|0|0|0|0|0|0|0|0,15
Alaska,Car,PHEV,2032,0|0|0|0|0|1|1|1|0|0|0|0|1|2|5|5|2|0|1|0|0|0|0|0|0|0|0|0|0|0|0,19
Alaska,Car,PHEV,2033,0|0|0|0|0|1|3|3|3|0|0|0|1|1|2|5|4|2|0|1|0|0|0|0|0|0|0|0|0|0|0,26
Alaska,Car,PHEV,2034,0|0|0|0|1|1|3|5|5|6|0|0|0|1|1|2|4|4|1|0|1|0|0|0|0|0|0|0|0|0|0,35
Alaska,Car,PHEV,2035,0|0|0|0|1|3|3|5|9|10|11|0|0|0|1|1|2|4|4|1|0|0|0|0|0|0|0|0|0|0|0,55
Alaska,Car,PHEV,2036,0|0|0|1|1|3|5|7|10|15|16|17|0|0|0|1|1|2|4|3|1|0|0|0|0|0|0|0|0|0|0,87
Alaska,Car,PHEV,2037,0|0|0|1|2|3|5|9|12|16|23|24|26|0|0|0|1|1|1|3|3|1|0|0|0|0|0|0|0|0|0,131
Alaska,Car,PHEV,2038,0|0|0|1|2|4|6|10|15|19|25|34|34|25|0|0|0|1|1|1|3|2|1|0|0|0|0|0|0|0|0,184
Alaska,Car,PHEV,2039,0|0|0|1|2|4|8|11|16|23|30|36|49|34|25|0|0|0|1|1|1|2|1|0|0|0|0|0|0|0|0,245
Alaska,Car,PHEV,2040,0|0|0|1|3|5|8|13|18|25|34|46|51|48|33|24|0|0|0|1|1|1|1|1|0|0|0|0|0|0|0,314
Alaska,Car,PHEV,2041,0|0|0|1|3|6|9|13|21|29|39|51|65|50|47|32|23|0|0|0|1|0|1|1|1|0|0|0|0|0|0,393
Alaska,Car,PHEV,2042,0|0|0|1|3|6|10|15|21|32|45|58|74|64|49|46|30|21|0|0|0|0|0|0|1|0|0|0|0|0|0,476
Alaska,Car,PHEV,2043,0|0|0|1|3|6|10|16|23|33|50|67|86|73|63|48|43|28|19|0|0|0|0|0|0|0|0|0|0|0|0,569
Alaska,Car,PHEV,2044,0|0|0|1|3|6|11|16|24|35|51|74|97|84|71|60|45|40|25|16|0|0|0|0|0|0|0|0|0|0|0,659
Alaska,Car,PHEV,2045,0|0|0|2|3|6|11|17|24|36|53|75|107|96|82|69|57|42|36|22|13|0|0|0|0|0|0|0|0|0|0,751
Alaska,Car,PHEV,2046,0|0|0|2|4|6|11|17|26|36|54|78|108|106|94|80|65|53|37|31|18|10|0|0|0|0|0|0|0|0|0,836
Alaska,Car,PHEV,2047,0|0|0|2|4|8|11|17|26|39|54|79|111|107|103|91|76|60|47|32|25|14|8|0|0|0|0|0|0|0|0,914
Alaska,Car,PHEV,2048,0|0|0|2|4|8|13|17|26|39|57|79|113|109|104|100|86|70|54|41|26|20|10|5|0|0|0|0|0|0|0,983
Alaska,Car,PHEV,2049,0|0|0|1|4|8|13|19|25|39|57|82|113|111|107|101|95|80|63|46|33|20|15|7|4|0|0|0|0|0|0,1043
Alaska,Car,PHEV,2050,0|0|0|1|3|8|13|19|28|38|57|82|115|111|109|103|95|88|71|54|38|26|15|10|5|2|0|0|0|0|0,1091
Alaska,SUV,BEV,2020,0|0|0|0|0|0|0|0|0|0|0|0|0|0|0|0|0|0|0|0|0|0|0|0|0|0|0|0|0|0|0,0
Alaska,SUV,BEV,2021,0|0|0|0|0|0|0|0|0|0|0|0|0|0|0|0|0|0|0|0|0|0|0|0|0|0|0|0|0|0|0,0
Alaska,SUV,BEV,2022,0|0|0|0|0|0|0|0|0|0|0|0|0|0|0|0|0|0|0|0|0|0|0|0|0|0|0|0|0|0|0,0
Alaska,SUV,BEV,2023,0|0|0|0|0|0|0|0|0|0|0|0|0|0|0|0|0|0|0|0|0|0|0|0|0|0|0|0|0|0|0,0
Alaska,SUV,BEV,2024,0|0|0|0|0|0|0|0|0|0|0|0|0|0|0|0|0|0|0|0|0|0|0|0|0|0|0|0|0|0|0,0
Alaska,SUV,BEV,2025,0|0|0|0|0|0|0|0|0|0|0|0|0|0|0|0|0|0|0|0|0|0|0|0|0|0|0|0|0|0|0,0
Alaska,SUV,BEV,2026,0|0|0|0|0|0|0|0|0|0|0|0|0|0|0|0|0|0|0|0|0|0|0|0|0|0|0|0|0|0|0,0
Alaska,SUV,BEV,2027,0|0|0|0|1|1|1|0|0|0|1|0|0|0|0|0|0|0|0|0|0|0|0|0|0|0|0|0|0|0|0,4
Alaska,SUV,BEV,2028,0|0|1|1|1|3|3|3|1|0|1|3|0|0|0|0|0|0|0|0|0|0|0|0|0|0|0|0|0|0|0,17
Alaska,SUV,BEV,2029,0|1|1|3|3|3|5|5|5|3|1|2|5|0|0|0|0|0|0|0|0|0|0|0|0|0|0|0|0|0|0,37
Alaska,SUV,BEV,2030,0|1|3|3|5|5|5|9|9|9|5|2|4|5|0|0|0|0|0|0|0|0|0|0|0|0|0|0|0|0|0,65
Alaska,SUV,BEV,2031,0|2|3|5|6|9|10|10|14|14|14|8|4|4|5|0|0|0|0|0|0|0|0|0|0|0|0|0|0|0|0,108
Alaska,SUV,BEV,2032,0|2|4|5|10|11|15|16|16|22|22|20|13|4|4|5|0|0|0|0|0|0|0|0|0|0|0|0|0|0|0,169
Alaska,SUV,BEV,2033,0|2|4|8|10|16|18|24|26|26|33|33|29|13|4|4|4|0|0|0|0|0|0|0|0|0|0|0|0|0|0,254
Alaska,SUV,BEV,2034,0|2|5|9|14|17|25|29|38|42|41|49|47|28|12|4|3|4|0|0|0|0|0|0|0|0|0|0|0|0|0,369
Alaska,SUV,BEV,2035,0|3|6|10|15|23|28|40|47|58|64|60|71|47|27|12|3|3|4|0|0|0|0|0|0|0|0|0|0|0|0,521
Alaska,SUV,BEV,2036,0|3|8|11|17|24|37|46|62|74|86|94|88|70|45|27|11|3|3|3|0|0|0|0|0|0|0|0|0|0|0,712
Alaska,SUV,BEV,2037,0|3|8|14|20|29|39|57|74|96|112|128|135|86|68|44|25|10|3|2|3|0|0|0|0|0|0|0|0|0|0,956
Alaska,SUV,BEV,2038,0|3|9|15|23|34|47|62|88|115|145|165|183|133|84|66|42|23|9|2|2|2|0|0|0|0|0|0|0|0|0,1252
Alaska,SUV,BEV,2039,0|3|9|16|25|38|55|74|97|135|173|214|238|180|130|81|62|39|21|8|2|2|1|0|0|0|0|0|0|0|0,1603
Alaska,SUV,BEV,2040,0|5|9|17|29|42|62|87|115|149|205|255|305|235|176|125|77|58|35|18|7|2|1|1|0|0|0|0|0|0|0,2015
Alaska,SUV,BEV,2041,0|5|11|17|30|47|67|97|136|175|225|303|365|300|229|170|119|72|52|30|15|5|1|1|1|0|0|0|0|0|0,2473
Alaska,SUV,BEV,2042,0|5|11|21|30|49|75|106|150|209|263|333|434|359|294|221|161|110|64|44|24|11|4|1|1|0|0|0|0|0|0,2980
Alaska,SUV,BEV,2043,0|5|11|21|35|51|78|116|165|230|314|386|477|427|351|284|210|149|99|55|36|19|8|3|1|0|0|0|0|0|0,3531
Alaska,SUV,BEV,2044,0|5|11|21|37|57|83|122|180|251|346|461|551|470|418|339|269|194|134|85|45|28|14|6|2|0|0|0|0|0|0,4129
Alaska,SUV,BEV,2045,0|5|12|22|37|61|91|131|188|273|376|508|658|543|459|403|322|249|174|115|69|35|21|10|4|1|0|0|0|0|0,4767
Alaska,SUV,BEV,2046,0|6|13|24|39|62|97|142|201|288|406|552|722|648|530|444|383|298|223|149|94|54|26|15|7|3|1|0|0|0|0,5427
Alaska,SUV,BEV,2047,0|6|14|25|42|65|98|150|216|306|429|594|785|711|634|512|421|354|267|191|122|73|40|18|10|5|2|1|0|0|0,6091
Alaska,SUV,BEV,2048,0|6|15|26|43|68|103|152|227|327|455|626|841|773|695|612|486|390|317|229|156|95|54|28|13|7|3|1|0|0|0,6748
Alaska,SUV,BEV,2049,0|6|15|28|45|72|108|160|231|341|483|662|888|828|756|671|581|450|349|272|187|122|70|38|19|8|4|2|1|0|0,7397
Alaska,SUV,BEV,2050,0|6|15|28|47|74|114|167|243|348|503|699|936|875|810|730|637|537|403|299|223|146|90|50|26|13|6|3|1|0|0,8029
Alaska,SUV,PHEV,2020,0|0|0|0|0|0|0|0|0|0|0|0|0|0|0|0|0|0|0|0|0|0|0|0|0|0|0|0|0|0|0,0
Alaska,SUV,PHEV,2021,0|0|0|0|0|0|0|0|0|0|0|0|0|0|0|0|0|0|0|0|0|0|0|0|0|0|0|0|0|0|0,0
Alaska,SUV,PHEV,2022,0|0|0|0|0|0|0|0|0|0|0|0|0|0|0|0|0|0|0|0|0|0|0|0|0|0|0|0|0|0|0,0
Alaska,SUV,PHEV,2023,0|0|0|0|0|0|0|0|0|0|0|0|0|0|0|0|0|0|0|0|0|0|0|0|0|0|0|0|0|0|0,0
Alaska,SUV,PHEV,2024,0|0|0|0|0|0|0|0|0|0|0|0|0|0|0|0|0|0|0|0|0|0|0|0|0|0|0|0|0|0|0,0
Alaska,SUV,PHEV,2025,0|0|0|0|0|0|0|0|0|0|0|0|0|0|0|0|0|0|0|0|0|0|0|0|0|0|0|0|0|0|0,0
Alaska,SUV,PHEV,2026,0|0|0|0|0|0|0|0|0|0|0|0|0|0|0|0|0|0|0|0|0|0|0|0|0|0|0|0|0|0|0,0
Alaska,SUV,PHEV,2027,0|0|0|0|0|0|0|0|0|0|0|0|0|0|0|0|0|0|0|0|0|0|0|0|0|0|0|0|0|0|0,0
Alaska,SUV,PHEV,2028,0|0|0|0|0|0|0|0|0|0|0|0|0|0|0|0|0|0|0|0|0|0|0|0|0|0|0|0|0|0|0,0
Alaska,SUV,PHEV,2029,0|0|0|0|0|0|0|0|0|0|0|0|0|0|0|0|0|0|0|0|0|0|0|0|0|0|0|0|0|0|0,0
Alaska,SUV,PHEV,2030,0|0|0|0|0|0|0|1|1|1|0|0|0|0|0|0|0|0|0|0|0|0|0|0|0|0|0|0|0|0|0,3
Alaska,SUV,PHEV,2031,0|0|0|0|0|0|1|1|3|3|3|0|0|0|0|0|0|0|0|0|0|0|0|0|0|0|0|0|0|0|0,11
Alaska,SUV,PHEV,2032,0|0|0|0|0|1|1|2|3|5|5|5|1|0|0|0|0|0|0|0|0|0|0|0|0|0|0|0|0|0|0,23
Alaska,SUV,PHEV,2033,0|0|0|0|1|1|3|3|4|5|10|9|9|1|0|0|0|0|0|0|0|0|0|0|0|0|0|0|0|0|0,46
Alaska,SUV,PHEV,2034,0|0|0|1|1|3|3|5|5|7|10|15|14|9|1|0|0|0|0|0|0|0|0|0|0|0|0|0|0|0|0,74
Alaska,SUV,PHEV,2035,0|0|0|1|2|3|5|5|10|10|12|16|22|14|9|1|0|0|0|0|0|0|0|0|0|0|0|0|0|0|0,110
Alaska,SUV,PHEV,2036,0|0|0|1|3|4|6|10|10|16|16|18|24|21|13|8|1|0|0|0|0|0|0|0|0|0|0|0|0|0|0,151
Alaska,SUV,PHEV,2037,0|0|0|1|3|6|8|11|16|16|25|25|27|23|21|13|8|1|0|0|0|0|0|0|0|0|0|0|0|0|0,204
Alaska,SUV,PHEV,2038,0|0|0|1|3|6|11|13|18|25|25|38|35|26|23|20|12|7|1|0|0|0|0|0|0|0|0|0|0|0|0,264
Alaska,SUV,PHEV,2039,0|0|0|1|3|6|11|18|21|27|37|39|55|35|26|22|19|11|6|1|0|0|0|0|0|0|0|0|0|0|0,338
Alaska,SUV,PHEV,2040,0|0|0|1|4|6|11|18|27|32|41|54|56|54|34|25|21|18|10|6|1|0|0|0|0|0|0|0|0|0|0,419
Alaska,SUV,PHEV,2041,0|0|0|1|4|7|11|18|28|41|50|60|79|55|53|33|23|19|16|9|5|0|0|0|0|0|0|0|0|0|0,512
Alaska,SUV,PHEV,2042,0|0|0|1|4|7|13|18|30|45|61|74|88|78|54|51|31|22|17|14|7|4|0|0|0|0|0|0|0|0|0,619
Alaska,SUV,PHEV,2043,0|0|0|2|4|7|13|20|30|47|68|89|105|86|76|52|49|29|19|15|11|5|3|0|0|0|0|0|0|0|0,730
Alaska,SUV,PHEV,2044,0|0|0|2|5|7|13|20|32|47|71|99|127|104|84|73|49|45|26|17|12|9|4|2|0|0|0|0|0|0|0,848
Alaska,SUV,PHEV,2045,0|0|0|2|5|9|13|20|32|49|73|104|141|125|101|81|69|46|40|22|14|9|6|3|1|0|0|0|0|0|0,965
Alaska,SUV,PHEV,2046,0|0|1|2|5|9|15|21|33|49|75|107|148|139|122|98|77|64|41|35|18|11|7|5|2|1|0|0|0|0|0,1085
Alaska,SUV,PHEV,2047,0|0|0|3|5|9|15|23|34|51|75|109|151|146|135|118|93|72|58|35|28|14|8|5|3|1|1|0|0|0|0,1192
Alaska,SUV,PHEV,2048,0|0|0|2|7|9|15|23|36|52|76|109|154|149|143|131|112|86|64|49|29|22|10|6|3|2|1|0|0|0|0,1290
Alaska,SUV,PHEV,2049,0|0|0|2|5|11|15|23|36|54|77|111|154|152|146|138|124|104|77|55|40|22|16|7|4|2|1|1|0|0|0,1377
Alaska,SUV,PHEV,2050,0|0|0|2|5|9|17|24|36|54|78|112|156|152|149|141|131|115|93|66|45|31|17|12|5|3|1|1|0|0|0,1455
Arizona,Car,BEV,2020,0|2|2|1|2|2|4|0|0|0|0|0|0|0|0|0|0|0|0|0|0|0|0|0|0|0|0|0|0|0|0,13
Arizona,Car,BEV,2021,0|2|4|7|3|4|7|10|0|0|0|0|0|0|0|0|0|0|0|0|0|0|0|0|0|0|0|0|0|0|0,37
Arizona,Car,BEV,2022,0|2|4|9|13|5|8|13|19|0|0|0|0|0|0|0|0|0|0|0|0|0|0|0|0|0|0|0|0|0|0,73
Arizona,Car,BEV,2023,0|2|6|8|15|24|10|13|22|31|0|0|0|0|0|0|0|0|0|0|0|0|0|0|0|0|0|0|0|0|0,131
Arizona,Car,BEV,2024,0|3|7|11|13|26|39|16|22|35|49|0|0|0|0|0|0|0|0|0|0|0|0|0|0|0|0|0|0|0|0,221
Arizona,Car,BEV,2025,0|3|8|13|19|22|42|64|25|35|54|75|0|0|0|0|0|0|0|0|0|0|0|0|0|0|0|0|0|0|0,360
Arizona,Car,BEV,2026,0|5|8|15|24|32|35|67|102|38|54|80|110|0|0|0|0|0|0|0|0|0|0|0|0|0|0|0|0|0|0,570
Arizona,Car,BEV,2027,0|7|13|15|26|42|52|55|106|159|58|80|115|109|0|0|0|0|0|0|0|0|0|0|0|0|0|0|0|0|0,837
Arizona,Car,BEV,2028,0|9|18|27|25|44|69|82|86|163|243|86|115|113|106|0|0|0|0|0|0|0|0|0|0|0|0|0|0|0|0,1186
Arizona,Car,BEV,2029,0|12|23|36|48|42|73|111|129|134|249|363|124|113|111|102|0|0|0|0|0|0|0|0|0|0|0|0|0|0|0,1670
Arizona,Car,BEV,2030,0|15|31|46|63|81|68|118|176|198|205|370|523|122|111|107|97|0|0|0|0|0|0|0|0|0|0|0|0|0|0,2331
Arizona,Car,BEV,2031,0|17|37|60|81|104|131|107|186|273|301|304|533|516|119|107|102|90|0|0|0|0|0|0|0|0|0|0|0|0|0,3068
Arizona,Car,BEV,2032,0|18|42|72|105|136|168|207|166|288|415|445|436|525|504|115|102|94|81|0|0|0|0|0|0|0|0|0|0|0|0,3919
Arizona,Car,BEV,2033,0|22|47|83|126|174|222|268|322|253|437|616|638|429|513|487|109|94|84|69|0|0|0|0|0|0|0|0|0|0|0,4993
Arizona,Car,BEV,2034,0|24|55|92|145|211|282|353|419|494|380|649|885|629|420|496|462|101|84|72|57|0|0|0|0|0|0|0|0|0|0,6310
Arizona,Car,BEV,2035,0|27|63|107|162|241|341|446|554|645|746|559|930|872|615|405|470|427|91|72|59|44|0|0|0|0|0|0|0|0|0,7876
Arizona,Car,BEV,2036,0|29|68|123|187|273|388|537|694|851|976|1099|797|917|852|594|385|435|383|78|59|46|33|0|0|0|0|0|0|0|0,9804
Arizona,Car,BEV,2037,0|31|73|132|216|310|443|615|835|1065|1285|1441|1570|786|896|823|563|356|390|328|64|46|34|23|0|0|0|0|0|0|0,12325
Arizona,Car,BEV,2038,0|35|81|142|232|361|501|702|958|1277|1602|1897|2061|1547|768|865|781|521|319|335|269|49|34|24|16|0|0|0|0|0|0,15377
Arizona,Car,BEV,2039,0|37|88|158|250|388|584|795|1094|1470|1919|2359|2712|2031|1513|742|821|723|467|273|274|209|37|24|17|11|0|0|0|0|0,18996
Arizona,Car,BEV,2040,0|41|95|171|278|418|628|925|1238|1680|2214|2821|3368|2672|1985|1461|704|760|647|401|224|213|154|26|17|11|7|0|0|0|0,23159
Arizona,Car,BEV,2041,0|42|104|185|299|462|676|996|1442|1895|2533|3260|4021|3319|2612|1917|1386|651|680|556|328|174|157|110|18|11|7|5|0|0|0,27846
Arizona,Car,BEV,2042,0|45|108|200|322|496|745|1071|1552|2212|2852|3732|4653|3962|3244|2523|1819|1283|583|584|454|255|129|112|75|12|7|5|3|0|0,33038
Arizona,Car,BEV,2043,0|47|115|210|347|534|796|1172|1668|2381|3329|4195|5329|4585|3873|3133|2394|1684|1148|501|478|353|188|91|77|50|8|5|3|2|0,38696
Arizona,Car,BEV,2044,0|50|121|223|367|572|854|1249|1811|2551|3585|4897|5983|5251|4482|3740|2973|2216|1507|986|409|371|261|134|63|51|33|5|3|2|1,44751
Arizona,Car,BEV,2045,0|53|128|234|387|607|912|1335|1924|2753|3833|5273|6984|5896|5132|4328|3549|2751|1983|1294|806|318|275|186|92|42|34|22|3|2|1,51137
Arizona,Car,BEV,2046,0|53|134|248|408|638|967|1421|2049|2917|4112|5627|7517|6882|5763|4957|4107|3285|2463|1702|1058|626|235|195|127|62|28|22|14|2|1,57620
Arizona,Car,BEV,2047,0|55|136|259|430|672|1015|1503|2172|3093|4344|6006|8011|7407|6727|5566|4703|3801|2940|2114|1392|822|464|167|134|85|40|18|14|9|1,64100
Arizona,Car,BEV,2048,0|56|141|265|452|708|1069|1574|2294|3269|4589|6328|8516|7894|7241|6497|5281|4353|3403|2524|1729|1082|609|329|115|90|56|26|12|9|6,70517
Arizona,Car,BEV,2049,0|57|144|274|462|743|1124|1657|2396|3442|4835|6663|8954|8391|7716|6993|6165|4888|3897|2921|2064|1343|801|432|226|77|59|36|17|7|6,76790
Arizona,Car,BEV,2050,0|58|146|279|477|761|1178|1740|2519|3586|5080|7004|9403|8823|8202|7452|6635|5706|4376|3345|2388|1604|994|568|297|151|51|38|24|11|5,82901
Arizona,Car,PHEV,2020,0|0|1|1|1|1|2|0|0|0|0|0|0|0|0|0|0|0|0|0|0|0|0|0|0|0|0|0|0|0|0,6
Arizona,Car,PHEV,2021,0|0|0|2|3|3|3|7|0|0|0|0|0|0|0|0|0|0|0|0|0|0|0|0|0|0|0|0|0|0|0,18
Arizona,Car,PHEV,2022,0|0|0|0|4|5|6|5|13|0|0|0|0|0|0|0|0|0|0|0|0|0|0|0|0|0|0|0|0|0|0,33
Arizona,Car,PHEV,2023,0|0|0|0|1|7|10|11|10|22|0|0|0|0|0|0|0|0|0|0|0|0|0|0|0|0|0|0|0|0|0,61
Arizona,Car,PHEV,2024,0|0|0|1|1|3|12|16|18|15|35|0|0|0|0|0|0|0|0|0|0|0|0|0|0|0|0|0|0|0|0,101
Arizona,Car,PHEV,2025,0|0|0|0|3|3|5|21|25|29|24|52|0|0|0|0|0|0|0|0|0|0|0|0|0|0|0|0|0|0|0,162
Arizona,Car,PHEV,2026,0|1|0|0|1|5|5|10|33|40|46|35|77|0|0|0|0|0|0|0|0|0|0|0|0|0|0|0|0|0|0,253
Arizona,Car,PHEV,2027,0|1|4|0|0|3|9|10|16|51|61|68|50|76|0|0|0|0|0|0|0|0|0|0|0|0|0|0|0|0|0,349
Arizona,Car,PHEV,2028,0|3|4|7|0|1|5|14|16|27|77|89|98|49|74|0|0|0|0|0|0|0|0|0|0|0|0|0|0|0|0,464
Arizona,Car,PHEV,2029,0|3|7|8|13|2|4|9|22|25|43|117|129|97|48|71|0|0|0|0|0|0|0|0|0|0|0|0|0|0|0,598
Arizona,Car,PHEV,2030,0|3|7|13|14|20|5|7|14|35|39|64|168|127|95|47|68|0|0|0|0|0|0|0|0|0|0|0|0|0|0,726
Arizona,Car,PHEV,2031,0|3|8|13|21|24|32|9|13|22|53|56|92|166|124|91|44|63|0|0|0|0|0|0|0|0|0|0|0|0|0,834
Arizona,Car,PHEV,2032,0|4|8|15|22|34|39|50|15|19|34|78|81|91|162|120|87|41|56|0|0|0|0|0|0|0|0|0|0|0|0,956
Arizona,Car,PHEV,2033,0|5|10|15|26|36|54|61|75|23|28|50|111|79|89|156|114|80|37|48|0|0|0|0|0|0|0|0|0|0|0,1097
Arizona,Car,PHEV,2034,0|5|11|19|26|43|57|85|93|112|34|40|73|109|78|86|148|105|72|31|39|0|0|0|0|0|0|0|0|0|0,1266
Arizona,Car,PHEV,2035,0|5|12|22|33|44|69|88|131|140|164|48|56|72|107|75|82|137|94|62|26|31|0|0|0|0|0|0|0|0|0,1498
Arizona,Car,PHEV,2036,0|6|12|23|38|55|72|109|135|197|209|237|68|55|70|103|71|76|123|81|50|20|23|0|0|0|0|0|0|0|0,1833
Arizona,Car,PHEV,2037,0|6|14|24|41|64|89|115|169|205|295|304|334|67|54|68|98|66|68|106|66|39|15|16|0|0|0|0|0|0|0,2323
Arizona,Car,PHEV,2038,0|6|15|27|42|70|105|142|181|257|307|431|430|329|65|52|64|91|59|58|86|51|29|11|11|0|0|0|0|0|0,2919
Arizona,Car,PHEV,2039,0|6|16|29|46|71|114|167|222|280|386|449|614|423|322|63|49|59|81|51|47|67|38|21|7|7|0|0|0|0|0,3635
Arizona,Car,PHEV,2040,0|6|16|30|51|77|117|182|261|344|423|569|638|605|414|311|60|46|53|70|41|37|50|27|14|5|5|0|0|0|0,4452
Arizona,Car,PHEV,2041,0|6|16|31|52|85|125|189|285|403|521|625|811|629|591|400|295|55|41|46|57|32|27|35|19|9|3|3|0|0|0,5391
Arizona,Car,PHEV,2042,0|7|17|31|54|87|137|199|297|442|611|769|896|799|615|571|379|273|50|35|37|44|24|19|24|12|6|2|2|0|0,6439
Arizona,Car,PHEV,2043,0|7|19|34|55|90|140|215|310|459|671|904|1102|883|781|594|542|351|244|43|29|29|33|17|13|16|8|4|1|1|0,7595
Arizona,Car,PHEV,2044,0|7|19|36|59|92|144|219|331|477|696|993|1296|1086|863|755|563|501|314|210|35|22|21|23|12|9|11|5|3|1|1,8804
Arizona,Car,PHEV,2045,0|7|19|37|62|98|147|225|335|501|718|1029|1424|1277|1062|833|716|521|449|270|172|27|17|15|16|8|6|7|3|2|1,10004
Arizona,Car,PHEV,2046,0|7|19|38|65|102|155|229|343|506|746|1056|1473|1403|1248|1025|791|663|467|385|221|133|20|12|10|11|5|4|4|2|1,11144
Arizona,Car,PHEV,2047,0|7|19|38|67|106|161|240|348|515|750|1085|1504|1452|1371|1206|973|732|593|401|315|171|99|14|8|7|7|3|2|3|1,12198
Arizona,Car,PHEV,2048,0|7|19|37|67|109|167|248|362|522|760|1089|1535|1482|1419|1325|1144|901|655|509|328|245|127|70|10|5|5|5|2|2|2,13158
Arizona,Car,PHEV,2049,0|6|18|37|65|109|172|256|372|540|768|1098|1536|1512|1449|1370|1257|1059|806|562|416|255|181|90|48|7|4|3|3|1|1,14001
Arizona,Car,PHEV,2050,0|6|17|36|64|106|171|262|383|549|789|1106|1544|1513|1478|1399|1300|1163|948|692|460|324|188|129|62|32|4|2|2|2|1,14732
Arizona,SUV,BEV,2020,0|0|0|1|0|0|0|0|0|0|0|0|0|0|0|0|0|0|0|0|0|0|0|0|0|0|0|0|0|0|0,1
Arizona,SUV,BEV,2021,0|2|0|1|3|1|1|1|0|0|0|0|0|0|0|0|0|0|0|0|0|0|0|0|0|0|0|0|0|0|0,9
Arizona,SUV,BEV,2022,0|3|4|1|3|5|3|2|2|0|0|0|0|0|0|0|0|0|0|0|0|0|0|0|0|0|0|0|0|0|0,23
Arizona,SUV,BEV,2023,0|5|8|8|3|5|10|5|4|4|0|0|0|0|0|0|0|0|0|0|0|0|0|0|0|0|0|0|0|0|0,52
Arizona,SUV,BEV,2024,0|8|13|16|13|6|10|16|10|7|6|0|0|0|0|0|0|0|0|0|0|0|0|0|0|0|0|0|0|0|0,105
Arizona,SUV,BEV,2025,0|10|20|26|28|22|11|16|25|16|12|11|0|0|0|0|0|0|0|0|0|0|0|0|0|0|0|0|0|0|0,197
Arizona,SUV,BEV,2026,0|6|26|40|46|47|35|19|27|38|25|18|17|0|0|0|0|0|0|0|0|0|0|0|0|0|0|0|0|0|0,344
Arizona,SUV,BEV,2027,0|7|15|50|70|77|76|56|30|43|58|39|27|16|0|0|0|0|0|0|0|0|0|0|0|0|0|0|0|0|0,564
Arizona,SUV,BEV,2028,0|9|18|29|88|117|125|123|88|48|65|86|56|26|16|0|0|0|0|0|0|0|0|0|0|0|0|0|0|0|0,894
Arizona,SUV,BEV,2029,0|11|25|36|50|147|191|199|193|136|74|96|125|55|26|16|0|0|0|0|0|0|0|0|0|0|0|0|0|0|0,1380
Arizona,SUV,BEV,2030,0|15|30|50|65|83|238|304|312|299|208|109|140|123|54|25|15|0|0|0|0|0|0|0|0|0|0|0|0|0|0,2070
Arizona,SUV,BEV,2031,0|18|38|59|89|110|135|379|478|483|454|307|157|138|120|52|23|14|0|0|0|0|0|0|0|0|0|0|0|0|0,3054
Arizona,SUV,BEV,2032,0|22|47|75|107|148|180|216|595|740|733|673|440|155|135|116|49|22|12|0|0|0|0|0|0|0|0|0|0|0|0,4465
Arizona,SUV,BEV,2033,0|26|56|91|132|180|239|287|338|921|1125|1086|966|433|152|130|110|46|19|11|0|0|0|0|0|0|0|0|0|0|0,6348
Arizona,SUV,BEV,2034,0|32|67|109|159|221|294|380|451|524|1399|1668|1559|952|423|146|123|102|41|17|9|0|0|0|0|0|0|0|0|0|0,8676
Arizona,SUV,BEV,2035,0|35|81|130|191|266|359|470|596|697|796|2073|2395|1536|930|409|139|114|91|35|14|7|0|0|0|0|0|0|0|0|0,11364
Arizona,SUV,BEV,2036,0|37|89|157|228|318|431|570|739|920|1057|1180|2975|2360|1501|898|388|129|102|78|29|11|5|0|0|0|0|0|0|0|0,14202
Arizona,SUV,BEV,2037,0|37|94|174|275|378|513|682|892|1141|1393|1564|1693|2931|2306|1450|852|359|115|88|64|22|8|4|0|0|0|0|0|0|0,17035
Arizona,SUV,BEV,2038,0|42|95|182|303|456|606|812|1063|1374|1730|2060|2241|1669|2865|2227|1376|789|321|99|72|50|17|6|2|0|0|0|0|0|0,20457
Arizona,SUV,BEV,2039,0|45|107|185|318|502|730|952|1261|1632|2077|2558|2951|2208|1631|2767|2114|1273|706|276|81|56|37|12|4|2|0|0|0|0|0,24485
Arizona,SUV,BEV,2040,0|48|115|208|325|528|802|1142|1469|1925|2460|3067|3662|2908|2159|1575|2626|1956|1140|606|226|63|41|26|8|3|1|0|0|0|0,29089
Arizona,SUV,BEV,2041,0|51|123|224|365|542|847|1255|1756|2230|2887|3620|4385|3608|2842|2085|1495|2430|1751|978|496|175|46|29|18|5|2|1|0|0|0,34246
Arizona,SUV,BEV,2042,0|54|131|239|393|606|876|1331|1928|2658|3325|4232|5162|4321|3527|2745|1978|1383|2175|1503|800|385|130|33|20|12|4|1|0|0|0,39952
Arizona,SUV,BEV,2043,0|56|137|254|418|653|974|1386|2055|2917|3957|4851|6017|5087|4223|3406|2605|1831|1238|1867|1229|622|285|92|23|13|8|2|1|0|0,46207
Arizona,SUV,BEV,2044,0|60|144|266|443|693|1047|1531|2156|3123|4342|5768|6876|5929|4972|4079|3232|2411|1639|1063|1527|955|460|202|63|15|9|5|1|0|0,53011
Arizona,SUV,BEV,2045,0|64|153|280|464|733|1111|1643|2367|3299|4666|6328|8169|6775|5795|4802|3870|2992|2158|1407|869|1187|707|327|139|42|10|6|3|1|0,60367
Arizona,SUV,BEV,2046,0|66|163|297|488|767|1173|1741|2531|3597|4954|6819|8963|8050|6622|5597|4557|3582|2678|1852|1150|675|878|502|224|93|28|6|4|2|1,68060
Arizona,SUV,BEV,2047,0|68|168|316|518|807|1225|1833|2679|3837|5373|7269|9677|8832|7869|6396|5311|4217|3207|2299|1515|894|500|624|345|150|61|18|4|2|1,76015
Arizona,SUV,BEV,2048,0|72|176|327|549|854|1290|1910|2814|4053|5715|7847|10342|9535|8633|7599|6069|4915|3775|2752|1880|1177|662|355|428|231|99|40|12|3|2,84116
Arizona,SUV,BEV,2049,0|73|183|341|568|903|1361|2008|2922|4248|6023|8328|11125|10191|9321|8337|7211|5617|4400|3240|2251|1461|871|470|244|287|152|64|26|7|2,92235
Arizona,SUV,BEV,2050,0|75|187|353|593|935|1436|2113|3065|4397|6302|8761|11785|10962|9961|9002|7911|6674|5028|3777|2650|1749|1081|619|323|163|189|99|41|16|5,100252
Arizona,SUV,PHEV,2020,0|0|0|0|0|0|0|0|0|0|0|0|0|0|0|0|0|0|0|0|0|0|0|0|0|0|0|0|0|0|0,0
Arizona,SUV,PHEV,2021,0|0|0|0|0|0|0|0|0|0|0|0|0|0|0|0|0|0|0|0|0|0|0|0|0|0|0|0|0|0|0,0
Arizona,SUV,PHEV,2022,0|1|0|0|0|1|1|1|1|0|0|0|0|0|0|0|0|0|0|0|0|0|0|0|0|0|0|0|0|0|0,5
Arizona,SUV,PHEV,2023,0|2|3|0|0|1|2|3|3|3|0|0|0|0|0|0|0|0|0|0|0|0|0|0|0|0|0|0|0|0|0,17
Arizona,SUV,PHEV,2024,0|2|4|5|1|0|3|4|5|5|5|0|0|0|0|0|0|0|0|0|0|0|0|0|0|0|0|0|0|0|0,34
Arizona,SUV,PHEV,2025,0|2|6|8|10|3|1|5|7|10|9|9|0|0|0|0|0|0|0|0|0|0|0|0|0|0|0|0|0|0|0,70
Arizona,SUV,PHEV,2026,0|1|7|11|14|16|5|3|9|12|16|14|14|0|0|0|0|0|0|0|0|0|0|0|0|0|0|0|0|0|0,122
Arizona,SUV,PHEV,2027,0|2|3|13|20|23|27|10|5|15|19|25|20|14|0|0|0|0|0|0|0|0|0|0|0|0|0|0|0|0|0,196
Arizona,SUV,PHEV,2028,0|2|4|5|22|33|36|43|16|10|23|29|35|19|13|0|0|0|0|0|0|0|0|0|0|0|0|0|0|0|0,290
Arizona,SUV,PHEV,2029,0|2|6|9|10|37|53|56|68|25|16|34|42|35|19|13|0|0|0|0|0|0|0|0|0|0|0|0|0|0|0,425
Arizona,SUV,PHEV,2030,0|3|6|12|15|17|59|84|87|106|39|25|49|42|34|18|12|0|0|0|0|0|0|0|0|0|0|0|0|0|0,608
Arizona,SUV,PHEV,2031,0|4|8|12|21|24|28|95|131|133|160|58|37|48|41|33|17|11|0|0|0|0|0|0|0|0|0|0|0|0|0,861
Arizona,SUV,PHEV,2032,0|6|10|15|21|35|38|45|149|202|203|236|86|37|47|39|31|16|10|0|0|0|0|0|0|0|0|0|0|0|0,1226
Arizona,SUV,PHEV,2033,0|6|13|18|27|35|55|61|70|230|307|301|339|84|36|46|37|29|14|9|0|0|0|0|0|0|0|0|0|0|0,1717
Arizona,SUV,PHEV,2034,0|6|16|25|33|45|57|87|95|109|351|454|431|334|82|35|43|35|26|12|7|0|0|0|0|0|0|0|0|0|0,2283
Arizona,SUV,PHEV,2035,0|7|17|30|43|55|73|91|135|144|165|519|652|424|327|80|33|40|31|22|10|5|0|0|0|0|0|0|0|0|0,2903
Arizona,SUV,PHEV,2036,0|6|18|34|53|71|88|117|142|207|219|242|744|642|415|316|76|31|36|27|18|8|4|0|0|0|0|0|0|0|0,3514
Arizona,SUV,PHEV,2037,0|7|17|35|59|88|113|138|184|217|313|323|348|734|628|401|299|70|27|31|22|14|6|3|0|0|0|0|0|0|0,4077
Arizona,SUV,PHEV,2038,0|7|17|35|63|98|140|177|213|283|328|462|461|343|717|606|380|277|63|23|25|17|10|4|2|0|0|0|0|0|0,4751
Arizona,SUV,PHEV,2039,0|8|18|33|61|104|157|218|272|327|427|484|661|454|335|692|575|352|248|54|19|20|12|7|3|1|0|0|0|0|0,5542
Arizona,SUV,PHEV,2040,0|8|19|36|57|102|167|245|334|414|490|628|692|651|444|324|657|533|315|213|44|15|15|9|5|2|1|0|0|0|0,6420
Arizona,SUV,PHEV,2041,0|8|19|37|63|96|164|259|374|504|618|718|897|682|636|429|307|608|477|270|174|34|11|10|6|3|1|1|0|0|0,7406
Arizona,SUV,PHEV,2042,0|9|20|38|66|104|156|257|394|563|748|902|1022|884|667|615|407|284|544|409|221|135|25|8|7|4|2|1|0|0|0,8492
Arizona,SUV,PHEV,2043,0|9|22|40|67|108|168|246|394|591|834|1087|1278|1007|864|644|583|377|255|467|335|172|100|18|5|5|3|1|1|0|0,9681
Arizona,SUV,PHEV,2044,0|10|22|41|70|110|172|265|383|596|875|1212|1536|1259|984|834|611|540|337|219|382|260|127|71|12|4|3|2|1|0|0,10938
Arizona,SUV,PHEV,2045,0|10|24|43|70|115|175|271|409|587|888|1271|1712|1513|1231|950|792|566|483|289|179|297|193|90|49|8|2|2|1|1|0,12221
Arizona,SUV,PHEV,2046,0|10|25|46|74|116|183|275|417|619|882|1295|1795|1687|1479|1189|902|733|506|415|237|139|220|137|62|33|5|2|1|1|0,13485
Arizona,SUV,PHEV,2047,0|10|24|48|79|123|186|286|422|631|922|1295|1833|1769|1649|1429|1128|835|656|435|339|184|103|156|94|42|22|4|1|1|0,14706
Arizona,SUV,PHEV,2048,0|10|24|47|81|129|196|290|436|637|938|1344|1844|1806|1729|1592|1356|1044|747|563|355|264|136|73|107|63|27|14|2|1|1,15856
Arizona,SUV,PHEV,2049,0|9|24|47|81|132|204|302|441|653|944|1361|1901|1817|1765|1670|1511|1255|935|641|460|276|195|97|50|72|41|18|9|1|0,16912
Arizona,SUV,PHEV,2050,0|9|23|47|81|132|208|313|457|658|962|1369|1922|1873|1776|1705|1585|1398|1123|802|524|358|204|139|66|34|47|27|11|6|1,17860
Arkansas,Car,BEV,2020,0|0|0|0|0|0|0|0|0|0|0|0|0|0|0|0|0|0|0|0|0|0|0|0|0|0|0|0|0|0|0,0
Arkansas,Car,BEV,2021,0|0|0|0|0|0|0|0|0|0|0|0|0|0|0|0|0|0|0|0|0|0|0|0|0|0|0|0|0|0|0,0
Arkansas,Car,BEV,2022,0|0|0|0|0|0|0|0|0|0|0|0|0|0|0|0|0|0|0|0|0|0|0|0|0|0|0|0|0|0|0,0
Arkansas,Car,BEV,2023,0|0|0|0|0|0|0|0|0|0|0|0|0|0|0|0|0|0|0|0|0|0|0|0|0|0|0|0|0|0|0,0
Arkansas,Car,BEV,2024,0|0|0|0|0|0|0|0|0|0|0|0|0|0|0|0|0|0|0|0|0|0|0|0|0|0|0|0|0|0|0,0
Arkansas,Car,BEV,2025,0|0|0|0|0|0|0|1|0|0|0|1|0|0|0|0|0|0|0|0|0|0|0|0|0|0|0|0|0|0|0,2
Arkansas,Car,BEV,2026,0|1|0|0|1|0|0|1|3|0|0|1|3|0|0|0|0|0|0|0|0|0|0|0|0|0|0|0|0|0|0,10
Arkansas,Car,BEV,2027,0|2|3|0|1|2|1|1|3|5|0|1|3|3|0|0|0|0|0|0|0|0|0|0|0|0|0|0|0|0|0,25
Arkansas,Car,BEV,2028,0|2|4|7|0|3|4|3|3|5|10|1|3|3|3|0|0|0|0|0|0|0|0|0|0|0|0|0|0|0|0,51
Arkansas,Car,BEV,2029,0|2|6|9|12|1|5|8|5|5|10|16|3|3|3|3|0|0|0|0|0|0|0|0|0|0|0|0|0|0|0,91
Arkansas,Car,BEV,2030,0|4|7|12|15|20|3|9|13|10|8|16|24|3|3|3|3|0|0|0|0|0|0|0|0|0|0|0|0|0|0,153
Arkansas,Car,BEV,2031,0|5|9|13|21|26|32|6|15|20|16|13|24|23|3|3|3|2|0|0|0|0|0|0|0|0|0|0|0|0|0,234
Arkansas,Car,BEV,2032,0|5|11|18|24|35|43|52|11|23|31|25|19|23|23|3|3|2|2|0|0|0|0|0|0|0|0|0|0|0|0,353
Arkansas,Car,BEV,2033,0|5|11|20|31|42|57|69|81|18|34|47|35|18|23|22|3|2|2|2|0|0|0|0|0|0|0|0|0|0|0,522
Arkansas,Car,BEV,2034,0|6|12|21|36|51|69|90|109|125|28|50|67|35|18|22|21|2|2|2|2|0|0|0|0|0|0|0|0|0|0,768
Arkansas,Car,BEV,2035,0|6|15|23|37|59|82|110|142|167|191|42|72|66|34|17|21|19|2|2|2|1|0|0|0|0|0|0|0|0|0,1110
Arkansas,Car,BEV,2036,0|7|15|29|41|62|95|132|173|217|253|283|60|71|64|33|17|19|17|2|2|1|1|0|0|0|0|0|0|0|0,1594
Arkansas,Car,BEV,2037,0|8|17|30|49|70|102|151|206|266|329|374|405|59|69|62|31|15|17|15|2|1|1|1|0|0|0|0|0|0|0,2280
Arkansas,Car,BEV,2038,0|8|20|33|54|82|113|163|236|318|404|487|537|399|58|67|59|29|14|15|12|1|1|1|0|0|0|0|0|0|0,3111
Arkansas,Car,BEV,2039,0|9|22|38|58|89|134|181|254|365|482|600|699|529|390|56|63|55|26|12|12|9|1|1|0|0|0|0|0|0|0,4085
Arkansas,Car,BEV,2040,0|9|24|41|67|97|145|213|284|393|555|712|860|689|517|377|53|59|49|22|10|9|7|1|0|0|0|0|0|0|0,5193
Arkansas,Car,BEV,2041,0|10|24|45|71|111|158|232|334|440|597|821|1022|848|673|499|358|49|52|42|18|7|7|5|0|0|0|0|0|0|0,6423
Arkansas,Car,BEV,2042,0|10|26|47|78|119|178|251|361|514|667|886|1177|1007|829|650|474|331|44|45|34|14|6|5|3|0|0|0|0|0|0,7756
Arkansas,Car,BEV,2043,0|12|27|50|83|129|190|279|390|553|777|986|1271|1160|984|800|617|439|296|38|37|27|10|4|3|2|0|0|0|0|0,9164
Arkansas,Car,BEV,2044,0|12|30|52|88|137|206|298|429|596|833|1148|1411|1252|1134|950|760|571|393|254|31|29|20|7|3|2|1|0|0|0|0,10647
Arkansas,Car,BEV,2045,0|13|30|57|91|145|218|319|456|649|894|1228|1641|1390|1224|1095|902|703|511|337|208|24|21|14|5|2|1|1|0|0|0,12179
Arkansas,Car,BEV,2046,0|12|31|58|98|151|231|338|489|687|966|1311|1752|1617|1359|1182|1039|835|629|439|276|162|18|15|10|3|1|1|1|0|0,13711
Arkansas,Car,BEV,2047,0|12|30|60|101|161|239|359|517|734|1019|1406|1863|1727|1581|1313|1121|962|747|540|359|214|120|13|10|6|2|1|1|0|0,15218
Arkansas,Car,BEV,2048,0|13|31|59|104|166|254|371|547|775|1083|1479|1987|1836|1688|1527|1246|1038|861|641|442|279|159|85|9|7|4|1|0|0|0,16692
Arkansas,Car,BEV,2049,0|13|32|60|104|171|264|391|563|818|1141|1566|2086|1958|1795|1630|1449|1153|929|739|524|343|206|113|58|6|5|3|1|0|0,18121
Arkansas,Car,BEV,2050,0|13|33|61|106|172|271|407|593|841|1204|1648|2203|2056|1914|1733|1547|1341|1032|798|604|408|254|147|77|39|4|3|2|1|0,19512
Arkansas,Car,PHEV,2020,0|0|0|0|0|0|0|0|0|0|0|0|0|0|0|0|0|0|0|0|0|0|0|0|0|0|0|0|0|0|0,0
Arkansas,Car,PHEV,2021,0|0|0|0|0|0|0|0|0|0|0|0|0|0|0|0|0|0|0|0|0|0|0|0|0|0|0|0|0|0|0,0
Arkansas,Car,PHEV,2022,0|0|0|0|0|0|0|0|0|0|0|0|0|0|0|0|0|0|0|0|0|0|0|0|0|0|0|0|0|0|0,0
Arkansas,Car,PHEV,2023,0|0|0|0|0|0|0|0|0|1|0|0|0|0|0|0|0|0|0|0|0|0|0|0|0|0|0|0|0|0|0,1
Arkansas,Car,PHEV,2024,0|0|0|0|0|0|0|0|1|0|3|0|0|0|0|0|0|0|0|0|0|0|0|0|0|0|0|0|0|0|0,4
Arkansas,Car,PHEV,2025,0|0|0|0|0|0|0|0|1|2|1|5|0|0|0|0|0|0|0|0|0|0|0|0|0|0|0|0|0|0|0,9
Arkansas,Car,PHEV,2026,0|0|0|0|0|0|0|0|1|3|4|2|7|0|0|0|0|0|0|0|0|0|0|0|0|0|0|0|0|0|0,17
Arkansas,Car,PHEV,2027,0|0|0|0|0|0|0|0|0|3|5|6|4|7|0|0|0|0|0|0|0|0|0|0|0|0|0|0|0|0|0,25
Arkansas,Car,PHEV,2028,0|0|0|0|0|0|0|0|0|1|5|7|10|4|7|0|0|0|0|0|0|0|0|0|0|0|0|0|0|0|0,34
Arkansas,Car,PHEV,2029,0|0|1|1|1|0|0|0|1|1|3|10|12|10|4|6|0|0|0|0|0|0|0|0|0|0|0|0|0|0|0,50
Arkansas,Car,PHEV,2030,0|0|1|2|3|3|0|0|0|2|2|5|16|12|9|4|6|0|0|0|0|0|0|0|0|0|0|0|0|0|0,65
Arkansas,Car,PHEV,2031,0|0|1|3|4|5|6|0|0|1|4|4|7|16|11|9|3|6|0|0|0|0|0|0|0|0|0|0|0|0|0,80
Arkansas,Car,PHEV,2032,0|1|1|3|5|8|9|11|0|0|2|6|6|7|15|11|9|3|5|0|0|0|0|0|0|0|0|0|0|0|0,102
Arkansas,Car,PHEV,2033,0|1|3|3|6|9|13|15|18|0|1|4|11|6|7|15|10|8|3|4|0|0|0|0|0|0|0|0|0|0|0,137
Arkansas,Car,PHEV,2034,0|1|3|5|6|11|15|21|24|27|1|2|6|11|6|6|14|10|7|2|4|0|0|0|0|0|0|0|0|0|0,182
Arkansas,Car,PHEV,2035,0|1|3|5|9|11|18|24|33|38|42|3|4|6|10|5|6|13|9|6|2|3|0|0|0|0|0|0|0|0|0,251
Arkansas,Car,PHEV,2036,0|1|3|5|10|15|18|29|38|51|56|61|5|4|6|10|5|6|12|7|5|2|2|0|0|0|0|0|0|0|0,351
Arkansas,Car,PHEV,2037,0|1|3|6|10|16|24|29|45|57|78|83|89|5|4|5|10|5|5|10|6|4|1|1|0|0|0|0|0|0|0,497
Arkansas,Car,PHEV,2038,0|2|4|6|11|17|26|38|47|70|85|117|118|87|5|4|5|9|4|4|8|5|3|1|1|0|0|0|0|0|0,677
Arkansas,Car,PHEV,2039,0|2|5|7|12|18|28|42|58|74|105|126|167|116|85|5|3|5|8|4|4|6|3|2|1|1|0|0|0|0|0,887
Arkansas,Car,PHEV,2040,0|2|5|9|13|19|29|46|67|89|113|155|178|165|114|82|4|3|4|7|3|3|5|2|1|0|0|0|0|0|0,1118
Arkansas,Car,PHEV,2041,0|2|5|9|15|21|31|47|73|103|134|168|222|175|161|110|78|4|3|4|6|2|2|3|2|1|0|0|0|0|0,1381
Arkansas,Car,PHEV,2042,0|2|5|9|15|23|34|50|75|113|155|198|243|219|171|156|104|72|4|2|3|4|2|1|2|1|1|0|0|0|0,1664
Arkansas,Car,PHEV,2043,0|2|6|9|15|24|36|54|79|116|170|230|283|239|214|166|148|96|65|3|2|2|3|1|1|2|1|0|0|0|0,1967
Arkansas,Car,PHEV,2044,0|2|6|10|15|24|38|55|83|119|174|250|328|279|234|207|157|137|86|56|3|2|2|2|1|1|1|0|0|0|0,2272
Arkansas,Car,PHEV,2045,0|2|6|10|16|24|38|58|84|124|179|257|358|324|273|226|196|145|122|74|45|2|1|1|2|1|0|1|0|0|0,2569
Arkansas,Car,PHEV,2046,0|2|6|10|16|25|39|58|87|125|185|261|367|353|316|263|214|182|130|105|61|35|1|1|1|1|0|0|0|0|0,2844
Arkansas,Car,PHEV,2047,0|2|6|10|17|26|40|60|88|128|186|268|370|361|345|306|250|198|163|112|86|47|26|1|1|1|1|0|0|0|0,3099
Arkansas,Car,PHEV,2048,0|2|5|10|16|27|41|61|90|129|189|268|377|364|353|333|290|231|178|140|91|67|35|19|1|0|0|0|0|0|0,3317
Arkansas,Car,PHEV,2049,0|2|5|9|16|26|43|62|91|132|190|272|377|371|356|341|316|268|207|152|114|71|49|25|13|0|0|0|0|0|0,3508
Arkansas,Car,PHEV,2050,0|2|5|9|15|25|41|65|93|133|194|273|379|371|363|344|324|292|240|178|125|89|53|35|17|9|0|0|0|0|0,3674
Arkansas,SUV,BEV,2020,0|0|0|0|0|0|0|0|0|0|0|0|0|0|0|0|0|0|0|0|0|0|0|0|0|0|0|0|0|0|0,0
Arkansas,SUV,BEV,2021,0|0|0|0|0|0|0|0|0|0|0|0|0|0|0|0|0|0|0|0|0|0|0|0|0|0|0|0|0|0|0,0
Arkansas,SUV,BEV,2022,0|0|0|0|0|0|0|0|0|0|0|0|0|0|0|0|0|0|0|0|0|0|0|0|0|0|0|0|0|0|0,0
Arkansas,SUV,BEV,2023,0|0|0|0|0|0|0|0|0|0|0|0|0|0|0|0|0|0|0|0|0|0|0|0|0|0|0|0|0|0|0,0
Arkansas,SUV,BEV,2024,0|0|0|0|0|0|0|0|0|0|0|0|0|0|0|0|0|0|0|0|0|0|0|0|0|0|0|0|0|0|0,0
Arkansas,SUV,BEV,2025,0|0|1|1|0|0|0|0|0|0|0|0|0|0|0|0|0|0|0|0|0|0|0|0|0|0|0|0|0|0|0,2
Arkansas,SUV,BEV,2026,0|2|1|3|3|1|0|0|0|0|0|0|0|0|0|0|0|0|0|0|0|0|0|0|0|0|0|0|0|0|0,10
Arkansas,SUV,BEV,2027,0|2|5|3|5|5|3|1|0|0|0|0|0|0|0|0|0|0|0|0|0|0|0|0|0|0|0|0|0|0|0,24
Arkansas,SUV,BEV,2028,0|4|7|10|5|10|10|5|3|0|1|1|0|0|0|0|0|0|0|0|0|0|0|0|0|0|0|0|0|0|0,56
Arkansas,SUV,BEV,2029,0|5|10|13|18|10|16|16|10|5|1|3|3|0|0|0|0|0|0|0|0|0|0|0|0|0|0|0|0|0|0,110
Arkansas,SUV,BEV,2030,0|6|11|19|24|30|16|25|25|16|8|3|5|3|0|0|0|0|0|0|0|0|0|0|0|0|0|0|0|0|0,191
Arkansas,SUV,BEV,2031,0|6|15|22|32|40|49|27|38|38|25|13|5|5|3|0|0|0|0|0|0|0|0|0|0|0|0|0|0|0|0,318
Arkansas,SUV,BEV,2032,0|7|16|28|40|54|65|78|45|58|58|38|19|5|5|3|0|0|0|0|0|0|0|0|0|0|0|0|0|0|0,519
Arkansas,SUV,BEV,2033,0|8|18|32|48|67|87|105|122|71|88|85|55|18|5|5|3|0|0|0|0|0|0|0|0|0|0|0|0|0|0,817
Arkansas,SUV,BEV,2034,0|9|21|36|57|80|109|139|166|188|108|131|122|54|18|5|4|2|0|0|0|0|0|0|0|0|0|0|0|0|0,1249
Arkansas,SUV,BEV,2035,0|11|26|41|64|96|132|173|217|256|287|160|188|120|53|17|4|4|2|0|0|0|0|0|0|0|0|0|0|0|0,1851
Arkansas,SUV,BEV,2036,0|13|28|51|72|106|157|210|272|337|388|427|231|185|117|51|17|4|4|2|0|0|0|0|0|0|0|0|0|0|0,2672
Arkansas,SUV,BEV,2037,0|13|32|54|88|121|172|250|331|421|512|574|614|228|181|113|49|15|4|3|2|0|0|0|0|0|0|0|0|0|0,3777
Arkansas,SUV,BEV,2038,0|15|34|61|96|147|197|275|391|512|642|759|824|605|223|175|108|45|14|3|3|1|0|0|0|0|0|0|0|0|0,5130
Arkansas,SUV,BEV,2039,0|17|39|68|107|162|238|313|432|603|777|952|1090|812|591|215|166|100|40|12|3|2|1|0|0|0|0|0|0|0|0,6740
Arkansas,SUV,BEV,2040,0|18|42|76|120|180|263|377|493|668|916|1151|1366|1074|794|571|204|153|89|35|10|2|1|1|0|0|0|0|0|0|0,8604
Arkansas,SUV,BEV,2041,0|18|45|82|132|201|291|418|591|762|1012|1358|1651|1346|1049|767|542|189|137|77|28|7|1|1|0|0|0|0|0|0|0,10705
Arkansas,SUV,BEV,2042,0|19|47|87|143|219|324|460|652|911|1153|1497|1946|1627|1316|1014|727|501|169|118|63|22|6|1|1|0|0|0|0|0|0,13023
Arkansas,SUV,BEV,2043,0|20|48|92|151|236|351|509|715|1002|1377|1705|2145|1918|1590|1271|962|673|449|145|96|49|16|4|1|0|0|0|0|0|0,15525
Arkansas,SUV,BEV,2044,0|21|51|94|161|251|377|549|786|1093|1509|2031|2441|2113|1874|1536|1206|890|603|385|119|75|36|12|3|0|0|0|0|0|0,18216
Arkansas,SUV,BEV,2045,0|22|54|100|165|266|401|588|844|1194|1642|2221|2903|2405|2066|1810|1457|1116|797|517|315|92|55|26|8|2|0|0|0|0|0,21066
Arkansas,SUV,BEV,2046,0|23|56|106|175|274|424|625|901|1278|1782|2408|3169|2860|2351|1995|1718|1349|999|684|423|245|68|39|18|5|1|0|0|0|0,23976
Arkansas,SUV,BEV,2047,0|24|60|110|185|288|436|660|955|1359|1900|2602|3427|3123|2796|2270|1893|1590|1207|857|559|329|181|48|27|12|3|1|0|0|0,26902
Arkansas,SUV,BEV,2048,0|25|61|115|193|305|459|678|1006|1438|2015|2766|3688|3377|3053|2700|2154|1752|1423|1036|701|435|243|129|33|18|8|2|0|0|0,29813
Arkansas,SUV,BEV,2049,0|25|62|118|200|317|484|712|1033|1512|2128|2927|3912|3634|3301|2948|2562|1994|1568|1222|847|545|322|173|88|22|12|5|1|0|0,32674
Arkansas,SUV,BEV,2050,0|25|64|119|206|329|503|749|1083|1549|2232|3083|4129|3855|3552|3188|2797|2371|1785|1346|999|659|403|228|119|59|15|8|3|1|0,35459
Arkansas,SUV,PHEV,2020,0|0|0|0|0|0|0|0|0|0|0|0|0|0|0|0|0|0|0|0|0|0|0|0|0|0|0|0|0|0|0,0
Arkansas,SUV,PHEV,2021,0|0|0|0|0|0|0|0|0|0|0|0|0|0|0|0|0|0|0|0|0|0|0|0|0|0|0|0|0|0|0,0
Arkansas,SUV,PHEV,2022,0|0|0|0|0|0|0|0|0|0|0|0|0|0|0|0|0|0|0|0|0|0|0|0|0|0|0|0|0|0|0,0
Arkansas,SUV,PHEV,2023,0|0|0|0|0|0|0|0|0|0|0|0|0|0|0|0|0|0|0|0|0|0|0|0|0|0|0|0|0|0|0,0
Arkansas,SUV,PHEV,2024,0|0|0|0|0|0|0|0|0|0|0|0|0|0|0|0|0|0|0|0|0|0|0|0|0|0|0|0|0|0|0,0
Arkansas,SUV,PHEV,2025,0|0|0|0|0|0|0|0|0|0|0|0|0|0|0|0|0|0|0|0|0|0|0|0|0|0|0|0|0|0|0,0
Arkansas,SUV,PHEV,2026,0|0|0|0|0|0|0|0|0|0|0|0|0|0|0|0|0|0|0|0|0|0|0|0|0|0|0|0|0|0|0,0
Arkansas,SUV,PHEV,2027,0|0|0|0|1|1|1|0|0|0|0|1|0|0|0|0|0|0|0|0|0|0|0|0|0|0|0|0|0|0|0,4
Arkansas,SUV,PHEV,2028,0|1|1|1|1|3|3|3|0|0|0|1|2|0|0|0|0|0|0|0|0|0|0|0|0|0|0|0|0|0|0,16
Arkansas,SUV,PHEV,2029,0|1|2|3|3|3|5|5|5|1|0|1|2|2|0|0|0|0|0|0|0|0|0|0|0|0|0|0|0|0|0,33
Arkansas,SUV,PHEV,2030,0|1|3|4|5|5|5|10|10|10|2|1|3|2|2|0|0|0|0|0|0|0|0|0|0|0|0|0|0|0|0,63
Arkansas,SUV,PHEV,2031,0|1|3|5|8|9|10|10|16|16|16|4|2|3|2|2|0|0|0|0|0|0|0|0|0|0|0|0|0|0|0,107
Arkansas,SUV,PHEV,2032,0|2|3|5|9|13|15|16|16|25|25|25|6|2|3|2|2|0|0|0|0|0|0|0|0|0|0|0|0|0|0,169
Arkansas,SUV,PHEV,2033,0|2|4|7|10|15|21|24|25|26|38|36|36|6|2|3|2|2|0|0|0|0|0|0|0|0|0|0|0|0|0,259
Arkansas,SUV,PHEV,2034,0|2|5|9|12|17|24|33|37|40|42|55|51|36|6|2|3|2|1|0|0|0|0|0|0|0|0|0|0|0|0,377
Arkansas,SUV,PHEV,2035,0|3|6|10|15|20|28|38|52|57|62|62|80|50|35|5|2|2|1|1|0|0|0|0|0|0|0|0|0|0|0,529
Arkansas,SUV,PHEV,2036,0|3|7|11|17|24|33|46|58|81|85|92|90|78|49|34|5|2|2|1|1|0|0|0|0|0|0|0|0|0|0,719
Arkansas,SUV,PHEV,2037,0|3|7|13|19|29|39|53|73|88|122|126|132|89|77|48|32|5|1|2|1|1|0|0|0|0|0|0|0|0|0,960
Arkansas,SUV,PHEV,2038,0|3|7|13|22|32|47|62|82|113|132|182|179|130|87|74|45|30|4|1|2|1|1|0|0|0|0|0|0|0|0,1249
Arkansas,SUV,PHEV,2039,0|3|8|13|23|37|53|75|98|126|171|195|261|176|127|84|70|42|27|4|1|1|1|0|0|0|0|0|0|0|0,1596
Arkansas,SUV,PHEV,2040,0|3|8|14|23|38|59|84|117|150|192|252|279|257|172|123|80|65|37|23|3|1|1|0|0|0|0|0|0|0|0,1981
Arkansas,SUV,PHEV,2041,0|4|8|15|25|39|60|92|131|180|226|284|361|275|251|166|116|74|58|32|19|2|1|1|0|0|0|0|0|0|0,2420
Arkansas,SUV,PHEV,2042,0|4|9|15|26|41|62|94|142|201|273|335|407|356|269|242|158|108|66|50|26|15|2|0|0|0|0|0|0|0|0,2901
Arkansas,SUV,PHEV,2043,0|4|9|16|26|43|65|97|145|215|304|403|481|401|348|260|230|146|96|57|41|20|11|1|0|0|0|0|0|0|0,3419
Arkansas,SUV,PHEV,2044,0|4|10|17|28|43|67|101|150|220|323|447|575|474|392|336|247|213|131|83|46|32|15|8|1|0|0|0|0|0|0,3963
Arkansas,SUV,PHEV,2045,0|4|10|18|29|46|68|104|155|227|330|473|639|567|463|379|319|228|191|112|68|36|24|11|5|1|0|0|0|0|0,4507
Arkansas,SUV,PHEV,2046,0|4|10|18|31|47|72|105|159|233|338|484|672|630|554|447|359|295|204|164|92|53|27|17|7|4|0|0|0|0|0,5026
Arkansas,SUV,PHEV,2047,0|4|10|18|31|49|73|111|160|238|345|492|685|662|616|535|424|333|264|175|134|71|39|19|11|5|2|0|0|0|0,5506
Arkansas,SUV,PHEV,2048,0|4|9|18|31|50|77|112|168|239|351|500|696|675|647|595|508|393|298|227|143|104|53|28|13|8|3|2|0|0|0,5952
Arkansas,SUV,PHEV,2049,0|4|9|17|31|50|78|117|167|248|352|506|705|686|660|625|564|470|352|256|185|111|77|38|19|9|5|2|1|0|0,6344
Arkansas,SUV,PHEV,2050,0|4|9|17|30|49|78|119|174|247|363|508|711|695|670|637|593|522|421|302|209|144|82|55|26|13|6|3|1|1|0,6689
California,Car,BEV,2020,0|25|40|21|33|54|78|0|0|0|0|0|0|0|0|0|0|0|0|0|0|0|0|0|0|0|0|0|0|0|0,251
California,Car,BEV,2021,0|16|65|102|52|84|137|199|0|0|0|0|0|0|0|0|0|0|0|0|0|0|0|0|0|0|0|0|0|0|0,655
California,Car,BEV,2022,0|23|41|128|199|101|162|266|383|0|0|0|0|0|0|0|0|0|0|0|0|0|0|0|0|0|0|0|0|0|0,1303
California,Car,BEV,2023,0|34|59|80|225|349|177|283|461|659|0|0|0|0|0|0|0|0|0|0|0|0|0|0|0|0|0|0|0|0|0,2327
California,Car,BEV,2024,0|39|88|115|141|374|580|294|465|754|1059|0|0|0|0|0|0|0|0|0|0|0|0|0|0|0|0|0|0|0|0,3909
California,Car,BEV,2025,0|33|100|173|203|238|609|942|475|743|1188|1635|0|0|0|0|0|0|0|0|0|0|0|0|0|0|0|0|0|0|0,6339
California,Car,BEV,2026,0|98|84|195|307|342|389|974|1496|748|1153|1802|2407|0|0|0|0|0|0|0|0|0|0|0|0|0|0|0|0|0|0,9995
California,Car,BEV,2027,0|112|251|163|344|515|558|620|1532|2330|1148|1732|2626|2371|0|0|0|0|0|0|0|0|0|0|0|0|0|0|0|0|0,14302
California,Car,BEV,2028,0|135|289|489|285|577|838|893|975|2372|3556|1716|2508|2588|2318|0|0|0|0|0|0|0|0|0|0|0|0|0|0|0|0,19539
California,Car,BEV,2029,0|169|347|564|858|475|938|1338|1403|1509|3605|5286|2475|2471|2530|2239|0|0|0|0|0|0|0|0|0|0|0|0|0|0|0,26207
California,Car,BEV,2030,0|201|432|679|993|1429|765|1494|2099|2170|2290|5347|7606|2439|2416|2443|2124|0|0|0|0|0|0|0|0|0|0|0|0|0|0,34927
California,Car,BEV,2031,0|220|514|845|1197|1660|2309|1209|2339|3241|3289|3390|7677|7495|2384|2333|2318|1966|0|0|0|0|0|0|0|0|0|0|0|0|0,44386
California,Car,BEV,2032,0|232|565|1000|1487|2001|2692|3652|1875|3602|4912|4866|4860|7565|7326|2303|2214|2146|1760|0|0|0|0|0|0|0|0|0|0|0|0,55058
California,Car,BEV,2033,0|254|595|1105|1753|2484|3246|4275|5681|2860|5446|7265|6967|4789|7395|7075|2185|2049|1921|1511|0|0|0|0|0|0|0|0|0|0|0,68856
California,Car,BEV,2034,0|274|651|1164|1946|2917|4021|5154|6677|8703|4284|8038|10404|6865|4681|7142|6713|2022|1834|1649|1235|0|0|0|0|0|0|0|0|0|0,86374
California,Car,BEV,2035,0|295|702|1273|2051|3255|4704|6371|8051|10264|13103|6273|11490|10252|6711|4521|6777|6214|1810|1574|1348|960|0|0|0|0|0|0|0|0|0,107999
California,Car,BEV,2036,0|325|757|1372|2240|3436|5282|7428|9928|12370|15486|19277|8910|11322|10021|6481|4290|6272|5562|1554|1287|1048|711|0|0|0|0|0|0|0|0,135359
California,Car,BEV,2037,0|365|834|1477|2412|3744|5581|8392|11536|15228|18664|22828|27505|8780|11067|9678|6150|3970|5614|4774|1271|1000|776|504|0|0|0|0|0|0|0,172150
California,Car,BEV,2038,0|371|933|1626|2598|4029|6067|8880|13112|17644|22944|27512|32615|27102|8582|10688|9183|5692|3554|4819|3904|987|741|551|346|0|0|0|0|0|0,214480
California,Car,BEV,2039,0|395|949|1813|2856|4339|6525|9625|13894|20164|26527|33790|39309|32138|26492|8288|10142|8500|5095|3051|3941|3034|731|526|378|232|0|0|0|0|0,262734
California,Car,BEV,2040,0|420|1009|1842|3162|4757|7023|10342|15013|21389|30444|38999|48246|38734|31414|25586|7865|9387|7608|4373|2495|3062|2246|519|361|253|153|0|0|0|0,316702
California,Car,BEV,2041,0|441|1071|1954|3210|5222|7674|11122|16112|23040|32320|44904|55615|47540|37862|30339|24278|7279|8403|6531|3576|1938|2267|1594|356|242|167|99|0|0|0,375156
California,Car,BEV,2042,0|458|1126|2073|3399|5300|8332|12103|17305|24689|34716|47692|64181|54801|46470|36566|28788|22471|6516|7213|5340|2779|1435|1609|1095|239|159|108|64|0|0,437027
California,Car,BEV,2043,0|469|1166|2178|3601|5594|8453|12978|18743|26475|37140|51104|68184|63242|53567|44879|34697|26645|20114|5593|5898|4150|2057|1019|1105|733|157|103|70|41|0,500155
California,Car,BEV,2044,0|484|1197|2253|3782|5914|8890|13157|19834|28542|39756|54582|72915|67186|61818|51734|42586|32115|23851|17265|4574|4583|3072|1460|699|740|482|102|67|45|26,563711
California,Car,BEV,2045,0|496|1234|2314|3908|6204|9371|13775|20087|29813|42671|58328|77762|71848|65673|59702|49090|39416|28747|20473|14118|3554|3393|2181|1003|468|487|313|66|43|29,626567
California,Car,BEV,2046,0|504|1264|2387|4016|6406|9815|14468|20925|30156|44060|62366|82974|76623|70230|63425|56651|45436|35283|24675|16741|10971|2631|2408|1497|671|308|316|202|42|27,687478
California,Car,BEV,2047,0|503|1284|2446|4144|6589|10122|15125|21888|31250|44498|63781|88447|81760|74898|67827|60184|52434|40671|30285|20177|13009|8122|1868|1654|1003|442|200|204|130|27,744972
California,Car,BEV,2048,0|496|1285|2485|4248|6802|10424|15577|22838|32556|45887|64314|89769|87153|79919|72335|64361|55704|46936|34910|24764|15679|9631|5765|1282|1107|660|287|129|131|83,797517
California,Car,BEV,2049,0|494|1267|2490|4318|6978|10768|16065|23480|33898|47624|66042|90392|88455|85190|77184|68638|59570|49863|40287|28547|19244|11607|6836|3958|859|729|429|185|83|84,845564
California,Car,BEV,2050,0|495|1262|2456|4332|7096|11052|16605|24254|34791|49495|68318|92504|89069|86463|82275|73239|63529|53323|42800|32944|22183|14246|8240|4693|2651|565|474|277|119|53,889803
California,Car,PHEV,2020,0|11|24|27|32|35|78|0|0|0|0|0|0|0|0|0|0|0|0|0|0|0|0|0|0|0|0|0|0|0|0,207
California,Car,PHEV,2021,0|5|29|63|69|81|89|197|0|0|0|0|0|0|0|0|0|0|0|0|0|0|0|0|0|0|0|0|0|0|0,533
California,Car,PHEV,2022,0|5|12|56|124|135|159|171|379|0|0|0|0|0|0|0|0|0|0|0|0|0|0|0|0|0|0|0|0|0|0,1041
California,Car,PHEV,2023,0|3|12|23|98|219|237|277|296|650|0|0|0|0|0|0|0|0|0|0|0|0|0|0|0|0|0|0|0|0|0,1815
California,Car,PHEV,2024,0|4|8|24|41|163|366|393|456|482|1043|0|0|0|0|0|0|0|0|0|0|0|0|0|0|0|0|0|0|0|0,2980
California,Car,PHEV,2025,0|6|9|16|43|70|266|595|635|729|759|1609|0|0|0|0|0|0|0|0|0|0|0|0|0|0|0|0|0|0|0,4737
California,Car,PHEV,2026,0|21|15|17|27|74|115|423|948|1001|1130|1151|2366|0|0|0|0|0|0|0|0|0|0|0|0|0|0|0|0|0|0,7288
California,Car,PHEV,2027,0|25|54|29|30|45|122|184|666|1477|1537|1698|1677|2332|0|0|0|0|0|0|0|0|0|0|0|0|0|0|0|0|0,9876
California,Car,PHEV,2028,0|35|64|104|50|49|73|197|289|1033|2256|2294|2460|1653|2279|0|0|0|0|0|0|0|0|0|0|0|0|0|0|0|0,12836
California,Car,PHEV,2029,0|37|90|124|178|81|78|115|308|446|1570|3357|3308|2424|1615|2201|0|0|0|0|0|0|0|0|0|0|0|0|0|0|0,15932
California,Car,PHEV,2030,0|43|94|174|216|287|124|120|178|474|677|2327|4830|3260|2369|1560|2089|0|0|0|0|0|0|0|0|0|0|0|0|0|0,18822
California,Car,PHEV,2031,0|39|109|182|304|358|446|185|180|267|713|1000|3341|4759|3187|2288|1480|1933|0|0|0|0|0|0|0|0|0|0|0|0|0,20771
California,Car,PHEV,2032,0|42|100|211|317|500|570|675|265|262|393|1047|1431|3292|4652|3078|2171|1370|1730|0|0|0|0|0|0|0|0|0|0|0|0,22106
California,Car,PHEV,2033,0|49|109|196|366|520|795|889|1001|369|371|566|1484|1410|3218|4493|2920|2010|1227|1485|0|0|0|0|0|0|0|0|0|0|0,23478
California,Car,PHEV,2034,0|52|125|214|345|601|822|1233|1356|1462|501|513|786|1462|1378|3107|4263|2703|1799|1053|1215|0|0|0|0|0|0|0|0|0|0,24990
California,Car,PHEV,2035,0|53|134|245|377|576|954|1270|1875|2034|2103|667|690|775|1429|1331|2949|3946|2419|1544|861|944|0|0|0|0|0|0|0|0|0,27176
California,Car,PHEV,2036,0|56|137|261|431|634|932|1479|1924|2807|3001|2978|867|680|757|1380|1263|2729|3532|2077|1263|669|699|0|0|0|0|0|0|0|0,30556
California,Car,PHEV,2037,0|61|145|268|461|722|1033|1480|2255|2872|4138|4336|4121|854|664|732|1310|1169|2443|3032|1698|981|495|496|0|0|0|0|0|0|0,35766
California,Car,PHEV,2038,0|64|158|284|473|774|1175|1649|2311|3394|4228|5985|6099|4061|835|642|694|1212|1046|2097|2479|1320|726|352|341|0|0|0|0|0|0,42399
California,Car,PHEV,2039,0|66|164|308|501|792|1259|1875|2592|3553|5036|6111|8429|6010|3969|807|609|642|1085|898|1715|1926|977|516|241|228|0|0|0|0|0,50309
California,Car,PHEV,2040,0|66|168|319|538|837|1290|2009|2942|4008|5367|7331|8604|8306|5875|3833|765|563|575|931|734|1332|1426|693|354|162|150|0|0|0|0,59178
California,Car,PHEV,2041,0|72|170|326|556|890|1358|2055|3154|4546|6086|7923|10381|8478|8119|5674|3638|708|504|494|762|571|986|1012|476|237|106|98|0|0|0,69380
California,Car,PHEV,2042,0|74|184|330|566|916|1427|2154|3222|4870|6893|9017|11334|10229|8287|7841|5384|3367|634|433|404|592|422|700|695|319|156|69|63|0|0,80582
California,Car,PHEV,2043,0|77|188|355|573|930|1457|2231|3359|4969|7380|10202|12934|11168|9999|8004|7440|4983|3014|544|354|314|438|300|481|465|210|101|45|40|0,92555
California,Car,PHEV,2044,0|77|196|363|613|939|1474|2262|3426|5147|7521|10915|14620|12745|10917|9657|7595|6886|4460|2587|445|275|232|311|206|322|306|136|65|29|26,104753
California,Car,PHEV,2045,0|76|199|377|626|1000|1485|2278|3442|5173|7740|11110|15634|14406|12458|10543|9163|7029|6164|3829|2115|346|204|165|214|138|212|199|88|42|18,116473
California,Car,PHEV,2046,0|73|195|382|652|1019|1572|2288|3448|5148|7675|11367|15893|15405|14081|12032|10004|8481|6292|5291|3131|1644|256|145|113|143|91|138|128|56|27,127170
California,Car,PHEV,2047,0|69|186|375|658|1060|1598|2404|3451|5126|7572|11143|16183|15660|15058|13599|11417|9260|7592|5401|4327|2433|1217|182|99|76|94|59|89|82|36,136506
California,Car,PHEV,2048,0|63|175|358|646|1069|1657|2434|3596|5114|7494|10912|15719|15946|15308|14542|12904|10567|8289|6517|4416|3362|1801|864|125|66|50|61|38|57|53,144203
California,Car,PHEV,2049,0|59|160|336|619|1049|1671|2516|3626|5284|7450|10741|15301|15489|15587|14784|13799|11944|9459|7114|5329|3432|2489|1278|593|84|44|32|39|24|36,150368
California,Car,PHEV,2050,0|56|150|310|581|1008|1641|2536|3732|5305|7636|10643|14993|15077|15140|15054|14028|12772|10691|8119|5818|4141|2541|1767|878|397|55|28|21|25|16,155159
California,SUV,BEV,2020,0|8|11|21|17|13|13|0|0|0|0|0|0|0|0|0|0|0|0|0|0|0|0|0|0|0|0|0|0|0|0,83
California,SUV,BEV,2021,0|16|19|28|53|44|33|33|0|0|0|0|0|0|0|0|0|0|0|0|0|0|0|0|0|0|0|0|0|0|0,226
California,SUV,BEV,2022,0|34|41|37|55|103|85|64|63|0|0|0|0|0|0|0|0|0|0|0|0|0|0|0|0|0|0|0|0|0|0,482
California,SUV,BEV,2023,0|60|87|80|65|95|180|147|113|107|0|0|0|0|0|0|0|0|0|0|0|0|0|0|0|0|0|0|0|0|0,934
California,SUV,BEV,2024,0|95|152|171|142|109|158|298|241|185|171|0|0|0|0|0|0|0|0|0|0|0|0|0|0|0|0|0|0|0|0,1722
California,SUV,BEV,2025,0|107|246|298|305|239|180|256|481|385|291|263|0|0|0|0|0|0|0|0|0|0|0|0|0|0|0|0|0|0|0,3051
California,SUV,BEV,2026,0|162|276|482|527|513|389|290|405|757|597|442|385|0|0|0|0|0|0|0|0|0|0|0|0|0|0|0|0|0|0,5225
California,SUV,BEV,2027,0|88|417|539|852|884|836|620|457|631|1162|896|644|379|0|0|0|0|0|0|0|0|0|0|0|0|0|0|0|0|0,8405
California,SUV,BEV,2028,0|108|227|817|952|1431|1444|1337|975|707|962|1736|1297|635|370|0|0|0|0|0|0|0|0|0|0|0|0|0|0|0|0,12998
California,SUV,BEV,2029,0|133|277|444|1442|1598|2333|2307|2102|1510|1075|1429|2504|1278|621|358|0|0|0|0|0|0|0|0|0|0|0|0|0|0|0,19411
California,SUV,BEV,2030,0|155|340|541|783|2419|2603|3726|3628|3252|2293|1595|2056|2467|1250|599|340|0|0|0|0|0|0|0|0|0|0|0|0|0|0,28047
California,SUV,BEV,2031,0|187|396|666|954|1313|3942|4158|5856|5614|4938|3399|2290|2026|2412|1207|569|314|0|0|0|0|0|0|0|0|0|0|0|0|0,40241
California,SUV,BEV,2032,0|214|481|776|1175|1598|2138|6295|6535|9058|8524|7320|4880|2257|1981|2329|1145|526|281|0|0|0|0|0|0|0|0|0|0|0|0,57513
California,SUV,BEV,2033,0|252|549|940|1368|1970|2597|3408|9889|10109|13756|12637|10503|4808|2206|1913|2210|1060|471|241|0|0|0|0|0|0|0|0|0|0|0,80887
California,SUV,BEV,2034,0|296|645|1070|1655|2295|3203|4137|5345|15290|15347|20395|18142|10349|4700|2130|1815|2046|949|404|197|0|0|0|0|0|0|0|0|0|0,110410
California,SUV,BEV,2035,0|338|756|1255|1879|2769|3730|5102|6483|8248|23206|22746|29279|17876|10116|4539|2022|1680|1831|814|331|153|0|0|0|0|0|0|0|0|0,145153
California,SUV,BEV,2036,0|369|863|1465|2195|3133|4491|5941|7994|9996|12491|34384|32640|28850|17474|9770|4307|1871|1504|1572|666|257|114|0|0|0|0|0|0|0|0,182347
California,SUV,BEV,2037,0|390|942|1672|2551|3640|5057|7132|9305|12324|15128|18472|49329|32162|28200|16876|9270|3986|1675|1291|1285|517|190|81|0|0|0|0|0|0|0,221475
California,SUV,BEV,2038,0|350|993|1826|2906|4207|5835|7985|11132|14333|18644|22353|26452|48607|31438|27235|16013|8580|3568|1438|1056|999|383|135|55|0|0|0|0|0|0,256523
California,SUV,BEV,2039,0|396|898|1922|3176|4782|6705|9138|12380|17084|21662|27533|31986|26065|47513|30362|25843|14821|7681|3063|1176|820|739|272|93|37|0|0|0|0|0,296147
California,SUV,BEV,2040,0|416|1013|1753|3336|5227|7595|10428|14045|18872|25729|31956|39375|31518|25478|45887|28810|23920|13267|6593|2505|914|607|525|187|62|24|0|0|0|0,340042
California,SUV,BEV,2041,0|432|1063|1970|3079|5480|8305|11767|15911|21225|28237|37840|45654|38799|30809|24606|43542|26666|21411|11388|5391|1946|676|431|360|125|41|16|0|0|0,387170
California,SUV,BEV,2042,0|439|1104|2065|3444|5132|8700|12879|17883|23880|31518|41293|53925|44986|37925|29754|23349|40301|23869|18378|9312|4189|1441|480|296|241|82|27|10|0|0,436902
California,SUV,BEV,2043,0|448|1123|2144|3608|5705|8282|13483|19609|26745|35248|45805|58579|53136|43973|36627|28234|21611|36075|20488|15028|7236|3101|1023|330|198|159|53|17|7|0,488075
California,SUV,BEV,2044,0|464|1144|2180|3741|5971|9141|13068|20527|29390|39363|50984|64669|57722|51939|42468|34755|26132|19345|30965|16754|11678|5357|2201|702|221|130|103|34|11|4,541163
California,SUV,BEV,2045,0|486|1186|2220|3803|6183|9553|14300|20249|30781|43360|56811|71730|63723|56422|50162|40298|32168|23392|16604|25320|13019|8645|3803|1511|470|145|85|67|22|7,596525
California,SUV,BEV,2046,0|509|1240|2301|3872|6279|9880|14921|21958|30846|45437|62724|79809|70680|62288|54491|47598|37298|28795|20078|13578|19676|9638|6137|2611|1012|309|94|55|43|14,654171
California,SUV,BEV,2047,0|529|1298|2401|4010|6395|10018|15408|22869|33159|46129|65762|88288|78641|69089|60156|51706|44055|33387|24716|16418|10551|14566|6842|4213|1748|666|201|61|35|27,713344
California,SUV,BEV,2048,0|541|1349|2511|4178|6613|10202|15594|23576|34466|49206|67432|92598|86996|76870|66724|57082|47857|39435|28658|20211|12758|7811|10340|4697|2821|1150|433|130|39|22,772300
California,SUV,BEV,2049,0|553|1379|2608|4365|6881|10533|15879|23808|35471|51051|71478|95646|91243|85037|74240|63314|52833|42839|33849|23434|15705|9445|5545|7099|3145|1856|748|279|83|25,830371
California,SUV,BEV,2050,0|558|1410|2667|4530|7175|10936|16361|24235|35740|52451|74036|100890|94246|89188|82127|70446|58601|47293|36771|27679|18210|11627|6705|3807|4754|2070|1207|482|179|53,886434
California,SUV,PHEV,2020,0|5|7|9|11|14|16|0|0|0|0|0|0|0|0|0|0|0|0|0|0|0|0|0|0|0|0|0|0|0|0,62
California,SUV,PHEV,2021,0|5|12|18|24|29|36|39|0|0|0|0|0|0|0|0|0|0|0|0|0|0|0|0|0|0|0|0|0|0|0,163
California,SUV,PHEV,2022,0|14|13|23|36|46|58|69|75|0|0|0|0|0|0|0|0|0|0|0|0|0|0|0|0|0|0|0|0|0|0,334
California,SUV,PHEV,2023,0|13|36|25|41|63|81|102|121|129|0|0|0|0|0|0|0|0|0|0|0|0|0|0|0|0|0|0|0|0|0,611
California,SUV,PHEV,2024,0|20|33|71|45|69|106|136|170|197|207|0|0|0|0|0|0|0|0|0|0|0|0|0|0|0|0|0|0|0|0,1054
California,SUV,PHEV,2025,0|22|53|66|125|75|113|172|220|271|312|319|0|0|0|0|0|0|0|0|0|0|0|0|0|0|0|0|0|0|0,1748
California,SUV,PHEV,2026,0|31|57|105|118|212|122|182|273|347|421|475|469|0|0|0|0|0|0|0|0|0|0|0|0|0|0|0|0|0|0,2812
California,SUV,PHEV,2027,0|18|81|111|186|199|347|195|286|427|532|634|693|462|0|0|0|0|0|0|0|0|0|0|0|0|0|0|0|0|0,4171
California,SUV,PHEV,2028,0|24|46|157|196|313|324|553|305|444|653|793|920|682|452|0|0|0|0|0|0|0|0|0|0|0|0|0|0|0|0,5862
California,SUV,PHEV,2029,0|26|61|88|277|328|511|516|869|474|677|971|1143|906|667|437|0|0|0|0|0|0|0|0|0|0|0|0|0|0|0,7951
California,SUV,PHEV,2030,0|30|66|120|155|461|532|818|813|1342|720|1004|1397|1126|886|644|414|0|0|0|0|0|0|0|0|0|0|0|0|0|0,10528
California,SUV,PHEV,2031,0|36|78|127|211|258|747|847|1285|1258|2038|1066|1443|1377|1101|855|611|383|0|0|0|0|0|0|0|0|0|0|0|0|0,13721
California,SUV,PHEV,2032,0|43|92|154|222|352|416|1185|1326|1985|1909|3020|1526|1422|1346|1063|812|566|343|0|0|0|0|0|0|0|0|0|0|0|0,17782
California,SUV,PHEV,2033,0|55|112|180|271|368|568|655|1849|2040|3009|2827|4332|1504|1390|1300|1009|751|506|295|0|0|0|0|0|0|0|0|0|0|0,23021
California,SUV,PHEV,2034,0|59|140|219|316|453|593|899|1015|2842|3086|4454|4054|4268|1470|1342|1234|934|673|435|241|0|0|0|0|0|0|0|0|0|0,28727
California,SUV,PHEV,2035,0|65|150|271|384|526|731|935|1394|1547|4288|4559|6385|3995|4172|1420|1273|1142|836|577|355|187|0|0|0|0|0|0|0|0|0,35192
California,SUV,PHEV,2036,0|66|166|292|472|637|847|1157|1451|2130|2317|6324|6523|6292|3905|4029|1347|1179|1022|717|472|276|139|0|0|0|0|0|0|0|0,41760
California,SUV,PHEV,2037,0|66|169|323|509|779|1021|1336|1795|2213|3196|3393|9039|6427|6150|3772|3824|1247|1055|877|587|367|204|98|0|0|0|0|0|0|0,48447
California,SUV,PHEV,2038,0|59|169|329|563|840|1241|1601|2070|2741|3315|4687|4822|8906|6282|5939|3579|3539|1116|906|717|456|272|145|68|0|0|0|0|0|0,54362
California,SUV,PHEV,2039,0|64|150|328|574|926|1341|1931|2465|3153|4109|4852|6668|4751|8706|6067|5636|3312|3168|958|741|557|337|193|100|45|0|0|0|0|0,61132
California,SUV,PHEV,2040,0|64|164|293|572|946|1472|2092|2947|3733|4714|6017|6890|6570|4644|8408|5757|5216|2965|2719|783|575|413|240|132|67|30|0|0|0|0,68423
California,SUV,PHEV,2041,0|66|164|319|514|943|1509|2283|3201|4427|5553|6891|8544|6789|6422|4485|7978|5329|4669|2545|2223|609|426|293|164|89|44|19|0|0|0,76498
California,SUV,PHEV,2042,0|66|170|318|559|858|1503|2348|3475|4820|6540|8081|9770|8419|6636|6202|4256|7384|4770|4008|2081|1728|451|302|201|110|58|29|12|0|0,85155
California,SUV,PHEV,2043,0|70|170|331|556|926|1386|2340|3586|5201|7136|9465|11423|9627|8230|6409|5885|3939|6610|4094|3277|1617|1279|320|208|135|72|38|18|8|0,94356
California,SUV,PHEV,2044,0|73|179|331|577|920|1483|2187|3576|5391|7664|10349|13325|11255|9411|7948|6081|5447|3526|5674|3348|2547|1197|908|220|139|89|47|24|12|5,103933
California,SUV,PHEV,2045,0|74|184|346|578|952|1474|2318|3393|5382|7974|11074|14594|13130|11002|9088|7542|5629|4876|3027|4640|2602|1885|850|623|147|91|58|30|16|8,113587
California,SUV,PHEV,2046,0|74|187|356|600|953|1517|2303|3555|5171|7964|11560|15571|14380|12834|10625|8624|6981|5038|4185|2475|3605|1926|1338|583|417|97|59|37|19|10,123044
California,SUV,PHEV,2047,0|73|188|360|616|983|1514|2359|3531|5360|7735|11547|16296|15343|14056|12395|10082|7982|6249|4325|3422|1923|2669|1367|919|391|275|63|38|24|12,132097
California,SUV,PHEV,2048,0|71|185|362|623|1006|1554|2344|3591|5318|7939|11308|16279|16058|14998|13575|11762|9332|7145|5363|3536|2659|1424|1895|939|615|257|179|41|25|15,140398
California,SUV,PHEV,2049,0|69|181|357|625|1016|1585|2392|3553|5375|7868|11511|16038|16040|15696|14485|12881|10886|8353|6133|4386|2748|1969|1011|1301|629|405|167|115|26|16,147817
California,SUV,PHEV,2050,0|66|176|349|617|1018|1596|2428|3603|5291|7903|11392|16221|15804|15679|15159|13744|11923|9745|7170|5015|3408|2034|1398|694|871|414|263|108|74|17,154180
Colorado,Car,BEV,2020,0|2|2|1|2|2|5|0|0|0|0|0|0|0|0|0|0|0|0|0|0|0|0|0|0|0|0|0|0|0|0,14
Colorado,Car,BEV,2021,0|1|4|7|3|4|7|11|0|0|0|0|0|0|0|0|0|0|0|0|0|0|0|0|0|0|0|0|0|0|0,37
Colorado,Car,BEV,2022,0|2|3|9|13|5|9|13|20|0|0|0|0|0|0|0|0|0|0|0|0|0|0|0|0|0|0|0|0|0|0,74
Colorado,Car,BEV,2023,0|2|4|5|15|24|10|15|22|33|0|0|0|0|0|0|0|0|0|0|0|0|0|0|0|0|0|0|0|0|0,130
Colorado,Car,BEV,2024,0|3|7|9|10|26|39|16|24|37|53|0|0|0|0|0|0|0|0|0|0|0|0|0|0|0|0|0|0|0|0,224
Colorado,Car,BEV,2025,0|3|8|13|16|17|42|63|26|39|59|81|0|0|0|0|0|0|0|0|0|0|0|0|0|0|0|0|0|0|0,367
Colorado,Car,BEV,2026,0|7|8|16|23|27|28|67|101|42|60|89|121|0|0|0|0|0|0|0|0|0|0|0|0|0|0|0|0|0|0,589
Colorado,Car,BEV,2027,0|11|19|15|27|39|45|46|105|158|64|89|129|119|0|0|0|0|0|0|0|0|0|0|0|0|0|0|0|0|0,866
Colorado,Car,BEV,2028,0|14|29|37|25|45|64|73|74|162|242|94|129|127|117|0|0|0|0|0|0|0|0|0|0|0|0|0|0|0|0,1232
Colorado,Car,BEV,2029,0|17|36|58|66|42|74|103|115|115|246|361|135|127|124|113|0|0|0|0|0|0|0|0|0|0|0|0|0|0|0,1732
Colorado,Car,BEV,2030,0|19|43|70|102|112|68|119|162|178|175|366|518|133|124|120|107|0|0|0|0|0|0|0|0|0|0|0|0|0|0,2416
Colorado,Car,BEV,2031,0|21|49|84|123|171|183|108|187|251|272|259|525|511|130|120|114|99|0|0|0|0|0|0|0|0|0|0|0|0|0,3207
Colorado,Car,BEV,2032,0|23|54|97|148|206|279|292|167|290|380|404|374|517|499|125|114|105|89|0|0|0|0|0|0|0|0|0|0|0|0,4163
Colorado,Car,BEV,2033,0|25|60|107|171|248|334|445|456|254|440|564|579|368|506|482|119|105|94|76|0|0|0|0|0|0|0|0|0|0|0,5433
Colorado,Car,BEV,2034,0|25|65|117|188|283|403|529|699|702|381|652|809|571|360|488|457|110|94|81|62|0|0|0|0|0|0|0|0|0|0,7076
Colorado,Car,BEV,2035,0|26|65|126|206|315|458|638|828|1079|1062|560|934|797|558|348|464|423|99|81|66|48|0|0|0|0|0|0|0|0|0,9181
Colorado,Car,BEV,2036,0|28|67|128|222|345|510|725|996|1276|1636|1568|798|921|780|539|330|429|379|85|66|51|36|0|0|0|0|0|0|0|0,11915
Colorado,Car,BEV,2037,0|33|71|131|224|371|560|812|1129|1533|1929|2419|2244|787|900|753|511|305|384|325|69|51|38|25|0|0|0|0|0|0|0,15604
Colorado,Car,BEV,2038,0|35|84|139|231|374|600|893|1271|1734|2315|2850|3465|2211|769|869|714|473|273|330|266|54|38|27|17|0|0|0|0|0|0,20032
Colorado,Car,BEV,2039,0|36|88|161|244|385|605|954|1397|1956|2615|3417|4079|3415|2161|743|825|661|424|235|270|207|40|27|19|12|0|0|0|0|0,24976
Colorado,Car,BEV,2040,0|40|93|171|279|406|622|959|1492|2153|2956|3853|4886|4019|3338|2087|705|763|592|364|192|209|153|28|19|12|8|0|0|0|0,30399
Colorado,Car,BEV,2041,0|41|101|181|296|459|654|983|1496|2293|3256|4365|5505|4815|3929|3224|1981|652|683|508|297|149|155|109|19|12|8|5|0|0|0,36176
Colorado,Car,BEV,2042,0|44|105|194|314|488|730|1029|1528|2294|3461|4808|6244|5424|4706|3794|3059|1833|584|586|415|231|110|110|75|13|8|5|3|0|0,42195
Colorado,Car,BEV,2043,0|45|110|204|335|515|774|1133|1591|2336|3454|5099|6878|6153|5302|4545|3600|2831|1641|501|480|323|171|78|76|50|9|5|3|2|0,48244
Colorado,Car,BEV,2044,0|45|114|214|353|550|813|1196|1725|2416|3505|5079|7282|6777|6014|5120|4313|3332|2534|1409|410|373|239|121|54|51|33|6|3|2|1,54084
Colorado,Car,BEV,2045,0|45|115|220|372|578|867|1254|1810|2582|3603|5136|7239|7176|6624|5808|4859|3992|2983|2175|1152|318|276|170|83|36|33|21|4|2|1,59534
Colorado,Car,BEV,2046,0|44|115|224|382|609|912|1333|1894|2695|3801|5253|7300|7133|7014|6398|5512|4497|3573|2560|1779|895|236|196|116|56|24|22|14|2|1,64590
Colorado,Car,BEV,2047,0|44|113|222|388|626|959|1403|2007|2813|3947|5482|7433|7193|6972|6774|6071|5101|4026|3067|2094|1382|663|167|134|78|37|15|14|9|1,69235
Colorado,Car,BEV,2048,0|44|113|221|386|636|989|1472|2110|2970|4109|5667|7690|7324|7031|6734|6428|5619|4566|3455|2508|1627|1023|470|115|90|51|24|10|9|6,73497
Colorado,Car,BEV,2049,0|45|113|221|386|636|1005|1521|2212|3123|4326|5886|7921|7577|7159|6790|6390|5950|5030|3920|2825|1949|1204|726|323|77|59|33|15|6|6,77434
Colorado,Car,BEV,2050,0|44|114|220|386|638|1010|1550|2292|3269|4544|6182|8213|7805|7406|6914|6443|5914|5326|4317|3205|2196|1443|855|499|216|51|39|22|10|4,81127
Colorado,Car,PHEV,2020,0|0|1|1|1|1|2|0|0|0|0|0|0|0|0|0|0|0|0|0|0|0|0|0|0|0|0|0|0|0|0,6
Colorado,Car,PHEV,2021,0|0|0|2|3|3|2|5|0|0|0|0|0|0|0|0|0|0|0|0|0|0|0|0|0|0|0|0|0|0|0,15
Colorado,Car,PHEV,2022,0|0|0|0|4|5|5|4|10|0|0|0|0|0|0|0|0|0|0|0|0|0|0|0|0|0|0|0|0|0|0,28
Colorado,Car,PHEV,2023,0|0|0|0|1|7|9|10|7|17|0|0|0|0|0|0|0|0|0|0|0|0|0|0|0|0|0|0|0|0|0,51
Colorado,Car,PHEV,2024,0|0|0|1|1|3|12|14|16|12|28|0|0|0|0|0|0|0|0|0|0|0|0|0|0|0|0|0|0|0|0,87
Colorado,Car,PHEV,2025,0|0|0|0|3|3|5|20|23|26|18|44|0|0|0|0|0|0|0|0|0|0|0|0|0|0|0|0|0|0|0,142
Colorado,Car,PHEV,2026,0|1|0|0|1|5|5|10|31|36|41|28|64|0|0|0|0|0|0|0|0|0|0|0|0|0|0|0|0|0|0,222
Colorado,Car,PHEV,2027,0|2|4|0|1|3|9|10|16|49|55|60|41|63|0|0|0|0|0|0|0|0|0|0|0|0|0|0|0|0|0,313
Colorado,Car,PHEV,2028,0|3|6|8|2|3|6|15|16|26|76|81|88|41|62|0|0|0|0|0|0|0|0|0|0|0|0|0|0|0|0,433
Colorado,Car,PHEV,2029,0|3|8|12|14|5|6|11|24|25|42|114|116|86|40|59|0|0|0|0|0|0|0|0|0|0|0|0|0|0|0,565
Colorado,Car,PHEV,2030,0|4|8|15|20|22|8|10|18|37|37|62|163|114|84|38|56|0|0|0|0|0|0|0|0|0|0|0|0|0|0,696
Colorado,Car,PHEV,2031,0|4|10|15|27|33|36|14|16|27|55|54|90|161|112|81|36|52|0|0|0|0|0|0|0|0|0|0|0|0|0,823
Colorado,Car,PHEV,2032,0|5|10|19|27|44|53|55|21|24|41|82|79|89|157|108|77|34|47|0|0|0|0|0|0|0|0|0|0|0|0,972
Colorado,Car,PHEV,2033,0|5|12|19|33|44|71|83|85|31|36|59|118|78|87|152|102|72|30|40|0|0|0|0|0|0|0|0|0|0|0,1157
Colorado,Car,PHEV,2034,0|5|13|23|33|54|71|113|129|128|47|53|86|116|76|84|144|95|64|26|33|0|0|0|0|0|0|0|0|0|0,1393
Colorado,Car,PHEV,2035,0|5|13|24|41|55|86|113|176|196|192|67|76|84|114|73|80|133|85|55|21|26|0|0|0|0|0|0|0|0|0,1715
Colorado,Car,PHEV,2036,0|6|12|24|42|69|89|135|176|269|295|281|94|75|82|110|69|74|119|73|45|16|19|0|0|0|0|0|0|0|0,2174
Colorado,Car,PHEV,2037,0|6|13|24|42|71|110|142|209|269|403|434|400|93|73|80|104|64|66|102|60|35|12|13|0|0|0|0|0|0|0,2825
Colorado,Car,PHEV,2038,0|6|15|26|42|71|117|174|222|320|403|593|619|394|91|70|76|96|58|57|84|46|26|9|9|0|0|0|0|0|0,3624
Colorado,Car,PHEV,2039,0|6|15|30|45|71|117|188|271|345|481|593|845|610|385|88|67|70|86|49|46|65|34|18|6|6|0|0|0|0|0,4537
Colorado,Car,PHEV,2040,0|6|16|29|50|75|116|188|296|416|523|707|844|832|597|372|83|62|63|74|40|36|48|24|13|4|4|0|0|0|0,5518
Colorado,Car,PHEV,2041,0|7|16|31|51|82|121|186|296|459|629|774|1011|831|814|576|353|77|55|54|61|31|27|34|17|8|3|3|0|0|0,6607
Colorado,Car,PHEV,2042,0|7|18|31|53|84|131|191|291|458|696|928|1108|996|813|786|547|327|69|48|44|47|23|19|23|11|6|2|2|0|0,7759
Colorado,Car,PHEV,2043,0|7|18|34|53|87|133|203|294|448|695|1031|1328|1092|974|785|746|506|293|59|39|34|35|16|13|16|7|4|1|1|0,8952
Colorado,Car,PHEV,2044,0|7|18|35|58|87|138|206|309|448|676|1028|1477|1308|1067|940|745|690|453|251|48|30|25|25|11|9|10|5|2|1|1,10108
Colorado,Car,PHEV,2045,0|7|18|36|60|94|138|212|311|462|670|994|1472|1455|1279|1031|892|689|618|389|205|38|22|18|17|8|6|7|3|1|0,11152
Colorado,Car,PHEV,2046,0|6|18|36|62|97|147|212|318|463|678|977|1419|1451|1423|1235|978|826|617|530|318|160|28|16|12|11|5|4|4|2|1,12054
Colorado,Car,PHEV,2047,0|6|16|35|61|101|151|224|318|470|676|977|1382|1398|1418|1374|1172|905|739|530|434|247|118|20|11|8|7|3|2|3|1,12807
Colorado,Car,PHEV,2048,0|6|15|32|59|99|157|230|334|469|682|968|1369|1362|1367|1369|1304|1085|810|635|433|337|183|84|14|7|5|5|2|2|2,13426
Colorado,Car,PHEV,2049,0|6|15|29|54|95|155|238|341|490|680|971|1350|1349|1331|1320|1299|1207|971|696|519|337|249|130|58|9|5|4|3|1|1,13913
Colorado,Car,PHEV,2050,0|6|15|29|50|88|149|236|352|498|706|968|1349|1330|1319|1286|1252|1203|1080|833|569|403|249|177|89|39|6|3|2|2|1,14289
Colorado,SUV,BEV,2020,0|0|0|1|1|0|0|0|0|0|0|0|0|0|0|0|0|0|0|0|0|0|0|0|0|0|0|0|0|0|0,2
Colorado,SUV,BEV,2021,0|1|0|1|3|2|1|1|0|0|0|0|0|0|0|0|0|0|0|0|0|0|0|0|0|0|0|0|0|0|0,9
Colorado,SUV,BEV,2022,0|2|3|1|3|5|4|3|3|0|0|0|0|0|0|0|0|0|0|0|0|0|0|0|0|0|0|0|0|0|0,24
Colorado,SUV,BEV,2023,0|5|7|5|3|5|10|7|5|5|0|0|0|0|0|0|0|0|0|0|0|0|0|0|0|0|0|0|0|0|0,52
Colorado,SUV,BEV,2024,0|8|11|13|10|6|10|16|12|9|8|0|0|0|0|0|0|0|0|0|0|0|0|0|0|0|0|0|0|0|0,103
Colorado,SUV,BEV,2025,0|10|20|22|24|17|11|16|26|19|14|13|0|0|0|0|0|0|0|0|0|0|0|0|0|0|0|0|0|0|0,192
Colorado,SUV,BEV,2026,0|11|26|40|40|42|28|18|26|42|30|21|19|0|0|0|0|0|0|0|0|0|0|0|0|0|0|0|0|0|0,343
Colorado,SUV,BEV,2027,0|18|29|50|71|68|69|46|29|42|64|46|30|18|0|0|0|0|0|0|0|0|0|0|0|0|0|0|0|0|0,580
Colorado,SUV,BEV,2028,0|22|47|57|88|118|112|111|73|47|64|94|66|30|18|0|0|0|0|0|0|0|0|0|0|0|0|0|0|0|0,947
Colorado,SUV,BEV,2029,0|27|56|91|101|147|192|179|175|114|72|95|135|65|29|17|0|0|0|0|0|0|0|0|0|0|0|0|0|0|0,1495
Colorado,SUV,BEV,2030,0|31|69|109|160|170|239|305|282|270|174|107|137|133|63|28|17|0|0|0|0|0|0|0|0|0|0|0|0|0|0,2294
Colorado,SUV,BEV,2031,0|37|81|136|194|270|277|381|481|438|411|260|155|135|130|61|27|15|0|0|0|0|0|0|0|0|0|0|0|0|0,3489
Colorado,SUV,BEV,2032,0|43|95|157|240|327|440|442|597|743|666|611|376|153|132|125|58|25|14|0|0|0|0|0|0|0|0|0|0|0|0,5244
Colorado,SUV,BEV,2033,0|48|110|186|279|403|532|702|694|923|1130|988|877|370|150|127|119|54|22|12|0|0|0|0|0|0|0|0|0|0|0,7726
Colorado,SUV,BEV,2034,0|50|123|215|330|469|656|851|1104|1073|1402|1673|1418|864|362|145|121|110|48|19|10|0|0|0|0|0|0|0|0|0|0,11043
Colorado,SUV,BEV,2035,0|54|129|240|379|553|762|1047|1335|1707|1626|2078|2402|1397|845|349|137|112|99|41|16|7|0|0|0|0|0|0|0|0|0,15315
Colorado,SUV,BEV,2036,0|56|138|252|422|636|898|1215|1646|2065|2593|2410|2982|2367|1366|816|332|127|100|85|34|12|6|0|0|0|0|0|0|0|0,20558
Colorado,SUV,BEV,2037,0|61|144|269|443|706|1032|1431|1908|2545|3136|3842|3457|2938|2314|1319|774|307|114|86|69|26|9|4|0|0|0|0|0|0|0,26934
Colorado,SUV,BEV,2038,0|68|156|281|472|738|1143|1642|2245|2949|3862|4648|5515|3406|2872|2235|1252|717|275|98|70|54|19|6|3|0|0|0|0|0|0,34726
Colorado,SUV,BEV,2039,0|72|173|303|493|782|1191|1812|2569|3465|4470|5721|6668|5434|3329|2774|2121|1159|641|236|80|55|40|14|4|2|0|0|0|0|0,43608
Colorado,SUV,BEV,2040,0|76|183|335|531|819|1258|1882|2826|3956|5248|6617|8203|6571|5312|3215|2632|1963|1037|551|193|62|40|28|9|3|1|0|0|0|0,53551
Colorado,SUV,BEV,2041,0|81|195|354|585|880|1319|1980|2923|4335|5979|7760|9484|8083|6423|5130|3051|2436|1757|890|450|150|46|29|19|6|2|1|0|0|0,64348
Colorado,SUV,BEV,2042,0|86|207|378|617|964|1413|2074|3063|4467|6530|8823|11112|9345|7901|6203|4868|2824|2180|1508|728|350|111|33|20|13|4|1|0|0|0,75823
Colorado,SUV,BEV,2043,0|89|220|401|658|1017|1535|2211|3202|4661|6703|9610|12616|10949|9134|7631|5886|4505|2528|1872|1233|566|259|79|22|13|9|3|1|0|0,87613
Colorado,SUV,BEV,2044,0|90|227|425|697|1083|1619|2386|3396|4861|6969|9833|13710|12432|10703|8822|7241|5448|4033|2170|1530|958|419|184|54|15|9|6|2|1|0,99323
Colorado,SUV,BEV,2045,0|91|230|438|735|1145|1720|2512|3638|5128|7251|10188|13990|13510|12152|10336|8371|6702|4877|3462|1774|1189|709|297|126|36|10|6|4|1|0,110628
Colorado,SUV,BEV,2046,0|92|232|446|760|1204|1815|2662|3820|5455|7611|10575|14452|13785|13205|11736|9808|7748|5999|4186|2831|1379|880|504|204|85|24|6|4|2|1,121511
Colorado,SUV,BEV,2047,0|93|235|449|774|1245|1903|2801|4034|5711|8041|11054|14971|14241|13475|12753|11136|9078|6935|5149|3423|2200|1021|625|346|137|56|15|4|2|1,131908
Colorado,SUV,BEV,2048,0|94|239|456|782|1271|1970|2931|4237|6013|8396|11611|15598|14752|13920|13014|12102|10307|8126|5953|4211|2660|1628|725|429|232|90|36|10|3|1,141797
Colorado,SUV,BEV,2049,0|95|240|462|794|1286|2014|3036|4422|6299|8813|12099|16308|15369|14420|13444|12349|11201|9226|6975|4868|3272|1969|1156|497|287|152|58|23|6|2,151142
Colorado,SUV,BEV,2050,0|96|242|466|805|1308|2043|3110|4584|6561|9211|12663|16964|16070|15023|13926|12757|11429|10026|7919|5704|3783|2422|1398|794|333|189|99|38|15|4,159982
Colorado,SUV,PHEV,2020,0|0|0|0|0|0|0|0|0|0|0|0|0|0|0|0|0|0|0|0|0|0|0|0|0|0|0|0|0|0|0,0
Colorado,SUV,PHEV,2021,0|0|0|0|0|0|0|0|0|0|0|0|0|0|0|0|0|0|0|0|0|0|0|0|0|0|0|0|0|0|0,0
Colorado,SUV,PHEV,2022,0|1|0|0|0|0|1|1|1|0|0|0|0|0|0|0|0|0|0|0|0|0|0|0|0|0|0|0|0|0|0,4
Colorado,SUV,PHEV,2023,0|2|3|0|0|1|1|3|2|3|0|0|0|0|0|0|0|0|0|0|0|0|0|0|0|0|0|0|0|0|0,15
Colorado,SUV,PHEV,2024,0|3|4|5|1|0|3|3|5|4|5|0|0|0|0|0|0|0|0|0|0|0|0|0|0|0|0|0|0|0|0,33
Colorado,SUV,PHEV,2025,0|4|8|9|10|3|1|5|5|10|6|8|0|0|0|0|0|0|0|0|0|0|0|0|0|0|0|0|0|0|0,69
Colorado,SUV,PHEV,2026,0|2|10|16|15|16|5|3|9|10|16|11|13|0|0|0|0|0|0|0|0|0|0|0|0|0|0|0|0|0|0,126
Colorado,SUV,PHEV,2027,0|4|6|19|28|25|27|10|5|14|16|24|17|13|0|0|0|0|0|0|0|0|0|0|0|0|0|0|0|0|0,208
Colorado,SUV,PHEV,2028,0|5|9|11|32|47|41|44|16|10|22|25|34|16|12|0|0|0|0|0|0|0|0|0|0|0|0|0|0|0|0,324
Colorado,SUV,PHEV,2029,0|5|12|17|19|54|76|65|70|25|16|33|36|34|16|12|0|0|0|0|0|0|0|0|0|0|0|0|0|0|0,490
Colorado,SUV,PHEV,2030,0|6|12|23|29|30|87|121|101|109|39|25|47|36|33|16|11|0|0|0|0|0|0|0|0|0|0|0|0|0|0,725
Colorado,SUV,PHEV,2031,0|7|15|23|41|49|48|139|190|155|165|58|36|47|35|32|15|10|0|0|0|0|0|0|0|0|0|0|0|0|0,1065
Colorado,SUV,PHEV,2032,0|8|17|29|41|68|79|77|217|294|235|244|85|36|45|34|30|14|9|0|0|0|0|0|0|0|0|0|0|0|0,1562
Colorado,SUV,PHEV,2033,0|10|23|34|52|70|110|126|122|337|446|349|352|83|35|44|32|28|12|8|0|0|0|0|0|0|0|0|0|0|0,2273
Colorado,SUV,PHEV,2034,0|11|27|45|60|88|113|175|197|187|512|661|502|347|81|34|42|30|25|11|7|0|0|0|0|0|0|0|0|0|0,3155
Colorado,SUV,PHEV,2035,0|12|29|53|78|101|143|181|274|306|285|759|950|494|339|79|32|39|27|22|9|5|0|0|0|0|0|0|0|0|0,4217
Colorado,SUV,PHEV,2036,0|11|30|56|94|130|164|228|284|424|463|423|1090|936|483|327|75|30|35|23|18|7|4|0|0|0|0|0|0|0|0,5335
Colorado,SUV,PHEV,2037,0|11|28|58|98|157|210|262|357|440|643|685|605|1074|915|467|311|69|27|30|19|14|5|3|0|0|0|0|0|0|0,6488
Colorado,SUV,PHEV,2038,0|12|27|55|102|162|252|332|409|550|667|953|981|596|1049|884|443|288|62|23|24|15|10|4|2|0|0|0|0|0|0,7902
Colorado,SUV,PHEV,2039,0|12|30|52|96|168|261|394|516|630|832|986|1367|967|583|1014|839|410|257|53|19|19|11|7|2|1|0|0|0|0|0,9526
Colorado,SUV,PHEV,2040,0|13|30|58|91|159|268|409|610|789|952|1229|1411|1347|945|563|962|776|367|221|43|15|14|8|5|2|1|0|0|0|0,11288
Colorado,SUV,PHEV,2041,0|13|31|58|100|151|254|416|629|927|1186|1404|1757|1390|1317|913|534|890|695|315|181|34|11|10|5|3|1|1|0|0|0,13226
Colorado,SUV,PHEV,2042,0|14|33|59|102|164|242|397|635|955|1385|1742|2007|1732|1359|1272|866|494|797|596|257|140|25|8|7|4|2|1|0|0|0,15295
Colorado,SUV,PHEV,2043,0|15|34|62|102|168|262|380|610|956|1423|2023|2482|1978|1693|1313|1207|802|442|684|488|200|104|18|5|5|2|1|0|0|0,17459
Colorado,SUV,PHEV,2044,0|15|37|65|108|168|267|406|588|922|1415|2076|2870|2445|1933|1635|1246|1117|718|380|559|379|148|74|12|4|3|2|1|0|0,19593
Colorado,SUV,PHEV,2045,0|14|37|70|113|177|268|412|618|894|1370|2055|2941|2828|2390|1867|1551|1153|1000|616|310|435|281|105|51|8|2|2|1|1|0,21570
Colorado,SUV,PHEV,2046,0|13|35|71|121|185|281|414|625|927|1332|1992|2900|2898|2764|2309|1772|1436|1032|858|504|241|322|199|72|34|5|2|1|1|0,23346
Colorado,SUV,PHEV,2047,0|13|33|67|123|197|292|433|627|933|1366|1940|2814|2858|2832|2670|2191|1640|1285|886|702|391|179|228|137|48|22|3|1|1|0,24912
Colorado,SUV,PHEV,2048,0|13|32|64|117|199|308|447|652|935|1368|1970|2744|2773|2793|2736|2533|2028|1468|1103|724|545|290|127|157|92|32|15|2|1|1,26269
Colorado,SUV,PHEV,2049,0|12|32|61|112|191|310|466|669|964|1369|1967|2763|2704|2710|2698|2596|2345|1815|1260|902|563|404|206|87|105|60|21|9|1|0,27402
Colorado,SUV,PHEV,2050,0|11|30|61|106|184|299|469|693|984|1401|1963|2751|2723|2643|2617|2560|2403|2099|1558|1030|701|417|287|141|58|69|39|13|6|1,28317
Connecticut,Car,BEV,2020,0|0|1|0|0|1|2|0|0|0|0|0|0|0|0|0|0|0|0|0|0|0|0|0|0|0|0|0|0|0|0,4
Connecticut,Car,BEV,2021,0|0|1|3|0|1|3|4|0|0|0|0|0|0|0|0|0|0|0|0|0|0|0|0|0|0|0|0|0|0|0,12
Connecticut,Car,BEV,2022,0|0|0|3|5|1|3|5|8|0|0|0|0|0|0|0|0|0|0|0|0|0|0|0|0|0|0|0|0|0|0,25
Connecticut,Car,BEV,2023,0|1|1|1|5|10|3|5|10|13|0|0|0|0|0|0|0|0|0|0|0|0|0|0|0|0|0|0|0|0|0,49
Connecticut,Car,BEV,2024,0|1|3|3|3|10|16|5|9|15|21|0|0|0|0|0|0|0|0|0|0|0|0|0|0|0|0|0|0|0|0,86
Connecticut,Car,BEV,2025,0|1|3|5|5|5|16|26|10|15|24|32|0|0|0|0|0|0|0|0|0|0|0|0|0|0|0|0|0|0|0,142
Connecticut,Car,BEV,2026,0|2|3|5|10|10|10|25|42|16|23|35|47|0|0|0|0|0|0|0|0|0|0|0|0|0|0|0|0|0|0,228
Connecticut,Car,BEV,2027,0|4|7|5|10|16|16|16|39|64|25|34|50|47|0|0|0|0|0|0|0|0|0|0|0|0|0|0|0|0|0,333
Connecticut,Car,BEV,2028,0|5|9|14|9|17|25|26|26|59|96|36|49|49|45|0|0|0|0|0|0|0|0|0|0|0|0|0|0|0|0,465
Connecticut,Car,BEV,2029,0|5|12|17|23|15|27|39|42|42|88|144|51|48|48|44|0|0|0|0|0|0|0|0|0|0|0|0|0|0|0,645
Connecticut,Car,BEV,2030,0|6|12|21|30|40|24|43|61|64|64|130|208|50|47|47|42|0|0|0|0|0|0|0|0|0|0|0|0|0|0,889
Connecticut,Car,BEV,2031,0|7|15|24|37|50|64|38|68|93|97|94|187|204|49|46|44|39|0|0|0|0|0|0|0|0|0|0|0|0|0,1156
Connecticut,Car,BEV,2032,0|7|17|30|42|60|80|101|59|105|141|144|136|184|200|48|43|41|35|0|0|0|0|0|0|0|0|0|0|0|0,1473
Connecticut,Car,BEV,2033,0|7|18|34|53|72|97|128|158|90|157|209|207|134|180|193|45|40|37|30|0|0|0|0|0|0|0|0|0|0|0,1889
Connecticut,Car,BEV,2034,0|9|19|36|60|89|118|153|200|242|135|232|299|204|131|174|183|42|36|31|24|0|0|0|0|0|0|0|0|0|0,2417
Connecticut,Car,BEV,2035,0|10|24|38|64|100|143|189|238|309|364|198|330|295|200|126|165|170|37|31|26|19|0|0|0|0|0|0|0|0|0,3076
Connecticut,Car,BEV,2036,0|10|26|47|68|106|162|227|295|366|467|536|282|326|288|193|120|153|152|32|25|20|14|0|0|0|0|0|0|0|0,3915
Connecticut,Car,BEV,2037,0|12|28|50|83|115|170|256|353|453|552|691|766|278|318|278|183|111|137|130|26|20|15|10|0|0|0|0|0|0|0,5035
Connecticut,Car,BEV,2038,0|14|31|56|89|137|188|271|399|540|684|814|990|755|272|307|264|170|99|117|107|20|15|11|7|0|0|0|0|0|0,6357
Connecticut,Car,BEV,2039,0|15|35|60|98|149|222|300|424|612|812|1010|1164|976|738|263|292|244|152|85|96|83|15|10|7|5|0|0|0|0|0,7867
Connecticut,Car,BEV,2040,0|15|37|67|107|162|240|352|470|651|924|1193|1444|1147|954|713|249|270|219|130|70|75|61|11|7|5|3|0|0|0|0,9576
Connecticut,Car,BEV,2041,0|16|39|71|116|178|261|380|550|723|984|1363|1702|1422|1121|921|676|231|242|188|107|54|55|43|7|5|3|2|0|0|0,11460
Connecticut,Car,BEV,2042,0|17|41|75|124|191|287|410|592|843|1091|1452|1947|1677|1390|1083|874|626|206|207|153|83|40|39|30|5|3|2|1|0|0,13489
Connecticut,Car,BEV,2043,0|18|43|80|131|204|305|449|636|908|1272|1609|2074|1918|1639|1343|1028|809|560|177|170|119|61|28|27|20|3|2|1|1|0,15635
Connecticut,Car,BEV,2044,0|18|46|83|139|217|326|476|692|970|1366|1872|2298|2043|1875|1583|1274|951|724|481|145|132|88|43|20|18|13|2|1|1|1,17898
Connecticut,Car,BEV,2045,0|18|46|87|144|229|346|506|731|1047|1452|2005|2671|2264|1997|1811|1502|1179|851|622|393|113|98|63|30|13|12|9|1|1|1,20242
Connecticut,Car,BEV,2046,0|18|47|89|151|238|365|537|773|1102|1557|2126|2853|2632|2213|1929|1719|1391|1056|731|508|306|83|69|43|20|9|8|6|1|1,22581
Connecticut,Car,BEV,2047,0|18|48|93|155|248|378|566|818|1162|1633|2264|3021|2812|2572|2138|1831|1591|1245|906|598|395|226|59|48|29|13|6|5|4|1,24883
Connecticut,Car,BEV,2048,0|19|48|94|162|256|394|583|861|1226|1716|2371|3199|2976|2748|2484|2028|1694|1424|1068|741|464|292|161|41|32|19|9|4|3|2,27119
Connecticut,Car,BEV,2049,0|19|49|95|165|267|408|609|885|1287|1806|2484|3343|3152|2909|2654|2357|1877|1517|1222|874|576|344|208|110|27|21|12|6|2|2,29287
Connecticut,Car,BEV,2050,0|20|49|97|166|272|424|632|925|1321|1892|2607|3496|3294|3081|2810|2519|2182|1681|1302|999|679|426|244|143|74|18|14|8|4|1,31380
Connecticut,Car,PHEV,2020,0|0|0|0|0|0|2|0|0|0|0|0|0|0|0|0|0|0|0|0|0|0|0|0|0|0|0|0|0|0|0,2
Connecticut,Car,PHEV,2021,0|0|0|1|1|1|1|4|0|0|0|0|0|0|0|0|0|0|0|0|0|0|0|0|0|0|0|0|0|0|0,8
Connecticut,Car,PHEV,2022,0|0|0|0|3|3|3|3|9|0|0|0|0|0|0|0|0|0|0|0|0|0|0|0|0|0|0|0|0|0|0,21
Connecticut,Car,PHEV,2023,0|0|0|0|0|5|5|6|5|14|0|0|0|0|0|0|0|0|0|0|0|0|0|0|0|0|0|0|0|0|0,35
Connecticut,Car,PHEV,2024,0|0|0|0|0|1|9|10|11|9|23|0|0|0|0|0|0|0|0|0|0|0|0|0|0|0|0|0|0|0|0,63
Connecticut,Car,PHEV,2025,0|0|0|0|0|1|3|15|16|17|15|34|0|0|0|0|0|0|0|0|0|0|0|0|0|0|0|0|0|0|0,101
Connecticut,Car,PHEV,2026,0|0|0|0|0|1|2|5|24|25|28|23|49|0|0|0|0|0|0|0|0|0|0|0|0|0|0|0|0|0|0,157
Connecticut,Car,PHEV,2027,0|0|0|0|0|1|3|4|10|37|39|44|32|48|0|0|0|0|0|0|0|0|0|0|0|0|0|0|0|0|0,218
Connecticut,Car,PHEV,2028,0|1|1|2|0|0|3|7|8|16|55|58|63|32|47|0|0|0|0|0|0|0|0|0|0|0|0|0|0|0|0,293
Connecticut,Car,PHEV,2029,0|1|3|4|5|1|1|6|12|13|25|81|86|62|31|46|0|0|0|0|0|0|0|0|0|0|0|0|0|0|0,377
Connecticut,Car,PHEV,2030,0|1|4|6|7|10|3|4|10|19|20|38|116|84|61|30|43|0|0|0|0|0|0|0|0|0|0|0|0|0|0,456
Connecticut,Car,PHEV,2031,0|1|4|7|11|13|16|6|7|15|30|30|55|114|82|59|29|40|0|0|0|0|0|0|0|0|0|0|0|0|0,519
Connecticut,Car,PHEV,2032,0|2|3|7|12|17|20|25|11|12|22|46|43|54|112|80|56|27|36|0|0|0|0|0|0|0|0|0|0|0|0,585
Connecticut,Car,PHEV,2033,0|2|4|7|13|18|27|31|38|17|18|33|65|43|53|108|76|51|24|31|0|0|0|0|0|0|0|0|0|0|0,659
Connecticut,Car,PHEV,2034,0|2|4|8|12|20|28|42|48|57|24|27|46|64|42|51|102|70|46|20|25|0|0|0|0|0|0|0|0|0|0,738
Connecticut,Car,PHEV,2035,0|2|4|9|14|20|32|43|63|72|83|35|38|46|63|40|49|95|63|40|17|20|0|0|0|0|0|0|0|0|0,848
Connecticut,Car,PHEV,2036,0|2|5|9|16|23|31|50|65|93|106|120|48|38|45|60|38|45|85|54|32|13|15|0|0|0|0|0|0|0|0,993
Connecticut,Car,PHEV,2037,0|3|5|10|16|26|37|49|76|96|136|153|169|47|37|43|57|35|40|73|44|25|10|10|0|0|0|0|0|0|0,1197
Connecticut,Car,PHEV,2038,0|3|6|11|17|27|43|57|78|115|141|197|215|167|46|36|41|53|32|35|60|34|19|7|7|0|0|0|0|0|0,1447
Connecticut,Car,PHEV,2039,0|3|7|12|18|29|45|68|89|120|171|204|278|212|163|45|34|38|47|27|28|46|25|13|5|5|0|0|0|0|0,1732
Connecticut,Car,PHEV,2040,0|3|7|13|20|30|47|73|106|137|183|250|288|274|207|157|43|31|34|41|22|22|34|18|9|3|3|0|0|0|0,2055
Connecticut,Car,PHEV,2041,0|3|7|13|21|33|49|75|114|162|209|269|356|284|268|200|149|39|28|29|33|17|16|24|12|6|2|2|0|0|0,2420
Connecticut,Car,PHEV,2042,0|4|7|13|22|35|53|78|116|175|244|309|385|351|277|259|190|138|35|24|24|26|13|12|17|8|4|1|1|0|0,2821
Connecticut,Car,PHEV,2043,0|4|8|13|22|36|56|83|120|179|264|360|441|380|343|268|246|176|124|30|20|18|19|9|8|11|5|3|1|1|0,3248
Connecticut,Car,PHEV,2044,0|4|8|14|22|37|57|87|127|183|271|389|514|434|371|331|254|227|157|106|25|15|14|14|6|5|7|4|2|1|1,3687
Connecticut,Car,PHEV,2045,0|4|8|15|24|37|58|88|132|190|275|400|557|507|424|359|314|235|203|135|87|19|11|10|9|4|3|5|2|1|0,4116
Connecticut,Car,PHEV,2046,0|4|8|15|25|40|59|90|134|196|283|404|570|548|495|410|340|291|211|175|111|67|14|8|7|6|3|2|3|1|1,4521
Connecticut,Car,PHEV,2047,0|3|8|15|25|41|62|92|136|199|289|414|575|562|536|478|389|315|260|181|143|86|50|10|6|4|4|2|1|2|1,4889
Connecticut,Car,PHEV,2048,0|3|7|14|25|42|64|94|140|201|292|417|583|567|549|518|454|360|282|223|148|111|64|35|7|4|3|3|1|1|1,5213
Connecticut,Car,PHEV,2049,0|3|7|13|24|41|65|97|141|206|294|419|586|574|554|531|491|420|322|242|183|115|82|45|24|5|2|2|2|1|1,5492
Connecticut,Car,PHEV,2050,0|3|7|13|22|40|64|99|145|206|300|421|587|577|562|535|503|455|376|277|198|142|85|58|31|16|3|2|1|1|0,5729
Connecticut,SUV,BEV,2020,0|0|0|0|0|0|0|0|0|0|0|0|0|0|0|0|0|0|0|0|0|0|0|0|0|0|0|0|0|0|0,0
Connecticut,SUV,BEV,2021,0|0|0|0|0|0|0|0|0|0|0|0|0|0|0|0|0|0|0|0|0|0|0|0|0|0|0|0|0|0|0,0
Connecticut,SUV,BEV,2022,0|1|0|0|0|1|0|0|0|0|0|0|0|0|0|0|0|0|0|0|0|0|0|0|0|0|0|0|0|0|0,2
Connecticut,SUV,BEV,2023,0|2|3|1|0|1|3|1|1|1|0|0|0|0|0|0|0|0|0|0|0|0|0|0|0|0|0|0|0|0|0,13
Connecticut,SUV,BEV,2024,0|2|4|5|3|1|3|5|3|2|2|0|0|0|0|0|0|0|0|0|0|0|0|0|0|0|0|0|0|0|0,30
Connecticut,SUV,BEV,2025,0|4|7|9|10|5|3|5|10|5|4|4|0|0|0|0|0|0|0|0|0|0|0|0|0|0|0|0|0|0|0,66
Connecticut,SUV,BEV,2026,0|2|10|13|15|16|10|5|10|16|10|6|6|0|0|0|0|0|0|0|0|0|0|0|0|0|0|0|0|0|0,119
Connecticut,SUV,BEV,2027,0|2|6|19|24|26|25|16|10|16|25|16|11|6|0|0|0|0|0|0|0|0|0|0|0|0|0|0|0|0|0,202
Connecticut,SUV,BEV,2028,0|4|7|11|32|41|42|41|26|16|25|36|24|11|6|0|0|0|0|0|0|0|0|0|0|0|0|0|0|0|0,322
Connecticut,SUV,BEV,2029,0|5|10|14|19|52|68|67|63|42|25|38|51|23|10|5|0|0|0|0|0|0|0|0|0|0|0|0|0|0|0,492
Connecticut,SUV,BEV,2030,0|6|12|19|25|32|84|109|105|98|64|38|55|50|23|10|5|0|0|0|0|0|0|0|0|0|0|0|0|0|0,735
Connecticut,SUV,BEV,2031,0|7|15|23|33|43|52|134|171|162|149|94|55|54|49|22|10|5|0|0|0|0|0|0|0|0|0|0|0|0|0,1078
Connecticut,SUV,BEV,2032,0|7|18|29|41|54|70|82|209|263|246|221|135|54|53|48|21|9|4|0|0|0|0|0|0|0|0|0|0|0|0,1564
Connecticut,SUV,BEV,2033,0|10|20|36|52|69|88|111|129|324|398|365|318|133|53|51|45|19|8|4|0|0|0|0|0|0|0|0|0|0|0,2233
Connecticut,SUV,BEV,2034,0|13|26|40|64|87|112|140|175|198|492|589|522|313|130|51|49|42|17|7|3|0|0|0|0|0|0|0|0|0|0,3070
Connecticut,SUV,BEV,2035,0|14|31|50|71|106|141|179|218|271|300|728|845|515|306|125|49|45|37|15|6|2|0|0|0|0|0|0|0|0|0,4054
Connecticut,SUV,BEV,2036,0|15|35|61|88|119|172|225|280|337|411|444|1046|832|503|295|119|45|40|32|12|4|2|0|0|0|0|0|0|0|0,5117
Connecticut,SUV,BEV,2037,0|15|38|69|107|146|195|274|352|434|509|609|637|1031|814|486|280|110|40|35|26|9|3|1|0|0|0|0|0|0|0,6220
Connecticut,SUV,BEV,2038,0|17|38|73|121|178|235|309|428|543|659|752|872|628|1008|786|461|260|99|35|28|20|7|2|1|0|0|0|0|0|0,7560
Connecticut,SUV,BEV,2039,0|18|43|75|128|200|287|369|482|658|820|975|1076|859|614|973|746|427|232|85|28|22|15|5|2|1|0|0|0|0|0,9140
Connecticut,SUV,BEV,2040,0|19|46|84|131|213|321|451|573|740|992|1210|1396|1060|840|593|924|690|382|199|69|22|16|11|3|1|0|0|0|0|0,10986
Connecticut,SUV,BEV,2041,0|20|48|89|147|219|343|502|696|873|1114|1462|1730|1376|1036|811|562|855|618|328|163|54|16|12|7|2|1|0|0|0|0,13084
Connecticut,SUV,BEV,2042,0|20|51|94|156|244|354|537|773|1058|1306|1636|2088|1704|1345|1001|770|521|765|530|268|127|40|12|8|5|1|0|0|0|0,15414
Connecticut,SUV,BEV,2043,0|21|51|99|165|258|392|559|830|1173|1578|1910|2329|2057|1666|1299|950|713|466|657|434|208|94|28|8|5|3|1|0|0|0,17954
Connecticut,SUV,BEV,2044,0|22|54|100|173|273|415|615|870|1264|1749|2307|2711|2295|2011|1609|1233|879|638|400|537|337|154|67|19|5|3|2|1|0|0,20743
Connecticut,SUV,BEV,2045,0|24|57|106|176|285|438|651|949|1331|1889|2554|3274|2671|2244|1942|1527|1141|787|548|327|417|249|109|46|13|3|2|1|0|0,23761
Connecticut,SUV,BEV,2046,0|26|62|111|185|291|456|686|1003|1443|2001|2764|3621|3226|2611|2167|1843|1413|1021|675|448|254|309|177|75|31|9|2|1|1|0,26912
Connecticut,SUV,BEV,2047,0|26|65|120|194|305|467|712|1053|1521|2155|2938|3925|3568|3154|2522|2056|1705|1265|877|552|348|188|219|122|50|20|6|1|1|1,30136
Connecticut,SUV,BEV,2048,0|26|66|124|208|321|486|728|1092|1592|2266|3148|4182|3868|3488|3046|2393|1903|1527|1086|717|429|258|134|151|81|33|13|4|1|1,33372
Connecticut,SUV,BEV,2049,0|26|67|128|214|341|510|757|1113|1646|2364|3304|4465|4121|3781|3368|2890|2215|1703|1310|888|557|318|183|92|101|54|22|8|2|1,36549
Connecticut,SUV,BEV,2050,0|27|67|130|220|350|539|791|1154|1673|2439|3437|4676|4399|4028|3651|3196|2675|1982|1462|1072|690|412|225|126|61|66|35|14|5|1,39603
Connecticut,SUV,PHEV,2020,0|0|0|0|0|0|0|0|0|0|0|0|0|0|0|0|0|0|0|0|0|0|0|0|0|0|0|0|0|0|0,0
Connecticut,SUV,PHEV,2021,0|0|0|0|0|0|0|0|0|0|0|0|0|0|0|0|0|0|0|0|0|0|0|0|0|0|0|0|0|0|0,0
Connecticut,SUV,PHEV,2022,0|0|0|0|0|0|0|0|0|0|0|0|0|0|0|0|0|0|0|0|0|0|0|0|0|0|0|0|0|0|0,0
Connecticut,SUV,PHEV,2023,0|1|1|0|0|0|1|1|1|1|0|0|0|0|0|0|0|0|0|0|0|0|0|0|0|0|0|0|0|0|0,6
Connecticut,SUV,PHEV,2024,0|2|3|3|0|0|1|3|3|3|3|0|0|0|0|0|0|0|0|0|0|0|0|0|0|0|0|0|0|0|0,21
Connecticut,SUV,PHEV,2025,0|2|4|5|5|1|0|3|5|5|5|5|0|0|0|0|0|0|0|0|0|0|0|0|0|0|0|0|0|0|0,40
Connecticut,SUV,PHEV,2026,0|0|4|9|9|10|3|1|5|8|10|8|7|0|0|0|0|0|0|0|0|0|0|0|0|0|0|0|0|0|0,74
Connecticut,SUV,PHEV,2027,0|0|0|9|15|15|16|5|3|9|13|16|13|7|0|0|0|0|0|0|0|0|0|0|0|0|0|0|0|0|0,121
Connecticut,SUV,PHEV,2028,0|0|1|1|15|24|24|25|9|5|15|19|24|13|7|0|0|0|0|0|0|0|0|0|0|0|0|0|0|0|0,182
Connecticut,SUV,PHEV,2029,0|1|1|3|3|26|39|37|40|14|10|23|28|23|12|6|0|0|0|0|0|0|0|0|0|0|0|0|0|0|0,266
Connecticut,SUV,PHEV,2030,0|1|2|3|5|6|43|61|57|62|22|16|32|27|23|12|6|0|0|0|0|0|0|0|0|0|0|0|0|0|0,378
Connecticut,SUV,PHEV,2031,0|1|3|4|7|9|11|69|95|87|93|33|23|32|27|22|11|6|0|0|0|0|0|0|0|0|0|0|0|0|0,533
Connecticut,SUV,PHEV,2032,0|3|4|6|8|12|15|18|109|146|131|139|48|22|31|26|21|10|5|0|0|0|0|0|0|0|0|0|0|0|0,754
Connecticut,SUV,PHEV,2033,0|3|6|8|11|14|20|24|27|167|222|193|200|47|22|30|24|19|9|4|0|0|0|0|0|0|0|0|0|0|0,1050
Connecticut,SUV,PHEV,2034,0|4|8|12|14|18|23|32|38|42|254|328|276|197|46|21|29|23|17|8|4|0|0|0|0|0|0|0|0|0|0,1394
Connecticut,SUV,PHEV,2035,0|4|9|14|20|24|30|37|50|58|64|376|469|272|192|45|20|27|20|15|7|3|0|0|0|0|0|0|0|0|0,1756
Connecticut,SUV,PHEV,2036,0|3|10|17|24|32|39|48|58|78|86|93|539|462|266|186|43|18|24|17|12|5|2|0|0|0|0|0|0|0|0,2062
Connecticut,SUV,PHEV,2037,0|2|9|18|29|39|50|61|76|88|118|128|133|531|452|257|176|39|17|20|14|9|4|1|0|0|0|0|0|0|0,2271
Connecticut,SUV,PHEV,2038,0|3|7|17|31|47|61|77|93|117|131|174|183|131|519|436|244|163|35|14|17|11|7|3|1|0|0|0|0|0|0,2522
Connecticut,SUV,PHEV,2039,0|3|8|14|28|50|74|96|118|140|177|194|249|180|128|501|414|226|146|30|12|13|8|5|2|1|0|0|0|0|0,2817
Connecticut,SUV,PHEV,2040,0|3|9|15|23|46|79|113|146|176|210|259|276|245|176|123|476|383|202|125|25|9|10|6|3|1|0|0|0|0|0,3139
Connecticut,SUV,PHEV,2041,0|3|9|16|25|38|72|120|169|218|259|306|368|272|240|170|117|440|343|173|102|19|7|7|4|2|1|0|0|0|0,3500
Connecticut,SUV,PHEV,2042,0|3|9|16|27|43|61|111|179|249|320|374|433|362|266|231|161|108|394|294|142|80|14|5|5|3|1|1|0|0|0,3892
Connecticut,SUV,PHEV,2043,0|4|8|16|27|44|68|98|169|263|364|460|526|426|354|257|220|149|97|338|241|110|59|10|3|3|2|1|0|0|0,4317
Connecticut,SUV,PHEV,2044,0|4|9|15|27|45|70|107|153|253|382|520|644|518|417|342|244|203|134|83|277|187|82|42|7|2|2|1|1|0|0,4771
Connecticut,SUV,PHEV,2045,0|4|10|17|27|45|71|110|164|235|374|549|728|634|507|402|325|226|182|115|68|215|139|58|29|5|1|1|1|0|0,5242
Connecticut,SUV,PHEV,2046,0|4|10|18|30|45|72|111|169|249|356|542|768|718|620|489|382|300|202|156|94|53|159|98|40|19|3|1|1|0|0,5709
Connecticut,SUV,PHEV,2047,0|4|10|18|31|48|72|112|170|254|372|524|765|756|702|599|464|353|269|173|128|73|39|113|68|27|13|2|1|1|0,6161
Connecticut,SUV,PHEV,2048,0|4|10|18|31|50|76|113|170|256|376|543|749|754|739|678|568|430|316|231|142|99|54|28|78|45|18|8|1|0|0,6585
Connecticut,SUV,PHEV,2049,0|4|10|18|31|50|78|117|171|255|377|547|770|738|737|714|643|526|385|272|189|110|73|38|19|52|30|11|5|1|0,6971
Connecticut,SUV,PHEV,2050,0|4|10|18|31|50|79|119|176|255|375|546|773|759|722|711|678|595|471|330|222|147|82|52|26|13|34|19|7|3|1,7308
Delaware,Car,BEV,2020,0|0|0|0|0|0|0|0|0|0|0|0|0|0|0|0|0|0|0|0|0|0|0|0|0|0|0|0|0|0|0,0
Delaware,Car,BEV,2021,0|0|0|0|0|0|0|0|0|0|0|0|0|0|0|0|0|0|0|0|0|0|0|0|0|0|0|0|0|0|0,0
Delaware,Car,BEV,2022,0|0|0|0|0|0|0|0|0|0|0|0|0|0|0|0|0|0|0|0|0|0|0|0|0|0|0|0|0|0|0,0
Delaware,Car,BEV,2023,0|0|0|0|0|0|0|0|0|0|0|0|0|0|0|0|0|0|0|0|0|0|0|0|0|0|0|0|0|0|0,0
Delaware,Car,BEV,2024,0|0|0|0|0|0|1|0|0|0|1|0|0|0|0|0|0|0|0|0|0|0|0|0|0|0|0|0|0|0|0,2
Delaware,Car,BEV,2025,0|0|0|0|0|0|1|3|0|0|1|3|0|0|0|0|0|0|0|0|0|0|0|0|0|0|0|0|0|0|0,8
Delaware,Car,BEV,2026,0|1|0|0|1|1|1|3|5|0|1|3|5|0|0|0|0|0|0|0|0|0|0|0|0|0|0|0|0|0|0,21
Delaware,Car,BEV,2027,0|1|2|0|1|3|3|2|5|10|1|3|5|5|0|0|0|0|0|0|0|0|0|0|0|0|0|0|0|0|0,41
Delaware,Car,BEV,2028,0|1|3|4|1|3|5|5|4|10|16|3|5|5|5|0|0|0|0|0|0|0|0|0|0|0|0|0|0|0|0,70
Delaware,Car,BEV,2029,0|2|3|5|8|3|5|9|9|7|16|24|5|5|5|5|0|0|0|0|0|0|0|0|0|0|0|0|0|0|0,111
Delaware,Car,BEV,2030,0|2|4|7|10|13|5|10|14|14|12|24|33|5|5|5|4|0|0|0|0|0|0|0|0|0|0|0|0|0|0,167
Delaware,Car,BEV,2031,0|2|5|9|12|17|22|9|16|22|21|18|34|33|5|5|4|4|0|0|0|0|0|0|0|0|0|0|0|0|0,238
Delaware,Car,BEV,2032,0|2|6|10|15|20|28|36|15|25|33|32|27|34|32|5|4|4|4|0|0|0|0|0|0|0|0|0|0|0|0,332
Delaware,Car,BEV,2033,0|3|7|12|17|24|32|46|56|23|39|49|46|26|33|31|4|4|4|3|0|0|0|0|0|0|0|0|0|0|0,459
Delaware,Car,BEV,2034,0|4|8|13|21|28|40|50|72|85|34|58|71|46|26|32|30|4|4|3|3|0|0|0|0|0|0|0|0|0|0,632
Delaware,Car,BEV,2035,0|4|9|15|22|35|46|64|79|111|127|51|86|70|45|25|30|27|4|3|3|2|0|0|0|0|0|0|0|0|0,858
Delaware,Car,BEV,2036,0|4|10|17|26|38|55|74|100|121|166|187|74|84|68|43|23|28|24|3|3|2|1|0|0|0|0|0|0|0|0,1151
Delaware,Car,BEV,2037,0|6|10|19|30|44|62|86|117|153|185|245|268|73|82|66|41|22|25|21|3|2|1|1|0|0|0|0|0|0|0,1562
Delaware,Car,BEV,2038,0|6|13|20|34|49|71|99|136|180|231|273|351|265|71|80|62|38|19|22|17|2|1|1|1|0|0|0|0|0|0,2042
Delaware,Car,BEV,2039,0|6|14|24|35|55|80|112|155|210|274|342|392|346|259|69|76|58|34|17|18|13|1|1|1|0|0|0|0|0|0,2592
Delaware,Car,BEV,2040,0|6|14|25|42|59|88|129|174|238|318|406|491|387|338|250|65|70|52|29|14|14|10|1|1|0|0|0|0|0|0,3221
Delaware,Car,BEV,2041,0|6|15|26|43|69|96|140|202|267|360|469|581|484|378|327|237|60|63|44|24|11|10|7|1|0|0|0|0|0|0,3920
Delaware,Car,BEV,2042,0|6|15|29|45|72|110|151|218|311|401|531|672|573|473|365|310|219|54|54|36|18|8|7|5|0|0|0|0|0|0,4683
Delaware,Car,BEV,2043,0|6|15|30|50|74|114|172|234|336|469|592|760|662|560|456|346|287|196|46|44|28|14|6|5|3|0|0|0|0|0,5505
Delaware,Car,BEV,2044,0|6|16|30|52|82|118|178|261|358|505|691|846|749|647|541|433|321|257|169|38|34|21|10|4|3|2|0|0|0|0,6372
Delaware,Car,BEV,2045,0|6|17|32|53|85|130|186|273|394|538|742|986|833|732|625|513|401|287|220|138|29|25|15|7|3|2|1|0|0|0,7273
Delaware,Car,BEV,2046,0|7|18|34|57|88|137|202|286|412|584|790|1057|972|815|707|593|475|359|246|180|107|22|18|10|4|2|1|1|0|0,8184
Delaware,Car,BEV,2047,0|7|19|36|60|94|141|213|307|431|612|849|1123|1042|950|787|671|549|425|308|201|140|79|15|12|7|3|1|1|1|0,9084
Delaware,Car,BEV,2048,0|7|19|37|63|100|149|220|323|461|641|888|1198|1106|1018|917|746|621|491|365|252|157|104|56|11|8|4|2|1|1|0,9966
Delaware,Car,BEV,2049,0|7|19|37|64|104|158|232|335|485|681|930|1255|1181|1082|983|871|691|556|422|298|196|116|74|39|7|5|3|1|0|0,10832
Delaware,Car,BEV,2050,0|9|19|37|65|105|165|246|353|504|715|985|1312|1236|1154|1045|933|806|618|477|345|232|145|82|51|26|5|4|2|1|0,11677
Delaware,Car,PHEV,2020,0|0|0|0|0|0|0|0|0|0|0|0|0|0|0|0|0|0|0|0|0|0|0|0|0|0|0|0|0|0|0,0
Delaware,Car,PHEV,2021,0|0|0|0|0|0|0|0|0|0|0|0|0|0|0|0|0|0|0|0|0|0|0|0|0|0|0|0|0|0|0,0
Delaware,Car,PHEV,2022,0|0|0|0|0|0|0|0|1|0|0|0|0|0|0|0|0|0|0|0|0|0|0|0|0|0|0|0|0|0|0,1
Delaware,Car,PHEV,2023,0|0|0|0|0|0|0|0|0|2|0|0|0|0|0|0|0|0|0|0|0|0|0|0|0|0|0|0|0|0|0,2
Delaware,Car,PHEV,2024,0|0|0|0|0|0|0|1|1|1|4|0|0|0|0|0|0|0|0|0|0|0|0|0|0|0|0|0|0|0|0,7
Delaware,Car,PHEV,2025,0|0|0|0|0|0|0|1|3|3|2|6|0|0|0|0|0|0|0|0|0|0|0|0|0|0|0|0|0|0|0,15
Delaware,Car,PHEV,2026,0|0|0|0|0|0|0|0|3|5|5|4|11|0|0|0|0|0|0|0|0|0|0|0|0|0|0|0|0|0|0,28
Delaware,Car,PHEV,2027,0|0|0|0|0|0|0|0|1|5|8|10|6|11|0|0|0|0|0|0|0|0|0|0|0|0|0|0|0|0|0,41
Delaware,Car,PHEV,2028,0|0|0|0|0|0|0|0|0|2|10|13|15|6|10|0|0|0|0|0|0|0|0|0|0|0|0|0|0|0|0,56
Delaware,Car,PHEV,2029,0|0|0|0|0|0|0|0|1|1|4|16|19|15|6|10|0|0|0|0|0|0|0|0|0|0|0|0|0|0|0,72
Delaware,Car,PHEV,2030,0|0|0|0|1|1|0|0|0|3|3|6|25|18|14|5|10|0|0|0|0|0|0|0|0|0|0|0|0|0|0,86
Delaware,Car,PHEV,2031,0|0|0|0|1|3|3|0|0|1|5|5|11|24|18|14|5|9|0|0|0|0|0|0|0|0|0|0|0|0|0,99
Delaware,Car,PHEV,2032,0|0|0|1|1|4|6|6|0|0|3|9|9|11|24|17|13|5|8|0|0|0|0|0|0|0|0|0|0|0|0,117
Delaware,Car,PHEV,2033,0|0|0|1|3|3|7|10|11|1|1|5|14|9|10|23|17|12|4|7|0|0|0|0|0|0|0|0|0|0|0,138
Delaware,Car,PHEV,2034,0|0|1|1|3|6|6|12|15|18|3|3|8|14|9|10|22|15|11|4|6|0|0|0|0|0|0|0|0|0|0,167
Delaware,Car,PHEV,2035,0|0|1|3|3|6|11|11|19|23|27|5|5|8|13|8|10|20|14|9|3|4|0|0|0|0|0|0|0|0|0,203
Delaware,Car,PHEV,2036,0|0|1|3|5|7|11|17|18|29|34|41|8|5|8|13|8|9|18|12|8|2|3|0|0|0|0|0|0|0|0,260
Delaware,Car,PHEV,2037,0|0|1|3|5|10|12|18|26|28|44|51|58|8|5|7|12|7|8|15|10|6|2|2|0|0|0|0|0|0|0,338
Delaware,Car,PHEV,2038,0|0|1|3|5|10|16|20|27|40|44|63|74|57|8|5|7|11|6|7|13|7|4|1|2|0|0|0|0|0|0,431
Delaware,Car,PHEV,2039,0|0|1|4|6|10|16|25|31|42|59|64|90|73|56|7|4|6|10|6|6|10|6|3|1|1|0|0|0|0|0,537
Delaware,Car,PHEV,2040,0|0|1|4|7|11|17|25|39|49|63|86|92|89|71|54|7|4|6|9|5|4|7|4|2|1|1|0|0|0|0,658
Delaware,Car,PHEV,2041,0|0|1|4|7|13|18|27|40|59|75|92|122|91|87|69|51|6|4|5|7|4|3|5|3|1|0|0|0|0|0,794
Delaware,Car,PHEV,2042,0|0|2|4|7|13|20|29|43|63|87|111|132|120|89|84|65|47|6|3|4|5|3|2|4|2|1|0|0|0|0,946
Delaware,Car,PHEV,2043,0|0|2|5|8|13|20|31|46|66|95|130|159|130|117|86|80|60|42|5|3|3|4|2|2|2|1|1|0|0|0,1113
Delaware,Car,PHEV,2044,0|0|2|5|9|14|21|31|48|70|99|143|186|157|127|113|82|74|54|36|4|2|2|3|1|1|2|1|0|0|0,1287
Delaware,Car,PHEV,2045,0|0|2|5|9|15|22|32|49|72|104|146|205|183|153|123|108|76|66|46|30|3|1|2|2|1|1|1|0|0|0,1457
Delaware,Car,PHEV,2046,0|0|2|5|9|15|23|33|49|73|106|151|208|202|179|148|116|100|68|57|38|23|2|1|1|1|1|0|1|0|0,1612
Delaware,Car,PHEV,2047,0|0|2|5|9|15|24|34|50|73|107|154|213|205|197|173|141|108|89|58|46|29|17|2|1|1|1|0|0|0|0,1754
Delaware,Car,PHEV,2048,0|0|2|5|9|15|24|35|52|75|106|155|216|210|201|190|164|130|96|77|47|36|22|12|1|0|0|1|0|0|0,1881
Delaware,Car,PHEV,2049,0|0|2|5|9|15|24|36|53|77|109|153|217|213|205|194|181|152|117|83|63|37|27|15|8|1|0|0|0|0|0,1996
Delaware,Car,PHEV,2050,0|0|2|5|9|15|24|37|54|79|111|157|215|214|208|198|184|167|136|100|68|49|27|19|11|6|0|0|0|0|0,2095
Delaware,SUV,BEV,2020,0|0|0|0|0|0|0|0|0|0|0|0|0|0|0|0|0|0|0|0|0|0|0|0|0|0|0|0|0|0|0,0
Delaware,SUV,BEV,2021,0|0|0|0|0|0|0|0|0|0|0|0|0|0|0|0|0|0|0|0|0|0|0|0|0|0|0|0|0|0|0,0
Delaware,SUV,BEV,2022,0|0|0|0|0|0|0|0|0|0|0|0|0|0|0|0|0|0|0|0|0|0|0|0|0|0|0|0|0|0|0,0
Delaware,SUV,BEV,2023,0|0|0|0|0|0|0|0|0|0|0|0|0|0|0|0|0|0|0|0|0|0|0|0|0|0|0|0|0|0|0,0
Delaware,SUV,BEV,2024,0|0|0|0|0|0|0|0|0|0|0|0|0|0|0|0|0|0|0|0|0|0|0|0|0|0|0|0|0|0|0,0
Delaware,SUV,BEV,2025,0|1|1|1|1|0|0|0|0|0|0|0|0|0|0|0|0|0|0|0|0|0|0|0|0|0|0|0|0|0|0,4
Delaware,SUV,BEV,2026,0|1|3|3|3|3|1|0|0|0|0|0|0|0|0|0|0|0|0|0|0|0|0|0|0|0|0|0|0|0|0,14
Delaware,SUV,BEV,2027,0|1|2|5|5|5|5|2|0|1|1|1|0|0|0|0|0|0|0|0|0|0|0|0|0|0|0|0|0|0|0,28
Delaware,SUV,BEV,2028,0|1|3|4|9|10|10|8|4|1|3|3|2|0|0|0|0|0|0|0|0|0|0|0|0|0|0|0|0|0|0,58
Delaware,SUV,BEV,2029,0|2|3|5|8|15|16|16|13|7|3|5|5|2|0|0|0|0|0|0|0|0|0|0|0|0|0|0|0|0|0,100
Delaware,SUV,BEV,2030,0|2|4|7|10|13|24|27|25|21|12|5|7|5|2|0|0|0|0|0|0|0|0|0|0|0|0|0|0|0|0,164
Delaware,SUV,BEV,2031,0|2|6|9|12|17|22|37|43|39|32|18|9|7|5|2|0|0|0|0|0|0|0|0|0|0|0|0|0|0|0,260
Delaware,SUV,BEV,2032,0|3|7|11|15|21|28|35|57|68|59|48|27|9|7|5|2|0|0|0|0|0|0|0|0|0|0|0|0|0|0,402
Delaware,SUV,BEV,2033,0|4|8|13|20|26|34|46|55|88|103|87|69|26|9|6|4|2|0|0|0|0|0|0|0|0|0|0|0|0|0,600
Delaware,SUV,BEV,2034,0|5|10|15|23|34|42|54|73|84|132|154|127|68|26|8|6|4|1|0|0|0|0|0|0|0|0|0|0|0|0,866
Delaware,SUV,BEV,2035,0|6|12|19|27|39|54|67|84|113|125|195|222|125|66|25|8|6|4|1|0|0|0|0|0|0|0|0|0|0|0,1198
Delaware,SUV,BEV,2036,0|6|13|23|34|45|64|85|106|128|171|185|280|219|122|64|23|7|5|3|1|0|0|0|0|0|0|0|0|0|0,1584
Delaware,SUV,BEV,2037,0|6|14|26|41|56|74|102|133|164|196|252|266|276|214|118|61|22|6|4|3|1|0|0|0|0|0|0|0|0|0,2035
Delaware,SUV,BEV,2038,0|6|15|27|46|68|89|118|159|204|249|290|361|262|270|207|112|56|19|6|4|2|1|0|0|0|0|0|0|0|0,2571
Delaware,SUV,BEV,2039,0|6|16|30|47|75|109|141|185|245|310|370|415|356|256|261|196|104|50|17|5|3|1|0|0|0|0|0|0|0|0,3198
Delaware,SUV,BEV,2040,0|8|17|32|52|79|121|171|218|285|371|456|531|409|348|247|247|182|93|43|14|4|2|1|0|0|0|0|0|0|0,3931
Delaware,SUV,BEV,2041,0|8|19|34|56|87|128|190|264|335|431|546|654|523|400|336|234|229|163|80|35|11|3|1|1|0|0|0|0|0|0,4768
Delaware,SUV,BEV,2042,0|8|19|37|60|94|140|203|293|402|503|636|781|644|511|386|319|217|205|140|65|27|8|2|1|0|0|0|0|0|0,5701
Delaware,SUV,BEV,2043,0|9|21|38|64|99|151|219|314|446|604|738|910|769|630|494|366|295|194|176|114|51|20|6|1|1|0|0|0|0|0,6730
Delaware,SUV,BEV,2044,0|9|23|41|67|106|160|237|339|480|668|886|1051|896|752|608|469|339|264|167|144|89|37|14|4|1|0|0|0|0|0,7851
Delaware,SUV,BEV,2045,0|9|24|43|71|111|170|251|365|517|719|978|1260|1036|876|726|577|434|303|227|136|112|66|27|10|3|1|0|0|0|0,9052
Delaware,SUV,BEV,2046,0|9|25|45|74|117|178|266|385|555|773|1055|1389|1241|1012|846|689|534|388|260|185|106|83|47|18|7|2|0|0|0|0,10289
Delaware,SUV,BEV,2047,0|10|25|48|79|122|187|278|408|584|826|1131|1500|1369|1213|978|803|638|478|333|213|144|78|59|32|12|4|1|0|0|0,11553
Delaware,SUV,BEV,2048,0|11|26|49|84|131|196|290|426|616|869|1206|1607|1479|1338|1172|928|743|571|410|273|166|107|56|40|21|8|3|1|0|0,12827
Delaware,SUV,BEV,2049,0|11|27|51|85|137|208|304|442|642|915|1266|1708|1583|1445|1292|1112|859|665|490|336|212|123|76|38|27|14|5|2|0|0,14075
Delaware,SUV,BEV,2050,0|11|28|52|89|140|217|321|463|664|952|1329|1793|1683|1547|1396|1226|1029|769|571|401|261|157|87|52|26|18|9|3|1|0,15295
Delaware,SUV,PHEV,2020,0|0|0|0|0|0|0|0|0|0|0|0|0|0|0|0|0|0|0|0|0|0|0|0|0|0|0|0|0|0|0,0
Delaware,SUV,PHEV,2021,0|0|0|0|0|0|0|0|0|0|0|0|0|0|0|0|0|0|0|0|0|0|0|0|0|0|0|0|0|0|0,0
Delaware,SUV,PHEV,2022,0|0|0|0|0|0|0|0|0|0|0|0|0|0|0|0|0|0|0|0|0|0|0|0|0|0|0|0|0|0|0,0
Delaware,SUV,PHEV,2023,0|0|0|0|0|0|0|0|0|0|0|0|0|0|0|0|0|0|0|0|0|0|0|0|0|0|0|0|0|0|0,0
Delaware,SUV,PHEV,2024,0|0|0|0|0|0|0|0|0|0|0|0|0|0|0|0|0|0|0|0|0|0|0|0|0|0|0|0|0|0|0,0
Delaware,SUV,PHEV,2025,0|0|0|0|0|0|0|0|0|0|0|0|0|0|0|0|0|0|0|0|0|0|0|0|0|0|0|0|0|0|0,0
Delaware,SUV,PHEV,2026,0|0|0|0|0|1|0|0|0|0|1|0|0|0|0|0|0|0|0|0|0|0|0|0|0|0|0|0|0|0|0,2
Delaware,SUV,PHEV,2027,0|0|0|1|1|1|2|0|0|0|1|2|1|0|0|0|0|0|0|0|0|0|0|0|0|0|0|0|0|0|0,9
Delaware,SUV,PHEV,2028,0|0|0|0|3|3|3|4|1|0|1|3|4|1|0|0|0|0|0|0|0|0|0|0|0|0|0|0|0|0|0,23
Delaware,SUV,PHEV,2029,0|0|0|0|0|5|5|5|7|2|1|3|5|4|1|0|0|0|0|0|0|0|0|0|0|0|0|0|0|0|0,38
Delaware,SUV,PHEV,2030,0|0|0|0|1|1|9|10|10|12|4|2|5|5|4|1|0|0|0|0|0|0|0|0|0|0|0|0|0|0|0,64
Delaware,SUV,PHEV,2031,0|0|0|0|1|3|3|14|16|16|18|6|4|5|5|4|1|0|0|0|0|0|0|0|0|0|0|0|0|0|0,96
Delaware,SUV,PHEV,2032,0|0|0|1|1|3|5|5|22|27|25|28|10|4|5|5|3|1|0|0|0|0|0|0|0|0|0|0|0|0|0,145
Delaware,SUV,PHEV,2033,0|0|1|1|3|3|6|9|10|34|43|38|41|10|4|5|4|3|1|0|0|0|0|0|0|0|0|0|0|0|0,216
Delaware,SUV,PHEV,2034,0|1|1|3|3|6|7|11|15|16|52|64|55|41|9|4|4|4|3|1|0|0|0|0|0|0|0|0|0|0|0,300
Delaware,SUV,PHEV,2035,0|1|2|4|6|6|11|12|18|23|25|76|92|54|40|9|3|4|4|2|1|0|0|0|0|0|0|0|0|0|0,393
Delaware,SUV,PHEV,2036,0|1|4|5|7|11|11|18|19|28|34|37|109|91|53|38|9|3|4|3|2|0|0|0|0|0|0|0|0|0|0,487
Delaware,SUV,PHEV,2037,0|1|3|7|9|13|18|18|27|30|44|51|54|108|89|51|36|8|3|3|3|2|0|0|0|0|0|0|0|0|0,578
Delaware,SUV,PHEV,2038,0|1|3|6|12|15|20|28|30|42|47|64|74|53|105|86|49|34|7|2|3|2|1|0|0|0|0|0|0|0|0,684
Delaware,SUV,PHEV,2039,0|1|3|6|10|18|24|33|43|48|64|70|92|73|52|102|82|45|30|6|2|2|1|1|0|0|0|0|0|0|0,808
Delaware,SUV,PHEV,2040,0|1|3|6|10|16|28|38|51|64|74|94|101|91|71|50|96|76|40|26|5|2|1|1|1|0|0|0|0|0|0,946
Delaware,SUV,PHEV,2041,0|1|4|6|10|16|26|43|58|77|95|110|135|100|89|69|48|89|68|35|21|4|1|1|1|0|0|0|0|0|0,1107
Delaware,SUV,PHEV,2042,0|1|4|7|11|16|25|41|65|88|115|140|156|133|98|86|65|44|80|58|28|16|3|1|1|0|0|0|0|0|0,1282
Delaware,SUV,PHEV,2043,0|2|4|7|12|17|26|40|62|96|130|168|198|154|130|94|82|60|40|69|47|22|12|2|1|0|0|0|0|0|0,1475
Delaware,SUV,PHEV,2044,0|2|5|7|12|18|27|41|61|94|140|189|239|195|151|125|89|76|54|34|56|37|16|9|1|0|0|0|0|0|0,1678
Delaware,SUV,PHEV,2045,0|2|5|9|12|18|28|42|63|93|139|203|267|235|190|145|119|83|68|46|28|44|27|12|6|1|0|0|0|0|0,1885
Delaware,SUV,PHEV,2046,0|2|5|9|14|19|29|43|64|96|138|202|285|264|230|184|138|110|74|58|38|22|32|19|8|4|1|0|0|0|0,2088
Delaware,SUV,PHEV,2047,0|2|5|9|14|21|30|45|65|97|142|202|286|281|258|222|174|128|99|64|47|29|16|23|13|5|3|0|0|0|0,2280
Delaware,SUV,PHEV,2048,0|2|5|9|14|22|32|47|68|97|143|206|286|282|275|249|211|161|114|85|52|37|22|11|16|9|3|2|0|0|0,2460
Delaware,SUV,PHEV,2049,0|2|5|9|14|22|34|49|70|101|143|208|291|282|276|265|236|195|145|98|69|40|27|15|8|11|6|2|1|0|0,2624
Delaware,SUV,PHEV,2050,0|2|5|9|14|22|34|51|73|103|148|207|293|287|276|266|252|218|175|124|80|54|30|19|11|5|7|4|1|1|0,2771
District of Columbia,Car,BEV,2020,0|0|0|0|0|0|0|0|0|0|0|0|0|0|0|0|0|0|0|0|0|0|0|0|0|0|0|0|0|0|0,0
District of Columbia,Car,BEV,2021,0|0|0|0|0|0|0|0|0|0|0|0|0|0|0|0|0|0|0|0|0|0|0|0|0|0|0|0|0|0|0,0
District of Columbia,Car,BEV,2022,0|0|0|0|0|0|0|0|1|0|0|0|0|0|0|0|0|0|0|0|0|0|0|0|0|0|0|0|0|0|0,1
District of Columbia,Car,BEV,2023,0|0|0|0|0|1|0|0|1|3|0|0|0|0|0|0|0|0|0|0|0|0|0|0|0|0|0|0|0|0|0,5
District of Columbia,Car,BEV,2024,0|0|0|0|0|1|3|0|1|3|5|0|0|0|0|0|0|0|0|0|0|0|0|0|0|0|0|0|0|0|0,13
District of Columbia,Car,BEV,2025,0|0|0|0|0|0|3|5|1|3|5|9|0|0|0|0|0|0|0|0|0|0|0|0|0|0|0|0|0|0|0,26
District of Columbia,Car,BEV,2026,0|0|0|0|1|1|1|5|8|3|5|9|14|0|0|0|0|0|0|0|0|0|0|0|0|0|0|0|0|0|0,47
District of Columbia,Car,BEV,2027,0|1|1|0|1|3|3|3|9|13|5|9|14|14|0|0|0|0|0|0|0|0|0|0|0|0|0|0|0|0|0,76
District of Columbia,Car,BEV,2028,0|2|3|3|1|3|5|5|5|15|20|8|14|14|13|0|0|0|0|0|0|0|0|0|0|0|0|0|0|0|0,111
District of Columbia,Car,BEV,2029,0|2|4|7|7|3|5|10|10|10|23|31|13|14|13|13|0|0|0|0|0|0|0|0|0|0|0|0|0|0|0,165
District of Columbia,Car,BEV,2030,0|2|5|9|12|12|5|10|16|16|16|34|44|13|13|13|12|0|0|0|0|0|0|0|0|0|0|0|0|0|0,232
District of Columbia,Car,BEV,2031,0|2|6|10|15|20|20|9|16|25|25|25|49|44|12|13|12|11|0|0|0|0|0|0|0|0|0|0|0|0|0,314
District of Columbia,Car,BEV,2032,0|2|7|12|17|24|32|32|14|25|38|39|35|48|43|12|12|11|10|0|0|0|0|0|0|0|0|0|0|0|0,413
District of Columbia,Car,BEV,2033,0|3|7|13|21|28|39|51|50|22|39|55|56|35|47|41|11|11|10|9|0|0|0|0|0|0|0|0|0|0|0,548
District of Columbia,Car,BEV,2034,0|4|8|14|23|35|46|62|80|78|33|57|80|55|34|46|39|10|10|9|7|0|0|0|0|0|0|0|0|0|0,730
District of Columbia,Car,BEV,2035,0|4|9|15|25|39|55|75|97|123|118|49|83|78|54|33|43|36|9|9|7|5|0|0|0|0|0|0|0|0|0,966
District of Columbia,Car,BEV,2036,0|4|10|17|27|43|64|87|118|149|187|175|72|81|77|52|31|40|32|8|7|5|4|0|0|0|0|0|0|0|0,1290
District of Columbia,Car,BEV,2037,0|5|10|19|30|45|71|102|137|182|226|276|250|71|80|74|49|29|36|28|7|5|4|3|0|0|0|0|0|0|0,1739
District of Columbia,Car,BEV,2038,0|6|12|20|34|49|74|112|159|211|276|335|396|246|69|77|70|46|26|31|23|5|4|3|2|0|0|0|0|0|0,2286
District of Columbia,Car,BEV,2039,0|6|13|23|35|55|79|119|176|245|319|409|480|390|241|67|73|65|41|22|25|18|4|3|2|1|0|0|0|0|0,2911
District of Columbia,Car,BEV,2040,0|6|14|24|40|59|88|127|187|271|371|472|586|473|382|232|63|67|58|35|18|20|13|3|2|1|1|0|0|0|0,3613
District of Columbia,Car,BEV,2041,0|6|15|26|42|67|96|140|199|288|409|546|676|578|462|369|220|59|60|50|29|14|15|9|2|1|1|1|0|0|0,4380
District of Columbia,Car,BEV,2042,0|6|15|28|45|70|106|151|217|308|436|605|782|666|565|446|350|204|53|52|41|22|10|10|6|1|1|1|0|0|0,5197
District of Columbia,Car,BEV,2043,0|6|15|29|48|74|111|165|235|334|465|644|865|770|651|545|424|324|183|45|42|32|17|7|7|4|1|1|0|0|0,6044
District of Columbia,Car,BEV,2044,0|6|15|29|50|77|116|173|252|359|502|687|921|853|753|628|517|392|290|157|37|33|24|12|5|5|3|1|0|0|0,6897
District of Columbia,Car,BEV,2045,0|6|15|31|51|82|122|180|262|379|539|737|980|908|833|727|596|479|351|249|128|29|24|17|8|3|3|2|0|0|0,7741
District of Columbia,Car,BEV,2046,0|6|15|31|54|84|130|189|272|393|561|791|1050|966|887|805|690|552|429|301|203|100|21|17|11|5|2|2|1|0|0,8568
District of Columbia,Car,BEV,2047,0|6|16|31|55|89|134|200|286|406|579|814|1124|1035|944|857|764|639|494|368|246|158|74|15|12|8|4|1|1|1|0,9361
District of Columbia,Car,BEV,2048,0|6|16|33|55|90|141|208|300|426|597|836|1148|1107|1011|912|813|707|572|424|301|191|117|52|10|8|5|2|1|1|0,10090
District of Columbia,Car,BEV,2049,0|6|16|33|58|93|143|217|314|446|624|859|1172|1131|1082|977|865|753|633|491|347|234|142|83|36|7|5|3|1|1|1,10773
District of Columbia,Car,BEV,2050,0|6|17|33|59|96|148|223|327|467|652|895|1203|1155|1106|1045|927|801|674|543|401|269|173|101|57|24|5|3|2|1|0,11413
District of Columbia,Car,PHEV,2020,0|0|0|0|0|0|0|0|0|0|0|0|0|0|0|0|0|0|0|0|0|0|0|0|0|0|0|0|0|0|0,0
District of Columbia,Car,PHEV,2021,0|0|0|0|0|0|0|0|0|0|0|0|0|0|0|0|0|0|0|0|0|0|0|0|0|0|0|0|0|0|0,0
District of Columbia,Car,PHEV,2022,0|0|0|0|0|0|0|0|0|0|0|0|0|0|0|0|0|0|0|0|0|0|0|0|0|0|0|0|0|0|0,0
District of Columbia,Car,PHEV,2023,0|0|0|0|0|0|0|0|0|1|0|0|0|0|0|0|0|0|0|0|0|0|0|0|0|0|0|0|0|0|0,1
District of Columbia,Car,PHEV,2024,0|0|0|0|0|0|0|0|1|0|3|0|0|0|0|0|0|0|0|0|0|0|0|0|0|0|0|0|0|0|0,4
District of Columbia,Car,PHEV,2025,0|0|0|0|0|0|0|1|1|2|1|5|0|0|0|0|0|0|0|0|0|0|0|0|0|0|0|0|0|0|0,10
District of Columbia,Car,PHEV,2026,0|0|0|0|0|0|0|0|3|3|4|2|7|0|0|0|0|0|0|0|0|0|0|0|0|0|0|0|0|0|0,19
District of Columbia,Car,PHEV,2027,0|0|0|0|0|0|0|0|1|5|5|6|4|7|0|0|0|0|0|0|0|0|0|0|0|0|0|0|0|0|0,28
District of Columbia,Car,PHEV,2028,0|0|0|0|0|0|0|0|0|2|9|9|10|4|7|0|0|0|0|0|0|0|0|0|0|0|0|0|0|0|0,41
District of Columbia,Car,PHEV,2029,0|0|0|0|0|0|0|0|1|1|4|14|14|10|4|6|0|0|0|0|0|0|0|0|0|0|0|0|0|0|0,54
District of Columbia,Car,PHEV,2030,0|0|0|0|1|1|0|0|0|3|3|6|20|14|9|4|6|0|0|0|0|0|0|0|0|0|0|0|0|0|0,67
District of Columbia,Car,PHEV,2031,0|0|0|0|1|3|2|0|0|1|5|5|11|19|13|9|3|6|0|0|0|0|0|0|0|0|0|0|0|0|0,78
District of Columbia,Car,PHEV,2032,0|0|0|1|1|3|6|5|0|0|3|10|9|11|19|13|9|3|5|0|0|0|0|0|0|0|0|0|0|0|0,98
District of Columbia,Car,PHEV,2033,0|0|1|1|3|3|6|10|9|1|1|5|16|9|10|18|12|8|3|4|0|0|0|0|0|0|0|0|0|0|0,120
District of Columbia,Car,PHEV,2034,0|0|1|2|3|6|7|11|15|14|2|3|9|16|9|10|17|11|7|2|4|0|0|0|0|0|0|0|0|0|0,149
District of Columbia,Car,PHEV,2035,0|0|1|3|4|6|11|12|18|23|21|4|5|9|15|8|10|16|10|6|2|3|0|0|0|0|0|0|0|0|0,187
District of Columbia,Car,PHEV,2036,0|0|1|3|5|8|11|18|19|29|34|31|6|5|9|15|8|9|14|9|5|2|2|0|0|0|0|0|0|0|0,243
District of Columbia,Car,PHEV,2037,0|0|1|3|5|10|13|18|27|30|46|50|44|6|5|8|14|7|8|12|7|4|1|1|0|0|0|0|0|0|0,320
District of Columbia,Car,PHEV,2038,0|0|1|3|5|10|16|21|28|41|47|68|72|44|6|5|8|13|6|7|10|5|3|1|1|0|0|0|0|0|0,421
District of Columbia,Car,PHEV,2039,0|0|1|4|6|10|16|25|33|44|61|69|98|71|43|5|4|7|12|6|6|8|4|2|1|1|0|0|0|0|0,537
District of Columbia,Car,PHEV,2040,0|0|1|4|7|11|17|25|39|51|67|89|99|97|69|41|5|4|6|10|5|4|6|3|1|0|0|0|0|0|0,661
District of Columbia,Car,PHEV,2041,0|0|1|4|7|13|18|26|40|59|78|97|127|98|95|67|39|5|4|6|8|4|3|4|2|1|0|0|0|0|0,806
District of Columbia,Car,PHEV,2042,0|0|2|4|7|13|20|29|42|63|88|117|139|125|96|91|63|36|4|3|5|6|3|2|3|1|1|0|0|0|0,963
District of Columbia,Car,PHEV,2043,0|0|2|5|8|13|19|30|46|65|95|131|168|137|122|92|87|59|32|4|3|4|5|2|2|2|1|0|0|0|0,1134
District of Columbia,Car,PHEV,2044,0|0|2|5|9|13|20|30|45|70|98|142|188|166|134|118|88|80|52|28|3|2|3|3|1|1|1|1|0|0|0,1303
District of Columbia,Car,PHEV,2045,0|0|2|5|9|14|20|31|45|68|104|145|204|185|162|129|112|81|72|45|23|2|1|2|2|1|1|1|0|0|0,1466
District of Columbia,Car,PHEV,2046,0|0|2|5|9|15|21|31|47|67|100|151|207|201|181|156|122|104|73|62|37|18|2|1|1|2|1|0|1|0|0,1617
District of Columbia,Car,PHEV,2047,0|0|2|5|9|15|23|32|47|69|98|145|213|204|196|175|148|113|93|62|50|29|13|1|1|1|1|0|0|0|0,1745
District of Columbia,Car,PHEV,2048,0|0|2|5|9|15|23|34|49|69|99|141|206|210|200|189|166|137|101|80|51|39|21|9|1|0|1|1|0|0|0,1858
District of Columbia,Car,PHEV,2049,0|0|1|5|9|15|23|35|51|72|99|141|199|203|205|193|180|153|123|87|65|40|29|15|6|1|0|0|0|0|0,1950
District of Columbia,Car,PHEV,2050,0|0|1|4|9|15|23|35|52|74|102|140|198|196|199|198|183|166|137|106|71|51|29|21|10|4|0|0|0|0|0,2024
District of Columbia,SUV,BEV,2020,0|0|0|0|0|0|0|0|0|0|0|0|0|0|0|0|0|0|0|0|0|0|0|0|0|0|0|0|0|0|0,0
District of Columbia,SUV,BEV,2021,0|0|0|0|0|0|0|0|0|0|0|0|0|0|0|0|0|0|0|0|0|0|0|0|0|0|0|0|0|0|0,0
District of Columbia,SUV,BEV,2022,0|0|0|0|0|0|0|0|0|0|0|0|0|0|0|0|0|0|0|0|0|0|0|0|0|0|0|0|0|0|0,0
District of Columbia,SUV,BEV,2023,0|0|0|0|0|0|0|0|0|0|0|0|0|0|0|0|0|0|0|0|0|0|0|0|0|0|0|0|0|0|0,0
District of Columbia,SUV,BEV,2024,0|0|0|0|0|0|0|0|0|0|0|0|0|0|0|0|0|0|0|0|0|0|0|0|0|0|0|0|0|0|0,0
District of Columbia,SUV,BEV,2025,0|1|1|1|1|0|0|0|1|0|0|0|0|0|0|0|0|0|0|0|0|0|0|0|0|0|0|0|0|0|0,5
District of Columbia,SUV,BEV,2026,0|0|2|3|3|3|1|0|1|3|1|0|0|0|0|0|0|0|0|0|0|0|0|0|0|0|0|0|0|0|0,17
District of Columbia,SUV,BEV,2027,0|0|0|4|5|5|5|3|1|2|5|3|1|0|0|0|0|0|0|0|0|0|0|0|0|0|0|0|0|0|0,34
District of Columbia,SUV,BEV,2028,0|0|1|1|8|10|10|10|5|3|4|8|5|1|0|0|0|0|0|0|0|0|0|0|0|0|0|0|0|0|0,66
District of Columbia,SUV,BEV,2029,0|1|1|3|3|14|16|16|16|10|5|6|13|5|1|0|0|0|0|0|0|0|0|0|0|0|0|0|0|0|0,110
District of Columbia,SUV,BEV,2030,0|1|3|3|5|5|23|26|26|25|16|9|11|13|5|1|0|0|0|0|0|0|0|0|0|0|0|0|0|0|0,172
District of Columbia,SUV,BEV,2031,0|2|3|5|7|10|10|36|42|42|39|25|14|11|12|5|1|0|0|0|0|0|0|0|0|0|0|0|0|0|0,264
District of Columbia,SUV,BEV,2032,0|2|4|6|10|12|17|16|56|65|64|58|35|14|10|12|4|1|0|0|0|0|0|0|0|0|0|0|0|0|0,386
District of Columbia,SUV,BEV,2033,0|3|5|9|11|17|20|26|25|85|99|94|86|35|13|10|11|4|1|0|0|0|0|0|0|0|0|0|0|0|0,554
District of Columbia,SUV,BEV,2034,0|3|6|10|15|18|26|31|41|39|128|148|136|84|34|13|10|10|4|1|0|0|0|0|0|0|0|0|0|0|0,757
District of Columbia,SUV,BEV,2035,0|3|8|12|17|24|30|42|49|64|59|189|214|134|82|33|12|9|9|3|1|0|0|0|0|0|0|0|0|0|0,994
District of Columbia,SUV,BEV,2036,0|3|9|14|20|28|39|48|65|77|96|87|270|211|131|80|31|11|8|8|3|0|0|0|0|0|0|0|0|0|0,1239
District of Columbia,SUV,BEV,2037,0|3|9|15|23|33|45|61|76|100|117|143|125|266|207|126|76|29|10|7|7|2|0|0|0|0|0|0|0|0|0,1480
District of Columbia,SUV,BEV,2038,0|3|8|16|26|37|53|71|95|118|152|175|206|123|260|199|120|70|26|9|6|5|1|0|0|0|0|0|0|0|0,1779
District of Columbia,SUV,BEV,2039,0|3|9|15|28|42|59|82|112|145|179|224|251|203|120|252|189|111|63|22|7|4|4|1|0|0|0|0|0|0|0,2125
District of Columbia,SUV,BEV,2040,0|4|9|17|27|46|68|92|126|170|219|264|321|247|198|116|239|175|99|54|18|5|3|3|1|0|0|0|0|0|0,2521
District of Columbia,SUV,BEV,2041,0|4|10|17|30|44|74|105|142|191|255|322|379|316|242|191|110|221|157|85|44|14|4|2|2|0|0|0|0|0|0,2961
District of Columbia,SUV,BEV,2042,0|4|10|18|30|49|71|115|160|215|285|375|458|373|309|233|181|102|198|135|70|34|10|3|2|1|0|0|0|0|0,3441
District of Columbia,SUV,BEV,2043,0|5|10|19|32|50|79|112|176|240|319|417|532|452|365|298|221|168|91|170|110|54|25|7|2|1|1|0|0|0|0,3956
District of Columbia,SUV,BEV,2044,0|5|11|19|33|53|81|123|176|265|356|463|590|524|441|352|283|205|150|78|139|86|40|18|5|1|1|1|0|0|0,4499
District of Columbia,SUV,BEV,2045,0|5|11|21|34|55|84|128|189|268|394|518|656|581|512|426|334|262|183|129|64|108|63|28|12|3|1|0|0|0|0,5069
District of Columbia,SUV,BEV,2046,0|5|11|21|36|56|88|132|196|289|402|575|732|646|568|495|404|309|234|157|105|50|80|45|20|8|2|1|0|0|0,5667
District of Columbia,SUV,BEV,2047,0|5|13|22|38|59|91|138|203|298|430|592|814|722|632|549|470|374|277|201|129|82|37|57|31|13|5|1|0|0|0,6283
District of Columbia,SUV,BEV,2048,0|5|13|25|40|63|95|142|211|308|443|627|842|802|705|610|521|435|335|238|165|100|61|26|39|21|9|4|1|0|0,6886
District of Columbia,SUV,BEV,2049,0|6|13|26|43|66|100|148|217|318|457|645|888|829|784|681|579|482|389|288|194|128|74|43|18|26|14|6|2|1|0,7465
District of Columbia,SUV,BEV,2050,0|6|14|26|44|70|104|154|224|327|470|665|912|875|811|757|647|536|431|334|235|151|95|53|30|12|17|9|4|1|0,8014
District of Columbia,SUV,PHEV,2020,0|0|0|0|0|0|0|0|0|0|0|0|0|0|0|0|0|0|0|0|0|0|0|0|0|0|0|0|0|0|0,0
District of Columbia,SUV,PHEV,2021,0|0|0|0|0|0|0|0|0|0|0|0|0|0|0|0|0|0|0|0|0|0|0|0|0|0|0|0|0|0|0,0
District of Columbia,SUV,PHEV,2022,0|0|0|0|0|0|0|0|0|0|0|0|0|0|0|0|0|0|0|0|0|0|0|0|0|0|0|0|0|0|0,0
District of Columbia,SUV,PHEV,2023,0|0|0|0|0|0|0|0|0|0|0|0|0|0|0|0|0|0|0|0|0|0|0|0|0|0|0|0|0|0|0,0
District of Columbia,SUV,PHEV,2024,0|0|0|0|0|0|0|0|0|0|0|0|0|0|0|0|0|0|0|0|0|0|0|0|0|0|0|0|0|0|0,0
District of Columbia,SUV,PHEV,2025,0|0|0|0|0|0|0|0|0|0|0|0|0|0|0|0|0|0|0|0|0|0|0|0|0|0|0|0|0|0|0,0
District of Columbia,SUV,PHEV,2026,0|0|0|0|1|1|0|0|0|0|0|0|0|0|0|0|0|0|0|0|0|0|0|0|0|0|0|0|0|0|0,2
District of Columbia,SUV,PHEV,2027,0|0|0|1|1|2|3|0|0|0|1|1|0|0|0|0|0|0|0|0|0|0|0|0|0|0|0|0|0|0|0,9
District of Columbia,SUV,PHEV,2028,0|0|0|0|2|3|4|5|1|0|1|2|2|0|0|0|0|0|0|0|0|0|0|0|0|0|0|0|0|0|0,20
District of Columbia,SUV,PHEV,2029,0|0|0|0|0|4|5|7|10|2|1|3|4|2|0|0|0|0|0|0|0|0|0|0|0|0|0|0|0|0|0,38
District of Columbia,SUV,PHEV,2030,0|0|0|0|0|0|8|10|12|16|4|2|5|4|2|0|0|0|0|0|0|0|0|0|0|0|0|0|0|0|0,63
District of Columbia,SUV,PHEV,2031,0|0|0|0|0|0|0|13|16|18|25|6|4|5|4|2|0|0|0|0|0|0|0|0|0|0|0|0|0|0|0,93
District of Columbia,SUV,PHEV,2032,0|0|0|0|0|1|1|1|21|26|29|37|11|4|5|4|2|0|0|0|0|0|0|0|0|0|0|0|0|0|0,142
District of Columbia,SUV,PHEV,2033,0|0|0|0|1|1|3|3|3|32|42|45|53|11|4|5|3|2|0|0|0|0|0|0|0|0|0|0|0|0|0,208
District of Columbia,SUV,PHEV,2034,0|0|0|1|1|3|3|6|6|5|50|62|64|52|10|4|4|3|1|0|0|0|0|0|0|0|0|0|0|0|0,275
District of Columbia,SUV,PHEV,2035,0|0|0|2|3|4|6|6|11|11|9|74|90|63|51|10|3|4|3|1|0|0|0|0|0|0|0|0|0|0|0,351
District of Columbia,SUV,PHEV,2036,0|0|0|2|5|6|7|10|11|17|17|14|107|89|62|49|10|3|4|2|1|0|0|0|0|0|0|0|0|0|0,416
District of Columbia,SUV,PHEV,2037,0|0|0|2|5|9|11|12|16|18|26|26|21|106|87|59|47|9|3|3|2|1|0|0|0|0|0|0|0|0|0,463
District of Columbia,SUV,PHEV,2038,0|0|0|1|5|9|15|17|19|24|27|38|36|20|103|84|56|43|8|2|3|2|1|0|0|0|0|0|0|0|0,513
District of Columbia,SUV,PHEV,2039,0|0|0|1|4|9|15|21|24|28|36|41|54|36|20|100|80|52|39|7|2|2|1|0|0|0|0|0|0|0|0,572
District of Columbia,SUV,PHEV,2040,0|0|0|1|3|7|15|23|31|37|43|52|58|53|35|19|95|74|47|33|6|2|1|1|0|0|0|0|0|0|0,636
District of Columbia,SUV,PHEV,2041,0|0|0|1|4|6|13|23|34|46|54|60|75|57|52|34|18|88|66|40|27|4|1|1|1|0|0|0|0|0|0,705
District of Columbia,SUV,PHEV,2042,0|0|0|1|4|7|11|20|35|50|66|78|86|74|56|50|32|17|78|57|33|21|3|1|1|0|0|0|0|0|0,781
District of Columbia,SUV,PHEV,2043,0|0|0|1|4|7|13|18|32|52|73|94|109|84|72|54|48|30|15|67|46|26|16|2|1|0|0|0|0|0|0,864
District of Columbia,SUV,PHEV,2044,0|0|0|1|4|7|13|20|29|49|75|103|131|108|82|70|51|44|27|13|55|36|19|11|2|0|0|0|0|0|0,950
District of Columbia,SUV,PHEV,2045,0|0|0|2|4|7|13|20|32|46|74|108|143|129|105|80|66|47|40|23|11|43|27|13|8|1|0|0|0|0|0,1042
District of Columbia,SUV,PHEV,2046,0|0|0|2|5|7|13|20|31|49|70|108|150|140|126|102|75|61|42|34|19|8|32|19|9|5|1|0|0|0|0,1128
District of Columbia,SUV,PHEV,2047,0|0|0|2|5|9|13|20|31|48|74|103|152|148|137|122|96|70|55|36|28|15|6|22|13|6|3|0|0|0|0,1214
District of Columbia,SUV,PHEV,2048,0|0|0|2|5|9|15|20|30|48|72|108|148|150|145|133|115|89|63|47|30|22|11|4|15|9|4|2|0|0|0,1296
District of Columbia,SUV,PHEV,2049,0|0|0|2|5|9|15|23|31|46|72|104|152|145|147|140|126|107|80|54|38|23|16|8|3|10|6|3|1|0|0,1366
District of Columbia,SUV,PHEV,2050,0|0|0|2|5|9|15|23|34|47|69|104|146|150|142|142|133|116|96|68|44|30|17|11|5|2|7|4|2|1|0,1424
Florida,Car,BEV,2020,0|4|7|2|5|6|9|0|0|0|0|0|0|0|0|0|0|0|0|0|0|0|0|0|0|0|0|0|0|0|0,33
Florida,Car,BEV,2021,0|2|10|16|6|11|15|22|0|0|0|0|0|0|0|0|0|0|0|0|0|0|0|0|0|0|0|0|0|0|0,82
Florida,Car,BEV,2022,0|5|7|19|31|12|20|28|42|0|0|0|0|0|0|0|0|0|0|0|0|0|0|0|0|0|0|0|0|0|0,164
Florida,Car,BEV,2023,0|7|13|13|32|53|21|33|49|73|0|0|0|0|0|0|0|0|0|0|0|0|0|0|0|0|0|0|0|0|0,294
Florida,Car,BEV,2024,0|9|18|25|24|54|88|34|53|80|117|0|0|0|0|0|0|0|0|0|0|0|0|0|0|0|0|0|0|0|0,502
Florida,Car,BEV,2025,0|7|23|36|44|42|87|142|54|84|126|180|0|0|0|0|0|0|0|0|0|0|0|0|0|0|0|0|0|0|0,825
Florida,Car,BEV,2026,0|16|19|44|65|73|69|140|224|84|130|192|266|0|0|0|0|0|0|0|0|0|0|0|0|0|0|0|0|0|0,1322
Florida,Car,BEV,2027,0|20|40|37|78|110|119|111|219|349|127|195|279|262|0|0|0|0|0|0|0|0|0|0|0|0|0|0|0|0|0,1946
Florida,Car,BEV,2028,0|28|52|77|66|130|180|191|176|341|532|189|282|275|256|0|0|0|0|0|0|0|0|0|0|0|0|0|0|0|0,2775
Florida,Car,BEV,2029,0|35|70|101|135|112|211|288|300|272|518|791|272|278|269|247|0|0|0|0|0|0|0|0|0|0|0|0|0|0|0,3899
Florida,Car,BEV,2030,0|43|89|136|178|225|183|337|453|464|414|767|1138|268|272|260|234|0|0|0|0|0|0|0|0|0|0|0|0|0|0,5461
Florida,Car,BEV,2031,0|50|111|176|240|300|366|292|531|701|703|615|1100|1121|262|263|247|217|0|0|0|0|0|0|0|0|0|0|0|0|0,7295
Florida,Car,BEV,2032,0|58|128|218|311|403|487|581|457|820|1066|1042|882|1084|1096|253|249|228|194|0|0|0|0|0|0|0|0|0|0|0|0,9557
Florida,Car,BEV,2033,0|68|150|251|384|519|654|776|907|704|1243|1579|1494|869|1060|1058|240|231|204|167|0|0|0|0|0|0|0|0|0|0|0,12558
Florida,Car,BEV,2034,0|79|175|294|442|640|840|1043|1216|1395|1064|1840|2266|1472|850|1024|1004|223|206|175|136|0|0|0|0|0|0|0|0|0|0,16384
Florida,Car,BEV,2035,0|86|203|341|519|740|1035|1336|1634|1874|2107|1570|2637|2233|1439|821|971|930|199|177|143|106|0|0|0|0|0|0|0|0|0,21101
Florida,Car,BEV,2036,0|92|220|398|600|869|1200|1640|2089|2517|2835|3108|2245|2599|2182|1390|779|899|832|171|145|111|78|0|0|0|0|0|0|0|0,26999
Florida,Car,BEV,2037,0|103|237|429|702|1001|1413|1907|2557|3214|3809|4189|4442|2212|2540|2108|1318|721|805|714|140|113|82|56|0|0|0|0|0|0|0,34812
Florida,Car,BEV,2038,0|111|265|463|756|1174|1621|2247|2982|3926|4856|5627|5995|4377|2162|2453|2000|1220|645|691|584|109|83|59|38|0|0|0|0|0|0,44444
Florida,Car,BEV,2039,0|121|285|517|815|1264|1904|2572|3516|4592|5920|7168|8054|5908|4278|2088|2328|1851|1092|554|565|454|80|59|40|26|0|0|0|0|0,56051
Florida,Car,BEV,2040,0|130|309|555|906|1362|2050|3021|4011|5411|6940|8724|10251|7936|5775|4132|1982|2155|1657|938|453|439|336|57|41|27|17|0|0|0|0,69615
Florida,Car,BEV,2041,0|139|332|600|971|1505|2207|3256|4713|6159|8177|10243|12464|10101|7757|5577|3921|1834|1929|1422|767|352|325|239|39|27|18|11|0|0|0,85085
Florida,Car,BEV,2042,0|147|355|644|1050|1612|2422|3497|5081|7236|9289|12068|14651|12281|9874|7492|5292|3629|1642|1656|1163|596|260|231|164|26|18|12|7|0|0,102395
Florida,Car,BEV,2043,0|157|376|689|1124|1738|2590|3816|5448|7802|10909|13687|17259|14436|12005|9536|7109|4898|3248|1409|1354|904|441|185|158|110|17|12|7|5|0,121429
Florida,Car,BEV,2044,0|167|401|730|1201|1858|2784|4069|5905|8347|11761|16066|19547|17006|14111|11594|9049|6580|4385|2788|1152|1052|669|313|127|106|72|11|8|5|3,141867
Florida,Car,BEV,2045,0|174|425|777|1274|1982|2969|4355|6278|8989|12553|17314|22937|19261|16623|13628|11001|8375|5890|3763|2280|895|779|475|215|85|70|47|7|5|3,163429
Florida,Car,BEV,2046,0|180|445|821|1352|2100|3161|4633|6687|9527|13441|18443|24704|22601|18828|16054|12932|10182|7497|5055|3077|1772|663|553|326|144|56|45|30|5|3,185317
Florida,Car,BEV,2047,0|184|458|862|1426|2228|3345|4919|7094|10102|14201|19652|26271|24342|22092|18183|15234|11969|9115|6435|4134|2391|1312|471|380|218|95|36|29|19|3,207200
Florida,Car,BEV,2048,0|187|470|887|1497|2345|3540|5193|7510|10683|14999|20708|27887|25887|23794|21336|17254|14100|10714|7824|5262|3212|1770|931|323|254|144|62|23|19|12,228827
Florida,Car,BEV,2049,0|191|478|910|1540|2461|3723|5486|7909|11276|15813|21797|29322|27479|25304|22980|20246|15970|12621|9196|6397|4089|2378|1257|639|216|167|93|40|15|12,250005
Florida,Car,BEV,2050,0|194|488|928|1581|2532|3904|5760|8334|11843|16644|22919|30777|28893|26860|24438|21805|18739|14295|10833|7520|4971|3027|1688|863|428|142|109|60|25|10,270610
Florida,Car,PHEV,2020,0|0|2|2|2|2|6|0|0|0|0|0|0|0|0|0|0|0|0|0|0|0|0|0|0|0|0|0|0|0|0,14
Florida,Car,PHEV,2021,0|0|1|5|7|7|7|15|0|0|0|0|0|0|0|0|0|0|0|0|0|0|0|0|0|0|0|0|0|0|0,42
Florida,Car,PHEV,2022,0|0|0|3|10|13|13|13|28|0|0|0|0|0|0|0|0|0|0|0|0|0|0|0|0|0|0|0|0|0|0,80
Florida,Car,PHEV,2023,0|0|1|1|5|18|22|24|22|48|0|0|0|0|0|0|0|0|0|0|0|0|0|0|0|0|0|0|0|0|0,141
Florida,Car,PHEV,2024,0|0|0|3|3|10|29|37|41|35|77|0|0|0|0|0|0|0|0|0|0|0|0|0|0|0|0|0|0|0|0,235
Florida,Car,PHEV,2025,0|0|0|1|6|7|16|47|59|68|55|118|0|0|0|0|0|0|0|0|0|0|0|0|0|0|0|0|0|0|0,377
Florida,Car,PHEV,2026,0|4|0|1|3|11|12|25|75|92|105|81|172|0|0|0|0|0|0|0|0|0|0|0|0|0|0|0|0|0|0,581
Florida,Car,PHEV,2027,0|5|10|2|4|7|18|20|40|117|140|157|117|170|0|0|0|0|0|0|0|0|0|0|0|0|0|0|0|0|0,807
Florida,Car,PHEV,2028,0|7|12|19|5|7|13|29|31|62|179|209|230|115|166|0|0|0|0|0|0|0|0|0|0|0|0|0|0|0|0,1084
Florida,Car,PHEV,2029,0|7|17|23|32|9|12|21|47|49|93|265|300|227|113|160|0|0|0|0|0|0|0|0|0|0|0|0|0|0|0,1375
Florida,Car,PHEV,2030,0|9|18|35|41|52|15|18|33|73|76|141|382|296|222|109|152|0|0|0|0|0|0|0|0|0|0|0|0|0|0,1672
Florida,Car,PHEV,2031,0|9|24|36|61|68|84|24|28|51|110|113|203|376|289|214|103|141|0|0|0|0|0|0|0|0|0|0|0|0|0,1934
Florida,Car,PHEV,2032,0|11|25|45|63|101|109|132|37|42|77|162|161|200|368|279|203|96|126|0|0|0|0|0|0|0|0|0|0|0|0,2237
Florida,Car,PHEV,2033,0|14|30|49|79|105|162|173|203|55|62|114|233|159|195|355|265|188|86|108|0|0|0|0|0|0|0|0|0|0|0,2635
Florida,Car,PHEV,2034,0|16|36|59|86|132|169|254|268|310|80|89|163|230|155|188|337|245|168|73|88|0|0|0|0|0|0|0|0|0|0,3146
Florida,Car,PHEV,2035,0|17|41|72|106|145|213|267|392|409|462|114|124|161|224|150|179|312|219|144|60|69|0|0|0|0|0|0|0|0|0,3880
Florida,Car,PHEV,2036,0|18|43|80|127|178|235|337|413|597|612|675|157|122|157|217|142|166|279|188|118|47|51|0|0|0|0|0|0|0|0,4959
Florida,Car,PHEV,2037,0|19|45|84|141|213|290|374|528|630|897|897|957|155|119|152|206|132|148|240|154|92|35|36|0|0|0|0|0|0|0,6544
Florida,Car,PHEV,2038,0|20|49|88|148|236|348|465|585|811|948|1316|1277|943|151|115|144|190|118|127|196|120|68|25|25|0|0|0|0|0|0,8513
Florida,Car,PHEV,2039,0|20|50|97|155|248|384|555|732|904|1223|1394|1875|1259|921|146|109|133|170|101|104|152|89|48|17|17|0|0|0|0|0,10903
Florida,Car,PHEV,2040,0|21|52|99|170|259|403|611|872|1133|1371|1805|1990|1848|1230|890|139|101|119|146|83|81|113|63|33|11|11|0|0|0|0,13654
Florida,Car,PHEV,2041,0|23|54|104|175|283|421|641|959|1346|1720|2028|2581|1961|1806|1188|844|128|91|102|120|64|60|80|43|22|7|7|0|0|0,16858
Florida,Car,PHEV,2042,0|24|59|107|183|290|454|667|1003|1484|2041|2548|2907|2543|1917|1744|1127|782|115|78|84|93|48|42|55|29|15|5|5|0|0,20449
Florida,Car,PHEV,2043,0|26|61|115|187|302|464|713|1039|1545|2250|3022|3655|2864|2486|1851|1655|1043|700|99|64|65|69|34|29|37|19|9|3|3|0,24409
Florida,Car,PHEV,2044,0|26|67|120|201|309|482|726|1098|1591|2335|3329|4332|3602|2800|2401|1757|1532|934|601|81|49|48|49|23|20|24|12|6|2|2,28559
Florida,Car,PHEV,2045,0|27|67|129|208|330|491|750|1115|1663|2395|3446|4768|4268|3521|2704|2278|1626|1371|802|491|63|37|34|34|16|13|16|8|4|1,32676
Florida,Car,PHEV,2046,0|26|68|130|223|341|522|764|1145|1683|2476|3519|4928|4699|4172|3400|2566|2109|1455|1177|656|382|46|26|23|22|10|8|10|5|3,36594
Florida,Car,PHEV,2047,0|25|67|131|225|363|538|805|1163|1719|2497|3607|5011|4855|4593|4029|3226|2375|1888|1249|962|509|282|33|18|16|15|7|5|7|3,40223
Florida,Car,PHEV,2048,0|25|65|128|225|368|568|827|1215|1740|2535|3627|5105|4937|4746|4436|3824|2986|2126|1620|1022|748|377|201|23|12|10|10|4|3|4,43517
Florida,Car,PHEV,2049,0|24|64|124|221|367|577|868|1243|1802|2558|3663|5117|5030|4826|4584|4209|3539|2673|1825|1325|794|554|268|138|15|8|7|6|3|2,46434
Florida,Car,PHEV,2050,0|23|61|122|215|360|575|882|1295|1837|2631|3684|5145|5042|4917|4661|4349|3896|3168|2294|1492|1030|588|393|184|92|10|5|4|4|2,48961
Florida,SUV,BEV,2020,0|1|2|2|2|2|2|0|0|0|0|0|0|0|0|0|0|0|0|0|0|0|0|0|0|0|0|0|0|0|0,11
Florida,SUV,BEV,2021,0|2|3|4|6|4|4|4|0|0|0|0|0|0|0|0|0|0|0|0|0|0|0|0|0|0|0|0|0|0|0,27
Florida,SUV,BEV,2022,0|6|7|5|9|12|9|7|7|0|0|0|0|0|0|0|0|0|0|0|0|0|0|0|0|0|0|0|0|0|0,62
Florida,SUV,BEV,2023,0|13|17|13|10|15|21|15|12|12|0|0|0|0|0|0|0|0|0|0|0|0|0|0|0|0|0|0|0|0|0,128
Florida,SUV,BEV,2024,0|22|33|35|24|16|24|34|26|20|18|0|0|0|0|0|0|0|0|0|0|0|0|0|0|0|0|0|0|0|0,252
Florida,SUV,BEV,2025,0|28|57|65|64|42|26|39|54|42|31|28|0|0|0|0|0|0|0|0|0|0|0|0|0|0|0|0|0|0|0,476
Florida,SUV,BEV,2026,0|13|71|112|116|108|69|42|61|85|66|47|41|0|0|0|0|0|0|0|0|0|0|0|0|0|0|0|0|0|0,831
Florida,SUV,BEV,2027,0|18|33|138|199|194|177|111|66|94|128|98|68|41|0|0|0|0|0|0|0|0|0|0|0|0|0|0|0|0|0,1365
Florida,SUV,BEV,2028,0|25|47|64|245|333|317|285|175|102|144|191|143|67|40|0|0|0|0|0|0|0|0|0|0|0|0|0|0|0|0,2178
Florida,SUV,BEV,2029,0|31|64|90|114|412|541|506|450|273|154|215|275|141|65|38|0|0|0|0|0|0|0|0|0|0|0|0|0|0|0,3369
Florida,SUV,BEV,2030,0|39|81|124|159|192|671|864|795|698|416|229|309|271|137|63|36|0|0|0|0|0|0|0|0|0|0|0|0|0|0,5084
Florida,SUV,BEV,2031,0|50|101|158|217|267|314|1072|1357|1231|1062|617|327|304|265|133|60|34|0|0|0|0|0|0|0|0|0|0|0|0|0,7569
Florida,SUV,BEV,2032,0|62|126|198|281|363|435|502|1685|2099|1869|1575|888|323|297|256|126|55|30|0|0|0|0|0|0|0|0|0|0|0|0,11170
Florida,SUV,BEV,2033,0|76|158|246|349|472|590|693|789|2606|3189|2771|2262|875|315|287|243|117|50|26|0|0|0|0|0|0|0|0|0|0|0,16114
Florida,SUV,BEV,2034,0|93|193|308|433|586|767|942|1088|1221|3959|4728|3979|2229|855|305|273|225|104|43|21|0|0|0|0|0|0|0|0|0|0,22352
Florida,SUV,BEV,2035,0|105|239|375|541|724|954|1223|1481|1681|1854|5872|6789|3921|2179|826|289|252|201|90|35|16|0|0|0|0|0|0|0|0|0,29647
Florida,SUV,BEV,2036,0|109|268|464|657|903|1174|1520|1920|2289|2550|2747|8431|6690|3832|2104|784|268|226|173|73|27|12|0|0|0|0|0|0|0|0,37221
Florida,SUV,BEV,2037,0|108|278|520|810|1092|1460|1866|2384|2965|3472|3774|3942|8307|6539|3701|1996|725|239|194|141|57|20|9|0|0|0|0|0|0|0,44599
Florida,SUV,BEV,2038,0|123|277|540|907|1341|1757|2313|2916|3676|4491|5139|5410|3885|8120|6316|3512|1848|649|206|159|110|42|14|6|0|0|0|0|0|0,53757
Florida,SUV,BEV,2039,0|132|314|542|944|1498|2151|2765|3600|4483|5563|6642|7362|5330|3797|7842|5993|3251|1654|557|168|123|81|30|10|4|0|0|0|0|0,64836
Florida,SUV,BEV,2040,0|142|338|612|954|1565|2396|3370|4274|5508|6764|8217|9509|7255|5210|3667|7442|5547|2910|1420|456|131|91|58|21|7|3|0|0|0|0,77867
Florida,SUV,BEV,2041,0|151|363|659|1075|1595|2516|3746|5190|6499|8274|9964|11752|9370|7091|5032|3480|6888|4965|2498|1161|354|97|65|40|14|4|2|0|0|0,92845
Florida,SUV,BEV,2042,0|159|387|707|1156|1788|2586|3958|5758|7870|9710|12145|14223|11580|9159|6849|4775|3221|6165|4262|2042|902|262|69|44|27|9|3|1|0|0,109817
Florida,SUV,BEV,2043,0|170|408|752|1237|1922|2883|4104|6122|8718|11733|14195|17286|14015|11319|8845|6499|4419|2883|5292|3485|1587|668|186|47|30|17|6|2|1|0,128831
Florida,SUV,BEV,2044,0|181|434|793|1312|2052|3095|4546|6403|9323|12989|17127|20144|17033|13699|10932|8393|6015|3956|2475|4327|2708|1175|474|128|32|20|11|4|1|0,149782
Florida,SUV,BEV,2045,0|192|461|843|1385|2174|3295|4869|7044|9826|13954|18951|24285|19850|16649|13230|10373|7769|5384|3396|2024|3363|2005|834|325|86|21|13|7|2|1,172611
Florida,SUV,BEV,2046,0|200|490|893|1468|2293|3484|5169|7523|10739|14797|20434|26863|23930|19403|16080|12554|9601|6954|4622|2777|1572|2489|1423|573|218|56|13|8|5|2,196633
Florida,SUV,BEV,2047,0|208|510|949|1555|2423|3666|5455|7966|11435|16077|21769|29041|26470|23391|18739|15258|11620|8594|5969|3779|2158|1164|1767|977|383|143|37|9|5|3,221520
Florida,SUV,BEV,2048,0|215|530|988|1648|2562|3867|5721|8382|12074|17073|23535|31038|28616|25874|22591|17781|14122|10401|7377|4881|2937|1597|826|1213|654|252|93|24|6|3,246881
Florida,SUV,BEV,2049,0|220|549|1027|1717|2709|4076|6018|8762|12665|17980|24933|33427|30584|27972|24988|21436|16457|12641|8928|6032|3793|2174|1134|567|812|430|164|60|15|4,272274
Florida,SUV,BEV,2050,0|226|563|1063|1784|2823|4301|6322|9182|13194|18805|26197|35341|32938|29895|27015|23711|19840|14732|10851|7300|4687|2808|1543|778|380|535|280|106|39|10,297249
Florida,SUV,PHEV,2020,0|0|0|1|1|1|1|0|0|0|0|0|0|0|0|0|0|0|0|0|0|0|0|0|0|0|0|0|0|0|0,4
Florida,SUV,PHEV,2021,0|0|0|1|2|3|3|3|0|0|0|0|0|0|0|0|0|0|0|0|0|0|0|0|0|0|0|0|0|0|0,12
Florida,SUV,PHEV,2022,0|2|1|0|3|4|5|5|5|0|0|0|0|0|0|0|0|0|0|0|0|0|0|0|0|0|0|0|0|0|0,25
Florida,SUV,PHEV,2023,0|3|7|3|1|5|7|10|9|10|0|0|0|0|0|0|0|0|0|0|0|0|0|0|0|0|0|0|0|0|0,55
Florida,SUV,PHEV,2024,0|5|8|12|5|3|9|12|16|14|15|0|0|0|0|0|0|0|0|0|0|0|0|0|0|0|0|0|0|0|0,99
Florida,SUV,PHEV,2025,0|6|12|16|21|9|5|15|20|25|22|24|0|0|0|0|0|0|0|0|0|0|0|0|0|0|0|0|0|0|0,175
Florida,SUV,PHEV,2026,0|2|15|23|28|35|15|10|24|31|40|33|34|0|0|0|0|0|0|0|0|0|0|0|0|0|0|0|0|0|0,290
Florida,SUV,PHEV,2027,0|5|7|28|41|47|57|24|16|36|48|59|48|34|0|0|0|0|0|0|0|0|0|0|0|0|0|0|0|0|0,450
Florida,SUV,PHEV,2028,0|6|11|14|49|70|76|90|37|25|54|71|87|47|33|0|0|0|0|0|0|0|0|0|0|0|0|0|0|0|0,670
Florida,SUV,PHEV,2029,0|6|15|20|25|82|114|122|142|56|39|79|101|85|46|32|0|0|0|0|0|0|0|0|0|0|0|0|0|0|0,964
Florida,SUV,PHEV,2030,0|8|15|29|35|42|134|183|191|218|84|58|113|100|83|45|30|0|0|0|0|0|0|0|0|0|0|0|0|0|0,1368
Florida,SUV,PHEV,2031,0|9|21|31|51|58|69|214|288|296|331|125|86|111|98|81|43|28|0|0|0|0|0|0|0|0|0|0|0|0|0,1940
Florida,SUV,PHEV,2032,0|13|25|41|55|85|95|110|336|446|449|490|177|84|109|94|76|39|25|0|0|0|0|0|0|0|0|0|0|0|0,2749
Florida,SUV,PHEV,2033,0|18|34|49|73|92|138|150|172|519|680|666|703|174|82|105|89|71|35|22|0|0|0|0|0|0|0|0|0|0|0,3872
Florida,SUV,PHEV,2034,0|18|45|66|87|123|149|220|234|264|788|1008|956|693|170|80|100|83|63|30|18|0|0|0|0|0|0|0|0|0|0,5195
Florida,SUV,PHEV,2035,0|21|48|86|118|146|200|238|344|359|398|1167|1449|942|677|165|76|92|74|54|25|14|0|0|0|0|0|0|0|0|0,6693
Florida,SUV,PHEV,2036,0|20|53|95|150|196|238|319|373|532|543|588|1673|1427|921|654|156|70|83|64|44|19|10|0|0|0|0|0|0|0|0,8228
Florida,SUV,PHEV,2037,0|19|52|104|167|249|317|378|500|577|805|801|840|1648|1395|889|621|145|63|71|52|35|14|7|0|0|0|0|0|0|0,9749
Florida,SUV,PHEV,2038,0|21|50|103|182|278|400|500|590|771|872|1189|1145|827|1611|1347|844|574|129|54|58|40|26|10|5|0|0|0|0|0|0,11626
Florida,SUV,PHEV,2039,0|22|55|98|180|301|448|627|777|906|1166|1289|1702|1128|809|1556|1279|781|514|111|44|45|30|18|7|3|0|0|0|0|0,13896
Florida,SUV,PHEV,2040,0|22|57|108|174|299|482|705|966|1188|1364|1721|1844|1677|1102|781|1476|1183|699|441|91|34|33|21|12|5|2|0|0|0|0,16487
Florida,SUV,PHEV,2041,0|24|58|112|190|292|480|754|1088|1467|1783|2007|2459|1817|1640|1065|741|1367|1059|600|361|71|25|24|15|8|3|1|0|0|0,19511
Florida,SUV,PHEV,2042,0|26|63|114|197|316|473|755|1158|1652|2189|2615|2861|2423|1776|1583|1010|686|1223|909|491|280|52|18|16|10|5|2|1|0|0,22904
Florida,SUV,PHEV,2043,0|28|67|122|201|328|507|751|1169|1754|2466|3198|3718|2820|2369|1715|1502|935|614|1050|744|381|208|37|12|11|6|4|1|1|0,26719
Florida,SUV,PHEV,2044,0|29|71|128|213|334|525|798|1171|1780|2613|3602|4536|3663|2756|2288|1627|1391|837|527|859|578|282|147|25|8|7|4|2|1|0,30802
Florida,SUV,PHEV,2045,0|29|73|136|222|351|534|825|1234|1793|2665|3813|5111|4469|3581|2662|2171|1506|1245|718|431|667|428|200|101|17|5|5|3|1|1,34997
Florida,SUV,PHEV,2046,0|29|74|141|235|365|559|836|1270|1876|2697|3901|5404|5036|4369|3458|2526|2009|1348|1068|588|335|494|304|138|68|11|4|3|2|1,39149
Florida,SUV,PHEV,2047,0|29|74|142|243|385|578|871|1285|1921|2801|3963|5544|5325|4923|4219|3282|2338|1799|1157|874|457|248|351|208|92|45|7|2|2|1,43166
Florida,SUV,PHEV,2048,0|28|74|142|245|398|608|895|1328|1940|2856|4091|5644|5462|5205|4754|4003|3037|2093|1544|946|679|338|176|241|140|61|29|5|1|1,46964
Florida,SUV,PHEV,2049,0|28|72|142|246|402|625|935|1355|1991|2877|4154|5798|5561|5339|5027|4511|3705|2719|1796|1262|735|503|240|121|161|92|39|19|3|1,50459
Florida,SUV,PHEV,2050,0|28|71|140|247|403|631|956|1407|2019|2932|4174|5870|5713|5436|5157|4770|4175|3317|2334|1469|981|544|357|165|81|106|60|25|12|2,53582
Georgia,Car,BEV,2020,0|2|4|2|6|9|13|0|0|0|0|0|0|0|0|0|0|0|0|0|0|0|0|0|0|0|0|0|0|0|0,36
Georgia,Car,BEV,2021,0|1|4|10|5|15|22|33|0|0|0|0|0|0|0|0|0|0|0|0|0|0|0|0|0|0|0|0|0|0|0,90
Georgia,Car,BEV,2022,0|2|3|9|19|10|28|44|64|0|0|0|0|0|0|0|0|0|0|0|0|0|0|0|0|0|0|0|0|0|0,179
Georgia,Car,BEV,2023,0|3|5|5|15|32|18|49|77|112|0|0|0|0|0|0|0|0|0|0|0|0|0|0|0|0|0|0|0|0|0,316
Georgia,Car,BEV,2024,0|4|8|10|10|26|52|29|81|125|181|0|0|0|0|0|0|0|0|0|0|0|0|0|0|0|0|0|0|0|0,526
Georgia,Car,BEV,2025,0|3|10|15|17|17|42|83|47|129|198|279|0|0|0|0|0|0|0|0|0|0|0|0|0|0|0|0|0|0|0,840
Georgia,Car,BEV,2026,0|8|9|18|26|28|28|67|132|74|201|300|412|0|0|0|0|0|0|0|0|0|0|0|0|0|0|0|0|0|0,1303
Georgia,Car,BEV,2027,0|10|22|17|32|43|46|46|106|205|114|302|438|406|0|0|0|0|0|0|0|0|0|0|0|0|0|0|0|0|0,1787
Georgia,Car,BEV,2028,0|13|27|43|30|52|69|73|74|162|312|170|438|431|397|0|0|0|0|0|0|0|0|0|0|0|0|0|0|0|0,2291
Georgia,Car,BEV,2029,0|17|34|53|75|48|83|110|114|115|247|462|246|431|422|383|0|0|0|0|0|0|0|0|0|0|0|0|0|0|0,2840
Georgia,Car,BEV,2030,0|19|43|66|92|125|77|132|172|173|173|366|664|242|422|407|364|0|0|0|0|0|0|0|0|0|0|0|0|0|0,3537
Georgia,Car,BEV,2031,0|20|50|83|116|154|200|121|205|263|261|256|524|654|237|407|386|337|0|0|0|0|0|0|0|0|0|0|0|0|0,4274
Georgia,Car,BEV,2032,0|24|53|98|144|193|249|313|187|314|396|384|367|516|639|229|386|358|301|0|0|0|0|0|0|0|0|0|0|0|0,5151
Georgia,Car,BEV,2033,0|28|62|106|172|239|314|392|482|282|470|583|548|361|505|617|217|358|320|259|0|0|0|0|0|0|0|0|0|0|0,6315
Georgia,Car,BEV,2034,0|33|70|121|188|287|386|498|608|730|418|690|832|540|353|488|586|201|320|275|212|0|0|0|0|0|0|0|0|0|0,7836
Georgia,Car,BEV,2035,0|36|84|137|214|316|464|612|777|930|1088|607|982|820|528|341|463|542|180|275|225|164|0|0|0|0|0|0|0|0|0,9785
Georgia,Car,BEV,2036,0|38|91|162|241|358|513|734|955|1193|1397|1587|857|968|801|509|324|428|485|154|225|175|122|0|0|0|0|0|0|0|0,12317
Georgia,Car,BEV,2037,0|42|97|177|285|403|581|819|1143|1468|1800|2052|2251|845|946|774|483|300|383|417|126|175|129|86|0|0|0|0|0|0|0,15782
Georgia,Car,BEV,2038,0|46|109|190|311|477|654|925|1285|1753|2215|2653|2924|2218|826|914|734|447|268|329|341|98|129|92|59|0|0|0|0|0|0,19997
Georgia,Car,BEV,2039,0|51|119|214|336|519|774|1042|1451|1983|2640|3267|3791|2881|2168|797|867|680|401|230|269|265|73|92|63|40|0|0|0|0|0,25013
Georgia,Car,BEV,2040,0|55|130|231|377|561|840|1229|1631|2238|3002|3890|4672|3735|2817|2094|757|803|608|344|188|209|196|52|63|42|26|0|0|0|0,30790
Georgia,Car,BEV,2041,0|59|140|252|406|628|908|1334|1921|2510|3388|4438|5556|4603|3651|2720|1987|700|718|522|281|146|155|139|35|42|28|17|0|0|0,37284
Georgia,Car,BEV,2042,0|61|149|271|440|673|1009|1440|2082|2955|3795|5007|6354|5474|4500|3526|2581|1839|627|617|427|218|108|110|96|24|28|18|11|0|0,44440
Georgia,Car,BEV,2043,0|64|156|289|472|727|1078|1586|2240|3195|4459|5600|7168|6261|5351|4346|3346|2389|1646|538|504|332|162|77|75|64|16|18|12|7|0,52178
Georgia,Car,BEV,2044,0|68|164|302|504|780|1163|1690|2447|3428|4813|6572|8005|7063|6120|5168|4124|3097|2139|1413|440|392|246|115|53|51|42|10|12|7|4,60432
Georgia,Car,BEV,2045,0|72|175|319|527|829|1243|1815|2600|3711|5149|7083|9387|7888|6904|5911|4904|3817|2772|1836|1155|342|290|174|79|35|33|27|7|7|5,69096
Georgia,Car,BEV,2046,0|74|183|338|557|868|1321|1936|2780|3933|5532|7556|10102|9249|7711|6667|5609|4539|3416|2379|1501|898|253|206|120|53|23|22|18|4|5,77853
Georgia,Car,BEV,2047,0|75|186|355|588|917|1382|2053|2957|4189|5849|8066|10750|9955|9041|7447|6327|5191|4063|2933|1946|1166|665|180|141|80|35|15|14|11|3,86580
Georgia,Car,BEV,2048,0|76|191|361|617|967|1459|2145|3130|4443|6205|8510|11422|10593|9730|8732|7066|5856|4647|3487|2398|1512|863|472|123|95|53|23|10|9|7,95202
Georgia,Car,BEV,2049,0|78|195|370|629|1013|1535|2262|3266|4693|6564|8999|12027|11255|10354|9397|8285|6540|5242|3989|2852|1863|1119|613|324|83|62|34|15|6|6,103670
Georgia,Car,BEV,2050,0|79|198|378|644|1034|1607|2378|3439|4888|6921|9498|12687|11851|11001|10000|8917|7669|5854|4499|3262|2216|1379|795|421|217|54|40|22|9|4,111961
Georgia,Car,PHEV,2020,0|0|0|1|1|1|2|0|0|0|0|0|0|0|0|0|0|0|0|0|0|0|0|0|0|0|0|0|0|0|0,5
Georgia,Car,PHEV,2021,0|0|0|1|3|3|3|6|0|0|0|0|0|0|0|0|0|0|0|0|0|0|0|0|0|0|0|0|0|0|0,16
Georgia,Car,PHEV,2022,0|0|0|0|3|5|5|5|11|0|0|0|0|0|0|0|0|0|0|0|0|0|0|0|0|0|0|0|0|0|0,29
Georgia,Car,PHEV,2023,0|0|0|0|1|5|9|10|9|19|0|0|0|0|0|0|0|0|0|0|0|0|0|0|0|0|0|0|0|0|0,53
Georgia,Car,PHEV,2024,0|0|0|0|1|3|10|14|16|14|30|0|0|0|0|0|0|0|0|0|0|0|0|0|0|0|0|0|0|0|0,88
Georgia,Car,PHEV,2025,0|0|0|0|1|2|5|16|23|26|22|47|0|0|0|0|0|0|0|0|0|0|0|0|0|0|0|0|0|0|0,142
Georgia,Car,PHEV,2026,0|2|0|0|0|3|4|10|27|36|42|33|68|0|0|0|0|0|0|0|0|0|0|0|0|0|0|0|0|0|0,225
Georgia,Car,PHEV,2027,0|2|5|0|0|1|6|8|16|44|55|63|47|67|0|0|0|0|0|0|0|0|0|0|0|0|0|0|0|0|0,314
Georgia,Car,PHEV,2028,0|3|6|10|0|1|3|11|13|25|69|81|91|47|65|0|0|0|0|0|0|0|0|0|0|0|0|0|0|0|0,425
Georgia,Car,PHEV,2029,0|3|8|12|17|2|3|6|18|20|39|104|116|90|45|63|0|0|0|0|0|0|0|0|0|0|0|0|0|0|0,546
Georgia,Car,PHEV,2030,0|5|8|15|20|27|5|6|11|29|31|57|150|114|88|44|60|0|0|0|0|0|0|0|0|0|0|0|0|0|0,670
Georgia,Car,PHEV,2031,0|5|12|15|27|33|43|9|10|18|45|47|83|148|112|85|42|55|0|0|0|0|0|0|0|0|0|0|0|0|0,789
Georgia,Car,PHEV,2032,0|5|11|21|27|45|52|67|15|16|28|67|66|81|145|108|81|39|50|0|0|0|0|0|0|0|0|0|0|0|0,924
Georgia,Car,PHEV,2033,0|6|13|21|37|46|74|82|102|22|23|43|95|65|80|140|102|75|35|43|0|0|0|0|0|0|0|0|0|0|0,1104
Georgia,Car,PHEV,2034,0|6|15|25|37|60|75|117|128|154|32|34|62|94|63|77|133|95|67|30|35|0|0|0|0|0|0|0|0|0|0,1339
Georgia,Car,PHEV,2035,0|7|16|30|45|62|97|119|181|195|229|46|47|61|92|61|73|123|85|57|24|27|0|0|0|0|0|0|0|0|0,1677
Georgia,Car,PHEV,2036,0|7|18|32|52|75|102|153|185|278|294|334|63|47|60|89|58|67|110|73|47|19|20|0|0|0|0|0|0|0|0,2183
Georgia,Car,PHEV,2037,0|8|19|35|57|88|123|163|238|284|419|431|476|62|45|58|84|54|60|94|60|36|14|14|0|0|0|0|0|0|0,2922
Georgia,Car,PHEV,2038,0|8|22|37|62|97|144|198|255|365|429|617|616|469|61|44|55|78|48|52|77|46|27|10|10|0|0|0|0|0|0,3827
Georgia,Car,PHEV,2039,0|9|22|41|66|103|158|230|309|395|551|633|882|607|458|59|42|51|70|41|42|60|34|19|7|7|0|0|0|0|0,4896
Georgia,Car,PHEV,2040,0|9|24|42|71|110|167|254|361|478|600|813|907|869|593|443|56|39|45|60|34|33|44|24|13|5|4|0|0|0|0,6098
Georgia,Car,PHEV,2041,0|10|24|45|74|119|177|267|399|559|726|889|1162|893|850|573|420|51|35|39|49|26|24|32|17|9|3|3|0|0|0,7475
Georgia,Car,PHEV,2042,0|10|26|45|78|123|191|280|417|614|847|1076|1274|1145|873|820|543|389|46|30|32|38|19|17|22|11|6|2|2|0|0,8976
Georgia,Car,PHEV,2043,0|11|27|49|79|129|196|300|434|641|933|1256|1542|1256|1119|843|779|503|348|39|24|25|28|14|12|15|7|4|1|1|0,10615
Georgia,Car,PHEV,2044,0|11|28|51|85|131|205|304|458|662|969|1380|1800|1519|1228|1081|800|721|450|299|32|19|18|20|9|8|10|5|2|1|1,12307
Georgia,Car,PHEV,2045,0|11|29|53|88|139|207|316|465|691|993|1427|1977|1773|1485|1186|1026|741|645|386|244|25|14|13|14|6|5|6|3|2|1,13971
Georgia,Car,PHEV,2046,0|10|29|55|91|143|220|319|481|699|1025|1455|2037|1948|1733|1434|1125|950|663|554|316|190|19|10|9|9|4|3|4|2|1,15538
Georgia,Car,PHEV,2047,0|10|27|55|94|148|225|338|486|718|1033|1489|2069|2008|1904|1674|1361|1041|850|569|453|246|141|13|7|6|6|3|2|3|1,16980
Georgia,Car,PHEV,2048,0|9|27|52|94|152|233|344|509|724|1054|1497|2102|2038|1962|1839|1588|1260|932|730|465|352|182|100|9|5|4|4|2|1|2,18272
Georgia,Car,PHEV,2049,0|9|25|51|91|152|239|355|516|754|1063|1519|2107|2071|1993|1895|1745|1470|1128|800|597|362|260|129|68|6|3|3|3|1|1,19416
Georgia,Car,PHEV,2050,0|9|25|48|88|147|238|363|532|761|1097|1527|2128|2076|2025|1924|1798|1615|1316|968|654|464|268|185|89|46|4|2|2|2|1,20402
Georgia,SUV,BEV,2020,0|0|1|2|2|2|2|0|0|0|0|0|0|0|0|0|0|0|0|0|0|0|0|0|0|0|0|0|0|0|0,9
Georgia,SUV,BEV,2021,0|1|0|3|5|7|6|5|0|0|0|0|0|0|0|0|0|0|0|0|0|0|0|0|0|0|0|0|0|0|0,27
Georgia,SUV,BEV,2022,0|2|3|1|5|10|13|12|10|0|0|0|0|0|0|0|0|0|0|0|0|0|0|0|0|0|0|0|0|0|0,56
Georgia,SUV,BEV,2023,0|5|7|5|3|9|18|24|21|18|0|0|0|0|0|0|0|0|0|0|0|0|0|0|0|0|0|0|0|0|0,110
Georgia,SUV,BEV,2024,0|9|12|13|10|6|14|29|40|33|29|0|0|0|0|0|0|0|0|0|0|0|0|0|0|0|0|0|0|0|0,195
Georgia,SUV,BEV,2025,0|10|22|23|23|16|11|23|47|65|51|45|0|0|0|0|0|0|0|0|0|0|0|0|0|0|0|0|0|0|0,336
Georgia,SUV,BEV,2026,0|8|26|42|41|39|27|18|36|74|102|76|66|0|0|0|0|0|0|0|0|0|0|0|0|0|0|0|0|0|0,555
Georgia,SUV,BEV,2027,0|11|21|51|73|70|64|45|29|56|114|154|110|65|0|0|0|0|0|0|0|0|0|0|0|0|0|0|0|0|0,863
Georgia,SUV,BEV,2028,0|14|28|40|91|122|114|103|72|47|84|171|224|109|63|0|0|0|0|0|0|0|0|0|0|0|0|0|0|0|0,1282
Georgia,SUV,BEV,2029,0|18|36|55|70|152|198|182|163|113|72|125|248|221|106|61|0|0|0|0|0|0|0|0|0|0|0|0|0|0|0,1820
Georgia,SUV,BEV,2030,0|20|46|71|96|118|247|316|285|252|171|107|179|244|216|102|58|0|0|0|0|0|0|0|0|0|0|0|0|0|0,2528
Georgia,SUV,BEV,2031,0|26|52|88|125|160|194|392|497|441|382|252|154|176|239|209|97|54|0|0|0|0|0|0|0|0|0|0|0|0|0,3538
Georgia,SUV,BEV,2032,0|29|65|103|154|210|260|308|616|767|670|566|361|152|172|231|198|90|48|0|0|0|0|0|0|0|0|0|0|0|0,5000
Georgia,SUV,BEV,2033,0|35|74|125|182|258|340|412|483|952|1162|994|810|356|149|166|219|183|81|41|0|0|0|0|0|0|0|0|0|0|0,7022
Georgia,SUV,BEV,2034,0|42|89|145|219|307|419|541|645|745|1444|1722|1427|798|348|144|158|202|164|69|34|0|0|0|0|0|0|0|0|0|0,9662
Georgia,SUV,BEV,2035,0|47|108|173|256|366|500|668|847|994|1128|2139|2470|1406|780|336|136|146|181|141|57|26|0|0|0|0|0|0|0|0|0,12905
Georgia,SUV,BEV,2036,0|50|120|210|303|428|595|800|1047|1305|1503|1667|3069|2434|1374|754|319|126|131|156|115|44|19|0|0|0|0|0|0|0|0,16569
Georgia,SUV,BEV,2037,0|53|128|233|368|505|694|948|1257|1617|1973|2221|2388|3024|2379|1327|715|295|113|112|127|89|33|14|0|0|0|0|0|0|0,20613
Georgia,SUV,BEV,2038,0|58|135|250|410|613|814|1104|1485|1941|2452|2916|3179|2353|2956|2298|1259|662|264|97|92|99|66|23|9|0|0|0|0|0|0,25535
Georgia,SUV,BEV,2039,0|63|149|262|438|681|987|1287|1724|2287|2941|3628|4175|3133|2300|2855|2180|1166|593|227|79|71|73|47|16|6|0|0|0|0|0,31368
Georgia,SUV,BEV,2040,0|67|162|290|460|728|1095|1553|1999|2649|3459|4350|5197|4114|3062|2221|2709|2018|1043|509|185|62|53|52|32|11|4|0|0|0|0,38084
Georgia,SUV,BEV,2041,0|72|172|315|509|767|1170|1722|2406|3053|3993|5106|6230|5121|4022|2957|2107|2507|1806|896|416|144|46|38|36|22|7|3|0|0|0,45643
Georgia,SUV,BEV,2042,0|76|184|336|550|844|1237|1842|2661|3666|4582|5878|7301|6138|5006|3884|2806|1951|2244|1551|732|323|107|32|26|24|14|5|2|0|0,54002
Georgia,SUV,BEV,2043,0|79|194|357|588|910|1358|1953|2850|4045|5489|6722|8387|7194|6000|4834|3685|2597|1746|1927|1268|569|239|76|22|17|16|9|3|1|0,63135
Georgia,SUV,BEV,2044,0|85|202|375|623|973|1460|2134|3028|4343|6044|8039|9565|8264|7032|5795|4587|3411|2325|1499|1575|985|421|170|52|15|11|10|6|2|1,73032
Georgia,SUV,BEV,2045,0|89|217|394|653|1030|1558|2289|3294|4620|6499|8840|11427|9425|8078|6792|5499|4246|3053|1996|1226|1224|729|299|117|35|10|7|7|4|1,83658
Georgia,SUV,BEV,2046,0|93|229|421|689|1078|1647|2437|3523|4999|6922|9512|12549|11260|9213|7801|6445|5089|3801|2621|1632|952|906|518|205|78|23|6|5|4|2,94660
Georgia,SUV,BEV,2047,0|96|237|444|732|1137|1720|2572|3740|5331|7455|10136|13510|12365|11007|8898|7403|5965|4556|3262|2143|1268|705|643|355|138|51|15|4|3|3,105894
Georgia,SUV,BEV,2048,0|100|245|460|773|1205|1812|2679|3941|5645|7930|10877|14402|13312|12087|10630|8443|6852|5339|3910|2668|1665|939|500|442|238|90|33|10|3|2,117232
Georgia,SUV,BEV,2049,0|101|254|476|801|1270|1917|2818|4092|5936|8375|11541|15408|14191|13012|11673|10087|7815|6133|4583|3198|2073|1233|666|344|296|157|59|22|6|2,128539
Georgia,SUV,BEV,2050,0|104|259|492|829|1317|2018|2974|4300|6149|8789|12162|16317|15182|13871|12567|11077|9336|6995|5264|3748|2485|1535|875|458|230|195|102|38|14|4,139686
Georgia,SUV,PHEV,2020,0|0|0|0|0|0|0|0|0|0|0|0|0|0|0|0|0|0|0|0|0|0|0|0|0|0|0|0|0|0|0,0
Georgia,SUV,PHEV,2021,0|0|0|0|0|0|0|0|0|0|0|0|0|0|0|0|0|0|0|0|0|0|0|0|0|0|0|0|0|0|0,0
Georgia,SUV,PHEV,2022,0|1|0|0|0|0|1|1|1|0|0|0|0|0|0|0|0|0|0|0|0|0|0|0|0|0|0|0|0|0|0,4
Georgia,SUV,PHEV,2023,0|1|3|0|0|1|1|3|3|3|0|0|0|0|0|0|0|0|0|0|0|0|0|0|0|0|0|0|0|0|0,15
Georgia,SUV,PHEV,2024,0|2|3|5|1|0|2|3|5|5|5|0|0|0|0|0|0|0|0|0|0|0|0|0|0|0|0|0|0|0|0,31
Georgia,SUV,PHEV,2025,0|2|4|5|10|3|1|4|5|10|8|8|0|0|0|0|0|0|0|0|0|0|0|0|0|0|0|0|0|0|0,60
Georgia,SUV,PHEV,2026,0|2|6|9|10|16|5|3|7|10|16|13|13|0|0|0|0|0|0|0|0|0|0|0|0|0|0|0|0|0|0,110
Georgia,SUV,PHEV,2027,0|2|4|12|16|17|25|9|5|12|16|24|19|13|0|0|0|0|0|0|0|0|0|0|0|0|0|0|0|0|0,174
Georgia,SUV,PHEV,2028,0|4|6|9|21|27|28|39|15|10|18|25|34|18|12|0|0|0|0|0|0|0|0|0|0|0|0|0|0|0|0,266
Georgia,SUV,PHEV,2029,0|4|9|12|15|34|45|46|61|23|16|28|36|34|18|12|0|0|0|0|0|0|0|0|0|0|0|0|0|0|0,393
Georgia,SUV,PHEV,2030,0|5|9|17|21|25|54|73|73|93|34|25|41|36|33|17|11|0|0|0|0|0|0|0|0|0|0|0|0|0|0,567
Georgia,SUV,PHEV,2031,0|5|12|18|29|35|41|85|115|114|140|50|35|41|35|32|17|10|0|0|0|0|0|0|0|0|0|0|0|0|0,814
Georgia,SUV,PHEV,2032,0|7|13|23|32|48|55|66|134|177|174|208|72|35|40|34|30|15|9|0|0|0|0|0|0|0|0|0|0|0|0,1172
Georgia,SUV,PHEV,2033,0|7|17|25|41|52|77|86|104|206|269|260|297|71|34|38|32|28|14|8|0|0|0|0|0|0|0|0|0|0|0,1666
Georgia,SUV,PHEV,2034,0|9|20|33|43|68|83|124|136|159|313|400|375|293|69|33|36|30|25|12|7|0|0|0|0|0|0|0|0|0|0,2268
Georgia,SUV,PHEV,2035,0|10|23|40|57|73|109|132|194|210|239|463|574|369|286|67|31|34|27|22|10|5|0|0|0|0|0|0|0|0|0,2975
Georgia,SUV,PHEV,2036,0|10|26|45|70|96|120|173|206|301|318|354|663|566|361|276|63|29|30|23|18|7|4|0|0|0|0|0|0|0|0,3759
Georgia,SUV,PHEV,2037,0|10|26|50|79|117|155|192|269|318|457|469|507|653|553|349|262|59|26|26|19|14|6|3|0|0|0|0|0|0|0,4619
Georgia,SUV,PHEV,2038,0|11|25|49|86|132|188|245|302|414|482|676|671|500|638|534|331|243|52|22|21|15|10|4|2|0|0|0|0|0|0,5653
Georgia,SUV,PHEV,2039,0|11|28|48|85|141|213|297|379|466|626|711|969|661|489|617|507|306|217|45|18|16|11|7|3|1|0|0|0|0|0,6872
Georgia,SUV,PHEV,2040,0|11|28|53|85|141|226|334|459|581|703|922|1018|954|646|472|585|469|274|186|37|14|12|8|5|2|1|0|0|0|0,8226
Georgia,SUV,PHEV,2041,0|12|29|55|93|142|228|354|516|699|873|1037|1318|1003|933|624|448|541|420|235|152|29|10|9|5|3|1|1|0|0|0,9770
Georgia,SUV,PHEV,2042,0|13|30|56|96|153|229|358|546|785|1048|1282|1481|1298|980|901|592|415|485|360|192|118|21|7|6|4|2|1|0|0|0,11459
Georgia,SUV,PHEV,2043,0|13|31|59|97|159|244|359|553|828|1173|1536|1826|1459|1269|947|855|548|371|416|295|149|88|15|5|4|2|1|0|0|0,13302
Georgia,SUV,PHEV,2044,0|14|33|60|103|160|253|381|557|838|1234|1718|2182|1799|1426|1226|898|791|490|319|340|229|111|62|10|3|3|2|1|0|0,15243
Georgia,SUV,PHEV,2045,0|14|34|63|104|169|255|393|585|848|1253|1802|2438|2150|1759|1378|1163|831|708|421|260|264|170|79|43|7|2|2|1|1|0,17197
Georgia,SUV,PHEV,2046,0|14|35|65|110|171|268|397|600|883|1269|1831|2553|2403|2101|1699|1307|1076|744|608|344|202|196|120|54|29|5|1|1|1|0,19087
Georgia,SUV,PHEV,2047,0|13|34|67|113|181|271|414|607|903|1311|1856|2599|2516|2349|2030|1612|1210|964|639|497|267|150|139|83|36|19|3|1|1|0,20885
Georgia,SUV,PHEV,2048,0|13|33|66|116|186|285|417|629|912|1336|1905|2633|2561|2459|2268|1926|1492|1083|827|522|386|198|106|95|55|24|12|2|1|0,22548
Georgia,SUV,PHEV,2049,0|13|33|64|115|189|292|436|631|937|1346|1933|2689|2595|2503|2375|2152|1782|1335|930|676|406|286|141|73|64|36|15|8|1|0,24056
Georgia,SUV,PHEV,2050,0|13|32|63|112|187|297|446|655|939|1374|1944|2720|2650|2536|2417|2254|1992|1596|1146|760|526|301|203|97|49|42|24|10|5|1,25391
Hawaii,Car,BEV,2020,0|0|2|0|1|2|3|0|0|0|0|0|0|0|0|0|0|0|0|0|0|0|0|0|0|0|0|0|0|0|0,8
Hawaii,Car,BEV,2021,0|0|1|4|1|3|5|8|0|0|0|0|0|0|0|0|0|0|0|0|0|0|0|0|0|0|0|0|0|0|0,22
Hawaii,Car,BEV,2022,0|0|1|3|8|3|6|10|14|0|0|0|0|0|0|0|0|0|0|0|0|0|0|0|0|0|0|0|0|0|0,45
Hawaii,Car,BEV,2023,0|1|1|2|5|13|5|11|18|25|0|0|0|0|0|0|0|0|0|0|0|0|0|0|0|0|0|0|0|0|0,81
Hawaii,Car,BEV,2024,0|1|2|3|4|10|22|10|19|29|41|0|0|0|0|0|0|0|0|0|0|0|0|0|0|0|0|0|0|0|0,141
Hawaii,Car,BEV,2025,0|0|2|4|5|8|17|35|16|30|47|63|0|0|0|0|0|0|0|0|0|0|0|0|0|0|0|0|0|0|0,227
Hawaii,Car,BEV,2026,0|1|1|4|8|10|13|28|55|26|47|71|93|0|0|0|0|0|0|0|0|0|0|0|0|0|0|0|0|0|0,357
Hawaii,Car,BEV,2027,0|1|4|4|8|14|17|21|46|85|42|71|103|92|0|0|0|0|0|0|0|0|0|0|0|0|0|0|0|0|0,508
Hawaii,Car,BEV,2028,0|3|4|7|7|14|23|28|32|73|129|62|102|102|90|0|0|0|0|0|0|0|0|0|0|0|0|0|0|0|0,676
Hawaii,Car,BEV,2029,0|3|6|7|12|13|23|37|45|50|112|191|90|101|99|87|0|0|0|0|0|0|0|0|0|0|0|0|0|0|0,876
Hawaii,Car,BEV,2030,0|3|7|12|13|19|20|37|57|70|77|167|274|89|99|96|83|0|0|0|0|0|0|0|0|0|0|0|0|0|0,1123
Hawaii,Car,BEV,2031,0|3|9|13|19|21|30|33|58|86|106|116|240|270|87|95|91|76|0|0|0|0|0|0|0|0|0|0|0|0|0,1353
Hawaii,Car,BEV,2032,0|3|9|16|21|29|34|46|51|88|129|158|165|236|264|84|90|84|68|0|0|0|0|0|0|0|0|0|0|0|0,1575
Hawaii,Car,BEV,2033,0|4|9|16|27|34|46|54|69|78|131|191|226|163|231|255|80|84|76|59|0|0|0|0|0|0|0|0|0|0|0,1833
Hawaii,Car,BEV,2034,0|5|10|16|28|44|54|71|83|103|115|192|273|223|159|223|242|74|75|65|48|0|0|0|0|0|0|0|0|0|0,2103
Hawaii,Car,BEV,2035,0|5|12|20|28|46|70|85|109|125|150|167|274|269|218|154|212|224|66|64|53|37|0|0|0|0|0|0|0|0|0,2388
Hawaii,Car,BEV,2036,0|5|12|23|35|47|74|108|131|162|187|215|237|270|263|210|146|196|201|57|53|41|28|0|0|0|0|0|0|0|0,2701
Hawaii,Car,BEV,2037,0|6|12|24|40|57|78|116|164|198|240|272|300|233|264|254|200|135|175|172|46|41|30|20|0|0|0|0|0|0|0,3077
Hawaii,Car,BEV,2038,0|6|13|24|41|67|91|124|180|245|296|349|384|295|228|255|241|185|121|151|141|36|30|22|13|0|0|0|0|0|0,3538
Hawaii,Car,BEV,2039,0|6|15|26|43|69|107|144|193|272|363|431|494|379|289|220|242|223|165|104|123|109|27|21|15|9|0|0|0|0|0,4089
Hawaii,Car,BEV,2040,0|6|16|29|46|72|111|169|222|297|406|525|612|486|370|279|209|224|200|142|85|96|81|19|15|10|6|0|0|0|0,4733
Hawaii,Car,BEV,2041,0|7|17|31|51|78|117|175|259|339|446|596|740|603|475|358|265|194|201|172|116|66|71|58|13|10|7|4|0|0|0,5469
Hawaii,Car,BEV,2042,0|7|18|34|55|84|127|185|272|394|507|656|846|729|589|459|339|245|173|172|140|90|49|50|39|9|6|4|2|0|0,6280
Hawaii,Car,BEV,2043,0|8|19|36|59|92|136|201|288|417|591|742|934|833|713|569|436|314|219|149|141|109|67|35|35|26|6|4|3|2|0,7184
Hawaii,Car,BEV,2044,0|9|20|37|63|97|146|214|311|442|629|867|1055|920|814|689|540|403|281|188|122|109|81|47|24|23|17|4|3|2|1,8158
Hawaii,Car,BEV,2045,0|9|22|39|65|104|155|229|329|474|666|924|1233|1040|900|787|653|500|361|241|154|95|81|57|33|16|15|11|2|2|1,9198
Hawaii,Car,BEV,2046,0|9|23|43|68|107|166|242|351|501|710|979|1317|1215|1016|869|746|605|447|310|197|120|70|58|39|22|10|10|7|2|1,10260
Hawaii,Car,BEV,2047,0|9|23|44|74|112|170|257|370|530|748|1039|1394|1297|1188|981|825|691|541|384|253|153|89|50|39|26|14|7|6|5|1,11320
Hawaii,Car,BEV,2048,0|9|24|45|77|120|178|265|391|557|786|1089|1475|1374|1268|1147|931|763|618|465|314|197|114|63|34|26|17|9|4|4|3,12367
Hawaii,Car,BEV,2049,0|9|24|46|78|127|190|277|403|587|822|1142|1543|1453|1343|1225|1088|862|683|531|380|244|146|81|43|23|17|11|6|3|3,13390
Hawaii,Car,BEV,2050,0|9|24|47|80|129|201|295|422|602|864|1192|1612|1520|1421|1297|1162|1007|772|586|434|295|181|103|55|29|15|11|7|4|2,14378
Hawaii,Car,PHEV,2020,0|0|0|0|0|0|0|0|0|0|0|0|0|0|0|0|0|0|0|0|0|0|0|0|0|0|0|0|0|0|0,0
Hawaii,Car,PHEV,2021,0|0|0|0|0|0|0|1|0|0|0|0|0|0|0|0|0|0|0|0|0|0|0|0|0|0|0|0|0|0|0,1
Hawaii,Car,PHEV,2022,0|0|0|0|0|0|1|0|3|0|0|0|0|0|0|0|0|0|0|0|0|0|0|0|0|0|0|0|0|0|0,4
Hawaii,Car,PHEV,2023,0|0|0|0|0|1|1|2|1|5|0|0|0|0|0|0|0|0|0|0|0|0|0|0|0|0|0|0|0|0|0,10
Hawaii,Car,PHEV,2024,0|0|0|0|0|0|3|3|4|3|9|0|0|0|0|0|0|0|0|0|0|0|0|0|0|0|0|0|0|0|0,22
Hawaii,Car,PHEV,2025,0|0|0|0|0|0|1|5|5|7|5|14|0|0|0|0|0|0|0|0|0|0|0|0|0|0|0|0|0|0|0,37
Hawaii,Car,PHEV,2026,0|0|0|0|0|0|0|2|10|10|12|8|20|0|0|0|0|0|0|0|0|0|0|0|0|0|0|0|0|0|0,62
Hawaii,Car,PHEV,2027,0|0|0|0|0|0|1|1|4|16|16|18|13|19|0|0|0|0|0|0|0|0|0|0|0|0|0|0|0|0|0,88
Hawaii,Car,PHEV,2028,0|0|0|0|0|0|0|3|3|7|25|25|27|13|19|0|0|0|0|0|0|0|0|0|0|0|0|0|0|0|0,122
Hawaii,Car,PHEV,2029,0|0|0|0|0|0|0|1|5|5|12|37|35|26|12|18|0|0|0|0|0|0|0|0|0|0|0|0|0|0|0,151
Hawaii,Car,PHEV,2030,0|0|0|1|1|1|0|0|3|9|10|18|52|35|26|12|17|0|0|0|0|0|0|0|0|0|0|0|0|0|0,185
Hawaii,Car,PHEV,2031,0|0|0|1|4|3|4|1|1|5|14|15|27|51|34|25|11|16|0|0|0|0|0|0|0|0|0|0|0|0|0,212
Hawaii,Car,PHEV,2032,0|0|1|1|4|7|6|7|2|3|9|21|22|26|50|33|23|10|14|0|0|0|0|0|0|0|0|0|0|0|0,239
Hawaii,Car,PHEV,2033,0|0|1|2|4|7|11|11|13|5|6|14|30|21|26|48|31|22|9|12|0|0|0|0|0|0|0|0|0|0|0,273
Hawaii,Car,PHEV,2034,0|1|1|3|4|7|11|17|17|20|8|10|20|30|21|25|46|29|19|8|10|0|0|0|0|0|0|0|0|0|0,307
Hawaii,Car,PHEV,2035,0|1|2|3|5|8|13|17|25|26|29|13|15|19|29|20|23|43|26|17|7|8|0|0|0|0|0|0|0|0|0,349
Hawaii,Car,PHEV,2036,0|1|2|4|6|10|13|20|26|38|39|43|19|15|19|28|19|22|38|22|14|5|6|0|0|0|0|0|0|0|0,409
Hawaii,Car,PHEV,2037,0|1|2|4|8|11|16|21|32|40|56|56|60|18|14|18|27|18|19|33|18|11|4|4|0|0|0|0|0|0|0,491
Hawaii,Car,PHEV,2038,0|1|2|4|8|13|18|25|34|49|58|81|81|59|18|14|17|25|16|17|27|14|8|3|3|0|0|0|0|0|0,595
Hawaii,Car,PHEV,2039,0|1|2|5|8|13|21|29|40|52|74|85|114|79|58|17|13|16|22|14|14|21|10|6|2|2|0|0|0|0|0,718
Hawaii,Car,PHEV,2040,0|1|3|5|9|14|22|33|47|62|79|107|121|112|78|56|17|12|14|19|11|11|15|7|4|1|1|0|0|0|0,861
Hawaii,Car,PHEV,2041,0|1|3|6|10|15|23|35|51|73|92|118|152|119|110|75|53|15|11|12|16|9|8|11|5|3|1|1|0|0|0,1028
Hawaii,Car,PHEV,2042,0|1|3|6|11|16|25|37|54|80|111|137|169|150|116|106|71|49|14|9|10|12|6|6|8|3|2|1|1|0|0,1214
Hawaii,Car,PHEV,2043,0|1|3|6|11|17|25|40|58|83|120|164|198|167|147|112|101|66|44|12|8|8|9|5|4|5|2|1|0|0|0,1417
Hawaii,Car,PHEV,2044,0|1|3|7|11|17|26|39|61|88|125|178|235|195|163|142|107|93|59|38|10|6|6|6|3|3|3|1|1|0|0,1627
Hawaii,Car,PHEV,2045,0|2|3|7|12|17|27|40|60|92|131|186|256|232|190|157|135|99|83|51|31|7|4|4|4|2|2|2|1|0|0,1837
Hawaii,Car,PHEV,2046,0|2|4|7|12|18|27|42|60|91|135|192|266|252|226|184|149|125|88|72|41|24|6|3|3|3|1|1|1|1|0,2036
Hawaii,Car,PHEV,2047,0|1|4|8|12|19|28|43|62|90|134|197|273|262|246|219|174|138|111|76|59|32|18|4|2|2|2|1|1|1|0,2219
Hawaii,Car,PHEV,2048,0|0|3|8|13|19|30|43|64|92|133|195|277|269|256|238|207|161|124|96|62|45|24|13|3|1|1|1|1|0|1,2380
Hawaii,Car,PHEV,2049,0|0|2|7|13|20|30|45|64|94|134|193|275|273|263|247|226|192|145|106|78|48|34|17|9|2|1|1|1|0|0,2520
Hawaii,Car,PHEV,2050,0|0|2|5|12|19|31|45|67|94|137|194|271|271|267|254|234|209|172|124|87|61|36|24|12|6|1|1|1|1|0,2638
Hawaii,SUV,BEV,2020,0|0|0|0|0|0|0|0|0|0|0|0|0|0|0|0|0|0|0|0|0|0|0|0|0|0|0|0|0|0|0,0
Hawaii,SUV,BEV,2021,0|0|0|0|1|1|0|0|0|0|0|0|0|0|0|0|0|0|0|0|0|0|0|0|0|0|0|0|0|0|0,2
Hawaii,SUV,BEV,2022,0|1|1|0|1|3|3|1|1|0|0|0|0|0|0|0|0|0|0|0|0|0|0|0|0|0|0|0|0|0|0,11
Hawaii,SUV,BEV,2023,0|2|3|2|1|3|5|5|3|3|0|0|0|0|0|0|0|0|0|0|0|0|0|0|0|0|0|0|0|0|0,27
Hawaii,SUV,BEV,2024,0|2|4|5|4|3|5|10|10|5|5|0|0|0|0|0|0|0|0|0|0|0|0|0|0|0|0|0|0|0|0,53
Hawaii,SUV,BEV,2025,0|2|6|9|10|7|5|9|16|16|10|10|0|0|0|0|0|0|0|0|0|0|0|0|0|0|0|0|0|0|0,100
Hawaii,SUV,BEV,2026,0|1|7|12|15|16|12|9|15|27|25|16|15|0|0|0|0|0|0|0|0|0|0|0|0|0|0|0|0|0|0,170
Hawaii,SUV,BEV,2027,0|1|3|13|21|24|27|20|14|24|43|37|24|15|0|0|0|0|0|0|0|0|0|0|0|0|0|0|0|0|0,266
Hawaii,SUV,BEV,2028,0|2|3|5|24|35|39|43|31|22|36|64|53|23|14|0|0|0|0|0|0|0|0|0|0|0|0|0|0|0|0,394
Hawaii,SUV,BEV,2029,0|3|5|7|10|41|56|61|68|49|33|53|92|52|23|14|0|0|0|0|0|0|0|0|0|0|0|0|0|0|0,567
Hawaii,SUV,BEV,2030,0|3|7|10|12|17|68|88|95|105|76|48|75|91|51|22|13|0|0|0|0|0|0|0|0|0|0|0|0|0|0,781
Hawaii,SUV,BEV,2031,0|4|8|13|17|20|26|109|138|146|159|114|70|74|89|49|21|12|0|0|0|0|0|0|0|0|0|0|0|0|0,1069
Hawaii,SUV,BEV,2032,0|6|10|15|22|29|34|42|172|213|222|236|164|69|72|86|47|19|11|0|0|0|0|0|0|0|0|0|0|0|0,1469
Hawaii,SUV,BEV,2033,0|6|12|18|27|37|47|55|65|265|323|329|338|162|67|70|82|43|17|9|0|0|0|0|0|0|0|0|0|0|0,1972
Hawaii,SUV,BEV,2034,0|6|14|23|32|44|59|74|85|100|400|478|471|333|158|65|66|76|39|15|8|0|0|0|0|0|0|0|0|0|0,2546
Hawaii,SUV,BEV,2035,0|7|16|28|40|54|71|93|115|130|149|593|686|464|326|153|62|61|68|33|12|6|0|0|0|0|0|0|0|0|0,3167
Hawaii,SUV,BEV,2036,0|7|18|32|48|66|87|112|145|175|196|219|850|676|454|315|145|57|55|58|27|9|4|0|0|0|0|0|0|0|0,3755
Hawaii,SUV,BEV,2037,0|7|18|36|57|78|105|138|176|220|262|290|312|837|661|438|299|134|51|47|47|21|7|3|0|0|0|0|0|0|0,4244
Hawaii,SUV,BEV,2038,0|7|17|36|64|94|124|165|213|268|331|384|414|307|818|639|416|276|120|44|38|37|16|5|2|0|0|0|0|0|0,4835
Hawaii,SUV,BEV,2039,0|8|20|34|64|105|149|193|252|325|402|486|547|408|300|790|606|385|247|103|36|30|27|11|3|1|0|0|0|0|0,5532
Hawaii,SUV,BEV,2040,0|9|21|40|60|106|166|232|294|380|486|592|692|539|399|290|750|561|344|212|84|28|22|19|8|2|1|0|0|0|0,6337
Hawaii,SUV,BEV,2041,0|10|23|41|69|102|170|257|354|442|564|710|842|682|527|385|275|694|502|296|174|66|21|16|13|5|1|1|0|0|0,7242
Hawaii,SUV,BEV,2042,0|10|25|45|74|116|166|266|391|532|655|821|1009|829|667|509|365|255|621|431|242|135|48|15|11|9|3|1|0|0|0,8251
Hawaii,SUV,BEV,2043,0|10|26|48|79|124|187|265|409|587|786|949|1159|994|811|644|483|338|228|533|352|188|100|34|10|7|6|2|1|0|0,9360
Hawaii,SUV,BEV,2044,0|12|27|51|84|132|201|296|414|618|866|1138|1337|1142|972|783|611|447|303|196|436|274|139|71|24|7|5|4|1|0|0,10591
Hawaii,SUV,BEV,2045,0|12|30|53|88|139|212|316|459|636|923|1254|1604|1317|1116|938|743|566|400|260|160|339|203|99|49|16|4|3|2|1|0,11942
Hawaii,SUV,BEV,2046,0|13|30|57|92|144|224|333|490|700|962|1346|1771|1581|1288|1078|890|688|506|343|212|124|251|144|68|33|10|3|2|2|1,13386
Hawaii,SUV,BEV,2047,0|13|32|59|98|151|231|348|514|745|1049|1416|1907|1745|1545|1244|1023|824|616|435|281|165|92|178|99|45|21|7|2|1|1,14887
Hawaii,SUV,BEV,2048,0|13|33|62|103|161|240|359|536|780|1113|1537|2022|1880|1705|1492|1180|947|738|528|355|218|122|65|122|66|30|14|4|1|1,16427
Hawaii,SUV,BEV,2049,0|13|34|64|107|169|256|373|550|810|1160|1625|2184|1992|1837|1647|1416|1092|848|633|432|276|161|87|45|82|44|19|9|3|1,17969
Hawaii,SUV,BEV,2050,0|14|35|65|112|176|269|395|570|826|1203|1691|2303|2152|1947|1774|1563|1311|978|728|518|336|204|115|60|30|54|28|13|6|2,19478
Hawaii,SUV,PHEV,2020,0|0|0|0|0|0|0|0|0|0|0|0|0|0|0|0|0|0|0|0|0|0|0|0|0|0|0|0|0|0|0,0
Hawaii,SUV,PHEV,2021,0|0|0|0|0|0|0|0|0|0|0|0|0|0|0|0|0|0|0|0|0|0|0|0|0|0|0|0|0|0|0,0
Hawaii,SUV,PHEV,2022,0|0|0|0|0|0|0|0|0|0|0|0|0|0|0|0|0|0|0|0|0|0|0|0|0|0|0|0|0|0|0,0
Hawaii,SUV,PHEV,2023,0|0|0|0|0|0|0|0|0|0|0|0|0|0|0|0|0|0|0|0|0|0|0|0|0|0|0|0|0|0|0,0
Hawaii,SUV,PHEV,2024,0|0|0|0|0|0|0|0|0|0|0|0|0|0|0|0|0|0|0|0|0|0|0|0|0|0|0|0|0|0|0,0
Hawaii,SUV,PHEV,2025,0|0|1|1|1|0|0|0|1|1|1|1|0|0|0|0|0|0|0|0|0|0|0|0|0|0|0|0|0|0|0,7
Hawaii,SUV,PHEV,2026,0|0|1|3|3|3|0|0|1|3|3|2|2|0|0|0|0|0|0|0|0|0|0|0|0|0|0|0|0|0|0,21
Hawaii,SUV,PHEV,2027,0|0|0|3|5|5|5|1|1|3|5|5|4|2|0|0|0|0|0|0|0|0|0|0|0|0|0|0|0|0|0,39
Hawaii,SUV,PHEV,2028,0|0|0|0|5|10|9|10|3|2|5|7|9|4|2|0|0|0|0|0|0|0|0|0|0|0|0|0|0|0|0,66
Hawaii,SUV,PHEV,2029,0|0|0|0|0|10|16|15|16|5|4|9|12|9|4|2|0|0|0|0|0|0|0|0|0|0|0|0|0|0|0,102
Hawaii,SUV,PHEV,2030,0|0|0|1|1|1|16|25|24|27|10|6|14|12|9|4|2|0|0|0|0|0|0|0|0|0|0|0|0|0|0,152
Hawaii,SUV,PHEV,2031,0|0|1|1|3|3|3|26|39|37|43|16|11|14|11|8|3|2|0|0|0|0|0|0|0|0|0|0|0|0|0,221
Hawaii,SUV,PHEV,2032,0|0|1|3|3|6|6|7|42|59|56|64|24|11|13|11|8|3|1|0|0|0|0|0|0|0|0|0|0|0|0,318
Hawaii,SUV,PHEV,2033,0|1|1|3|6|6|11|11|12|65|88|82|93|23|10|13|10|7|3|1|0|0|0|0|0|0|0|0|0|0|0,446
Hawaii,SUV,PHEV,2034,0|2|4|4|6|10|11|18|18|19|98|130|117|92|23|10|12|10|6|2|1|0|0|0|0|0|0|0|0|0|0,593
Hawaii,SUV,PHEV,2035,0|2|5|7|8|11|16|18|27|27|30|147|187|115|90|22|10|11|9|6|2|1|0|0|0|0|0|0|0|0|0,751
Hawaii,SUV,PHEV,2036,0|1|5|9|13|14|18|25|27|41|41|46|212|184|113|87|21|9|10|7|5|2|1|0|0|0|0|0|0|0|0,891
Hawaii,SUV,PHEV,2037,0|1|4|9|15|20|22|28|39|42|61|60|65|209|180|109|82|19|8|9|6|4|1|0|0|0|0|0|0|0|0,993
Hawaii,SUV,PHEV,2038,0|1|3|7|15|23|31|35|44|59|64|89|88|64|205|174|103|76|17|7|7|5|3|1|0|0|0|0|0|0|0,1121
Hawaii,SUV,PHEV,2039,0|1|4|6|13|23|35|47|55|68|87|94|127|86|63|198|165|96|68|15|6|5|3|2|1|0|0|0|0|0|0,1268
Hawaii,SUV,PHEV,2040,0|1|4|7|11|21|36|53|71|84|100|128|134|125|84|60|188|153|86|59|12|4|4|2|1|0|0|0|0|0|0,1428
Hawaii,SUV,PHEV,2041,0|1|4|7|13|18|34|55|81|105|124|145|181|132|122|81|57|174|137|73|48|9|3|3|2|1|0|0|0|0|0,1610
Hawaii,SUV,PHEV,2042,0|2|4|7|13|20|30|53|83|119|154|181|207|178|129|118|77|53|155|117|60|37|7|2|2|1|1|0|0|0|0,1810
Hawaii,SUV,PHEV,2043,0|2|5|8|13|21|33|48|82|123|175|223|255|204|174|124|112|72|47|133|96|47|28|5|2|1|1|0|0|0|0,2034
Hawaii,SUV,PHEV,2044,0|2|5|9|14|21|34|52|76|122|182|250|312|251|200|168|118|104|64|41|109|75|35|20|3|1|1|0|0|0|0,2269
Hawaii,SUV,PHEV,2045,0|2|6|9|15|22|34|54|81|117|183|261|350|307|245|193|160|109|93|55|33|85|55|25|13|2|1|1|0|0|0,2511
Hawaii,SUV,PHEV,2046,0|2|6|10|15|24|35|54|83|122|176|265|368|345|300|237|183|148|98|80|45|26|63|39|17|9|1|0|0|0|0,2751
Hawaii,SUV,PHEV,2047,0|2|6|10|16|24|38|55|83|125|185|259|374|362|337|290|225|169|132|84|65|35|19|45|27|11|6|1|0|0|0,2985
Hawaii,SUV,PHEV,2048,0|2|6|10|16|25|39|58|84|125|187|271|370|368|354|326|275|208|152|114|69|51|26|14|31|18|7|4|1|0|0,3211
Hawaii,SUV,PHEV,2049,0|2|6|10|16|26|40|59|87|126|187|273|384|364|360|342|309|255|186|130|93|53|37|18|9|20|12|5|2|0|0,3411
Hawaii,SUV,PHEV,2050,0|2|6|10|16|26|41|60|88|128|188|272|386|379|356|348|325|286|228|160|106|72|39|27|13|6|13|8|3|2|0,3594
Idaho,Car,BEV,2020,0|0|0|0|0|0|0|0|0|0|0|0|0|0|0|0|0|0|0|0|0|0|0|0|0|0|0|0|0|0|0,0
Idaho,Car,BEV,2021,0|0|0|0|0|0|0|0|0|0|0|0|0|0|0|0|0|0|0|0|0|0|0|0|0|0|0|0|0|0|0,0
Idaho,Car,BEV,2022,0|0|0|0|0|0|0|0|0|0|0|0|0|0|0|0|0|0|0|0|0|0|0|0|0|0|0|0|0|0|0,0
Idaho,Car,BEV,2023,0|0|0|0|0|1|0|0|0|1|0|0|0|0|0|0|0|0|0|0|0|0|0|0|0|0|0|0|0|0|0,2
Idaho,Car,BEV,2024,0|0|0|0|0|1|3|0|0|1|3|0|0|0|0|0|0|0|0|0|0|0|0|0|0|0|0|0|0|0|0,8
Idaho,Car,BEV,2025,0|0|0|0|0|0|2|5|1|1|3|5|0|0|0|0|0|0|0|0|0|0|0|0|0|0|0|0|0|0|0,17
Idaho,Car,BEV,2026,0|1|0|0|1|1|1|4|8|2|3|5|7|0|0|0|0|0|0|0|0|0|0|0|0|0|0|0|0|0|0,33
Idaho,Car,BEV,2027,0|2|3|0|1|3|3|3|7|13|4|5|7|7|0|0|0|0|0|0|0|0|0|0|0|0|0|0|0|0|0,58
Idaho,Car,BEV,2028,0|2|4|6|1|3|5|5|5|12|20|6|7|7|7|0|0|0|0|0|0|0|0|0|0|0|0|0|0|0|0,90
Idaho,Car,BEV,2029,0|2|5|9|11|3|5|10|10|10|18|31|11|7|7|6|0|0|0|0|0|0|0|0|0|0|0|0|0|0|0,145
Idaho,Car,BEV,2030,0|2|7|10|15|18|5|10|16|16|16|28|44|11|7|6|6|0|0|0|0|0|0|0|0|0|0|0|0|0|0,217
Idaho,Car,BEV,2031,0|4|7|13|17|24|29|9|16|25|25|24|41|44|10|6|6|6|0|0|0|0|0|0|0|0|0|0|0|0|0,306
Idaho,Car,BEV,2032,0|4|9|14|22|28|38|47|15|25|38|37|34|41|43|10|6|6|5|0|0|0|0|0|0|0|0|0|0|0|0,422
Idaho,Car,BEV,2033,0|5|10|17|25|36|46|60|73|24|39|55|54|34|40|41|10|6|5|4|0|0|0|0|0|0|0|0|0|0|0,584
Idaho,Car,BEV,2034,0|5|12|19|28|42|58|75|94|112|35|58|80|53|33|38|39|9|5|4|4|0|0|0|0|0|0|0|0|0|0,803
Idaho,Car,BEV,2035,0|5|12|22|33|46|68|92|118|144|169|52|86|78|52|32|36|36|8|4|4|3|0|0|0|0|0|0|0|0|0,1100
Idaho,Car,BEV,2036,0|6|13|23|38|55|75|108|144|182|219|248|75|84|77|50|30|34|32|7|4|3|2|0|0|0|0|0|0|0|0,1509
Idaho,Car,BEV,2037,0|6|15|26|41|63|89|120|169|222|276|323|356|74|82|74|48|28|30|28|6|3|2|1|0|0|0|0|0|0|0,2082
Idaho,Car,BEV,2038,0|8|17|30|46|70|102|142|190|259|336|409|461|351|72|80|70|44|25|26|23|4|2|1|1|0|0|0|0|0|0,2769
Idaho,Car,BEV,2039,0|8|19|34|52|78|115|161|222|293|392|497|586|454|343|70|76|65|40|22|21|18|3|1|1|1|0|0|0|0|0,3572
Idaho,Car,BEV,2040,0|8|21|37|60|86|128|184|251|345|445|579|712|578|444|331|66|70|58|34|18|16|13|2|1|1|0|0|0|0|0,4488
Idaho,Car,BEV,2041,0|9|22|40|64|99|139|203|288|386|522|658|829|702|565|429|314|61|63|50|28|14|12|9|2|1|0|0|0|0|0,5509
Idaho,Car,BEV,2042,0|9|24|43|69|106|160|221|317|445|584|772|944|817|686|545|407|291|55|54|41|22|10|9|6|1|0|0|0|0|0,6638
Idaho,Car,BEV,2043,0|10|24|46|75|114|170|250|344|486|675|863|1106|930|798|662|517|377|260|47|44|32|16|7|6|4|1|0|0|0|0,7864
Idaho,Car,BEV,2044,0|12|27|47|79|124|183|267|384|527|733|997|1233|1090|909|771|628|479|337|223|38|34|24|11|5|4|3|0|0|0|0,9169
Idaho,Car,BEV,2045,0|12|30|53|84|131|198|286|410|582|792|1081|1428|1215|1066|878|732|582|429|289|183|30|25|17|8|3|3|2|0|0|0,10549
Idaho,Car,BEV,2046,0|12|30|57|93|139|210|308|438|619|865|1162|1542|1407|1188|1029|833|677|521|368|237|142|22|18|11|5|2|2|1|0|0,11938
Idaho,Car,BEV,2047,0|12|30|59|98|152|223|327|472|661|920|1260|1654|1519|1375|1147|976|771|606|447|301|184|105|16|12|8|3|1|1|1|0,13341
Idaho,Car,BEV,2048,0|12|31|59|102|160|241|348|501|709|980|1338|1781|1630|1485|1328|1088|904|690|520|365|234|136|75|11|8|5|2|1|1|0,14745
Idaho,Car,BEV,2049,0|13|32|60|103|166|254|373|533|753|1049|1424|1890|1754|1593|1434|1260|1007|809|593|425|284|173|97|51|7|5|3|1|1|0,16147
Idaho,Car,BEV,2050,0|14|33|62|106|170|264|392|568|801|1113|1519|2009|1862|1715|1538|1361|1167|902|694|485|331|210|123|66|34|5|4|2|1|0,17551
Idaho,Car,PHEV,2020,0|0|0|0|0|0|0|0|0|0|0|0|0|0|0|0|0|0|0|0|0|0|0|0|0|0|0|0|0|0|0,0
Idaho,Car,PHEV,2021,0|0|0|0|0|0|0|0|0|0|0|0|0|0|0|0|0|0|0|0|0|0|0|0|0|0|0|0|0|0|0,0
Idaho,Car,PHEV,2022,0|0|0|0|0|0|0|0|0|0|0|0|0|0|0|0|0|0|0|0|0|0|0|0|0|0|0|0|0|0|0,0
Idaho,Car,PHEV,2023,0|0|0|0|0|0|0|0|0|1|0|0|0|0|0|0|0|0|0|0|0|0|0|0|0|0|0|0|0|0|0,1
Idaho,Car,PHEV,2024,0|0|0|0|0|0|0|1|1|0|3|0|0|0|0|0|0|0|0|0|0|0|0|0|0|0|0|0|0|0|0,5
Idaho,Car,PHEV,2025,0|0|0|0|0|0|0|1|2|3|1|5|0|0|0|0|0|0|0|0|0|0|0|0|0|0|0|0|0|0|0,12
Idaho,Car,PHEV,2026,0|0|0|0|0|0|0|0|3|4|5|3|9|0|0|0|0|0|0|0|0|0|0|0|0|0|0|0|0|0|0,24
Idaho,Car,PHEV,2027,0|0|0|0|0|0|0|0|1|5|6|8|5|9|0|0|0|0|0|0|0|0|0|0|0|0|0|0|0|0|0,34
Idaho,Car,PHEV,2028,0|0|0|0|0|0|0|0|1|3|10|11|13|5|9|0|0|0|0|0|0|0|0|0|0|0|0|0|0|0|0,52
Idaho,Car,PHEV,2029,0|0|0|0|1|0|0|0|1|2|5|16|17|13|5|8|0|0|0|0|0|0|0|0|0|0|0|0|0|0|0,68
Idaho,Car,PHEV,2030,0|0|0|1|1|3|0|0|1|3|4|9|23|16|12|5|8|0|0|0|0|0|0|0|0|0|0|0|0|0|0,86
Idaho,Car,PHEV,2031,0|0|1|1|3|3|6|0|0|2|5|6|14|22|16|12|4|7|0|0|0|0|0|0|0|0|0|0|0|0|0,102
Idaho,Car,PHEV,2032,0|0|1|3|3|6|6|10|0|1|4|10|11|14|22|16|11|4|6|0|0|0|0|0|0|0|0|0|0|0|0,128
Idaho,Car,PHEV,2033,0|1|1|3|6|6|11|11|16|1|3|6|16|11|13|21|15|10|4|6|0|0|0|0|0|0|0|0|0|0|0,161
Idaho,Car,PHEV,2034,0|1|3|3|5|10|11|18|18|25|3|5|11|16|10|13|20|14|9|3|5|0|0|0|0|0|0|0|0|0|0,203
Idaho,Car,PHEV,2035,0|1|3|5|6|10|16|18|28|29|38|6|7|11|15|10|12|18|12|8|3|4|0|0|0|0|0|0|0|0|0,260
Idaho,Car,PHEV,2036,0|1|3|5|9|11|16|25|28|44|45|55|10|7|10|15|10|11|17|11|7|2|3|0|0|0|0|0|0|0|0,345
Idaho,Car,PHEV,2037,0|1|3|5|10|15|18|25|39|44|67|66|79|10|7|10|14|9|10|14|9|5|1|2|0|0|0|0|0|0|0,463
Idaho,Car,PHEV,2038,0|1|4|6|10|16|24|29|39|58|67|97|95|78|9|6|10|13|8|9|12|7|4|1|1|0|0|0|0|0|0,604
Idaho,Car,PHEV,2039,0|1|4|7|11|17|25|38|47|60|86|97|139|94|76|9|6|9|12|7|7|9|5|3|1|1|0|0|0|0|0,771
Idaho,Car,PHEV,2040,0|1|4|7|13|18|26|40|58|74|90|127|139|137|92|73|9|6|8|10|6|5|7|4|2|0|1|0|0|0|0,957
Idaho,Car,PHEV,2041,0|2|4|7|13|20|28|41|63|88|112|134|179|137|134|89|69|8|5|7|8|4|4|5|2|1|0|0|0|0|0,1164
Idaho,Car,PHEV,2042,0|2|5|8|13|20|31|44|64|97|132|166|191|176|134|129|84|64|7|4|6|6|3|3|3|2|1|0|0|0|0,1395
Idaho,Car,PHEV,2043,0|2|5|9|14|21|31|49|68|99|146|195|239|188|172|129|122|78|58|6|4|4|5|2|2|2|1|1|0|0|0,1652
Idaho,Car,PHEV,2044,0|2|5|9|15|22|32|49|74|103|149|215|279|235|184|166|122|113|70|49|5|3|3|3|2|1|1|1|0|0|0,1912
Idaho,Car,PHEV,2045,0|2|5|9|15|24|34|50|74|110|154|220|307|275|230|177|158|113|101|60|40|4|2|2|2|1|1|1|0|0|0,2171
Idaho,Car,PHEV,2046,0|2|5|9|15|24|37|52|76|111|162|227|314|302|269|222|168|146|101|87|49|31|3|1|2|2|1|1|1|0|0,2420
Idaho,Car,PHEV,2047,0|2|5|9|15|24|37|56|79|114|163|234|323|309|295|260|211|156|131|87|71|38|23|2|1|1|1|0|0|0|0,2647
Idaho,Car,PHEV,2048,0|2|5|9|15|24|39|56|84|116|167|236|330|318|302|285|247|195|140|112|71|55|28|16|1|1|1|1|0|0|0,2856
Idaho,Car,PHEV,2049,0|2|5|9|15|24|39|59|85|123|171|240|333|325|311|292|271|228|175|120|92|55|41|20|11|1|0|0|0|0|0,3047
Idaho,Car,PHEV,2050,0|2|5|9|15|24|39|59|88|125|178|245|337|328|318|300|277|251|204|150|98|71|41|29|14|8|1|0|0|0|0,3216
Idaho,SUV,BEV,2020,0|0|0|0|0|0|0|0|0|0|0|0|0|0|0|0|0|0|0|0|0|0|0|0|0|0|0|0|0|0|0,0
Idaho,SUV,BEV,2021,0|0|0|0|0|0|0|0|0|0|0|0|0|0|0|0|0|0|0|0|0|0|0|0|0|0|0|0|0|0|0,0
Idaho,SUV,BEV,2022,0|0|0|0|0|0|0|0|0|0|0|0|0|0|0|0|0|0|0|0|0|0|0|0|0|0|0|0|0|0|0,0
Idaho,SUV,BEV,2023,0|0|0|0|0|0|0|0|0|0|0|0|0|0|0|0|0|0|0|0|0|0|0|0|0|0|0|0|0|0|0,0
Idaho,SUV,BEV,2024,0|0|0|0|0|0|0|0|0|0|0|0|0|0|0|0|0|0|0|0|0|0|0|0|0|0|0|0|0|0|0,0
Idaho,SUV,BEV,2025,0|1|1|1|1|0|0|0|1|0|0|0|0|0|0|0|0|0|0|0|0|0|0|0|0|0|0|0|0|0|0,5
Idaho,SUV,BEV,2026,0|2|3|3|3|3|1|0|1|2|0|0|0|0|0|0|0|0|0|0|0|0|0|0|0|0|0|0|0|0|0,18
Idaho,SUV,BEV,2027,0|2|5|5|5|5|5|3|1|2|4|1|0|0|0|0|0|0|0|0|0|0|0|0|0|0|0|0|0|0|0,38
Idaho,SUV,BEV,2028,0|4|7|10|9|10|10|10|5|3|4|6|3|0|0|0|0|0|0|0|0|0|0|0|0|0|0|0|0|0|0,81
Idaho,SUV,BEV,2029,0|5|10|13|18|15|16|16|16|10|5|6|11|3|0|0|0|0|0|0|0|0|0|0|0|0|0|0|0|0|0,144
Idaho,SUV,BEV,2030,0|5|11|19|23|29|24|27|26|25|16|7|11|11|3|0|0|0|0|0|0|0|0|0|0|0|0|0|0|0|0,237
Idaho,SUV,BEV,2031,0|6|13|22|32|39|47|37|44|42|38|24|12|11|10|3|0|0|0|0|0|0|0|0|0|0|0|0|0|0|0,380
Idaho,SUV,BEV,2032,0|7|15|25|38|52|64|76|57|69|64|56|34|12|10|10|3|0|0|0|0|0|0|0|0|0|0|0|0|0|0,592
Idaho,SUV,BEV,2033,0|8|18|30|45|64|84|102|119|88|105|94|82|34|11|10|10|2|0|0|0|0|0|0|0|0|0|0|0|0|0,906
Idaho,SUV,BEV,2034,0|9|22|36|52|76|105|134|160|183|132|156|135|80|33|11|10|9|2|0|0|0|0|0|0|0|0|0|0|0|0,1345
Idaho,SUV,BEV,2035,0|12|26|42|64|88|123|167|209|247|279|196|225|133|79|32|10|9|8|2|0|0|0|0|0|0|0|0|0|0|0,1951
Idaho,SUV,BEV,2036,0|13|29|51|74|107|144|197|260|323|374|414|281|222|130|76|30|10|8|7|2|0|0|0|0|0|0|0|0|0|0,2752
Idaho,SUV,BEV,2037,0|13|32|57|90|125|175|231|308|402|490|552|595|277|217|125|72|28|9|7|6|1|0|0|0|0|0|0|0|0|0,3812
Idaho,SUV,BEV,2038,0|16|35|61|99|151|202|280|363|478|609|726|793|586|271|209|119|67|25|7|6|4|1|0|0|0|0|0|0|0|0,5108
Idaho,SUV,BEV,2039,0|17|40|68|107|165|243|320|438|561|726|902|1042|781|573|262|199|110|60|22|6|4|3|1|0|0|0|0|0|0|0,6650
Idaho,SUV,BEV,2040,0|17|43|77|121|180|267|384|502|676|850|1077|1295|1027|763|553|248|184|99|51|18|5|3|2|0|0|0|0|0|0|0,8442
Idaho,SUV,BEV,2041,0|19|45|84|134|202|292|423|599|773|1026|1259|1545|1276|1004|737|525|230|165|85|42|14|3|2|2|0|0|0|0|0|0,10486
Idaho,SUV,BEV,2042,0|20|48|88|145|221|325|462|660|920|1168|1518|1804|1522|1247|970|700|486|206|141|69|33|10|2|2|1|0|0|0|0|0,12768
Idaho,SUV,BEV,2043,0|21|51|94|154|239|354|512|720|1013|1389|1726|2173|1778|1488|1205|920|648|435|177|116|54|24|7|2|1|1|0|0|0|0,15302
Idaho,SUV,BEV,2044,0|24|55|100|165|255|383|555|793|1102|1526|2048|2469|2141|1738|1437|1143|852|580|373|144|90|40|17|5|1|1|0|0|0|0,18037
Idaho,SUV,BEV,2045,0|24|60|108|176|273|408|599|855|1207|1658|2244|2926|2433|2093|1679|1364|1058|762|498|305|112|66|28|12|3|1|0|0|0|0,20952
Idaho,SUV,BEV,2046,0|25|62|115|188|291|436|638|920|1296|1804|2435|3202|2884|2378|2022|1593|1262|947|654|407|237|83|47|19|8|2|0|0|0|0,23955
Idaho,SUV,BEV,2047,0|27|64|121|200|311|465|680|980|1390|1932|2637|3468|3155|2819|2297|1918|1474|1130|813|535|316|176|59|32|13|5|1|0|0|0,27018
Idaho,SUV,BEV,2048,0|28|68|125|211|329|495|724|1041|1480|2066|2819|3742|3417|3084|2722|2179|1775|1320|970|665|416|234|125|40|22|9|3|1|0|0,30110
Idaho,SUV,BEV,2049,0|28|70|131|217|347|522|770|1106|1568|2195|3005|3993|3687|3340|2978|2583|2017|1589|1133|793|517|308|166|86|27|14|6|2|1|0,33199
Idaho,SUV,BEV,2050,0|29|71|134|227|358|551|811|1173|1662|2321|3188|4246|3934|3604|3226|2826|2391|1806|1364|926|616|382|218|114|57|18|9|4|1|0,36267
Idaho,SUV,PHEV,2020,0|0|0|0|0|0|0|0|0|0|0|0|0|0|0|0|0|0|0|0|0|0|0|0|0|0|0|0|0|0|0,0
Idaho,SUV,PHEV,2021,0|0|0|0|0|0|0|0|0|0|0|0|0|0|0|0|0|0|0|0|0|0|0|0|0|0|0|0|0|0|0,0
Idaho,SUV,PHEV,2022,0|0|0|0|0|0|0|0|0|0|0|0|0|0|0|0|0|0|0|0|0|0|0|0|0|0|0|0|0|0|0,0
Idaho,SUV,PHEV,2023,0|0|0|0|0|0|0|0|0|0|0|0|0|0|0|0|0|0|0|0|0|0|0|0|0|0|0|0|0|0|0,0
Idaho,SUV,PHEV,2024,0|0|0|0|0|0|0|0|0|0|0|0|0|0|0|0|0|0|0|0|0|0|0|0|0|0|0|0|0|0|0,0
Idaho,SUV,PHEV,2025,0|0|0|0|0|0|0|0|0|0|0|0|0|0|0|0|0|0|0|0|0|0|0|0|0|0|0|0|0|0|0,0
Idaho,SUV,PHEV,2026,0|0|0|1|1|1|0|0|0|0|1|0|0|0|0|0|0|0|0|0|0|0|0|0|0|0|0|0|0|0|0,4
Idaho,SUV,PHEV,2027,0|0|0|1|3|3|3|0|0|0|1|2|1|0|0|0|0|0|0|0|0|0|0|0|0|0|0|0|0|0|0,14
Idaho,SUV,PHEV,2028,0|0|1|1|3|5|5|5|1|0|1|2|4|1|0|0|0|0|0|0|0|0|0|0|0|0|0|0|0|0|0,29
Idaho,SUV,PHEV,2029,0|0|1|2|3|5|9|9|10|3|1|3|4|4|1|0|0|0|0|0|0|0|0|0|0|0|0|0|0|0|0,55
Idaho,SUV,PHEV,2030,0|1|1|3|4|5|10|15|15|16|5|3|5|4|4|1|0|0|0|0|0|0|0|0|0|0|0|0|0|0|0,92
Idaho,SUV,PHEV,2031,0|1|3|3|7|8|10|16|24|23|25|7|5|5|4|4|1|0|0|0|0|0|0|0|0|0|0|0|0|0|0,146
Idaho,SUV,PHEV,2032,0|2|3|5|7|12|13|16|25|37|34|37|12|5|5|4|3|1|0|0|0|0|0|0|0|0|0|0|0|0|0,221
Idaho,SUV,PHEV,2033,0|2|4|6|10|12|20|21|25|40|56|50|53|12|5|5|3|3|1|0|0|0|0|0|0|0|0|0|0|0|0,328
Idaho,SUV,PHEV,2034,0|3|5|9|11|17|20|31|33|39|62|82|72|52|11|5|4|3|3|1|0|0|0|0|0|0|0|0|0|0|0,463
Idaho,SUV,PHEV,2035,0|3|7|10|16|18|27|32|49|51|59|92|117|71|51|11|4|4|3|2|1|0|0|0|0|0|0|0|0|0|0,628
Idaho,SUV,PHEV,2036,0|3|7|13|17|25|29|43|50|77|78|87|132|115|69|49|10|4|4|2|2|0|0|0|0|0|0|0|0|0|0,816
Idaho,SUV,PHEV,2037,0|3|7|13|21|29|41|47|68|79|117|117|127|130|113|67|47|10|4|3|2|2|0|0|0|0|0|0|0|0|0,1047
Idaho,SUV,PHEV,2038,0|3|7|13|22|35|47|64|75|105|119|173|168|125|127|109|63|43|9|3|3|2|1|0|0|0|0|0|0|0|0,1316
Idaho,SUV,PHEV,2039,0|3|8|13|23|37|55|76|99|116|157|177|248|166|122|123|103|59|39|7|3|2|1|1|0|0|0|0|0|0|0,1638
Idaho,SUV,PHEV,2040,0|3|8|14|23|38|59|86|118|151|175|232|254|244|162|118|116|96|52|33|6|2|1|1|1|0|0|0|0|0|0,1993
Idaho,SUV,PHEV,2041,0|3|8|14|24|38|60|92|133|180|227|259|330|250|239|156|112|108|86|45|27|5|1|1|1|0|0|0|0|0|0,2399
Idaho,SUV,PHEV,2042,0|4|8|15|25|40|60|93|142|202|271|335|372|326|244|231|148|104|96|73|37|21|3|1|1|0|0|0|0|0|0,2852
Idaho,SUV,PHEV,2043,0|4|9|15|26|42|63|94|143|215|303|399|478|366|318|236|219|137|93|83|60|29|16|2|1|0|0|0|0|0|0,3351
Idaho,SUV,PHEV,2044,0|4|10|17|27|43|66|98|146|217|320|444|568|471|358|307|224|202|123|80|68|47|21|11|2|0|0|0|0|0|0,3874
Idaho,SUV,PHEV,2045,0|4|10|18|29|45|67|102|151|221|325|467|631|560|460|346|292|207|181|106|65|53|35|15|8|1|0|0|0|0|0,4399
Idaho,SUV,PHEV,2046,0|4|10|18|31|47|72|104|156|227|331|475|662|622|547|445|328|270|186|156|86|51|39|25|10|5|1|0|0|0|0,4908
Idaho,SUV,PHEV,2047,0|4|10|18|31|49|74|111|159|234|338|483|674|652|608|529|422|304|242|159|127|67|37|28|17|7|3|0|0|0|0,5387
Idaho,SUV,PHEV,2048,0|4|10|18|31|50|78|115|168|238|346|493|684|665|637|587|502|390|272|207|130|99|50|27|19|11|5|2|0|0|0,5838
Idaho,SUV,PHEV,2049,0|4|10|19|31|50|79|120|172|249|351|501|696|674|650|616|557|464|349|233|170|101|73|35|18|13|7|3|1|0|0,6246
Idaho,SUV,PHEV,2050,0|4|10|19|32|50|79|121|180|255|365|507|706|686|659|627|584|516|416|300|191|132|75|52|24|12|8|5|2|1|0,6618
Illinois,Car,BEV,2020,0|2|2|1|2|2|5|0|0|0|0|0|0|0|0|0|0|0|0|0|0|0|0|0|0|0|0|0|0|0|0,14
Illinois,Car,BEV,2021,0|1|4|7|3|4|7|11|0|0|0|0|0|0|0|0|0|0|0|0|0|0|0|0|0|0|0|0|0|0|0,37
Illinois,Car,BEV,2022,0|2|3|9|13|5|9|13|21|0|0|0|0|0|0|0|0|0|0|0|0|0|0|0|0|0|0|0|0|0|0,75
Illinois,Car,BEV,2023,0|2|4|6|15|24|10|15|24|37|0|0|0|0|0|0|0|0|0|0|0|0|0|0|0|0|0|0|0|0|0,137
Illinois,Car,BEV,2024,0|4|7|9|11|26|41|16|26|39|59|0|0|0|0|0|0|0|0|0|0|0|0|0|0|0|0|0|0|0|0,238
Illinois,Car,BEV,2025,0|3|10|14|16|19|42|68|27|42|62|90|0|0|0|0|0|0|0|0|0|0|0|0|0|0|0|0|0|0|0,393
Illinois,Car,BEV,2026,0|7|8|19|25|27|31|67|109|43|64|94|132|0|0|0|0|0|0|0|0|0|0|0|0|0|0|0|0|0|0,626
Illinois,Car,BEV,2027,0|9|17|15|33|43|45|50|105|171|65|96|138|130|0|0|0|0|0|0|0|0|0|0|0|0|0|0|0|0|0,917
Illinois,Car,BEV,2028,0|12|23|34|27|53|72|73|79|162|262|97|140|136|127|0|0|0|0|0|0|0|0|0|0|0|0|0|0|0|0,1297
Illinois,Car,BEV,2029,0|16|30|45|60|45|85|114|114|120|247|391|141|138|133|123|0|0|0|0|0|0|0|0|0|0|0|0|0|0|0,1802
Illinois,Car,BEV,2030,0|19|40|59|80|101|73|135|180|177|184|367|564|139|135|128|116|0|0|0|0|0|0|0|0|0|0|0|0|0|0,2497
Illinois,Car,BEV,2031,0|21|49|78|105|133|164|116|210|279|269|273|527|555|135|130|122|108|0|0|0|0|0|0|0|0|0|0|0|0|0,3274
Illinois,Car,BEV,2032,0|23|55|96|137|177|216|261|180|324|423|398|392|519|543|131|123|113|96|0|0|0|0|0|0|0|0|0|0|0|0,4207
Illinois,Car,BEV,2033,0|26|60|108|169|229|288|343|407|277|490|628|571|387|508|524|124|114|101|83|0|0|0|0|0|0|0|0|0|0|0,5437
Illinois,Car,BEV,2034,0|31|68|118|191|282|371|458|539|626|418|723|903|563|378|490|497|115|102|86|68|0|0|0|0|0|0|0|0|0|0,7027
Illinois,Car,BEV,2035,0|33|81|134|207|320|455|588|720|830|945|617|1035|890|550|365|465|460|103|88|71|53|0|0|0|0|0|0|0|0|0,9010
Illinois,Car,BEV,2036,0|37|86|157|235|345|518|719|919|1109|1256|1394|882|1020|870|531|346|431|412|88|72|55|39|0|0|0|0|0|0|0|0,11521
Illinois,Car,BEV,2037,0|41|94|168|277|393|561|825|1119|1412|1679|1854|1992|869|997|840|504|321|385|354|72|56|41|28|0|0|0|0|0|0|0,14882
Illinois,Car,BEV,2038,0|44|105|182|296|463|637|894|1290|1716|2132|2480|2653|1963|850|963|797|467|287|331|289|56|41|29|19|0|0|0|0|0|0,18984
Illinois,Car,BEV,2039,0|47|112|205|320|496|750|1012|1396|1985|2586|3144|3548|2614|1919|820|914|738|418|246|271|225|42|29|20|13|0|0|0|0|0,23870
Illinois,Car,BEV,2040,0|50|121|217|358|536|805|1191|1581|2150|2999|3808|4493|3496|2555|1853|779|846|660|359|201|210|166|29|20|13|8|0|0|0|0,29504
Illinois,Car,BEV,2041,0|53|128|234|379|594|867|1279|1859|2429|3248|4428|5437|4427|3417|2468|1758|721|757|567|293|157|156|118|20|13|9|5|0|0|0,35821
Illinois,Car,BEV,2042,0|55|135|249|407|630|953|1373|1996|2855|3664|4794|6334|5357|4327|3300|2342|1628|645|650|463|228|116|110|81|14|9|6|4|0|0,42725
Illinois,Car,BEV,2043,0|58|141|262|434|674|1010|1496|2136|3063|4304|5402|6856|6241|5237|4179|3132|2167|1457|554|531|360|169|82|76|54|9|6|4|2|0,50096
Illinois,Car,BEV,2044,0|61|147|274|457|716|1077|1580|2306|3269|4616|6340|7716|6755|6100|5057|3966|2899|1940|1251|453|413|267|120|56|51|36|6|4|2|1,57936
Illinois,Car,BEV,2045,0|64|155|283|476|754|1140|1678|2430|3498|4908|6794|9048|7603|6603|5892|4799|3671|2595|1665|1023|352|306|189|82|38|33|23|4|2|2,66110
Illinois,Car,BEV,2046,0|64|163|301|493|782|1200|1772|2569|3675|5216|7202|9689|8916|7432|6377|5591|4442|3286|2227|1362|795|260|217|130|55|25|22|15|2|2,74282
Illinois,Car,BEV,2047,0|64|163|313|521|810|1242|1861|2703|3867|5463|7610|10249|9547|8715|7178|6051|5174|3976|2820|1821|1058|588|185|149|87|36|16|14|10|2,82293
Illinois,Car,BEV,2048,0|65|164|316|542|854|1287|1921|2830|4053|5722|7946|10778|10099|9332|8417|6811|5601|4632|3413|2306|1415|783|418|127|100|57|24|10|9|6,90038
Illinois,Car,BEV,2049,0|65|166|319|548|887|1353|1993|2914|4233|5978|8292|11227|10620|9871|9012|7987|6304|5014|3976|2791|1792|1048|556|287|85|66|37|15|7|6,97449
Illinois,Car,BEV,2050,0|64|166|321|555|900|1406|2087|3022|4347|6227|8636|11681|11062|10381|9533|8552|7392|5643|4303|3251|2169|1327|744|382|192|56|43|24|10|4,104480
Illinois,Car,PHEV,2020,0|0|1|2|2|2|3|0|0|0|0|0|0|0|0|0|0|0|0|0|0|0|0|0|0|0|0|0|0|0|0,10
Illinois,Car,PHEV,2021,0|0|0|3|4|4|4|8|0|0|0|0|0|0|0|0|0|0|0|0|0|0|0|0|0|0|0|0|0|0|0,23
Illinois,Car,PHEV,2022,0|0|0|1|5|7|9|7|16|0|0|0|0|0|0|0|0|0|0|0|0|0|0|0|0|0|0|0|0|0|0,45
Illinois,Car,PHEV,2023,0|0|0|0|3|10|12|15|12|27|0|0|0|0|0|0|0|0|0|0|0|0|0|0|0|0|0|0|0|0|0,79
Illinois,Car,PHEV,2024,0|0|0|1|1|5|16|21|25|20|44|0|0|0|0|0|0|0|0|0|0|0|0|0|0|0|0|0|0|0|0,133
Illinois,Car,PHEV,2025,0|0|0|0|3|3|9|27|34|41|31|68|0|0|0|0|0|0|0|0|0|0|0|0|0|0|0|0|0|0|0,216
Illinois,Car,PHEV,2026,0|3|0|0|1|5|5|15|43|53|63|47|100|0|0|0|0|0|0|0|0|0|0|0|0|0|0|0|0|0|0,335
Illinois,Car,PHEV,2027,0|3|6|0|1|3|10|10|24|67|80|94|68|99|0|0|0|0|0|0|0|0|0|0|0|0|0|0|0|0|0,465
Illinois,Car,PHEV,2028,0|3|6|11|2|3|6|17|17|37|102|121|137|67|97|0|0|0|0|0|0|0|0|0|0|0|0|0|0|0|0,626
Illinois,Car,PHEV,2029,0|3|9|12|17|5|6|11|26|27|55|152|173|135|65|93|0|0|0|0|0|0|0|0|0|0|0|0|0|0|0,789
Illinois,Car,PHEV,2030,0|5|9|16|19|27|9|11|18|41|43|82|218|171|132|63|89|0|0|0|0|0|0|0|0|0|0|0|0|0|0,953
Illinois,Car,PHEV,2031,0|5|12|16|29|32|42|15|17|28|62|63|117|215|167|127|60|82|0|0|0|0|0|0|0|0|0|0|0|0|0,1089
Illinois,Car,PHEV,2032,0|5|11|21|29|47|51|64|23|24|44|90|91|115|210|161|121|55|73|0|0|0|0|0|0|0|0|0|0|0|0,1235
Illinois,Car,PHEV,2033,0|6|13|22|37|48|76|80|98|34|36|64|130|90|113|203|153|112|50|63|0|0|0|0|0|0|0|0|0|0|0,1428
Illinois,Car,PHEV,2034,0|6|15|25|38|61|77|119|123|147|49|52|92|128|88|109|193|141|100|43|52|0|0|0|0|0|0|0|0|0|0,1658
Illinois,Car,PHEV,2035,0|7|16|29|44|63|98|122|183|186|219|67|73|91|125|85|103|178|127|86|35|40|0|0|0|0|0|0|0|0|0,1977
Illinois,Car,PHEV,2036,0|7|17|32|51|73|104|153|189|277|279|318|92|72|89|121|81|96|160|109|70|27|30|0|0|0|0|0|0|0|0,2447
Illinois,Car,PHEV,2037,0|8|18|34|57|86|120|165|237|288|412|410|448|91|70|86|115|75|86|137|89|55|20|21|0|0|0|0|0|0|0,3128
Illinois,Car,PHEV,2038,0|8|20|35|60|96|140|191|259|363|430|602|582|442|89|68|82|106|67|73|112|69|40|14|14|0|0|0|0|0|0,3962
Illinois,Car,PHEV,2039,0|9|21|38|62|100|155|224|299|400|547|631|855|574|432|86|64|76|95|57|60|87|51|29|10|10|0|0|0|0|0,4972
Illinois,Car,PHEV,2040,0|9|22|40|67|103|163|248|352|463|606|807|898|843|561|417|82|59|68|81|47|47|64|36|20|7|6|0|0|0|0,6116
Illinois,Car,PHEV,2041,0|9|22|42|70|111|167|259|388|544|701|898|1153|885|824|541|396|75|53|58|67|36|35|46|25|13|4|4|0|0|0,7426
Illinois,Car,PHEV,2042,0|10|23|43|72|116|179|265|404|599|827|1039|1287|1137|865|796|514|366|68|46|47|52|27|25|31|17|9|3|3|0|0,8870
Illinois,Car,PHEV,2043,0|10|24|45|74|119|184|282|412|619|908|1223|1490|1268|1111|835|755|476|328|58|37|37|38|19|17|21|11|6|2|2|0,10411
Illinois,Car,PHEV,2044,0|11|25|46|77|121|190|287|434|631|936|1342|1752|1468|1240|1073|792|699|426|281|47|29|27|27|13|11|14|7|4|1|1,12012
Illinois,Car,PHEV,2045,0|11|26|48|79|127|192|295|438|657|950|1380|1921|1727|1435|1197|1018|733|626|365|230|37|21|19|19|9|7|9|5|2|1,13584
Illinois,Car,PHEV,2046,0|9|26|49|83|130|201|297|447|659|976|1395|1973|1893|1688|1386|1136|942|657|537|299|179|27|15|13|13|6|5|6|3|1,15051
Illinois,Car,PHEV,2047,0|8|24|49|84|136|205|308|449|668|975|1419|1986|1944|1851|1630|1315|1052|844|564|439|232|132|19|10|9|8|4|3|4|2,16373
Illinois,Car,PHEV,2048,0|8|22|46|84|137|212|312|466|669|982|1412|2005|1957|1900|1787|1547|1217|941|724|461|341|172|94|13|7|6|5|2|2|2,17533
Illinois,Car,PHEV,2049,0|8|21|42|79|137|214|322|467|688|979|1414|1988|1975|1913|1835|1696|1432|1090|808|592|358|253|122|65|9|5|4|3|2|1,18522
Illinois,Car,PHEV,2050,0|8|21|41|74|130|213|324|480|686|999|1407|1981|1959|1931|1848|1741|1570|1282|935|661|460|265|179|84|43|6|3|2|2|1,19336
Illinois,SUV,BEV,2020,0|0|0|1|1|0|0|0|0|0|0|0|0|0|0|0|0|0|0|0|0|0|0|0|0|0|0|0|0|0|0,2
Illinois,SUV,BEV,2021,0|1|0|1|3|3|1|1|0|0|0|0|0|0|0|0|0|0|0|0|0|0|0|0|0|0|0|0|0|0|0,10
Illinois,SUV,BEV,2022,0|2|3|1|3|5|5|3|3|0|0|0|0|0|0|0|0|0|0|0|0|0|0|0|0|0|0|0|0|0|0,25
Illinois,SUV,BEV,2023,0|5|7|6|3|5|10|9|5|5|0|0|0|0|0|0|0|0|0|0|0|0|0|0|0|0|0|0|0|0|0,55
Illinois,SUV,BEV,2024,0|9|14|13|11|6|10|16|14|10|9|0|0|0|0|0|0|0|0|0|0|0|0|0|0|0|0|0|0|0|0,112
Illinois,SUV,BEV,2025,0|11|22|27|24|19|11|16|27|23|16|14|0|0|0|0|0|0|0|0|0|0|0|0|0|0|0|0|0|0|0,210
Illinois,SUV,BEV,2026,0|6|29|44|47|42|31|18|27|43|34|25|20|0|0|0|0|0|0|0|0|0|0|0|0|0|0|0|0|0|0,366
Illinois,SUV,BEV,2027,0|9|16|56|77|78|69|50|29|44|66|50|35|19|0|0|0|0|0|0|0|0|0|0|0|0|0|0|0|0|0,598
Illinois,SUV,BEV,2028,0|12|23|32|98|130|127|110|79|47|69|98|72|35|19|0|0|0|0|0|0|0|0|0|0|0|0|0|0|0|0,951
Illinois,SUV,BEV,2029,0|16|31|45|57|162|213|203|173|121|72|104|142|71|34|18|0|0|0|0|0|0|0|0|0|0|0|0|0|0|0,1462
Illinois,SUV,BEV,2030,0|20|41|60|79|96|263|339|318|268|185|107|150|140|69|33|17|0|0|0|0|0|0|0|0|0|0|0|0|0|0,2185
Illinois,SUV,BEV,2031,0|25|50|80|107|132|157|419|533|492|407|275|155|148|136|67|31|16|0|0|0|0|0|0|0|0|0|0|0|0|0,3230
Illinois,SUV,BEV,2032,0|28|62|98|141|181|215|251|658|823|747|604|395|153|145|132|63|29|14|0|0|0|0|0|0|0|0|0|0|0|0,4739
Illinois,SUV,BEV,2033,0|33|71|123|174|236|295|343|394|1019|1249|1107|866|390|150|140|125|59|26|12|0|0|0|0|0|0|0|0|0|0|0,6812
Illinois,SUV,BEV,2034,0|41|86|138|216|293|384|471|539|609|1547|1851|1589|854|381|145|133|116|52|22|10|0|0|0|0|0|0|0|0|0|0,9477
Illinois,SUV,BEV,2035,0|46|105|169|243|362|478|612|740|834|924|2294|2658|1566|834|368|137|123|104|45|18|8|0|0|0|0|0|0|0|0|0,12668
Illinois,SUV,BEV,2036,0|48|120|205|296|408|587|763|961|1144|1265|1369|3294|2619|1531|806|349|127|110|89|37|14|6|0|0|0|0|0|0|0|0,16148
Illinois,SUV,BEV,2037,0|49|124|232|361|493|661|933|1197|1486|1735|1872|1963|3246|2560|1478|765|323|114|94|73|29|10|4|0|0|0|0|0|0|0,19802
Illinois,SUV,BEV,2038,0|56|127|242|406|601|793|1050|1460|1847|2252|2569|2685|1934|3173|2473|1403|708|289|98|77|56|21|7|3|0|0|0|0|0|0,24330
Illinois,SUV,BEV,2039,0|59|143|249|424|673|968|1250|1638|2246|2797|3333|3682|2645|1891|3064|2346|1298|634|248|80|60|42|15|5|2|0|0|0|0|0,29792
Illinois,SUV,BEV,2040,0|64|153|279|438|707|1079|1522|1936|2512|3391|4136|4774|3628|2586|1826|2908|2172|1162|544|203|62|44|30|10|3|1|0|0|0|0,36170
Illinois,SUV,BEV,2041,0|68|164|299|489|732|1139|1692|2354|2953|3780|5002|5921|4704|3546|2497|1733|2691|1944|998|445|158|46|32|20|7|2|1|0|0|0,43417
Illinois,SUV,BEV,2042,0|70|173|319|524|812|1184|1796|2608|3581|4422|5557|7148|5834|4598|3425|2370|1604|2409|1669|816|346|117|33|22|14|5|1|1|0|0,51458
Illinois,SUV,BEV,2043,0|72|178|335|558|868|1308|1875|2781|3961|5355|6478|7919|7043|5703|4441|3250|2193|1435|2068|1364|634|256|83|22|15|9|3|1|0|0,60208
Illinois,SUV,BEV,2044,0|77|184|346|586|923|1396|2058|2918|4240|5914|7833|9207|7804|6885|5508|4214|3008|1963|1232|1691|1060|469|182|57|15|10|6|2|1|0,69789
Illinois,SUV,BEV,2045,0|82|197|359|604|968|1478|2190|3181|4468|6351|8643|11125|9072|7628|6649|5226|3900|2692|1685|1007|1314|785|333|125|38|10|6|4|1|0,80121
Illinois,SUV,BEV,2046,0|84|209|382|627|996|1547|2312|3374|4837|6715|9304|12266|10963|8868|7367|6309|4837|3491|2311|1378|783|973|557|229|83|25|6|4|2|1,90840
Illinois,SUV,BEV,2047,0|87|215|404|665|1035|1589|2414|3550|5113|7225|9859|13224|12086|10716|8565|6990|5840|4330|2997|1890|1071|580|691|383|153|55|16|4|3|2,101752
Illinois,SUV,BEV,2048,0|88|222|415|702|1093|1649|2473|3696|5359|7614|10554|14035|13030|11814|10349|8127|6470|5227|3717|2451|1469|793|411|474|256|101|36|11|3|2,112641
Illinois,SUV,BEV,2049,0|89|224|428|721|1152|1736|2564|3775|5565|7952|11091|14967|13830|12737|11410|9820|7522|5791|4487|3039|1904|1087|563|282|317|169|66|23|7|2,123320
Illinois,SUV,BEV,2050,0|90|228|435|743|1183|1824|2687|3906|5666|8235|11553|15692|14748|13518|12301|10827|9089|6733|4971|3669|2362|1410|772|386|189|209|110|42|15|4,133597
Illinois,SUV,PHEV,2020,0|0|0|0|0|0|0|0|0|0|0|0|0|0|0|0|0|0|0|0|0|0|0|0|0|0|0|0|0|0|0,0
Illinois,SUV,PHEV,2021,0|0|0|0|0|1|1|1|0|0|0|0|0|0|0|0|0|0|0|0|0|0|0|0|0|0|0|0|0|0|0,3
Illinois,SUV,PHEV,2022,0|1|0|0|0|1|3|3|3|0|0|0|0|0|0|0|0|0|0|0|0|0|0|0|0|0|0|0|0|0|0,11
Illinois,SUV,PHEV,2023,0|2|3|0|0|1|3|5|5|5|0|0|0|0|0|0|0|0|0|0|0|0|0|0|0|0|0|0|0|0|0,24
Illinois,SUV,PHEV,2024,0|2|4|6|1|1|3|5|10|8|9|0|0|0|0|0|0|0|0|0|0|0|0|0|0|0|0|0|0|0|0,49
Illinois,SUV,PHEV,2025,0|3|7|9|11|3|3|5|10|16|13|14|0|0|0|0|0|0|0|0|0|0|0|0|0|0|0|0|0|0|0,94
Illinois,SUV,PHEV,2026,0|2|8|13|15|19|6|5|10|16|25|19|20|0|0|0|0|0|0|0|0|0|0|0|0|0|0|0|0|0|0,158
Illinois,SUV,PHEV,2027,0|2|4|16|24|26|31|11|10|16|25|37|28|19|0|0|0|0|0|0|0|0|0|0|0|0|0|0|0|0|0,249
Illinois,SUV,PHEV,2028,0|3|5|8|28|41|43|50|18|16|26|39|52|27|19|0|0|0|0|0|0|0|0|0|0|0|0|0|0|0|0,375
Illinois,SUV,PHEV,2029,0|4|8|10|14|48|68|69|79|29|24|41|56|51|27|18|0|0|0|0|0|0|0|0|0|0|0|0|0|0|0,546
Illinois,SUV,PHEV,2030,0|5|9|15|17|23|78|109|109|122|45|35|60|55|50|26|17|0|0|0|0|0|0|0|0|0|0|0|0|0|0,775
Illinois,SUV,PHEV,2031,0|5|12|17|26|29|37|125|172|168|187|67|50|59|54|48|24|16|0|0|0|0|0|0|0|0|0|0|0|0|0,1096
Illinois,SUV,PHEV,2032,0|6|12|22|29|44|47|57|196|264|255|277|97|49|58|52|46|23|14|0|0|0|0|0|0|0|0|0|0|0|0,1548
Illinois,SUV,PHEV,2033,0|8|16|24|39|47|72|75|89|304|399|376|398|96|48|56|49|43|20|12|0|0|0|0|0|0|0|0|0|0|0,2171
Illinois,SUV,PHEV,2034,0|10|21|32|43|65|76|114|118|136|460|592|539|392|94|47|53|46|38|17|10|0|0|0|0|0|0|0|0|0|0,2903
Illinois,SUV,PHEV,2035,0|11|25|41|57|74|105|122|178|181|205|681|848|531|384|91|44|49|41|33|14|8|0|0|0|0|0|0|0|0|0,3723
Illinois,SUV,PHEV,2036,0|10|28|48|72|95|122|168|192|274|276|302|976|835|519|370|86|41|44|35|27|11|6|0|0|0|0|0|0|0|0,4537
Illinois,SUV,PHEV,2037,0|9|26|53|83|120|154|195|261|297|414|409|431|962|816|501|352|80|37|38|29|21|8|4|0|0|0|0|0|0|0,5300
Illinois,SUV,PHEV,2038,0|10|24|50|91|137|194|242|305|401|450|613|584|424|941|789|476|325|71|31|31|22|15|6|3|0|0|0|0|0|0,6235
Illinois,SUV,PHEV,2039,0|11|26|46|86|149|218|302|375|469|606|665|877|576|415|908|748|440|291|61|26|24|17|11|4|2|0|0|0|0|0,7353
Illinois,SUV,PHEV,2040,0|11|28|50|80|141|236|340|465|571|706|893|952|864|563|401|862|693|394|250|50|20|18|12|8|3|1|0|0|0|0,8612
Illinois,SUV,PHEV,2041,0|11|28|53|88|134|227|364|523|703|852|1039|1274|938|845|543|380|798|620|338|204|39|15|13|8|5|2|1|0|0|0,10045
Illinois,SUV,PHEV,2042,0|11|29|54|92|146|218|355|557|791|1045|1246|1482|1256|917|816|516|352|714|532|277|159|29|11|9|5|3|1|1|0|0,11624
Illinois,SUV,PHEV,2043,0|12|29|56|93|151|234|345|549|838|1177|1522|1767|1460|1227|885|774|477|315|613|435|215|118|20|7|6|4|2|1|0|0,13332
Illinois,SUV,PHEV,2044,0|13|30|56|97|153|242|367|538|833|1243|1714|2152|1741|1427|1185|840|717|427|270|501|338|159|83|14|5|4|2|1|0|0,15152
Illinois,SUV,PHEV,2045,0|13|32|59|97|160|243|376|566|823|1245|1805|2426|2121|1702|1378|1125|778|641|367|221|389|250|113|57|9|3|2|1|1|0,17003
Illinois,SUV,PHEV,2046,0|13|31|61|101|160|254|378|578|859|1237|1820|2550|2390|2073|1644|1308|1041|696|551|300|172|288|178|78|38|6|2|2|1|1,18811
Illinois,SUV,PHEV,2047,0|11|31|61|105|166|253|392|578|873|1280|1816|2581|2513|2336|2002|1560|1211|932|598|450|233|127|205|122|52|25|4|1|1|1,20520
Illinois,SUV,PHEV,2048,0|11|29|60|105|172|262|390|595|870|1293|1865|2585|2543|2456|2256|1900|1443|1084|800|489|350|172|90|141|82|34|16|3|1|1,22098
Illinois,SUV,PHEV,2049,0|11|29|58|104|171|271|402|589|887|1285|1875|2638|2547|2486|2372|2141|1758|1292|930|654|380|259|122|62|94|54|22|11|2|1,23507
Illinois,SUV,PHEV,2050,0|10|29|57|102|170|270|413|604|875|1300|1860|2642|2599|2490|2401|2251|1982|1574|1109|761|508|281|184|84|42|62|35|14|7|1,24717
Indiana,Car,BEV,2020,0|0|0|0|0|0|1|0|0|0|0|0|0|0|0|0|0|0|0|0|0|0|0|0|0|0|0|0|0|0|0,1
Indiana,Car,BEV,2021,0|0|0|1|0|0|1|3|0|0|0|0|0|0|0|0|0|0|0|0|0|0|0|0|0|0|0|0|0|0|0,5
Indiana,Car,BEV,2022,0|0|0|1|3|0|1|3|5|0|0|0|0|0|0|0|0|0|0|0|0|0|0|0|0|0|0|0|0|0|0,13
Indiana,Car,BEV,2023,0|0|1|1|3|5|1|3|5|9|0|0|0|0|0|0|0|0|0|0|0|0|0|0|0|0|0|0|0|0|0,28
Indiana,Car,BEV,2024,0|1|1|2|2|5|10|3|5|9|14|0|0|0|0|0|0|0|0|0|0|0|0|0|0|0|0|0|0|0|0,52
Indiana,Car,BEV,2025,0|0|2|3|4|4|10|16|5|9|14|21|0|0|0|0|0|0|0|0|0|0|0|0|0|0|0|0|0|0|0,88
Indiana,Car,BEV,2026,0|5|1|4|5|8|8|16|27|9|14|21|30|0|0|0|0|0|0|0|0|0|0|0|0|0|0|0|0|0|0,148
Indiana,Car,BEV,2027,0|5|11|3|8|10|13|13|26|43|14|21|30|30|0|0|0|0|0|0|0|0|0|0|0|0|0|0|0|0|0,227
Indiana,Car,BEV,2028,0|6|13|20|6|14|17|21|21|42|65|21|30|30|29|0|0|0|0|0|0|0|0|0|0|0|0|0|0|0|0,335
Indiana,Car,BEV,2029,0|9|17|25|36|11|23|28|32|32|64|96|30|30|29|28|0|0|0|0|0|0|0|0|0|0|0|0|0|0|0,490
Indiana,Car,BEV,2030,0|9|23|33|45|60|18|37|46|50|50|94|140|30|29|28|27|0|0|0|0|0|0|0|0|0|0|0|0|0|0,719
Indiana,Car,BEV,2031,0|11|25|43|59|76|98|29|57|73|76|74|136|138|29|28|27|25|0|0|0|0|0|0|0|0|0|0|0|0|0,1004
Indiana,Car,BEV,2032,0|11|29|49|74|100|125|156|47|86|111|114|107|134|135|28|27|25|22|0|0|0|0|0|0|0|0|0|0|0|0,1380
Indiana,Car,BEV,2033,0|14|29|56|86|124|163|200|243|73|129|165|163|106|131|130|27|25|22|19|0|0|0|0|0|0|0|0|0|0|0,1905
Indiana,Car,BEV,2034,0|17|34|58|97|144|201|260|312|374|110|190|238|161|103|126|123|25|22|19|16|0|0|0|0|0|0|0|0|0|0,2630
Indiana,Car,BEV,2035,0|17|42|66|103|162|235|320|406|482|565|162|271|235|157|100|120|114|22|19|16|12|0|0|0|0|0|0|0|0|0,3626
Indiana,Car,BEV,2036,0|19|43|80|117|173|263|373|501|627|731|835|231|267|229|152|95|111|102|19|16|12|9|0|0|0|0|0|0|0|0,5005
Indiana,Car,BEV,2037,0|22|48|84|140|197|284|420|585|772|950|1083|1196|228|261|221|144|88|99|88|16|12|9|6|0|0|0|0|0|0|0,6953
Indiana,Car,BEV,2038,0|23|56|94|149|232|320|454|660|902|1169|1405|1553|1178|223|252|210|133|78|85|72|12|9|6|4|0|0|0|0|0|0,9279
Indiana,Car,BEV,2039,0|26|59|109|166|250|378|510|714|1021|1367|1730|2015|1530|1152|215|240|194|119|67|70|56|9|6|4|3|0|0|0|0|0,12010
Indiana,Car,BEV,2040,0|27|67|115|191|277|408|600|799|1103|1548|2022|2478|1985|1496|1112|204|222|174|102|55|54|41|6|4|3|2|0|0|0|0,15095
Indiana,Car,BEV,2041,0|29|69|128|202|316|448|648|939|1233|1674|2291|2896|2442|1941|1444|1055|189|198|149|84|43|40|29|4|3|2|1|0|0|0,18497
Indiana,Car,BEV,2042,0|30|73|134|221|335|505|709|1013|1445|1866|2479|3284|2854|2387|1874|1371|977|169|170|122|65|32|28|20|3|2|1|1|0|0,22170
Indiana,Car,BEV,2043,0|31|77|143|234|363|535|791|1100|1556|2182|2757|3552|3236|2789|2305|1779|1269|874|145|139|95|48|22|20|13|2|1|1|1|0,26060
Indiana,Car,BEV,2044,0|33|79|149|249|387|578|836|1215|1680|2345|3219|3946|3500|3164|2694|2187|1646|1136|751|119|108|70|34|15|13|9|1|1|1|0,30165
Indiana,Car,BEV,2045,0|34|85|155|260|411|615|899|1282|1834|2519|3453|4600|3888|3421|3055|2556|2025|1474|975|614|92|80|50|23|10|9|6|1|1|0,34427
Indiana,Car,BEV,2046,0|35|87|164|271|427|653|956|1372|1933|2723|3692|4926|4533|3801|3304|2899|2366|1812|1265|797|477|68|57|34|16|7|6|4|1|0,38686
Indiana,Car,BEV,2047,0|36|89|170|285|446|678|1013|1458|2061|2865|3958|5247|4854|4431|3671|3135|2683|2118|1556|1034|619|353|48|39|23|10|4|4|2|0,42890
Indiana,Car,BEV,2048,0|36|91|173|296|469|708|1051|1543|2185|3043|4157|5589|5170|4745|4279|3483|2902|2402|1818|1272|804|458|251|33|26|15|7|3|2|2,47013
Indiana,Car,BEV,2049,0|37|93|177|301|488|744|1098|1597|2309|3220|4404|5864|5507|5053|4583|4060|3224|2598|2062|1486|988|595|325|172|22|17|10|4|2|1,51041
Indiana,Car,BEV,2050,0|37|94|179|308|496|774|1152|1671|2386|3400|4651|6195|5779|5383|4881|4348|3758|2886|2230|1686|1155|732|422|223|115|15|11|6|3|1,54977
Indiana,Car,PHEV,2020,0|0|0|0|0|0|1|0|0|0|0|0|0|0|0|0|0|0|0|0|0|0|0|0|0|0|0|0|0|0|0,1
Indiana,Car,PHEV,2021,0|0|0|0|1|1|1|3|0|0|0|0|0|0|0|0|0|0|0|0|0|0|0|0|0|0|0|0|0|0|0,6
Indiana,Car,PHEV,2022,0|0|0|0|1|3|3|2|6|0|0|0|0|0|0|0|0|0|0|0|0|0|0|0|0|0|0|0|0|0|0,15
Indiana,Car,PHEV,2023,0|0|0|0|0|3|5|5|4|11|0|0|0|0|0|0|0|0|0|0|0|0|0|0|0|0|0|0|0|0|0,28
Indiana,Car,PHEV,2024,0|0|0|0|0|1|5|9|10|7|17|0|0|0|0|0|0|0|0|0|0|0|0|0|0|0|0|0|0|0|0,49
Indiana,Car,PHEV,2025,0|0|0|0|0|0|3|10|14|16|12|27|0|0|0|0|0|0|0|0|0|0|0|0|0|0|0|0|0|0|0,82
Indiana,Car,PHEV,2026,0|1|0|0|0|1|1|5|16|22|25|18|40|0|0|0|0|0|0|0|0|0|0|0|0|0|0|0|0|0|0,129
Indiana,Car,PHEV,2027,0|1|2|0|0|0|3|3|9|26|33|38|27|40|0|0|0|0|0|0|0|0|0|0|0|0|0|0|0|0|0,182
Indiana,Car,PHEV,2028,0|2|3|5|0|0|1|5|5|14|41|48|55|26|39|0|0|0|0|0|0|0|0|0|0|0|0|0|0|0|0,244
Indiana,Car,PHEV,2029,0|2|5|6|9|0|0|3|10|10|21|60|70|54|26|38|0|0|0|0|0|0|0|0|0|0|0|0|0|0|0,314
Indiana,Car,PHEV,2030,0|2|5|10|11|15|2|1|6|16|16|32|89|69|53|25|36|0|0|0|0|0|0|0|0|0|0|0|0|0|0,388
Indiana,Car,PHEV,2031,0|2|6|10|17|18|24|5|4|11|25|25|46|87|67|51|23|33|0|0|0|0|0|0|0|0|0|0|0|0|0,454
Indiana,Car,PHEV,2032,0|2|6|11|17|27|30|38|8|7|17|37|35|46|85|65|49|22|30|0|0|0|0|0|0|0|0|0|0|0|0,532
Indiana,Car,PHEV,2033,0|2|7|12|19|28|44|47|58|13|12|25|53|35|45|82|62|45|19|25|0|0|0|0|0|0|0|0|0|0|0,633
Indiana,Car,PHEV,2034,0|4|7|13|21|32|45|68|73|88|19|18|35|52|34|43|78|57|40|17|21|0|0|0|0|0|0|0|0|0|0,765
Indiana,Car,PHEV,2035,0|4|9|14|23|35|52|71|105|112|130|26|26|35|51|33|41|72|51|35|14|16|0|0|0|0|0|0|0|0|0,955
Indiana,Car,PHEV,2036,0|4|9|17|25|39|56|81|108|159|167|191|34|25|34|49|31|38|65|44|28|11|12|0|0|0|0|0|0|0|0,1227
Indiana,Car,PHEV,2037,0|5|10|18|31|43|64|88|128|163|237|244|270|34|25|33|47|29|34|56|36|22|8|8|0|0|0|0|0|0|0,1633
Indiana,Car,PHEV,2038,0|5|11|19|32|51|72|103|138|197|244|347|348|266|33|24|31|43|26|29|45|28|16|6|6|0|0|0|0|0|0,2120
Indiana,Car,PHEV,2039,0|5|11|22|34|53|82|116|162|213|297|358|495|343|260|32|23|29|39|22|24|35|21|12|4|4|0|0|0|0|0,2696
Indiana,Car,PHEV,2040,0|5|11|22|39|56|85|130|184|249|323|439|510|487|335|252|30|21|26|33|18|18|26|15|8|3|3|0|0|0|0,3328
Indiana,Car,PHEV,2041,0|5|11|23|39|63|90|135|203|285|376|478|629|503|476|324|239|28|19|22|27|14|14|19|10|5|2|2|0|0|0,4041
Indiana,Car,PHEV,2042,0|5|12|23|41|64|100|142|210|314|432|556|687|620|492|460|307|221|25|16|18|21|10|10|13|7|3|1|1|0|0,4811
Indiana,Car,PHEV,2043,0|6|12|25|41|67|101|154|219|324|476|641|796|677|606|475|437|284|198|22|13|14|16|7|7|9|4|2|1|1|0,5635
Indiana,Car,PHEV,2044,0|6|13|25|43|67|106|156|234|335|489|703|919|784|662|585|450|404|255|170|18|10|10|11|5|4|6|3|1|0|0,6474
Indiana,Car,PHEV,2045,0|6|14|26|43|71|107|162|237|352|503|720|1005|906|766|639|556|417|362|218|139|14|8|7|8|3|3|4|2|1|0,7299
Indiana,Car,PHEV,2046,0|5|14|27|45|71|112|164|245|355|519|735|1029|990|886|740|607|514|373|310|179|108|10|5|5|5|2|2|2|1|1,8061
Indiana,Car,PHEV,2047,0|5|12|27|47|74|112|172|247|365|523|754|1044|1013|968|855|702|562|460|320|254|139|80|7|4|3|3|1|1|2|1,8757
Indiana,Car,PHEV,2048,0|5|12|25|46|76|116|172|259|368|534|756|1062|1029|991|935|812|650|503|395|262|197|103|57|5|2|2|2|1|1|1,9379
Indiana,Car,PHEV,2049,0|5|12|25|44|75|119|178|259|382|539|768|1063|1046|1006|957|887|751|582|431|323|204|146|73|39|3|2|1|1|1|1,9923
Indiana,Car,PHEV,2050,0|5|11|24|43|72|117|182|266|382|555|775|1074|1047|1023|971|908|821|672|499|353|251|151|104|50|26|2|1|1|1|0,10387
Indiana,SUV,BEV,2020,0|0|0|0|0|0|0|0|0|0|0|0|0|0|0|0|0|0|0|0|0|0|0|0|0|0|0|0|0|0|0,0
Indiana,SUV,BEV,2021,0|0|0|0|0|0|0|0|0|0|0|0|0|0|0|0|0|0|0|0|0|0|0|0|0|0|0|0|0|0|0,0
Indiana,SUV,BEV,2022,0|0|0|0|0|0|0|0|0|0|0|0|0|0|0|0|0|0|0|0|0|0|0|0|0|0|0|0|0|0|0,0
Indiana,SUV,BEV,2023,0|1|1|1|0|0|1|0|0|0|0|0|0|0|0|0|0|0|0|0|0|0|0|0|0|0|0|0|0|0|0,4
Indiana,SUV,BEV,2024,0|2|3|3|2|0|1|3|1|1|0|0|0|0|0|0|0|0|0|0|0|0|0|0|0|0|0|0|0|0|0,16
Indiana,SUV,BEV,2025,0|2|6|7|6|4|1|3|5|3|2|1|0|0|0|0|0|0|0|0|0|0|0|0|0|0|0|0|0|0|0,40
Indiana,SUV,BEV,2026,0|5|7|12|13|11|7|3|5|9|5|4|3|0|0|0|0|0|0|0|0|0|0|0|0|0|0|0|0|0|0,84
Indiana,SUV,BEV,2027,0|6|11|13|21|22|19|12|5|10|15|10|6|3|0|0|0|0|0|0|0|0|0|0|0|0|0|0|0|0|0,153
Indiana,SUV,BEV,2028,0|9|15|22|24|34|35|30|20|10|16|23|15|6|3|0|0|0|0|0|0|0|0|0|0|0|0|0|0|0|0,262
Indiana,SUV,BEV,2029,0|10|22|31|40|42|55|55|48|31|16|25|32|15|6|3|0|0|0|0|0|0|0|0|0|0|0|0|0|0|0,431
Indiana,SUV,BEV,2030,0|12|26|42|54|67|69|88|86|75|49|25|35|32|14|5|3|0|0|0|0|0|0|0|0|0|0|0|0|0|0,682
Indiana,SUV,BEV,2031,0|15|32|51|73|91|109|110|140|132|115|73|37|35|31|14|5|2|0|0|0|0|0|0|0|0|0|0|0|0|0,1065
Indiana,SUV,BEV,2032,0|17|37|62|92|122|149|175|173|215|199|170|105|37|34|30|13|5|2|0|0|0|0|0|0|0|0|0|0|0|0,1637
Indiana,SUV,BEV,2033,0|18|43|73|109|155|198|237|276|267|326|294|244|104|36|33|29|12|4|2|0|0|0|0|0|0|0|0|0|0|0,2460
Indiana,SUV,BEV,2034,0|24|48|83|129|183|251|316|371|429|405|483|421|240|101|35|31|27|11|4|2|0|0|0|0|0|0|0|0|0|0,3594
Indiana,SUV,BEV,2035,0|26|60|95|146|217|299|399|497|575|653|601|693|415|235|98|33|29|24|9|3|1|0|0|0|0|0|0|0|0|0,5108
Indiana,SUV,BEV,2036,0|29|67|117|168|245|354|478|626|768|872|969|862|683|405|227|93|31|26|20|8|2|1|0|0|0|0|0|0|0|0,7051
Indiana,SUV,BEV,2037,0|31|73|130|205|282|398|564|752|969|1165|1292|1392|850|668|392|215|86|27|22|17|6|2|1|0|0|0|0|0|0|0,9539
Indiana,SUV,BEV,2038,0|35|81|143|229|342|458|632|886|1163|1470|1727|1856|1371|831|645|371|199|77|23|18|13|4|1|0|0|0|0|0|0|0,12575
Indiana,SUV,BEV,2039,0|38|88|158|252|382|554|730|989|1368|1765|2178|2477|1828|1340|802|612|344|178|66|19|14|10|3|1|0|0|0|0|0|0,16196
Indiana,SUV,BEV,2040,0|40|96|172|278|419|617|880|1142|1526|2075|2614|3125|2441|1787|1294|761|566|308|153|54|15|10|7|2|1|0|0|0|0|0,20383
Indiana,SUV,BEV,2041,0|42|103|186|300|462|676|977|1373|1757|2309|3071|3750|3079|2386|1726|1228|705|507|264|125|42|11|7|5|1|0|0|0|0|0,25092
Indiana,SUV,BEV,2042,0|44|108|200|325|498|741|1067|1520|2110|2653|3411|4402|3695|3010|2304|1638|1137|631|435|216|97|31|8|5|3|1|0|0|0|0,30290
Indiana,SUV,BEV,2043,0|46|112|210|348|538|799|1166|1657|2328|3181|3912|4881|4337|3612|2907|2187|1516|1018|541|356|168|72|22|5|3|2|1|0|0|0,35925
Indiana,SUV,BEV,2044,0|49|118|218|367|574|859|1253|1801|2530|3502|4683|5590|4810|4239|3488|2759|2024|1357|873|443|277|124|51|15|4|2|1|0|0|0,42011
Indiana,SUV,BEV,2045,0|52|125|229|380|606|916|1343|1931|2738|3797|5145|6686|5508|4702|4094|3310|2553|1812|1165|714|344|205|88|35|10|2|1|1|0|0,48492
Indiana,SUV,BEV,2046,0|53|132|242|399|627|966|1428|2062|2926|4091|5568|7330|6588|5384|4541|3885|3063|2285|1555|952|555|255|145|61|24|7|2|1|1|0,55128
Indiana,SUV,BEV,2047,0|54|136|256|421|657|998|1503|2184|3113|4357|5978|7919|7223|6439|5200|4309|3596|2742|1962|1271|740|411|181|100|41|15|4|1|1|0,61812
Indiana,SUV,BEV,2048,0|55|140|263|445|695|1045|1551|2298|3288|4620|6350|8478|7803|7060|6219|4934|3988|3219|2354|1604|988|548|292|124|67|27|10|3|1|0,68469
Indiana,SUV,BEV,2049,0|57|143|271|457|732|1104|1623|2366|3452|4867|6712|8986|8354|7628|6819|5901|4567|3570|2763|1925|1247|731|389|200|83|44|17|6|2|0,75016
Indiana,SUV,BEV,2050,0|58|145|277|472|752|1160|1710|2472|3545|5100|7055|9475|8855|8166|7367|6470|5462|4088|3064|2259|1496|923|519|267|134|55|29|11|4|1,81391
Indiana,SUV,PHEV,2020,0|0|0|0|0|0|0|0|0|0|0|0|0|0|0|0|0|0|0|0|0|0|0|0|0|0|0|0|0|0|0,0
Indiana,SUV,PHEV,2021,0|0|0|0|0|0|0|0|0|0|0|0|0|0|0|0|0|0|0|0|0|0|0|0|0|0|0|0|0|0|0,0
Indiana,SUV,PHEV,2022,0|0|0|0|0|0|0|0|0|0|0|0|0|0|0|0|0|0|0|0|0|0|0|0|0|0|0|0|0|0|0,0
Indiana,SUV,PHEV,2023,0|0|1|0|0|0|0|1|1|1|0|0|0|0|0|0|0|0|0|0|0|0|0|0|0|0|0|0|0|0|0,4
Indiana,SUV,PHEV,2024,0|1|1|2|0|0|0|1|3|2|2|0|0|0|0|0|0|0|0|0|0|0|0|0|0|0|0|0|0|0|0,12
Indiana,SUV,PHEV,2025,0|1|3|3|4|0|0|1|3|5|4|4|0|0|0|0|0|0|0|0|0|0|0|0|0|0|0|0|0|0|0,28
Indiana,SUV,PHEV,2026,0|1|3|5|5|7|1|1|3|5|9|6|6|0|0|0|0|0|0|0|0|0|0|0|0|0|0|0|0|0|0,52
Indiana,SUV,PHEV,2027,0|1|3|5|10|10|12|3|3|5|10|14|10|6|0|0|0|0|0|0|0|0|0|0|0|0|0|0|0|0|0,92
Indiana,SUV,PHEV,2028,0|2|3|5|10|16|16|20|5|5|10|16|20|10|6|0|0|0|0|0|0|0|0|0|0|0|0|0|0|0|0,144
Indiana,SUV,PHEV,2029,0|2|6|7|10|17|26|26|31|10|8|16|24|19|9|5|0|0|0|0|0|0|0|0|0|0|0|0|0|0|0,216
Indiana,SUV,PHEV,2030,0|2|6|11|12|16|28|42|42|49|16|13|24|23|19|9|5|0|0|0|0|0|0|0|0|0|0|0|0|0|0,317
Indiana,SUV,PHEV,2031,0|3|7|11|19|20|25|46|67|65|76|25|19|23|23|18|9|5|0|0|0|0|0|0|0|0|0|0|0|0|0,461
Indiana,SUV,PHEV,2032,0|4|8|14|19|30|33|40|74|103|98|114|37|18|23|22|17|8|4|0|0|0|0|0|0|0|0|0|0|0|0,666
Indiana,SUV,PHEV,2033,0|6|10|15|25|31|48|53|63|115|155|147|164|37|18|22|21|16|7|4|0|0|0|0|0|0|0|0|0|0|0,957
Indiana,SUV,PHEV,2034,0|6|13|19|27|42|51|77|82|97|175|230|210|162|36|17|21|19|14|6|3|0|0|0|0|0|0|0|0|0|0,1307
Indiana,SUV,PHEV,2035,0|6|14|26|34|45|67|81|121|126|146|260|327|207|158|35|17|19|17|12|5|2|0|0|0|0|0|0|0|0|0,1725
Indiana,SUV,PHEV,2036,0|6|15|27|44|58|74|107|128|185|191|215|375|323|203|153|33|15|17|15|10|4|2|0|0|0|0|0|0|0|0,2200
Indiana,SUV,PHEV,2037,0|6|15|29|47|73|93|120|168|197|282|283|308|369|315|196|145|31|14|15|12|8|3|1|0|0|0|0|0|0|0,2730
Indiana,SUV,PHEV,2038,0|6|15|29|50|79|116|147|189|258|299|418|406|303|361|305|186|134|27|12|12|9|6|2|1|0|0|0|0|0|0,3370
Indiana,SUV,PHEV,2039,0|6|16|29|51|84|128|182|229|291|390|442|598|400|296|349|289|172|120|23|10|9|7|4|1|1|0|0|0|0|0,4127
Indiana,SUV,PHEV,2040,0|6|16|32|52|86|136|203|281|352|441|577|633|589|391|286|331|268|154|103|19|7|7|5|3|1|0|0|0|0|0,4979
Indiana,SUV,PHEV,2041,0|6|16|33|56|87|138|213|313|428|529|651|825|624|576|378|272|306|239|132|84|15|6|5|3|2|1|0|0|0|0,5938
Indiana,SUV,PHEV,2042,0|7|17|32|58|93|140|218|328|478|642|779|931|813|610|556|358|251|274|206|108|66|11|4|3|2|1|0|0|0|0,6986
Indiana,SUV,PHEV,2043,0|7|18|35|58|96|147|220|336|500|716|940|1110|918|795|589|528|332|225|235|168|84|48|8|3|2|1|1|0|0|0,8120
Indiana,SUV,PHEV,2044,0|7|19|36|62|97|152|230|339|511|749|1050|1336|1094|897|767|559|488|297|193|192|131|62|34|5|2|1|1|1|0|0,9312
Indiana,SUV,PHEV,2045,0|7|19|37|63|103|154|237|352|516|763|1096|1493|1317|1069|866|728|517|437|255|158|149|97|44|24|4|1|1|1|0|0,10508
Indiana,SUV,PHEV,2046,0|7|19|38|65|103|162|241|361|532|771|1116|1556|1471|1287|1033|822|674|463|375|208|123|111|69|30|16|2|1|1|0|0,11657
Indiana,SUV,PHEV,2047,0|7|19|38|67|107|164|250|366|542|790|1126|1584|1534|1438|1243|980|761|603|398|307|162|91|79|47|20|10|2|0|0|0,12735
Indiana,SUV,PHEV,2048,0|7|19|37|67|110|170|252|378|548|802|1147|1597|1561|1499|1388|1179|907|681|518|325|238|120|65|54|32|13|7|1|0|0,13722
Indiana,SUV,PHEV,2049,0|7|19|37|66|110|174|260|380|563|808|1159|1619|1573|1526|1448|1317|1092|812|585|423|253|177|85|44|36|21|9|4|1|0,14608
Indiana,SUV,PHEV,2050,0|6|19|37|65|109|174|266|391|563|823|1164|1629|1596|1538|1473|1374|1219|977|697|478|329|187|125|58|30|24|13|6|3|0,15373
Iowa,Car,BEV,2020,0|0|0|0|0|0|0|0|0|0|0|0|0|0|0|0|0|0|0|0|0|0|0|0|0|0|0|0|0|0|0,0
Iowa,Car,BEV,2021,0|0|0|0|0|0|0|0|0|0|0|0|0|0|0|0|0|0|0|0|0|0|0|0|0|0|0|0|0|0|0,0
Iowa,Car,BEV,2022,0|0|0|0|0|0|0|0|0|0|0|0|0|0|0|0|0|0|0|0|0|0|0|0|0|0|0|0|0|0|0,0
Iowa,Car,BEV,2023,0|0|0|0|0|1|0|0|0|1|0|0|0|0|0|0|0|0|0|0|0|0|0|0|0|0|0|0|0|0|0,2
Iowa,Car,BEV,2024,0|0|0|0|0|1|3|0|0|1|3|0|0|0|0|0|0|0|0|0|0|0|0|0|0|0|0|0|0|0|0,8
Iowa,Car,BEV,2025,0|0|0|0|0|0|2|5|0|1|3|5|0|0|0|0|0|0|0|0|0|0|0|0|0|0|0|0|0|0|0,16
Iowa,Car,BEV,2026,0|2|0|0|1|1|1|4|8|1|3|5|7|0|0|0|0|0|0|0|0|0|0|0|0|0|0|0|0|0|0,33
Iowa,Car,BEV,2027,0|2|4|0|1|3|3|3|7|13|3|5|7|7|0|0|0|0|0|0|0|0|0|0|0|0|0|0|0|0|0,58
Iowa,Car,BEV,2028,0|2|6|9|1|3|5|5|5|12|20|5|7|7|7|0|0|0|0|0|0|0|0|0|0|0|0|0|0|0|0,94
Iowa,Car,BEV,2029,0|4|7|12|15|3|5|10|10|10|18|31|8|7|7|6|0|0|0|0|0|0|0|0|0|0|0|0|0|0|0,153
Iowa,Car,BEV,2030,0|5|10|14|21|26|6|10|16|16|16|28|44|8|7|6|6|0|0|0|0|0|0|0|0|0|0|0|0|0|0,239
Iowa,Car,BEV,2031,0|5|11|19|25|35|42|11|17|25|25|24|41|44|8|6|6|6|0|0|0|0|0|0|0|0|0|0|0|0|0,350
Iowa,Car,BEV,2032,0|5|12|21|32|43|55|67|17|27|39|38|34|41|43|7|6|6|5|0|0|0|0|0|0|0|0|0|0|0|0,498
Iowa,Car,BEV,2033,0|6|13|23|37|52|70|86|106|26|43|57|55|34|40|41|7|6|5|4|0|0|0|0|0|0|0|0|0|0|0,711
Iowa,Car,BEV,2034,0|7|15|24|41|62|84|111|136|163|40|63|83|54|33|38|39|6|5|4|4|0|0|0|0|0|0|0|0|0|0,1012
Iowa,Car,BEV,2035,0|7|16|29|43|69|101|134|174|209|247|57|91|81|53|32|36|36|6|4|4|3|0|0|0|0|0|0|0|0|0,1432
Iowa,Car,BEV,2036,0|7|18|33|49|72|111|160|209|267|318|366|82|90|80|51|30|34|32|5|4|3|2|0|0|0|0|0|0|0|0,2023
Iowa,Car,BEV,2037,0|9|20|35|57|82|118|176|248|324|405|471|523|80|88|77|49|28|30|28|4|3|2|1|0|0|0|0|0|0|0,2858
Iowa,Car,BEV,2038,0|10|23|39|61|95|133|189|276|381|492|601|675|515|79|85|73|45|25|26|23|3|2|1|1|0|0|0|0|0|0,3853
Iowa,Car,BEV,2039,0|10|26|45|68|103|155|211|297|427|575|728|861|665|504|76|81|67|40|22|21|18|2|1|1|1|0|0|0|0|0,5005
Iowa,Car,BEV,2040,0|12|27|49|79|113|167|247|331|460|648|850|1044|849|650|487|72|75|60|35|18|16|13|2|1|1|0|0|0|0|0,6306
Iowa,Car,BEV,2041,0|12|30|53|85|132|184|266|386|511|697|961|1217|1029|830|628|462|67|67|52|28|14|12|9|1|1|0|0|0|0|0,7734
Iowa,Car,BEV,2042,0|12|30|58|92|140|211|293|416|594|773|1033|1379|1200|1006|801|595|427|60|57|42|22|10|9|6|1|0|0|0|0|0,9267
Iowa,Car,BEV,2043,0|13|31|59|100|152|224|329|454|638|897|1143|1482|1359|1173|971|760|551|383|51|47|33|16|7|6|4|0|0|0|0|0,10883
Iowa,Car,BEV,2044,0|14|33|60|103|164|242|349|506|692|963|1324|1636|1460|1328|1132|922|704|493|328|42|36|24|12|5|4|3|0|0|0|0,12579
Iowa,Car,BEV,2045,0|15|35|65|106|170|260|376|534|762|1037|1417|1892|1612|1427|1282|1075|853|630|423|269|33|27|17|8|3|3|2|0|0|0,14333
Iowa,Car,BEV,2046,0|15|37|68|114|176|272|402|572|804|1128|1519|2021|1864|1576|1379|1217|995|764|541|346|209|24|19|12|5|2|2|1|0|0,16084
Iowa,Car,BEV,2047,0|15|38|71|118|188|281|422|611|858|1190|1638|2158|1991|1822|1522|1308|1126|890|656|442|269|154|17|13|8|3|1|1|1|0,17812
Iowa,Car,BEV,2048,0|15|39|73|124|194|299|437|643|914|1267|1724|2311|2127|1946|1760|1444|1211|1008|764|536|344|199|110|12|9|5|2|1|1|0,19519
Iowa,Car,BEV,2049,0|15|39|74|126|204|309|462|665|963|1346|1832|2431|2278|2079|1880|1670|1337|1084|865|625|417|254|141|75|8|6|3|1|1|0,21190
Iowa,Car,BEV,2050,0|16|39|75|128|208|324|479|702|997|1419|1943|2577|2396|2226|2008|1784|1546|1197|930|708|486|308|181|97|50|5|4|2|1|0,22836
Iowa,Car,PHEV,2020,0|0|0|0|0|0|0|0|0|0|0|0|0|0|0|0|0|0|0|0|0|0|0|0|0|0|0|0|0|0|0,0
Iowa,Car,PHEV,2021,0|0|0|0|0|0|0|1|0|0|0|0|0|0|0|0|0|0|0|0|0|0|0|0|0|0|0|0|0|0|0,1
Iowa,Car,PHEV,2022,0|0|0|0|0|0|1|0|3|0|0|0|0|0|0|0|0|0|0|0|0|0|0|0|0|0|0|0|0|0|0,4
Iowa,Car,PHEV,2023,0|0|0|0|0|1|1|2|1|5|0|0|0|0|0|0|0|0|0|0|0|0|0|0|0|0|0|0|0|0|0,10
Iowa,Car,PHEV,2024,0|0|0|0|0|0|2|3|4|3|9|0|0|0|0|0|0|0|0|0|0|0|0|0|0|0|0|0|0|0|0,21
Iowa,Car,PHEV,2025,0|0|0|0|0|0|0|4|5|7|5|14|0|0|0|0|0|0|0|0|0|0|0|0|0|0|0|0|0|0|0,35
Iowa,Car,PHEV,2026,0|0|0|0|0|0|0|1|7|10|12|8|20|0|0|0|0|0|0|0|0|0|0|0|0|0|0|0|0|0|0,58
Iowa,Car,PHEV,2027,0|0|0|0|0|0|0|1|3|12|16|18|13|19|0|0|0|0|0|0|0|0|0|0|0|0|0|0|0|0|0,82
Iowa,Car,PHEV,2028,0|0|0|1|0|0|0|1|2|5|18|24|27|13|19|0|0|0|0|0|0|0|0|0|0|0|0|0|0|0|0,110
Iowa,Car,PHEV,2029,0|0|1|1|3|0|0|0|3|4|10|28|34|26|12|18|0|0|0|0|0|0|0|0|0|0|0|0|0|0|0,140
Iowa,Car,PHEV,2030,0|1|1|3|3|6|0|0|1|5|6|16|41|34|26|12|17|0|0|0|0|0|0|0|0|0|0|0|0|0|0,172
Iowa,Car,PHEV,2031,0|1|2|3|6|6|10|0|1|3|10|11|23|41|33|25|11|16|0|0|0|0|0|0|0|0|0|0|0|0|0,202
Iowa,Car,PHEV,2032,0|1|3|4|6|11|11|16|1|2|6|16|17|22|40|32|23|10|14|0|0|0|0|0|0|0|0|0|0|0|0,235
Iowa,Car,PHEV,2033,0|1|3|5|8|11|18|18|25|4|4|11|24|16|22|38|30|22|9|12|0|0|0|0|0|0|0|0|0|0|0,281
Iowa,Car,PHEV,2034,0|1|3|5|10|13|18|29|30|39|7|7|16|23|16|21|36|28|19|8|10|0|0|0|0|0|0|0|0|0|0,339
Iowa,Car,PHEV,2035,0|1|3|7|10|16|22|28|46|47|58|11|12|16|23|16|20|34|25|17|7|8|0|0|0|0|0|0|0|0|0,427
Iowa,Car,PHEV,2036,0|1|3|7|12|16|25|36|45|69|72|85|16|12|15|22|15|18|30|22|14|5|6|0|0|0|0|0|0|0|0,546
Iowa,Car,PHEV,2037,0|2|4|7|12|20|26|39|56|69|102|105|121|16|11|15|21|14|17|26|18|11|4|4|0|0|0|0|0|0|0,720
Iowa,Car,PHEV,2038,0|2|5|8|13|21|31|42|60|85|102|150|150|119|15|11|14|19|12|14|21|14|8|3|3|0|0|0|0|0|0,922
Iowa,Car,PHEV,2039,0|3|5|10|14|22|35|49|67|91|127|151|214|148|116|15|10|13|17|11|12|16|10|6|2|2|0|0|0|0|0,1166
Iowa,Car,PHEV,2040,0|3|6|10|16|23|36|55|78|103|138|187|216|211|145|113|14|10|12|15|9|9|12|7|4|1|1|0|0|0|0,1434
Iowa,Car,PHEV,2041,0|3|6|11|16|27|38|56|85|120|156|205|268|213|206|140|107|13|9|10|12|7|7|9|5|3|1|1|0|0|0,1734
Iowa,Car,PHEV,2042,0|3|7|11|18|27|43|60|88|130|184|232|292|265|208|199|133|99|12|7|8|9|5|5|6|3|2|1|1|0|0,2058
Iowa,Car,PHEV,2043,0|3|7|12|18|29|43|66|93|134|198|270|332|288|259|201|189|123|88|10|6|6|7|4|3|4|2|1|0|0|0,2396
Iowa,Car,PHEV,2044,0|3|7|12|20|29|46|66|101|140|203|292|387|328|281|250|191|175|110|76|8|5|5|5|2|2|3|1|1|0|0,2749
Iowa,Car,PHEV,2045,0|3|7|13|20|32|46|70|100|150|210|299|418|382|320|272|237|177|157|94|62|6|3|3|3|2|1|2|1|0|0,3090
Iowa,Car,PHEV,2046,0|3|7|13|21|32|50|70|106|149|221|308|428|412|373|309|258|219|158|135|77|48|5|2|2|2|1|1|1|1|0,3412
Iowa,Car,PHEV,2047,0|3|7|13|21|34|50|75|106|156|220|319|437|421|403|360|293|239|196|136|110|60|36|3|2|2|1|1|1|1|0,3706
Iowa,Car,PHEV,2048,0|2|7|12|21|34|52|76|112|156|227|318|447|430|412|389|342|272|214|169|111|85|44|25|2|1|1|1|0|0|0,3962
Iowa,Car,PHEV,2049,0|2|6|12|20|34|52|78|113|164|227|325|445|441|420|398|369|317|243|183|138|86|63|32|17|2|1|1|1|0|0,4190
Iowa,Car,PHEV,2050,0|2|5|11|20|32|52|78|116|165|238|326|454|439|431|406|378|341|283|209|150|107|64|45|22|12|1|0|0|0|0,4387
Iowa,SUV,BEV,2020,0|0|0|0|0|0|0|0|0|0|0|0|0|0|0|0|0|0|0|0|0|0|0|0|0|0|0|0|0|0|0,0
Iowa,SUV,BEV,2021,0|0|0|0|0|0|0|0|0|0|0|0|0|0|0|0|0|0|0|0|0|0|0|0|0|0|0|0|0|0|0,0
Iowa,SUV,BEV,2022,0|0|0|0|0|0|0|0|0|0|0|0|0|0|0|0|0|0|0|0|0|0|0|0|0|0|0|0|0|0|0,0
Iowa,SUV,BEV,2023,0|0|0|0|0|0|0|0|0|0|0|0|0|0|0|0|0|0|0|0|0|0|0|0|0|0|0|0|0|0|0,0
Iowa,SUV,BEV,2024,0|0|0|0|0|0|0|0|0|0|0|0|0|0|0|0|0|0|0|0|0|0|0|0|0|0|0|0|0|0|0,0
Iowa,SUV,BEV,2025,0|1|1|1|1|0|0|0|0|0|0|0|0|0|0|0|0|0|0|0|0|0|0|0|0|0|0|0|0|0|0,4
Iowa,SUV,BEV,2026,0|2|3|3|3|3|1|0|1|1|0|0|0|0|0|0|0|0|0|0|0|0|0|0|0|0|0|0|0|0|0,17
Iowa,SUV,BEV,2027,0|3|7|5|5|5|5|3|1|2|3|1|0|0|0|0|0|0|0|0|0|0|0|0|0|0|0|0|0|0|0,40
Iowa,SUV,BEV,2028,0|5|8|13|10|10|10|10|5|3|4|5|3|0|0|0|0|0|0|0|0|0|0|0|0|0|0|0|0|0|0,86
Iowa,SUV,BEV,2029,0|6|11|16|22|16|17|16|16|10|5|6|8|3|0|0|0|0|0|0|0|0|0|0|0|0|0|0|0|0|0,152
Iowa,SUV,BEV,2030,0|6|15|22|28|37|25|28|27|25|16|7|11|8|3|0|0|0|0|0|0|0|0|0|0|0|0|0|0|0|0,258
Iowa,SUV,BEV,2031,0|8|16|28|38|47|59|39|46|43|39|24|12|11|8|3|0|0|0|0|0|0|0|0|0|0|0|0|0|0|0,421
Iowa,SUV,BEV,2032,0|9|19|32|48|63|76|92|61|73|66|58|34|12|10|7|3|0|0|0|0|0|0|0|0|0|0|0|0|0|0,663
Iowa,SUV,BEV,2033,0|9|23|37|57|79|104|122|145|94|111|98|85|34|11|10|7|2|0|0|0|0|0|0|0|0|0|0|0|0|0,1028
Iowa,SUV,BEV,2034,0|12|25|43|66|95|129|165|191|222|141|166|142|83|33|11|10|6|2|0|0|0|0|0|0|0|0|0|0|0|0,1542
Iowa,SUV,BEV,2035,0|13|30|49|75|112|156|206|258|296|337|209|239|140|81|32|10|9|6|2|0|0|0|0|0|0|0|0|0|0|0,2260
Iowa,SUV,BEV,2036,0|15|34|59|87|127|184|249|324|398|450|500|298|235|136|79|30|10|8|5|2|0|0|0|0|0|0|0|0|0|0,3230
Iowa,SUV,BEV,2037,0|17|37|67|104|146|206|295|391|501|603|668|718|294|230|132|75|28|9|7|4|1|0|0|0|0|0|0|0|0|0,4533
Iowa,SUV,BEV,2038,0|18|43|74|117|175|238|328|463|604|761|893|959|707|287|222|125|69|25|7|6|3|1|0|0|0|0|0|0|0|0,6125
Iowa,SUV,BEV,2039,0|19|47|84|130|195|285|379|516|715|917|1126|1280|945|691|277|211|116|62|22|6|4|2|1|0|0|0|0|0|0|0,8030
Iowa,SUV,BEV,2040,0|20|49|90|147|218|317|454|594|797|1085|1360|1616|1262|924|668|263|195|104|53|18|5|3|2|0|0|0|0|0|0|0,10244
Iowa,SUV,BEV,2041,0|22|52|96|158|243|353|503|710|916|1208|1607|1950|1592|1233|892|634|243|175|89|43|14|3|2|1|0|0|0|0|0|0,12739
Iowa,SUV,BEV,2042,0|24|57|103|169|261|390|557|785|1093|1385|1788|2305|1922|1556|1191|846|586|218|150|73|34|10|2|2|1|0|0|0|0|0,15508
Iowa,SUV,BEV,2043,0|24|60|110|180|280|419|613|865|1206|1653|2046|2564|2271|1878|1503|1130|783|525|187|123|56|25|7|2|1|0|0|0|0|0,18511
Iowa,SUV,BEV,2044,0|25|63|115|191|299|449|656|946|1320|1817|2439|2927|2526|2220|1814|1426|1046|701|451|153|95|42|18|5|1|1|0|0|0|0,21746
Iowa,SUV,BEV,2045,0|28|65|122|201|316|478|702|1010|1438|1981|2675|3488|2885|2469|2144|1721|1320|936|602|368|119|71|30|12|3|1|0|0|0|0,25185
Iowa,SUV,BEV,2046,0|28|69|127|211|331|504|745|1078|1531|2145|2906|3817|3437|2820|2385|2035|1593|1182|804|492|286|88|50|20|8|2|0|0|0|0,28694
Iowa,SUV,BEV,2047,0|28|71|133|221|346|525|787|1140|1628|2279|3132|4134|3761|3359|2723|2263|1883|1426|1014|657|382|212|62|34|14|5|1|0|0|0,32220
Iowa,SUV,BEV,2048,0|29|72|137|232|364|550|815|1201|1716|2416|3319|4439|4073|3677|3244|2584|2094|1686|1224|829|511|283|150|43|23|9|3|1|0|0,35724
Iowa,SUV,BEV,2049,0|30|75|141|238|382|579|854|1241|1804|2541|3509|4698|4374|3981|3551|3079|2392|1875|1447|1001|644|378|201|103|29|15|6|2|1|0,39171
Iowa,SUV,BEV,2050,0|30|76|145|246|392|606|897|1299|1859|2666|3683|4953|4629|4276|3845|3369|2850|2141|1609|1183|778|477|268|138|69|19|10|4|1|0,42518
Iowa,SUV,PHEV,2020,0|0|0|0|0|0|0|0|0|0|0|0|0|0|0|0|0|0|0|0|0|0|0|0|0|0|0|0|0|0|0,0
Iowa,SUV,PHEV,2021,0|0|0|0|0|0|0|0|0|0|0|0|0|0|0|0|0|0|0|0|0|0|0|0|0|0|0|0|0|0|0,0
Iowa,SUV,PHEV,2022,0|0|0|0|0|0|0|0|0|0|0|0|0|0|0|0|0|0|0|0|0|0|0|0|0|0|0|0|0|0|0,0
Iowa,SUV,PHEV,2023,0|0|0|0|0|0|0|0|0|0|0|0|0|0|0|0|0|0|0|0|0|0|0|0|0|0|0|0|0|0|0,0
Iowa,SUV,PHEV,2024,0|0|0|0|0|0|0|0|0|0|0|0|0|0|0|0|0|0|0|0|0|0|0|0|0|0|0|0|0|0|0,0
Iowa,SUV,PHEV,2025,0|0|0|0|1|0|0|0|1|1|1|1|0|0|0|0|0|0|0|0|0|0|0|0|0|0|0|0|0|0|0,5
Iowa,SUV,PHEV,2026,0|0|1|1|1|3|0|0|1|2|3|2|2|0|0|0|0|0|0|0|0|0|0|0|0|0|0|0|0|0|0,16
Iowa,SUV,PHEV,2027,0|0|0|3|3|3|5|1|0|2|4|5|4|2|0|0|0|0|0|0|0|0|0|0|0|0|0|0|0|0|0,32
Iowa,SUV,PHEV,2028,0|1|1|1|5|5|6|10|3|1|4|6|9|4|2|0|0|0|0|0|0|0|0|0|0|0|0|0|0|0|0,58
Iowa,SUV,PHEV,2029,0|1|3|3|3|9|10|11|16|5|3|6|10|9|4|2|0|0|0|0|0|0|0|0|0|0|0|0|0|0|0,95
Iowa,SUV,PHEV,2030,0|2|3|5|6|7|15|17|18|25|8|5|11|10|9|4|2|0|0|0|0|0|0|0|0|0|0|0|0|0|0,147
Iowa,SUV,PHEV,2031,0|2|4|5|10|11|12|24|28|29|38|13|8|11|9|8|3|2|0|0|0|0|0|0|0|0|0|0|0|0|0,217
Iowa,SUV,PHEV,2032,0|2|4|8|10|16|18|20|37|45|46|55|19|8|10|9|8|3|1|0|0|0|0|0|0|0|0|0|0|0|0,319
Iowa,SUV,PHEV,2033,0|3|5|9|14|17|25|28|31|57|70|69|80|18|8|10|9|7|3|1|0|0|0|0|0|0|0|0|0|0|0,464
Iowa,SUV,PHEV,2034,0|3|7|10|16|23|27|41|44|49|85|105|99|78|18|7|10|8|6|2|1|0|0|0|0|0|0|0|0|0|0,639
Iowa,SUV,PHEV,2035,0|3|8|13|17|25|37|43|64|68|75|126|152|98|77|17|7|9|7|6|2|1|0|0|0|0|0|0|0|0|0,855
Iowa,SUV,PHEV,2036,0|3|9|15|22|29|42|57|68|98|101|112|179|150|96|74|17|6|8|6|5|2|1|0|0|0|0|0|0|0|0,1100
Iowa,SUV,PHEV,2037,0|3|9|16|26|37|47|66|88|105|148|150|160|176|147|92|70|15|6|7|5|4|1|0|0|0|0|0|0|0|0,1378
Iowa,SUV,PHEV,2038,0|3|9|16|27|43|60|76|103|135|158|219|215|158|172|142|88|65|14|5|6|4|3|1|0|0|0|0|0|0|0,1722
Iowa,SUV,PHEV,2039,0|4|9|16|27|45|69|95|120|157|205|234|314|212|154|166|135|81|58|12|4|4|3|2|1|0|0|0|0|0|0,2127
Iowa,SUV,PHEV,2040,0|4|10|17|29|45|72|109|148|184|235|303|333|309|207|149|158|125|73|50|10|3|3|2|1|0|0|0|0|0|0,2579
Iowa,SUV,PHEV,2041,0|4|10|18|30|47|73|113|168|226|279|346|434|328|302|200|141|146|111|62|41|7|2|2|1|1|0|0|0|0|0,3092
Iowa,SUV,PHEV,2042,0|4|10|19|32|48|75|114|175|255|339|412|495|427|321|292|190|131|131|96|51|32|6|2|2|1|1|0|0|0|0,3661
Iowa,SUV,PHEV,2043,0|4|10|19|33|51|77|116|177|265|381|497|588|487|418|310|277|176|117|112|78|40|24|4|1|1|1|0|0|0|0,4264
Iowa,SUV,PHEV,2044,0|4|10|19|34|53|80|121|180|270|396|558|707|579|476|403|294|256|157|101|92|61|29|17|3|1|1|0|0|0|0,4902
Iowa,SUV,PHEV,2045,0|4|11|20|33|54|82|124|186|273|403|580|792|697|566|460|383|272|229|135|82|71|45|21|11|2|0|0|0|0|0,5536
Iowa,SUV,PHEV,2046,0|4|11|21|35|54|85|126|189|281|407|590|824|780|681|547|437|354|244|197|111|64|53|32|14|8|1|0|0|0|0,6150
Iowa,SUV,PHEV,2047,0|4|10|21|37|57|85|131|191|286|416|596|836|812|762|658|519|404|317|209|161|86|47|38|22|10|5|1|0|0|0,6721
Iowa,SUV,PHEV,2048,0|4|10|20|37|59|90|132|198|288|422|606|845|824|794|736|624|480|362|272|171|125|64|34|26|15|6|3|0|0|0,7247
Iowa,SUV,PHEV,2049,0|4|10|20|35|60|92|138|199|297|424|611|855|832|805|766|699|578|430|310|223|133|93|45|23|17|10|4|2|0|0,7715
Iowa,SUV,PHEV,2050,0|4|10|19|35|57|94|141|207|296|435|613|859|843|813|777|727|647|517|369|254|173|98|66|31|15|11|6|3|1|0,8121
Kansas,Car,BEV,2020,0|0|0|0|0|0|0|0|0|0|0|0|0|0|0|0|0|0|0|0|0|0|0|0|0|0|0|0|0|0|0,0
Kansas,Car,BEV,2021,0|0|0|0|0|0|0|0|0|0|0|0|0|0|0|0|0|0|0|0|0|0|0|0|0|0|0|0|0|0|0,0
Kansas,Car,BEV,2022,0|0|0|0|1|0|0|0|1|0|0|0|0|0|0|0|0|0|0|0|0|0|0|0|0|0|0|0|0|0|0,2
Kansas,Car,BEV,2023,0|0|0|0|0|3|0|0|1|3|0|0|0|0|0|0|0|0|0|0|0|0|0|0|0|0|0|0|0|0|0,7
Kansas,Car,BEV,2024,0|0|0|0|0|1|5|0|1|3|5|0|0|0|0|0|0|0|0|0|0|0|0|0|0|0|0|0|0|0|0,15
Kansas,Car,BEV,2025,0|0|0|0|1|1|3|8|1|3|5|9|0|0|0|0|0|0|0|0|0|0|0|0|0|0|0|0|0|0|0,31
Kansas,Car,BEV,2026,0|2|0|1|1|2|3|5|13|3|5|9|14|0|0|0|0|0|0|0|0|0|0|0|0|0|0|0|0|0|0,58
Kansas,Car,BEV,2027,0|2|4|0|3|3|4|5|10|21|5|9|14|14|0|0|0|0|0|0|0|0|0|0|0|0|0|0|0|0|0,94
Kansas,Car,BEV,2028,0|2|6|9|1|5|7|8|9|16|32|10|14|14|13|0|0|0|0|0|0|0|0|0|0|0|0|0|0|0|0,146
Kansas,Car,BEV,2029,0|4|7|11|15|3|9|12|13|14|26|48|15|14|13|13|0|0|0|0|0|0|0|0|0|0|0|0|0|0|0,217
Kansas,Car,BEV,2030,0|5|9|14|20|25|6|15|19|21|22|41|69|15|13|13|12|0|0|0|0|0|0|0|0|0|0|0|0|0|0,319
Kansas,Car,BEV,2031,0|5|12|18|25|34|41|11|24|30|32|33|60|68|14|13|12|11|0|0|0|0|0|0|0|0|0|0|0|0|0,443
Kansas,Car,BEV,2032,0|5|12|21|32|43|54|66|18|38|47|48|47|59|66|14|12|11|10|0|0|0|0|0|0|0|0|0|0|0|0,603
Kansas,Car,BEV,2033,0|5|12|23|37|52|69|85|104|29|57|70|69|47|58|64|13|11|10|9|0|0|0|0|0|0|0|0|0|0|0,824
Kansas,Car,BEV,2034,0|7|14|23|41|61|83|110|133|159|46|84|100|68|45|56|61|12|10|9|7|0|0|0|0|0|0|0|0|0|0,1129
Kansas,Car,BEV,2035,0|7|16|28|41|69|99|133|172|204|240|68|120|99|66|44|53|56|11|9|7|5|0|0|0|0|0|0|0|0|0,1547
Kansas,Car,BEV,2036,0|7|18|32|48|70|111|157|207|263|309|355|98|118|97|64|42|49|50|9|7|5|4|0|0|0|0|0|0|0|0,2120
Kansas,Car,BEV,2037,0|8|20|35|55|80|115|176|244|319|397|457|508|97|116|93|61|39|44|43|8|5|4|3|0|0|0|0|0|0|0,2927
Kansas,Car,BEV,2038,0|9|22|38|61|92|130|185|275|376|484|588|655|501|95|112|89|56|35|38|35|6|4|3|2|0|0|0|0|0|0,3891
Kansas,Car,BEV,2039,0|10|24|44|67|102|150|207|291|424|568|716|843|645|490|91|106|82|50|30|31|27|4|3|2|1|0|0|0|0|0,5008
Kansas,Car,BEV,2040,0|10|25|46|76|111|164|239|323|450|643|839|1027|830|631|473|87|98|73|43|24|24|20|3|2|1|1|0|0|0|0,6263
Kansas,Car,BEV,2041,0|12|28|50|80|127|179|260|373|498|683|951|1201|1012|812|609|449|80|88|63|35|19|18|14|2|1|1|1|0|0|0,7646
Kansas,Car,BEV,2042,0|12|30|54|87|133|203|282|404|574|754|1011|1362|1183|989|784|578|415|72|75|51|27|14|13|10|1|1|1|0|0|0,9120
Kansas,Car,BEV,2043,0|12|30|57|95|143|213|315|436|619|867|1113|1449|1342|1156|955|744|535|372|62|62|40|20|10|9|7|1|1|0|0|0,10665
Kansas,Car,BEV,2044,0|13|30|59|98|155|229|332|484|664|932|1278|1593|1427|1312|1117|906|688|479|319|50|48|30|14|7|6|4|1|0|0|0,12275
Kansas,Car,BEV,2045,0|14|34|59|102|162|246|355|509|729|994|1369|1827|1570|1395|1267|1060|839|616|411|261|39|35|21|10|5|4|3|0|0|0,13936
Kansas,Car,BEV,2046,0|14|35|65|104|167|258|380|543|766|1080|1456|1952|1800|1534|1347|1202|981|751|529|336|203|29|25|14|7|3|2|2|0|0,15585
Kansas,Car,BEV,2047,0|14|35|68|112|172|267|399|578|815|1133|1566|2068|1923|1760|1482|1279|1113|878|644|433|261|150|21|17|10|4|2|2|1|0,17207
Kansas,Car,BEV,2048,0|14|35|68|118|184|275|412|606|864|1201|1643|2209|2037|1880|1700|1406|1183|996|754|527|336|193|107|14|12|6|3|1|1|1,18786
Kansas,Car,BEV,2049,0|15|35|68|118|193|292|427|625|905|1271|1735|2315|2177|1992|1816|1613|1301|1059|855|616|409|249|137|73|9|8|4|2|1|1,20321
Kansas,Car,BEV,2050,0|15|36|68|119|194|306|452|651|933|1331|1833|2439|2281|2128|1923|1723|1493|1165|909|699|479|303|177|94|49|6|5|3|1|1,21816
Kansas,Car,PHEV,2020,0|0|0|0|0|0|0|0|0|0|0|0|0|0|0|0|0|0|0|0|0|0|0|0|0|0|0|0|0|0|0,0
Kansas,Car,PHEV,2021,0|0|0|0|0|0|0|1|0|0|0|0|0|0|0|0|0|0|0|0|0|0|0|0|0|0|0|0|0|0|0,1
Kansas,Car,PHEV,2022,0|0|0|0|0|0|0|0|2|0|0|0|0|0|0|0|0|0|0|0|0|0|0|0|0|0|0|0|0|0|0,2
Kansas,Car,PHEV,2023,0|0|0|0|0|0|1|1|1|4|0|0|0|0|0|0|0|0|0|0|0|0|0|0|0|0|0|0|0|0|0,7
Kansas,Car,PHEV,2024,0|0|0|0|0|0|1|2|3|2|6|0|0|0|0|0|0|0|0|0|0|0|0|0|0|0|0|0|0|0|0,14
Kansas,Car,PHEV,2025,0|0|0|0|0|0|0|3|4|5|4|11|0|0|0|0|0|0|0|0|0|0|0|0|0|0|0|0|0|0|0,27
Kansas,Car,PHEV,2026,0|0|0|0|0|0|0|1|5|7|10|6|17|0|0|0|0|0|0|0|0|0|0|0|0|0|0|0|0|0|0,46
Kansas,Car,PHEV,2027,0|0|0|0|0|0|0|0|3|10|12|16|10|16|0|0|0|0|0|0|0|0|0|0|0|0|0|0|0|0|0,67
Kansas,Car,PHEV,2028,0|0|0|1|0|0|0|1|1|5|16|18|23|10|16|0|0|0|0|0|0|0|0|0|0|0|0|0|0|0|0,91
Kansas,Car,PHEV,2029,0|0|1|1|2|0|0|0|3|3|9|25|27|22|9|16|0|0|0|0|0|0|0|0|0|0|0|0|0|0|0,118
Kansas,Car,PHEV,2030,0|0|1|3|3|5|0|0|1|5|5|14|36|26|22|9|15|0|0|0|0|0|0|0|0|0|0|0|0|0|0,145
Kansas,Car,PHEV,2031,0|1|1|3|6|6|9|0|0|3|10|10|20|36|26|21|9|14|0|0|0|0|0|0|0|0|0|0|0|0|0,175
Kansas,Car,PHEV,2032,0|1|3|3|6|11|11|15|1|1|5|16|15|19|35|25|20|8|12|0|0|0|0|0|0|0|0|0|0|0|0,207
Kansas,Car,PHEV,2033,0|1|3|5|7|11|18|18|23|3|3|9|23|15|19|34|23|18|7|11|0|0|0|0|0|0|0|0|0|0|0,251
Kansas,Car,PHEV,2034,0|1|3|5|9|12|18|27|28|35|6|6|14|22|14|18|32|22|17|6|9|0|0|0|0|0|0|0|0|0|0,304
Kansas,Car,PHEV,2035,0|1|3|5|10|15|20|27|41|45|53|10|10|14|22|14|17|30|19|14|5|7|0|0|0|0|0|0|0|0|0,382
Kansas,Car,PHEV,2036,0|1|3|7|10|16|24|32|43|63|68|77|15|10|13|21|13|16|27|17|12|4|5|0|0|0|0|0|0|0|0,497
Kansas,Car,PHEV,2037,0|2|4|7|12|17|25|38|50|66|93|98|110|15|9|13|20|12|14|23|14|9|3|4|0|0|0|0|0|0|0,658
Kansas,Car,PHEV,2038,0|2|5|8|12|20|28|40|58|78|97|138|140|109|14|9|12|18|11|12|19|11|7|2|2|0|0|0|0|0|0,852
Kansas,Car,PHEV,2039,0|2|5|10|14|20|31|46|62|87|118|142|197|138|106|14|9|11|17|9|10|15|8|5|1|2|0|0|0|0|0,1079
Kansas,Car,PHEV,2040,0|2|5|10|16|22|32|49|72|96|130|175|203|194|134|102|13|8|10|14|8|8|11|6|3|1|1|0|0|0|0,1325
Kansas,Car,PHEV,2041,0|2|5|10|16|25|35|50|78|112|145|193|250|200|189|130|97|12|7|9|12|6|6|8|4|2|1|1|0|0|0,1605
Kansas,Car,PHEV,2042,0|2|6|10|16|25|38|54|79|120|169|215|275|246|195|183|123|90|11|6|7|9|4|4|5|3|1|0|0|0|0,1896
Kansas,Car,PHEV,2043,0|2|6|11|16|25|39|58|83|121|183|249|309|271|241|188|174|114|81|9|5|5|7|3|3|4|2|1|0|0|0,2210
Kansas,Car,PHEV,2044,0|2|6|11|17|26|40|60|89|126|185|269|357|304|265|232|179|161|102|69|8|4|4|5|2|2|2|1|1|0|0,2529
Kansas,Car,PHEV,2045,0|2|6|11|17|27|41|62|90|134|190|272|385|352|297|256|220|165|144|88|57|6|3|3|3|1|1|2|1|0|0,2836
Kansas,Car,PHEV,2046,0|2|6|11|18|27|42|63|93|134|199|278|389|380|344|287|243|204|148|123|72|44|4|2|2|2|1|1|1|0|0,3120
Kansas,Car,PHEV,2047,0|2|6|11|18|29|42|64|94|138|198|287|396|384|371|332|273|225|183|127|101|56|33|3|1|1|1|1|1|1|0,3379
Kansas,Car,PHEV,2048,0|2|6|11|18|29|45|65|96|139|202|285|403|390|375|359|315|252|201|157|104|78|41|23|2|1|1|1|0|0|0,3601
Kansas,Car,PHEV,2049,0|2|5|11|17|29|45|68|97|142|204|289|401|397|382|362|340|292|226|173|128|81|58|29|16|1|1|1|1|0|0,3798
Kansas,Car,PHEV,2050,0|2|5|9|17|28|45|69|101|142|208|292|405|395|388|369|344|315|261|194|141|100|60|41|20|11|1|0|0|0|0,3963
Kansas,SUV,BEV,2020,0|0|0|0|0|0|0|0|0|0|0|0|0|0|0|0|0|0|0|0|0|0|0|0|0|0|0|0|0|0|0,0
Kansas,SUV,BEV,2021,0|0|0|0|0|0|0|0|0|0|0|0|0|0|0|0|0|0|0|0|0|0|0|0|0|0|0|0|0|0|0,0
Kansas,SUV,BEV,2022,0|0|0|0|0|0|0|0|0|0|0|0|0|0|0|0|0|0|0|0|0|0|0|0|0|0|0|0|0|0|0,0
Kansas,SUV,BEV,2023,0|0|0|0|0|0|0|0|0|0|0|0|0|0|0|0|0|0|0|0|0|0|0|0|0|0|0|0|0|0|0,0
Kansas,SUV,BEV,2024,0|1|1|1|0|0|0|0|0|0|0|0|0|0|0|0|0|0|0|0|0|0|0|0|0|0|0|0|0|0|0,3
Kansas,SUV,BEV,2025,0|1|3|3|2|1|0|1|1|0|0|0|0|0|0|0|0|0|0|0|0|0|0|0|0|0|0|0|0|0|0,12
Kansas,SUV,BEV,2026,0|2|3|5|5|4|3|1|2|3|1|0|0|0|0|0|0|0|0|0|0|0|0|0|0|0|0|0|0|0|0,29
Kansas,SUV,BEV,2027,0|2|6|5|10|9|7|5|2|4|5|3|1|0|0|0|0|0|0|0|0|0|0|0|0|0|0|0|0|0|0,59
Kansas,SUV,BEV,2028,0|5|7|11|10|16|15|12|9|4|6|10|5|1|0|0|0|0|0|0|0|0|0|0|0|0|0|0|0|0|0,111
Kansas,SUV,BEV,2029,0|5|11|13|20|17|25|24|20|14|6|11|16|5|1|0|0|0|0|0|0|0|0|0|0|0|0|0|0|0|0,188
Kansas,SUV,BEV,2030,0|6|11|20|24|33|28|40|37|31|22|11|17|16|5|1|0|0|0|0|0|0|0|0|0|0|0|0|0|0|0,302
Kansas,SUV,BEV,2031,0|6|15|22|35|41|53|46|62|57|49|33|17|16|15|5|1|0|0|0|0|0|0|0|0|0|0|0|0|0|0,473
Kansas,SUV,BEV,2032,0|7|16|29|40|57|68|84|73|95|85|73|47|16|16|15|4|1|0|0|0|0|0|0|0|0|0|0|0|0|0,726
Kansas,SUV,BEV,2033,0|8|18|32|50|68|92|109|131|114|144|126|105|47|16|16|14|4|1|0|0|0|0|0|0|0|0|0|0|0|0,1095
Kansas,SUV,BEV,2034,0|9|21|36|57|83|111|145|172|202|174|213|180|104|45|16|15|13|4|1|0|0|0|0|0|0|0|0|0|0|0,1601
Kansas,SUV,BEV,2035,0|11|25|42|64|97|135|178|227|265|306|259|305|177|101|44|15|14|12|3|1|0|0|0|0|0|0|0|0|0|0,2281
Kansas,SUV,BEV,2036,0|13|28|49|74|107|158|216|280|351|402|452|373|300|173|98|42|14|12|10|3|0|0|0|0|0|0|0|0|0|0,3155
Kansas,SUV,BEV,2037,0|13|32|55|87|123|174|253|338|434|531|597|648|367|294|167|93|39|12|11|8|2|0|0|0|0|0|0|0|0|0,4278
Kansas,SUV,BEV,2038,0|15|34|61|96|146|199|278|397|523|660|788|857|639|359|284|159|86|35|11|9|6|1|0|0|0|0|0|0|0|0,5643
Kansas,SUV,BEV,2039,0|17|38|66|107|160|237|316|435|613|793|979|1130|844|624|347|269|147|77|30|9|7|5|1|0|0|0|0|0|0|0,7251
Kansas,SUV,BEV,2040,0|18|42|73|118|178|260|376|495|672|931|1175|1405|1113|825|603|329|249|132|66|24|7|5|3|1|0|0|0|0|0|0,9100
Kansas,SUV,BEV,2041,0|18|44|81|128|197|288|413|587|763|1017|1377|1685|1385|1088|797|572|305|223|113|54|19|5|4|2|0|0|0|0|0|0,11165
Kansas,SUV,BEV,2042,0|18|46|85|141|212|317|454|644|902|1152|1503|1974|1660|1354|1051|756|529|273|191|92|42|14|4|2|2|0|0|0|0|0,13418
Kansas,SUV,BEV,2043,0|19|47|89|149|231|340|497|704|987|1360|1699|2152|1945|1622|1307|997|700|474|234|156|72|31|10|2|2|1|0|0|0|0,15827
Kansas,SUV,BEV,2044,0|21|48|91|155|245|368|532|768|1073|1484|2002|2430|2120|1901|1567|1240|923|626|407|191|122|53|22|7|2|1|1|0|0|0,18400
Kansas,SUV,BEV,2045,0|22|53|95|159|255|391|572|818|1165|1608|2182|2858|2394|2072|1836|1487|1148|826|538|333|149|90|38|15|5|1|1|0|0|0,21111
Kansas,SUV,BEV,2046,0|22|56|103|167|263|408|607|876|1239|1737|2356|3108|2816|2340|2001|1742|1376|1028|709|440|258|110|64|26|10|3|1|0|0|0,23866
Kansas,SUV,BEV,2047,0|23|56|108|179|277|420|635|927|1318|1843|2534|3348|3063|2752|2260|1899|1612|1232|882|580|342|191|78|44|17|7|2|0|0|0,26629
Kansas,SUV,BEV,2048,0|23|58|109|187|294|441|652|967|1392|1953|2682|3589|3299|2994|2658|2145|1758|1443|1057|721|451|253|136|54|29|11|4|1|0|0,29361
Kansas,SUV,BEV,2049,0|24|60|112|191|308|467|684|992|1450|2055|2832|3791|3536|3225|2891|2522|1985|1573|1239|865|561|334|180|93|36|19|7|3|1|0,32036
Kansas,SUV,BEV,2050,0|24|61|116|195|314|488|723|1039|1486|2139|2975|3994|3736|3457|3114|2744|2334|1777|1351|1013|672|415|237|123|62|24|13|5|2|1,34634
Kansas,SUV,PHEV,2020,0|0|0|0|0|0|0|0|0|0|0|0|0|0|0|0|0|0|0|0|0|0|0|0|0|0|0|0|0|0|0,0
Kansas,SUV,PHEV,2021,0|0|0|0|0|0|0|0|0|0|0|0|0|0|0|0|0|0|0|0|0|0|0|0|0|0|0|0|0|0|0,0
Kansas,SUV,PHEV,2022,0|0|0|0|0|0|0|0|0|0|0|0|0|0|0|0|0|0|0|0|0|0|0|0|0|0|0|0|0|0|0,0
Kansas,SUV,PHEV,2023,0|0|0|0|0|0|0|0|0|0|0|0|0|0|0|0|0|0|0|0|0|0|0|0|0|0|0|0|0|0|0,0
Kansas,SUV,PHEV,2024,0|0|0|0|0|0|0|0|0|0|0|0|0|0|0|0|0|0|0|0|0|0|0|0|0|0|0|0|0|0|0,0
Kansas,SUV,PHEV,2025,0|0|0|0|1|0|0|0|0|1|0|0|0|0|0|0|0|0|0|0|0|0|0|0|0|0|0|0|0|0|0,2
Kansas,SUV,PHEV,2026,0|0|1|1|1|3|0|0|0|1|3|1|1|0|0|0|0|0|0|0|0|0|0|0|0|0|0|0|0|0|0,12
Kansas,SUV,PHEV,2027,0|0|0|2|3|3|5|1|0|1|3|5|3|1|0|0|0|0|0|0|0|0|0|0|0|0|0|0|0|0|0,27
Kansas,SUV,PHEV,2028,0|1|1|1|4|5|5|9|2|1|3|5|7|3|1|0|0|0|0|0|0|0|0|0|0|0|0|0|0|0|0,48
Kansas,SUV,PHEV,2029,0|1|2|3|3|8|10|10|14|4|3|5|7|7|3|1|0|0|0|0|0|0|0|0|0|0|0|0|0|0|0,81
Kansas,SUV,PHEV,2030,0|1|3|4|5|5|13|16|16|22|6|5|9|7|7|3|1|0|0|0|0|0|0|0|0|0|0|0|0|0|0,123
Kansas,SUV,PHEV,2031,0|1|3|5|8|9|10|21|27|26|33|11|7|9|7|6|3|1|0|0|0|0|0|0|0|0|0|0|0|0|0,187
Kansas,SUV,PHEV,2032,0|2|3|5|9|13|15|17|32|43|41|49|17|7|9|6|6|2|1|0|0|0|0|0|0|0|0|0|0|0|0,277
Kansas,SUV,PHEV,2033,0|2|5|7|10|15|21|24|27|50|65|60|71|16|7|8|6|6|2|1|0|0|0|0|0|0|0|0|0|0|0,403
Kansas,SUV,PHEV,2034,0|3|5|10|12|17|24|34|38|43|76|96|89|70|16|6|8|6|5|2|1|0|0|0|0|0|0|0|0|0|0,561
Kansas,SUV,PHEV,2035,0|3|7|11|16|20|28|38|53|58|65|115|140|87|68|16|6|7|5|4|2|0|0|0|0|0|0|0|0|0|0,749
Kansas,SUV,PHEV,2036,0|3|7|13|18|25|33|46|58|82|86|95|164|138|85|66|15|6|6|4|4|1|0|0|0|0|0|0|0|0|0,955
Kansas,SUV,PHEV,2037,0|3|7|13|21|30|40|52|73|88|124|127|137|162|135|82|62|14|5|6|4|3|1|0|0|0|0|0|0|0|0,1189
Kansas,SUV,PHEV,2038,0|3|7|13|22|34|48|64|81|112|132|184|182|135|158|130|78|58|12|4|5|3|2|1|0|0|0|0|0|0|0,1468
Kansas,SUV,PHEV,2039,0|3|8|13|22|36|54|76|99|124|168|195|264|179|132|153|123|72|52|11|4|4|2|1|0|0|0|0|0|0|0,1795
Kansas,SUV,PHEV,2040,0|3|8|14|22|36|57|85|118|151|189|248|279|260|175|127|145|114|65|44|9|3|3|1|1|0|0|0|0|0|0,2157
Kansas,SUV,PHEV,2041,0|3|8|14|23|36|57|88|131|179|226|278|356|275|254|169|121|134|102|56|36|7|2|2|1|1|0|0|0|0|0,2559
Kansas,SUV,PHEV,2042,0|4|8|14|24|38|58|88|136|198|268|331|398|351|269|245|161|112|120|88|45|28|5|1|1|1|0|0|0|0|0,2992
Kansas,SUV,PHEV,2043,0|4|9|14|24|40|61|90|136|205|297|393|471|392|343|260|233|149|100|103|72|35|21|4|1|1|0|0|0|0|0,3458
Kansas,SUV,PHEV,2044,0|4|9|15|24|40|63|94|139|207|307|434|558|464|384|331|247|215|133|86|84|56|26|15|2|1|1|0|0|0|0,3939
Kansas,SUV,PHEV,2045,0|4|9|16|26|40|63|97|144|212|310|449|616|550|454|370|314|228|193|114|70|66|41|19|10|2|0|0|0|0|0,4417
Kansas,SUV,PHEV,2046,0|4|9|16|27|43|64|97|148|217|316|453|637|607|538|438|352|291|204|165|93|55|48|29|13|7|1|0|0|0|0,4872
Kansas,SUV,PHEV,2047,0|4|9|16|28|45|67|99|148|222|322|460|644|628|594|520|416|325|260|175|135|73|40|34|20|9|4|1|0|0|0,5298
Kansas,SUV,PHEV,2048,0|4|9|16|28|46|70|103|151|221|327|466|651|635|614|573|493|385|291|223|143|105|54|29|24|13|6|3|0|0|0,5683
Kansas,SUV,PHEV,2049,0|4|9|16|28|46|72|107|155|226|325|471|658|641|620|593|544|456|344|250|183|111|78|38|20|16|9|4|2|0|0,6026
Kansas,SUV,PHEV,2050,0|3|9|16|27|46|72|110|160|229|332|469|662|648|627|599|562|504|408|296|204|142|82|55|26|13|10|6|2|1|0,6320
Kentucky,Car,BEV,2020,0|0|0|0|0|0|0|0|0|0|0|0|0|0|0|0|0|0|0|0|0|0|0|0|0|0|0|0|0|0|0,0
Kentucky,Car,BEV,2021,0|0|0|0|0|0|0|0|0|0|0|0|0|0|0|0|0|0|0|0|0|0|0|0|0|0|0|0|0|0|0,0
Kentucky,Car,BEV,2022,0|0|0|0|0|0|0|0|1|0|0|0|0|0|0|0|0|0|0|0|0|0|0|0|0|0|0|0|0|0|0,1
Kentucky,Car,BEV,2023,0|0|0|0|0|1|0|0|1|2|0|0|0|0|0|0|0|0|0|0|0|0|0|0|0|0|0|0|0|0|0,4
Kentucky,Car,BEV,2024,0|0|0|0|0|1|3|0|1|2|4|0|0|0|0|0|0|0|0|0|0|0|0|0|0|0|0|0|0|0|0,11
Kentucky,Car,BEV,2025,0|0|0|0|0|0|3|5|1|2|4|6|0|0|0|0|0|0|0|0|0|0|0|0|0|0|0|0|0|0|0,21
Kentucky,Car,BEV,2026,0|2|0|1|1|1|1|5|10|2|4|6|11|0|0|0|0|0|0|0|0|0|0|0|0|0|0|0|0|0|0,44
Kentucky,Car,BEV,2027,0|4|7|0|3|3|3|3|10|16|4|6|11|11|0|0|0|0|0|0|0|0|0|0|0|0|0|0|0|0|0,81
Kentucky,Car,BEV,2028,0|5|9|13|1|5|7|6|5|16|24|6|11|11|10|0|0|0|0|0|0|0|0|0|0|0|0|0|0|0|0,129
Kentucky,Car,BEV,2029,0|5|11|18|23|3|10|12|11|10|25|35|11|11|10|10|0|0|0|0|0|0|0|0|0|0|0|0|0|0|0,205
Kentucky,Car,BEV,2030,0|6|14|22|31|39|7|16|19|18|16|36|50|11|10|10|10|0|0|0|0|0|0|0|0|0|0|0|0|0|0,315
Kentucky,Car,BEV,2031,0|6|15|27|39|51|64|12|25|30|29|25|51|49|10|10|10|9|0|0|0|0|0|0|0|0|0|0|0|0|0,462
Kentucky,Car,BEV,2032,0|7|17|31|47|65|82|101|19|39|47|45|36|50|48|10|10|9|8|0|0|0|0|0|0|0|0|0|0|0|0,671
Kentucky,Car,BEV,2033,0|9|18|35|56|78|106|130|157|30|59|70|64|36|49|47|10|9|8|7|0|0|0|0|0|0|0|0|0|0|0,978
Kentucky,Car,BEV,2034,0|9|23|36|62|93|128|169|203|241|47|86|100|63|35|48|44|9|8|7|6|0|0|0|0|0|0|0|0|0|0,1417
Kentucky,Car,BEV,2035,0|11|25|43|65|104|152|204|263|314|365|69|123|99|62|34|45|41|8|7|6|4|0|0|0|0|0|0|0|0|0,2044
Kentucky,Car,BEV,2036,0|13|28|49|74|110|170|242|320|406|476|539|99|121|97|59|32|42|37|7|6|4|3|0|0|0|0|0|0|0|0,2934
Kentucky,Car,BEV,2037,0|14|32|54|87|124|181|272|378|495|615|704|773|98|118|93|56|30|37|31|6|4|3|2|0|0|0|0|0|0|0,4207
Kentucky,Car,BEV,2038,0|15|36|61|95|147|203|292|428|584|752|911|1008|762|96|114|89|52|27|32|26|4|3|2|2|0|0|0|0|0|0,5741
Kentucky,Car,BEV,2039,0|16|38|70|107|159|239|324|459|661|884|1114|1306|993|744|92|108|82|47|23|26|20|3|2|2|1|0|0|0|0|0,7520
Kentucky,Car,BEV,2040,0|18|42|74|123|178|259|380|510|709|1004|1309|1599|1287|971|719|88|100|73|40|19|20|15|2|2|1|1|0|0|0|0,9543
Kentucky,Car,BEV,2041,0|18|45|82|130|202|288|412|596|787|1077|1487|1876|1576|1258|938|682|81|90|63|33|15|15|11|2|1|1|0|0|0|0,11766
Kentucky,Car,BEV,2042,0|18|47|87|142|216|324|453|644|919|1193|1596|2133|1849|1540|1215|890|631|73|77|51|26|11|11|7|1|1|0|0|0|0,14155
Kentucky,Car,BEV,2043,0|21|48|91|151|234|345|506|704|990|1390|1764|2289|2102|1807|1487|1153|823|565|62|63|40|19|8|7|5|1|0|0|0|0,16675
Kentucky,Car,BEV,2044,0|21|52|94|160|249|372|537|777|1073|1493|2052|2527|2256|2054|1745|1411|1067|737|485|51|49|30|13|5|5|3|0|0|0|0,19318
Kentucky,Car,BEV,2045,0|22|54|100|165|264|396|577|823|1172|1608|2200|2934|2490|2205|1984|1656|1306|955|633|397|40|36|21|9|4|3|2|0|0|0,22056
Kentucky,Car,BEV,2046,0|22|56|105|174|273|421|614|881|1239|1739|2355|3138|2891|2434|2130|1883|1533|1169|820|517|308|29|26|14|6|2|2|1|0|0,24782
Kentucky,Car,BEV,2047,0|23|57|109|183|287|435|652|935|1321|1835|2526|3344|3092|2826|2351|2021|1743|1372|1004|670|402|228|21|18|10|4|2|1|1|0,27473
Kentucky,Car,BEV,2048,0|24|59|110|190|301|457|674|991|1400|1951|2661|3566|3295|3022|2730|2231|1870|1560|1178|821|521|298|162|14|12|6|3|1|1|1,30110
Kentucky,Car,BEV,2049,0|24|60|113|191|313|479|708|1025|1483|2063|2821|3752|3514|3221|2919|2590|2065|1674|1339|963|638|386|211|111|10|8|4|2|1|1,32689
Kentucky,Car,BEV,2050,0|24|60|115|197|316|497|741|1075|1532|2181|2979|3967|3697|3435|3111|2770|2397|1848|1437|1095|748|472|274|145|74|6|5|3|1|0,35202
Kentucky,Car,PHEV,2020,0|0|0|0|0|0|0|0|0|0|0|0|0|0|0|0|0|0|0|0|0|0|0|0|0|0|0|0|0|0|0,0
Kentucky,Car,PHEV,2021,0|0|0|0|0|0|0|0|0|0|0|0|0|0|0|0|0|0|0|0|0|0|0|0|0|0|0|0|0|0|0,0
Kentucky,Car,PHEV,2022,0|0|0|0|0|0|0|0|1|0|0|0|0|0|0|0|0|0|0|0|0|0|0|0|0|0|0|0|0|0|0,1
Kentucky,Car,PHEV,2023,0|0|0|0|0|0|0|1|0|3|0|0|0|0|0|0|0|0|0|0|0|0|0|0|0|0|0|0|0|0|0,4
Kentucky,Car,PHEV,2024,0|0|0|0|0|0|1|1|3|1|5|0|0|0|0|0|0|0|0|0|0|0|0|0|0|0|0|0|0|0|0,11
Kentucky,Car,PHEV,2025,0|0|0|0|0|0|0|3|3|5|3|10|0|0|0|0|0|0|0|0|0|0|0|0|0|0|0|0|0|0|0,24
Kentucky,Car,PHEV,2026,0|0|0|0|0|0|0|1|5|5|9|5|15|0|0|0|0|0|0|0|0|0|0|0|0|0|0|0|0|0|0,40
Kentucky,Car,PHEV,2027,0|0|1|0|0|0|0|0|2|9|10|14|9|15|0|0|0|0|0|0|0|0|0|0|0|0|0|0|0|0|0,60
Kentucky,Car,PHEV,2028,0|1|1|3|0|0|0|1|1|4|15|16|20|9|14|0|0|0|0|0|0|0|0|0|0|0|0|0|0|0|0,85
Kentucky,Car,PHEV,2029,0|1|3|3|6|0|0|0|3|3|6|23|25|19|9|14|0|0|0|0|0|0|0|0|0|0|0|0|0|0|0,115
Kentucky,Car,PHEV,2030,0|1|3|6|6|10|0|0|1|5|5|11|32|24|19|8|13|0|0|0|0|0|0|0|0|0|0|0|0|0|0,144
Kentucky,Car,PHEV,2031,0|2|3|6|11|11|16|0|0|3|9|9|17|32|24|18|8|12|0|0|0|0|0|0|0|0|0|0|0|0|0,181
Kentucky,Car,PHEV,2032,0|2|4|7|11|18|18|25|1|1|5|14|14|16|31|23|17|7|11|0|0|0|0|0|0|0|0|0|0|0|0,225
Kentucky,Car,PHEV,2033,0|2|4|9|12|18|28|29|39|3|3|9|21|14|16|30|22|16|6|9|0|0|0|0|0|0|0|0|0|0|0,290
Kentucky,Car,PHEV,2034,0|2|6|9|15|21|28|44|46|58|6|5|14|20|13|16|29|20|14|6|8|0|0|0|0|0|0|0|0|0|0,380
Kentucky,Car,PHEV,2035,0|2|6|11|15|24|35|45|68|71|86|10|9|14|20|13|15|27|18|12|5|6|0|0|0|0|0|0|0|0|0,512
Kentucky,Car,PHEV,2036,0|3|6|11|19|25|38|55|70|104|106|127|15|9|13|19|12|14|24|15|10|4|4|0|0|0|0|0|0|0|0,703
Kentucky,Car,PHEV,2037,0|3|7|12|20|30|41|60|85|107|155|157|179|15|9|13|18|11|12|20|13|8|3|3|0|0|0|0|0|0|0,981
Kentucky,Car,PHEV,2038,0|3|8|13|21|34|48|66|93|129|160|229|225|176|14|8|12|17|10|11|17|10|6|2|2|0|0|0|0|0|0,1314
Kentucky,Car,PHEV,2039,0|3|8|14|22|35|54|77|105|142|197|235|325|222|172|14|8|11|15|9|9|13|7|4|1|1|0|0|0|0|0,1703
Kentucky,Car,PHEV,2040,0|4|8|15|25|37|56|85|121|162|216|291|334|321|217|166|13|7|10|13|7|7|10|5|3|1|1|0|0|0|0,2135
Kentucky,Car,PHEV,2041,0|4|9|15|26|42|59|88|133|187|246|319|416|329|313|209|158|12|6|9|11|5|5|7|4|2|1|1|0|0|0,2616
Kentucky,Car,PHEV,2042,0|4|9|16|26|43|66|93|138|205|284|364|457|410|322|303|199|146|11|6|7|8|4|4|5|2|1|0|0|0|0,3133
Kentucky,Car,PHEV,2043,0|4|9|17|28|44|67|102|144|211|311|421|522|451|401|311|287|184|131|9|5|5|6|3|2|3|2|1|0|0|0,3681
Kentucky,Car,PHEV,2044,0|4|10|17|30|46|69|104|155|219|319|459|603|515|440|387|295|266|165|112|8|4|4|4|2|2|2|1|1|0|0,4243
Kentucky,Car,PHEV,2045,0|4|10|18|30|48|72|107|157|231|327|470|658|594|503|425|367|273|238|141|92|6|3|3|3|1|1|1|1|0|0,4784
Kentucky,Car,PHEV,2046,0|4|10|18|31|48|75|110|161|234|341|479|671|648|581|486|404|340|244|204|116|71|4|2|2|2|1|1|1|0|0,5289
Kentucky,Car,PHEV,2047,0|4|9|18|31|50|75|114|165|239|344|494|679|661|634|561|461|374|304|210|167|90|53|3|1|1|1|1|0|1|0,5745
Kentucky,Car,PHEV,2048,0|4|9|17|31|50|78|115|171|244|350|496|694|669|646|612|532|427|334|261|172|130|66|38|2|1|1|1|0|0|0,6151
Kentucky,Car,PHEV,2049,0|4|9|17|30|50|78|119|172|251|356|502|695|684|654|624|581|492|382|287|214|133|96|47|26|1|1|1|1|0|0,6507
Kentucky,Car,PHEV,2050,0|3|9|16|29|48|78|119|177|252|364|508|701|685|669|632|592|537|441|328|235|166|99|68|32|17|1|0|0|0|0,6806
Kentucky,SUV,BEV,2020,0|0|0|0|0|0|0|0|0|0|0|0|0|0|0|0|0|0|0|0|0|0|0|0|0|0|0|0|0|0|0,0
Kentucky,SUV,BEV,2021,0|0|0|0|0|0|0|0|0|0|0|0|0|0|0|0|0|0|0|0|0|0|0|0|0|0|0|0|0|0|0,0
Kentucky,SUV,BEV,2022,0|0|0|0|0|0|0|0|0|0|0|0|0|0|0|0|0|0|0|0|0|0|0|0|0|0|0|0|0|0|0,0
Kentucky,SUV,BEV,2023,0|0|0|0|0|0|0|0|0|0|0|0|0|0|0|0|0|0|0|0|0|0|0|0|0|0|0|0|0|0|0,0
Kentucky,SUV,BEV,2024,0|1|1|0|0|0|0|0|0|0|0|0|0|0|0|0|0|0|0|0|0|0|0|0|0|0|0|0|0|0|0,2
Kentucky,SUV,BEV,2025,0|1|3|3|1|0|0|0|1|0|0|0|0|0|0|0|0|0|0|0|0|0|0|0|0|0|0|0|0|0|0,9
Kentucky,SUV,BEV,2026,0|2|3|5|5|3|1|0|1|2|1|0|0|0|0|0|0|0|0|0|0|0|0|0|0|0|0|0|0|0|0,23
Kentucky,SUV,BEV,2027,0|5|7|6|10|9|5|3|1|3|4|3|1|0|0|0|0|0|0|0|0|0|0|0|0|0|0|0|0|0|0,57
Kentucky,SUV,BEV,2028,0|5|11|14|11|16|15|10|5|3|5|6|5|1|0|0|0|0|0|0|0|0|0|0|0|0|0|0|0|0|0,107
Kentucky,SUV,BEV,2029,0|6|14|21|25|19|25|24|16|10|5|7|11|5|1|0|0|0|0|0|0|0|0|0|0|0|0|0|0|0|0,189
Kentucky,SUV,BEV,2030,0|8|17|27|37|43|30|40|37|27|16|9|12|11|5|1|0|0|0|0|0|0|0|0|0|0|0|0|0|0|0,320
Kentucky,SUV,BEV,2031,0|9|20|33|47|61|72|48|62|57|43|25|14|12|10|5|1|0|0|0|0|0|0|0|0|0|0|0|0|0|0,519
Kentucky,SUV,BEV,2032,0|10|24|40|59|78|99|115|77|95|85|64|36|14|11|10|4|1|0|0|0|0|0|0|0|0|0|0|0|0|0,822
Kentucky,SUV,BEV,2033,0|11|26|46|71|100|127|157|182|119|144|126|94|36|13|11|10|4|1|0|0|0|0|0|0|0|0|0|0|0|0,1278
Kentucky,SUV,BEV,2034,0|14|29|51|82|118|163|203|244|281|181|215|180|93|35|13|10|9|4|1|0|0|0|0|0|0|0|0|0|0|0,1926
Kentucky,SUV,BEV,2035,0|16|36|58|91|138|192|259|318|377|426|267|309|177|91|34|12|10|8|3|1|0|0|0|0|0|0|0|0|0|0,2823
Kentucky,SUV,BEV,2036,0|18|40|71|104|152|226|305|404|494|571|633|384|304|173|88|32|11|9|7|3|0|0|0|0|0|0|0|0|0|0,4029
Kentucky,SUV,BEV,2037,0|19|46|79|124|175|248|360|480|623|751|845|912|378|297|167|83|30|10|7|6|2|0|0|0|0|0|0|0|0|0,5642
Kentucky,SUV,BEV,2038,0|22|50|88|139|208|285|394|565|743|946|1113|1213|898|369|287|159|77|27|9|6|4|1|0|0|0|0|0|0|0|0,7603
Kentucky,SUV,BEV,2039,0|23|56|99|154|233|339|454|620|872|1129|1400|1599|1196|878|357|273|147|69|23|7|5|3|1|0|0|0|0|0|0|0,9937
Kentucky,SUV,BEV,2040,0|26|60|109|174|257|378|539|710|958|1322|1673|2007|1576|1169|848|339|252|132|59|19|5|3|2|1|0|0|0|0|0|0,12618
Kentucky,SUV,BEV,2041,0|27|65|116|189|288|416|600|845|1093|1452|1959|2401|1978|1540|1129|805|313|226|113|48|15|4|2|2|0|0|0|0|0|0,15626
Kentucky,SUV,BEV,2042,0|28|68|124|203|312|463|657|936|1302|1653|2148|2810|2366|1933|1487|1071|745|280|194|92|38|11|3|2|1|0|0|0|0|0,18927
Kentucky,SUV,BEV,2043,0|29|71|132|216|336|499|727|1021|1435|1967|2440|3078|2768|2313|1867|1411|991|667|241|158|72|28|8|2|1|1|0|0|0|0,22479
Kentucky,SUV,BEV,2044,0|30|73|137|230|357|536|782|1120|1560|2161|2902|3490|3033|2706|2234|1772|1306|887|572|197|123|53|20|5|1|1|0|0|0|0,26288
Kentucky,SUV,BEV,2045,0|32|78|143|238|379|570|837|1201|1699|2341|3178|4147|3439|2965|2613|2120|1640|1169|762|468|153|91|38|14|4|1|0|0|0|0,30320
Kentucky,SUV,BEV,2046,0|33|82|152|249|393|603|889|1283|1816|2534|3432|4532|4086|3361|2863|2480|1962|1468|1004|623|364|113|65|26|9|2|1|0|0|0,34425
Kentucky,SUV,BEV,2047,0|34|85|159|264|411|624|938|1358|1932|2701|3697|4881|4466|3994|3246|2717|2295|1756|1260|821|484|269|80|44|17|6|2|0|0|0,38541
Kentucky,SUV,BEV,2048,0|34|86|163|277|435|655|970|1432|2042|2864|3930|5238|4809|4365|3857|3080|2515|2055|1507|1030|638|358|191|55|30|11|4|1|0|0,42632
Kentucky,SUV,BEV,2049,0|35|88|167|284|456|690|1017|1478|2150|3020|4155|5555|5161|4701|4216|3660|2851|2251|1764|1233|801|472|254|131|37|20|7|3|1|0,46658
Kentucky,SUV,BEV,2050,0|37|90|172|291|467|723|1070|1549|2215|3174|4373|5862|5474|5045|4540|4000|3388|2552|1932|1442|958|593|335|175|88|24|13|5|2|0,50589
Kentucky,SUV,PHEV,2020,0|0|0|0|0|0|0|0|0|0|0|0|0|0|0|0|0|0|0|0|0|0|0|0|0|0|0|0|0|0|0,0
Kentucky,SUV,PHEV,2021,0|0|0|0|0|0|0|0|0|0|0|0|0|0|0|0|0|0|0|0|0|0|0|0|0|0|0|0|0|0|0,0
Kentucky,SUV,PHEV,2022,0|0|0|0|0|0|0|0|0|0|0|0|0|0|0|0|0|0|0|0|0|0|0|0|0|0|0|0|0|0|0,0
Kentucky,SUV,PHEV,2023,0|0|0|0|0|0|0|0|0|0|0|0|0|0|0|0|0|0|0|0|0|0|0|0|0|0|0|0|0|0|0,0
Kentucky,SUV,PHEV,2024,0|0|0|0|0|0|0|0|0|0|0|0|0|0|0|0|0|0|0|0|0|0|0|0|0|0|0|0|0|0|0,0
Kentucky,SUV,PHEV,2025,0|0|0|0|1|0|0|0|0|1|0|0|0|0|0|0|0|0|0|0|0|0|0|0|0|0|0|0|0|0|0,2
Kentucky,SUV,PHEV,2026,0|0|1|1|1|2|0|0|0|1|2|1|1|0|0|0|0|0|0|0|0|0|0|0|0|0|0|0|0|0|0,10
Kentucky,SUV,PHEV,2027,0|1|1|2|3|3|4|0|0|1|3|4|2|1|0|0|0|0|0|0|0|0|0|0|0|0|0|0|0|0|0,25
Kentucky,SUV,PHEV,2028,0|1|3|3|4|5|5|7|1|0|3|5|6|2|1|0|0|0|0|0|0|0|0|0|0|0|0|0|0|0|0,46
Kentucky,SUV,PHEV,2029,0|1|3|5|5|8|10|10|12|3|1|5|7|6|2|1|0|0|0|0|0|0|0|0|0|0|0|0|0|0|0,79
Kentucky,SUV,PHEV,2030,0|2|3|7|9|10|13|16|16|19|5|3|7|7|6|2|1|0|0|0|0|0|0|0|0|0|0|0|0|0|0,126
Kentucky,SUV,PHEV,2031,0|2|4|7|12|15|16|21|27|26|30|10|5|7|7|5|2|1|0|0|0|0|0|0|0|0|0|0|0|0|0,197
Kentucky,SUV,PHEV,2032,0|2|6|9|12|20|24|25|32|43|41|46|15|5|7|6|5|2|1|0|0|0|0|0|0|0|0|0|0|0|0,301
Kentucky,SUV,PHEV,2033,0|3|6|11|15|21|32|38|41|50|65|61|65|15|5|6|6|5|1|1|0|0|0|0|0|0|0|0|0|0|0,447
Kentucky,SUV,PHEV,2034,0|3|8|12|19|26|34|51|58|63|76|96|90|64|14|5|6|6|4|1|1|0|0|0|0|0|0|0|0|0|0,637
Kentucky,SUV,PHEV,2035,0|4|9|15|21|30|42|54|80|87|95|115|140|88|63|14|4|6|5|4|1|0|0|0|0|0|0|0|0|0|0,877
Kentucky,SUV,PHEV,2036,0|4|10|16|27|35|48|67|84|122|130|143|164|138|86|60|13|4|5|4|3|1|0|0|0|0|0|0|0|0|0,1164
Kentucky,SUV,PHEV,2037,0|4|10|18|28|44|58|77|107|128|186|192|205|162|135|83|57|12|4|4|4|2|1|0|0|0|0|0|0|0|0,1521
Kentucky,SUV,PHEV,2038,0|5|10|19|32|47|71|93|121|165|196|274|274|202|158|130|79|53|11|3|4|3|2|0|0|0|0|0|0|0|0,1952
Kentucky,SUV,PHEV,2039,0|5|11|19|33|53|78|113|146|186|252|289|393|270|197|153|123|73|47|9|3|3|2|1|0|0|0|0|0|0|0,2459
Kentucky,SUV,PHEV,2040,0|5|11|21|33|54|84|125|176|222|283|373|414|388|264|190|145|114|65|41|8|2|2|1|1|0|0|0|0|0|0,3022
Kentucky,SUV,PHEV,2041,0|5|11|21|36|56|86|132|194|269|336|419|535|408|379|255|181|134|102|56|33|6|1|1|1|1|0|0|0|0|0,3658
Kentucky,SUV,PHEV,2042,0|5|11|21|37|60|90|136|204|298|404|496|600|527|399|366|242|167|120|88|46|26|4|1|1|1|0|0|0|0|0,4350
Kentucky,SUV,PHEV,2043,0|5|12|22|37|62|95|142|210|313|448|594|708|591|515|385|347|224|150|103|72|36|19|3|1|1|0|0|0|0|0,5095
Kentucky,SUV,PHEV,2044,0|6|12|23|39|62|98|148|218|321|469|659|846|698|578|498|365|321|201|128|84|56|26|14|2|0|0|0|0|0|0,5872
Kentucky,SUV,PHEV,2045,0|6|13|24|41|65|99|152|226|331|480|689|939|833|682|558|472|338|288|172|105|66|41|19|9|1|0|0|0|0|0,6649
Kentucky,SUV,PHEV,2046,0|5|13|25|42|67|103|154|230|341|492|703|978|925|814|659|529|437|303|247|141|82|48|29|13|6|1|0|0|0|0,7387
Kentucky,SUV,PHEV,2047,0|5|12|25|43|69|105|160|233|346|504|715|997|964|904|787|625|490|391|260|202|109|60|34|20|9|4|1|0|0|0,8074
Kentucky,SUV,PHEV,2048,0|5|12|24|43|71|109|161|241|349|510|729|1012|982|942|874|746|578|439|336|212|157|81|43|24|13|6|3|0|0|0,8702
Kentucky,SUV,PHEV,2049,0|5|12|24|42|71|112|167|242|358|513|735|1026|997|960|910|829|691|518|377|275|165|116|58|29|16|9|4|2|0|0,9263
Kentucky,SUV,PHEV,2050,0|5|11|23|42|69|112|171|250|358|523|738|1033|1011|974|927|864|767|618|444|308|213|122|82|39|20|10|6|2|1|0,9743
Louisiana,Car,BEV,2020,0|0|0|0|0|0|0|0|0|0|0|0|0|0|0|0|0|0|0|0|0|0|0|0|0|0|0|0|0|0|0,0
Louisiana,Car,BEV,2021,0|0|0|0|0|0|0|0|0|0|0|0|0|0|0|0|0|0|0|0|0|0|0|0|0|0|0|0|0|0|0,0
Louisiana,Car,BEV,2022,0|0|0|0|0|0|0|0|0|0|0|0|0|0|0|0|0|0|0|0|0|0|0|0|0|0|0|0|0|0|0,0
Louisiana,Car,BEV,2023,0|0|0|0|0|0|0|0|0|1|0|0|0|0|0|0|0|0|0|0|0|0|0|0|0|0|0|0|0|0|0,1
Louisiana,Car,BEV,2024,0|0|0|0|0|0|1|0|0|1|3|0|0|0|0|0|0|0|0|0|0|0|0|0|0|0|0|0|0|0|0,5
Louisiana,Car,BEV,2025,0|0|0|0|0|0|1|3|0|1|3|5|0|0|0|0|0|0|0|0|0|0|0|0|0|0|0|0|0|0|0,13
Louisiana,Car,BEV,2026,0|2|0|0|1|1|1|3|5|1|3|5|7|0|0|0|0|0|0|0|0|0|0|0|0|0|0|0|0|0|0,29
Louisiana,Car,BEV,2027,0|2|6|0|1|3|3|3|5|10|3|5|7|7|0|0|0|0|0|0|0|0|0|0|0|0|0|0|0|0|0,55
Louisiana,Car,BEV,2028,0|4|7|11|1|3|5|5|5|10|16|5|7|7|7|0|0|0|0|0|0|0|0|0|0|0|0|0|0|0|0,93
Louisiana,Car,BEV,2029,0|5|10|13|19|3|5|10|9|9|16|25|8|7|7|6|0|0|0|0|0|0|0|0|0|0|0|0|0|0|0,152
Louisiana,Car,BEV,2030,0|5|11|19|24|31|5|10|16|15|14|25|35|8|7|6|6|0|0|0|0|0|0|0|0|0|0|0|0|0|0,237
Louisiana,Car,BEV,2031,0|6|14|22|32|40|50|9|16|25|23|20|35|35|8|6|6|6|0|0|0|0|0|0|0|0|0|0|0|0|0,353
Louisiana,Car,BEV,2032,0|6|15|27|39|53|65|79|14|25|38|34|29|35|34|7|6|6|5|0|0|0|0|0|0|0|0|0|0|0|0,517
Louisiana,Car,BEV,2033,0|7|17|31|47|66|86|105|124|22|39|55|49|28|34|33|7|6|5|4|0|0|0|0|0|0|0|0|0|0|0,765
Louisiana,Car,BEV,2034,0|9|18|33|54|78|107|138|165|190|33|58|80|48|27|33|31|6|5|4|4|0|0|0|0|0|0|0|0|0|0,1121
Louisiana,Car,BEV,2035,0|9|23|36|59|91|128|171|215|254|288|49|85|78|47|27|31|29|6|4|4|3|0|0|0|0|0|0|0|0|0,1637
Louisiana,Car,BEV,2036,0|10|25|44|65|100|149|204|269|334|385|427|71|83|77|46|25|29|26|5|4|3|2|0|0|0|0|0|0|0|0,2383
Louisiana,Car,BEV,2037,0|12|28|49|78|110|163|237|320|416|506|570|614|70|81|74|43|23|26|22|4|3|2|1|0|0|0|0|0|0|0,3452
Louisiana,Car,BEV,2038,0|14|31|55|86|131|180|260|371|495|631|749|817|605|68|79|70|40|21|22|18|3|2|1|1|0|0|0|0|0|0,4750
Louisiana,Car,BEV,2039,0|15|35|60|96|144|214|289|407|575|751|934|1075|805|591|66|75|65|36|18|18|14|2|1|1|1|0|0|0|0|0,6288
Louisiana,Car,BEV,2040,0|15|38|67|106|160|233|341|454|628|873|1113|1339|1059|787|571|62|69|58|31|15|14|10|2|1|1|0|0|0|0|0,8047
Louisiana,Car,BEV,2041,0|16|39|72|116|177|258|370|534|701|954|1294|1598|1320|1035|760|542|58|62|50|25|11|10|7|1|1|0|0|0|0|0,10011
Louisiana,Car,BEV,2042,0|17|41|76|125|192|286|406|579|824|1064|1412|1858|1575|1290|1000|721|501|52|53|41|20|8|7|5|1|0|0|0|0|0,12154
Louisiana,Car,BEV,2043,0|18|43|80|133|206|306|448|632|892|1248|1575|2024|1830|1539|1246|949|668|449|44|43|32|15|6|5|3|0|0|0|0|0,14434
Louisiana,Car,BEV,2044,0|18|46|84|141|220|328|476|690|965|1347|1844|2258|1994|1789|1486|1182|878|598|385|36|34|24|10|4|3|2|0|0|0|0,16842
Louisiana,Car,BEV,2045,0|19|47|88|146|231|349|509|730|1045|1446|1985|2640|2225|1949|1728|1411|1094|786|513|315|28|25|17|7|3|2|1|0|0|0,19339
Louisiana,Car,BEV,2046,0|19|49|91|152|240|367|541|777|1101|1555|2120|2833|2602|2175|1883|1640|1306|979|675|419|245|21|18|11|5|2|1|1|0|0,21828
Louisiana,Car,BEV,2047,0|20|49|95|159|250|381|569|824|1168|1634|2263|3015|2791|2543|2100|1786|1518|1169|841|552|326|181|15|12|8|3|1|1|1|0,24275
Louisiana,Car,BEV,2048,0|20|50|96|166|261|397|590|866|1233|1725|2374|3199|2971|2729|2456|1993|1653|1358|1003|687|429|241|129|10|8|5|2|1|1|0,26653
Louisiana,Car,BEV,2049,0|21|50|98|167|274|415|614|895|1294|1816|2497|3350|3152|2904|2635|2331|1845|1480|1166|820|534|317|171|88|7|5|3|1|0|0,28950
Louisiana,Car,BEV,2050,0|21|52|98|172|276|434|642|933|1334|1904|2622|3513|3301|3081|2804|2501|2157|1651|1270|953|637|395|225|118|59|4|3|2|1|0,31163
Louisiana,Car,PHEV,2020,0|0|0|0|0|0|0|0|0|0|0|0|0|0|0|0|0|0|0|0|0|0|0|0|0|0|0|0|0|0|0,0
Louisiana,Car,PHEV,2021,0|0|0|0|0|0|0|0|0|0|0|0|0|0|0|0|0|0|0|0|0|0|0|0|0|0|0|0|0|0|0,0
Louisiana,Car,PHEV,2022,0|0|0|0|0|0|0|0|0|0|0|0|0|0|0|0|0|0|0|0|0|0|0|0|0|0|0|0|0|0|0,0
Louisiana,Car,PHEV,2023,0|0|0|0|0|0|0|0|0|1|0|0|0|0|0|0|0|0|0|0|0|0|0|0|0|0|0|0|0|0|0,1
Louisiana,Car,PHEV,2024,0|0|0|0|0|0|0|0|1|0|3|0|0|0|0|0|0|0|0|0|0|0|0|0|0|0|0|0|0|0|0,4
Louisiana,Car,PHEV,2025,0|0|0|0|0|0|0|1|1|2|1|5|0|0|0|0|0|0|0|0|0|0|0|0|0|0|0|0|0|0|0,10
Louisiana,Car,PHEV,2026,0|0|0|0|0|0|0|0|3|3|4|2|7|0|0|0|0|0|0|0|0|0|0|0|0|0|0|0|0|0|0,19
Louisiana,Car,PHEV,2027,0|0|0|0|0|0|0|0|0|5|5|6|4|7|0|0|0|0|0|0|0|0|0|0|0|0|0|0|0|0|0,27
Louisiana,Car,PHEV,2028,0|1|1|1|0|0|0|0|0|1|8|9|10|4|7|0|0|0|0|0|0|0|0|0|0|0|0|0|0|0|0,42
Louisiana,Car,PHEV,2029,0|1|2|3|3|0|0|0|1|1|3|13|14|10|4|6|0|0|0|0|0|0|0|0|0|0|0|0|0|0|0,61
Louisiana,Car,PHEV,2030,0|1|3|4|5|6|0|0|0|3|2|5|19|14|9|4|6|0|0|0|0|0|0|0|0|0|0|0|0|0|0,81
Louisiana,Car,PHEV,2031,0|1|3|5|8|10|11|0|0|1|5|4|7|18|13|9|3|6|0|0|0|0|0|0|0|0|0|0|0|0|0,104
Louisiana,Car,PHEV,2032,0|2|3|6|9|13|16|18|0|1|3|9|6|7|18|13|9|3|5|0|0|0|0|0|0|0|0|0|0|0|0,141
Louisiana,Car,PHEV,2033,0|2|4|7|11|15|22|25|28|1|2|5|14|6|7|17|12|8|3|4|0|0|0|0|0|0|0|0|0|0|0,193
Louisiana,Car,PHEV,2034,0|2|4|9|12|18|24|36|39|44|3|4|8|14|6|6|17|11|7|2|4|0|0|0|0|0|0|0|0|0|0,270
Louisiana,Car,PHEV,2035,0|2|6|9|15|20|29|38|56|59|66|5|6|8|13|5|6|15|10|6|2|3|0|0|0|0|0|0|0|0|0,379
Louisiana,Car,PHEV,2036,0|3|6|11|16|24|32|47|58|85|87|96|8|6|8|13|5|6|14|9|5|2|2|0|0|0|0|0|0|0|0,543
Louisiana,Car,PHEV,2037,0|3|7|11|19|27|39|51|74|89|126|129|138|8|6|7|12|5|5|12|7|4|1|1|0|0|0|0|0|0|0,781
Louisiana,Car,PHEV,2038,0|3|8|13|19|30|45|61|80|115|133|186|185|136|8|5|7|11|4|4|10|5|3|1|1|0|0|0|0|0|0,1073
Louisiana,Car,PHEV,2039,0|3|8|14|21|31|48|71|95|124|173|196|267|182|133|7|5|6|10|4|4|7|4|2|1|1|0|0|0|0|0,1417
Louisiana,Car,PHEV,2040,0|3|7|14|23|34|49|77|112|146|189|254|281|264|178|128|7|5|6|9|3|3|6|3|1|0|0|0|0|0|0,1802
Louisiana,Car,PHEV,2041,0|4|7|13|24|37|53|78|121|172|222|279|364|277|258|172|122|6|4|5|7|2|2|4|2|1|0|0|0|0|0,2236
Louisiana,Car,PHEV,2042,0|4|8|13|22|38|58|84|124|186|259|329|401|359|271|249|163|112|6|4|4|5|2|1|3|1|1|0|0|0|0,2707
Louisiana,Car,PHEV,2043,0|4|8|14|22|37|59|91|131|190|283|384|470|395|350|262|236|151|101|5|3|3|4|1|1|2|1|0|0|0|0,3208
Louisiana,Car,PHEV,2044,0|4|8|15|24|37|59|91|139|199|289|419|549|463|386|338|248|219|135|86|4|2|2|3|1|1|1|1|0|0|0,3723
Louisiana,Car,PHEV,2045,0|4|9|15|25|40|59|92|139|208|298|427|599|541|453|373|321|230|196|116|71|3|2|2|2|1|0|1|0|0|0,4227
Louisiana,Car,PHEV,2046,0|4|8|16|26|41|64|93|141|208|308|436|612|590|528|437|354|297|206|168|95|55|2|1|1|1|0|0|0|0|0,4692
Louisiana,Car,PHEV,2047,0|4|8|15|27|43|65|99|142|212|307|447|620|603|577|510|415|328|266|177|137|74|41|2|1|1|1|0|0|0|0,5122
Louisiana,Car,PHEV,2048,0|3|8|15|26|44|68|100|150|212|311|444|630|611|589|557|484|384|293|228|144|107|55|29|1|1|0|1|0|0|0,5495
Louisiana,Car,PHEV,2049,0|3|7|14|25|43|69|103|151|222|312|448|625|621|598|569|529|448|344|252|187|112|79|39|20|1|0|0|0|0|0,5821
Louisiana,Car,PHEV,2050,0|3|7|13|24|42|68|105|155|222|323|448|628|616|607|577|540|489|401|295|206|145|83|56|27|13|0|0|0|0|0,6093
Louisiana,SUV,BEV,2020,0|0|0|0|0|0|0|0|0|0|0|0|0|0|0|0|0|0|0|0|0|0|0|0|0|0|0|0|0|0|0,0
Louisiana,SUV,BEV,2021,0|0|0|0|0|0|0|0|0|0|0|0|0|0|0|0|0|0|0|0|0|0|0|0|0|0|0|0|0|0|0,0
Louisiana,SUV,BEV,2022,0|0|0|0|0|0|0|0|0|0|0|0|0|0|0|0|0|0|0|0|0|0|0|0|0|0|0|0|0|0|0,0
Louisiana,SUV,BEV,2023,0|0|0|0|0|0|0|0|0|0|0|0|0|0|0|0|0|0|0|0|0|0|0|0|0|0|0|0|0|0|0,0
Louisiana,SUV,BEV,2024,0|0|0|0|0|0|0|0|0|0|0|0|0|0|0|0|0|0|0|0|0|0|0|0|0|0|0|0|0|0|0,0
Louisiana,SUV,BEV,2025,0|1|1|1|1|0|0|0|0|0|0|0|0|0|0|0|0|0|0|0|0|0|0|0|0|0|0|0|0|0|0,4
Louisiana,SUV,BEV,2026,0|2|3|3|3|3|1|0|0|1|0|0|0|0|0|0|0|0|0|0|0|0|0|0|0|0|0|0|0|0|0,16
Louisiana,SUV,BEV,2027,0|4|7|5|5|5|5|3|0|1|3|1|0|0|0|0|0|0|0|0|0|0|0|0|0|0|0|0|0|0|0,39
Louisiana,SUV,BEV,2028,0|5|10|13|9|10|10|9|5|1|3|5|3|0|0|0|0|0|0|0|0|0|0|0|0|0|0|0|0|0|0,83
Louisiana,SUV,BEV,2029,0|6|12|19|23|15|16|16|15|8|3|5|8|3|0|0|0|0|0|0|0|0|0|0|0|0|0|0|0|0|0,149
Louisiana,SUV,BEV,2030,0|7|15|23|32|39|24|27|26|24|13|5|8|8|3|0|0|0|0|0|0|0|0|0|0|0|0|0|0|0|0,254
Louisiana,SUV,BEV,2031,0|9|18|31|41|53|64|37|43|42|36|19|9|8|8|3|0|0|0|0|0|0|0|0|0|0|0|0|0|0|0,421
Louisiana,SUV,BEV,2032,0|9|23|36|54|70|86|102|57|67|64|53|28|9|8|7|3|0|0|0|0|0|0|0|0|0|0|0|0|0|0,676
Louisiana,SUV,BEV,2033,0|11|25|45|65|91|114|138|160|86|102|94|76|27|9|7|7|2|0|0|0|0|0|0|0|0|0|0|0|0|0,1059
Louisiana,SUV,BEV,2034,0|14|29|50|78|109|148|183|215|247|129|152|135|75|27|8|7|6|2|0|0|0|0|0|0|0|0|0|0|0|0,1614
Louisiana,SUV,BEV,2035,0|16|36|57|89|131|178|236|287|334|375|191|218|133|73|26|8|6|6|2|0|0|0|0|0|0|0|0|0|0|0,2402
Louisiana,SUV,BEV,2036,0|18|40|71|100|148|214|286|370|445|507|555|273|215|130|70|24|7|6|5|2|0|0|0|0|0|0|0|0|0|0,3486
Louisiana,SUV,BEV,2037,0|19|45|78|124|168|240|341|450|574|679|752|797|269|210|125|67|23|6|5|4|1|0|0|0|0|0|0|0|0|0,4977
Louisiana,SUV,BEV,2038,0|21|50|86|137|207|275|381|537|696|870|1007|1080|785|263|203|119|62|20|6|4|3|1|0|0|0|0|0|0|0|0,6813
Louisiana,SUV,BEV,2039,0|22|54|98|151|228|336|438|598|831|1058|1289|1448|1064|767|254|193|110|55|17|5|3|2|1|0|0|0|0|0|0|0,9022
Louisiana,SUV,BEV,2040,0|25|58|106|172|252|371|533|689|925|1262|1569|1851|1426|1040|741|241|178|99|48|14|4|2|2|0|0|0|0|0|0|0,11608
Louisiana,SUV,BEV,2041,0|26|63|112|185|285|410|588|834|1064|1404|1870|2252|1824|1394|1004|703|223|160|85|39|11|3|2|1|0|0|0|0|0|0,14542
Louisiana,SUV,BEV,2042,0|27|67|122|198|307|458|649|920|1284|1612|2076|2683|2219|1783|1347|953|651|200|137|69|30|8|2|1|1|0|0|0|0|0,17804
Louisiana,SUV,BEV,2043,0|29|68|130|212|328|492|720|1010|1414|1940|2385|2976|2643|2169|1722|1278|882|583|172|112|54|22|6|1|1|0|0|0|0|0,21349
Louisiana,SUV,BEV,2044,0|30|73|132|226|352|525|773|1112|1548|2136|2866|3415|2932|2584|2095|1634|1183|790|500|140|87|40|16|4|1|0|0|0|0|0,25194
Louisiana,SUV,BEV,2045,0|31|76|141|232|372|561|824|1190|1691|2326|3147|4098|3365|2866|2495|1988|1512|1059|678|409|109|64|28|11|3|1|0|0|0|0,29277
Louisiana,SUV,BEV,2046,0|31|81|148|245|384|592|877|1266|1802|2525|3417|4493|4038|3289|2768|2368|1840|1353|909|554|318|81|46|19|7|2|0|0|0|0,33453
Louisiana,SUV,BEV,2047,0|34|81|157|259|404|611|922|1341|1913|2685|3690|4866|4427|3947|3177|2627|2192|1647|1162|743|431|235|57|31|13|5|1|0|0|0,37658
Louisiana,SUV,BEV,2048,0|34|87|158|272|426|642|950|1409|2020|2840|3914|5232|4795|4327|3812|3015|2431|1962|1414|950|577|319|167|39|21|9|3|1|0|0,41826
Louisiana,SUV,BEV,2049,0|34|87|166|277|447|677|997|1449|2117|2989|4128|5540|5155|4687|4179|3617|2790|2176|1684|1156|738|427|226|115|26|14|6|2|0|0,45906
Louisiana,SUV,BEV,2050,0|35|87|169|288|457|709|1048|1518|2172|3127|4332|5829|5459|5039|4527|3966|3348|2498|1868|1377|898|546|303|155|77|17|9|4|1|0,49863
Louisiana,SUV,PHEV,2020,0|0|0|0|0|0|0|0|0|0|0|0|0|0|0|0|0|0|0|0|0|0|0|0|0|0|0|0|0|0|0,0
Louisiana,SUV,PHEV,2021,0|0|0|0|0|0|0|0|0|0|0|0|0|0|0|0|0|0|0|0|0|0|0|0|0|0|0|0|0|0|0,0
Louisiana,SUV,PHEV,2022,0|0|0|0|0|0|0|0|0|0|0|0|0|0|0|0|0|0|0|0|0|0|0|0|0|0|0|0|0|0|0,0
Louisiana,SUV,PHEV,2023,0|0|0|0|0|0|0|0|0|0|0|0|0|0|0|0|0|0|0|0|0|0|0|0|0|0|0|0|0|0|0,0
Louisiana,SUV,PHEV,2024,0|0|0|0|0|0|0|0|0|0|0|0|0|0|0|0|0|0|0|0|0|0|0|0|0|0|0|0|0|0|0,0
Louisiana,SUV,PHEV,2025,0|0|0|0|0|0|0|0|0|0|0|0|0|0|0|0|0|0|0|0|0|0|0|0|0|0|0|0|0|0|0,0
Louisiana,SUV,PHEV,2026,0|0|0|0|0|1|0|0|0|0|0|0|0|0|0|0|0|0|0|0|0|0|0|0|0|0|0|0|0|0|0,1
Louisiana,SUV,PHEV,2027,0|0|1|1|1|1|2|0|0|0|1|1|0|0|0|0|0|0|0|0|0|0|0|0|0|0|0|0|0|0|0,8
Louisiana,SUV,PHEV,2028,0|1|1|3|3|3|3|4|0|0|1|2|2|0|0|0|0|0|0|0|0|0|0|0|0|0|0|0|0|0|0,23
Louisiana,SUV,PHEV,2029,0|1|3|3|5|5|6|5|7|1|0|2|4|2|0|0|0|0|0|0|0|0|0|0|0|0|0|0|0|0|0,44
Louisiana,SUV,PHEV,2030,0|2|3|5|7|9|9|11|10|12|3|1|4|4|2|0|0|0|0|0|0|0|0|0|0|0|0|0|0|0|0,82
Louisiana,SUV,PHEV,2031,0|2|4|7|10|12|15|15|17|16|18|5|2|4|4|2|0|0|0|0|0|0|0|0|0|0|0|0|0|0|0,133
Louisiana,SUV,PHEV,2032,0|2|4|9|12|17|19|24|24|28|25|28|7|2|4|4|2|0|0|0|0|0|0|0|0|0|0|0|0|0|0,211
Louisiana,SUV,PHEV,2033,0|3|6|9|15|20|28|30|37|37|44|39|41|7|2|4|3|2|0|0|0|0|0|0|0|0|0|0|0|0|0,327
Louisiana,SUV,PHEV,2034,0|3|8|12|16|25|31|46|48|57|56|65|57|41|7|2|3|3|1|0|0|0|0|0|0|0|0|0|0|0|0,481
Louisiana,SUV,PHEV,2035,0|4|8|15|21|27|41|49|73|75|85|82|95|56|40|6|2|3|3|1|0|0|0|0|0|0|0|0|0|0|0,686
Louisiana,SUV,PHEV,2036,0|4|10|15|26|35|45|66|78|114|114|126|117|94|55|38|6|2|3|2|1|0|0|0|0|0|0|0|0|0|0,951
Louisiana,SUV,PHEV,2037,0|4|10|18|27|43|56|73|104|120|172|169|180|115|92|53|36|6|1|2|2|1|0|0|0|0|0|0|0|0|0,1284
Louisiana,SUV,PHEV,2038,0|5|10|18|31|45|69|90|116|159|182|253|243|177|113|89|50|34|5|1|2|2|1|0|0|0|0|0|0|0|0,1695
Louisiana,SUV,PHEV,2039,0|5|11|19|32|51|75|110|142|179|240|269|363|239|173|109|84|47|30|4|1|2|1|0|0|0|0|0|0|0|0,2186
Louisiana,SUV,PHEV,2040,0|5|11|21|33|54|82|121|172|218|273|356|385|358|234|167|103|78|42|26|4|1|1|1|0|0|0|0|0|0|0,2746
Louisiana,SUV,PHEV,2041,0|5|11|21|37|56|86|131|190|263|329|406|509|380|349|226|159|96|70|36|21|3|1|1|1|0|0|0|0|0|0,3387
Louisiana,SUV,PHEV,2042,0|5|11|21|37|61|90|136|203|292|396|484|581|502|371|338|214|147|86|60|29|16|2|0|1|0|0|0|0|0|0,4083
Louisiana,SUV,PHEV,2043,0|5|12|22|37|61|97|142|211|312|442|584|693|573|491|359|320|198|132|73|49|23|12|1|0|0|0|0|0|0|0,4849
Louisiana,SUV,PHEV,2044,0|6|12|23|39|62|97|150|218|323|468|653|834|683|560|474|340|296|178|113|60|38|17|9|1|0|0|0|0|0|0,5654
Louisiana,SUV,PHEV,2045,0|6|13|24|41|65|99|151|227|331|483|688|933|822|668|541|450|315|265|152|92|47|28|12|6|1|0|0|0|0|0,6460
Louisiana,SUV,PHEV,2046,0|5|13|25|42|67|103|154|230|342|495|707|979|920|803|645|513|416|282|228|125|72|35|20|8|4|0|0|0|0|0,7233
Louisiana,SUV,PHEV,2047,0|5|12|25|43|69|106|160|234|346|507|721|1006|965|899|776|612|475|373|242|186|97|53|25|14|5|3|0|0|0|0,7959
Louisiana,SUV,PHEV,2048,0|5|12|24|43|71|109|162|241|351|510|734|1022|991|943|868|736|566|425|320|198|145|72|38|17|9|4|2|0|0|0,8618
Louisiana,SUV,PHEV,2049,0|5|12|24|42|71|112|166|243|358|516|737|1035|1007|969|911|824|681|507|365|261|154|107|51|26|11|6|2|1|0|0,9204
Louisiana,SUV,PHEV,2050,0|5|11|24|42|69|112|171|249|358|523|744|1037|1020|984|936|864|762|610|435|298|203|114|76|35|17|7|4|2|1|0,9713
Maine,Car,BEV,2020,0|0|0|0|0|0|0|0|0|0|0|0|0|0|0|0|0|0|0|0|0|0|0|0|0|0|0|0|0|0|0,0
Maine,Car,BEV,2021,0|0|0|0|0|0|0|0|0|0|0|0|0|0|0|0|0|0|0|0|0|0|0|0|0|0|0|0|0|0|0,0
Maine,Car,BEV,2022,0|0|0|0|0|0|0|0|0|0|0|0|0|0|0|0|0|0|0|0|0|0|0|0|0|0|0|0|0|0|0,0
Maine,Car,BEV,2023,0|0|0|0|0|0|0|0|0|0|0|0|0|0|0|0|0|0|0|0|0|0|0|0|0|0|0|0|0|0|0,0
Maine,Car,BEV,2024,0|0|0|0|0|0|1|0|0|0|1|0|0|0|0|0|0|0|0|0|0|0|0|0|0|0|0|0|0|0|0,2
Maine,Car,BEV,2025,0|0|0|0|0|0|1|3|0|0|1|3|0|0|0|0|0|0|0|0|0|0|0|0|0|0|0|0|0|0|0,8
Maine,Car,BEV,2026,0|0|0|0|1|1|1|3|5|1|1|3|5|0|0|0|0|0|0|0|0|0|0|0|0|0|0|0|0|0|0,21
Maine,Car,BEV,2027,0|1|1|0|1|2|3|2|5|10|2|3|5|5|0|0|0|0|0|0|0|0|0|0|0|0|0|0|0|0|0,40
Maine,Car,BEV,2028,0|1|3|3|0|3|4|5|4|10|16|4|5|5|5|0|0|0|0|0|0|0|0|0|0|0|0|0|0|0|0,68
Maine,Car,BEV,2029,0|2|3|5|6|1|5|8|9|7|16|24|6|5|5|5|0|0|0|0|0|0|0|0|0|0|0|0|0|0|0,107
Maine,Car,BEV,2030,0|2|4|7|10|11|3|9|13|14|12|24|33|6|5|5|4|0|0|0|0|0|0|0|0|0|0|0|0|0|0,162
Maine,Car,BEV,2031,0|2|5|9|12|16|18|6|15|20|21|18|34|33|6|5|4|4|0|0|0|0|0|0|0|0|0|0|0|0|0,228
Maine,Car,BEV,2032,0|2|6|10|15|19|25|29|11|24|31|32|27|34|32|5|4|4|4|0|0|0|0|0|0|0|0|0|0|0|0,314
Maine,Car,BEV,2033,0|2|6|11|17|24|30|39|45|18|36|47|46|26|33|31|5|4|4|3|0|0|0|0|0|0|0|0|0|0|0,427
Maine,Car,BEV,2034,0|3|7|12|19|28|39|48|60|70|29|53|66|46|26|32|30|5|4|3|3|0|0|0|0|0|0|0|0|0|0,583
Maine,Car,BEV,2035,0|3|8|14|21|31|46|62|76|91|105|44|77|65|45|25|30|27|4|3|3|2|0|0|0|0|0|0|0|0|0,782
Maine,Car,BEV,2036,0|4|8|15|23|35|51|74|96|117|138|155|63|76|63|43|23|28|24|4|3|2|1|0|0|0|0|0|0|0|0,1046
Maine,Car,BEV,2037,0|5|10|15|26|38|55|80|115|147|177|205|222|62|74|61|41|22|25|21|3|2|1|1|0|0|0|0|0|0|0,1408
Maine,Car,BEV,2038,0|5|11|18|27|44|61|87|127|175|223|263|292|219|61|71|58|38|19|22|17|2|1|1|1|0|0|0|0|0|0,1843
Maine,Car,BEV,2039,0|5|11|20|31|45|72|98|137|196|263|330|378|288|214|59|68|54|34|17|18|13|2|1|1|0|0|0|0|0|0,2355
Maine,Car,BEV,2040,0|6|12|22|35|51|74|113|153|211|296|388|471|372|281|207|56|63|48|29|14|14|10|1|1|0|0|0|0|0|0,2928
Maine,Car,BEV,2041,0|6|13|23|39|59|82|118|177|234|319|438|554|464|364|272|196|51|56|41|24|11|10|7|1|0|0|0|0|0|0,3559
Maine,Car,BEV,2042,0|6|15|25|40|63|94|130|186|270|354|471|627|545|454|351|258|182|46|48|34|18|8|7|5|1|0|0|0|0|0,4238
Maine,Car,BEV,2043,0|6|15|27|43|65|100|147|202|286|407|520|674|618|533|438|333|239|163|40|39|26|14|6|5|3|0|0|0|0|0,4949
Maine,Car,BEV,2044,0|6|15|28|46|71|104|154|224|310|431|600|743|664|604|515|416|309|214|140|32|31|19|10|4|3|2|0|0|0|0,5695
Maine,Car,BEV,2045,0|6|15|29|48|75|112|162|234|338|463|635|855|733|649|584|489|385|276|183|114|25|23|14|7|3|2|1|0|0|0,6460
Maine,Car,BEV,2046,0|6|15|30|49|78|119|174|246|352|500|677|908|843|716|627|554|452|344|237|150|89|19|16|9|4|2|1|1|0|0,7218
Maine,Car,BEV,2047,0|6|15|30|51|80|122|183|263|368|519|724|962|894|824|692|595|513|405|296|194|116|66|13|11|6|3|1|1|1|0,7954
Maine,Car,BEV,2048,0|6|15|30|52|84|127|188|277|394|544|752|1021|948|874|796|656|550|459|348|242|151|86|47|9|7|4|2|1|1|0,8671
Maine,Car,BEV,2049,0|6|15|30|53|87|134|196|286|413|580|789|1060|1007|926|844|755|607|493|394|284|188|112|61|32|6|5|3|1|0|0,9367
Maine,Car,BEV,2050,0|6|15|30|53|88|138|206|297|428|607|836|1111|1044|984|895|801|699|544|423|322|221|139|79|42|21|4|3|2|1|0,10039
Maine,Car,PHEV,2020,0|0|0|0|0|0|0|0|0|0|0|0|0|0|0|0|0|0|0|0|0|0|0|0|0|0|0|0|0|0|0,0
Maine,Car,PHEV,2021,0|0|0|0|0|0|0|1|0|0|0|0|0|0|0|0|0|0|0|0|0|0|0|0|0|0|0|0|0|0|0,1
Maine,Car,PHEV,2022,0|0|0|0|0|0|0|0|2|0|0|0|0|0|0|0|0|0|0|0|0|0|0|0|0|0|0|0|0|0|0,2
Maine,Car,PHEV,2023,0|0|0|0|0|0|1|1|1|4|0|0|0|0|0|0|0|0|0|0|0|0|0|0|0|0|0|0|0|0|0,7
Maine,Car,PHEV,2024,0|0|0|0|0|0|1|2|3|2|6|0|0|0|0|0|0|0|0|0|0|0|0|0|0|0|0|0|0|0|0,14
Maine,Car,PHEV,2025,0|0|0|0|0|0|0|3|4|5|4|11|0|0|0|0|0|0|0|0|0|0|0|0|0|0|0|0|0|0|0,27
Maine,Car,PHEV,2026,0|0|0|0|0|0|0|1|5|7|10|6|17|0|0|0|0|0|0|0|0|0|0|0|0|0|0|0|0|0|0,46
Maine,Car,PHEV,2027,0|0|0|0|0|0|1|1|3|10|12|16|10|16|0|0|0|0|0|0|0|0|0|0|0|0|0|0|0|0|0,69
Maine,Car,PHEV,2028,0|0|0|0|0|0|0|3|3|5|16|18|23|10|16|0|0|0|0|0|0|0|0|0|0|0|0|0|0|0|0,94
Maine,Car,PHEV,2029,0|0|0|0|0|0|0|1|5|5|9|25|27|22|9|16|0|0|0|0|0|0|0|0|0|0|0|0|0|0|0,119
Maine,Car,PHEV,2030,0|0|0|0|0|1|0|0|3|9|9|14|36|26|22|9|15|0|0|0|0|0|0|0|0|0|0|0|0|0|0,144
Maine,Car,PHEV,2031,0|0|0|0|1|1|4|1|1|5|14|14|20|36|26|21|9|14|0|0|0|0|0|0|0|0|0|0|0|0|0,167
Maine,Car,PHEV,2032,0|0|0|1|1|4|4|7|2|3|9|21|20|19|35|25|20|8|12|0|0|0|0|0|0|0|0|0|0|0|0,191
Maine,Car,PHEV,2033,0|0|0|1|3|4|7|7|11|5|6|14|30|19|19|34|23|18|7|11|0|0|0|0|0|0|0|0|0|0|0,219
Maine,Car,PHEV,2034,0|0|0|1|3|6|7|13|12|17|8|10|20|29|19|18|32|22|17|6|9|0|0|0|0|0|0|0|0|0|0,249
Maine,Car,PHEV,2035,0|0|1|1|3|6|10|13|20|19|24|13|15|19|28|18|17|30|19|14|5|7|0|0|0|0|0|0|0|0|0,282
Maine,Car,PHEV,2036,0|0|1|3|3|6|11|16|20|29|28|35|19|15|19|27|17|16|27|17|12|4|5|0|0|0|0|0|0|0|0,330
Maine,Car,PHEV,2037,0|0|1|3|5|7|11|17|25|29|43|42|48|18|14|18|26|16|14|23|14|9|3|4|0|0|0|0|0|0|0,390
Maine,Car,PHEV,2038,0|0|1|3|5|9|12|18|26|38|44|62|59|47|18|14|17|24|14|12|19|11|7|2|2|0|0|0|0|0|0,464
Maine,Car,PHEV,2039,0|0|1|3|6|9|15|20|28|40|56|63|89|58|46|17|13|16|22|12|10|15|8|5|1|2|0|0|0|0|0,555
Maine,Car,PHEV,2040,0|0|1|3|6|10|15|24|31|44|60|82|90|88|57|45|17|12|14|19|10|8|11|6|3|1|1|0|0|0|0,658
Maine,Car,PHEV,2041,0|0|1|3|6|10|16|24|37|49|67|88|116|89|86|55|43|15|11|12|15|8|6|8|4|2|1|1|0|0|0,773
Maine,Car,PHEV,2042,0|0|2|3|6|11|16|25|38|56|76|98|126|114|87|83|52|39|14|9|10|12|6|4|5|3|1|0|0|0|0,896
Maine,Car,PHEV,2043,0|0|2|4|6|11|17|26|39|57|84|113|140|124|112|84|79|48|35|12|8|8|9|4|3|4|2|1|0|0|0,1032
Maine,Car,PHEV,2044,0|0|2|4|8|11|17|26|40|58|85|125|161|138|121|108|80|73|43|30|10|6|6|6|3|2|2|1|1|0|0,1167
Maine,Car,PHEV,2045,0|0|2|4|8|13|17|26|40|60|86|126|177|159|134|117|102|74|65|37|25|7|4|4|4|2|1|2|1|0|0,1297
Maine,Car,PHEV,2046,0|0|2|5|8|13|19|26|40|59|88|127|179|174|155|130|111|95|66|56|30|19|6|3|3|3|1|1|1|0|0,1420
Maine,Car,PHEV,2047,0|0|2|5|9|13|19|29|40|60|87|129|180|176|170|150|123|103|85|57|46|24|14|4|2|2|2|1|1|1|0,1534
Maine,Car,PHEV,2048,0|0|2|4|9|14|19|29|44|60|88|127|181|177|172|165|142|114|92|73|46|36|17|10|3|1|1|1|1|0|0,1628
Maine,Car,PHEV,2049,0|0|1|4|8|14|20|29|44|64|88|128|178|178|173|166|156|132|102|79|60|36|26|12|7|2|1|1|1|0|0,1710
Maine,Car,PHEV,2050,0|0|1|3|8|13|20|30|44|64|92|129|179|175|174|167|158|145|118|88|65|46|27|19|8|5|1|1|1|1|0,1782
Maine,SUV,BEV,2020,0|0|0|0|0|0|0|0|0|0|0|0|0|0|0|0|0|0|0|0|0|0|0|0|0|0|0|0|0|0|0,0
Maine,SUV,BEV,2021,0|0|0|0|0|0|0|0|0|0|0|0|0|0|0|0|0|0|0|0|0|0|0|0|0|0|0|0|0|0|0,0
Maine,SUV,BEV,2022,0|0|0|0|0|0|0|0|0|0|0|0|0|0|0|0|0|0|0|0|0|0|0|0|0|0|0|0|0|0|0,0
Maine,SUV,BEV,2023,0|0|0|0|0|0|0|0|0|0|0|0|0|0|0|0|0|0|0|0|0|0|0|0|0|0|0|0|0|0|0,0
Maine,SUV,BEV,2024,0|0|0|0|0|0|0|0|0|0|0|0|0|0|0|0|0|0|0|0|0|0|0|0|0|0|0|0|0|0|0,0
Maine,SUV,BEV,2025,0|0|1|1|1|0|0|0|0|0|0|0|0|0|0|0|0|0|0|0|0|0|0|0|0|0|0|0|0|0|0,3
Maine,SUV,BEV,2026,0|1|1|3|3|3|1|0|0|1|0|0|0|0|0|0|0|0|0|0|0|0|0|0|0|0|0|0|0|0|0,13
Maine,SUV,BEV,2027,0|1|3|3|5|5|5|2|0|1|3|1|0|0|0|0|0|0|0|0|0|0|0|0|0|0|0|0|0|0|0,29
Maine,SUV,BEV,2028,0|2|3|5|6|10|10|8|4|1|3|5|2|0|0|0|0|0|0|0|0|0|0|0|0|0|0|0|0|0|0,59
Maine,SUV,BEV,2029,0|2|4|7|9|11|16|16|13|7|3|5|7|2|0|0|0|0|0|0|0|0|0|0|0|0|0|0|0|0|0,102
Maine,SUV,BEV,2030,0|2|6|9|12|15|19|25|25|21|12|5|7|7|2|0|0|0|0|0|0|0|0|0|0|0|0|0|0|0|0,167
Maine,SUV,BEV,2031,0|4|7|12|15|20|24|30|40|38|32|18|9|7|7|2|0|0|0|0|0|0|0|0|0|0|0|0|0|0|0,265
Maine,SUV,BEV,2032,0|5|10|13|21|26|32|38|48|62|57|48|27|9|7|6|2|0|0|0|0|0|0|0|0|0|0|0|0|0|0,411
Maine,SUV,BEV,2033,0|5|11|19|24|35|43|50|58|75|92|83|69|26|9|6|6|2|0|0|0|0|0|0|0|0|0|0|0|0|0,613
Maine,SUV,BEV,2034,0|6|12|20|33|41|56|69|79|89|115|137|119|68|26|8|6|6|1|0|0|0|0|0|0|0|0|0|0|0|0,891
Maine,SUV,BEV,2035,0|6|15|24|35|53|68|89|109|120|134|170|196|117|66|25|8|6|5|1|0|0|0|0|0|0|0|0|0|0|0,1247
Maine,SUV,BEV,2036,0|7|16|30|42|58|84|109|141|168|184|198|244|193|115|64|23|7|5|4|1|0|0|0|0|0|0|0|0|0|0,1693
Maine,SUV,BEV,2037,0|7|17|31|51|70|95|134|172|216|255|272|283|240|188|111|61|22|6|4|4|1|0|0|0|0|0|0|0|0|0,2240
Maine,SUV,BEV,2038,0|8|19|34|55|84|112|151|209|266|327|377|391|279|235|182|105|56|19|6|4|3|1|0|0|0|0|0|0|0|0,2923
Maine,SUV,BEV,2039,0|8|21|37|61|92|136|176|236|323|404|484|540|386|273|227|173|97|50|17|5|3|2|0|0|0|0|0|0|0|0,3751
Maine,SUV,BEV,2040,0|9|22|40|65|102|149|215|275|362|489|600|694|532|377|263|215|160|87|43|14|4|2|1|0|0|0|0|0|0|0,4720
Maine,SUV,BEV,2041,0|10|24|43|71|109|165|237|333|423|548|723|859|684|520|364|250|199|143|75|35|11|3|1|1|0|0|0|0|0|0,5831
Maine,SUV,BEV,2042,0|10|25|46|75|118|176|260|368|510|638|808|1035|847|669|502|345|231|178|123|61|27|8|2|1|1|0|0|0|0|0,7064
Maine,SUV,BEV,2043,0|10|26|49|81|125|190|278|402|563|768|939|1156|1020|828|646|477|320|207|153|100|47|20|6|1|1|0|0|0|0|0,8413
Maine,SUV,BEV,2044,0|12|27|51|86|134|201|298|431|614|846|1129|1341|1139|997|799|613|441|286|178|125|78|35|14|4|1|0|0|0|0|0,9880
Maine,SUV,BEV,2045,0|13|30|53|88|142|215|315|460|657|921|1243|1611|1322|1114|963|759|567|395|246|145|97|58|25|10|3|1|0|0|0|0,11453
Maine,SUV,BEV,2046,0|13|31|58|93|146|227|336|485|698|984|1350|1771|1587|1292|1076|914|702|508|339|201|113|72|41|17|7|2|0|0|0|0,13063
Maine,SUV,BEV,2047,0|13|32|60|99|153|233|352|516|735|1040|1442|1921|1745|1551|1248|1021|846|629|436|277|156|84|51|28|11|4|1|0|0|0,14684
Maine,SUV,BEV,2048,0|13|32|61|104|163|243|362|539|776|1094|1518|2048|1893|1706|1498|1184|945|757|540|356|215|116|59|35|19|8|3|1|0|0,16288
Maine,SUV,BEV,2049,0|13|33|62|106|170|258|377|552|809|1148|1593|2151|2018|1851|1647|1422|1096|846|650|441|277|159|82|41|24|12|5|2|0|0,17845
Maine,SUV,BEV,2050,0|13|33|64|108|174|270|397|572|825|1195|1665|2252|2120|1973|1787|1563|1316|981|726|531|343|205|113|56|27|15|8|3|1|0,19336
Maine,SUV,PHEV,2020,0|0|0|0|0|0|0|0|0|0|0|0|0|0|0|0|0|0|0|0|0|0|0|0|0|0|0|0|0|0|0,0
Maine,SUV,PHEV,2021,0|0|0|0|0|0|0|0|0|0|0|0|0|0|0|0|0|0|0|0|0|0|0|0|0|0|0|0|0|0|0,0
Maine,SUV,PHEV,2022,0|0|0|0|0|0|0|0|0|0|0|0|0|0|0|0|0|0|0|0|0|0|0|0|0|0|0|0|0|0|0,0
Maine,SUV,PHEV,2023,0|0|0|0|0|0|0|0|0|0|0|0|0|0|0|0|0|0|0|0|0|0|0|0|0|0|0|0|0|0|0,0
Maine,SUV,PHEV,2024,0|0|0|0|0|0|0|0|0|0|0|0|0|0|0|0|0|0|0|0|0|0|0|0|0|0|0|0|0|0|0,0
Maine,SUV,PHEV,2025,0|0|1|1|1|0|0|0|0|1|0|0|0|0|0|0|0|0|0|0|0|0|0|0|0|0|0|0|0|0|0,4
Maine,SUV,PHEV,2026,0|0|1|3|3|3|0|0|0|1|3|1|1|0|0|0|0|0|0|0|0|0|0|0|0|0|0|0|0|0|0,16
Maine,SUV,PHEV,2027,0|0|0|3|5|5|5|1|0|1|3|5|3|1|0|0|0|0|0|0|0|0|0|0|0|0|0|0|0|0|0,32
Maine,SUV,PHEV,2028,0|0|0|0|5|10|10|10|3|1|3|5|7|3|1|0|0|0|0|0|0|0|0|0|0|0|0|0|0|0|0,58
Maine,SUV,PHEV,2029,0|0|0|0|0|10|16|16|16|5|3|5|7|7|3|1|0|0|0|0|0|0|0|0|0|0|0|0|0|0|0,89
Maine,SUV,PHEV,2030,0|0|0|1|1|1|16|25|25|26|9|5|9|7|7|3|1|0|0|0|0|0|0|0|0|0|0|0|0|0|0,136
Maine,SUV,PHEV,2031,0|0|1|1|3|3|3|27|39|38|41|14|7|9|7|6|3|1|0|0|0|0|0|0|0|0|0|0|0|0|0,203
Maine,SUV,PHEV,2032,0|0|1|3|3|5|6|6|43|60|57|61|20|7|9|6|6|2|1|0|0|0|0|0|0|0|0|0|0|0|0,296
Maine,SUV,PHEV,2033,0|1|1|3|5|6|10|11|11|68|90|83|90|19|7|8|6|6|2|1|0|0|0|0|0|0|0|0|0|0|0,428
Maine,SUV,PHEV,2034,0|2|4|4|6|9|11|16|17|18|103|135|120|88|19|6|8|6|5|2|1|0|0|0|0|0|0|0|0|0|0,580
Maine,SUV,PHEV,2035,0|2|5|7|8|11|15|18|25|26|27|154|194|118|86|18|6|7|5|4|2|0|0|0|0|0|0|0|0|0|0,738
Maine,SUV,PHEV,2036,0|1|5|9|13|14|18|24|27|39|40|41|221|191|116|83|17|6|6|4|4|1|0|0|0|0|0|0|0|0|0,880
Maine,SUV,PHEV,2037,0|1|4|9|15|21|23|28|38|42|59|57|58|218|187|112|79|16|5|6|4|3|1|0|0|0|0|0|0|0|0,986
Maine,SUV,PHEV,2038,0|1|3|7|15|23|32|36|45|59|64|86|82|57|213|180|106|73|14|4|5|3|2|1|0|0|0|0|0|0|0,1111
Maine,SUV,PHEV,2039,0|1|4|6|13|23|35|49|56|69|87|94|124|80|56|206|171|98|65|12|4|4|2|1|0|0|0|0|0|0|0,1260
Maine,SUV,PHEV,2040,0|1|4|7|11|21|36|53|73|85|103|128|134|122|79|54|195|158|88|56|10|3|3|1|1|0|0|0|0|0|0,1426
Maine,SUV,PHEV,2041,0|1|4|7|13|18|34|54|81|108|125|150|181|132|119|76|51|181|142|75|46|8|2|2|1|1|0|0|0|0|0,1612
Maine,SUV,PHEV,2042,0|2|4|7|13|20|29|52|82|119|157|182|212|178|129|115|72|47|162|122|62|36|6|1|1|1|0|0|0|0|0,1811
Maine,SUV,PHEV,2043,0|2|5|8|13|20|33|47|79|122|175|226|257|209|174|124|109|67|42|139|99|48|26|4|1|1|0|0|0|0|0,2030
Maine,SUV,PHEV,2044,0|2|5|9|14|21|33|51|73|119|180|250|315|253|205|168|118|101|60|36|114|77|35|19|3|1|1|0|0|0|0,2263
Maine,SUV,PHEV,2045,0|2|5|9|15|22|34|51|78|112|177|259|350|310|247|198|160|109|91|51|30|88|57|25|13|2|0|0|0|0|0,2495
Maine,SUV,PHEV,2046,0|2|6|9|15|24|35|52|79|118|168|257|364|345|303|239|187|148|98|78|42|23|65|41|17|9|1|0|0|0|0,2725
Maine,SUV,PHEV,2047,0|2|6|10|15|24|37|53|80|119|176|247|364|358|337|293|226|174|132|84|64|33|17|46|28|12|6|1|0|0|0,2944
Maine,SUV,PHEV,2048,0|2|6|10|16|24|38|56|81|119|178|255|354|358|350|326|278|210|155|114|69|49|24|12|32|19|8|4|1|0|0,3148
Maine,SUV,PHEV,2049,0|2|5|10|16|25|38|57|84|121|177|257|363|349|350|338|309|257|188|133|93|53|37|17|8|21|12|5|2|0|0,3327
Maine,SUV,PHEV,2050,0|2|5|9|16|25|39|58|86|124|178|255|363|357|341|338|321|286|230|161|109|72|39|26|12|6|14|8|3|2|0,3485
Maryland,Car,BEV,2020,0|1|2|0|1|2|2|0|0|0|0|0|0|0|0|0|0|0|0|0|0|0|0|0|0|0|0|0|0|0|0,8
Maryland,Car,BEV,2021,0|1|3|4|1|3|4|7|0|0|0|0|0|0|0|0|0|0|0|0|0|0|0|0|0|0|0|0|0|0|0,23
Maryland,Car,BEV,2022,0|1|3|5|9|3|5|9|13|0|0|0|0|0|0|0|0|0|0|0|0|0|0|0|0|0|0|0|0|0|0,48
Maryland,Car,BEV,2023,0|2|3|5|10|15|5|10|14|22|0|0|0|0|0|0|0|0|0|0|0|0|0|0|0|0|0|0|0|0|0,86
Maryland,Car,BEV,2024,0|2|5|7|9|16|26|9|15|23|35|0|0|0|0|0|0|0|0|0|0|0|0|0|0|0|0|0|0|0|0,147
Maryland,Car,BEV,2025,0|2|7|10|12|15|27|43|15|24|36|52|0|0|0|0|0|0|0|0|0|0|0|0|0|0|0|0|0|0|0,243
Maryland,Car,BEV,2026,0|9|6|13|18|20|24|45|69|24|37|53|77|0|0|0|0|0|0|0|0|0|0|0|0|0|0|0|0|0|0,395
Maryland,Car,BEV,2027,0|14|23|11|22|30|32|37|72|107|36|54|78|76|0|0|0|0|0|0|0|0|0|0|0|0|0|0|0|0|0,592
Maryland,Car,BEV,2028,0|16|35|44|19|37|49|51|57|113|162|53|79|77|74|0|0|0|0|0|0|0|0|0|0|0|0|0|0|0|0,866
Maryland,Car,BEV,2029,0|20|42|69|78|32|59|78|80|87|170|241|77|78|75|71|0|0|0|0|0|0|0|0|0|0|0|0|0|0|0,1257
Maryland,Car,BEV,2030,0|23|51|83|122|131|52|95|123|123|131|251|348|76|76|72|68|0|0|0|0|0|0|0|0|0|0|0|0|0|0,1825
Maryland,Car,BEV,2031,0|27|60|101|147|205|212|83|149|191|188|193|360|343|74|73|69|63|0|0|0|0|0|0|0|0|0|0|0|0|0,2538
Maryland,Car,BEV,2032,0|28|68|117|179|247|334|338|130|230|291|278|276|355|335|71|69|63|56|0|0|0|0|0|0|0|0|0|0|0|0,3465
Maryland,Car,BEV,2033,0|29|71|133|206|302|403|533|531|200|350|432|398|272|347|324|68|64|57|48|0|0|0|0|0|0|0|0|0|0|0,4768
Maryland,Car,BEV,2034,0|33|76|139|234|346|491|642|837|819|301|518|621|392|266|335|307|63|58|49|39|0|0|0|0|0|0|0|0|0|0,6566
Maryland,Car,BEV,2035,0|35|84|150|247|392|562|783|1007|1293|1240|444|742|611|384|257|318|284|56|49|40|31|0|0|0|0|0|0|0|0|0,9009
Maryland,Car,BEV,2036,0|40|90|163|264|415|638|896|1228|1556|1960|1834|634|732|598|370|244|294|255|48|40|31|23|0|0|0|0|0|0|0|0,12353
Maryland,Car,BEV,2037,0|45|101|177|286|443|676|1019|1403|1894|2357|2902|2627|625|715|577|352|226|263|219|39|31|23|16|0|0|0|0|0|0|0,17016
Maryland,Car,BEV,2038,0|47|115|197|312|479|721|1079|1600|2164|2869|3489|4163|2588|611|691|548|325|202|226|179|31|23|16|11|0|0|0|0|0|0,22686
Maryland,Car,BEV,2039,0|50|121|223|345|521|777|1150|1694|2472|3276|4245|5001|4102|2530|590|655|507|291|173|185|139|23|16|11|7|0|0|0|0|0,29104
Maryland,Car,BEV,2040,0|53|127|234|388|576|844|1235|1803|2616|3747|4844|6083|4928|4009|2443|560|607|454|250|142|144|103|16|11|7|5|0|0|0|0,36229
Maryland,Car,BEV,2041,0|55|136|246|408|641|931|1340|1932|2781|3965|5546|6938|5994|4817|3872|2318|518|543|390|204|110|106|73|11|8|5|3|0|0|0,43891
Maryland,Car,BEV,2042,0|58|142|263|428|671|1022|1470|2087|2972|4208|5866|7950|6836|5859|4652|3674|2146|464|466|319|159|82|75|50|7|5|3|2|0|0,51936
Maryland,Car,BEV,2043,0|60|148|275|456|703|1067|1590|2277|3199|4485|6215|8404|7833|6682|5659|4415|3401|1921|398|381|248|118|58|52|34|5|3|2|1|0,60090
Maryland,Car,BEV,2044,0|61|152|285|479|748|1116|1655|2430|3468|4812|6610|8891|8281|7657|6453|5369|4086|3044|1649|326|296|183|83|40|35|22|3|2|1|1,68238
Maryland,Car,BEV,2045,0|63|155|293|495|786|1184|1725|2515|3649|5187|7070|9438|8761|8094|7395|6124|4970|3658|2613|1348|253|219|130|57|27|23|14|2|1|1,76250
Maryland,Car,BEV,2046,0|63|160|301|509|811|1242|1823|2614|3759|5390|7583|10068|9300|8564|7817|7017|5668|4449|3139|2137|1048|187|156|89|38|18|15|9|1|1,83976
Maryland,Car,BEV,2047,0|63|161|309|524|834|1282|1911|2753|3894|5523|7796|10756|9921|9090|8271|7418|6495|5073|3818|2567|1660|776|133|107|60|25|11|10|6|1,91248
Maryland,Car,BEV,2048,0|63|160|312|536|860|1320|1973|2883|4084|5705|7957|10966|10598|9697|8779|7848|6866|5814|4355|3122|1995|1229|551|91|72|39|16|7|6|4,97908
Maryland,Car,BEV,2049,0|62|160|311|542|880|1363|2037|2973|4275|5964|8196|11155|10805|10359|9365|8331|7264|6146|4990|3561|2426|1477|873|378|61|47|26|11|5|4,104047
Maryland,Car,BEV,2050,0|63|159|308|541|891|1396|2104|3078|4405|6236|8545|11464|10991|10562|10005|8887|7710|6502|5275|4080|2767|1796|1048|599|253|40|31|16|7|3,109762
Maryland,Car,PHEV,2020,0|0|1|1|2|1|2|0|0|0|0|0|0|0|0|0|0|0|0|0|0|0|0|0|0|0|0|0|0|0|0,7
Maryland,Car,PHEV,2021,0|0|0|3|3|4|3|7|0|0|0|0|0|0|0|0|0|0|0|0|0|0|0|0|0|0|0|0|0|0|0,20
Maryland,Car,PHEV,2022,0|0|0|0|5|5|8|5|13|0|0|0|0|0|0|0|0|0|0|0|0|0|0|0|0|0|0|0|0|0|0,36
Maryland,Car,PHEV,2023,0|0|0|0|1|10|10|13|10|23|0|0|0|0|0|0|0|0|0|0|0|0|0|0|0|0|0|0|0|0|0,67
Maryland,Car,PHEV,2024,0|0|0|1|1|3|15|16|22|16|38|0|0|0|0|0|0|0|0|0|0|0|0|0|0|0|0|0|0|0|0,112
Maryland,Car,PHEV,2025,0|0|0|0|3|3|5|24|27|35|25|57|0|0|0|0|0|0|0|0|0|0|0|0|0|0|0|0|0|0|0,179
Maryland,Car,PHEV,2026,0|3|0|0|1|5|5|10|37|43|54|39|86|0|0|0|0|0|0|0|0|0|0|0|0|0|0|0|0|0|0,283
Maryland,Car,PHEV,2027,0|3|6|0|0|3|10|10|17|57|66|80|56|84|0|0|0|0|0|0|0|0|0|0|0|0|0|0|0|0|0,392
Maryland,Car,PHEV,2028,0|4|8|12|2|1|6|16|16|28|86|98|115|55|82|0|0|0|0|0|0|0|0|0|0|0|0|0|0|0|0,529
Maryland,Car,PHEV,2029,0|4|10|15|19|5|4|11|25|25|44|128|142|113|54|80|0|0|0|0|0|0|0|0|0|0|0|0|0|0|0,679
Maryland,Car,PHEV,2030,0|5|10|19|24|29|9|7|17|39|39|65|185|140|111|52|76|0|0|0|0|0|0|0|0|0|0|0|0|0|0,827
Maryland,Car,PHEV,2031,0|5|12|19|34|40|45|15|13|26|59|58|95|182|136|107|49|70|0|0|0|0|0|0|0|0|0|0|0|0|0,965
Maryland,Car,PHEV,2032,0|5|12|22|34|56|64|69|21|20|40|87|86|94|178|132|102|46|63|0|0|0|0|0|0|0|0|0|0|0|0,1131
Maryland,Car,PHEV,2033,0|6|14|23|39|56|89|101|105|31|31|57|125|84|92|172|125|94|41|54|0|0|0|0|0|0|0|0|0|0|0,1339
Maryland,Car,PHEV,2034,0|6|15|28|41|65|89|141|156|157|45|46|83|123|82|89|163|116|84|35|44|0|0|0|0|0|0|0|0|0|0,1608
Maryland,Car,PHEV,2035,0|7|16|30|48|70|106|141|216|238|232|63|64|81|120|80|84|151|104|72|29|34|0|0|0|0|0|0|0|0|0,1986
Maryland,Car,PHEV,2036,0|7|17|32|52|79|114|168|218|330|358|337|86|63|80|116|76|78|135|89|59|22|25|0|0|0|0|0|0|0|0,2541
Maryland,Car,PHEV,2037,0|8|18|34|57|88|129|182|261|334|495|525|478|85|62|77|110|70|70|116|73|46|17|18|0|0|0|0|0|0|0,3353
Maryland,Car,PHEV,2038,0|8|20|36|60|96|144|206|285|401|502|727|749|471|83|59|73|102|63|60|95|56|34|12|12|0|0|0|0|0|0,4354
Maryland,Car,PHEV,2039,0|8|21|39|64|100|155|231|324|440|605|737|1037|738|460|80|56|67|91|54|49|74|42|24|8|8|0|0|0|0|0,5512
Maryland,Car,PHEV,2040,0|8|21|40|68|106|162|247|363|502|668|893|1051|1022|722|444|76|52|60|78|44|38|55|30|17|5|5|0|0|0|0,6777
Maryland,Car,PHEV,2041,0|9|21|40|69|112|172|258|387|561|762|988|1276|1036|999|697|422|71|47|52|64|34|28|39|20|11|4|4|0|0|0,8183
Maryland,Car,PHEV,2042,0|9|23|41|71|115|179|272|403|599|851|1128|1415|1258|1012|965|661|390|63|40|42|50|25|20|27|14|7|2|2|0|0,9684
Maryland,Car,PHEV,2043,0|9|24|44|72|117|182|280|421|618|906|1261|1618|1394|1229|978|916|612|349|54|33|33|37|18|14|18|9|5|1|1|0,11253
Maryland,Car,PHEV,2044,0|10|24|45|77|118|186|282|429|642|934|1341|1807|1594|1363|1187|928|848|548|300|44|25|24|26|12|9|12|6|3|1|1,12826
Maryland,Car,PHEV,2045,0|9|25|46|78|125|187|286|427|645|961|1375|1921|1781|1558|1316|1127|859|759|470|245|34|19|17|18|8|6|8|4|2|1,14317
Maryland,Car,PHEV,2046,0|9|24|47|81|128|197|288|432|638|954|1405|1961|1892|1741|1505|1249|1043|769|651|385|191|26|13|12|12|5|4|5|2|1,15670
Maryland,Car,PHEV,2047,0|8|23|46|82|132|201|300|433|641|937|1379|1994|1932|1850|1681|1428|1156|933|660|532|299|141|18|9|8|8|4|3|3|2,16843
Maryland,Car,PHEV,2048,0|8|21|44|80|134|208|306|450|640|936|1346|1941|1965|1889|1786|1595|1322|1035|801|540|414|221|100|12|6|5|5|2|2|2,17816
Maryland,Car,PHEV,2049,0|7|21|41|77|131|210|316|457|662|933|1338|1884|1912|1921|1824|1695|1477|1183|888|655|419|306|157|69|8|4|3|3|1|1,18603
Maryland,Car,PHEV,2050,0|6|19|39|72|125|206|319|471|669|957|1332|1865|1857|1869|1855|1731|1569|1322|1015|726|509|310|217|108|46|5|3|2|2|1,19227
Maryland,SUV,BEV,2020,0|0|0|0|0|0|0|0|0|0|0|0|0|0|0|0|0|0|0|0|0|0|0|0|0|0|0|0|0|0|0,0
Maryland,SUV,BEV,2021,0|1|0|0|1|0|0|0|0|0|0|0|0|0|0|0|0|0|0|0|0|0|0|0|0|0|0|0|0|0|0,2
Maryland,SUV,BEV,2022,0|2|3|1|1|3|1|1|1|0|0|0|0|0|0|0|0|0|0|0|0|0|0|0|0|0|0|0|0|0|0,13
Maryland,SUV,BEV,2023,0|4|5|5|2|3|5|3|3|2|0|0|0|0|0|0|0|0|0|0|0|0|0|0|0|0|0|0|0|0|0,32
Maryland,SUV,BEV,2024,0|6|9|10|9|4|5|10|5|5|4|0|0|0|0|0|0|0|0|0|0|0|0|0|0|0|0|0|0|0|0,67
Maryland,SUV,BEV,2025,0|8|16|18|18|15|7|10|16|10|8|6|0|0|0|0|0|0|0|0|0|0|0|0|0|0|0|0|0|0|0,132
Maryland,SUV,BEV,2026,0|7|20|32|31|30|24|12|16|25|16|13|11|0|0|0|0|0|0|0|0|0|0|0|0|0|0|0|0|0|0,237
Maryland,SUV,BEV,2027,0|12|18|40|56|53|49|37|20|27|37|25|19|11|0|0|0|0|0|0|0|0|0|0|0|0|0|0|0|0|0,404
Maryland,SUV,BEV,2028,0|16|31|36|70|94|86|78|57|31|43|54|37|18|10|0|0|0|0|0|0|0|0|0|0|0|0|0|0|0|0,661
Maryland,SUV,BEV,2029,0|19|40|61|65|117|153|138|122|87|49|64|78|37|18|10|0|0|0|0|0|0|0|0|0|0|0|0|0|0|0,1058
Maryland,SUV,BEV,2030,0|22|48|78|108|109|191|244|217|188|130|73|92|77|36|17|10|0|0|0|0|0|0|0|0|0|0|0|0|0|0,1640
Maryland,SUV,BEV,2031,0|28|58|95|136|182|180|304|384|338|286|192|105|91|75|35|17|9|0|0|0|0|0|0|0|0|0|0|0|0|0,2515
Maryland,SUV,BEV,2032,0|30|70|113|169|228|297|290|478|594|513|424|275|104|89|72|33|15|8|0|0|0|0|0|0|0|0|0|0|0|0,3802
Maryland,SUV,BEV,2033,0|34|77|136|200|283|371|474|456|738|901|760|608|271|101|86|69|31|14|7|0|0|0|0|0|0|0|0|0|0|0,5617
Maryland,SUV,BEV,2034,0|39|87|152|240|335|462|590|746|706|1120|1336|1092|599|265|98|82|63|27|12|6|0|0|0|0|0|0|0|0|0|0,8057
Maryland,SUV,BEV,2035,0|43|99|170|267|402|544|737|926|1154|1073|1660|1919|1076|585|256|93|76|57|23|10|4|0|0|0|0|0|0|0|0|0,11174
Maryland,SUV,BEV,2036,0|48|110|193|299|446|653|869|1158|1431|1752|1591|2384|1891|1051|565|243|86|68|49|19|7|3|0|0|0|0|0|0|0|0,14916
Maryland,SUV,BEV,2037,0|50|122|216|339|500|723|1041|1364|1791|2171|2598|2283|2349|1848|1015|536|225|77|58|40|15|6|2|0|0|0|0|0|0|0,19369
Maryland,SUV,BEV,2038,0|56|128|238|379|565|809|1151|1632|2109|2716|3214|3727|2250|2296|1785|964|496|201|66|47|31|11|4|2|0|0|0|0|0|0,24877
Maryland,SUV,BEV,2039,0|58|143|251|418|632|911|1283|1800|2517|3199|4023|4608|3672|2199|2217|1694|892|444|173|54|37|23|8|3|1|0|0|0|0|0,31260
Maryland,SUV,BEV,2040,0|63|149|278|441|696|1018|1439|2000|2770|3813|4736|5770|4541|3590|2124|2104|1567|798|381|141|42|27|16|5|2|1|0|0|0|0,38512
Maryland,SUV,BEV,2041,0|65|160|290|484|734|1122|1604|2233|3066|4184|5637|6788|5686|4438|3467|2016|1947|1403|685|312|110|31|19|11|4|1|0|0|0|0,46497
Maryland,SUV,BEV,2042,0|68|167|309|506|799|1181|1769|2484|3411|4617|6172|8071|6689|5558|4287|3290|1865|1743|1204|560|242|81|22|13|7|2|1|0|0|0,55118
Maryland,SUV,BEV,2043,0|70|173|324|538|836|1278|1859|2740|3786|5118|6793|8820|7953|6538|5368|4067|3045|1670|1496|985|435|179|58|15|9|5|2|0|0|0,64160
Maryland,SUV,BEV,2044,0|72|178|334|564|887|1337|1996|2870|4173|5668|7505|9687|8690|7774|6314|5093|3765|2726|1433|1224|765|322|127|40|10|6|3|1|0|0,73564
Maryland,SUV,BEV,2045,0|76|184|345|582|928|1413|2086|3060|4361|6244|8298|10677|9546|8495|7508|5992|4714|3370|2340|1172|951|567|229|87|27|7|4|2|1|0,83266
Maryland,SUV,BEV,2046,0|78|193|357|599|956|1475|2195|3189|4614|6506|9134|11789|10521|9331|8204|7124|5546|4220|2893|1913|911|704|402|157|59|17|4|2|1|0,93094
Maryland,SUV,BEV,2047,0|79|199|374|622|985|1519|2287|3345|4800|6841|9496|12965|11617|10284|9011|7785|6594|4964|3622|2365|1487|674|500|276|105|39|11|3|2|1,102852
Maryland,SUV,BEV,2048,0|81|203|386|650|1025|1565|2350|3479|5013|7097|9928|13454|12775|11355|9932|8551|7205|5903|4261|2962|1838|1101|479|343|185|69|25|7|2|1,112225
Maryland,SUV,BEV,2049,0|81|205|395|671|1066|1627|2424|3564|5202|7386|10278|14004|13257|12488|10966|9425|7914|6450|5067|3484|2302|1361|781|329|230|122|45|16|5|1,121146
Maryland,SUV,BEV,2050,0|82|206|397|687|1101|1691|2518|3678|5316|7649|10663|14472|13799|12959|12060|10406|8723|7084|5536|4143|2708|1704|966|536|220|151|79|29|10|3,129576
Maryland,SUV,PHEV,2020,0|0|0|0|0|0|0|0|0|0|0|0|0|0|0|0|0|0|0|0|0|0|0|0|0|0|0|0|0|0|0,0
Maryland,SUV,PHEV,2021,0|0|0|0|0|1|0|1|0|0|0|0|0|0|0|0|0|0|0|0|0|0|0|0|0|0|0|0|0|0|0,2
Maryland,SUV,PHEV,2022,0|1|0|0|0|1|2|1|2|0|0|0|0|0|0|0|0|0|0|0|0|0|0|0|0|0|0|0|0|0|0,7
Maryland,SUV,PHEV,2023,0|2|3|0|0|1|3|4|3|4|0|0|0|0|0|0|0|0|0|0|0|0|0|0|0|0|0|0|0|0|0,20
Maryland,SUV,PHEV,2024,0|2|4|5|1|1|3|5|7|5|6|0|0|0|0|0|0|0|0|0|0|0|0|0|0|0|0|0|0|0|0,39
Maryland,SUV,PHEV,2025,0|2|7|9|10|3|2|5|10|12|10|11|0|0|0|0|0|0|0|0|0|0|0|0|0|0|0|0|0|0|0,81
Maryland,SUV,PHEV,2026,0|1|7|13|15|17|5|4|10|16|18|16|17|0|0|0|0|0|0|0|0|0|0|0|0|0|0|0|0|0|0,139
Maryland,SUV,PHEV,2027,0|2|3|14|23|24|28|10|7|16|25|28|24|16|0|0|0|0|0|0|0|0|0|0|0|0|0|0|0|0|0,220
Maryland,SUV,PHEV,2028,0|4|6|7|25|39|39|46|16|12|25|36|41|23|16|0|0|0|0|0|0|0|0|0|0|0|0|0|0|0|0,335
Maryland,SUV,PHEV,2029,0|4|9|12|12|43|64|61|73|26|18|37|51|41|23|16|0|0|0|0|0|0|0|0|0|0|0|0|0|0|0,490
Maryland,SUV,PHEV,2030,0|5|9|17|21|20|72|102|97|114|42|28|53|50|40|22|15|0|0|0|0|0|0|0|0|0|0|0|0|0|0,707
Maryland,SUV,PHEV,2031,0|5|12|17|28|35|33|115|160|149|174|62|41|52|49|38|21|14|0|0|0|0|0|0|0|0|0|0|0|0|0,1005
Maryland,SUV,PHEV,2032,0|6|12|22|30|46|55|52|182|247|226|259|90|41|51|48|36|19|12|0|0|0|0|0|0|0|0|0|0|0|0,1434
Maryland,SUV,PHEV,2033,0|8|16|24|39|50|75|87|81|282|374|334|374|89|40|49|45|34|17|11|0|0|0|0|0|0|0|0|0|0|0,2029
Maryland,SUV,PHEV,2034,0|8|20|31|43|65|81|121|136|125|428|552|479|368|87|38|47|42|30|15|9|0|0|0|0|0|0|0|0|0|0,2725
Maryland,SUV,PHEV,2035,0|9|22|38|56|73|105|129|191|209|190|634|794|472|360|84|36|43|37|26|12|7|0|0|0|0|0|0|0|0|0,3527
Maryland,SUV,PHEV,2036,0|9|24|43|67|93|120|167|201|295|317|281|912|782|461|348|80|34|39|32|21|9|5|0|0|0|0|0|0|0|0,4340
Maryland,SUV,PHEV,2037,0|8|24|46|75|112|150|193|260|312|447|468|402|898|764|445|330|74|30|33|26|16|7|4|0|0|0|0|0|0|0,5124
Maryland,SUV,PHEV,2038,0|9|21|46|81|125|180|237|302|399|472|661|668|396|878|738|423|305|66|26|27|20|12|5|2|0|0|0|0|0|0,6099
Maryland,SUV,PHEV,2039,0|9|24|41|80|134|201|284|367|464|602|697|947|658|387|848|700|391|273|57|21|21|15|9|3|2|0|0|0|0|0,7235
Maryland,SUV,PHEV,2040,0|9|24|46|73|133|214|314|438|560|699|887|997|933|643|374|805|648|350|235|46|16|16|11|6|2|1|0|0|0|0,8480
Maryland,SUV,PHEV,2041,0|9|24|47|81|123|214|333|484|663|838|1029|1267|983|912|621|355|745|580|301|192|36|12|11|7|4|1|1|0|0|0,9873
Maryland,SUV,PHEV,2042,0|10|25|47|82|134|199|336|512|733|987|1228|1466|1248|960|881|589|329|667|498|246|149|27|9|8|5|3|1|0|0|0,11379
Maryland,SUV,PHEV,2043,0|11|27|49|82|135|215|316|518|773|1089|1440|1744|1445|1220|928|836|545|294|572|407|191|110|19|6|5|3|2|1|0|0,12983
Maryland,SUV,PHEV,2044,0|11|28|53|86|135|217|336|493|787|1147|1586|2039|1719|1412|1178|880|774|488|252|468|317|141|78|13|4|3|2|1|0|0,14648
Maryland,SUV,PHEV,2045,0|11|29|55|91|142|216|338|517|754|1174|1668|2243|2009|1680|1364|1118|815|693|419|206|364|234|100|54|9|3|2|1|1|0,16310
Maryland,SUV,PHEV,2046,0|11|29|57|95|147|226|336|518|779|1130|1714|2357|2210|1964|1623|1294|1035|729|594|343|160|269|166|69|36|6|2|1|1|0,17901
Maryland,SUV,PHEV,2047,0|11|29|57|98|154|232|349|514|778|1154|1656|2429|2322|2160|1897|1540|1198|926|626|486|266|119|191|114|46|24|4|1|1|1,19383
Maryland,SUV,PHEV,2048,0|10|29|56|98|158|242|355|530|771|1148|1674|2354|2393|2270|2086|1800|1425|1072|795|512|378|197|84|131|76|30|15|2|1|1,20693
Maryland,SUV,PHEV,2049,0|10|27|55|97|159|247|368|536|789|1135|1659|2360|2319|2339|2192|1980|1666|1276|920|650|398|280|140|58|88|50|20|10|2|0,21830
Maryland,SUV,PHEV,2050,0|9|27|52|95|157|249|375|551|792|1153|1639|2333|2325|2267|2259|2080|1832|1491|1095|753|505|294|198|96|39|58|33|13|6|1,22777
Massachusetts,Car,BEV,2020,0|1|2|0|1|2|2|0|0|0|0|0|0|0|0|0|0|0|0|0|0|0|0|0|0|0|0|0|0|0|0,8
Massachusetts,Car,BEV,2021,0|1|3|6|1|3|4|7|0|0|0|0|0|0|0|0|0|0|0|0|0|0|0|0|0|0|0|0|0|0|0,25
Massachusetts,Car,BEV,2022,0|2|3|6|12|3|5|9|13|0|0|0|0|0|0|0|0|0|0|0|0|0|0|0|0|0|0|0|0|0|0,53
Massachusetts,Car,BEV,2023,0|2|4|5|11|21|5|10|15|22|0|0|0|0|0|0|0|0|0|0|0|0|0|0|0|0|0|0|0|0|0,95
Massachusetts,Car,BEV,2024,0|2|6|9|10|19|34|10|16|25|36|0|0|0|0|0|0|0|0|0|0|0|0|0|0|0|0|0|0|0|0,167
Massachusetts,Car,BEV,2025,0|2|7|12|15|16|30|54|16|26|40|55|0|0|0|0|0|0|0|0|0|0|0|0|0|0|0|0|0|0|0,273
Massachusetts,Car,BEV,2026,0|9|6|13|21|24|26|48|85|27|41|59|82|0|0|0|0|0|0|0|0|0|0|0|0|0|0|0|0|0|0,441
Massachusetts,Car,BEV,2027,0|14|23|11|22|34|39|42|76|131|43|60|88|80|0|0|0|0|0|0|0|0|0|0|0|0|0|0|0|0|0,663
Massachusetts,Car,BEV,2028,0|18|36|46|20|38|54|61|64|118|201|64|88|86|79|0|0|0|0|0|0|0|0|0|0|0|0|0|0|0|0,973
Massachusetts,Car,BEV,2029,0|20|46|72|81|34|62|85|96|99|180|299|92|86|84|76|0|0|0|0|0|0|0|0|0|0|0|0|0|0|0,1412
Massachusetts,Car,BEV,2030,0|25|53|88|127|135|54|99|135|147|150|267|430|91|84|81|72|0|0|0|0|0|0|0|0|0|0|0|0|0|0,2038
Massachusetts,Car,BEV,2031,0|28|63|106|153|213|222|86|155|208|224|223|384|423|89|81|77|67|0|0|0|0|0|0|0|0|0|0|0|0|0,2802
Massachusetts,Car,BEV,2032,0|29|71|123|187|257|347|353|134|238|316|332|320|378|414|86|77|72|60|0|0|0|0|0|0|0|0|0|0|0|0,3794
Massachusetts,Car,BEV,2033,0|31|75|139|216|313|417|553|554|205|361|467|477|315|369|400|82|72|64|51|0|0|0|0|0|0|0|0|0|0|0,5161
Massachusetts,Car,BEV,2034,0|33|80|147|244|361|508|665|869|853|309|533|669|470|308|357|379|76|64|55|42|0|0|0|0|0|0|0|0|0|0,7022
Massachusetts,Car,BEV,2035,0|37|86|156|258|408|585|811|1043|1341|1292|455|764|659|459|297|339|351|68|55|45|33|0|0|0|0|0|0|0|0|0,9542
Massachusetts,Car,BEV,2036,0|41|95|168|276|433|663|930|1270|1609|2033|1910|651|753|644|444|282|313|314|58|45|35|24|0|0|0|0|0|0|0|0,12991
Massachusetts,Car,BEV,2037,0|47|105|185|296|463|705|1057|1455|1958|2438|3011|2736|641|736|622|421|261|280|270|47|35|26|17|0|0|0|0|0|0|0,17812
Massachusetts,Car,BEV,2038,0|50|120|206|326|497|752|1124|1659|2240|2965|3607|4319|2696|627|711|590|390|234|241|221|37|26|18|12|0|0|0|0|0|0,23668
Massachusetts,Car,BEV,2039,0|53|127|233|363|545|807|1199|1762|2559|3388|4387|5170|4256|2635|606|674|546|349|201|197|171|27|18|13|8|0|0|0|0|0,30294
Massachusetts,Car,BEV,2040,0|56|135|247|408|605|884|1286|1880|2720|3878|5006|6286|5094|4160|2545|575|624|489|299|164|153|127|19|13|8|5|0|0|0|0,37666
Massachusetts,Car,BEV,2041,0|59|142|259|429|675|977|1404|2015|2899|4120|5738|7168|6194|4979|4018|2415|532|559|420|245|127|113|90|13|8|6|3|0|0|0,45607
Massachusetts,Car,BEV,2042,0|61|150|276|450|708|1078|1543|2189|3102|4386|6093|8223|7063|6054|4809|3812|2235|476|480|343|190|94|80|62|9|6|4|2|0|0,53978
Massachusetts,Car,BEV,2043,0|63|155|290|479|741|1125|1678|2394|3358|4685|6476|8725|8103|6904|5847|4563|3528|2001|409|392|267|141|67|55|41|6|4|2|1|0,62500
Massachusetts,Car,BEV,2044,0|64|160|300|503|785|1175|1744|2563|3651|5052|6909|9264|8598|7920|6667|5548|4223|3158|1717|334|305|197|100|46|37|27|4|2|1|1,71055
Massachusetts,Car,BEV,2045,0|66|164|309|519|823|1243|1817|2653|3851|5463|7425|9867|9129|8404|7649|6327|5135|3781|2711|1404|260|226|140|69|31|24|18|2|1|1,79512
Massachusetts,Car,BEV,2046,0|66|167|317|536|851|1303|1916|2756|3967|5690|7992|10575|9722|8923|8116|7258|5856|4597|3245|2217|1091|192|160|96|46|20|16|11|2|1,87705
Massachusetts,Car,BEV,2047,0|67|169|324|549|878|1346|2008|2894|4109|5835|8234|11339|10420|9503|8618|7702|6718|5242|3946|2653|1723|808|136|110|64|30|13|10|7|1,95456
Massachusetts,Car,BEV,2048,0|65|170|327|564|901|1390|2072|3030|4301|6025|8411|11587|11173|10186|9178|8177|7128|6013|4499|3226|2062|1275|573|94|74|42|20|8|7|5,102583
Massachusetts,Car,BEV,2049,0|65|166|328|570|925|1430|2141|3125|4497|6286|8660|11798|11417|10921|9837|8709|7568|6381|5162|3679|2507|1526|905|394|63|48|28|13|5|4,109158
Massachusetts,Car,BEV,2050,0|65|166|324|571|938|1467|2206|3235|4632|6566|9012|12120|11625|11160|10547|9335|8061|6775|5477|4221|2859|1856|1084|622|264|41|31|18|8|3,115289
Massachusetts,Car,PHEV,2020,0|0|1|2|2|1|2|0|0|0|0|0|0|0|0|0|0|0|0|0|0|0|0|0|0|0|0|0|0|0|0,8
Massachusetts,Car,PHEV,2021,0|0|0|3|4|4|3|7|0|0|0|0|0|0|0|0|0|0|0|0|0|0|0|0|0|0|0|0|0|0|0,21
Massachusetts,Car,PHEV,2022,0|0|0|1|6|8|9|5|13|0|0|0|0|0|0|0|0|0|0|0|0|0|0|0|0|0|0|0|0|0|0,42
Massachusetts,Car,PHEV,2023,0|0|0|1|3|11|13|14|10|23|0|0|0|0|0|0|0|0|0|0|0|0|0|0|0|0|0|0|0|0|0,75
Massachusetts,Car,PHEV,2024,0|0|0|1|3|5|19|22|23|16|38|0|0|0|0|0|0|0|0|0|0|0|0|0|0|0|0|0|0|0|0,127
Massachusetts,Car,PHEV,2025,0|0|0|1|3|5|10|31|35|36|26|58|0|0|0|0|0|0|0|0|0|0|0|0|0|0|0|0|0|0|0,205
Massachusetts,Car,PHEV,2026,0|3|0|0|2|7|9|16|49|55|56|40|87|0|0|0|0|0|0|0|0|0|0|0|0|0|0|0|0|0|0,324
Massachusetts,Car,PHEV,2027,0|3|6|1|1|4|12|15|25|77|83|84|58|85|0|0|0|0|0|0|0|0|0|0|0|0|0|0|0|0|0,454
Massachusetts,Car,PHEV,2028,0|4|8|12|3|4|8|19|24|39|117|124|122|57|83|0|0|0|0|0|0|0|0|0|0|0|0|0|0|0|0,624
Massachusetts,Car,PHEV,2029,0|4|10|15|19|6|7|13|30|36|59|175|177|120|56|81|0|0|0|0|0|0|0|0|0|0|0|0|0|0|0,808
Massachusetts,Car,PHEV,2030,0|5|10|20|26|29|11|13|21|48|54|87|252|174|117|54|76|0|0|0|0|0|0|0|0|0|0|0|0|0|0,997
Massachusetts,Car,PHEV,2031,0|5|12|20|35|43|47|17|20|33|75|79|127|248|170|113|51|71|0|0|0|0|0|0|0|0|0|0|0|0|0,1166
Massachusetts,Car,PHEV,2032,0|6|13|24|35|58|69|73|26|30|51|111|113|125|242|165|108|47|63|0|0|0|0|0|0|0|0|0|0|0|0,1359
Massachusetts,Car,PHEV,2033,0|6|15|24|42|59|94|108|112|39|45|76|159|111|122|234|156|100|42|54|0|0|0|0|0|0|0|0|0|0|0,1598
Massachusetts,Car,PHEV,2034,0|7|16|29|43|71|95|148|166|167|57|65|108|157|109|118|222|145|89|36|44|0|0|0|0|0|0|0|0|0|0,1892
Massachusetts,Car,PHEV,2035,0|7|18|32|51|72|113|149|228|253|247|82|92|107|153|105|112|206|129|77|30|35|0|0|0|0|0|0|0|0|0,2298
Massachusetts,Car,PHEV,2036,0|7|18|35|57|85|118|178|230|349|378|359|114|91|104|148|100|104|184|111|63|23|26|0|0|0|0|0|0|0|0,2882
Massachusetts,Car,PHEV,2037,0|8|20|36|62|96|138|189|277|352|523|556|507|112|89|101|141|92|93|158|91|49|17|18|0|0|0|0|0|0|0,3725
Massachusetts,Car,PHEV,2038,0|9|21|38|64|103|155|220|297|424|527|768|792|500|110|86|95|130|83|80|129|71|36|12|12|0|0|0|0|0|0,4762
Massachusetts,Car,PHEV,2039,0|9|23|41|67|106|167|247|344|460|639|775|1093|780|489|106|82|88|117|71|65|100|52|26|8|8|0|0|0|0|0,5963
Massachusetts,Car,PHEV,2040,0|9|22|44|72|112|171|265|387|531|697|941|1105|1077|762|472|101|76|79|100|58|51|74|37|18|6|5|0|0|0|0,7272
Massachusetts,Car,PHEV,2041,0|10|22|44|76|120|182|273|414|597|805|1033|1344|1089|1053|736|448|93|68|68|82|45|37|53|25|12|4|4|0|0|0,8737
Massachusetts,Car,PHEV,2042,0|10|25|44|76|125|192|288|427|638|903|1191|1482|1325|1065|1017|699|414|83|58|56|64|33|27|36|17|8|2|2|0|0,10307
Massachusetts,Car,PHEV,2043,0|11|25|48|76|125|197|300|446|657|967|1336|1707|1460|1295|1028|965|647|371|72|47|43|47|24|18|24|11|5|2|1|0,11955
Massachusetts,Car,PHEV,2044,0|11|26|49|82|125|198|303|458|682|992|1428|1913|1682|1427|1250|976|893|579|318|59|37|32|33|16|12|16|7|3|1|1,13609
Massachusetts,Car,PHEV,2045,0|11|27|51|84|134|198|304|461|688|1023|1462|2043|1885|1644|1379|1186|903|800|497|260|45|27|23|23|11|8|10|5|2|1,15195
Massachusetts,Car,PHEV,2046,0|10|26|52|88|137|210|306|461|687|1018|1500|2089|2013|1842|1588|1308|1098|808|686|406|202|34|19|16|15|7|5|7|3|1,16642
Massachusetts,Car,PHEV,2047,0|9|25|50|89|141|214|321|463|685|1007|1475|2131|2058|1968|1779|1507|1211|983|694|561|316|150|24|13|10|10|5|3|4|2,17908
Massachusetts,Car,PHEV,2048,0|9|23|49|86|144|220|325|481|685|1001|1448|2076|2100|2012|1901|1688|1395|1084|844|567|436|234|106|16|9|7|7|3|2|3,18961
Massachusetts,Car,PHEV,2049,0|8|22|44|84|140|224|335|486|707|998|1432|2028|2046|2052|1943|1804|1563|1248|930|690|441|323|166|73|11|6|4|4|2|1,19815
Massachusetts,Car,PHEV,2050,0|7|21|42|76|136|219|339|499|712|1024|1425|1997|1998|2000|1982|1844|1669|1399|1072|761|536|326|229|114|49|7|4|3|3|1,20494
Massachusetts,SUV,BEV,2020,0|0|0|0|0|0|0|0|0|0|0|0|0|0|0|0|0|0|0|0|0|0|0|0|0|0|0|0|0|0|0,0
Massachusetts,SUV,BEV,2021,0|1|0|1|1|1|0|0|0|0|0|0|0|0|0|0|0|0|0|0|0|0|0|0|0|0|0|0|0|0|0,4
Massachusetts,SUV,BEV,2022,0|2|3|1|3|3|3|1|1|0|0|0|0|0|0|0|0|0|0|0|0|0|0|0|0|0|0|0|0|0|0,17
Massachusetts,SUV,BEV,2023,0|5|7|5|3|5|5|5|3|3|0|0|0|0|0|0|0|0|0|0|0|0|0|0|0|0|0|0|0|0|0,41
Massachusetts,SUV,BEV,2024,0|6|11|13|10|5|9|10|8|5|5|0|0|0|0|0|0|0|0|0|0|0|0|0|0|0|0|0|0|0|0,82
Massachusetts,SUV,BEV,2025,0|8|16|20|22|16|9|15|16|13|9|8|0|0|0|0|0|0|0|0|0|0|0|0|0|0|0|0|0|0|0,152
Massachusetts,SUV,BEV,2026,0|8|21|32|36|37|26|15|24|27|20|14|13|0|0|0|0|0|0|0|0|0|0|0|0|0|0|0|0|0|0,273
Massachusetts,SUV,BEV,2027,0|13|20|41|56|59|59|42|24|37|43|31|20|13|0|0|0|0|0|0|0|0|0|0|0|0|0|0|0|0|0,458
Massachusetts,SUV,BEV,2028,0|17|33|39|72|95|95|93|65|37|56|64|45|19|12|0|0|0|0|0|0|0|0|0|0|0|0|0|0|0|0,742
Massachusetts,SUV,BEV,2029,0|21|44|64|68|121|156|150|146|101|55|82|93|45|19|12|0|0|0|0|0|0|0|0|0|0|0|0|0|0|0,1177
Massachusetts,SUV,BEV,2030,0|26|54|85|115|115|197|250|234|225|152|81|117|92|44|18|11|0|0|0|0|0|0|0|0|0|0|0|0|0|0,1816
Massachusetts,SUV,BEV,2031,0|32|67|107|149|193|187|312|392|362|342|225|116|115|90|42|17|10|0|0|0|0|0|0|0|0|0|0|0|0|0,2758
Massachusetts,SUV,BEV,2032,0|37|82|131|190|249|315|299|491|607|550|506|323|114|113|87|40|16|9|0|0|0|0|0|0|0|0|0|0|0|0,4159
Massachusetts,SUV,BEV,2033,0|41|95|161|232|320|406|502|468|758|923|815|726|318|112|109|82|37|14|8|0|0|0|0|0|0|0|0|0|0|0,6127
Massachusetts,SUV,BEV,2034,0|48|106|185|284|390|522|646|790|724|1149|1369|1170|715|311|108|103|76|33|12|7|0|0|0|0|0|0|0|0|0|0,8748
Massachusetts,SUV,BEV,2035,0|54|123|208|325|477|634|835|1013|1223|1100|1704|1965|1153|699|300|102|96|68|28|10|5|0|0|0|0|0|0|0|0|0,12122
Massachusetts,SUV,BEV,2036,0|60|139|239|366|543|776|1013|1311|1567|1858|1630|2446|1936|1127|675|285|95|86|59|23|8|4|0|0|0|0|0|0|0|0,16246
Massachusetts,SUV,BEV,2037,0|64|154|271|420|614|881|1238|1590|2027|2378|2754|2338|2410|1892|1089|641|264|85|73|48|18|6|3|0|0|0|0|0|0|0,21258
Massachusetts,SUV,BEV,2038,0|70|164|300|476|700|996|1401|1942|2456|3075|3524|3953|2304|2356|1828|1033|593|236|73|60|37|13|4|2|0|0|0|0|0|0,27596
Massachusetts,SUV,BEV,2039,0|74|180|320|528|792|1131|1582|2191|2997|3723|4555|5054|3895|2252|2275|1734|956|531|202|60|47|28|9|3|1|0|0|0|0|0,35120
Massachusetts,SUV,BEV,2040,0|78|189|349|560|879|1280|1790|2470|3373|4541|5511|6533|4980|3808|2175|2159|1605|856|456|166|46|35|20|7|2|1|0|0|0|0,43869
Massachusetts,SUV,BEV,2041,0|83|201|368|610|931|1422|2022|2787|3794|5097|6716|7899|6437|4867|3677|2064|1998|1437|735|373|129|34|25|13|4|1|1|0|0|0,53725
Massachusetts,SUV,BEV,2042,0|87|212|390|643|1011|1501|2246|3139|4267|5720|7522|9618|7784|6292|4701|3489|1910|1789|1233|601|289|95|24|17|9|3|1|0|0|0,64593
Massachusetts,SUV,BEV,2043,0|89|222|411|680|1064|1621|2369|3488|4796|6417|8425|10755|9477|7609|6077|4461|3230|1710|1535|1009|467|214|68|17|11|6|2|1|0|0,76231
Massachusetts,SUV,BEV,2044,0|92|227|427|715|1122|1702|2540|3670|5330|7198|9434|12027|10597|9264|7348|5766|4129|2891|1468|1255|784|346|152|46|11|7|4|1|0|0,88553
Massachusetts,SUV,BEV,2045,0|97|236|439|741|1178|1792|2660|3909|5593|7997|10563|13445|11851|10359|8947|6973|5337|3696|2481|1200|976|580|245|104|31|7|5|2|1|0,101445
Massachusetts,SUV,BEV,2046,0|100|246|458|764|1217|1875|2791|4079|5915|8372|11726|15033|13248|11584|10004|8490|6454|4777|3172|2029|933|722|412|168|70|20|5|3|2|0,114669
Massachusetts,SUV,BEV,2047,0|103|256|477|796|1257|1933|2911|4265|6154|8799|12251|16678|14813|12949|11188|9493|7858|5777|4101|2594|1577|691|513|283|113|46|13|3|2|1,127895
Massachusetts,SUV,BEV,2048,0|104|263|496|830|1307|1995|2992|4432|6409|9126|12808|17396|16434|14480|12506|10616|8786|7034|4959|3353|2016|1167|490|352|189|74|30|9|2|1,140656
Massachusetts,SUV,BEV,2049,0|104|264|508|861|1362|2073|3087|4540|6637|9467|13250|18110|17141|16064|13984|11867|9826|7865|6037|4055|2606|1492|829|337|236|125|48|19|5|1,152800
Massachusetts,SUV,BEV,2050,0|105|265|511|882|1413|2159|3204|4680|6774|9772|13697|18693|17845|16755|15514|13269|10984|8795|6751|4937|3151|1929|1059|569|225|155|81|31|12|4,164221
Massachusetts,SUV,PHEV,2020,0|0|0|0|0|0|0|0|0|0|0|0|0|0|0|0|0|0|0|0|0|0|0|0|0|0|0|0|0|0|0,0
Massachusetts,SUV,PHEV,2021,0|0|0|0|0|1|0|1|0|0|0|0|0|0|0|0|0|0|0|0|0|0|0|0|0|0|0|0|0|0|0,2
Massachusetts,SUV,PHEV,2022,0|2|0|0|1|1|3|1|2|0|0|0|0|0|0|0|0|0|0|0|0|0|0|0|0|0|0|0|0|0|0,10
Massachusetts,SUV,PHEV,2023,0|2|4|1|0|3|3|5|3|4|0|0|0|0|0|0|0|0|0|0|0|0|0|0|0|0|0|0|0|0|0,25
Massachusetts,SUV,PHEV,2024,0|5|5|9|3|1|5|5|8|5|6|0|0|0|0|0|0|0|0|0|0|0|0|0|0|0|0|0|0|0|0,52
Massachusetts,SUV,PHEV,2025,0|5|11|10|15|5|3|9|10|13|10|11|0|0|0|0|0|0|0|0|0|0|0|0|0|0|0|0|0|0|0,102
Massachusetts,SUV,PHEV,2026,0|1|11|20|18|24|10|5|15|16|20|16|17|0|0|0|0|0|0|0|0|0|0|0|0|0|0|0|0|0|0,173
Massachusetts,SUV,PHEV,2027,0|2|3|21|33|31|40|16|10|24|26|31|24|16|0|0|0|0|0|0|0|0|0|0|0|0|0|0|0|0|0,277
Massachusetts,SUV,PHEV,2028,0|4|7|7|37|55|51|62|25|16|35|40|44|23|16|0|0|0|0|0|0|0|0|0|0|0|0|0|0|0|0,422
Massachusetts,SUV,PHEV,2029,0|5|10|13|12|62|88|81|98|38|25|51|58|44|23|16|0|0|0|0|0|0|0|0|0|0|0|0|0|0|0,624
Massachusetts,SUV,PHEV,2030,0|5|11|19|22|21|102|141|128|150|58|38|73|57|43|22|15|0|0|0|0|0|0|0|0|0|0|0|0|0|0,905
Massachusetts,SUV,PHEV,2031,0|6|13|20|33|36|35|163|221|197|227|86|55|72|56|41|21|14|0|0|0|0|0|0|0|0|0|0|0|0|0,1296
Massachusetts,SUV,PHEV,2032,0|7|15|25|35|53|59|55|255|344|299|337|124|54|70|54|39|19|12|0|0|0|0|0|0|0|0|0|0|0|0,1856
Massachusetts,SUV,PHEV,2033,0|11|20|30|44|58|86|93|85|394|522|443|484|122|53|68|51|36|17|11|0|0|0|0|0|0|0|0|0|0|0,2628
Massachusetts,SUV,PHEV,2034,0|11|28|40|54|74|95|137|146|131|598|773|636|477|119|51|64|47|32|15|9|0|0|0|0|0|0|0|0|0|0,3537
Massachusetts,SUV,PHEV,2035,0|12|29|52|70|91|121|150|213|224|199|887|1109|627|466|115|49|59|42|28|12|7|0|0|0|0|0|0|0|0|0,4562
Massachusetts,SUV,PHEV,2036,0|12|32|57|89|117|148|194|234|330|340|295|1273|1093|613|450|109|45|53|36|23|9|5|0|0|0|0|0|0|0|0,5557
Massachusetts,SUV,PHEV,2037,0|11|30|63|99|146|189|236|304|361|500|503|422|1254|1068|592|427|101|40|46|30|18|7|4|0|0|0|0|0|0|0,6451
Massachusetts,SUV,PHEV,2038,0|12|28|59|110|164|234|298|369|469|546|739|720|416|1226|1032|562|395|91|35|37|23|13|5|2|0|0|0|0|0|0,7585
Massachusetts,SUV,PHEV,2039,0|11|30|55|104|180|263|365|460|566|709|805|1059|709|406|1184|979|520|354|78|28|29|17|9|3|2|0|0|0|0|0,8925
Massachusetts,SUV,PHEV,2040,0|12|30|59|96|172|286|409|561|699|851|1047|1151|1044|693|392|1123|906|465|304|64|22|21|12|6|2|1|0|0|0|0,10428
Massachusetts,SUV,PHEV,2041,0|13|30|59|103|160|278|443|627|847|1046|1251|1496|1135|1020|670|372|1040|811|399|248|49|16|15|8|4|1|1|0|0|0,12142
Massachusetts,SUV,PHEV,2042,0|13|32|59|104|170|259|436|675|947|1259|1531|1782|1474|1109|985|635|345|931|696|327|193|37|12|10|6|3|1|0|0|0,14031
Massachusetts,SUV,PHEV,2043,0|14|33|62|103|174|274|409|674|1015|1407|1830|2172|1756|1441|1071|935|588|309|799|569|254|143|26|8|7|4|2|1|0|0,16080
Massachusetts,SUV,PHEV,2044,0|15|35|64|109|171|279|430|637|1025|1503|2045|2589|2140|1716|1391|1016|865|526|265|653|442|188|101|18|5|5|2|1|0|0,18236
Massachusetts,SUV,PHEV,2045,0|15|37|68|112|181|275|436|664|977|1530|2181|2892|2551|2092|1657|1320|941|775|452|217|508|328|133|70|12|3|3|2|1|0,20433
Massachusetts,SUV,PHEV,2046,0|15|37|72|118|185|289|430|668|1007|1470|2236|3079|2849|2493|2020|1573|1222|842|665|369|168|376|233|92|47|8|2|2|1|0,22568
Massachusetts,SUV,PHEV,2047,0|15|37|72|124|194|293|447|660|1008|1499|2161|3173|3034|2785|2408|1917|1456|1094|723|544|287|125|267|160|61|31|5|1|1|1,24583
Massachusetts,SUV,PHEV,2048,0|14|37|72|125|202|306|451|680|995|1493|2183|3079|3126|2966|2690|2285|1774|1303|939|591|422|213|88|183|107|40|20|3|1|1,26389
Massachusetts,SUV,PHEV,2049,0|13|35|72|125|204|317|469|682|1016|1473|2165|3087|3034|3056|2864|2552|2115|1588|1118|768|459|313|151|61|123|70|26|13|2|1,27972
Massachusetts,SUV,PHEV,2050,0|13|33|68|124|204|320|484|704|1012|1490|2132|3050|3042|2965|2951|2718|2362|1893|1363|915|597|340|222|104|41|81|46|17|8|1,29300
Michigan,Car,BEV,2020,0|0|1|0|0|0|1|0|0|0|0|0|0|0|0|0|0|0|0|0|0|0|0|0|0|0|0|0|0|0|0,2
Michigan,Car,BEV,2021,0|0|1|3|0|0|1|3|0|0|0|0|0|0|0|0|0|0|0|0|0|0|0|0|0|0|0|0|0|0|0,8
Michigan,Car,BEV,2022,0|1|0|3|5|1|1|3|5|0|0|0|0|0|0|0|0|0|0|0|0|0|0|0|0|0|0|0|0|0|0,19
Michigan,Car,BEV,2023,0|2|3|1|5|9|2|3|5|10|0|0|0|0|0|0|0|0|0|0|0|0|0|0|0|0|0|0|0|0|0,40
Michigan,Car,BEV,2024,0|2|4|5|3|9|14|4|5|10|16|0|0|0|0|0|0|0|0|0|0|0|0|0|0|0|0|0|0|0|0,72
Michigan,Car,BEV,2025,0|2|4|8|9|6|15|23|7|10|16|25|0|0|0|0|0|0|0|0|0|0|0|0|0|0|0|0|0|0|0,125
Michigan,Car,BEV,2026,0|5|4|9|14|15|11|24|36|12|16|25|36|0|0|0|0|0|0|0|0|0|0|0|0|0|0|0|0|0|0,207
Michigan,Car,BEV,2027,0|6|12|8|15|23|24|19|37|55|18|25|36|36|0|0|0|0|0|0|0|0|0|0|0|0|0|0|0|0|0,314
Michigan,Car,BEV,2028,0|8|15|23|14|25|37|37|30|57|83|28|36|36|35|0|0|0|0|0|0|0|0|0|0|0|0|0|0|0|0,464
Michigan,Car,BEV,2029,0|9|20|30|41|23|41|58|57|48|85|124|41|36|35|34|0|0|0|0|0|0|0|0|0|0|0|0|0|0|0,682
Michigan,Car,BEV,2030,0|11|25|39|52|70|37|66|90|87|74|126|176|41|35|34|32|0|0|0|0|0|0|0|0|0|0|0|0|0|0,995
Michigan,Car,BEV,2031,0|14|29|49|69|88|113|57|105|139|131|110|180|173|40|34|32|30|0|0|0|0|0|0|0|0|0|0|0|0|0,1393
Michigan,Car,BEV,2032,0|14|34|58|87|117|144|181|89|161|211|193|158|177|170|38|32|30|27|0|0|0|0|0|0|0|0|0|0|0|0,1921
Michigan,Car,BEV,2033,0|17|36|66|102|146|192|232|282|137|244|312|276|156|173|164|36|30|27|23|0|0|0|0|0|0|0|0|0|0|0,2651
Michigan,Car,BEV,2034,0|18|43|71|116|171|237|305|365|436|208|362|447|272|153|167|155|34|27|23|19|0|0|0|0|0|0|0|0|0|0,3629
Michigan,Car,BEV,2035,0|19|47|83|125|194|278|376|480|566|662|307|518|441|266|147|159|144|30|23|19|15|0|0|0|0|0|0|0|0|0,4899
Michigan,Car,BEV,2036,0|22|50|92|144|210|317|443|591|741|860|978|439|511|431|257|140|147|129|26|19|15|11|0|0|0|0|0|0|0|0,6573
Michigan,Car,BEV,2037,0|25|57|99|163|240|341|505|694|912|1123|1275|1401|432|499|416|244|129|132|110|21|15|11|8|0|0|0|0|0|0|0,8852
Michigan,Car,BEV,2038,0|28|65|111|175|274|386|542|791|1071|1382|1661|1827|1381|422|482|395|226|116|113|90|16|11|8|5|0|0|0|0|0|0,11578
Michigan,Car,BEV,2039,0|29|70|127|195|294|444|612|849|1221|1620|2045|2382|1800|1350|408|457|366|202|99|92|70|12|8|5|4|0|0|0|0|0,14761
Michigan,Car,BEV,2040,0|32|75|136|222|326|478|706|954|1309|1848|2396|2931|2347|1760|1304|387|423|327|173|81|72|52|9|5|4|2|0|0|0|0,18359
Michigan,Car,BEV,2041,0|33|82|146|236|368|525|759|1104|1466|1980|2731|3431|2889|2294|1700|1237|358|379|281|142|63|53|37|6|4|2|2|0|0|0,22308
Michigan,Car,BEV,2042,0|34|86|158|255|391|588|831|1184|1697|2212|2924|3910|3381|2823|2216|1613|1145|321|325|230|110|47|38|25|4|2|2|1|0|0,26553
Michigan,Car,BEV,2043,0|37|88|166|274|422|625|921|1288|1817|2560|3259|4184|3853|3305|2727|2102|1493|1025|275|266|178|82|33|26|17|3|2|1|1|0,31030
Michigan,Car,BEV,2044,0|37|93|171|289|452|673|977|1415|1965|2738|3773|4655|4123|3766|3192|2587|1946|1336|880|225|207|132|58|23|17|11|2|1|1|0,35745
Michigan,Car,BEV,2045,0|41|95|180|297|477|718|1048|1499|2139|2942|4026|5389|4587|4030|3637|3028|2395|1742|1147|719|175|153|94|40|15|11|7|1|1|0,40633
Michigan,Car,BEV,2046,0|41|103|185|312|490|758|1115|1602|2260|3176|4309|5738|5310|4484|3892|3451|2803|2144|1495|938|559|130|109|64|27|10|7|5|1|0,45518
Michigan,Car,BEV,2047,0|41|103|197|323|513|777|1176|1698|2406|3353|4617|6120|5654|5190|4330|3693|3194|2509|1840|1223|729|414|92|75|43|18|7|5|3|0,50343
Michigan,Car,BEV,2048,0|41|105|199|342|534|814|1204|1789|2544|3553|4868|6523|6030|5526|5013|4109|3418|2859|2154|1505|950|540|294|63|50|28|11|4|3|2,55075
Michigan,Car,BEV,2049,0|42|105|202|345|561|849|1262|1831|2677|3749|5140|6866|6428|5894|5337|4756|3803|3060|2454|1761|1169|703|383|202|42|33|18|7|3|2,59684
Michigan,Car,BEV,2050,0|42|107|204|351|568|888|1317|1917|2737|3939|5412|7231|6766|6283|5693|5064|4402|3404|2626|2007|1368|866|499|263|135|28|21|12|5|2,64157
Michigan,Car,PHEV,2020,0|0|2|2|4|2|7|0|0|0|0|0|0|0|0|0|0|0|0|0|0|0|0|0|0|0|0|0|0|0|0,17
Michigan,Car,PHEV,2021,0|0|0|4|5|10|7|17|0|0|0|0|0|0|0|0|0|0|0|0|0|0|0|0|0|0|0|0|0|0|0,43
Michigan,Car,PHEV,2022,0|0|0|1|8|11|19|13|33|0|0|0|0|0|0|0|0|0|0|0|0|0|0|0|0|0|0|0|0|0|0,85
Michigan,Car,PHEV,2023,0|0|0|0|3|13|20|32|23|55|0|0|0|0|0|0|0|0|0|0|0|0|0|0|0|0|0|0|0|0|0,146
Michigan,Car,PHEV,2024,0|0|0|1|1|5|22|33|52|38|87|0|0|0|0|0|0|0|0|0|0|0|0|0|0|0|0|0|0|0|0,239
Michigan,Car,PHEV,2025,0|0|0|0|3|3|10|35|53|82|60|135|0|0|0|0|0|0|0|0|0|0|0|0|0|0|0|0|0|0|0,381
Michigan,Car,PHEV,2026,0|2|1|0|1|6|6|16|55|82|125|90|198|0|0|0|0|0|0|0|0|0|0|0|0|0|0|0|0|0|0,582
Michigan,Car,PHEV,2027,0|2|6|2|1|4|11|11|25|84|124|187|131|195|0|0|0|0|0|0|0|0|0|0|0|0|0|0|0|0|0,783
Michigan,Car,PHEV,2028,0|3|5|10|5|3|7|18|18|39|127|185|270|129|190|0|0|0|0|0|0|0|0|0|0|0|0|0|0|0|0,1009
Michigan,Car,PHEV,2029,0|3|7|10|16|9|7|13|27|28|59|189|267|267|126|184|0|0|0|0|0|0|0|0|0|0|0|0|0|0|0,1212
Michigan,Car,PHEV,2030,0|3|7|13|16|25|14|11|20|42|43|87|272|263|261|122|175|0|0|0|0|0|0|0|0|0|0|0|0|0|0,1374
Michigan,Car,PHEV,2031,0|2|8|13|22|26|38|21|17|30|63|63|125|268|257|252|115|162|0|0|0|0|0|0|0|0|0|0|0|0|0,1482
Michigan,Car,PHEV,2032,0|2|7|14|21|37|42|57|29|25|45|91|91|123|262|248|239|107|145|0|0|0|0|0|0|0|0|0|0|0|0,1585
Michigan,Car,PHEV,2033,0|4|7|13|24|34|59|63|84|41|37|65|129|90|120|253|235|221|96|124|0|0|0|0|0|0|0|0|0|0|0,1699
Michigan,Car,PHEV,2034,0|5|10|14|23|39|54|90|96|121|57|52|92|127|88|116|240|218|198|82|102|0|0|0|0|0|0|0|0|0|0,1824
Michigan,Car,PHEV,2035,0|5|11|19|25|39|63|84|135|141|174|75|71|91|124|85|110|223|195|170|67|79|0|0|0|0|0|0|0|0|0,1986
Michigan,Car,PHEV,2036,0|5|11|20|33|43|64|99|130|198|207|245|99|70|89|120|81|102|199|167|139|52|58|0|0|0|0|0|0|0|0,2231
Michigan,Car,PHEV,2037,0|6|12|20|34|53|71|103|152|195|291|298|339|98|68|86|114|75|91|171|137|108|39|41|0|0|0|0|0|0|0,2602
Michigan,Car,PHEV,2038,0|6|13|22|35|56|84|113|161|232|289|420|417|334|96|66|82|105|67|78|140|106|80|27|28|0|0|0|0|0|0,3057
Michigan,Car,PHEV,2039,0|6|14|24|38|58|91|134|178|246|350|419|590|411|327|92|62|76|94|57|64|109|79|57|19|19|0|0|0|0|0,3614
Michigan,Car,PHEV,2040,0|6|14|25|42|62|94|145|210|277|372|513|595|581|401|315|88|58|68|81|47|50|80|56|39|13|13|0|0|0|0,4245
Michigan,Car,PHEV,2041,0|6|14|26|43|69|101|149|227|325|420|549|731|586|568|388|299|81|52|58|66|36|37|57|38|26|8|8|0|0|0,4968
Michigan,Car,PHEV,2042,0|6|15|27|45|71|110|158|233|352|492|622|787|720|573|549|368|277|73|44|47|51|27|26|39|26|17|5|5|0|0,5765
Michigan,Car,PHEV,2043,0|6|14|28|46|74|112|171|245|359|532|727|893|775|704|553|521|341|248|62|36|37|38|19|18|26|17|11|3|3|0,6619
Michigan,Car,PHEV,2044,0|6|15|27|48|75|117|174|260|374|543|788|1040|880|758|680|525|482|305|213|51|28|27|27|13|12|17|11|7|2|2,7507
Michigan,Car,PHEV,2045,0|6|15|29|47|78|118|181|265|391|561|802|1128|1025|860|732|645|486|431|262|174|40|21|19|19|9|8|11|7|5|1,8376
Michigan,Car,PHEV,2046,0|6|15|30|50|78|123|182|273|398|580|822|1147|1111|1002|831|694|597|435|370|214|135|29|15|13|12|6|5|7|5|3,9188
Michigan,Car,PHEV,2047,0|6|14|29|52|82|123|190|276|407|588|842|1168|1130|1086|968|788|643|534|373|303|166|100|21|10|9|8|4|3|5|3,9931
Michigan,Car,PHEV,2048,0|5|14|28|50|85|129|190|287|411|597|849|1188|1151|1104|1049|918|729|575|459|305|235|123|71|14|7|6|5|2|2|3,10591
Michigan,Car,PHEV,2049,0|5|13|27|48|82|133|198|286|425|602|859|1193|1170|1125|1067|996|850|653|494|375|237|174|87|49|10|4|4|3|2|1,11172
Michigan,Car,PHEV,2050,0|5|13|26|46|79|129|203|296|423|619|865|1202|1176|1144|1087|1012|921|761|560|404|291|176|124|60|33|6|3|2|2|1,11669
Michigan,SUV,BEV,2020,0|0|0|0|0|0|0|0|0|0|0|0|0|0|0|0|0|0|0|0|0|0|0|0|0|0|0|0|0|0|0,0
Michigan,SUV,BEV,2021,0|0|0|0|0|0|0|0|0|0|0|0|0|0|0|0|0|0|0|0|0|0|0|0|0|0|0|0|0|0|0,0
Michigan,SUV,BEV,2022,0|1|1|0|0|1|0|0|0|0|0|0|0|0|0|0|0|0|0|0|0|0|0|0|0|0|0|0|0|0|0,3
Michigan,SUV,BEV,2023,0|2|3|2|0|1|2|1|0|0|0|0|0|0|0|0|0|0|0|0|0|0|0|0|0|0|0|0|0|0|0,11
Michigan,SUV,BEV,2024,0|5|7|6|4|1|3|4|3|1|1|0|0|0|0|0|0|0|0|0|0|0|0|0|0|0|0|0|0|0|0,35
Michigan,SUV,BEV,2025,0|6|11|13|11|7|3|5|7|5|3|3|0|0|0|0|0|0|0|0|0|0|0|0|0|0|0|0|0|0|0,74
Michigan,SUV,BEV,2026,0|6|15|22|23|20|12|5|9|12|8|5|5|0|0|0|0|0|0|0|0|0|0|0|0|0|0|0|0|0|0,142
Michigan,SUV,BEV,2027,0|8|15|28|39|39|33|20|10|14|18|13|7|5|0|0|0|0|0|0|0|0|0|0|0|0|0|0|0|0|0,249
Michigan,SUV,BEV,2028,0|11|20|29|49|66|63|53|31|16|22|28|19|7|5|0|0|0|0|0|0|0|0|0|0|0|0|0|0|0|0,419
Michigan,SUV,BEV,2029,0|14|28|40|51|82|107|101|83|49|25|33|40|18|7|5|0|0|0|0|0|0|0|0|0|0|0|0|0|0|0,683
Michigan,SUV,BEV,2030,0|17|36|55|70|85|134|171|159|128|76|37|47|40|18|6|4|0|0|0|0|0|0|0|0|0|0|0|0|0|0,1083
Michigan,SUV,BEV,2031,0|20|44|69|96|117|138|213|268|244|195|113|53|47|39|17|6|4|0|0|0|0|0|0|0|0|0|0|0|0|0,1683
Michigan,SUV,BEV,2032,0|23|51|86|122|160|191|221|333|414|370|289|162|52|45|38|17|6|4|0|0|0|0|0|0|0|0|0|0|0|0,2584
Michigan,SUV,BEV,2033,0|29|60|101|151|205|260|304|347|515|629|547|416|160|51|44|36|15|5|3|0|0|0|0|0|0|0|0|0|0|0,3878
Michigan,SUV,BEV,2034,0|34|73|118|180|254|335|416|479|539|781|933|785|410|156|49|42|33|14|4|3|0|0|0|0|0|0|0|0|0|0,5638
Michigan,SUV,BEV,2035,0|40|87|142|208|304|414|536|654|741|821|1159|1340|773|401|151|47|39|29|12|4|2|0|0|0|0|0|0|0|0|0,7904
Michigan,SUV,BEV,2036,0|42|101|172|249|349|496|661|843|1011|1126|1217|1663|1321|756|387|143|43|35|25|10|3|1|0|0|0|0|0|0|0|0,10654
Michigan,SUV,BEV,2037,0|47|108|196|304|415|566|795|1038|1305|1536|1669|1748|1639|1291|730|367|133|39|30|21|7|2|1|0|0|0|0|0|0|0,13987
Michigan,SUV,BEV,2038,0|52|120|211|342|508|672|901|1249|1605|1982|2277|2396|1722|1602|1247|693|340|119|33|24|16|6|1|1|0|0|0|0|0|0,18119
Michigan,SUV,BEV,2039,0|55|132|233|372|570|822|1065|1408|1929|2436|2938|3267|2360|1683|1547|1183|641|304|102|27|19|12|4|1|0|0|0|0|0|0,23110
Michigan,SUV,BEV,2040,0|60|142|256|409|622|920|1302|1662|2170|2925|3607|4215|3219|2307|1626|1468|1095|574|261|83|21|14|8|3|1|0|0|0|0|0,28970
Michigan,SUV,BEV,2041,0|63|153|277|449|682|1006|1453|2028|2551|3281|4327|5172|4153|3147|2228|1542|1359|980|493|214|65|16|10|6|2|0|0|0|0|0,35657
Michigan,SUV,BEV,2042,0|64|162|297|484|747|1100|1591|2257|3106|3844|4843|6198|5096|4060|3039|2114|1428|1216|841|403|166|48|11|7|4|1|0|0|0|0,43127
Michigan,SUV,BEV,2043,0|68|165|314|518|804|1202|1736|2472|3451|4674|5660|6926|6107|4981|3921|2884|1957|1278|1044|688|313|123|34|8|5|3|1|0|0|0,51337
Michigan,SUV,BEV,2044,0|73|174|321|547|857|1291|1890|2694|3781|5182|6871|8077|6824|5970|4811|3720|2669|1752|1097|854|535|232|87|23|5|3|2|0|0|0,60342
Michigan,SUV,BEV,2045,0|76|185|337|560|903|1373|2025|2921|4110|5678|7610|9797|7959|6671|5766|4565|3443|2389|1504|897|663|396|164|60|16|3|2|1|0|0,70074
Michigan,SUV,BEV,2046,0|79|194|357|587|924|1443|2146|3117|4439|6159|8333|10838|9653|7779|6442|5471|4225|3082|2051|1230|697|491|281|113|40|10|2|1|1|0,80185
Michigan,SUV,BEV,2047,0|80|201|375|621|967|1475|2251|3294|4721|6630|9024|11862|10679|9436|7513|6113|5064|3782|2646|1677|956|516|349|193|76|26|7|1|1|0,90536
Michigan,SUV,BEV,2048,0|83|206|389|652|1021|1541|2297|3447|4974|7029|9685|12827|11689|10439|9113|7129|5658|4533|3246|2163|1303|707|366|239|129|50|17|4|1|1,100938
Michigan,SUV,BEV,2049,0|84|212|399|675|1071|1623|2396|3508|5192|7381|10239|13732|12639|11425|10081|8647|6599|5065|3891|2655|1681|965|502|251|160|85|32|11|3|1,111205
Michigan,SUV,BEV,2050,0|85|216|410|693|1107|1699|2515|3651|5268|7686|10724|14486|13531|12354|11034|9566|8004|5907|4347|3181|2063|1245|685|345|168|105|55|21|7|2,121160
Michigan,SUV,PHEV,2020,0|0|0|0|1|1|1|0|0|0|0|0|0|0|0|0|0|0|0|0|0|0|0|0|0|0|0|0|0|0|0,3
Michigan,SUV,PHEV,2021,0|0|0|0|1|3|3|3|0|0|0|0|0|0|0|0|0|0|0|0|0|0|0|0|0|0|0|0|0|0|0,10
Michigan,SUV,PHEV,2022,0|1|0|0|1|3|6|5|5|0|0|0|0|0|0|0|0|0|0|0|0|0|0|0|0|0|0|0|0|0|0,21
Michigan,SUV,PHEV,2023,0|2|3|0|0|3|5|11|10|10|0|0|0|0|0|0|0|0|0|0|0|0|0|0|0|0|0|0|0|0|0,44
Michigan,SUV,PHEV,2024,0|2|4|5|1|1|5|10|17|16|16|0|0|0|0|0|0|0|0|0|0|0|0|0|0|0|0|0|0|0|0,77
Michigan,SUV,PHEV,2025,0|2|7|9|10|3|3|10|16|28|25|25|0|0|0|0|0|0|0|0|0|0|0|0|0|0|0|0|0|0|0,138
Michigan,SUV,PHEV,2026,0|1|7|13|15|17|5|5|16|26|44|38|37|0|0|0|0|0|0|0|0|0|0|0|0|0|0|0|0|0|0,224
Michigan,SUV,PHEV,2027,0|2|3|14|22|25|28|10|10|25|42|66|55|37|0|0|0|0|0|0|0|0|0|0|0|0|0|0|0|0|0,339
Michigan,SUV,PHEV,2028,0|3|5|6|25|37|41|46|17|16|38|62|96|54|36|0|0|0|0|0|0|0|0|0|0|0|0|0|0|0|0,482
Michigan,SUV,PHEV,2029,0|3|8|10|12|43|59|66|74|28|25|55|90|95|53|35|0|0|0|0|0|0|0|0|0|0|0|0|0|0|0,656
Michigan,SUV,PHEV,2030,0|4|8|15|17|19|71|95|103|115|44|37|80|89|93|51|33|0|0|0|0|0|0|0|0|0|0|0|0|0|0,874
Michigan,SUV,PHEV,2031,0|5|10|15|24|28|31|112|149|158|175|65|53|78|87|90|49|31|0|0|0|0|0|0|0|0|0|0|0|0|0,1160
Michigan,SUV,PHEV,2032,0|6|12|19|26|41|45|49|176|229|240|260|94|52|77|84|85|45|27|0|0|0|0|0|0|0|0|0|0|0|0,1567
Michigan,SUV,PHEV,2033,0|8|15|23|33|43|66|71|78|270|348|355|375|93|51|74|80|79|40|23|0|0|0|0|0|0|0|0|0|0|0,2125
Michigan,SUV,PHEV,2034,0|8|19|29|40|56|69|103|110|120|406|516|508|369|91|49|70|74|70|35|19|0|0|0|0|0|0|0|0|0|0,2761
Michigan,SUV,PHEV,2035,0|8|21|37|50|67|91|110|160|166|181|600|740|501|361|88|47|65|66|61|28|15|0|0|0|0|0|0|0|0|0,3463
Michigan,SUV,PHEV,2036,0|8|22|41|64|83|108|144|173|244|249|266|856|729|490|349|83|43|58|57|49|22|11|0|0|0|0|0|0|0|0,4149
Michigan,SUV,PHEV,2037,0|7|21|44|72|106|135|172|225|264|368|366|379|844|712|473|331|77|39|50|46|38|16|8|0|0|0|0|0|0|0,4793
Michigan,SUV,PHEV,2038,0|9|19|41|76|119|170|212|267|347|397|540|520|373|825|688|449|306|69|33|41|36|28|12|5|0|0|0|0|0|0,5582
Michigan,SUV,PHEV,2039,0|9|22|38|74|126|192|267|328|409|525|586|771|513|365|797|653|415|274|59|27|32|27|20|8|4|0|0|0|0|0,6541
Michigan,SUV,PHEV,2040,0|9|23|43|69|124|202|301|409|498|614|773|836|760|501|352|756|604|372|235|48|21|24|19|14|5|2|0|0|0|0,7614
Michigan,SUV,PHEV,2041,0|9|24|45|76|117|200|315|461|618|745|901|1104|824|743|484|334|700|541|319|192|38|16|17|13|9|3|2|0|0|0,8850
Michigan,SUV,PHEV,2042,0|10|24|46|80|128|191|313|485|696|919|1088|1282|1088|805|717|459|309|626|464|261|149|28|11|11|9|6|2|1|0|0,10208
Michigan,SUV,PHEV,2043,0|10|26|48|81|133|207|304|484|732|1036|1337|1544|1263|1064|777|680|425|277|538|380|203|111|20|8|8|6|4|1|1|0,11708
Michigan,SUV,PHEV,2044,0|11|27|51|85|134|215|327|475|737|1088|1509|1890|1521|1235|1027|738|630|380|238|440|295|150|79|14|5|5|4|3|1|0,13314
Michigan,SUV,PHEV,2045,0|11|29|53|88|141|216|337|506|730|1103|1584|2134|1862|1487|1193|975|683|564|326|194|342|218|107|54|9|3|3|2|2|1,14957
Michigan,SUV,PHEV,2046,0|11|29|57|92|144|226|338|519|768|1099|1613|2241|2103|1820|1436|1132|902|611|484|267|151|253|155|73|36|6|2|2|2|1,16573
Michigan,SUV,PHEV,2047,0|11|29|57|98|151|229|352|520|784|1146|1616|2289|2208|2056|1758|1363|1048|808|525|396|207|112|180|106|49|24|4|1|1|1,18129
Michigan,SUV,PHEV,2048,0|11|29|57|98|159|239|353|538|785|1163|1672|2302|2255|2158|1986|1668|1261|938|693|429|307|154|79|123|71|32|15|3|1|1,19580
Michigan,SUV,PHEV,2049,0|11|29|57|98|160|249|367|535|805|1162|1690|2369|2268|2205|2084|1884|1544|1129|805|567|333|228|109|54|83|47|21|10|2|1,20906
Michigan,SUV,PHEV,2050,0|10|28|56|98|159|250|379|552|796|1183|1686|2385|2334|2217|2129|1978|1744|1382|969|658|440|247|162|75|36|54|30|14|6|1,22058
Minnesota,Car,BEV,2020,0|0|1|0|0|0|1|0|0|0|0|0|0|0|0|0|0|0|0|0|0|0|0|0|0|0|0|0|0|0|0,2
Minnesota,Car,BEV,2021,0|0|1|3|0|0|1|3|0|0|0|0|0|0|0|0|0|0|0|0|0|0|0|0|0|0|0|0|0|0|0,8
Minnesota,Car,BEV,2022,0|0|0|3|5|0|1|3|5|0|0|0|0|0|0|0|0|0|0|0|0|0|0|0|0|0|0|0|0|0|0,17
Minnesota,Car,BEV,2023,0|1|1|1|5|10|1|3|5|10|0|0|0|0|0|0|0|0|0|0|0|0|0|0|0|0|0|0|0|0|0,37
Minnesota,Car,BEV,2024,0|1|3|3|3|10|16|3|5|10|16|0|0|0|0|0|0|0|0|0|0|0|0|0|0|0|0|0|0|0|0,70
Minnesota,Car,BEV,2025,0|1|3|5|5|6|16|25|5|10|16|25|0|0|0|0|0|0|0|0|0|0|0|0|0|0|0|0|0|0|0,117
Minnesota,Car,BEV,2026,0|4|3|7|10|10|11|26|41|10|16|25|36|0|0|0|0|0|0|0|0|0|0|0|0|0|0|0|0|0|0,199
Minnesota,Car,BEV,2027,0|5|9|6|12|16|17|18|42|63|16|25|36|36|0|0|0|0|0|0|0|0|0|0|0|0|0|0|0|0|0,301
Minnesota,Car,BEV,2028,0|6|11|17|11|20|26|28|29|64|95|25|36|36|35|0|0|0|0|0|0|0|0|0|0|0|0|0|0|0|0,439
Minnesota,Car,BEV,2029,0|7|15|21|30|18|31|42|45|47|96|142|36|36|35|34|0|0|0|0|0|0|0|0|0|0|0|0|0|0|0,635
Minnesota,Car,BEV,2030,0|8|17|29|37|49|28|49|67|71|72|144|204|36|35|34|32|0|0|0|0|0|0|0|0|0|0|0|0|0|0,912
Minnesota,Car,BEV,2031,0|9|21|34|49|62|78|45|78|103|109|107|208|201|35|34|32|30|0|0|0|0|0|0|0|0|0|0|0|0|0,1235
Minnesota,Car,BEV,2032,0|9|23|41|60|81|101|125|69|120|155|162|155|204|196|34|32|30|27|0|0|0|0|0|0|0|0|0|0|0|0,1624
Minnesota,Car,BEV,2033,0|12|26|46|72|101|131|161|195|106|181|230|233|153|200|189|32|30|27|23|0|0|0|0|0|0|0|0|0|0|0,2148
Minnesota,Car,BEV,2034,0|13|30|52|81|121|165|209|252|302|158|267|328|230|150|193|180|30|27|23|19|0|0|0|0|0|0|0|0|0|0,2830
Minnesota,Car,BEV,2035,0|15|34|58|91|136|196|261|328|389|458|233|384|324|224|145|183|166|27|23|19|15|0|0|0|0|0|0|0|0|0,3709
Minnesota,Car,BEV,2036,0|15|37|66|100|151|221|310|408|507|591|678|330|378|316|217|137|170|149|23|19|15|11|0|0|0|0|0|0|0|0,4849
Minnesota,Car,BEV,2037,0|18|40|72|116|167|244|351|484|626|768|875|970|326|369|306|206|127|152|128|19|15|11|8|0|0|0|0|0|0|0,6398
Minnesota,Car,BEV,2038,0|19|46|77|126|193|270|387|549|743|947|1137|1253|955|318|357|290|190|114|130|104|15|11|8|5|0|0|0|0|0|0,8244
Minnesota,Car,BEV,2039,0|20|49|88|136|209|314|428|605|844|1120|1398|1628|1234|934|307|339|268|170|98|107|81|11|8|5|4|0|0|0|0|0,10405
Minnesota,Car,BEV,2040,0|23|52|95|154|227|339|499|668|931|1278|1650|2001|1605|1207|902|292|313|240|146|80|83|60|8|5|4|2|0|0|0|0,12864
Minnesota,Car,BEV,2041,0|24|58|103|166|255|368|538|780|1027|1407|1886|2360|1972|1568|1165|856|270|280|206|120|62|61|43|5|4|2|2|0|0|0,15588
Minnesota,Car,BEV,2042,0|24|61|112|180|275|411|583|839|1197|1552|2076|2698|2325|1927|1515|1106|792|242|241|169|93|46|43|29|4|2|2|1|0|0,18545
Minnesota,Car,BEV,2043,0|27|63|119|195|298|440|644|906|1287|1805|2289|2968|2659|2273|1861|1437|1024|709|207|197|131|69|33|30|20|2|2|1|1|0,21697
Minnesota,Car,BEV,2044,0|28|68|122|207|321|476|688|991|1383|1936|2660|3271|2924|2599|2195|1766|1330|916|609|170|153|97|49|22|20|13|2|1|1|0,25018
Minnesota,Car,BEV,2045,0|28|70|131|213|341|510|741|1056|1502|2074|2848|3798|3223|2858|2510|2083|1635|1191|786|498|132|113|69|34|15|13|8|1|1|0,28482
Minnesota,Car,BEV,2046,0|29|73|135|227|351|542|794|1133|1595|2233|3041|4058|3742|3150|2761|2382|1928|1463|1022|643|387|98|80|47|22|10|9|5|1|0,31961
Minnesota,Car,BEV,2047,0|30|74|142|236|373|558|842|1211|1706|2367|3249|4322|3999|3658|3042|2620|2204|1726|1256|836|500|286|69|55|32|15|6|6|3|0,35423
Minnesota,Car,BEV,2048,0|30|77|145|248|389|591|868|1282|1816|2523|3438|4593|4259|3909|3533|2887|2425|1973|1481|1027|650|370|203|48|37|21|10|4|4|2,38843
Minnesota,Car,BEV,2049,0|30|78|149|253|408|618|916|1320|1920|2679|3656|4853|4526|4163|3775|3352|2672|2170|1694|1211|798|481|263|140|32|24|14|6|3|2,42206
Minnesota,Car,BEV,2050,0|32|78|152|260|417|647|959|1393|1978|2829|3873|5149|4782|4424|4021|3582|3103|2392|1863|1385|941|591|341|180|93|21|16|9|4|2,45517
Minnesota,Car,PHEV,2020,0|0|0|0|0|0|1|0|0|0|0|0|0|0|0|0|0|0|0|0|0|0|0|0|0|0|0|0|0|0|0,1
Minnesota,Car,PHEV,2021,0|0|0|1|1|1|1|3|0|0|0|0|0|0|0|0|0|0|0|0|0|0|0|0|0|0|0|0|0|0|0,7
Minnesota,Car,PHEV,2022,0|0|0|0|2|2|3|2|6|0|0|0|0|0|0|0|0|0|0|0|0|0|0|0|0|0|0|0|0|0|0,15
Minnesota,Car,PHEV,2023,0|0|0|0|0|4|4|5|4|11|0|0|0|0|0|0|0|0|0|0|0|0|0|0|0|0|0|0|0|0|0,28
Minnesota,Car,PHEV,2024,0|0|0|0|0|1|7|7|10|7|17|0|0|0|0|0|0|0|0|0|0|0|0|0|0|0|0|0|0|0|0,49
Minnesota,Car,PHEV,2025,0|0|0|0|0|1|3|12|12|16|12|27|0|0|0|0|0|0|0|0|0|0|0|0|0|0|0|0|0|0|0,83
Minnesota,Car,PHEV,2026,0|0|0|0|0|1|3|5|20|20|25|18|40|0|0|0|0|0|0|0|0|0|0|0|0|0|0|0|0|0|0,132
Minnesota,Car,PHEV,2027,0|1|1|0|0|0|3|5|10|31|31|38|27|40|0|0|0|0|0|0|0|0|0|0|0|0|0|0|0|0|0,187
Minnesota,Car,PHEV,2028,0|1|2|4|0|0|1|6|9|16|49|47|55|26|39|0|0|0|0|0|0|0|0|0|0|0|0|0|0|0|0,255
Minnesota,Car,PHEV,2029,0|1|4|5|7|0|1|3|11|14|25|73|67|54|26|38|0|0|0|0|0|0|0|0|0|0|0|0|0|0|0,329
Minnesota,Car,PHEV,2030,0|2|4|8|9|13|2|3|6|18|22|39|106|66|53|25|36|0|0|0|0|0|0|0|0|0|0|0|0|0|0,412
Minnesota,Car,PHEV,2031,0|2|5|8|14|15|20|5|6|11|28|33|56|105|64|51|23|33|0|0|0|0|0|0|0|0|0|0|0|0|0,479
Minnesota,Car,PHEV,2032,0|2|4|10|14|22|24|31|8|10|18|43|47|55|102|62|49|22|30|0|0|0|0|0|0|0|0|0|0|0|0,553
Minnesota,Car,PHEV,2033,0|2|6|9|17|22|35|39|48|14|16|27|62|47|54|99|59|45|19|25|0|0|0|0|0|0|0|0|0|0|0,645
Minnesota,Car,PHEV,2034,0|2|7|11|16|28|36|54|60|72|21|23|40|61|45|52|94|55|40|17|21|0|0|0|0|0|0|0|0|0|0,755
Minnesota,Car,PHEV,2035,0|3|7|13|20|27|45|55|83|90|106|30|31|40|60|44|49|87|49|35|14|16|0|0|0|0|0|0|0|0|0,904
Minnesota,Car,PHEV,2036,0|3|8|13|22|34|45|70|85|126|133|153|41|31|39|58|42|46|78|42|28|11|12|0|0|0|0|0|0|0|0,1120
Minnesota,Car,PHEV,2037,0|3|8|15|23|37|54|72|107|128|189|195|217|41|30|38|55|39|41|67|34|22|8|8|0|0|0|0|0|0|0,1431
Minnesota,Car,PHEV,2038,0|4|9|15|26|39|60|85|113|161|192|275|276|214|40|29|36|51|35|35|55|27|16|6|6|0|0|0|0|0|0,1805
Minnesota,Car,PHEV,2039,0|4|10|17|27|43|64|97|133|173|242|281|392|272|209|38|28|33|45|30|29|42|20|12|4|4|0|0|0|0|0,2249
Minnesota,Car,PHEV,2040,0|4|10|18|30|45|69|103|151|203|260|356|400|387|266|202|36|26|30|39|24|22|31|14|8|3|3|0|0|0|0,2740
Minnesota,Car,PHEV,2041,0|4|10|19|32|48|72|109|162|232|306|385|507|394|378|257|192|34|23|25|32|19|17|22|10|5|2|2|0|0|0,3298
Minnesota,Car,PHEV,2042,0|4|10|19|34|51|77|113|170|249|352|452|550|500|385|365|244|178|30|20|21|25|14|12|15|6|3|1|1|0|0,3901
Minnesota,Car,PHEV,2043,0|4|10|19|34|54|80|120|176|261|379|520|647|542|489|372|346|226|159|26|16|16|18|10|8|10|4|2|1|1|0,4550
Minnesota,Car,PHEV,2044,0|4|11|20|34|54|84|124|185|269|394|562|745|638|529|472|353|321|202|136|21|13|12|13|7|5|7|3|1|0|0,5219
Minnesota,Car,PHEV,2045,0|4|11|21|36|56|85|129|189|280|403|581|806|734|623|511|448|327|287|173|112|16|9|8|9|5|4|4|2|1|0,5874
Minnesota,Car,PHEV,2046,0|4|11|21|38|58|89|132|195|286|415|591|828|795|718|602|485|415|293|246|142|87|12|7|6|6|3|2|3|1|1,6492
Minnesota,Car,PHEV,2047,0|4|10|21|38|61|91|138|199|294|422|605|839|816|777|693|571|449|371|251|201|110|64|9|5|4|4|2|1|2|1,7053
Minnesota,Car,PHEV,2048,0|4|10|20|38|62|96|139|208|299|431|611|853|826|797|750|658|529|402|318|205|156|82|46|6|3|3|3|1|1|1,7558
Minnesota,Car,PHEV,2049,0|4|10|19|36|62|97|147|209|309|438|620|859|841|808|770|712|609|473|345|260|160|116|58|31|4|2|2|2|1|1,8005
Minnesota,Car,PHEV,2050,0|4|10|19|35|59|97|149|219|310|451|629|869|847|822|780|731|659|545|406|282|202|118|82|40|21|3|1|1|1|1,8393
Minnesota,SUV,BEV,2020,0|0|0|0|0|0|0|0|0|0|0|0|0|0|0|0|0|0|0|0|0|0|0|0|0|0|0|0|0|0|0,0
Minnesota,SUV,BEV,2021,0|0|0|0|0|0|0|0|0|0|0|0|0|0|0|0|0|0|0|0|0|0|0|0|0|0|0|0|0|0|0,0
Minnesota,SUV,BEV,2022,0|1|0|0|0|0|0|0|0|0|0|0|0|0|0|0|0|0|0|0|0|0|0|0|0|0|0|0|0|0|0,1
Minnesota,SUV,BEV,2023,0|2|3|1|0|1|1|1|0|0|0|0|0|0|0|0|0|0|0|0|0|0|0|0|0|0|0|0|0|0|0,9
Minnesota,SUV,BEV,2024,0|3|4|5|3|1|3|3|3|1|1|0|0|0|0|0|0|0|0|0|0|0|0|0|0|0|0|0|0|0|0,27
Minnesota,SUV,BEV,2025,0|5|8|9|10|6|3|5|5|5|3|3|0|0|0|0|0|0|0|0|0|0|0|0|0|0|0|0|0|0|0,62
Minnesota,SUV,BEV,2026,0|5|11|16|15|16|11|5|10|10|8|5|5|0|0|0|0|0|0|0|0|0|0|0|0|0|0|0|0|0|0,117
Minnesota,SUV,BEV,2027,0|6|11|21|29|26|27|19|10|16|16|13|7|5|0|0|0|0|0|0|0|0|0|0|0|0|0|0|0|0|0,206
Minnesota,SUV,BEV,2028,0|7|15|21|37|49|44|44|30|16|25|25|19|7|5|0|0|0|0|0|0|0|0|0|0|0|0|0|0|0|0,344
Minnesota,SUV,BEV,2029,0|9|18|28|37|61|80|71|71|48|26|38|36|18|7|5|0|0|0|0|0|0|0|0|0|0|0|0|0|0|0,553
Minnesota,SUV,BEV,2030,0|11|25|36|49|62|99|127|113|111|74|41|55|36|18|6|4|0|0|0|0|0|0|0|0|0|0|0|0|0|0,867
Minnesota,SUV,BEV,2031,0|14|29|48|65|82|100|157|198|175|168|109|60|54|35|17|6|4|0|0|0|0|0|0|0|0|0|0|0|0|0,1321
Minnesota,SUV,BEV,2032,0|17|37|58|85|110|134|160|245|308|268|248|157|59|53|34|17|6|4|0|0|0|0|0|0|0|0|0|0|0|0,2000
Minnesota,SUV,BEV,2033,0|19|43|72|103|143|180|215|250|379|466|399|356|155|58|51|32|15|5|3|0|0|0|0|0|0|0|0|0|0|0,2944
Minnesota,SUV,BEV,2034,0|24|50|84|127|174|233|288|337|386|577|690|574|351|152|56|49|30|14|4|3|0|0|0|0|0|0|0|0|0|0,4203
Minnesota,SUV,BEV,2035,0|28|61|98|148|214|285|370|453|520|587|856|990|566|343|146|53|45|27|12|4|2|0|0|0|0|0|0|0|0|0,5808
Minnesota,SUV,BEV,2036,0|29|70|119|173|248|348|454|581|701|789|869|1228|976|553|331|139|49|40|23|10|3|1|0|0|0|0|0|0|0|0,7734
Minnesota,SUV,BEV,2037,0|30|74|135|210|289|403|553|714|900|1065|1168|1246|1210|954|534|314|129|44|35|19|7|2|1|0|0|0|0|0|0|0,10036
Minnesota,SUV,BEV,2038,0|34|79|145|235|351|468|640|866|1104|1366|1577|1674|1228|1183|921|507|291|115|38|28|15|6|1|1|0|0|0|0|0|0,12873
Minnesota,SUV,BEV,2039,0|38|87|155|256|392|567|742|1001|1335|1676|2023|2263|1649|1200|1143|874|469|260|99|31|22|11|4|1|0|0|0|0|0|0,16298
Minnesota,SUV,BEV,2040,0|40|97|170|273|426|631|899|1156|1541|2022|2483|2900|2230|1612|1159|1084|809|420|223|81|24|16|8|3|1|0|0|0|0|0,20308
Minnesota,SUV,BEV,2041,0|42|102|187|299|455|687|998|1398|1775|2326|2987|3558|2858|2179|1557|1100|1003|724|361|183|63|18|12|5|2|0|0|0|0|0,24879
Minnesota,SUV,BEV,2042,0|44|107|198|326|499|735|1085|1550|2142|2674|3431|4276|3506|2793|2105|1477|1018|898|622|295|142|46|13|8|4|1|0|0|0|0,29995
Minnesota,SUV,BEV,2043,0|47|113|210|346|541|802|1161|1685|2368|3222|3937|4903|4213|3427|2698|1997|1367|911|771|508|229|105|33|9|5|2|1|0|0|0,35611
Minnesota,SUV,BEV,2044,0|50|120|220|367|574|867|1263|1802|2573|3554|4737|5620|4831|4118|3310|2560|1849|1224|782|630|395|170|75|23|6|3|2|0|0|0,41725
Minnesota,SUV,BEV,2045,0|53|126|231|384|607|919|1358|1951|2750|3859|5214|6750|5537|4722|3977|3140|2369|1655|1051|640|490|292|120|51|15|4|2|1|0|0,48268
Minnesota,SUV,BEV,2046,0|53|134|245|403|633|972|1439|2089|2964|4123|5659|7422|6651|5413|4561|3774|2907|2121|1420|859|497|363|208|83|34|10|2|1|1|0,55041
Minnesota,SUV,BEV,2047,0|56|137|259|426|664|1008|1517|2209|3164|4426|6042|8049|7313|6502|5227|4328|3493|2602|1820|1161|668|368|257|143|55|23|6|2|1|0,61926
Minnesota,SUV,BEV,2048,0|58|143|267|451|701|1057|1566|2324|3336|4707|6463|8588|7931|7148|6279|4960|4006|3127|2233|1489|903|494|261|177|95|36|15|4|1|1,68821
Minnesota,SUV,BEV,2049,0|59|147|278|464|741|1115|1641|2389|3499|4950|6854|9161|8462|7753|6904|5958|4591|3585|2684|1826|1157|668|351|179|118|63|24|9|3|1,75634
Minnesota,SUV,BEV,2050,0|60|151|284|482|763|1174|1728|2498|3583|5178|7190|9692|9027|8272|7487|6551|5515|4110|3078|2195|1419|856|474|241|120|78|41|15|6|2,82270
Minnesota,SUV,PHEV,2020,0|0|0|0|0|0|0|0|0|0|0|0|0|0|0|0|0|0|0|0|0|0|0|0|0|0|0|0|0|0|0,0
Minnesota,SUV,PHEV,2021,0|0|0|0|0|0|0|0|0|0|0|0|0|0|0|0|0|0|0|0|0|0|0|0|0|0|0|0|0|0|0,0
Minnesota,SUV,PHEV,2022,0|0|0|0|0|0|0|0|0|0|0|0|0|0|0|0|0|0|0|0|0|0|0|0|0|0|0|0|0|0|0,0
Minnesota,SUV,PHEV,2023,0|0|1|0|0|0|0|1|1|1|0|0|0|0|0|0|0|0|0|0|0|0|0|0|0|0|0|0|0|0|0,4
Minnesota,SUV,PHEV,2024,0|1|1|3|0|0|1|1|3|2|2|0|0|0|0|0|0|0|0|0|0|0|0|0|0|0|0|0|0|0|0,14
Minnesota,SUV,PHEV,2025,0|2|3|3|5|1|0|3|3|5|4|4|0|0|0|0|0|0|0|0|0|0|0|0|0|0|0|0|0|0|0,33
Minnesota,SUV,PHEV,2026,0|1|4|7|6|10|3|1|5|5|9|6|6|0|0|0|0|0|0|0|0|0|0|0|0|0|0|0|0|0|0,63
Minnesota,SUV,PHEV,2027,0|1|2|9|12|11|16|5|3|8|10|14|10|6|0|0|0|0|0|0|0|0|0|0|0|0|0|0|0|0|0,107
Minnesota,SUV,PHEV,2028,0|2|3|4|15|20|19|25|10|5|13|16|20|10|6|0|0|0|0|0|0|0|0|0|0|0|0|0|0|0|0,168
Minnesota,SUV,PHEV,2029,0|2|4|5|8|24|33|30|39|16|10|19|23|19|9|5|0|0|0|0|0|0|0|0|0|0|0|0|0|0|0,246
Minnesota,SUV,PHEV,2030,0|2|5|9|10|13|39|53|48|60|25|16|28|22|19|9|5|0|0|0|0|0|0|0|0|0|0|0|0|0|0,363
Minnesota,SUV,PHEV,2031,0|3|7|10|16|17|22|61|82|75|90|36|24|27|22|18|9|5|0|0|0|0|0|0|0|0|0|0|0|0|0,524
Minnesota,SUV,PHEV,2032,0|4|8|14|17|27|28|36|95|126|115|135|51|23|27|21|17|8|4|0|0|0|0|0|0|0|0|0|0|0|0,756
Minnesota,SUV,PHEV,2033,0|6|10|15|23|28|44|46|56|146|192|171|194|50|23|26|20|16|7|4|0|0|0|0|0|0|0|0|0|0|0,1077
Minnesota,SUV,PHEV,2034,0|6|13|19|27|39|46|69|74|85|222|285|247|191|49|22|24|18|14|6|3|0|0|0|0|0|0|0|0|0|0,1459
Minnesota,SUV,PHEV,2035,0|6|14|26|34|45|63|74|108|114|127|329|409|243|187|48|21|23|17|12|5|2|0|0|0|0|0|0|0|0|0,1907
Minnesota,SUV,PHEV,2036,0|6|15|27|44|57|73|100|117|166|172|187|471|403|238|180|45|19|20|14|10|4|2|0|0|0|0|0|0|0|0,2370
Minnesota,SUV,PHEV,2037,0|6|15|30|47|72|93|116|157|180|253|254|268|464|394|230|171|42|17|17|12|8|3|1|0|0|0|0|0|0|0,2850
Minnesota,SUV,PHEV,2038,0|6|14|29|52|80|116|147|181|241|272|374|363|265|454|381|218|158|37|15|14|9|6|2|1|0|0|0|0|0|0,3435
Minnesota,SUV,PHEV,2039,0|6|15|28|51|85|130|181|228|279|364|403|536|358|259|438|361|202|142|32|12|11|7|4|1|1|0|0|0|0|0,4134
Minnesota,SUV,PHEV,2040,0|6|16|31|50|85|138|204|280|349|421|536|577|528|349|250|416|334|181|122|26|9|8|5|3|1|0|0|0|0|0,4925
Minnesota,SUV,PHEV,2041,0|6|16|33|55|84|137|216|314|425|524|620|767|569|516|338|237|385|299|155|99|20|7|6|3|2|1|0|0|0|0,5834
Minnesota,SUV,PHEV,2042,0|6|17|32|57|91|135|215|332|477|636|769|886|756|556|499|320|219|344|257|127|77|15|5|4|2|1|0|0|0|0,6835
Minnesota,SUV,PHEV,2043,0|7|17|34|57|94|145|214|333|502|712|929|1093|873|739|537|473|296|196|296|210|98|57|11|3|3|1|1|0|0|0,7931
Minnesota,SUV,PHEV,2044,0|7|19|35|60|95|150|227|331|507|748|1040|1319|1077|853|713|510|438|265|169|242|163|73|41|7|2|2|1|1|0|0,9095
Minnesota,SUV,PHEV,2045,0|7|19|37|61|99|151|234|349|505|758|1091|1477|1299|1053|824|677|472|392|228|138|188|121|52|28|5|1|1|1|0|0,10268
Minnesota,SUV,PHEV,2046,0|7|19|38|65|100|158|236|356|529|758|1109|1549|1455|1270|1017|782|627|422|336|186|107|139|86|36|19|3|1|1|0|0,11411
Minnesota,SUV,PHEV,2047,0|7|19|38|67|106|159|246|360|537|786|1111|1575|1526|1422|1226|965|724|561|362|275|145|79|99|59|24|12|2|1|0|0,12493
Minnesota,SUV,PHEV,2048,0|7|19|38|67|109|168|246|372|541|796|1143|1580|1552|1492|1374|1164|893|648|481|296|214|107|56|68|39|16|8|1|0|0,13495
Minnesota,SUV,PHEV,2049,0|7|19|37|67|109|172|257|371|556|800|1154|1614|1557|1517|1440|1304|1077|800|556|394|230|158|76|39|45|26|10|5|1|0,14398
Minnesota,SUV,PHEV,2050,0|7|19|37|65|109|173|264|385|551|815|1158|1626|1591|1522|1465|1367|1207|964|686|455|306|170|112|52|26|30|17|7|3|1,15190
Mississippi,Car,BEV,2020,0|0|0|0|0|0|0|0|0|0|0|0|0|0|0|0|0|0|0|0|0|0|0|0|0|0|0|0|0|0|0,0
Mississippi,Car,BEV,2021,0|0|0|0|0|0|0|0|0|0|0|0|0|0|0|0|0|0|0|0|0|0|0|0|0|0|0|0|0|0|0,0
Mississippi,Car,BEV,2022,0|0|0|0|0|0|0|0|0|0|0|0|0|0|0|0|0|0|0|0|0|0|0|0|0|0|0|0|0|0|0,0
Mississippi,Car,BEV,2023,0|0|0|0|0|0|0|0|0|0|0|0|0|0|0|0|0|0|0|0|0|0|0|0|0|0|0|0|0|0|0,0
Mississippi,Car,BEV,2024,0|0|0|0|0|0|0|0|0|0|0|0|0|0|0|0|0|0|0|0|0|0|0|0|0|0|0|0|0|0|0,0
Mississippi,Car,BEV,2025,0|0|0|0|0|0|0|0|0|0|0|0|0|0|0|0|0|0|0|0|0|0|0|0|0|0|0|0|0|0|0,0
Mississippi,Car,BEV,2026,0|2|0|0|0|0|0|0|1|0|0|0|0|0|0|0|0|0|0|0|0|0|0|0|0|0|0|0|0|0|0,3
Mississippi,Car,BEV,2027,0|2|4|0|0|0|0|0|1|2|0|0|0|0|0|0|0|0|0|0|0|0|0|0|0|0|0|0|0|0|0,9
Mississippi,Car,BEV,2028,0|2|6|9|0|0|1|1|1|3|4|0|0|0|0|0|0|0|0|0|0|0|0|0|0|0|0|0|0|0|0,27
Mississippi,Car,BEV,2029,0|4|7|12|15|0|1|3|3|2|5|6|1|0|0|0|0|0|0|0|0|0|0|0|0|0|0|0|0|0|0,59
Mississippi,Car,BEV,2030,0|5|10|13|21|26|1|3|5|5|4|8|11|1|0|0|0|0|0|0|0|0|0|0|0|0|0|0|0|0|0,113
Mississippi,Car,BEV,2031,0|5|11|19|24|34|42|3|5|9|8|6|13|11|1|0|0|0|0|0|0|0|0|0|0|0|0|0|0|0|0,191
Mississippi,Car,BEV,2032,0|5|13|22|32|42|55|67|5|10|14|13|10|13|10|1|0|0|0|0|0|0|0|0|0|0|0|0|0|0|0,312
Mississippi,Car,BEV,2033,0|6|13|24|38|54|69|88|105|9|16|21|19|10|12|10|1|0|0|0|0|0|0|0|0|0|0|0|0|0|0,495
Mississippi,Car,BEV,2034,0|7|15|26|42|64|87|111|139|162|14|25|30|18|9|12|10|1|0|0|0|0|0|0|0|0|0|0|0|0|0,772
Mississippi,Car,BEV,2035,0|7|17|29|46|71|105|139|175|214|246|21|35|30|18|9|11|9|1|0|0|0|0|0|0|0|0|0|0|0|0,1183
Mississippi,Car,BEV,2036,0|7|19|34|51|77|115|167|218|273|325|364|30|35|29|17|9|10|8|1|0|0|0|0|0|0|0|0|0|0|0,1789
Mississippi,Car,BEV,2037,0|9|20|37|59|85|125|186|260|339|416|481|521|29|34|28|17|8|9|7|1|0|0|0|0|0|0|0|0|0|0,2671
Mississippi,Car,BEV,2038,0|10|24|40|65|99|138|199|293|401|514|618|690|514|28|33|27|15|7|8|6|0|0|0|0|0|0|0|0|0|0,3729
Mississippi,Car,BEV,2039,0|11|26|46|69|108|161|221|312|454|608|761|890|680|502|27|31|25|14|6|7|4|0|0|0|0|0|0|0|0|0,4963
Mississippi,Car,BEV,2040,0|12|29|50|81|116|175|257|347|482|690|900|1092|877|665|485|26|29|22|12|5|5|3|0|0|0|0|0|0|0|0,6360
Mississippi,Car,BEV,2041,0|12|30|55|87|134|189|277|402|537|731|1025|1291|1076|857|642|460|24|26|19|10|4|4|2|0|0|0|0|0|0|0,7894
Mississippi,Car,BEV,2042,0|13|30|58|95|144|215|300|433|619|813|1084|1473|1272|1051|828|609|426|22|22|16|7|3|3|2|0|0|0|0|0|0,9538
Mississippi,Car,BEV,2043,0|13|32|59|100|156|230|336|468|665|937|1202|1555|1452|1244|1015|786|564|381|19|18|12|6|2|2|1|0|0|0|0|0,11255
Mississippi,Car,BEV,2044,0|14|34|62|103|164|247|357|517|715|1003|1383|1722|1532|1419|1201|963|727|505|327|15|14|9|4|1|1|1|0|0|0|0,13040
Mississippi,Car,BEV,2045,0|14|35|65|109|171|261|381|546|780|1072|1477|1979|1697|1497|1370|1140|892|651|433|268|12|10|6|3|1|1|0|0|0|0,14871
Mississippi,Car,BEV,2046,0|15|36|68|113|180|273|404|580|821|1156|1571|2107|1951|1658|1446|1300|1055|798|559|354|208|9|7|4|2|1|1|0|0|0,16677
Mississippi,Car,BEV,2047,0|15|37|69|119|186|285|423|613|869|1212|1679|2233|2076|1907|1602|1372|1204|944|685|457|275|154|6|5|3|1|0|0|0|0,18431
Mississippi,Car,BEV,2048,0|15|38|71|122|195|296|440|643|917|1280|1756|2368|2200|2030|1841|1520|1270|1077|810|560|355|204|109|4|3|2|1|0|0|0,20127
Mississippi,Car,BEV,2049,0|15|38|73|124|200|309|457|667|962|1348|1848|2473|2334|2151|1960|1747|1407|1137|925|663|435|263|145|75|3|2|1|0|0|0,21762
Mississippi,Car,BEV,2050,0|15|38|73|126|204|318|477|694|996|1414|1942|2595|2436|2281|2077|1860|1617|1259|976|756|515|322|187|99|50|2|1|1|0|0,23331
Mississippi,Car,PHEV,2020,0|0|0|0|0|0|0|0|0|0|0|0|0|0|0|0|0|0|0|0|0|0|0|0|0|0|0|0|0|0|0,0
Mississippi,Car,PHEV,2021,0|0|0|0|0|0|0|0|0|0|0|0|0|0|0|0|0|0|0|0|0|0|0|0|0|0|0|0|0|0|0,0
Mississippi,Car,PHEV,2022,0|0|0|0|0|0|0|0|0|0|0|0|0|0|0|0|0|0|0|0|0|0|0|0|0|0|0|0|0|0|0,0
Mississippi,Car,PHEV,2023,0|0|0|0|0|0|0|0|0|0|0|0|0|0|0|0|0|0|0|0|0|0|0|0|0|0|0|0|0|0|0,0
Mississippi,Car,PHEV,2024,0|0|0|0|0|0|0|0|0|0|0|0|0|0|0|0|0|0|0|0|0|0|0|0|0|0|0|0|0|0|0,0
Mississippi,Car,PHEV,2025,0|0|0|0|0|0|0|0|0|0|0|0|0|0|0|0|0|0|0|0|0|0|0|0|0|0|0|0|0|0|0,0
Mississippi,Car,PHEV,2026,0|0|0|0|0|0|0|0|0|0|0|0|1|0|0|0|0|0|0|0|0|0|0|0|0|0|0|0|0|0|0,1
Mississippi,Car,PHEV,2027,0|0|0|0|0|0|0|0|0|1|1|1|0|1|0|0|0|0|0|0|0|0|0|0|0|0|0|0|0|0|0,4
Mississippi,Car,PHEV,2028,0|0|0|1|0|0|0|0|0|0|3|3|2|0|1|0|0|0|0|0|0|0|0|0|0|0|0|0|0|0|0,10
Mississippi,Car,PHEV,2029,0|0|1|1|3|0|0|0|0|0|1|5|5|2|0|1|0|0|0|0|0|0|0|0|0|0|0|0|0|0|0,19
Mississippi,Car,PHEV,2030,0|1|1|3|3|5|0|0|0|0|0|2|9|5|2|0|1|0|0|0|0|0|0|0|0|0|0|0|0|0|0,32
Mississippi,Car,PHEV,2031,0|1|3|3|5|6|9|0|0|0|1|1|4|9|5|2|0|1|0|0|0|0|0|0|0|0|0|0|0|0|0,50
Mississippi,Car,PHEV,2032,0|1|3|5|6|10|11|15|0|0|1|3|3|4|9|5|2|0|1|0|0|0|0|0|0|0|0|0|0|0|0,79
Mississippi,Car,PHEV,2033,0|1|3|5|9|11|17|18|24|0|0|2|5|3|4|8|4|2|0|1|0|0|0|0|0|0|0|0|0|0|0,117
Mississippi,Car,PHEV,2034,0|2|3|5|10|15|18|27|29|36|0|0|4|5|3|4|8|4|1|0|1|0|0|0|0|0|0|0|0|0|0,175
Mississippi,Car,PHEV,2035,0|2|4|7|10|16|24|29|43|45|54|1|1|4|5|3|3|7|4|1|0|0|0|0|0|0|0|0|0|0|0,263
Mississippi,Car,PHEV,2036,0|2|4|8|12|16|25|38|45|66|70|79|3|1|4|5|3|3|6|3|1|0|0|0|0|0|0|0|0|0|0,394
Mississippi,Car,PHEV,2037,0|3|5|8|14|20|27|40|58|70|99|103|114|3|1|4|4|2|3|6|3|1|0|0|0|0|0|0|0|0|0,588
Mississippi,Car,PHEV,2038,0|2|6|9|14|23|32|44|62|89|105|148|149|112|3|1|3|4|2|2|5|2|1|0|0|0|0|0|0|0|0,818
Mississippi,Car,PHEV,2039,0|2|5|11|15|23|37|51|69|95|133|155|212|146|110|3|1|3|4|2|2|4|1|0|0|0|0|0|0|0|0,1084
Mississippi,Car,PHEV,2040,0|2|6|10|17|25|37|57|80|108|144|196|221|209|143|106|3|1|3|3|2|2|3|1|0|0|0|0|0|0|0,1379
Mississippi,Car,PHEV,2041,0|2|6|11|17|28|40|58|88|123|163|214|281|218|205|138|101|2|1|2|3|1|1|2|1|0|0|0|0|0|0,1706
Mississippi,Car,PHEV,2042,0|2|6|11|18|28|44|62|90|135|188|241|306|277|213|198|131|93|2|1|2|2|1|1|1|0|0|0|0|0|0,2053
Mississippi,Car,PHEV,2043,0|2|6|11|17|29|45|67|95|137|205|279|347|301|271|206|187|121|83|2|1|2|1|1|1|1|0|0|0|0|0,2418
Mississippi,Car,PHEV,2044,0|2|6|11|19|28|46|69|102|144|208|303|400|342|295|262|195|174|109|72|2|0|1|1|0|0|1|0|0|0|0,2792
Mississippi,Car,PHEV,2045,0|2|6|12|18|31|45|70|103|152|216|306|434|394|334|284|248|181|155|93|59|1|0|1|1|0|0|0|0|0|0,3146
Mississippi,Car,PHEV,2046,0|2|6|12|20|30|49|70|105|153|223|315|437|427|386|323|270|230|162|133|76|45|1|0|1|0|0|0|0|0|0,3476
Mississippi,Car,PHEV,2047,0|2|6|12|20|33|48|75|105|154|224|322|445|430|418|372|306|250|206|139|109|59|34|1|0|0|0|0|0|0|0,3770
Mississippi,Car,PHEV,2048,0|2|6|11|19|33|51|74|111|154|225|323|451|439|421|403|353|284|224|177|114|85|44|24|0|0|0|0|0|0|0,4028
Mississippi,Car,PHEV,2049,0|2|5|11|18|32|51|77|109|162|225|323|450|445|429|406|383|327|254|192|144|88|63|31|16|0|0|0|0|0|0,4243
Mississippi,Car,PHEV,2050,0|2|5|10|17|30|50|77|114|160|235|323|451|444|435|414|385|354|293|218|157|112|65|45|21|11|0|0|0|0|0,4428
Mississippi,SUV,BEV,2020,0|0|0|0|0|0|0|0|0|0|0|0|0|0|0|0|0|0|0|0|0|0|0|0|0|0|0|0|0|0|0,0
Mississippi,SUV,BEV,2021,0|0|0|0|0|0|0|0|0|0|0|0|0|0|0|0|0|0|0|0|0|0|0|0|0|0|0|0|0|0|0,0
Mississippi,SUV,BEV,2022,0|0|0|0|0|0|0|0|0|0|0|0|0|0|0|0|0|0|0|0|0|0|0|0|0|0|0|0|0|0|0,0
Mississippi,SUV,BEV,2023,0|0|0|0|0|0|0|0|0|0|0|0|0|0|0|0|0|0|0|0|0|0|0|0|0|0|0|0|0|0|0,0
Mississippi,SUV,BEV,2024,0|0|0|0|0|0|0|0|0|0|0|0|0|0|0|0|0|0|0|0|0|0|0|0|0|0|0|0|0|0|0,0
Mississippi,SUV,BEV,2025,0|0|0|0|0|0|0|0|0|0|0|0|0|0|0|0|0|0|0|0|0|0|0|0|0|0|0|0|0|0|0,0
Mississippi,SUV,BEV,2026,0|2|0|0|0|0|0|0|0|0|0|0|0|0|0|0|0|0|0|0|0|0|0|0|0|0|0|0|0|0|0,2
Mississippi,SUV,BEV,2027,0|2|5|1|1|1|1|0|0|0|0|0|0|0|0|0|0|0|0|0|0|0|0|0|0|0|0|0|0|0|0,11
Mississippi,SUV,BEV,2028,0|4|7|10|3|3|3|3|1|0|0|0|0|0|0|0|0|0|0|0|0|0|0|0|0|0|0|0|0|0|0,34
Mississippi,SUV,BEV,2029,0|5|10|13|18|5|5|5|5|2|0|0|1|0|0|0|0|0|0|0|0|0|0|0|0|0|0|0|0|0|0,69
Mississippi,SUV,BEV,2030,0|5|11|19|24|30|10|10|10|8|4|1|1|1|0|0|0|0|0|0|0|0|0|0|0|0|0|0|0|0|0,134
Mississippi,SUV,BEV,2031,0|6|14|22|32|40|49|16|16|16|13|6|2|1|1|0|0|0|0|0|0|0|0|0|0|0|0|0|0|0|0,234
Mississippi,SUV,BEV,2032,0|6|15|27|39|53|65|78|25|27|25|19|11|2|1|1|0|0|0|0|0|0|0|0|0|0|0|0|0|0|0,394
Mississippi,SUV,BEV,2033,0|7|16|31|47|66|86|104|122|38|43|38|28|11|2|1|1|0|0|0|0|0|0|0|0|0|0|0|0|0|0,641
Mississippi,SUV,BEV,2034,0|9|18|32|54|78|107|138|163|187|57|64|55|27|10|2|1|1|0|0|0|0|0|0|0|0|0|0|0|0|0,1003
Mississippi,SUV,BEV,2035,0|9|23|36|57|91|127|170|215|251|285|83|92|54|27|10|2|1|1|0|0|0|0|0|0|0|0|0|0|0|0,1534
Mississippi,SUV,BEV,2036,0|11|25|44|65|97|148|203|265|332|381|424|119|91|53|26|10|2|1|1|0|0|0|0|0|0|0|0|0|0|0,2298
Mississippi,SUV,BEV,2037,0|13|29|49|78|109|158|236|318|410|503|566|609|117|89|51|24|9|1|1|1|0|0|0|0|0|0|0|0|0|0,3371
Mississippi,SUV,BEV,2038,0|14|32|57|87|131|178|252|370|492|624|745|813|600|115|86|49|23|8|1|1|0|0|0|0|0|0|0|0|0|0,4678
Mississippi,SUV,BEV,2039,0|15|36|62|98|146|214|285|395|574|745|924|1069|801|586|111|82|45|20|7|1|0|0|0|0|0|0|0|0|0|0,6216
Mississippi,SUV,BEV,2040,0|15|38|69|110|162|236|339|447|610|869|1103|1328|1053|783|566|105|76|40|17|6|1|0|0|0|0|0|0|0|0|0,7973
Mississippi,SUV,BEV,2041,0|17|39|73|120|183|262|374|532|690|928|1288|1584|1308|1030|757|537|97|68|35|14|4|1|0|0|0|0|0|0|0|0,9941
Mississippi,SUV,BEV,2042,0|18|43|77|127|196|293|413|584|819|1046|1375|1849|1561|1279|994|718|497|87|58|28|11|3|0|0|0|0|0|0|0|0,12076
Mississippi,SUV,BEV,2043,0|18|45|84|135|209|313|459|640|897|1239|1549|1974|1822|1526|1235|944|664|445|75|47|22|8|2|0|0|0|0|0|0|0,14352
Mississippi,SUV,BEV,2044,0|18|46|86|145|223|334|488|706|979|1353|1831|2220|1945|1781|1474|1172|873|595|382|61|37|16|6|2|0|0|0|0|0|0,16773
Mississippi,SUV,BEV,2045,0|19|47|89|150|237|356|519|749|1068|1467|1991|2619|2188|1901|1720|1398|1085|782|510|312|47|27|12|4|1|0|0|0|0|0,19298
Mississippi,SUV,BEV,2046,0|20|50|92|155|246|377|553|795|1130|1589|2150|2841|2580|2139|1836|1632|1294|971|671|417|243|35|19|8|3|1|0|0|0|0,21847
Mississippi,SUV,BEV,2047,0|21|51|97|161|255|391|584|844|1197|1677|2313|3057|2799|2522|2066|1742|1510|1159|833|549|324|180|25|13|5|2|0|0|0|0,24377
Mississippi,SUV,BEV,2048,0|21|53|99|169|267|406|605|889|1266|1770|2436|3271|3012|2736|2436|1960|1612|1352|994|681|426|240|128|17|9|3|1|0|0|0,26859
Mississippi,SUV,BEV,2049,0|21|54|103|173|279|425|629|919|1330|1867|2565|3439|3223|2944|2643|2311|1814|1443|1160|813|530|316|170|88|11|6|2|1|0|0,29279
Mississippi,SUV,BEV,2050,0|21|54|105|179|285|443|658|955|1372|1960|2699|3614|3389|3151|2844|2507|2139|1624|1239|949|632|392|224|117|59|8|4|1|0|0,31624
Mississippi,SUV,PHEV,2020,0|0|0|0|0|0|0|0|0|0|0|0|0|0|0|0|0|0|0|0|0|0|0|0|0|0|0|0|0|0|0,0
Mississippi,SUV,PHEV,2021,0|0|0|0|0|0|0|0|0|0|0|0|0|0|0|0|0|0|0|0|0|0|0|0|0|0|0|0|0|0|0,0
Mississippi,SUV,PHEV,2022,0|0|0|0|0|0|0|0|0|0|0|0|0|0|0|0|0|0|0|0|0|0|0|0|0|0|0|0|0|0|0,0
Mississippi,SUV,PHEV,2023,0|0|0|0|0|0|0|0|0|0|0|0|0|0|0|0|0|0|0|0|0|0|0|0|0|0|0|0|0|0|0,0
Mississippi,SUV,PHEV,2024,0|0|0|0|0|0|0|0|0|0|0|0|0|0|0|0|0|0|0|0|0|0|0|0|0|0|0|0|0|0|0,0
Mississippi,SUV,PHEV,2025,0|0|0|0|0|0|0|0|0|0|0|0|0|0|0|0|0|0|0|0|0|0|0|0|0|0|0|0|0|0|0,0
Mississippi,SUV,PHEV,2026,0|0|0|0|0|0|0|0|0|0|0|0|0|0|0|0|0|0|0|0|0|0|0|0|0|0|0|0|0|0|0,0
Mississippi,SUV,PHEV,2027,0|0|0|0|0|0|0|0|0|0|0|0|0|0|0|0|0|0|0|0|0|0|0|0|0|0|0|0|0|0|0,0
Mississippi,SUV,PHEV,2028,0|0|1|1|0|1|1|1|0|0|0|0|0|0|0|0|0|0|0|0|0|0|0|0|0|0|0|0|0|0|0,5
Mississippi,SUV,PHEV,2029,0|1|1|3|3|1|3|3|3|0|0|0|0|0|0|0|0|0|0|0|0|0|0|0|0|0|0|0|0|0|0,18
Mississippi,SUV,PHEV,2030,0|1|2|3|5|5|3|5|5|5|1|0|1|0|0|0|0|0|0|0|0|0|0|0|0|0|0|0|0|0|0,36
Mississippi,SUV,PHEV,2031,0|1|3|4|7|9|10|5|10|10|10|2|0|1|0|0|0|0|0|0|0|0|0|0|0|0|0|0|0|0|0,72
Mississippi,SUV,PHEV,2032,0|2|3|5|8|12|15|16|10|16|16|16|4|0|1|0|0|0|0|0|0|0|0|0|0|0|0|0|0|0|0,124
Mississippi,SUV,PHEV,2033,0|2|4|7|10|13|20|24|25|16|25|24|23|4|0|1|0|0|0|0|0|0|0|0|0|0|0|0|0|0|0,198
Mississippi,SUV,PHEV,2034,0|2|5|8|12|17|22|32|37|40|25|36|33|22|4|0|1|0|0|0|0|0|0|0|0|0|0|0|0|0|0,296
Mississippi,SUV,PHEV,2035,0|2|5|10|14|20|28|35|50|57|61|38|51|33|22|4|0|1|0|0|0|0|0|0|0|0|0|0|0|0|0,431
Mississippi,SUV,PHEV,2036,0|3|5|10|17|23|31|44|55|79|85|90|55|50|32|21|3|0|1|0|0|0|0|0|0|0|0|0|0|0|0,604
Mississippi,SUV,PHEV,2037,0|3|6|10|17|27|37|49|69|84|119|126|130|54|49|31|20|3|0|1|0|0|0|0|0|0|0|0|0|0|0,835
Mississippi,SUV,PHEV,2038,0|3|6|12|17|29|44|57|78|108|126|177|178|128|53|48|30|18|3|0|1|0|0|0|0|0|0|0|0|0|0,1116
Mississippi,SUV,PHEV,2039,0|3|7|12|19|29|47|70|89|120|163|186|254|175|125|51|45|27|17|2|0|0|0|0|0|0|0|0|0|0|0,1441
Mississippi,SUV,PHEV,2040,0|3|7|13|20|32|48|75|109|137|182|240|267|250|171|121|49|42|24|14|2|0|0|0|0|0|0|0|0|0|0,1806
Mississippi,SUV,PHEV,2041,0|3|7|13|22|33|51|77|117|165|209|269|345|264|244|166|115|45|37|21|12|2|0|0|0|0|0|0|0|0|0,2217
Mississippi,SUV,PHEV,2042,0|4|7|13|22|36|53|81|121|180|249|309|385|340|258|236|157|106|40|32|17|9|1|0|0|0|0|0|0|0|0,2656
Mississippi,SUV,PHEV,2043,0|4|8|13|22|37|57|84|126|186|273|368|443|380|332|249|224|145|95|35|26|13|7|1|0|0|0|0|0|0|0,3128
Mississippi,SUV,PHEV,2044,0|4|8|14|22|37|59|89|130|193|282|404|525|436|371|321|236|207|130|81|28|20|10|5|1|0|0|0|0|0|0,3613
Mississippi,SUV,PHEV,2045,0|4|8|15|24|38|59|92|137|198|290|416|576|517|426|359|305|219|186|112|67|22|15|7|3|0|0|0|0|0|0,4095
Mississippi,SUV,PHEV,2046,0|4|8|15|25|40|61|91|140|205|296|425|593|568|506|412|340|282|196|159|91|52|16|11|5|2|0|0|0|0|0,4543
Mississippi,SUV,PHEV,2047,0|4|8|15|26|42|64|95|140|209|304|432|605|584|555|488|391|315|252|168|130|71|38|12|7|3|1|0|0|0|0,4959
Mississippi,SUV,PHEV,2048,0|3|8|15|25|43|66|98|145|209|308|440|612|596|571|536|463|362|282|217|137|101|53|27|8|5|2|1|0|0|0,5333
Mississippi,SUV,PHEV,2049,0|3|7|14|25|42|68|101|148|215|308|443|618|603|582|552|509|429|324|242|177|107|75|37|19|5|3|1|1|0|0,5658
Mississippi,SUV,PHEV,2050,0|3|7|13|24|41|66|103|152|218|314|443|621|609|589|563|523|471|384|278|198|138|79|53|26|13|3|2|1|0|0,5935
Missouri,Car,BEV,2020,0|0|0|0|0|0|1|0|0|0|0|0|0|0|0|0|0|0|0|0|0|0|0|0|0|0|0|0|0|0|0,1
Missouri,Car,BEV,2021,0|0|0|1|0|0|1|3|0|0|0|0|0|0|0|0|0|0|0|0|0|0|0|0|0|0|0|0|0|0|0,5
Missouri,Car,BEV,2022,0|0|0|1|3|0|1|3|5|0|0|0|0|0|0|0|0|0|0|0|0|0|0|0|0|0|0|0|0|0|0,13
Missouri,Car,BEV,2023,0|0|0|0|3|5|1|3|5|10|0|0|0|0|0|0|0|0|0|0|0|0|0|0|0|0|0|0|0|0|0,27
Missouri,Car,BEV,2024,0|1|1|1|1|5|10|3|5|10|15|0|0|0|0|0|0|0|0|0|0|0|0|0|0|0|0|0|0|0|0,52
Missouri,Car,BEV,2025,0|0|3|3|3|3|10|16|5|10|16|23|0|0|0|0|0|0|0|0|0|0|0|0|0|0|0|0|0|0|0,92
Missouri,Car,BEV,2026,0|4|1|5|5|6|6|16|27|10|16|24|33|0|0|0|0|0|0|0|0|0|0|0|0|0|0|0|0|0|0,153
Missouri,Car,BEV,2027,0|5|10|3|9|10|11|11|25|43|16|24|34|33|0|0|0|0|0|0|0|0|0|0|0|0|0|0|0|0|0,234
Missouri,Car,BEV,2028,0|6|12|19|6|15|17|18|18|40|66|25|34|34|32|0|0|0|0|0|0|0|0|0|0|0|0|0|0|0|0,342
Missouri,Car,BEV,2029,0|7|15|23|33|11|24|28|29|29|62|98|35|34|33|31|0|0|0|0|0|0|0|0|0|0|0|0|0|0|0,492
Missouri,Car,BEV,2030,0|9|18|30|41|53|18|38|46|47|45|92|142|35|33|32|30|0|0|0|0|0|0|0|0|0|0|0|0|0|0,709
Missouri,Car,BEV,2031,0|9|23|36|52|69|84|30|58|73|72|68|132|140|34|32|30|27|0|0|0|0|0|0|0|0|0|0|0|0|0,969
Missouri,Car,BEV,2032,0|10|25|44|65|88|111|134|48|88|112|107|98|130|136|33|30|28|24|0|0|0|0|0|0|0|0|0|0|0|0,1311
Missouri,Car,BEV,2033,0|11|27|49|77|109|143|176|209|75|132|167|154|97|127|132|31|28|25|21|0|0|0|0|0|0|0|0|0|0|0,1790
Missouri,Car,BEV,2034,0|14|29|52|87|130|177|229|275|324|113|195|240|152|95|123|125|29|25|22|17|0|0|0|0|0|0|0|0|0|0,2453
Missouri,Car,BEV,2035,0|16|36|58|93|146|210|284|359|425|492|166|279|236|149|91|116|116|26|22|18|13|0|0|0|0|0|0|0|0|0,3351
Missouri,Car,BEV,2036,0|18|40|71|104|157|236|333|443|554|644|727|237|275|231|144|87|108|104|22|18|14|10|0|0|0|0|0|0|0|0,4577
Missouri,Car,BEV,2037,0|19|46|78|124|175|255|375|521|683|838|951|1040|234|269|223|136|80|96|89|18|14|10|7|0|0|0|0|0|0|0,6281
Missouri,Car,BEV,2038,0|21|49|88|137|207|286|405|589|803|1036|1241|1364|1025|228|260|212|126|72|83|73|14|10|7|5|0|0|0|0|0|0,8341
Missouri,Car,BEV,2039,0|23|54|96|152|229|336|455|635|910|1214|1533|1779|1344|1002|220|247|196|113|62|68|56|10|7|5|3|0|0|0|0|0,10749
Missouri,Car,BEV,2040,0|24|58|104|169|252|370|535|712|979|1381|1794|2197|1753|1314|968|209|228|175|97|50|53|42|7|5|3|2|0|0|0|0,13481
Missouri,Car,BEV,2041,0|26|62|112|182|281|407|586|837|1097|1482|2044|2571|2165|1713|1269|918|194|204|151|79|39|39|30|5|3|2|1|0|0|0,16499
Missouri,Car,BEV,2042,0|27|65|120|195|302|452|641|915|1289|1660|2193|2930|2533|2116|1655|1204|850|173|175|123|62|29|28|20|3|2|1|1|0|0,19764
Missouri,Car,BEV,2043,0|28|68|127|208|323|482|708|994|1403|1947|2452|3141|2888|2476|2044|1570|1114|761|149|143|96|46|21|19|14|2|1|1|1|0,23227
Missouri,Car,BEV,2044,0|29|70|131|220|343|515|753|1088|1519|2113|2874|3508|3095|2823|2391|1939|1453|997|653|122|111|71|32|14|13|9|1|1|1|0,26889
Missouri,Car,BEV,2045,0|31|75|135|227|363|546|802|1154|1646|2277|3108|4107|3456|3025|2726|2269|1795|1301|856|534|95|82|50|22|9|8|6|1|1|0,30707
Missouri,Car,BEV,2046,0|31|78|145|236|374|577|848|1225|1740|2449|3335|4433|4047|3378|2922|2587|2100|1607|1117|700|415|70|59|35|15|6|5|4|1|0,34539
Missouri,Car,BEV,2047,0|31|79|151|251|389|595|895|1292|1839|2579|3564|4738|4368|3956|3263|2772|2394|1880|1379|913|544|307|50|40|23|10|4|4|2|0,38312
Missouri,Car,BEV,2048,0|31|80|152|262|412|619|923|1360|1936|2716|3743|5038|4669|4269|3821|3096|2566|2143|1614|1128|710|403|218|34|27|15|6|3|2|2,41998
Missouri,Car,BEV,2049,0|31|80|155|264|430|652|962|1404|2035|2853|3930|5279|4964|4564|4123|3625|2866|2297|1839|1319|876|525|286|150|23|18|10|4|2|1,45567
Missouri,Car,BEV,2050,0|32|80|156|269|434|681|1009|1465|2098|2995|4121|5531|5202|4852|4408|3913|3356|2565|1972|1504|1025|649|373|196|100|15|12|6|3|1,49023
Missouri,Car,PHEV,2020,0|0|0|0|0|0|1|0|0|0|0|0|0|0|0|0|0|0|0|0|0|0|0|0|0|0|0|0|0|0|0,1
Missouri,Car,PHEV,2021,0|0|0|0|1|1|0|3|0|0|0|0|0|0|0|0|0|0|0|0|0|0|0|0|0|0|0|0|0|0|0,5
Missouri,Car,PHEV,2022,0|0|0|0|1|3|3|1|5|0|0|0|0|0|0|0|0|0|0|0|0|0|0|0|0|0|0|0|0|0|0,13
Missouri,Car,PHEV,2023,0|0|0|0|0|3|5|5|3|10|0|0|0|0|0|0|0|0|0|0|0|0|0|0|0|0|0|0|0|0|0,26
Missouri,Car,PHEV,2024,0|0|0|0|0|1|5|9|9|5|16|0|0|0|0|0|0|0|0|0|0|0|0|0|0|0|0|0|0|0|0,45
Missouri,Car,PHEV,2025,0|0|0|0|0|0|3|10|15|15|10|25|0|0|0|0|0|0|0|0|0|0|0|0|0|0|0|0|0|0|0,78
Missouri,Car,PHEV,2026,0|0|0|0|0|1|1|5|16|24|23|16|35|0|0|0|0|0|0|0|0|0|0|0|0|0|0|0|0|0|0,121
Missouri,Car,PHEV,2027,0|1|1|0|0|0|3|3|9|26|35|34|24|35|0|0|0|0|0|0|0|0|0|0|0|0|0|0|0|0|0,171
Missouri,Car,PHEV,2028,0|1|3|4|0|0|1|5|5|15|42|51|49|23|34|0|0|0|0|0|0|0|0|0|0|0|0|0|0|0|0,233
Missouri,Car,PHEV,2029,0|2|4|6|7|0|1|3|10|10|23|62|73|48|23|33|0|0|0|0|0|0|0|0|0|0|0|0|0|0|0,305
Missouri,Car,PHEV,2030,0|2|5|8|11|13|1|2|6|16|16|34|90|72|47|22|31|0|0|0|0|0|0|0|0|0|0|0|0|0|0,376
Missouri,Car,PHEV,2031,0|2|5|9|14|17|20|4|5|11|25|25|49|89|70|46|21|29|0|0|0|0|0|0|0|0|0|0|0|0|0,441
Missouri,Car,PHEV,2032,0|2|4|10|15|23|26|32|7|8|17|36|35|48|87|68|43|19|26|0|0|0|0|0|0|0|0|0|0|0|0,506
Missouri,Car,PHEV,2033,0|2|6|9|17|24|38|41|49|12|13|26|51|35|47|84|64|40|17|22|0|0|0|0|0|0|0|0|0|0|0,597
Missouri,Car,PHEV,2034,0|2|7|12|16|28|39|59|62|75|18|20|36|50|34|46|80|59|36|15|18|0|0|0|0|0|0|0|0|0|0,712
Missouri,Car,PHEV,2035,0|3|7|13|21|27|45|60|89|94|111|26|29|36|49|33|43|74|53|31|12|14|0|0|0|0|0|0|0|0|0,870
Missouri,Car,PHEV,2036,0|3|8|14|23|35|45|71|92|134|140|162|35|28|35|48|31|40|66|46|25|9|10|0|0|0|0|0|0|0|0,1100
Missouri,Car,PHEV,2037,0|3|9|15|25|39|55|74|111|139|201|205|228|35|27|34|45|29|36|57|37|20|7|7|0|0|0|0|0|0|0,1438
Missouri,Car,PHEV,2038,0|4|9|16|26|43|64|86|117|169|208|295|291|225|34|27|32|42|26|31|46|29|15|5|5|0|0|0|0|0|0,1845
Missouri,Car,PHEV,2039,0|4|10|17|29|44|71|103|136|181|256|304|419|287|220|33|25|30|37|22|25|36|21|10|3|3|0|0|0|0|0,2326
Missouri,Car,PHEV,2040,0|4|10|19|31|48|72|112|161|210|275|377|433|413|280|212|31|23|27|32|18|20|27|15|7|2|2|0|0|0|0,2861
Missouri,Car,PHEV,2041,0|4|10|19|33|52|77|116|176|247|318|408|539|426|403|271|201|29|21|23|26|14|15|19|10|5|1|1|0|0|0,3464
Missouri,Car,PHEV,2042,0|4|10|19|34|55|83|123|181|271|373|470|585|531|417|390|257|186|26|18|19|20|10|10|13|7|3|1|1|0|0,4117
Missouri,Car,PHEV,2043,0|4|10|20|34|56|87|131|190|279|410|550|674|577|519|402|370|238|167|22|15|15|15|7|7|9|5|2|1|1|0,4817
Missouri,Car,PHEV,2044,0|4|11|20|36|56|89|135|200|290|421|606|788|664|564|501|382|342|213|143|18|11|11|11|5|5|6|3|1|0|0,5536
Missouri,Car,PHEV,2045,0|4|11|22|36|60|89|137|204|303|434|622|865|776|649|544|476|353|306|183|117|14|8|8|7|3|3|4|2|1|0,6241
Missouri,Car,PHEV,2046,0|4|11|22|39|59|95|138|208|306|449|636|890|853|759|627|516|440|316|263|149|91|10|6|5|5|2|2|2|1|1,6905
Missouri,Car,PHEV,2047,0|4|11|22|39|63|94|146|209|311|451|651|905|877|833|733|595|478|394|272|215|116|67|7|4|4|3|1|1|2|1,7509
Missouri,Car,PHEV,2048,0|4|10|21|39|64|100|146|219|312|456|652|918|891|857|805|695|550|428|338|222|167|86|48|5|3|2|2|1|1|1,8043
Missouri,Car,PHEV,2049,0|4|10|20|38|64|101|152|218|325|457|657|917|905|871|828|764|643|493|367|277|173|124|61|33|3|2|1|1|1|1,8511
Missouri,Car,PHEV,2050,0|4|10|19|36|62|101|154|226|323|472|656|919|904|884|841|786|707|576|423|300|215|128|88|42|22|2|1|1|1|0,8903
Missouri,SUV,BEV,2020,0|0|0|0|0|0|0|0|0|0|0|0|0|0|0|0|0|0|0|0|0|0|0|0|0|0|0|0|0|0|0,0
Missouri,SUV,BEV,2021,0|0|0|0|0|0|0|0|0|0|0|0|0|0|0|0|0|0|0|0|0|0|0|0|0|0|0|0|0|0|0,0
Missouri,SUV,BEV,2022,0|0|0|0|0|0|0|0|0|0|0|0|0|0|0|0|0|0|0|0|0|0|0|0|0|0|0|0|0|0|0,0
Missouri,SUV,BEV,2023,0|2|1|0|0|0|1|1|0|0|0|0|0|0|0|0|0|0|0|0|0|0|0|0|0|0|0|0|0|0|0,5
Missouri,SUV,BEV,2024,0|2|4|3|1|0|1|3|2|1|1|0|0|0|0|0|0|0|0|0|0|0|0|0|0|0|0|0|0|0|0,18
Missouri,SUV,BEV,2025,0|2|7|8|5|3|1|3|5|4|2|2|0|0|0|0|0|0|0|0|0|0|0|0|0|0|0|0|0|0|0,42
Missouri,SUV,BEV,2026,0|5|7|13|14|10|6|3|5|10|6|4|4|0|0|0|0|0|0|0|0|0|0|0|0|0|0|0|0|0|0,87
Missouri,SUV,BEV,2027,0|6|11|13|22|23|16|11|5|10|16|11|6|4|0|0|0|0|0|0|0|0|0|0|0|0|0|0|0|0|0,154
Missouri,SUV,BEV,2028,0|6|15|21|24|36|36|27|18|10|16|25|17|6|4|0|0|0|0|0|0|0|0|0|0|0|0|0|0|0|0,261
Missouri,SUV,BEV,2029,0|9|17|28|37|42|58|56|45|29|16|25|35|16|6|4|0|0|0|0|0|0|0|0|0|0|0|0|0|0|0,423
Missouri,SUV,BEV,2030,0|11|24|35|48|61|69|91|87|72|46|25|36|35|16|5|3|0|0|0|0|0|0|0|0|0|0|0|0|0|0,664
Missouri,SUV,BEV,2031,0|14|29|46|63|80|99|111|144|133|109|68|36|36|34|16|5|3|0|0|0|0|0|0|0|0|0|0|0|0|0,1026
Missouri,SUV,BEV,2032,0|14|34|56|82|106|132|157|175|221|202|161|98|36|35|33|15|5|3|0|0|0|0|0|0|0|0|0|0|0|0,1565
Missouri,SUV,BEV,2033,0|17|37|65|98|138|173|210|245|273|336|298|233|97|35|34|31|14|4|2|0|0|0|0|0|0|0|0|0|0|0,2340
Missouri,SUV,BEV,2034,0|21|43|73|115|165|225|278|330|379|415|499|427|230|95|34|32|29|12|4|2|0|0|0|0|0|0|0|0|0|0,3408
Missouri,SUV,BEV,2035,0|23|54|85|128|194|268|358|438|510|576|616|715|421|224|91|32|30|26|11|3|2|0|0|0|0|0|0|0|0|0,4805
Missouri,SUV,BEV,2036,0|27|60|106|150|216|317|427|563|679|774|854|886|704|411|217|87|30|27|22|9|2|1|0|0|0|0|0|0|0|0,6569
Missouri,SUV,BEV,2037,0|29|68|119|186|252|351|506|671|868|1032|1148|1225|873|689|397|206|80|27|23|18|7|2|1|0|0|0|0|0|0|0,8778
Missouri,SUV,BEV,2038,0|31|74|132|209|309|410|558|794|1039|1316|1532|1648|1207|853|665|377|190|72|23|19|14|5|1|1|0|0|0|0|0|0,11479
Missouri,SUV,BEV,2039,0|33|80|144|231|349|500|652|877|1227|1577|1949|2199|1624|1180|824|631|349|170|62|19|15|10|4|1|0|0|0|0|0|0,14707
Missouri,SUV,BEV,2040,0|37|86|156|253|385|563|795|1019|1351|1860|2335|2795|2167|1587|1140|782|584|312|146|50|15|11|7|2|1|0|0|0|0|0,18439
Missouri,SUV,BEV,2041,0|38|93|167|273|421|619|890|1238|1567|2045|2752|3348|2754|2118|1533|1082|724|523|268|120|39|11|8|5|2|0|0|0|0|0,22638
Missouri,SUV,BEV,2042,0|40|98|181|293|454|676|976|1383|1898|2364|3022|3943|3299|2692|2045|1455|1001|648|449|219|93|29|8|5|3|1|0|0|0|0,27275
Missouri,SUV,BEV,2043,0|41|102|191|316|487|729|1066|1516|2115|2859|3485|4324|3886|3225|2600|1941|1347|896|556|367|170|69|21|5|4|2|1|0|0|0,32321
Missouri,SUV,BEV,2044,0|44|105|197|333|522|781|1146|1649|2313|3178|4206|4977|4261|3798|3115|2467|1796|1205|769|455|285|126|49|14|4|2|1|0|0|0,37798
Missouri,SUV,BEV,2045,0|47|113|205|343|550|834|1224|1768|2508|3469|4665|5999|4904|4165|3668|2956|2283|1608|1035|629|353|211|89|34|9|2|2|1|0|0,43674
Missouri,SUV,BEV,2046,0|48|119|219|359|567|877|1301|1883|2683|3750|5085|6644|5911|4793|4022|3481|2736|2044|1380|846|489|262|150|61|22|6|2|1|1|0,49742
Missouri,SUV,BEV,2047,0|50|123|230|381|593|904|1366|1993|2847|3999|5481|7231|6547|5778|4629|3817|3222|2449|1754|1129|657|362|186|103|41|15|4|1|1|0,55893
Missouri,SUV,BEV,2048,0|50|126|237|400|628|945|1408|2088|3001|4230|5832|7778|7125|6399|5580|4393|3532|2884|2102|1435|877|487|257|128|69|27|10|3|1|0,62032
Missouri,SUV,BEV,2049,0|51|127|244|412|658|998|1470|2148|3141|4445|6151|8259|7664|6965|6180|5295|4066|3162|2475|1719|1115|649|345|176|85|45|18|6|2|0,68071
Missouri,SUV,BEV,2050,0|53|131|247|424|677|1045|1546|2242|3224|4643|6449|8691|8138|7492|6726|5865|4901|3639|2714|2024|1336|825|461|237|118|56|29|11|4|1,73949
Missouri,SUV,PHEV,2020,0|0|0|0|0|0|0|0|0|0|0|0|0|0|0|0|0|0|0|0|0|0|0|0|0|0|0|0|0|0|0,0
Missouri,SUV,PHEV,2021,0|0|0|0|0|0|0|0|0|0|0|0|0|0|0|0|0|0|0|0|0|0|0|0|0|0|0|0|0|0|0,0
Missouri,SUV,PHEV,2022,0|0|0|0|0|0|0|0|0|0|0|0|0|0|0|0|0|0|0|0|0|0|0|0|0|0|0|0|0|0|0,0
Missouri,SUV,PHEV,2023,0|0|0|0|0|0|0|1|0|0|0|0|0|0|0|0|0|0|0|0|0|0|0|0|0|0|0|0|0|0|0,1
Missouri,SUV,PHEV,2024,0|1|1|1|0|0|0|1|2|1|1|0|0|0|0|0|0|0|0|0|0|0|0|0|0|0|0|0|0|0|0,8
Missouri,SUV,PHEV,2025,0|1|3|3|3|0|0|1|3|4|3|3|0|0|0|0|0|0|0|0|0|0|0|0|0|0|0|0|0|0|0,24
Missouri,SUV,PHEV,2026,0|1|3|5|5|6|1|1|3|5|6|5|5|0|0|0|0|0|0|0|0|0|0|0|0|0|0|0|0|0|0,46
Missouri,SUV,PHEV,2027,0|1|2|7|10|10|11|3|3|5|10|11|8|5|0|0|0|0|0|0|0|0|0|0|0|0|0|0|0|0|0,86
Missouri,SUV,PHEV,2028,0|2|3|4|12|16|16|18|5|5|10|16|17|8|5|0|0|0|0|0|0|0|0|0|0|0|0|0|0|0|0,137
Missouri,SUV,PHEV,2029,0|2|4|5|8|20|27|27|29|10|9|16|24|16|8|5|0|0|0|0|0|0|0|0|0|0|0|0|0|0|0,210
Missouri,SUV,PHEV,2030,0|2|4|9|10|13|32|44|43|47|16|14|25|23|16|7|4|0|0|0|0|0|0|0|0|0|0|0|0|0|0,309
Missouri,SUV,PHEV,2031,0|3|6|9|15|17|21|52|70|68|72|25|20|24|23|16|7|4|0|0|0|0|0|0|0|0|0|0|0|0|0,452
Missouri,SUV,PHEV,2032,0|3|8|12|16|25|28|34|81|109|103|107|37|19|24|22|15|6|4|0|0|0|0|0|0|0|0|0|0|0|0,653
Missouri,SUV,PHEV,2033,0|5|9|15|21|27|41|45|53|125|165|152|155|37|19|23|21|14|6|3|0|0|0|0|0|0|0|0|0|0|0,936
Missouri,SUV,PHEV,2034,0|6|11|16|25|35|45|66|70|82|190|244|218|153|36|18|22|19|12|5|3|0|0|0|0|0|0|0|0|0|0,1276
Missouri,SUV,PHEV,2035,0|6|13|21|28|42|58|72|104|109|122|281|352|215|150|35|17|20|17|11|4|2|0|0|0|0|0|0|0|0|0,1679
Missouri,SUV,PHEV,2036,0|6|14|25|37|47|68|92|112|160|165|181|404|347|210|145|33|16|18|15|9|3|1|0|0|0|0|0|0|0|0,2108
Missouri,SUV,PHEV,2037,0|6|13|27|43|62|78|108|145|171|242|242|259|398|339|203|137|31|14|15|12|7|2|1|0|0|0|0|0|0|0,2555
Missouri,SUV,PHEV,2038,0|6|13|26|46|71|100|125|168|221|258|358|348|255|389|327|193|127|27|12|13|9|5|2|1|0|0|0|0|0|0,3100
Missouri,SUV,PHEV,2039,0|6|14|26|46|76|113|158|194|256|335|381|511|343|249|376|311|178|114|23|10|10|7|4|1|0|0|0|0|0|0,3742
Missouri,SUV,PHEV,2040,0|6|15|27|46|76|121|178|243|300|385|495|546|504|335|241|357|288|160|98|19|8|7|5|2|1|0|0|0|0|0,4463
Missouri,SUV,PHEV,2041,0|6|15|29|48|75|123|189|275|370|452|566|707|538|493|324|228|330|257|137|80|15|6|5|3|2|0|0|0|0|0,5273
Missouri,SUV,PHEV,2042,0|6|15|30|51|79|121|193|291|418|553|665|807|697|526|476|307|211|296|221|112|62|11|4|4|2|1|0|0|0|0,6159
Missouri,SUV,PHEV,2043,0|6|15|30|52|84|128|191|297|442|624|809|947|795|681|508|451|284|189|254|181|87|46|8|3|2|1|1|0|0|0,7116
Missouri,SUV,PHEV,2044,0|7|16|31|53|85|134|201|296|451|660|912|1148|933|778|658|482|418|255|162|207|140|64|33|5|2|2|1|0|0|0,8134
Missouri,SUV,PHEV,2045,0|7|18|33|54|88|136|209|309|452|673|963|1294|1132|912|751|624|446|374|219|133|161|104|46|22|4|1|1|1|0|0,9167
Missouri,SUV,PHEV,2046,0|7|18|35|57|89|140|212|318|468|677|984|1365|1275|1106|881|713|578|399|321|179|103|119|74|31|15|2|1|1|0|0,10168
Missouri,SUV,PHEV,2047,0|7|18|35|60|94|141|216|322|478|695|991|1396|1345|1246|1068|836|660|517|343|262|139|76|85|51|21|10|2|1|0|0,11115
Missouri,SUV,PHEV,2048,0|6|17|35|60|98|147|217|328|482|706|1011|1406|1376|1314|1204|1014|774|590|444|280|204|103|54|58|34|14|6|1|0|0,11983
Missouri,SUV,PHEV,2049,0|6|16|34|60|98|153|226|327|490|709|1022|1429|1385|1345|1269|1142|938|692|507|363|218|151|73|37|39|22|9|4|1|0,12765
Missouri,SUV,PHEV,2050,0|6|16|33|58|97|153|233|338|486|718|1024|1437|1408|1354|1299|1205|1057|840|594|414|282|161|107|50|25|26|15|6|3|0,13445
Montana,Car,BEV,2020,0|0|0|0|0|0|0|0|0|0|0|0|0|0|0|0|0|0|0|0|0|0|0|0|0|0|0|0|0|0|0,0
Montana,Car,BEV,2021,0|0|0|0|0|0|0|0|0|0|0|0|0|0|0|0|0|0|0|0|0|0|0|0|0|0|0|0|0|0|0,0
Montana,Car,BEV,2022,0|0|0|0|0|0|0|0|0|0|0|0|0|0|0|0|0|0|0|0|0|0|0|0|0|0|0|0|0|0|0,0
Montana,Car,BEV,2023,0|0|0|0|0|0|0|0|0|0|0|0|0|0|0|0|0|0|0|0|0|0|0|0|0|0|0|0|0|0|0,0
Montana,Car,BEV,2024,0|0|0|0|0|0|0|0|0|0|0|0|0|0|0|0|0|0|0|0|0|0|0|0|0|0|0|0|0|0|0,0
Montana,Car,BEV,2025,0|0|0|0|0|0|0|1|0|0|0|1|0|0|0|0|0|0|0|0|0|0|0|0|0|0|0|0|0|0|0,2
Montana,Car,BEV,2026,0|0|0|0|0|0|0|1|3|0|0|1|3|0|0|0|0|0|0|0|0|0|0|0|0|0|0|0|0|0|0,8
Montana,Car,BEV,2027,0|0|0|0|0|1|0|0|2|5|0|1|3|3|0|0|0|0|0|0|0|0|0|0|0|0|0|0|0|0|0,15
Montana,Car,BEV,2028,0|0|1|1|0|1|2|1|1|4|9|1|3|3|3|0|0|0|0|0|0|0|0|0|0|0|0|0|0|0|0,30
Montana,Car,BEV,2029,0|0|1|2|3|0|3|4|3|3|6|14|3|3|3|3|0|0|0|0|0|0|0|0|0|0|0|0|0|0|0,51
Montana,Car,BEV,2030,0|1|1|3|4|6|1|5|7|5|5|11|20|3|3|3|3|0|0|0|0|0|0|0|0|0|0|0|0|0|0,81
Montana,Car,BEV,2031,0|1|3|3|5|8|11|3|9|12|10|7|17|19|3|3|3|2|0|0|0|0|0|0|0|0|0|0|0|0|0,119
Montana,Car,BEV,2032,0|1|3|5|7|10|14|18|6|14|19|16|12|16|19|3|3|2|2|0|0|0|0|0|0|0|0|0|0|0|0,170
Montana,Car,BEV,2033,0|1|3|5|9|12|17|23|28|11|22|29|24|12|16|18|3|2|2|2|0|0|0|0|0|0|0|0|0|0|0,239
Montana,Car,BEV,2034,0|2|3|5|10|15|20|27|36|44|17|33|42|23|11|16|17|2|2|2|2|0|0|0|0|0|0|0|0|0|0,329
Montana,Car,BEV,2035,0|2|4|7|10|16|24|31|43|55|66|26|47|42|23|11|15|16|2|2|2|1|0|0|0|0|0|0|0|0|0,445
Montana,Car,BEV,2036,0|2|5|8|12|17|25|38|49|67|83|96|37|47|41|22|10|14|14|2|2|1|1|0|0|0|0|0|0|0|0,593
Montana,Car,BEV,2037,0|3|5|10|14|19|28|41|58|77|100|124|138|37|45|39|21|10|12|12|2|1|1|1|0|0|0|0|0|0|0,798
Montana,Car,BEV,2038,0|3|6|10|17|23|31|45|64|89|117|149|176|136|36|44|37|19|9|11|10|1|1|1|0|0|0|0|0|0|0,1035
Montana,Car,BEV,2039,0|3|6|12|17|26|38|49|70|99|135|175|213|173|133|35|42|35|17|7|9|8|1|1|0|0|0|0|0|0|0,1304
Montana,Car,BEV,2040,0|3|8|12|20|28|42|60|77|109|150|200|251|210|170|128|33|39|31|15|6|7|6|1|0|0|0|0|0|0|0,1606
Montana,Car,BEV,2041,0|3|8|14|20|33|46|66|93|119|165|223|285|247|206|164|122|31|35|27|12|5|5|4|0|0|0|0|0|0|0,1933
Montana,Car,BEV,2042,0|3|9|14|24|33|52|73|102|142|180|242|320|281|242|198|155|112|27|30|22|9|3|4|3|0|0|0|0|0|0,2280
Montana,Car,BEV,2043,0|3|9|16|25|39|53|81|113|154|216|266|348|315|275|233|188|144|101|23|24|17|7|2|2|2|0|0|0|0|0,2656
Montana,Car,BEV,2044,0|4|9|17|27|42|61|83|125|171|231|317|382|343|308|265|221|174|129|86|19|19|12|5|2|2|1|0|0|0|0,3055
Montana,Car,BEV,2045,0|4|10|17|28|44|66|94|129|188|255|340|450|376|335|297|252|205|156|110|71|15|14|9|3|1|1|1|0|0|0,3471
Montana,Car,BEV,2046,0|4|10|18|28|46|70|102|144|195|278|373|484|444|367|324|282|233|183|134|90|55|11|10|6|2|1|1|1|0|0,3896
Montana,Car,BEV,2047,0|4|10|19|31|47|73|109|155|215|292|403|528|477|434|355|307|261|209|157|110|70|41|8|7|4|1|0|0|0|0,4327
Montana,Car,BEV,2048,0|4|10|19|33|50|76|113|166|231|318|425|568|520|466|419|337|284|234|179|129|85|52|29|5|5|3|1|0|0|0,4761
Montana,Car,BEV,2049,0|4|10|19|33|53|79|117|172|247|341|461|602|560|509|450|398|312|255|201|146|100|63|37|20|4|3|2|1|0|0,5199
Montana,Car,BEV,2050,0|4|10|19|34|54|83|123|180|256|364|494|649|593|547|491|427|368|279|219|164|114|74|45|25|13|2|2|1|0|0,5634
Montana,Car,PHEV,2020,0|0|0|0|0|0|0|0|0|0|0|0|0|0|0|0|0|0|0|0|0|0|0|0|0|0|0|0|0|0|0,0
Montana,Car,PHEV,2021,0|0|0|0|0|0|0|0|0|0|0|0|0|0|0|0|0|0|0|0|0|0|0|0|0|0|0|0|0|0|0,0
Montana,Car,PHEV,2022,0|0|0|0|0|0|0|0|0|0|0|0|0|0|0|0|0|0|0|0|0|0|0|0|0|0|0|0|0|0|0,0
Montana,Car,PHEV,2023,0|0|0|0|0|0|0|0|0|0|0|0|0|0|0|0|0|0|0|0|0|0|0|0|0|0|0|0|0|0|0,0
Montana,Car,PHEV,2024,0|0|0|0|0|0|0|0|0|0|0|0|0|0|0|0|0|0|0|0|0|0|0|0|0|0|0|0|0|0|0,0
Montana,Car,PHEV,2025,0|0|0|0|0|0|0|0|0|0|0|0|0|0|0|0|0|0|0|0|0|0|0|0|0|0|0|0|0|0|0,0
Montana,Car,PHEV,2026,0|0|0|0|0|0|0|0|0|0|0|0|1|0|0|0|0|0|0|0|0|0|0|0|0|0|0|0|0|0|0,1
Montana,Car,PHEV,2027,0|0|0|0|0|0|0|0|0|1|1|1|0|1|0|0|0|0|0|0|0|0|0|0|0|0|0|0|0|0|0,4
Montana,Car,PHEV,2028,0|0|0|0|0|0|0|0|0|0|3|3|2|0|1|0|0|0|0|0|0|0|0|0|0|0|0|0|0|0|0,9
Montana,Car,PHEV,2029,0|0|0|0|0|0|0|0|0|0|0|5|5|2|0|1|0|0|0|0|0|0|0|0|0|0|0|0|0|0|0,13
Montana,Car,PHEV,2030,0|0|0|0|0|0|0|0|0|0|0|1|7|5|2|0|1|0|0|0|0|0|0|0|0|0|0|0|0|0|0,16
Montana,Car,PHEV,2031,0|0|0|0|0|0|1|0|0|0|1|1|3|7|5|2|0|1|0|0|0|0|0|0|0|0|0|0|0|0|0,21
Montana,Car,PHEV,2032,0|0|0|0|0|1|1|3|0|0|1|3|2|3|7|5|2|0|1|0|0|0|0|0|0|0|0|0|0|0|0,29
Montana,Car,PHEV,2033,0|0|0|0|0|1|3|3|5|0|0|2|5|2|3|6|4|2|0|1|0|0|0|0|0|0|0|0|0|0|0,37
Montana,Car,PHEV,2034,0|0|0|0|0|1|3|6|5|9|1|1|4|5|2|3|6|4|1|0|1|0|0|0|0|0|0|0|0|0|0,52
Montana,Car,PHEV,2035,0|0|0|0|1|1|3|6|11|10|14|2|3|4|5|2|3|6|4|1|0|0|0|0|0|0|0|0|0|0|0,76
Montana,Car,PHEV,2036,0|0|0|0|1|3|3|6|11|17|16|21|4|3|4|5|2|2|5|3|1|0|0|0|0|0|0|0|0|0|0,107
Montana,Car,PHEV,2037,0|0|0|0|1|3|5|7|11|17|26|25|30|4|3|4|4|2|2|4|3|1|0|0|0|0|0|0|0|0|0,152
Montana,Car,PHEV,2038,0|0|0|0|1|3|6|10|12|18|25|37|35|29|4|3|3|4|1|2|4|2|1|0|0|0|0|0|0|0|0,200
Montana,Car,PHEV,2039,0|0|0|0|1|3|6|11|16|19|28|36|52|35|28|4|3|3|4|1|2|3|1|0|0|0|0|0|0|0|0,256
Montana,Car,PHEV,2040,0|0|0|1|1|4|6|11|18|25|30|42|51|51|34|27|3|2|3|3|1|1|2|1|0|0|0|0|0|0|0,317
Montana,Car,PHEV,2041,0|0|0|1|2|4|8|11|18|27|37|46|60|50|50|33|26|3|2|2|3|1|1|1|1|0|0|0|0|0|0,387
Montana,Car,PHEV,2042,0|0|0|1|3|5|8|14|18|29|41|54|65|59|49|48|31|24|3|2|2|2|1|1|1|0|0|0|0|0|0,461
Montana,Car,PHEV,2043,0|0|0|1|3|6|9|14|21|29|45|60|78|64|58|48|46|29|22|2|2|2|1|0|0|1|0|0|0|0|0,541
Montana,Car,PHEV,2044,0|0|0|1|3|6|11|15|21|33|46|67|88|77|63|56|45|43|26|19|2|1|1|1|0|0|0|0|0|0|0,625
Montana,Car,PHEV,2045,0|0|0|1|3|6|11|17|22|33|50|68|95|86|75|60|53|42|38|22|15|2|1|1|1|0|0|0|0|0|0,702
Montana,Car,PHEV,2046,0|0|0|2|3|6|11|17|25|34|50|72|97|94|84|72|57|49|37|33|18|12|1|1|1|0|0|0|0|0|0,776
Montana,Car,PHEV,2047,0|0|0|1|5|6|11|17|26|38|51|73|103|96|92|81|69|53|44|32|27|14|9|1|0|0|0|0|0|0|0,849
Montana,Car,PHEV,2048,0|0|0|1|3|8|11|17|26|39|56|75|104|102|94|89|77|63|47|38|26|21|10|6|1|0|0|0|0|0|0,914
Montana,Car,PHEV,2049,0|0|0|1|3|6|13|17|26|39|57|80|106|103|99|91|84|72|57|41|31|20|15|7|4|0|0|0|0|0|0,972
Montana,Car,PHEV,2050,0|0|0|1|3|6|11|19|26|39|58|82|111|105|100|96|86|78|64|49|33|24|15|11|5|3|0|0|0|0|0,1025
Montana,SUV,BEV,2020,0|0|0|0|0|0|0|0|0|0|0|0|0|0|0|0|0|0|0|0|0|0|0|0|0|0|0|0|0|0|0,0
Montana,SUV,BEV,2021,0|0|0|0|0|0|0|0|0|0|0|0|0|0|0|0|0|0|0|0|0|0|0|0|0|0|0|0|0|0|0,0
Montana,SUV,BEV,2022,0|0|0|0|0|0|0|0|0|0|0|0|0|0|0|0|0|0|0|0|0|0|0|0|0|0|0|0|0|0|0,0
Montana,SUV,BEV,2023,0|0|0|0|0|0|0|0|0|0|0|0|0|0|0|0|0|0|0|0|0|0|0|0|0|0|0|0|0|0|0,0
Montana,SUV,BEV,2024,0|0|0|0|0|0|0|0|0|0|0|0|0|0|0|0|0|0|0|0|0|0|0|0|0|0|0|0|0|0|0,0
Montana,SUV,BEV,2025,0|0|0|0|0|0|0|0|0|0|0|0|0|0|0|0|0|0|0|0|0|0|0|0|0|0|0|0|0|0|0,0
Montana,SUV,BEV,2026,0|1|0|1|1|0|0|0|0|0|0|0|0|0|0|0|0|0|0|0|0|0|0|0|0|0|0|0|0|0|0,3
Montana,SUV,BEV,2027,0|1|3|1|3|3|1|0|0|0|0|0|0|0|0|0|0|0|0|0|0|0|0|0|0|0|0|0|0|0|0,12
Montana,SUV,BEV,2028,0|2|3|5|3|5|5|3|1|0|1|1|0|0|0|0|0|0|0|0|0|0|0|0|0|0|0|0|0|0|0,29
Montana,SUV,BEV,2029,0|2|4|5|9|5|10|10|5|3|1|2|3|0|0|0|0|0|0|0|0|0|0|0|0|0|0|0|0|0|0,59
Montana,SUV,BEV,2030,0|2|4|9|10|15|10|16|16|10|5|2|4|3|0|0|0|0|0|0|0|0|0|0|0|0|0|0|0|0|0,106
Montana,SUV,BEV,2031,0|2|6|9|15|17|24|16|25|25|16|8|4|4|3|0|0|0|0|0|0|0|0|0|0|0|0|0|0|0|0,174
Montana,SUV,BEV,2032,0|3|7|12|16|24|28|37|27|38|38|25|13|4|4|3|0|0|0|0|0|0|0|0|0|0|0|0|0|0|0,279
Montana,SUV,BEV,2033,0|4|8|13|21|27|39|46|57|44|58|55|35|13|4|4|3|0|0|0|0|0|0|0|0|0|0|0|0|0|0,431
Montana,SUV,BEV,2034,0|5|9|15|23|35|45|61|73|88|69|86|80|35|12|4|3|2|0|0|0|0|0|0|0|0|0|0|0|0|0,645
Montana,SUV,BEV,2035,0|5|12|18|26|39|56|74|96|114|133|103|124|78|34|12|3|3|2|0|0|0|0|0|0|0|0|0|0|0|0,932
Montana,SUV,BEV,2036,0|6|12|21|32|44|64|89|116|147|173|197|150|122|77|33|11|3|3|2|0|0|0|0|0|0|0|0|0|0|0,1302
Montana,SUV,BEV,2037,0|6|13|24|38|52|72|103|140|180|223|257|282|147|119|74|31|10|3|2|2|0|0|0|0|0|0|0|0|0|0,1778
Montana,SUV,BEV,2038,0|6|15|26|41|63|84|115|162|215|274|331|369|278|144|115|70|29|9|2|2|1|0|0|0|0|0|0|0|0|0,2351
Montana,SUV,BEV,2039,0|6|15|28|46|69|101|133|181|249|325|407|476|363|272|139|109|65|26|8|2|2|1|0|0|0|0|0|0|0|0,3023
Montana,SUV,BEV,2040,0|7|17|31|49|75|111|159|208|280|376|481|584|469|355|263|132|101|58|22|7|2|1|1|0|0|0|0|0|0|0,3789
Montana,SUV,BEV,2041,0|8|18|34|55|82|121|175|247|320|424|556|690|576|458|343|249|122|91|50|18|5|1|1|0|0|0|0|0|0|0,4644
Montana,SUV,BEV,2042,0|8|20|35|59|91|133|191|272|380|482|626|799|680|563|443|326|231|109|78|41|14|4|1|1|0|0|0|0|0|0,5587
Montana,SUV,BEV,2043,0|9|20|39|63|98|145|209|297|417|572|709|898|787|665|543|420|301|206|94|64|32|10|3|1|0|0|0|0|0|0,6602
Montana,SUV,BEV,2044,0|9|23|40|67|104|157|227|323|454|627|842|1014|885|769|642|516|389|270|177|77|49|24|7|2|0|0|0|0|0|0,7694
Montana,SUV,BEV,2045,0|9|24|43|70|111|167|245|349|492|679|920|1200|999|865|743|609|477|348|231|145|60|37|17|5|1|0|0|0|0|0,8846
Montana,SUV,BEV,2046,0|9|24|46|74|116|177|261|376|529|735|995|1310|1182|976|835|705|564|427|299|189|113|44|26|11|3|1|0|0|0|0,10027
Montana,SUV,BEV,2047,0|10|24|48|80|123|186|277|398|567|787|1074|1415|1291|1155|943|792|652|505|367|244|147|83|31|18|8|2|1|0|0|0,11228
Montana,SUV,BEV,2048,0|10|26|48|83|131|196|289|422|600|840|1145|1521|1394|1261|1116|895|733|584|433|300|190|109|59|22|12|5|1|0|0|0,12425
Montana,SUV,BEV,2049,0|10|27|50|84|136|207|304|441|635|889|1220|1618|1499|1363|1218|1059|828|657|501|354|233|141|77|41|14|8|3|1|0|0,13618
Montana,SUV,BEV,2050,0|12|28|52|88|140|216|320|463|660|940|1290|1721|1595|1465|1316|1156|980|741|564|410|275|172|100|53|27|9|5|2|1|0,14801
Montana,SUV,PHEV,2020,0|0|0|0|0|0|0|0|0|0|0|0|0|0|0|0|0|0|0|0|0|0|0|0|0|0|0|0|0|0|0,0
Montana,SUV,PHEV,2021,0|0|0|0|0|0|0|0|0|0|0|0|0|0|0|0|0|0|0|0|0|0|0|0|0|0|0|0|0|0|0,0
Montana,SUV,PHEV,2022,0|0|0|0|0|0|0|0|0|0|0|0|0|0|0|0|0|0|0|0|0|0|0|0|0|0|0|0|0|0|0,0
Montana,SUV,PHEV,2023,0|0|0|0|0|0|0|0|0|0|0|0|0|0|0|0|0|0|0|0|0|0|0|0|0|0|0|0|0|0|0,0
Montana,SUV,PHEV,2024,0|0|0|0|0|0|0|0|0|0|0|0|0|0|0|0|0|0|0|0|0|0|0|0|0|0|0|0|0|0|0,0
Montana,SUV,PHEV,2025,0|0|0|0|0|0|0|0|0|0|0|0|0|0|0|0|0|0|0|0|0|0|0|0|0|0|0|0|0|0|0,0
Montana,SUV,PHEV,2026,0|0|0|0|0|0|0|0|0|0|0|0|0|0|0|0|0|0|0|0|0|0|0|0|0|0|0|0|0|0|0,0
Montana,SUV,PHEV,2027,0|0|0|0|0|0|0|0|0|0|0|0|0|0|0|0|0|0|0|0|0|0|0|0|0|0|0|0|0|0|0,0
Montana,SUV,PHEV,2028,0|0|0|0|1|1|1|1|0|0|0|0|0|0|0|0|0|0|0|0|0|0|0|0|0|0|0|0|0|0|0,4
Montana,SUV,PHEV,2029,0|0|0|0|0|3|3|3|3|0|0|0|0|0|0|0|0|0|0|0|0|0|0|0|0|0|0|0|0|0|0,12
Montana,SUV,PHEV,2030,0|0|0|1|1|1|5|5|5|5|0|0|0|0|0|0|0|0|0|0|0|0|0|0|0|0|0|0|0|0|0,23
Montana,SUV,PHEV,2031,0|0|0|1|3|3|3|9|10|10|10|1|0|0|0|0|0|0|0|0|0|0|0|0|0|0|0|0|0|0|0,50
Montana,SUV,PHEV,2032,0|0|1|1|3|5|5|5|14|16|16|16|2|0|0|0|0|0|0|0|0|0|0|0|0|0|0|0|0|0|0,84
Montana,SUV,PHEV,2033,0|0|1|2|3|5|9|10|10|22|26|25|23|2|0|0|0|0|0|0|0|0|0|0|0|0|0|0|0|0|0,138
Montana,SUV,PHEV,2034,0|1|1|3|4|6|9|15|16|16|33|41|35|22|2|0|0|0|0|0|0|0|0|0|0|0|0|0|0|0|0,204
Montana,SUV,PHEV,2035,0|1|2|4|6|8|11|15|24|25|26|49|60|35|22|2|0|0|0|0|0|0|0|0|0|0|0|0|0|0|0,290
Montana,SUV,PHEV,2036,0|1|2|5|7|11|13|18|24|36|38|40|71|59|34|21|2|0|0|0|0|0|0|0|0|0|0|0|0|0|0,382
Montana,SUV,PHEV,2037,0|1|3|5|9|13|18|21|29|38|54|55|58|70|58|33|20|2|0|0|0|0|0|0|0|0|0|0|0|0|0,487
Montana,SUV,PHEV,2038,0|1|3|6|9|15|20|27|34|46|57|80|80|57|68|56|31|18|1|0|0|0|0|0|0|0|0|0|0|0|0,609
Montana,SUV,PHEV,2039,0|1|4|6|10|15|23|32|43|52|71|84|115|78|56|66|53|29|17|1|0|0|0|0|0|0|0|0|0|0|0,756
Montana,SUV,PHEV,2040,0|1|4|7|10|16|25|36|50|66|79|104|120|113|77|54|62|49|26|14|1|0|0|0|0|0|0|0|0|0|0,914
Montana,SUV,PHEV,2041,0|1|4|7|12|16|25|40|56|77|97|118|149|118|111|74|51|58|44|22|12|1|0|0|0|0|0|0|0|0|0,1093
Montana,SUV,PHEV,2042,0|1|4|7|12|18|26|40|61|86|115|142|169|147|116|107|70|47|52|38|18|9|1|0|0|0|0|0|0|0|0,1286
Montana,SUV,PHEV,2043,0|2|4|7|12|18|28|41|61|91|127|169|204|167|144|112|102|65|42|44|31|14|7|0|0|0|0|0|0|0|0,1492
Montana,SUV,PHEV,2044,0|2|5|8|12|18|29|43|63|92|134|186|241|201|163|139|106|94|58|36|36|24|10|5|0|0|0|0|0|0|0,1705
Montana,SUV,PHEV,2045,0|2|5|9|13|19|29|45|65|95|136|196|264|237|196|157|132|98|84|50|30|28|18|7|3|0|0|0|0|0|0,1918
Montana,SUV,PHEV,2046,0|2|5|9|14|20|30|45|67|97|140|199|278|261|232|189|149|122|88|72|41|23|21|13|5|2|0|0|0|0|0,2124
Montana,SUV,PHEV,2047,0|2|5|9|14|21|31|47|68|100|143|203|281|274|255|224|180|138|109|75|59|32|17|15|9|3|1|0|0|0|0,2315
Montana,SUV,PHEV,2048,0|2|5|9|15|22|33|48|70|101|147|206|286|277|268|246|213|166|124|94|62|46|24|12|10|6|2|1|0|0|0,2495
Montana,SUV,PHEV,2049,0|2|5|9|15|23|34|50|72|105|148|211|291|282|271|259|233|197|149|106|77|48|34|17|8|7|4|1|1|0|0,2659
Montana,SUV,PHEV,2050,0|1|5|9|15|23|35|51|74|106|152|212|296|287|276|262|246|216|176|128|87|60|35|24|11|6|4|2|1|0|0,2800
Nebraska,Car,BEV,2020,0|0|0|0|0|0|0|0|0|0|0|0|0|0|0|0|0|0|0|0|0|0|0|0|0|0|0|0|0|0|0,0
Nebraska,Car,BEV,2021,0|0|0|0|0|0|0|0|0|0|0|0|0|0|0|0|0|0|0|0|0|0|0|0|0|0|0|0|0|0|0,0
Nebraska,Car,BEV,2022,0|0|0|0|0|0|0|0|0|0|0|0|0|0|0|0|0|0|0|0|0|0|0|0|0|0|0|0|0|0|0,0
Nebraska,Car,BEV,2023,0|0|0|0|0|0|0|0|0|0|0|0|0|0|0|0|0|0|0|0|0|0|0|0|0|0|0|0|0|0|0,0
Nebraska,Car,BEV,2024,0|0|0|0|0|0|1|0|0|0|1|0|0|0|0|0|0|0|0|0|0|0|0|0|0|0|0|0|0|0|0,2
Nebraska,Car,BEV,2025,0|0|0|0|0|0|1|3|0|0|1|3|0|0|0|0|0|0|0|0|0|0|0|0|0|0|0|0|0|0|0,8
Nebraska,Car,BEV,2026,0|1|0|0|0|0|0|3|5|1|1|3|5|0|0|0|0|0|0|0|0|0|0|0|0|0|0|0|0|0|0,19
Nebraska,Car,BEV,2027,0|2|3|0|1|1|1|1|5|10|2|3|5|5|0|0|0|0|0|0|0|0|0|0|0|0|0|0|0|0|0,39
Nebraska,Car,BEV,2028,0|2|4|5|0|3|3|3|3|10|16|4|5|5|5|0|0|0|0|0|0|0|0|0|0|0|0|0|0|0|0,68
Nebraska,Car,BEV,2029,0|2|4|8|10|1|5|5|5|5|16|25|6|5|5|5|0|0|0|0|0|0|0|0|0|0|0|0|0|0|0,107
Nebraska,Car,BEV,2030,0|2|6|9|14|17|3|9|10|10|10|24|35|6|5|5|4|0|0|0|0|0|0|0|0|0|0|0|0|0|0,169
Nebraska,Car,BEV,2031,0|2|7|12|16|23|28|6|14|16|16|16|34|35|6|5|4|4|0|0|0|0|0|0|0|0|0|0|0|0|0,244
Nebraska,Car,BEV,2032,0|4|7|13|21|27|37|44|11|22|26|25|25|34|34|5|4|4|4|0|0|0|0|0|0|0|0|0|0|0|0,347
Nebraska,Car,BEV,2033,0|4|9|14|23|35|45|57|69|18|33|40|37|24|33|33|5|4|4|3|0|0|0|0|0|0|0|0|0|0|0,490
Nebraska,Car,BEV,2034,0|5|10|17|25|39|55|72|88|108|27|48|58|37|24|32|31|5|4|3|3|0|0|0|0|0|0|0|0|0|0,691
Nebraska,Car,BEV,2035,0|5|12|19|29|43|64|86|113|135|162|41|70|57|36|23|30|29|4|3|3|2|0|0|0|0|0|0|0|0|0,966
Nebraska,Car,BEV,2036,0|6|12|22|33|48|71|102|136|173|205|239|58|69|56|35|22|28|26|4|3|2|1|0|0|0|0|0|0|0|0,1351
Nebraska,Car,BEV,2037,0|6|13|24|39|53|77|113|159|210|262|303|342|57|67|54|33|20|25|22|3|2|1|1|0|0|0|0|0|0|0,1886
Nebraska,Car,BEV,2038,0|6|16|26|42|65|86|123|178|244|318|388|434|337|56|65|51|31|18|22|18|2|1|1|1|0|0|0|0|0|0,2529
Nebraska,Car,BEV,2039,0|7|16|30|46|70|104|138|192|275|369|470|555|427|330|54|62|47|27|15|18|14|2|1|1|0|0|0|0|0|0,3270
Nebraska,Car,BEV,2040,0|7|18|32|52|75|112|164|214|299|416|544|672|546|418|318|51|57|42|23|13|14|10|1|1|0|0|0|0|0|0,4099
Nebraska,Car,BEV,2041,0|8|19|35|56|86|121|177|255|332|454|616|779|662|534|403|302|47|51|36|19|10|10|7|1|0|0|0|0|0|0,5020
Nebraska,Car,BEV,2042,0|9|20|37|61|93|138|192|275|391|503|672|883|767|647|516|383|280|42|44|30|15|7|7|5|1|0|0|0|0|0,6018
Nebraska,Car,BEV,2043,0|9|21|39|65|101|148|216|298|421|590|743|962|870|750|625|490|354|250|36|36|23|11|5|5|3|0|0|0|0|0,7071
Nebraska,Car,BEV,2044,0|9|23|41|68|106|161|231|331|455|635|869|1063|948|851|724|593|453|317|215|30|28|17|8|4|3|2|0|0|0|0,8185
Nebraska,Car,BEV,2045,0|9|24|43|72|112|170|249|353|500|682|933|1239|1047|926|821|687|549|406|272|176|23|21|12|5|2|2|1|0|0|0,9336
Nebraska,Car,BEV,2046,0|9|24|46|74|118|179|265|380|532|743|1000|1329|1221|1024|895|779|636|491|348|223|136|17|15|8|4|2|1|1|0|0,10500
Nebraska,Car,BEV,2047,0|9|24|48|79|123|188|279|404|571|788|1080|1422|1310|1193|989|849|721|570|422|285|173|101|12|10|6|2|1|1|1|0,11661
Nebraska,Car,BEV,2048,0|9|24|48|83|130|197|293|426|606|842|1143|1526|1401|1280|1153|938|786|646|489|345|221|128|72|8|7|4|2|1|1|0,12809
Nebraska,Car,BEV,2049,0|10|24|48|84|136|206|306|446|640|894|1218|1613|1504|1369|1237|1094|868|703|554|400|268|164|91|49|6|4|2|1|0|0,13939
Nebraska,Car,BEV,2050,0|10|26|48|85|137|216|318|466|667|946|1291|1714|1590|1470|1323|1173|1012|777|604|453|311|198|116|62|33|4|3|2|1|0,15056
Nebraska,Car,PHEV,2020,0|0|0|0|0|0|0|0|0|0|0|0|0|0|0|0|0|0|0|0|0|0|0|0|0|0|0|0|0|0|0,0
Nebraska,Car,PHEV,2021,0|0|0|0|0|0|0|0|0|0|0|0|0|0|0|0|0|0|0|0|0|0|0|0|0|0|0|0|0|0|0,0
Nebraska,Car,PHEV,2022,0|0|0|0|0|0|0|0|0|0|0|0|0|0|0|0|0|0|0|0|0|0|0|0|0|0|0|0|0|0|0,0
Nebraska,Car,PHEV,2023,0|0|0|0|0|0|0|0|0|1|0|0|0|0|0|0|0|0|0|0|0|0|0|0|0|0|0|0|0|0|0,1
Nebraska,Car,PHEV,2024,0|0|0|0|0|0|0|1|1|0|3|0|0|0|0|0|0|0|0|0|0|0|0|0|0|0|0|0|0|0|0,5
Nebraska,Car,PHEV,2025,0|0|0|0|0|0|0|1|2|3|1|5|0|0|0|0|0|0|0|0|0|0|0|0|0|0|0|0|0|0|0,12
Nebraska,Car,PHEV,2026,0|0|0|0|0|0|0|0|3|4|5|3|9|0|0|0|0|0|0|0|0|0|0|0|0|0|0|0|0|0|0,24
Nebraska,Car,PHEV,2027,0|0|0|0|0|0|0|0|0|5|6|8|5|9|0|0|0|0|0|0|0|0|0|0|0|0|0|0|0|0|0,33
Nebraska,Car,PHEV,2028,0|0|0|0|0|0|0|0|0|1|9|11|13|5|9|0|0|0|0|0|0|0|0|0|0|0|0|0|0|0|0,48
Nebraska,Car,PHEV,2029,0|0|0|0|1|0|0|0|1|1|3|14|17|13|5|8|0|0|0|0|0|0|0|0|0|0|0|0|0|0|0,63
Nebraska,Car,PHEV,2030,0|0|0|1|1|3|0|0|0|3|3|5|20|16|12|5|8|0|0|0|0|0|0|0|0|0|0|0|0|0|0,77
Nebraska,Car,PHEV,2031,0|0|1|1|3|3|6|0|0|1|5|5|9|19|16|12|4|7|0|0|0|0|0|0|0|0|0|0|0|0|0,92
Nebraska,Car,PHEV,2032,0|0|1|2|3|6|6|10|0|0|3|9|7|9|19|16|11|4|6|0|0|0|0|0|0|0|0|0|0|0|0,112
Nebraska,Car,PHEV,2033,0|0|1|3|4|6|11|11|16|1|1|5|14|7|9|18|15|10|4|6|0|0|0|0|0|0|0|0|0|0|0,142
Nebraska,Car,PHEV,2034,0|1|1|3|5|8|11|18|18|25|3|3|9|14|7|8|17|14|9|3|5|0|0|0|0|0|0|0|0|0|0,182
Nebraska,Car,PHEV,2035,0|1|2|3|5|9|13|18|27|29|37|5|5|9|13|6|8|16|12|8|3|4|0|0|0|0|0|0|0|0|0,233
Nebraska,Car,PHEV,2036,0|1|3|4|7|10|15|21|27|42|45|54|8|5|9|13|6|7|14|11|7|2|3|0|0|0|0|0|0|0|0,314
Nebraska,Car,PHEV,2037,0|1|3|5|8|12|16|24|34|42|63|66|77|8|5|8|12|6|6|12|9|5|1|2|0|0|0|0|0|0|0,425
Nebraska,Car,PHEV,2038,0|1|4|6|9|13|20|26|38|52|64|92|94|76|8|5|8|11|5|6|10|7|4|1|1|0|0|0|0|0|0,561
Nebraska,Car,PHEV,2039,0|1|4|7|10|15|22|31|42|58|79|94|132|93|74|7|4|7|10|4|5|8|5|3|1|1|0|0|0|0|0,717
Nebraska,Car,PHEV,2040,0|1|4|7|12|16|24|36|49|66|86|118|134|130|91|71|7|4|6|9|4|4|6|4|2|0|1|0|0|0|0,892
Nebraska,Car,PHEV,2041,0|2|4|7|12|18|25|38|56|77|99|128|169|132|127|88|68|6|4|6|7|3|3|4|2|1|0|0|0|0|0,1086
Nebraska,Car,PHEV,2042,0|2|5|7|12|18|28|40|58|85|117|148|183|167|129|123|83|63|6|3|5|5|2|2|3|2|1|0|0|0|0,1297
Nebraska,Car,PHEV,2043,0|2|5|9|12|19|29|43|61|87|127|173|213|180|163|124|116|77|56|5|3|4|4|1|1|2|1|1|0|0|0,1518
Nebraska,Car,PHEV,2044,0|2|5|9|14|19|30|45|65|93|131|188|248|210|176|157|118|108|69|48|4|2|3|3|1|1|1|1|0|0|0,1751
Nebraska,Car,PHEV,2045,0|2|5|9|14|21|30|46|67|97|138|194|269|244|206|170|149|109|96|59|39|3|1|2|2|1|1|1|0|0|0,1975
Nebraska,Car,PHEV,2046,0|2|5|9|14|21|32|47|69|99|142|201|276|265|239|199|161|138|98|83|48|31|2|1|1|1|0|0|1|0|0,2185
Nebraska,Car,PHEV,2047,0|2|5|9|14|22|32|49|70|102|144|205|284|272|260|231|188|149|124|84|68|38|23|2|1|1|1|0|0|0|0,2380
Nebraska,Car,PHEV,2048,0|2|5|9|14|22|34|49|73|104|149|208|289|280|266|251|219|174|134|106|69|53|28|16|1|0|1|1|0|0|0,2557
Nebraska,Car,PHEV,2049,0|1|5|9|14|22|34|51|73|108|151|213|292|285|274|257|238|202|156|115|87|53|39|20|11|1|0|0|0|0|0,2711
Nebraska,Car,PHEV,2050,0|1|4|9|14|22|34|52|75|107|156|216|297|288|278|264|244|220|181|134|94|67|39|28|14|7|0|0|0|0|0,2845
Nebraska,SUV,BEV,2020,0|0|0|0|0|0|0|0|0|0|0|0|0|0|0|0|0|0|0|0|0|0|0|0|0|0|0|0|0|0|0,0
Nebraska,SUV,BEV,2021,0|0|0|0|0|0|0|0|0|0|0|0|0|0|0|0|0|0|0|0|0|0|0|0|0|0|0|0|0|0|0,0
Nebraska,SUV,BEV,2022,0|0|0|0|0|0|0|0|0|0|0|0|0|0|0|0|0|0|0|0|0|0|0|0|0|0|0|0|0|0|0,0
Nebraska,SUV,BEV,2023,0|0|0|0|0|0|0|0|0|0|0|0|0|0|0|0|0|0|0|0|0|0|0|0|0|0|0|0|0|0|0,0
Nebraska,SUV,BEV,2024,0|0|0|0|0|0|0|0|0|0|0|0|0|0|0|0|0|0|0|0|0|0|0|0|0|0|0|0|0|0|0,0
Nebraska,SUV,BEV,2025,0|0|1|1|0|0|0|0|0|0|0|0|0|0|0|0|0|0|0|0|0|0|0|0|0|0|0|0|0|0|0,2
Nebraska,SUV,BEV,2026,0|2|1|3|2|1|1|0|0|1|0|0|0|0|0|0|0|0|0|0|0|0|0|0|0|0|0|0|0|0|0,11
Nebraska,SUV,BEV,2027,0|2|4|3|5|4|3|2|0|1|3|1|0|0|0|0|0|0|0|0|0|0|0|0|0|0|0|0|0|0|0,28
Nebraska,SUV,BEV,2028,0|2|6|9|5|10|7|5|4|1|3|5|2|0|0|0|0|0|0|0|0|0|0|0|0|0|0|0|0|0|0,59
Nebraska,SUV,BEV,2029,0|4|7|11|15|10|16|12|10|6|3|5|7|2|0|0|0|0|0|0|0|0|0|0|0|0|0|0|0|0|0,108
Nebraska,SUV,BEV,2030,0|5|10|13|19|24|16|25|20|16|11|5|8|7|2|0|0|0|0|0|0|0|0|0|0|0|0|0|0|0|0,181
Nebraska,SUV,BEV,2031,0|5|11|19|24|31|39|27|38|31|26|17|9|8|7|2|0|0|0|0|0|0|0|0|0|0|0|0|0|0|0,294
Nebraska,SUV,BEV,2032,0|6|13|21|32|40|51|61|44|58|49|41|26|9|8|6|2|0|0|0|0|0|0|0|0|0|0|0|0|0|0,467
Nebraska,SUV,BEV,2033,0|7|15|24|37|52|66|80|96|69|86|73|60|25|9|7|6|2|0|0|0|0|0|0|0|0|0|0|0|0|0,714
Nebraska,SUV,BEV,2034,0|7|16|29|42|62|84|107|126|147|105|128|106|59|25|8|7|6|1|0|0|0|0|0|0|0|0|0|0|0|0,1065
Nebraska,SUV,BEV,2035,0|8|19|33|50|71|101|134|168|195|223|157|184|105|58|24|8|6|5|1|0|0|0|0|0|0|0|0|0|0|0,1550
Nebraska,SUV,BEV,2036,0|10|22|37|58|84|116|162|209|259|295|331|226|181|102|56|23|7|6|4|1|0|0|0|0|0|0|0|0|0|0,2189
Nebraska,SUV,BEV,2037,0|11|25|43|66|96|137|186|253|323|392|437|474|223|177|99|53|21|6|5|4|1|0|0|0|0|0|0|0|0|0,3032
Nebraska,SUV,BEV,2038,0|11|28|48|76|112|156|216|294|390|490|581|628|467|218|171|94|49|19|6|4|3|1|0|0|0|0|0|0|0|0,4062
Nebraska,SUV,BEV,2039,0|12|29|54|85|127|184|248|338|455|591|726|833|619|457|210|162|87|44|16|5|3|2|0|0|0|0|0|0|0|0,5287
Nebraska,SUV,BEV,2040,0|14|31|58|95|141|206|293|386|520|692|875|1042|821|605|441|200|150|78|38|13|4|2|1|0|0|0|0|0|0|0,6706
Nebraska,SUV,BEV,2041,0|15|35|61|102|158|228|326|458|595|786|1026|1255|1027|802|585|418|185|134|67|31|10|3|2|1|0|0|0|0|0|0,8310
Nebraska,SUV,BEV,2042,0|15|38|68|108|168|253|359|509|706|898|1162|1473|1236|1004|775|555|387|165|115|55|24|8|2|1|1|0|0|0|0|0,10085
Nebraska,SUV,BEV,2043,0|16|39|72|118|181|270|396|559|782|1067|1324|1664|1452|1209|970|735|513|347|142|94|42|18|5|1|1|0|0|0|0|0,12017
Nebraska,SUV,BEV,2044,0|17|40|75|125|195|291|423|612|854|1176|1574|1893|1639|1419|1167|920|680|460|298|116|73|31|13|4|1|0|0|0|0|0,14096
Nebraska,SUV,BEV,2045,0|18|44|78|130|207|312|455|653|930|1281|1730|2250|1865|1603|1370|1108|852|609|394|243|90|54|22|9|2|1|0|0|0|0,16310
Nebraska,SUV,BEV,2046,0|18|46|85|137|215|330|486|699|991|1388|1880|2465|2217|1823|1548|1300|1025|762|523|323|189|67|39|15|6|2|0|0|0|0,18579
Nebraska,SUV,BEV,2047,0|18|46|88|147|226|343|514|745|1056|1476|2026|2674|2429|2167|1761|1469|1203|918|654|428|251|140|47|26|10|4|1|0|0|0,20867
Nebraska,SUV,BEV,2048,0|18|47|89|152|241|361|532|785|1121|1567|2151|2872|2634|2374|2093|1671|1359|1077|788|535|332|186|99|33|18|7|2|1|0|0,23145
Nebraska,SUV,BEV,2049,0|19|48|92|156|250|381|559|812|1179|1659|2279|3045|2830|2575|2293|1986|1546|1217|925|644|416|246|132|68|22|12|4|2|0|0,25397
Nebraska,SUV,BEV,2050,0|20|49|94|161|258|397|589|851|1217|1742|2403|3218|3000|2766|2487|2176|1838|1384|1044|756|500|308|175|90|46|14|8|3|1|0,27595
Nebraska,SUV,PHEV,2020,0|0|0|0|0|0|0|0|0|0|0|0|0|0|0|0|0|0|0|0|0|0|0|0|0|0|0|0|0|0|0,0
Nebraska,SUV,PHEV,2021,0|0|0|0|0|0|0|0|0|0|0|0|0|0|0|0|0|0|0|0|0|0|0|0|0|0|0|0|0|0|0,0
Nebraska,SUV,PHEV,2022,0|0|0|0|0|0|0|0|0|0|0|0|0|0|0|0|0|0|0|0|0|0|0|0|0|0|0|0|0|0|0,0
Nebraska,SUV,PHEV,2023,0|0|0|0|0|0|0|0|0|0|0|0|0|0|0|0|0|0|0|0|0|0|0|0|0|0|0|0|0|0|0,0
Nebraska,SUV,PHEV,2024,0|0|0|0|0|0|0|0|0|0|0|0|0|0|0|0|0|0|0|0|0|0|0|0|0|0|0|0|0|0|0,0
Nebraska,SUV,PHEV,2025,0|0|0|0|0|0|0|0|0|0|0|0|0|0|0|0|0|0|0|0|0|0|0|0|0|0|0|0|0|0|0,0
Nebraska,SUV,PHEV,2026,0|0|0|0|0|1|0|0|0|0|1|0|0|0|0|0|0|0|0|0|0|0|0|0|0|0|0|0|0|0|0,2
Nebraska,SUV,PHEV,2027,0|0|0|1|1|1|2|0|0|0|1|2|1|0|0|0|0|0|0|0|0|0|0|0|0|0|0|0|0|0|0,9
Nebraska,SUV,PHEV,2028,0|0|0|1|3|3|3|4|0|0|1|2|4|1|0|0|0|0|0|0|0|0|0|0|0|0|0|0|0|0|0,22
Nebraska,SUV,PHEV,2029,0|0|1|1|2|5|5|5|7|1|0|3|4|4|1|0|0|0|0|0|0|0|0|0|0|0|0|0|0|0|0,39
Nebraska,SUV,PHEV,2030,0|1|1|3|3|4|9|10|10|12|3|1|5|4|4|1|0|0|0|0|0|0|0|0|0|0|0|0|0|0|0,71
Nebraska,SUV,PHEV,2031,0|1|3|3|5|5|8|14|16|16|18|5|3|5|4|4|1|0|0|0|0|0|0|0|0|0|0|0|0|0|0,111
Nebraska,SUV,PHEV,2032,0|1|3|5|5|10|10|13|22|27|25|28|7|3|5|4|3|1|0|0|0|0|0|0|0|0|0|0|0|0|0,172
Nebraska,SUV,PHEV,2033,0|2|3|5|9|10|16|17|20|34|43|39|41|7|3|5|3|3|1|0|0|0|0|0|0|0|0|0|0|0|0,261
Nebraska,SUV,PHEV,2034,0|2|5|6|10|15|17|25|27|31|52|64|57|41|7|3|4|3|3|1|0|0|0|0|0|0|0|0|0|0|0,373
Nebraska,SUV,PHEV,2035,0|2|5|9|11|16|24|27|40|43|48|76|92|56|40|6|3|4|3|2|1|0|0|0|0|0|0|0|0|0|0,508
Nebraska,SUV,PHEV,2036,0|2|5|10|15|18|25|38|43|62|65|71|109|91|55|38|6|2|4|2|2|0|0|0|0|0|0|0|0|0|0,663
Nebraska,SUV,PHEV,2037,0|3|5|11|17|24|30|40|58|66|92|95|101|108|89|53|36|6|2|3|2|2|0|0|0|0|0|0|0|0|0,843
Nebraska,SUV,PHEV,2038,0|3|6|11|18|27|39|48|63|87|99|137|137|100|105|86|50|34|5|2|3|2|1|0|0|0|0|0|0|0|0,1063
Nebraska,SUV,PHEV,2039,0|3|6|12|18|29|44|60|76|97|130|147|198|135|98|102|82|47|30|4|2|2|1|1|0|0|0|0|0|0|0,1324
Nebraska,SUV,PHEV,2040,0|3|6|12|19|29|46|69|93|117|146|193|211|195|132|94|96|76|42|26|4|1|1|1|1|0|0|0|0|0|0,1613
Nebraska,SUV,PHEV,2041,0|3|7|12|20|31|47|73|107|142|177|216|276|208|190|127|89|89|68|36|21|3|1|1|1|0|0|0|0|0|0,1945
Nebraska,SUV,PHEV,2042,0|3|7|13|20|33|49|74|113|161|215|262|309|272|204|184|121|83|80|58|29|16|2|1|1|0|0|0|0|0|0,2310
Nebraska,SUV,PHEV,2043,0|3|7|13|21|33|51|76|115|170|240|316|375|304|266|197|174|112|74|69|47|23|12|1|0|0|0|0|0|0|0,2699
Nebraska,SUV,PHEV,2044,0|4|7|13|22|35|51|79|117|173|253|352|449|369|297|257|187|161|100|64|56|37|17|9|1|0|0|0|0|0|0,3110
Nebraska,SUV,PHEV,2045,0|4|8|13|22|37|54|80|120|176|258|370|500|443|361|287|244|173|145|86|52|44|27|12|6|1|0|0|0|0|0,3523
Nebraska,SUV,PHEV,2046,0|4|8|14|22|36|57|83|122|180|262|377|525|493|433|349|273|226|155|124|70|40|32|19|8|4|0|0|0|0|0,3916
Nebraska,SUV,PHEV,2047,0|3|8|14|24|36|56|86|125|183|266|382|534|517|482|418|331|252|202|133|101|55|30|23|13|5|3|0|0|0|0,4282
Nebraska,SUV,PHEV,2048,0|3|7|14|24|39|57|86|130|186|270|387|540|526|506|466|397|306|226|173|109|79|40|21|16|9|4|2|0|0|0,4623
Nebraska,SUV,PHEV,2049,0|3|7|13|23|39|60|88|129|193|273|391|546|532|514|488|442|367|274|194|142|84|58|29|15|11|6|2|1|0|0,4924
Nebraska,SUV,PHEV,2050,0|3|7|13|22|38|60|91|133|191|281|394|550|538|520|497|463|409|329|235|158|110|62|41|20|10|7|4|2|1|0,5189
Nevada,Car,BEV,2020,0|0|1|0|0|1|2|0|0|0|0|0|0|0|0|0|0|0|0|0|0|0|0|0|0|0|0|0|0|0|0,4
Nevada,Car,BEV,2021,0|0|1|3|0|1|3|4|0|0|0|0|0|0|0|0|0|0|0|0|0|0|0|0|0|0|0|0|0|0|0,12
Nevada,Car,BEV,2022,0|1|1|3|5|1|3|5|8|0|0|0|0|0|0|0|0|0|0|0|0|0|0|0|0|0|0|0|0|0|0,27
Nevada,Car,BEV,2023,0|2|3|2|5|10|3|5|10|13|0|0|0|0|0|0|0|0|0|0|0|0|0|0|0|0|0|0|0|0|0,53
Nevada,Car,BEV,2024,0|2|4|5|4|10|16|5|9|15|21|0|0|0|0|0|0|0|0|0|0|0|0|0|0|0|0|0|0|0|0,91
Nevada,Car,BEV,2025,0|1|4|8|9|8|16|26|10|15|24|32|0|0|0|0|0|0|0|0|0|0|0|0|0|0|0|0|0|0|0,153
Nevada,Car,BEV,2026,0|2|3|9|14|15|13|26|42|16|23|35|47|0|0|0|0|0|0|0|0|0|0|0|0|0|0|0|0|0|0,245
Nevada,Car,BEV,2027,0|3|6|7|15|23|24|21|42|65|25|34|50|47|0|0|0|0|0|0|0|0|0|0|0|0|0|0|0|0|0,362
Nevada,Car,BEV,2028,0|5|8|11|12|24|37|37|33|65|99|37|49|49|45|0|0|0|0|0|0|0|0|0|0|0|0|0|0|0|0,511
Nevada,Car,BEV,2029,0|5|11|15|20|21|40|58|57|51|99|148|53|48|48|44|0|0|0|0|0|0|0|0|0|0|0|0|0|0|0,718
Nevada,Car,BEV,2030,0|6|12|20|26|34|35|64|90|86|78|148|212|52|47|47|42|0|0|0|0|0|0|0|0|0|0|0|0|0|0,999
Nevada,Car,BEV,2031,0|7|15|24|35|44|55|55|100|139|129|117|214|209|51|46|44|39|0|0|0|0|0|0|0|0|0|0|0|0|0,1323
Nevada,Car,BEV,2032,0|7|17|30|42|58|72|87|85|153|211|191|167|211|205|49|43|41|35|0|0|0|0|0|0|0|0|0|0|0|0,1704
Nevada,Car,BEV,2033,0|9|19|34|53|71|95|113|135|130|231|311|273|165|207|198|47|40|37|30|0|0|0|0|0|0|0|0|0|0|0,2198
Nevada,Car,BEV,2034,0|11|24|38|60|89|116|150|177|207|198|342|444|269|161|199|187|43|36|31|24|0|0|0|0|0|0|0|0|0|0,2806
Nevada,Car,BEV,2035,0|12|29|46|68|101|144|186|234|272|312|292|491|438|263|156|189|174|39|31|26|19|0|0|0|0|0|0|0|0|0,3522
Nevada,Car,BEV,2036,0|12|30|56|81|115|164|229|291|359|410|459|417|484|428|254|148|175|155|33|25|20|14|0|0|0|0|0|0|0|0,4359
Nevada,Car,BEV,2037,0|13|31|58|97|136|188|261|355|448|543|606|656|411|473|413|241|137|157|133|27|20|15|10|0|0|0|0|0|0|0,5429
Nevada,Car,BEV,2038,0|15|34|60|101|161|219|300|406|543|677|801|865|646|402|456|392|223|122|135|109|21|15|11|7|0|0|0|0|0|0,6721
Nevada,Car,BEV,2039,0|17|39|67|106|169|259|346|469|621|816|999|1146|853|632|388|433|363|200|105|110|85|16|10|7|5|0|0|0|0|0,8261
Nevada,Car,BEV,2040,0|17|42|76|119|179|274|408|539|721|937|1198|1428|1129|833|610|368|401|325|172|86|86|63|11|7|5|3|0|0|0|0,10037
Nevada,Car,BEV,2041,0|18|44|81|131|199|291|433|634|825|1090|1379|1708|1407|1103|805|579|341|359|279|140|67|63|45|8|5|3|2|0|0|0,12039
Nevada,Car,BEV,2042,0|19|47|85|140|216|322|461|675|969|1241|1608|1971|1683|1375|1066|764|536|305|308|228|109|49|45|31|5|3|2|1|0|0,14264
Nevada,Car,BEV,2043,0|21|48|91|149|232|347|506|719|1035|1454|1824|2298|1942|1645|1328|1011|707|480|262|252|177|81|35|31|20|3|2|1|1|0,16702
Nevada,Car,BEV,2044,0|22|54|94|158|246|371|543|783|1102|1557|2135|2600|2264|1898|1589|1260|936|633|412|214|196|131|57|24|21|13|2|1|1|1,19318
Nevada,Car,BEV,2045,0|23|55|104|166|261|393|578|837|1192|1658|2288|3041|2562|2213|1833|1508|1166|838|543|337|166|145|93|39|16|14|9|1|1|1,22081
Nevada,Car,BEV,2046,0|24|59|108|180|275|417|613|888|1268|1782|2435|3261|2997|2504|2138|1739|1395|1044|719|444|262|123|103|64|26|11|9|6|1|1,24896
Nevada,Car,BEV,2047,0|24|61|114|187|296|440|649|938|1341|1886|2605|3468|3213|2929|2418|2028|1610|1249|896|588|345|194|87|71|43|17|7|6|4|1,27715
Nevada,Car,BEV,2048,0|25|62|118|199|309|470|684|992|1414|1992|2750|3695|3417|3141|2829|2295|1877|1441|1072|733|457|256|137|60|47|28|11|4|4|2,30521
Nevada,Car,BEV,2049,0|26|64|120|205|326|490|728|1043|1491|2095|2893|3889|3641|3340|3033|2684|2124|1681|1237|877|570|338|181|94|40|31|18|7|3|2,33271
Nevada,Car,BEV,2050,0|26|65|123|209|337|517|761|1106|1564|2202|3036|4083|3833|3559|3226|2878|2485|1901|1443|1011|681|422|240|125|63|26|20|12|5|2,35961
Nevada,Car,PHEV,2020,0|0|0|0|0|0|0|0|0|0|0|0|0|0|0|0|0|0|0|0|0|0|0|0|0|0|0|0|0|0|0,0
Nevada,Car,PHEV,2021,0|0|0|0|0|0|0|1|0|0|0|0|0|0|0|0|0|0|0|0|0|0|0|0|0|0|0|0|0|0|0,1
Nevada,Car,PHEV,2022,0|0|0|0|0|1|1|0|3|0|0|0|0|0|0|0|0|0|0|0|0|0|0|0|0|0|0|0|0|0|0,5
Nevada,Car,PHEV,2023,0|0|0|0|0|1|2|3|1|5|0|0|0|0|0|0|0|0|0|0|0|0|0|0|0|0|0|0|0|0|0,12
Nevada,Car,PHEV,2024,0|0|0|0|0|0|3|4|5|3|10|0|0|0|0|0|0|0|0|0|0|0|0|0|0|0|0|0|0|0|0,25
Nevada,Car,PHEV,2025,0|0|0|0|0|0|1|5|7|9|5|16|0|0|0|0|0|0|0|0|0|0|0|0|0|0|0|0|0|0|0,43
Nevada,Car,PHEV,2026,0|0|0|0|0|1|1|3|10|12|14|10|24|0|0|0|0|0|0|0|0|0|0|0|0|0|0|0|0|0|0,75
Nevada,Car,PHEV,2027,0|0|0|0|0|0|2|3|5|16|19|21|15|23|0|0|0|0|0|0|0|0|0|0|0|0|0|0|0|0|0,104
Nevada,Car,PHEV,2028,0|0|1|1|0|0|1|4|5|10|26|29|30|15|23|0|0|0|0|0|0|0|0|0|0|0|0|0|0|0|0,145
Nevada,Car,PHEV,2029,0|1|1|3|3|0|0|3|8|9|16|41|42|30|14|22|0|0|0|0|0|0|0|0|0|0|0|0|0|0|0,193
Nevada,Car,PHEV,2030,0|1|2|4|6|6|0|1|5|13|14|24|60|42|29|14|21|0|0|0|0|0|0|0|0|0|0|0|0|0|0,242
Nevada,Car,PHEV,2031,0|1|3|5|8|10|11|1|3|9|20|21|34|59|41|28|13|19|0|0|0|0|0|0|0|0|0|0|0|0|0,286
Nevada,Car,PHEV,2032,0|2|3|6|9|14|16|18|4|6|14|30|30|34|58|39|27|12|17|0|0|0|0|0|0|0|0|0|0|0|0,339
Nevada,Car,PHEV,2033,0|2|4|6|11|15|22|25|27|7|10|21|43|29|33|56|37|25|11|15|0|0|0|0|0|0|0|0|0|0|0,399
Nevada,Car,PHEV,2034,0|2|4|9|11|18|24|35|39|43|12|15|30|43|28|32|53|35|22|9|12|0|0|0|0|0|0|0|0|0|0,476
Nevada,Car,PHEV,2035,0|2|6|9|15|18|29|38|53|58|65|18|22|29|42|27|30|49|31|19|8|9|0|0|0|0|0|0|0|0|0,577
Nevada,Car,PHEV,2036,0|2|6|11|16|24|29|46|57|82|86|93|26|21|28|40|26|28|44|27|16|6|7|0|0|0|0|0|0|0|0,721
Nevada,Car,PHEV,2037,0|3|6|11|19|27|39|47|72|86|122|127|133|25|21|27|38|24|25|38|22|12|4|5|0|0|0|0|0|0|0,933
Nevada,Car,PHEV,2038,0|3|7|12|19|31|45|62|75|111|128|180|179|131|25|20|26|35|22|22|31|17|9|3|3|0|0|0|0|0|0,1196
Nevada,Car,PHEV,2039,0|3|8|13|20|32|50|73|97|116|166|189|257|176|128|24|19|24|32|19|18|24|12|6|2|2|0|0|0|0|0,1510
Nevada,Car,PHEV,2040,0|3|8|14|23|35|52|79|114|149|176|243|269|253|172|123|23|18|22|27|15|14|18|9|4|1|1|0|0|0|0,1865
Nevada,Car,PHEV,2041,0|4|8|14|24|38|56|83|124|175|225|262|347|265|247|166|117|21|16|19|22|12|10|13|6|3|1|1|0|0|0,2279
Nevada,Car,PHEV,2042,0|4|9|14|24|40|61|88|130|191|264|333|377|342|259|239|158|108|19|14|15|17|9|7|9|4|2|1|1|0|0,2739
Nevada,Car,PHEV,2043,0|4|9|15|24|40|63|95|137|200|290|391|477|371|334|251|227|146|97|16|11|12|13|6|5|6|3|1|0|0|0,3244
Nevada,Car,PHEV,2044,0|4|10|16|26|40|64|97|146|208|303|430|561|470|363|323|238|210|131|83|13|9|9|9|4|3|4|2|1|0|0,3777
Nevada,Car,PHEV,2045,0|4|10|17|27|43|64|99|149|219|313|446|618|552|459|350|306|220|188|112|68|10|6|6|6|3|2|2|1|1|0,4301
Nevada,Car,PHEV,2046,0|4|10|17|30|45|69|100|151|223|325|459|638|609|540|444|332|284|197|161|92|53|8|5|4|4|2|1|2|1|0,4810
Nevada,Car,PHEV,2047,0|4|9|17|30|48|71|106|153|226|329|472|652|629|595|521|421|308|254|169|132|71|39|5|3|3|3|1|1|1|0,5273
Nevada,Car,PHEV,2048,0|4|9|17|30|49|76|109|159|228|332|476|667|642|615|574|495|390|275|218|138|102|53|28|4|2|2|2|1|1|1,5699
Nevada,Car,PHEV,2049,0|4|9|17|30|48|77|115|163|235|335|478|670|657|628|594|545|458|349|236|178|107|76|38|19|2|1|1|1|1|0,6072
Nevada,Car,PHEV,2050,0|3|9|17|30|48|76|118|172|240|343|482|670|661|642|606|563|505|410|299|193|138|80|54|26|13|2|1|1|1|0,6403
Nevada,SUV,BEV,2020,0|0|0|0|0|0|0|0|0|0|0|0|0|0|0|0|0|0|0|0|0|0|0|0|0|0|0|0|0|0|0,0
Nevada,SUV,BEV,2021,0|0|0|0|0|0|0|0|0|0|0|0|0|0|0|0|0|0|0|0|0|0|0|0|0|0|0|0|0|0|0,0
Nevada,SUV,BEV,2022,0|1|1|0|0|1|0|0|0|0|0|0|0|0|0|0|0|0|0|0|0|0|0|0|0|0|0|0|0|0|0,3
Nevada,SUV,BEV,2023,0|2|3|2|0|1|3|1|1|1|0|0|0|0|0|0|0|0|0|0|0|0|0|0|0|0|0|0|0|0|0,14
Nevada,SUV,BEV,2024,0|5|7|6|4|1|3|5|3|2|2|0|0|0|0|0|0|0|0|0|0|0|0|0|0|0|0|0|0|0|0,38
Nevada,SUV,BEV,2025,0|5|11|13|11|7|3|5|10|5|4|4|0|0|0|0|0|0|0|0|0|0|0|0|0|0|0|0|0|0|0,78
Nevada,SUV,BEV,2026,0|2|14|21|23|20|12|5|10|16|10|6|6|0|0|0|0|0|0|0|0|0|0|0|0|0|0|0|0|0|0,145
Nevada,SUV,BEV,2027,0|2|6|27|37|39|33|20|10|16|25|16|11|6|0|0|0|0|0|0|0|0|0|0|0|0|0|0|0|0|0,248
Nevada,SUV,BEV,2028,0|5|7|12|47|62|63|53|32|16|25|37|24|11|6|0|0|0|0|0|0|0|0|0|0|0|0|0|0|0|0,400
Nevada,SUV,BEV,2029,0|5|11|14|21|78|101|101|83|50|27|38|53|23|10|5|0|0|0|0|0|0|0|0|0|0|0|0|0|0|0,620
Nevada,SUV,BEV,2030,0|6|13|20|25|34|127|162|158|127|76|42|55|52|23|10|5|0|0|0|0|0|0|0|0|0|0|0|0|0|0,935
Nevada,SUV,BEV,2031,0|7|15|25|36|43|54|202|253|242|194|115|61|54|51|22|10|5|0|0|0|0|0|0|0|0|0|0|0|0|0,1389
Nevada,SUV,BEV,2032,0|10|19|30|44|60|71|85|315|391|367|287|165|60|53|49|21|9|4|0|0|0|0|0|0|0|0|0|0|0|0,2040
Nevada,SUV,BEV,2033,0|11|25|37|53|73|97|113|135|486|594|543|412|163|59|51|47|19|8|4|0|0|0|0|0|0|0|0|0|0|0,2930
Nevada,SUV,BEV,2034,0|14|29|47|66|90|120|154|178|209|737|882|780|406|159|57|49|43|17|7|3|0|0|0|0|0|0|0|0|0|0,4047
Nevada,SUV,BEV,2035,0|16|36|56|82|110|146|192|241|276|317|1093|1265|768|397|154|54|45|39|15|6|2|0|0|0|0|0|0|0|0|0,5310
Nevada,SUV,BEV,2036,0|17|41|69|98|136|178|234|301|372|419|469|1569|1246|751|383|146|50|40|33|12|4|2|0|0|0|0|0|0|0|0,6570
Nevada,SUV,BEV,2037,0|16|42|79|121|162|219|283|367|466|563|620|671|1547|1218|725|364|135|45|35|27|9|3|1|0|0|0|0|0|0|0,7718
Nevada,SUV,BEV,2038,0|18|40|81|136|200|262|346|440|565|706|833|889|661|1512|1176|688|337|121|38|28|21|7|2|1|0|0|0|0|0|0,9108
Nevada,SUV,BEV,2039,0|18|46|79|140|224|321|411|539|674|854|1045|1192|876|646|1460|1116|637|301|104|31|22|16|5|2|1|0|0|0|0|0,10760
Nevada,SUV,BEV,2040,0|20|47|89|139|231|357|501|634|822|1015|1260|1495|1174|856|624|1385|1033|570|259|85|24|16|11|3|1|0|0|0|0|0,12651
Nevada,SUV,BEV,2041,0|22|52|94|156|232|370|553|767|962|1231|1493|1799|1473|1148|827|592|1282|925|490|211|66|18|12|8|2|1|0|0|0|0,14786
Nevada,SUV,BEV,2042,0|22|55|101|166|260|374|579|845|1156|1431|1801|2129|1773|1440|1109|785|548|1148|794|400|164|49|13|8|5|1|0|0|0|0,17156
Nevada,SUV,BEV,2043,0|24|57|107|177|277|418|592|893|1273|1715|2085|2556|2098|1733|1390|1052|726|490|985|649|311|122|35|9|5|3|1|0|0|0,19783
Nevada,SUV,BEV,2044,0|26|62|112|187|294|446|657|923|1353|1886|2493|2951|2519|2050|1674|1319|974|650|421|806|504|230|86|24|6|3|2|1|0|0,22659
Nevada,SUV,BEV,2045,0|28|66|119|197|310|473|700|1016|1414|2018|2742|3525|2907|2462|1980|1588|1221|872|558|344|626|373|163|59|16|4|2|1|0|0,25784
Nevada,SUV,BEV,2046,0|29|70|128|208|326|497|743|1081|1547|2127|2947|3875|3473|2842|2378|1879|1470|1093|748|456|268|463|265|112|40|10|3|1|1|0,29080
Nevada,SUV,BEV,2047,0|29|73|136|223|345|521|780|1144|1643|2314|3128|4180|3818|3395|2745|2256|1739|1316|938|612|355|198|329|182|75|26|7|2|1|1,32511
Nevada,SUV,BEV,2048,0|31|75|141|236|367|550|815|1199|1733|2453|3384|4458|4118|3732|3279|2604|2089|1557|1130|767|475|262|141|226|122|49|17|4|1|1,36016
Nevada,SUV,BEV,2049,0|31|79|147|245|388|583|859|1250|1811|2579|3579|4802|4393|4026|3604|3111|2411|1870|1336|924|596|352|186|97|151|80|32|11|3|1,39537
Nevada,SUV,BEV,2050,0|32|81|153|257|403|615|905|1312|1883|2690|3756|5070|4732|4294|3888|3420|2880|2158|1605|1093|718|441|250|128|65|100|52|21|7|2,43011
Nevada,SUV,PHEV,2020,0|0|0|0|0|0|0|0|0|0|0|0|0|0|0|0|0|0|0|0|0|0|0|0|0|0|0|0|0|0|0,0
Nevada,SUV,PHEV,2021,0|0|0|0|0|0|0|0|0|0|0|0|0|0|0|0|0|0|0|0|0|0|0|0|0|0|0|0|0|0|0,0
Nevada,SUV,PHEV,2022,0|0|0|0|0|0|0|0|0|0|0|0|0|0|0|0|0|0|0|0|0|0|0|0|0|0|0|0|0|0|0,0
Nevada,SUV,PHEV,2023,0|0|0|0|0|0|0|0|0|0|0|0|0|0|0|0|0|0|0|0|0|0|0|0|0|0|0|0|0|0|0,0
Nevada,SUV,PHEV,2024,0|1|1|1|0|0|0|0|1|0|0|0|0|0|0|0|0|0|0|0|0|0|0|0|0|0|0|0|0|0|0,4
Nevada,SUV,PHEV,2025,0|1|2|3|3|0|0|1|1|2|1|1|0|0|0|0|0|0|0|0|0|0|0|0|0|0|0|0|0|0|0,15
Nevada,SUV,PHEV,2026,0|0|3|4|5|5|1|0|2|3|4|3|3|0|0|0|0|0|0|0|0|0|0|0|0|0|0|0|0|0|0,33
Nevada,SUV,PHEV,2027,0|0|0|5|8|10|10|3|1|4|5|6|5|3|0|0|0|0|0|0|0|0|0|0|0|0|0|0|0|0|0,60
Nevada,SUV,PHEV,2028,0|1|1|1|10|14|16|16|5|3|6|9|11|5|3|0|0|0|0|0|0|0|0|0|0|0|0|0|0|0|0,101
Nevada,SUV,PHEV,2029,0|1|2|3|3|16|23|25|26|9|5|11|14|11|5|3|0|0|0|0|0|0|0|0|0|0|0|0|0|0|0,157
Nevada,SUV,PHEV,2030,0|1|3|4|5|6|25|36|39|42|14|9|17|14|10|5|3|0|0|0|0|0|0|0|0|0|0|0|0|0|0,233
Nevada,SUV,PHEV,2031,0|1|3|5|8|9|11|40|56|59|64|21|14|16|13|10|4|2|0|0|0|0|0|0|0|0|0|0|0|0|0,336
Nevada,SUV,PHEV,2032,0|3|3|6|9|13|15|18|62|85|87|94|30|14|16|13|10|4|2|0|0|0|0|0|0|0|0|0|0|0|0,484
Nevada,SUV,PHEV,2033,0|3|6|7|11|15|22|24|28|96|127|129|135|30|13|16|12|9|4|2|0|0|0|0|0|0|0|0|0|0|0,689
Nevada,SUV,PHEV,2034,0|3|8|12|13|18|24|35|38|44|145|188|185|133|29|13|15|11|8|3|2|0|0|0|0|0|0|0|0|0|0,927
Nevada,SUV,PHEV,2035,0|3|9|14|19|22|30|38|54|58|66|216|269|182|130|28|12|14|10|7|3|1|0|0|0|0|0|0|0|0|0,1185
Nevada,SUV,PHEV,2036,0|3|9|15|23|31|37|48|58|83|86|96|311|265|178|125|27|11|12|9|6|2|1|0|0|0|0|0|0|0|0,1436
Nevada,SUV,PHEV,2037,0|3|9|17|26|38|49|58|76|90|125|127|138|306|260|172|119|25|10|11|7|4|1|1|0|0|0|0|0|0|0,1672
Nevada,SUV,PHEV,2038,0|3|8|16|28|42|61|76|89|117|135|185|182|136|299|251|163|110|22|9|9|5|3|1|0|0|0|0|0|0|0,1950
Nevada,SUV,PHEV,2039,0|3|9|15|27|46|68|94|117|135|176|199|265|179|133|289|238|151|99|19|7|7|4|2|1|0|0|0|0|0|0,2283
Nevada,SUV,PHEV,2040,0|3|9|16|26|45|72|105|144|176|203|259|283|261|175|128|274|220|135|85|16|5|5|3|2|0|0|0|0|0|0,2650
Nevada,SUV,PHEV,2041,0|4|9|17|28|43|72|112|160|217|263|297|370|279|255|169|122|254|197|116|69|12|4|4|2|1|0|0|0|0|0,3076
Nevada,SUV,PHEV,2042,0|4|10|17|29|46|69|111|170|240|321|383|421|364|273|246|161|112|227|169|95|54|9|3|2|1|1|0|0|0|0,3538
Nevada,SUV,PHEV,2043,0|4|10|18|29|47|74|109|171|254|355|465|542|415|356|263|233|149|101|195|138|74|40|6|2|2|1|0|0|0|0,4053
Nevada,SUV,PHEV,2044,0|4|10|19|31|47|76|115|168|257|375|515|656|534|405|344|250|216|133|86|160|107|55|28|4|1|1|1|0|0|0,4598
Nevada,SUV,PHEV,2045,0|4|10|19|32|50|76|118|178|255|381|545|729|646|522|391|326|231|193|114|71|124|80|39|19|3|1|1|0|0|0,5158
Nevada,SUV,PHEV,2046,0|4|10|20|33|52|79|119|182|268|382|555|769|718|632|504|371|302|207|166|93|55|92|56|27|13|2|1|0|0|0,5712
Nevada,SUV,PHEV,2047,0|4|10|20|35|54|82|123|183|273|398|560|786|758|702|610|478|344|270|178|136|73|41|65|39|18|9|1|0|0|0,6250
Nevada,SUV,PHEV,2048,0|4|10|20|35|57|85|126|187|275|405|579|797|774|740|678|579|443|308|232|145|106|54|29|45|26|12|6|1|0|0,6758
Nevada,SUV,PHEV,2049,0|4|10|20|35|57|90|131|189|280|406|588|819|786|757|715|643|536|396|264|190|113|78|38|20|30|17|8|4|1|0,7225
Nevada,SUV,PHEV,2050,0|4|10|20|35|57|90|137|196|283|412|589|829|807|768|731|679|595|480|340|216|147|84|55|26|13|20|11|5|2|0,7641
New Hampshire,Car,BEV,2020,0|0|0|0|0|0|0|0|0|0|0|0|0|0|0|0|0|0|0|0|0|0|0|0|0|0|0|0|0|0|0,0
New Hampshire,Car,BEV,2021,0|0|0|0|0|0|0|0|0|0|0|0|0|0|0|0|0|0|0|0|0|0|0|0|0|0|0|0|0|0|0,0
New Hampshire,Car,BEV,2022,0|0|0|0|0|0|0|0|0|0|0|0|0|0|0|0|0|0|0|0|0|0|0|0|0|0|0|0|0|0|0,0
New Hampshire,Car,BEV,2023,0|0|0|0|0|1|0|0|0|1|0|0|0|0|0|0|0|0|0|0|0|0|0|0|0|0|0|0|0|0|0,2
New Hampshire,Car,BEV,2024,0|0|0|0|0|1|3|0|0|1|3|0|0|0|0|0|0|0|0|0|0|0|0|0|0|0|0|0|0|0|0,8
New Hampshire,Car,BEV,2025,0|0|0|0|0|0|3|5|0|1|3|5|0|0|0|0|0|0|0|0|0|0|0|0|0|0|0|0|0|0|0,17
New Hampshire,Car,BEV,2026,0|0|0|0|1|1|1|5|10|1|3|5|7|0|0|0|0|0|0|0|0|0|0|0|0|0|0|0|0|0|0,34
New Hampshire,Car,BEV,2027,0|1|1|0|1|3|3|3|10|16|3|5|7|7|0|0|0|0|0|0|0|0|0|0|0|0|0|0|0|0|0,60
New Hampshire,Car,BEV,2028,0|2|3|3|1|3|5|5|5|16|24|5|7|7|7|0|0|0|0|0|0|0|0|0|0|0|0|0|0|0|0,93
New Hampshire,Car,BEV,2029,0|2|4|5|7|3|7|10|10|10|25|35|8|7|7|6|0|0|0|0|0|0|0|0|0|0|0|0|0|0|0,146
New Hampshire,Car,BEV,2030,0|2|5|8|10|12|6|12|16|16|16|36|50|8|7|6|6|0|0|0|0|0|0|0|0|0|0|0|0|0|0,216
New Hampshire,Car,BEV,2031,0|2|6|10|14|17|19|11|19|26|26|25|51|49|8|6|6|6|0|0|0|0|0|0|0|0|0|0|0|0|0,301
New Hampshire,Car,BEV,2032,0|3|7|12|17|23|27|30|18|30|42|40|36|50|48|7|6|6|5|0|0|0|0|0|0|0|0|0|0|0|0,407
New Hampshire,Car,BEV,2033,0|4|8|14|21|28|37|43|48|27|48|63|58|36|49|47|7|6|5|4|0|0|0|0|0|0|0|0|0|0|0,553
New Hampshire,Car,BEV,2034,0|5|9|15|24|35|46|58|68|76|41|71|91|57|35|48|44|6|5|4|4|0|0|0|0|0|0|0|0|0|0,742
New Hampshire,Car,BEV,2035,0|5|12|17|26|41|56|74|90|105|115|60|101|90|56|34|45|41|6|4|4|3|0|0|0|0|0|0|0|0|0,985
New Hampshire,Car,BEV,2036,0|5|12|21|31|44|66|89|115|138|157|170|88|100|88|54|32|42|37|5|4|3|2|0|0|0|0|0|0|0|0,1303
New Hampshire,Car,BEV,2037,0|6|12|22|38|51|72|105|139|177|210|232|244|86|98|85|51|30|37|31|4|3|2|1|0|0|0|0|0|0|0,1736
New Hampshire,Car,BEV,2038,0|6|14|24|39|62|83|115|164|214|266|309|330|240|84|94|81|47|27|32|26|3|2|1|1|0|0|0|0|0|0,2264
New Hampshire,Car,BEV,2039,0|6|14|27|42|65|99|131|181|251|324|393|443|326|235|81|89|75|42|23|26|20|2|1|1|1|0|0|0|0|0,2898
New Hampshire,Car,BEV,2040,0|6|16|28|47|71|105|156|205|279|378|478|562|436|318|227|77|83|67|36|19|20|15|2|1|1|0|0|0|0|0,3633
New Hampshire,Car,BEV,2041,0|6|16|32|49|77|114|168|243|316|423|558|682|554|426|307|215|72|74|57|30|15|15|11|1|1|0|0|0|0|0,4462
New Hampshire,Car,BEV,2042,0|7|17|32|55|82|125|180|262|373|478|624|800|672|542|412|292|199|64|64|47|23|11|11|7|1|0|0|0|0|0,5380
New Hampshire,Car,BEV,2043,0|8|19|35|57|90|133|198|280|402|563|706|893|789|657|523|391|270|178|55|52|36|17|8|7|5|0|0|0|0|0,6372
New Hampshire,Car,BEV,2044,0|8|20|37|61|95|143|209|305|430|606|829|1007|880|771|635|496|362|242|153|45|40|27|12|5|5|3|0|0|0|0,7426
New Hampshire,Car,BEV,2045,0|9|21|38|64|101|151|223|321|464|647|893|1185|992|860|745|602|460|324|207|125|35|30|19|8|4|3|2|0|0|0,8533
New Hampshire,Car,BEV,2046,0|9|22|40|67|105|161|236|341|487|691|951|1273|1168|970|831|707|558|411|278|170|97|26|21|13|6|2|2|1|0|0,9644
New Hampshire,Car,BEV,2047,0|9|22|42|69|110|166|249|360|514|725|1009|1354|1255|1141|937|788|654|499|353|227|132|72|18|15|9|4|2|1|1|0,10737
New Hampshire,Car,BEV,2048,0|9|23|43|72|114|174|257|379|541|761|1056|1432|1334|1226|1102|889|729|585|428|289|177|98|51|13|10|6|2|1|1|1,11803
New Hampshire,Car,BEV,2049,0|9|23|44|75|119|181|270|390|568|799|1103|1492|1411|1304|1185|1046|823|653|502|350|224|131|69|35|8|6|4|2|1|1,12828
New Hampshire,Car,BEV,2050,0|9|24|44|76|123|190|281|409|583|835|1155|1556|1471|1379|1259|1124|968|736|560|411|272|166|93|48|24|6|4|2|1|0,13809
New Hampshire,Car,PHEV,2020,0|0|0|0|0|0|0|0|0|0|0|0|0|0|0|0|0|0|0|0|0|0|0|0|0|0|0|0|0|0|0,0
New Hampshire,Car,PHEV,2021,0|0|0|0|0|0|0|1|0|0|0|0|0|0|0|0|0|0|0|0|0|0|0|0|0|0|0|0|0|0|0,1
New Hampshire,Car,PHEV,2022,0|0|0|0|0|0|0|0|2|0|0|0|0|0|0|0|0|0|0|0|0|0|0|0|0|0|0|0|0|0|0,2
New Hampshire,Car,PHEV,2023,0|0|0|0|0|1|1|1|1|4|0|0|0|0|0|0|0|0|0|0|0|0|0|0|0|0|0|0|0|0|0,8
New Hampshire,Car,PHEV,2024,0|0|0|0|0|0|2|3|3|2|6|0|0|0|0|0|0|0|0|0|0|0|0|0|0|0|0|0|0|0|0,16
New Hampshire,Car,PHEV,2025,0|0|0|0|0|0|0|4|5|5|4|11|0|0|0|0|0|0|0|0|0|0|0|0|0|0|0|0|0|0|0,29
New Hampshire,Car,PHEV,2026,0|0|0|0|0|0|0|1|7|10|10|6|17|0|0|0|0|0|0|0|0|0|0|0|0|0|0|0|0|0|0,51
New Hampshire,Car,PHEV,2027,0|0|0|0|0|0|0|1|3|12|16|16|10|16|0|0|0|0|0|0|0|0|0|0|0|0|0|0|0|0|0,74
New Hampshire,Car,PHEV,2028,0|0|0|0|0|0|0|1|2|5|18|24|23|10|16|0|0|0|0|0|0|0|0|0|0|0|0|0|0|0|0,99
New Hampshire,Car,PHEV,2029,0|0|0|0|0|0|0|0|3|4|9|28|34|22|9|16|0|0|0|0|0|0|0|0|0|0|0|0|0|0|0,125
New Hampshire,Car,PHEV,2030,0|0|0|1|1|1|0|0|1|5|6|14|41|34|22|9|15|0|0|0|0|0|0|0|0|0|0|0|0|0|0,150
New Hampshire,Car,PHEV,2031,0|0|0|1|2|2|4|0|1|3|10|11|20|41|33|21|9|14|0|0|0|0|0|0|0|0|0|0|0|0|0,172
New Hampshire,Car,PHEV,2032,0|0|0|1|4|5|5|7|1|3|5|16|17|19|40|32|20|8|12|0|0|0|0|0|0|0|0|0|0|0|0,195
New Hampshire,Car,PHEV,2033,0|0|1|1|4|7|9|9|12|4|6|10|24|16|19|38|30|18|7|11|0|0|0|0|0|0|0|0|0|0|0,226
New Hampshire,Car,PHEV,2034,0|0|1|3|3|7|11|15|15|18|7|9|15|23|16|18|36|28|17|6|9|0|0|0|0|0|0|0|0|0|0,257
New Hampshire,Car,PHEV,2035,0|0|1|3|5|7|12|17|22|23|27|11|14|15|23|16|17|34|25|14|5|7|0|0|0|0|0|0|0|0|0,298
New Hampshire,Car,PHEV,2036,0|0|1|3|5|10|12|19|25|34|35|39|16|14|14|22|15|16|30|22|12|4|5|0|0|0|0|0|0|0|0,353
New Hampshire,Car,PHEV,2037,0|0|1|3|7|10|16|20|30|38|52|51|55|16|13|14|21|14|14|26|18|9|3|4|0|0|0|0|0|0|0,435
New Hampshire,Car,PHEV,2038,0|0|1|3|7|12|17|25|31|47|56|75|72|54|15|13|13|19|12|12|21|14|7|2|2|0|0|0|0|0|0,530
New Hampshire,Car,PHEV,2039,0|0|1|4|7|12|20|28|39|49|70|81|106|71|53|15|12|12|17|11|10|16|10|5|1|2|0|0|0|0|0,652
New Hampshire,Car,PHEV,2040,0|0|2|4|8|12|20|31|45|59|76|102|114|105|69|51|14|11|11|15|9|8|12|7|3|1|1|0|0|0|0,790
New Hampshire,Car,PHEV,2041,0|0|2|5|8|14|20|33|49|70|89|113|146|112|102|67|49|13|10|9|12|7|6|9|5|2|1|1|0|0|0,954
New Hampshire,Car,PHEV,2042,0|0|2|5|10|14|22|33|51|77|106|133|161|143|110|99|63|45|12|9|8|9|5|4|6|3|1|0|0|0|0,1131
New Hampshire,Car,PHEV,2043,0|1|2|5|10|16|23|35|51|80|117|157|190|159|140|106|94|59|40|10|7|6|7|4|3|4|2|1|0|0|0,1329
New Hampshire,Car,PHEV,2044,0|1|3|6|10|16|25|36|54|80|120|173|225|187|155|135|101|87|52|35|8|5|4|5|2|2|3|1|1|0|0,1532
New Hampshire,Car,PHEV,2045,0|1|3|7|10|16|24|38|56|83|120|178|248|222|183|150|128|93|78|45|28|6|4|3|3|2|1|2|1|0|0,1733
New Hampshire,Car,PHEV,2046,0|1|3|7|11|16|25|37|58|85|124|178|255|244|217|177|142|119|83|67|37|22|5|3|2|2|1|1|1|1|0,1924
New Hampshire,Car,PHEV,2047,0|0|3|7|11|17|25|39|57|87|126|182|256|251|239|209|168|132|106|72|55|29|16|3|2|1|1|1|1|1|0,2097
New Hampshire,Car,PHEV,2048,0|0|2|7|11|18|26|40|60|86|127|183|259|252|245|231|199|155|118|91|59|42|21|12|2|1|1|1|0|0|0,2249
New Hampshire,Car,PHEV,2049,0|0|2|6|11|17|28|41|61|90|126|185|259|255|246|237|219|184|139|101|75|45|31|15|8|2|1|1|1|0|0,2386
New Hampshire,Car,PHEV,2050,0|0|2|5|10|17|26|43|63|90|130|183|259|255|249|238|225|202|165|119|83|58|34|22|10|5|1|1|0|0|0,2495
New Hampshire,SUV,BEV,2020,0|0|0|0|0|0|0|0|0|0|0|0|0|0|0|0|0|0|0|0|0|0|0|0|0|0|0|0|0|0|0,0
New Hampshire,SUV,BEV,2021,0|0|0|0|0|0|0|0|0|0|0|0|0|0|0|0|0|0|0|0|0|0|0|0|0|0|0|0|0|0|0,0
New Hampshire,SUV,BEV,2022,0|0|0|0|0|0|0|0|0|0|0|0|0|0|0|0|0|0|0|0|0|0|0|0|0|0|0|0|0|0|0,0
New Hampshire,SUV,BEV,2023,0|0|0|0|0|0|0|0|0|0|0|0|0|0|0|0|0|0|0|0|0|0|0|0|0|0|0|0|0|0|0,0
New Hampshire,SUV,BEV,2024,0|1|1|0|0|0|0|0|0|0|0|0|0|0|0|0|0|0|0|0|0|0|0|0|0|0|0|0|0|0|0,2
New Hampshire,SUV,BEV,2025,0|1|2|2|1|0|0|0|0|0|0|0|0|0|0|0|0|0|0|0|0|0|0|0|0|0|0|0|0|0|0,6
New Hampshire,SUV,BEV,2026,0|1|3|4|4|3|1|0|1|1|0|0|0|0|0|0|0|0|0|0|0|0|0|0|0|0|0|0|0|0|0,18
New Hampshire,SUV,BEV,2027,0|2|3|5|7|7|5|3|1|3|3|1|0|0|0|0|0|0|0|0|0|0|0|0|0|0|0|0|0|0|0,40
New Hampshire,SUV,BEV,2028,0|2|4|5|10|12|12|10|5|3|5|5|3|0|0|0|0|0|0|0|0|0|0|0|0|0|0|0|0|0|0,76
New Hampshire,SUV,BEV,2029,0|2|4|8|10|16|21|20|16|10|5|7|8|3|0|0|0|0|0|0|0|0|0|0|0|0|0|0|0|0|0,130
New Hampshire,SUV,BEV,2030,0|2|7|9|14|16|26|34|32|27|16|9|12|8|3|0|0|0|0|0|0|0|0|0|0|0|0|0|0|0|0,215
New Hampshire,SUV,BEV,2031,0|4|7|13|16|23|26|42|53|50|43|25|14|12|8|3|0|0|0|0|0|0|0|0|0|0|0|0|0|0|0,339
New Hampshire,SUV,BEV,2032,0|5|10|14|22|27|37|42|66|82|76|64|37|14|11|7|3|0|0|0|0|0|0|0|0|0|0|0|0|0|0,517
New Hampshire,SUV,BEV,2033,0|5|12|19|25|38|45|58|67|102|123|115|92|37|13|11|7|2|0|0|0|0|0|0|0|0|0|0|0|0|0,771
New Hampshire,SUV,BEV,2034,0|6|12|22|33|43|61|74|90|103|154|183|165|91|36|13|10|6|2|0|0|0|0|0|0|0|0|0|0|0|0,1104
New Hampshire,SUV,BEV,2035,0|7|15|24|39|55|72|97|117|139|155|229|263|163|89|35|12|10|6|2|0|0|0|0|0|0|0|0|0|0|0,1529
New Hampshire,SUV,BEV,2036,0|7|17|30|43|65|89|116|152|181|211|230|327|259|159|86|33|11|9|5|2|0|0|0|0|0|0|0|0|0|0,2032
New Hampshire,SUV,BEV,2037,0|7|18|33|52|72|104|142|184|234|277|310|329|323|253|154|82|31|10|7|4|1|0|0|0|0|0|0|0|0|0,2627
New Hampshire,SUV,BEV,2038,0|8|20|36|58|87|117|164|221|284|356|413|443|325|315|244|146|76|27|9|6|3|1|0|0|0|0|0|0|0|0,3359
New Hampshire,SUV,BEV,2039,0|8|21|39|64|97|142|186|253|342|431|526|593|437|317|305|232|135|68|23|7|5|2|1|0|0|0|0|0|0|0,4234
New Hampshire,SUV,BEV,2040,0|10|22|42|68|105|158|225|290|387|517|639|755|584|427|306|289|215|121|58|19|5|3|2|0|0|0|0|0|0|0,5247
New Hampshire,SUV,BEV,2041,0|10|26|44|74|112|170|248|349|445|583|764|917|744|571|413|291|268|192|104|47|15|4|2|1|0|0|0|0|0|0,6394
New Hampshire,SUV,BEV,2042,0|11|27|49|79|123|181|268|384|534|670|858|1093|903|727|552|391|269|239|165|85|37|11|3|2|1|0|0|0|0|0,7662
New Hampshire,SUV,BEV,2043,0|12|29|53|86|132|199|287|415|588|802|986|1224|1077|883|703|523|362|241|206|135|66|27|8|2|1|0|0|0|0|0,9047
New Hampshire,SUV,BEV,2044,0|12|30|55|92|142|212|312|445|634|881|1177|1405|1206|1053|853|667|484|324|207|168|105|49|19|5|1|1|0|0|0|0,10539
New Hampshire,SUV,BEV,2045,0|13|30|57|95|152|228|332|483|679|952|1291|1677|1385|1179|1017|809|617|434|278|169|131|78|35|13|4|1|0|0|0|0,12139
New Hampshire,SUV,BEV,2046,0|13|32|59|98|156|242|354|513|733|1019|1395|1838|1653|1353|1139|965|749|552|372|228|131|97|55|24|9|2|1|0|0|0,13782
New Hampshire,SUV,BEV,2047,0|13|33|62|103|162|248|375|544|775|1092|1494|1984|1811|1616|1307|1081|893|670|474|304|177|97|69|38|16|6|2|0|0|0,15446
New Hampshire,SUV,BEV,2048,0|14|34|64|109|170|258|384|572|819|1151|1593|2124|1955|1770|1560|1240|1000|800|575|388|237|131|69|47|25|10|4|1|0|0,17104
New Hampshire,SUV,BEV,2049,0|14|36|66|112|179|270|399|584|857|1213|1675|2256|2093|1911|1709|1481|1148|895|686|470|301|175|93|47|32|17|7|2|1|0,18729
New Hampshire,SUV,BEV,2050,0|15|36|69|115|185|286|418|608|876|1266|1759|2368|2223|2046|1846|1622|1370|1028|768|561|366|223|124|64|32|21|11|4|2|0,20312
New Hampshire,SUV,PHEV,2020,0|0|0|0|0|0|0|0|0|0|0|0|0|0|0|0|0|0|0|0|0|0|0|0|0|0|0|0|0|0|0,0
New Hampshire,SUV,PHEV,2021,0|0|0|0|0|0|0|0|0|0|0|0|0|0|0|0|0|0|0|0|0|0|0|0|0|0|0|0|0|0|0,0
New Hampshire,SUV,PHEV,2022,0|0|0|0|0|0|0|0|0|0|0|0|0|0|0|0|0|0|0|0|0|0|0|0|0|0|0|0|0|0|0,0
New Hampshire,SUV,PHEV,2023,0|0|0|0|0|0|0|0|0|0|0|0|0|0|0|0|0|0|0|0|0|0|0|0|0|0|0|0|0|0|0,0
New Hampshire,SUV,PHEV,2024,0|0|0|0|0|0|0|0|0|0|0|0|0|0|0|0|0|0|0|0|0|0|0|0|0|0|0|0|0|0|0,0
New Hampshire,SUV,PHEV,2025,0|0|1|0|1|0|0|0|1|1|0|0|0|0|0|0|0|0|0|0|0|0|0|0|0|0|0|0|0|0|0,4
New Hampshire,SUV,PHEV,2026,0|0|1|2|1|3|0|0|1|2|3|1|1|0|0|0|0|0|0|0|0|0|0|0|0|0|0|0|0|0|0,15
New Hampshire,SUV,PHEV,2027,0|0|0|3|4|3|5|1|0|2|4|5|3|1|0|0|0|0|0|0|0|0|0|0|0|0|0|0|0|0|0,31
New Hampshire,SUV,PHEV,2028,0|0|0|0|5|8|6|10|3|1|4|6|7|3|1|0|0|0|0|0|0|0|0|0|0|0|0|0|0|0|0,54
New Hampshire,SUV,PHEV,2029,0|0|0|0|1|10|13|11|16|5|3|6|10|7|3|1|0|0|0|0|0|0|0|0|0|0|0|0|0|0|0,86
New Hampshire,SUV,PHEV,2030,0|0|0|1|1|2|16|21|17|25|8|5|11|10|7|3|1|0|0|0|0|0|0|0|0|0|0|0|0|0|0,128
New Hampshire,SUV,PHEV,2031,0|0|1|1|3|3|4|25|33|28|37|13|7|11|9|6|3|1|0|0|0|0|0|0|0|0|0|0|0|0|0,185
New Hampshire,SUV,PHEV,2032,0|1|1|3|3|6|6|8|39|51|44|54|19|7|10|9|6|2|1|0|0|0|0|0|0|0|0|0|0|0|0,270
New Hampshire,SUV,PHEV,2033,0|1|2|3|5|6|11|11|13|60|77|65|78|18|7|10|9|6|2|1|0|0|0|0|0|0|0|0|0|0|0,385
New Hampshire,SUV,PHEV,2034,0|1|4|5|6|10|11|18|18|21|90|116|95|77|18|6|10|8|5|2|1|0|0|0|0|0|0|0|0|0|0,522
New Hampshire,SUV,PHEV,2035,0|2|4|7|9|11|17|18|28|28|32|135|166|94|75|17|6|9|7|4|2|0|0|0|0|0|0|0|0|0|0,671
New Hampshire,SUV,PHEV,2036,0|1|5|8|13|15|18|26|29|44|44|48|193|164|92|72|17|6|8|6|4|1|0|0|0|0|0|0|0|0|0,814
New Hampshire,SUV,PHEV,2037,0|1|4|9|14|20|25|30|40|46|67|64|70|190|160|89|69|15|5|7|5|3|1|0|0|0|0|0|0|0|0,934
New Hampshire,SUV,PHEV,2038,0|1|3|7|15|22|32|40|47|62|71|98|92|69|186|155|84|63|14|4|6|4|2|1|0|0|0|0|0|0|0,1078
New Hampshire,SUV,PHEV,2039,0|1|4|6|13|23|35|50|61|73|93|104|140|91|67|179|147|78|57|12|4|4|3|1|0|0|0|0|0|0|0,1246
New Hampshire,SUV,PHEV,2040,0|1|4|7|11|21|36|54|75|92|109|139|149|138|89|65|170|136|70|49|10|3|3|2|1|0|0|0|0|0|0,1434
New Hampshire,SUV,PHEV,2041,0|2|4|7|13|18|34|56|83|112|135|160|199|147|134|86|62|157|122|60|40|7|2|2|1|1|0|0|0|0|0,1644
New Hampshire,SUV,PHEV,2042,0|2|5|8|13|21|30|54|85|123|164|197|228|196|144|130|82|57|141|104|49|31|6|1|2|1|0|0|0|0|0,1874
New Hampshire,SUV,PHEV,2043,0|2|5|9|14|21|34|48|83|127|182|236|277|225|191|139|123|76|51|121|85|38|23|4|1|1|1|0|0|0|0,2117
New Hampshire,SUV,PHEV,2044,0|2|5|9|15|22|34|54|76|124|188|263|333|273|220|185|132|114|68|44|99|66|28|16|3|1|1|0|0|0|0,2375
New Hampshire,SUV,PHEV,2045,0|2|6|9|15|24|35|54|83|118|187|272|371|328|267|212|175|122|102|58|36|77|49|20|11|2|0|0|0|0|0,2635
New Hampshire,SUV,PHEV,2046,0|2|6|10|15|24|38|55|83|125|180|273|383|365|321|258|201|162|109|88|47|28|57|35|14|7|1|0|0|0|0,2887
New Hampshire,SUV,PHEV,2047,0|2|6|10|16|24|39|59|84|125|188|265|386|378|357|310|245|186|145|94|72|37|21|40|24|9|5|1|0|0|0,3128
New Hampshire,SUV,PHEV,2048,0|2|6|10|17|26|39|59|89|127|189|274|380|381|369|345|294|227|167|125|77|56|27|15|28|16|6|3|0|0|0,3354
New Hampshire,SUV,PHEV,2049,0|2|6|10|16|27|41|60|89|132|190|275|389|374|372|357|327|272|203|143|102|60|41|19|10|19|11|4|2|0|0,3553
New Hampshire,SUV,PHEV,2050,0|2|5|10|16|26|43|62|90|132|195|276|389|384|366|359|338|303|244|174|117|79|44|29|13|7|12|7|3|1|0,3726
New Jersey,Car,BEV,2020,0|2|2|1|1|2|3|0|0|0|0|0|0|0|0|0|0|0|0|0|0|0|0|0|0|0|0|0|0|0|0,11
New Jersey,Car,BEV,2021,0|2|4|7|3|3|5|8|0|0|0|0|0|0|0|0|0|0|0|0|0|0|0|0|0|0|0|0|0|0|0,32
New Jersey,Car,BEV,2022,0|2|4|9|13|5|6|10|14|0|0|0|0|0|0|0|0|0|0|0|0|0|0|0|0|0|0|0|0|0|0,63
New Jersey,Car,BEV,2023,0|5|7|9|15|24|10|11|18|25|0|0|0|0|0|0|0|0|0|0|0|0|0|0|0|0|0|0|0|0|0,124
New Jersey,Car,BEV,2024,0|5|11|13|14|26|41|15|19|29|41|0|0|0|0|0|0|0|0|0|0|0|0|0|0|0|0|0|0|0|0,214
New Jersey,Car,BEV,2025,0|5|12|20|22|23|43|68|24|30|47|63|0|0|0|0|0|0|0|0|0|0|0|0|0|0|0|0|0|0|0,357
New Jersey,Car,BEV,2026,0|12|11|23|36|37|37|70|109|37|47|71|93|0|0|0|0|0|0|0|0|0|0|0|0|0|0|0|0|0|0,583
New Jersey,Car,BEV,2027,0|20|32|20|41|59|59|59|111|170|56|71|103|92|0|0|0|0|0|0|0|0|0|0|0|0|0|0|0|0|0,893
New Jersey,Car,BEV,2028,0|24|51|62|36|69|95|95|92|171|260|82|102|102|90|0|0|0|0|0|0|0|0|0|0|0|0|0|0|0|0,1331
New Jersey,Car,BEV,2029,0|29|62|100|110|60|111|151|149|142|259|387|118|101|99|87|0|0|0|0|0|0|0|0|0|0|0|0|0|0|0,1965
New Jersey,Car,BEV,2030,0|34|75|121|176|185|97|177|236|230|217|384|557|116|99|96|83|0|0|0|0|0|0|0|0|0|0|0|0|0|0,2883
New Jersey,Car,BEV,2031,0|39|87|147|212|295|302|154|277|364|351|321|550|548|114|95|91|76|0|0|0|0|0|0|0|0|0|0|0|0|0,4023
New Jersey,Car,BEV,2032,0|41|98|170|259|354|479|482|240|429|553|519|460|542|536|110|90|84|68|0|0|0|0|0|0|0|0|0|0|0|0,5514
New Jersey,Car,BEV,2033,0|44|105|192|299|434|575|764|756|370|652|819|744|453|529|518|104|84|76|59|0|0|0|0|0|0|0|0|0|0|0,7577
New Jersey,Car,BEV,2034,0|48|112|205|339|501|706|917|1199|1167|560|967|1174|734|443|511|491|96|75|65|48|0|0|0|0|0|0|0|0|0|0,10358
New Jersey,Car,BEV,2035,0|52|122|219|361|568|813|1124|1440|1852|1768|827|1388|1157|717|428|485|455|86|64|53|37|0|0|0|0|0|0|0|0|0,14016
New Jersey,Car,BEV,2036,0|56|132|237|387|603|924|1293|1762|2224|2807|2616|1182|1367|1131|692|406|449|407|74|53|41|28|0|0|0|0|0|0|0|0,18871
New Jersey,Car,BEV,2037,0|64|145|256|417|647|979|1474|2023|2720|3372|4156|3749|1165|1336|1092|657|376|402|349|61|41|30|20|0|0|0|0|0|0|0,25531
New Jersey,Car,BEV,2038,0|68|164|284|451|696|1049|1558|2312|3117|4120|4990|5958|3694|1138|1291|1036|608|337|345|286|47|30|22|13|0|0|0|0|0|0,33614
New Jersey,Car,BEV,2039,0|72|173|319|499|754|1128|1668|2443|3569|4716|6095|7155|5871|3611|1099|1225|959|544|289|282|222|35|21|15|9|0|0|0|0|0,42773
New Jersey,Car,BEV,2040,0|76|183|336|557|832|1221|1791|2609|3766|5406|6968|8732|7050|5739|3487|1043|1134|859|467|236|219|164|25|15|10|6|0|0|0|0,52931
New Jersey,Car,BEV,2041,0|80|194|353|586|920|1343|1936|2796|4015|5700|7997|9975|8604|6892|5542|3309|966|1015|737|382|184|162|117|17|10|7|4|0|0|0,63843
New Jersey,Car,BEV,2042,0|83|204|375|615|966|1468|2119|3016|4293|6067|8423|11456|9829|8411|6656|5259|3062|864|871|603|297|136|115|80|11|6|4|2|0|0,75291
New Jersey,Car,BEV,2043,0|84|211|394|652|1010|1537|2287|3284|4620|6473|8949|12057|11289|9608|8123|6316|4868|2741|742|712|468|220|96|79|54|7|4|3|2|0,86890
New Jersey,Car,BEV,2044,0|87|215|408|683|1069|1603|2384|3495|5004|6945|9530|12791|11880|11034|9279|7708|5845|4357|2353|607|553|347|156|66|53|35|5|3|2|1,98498
New Jersey,Car,BEV,2045,0|88|222|417|707|1121|1692|2480|3624|5254|7485|10198|13595|12604|11613|10657|8805|7134|5232|3740|1924|471|410|246|107|44|35|23|3|2|1,109934
New Jersey,Car,BEV,2046,0|90|225|429|724|1157|1773|2609|3758|5418|7764|10941|14515|13396|12320|11215|10112|8149|6386|4491|3058|1495|349|291|169|72|29|23|15|2|1,120976
New Jersey,Car,BEV,2047,0|89|229|437|745|1187|1828|2730|3941|5600|7965|11238|15518|14303|13095|11899|10642|9359|7295|5481|3673|2377|1107|248|200|113|47|19|15|9|1,131390
New Jersey,Car,BEV,2048,0|88|229|444|760|1223|1880|2813|4121|5854|8208|11475|15815|15291|13981|12646|11290|9850|8378|6262|4482|2854|1759|786|170|134|74|31|12|9|6,140925
New Jersey,Car,BEV,2049,0|88|224|445|771|1249|1938|2899|4241|6114|8554|11795|16090|15584|14947|13502|12000|10450|8817|7191|5120|3483|2113|1249|539|114|88|48|20|8|6,149687
New Jersey,Car,BEV,2050,0|88|224|435|773|1268|1982|2992|4379|6283|8922|12259|16501|15854|15233|14435|12812|11107|9354|7568|5880|3979|2578|1500|857|361|75|57|31|13|5,157805
New Jersey,Car,PHEV,2020,0|0|1|2|2|1|2|0|0|0|0|0|0|0|0|0|0|0|0|0|0|0|0|0|0|0|0|0|0|0|0,8
New Jersey,Car,PHEV,2021,0|0|0|3|4|4|3|7|0|0|0|0|0|0|0|0|0|0|0|0|0|0|0|0|0|0|0|0|0|0|0,21
New Jersey,Car,PHEV,2022,0|0|0|1|5|8|9|6|13|0|0|0|0|0|0|0|0|0|0|0|0|0|0|0|0|0|0|0|0|0|0,42
New Jersey,Car,PHEV,2023,0|0|0|0|3|10|13|15|11|24|0|0|0|0|0|0|0|0|0|0|0|0|0|0|0|0|0|0|0|0|0,76
New Jersey,Car,PHEV,2024,0|0|0|1|1|5|16|22|24|17|39|0|0|0|0|0|0|0|0|0|0|0|0|0|0|0|0|0|0|0|0,125
New Jersey,Car,PHEV,2025,0|0|0|0|3|3|9|27|35|38|28|60|0|0|0|0|0|0|0|0|0|0|0|0|0|0|0|0|0|0|0,203
New Jersey,Car,PHEV,2026,0|3|0|0|1|5|5|15|45|55|58|44|91|0|0|0|0|0|0|0|0|0|0|0|0|0|0|0|0|0|0,322
New Jersey,Car,PHEV,2027,0|4|7|0|1|3|10|10|24|72|83|86|63|89|0|0|0|0|0|0|0|0|0|0|0|0|0|0|0|0|0,452
New Jersey,Car,PHEV,2028,0|6|10|13|2|4|6|17|17|37|110|124|126|62|87|0|0|0|0|0|0|0|0|0|0|0|0|0|0|0|0,621
New Jersey,Car,PHEV,2029,0|6|14|19|23|5|7|11|26|27|56|164|178|124|61|84|0|0|0|0|0|0|0|0|0|0|0|0|0|0|0,805
New Jersey,Car,PHEV,2030,0|7|14|27|34|38|9|13|18|41|43|83|237|175|121|59|80|0|0|0|0|0|0|0|0|0|0|0|0|0|0,999
New Jersey,Car,PHEV,2031,0|6|16|27|47|56|60|15|20|28|62|63|119|234|171|117|56|74|0|0|0|0|0|0|0|0|0|0|0|0|0,1171
New Jersey,Car,PHEV,2032,0|8|17|33|47|78|91|94|23|30|45|91|91|117|228|166|111|51|66|0|0|0|0|0|0|0|0|0|0|0|0,1387
New Jersey,Car,PHEV,2033,0|9|19|34|58|78|126|144|146|36|45|66|131|90|115|220|157|103|46|57|0|0|0|0|0|0|0|0|0|0|0,1680
New Jersey,Car,PHEV,2034,0|9|23|38|60|95|127|200|223|221|54|63|94|129|88|111|209|145|92|40|46|0|0|0|0|0|0|0|0|0|0,2067
New Jersey,Car,PHEV,2035,0|9|23|44|67|101|153|201|310|344|332|77|88|93|126|85|105|194|130|79|32|36|0|0|0|0|0|0|0|0|0,2629
New Jersey,Car,PHEV,2036,0|10|25|46|77|113|164|242|312|475|518|486|107|87|91|122|81|97|173|112|65|25|27|0|0|0|0|0|0|0|0,3455
New Jersey,Car,PHEV,2037,0|12|27|49|82|129|185|262|377|480|714|762|690|106|85|88|115|75|87|149|91|50|19|19|0|0|0|0|0|0|0,4653
New Jersey,Car,PHEV,2038,0|13|30|52|87|138|210|296|410|580|723|1052|1087|680|103|82|83|107|67|75|122|71|37|13|13|0|0|0|0|0|0,6131
New Jersey,Car,PHEV,2039,0|13|31|59|92|146|225|333|465|633|875|1065|1502|1071|665|100|78|77|96|57|61|95|53|26|9|9|0|0|0|0|0,7836
New Jersey,Car,PHEV,2040,0|13|32|59|101|154|236|359|524|719|962|1291|1521|1480|1047|642|95|72|69|82|47|47|70|37|18|6|6|0|0|0|0,9689
New Jersey,Car,PHEV,2041,0|14|32|61|102|167|250|373|564|809|1093|1425|1847|1499|1446|1011|609|88|65|59|67|36|35|50|26|12|4|4|0|0|0,11748
New Jersey,Car,PHEV,2042,0|14|34|61|105|168|266|395|583|868|1227|1619|2043|1820|1465|1397|959|564|78|56|48|52|27|25|34|17|8|3|2|0|0,13938
New Jersey,Car,PHEV,2043,0|15|35|65|105|171|268|412|611|896|1313|1817|2322|2014|1779|1415|1325|888|505|67|45|38|39|19|17|23|11|5|2|2|0,16224
New Jersey,Car,PHEV,2044,0|15|37|66|112|172|271|413|628|931|1352|1939|2603|2288|1968|1718|1343|1227|795|433|55|35|28|27|13|11|15|7|3|1|1,18507
New Jersey,Car,PHEV,2045,0|15|37|69|114|183|272|416|626|942|1394|1991|2775|2565|2236|1901|1630|1243|1098|682|354|43|26|20|19|9|8|10|5|2|1,20686
New Jersey,Car,PHEV,2046,0|14|36|70|118|186|287|417|629|934|1390|2040|2841|2734|2507|2160|1804|1509|1112|943|558|275|32|19|14|13|6|5|6|3|1,22663
New Jersey,Car,PHEV,2047,0|12|34|68|119|192|291|437|628|932|1368|2008|2897|2799|2673|2421|2049|1669|1350|955|771|433|204|22|13|9|8|4|3|4|2,24375
New Jersey,Car,PHEV,2048,0|11|30|65|116|193|300|442|653|928|1359|1965|2823|2854|2736|2581|2298|1897|1494|1159|781|599|321|145|15|9|6|5|2|2|3,25792
New Jersey,Car,PHEV,2049,0|11|29|59|111|188|301|454|658|959|1350|1943|2748|2782|2790|2643|2449|2127|1698|1283|948|607|443|228|99|10|6|4|3|2|1,26934
New Jersey,Car,PHEV,2050,0|9|27|56|103|181|295|456|673|964|1385|1926|2706|2707|2719|2694|2507|2267|1904|1457|1049|737|449|315|156|67|7|4|3|2|1,27826
New Jersey,SUV,BEV,2020,0|0|0|1|0|0|0|0|0|0|0|0|0|0|0|0|0|0|0|0|0|0|0|0|0|0|0|0|0|0|0,1
New Jersey,SUV,BEV,2021,0|2|1|1|3|1|0|0|0|0|0|0|0|0|0|0|0|0|0|0|0|0|0|0|0|0|0|0|0|0|0,8
New Jersey,SUV,BEV,2022,0|5|4|2|3|5|3|1|1|0|0|0|0|0|0|0|0|0|0|0|0|0|0|0|0|0|0|0|0|0|0,24
New Jersey,SUV,BEV,2023,0|6|11|9|4|5|10|5|3|3|0|0|0|0|0|0|0|0|0|0|0|0|0|0|0|0|0|0|0|0|0,56
New Jersey,SUV,BEV,2024,0|11|17|20|15|7|10|15|10|5|5|0|0|0|0|0|0|0|0|0|0|0|0|0|0|0|0|0|0|0|0,115
New Jersey,SUV,BEV,2025,0|15|29|34|35|24|12|16|24|16|10|10|0|0|0|0|0|0|0|0|0|0|0|0|0|0|0|0|0|0|0,225
New Jersey,SUV,BEV,2026,0|11|37|58|61|57|39|20|27|37|25|16|15|0|0|0|0|0|0|0|0|0|0|0|0|0|0|0|0|0|0,403
New Jersey,SUV,BEV,2027,0|18|28|73|103|102|92|61|32|44|57|37|24|15|0|0|0|0|0|0|0|0|0|0|0|0|0|0|0|0|0,686
New Jersey,SUV,BEV,2028,0|22|45|55|128|174|166|145|94|50|68|83|53|23|14|0|0|0|0|0|0|0|0|0|0|0|0|0|0|0|0,1120
New Jersey,SUV,BEV,2029,0|29|55|87|96|216|285|264|227|145|76|101|120|52|23|14|0|0|0|0|0|0|0|0|0|0|0|0|0|0|0,1790
New Jersey,SUV,BEV,2030,0|34|72|108|153|160|353|455|412|352|221|114|147|118|51|22|13|0|0|0|0|0|0|0|0|0|0|0|0|0|0,2785
New Jersey,SUV,BEV,2031,0|41|86|140|193|258|259|564|716|637|532|327|164|144|116|49|21|12|0|0|0|0|0|0|0|0|0|0|0|0|0,4259
New Jersey,SUV,BEV,2032,0|45|105|167|248|325|421|412|888|1109|968|790|467|162|141|112|47|19|11|0|0|0|0|0|0|0|0|0|0|0|0,6437
New Jersey,SUV,BEV,2033,0|52|116|204|295|416|529|673|646|1374|1685|1434|1133|460|158|136|106|43|17|9|0|0|0|0|0|0|0|0|0|0|0,9486
New Jersey,SUV,BEV,2034,0|59|133|227|360|495|677|847|1059|999|2089|2499|2059|1116|450|153|129|98|39|15|8|0|0|0|0|0|0|0|0|0|0,13511
New Jersey,SUV,BEV,2035,0|68|152|260|401|603|805|1080|1331|1641|1514|3099|3589|2029|1091|434|145|120|88|33|12|6|0|0|0|0|0|0|0|0|0,18501
New Jersey,SUV,BEV,2036,0|72|173|297|457|671|979|1286|1696|2058|2494|2243|4452|3537|1983|1054|412|134|107|75|27|9|4|0|0|0|0|0|0|0|0,24220
New Jersey,SUV,BEV,2037,0|75|185|336|522|764|1088|1557|2019|2620|3126|3699|3217|4387|3457|1916|1000|382|120|92|62|21|7|3|0|0|0|0|0|0|0,30655
New Jersey,SUV,BEV,2038,0|83|193|362|588|867|1236|1728|2440|3118|3974|4632|5310|3170|4288|3339|1818|926|342|103|75|48|16|5|2|0|0|0|0|0|0,38663
New Jersey,SUV,BEV,2039,0|88|213|375|637|976|1399|1954|2700|3760|4726|5884|6646|5233|3098|4141|3168|1682|828|293|84|58|35|11|3|1|0|0|0|0|0,47993
New Jersey,SUV,BEV,2040,0|94|225|414|660|1060|1568|2203|3036|4149|5689|6992|8435|6548|5115|2992|3930|2932|1506|711|240|66|43|25|8|2|1|0|0|0|0,58644
New Jersey,SUV,BEV,2041,0|98|240|437|724|1098|1708|2465|3409|4642|6256|8405|10018|8312|6401|4940|2839|3637|2625|1293|581|186|48|31|17|5|1|1|0|0|0,70417
New Jersey,SUV,BEV,2042,0|101|250|464|762|1199|1770|2691|3806|5191|6972|9215|12026|9871|8125|6182|4687|2628|3256|2253|1057|452|138|34|21|12|3|1|0|0|0,83167
New Jersey,SUV,BEV,2043,0|104|258|485|808|1260|1923|2792|4164|5782|7766|10234|13157|11850|9649|7847|5866|4338|2352|2794|1842|821|335|98|24|14|8|2|1|0|0,96574
New Jersey,SUV,BEV,2044,0|109|265|499|844|1332|2015|3010|4324|6340|8635|11367|14571|12964|11583|9318|7446|5429|3883|2019|2285|1432|608|237|67|16|9|5|1|0|0,110613
New Jersey,SUV,BEV,2045,0|113|277|514|868|1390|2123|3146|4625|6584|9483|12618|16146|14358|12672|11187|8842|6891|4860|3333|1651|1776|1060|432|163|45|10|6|3|1|0,125177
New Jersey,SUV,BEV,2046,0|117|288|537|895|1428|2213|3301|4819|6988|9846|13873|17901|15910|14035|12239|10615|8184|6169|4172|2726|1283|1315|752|296|109|30|7|4|2|1,140055
New Jersey,SUV,BEV,2047,0|120|298|557|932|1472|2269|3433|5038|7261|10375|14396|19694|17639|15551|13554|11613|9825|7326|5295|3411|2118|950|933|517|198|72|19|4|2|1,154873
New Jersey,SUV,BEV,2048,0|121|306|578|968|1532|2339|3513|5224|7559|10752|15079|20425|19406|17241|15019|12862|10749|8795|6288|4330|2651|1568|674|641|346|131|47|12|3|2,169161
New Jersey,SUV,BEV,2049,0|122|309|593|1005|1590|2429|3619|5333|7819|11152|15591|21294|20126|18969|16651|14252|11904|9622|7549|5142|3365|1962|1113|463|429|228|85|30|8|2,182756
New Jersey,SUV,BEV,2050,0|123|311|598|1031|1649|2520|3757|5491|7958|11506|16119|21973|20983|19673|18320|15800|13191|10656|8259|6173|3996|2491|1393|764|310|282|148|55|19|5,195554
New Jersey,SUV,PHEV,2020,0|0|0|0|0|0|0|0|0|0|0|0|0|0|0|0|0|0|0|0|0|0|0|0|0|0|0|0|0|0|0,0
New Jersey,SUV,PHEV,2021,0|0|0|0|0|1|0|1|0|0|0|0|0|0|0|0|0|0|0|0|0|0|0|0|0|0|0|0|0|0|0,2
New Jersey,SUV,PHEV,2022,0|1|0|0|1|1|3|1|3|0|0|0|0|0|0|0|0|0|0|0|0|0|0|0|0|0|0|0|0|0|0,10
New Jersey,SUV,PHEV,2023,0|2|3|0|0|2|3|5|3|5|0|0|0|0|0|0|0|0|0|0|0|0|0|0|0|0|0|0|0|0|0,23
New Jersey,SUV,PHEV,2024,0|4|4|6|1|1|4|5|9|5|8|0|0|0|0|0|0|0|0|0|0|0|0|0|0|0|0|0|0|0|0,47
New Jersey,SUV,PHEV,2025,0|5|10|9|11|3|3|7|10|15|10|13|0|0|0|0|0|0|0|0|0|0|0|0|0|0|0|0|0|0|0,96
New Jersey,SUV,PHEV,2026,0|2|11|19|15|19|5|5|12|16|23|16|19|0|0|0|0|0|0|0|0|0|0|0|0|0|0|0|0|0|0,162
New Jersey,SUV,PHEV,2027,0|4|5|20|32|26|31|10|10|20|26|34|25|18|0|0|0|0|0|0|0|0|0|0|0|0|0|0|0|0|0,261
New Jersey,SUV,PHEV,2028,0|5|9|10|36|52|44|51|17|16|31|41|49|24|18|0|0|0|0|0|0|0|0|0|0|0|0|0|0|0|0,403
New Jersey,SUV,PHEV,2029,0|5|12|17|17|59|83|71|80|28|25|47|60|48|24|17|0|0|0|0|0|0|0|0|0|0|0|0|0|0|0,593
New Jersey,SUV,PHEV,2030,0|6|12|23|29|28|96|133|112|124|44|36|67|59|47|23|17|0|0|0|0|0|0|0|0|0|0|0|0|0|0,856
New Jersey,SUV,PHEV,2031,0|7|15|23|41|48|46|152|208|173|189|65|51|66|58|46|22|15|0|0|0|0|0|0|0|0|0|0|0|0|0,1225
New Jersey,SUV,PHEV,2032,0|9|19|31|41|69|77|74|239|322|263|280|95|50|64|56|43|20|14|0|0|0|0|0|0|0|0|0|0|0|0,1766
New Jersey,SUV,PHEV,2033,0|11|24|37|55|70|112|124|117|370|489|391|402|94|49|62|53|40|18|12|0|0|0|0|0|0|0|0|0|0|0,2530
New Jersey,SUV,PHEV,2034,0|13|29|46|65|93|116|179|193|180|561|723|561|396|92|48|59|49|36|15|10|0|0|0|0|0|0|0|0|0|0,3464
New Jersey,SUV,PHEV,2035,0|14|33|57|80|109|151|186|279|300|274|831|1037|552|387|89|45|55|44|31|13|7|0|0|0|0|0|0|0|0|0,4574
New Jersey,SUV,PHEV,2036,0|13|36|64|100|134|179|241|293|432|455|406|1192|1022|540|374|84|42|49|38|25|10|6|0|0|0|0|0|0|0|0,5735
New Jersey,SUV,PHEV,2037,0|13|34|70|112|165|218|286|377|454|655|673|581|1174|999|521|355|78|37|42|31|20|7|4|0|0|0|0|0|0|0,6906
New Jersey,SUV,PHEV,2038,0|14|33|67|123|186|266|345|447|583|690|968|965|573|1148|965|495|329|70|32|34|24|15|5|3|0|0|0|0|0|0,8380
New Jersey,SUV,PHEV,2039,0|15|36|65|120|203|298|418|538|686|882|1022|1387|951|560|1109|916|458|294|60|26|27|18|10|4|2|0|0|0|0|0,10105
New Jersey,SUV,PHEV,2040,0|15|38|70|115|200|324|467|645|823|1035|1303|1465|1366|929|541|1052|848|410|252|49|20|20|13|7|2|1|0|0|0|0,12010
New Jersey,SUV,PHEV,2041,0|16|38|73|123|191|323|504|719|980|1235|1525|1865|1444|1335|897|513|974|759|352|206|38|15|14|9|5|2|1|0|0|0,14156
New Jersey,SUV,PHEV,2042,0|17|40|73|126|205|309|507|773|1091|1463|1812|2177|1838|1411|1290|852|475|872|651|288|160|28|11|10|6|3|1|0|0|0,16489
New Jersey,SUV,PHEV,2043,0|17|41|77|127|209|328|489|784|1166|1627|2138|2579|2145|1797|1363|1224|788|425|748|533|224|119|20|7|6|4|2|1|0|0,18988
New Jersey,SUV,PHEV,2044,0|18|42|79|133|209|334|513|759|1192|1733|2376|3033|2541|2097|1735|1293|1133|705|365|612|414|166|84|14|5|4|2|1|0|0,21592
New Jersey,SUV,PHEV,2045,0|18|44|82|136|219|333|519|788|1160|1781|2523|3367|2989|2484|2025|1647|1197|1014|606|298|475|306|117|58|9|3|3|2|1|0,24204
New Jersey,SUV,PHEV,2046,0|18|44|85|141|222|347|516|793|1189|1738|2603|3569|3317|2922|2399|1922|1524|1072|870|495|232|352|217|81|39|6|2|2|1|1,26719
New Jersey,SUV,PHEV,2047,0|17|44|85|146|230|350|534|787|1192|1763|2547|3693|3517|3243|2822|2277|1779|1364|920|712|385|172|250|149|54|26|4|1|1|1,29065
New Jersey,SUV,PHEV,2048,0|16|43|84|147|237|361|537|808|1180|1759|2561|3617|3639|3438|3132|2677|2107|1592|1171|752|553|285|122|172|100|36|17|3|1|1,31148
New Jersey,SUV,PHEV,2049,0|16|40|82|145|239|372|552|809|1201|1738|2543|3612|3564|3557|3320|2972|2478|1886|1367|958|584|409|202|84|115|66|23|11|2|1,32948
New Jersey,SUV,PHEV,2050,0|15|39|77|143|236|374|565|826|1196|1756|2507|3575|3559|3484|3435|3150|2750|2218|1619|1117|744|433|291|139|56|76|43|15|7|1,34446
New Mexico,Car,BEV,2020,0|0|0|0|0|0|0|0|0|0|0|0|0|0|0|0|0|0|0|0|0|0|0|0|0|0|0|0|0|0|0,0
New Mexico,Car,BEV,2021,0|0|0|0|0|0|0|0|0|0|0|0|0|0|0|0|0|0|0|0|0|0|0|0|0|0|0|0|0|0|0,0
New Mexico,Car,BEV,2022,0|0|0|0|0|0|0|0|1|0|0|0|0|0|0|0|0|0|0|0|0|0|0|0|0|0|0|0|0|0|0,1
New Mexico,Car,BEV,2023,0|0|0|0|0|1|0|0|1|2|0|0|0|0|0|0|0|0|0|0|0|0|0|0|0|0|0|0|0|0|0,4
New Mexico,Car,BEV,2024,0|0|0|0|0|1|3|0|1|2|4|0|0|0|0|0|0|0|0|0|0|0|0|0|0|0|0|0|0|0|0,11
New Mexico,Car,BEV,2025,0|0|0|0|0|0|3|5|1|2|4|6|0|0|0|0|0|0|0|0|0|0|0|0|0|0|0|0|0|0|0,21
New Mexico,Car,BEV,2026,0|2|0|1|1|1|1|5|10|2|4|6|11|0|0|0|0|0|0|0|0|0|0|0|0|0|0|0|0|0|0,44
New Mexico,Car,BEV,2027,0|5|7|0|2|3|3|3|10|16|4|6|11|11|0|0|0|0|0|0|0|0|0|0|0|0|0|0|0|0|0,81
New Mexico,Car,BEV,2028,0|5|11|13|1|4|5|6|5|16|25|6|11|11|10|0|0|0|0|0|0|0|0|0|0|0|0|0|0|0|0,129
New Mexico,Car,BEV,2029,0|6|11|20|22|3|8|10|11|10|25|37|11|11|10|10|0|0|0|0|0|0|0|0|0|0|0|0|0|0|0,205
New Mexico,Car,BEV,2030,0|6|15|22|36|38|6|13|17|18|16|36|53|11|10|10|10|0|0|0|0|0|0|0|0|0|0|0|0|0|0,317
New Mexico,Car,BEV,2031,0|6|15|28|40|59|62|11|21|28|29|25|51|52|10|10|10|9|0|0|0|0|0|0|0|0|0|0|0|0|0,466
New Mexico,Car,BEV,2032,0|7|17|31|49|67|95|98|18|32|44|45|36|50|51|10|10|9|8|0|0|0|0|0|0|0|0|0|0|0|0,677
New Mexico,Car,BEV,2033,0|7|18|35|55|82|109|151|154|28|50|65|64|36|49|49|10|9|8|7|0|0|0|0|0|0|0|0|0|0|0,986
New Mexico,Car,BEV,2034,0|7|18|36|62|92|134|175|235|236|43|74|93|63|35|48|47|9|8|7|6|0|0|0|0|0|0|0|0|0|0,1428
New Mexico,Car,BEV,2035,0|7|19|36|63|104|150|213|275|364|358|62|107|92|62|34|45|43|8|7|6|4|0|0|0|0|0|0|0|0|0,2059
New Mexico,Car,BEV,2036,0|8|19|37|65|105|169|239|334|427|553|528|90|106|90|59|32|42|39|7|6|4|3|0|0|0|0|0|0|0|0,2962
New Mexico,Car,BEV,2037,0|10|21|38|66|110|172|270|374|515|650|819|757|89|103|87|56|30|37|33|6|4|3|2|0|0|0|0|0|0|0,4252
New Mexico,Car,BEV,2038,0|10|26|42|68|111|180|275|424|578|781|963|1175|746|87|100|82|52|27|32|27|4|3|2|2|0|0|0|0|0|0,5797
New Mexico,Car,BEV,2039,0|11|27|51|73|114|181|289|432|655|876|1156|1382|1158|729|84|95|76|47|23|26|21|3|2|2|1|0|0|0|0|0,7514
New Mexico,Car,BEV,2040,0|12|29|53|89|123|186|290|454|669|994|1297|1658|1361|1132|704|80|88|68|40|19|20|16|2|2|1|1|0|0|0|0,9388
New Mexico,Car,BEV,2041,0|14|31|56|93|145|199|297|455|703|1015|1473|1861|1634|1331|1093|668|74|78|59|33|15|15|11|2|1|1|0|0|0|0,11357
New Mexico,Car,BEV,2042,0|14|34|60|97|153|230|313|464|701|1067|1504|2113|1833|1597|1285|1037|619|66|67|48|26|11|11|8|1|1|0|0|0|0,13360
New Mexico,Car,BEV,2043,0|13|34|64|104|160|241|354|486|711|1059|1579|2158|2082|1792|1542|1220|960|554|57|55|37|19|8|7|5|1|0|0|0|0,15302
New Mexico,Car,BEV,2044,0|13|33|65|110|170|252|371|537|738|1069|1562|2263|2126|2035|1731|1463|1129|859|475|46|43|28|13|5|5|3|0|0|0|0,17144
New Mexico,Car,BEV,2045,0|13|34|65|113|180|269|386|558|798|1100|1569|2231|2230|2078|1966|1642|1355|1010|738|389|36|32|20|9|4|3|2|0|0|0,18830
New Mexico,Car,BEV,2046,0|12|34|65|113|185|283|411|580|826|1167|1601|2233|2199|2179|2007|1865|1520|1212|867|603|302|27|22|13|6|2|2|1|0|0,20337
New Mexico,Car,BEV,2047,0|12|32|65|114|186|290|432|615|858|1203|1674|2262|2200|2149|2105|1904|1726|1361|1041|709|469|224|19|15|9|4|2|1|1|0,21682
New Mexico,Car,BEV,2048,0|12|32|62|112|188|294|443|647|905|1246|1717|2337|2229|2151|2075|1997|1763|1545|1168|851|551|347|159|13|10|6|3|1|1|1,22866
New Mexico,Car,BEV,2049,0|12|31|62|109|184|297|451|663|952|1311|1777|2390|2302|2179|2077|1969|1849|1578|1327|955|661|408|246|109|9|7|4|2|1|1,23923
New Mexico,Car,BEV,2050,0|12|30|60|108|181|293|456|678|976|1378|1864|2468|2355|2251|2104|1971|1823|1655|1354|1085|742|490|290|169|73|6|4|2|1|0,24879
New Mexico,Car,PHEV,2020,0|0|0|0|0|0|0|0|0|0|0|0|0|0|0|0|0|0|0|0|0|0|0|0|0|0|0|0|0|0|0,0
New Mexico,Car,PHEV,2021,0|0|0|0|0|0|0|0|0|0|0|0|0|0|0|0|0|0|0|0|0|0|0|0|0|0|0|0|0|0|0,0
New Mexico,Car,PHEV,2022,0|0|0|0|0|0|0|0|0|0|0|0|0|0|0|0|0|0|0|0|0|0|0|0|0|0|0|0|0|0|0,0
New Mexico,Car,PHEV,2023,0|0|0|0|0|0|0|0|0|1|0|0|0|0|0|0|0|0|0|0|0|0|0|0|0|0|0|0|0|0|0,1
New Mexico,Car,PHEV,2024,0|0|0|0|0|0|1|1|1|0|3|0|0|0|0|0|0|0|0|0|0|0|0|0|0|0|0|0|0|0|0,6
New Mexico,Car,PHEV,2025,0|0|0|0|0|0|0|2|3|3|1|5|0|0|0|0|0|0|0|0|0|0|0|0|0|0|0|0|0|0|0,14
New Mexico,Car,PHEV,2026,0|0|0|0|0|0|0|0|4|5|5|3|9|0|0|0|0|0|0|0|0|0|0|0|0|0|0|0|0|0|0,26
New Mexico,Car,PHEV,2027,0|0|0|0|0|0|0|0|1|7|9|8|5|9|0|0|0|0|0|0|0|0|0|0|0|0|0|0|0|0|0,39
New Mexico,Car,PHEV,2028,0|1|1|1|0|0|0|1|1|3|12|14|13|5|9|0|0|0|0|0|0|0|0|0|0|0|0|0|0|0|0,61
New Mexico,Car,PHEV,2029,0|1|3|3|3|0|0|0|3|3|5|18|21|13|5|8|0|0|0|0|0|0|0|0|0|0|0|0|0|0|0,86
New Mexico,Car,PHEV,2030,0|1|3|5|5|6|0|0|1|5|5|9|27|20|12|5|8|0|0|0|0|0|0|0|0|0|0|0|0|0|0,112
New Mexico,Car,PHEV,2031,0|1|3|5|10|10|11|0|0|3|9|7|14|26|20|12|4|7|0|0|0|0|0|0|0|0|0|0|0|0|0,142
New Mexico,Car,PHEV,2032,0|2|3|6|10|16|17|18|1|1|5|14|12|14|26|19|11|4|6|0|0|0|0|0|0|0|0|0|0|0|0,185
New Mexico,Car,PHEV,2033,0|2|4|6|11|16|25|28|28|2|3|8|20|12|13|25|18|10|4|6|0|0|0|0|0|0|0|0|0|0|0,241
New Mexico,Car,PHEV,2034,0|2|4|8|11|18|25|39|44|44|4|5|13|19|11|13|23|17|9|3|5|0|0|0|0|0|0|0|0|0|0,317
New Mexico,Car,PHEV,2035,0|2|4|9|14|19|29|39|60|69|67|7|8|13|19|11|12|22|15|8|3|4|0|0|0|0|0|0|0|0|0,434
New Mexico,Car,PHEV,2036,0|1|4|9|15|23|30|47|60|92|104|97|11|8|12|18|10|11|19|13|7|2|3|0|0|0|0|0|0|0|0,596
New Mexico,Car,PHEV,2037,0|2|4|8|15|24|37|48|73|93|139|153|139|11|8|12|17|10|10|17|11|5|1|2|0|0|0|0|0|0|0,839
New Mexico,Car,PHEV,2038,0|2|5|8|14|24|39|57|77|112|140|206|219|137|10|7|11|16|9|9|14|8|4|1|1|0|0|0|0|0|0,1130
New Mexico,Car,PHEV,2039,0|2|6|10|14|23|38|62|88|119|169|207|295|216|134|10|7|10|14|7|7|11|6|3|1|1|0|0|0|0|0,1460
New Mexico,Car,PHEV,2040,0|2|6|11|16|24|38|61|96|135|181|248|296|291|211|129|10|6|9|12|6|5|8|4|2|0|1|0|0|0|0,1808
New Mexico,Car,PHEV,2041,0|2|6|10|17|26|39|59|95|148|205|268|356|292|284|204|122|9|6|8|10|5|4|6|3|1|0|0|0|0|0,2185
New Mexico,Car,PHEV,2042,0|2|6|10|17|27|42|61|92|146|225|302|385|351|285|274|194|113|8|5|7|8|3|3|4|2|1|0|0|0|0,2573
New Mexico,Car,PHEV,2043,0|2|6|11|17|27|42|64|93|140|222|331|432|380|343|275|260|179|101|7|4|5|6|2|2|3|1|1|0|0|0,2956
New Mexico,Car,PHEV,2044,0|2|6|11|18|27|43|65|97|140|212|327|474|425|371|331|261|241|160|87|6|3|4|4|2|1|2|1|0|0|0,3321
New Mexico,Car,PHEV,2045,0|2|6|11|18|29|43|66|97|144|209|312|467|467|416|359|314|242|216|138|71|4|2|3|3|1|1|1|1|0|0,3643
New Mexico,Car,PHEV,2046,0|2|6|11|18|29|46|67|99|142|212|305|444|460|457|402|340|291|216|185|113|55|3|2|2|2|1|1|1|0|0,3912
New Mexico,Car,PHEV,2047,0|2|5|10|18|29|46|70|100|145|208|303|430|438|450|441|381|315|260|186|151|87|41|2|1|1|1|0|0|0|0,4121
New Mexico,Car,PHEV,2048,0|2|5|9|17|29|46|70|104|146|209|296|422|423|428|434|418|353|282|223|152|118|65|29|2|1|1|1|0|0|0,4285
New Mexico,Car,PHEV,2049,0|1|5|9|15|27|46|70|104|151|210|295|412|416|414|413|412|387|316|242|183|118|87|46|20|1|0|1|1|0|0,4402
New Mexico,Car,PHEV,2050,0|1|4|9|15|24|43|70|104|151|216|296|409|406|406|400|392|382|347|271|198|142|87|62|32|13|1|0|0|0|0,4481
New Mexico,SUV,BEV,2020,0|0|0|0|0|0|0|0|0|0|0|0|0|0|0|0|0|0|0|0|0|0|0|0|0|0|0|0|0|0|0,0
New Mexico,SUV,BEV,2021,0|0|0|0|0|0|0|0|0|0|0|0|0|0|0|0|0|0|0|0|0|0|0|0|0|0|0|0|0|0|0,0
New Mexico,SUV,BEV,2022,0|0|0|0|0|0|0|0|0|0|0|0|0|0|0|0|0|0|0|0|0|0|0|0|0|0|0|0|0|0|0,0
New Mexico,SUV,BEV,2023,0|0|0|0|0|0|0|0|0|0|0|0|0|0|0|0|0|0|0|0|0|0|0|0|0|0|0|0|0|0|0,0
New Mexico,SUV,BEV,2024,0|1|1|0|0|0|0|0|0|0|0|0|0|0|0|0|0|0|0|0|0|0|0|0|0|0|0|0|0|0|0,2
New Mexico,SUV,BEV,2025,0|1|3|2|1|0|0|0|1|0|0|0|0|0|0|0|0|0|0|0|0|0|0|0|0|0|0|0|0|0|0,8
New Mexico,SUV,BEV,2026,0|4|3|5|4|3|1|0|1|2|1|0|0|0|0|0|0|0|0|0|0|0|0|0|0|0|0|0|0|0|0,24
New Mexico,SUV,BEV,2027,0|5|9|5|9|7|5|3|1|3|4|3|1|0|0|0|0|0|0|0|0|0|0|0|0|0|0|0|0|0|0,55
New Mexico,SUV,BEV,2028,0|6|14|18|10|15|12|10|5|3|5|6|5|1|0|0|0|0|0|0|0|0|0|0|0|0|0|0|0|0|0,110
New Mexico,SUV,BEV,2029,0|7|15|27|31|16|24|20|16|10|5|9|11|5|1|0|0|0|0|0|0|0|0|0|0|0|0|0|0|0|0,197
New Mexico,SUV,BEV,2030,0|9|18|31|47|51|27|37|32|27|16|9|14|11|5|1|0|0|0|0|0|0|0|0|0|0|0|0|0|0|0,335
New Mexico,SUV,BEV,2031,0|9|22|36|55|78|82|43|57|50|43|25|14|14|10|5|1|0|0|0|0|0|0|0|0|0|0|0|0|0|0,544
New Mexico,SUV,BEV,2032,0|10|25|42|65|93|127|130|68|87|76|64|36|14|13|10|4|1|0|0|0|0|0|0|0|0|0|0|0|0|0,865
New Mexico,SUV,BEV,2033,0|11|26|49|75|109|151|203|203|106|130|115|94|36|13|13|10|4|1|0|0|0|0|0|0|0|0|0|0|0|0,1349
New Mexico,SUV,BEV,2034,0|12|29|51|87|127|178|240|318|314|161|192|165|93|35|13|12|9|4|1|0|0|0|0|0|0|0|0|0|0|0,2041
New Mexico,SUV,BEV,2035,0|13|30|57|90|146|206|287|375|491|476|237|275|163|91|34|12|11|8|3|1|0|0|0|0|0|0|0|0|0|0,3006
New Mexico,SUV,BEV,2036,0|13|32|59|99|151|238|328|452|580|745|705|340|271|159|88|32|11|10|7|3|0|0|0|0|0|0|0|0|0|0,4323
New Mexico,SUV,BEV,2037,0|15|34|61|102|165|246|379|516|700|881|1104|1011|335|265|154|83|30|10|9|6|2|0|0|0|0|0|0|0|0|0,6108
New Mexico,SUV,BEV,2038,0|17|39|65|107|170|268|392|596|799|1065|1307|1584|996|328|256|146|77|27|9|7|4|1|0|0|0|0|0|0|0|0,8260
New Mexico,SUV,BEV,2039,0|18|43|76|115|179|275|426|617|923|1212|1580|1877|1561|974|317|243|135|69|23|7|5|3|1|0|0|0|0|0|0|0,10679
New Mexico,SUV,BEV,2040,0|19|45|83|133|192|290|436|667|954|1401|1796|2269|1850|1526|940|300|225|121|59|19|5|4|2|1|0|0|0|0|0|0,13337
New Mexico,SUV,BEV,2041,0|20|48|87|144|220|310|458|681|1030|1446|2075|2577|2235|1808|1474|892|278|201|104|48|15|4|3|2|0|0|0|0|0|0,16160
New Mexico,SUV,BEV,2042,0|20|51|93|151|236|351|488|713|1048|1558|2141|2977|2540|2185|1746|1398|826|249|173|85|38|11|3|2|1|0|0|0|0|0,19084
New Mexico,SUV,BEV,2043,0|21|52|99|162|249|374|543|755|1090|1580|2301|3069|2933|2483|2110|1657|1294|739|214|141|66|28|8|2|1|1|0|0|0|0,21972
New Mexico,SUV,BEV,2044,0|22|53|101|171|265|395|577|826|1146|1635|2327|3291|3024|2867|2398|2003|1534|1159|635|175|110|49|20|5|1|1|0|0|0|0,24790
New Mexico,SUV,BEV,2045,0|21|55|103|175|280|419|607|873|1235|1708|2396|3321|3243|2956|2769|2275|1853|1373|994|519|136|81|35|14|4|1|1|0|0|0,27447
New Mexico,SUV,BEV,2046,0|21|54|105|178|287|441|645|917|1298|1818|2486|3404|3272|3170|2855|2627|2106|1659|1178|813|403|100|58|24|9|2|1|0|0|0,29931
New Mexico,SUV,BEV,2047,0|20|53|105|181|292|453|677|971|1360|1901|2619|3515|3354|3198|3062|2709|2432|1885|1424|964|632|299|71|40|16|6|2|0|0|0,32241
New Mexico,SUV,BEV,2048,0|20|52|103|181|298|462|695|1019|1438|1987|2729|3673|3463|3279|3089|2905|2507|2177|1618|1165|749|468|212|49|27|10|4|1|0|0,34380
New Mexico,SUV,BEV,2049,0|20|52|102|180|298|472|712|1046|1509|2094|2847|3814|3619|3385|3166|2931|2689|2244|1869|1323|905|554|332|145|33|17|7|3|1|0,36369
New Mexico,SUV,BEV,2050,0|21|52|102|178|298|473|727|1074|1547|2196|2992|3973|3758|3537|3270|3005|2713|2407|1927|1528|1028|670|394|228|97|22|11|4|2|0,38234
New Mexico,SUV,PHEV,2020,0|0|0|0|0|0|0|0|0|0|0|0|0|0|0|0|0|0|0|0|0|0|0|0|0|0|0|0|0|0|0,0
New Mexico,SUV,PHEV,2021,0|0|0|0|0|0|0|0|0|0|0|0|0|0|0|0|0|0|0|0|0|0|0|0|0|0|0|0|0|0|0,0
New Mexico,SUV,PHEV,2022,0|0|0|0|0|0|0|0|0|0|0|0|0|0|0|0|0|0|0|0|0|0|0|0|0|0|0|0|0|0|0,0
New Mexico,SUV,PHEV,2023,0|0|0|0|0|0|0|0|0|0|0|0|0|0|0|0|0|0|0|0|0|0|0|0|0|0|0|0|0|0|0,0
New Mexico,SUV,PHEV,2024,0|0|0|0|0|0|0|0|0|0|0|0|0|0|0|0|0|0|0|0|0|0|0|0|0|0|0|0|0|0|0,0
New Mexico,SUV,PHEV,2025,0|0|0|0|0|0|0|0|0|0|0|0|0|0|0|0|0|0|0|0|0|0|0|0|0|0|0|0|0|0|0,0
New Mexico,SUV,PHEV,2026,0|0|0|1|1|1|0|0|0|1|1|0|0|0|0|0|0|0|0|0|0|0|0|0|0|0|0|0|0|0|0,5
New Mexico,SUV,PHEV,2027,0|1|1|1|3|3|3|0|0|1|2|2|1|0|0|0|0|0|0|0|0|0|0|0|0|0|0|0|0|0|0,18
New Mexico,SUV,PHEV,2028,0|1|3|3|3|5|5|5|1|0|2|4|4|1|0|0|0|0|0|0|0|0|0|0|0|0|0|0|0|0|0,37
New Mexico,SUV,PHEV,2029,0|1|3|5|5|5|10|10|10|3|1|4|6|4|1|0|0|0|0|0|0|0|0|0|0|0|0|0|0|0|0,68
New Mexico,SUV,PHEV,2030,0|2|3|7|10|10|10|16|16|16|5|3|6|6|4|1|0|0|0|0|0|0|0|0|0|0|0|0|0|0|0,115
New Mexico,SUV,PHEV,2031,0|2|4|7|12|16|16|16|25|25|26|9|5|6|6|4|1|0|0|0|0|0|0|0|0|0|0|0|0|0|0,180
New Mexico,SUV,PHEV,2032,0|2|4|9|12|20|25|25|27|38|38|40|14|5|6|5|3|1|0|0|0|0|0|0|0|0|0|0|0|0|0,274
New Mexico,SUV,PHEV,2033,0|3|6|9|15|20|32|39|39|43|58|55|58|14|5|5|5|3|1|0|0|0|0|0|0|0|0|0|0|0|0,410
New Mexico,SUV,PHEV,2034,0|3|7|11|16|24|32|51|60|59|65|86|80|57|13|5|5|5|3|1|0|0|0|0|0|0|0|0|0|0|0,583
New Mexico,SUV,PHEV,2035,0|3|7|13|19|27|40|51|80|92|88|96|124|78|56|13|4|5|4|2|1|0|0|0|0|0|0|0|0|0|0,803
New Mexico,SUV,PHEV,2036,0|3|7|13|22|32|45|64|80|124|139|130|140|122|77|54|12|4|4|4|2|0|0|0|0|0|0|0|0|0|0,1078
New Mexico,SUV,PHEV,2037,0|3|8|13|22|37|51|73|100|124|189|206|187|138|119|74|51|11|4|4|3|2|0|0|0|0|0|0|0|0|0,1419
New Mexico,SUV,PHEV,2038,0|4|8|14|23|37|60|80|114|153|189|279|295|184|135|115|70|47|10|3|3|2|1|0|0|0|0|0|0|0|0,1826
New Mexico,SUV,PHEV,2039,0|4|9|14|24|38|60|94|126|174|231|280|401|291|180|130|109|65|42|9|3|2|2|1|0|0|0|0|0|0|0,2289
New Mexico,SUV,PHEV,2040,0|4|9|15|24|40|60|95|146|193|262|342|403|395|284|174|123|101|58|36|7|2|2|1|1|0|0|0|0|0|0,2777
New Mexico,SUV,PHEV,2041,0|4|9|16|26|40|63|94|148|222|292|387|492|397|386|274|165|114|91|50|30|5|1|1|1|0|0|0|0|0|0,3308
New Mexico,SUV,PHEV,2042,0|4|10|16|27|43|63|98|147|226|333|430|553|484|388|373|260|153|102|78|41|23|4|1|1|1|0|0|0|0|0,3859
New Mexico,SUV,PHEV,2043,0|4|10|17|27|43|67|97|150|222|339|490|617|545|474|375|354|241|137|88|64|32|17|3|1|1|0|0|0|0|0,4415
New Mexico,SUV,PHEV,2044,0|4|10|17|29|43|67|102|148|224|332|496|698|608|532|457|356|328|216|117|72|49|24|12|2|0|0|0|0|0|0,4943
New Mexico,SUV,PHEV,2045,0|4|10|17|29|46|67|104|154|221|331|485|706|688|594|514|434|329|293|185|96|56|37|17|8|1|0|0|0|0|0,5426
New Mexico,SUV,PHEV,2046,0|4|9|17|29|46|71|104|157|227|325|479|687|696|672|574|488|402|295|252|151|75|41|26|11|6|1|0|0|0|0,5845
New Mexico,SUV,PHEV,2047,0|3|9|16|29|47|72|109|157|230|330|469|674|677|680|649|544|451|360|253|206|118|55|29|18|8|4|1|0|0|0,6198
New Mexico,SUV,PHEV,2048,0|3|7|15|28|47|73|110|162|230|334|472|659|665|662|657|616|504|404|309|207|160|87|39|20|12|5|2|0|0|0,6489
New Mexico,SUV,PHEV,2049,0|3|7|13|26|45|73|112|163|237|333|475|659|649|650|639|623|570|451|347|252|161|118|62|27|13|8|3|2|0|0,6721
New Mexico,SUV,PHEV,2050,0|3|7|13|22|42|70|112|166|238|343|474|660|649|634|627|607|577|511|387|284|196|119|84|42|18|9|5|2|1|0,6902
New York,Car,BEV,2020,0|2|3|1|2|2|5|0|0|0|0|0|0|0|0|0|0|0|0|0|0|0|0|0|0|0|0|0|0|0|0,15
New York,Car,BEV,2021,0|2|5|8|3|4|7|11|0|0|0|0|0|0|0|0|0|0|0|0|0|0|0|0|0|0|0|0|0|0|0,40
New York,Car,BEV,2022,0|2|4|10|17|6|9|13|22|0|0|0|0|0|0|0|0|0|0|0|0|0|0|0|0|0|0|0|0|0|0,83
New York,Car,BEV,2023,0|5|7|9|18|30|11|15|24|38|0|0|0|0|0|0|0|0|0|0|0|0|0|0|0|0|0|0|0|0|0,157
New York,Car,BEV,2024,0|5|11|13|15|30|50|19|26|40|62|0|0|0|0|0|0|0|0|0|0|0|0|0|0|0|0|0|0|0|0,271
New York,Car,BEV,2025,0|5|12|20|23|25|50|81|30|43|65|94|0|0|0|0|0|0|0|0|0|0|0|0|0|0|0|0|0|0|0,448
New York,Car,BEV,2026,0|18|12|23|35|39|41|80|128|48|68|100|139|0|0|0|0|0|0|0|0|0|0|0|0|0|0|0|0|0|0,731
New York,Car,BEV,2027,0|28|46|21|41|57|64|64|126|199|75|102|147|137|0|0|0|0|0|0|0|0|0|0|0|0|0|0|0|0|0,1107
New York,Car,BEV,2028,0|33|70|89|37|69|93|103|100|194|303|111|148|144|134|0|0|0|0|0|0|0|0|0|0|0|0|0|0|0|0,1628
New York,Car,BEV,2029,0|41|85|137|157|60|111|147|163|153|294|448|160|145|141|129|0|0|0|0|0|0|0|0|0|0|0|0|0|0|0,2371
New York,Car,BEV,2030,0|47|105|166|243|262|97|176|229|252|233|435|644|158|142|136|122|0|0|0|0|0|0|0|0|0|0|0|0|0|0,3447
New York,Car,BEV,2031,0|53|121|205|294|409|426|152|275|355|382|345|625|635|154|137|129|113|0|0|0|0|0|0|0|0|0|0|0|0|0,4810
New York,Car,BEV,2032,0|55|137|235|362|495|667|678|236|424|538|567|495|616|620|149|130|120|101|0|0|0|0|0|0|0|0|0|0|0|0,6625
New York,Car,BEV,2033,0|60|143|268|416|606|805|1066|1062|363|642|797|812|487|602|599|142|121|107|87|0|0|0|0|0|0|0|0|0|0|0,9185
New York,Car,BEV,2034,0|63|153|279|473|696|985|1284|1676|1639|547|948|1143|800|476|582|569|131|108|92|71|0|0|0|0|0|0|0|0|0|0,12715
New York,Car,BEV,2035,0|70|163|299|492|792|1130|1568|2015|2588|2483|807|1358|1126|782|460|552|526|117|93|75|55|0|0|0|0|0|0|0|0|0,17551
New York,Car,BEV,2036,0|79|180|320|527|825|1290|1797|2460|3110|3926|3672|1154|1338|1101|756|437|511|471|101|76|58|41|0|0|0|0|0|0|0|0,24230
New York,Car,BEV,2037,0|90|202|352|564|883|1345|2056|2815|3795|4715|5816|5262|1138|1308|1063|717|404|457|404|82|59|43|29|0|0|0|0|0|0|0,33599
New York,Car,BEV,2038,0|95|229|394|620|945|1438|2144|3224|4341|5750|6980|8341|5185|1112|1263|1009|664|362|393|331|64|44|31|20|0|0|0|0|0|0,44979
New York,Car,BEV,2039,0|100|241|445|691|1036|1538|2291|3364|4976|6571|8509|10009|8219|5068|1074|1199|934|594|310|321|257|47|31|21|13|0|0|0|0|0,57859
New York,Car,BEV,2040,0|106|254|468|776|1152|1680|2451|3591|5195|7542|9718|12198|9862|8034|4895|1019|1109|836|510|254|249|190|34|21|14|9|0|0|0|0,72167
New York,Car,BEV,2041,0|111|270|492|815|1280|1859|2667|3838|5537|7875|11162|13922|12019|9640|7759|4645|943|993|717|417|197|185|135|23|14|9|6|0|0|0,87530
New York,Car,BEV,2042,0|114|283|522|854|1341|2042|2935|4159|5910|8377|11650|15997|13719|11749|9310|7362|4299|844|852|587|324|146|131|93|15|9|6|4|0|0,103634
New York,Car,BEV,2043,0|116|291|547|906|1402|2131|3178|4549|6378|8928|12375|16691|15763|13410|11346|8835|6814|3848|725|697|456|240|104|90|62|10|6|4|2|0,119904
New York,Car,BEV,2044,0|120|297|564|950|1485|2223|3301|4852|6929|9599|13165|17703|16446|15408|12951|10767|8177|6100|3303|593|542|337|170|71|60|41|7|4|2|2,136169
New York,Car,BEV,2045,0|122|306|574|979|1555|2348|3432|5016|7287|10363|14107|18805|17444|16076|14881|12289|9965|7319|5236|2701|460|401|240|117|48|40|27|4|3|2,152147
New York,Car,BEV,2046,0|123|311|592|998|1603|2457|3615|5198|7492|10758|15147|20093|18530|17051|15526|14121|11374|8920|6283|4281|2099|341|285|164|78|31|26|17|3|2,167519
New York,Car,BEV,2047,0|123|315|603|1029|1638|2530|3781|5455|7738|11005|15559|21483|19798|18113|16468|14732|13069|10181|7657|5137|3327|1554|242|195|110|52|20|17|11|2,181944
New York,Car,BEV,2048,0|120|314|610|1048|1688|2592|3890|5698|8092|11331|15847|21881|21168|19353|17493|15626|13636|11699|8739|6261|3992|2463|1103|166|131|72|33|13|11|7,195077
New York,Car,BEV,2049,0|120|307|607|1060|1721|2674|3997|5858|8444|11810|16272|22208|21561|20691|18690|16599|14463|12206|10042|7146|4865|2955|1748|757|111|86|47|22|8|7,207082
New York,Car,BEV,2050,0|120|306|596|1057|1743|2728|4125|6037|8673|12311|16911|22749|21883|21075|19983|17735|15363|12946|10477|8211|5553|3602|2098|1200|507|73|56|30|14|5,218167
New York,Car,PHEV,2020,0|1|2|3|4|2|7|0|0|0|0|0|0|0|0|0|0|0|0|0|0|0|0|0|0|0|0|0|0|0|0,19
New York,Car,PHEV,2021,0|0|3|7|8|10|7|18|0|0|0|0|0|0|0|0|0|0|0|0|0|0|0|0|0|0|0|0|0|0|0,53
New York,Car,PHEV,2022,0|1|1|5|13|16|19|13|34|0|0|0|0|0|0|0|0|0|0|0|0|0|0|0|0|0|0|0|0|0|0,102
New York,Car,PHEV,2023,0|0|3|3|9|24|27|32|24|58|0|0|0|0|0|0|0|0|0|0|0|0|0|0|0|0|0|0|0|0|0,180
New York,Car,PHEV,2024,0|0|1|5|5|14|40|44|52|39|92|0|0|0|0|0|0|0|0|0|0|0|0|0|0|0|0|0|0|0|0,292
New York,Car,PHEV,2025,0|0|1|3|10|10|23|66|72|83|61|143|0|0|0|0|0|0|0|0|0|0|0|0|0|0|0|0|0|0|0,472
New York,Car,PHEV,2026,0|5|2|4|6|17|17|36|105|114|128|93|208|0|0|0|0|0|0|0|0|0|0|0|0|0|0|0|0|0|0,735
New York,Car,PHEV,2027,0|6|11|5|7|11|27|28|56|162|176|192|137|205|0|0|0|0|0|0|0|0|0|0|0|0|0|0|0|0|0,1023
New York,Car,PHEV,2028,0|7|14|20|9|12|18|44|46|87|249|262|277|135|200|0|0|0|0|0|0|0|0|0|0|0|0|0|0|0|0,1380
New York,Car,PHEV,2029,0|7|20|28|35|15|18|29|68|72|131|370|379|273|132|193|0|0|0|0|0|0|0|0|0|0|0|0|0|0|0,1770
New York,Car,PHEV,2030,0|10|20|39|49|57|24|28|46|104|110|194|533|373|267|127|183|0|0|0|0|0|0|0|0|0|0|0|0|0|0,2164
New York,Car,PHEV,2031,0|9|25|40|68|80|90|38|43|70|156|163|278|525|365|258|121|170|0|0|0|0|0|0|0|0|0|0|0|0|0,2499
New York,Car,PHEV,2032,0|11|25|48|69|113|130|140|57|65|104|230|234|274|513|352|245|112|152|0|0|0|0|0|0|0|0|0|0|0|0,2874
New York,Car,PHEV,2033,0|11|29|49|84|115|183|206|214|86|95|152|326|231|268|496|334|227|100|130|0|0|0|0|0|0|0|0|0|0|0,3336
New York,Car,PHEV,2034,0|14|30|57|86|139|185|289|319|323|125|138|216|322|225|259|470|309|203|86|107|0|0|0|0|0|0|0|0|0|0,3902
New York,Car,PHEV,2035,0|14|34|59|99|144|224|292|446|488|479|178|194|213|314|218|246|435|277|174|70|83|0|0|0|0|0|0|0|0|0,4681
New York,Car,PHEV,2036,0|15|35|66|107|165|234|351|452|679|732|695|246|191|208|304|207|227|390|238|142|55|61|0|0|0|0|0|0|0|0,5800
New York,Car,PHEV,2037,0|16|37|68|116|180|267|372|544|690|1018|1075|982|242|187|201|288|191|204|335|194|111|40|44|0|0|0|0|0|0|0,7402
New York,Car,PHEV,2038,0|16|42|72|120|193|294|424|584|832|1034|1494|1531|968|237|180|191|267|171|175|274|151|82|29|30|0|0|0|0|0|0,9391
New York,Car,PHEV,2039,0|17|41|80|127|202|315|469|663|902|1250|1516|2126|1509|946|229|171|177|239|147|143|213|112|58|20|20|0|0|0|0|0,11692
New York,Car,PHEV,2040,0|17|43|81|139|214|328|501|737|1023|1367|1837|2157|2095|1475|914|217|158|158|205|120|111|157|79|40|13|13|0|0|0|0,14199
New York,Car,PHEV,2041,0|18|44|84|141|229|347|520|787|1139|1549|2022|2622|2126|2048|1424|867|201|142|136|168|93|82|112|54|27|9|9|0|0|0,17000
New York,Car,PHEV,2042,0|18|47|85|146|233|365|548|815|1215|1727|2290|2897|2584|2078|1977|1351|802|180|122|111|130|69|58|77|36|18|6|6|0|0,19991
New York,Car,PHEV,2043,0|19|47|90|147|239|369|568|852|1254|1840|2555|3278|2855|2526|2007|1876|1251|718|154|99|86|96|49|40|51|24|11|4|4|0,23109
New York,Car,PHEV,2044,0|19|48|91|155|240|377|572|869|1300|1892|2720|3660|3230|2790|2439|1904|1737|1120|617|126|77|64|68|34|27|34|16|7|2|2,26237
New York,Car,PHEV,2045,0|18|48|93|156|254|378|581|869|1305|1947|2787|3895|3607|3157|2695|2315|1762|1555|961|504|98|57|45|47|23|18|22|10|5|1,29213
New York,Car,PHEV,2046,0|18|47|93|161|256|399|581|875|1294|1928|2850|3978|3838|3525|3049|2557|2142|1578|1334|786|392|73|41|31|31|15|11|14|6|3,31906
New York,Car,PHEV,2047,0|17|46|92|163|263|402|610|875|1296|1898|2790|4046|3919|3752|3405|2893|2367|1918|1354|1091|611|290|52|28|21|21|10|7|9|4,34250
New York,Car,PHEV,2048,0|16|44|89|159|265|412|613|912|1293|1889|2728|3927|3987|3831|3623|3231|2678|2119|1646|1107|848|452|206|35|19|14|13|6|5|6,36173
New York,Car,PHEV,2049,0|15|40|84|154|259|416|628|914|1337|1880|2701|3818|3869|3897|3700|3438|2990|2397|1818|1346|860|628|321|141|24|12|9|9|4|3,37712
New York,Car,PHEV,2050,0|14|38|77|145|251|406|632|935|1337|1931|2682|3760|3762|3782|3764|3511|3182|2677|2057|1487|1046|637|446|220|95|16|8|6|6|3,38913
New York,SUV,BEV,2020,0|0|1|1|1|0|0|0|0|0|0|0|0|0|0|0|0|0|0|0|0|0|0|0|0|0|0|0|0|0|0,3
New York,SUV,BEV,2021,0|2|1|3|3|3|1|1|0|0|0|0|0|0|0|0|0|0|0|0|0|0|0|0|0|0|0|0|0|0|0,14
New York,SUV,BEV,2022,0|5|4|3|5|6|5|3|3|0|0|0|0|0|0|0|0|0|0|0|0|0|0|0|0|0|0|0|0|0|0,34
New York,SUV,BEV,2023,0|6|11|9|5|9|11|10|5|5|0|0|0|0|0|0|0|0|0|0|0|0|0|0|0|0|0|0|0|0|0,71
New York,SUV,BEV,2024,0|11|17|21|15|10|14|19|15|10|10|0|0|0|0|0|0|0|0|0|0|0|0|0|0|0|0|0|0|0|0,142
New York,SUV,BEV,2025,0|15|29|33|37|25|16|23|30|24|16|16|0|0|0|0|0|0|0|0|0|0|0|0|0|0|0|0|0|0|0,264
New York,SUV,BEV,2026,0|17|37|58|59|61|41|25|36|48|37|25|23|0|0|0|0|0|0|0|0|0|0|0|0|0|0|0|0|0|0,467
New York,SUV,BEV,2027,0|27|43|72|102|100|99|65|38|55|75|54|35|22|0|0|0|0|0|0|0|0|0|0|0|0|0|0|0|0|0,787
New York,SUV,BEV,2028,0|34|70|84|127|171|163|157|101|58|83|112|79|35|22|0|0|0|0|0|0|0|0|0|0|0|0|0|0|0|0,1296
New York,SUV,BEV,2029,0|44|88|138|148|213|278|259|245|154|87|124|162|78|34|21|0|0|0|0|0|0|0|0|0|0|0|0|0|0|0,2073
New York,SUV,BEV,2030,0|53|113|173|245|248|347|445|404|379|234|129|176|160|76|33|20|0|0|0|0|0|0|0|0|0|0|0|0|0|0,3235
New York,SUV,BEV,2031,0|65|137|223|307|411|402|553|698|623|576|346|186|173|156|73|31|18|0|0|0|0|0|0|0|0|0|0|0|0|0,4978
New York,SUV,BEV,2032,0|72|167|270|395|517|669|641|869|1080|944|856|498|183|170|151|69|29|17|0|0|0|0|0|0|0|0|0|0|0|0,7597
New York,SUV,BEV,2033,0|83|185|327|476|664|842|1069|1006|1343|1641|1398|1229|490|179|164|143|64|26|14|0|0|0|0|0|0|0|0|0|0|0,11343
New York,SUV,BEV,2034,0|93|212|362|578|797|1082|1347|1680|1556|2040|2433|2006|1211|479|173|155|133|58|22|12|0|0|0|0|0|0|0|0|0|0,16429
New York,SUV,BEV,2035,0|107|239|414|639|969|1299|1728|2117|2598|2361|3025|3494|1977|1184|463|164|144|119|49|18|9|0|0|0|0|0|0|0|0|0,23117
New York,SUV,BEV,2036,0|119|273|467|728|1070|1580|2074|2715|3275|3945|3500|4342|3443|1932|1143|439|152|129|102|40|14|7|0|0|0|0|0|0|0|0,31489
New York,SUV,BEV,2037,0|127|305|532|822|1216|1742|2521|3256|4198|4973|5847|5021|4278|3365|1866|1085|407|136|110|83|31|10|5|0|0|0|0|0|0|0,41936
New York,SUV,BEV,2038,0|140|326|595|935|1373|1972|2775|3957|5035|6373|7371|8391|4948|4182|3250|1771|1004|364|117|90|65|23|7|3|0|0|0|0|0|0,55067
New York,SUV,BEV,2039,0|147|357|636|1046|1559|2225|3133|4347|6111|7640|9442|10578|8268|4836|4039|3084|1639|899|312|95|70|48|16|5|2|0|0|0|0|0,70534
New York,SUV,BEV,2040,0|158|377|695|1118|1742|2519|3527|4892|6700|9262|11315|13547|10423|8082|4671|3832|2854|1467|772|255|74|52|34|11|3|1|0|0|0|0,88383
New York,SUV,BEV,2041,0|165|403|733|1215|1861|2812|3983|5496|7518|10134|13705|16227|13349|10189|7806|4432|3547|2555|1259|631|198|55|37|23|8|2|1|0|0|0,108344
New York,SUV,BEV,2042,0|170|422|780|1279|2012|2997|4443|6191|8426|11341|14966|19637|15989|13048|9840|7407|4102|3175|2193|1030|490|147|39|25|16|5|1|1|0|0,130172
New York,SUV,BEV,2043,0|175|434|817|1358|2115|3223|4719|6897|9465|12684|16714|21412|19349|15629|12602|9337|6855|3672|2725|1793|800|363|104|27|17|10|3|1|0|0,153300
New York,SUV,BEV,2044,0|183|446|841|1421|2241|3382|5045|7300|10533|14215|18658|23870|21099|18914|15094|11958|8642|6137|3152|2229|1394|592|258|72|18|11|7|2|1|0,177715
New York,SUV,BEV,2045,0|190|466|864|1463|2340|3570|5280|7752|11104|15796|20865|26606|23521|20624|18266|14323|11068|7736|5267|2577|1732|1032|420|177|48|12|7|4|1|0,203111
New York,SUV,BEV,2046,0|197|485|903|1503|2406|3724|5551|8088|11717|16590|23156|29701|26217|22991|19918|17333|13257|9907|6640|4307|2003|1282|732|289|118|32|8|5|3|1,229064
New York,SUV,BEV,2047,0|201|501|938|1568|2474|3820|5776|8467|12187|17405|24240|32929|29266|25626|22204|18900|16043|11867|8504|5430|3347|1483|910|503|193|78|21|5|3|2,254891
New York,SUV,BEV,2048,0|202|512|970|1628|2577|3930|5912|8786|12704|18051|25307|34375|32447|28607|24749|21070|17493|14360|10186|6954|4219|2478|1052|625|337|127|51|13|3|2,279727
New York,SUV,BEV,2049,0|203|514|991|1684|2674|4088|6082|8969|13144|18738|26178|35750|33872|31717|27628|23485|19501|15659|12326|8329|5404|3124|1759|723|418|222|83|33|8|2,303308
New York,SUV,BEV,2050,0|204|516|995|1720|2764|4236|6314|9223|13379|19338|27080|36899|35227|33110|30631|26216|21736|17456|13441|10079|6472|4000|2217|1208|484|275|144|53|21|5,325443
New York,SUV,PHEV,2020,0|0|0|1|1|1|1|0|0|0|0|0|0|0|0|0|0|0|0|0|0|0|0|0|0|0|0|0|0|0|0,4
New York,SUV,PHEV,2021,0|0|0|1|3|3|3|3|0|0|0|0|0|0|0|0|0|0|0|0|0|0|0|0|0|0|0|0|0|0|0,13
New York,SUV,PHEV,2022,0|3|1|1|3|5|6|5|6|0|0|0|0|0|0|0|0|0|0|0|0|0|0|0|0|0|0|0|0|0|0,30
New York,SUV,PHEV,2023,0|5|8|3|3|6|10|11|10|11|0|0|0|0|0|0|0|0|0|0|0|0|0|0|0|0|0|0|0|0|0,67
New York,SUV,PHEV,2024,0|8|11|16|6|5|11|16|19|16|17|0|0|0|0|0|0|0|0|0|0|0|0|0|0|0|0|0|0|0|0,125
New York,SUV,PHEV,2025,0|9|20|21|28|11|10|17|25|30|25|27|0|0|0|0|0|0|0|0|0|0|0|0|0|0|0|0|0|0|0,223
New York,SUV,PHEV,2026,0|3|23|39|37|48|19|16|28|40|48|38|39|0|0|0|0|0|0|0|0|0|0|0|0|0|0|0|0|0|0,378
New York,SUV,PHEV,2027,0|5|8|45|68|62|78|31|25|46|61|72|55|39|0|0|0|0|0|0|0|0|0|0|0|0|0|0|0|0|0,595
New York,SUV,PHEV,2028,0|7|13|15|78|115|100|125|49|38|71|90|104|54|38|0|0|0|0|0|0|0|0|0|0|0|0|0|0|0|0,897
New York,SUV,PHEV,2029,0|8|18|26|26|131|187|161|196|78|58|106|130|103|53|37|0|0|0|0|0|0|0|0|0|0|0|0|0|0|0,1318
New York,SUV,PHEV,2030,0|10|21|36|45|44|214|298|252|304|118|85|153|128|100|51|35|0|0|0|0|0|0|0|0|0|0|0|0|0|0,1894
New York,SUV,PHEV,2031,0|12|27|40|65|75|73|341|467|388|460|176|123|151|125|97|49|32|0|0|0|0|0|0|0|0|0|0|0|0|0,2701
New York,SUV,PHEV,2032,0|16|31|53|71|110|123|116|537|723|588|681|253|121|148|121|92|45|29|0|0|0|0|0|0|0|0|0|0|0|0,3858
New York,SUV,PHEV,2033,0|19|42|62|93|119|179|196|182|832|1099|871|976|249|118|143|115|85|40|25|0|0|0|0|0|0|0|0|0|0|0,5445
New York,SUV,PHEV,2034,0|23|50|81|110|156|194|286|306|281|1264|1629|1250|962|243|114|135|106|76|35|20|0|0|0|0|0|0|0|0|0|0,7321
New York,SUV,PHEV,2035,0|27|59|99|142|186|254|308|449|473|426|1872|2339|1232|941|235|109|125|95|65|28|16|0|0|0|0|0|0|0|0|0,9480
New York,SUV,PHEV,2036,0|24|67|114|174|235|302|403|485|692|717|631|2687|2304|1204|908|223|100|112|81|54|22|12|0|0|0|0|0|0|0|0,11551
New York,SUV,PHEV,2037,0|22|62|128|200|289|378|481|630|748|1049|1062|905|2647|2252|1163|862|206|90|96|67|42|16|8|0|0|0|0|0|0|0,13403
New York,SUV,PHEV,2038,0|24|56|120|221|330|465|595|752|971|1131|1550|1521|891|2588|2175|1103|798|185|77|79|52|31|12|6|0|0|0|0|0|0,15733
New York,SUV,PHEV,2039,0|24|61|109|210|363|525|727|921|1155|1466|1670|2218|1499|871|2499|2064|1021|714|159|63|61|38|22|8|4|0|0|0|0|0,18472
New York,SUV,PHEV,2040,0|24|61|118|191|348|575|819|1117|1402|1739|2161|2389|2186|1465|842|2371|1910|914|613|130|49|45|27|15|5|2|0|0|0|0,21518
New York,SUV,PHEV,2041,0|25|62|120|206|318|557|890|1254|1688|2097|2559|3086|2354|2137|1415|799|2195|1710|785|501|101|36|32|19|10|3|2|0|0|0,24961
New York,SUV,PHEV,2042,0|26|65|120|209|342|512|875|1352|1890|2508|3065|3646|3041|2301|2064|1343|739|1965|1468|642|389|75|26|22|13|7|2|1|0|0,28708
New York,SUV,PHEV,2043,0|28|67|126|209|346|548|812|1346|2028|2802|3649|4349|3593|2972|2222|1958|1243|662|1686|1200|499|288|53|18|15|8|4|1|1|0,32733
New York,SUV,PHEV,2044,0|29|71|130|219|346|553|859|1265|2041|2996|4072|5158|4285|3512|2870|2108|1812|1113|568|1379|933|369|205|36|12|10|5|3|1|0,36960
New York,SUV,PHEV,2045,0|29|73|136|225|361|551|865|1320|1936|3043|4341|5753|5082|4189|3392|2724|1951|1622|955|464|1072|691|262|141|24|8|6|3|2|1,41222
New York,SUV,PHEV,2046,0|29|73|140|235|369|574|861|1325|2000|2912|4440|6121|5669|4968|4045|3218|2521|1747|1393|781|361|793|490|180|94|16|5|4|2|1,45367
New York,SUV,PHEV,2047,0|29|73|141|242|384|584|890|1317|1997|2972|4275|6294|6031|5542|4798|3839|2979|2257|1499|1139|607|267|563|337|120|62|10|3|3|1,49255
New York,SUV,PHEV,2048,0|28|72|141|245|396|604|899|1350|1981|2955|4322|6086|6201|5896|5352|4553|3553|2666|1937|1226|885|449|190|387|225|79|40|7|2|2,52729
New York,SUV,PHEV,2049,0|26|69|139|244|401|622|926|1356|2014|2923|4281|6105|5996|6062|5694|5078|4214|3180|2289|1584|953|655|319|130|259|148|52|26|4|1,55750
New York,SUV,PHEV,2050,0|25|67|133|240|398|628|950|1390|2010|2952|4226|6029|6016|5861|5854|5403|4700|3772|2730|1871|1231|705|465|219|87|170|96|33|17|3,58281
North Carolina,Car,BEV,2020,0|1|2|0|1|2|2|0|0|0|0|0|0|0|0|0|0|0|0|0|0|0|0|0|0|0|0|0|0|0|0,8
North Carolina,Car,BEV,2021,0|0|3|4|1|3|4|5|0|0|0|0|0|0|0|0|0|0|0|0|0|0|0|0|0|0|0|0|0|0|0,20
North Carolina,Car,BEV,2022,0|1|1|5|9|3|5|8|10|0|0|0|0|0|0|0|0|0|0|0|0|0|0|0|0|0|0|0|0|0|0,42
North Carolina,Car,BEV,2023,0|2|3|3|10|15|5|9|13|18|0|0|0|0|0|0|0|0|0|0|0|0|0|0|0|0|0|0|0|0|0,78
North Carolina,Car,BEV,2024,0|2|5|6|6|16|24|9|14|21|29|0|0|0|0|0|0|0|0|0|0|0|0|0|0|0|0|0|0|0|0,132
North Carolina,Car,BEV,2025,0|2|7|10|11|11|25|39|15|22|32|45|0|0|0|0|0|0|0|0|0|0|0|0|0|0|0|0|0|0|0,219
North Carolina,Car,BEV,2026,0|7|6|13|18|19|19|41|61|24|33|48|66|0|0|0|0|0|0|0|0|0|0|0|0|0|0|0|0|0|0,355
North Carolina,Car,BEV,2027,0|9|17|11|22|30|31|30|63|94|36|48|70|65|0|0|0|0|0|0|0|0|0|0|0|0|0|0|0|0|0,526
North Carolina,Car,BEV,2028,0|11|23|33|19|37|49|50|48|98|143|53|70|69|63|0|0|0|0|0|0|0|0|0|0|0|0|0|0|0|0,766
North Carolina,Car,BEV,2029,0|14|29|43|58|32|59|78|79|75|149|212|77|69|67|61|0|0|0|0|0|0|0|0|0|0|0|0|0|0|0,1102
North Carolina,Car,BEV,2030,0|18|37|57|76|97|51|94|123|121|115|221|304|76|67|65|58|0|0|0|0|0|0|0|0|0|0|0|0|0|0,1580
North Carolina,Car,BEV,2031,0|20|46|73|100|128|158|80|147|189|185|170|318|299|74|65|62|54|0|0|0|0|0|0|0|0|0|0|0|0|0,2168
North Carolina,Car,BEV,2032,0|23|51|89|128|168|208|251|126|226|288|273|245|313|293|71|62|57|48|0|0|0|0|0|0|0|0|0|0|0|0,2920
North Carolina,Car,BEV,2033,0|26|59|100|155|215|275|331|393|193|343|427|392|241|306|283|68|57|51|41|0|0|0|0|0|0|0|0|0|0|0,3956
North Carolina,Car,BEV,2034,0|30|67|115|177|258|350|438|521|606|292|508|614|387|236|295|268|63|51|44|34|0|0|0|0|0|0|0|0|0|0,5354
North Carolina,Car,BEV,2035,0|33|79|131|202|298|418|555|688|804|918|431|728|605|378|228|280|248|56|44|36|26|0|0|0|0|0|0|0|0|0,7186
North Carolina,Car,BEV,2036,0|37|86|155|231|338|484|665|869|1063|1216|1357|617|717|591|365|216|260|222|48|36|28|19|0|0|0|0|0|0|0|0,9620
North Carolina,Car,BEV,2037,0|42|96|169|273|387|549|771|1041|1338|1611|1799|1942|608|701|571|346|200|232|191|39|28|21|14|0|0|0|0|0|0|0,12969
North Carolina,Car,BEV,2038,0|46|108|186|298|456|627|877|1209|1604|2026|2385|2576|1914|594|677|542|321|179|199|156|31|21|15|9|0|0|0|0|0|0,17056
North Carolina,Car,BEV,2039,0|49|116|210|327|499|740|998|1373|1866|2426|2994|3417|2539|1871|574|642|501|287|154|163|121|23|15|10|6|0|0|0|0|0,21921
North Carolina,Car,BEV,2040,0|52|125|225|368|546|809|1178|1562|2119|2826|3583|4288|3367|2482|1807|544|595|449|246|126|127|90|16|10|7|4|0|0|0|0,27551
North Carolina,Car,BEV,2041,0|56|134|243|394|612|882|1285|1844|2405|3210|4177|5129|4226|3291|2397|1714|504|532|385|201|98|94|64|11|7|4|3|0|0|0,33902
North Carolina,Car,BEV,2042,0|59|144|261|424|653|983|1398|2008|2838|3635|4745|5982|5054|4131|3179|2274|1587|451|457|315|157|72|67|44|7|4|3|2|0|0,40934
North Carolina,Car,BEV,2043,0|62|150|278|454|702|1047|1544|2175|3084|4286|5365|6794|5894|4940|3989|3016|2105|1420|387|374|245|116|51|46|29|5|3|2|1|0,48564
North Carolina,Car,BEV,2044,0|65|159|291|484|750|1123|1641|2384|3331|4653|6322|7673|6695|5761|4771|3785|2792|1884|1219|316|290|181|82|35|31|19|3|2|1|1,56744
North Carolina,Car,BEV,2045,0|69|166|307|507|797|1197|1754|2526|3619|5007|6852|9034|7561|6544|5564|4527|3504|2499|1617|997|246|215|129|56|24|20|13|2|1|1,65355
North Carolina,Car,BEV,2046,0|70|175|323|534|833|1271|1864|2690|3826|5397|7353|9779|8902|7390|6320|5280|4190|3136|2145|1322|775|182|153|88|38|16|13|8|1|1,74075
North Carolina,Car,BEV,2047,0|72|179|340|562|878|1326|1975|2849|4057|5694|7876|10468|9636|8701|7138|5997|4887|3751|2692|1754|1028|573|129|105|59|25|10|8|5|1,82775
North Carolina,Car,BEV,2048,0|74|183|347|591|923|1396|2056|3011|4286|6015|8290|11159|10315|9419|8403|6773|5551|4374|3220|2201|1363|761|407|89|70|39|16|7|5|3,91347
North Carolina,Car,BEV,2049,0|74|187|354|604|970|1466|2161|3127|4515|6336|8731|11725|10996|10083|9097|7974|6269|4968|3755|2633|1711|1009|540|279|59|46|25|10|4|3,99711
North Carolina,Car,BEV,2050,0|76|189|362|616|992|1537|2268|3285|4678|6658|9175|12318|11554|10748|9737|8632|7380|5611|4265|3070|2046|1266|716|371|187|39|30|16|7|3,107832
North Carolina,Car,PHEV,2020,0|0|0|1|1|1|2|0|0|0|0|0|0|0|0|0|0|0|0|0|0|0|0|0|0|0|0|0|0|0|0,5
North Carolina,Car,PHEV,2021,0|0|0|1|2|3|2|5|0|0|0|0|0|0|0|0|0|0|0|0|0|0|0|0|0|0|0|0|0|0|0,13
North Carolina,Car,PHEV,2022,0|0|0|0|3|4|5|4|10|0|0|0|0|0|0|0|0|0|0|0|0|0|0|0|0|0|0|0|0|0|0,26
North Carolina,Car,PHEV,2023,0|0|0|0|1|5|7|10|7|16|0|0|0|0|0|0|0|0|0|0|0|0|0|0|0|0|0|0|0|0|0,46
North Carolina,Car,PHEV,2024,0|0|0|0|1|3|10|12|16|12|27|0|0|0|0|0|0|0|0|0|0|0|0|0|0|0|0|0|0|0|0,81
North Carolina,Car,PHEV,2025,0|0|0|0|1|2|5|16|20|25|18|43|0|0|0|0|0|0|0|0|0|0|0|0|0|0|0|0|0|0|0,130
North Carolina,Car,PHEV,2026,0|1|0|0|0|3|4|10|27|31|38|27|62|0|0|0|0|0|0|0|0|0|0|0|0|0|0|0|0|0|0,203
North Carolina,Car,PHEV,2027,0|2|4|0|0|1|6|8|16|43|49|57|39|61|0|0|0|0|0|0|0|0|0|0|0|0|0|0|0|0|0,286
North Carolina,Car,PHEV,2028,0|3|5|8|0|1|3|11|13|25|65|73|84|39|60|0|0|0|0|0|0|0|0|0|0|0|0|0|0|0|0,390
North Carolina,Car,PHEV,2029,0|3|8|10|14|2|4|7|18|20|38|97|106|82|38|58|0|0|0|0|0|0|0|0|0|0|0|0|0|0|0,505
North Carolina,Car,PHEV,2030,0|4|8|15|17|23|5|7|12|29|31|55|141|105|81|37|55|0|0|0|0|0|0|0|0|0|0|0|0|0|0,625
North Carolina,Car,PHEV,2031,0|5|10|15|26|29|38|9|11|19|45|47|80|139|102|78|35|51|0|0|0|0|0|0|0|0|0|0|0|0|0,739
North Carolina,Car,PHEV,2032,0|5|11|19|27|43|47|59|15|17|30|67|66|78|135|99|74|32|45|0|0|0|0|0|0|0|0|0|0|0|0,869
North Carolina,Car,PHEV,2033,0|6|13|20|33|45|69|75|91|22|24|46|95|65|77|131|94|68|29|39|0|0|0|0|0|0|0|0|0|0|0,1042
North Carolina,Car,PHEV,2034,0|6|15|24|36|55|72|109|116|136|32|36|65|94|63|74|124|87|61|25|32|0|0|0|0|0|0|0|0|0|0,1262
North Carolina,Car,PHEV,2035,0|7|16|29|42|61|90|113|169|177|204|47|51|64|92|61|70|115|78|52|20|25|0|0|0|0|0|0|0|0|0,1583
North Carolina,Car,PHEV,2036,0|7|17|32|51|71|99|143|176|257|264|298|64|50|63|89|58|65|103|67|43|16|18|0|0|0|0|0|0|0|0,2051
North Carolina,Car,PHEV,2037,0|8|18|34|57|85|116|158|221|269|385|389|423|63|49|60|84|54|58|88|55|33|12|13|0|0|0|0|0|0|0,2732
North Carolina,Car,PHEV,2038,0|8|20|36|60|96|139|186|245|341|403|567|554|417|62|48|57|78|48|50|72|42|25|8|9|0|0|0|0|0|0,3571
North Carolina,Car,PHEV,2039,0|9|21|39|63|100|155|223|294|377|514|593|809|545|407|59|45|53|70|41|41|56|31|18|6|6|0|0|0|0|0,4575
North Carolina,Car,PHEV,2040,0|9|23|40|68|105|163|247|349|455|571|758|847|797|533|393|56|42|47|60|34|32|42|22|12|4|4|0|0|0|0,5713
North Carolina,Car,PHEV,2041,0|9|23|43|70|114|169|260|387|539|691|844|1083|834|779|515|373|52|37|41|49|26|24|29|15|8|2|3|0|0|0,7019
North Carolina,Car,PHEV,2042,0|10|24|44|74|117|183|269|406|597|817|1024|1209|1067|815|753|489|345|47|32|33|38|19|17|20|10|5|2|2|0|0,8468
North Carolina,Car,PHEV,2043,0|11|25|46|76|122|187|288|419|623|903|1209|1468|1191|1043|788|714|452|309|40|26|26|28|14|11|14|7|3|1|1|0,10045
North Carolina,Car,PHEV,2044,0|11|27|48|80|125|195|294|443|642|942|1335|1733|1447|1164|1007|747|661|405|265|33|20|19|20|9|8|9|4|2|1|1,11697
North Carolina,Car,PHEV,2045,0|11|28|51|83|132|200|303|451|669|967|1387|1912|1707|1414|1124|956|692|592|347|217|25|15|14|14|6|5|6|3|1|0,13332
North Carolina,Car,PHEV,2046,0|10|27|53|88|136|209|309|462|678|995|1419|1981|1884|1669|1366|1067|884|619|508|284|169|19|11|9|9|4|3|4|2|1,14879
North Carolina,Car,PHEV,2047,0|10|26|52|91|143|213|321|470|692|1004|1449|2020|1952|1841|1612|1296|987|792|531|415|221|125|13|7|6|6|3|2|2|1,16303
North Carolina,Car,PHEV,2048,0|9|26|50|89|146|224|326|487|700|1020|1458|2051|1990|1908|1778|1529|1199|884|680|435|323|163|89|9|5|4|4|2|1|2,17591
North Carolina,Car,PHEV,2049,0|9|24|49|87|144|229|341|492|722|1028|1472|2055|2021|1945|1843|1687|1416|1074|759|556|338|239|116|61|6|3|3|3|1|1,18724
North Carolina,Car,PHEV,2050,0|9|23|46|84|141|227|348|511|727|1053|1480|2066|2025|1975|1879|1749|1562|1267|922|620|432|250|170|80|41|4|2|2|2|1,19698
North Carolina,SUV,BEV,2020,0|0|0|0|0|0|0|0|0|0|0|0|0|0|0|0|0|0|0|0|0|0|0|0|0|0|0|0|0|0|0,0
North Carolina,SUV,BEV,2021,0|0|0|0|1|0|0|0|0|0|0|0|0|0|0|0|0|0|0|0|0|0|0|0|0|0|0|0|0|0|0,1
North Carolina,SUV,BEV,2022,0|2|1|0|1|3|1|1|0|0|0|0|0|0|0|0|0|0|0|0|0|0|0|0|0|0|0|0|0|0|0,9
North Carolina,SUV,BEV,2023,0|4|5|3|1|3|5|3|2|1|0|0|0|0|0|0|0|0|0|0|0|0|0|0|0|0|0|0|0|0|0,27
North Carolina,SUV,BEV,2024,0|6|9|10|6|3|5|10|5|4|3|0|0|0|0|0|0|0|0|0|0|0|0|0|0|0|0|0|0|0|0,61
North Carolina,SUV,BEV,2025,0|8|15|18|18|11|5|10|16|10|6|5|0|0|0|0|0|0|0|0|0|0|0|0|0|0|0|0|0|0|0,122
North Carolina,SUV,BEV,2026,0|8|19|31|31|29|19|10|16|25|16|11|9|0|0|0|0|0|0|0|0|0|0|0|0|0|0|0|0|0|0,224
North Carolina,SUV,BEV,2027,0|10|19|38|55|52|47|30|16|25|37|25|17|9|0|0|0|0|0|0|0|0|0|0|0|0|0|0|0|0|0,380
North Carolina,SUV,BEV,2028,0|13|26|38|67|92|85|76|48|27|38|54|35|16|9|0|0|0|0|0|0|0|0|0|0|0|0|0|0|0|0,624
North Carolina,SUV,BEV,2029,0|16|33|50|67|112|150|137|119|75|43|56|78|35|16|8|0|0|0|0|0|0|0|0|0|0|0|0|0|0|0,995
North Carolina,SUV,BEV,2030,0|18|41|64|88|113|184|239|214|183|115|64|82|77|34|16|8|0|0|0|0|0|0|0|0|0|0|0|0|0|0,1540
North Carolina,SUV,BEV,2031,0|22|47|80|113|147|185|295|374|332|279|171|92|80|75|33|15|7|0|0|0|0|0|0|0|0|0|0|0|0|0,2347
North Carolina,SUV,BEV,2032,0|26|56|92|141|189|239|296|464|578|505|415|246|91|79|72|31|14|6|0|0|0|0|0|0|0|0|0|0|0|0,3540
North Carolina,SUV,BEV,2033,0|29|67|109|163|235|309|382|465|717|876|749|596|242|89|76|69|29|12|6|0|0|0|0|0|0|0|0|0|0|0,5220
North Carolina,SUV,BEV,2034,0|35|75|128|193|274|381|493|599|719|1090|1299|1077|587|237|86|72|63|26|11|5|0|0|0|0|0|0|0|0|0|0,7450
North Carolina,SUV,BEV,2035,0|40|90|147|224|324|448|608|776|927|1091|1616|1866|1061|574|229|82|67|57|22|9|4|0|0|0|0|0|0|0|0|0,10262
North Carolina,SUV,BEV,2036,0|44|104|178|258|374|526|715|954|1200|1408|1616|2320|1839|1037|554|217|76|60|49|18|7|3|0|0|0|0|0|0|0|0,13557
North Carolina,SUV,BEV,2037,0|47|112|202|314|431|605|839|1123|1475|1821|2087|2319|2286|1798|1002|526|201|68|51|40|14|5|2|0|0|0|0|0|0|0,17368
North Carolina,SUV,BEV,2038,0|52|121|218|353|523|697|961|1314|1735|2237|2699|2995|2285|2234|1736|950|487|180|58|42|31|10|4|1|0|0|0|0|0|0,21923
North Carolina,SUV,BEV,2039,0|56|133|235|382|586|844|1105|1502|2025|2632|3313|3873|2952|2233|2158|1647|880|436|154|47|33|23|7|2|1|0|0|0|0|0,27259
North Carolina,SUV,BEV,2040,0|61|144|259|412|634|942|1333|1721|2308|3063|3894|4751|3816|2885|2157|2048|1525|787|374|126|37|24|16|5|2|1|0|0|0|0,33325
North Carolina,SUV,BEV,2041,0|64|155|280|453|685|1021|1483|2068|2636|3482|4525|5580|4681|3730|2786|2047|1895|1365|676|306|98|27|17|11|3|1|0|0|0|0,40075
North Carolina,SUV,BEV,2042,0|66|164|301|490|752|1102|1607|2293|3155|3964|5130|6472|5498|4576|3602|2644|1894|1696|1172|553|238|73|19|12|7|2|1|0|0|0,47483
North Carolina,SUV,BEV,2043,0|70|170|320|526|811|1207|1735|2486|3489|4729|5823|7323|6378|5374|4419|3418|2447|1696|1456|958|430|176|52|13|8|5|1|0|0|0,55520
North Carolina,SUV,BEV,2044,0|75|181|331|558|870|1302|1893|2684|3783|5218|6933|8296|7216|6234|5190|4193|3164|2191|1456|1191|744|318|125|35|9|5|3|1|0|0,64199
North Carolina,SUV,BEV,2045,0|79|192|352|579|922|1393|2038|2916|4084|5658|7634|9862|8175|7053|6021|4925|3881|2832|1880|1190|925|551|226|86|24|6|3|2|1|0,73490
North Carolina,SUV,BEV,2046,0|82|202|373|614|958|1474|2175|3132|4420|6102|8277|10838|9718|7991|6812|5713|4558|3474|2431|1538|925|685|391|155|57|16|4|2|1|0,83118
North Carolina,SUV,BEV,2047,0|86|210|393|650|1013|1532|2301|3336|4734|6583|8919|11749|10680|9499|7717|6464|5288|4080|2982|1988|1195|685|486|269|104|38|10|2|1|1,92995
North Carolina,SUV,BEV,2048,0|88|219|407|685|1071|1616|2389|3525|5033|7034|9593|12651|11577|10439|9174|7323|5982|4733|3502|2438|1545|884|486|334|180|68|25|7|2|1,103011
North Carolina,SUV,BEV,2049,0|90|224|424|709|1128|1707|2516|3653|5308|7464|10230|13578|12466|11316|10082|8705|6778|5355|4063|2864|1895|1143|628|334|224|118|44|16|4|1,113067
North Carolina,SUV,BEV,2050,0|92|231|436|737|1168|1795|2652|3842|5495|7862|10837|14455|13379|12185|10929|9567|8057|6067|4597|3322|2226|1403|812|431|223|147|77|29|10|3,123066
North Carolina,SUV,PHEV,2020,0|0|0|0|0|0|0|0|0|0|0|0|0|0|0|0|0|0|0|0|0|0|0|0|0|0|0|0|0|0|0,0
North Carolina,SUV,PHEV,2021,0|0|0|0|0|0|0|0|0|0|0|0|0|0|0|0|0|0|0|0|0|0|0|0|0|0|0|0|0|0|0,0
North Carolina,SUV,PHEV,2022,0|1|0|0|0|0|1|1|1|0|0|0|0|0|0|0|0|0|0|0|0|0|0|0|0|0|0|0|0|0|0,4
North Carolina,SUV,PHEV,2023,0|1|3|0|0|0|1|3|2|3|0|0|0|0|0|0|0|0|0|0|0|0|0|0|0|0|0|0|0|0|0,13
North Carolina,SUV,PHEV,2024,0|2|3|5|1|0|1|3|5|4|5|0|0|0|0|0|0|0|0|0|0|0|0|0|0|0|0|0|0|0|0,29
North Carolina,SUV,PHEV,2025,0|2|5|6|10|3|1|3|5|9|6|7|0|0|0|0|0|0|0|0|0|0|0|0|0|0|0|0|0|0|0,57
North Carolina,SUV,PHEV,2026,0|2|6|10|11|16|5|3|5|10|14|11|12|0|0|0|0|0|0|0|0|0|0|0|0|0|0|0|0|0|0,105
North Carolina,SUV,PHEV,2027,0|2|4|12|18|19|25|9|5|10|16|21|17|12|0|0|0|0|0|0|0|0|0|0|0|0|0|0|0|0|0,170
North Carolina,SUV,PHEV,2028,0|2|6|9|21|29|31|39|14|10|16|25|30|16|11|0|0|0|0|0|0|0|0|0|0|0|0|0|0|0|0,259
North Carolina,SUV,PHEV,2029,0|3|7|11|15|35|47|50|61|22|16|25|35|30|16|11|0|0|0|0|0|0|0|0|0|0|0|0|0|0|0,384
North Carolina,SUV,PHEV,2030,0|5|8|14|19|25|56|76|79|93|33|24|37|35|29|16|10|0|0|0|0|0|0|0|0|0|0|0|0|0|0,559
North Carolina,SUV,PHEV,2031,0|5|11|15|25|32|41|89|119|120|139|49|34|37|34|28|15|10|0|0|0|0|0|0|0|0|0|0|0|0|0,803
North Carolina,SUV,PHEV,2032,0|6|12|20|26|43|52|65|140|184|184|205|71|34|36|33|27|14|9|0|0|0|0|0|0|0|0|0|0|0|0,1161
North Carolina,SUV,PHEV,2033,0|7|15|24|36|44|72|82|101|215|281|272|294|70|33|35|31|25|12|7|0|0|0|0|0|0|0|0|0|0|0,1656
North Carolina,SUV,PHEV,2034,0|8|18|30|42|60|73|115|130|154|326|418|391|290|68|32|33|29|22|11|6|0|0|0|0|0|0|0|0|0|0,2256
North Carolina,SUV,PHEV,2035,0|8|21|36|52|69|97|118|182|199|234|483|600|386|283|66|30|31|26|19|9|5|0|0|0|0|0|0|0|0|0,2954
North Carolina,SUV,PHEV,2036,0|8|22|40|63|86|111|154|186|281|302|346|693|591|377|274|62|28|27|22|16|7|3|0|0|0|0|0|0|0|0,3699
North Carolina,SUV,PHEV,2037,0|8|21|43|71|104|139|176|240|288|426|446|497|683|578|364|260|58|25|23|18|12|5|2|0|0|0|0|0|0|0,4487
North Carolina,SUV,PHEV,2038,0|9|21|42|74|117|168|219|274|372|438|631|639|489|668|558|345|240|52|22|19|14|9|4|2|0|0|0|0|0|0,5426
North Carolina,SUV,PHEV,2039,0|10|23|41|74|124|188|266|338|420|563|650|907|630|478|645|529|320|215|44|18|15|10|6|2|1|0|0|0|0|0,6517
North Carolina,SUV,PHEV,2040,0|10|25|45|74|124|200|296|410|516|634|831|932|893|616|462|612|490|286|185|36|14|11|7|4|2|1|0|0|0|0,7716
North Carolina,SUV,PHEV,2041,0|10|25|48|80|124|200|312|455|622|774|933|1189|919|873|595|438|566|439|246|151|28|10|8|5|3|1|0|0|0|0,9054
North Carolina,SUV,PHEV,2042,0|11|27|49|84|133|201|314|481|691|929|1136|1331|1171|898|843|564|406|507|377|201|117|21|7|5|3|2|1|0|0|0,10510
North Carolina,SUV,PHEV,2043,0|12|28|52|86|138|213|317|485|727|1030|1356|1616|1312|1145|867|800|522|363|435|308|156|87|15|5|4|2|1|0|0|0,12082
North Carolina,SUV,PHEV,2044,0|12|29|53|91|142|222|333|492|736|1080|1504|1922|1592|1282|1106|823|741|467|312|356|239|116|62|10|3|2|1|1|0|0,13729
North Carolina,SUV,PHEV,2045,0|12|30|57|92|149|227|346|514|748|1099|1574|2132|1894|1556|1238|1049|762|663|401|255|277|177|82|42|7|2|2|1|1|0,15389
North Carolina,SUV,PHEV,2046,0|12|30|59|98|151|237|353|530|777|1118|1605|2229|2100|1851|1503|1175|971|682|569|328|198|205|126|56|28|4|1|1|1|0,16998
North Carolina,SUV,PHEV,2047,0|12|30|59|101|161|240|367|541|799|1155|1633|2276|2196|2053|1788|1426|1088|869|585|465|255|147|145|86|38|19|3|1|1|0,18539
North Carolina,SUV,PHEV,2048,0|12|30|59|101|165|254|371|559|812|1182|1679|2315|2243|2147|1983|1697|1320|974|746|479|362|189|104|100|58|25|12|2|1|0,19981
North Carolina,SUV,PHEV,2049,0|12|30|58|101|165|261|389|563|835|1199|1713|2371|2281|2192|2073|1882|1570|1181|836|610|372|268|134|71|67|38|16|8|1|0,21297
North Carolina,SUV,PHEV,2050,0|11|30|58|100|165|261|398|585|838|1227|1732|2411|2337|2229|2117|1967|1741|1406|1014|683|474|275|190|92|48|44|25|10|5|1,22474
North Dakota,Car,BEV,2020,0|0|0|0|0|0|0|0|0|0|0|0|0|0|0|0|0|0|0|0|0|0|0|0|0|0|0|0|0|0|0,0
North Dakota,Car,BEV,2021,0|0|0|0|0|0|0|0|0|0|0|0|0|0|0|0|0|0|0|0|0|0|0|0|0|0|0|0|0|0|0,0
North Dakota,Car,BEV,2022,0|0|0|0|0|0|0|0|0|0|0|0|0|0|0|0|0|0|0|0|0|0|0|0|0|0|0|0|0|0|0,0
North Dakota,Car,BEV,2023,0|0|0|0|0|0|0|0|0|0|0|0|0|0|0|0|0|0|0|0|0|0|0|0|0|0|0|0|0|0|0,0
North Dakota,Car,BEV,2024,0|0|0|0|0|0|0|0|0|0|0|0|0|0|0|0|0|0|0|0|0|0|0|0|0|0|0|0|0|0|0,0
North Dakota,Car,BEV,2025,0|0|0|0|0|0|0|0|0|0|0|0|0|0|0|0|0|0|0|0|0|0|0|0|0|0|0|0|0|0|0,0
North Dakota,Car,BEV,2026,0|0|0|0|0|0|0|0|0|0|0|0|0|0|0|0|0|0|0|0|0|0|0|0|0|0|0|0|0|0|0,0
North Dakota,Car,BEV,2027,0|0|0|0|0|0|0|0|0|0|0|0|0|0|0|0|0|0|0|0|0|0|0|0|0|0|0|0|0|0|0,0
North Dakota,Car,BEV,2028,0|0|0|1|0|0|0|0|0|0|0|0|0|0|0|0|0|0|0|0|0|0|0|0|0|0|0|0|0|0|0,1
North Dakota,Car,BEV,2029,0|0|1|1|3|0|0|0|0|0|1|1|0|0|0|0|0|0|0|0|0|0|0|0|0|0|0|0|0|0|0,7
North Dakota,Car,BEV,2030,0|1|1|3|3|5|0|0|0|0|0|2|2|0|0|0|0|0|0|0|0|0|0|0|0|0|0|0|0|0|0,17
North Dakota,Car,BEV,2031,0|1|2|3|5|5|9|0|0|1|1|0|4|2|0|0|0|0|0|0|0|0|0|0|0|0|0|0|0|0|0,33
North Dakota,Car,BEV,2032,0|1|3|4|5|10|10|15|0|1|2|2|1|4|2|0|0|0|0|0|0|0|0|0|0|0|0|0|0|0|0,60
North Dakota,Car,BEV,2033,0|1|3|5|8|10|16|16|24|1|3|4|4|1|4|2|0|0|0|0|0|0|0|0|0|0|0|0|0|0|0,102
North Dakota,Car,BEV,2034,0|2|3|5|10|13|16|25|27|36|2|5|6|4|1|4|2|0|0|0|0|0|0|0|0|0|0|0|0|0|0,161
North Dakota,Car,BEV,2035,0|2|4|5|10|16|21|27|38|43|54|4|8|6|4|1|3|2|0|0|0|0|0|0|0|0|0|0|0|0|0,248
North Dakota,Car,BEV,2036,0|2|4|8|10|16|25|33|43|58|66|80|6|8|6|4|1|3|1|0|0|0|0|0|0|0|0|0|0|0|0,374
North Dakota,Car,BEV,2037,0|3|5|9|14|17|27|39|52|68|87|98|115|6|8|5|3|1|3|1|0|0|0|0|0|0|0|0|0|0|0,561
North Dakota,Car,BEV,2038,0|3|6|10|16|23|28|43|60|81|103|129|142|113|6|7|5|3|1|2|1|0|0|0|0|0|0|0|0|0|0,782
North Dakota,Car,BEV,2039,0|3|6|12|17|25|37|46|68|92|121|154|186|140|111|5|7|5|3|1|2|1|0|0|0|0|0|0|0|0|0,1042
North Dakota,Car,BEV,2040,0|3|7|12|20|28|41|57|74|106|139|180|222|183|136|107|5|6|4|2|1|2|1|0|0|0|0|0|0|0|0,1336
North Dakota,Car,BEV,2041,0|3|8|13|20|33|45|64|89|115|159|206|258|219|179|132|102|5|6|4|2|0|1|0|0|0|0|0|0|0|0,1663
North Dakota,Car,BEV,2042,0|3|8|14|21|33|51|70|99|136|175|236|295|254|214|173|125|94|4|5|3|2|0|1|0|0|0|0|0|0|0,2016
North Dakota,Car,BEV,2043,0|3|8|15|24|35|53|79|108|151|207|260|338|291|248|207|164|116|84|4|4|2|1|0|1|0|0|0|0|0|0,2403
North Dakota,Car,BEV,2044,0|4|9|15|26|39|56|82|120|163|226|305|373|333|284|240|196|152|104|72|3|3|2|1|0|0|0|0|0|0|0,2808
North Dakota,Car,BEV,2045,0|4|10|17|26|43|62|88|126|180|244|331|436|367|326|274|227|182|136|89|59|2|2|1|1|0|0|0|0|0|0,3233
North Dakota,Car,BEV,2046,0|4|10|18|28|43|67|95|135|189|267|357|473|429|359|315|260|210|163|117|73|46|2|2|1|0|0|0|0|0|0,3663
North Dakota,Car,BEV,2047,0|4|10|19|31|46|69|103|145|203|281|388|508|466|420|347|299|241|188|140|95|56|34|1|1|1|0|0|0|0|0,4096
North Dakota,Car,BEV,2048,0|4|10|19|32|50|74|108|156|217|301|409|547|501|456|405|329|276|216|162|114|74|42|24|1|1|0|0|0|0|0,4528
North Dakota,Car,BEV,2049,0|4|10|19|33|52|79|115|164|232|321|436|578|539|490|440|385|304|247|185|132|89|55|30|17|1|0|0|0|0|0,4957
North Dakota,Car,BEV,2050,0|4|10|19|33|53|81|121|176|246|342|464|614|570|526|473|417|356|273|212|151|103|66|39|20|11|0|0|0|0|0,5380
North Dakota,Car,PHEV,2020,0|0|0|0|0|0|0|0|0|0|0|0|0|0|0|0|0|0|0|0|0|0|0|0|0|0|0|0|0|0|0,0
North Dakota,Car,PHEV,2021,0|0|0|0|0|0|0|0|0|0|0|0|0|0|0|0|0|0|0|0|0|0|0|0|0|0|0|0|0|0|0,0
North Dakota,Car,PHEV,2022,0|0|0|0|0|0|0|0|0|0|0|0|0|0|0|0|0|0|0|0|0|0|0|0|0|0|0|0|0|0|0,0
North Dakota,Car,PHEV,2023,0|0|0|0|0|0|0|0|0|0|0|0|0|0|0|0|0|0|0|0|0|0|0|0|0|0|0|0|0|0|0,0
North Dakota,Car,PHEV,2024,0|0|0|0|0|0|0|0|0|0|0|0|0|0|0|0|0|0|0|0|0|0|0|0|0|0|0|0|0|0|0,0
North Dakota,Car,PHEV,2025,0|0|0|0|0|0|0|0|0|0|0|0|0|0|0|0|0|0|0|0|0|0|0|0|0|0|0|0|0|0|0,0
North Dakota,Car,PHEV,2026,0|0|0|0|0|0|0|0|0|0|0|0|0|0|0|0|0|0|0|0|0|0|0|0|0|0|0|0|0|0|0,0
North Dakota,Car,PHEV,2027,0|0|0|0|0|0|0|0|0|0|0|0|0|0|0|0|0|0|0|0|0|0|0|0|0|0|0|0|0|0|0,0
North Dakota,Car,PHEV,2028,0|0|0|0|0|0|0|0|0|0|0|1|0|0|0|0|0|0|0|0|0|0|0|0|0|0|0|0|0|0|0,1
North Dakota,Car,PHEV,2029,0|0|0|0|0|0|0|0|0|0|0|1|2|0|0|0|0|0|0|0|0|0|0|0|0|0|0|0|0|0|0,3
North Dakota,Car,PHEV,2030,0|0|0|0|0|0|0|0|0|0|0|0|2|2|0|0|0|0|0|0|0|0|0|0|0|0|0|0|0|0|0,4
North Dakota,Car,PHEV,2031,0|0|0|0|0|0|0|0|0|0|0|0|0|2|2|0|0|0|0|0|0|0|0|0|0|0|0|0|0|0|0,4
North Dakota,Car,PHEV,2032,0|0|0|0|0|1|1|1|0|0|0|0|0|0|2|2|0|0|0|0|0|0|0|0|0|0|0|0|0|0|0,7
North Dakota,Car,PHEV,2033,0|0|0|0|0|1|2|3|3|0|0|0|1|0|0|2|2|0|0|0|0|0|0|0|0|0|0|0|0|0|0,14
North Dakota,Car,PHEV,2034,0|0|0|0|0|1|2|4|5|5|0|0|0|1|0|0|2|2|0|0|0|0|0|0|0|0|0|0|0|0|0,22
North Dakota,Car,PHEV,2035,0|0|0|0|1|1|3|4|8|9|10|0|0|0|1|0|0|2|1|0|0|0|0|0|0|0|0|0|0|0|0,40
North Dakota,Car,PHEV,2036,0|0|0|0|1|3|3|5|8|13|14|16|0|0|0|1|0|0|1|1|0|0|0|0|0|0|0|0|0|0|0,66
North Dakota,Car,PHEV,2037,0|0|0|0|1|3|5|6|10|13|20|21|23|0|0|0|1|0|0|1|1|0|0|0|0|0|0|0|0|0|0,105
North Dakota,Car,PHEV,2038,0|0|0|0|1|3|5|9|11|16|20|30|30|22|0|0|0|1|0|0|1|1|0|0|0|0|0|0|0|0|0,150
North Dakota,Car,PHEV,2039,0|0|0|0|1|3|6|10|15|17|25|30|43|29|22|0|0|0|1|0|0|1|1|0|0|0|0|0|0|0|0,204
North Dakota,Car,PHEV,2040,0|0|0|0|1|3|6|11|16|24|26|38|43|43|28|21|0|0|0|1|0|0|1|0|0|0|0|0|0|0|0,262
North Dakota,Car,PHEV,2041,0|0|0|0|1|4|6|11|18|25|35|40|55|43|42|27|20|0|0|0|1|0|0|0|0|0|0|0|0|0|0,328
North Dakota,Car,PHEV,2042,0|0|0|0|2|4|7|11|18|28|39|52|57|54|42|40|26|18|0|0|0|0|0|0|0|0|0|0|0|0|0,398
North Dakota,Car,PHEV,2043,0|0|0|0|2|5|7|13|18|29|44|58|75|56|53|40|38|24|17|0|0|0|0|0|0|0|0|0|0|0|0,479
North Dakota,Car,PHEV,2044,0|0|0|1|2|5|9|13|20|29|46|64|86|74|55|51|38|35|22|14|0|0|0|0|0|0|0|0|0|0|0,564
North Dakota,Car,PHEV,2045,0|0|0|1|3|5|9|15|20|32|46|68|92|84|72|53|49|35|32|19|12|0|0|0|0|0|0|0|0|0|0,647
North Dakota,Car,PHEV,2046,0|0|0|1|3|6|10|15|22|32|49|68|96|91|82|70|50|45|32|27|15|9|0|0|0|0|0|0|0|0|0,723
North Dakota,Car,PHEV,2047,0|0|0|1|3|6|11|16|22|34|49|71|96|95|89|80|66|47|40|27|22|12|7|0|0|0|0|0|0|0|0,794
North Dakota,Car,PHEV,2048,0|0|0|1|3|6|11|17|24|34|51|71|100|95|93|86|76|61|42|35|22|17|9|5|0|0|0|0|0|0|0,859
North Dakota,Car,PHEV,2049,0|0|0|1|3|6|11|17|25|37|51|74|100|99|93|90|82|70|55|36|28|17|13|6|3|0|0|0|0|0|0,917
North Dakota,Car,PHEV,2050,0|0|0|1|3|6|11|17|26|38|54|74|104|99|97|90|85|76|63|47|29|22|13|9|4|2|0|0|0|0|0,970
North Dakota,SUV,BEV,2020,0|0|0|0|0|0|0|0|0|0|0|0|0|0|0|0|0|0|0|0|0|0|0|0|0|0|0|0|0|0|0,0
North Dakota,SUV,BEV,2021,0|0|0|0|0|0|0|0|0|0|0|0|0|0|0|0|0|0|0|0|0|0|0|0|0|0|0|0|0|0|0,0
North Dakota,SUV,BEV,2022,0|0|0|0|0|0|0|0|0|0|0|0|0|0|0|0|0|0|0|0|0|0|0|0|0|0|0|0|0|0|0,0
North Dakota,SUV,BEV,2023,0|0|0|0|0|0|0|0|0|0|0|0|0|0|0|0|0|0|0|0|0|0|0|0|0|0|0|0|0|0|0,0
North Dakota,SUV,BEV,2024,0|0|0|0|0|0|0|0|0|0|0|0|0|0|0|0|0|0|0|0|0|0|0|0|0|0|0|0|0|0|0,0
North Dakota,SUV,BEV,2025,0|0|0|0|0|0|0|0|0|0|0|0|0|0|0|0|0|0|0|0|0|0|0|0|0|0|0|0|0|0|0,0
North Dakota,SUV,BEV,2026,0|0|0|0|0|0|0|0|0|0|0|0|0|0|0|0|0|0|0|0|0|0|0|0|0|0|0|0|0|0|0,0
North Dakota,SUV,BEV,2027,0|1|1|0|0|0|0|0|0|0|0|0|0|0|0|0|0|0|0|0|0|0|0|0|0|0|0|0|0|0|0,2
North Dakota,SUV,BEV,2028,0|1|3|3|0|0|0|0|0|0|0|0|0|0|0|0|0|0|0|0|0|0|0|0|0|0|0|0|0|0|0,7
North Dakota,SUV,BEV,2029,0|2|3|5|5|0|0|0|0|0|0|0|0|0|0|0|0|0|0|0|0|0|0|0|0|0|0|0|0|0|0,15
North Dakota,SUV,BEV,2030,0|2|4|6|10|10|1|1|1|1|0|0|0|0|0|0|0|0|0|0|0|0|0|0|0|0|0|0|0|0|0,36
North Dakota,SUV,BEV,2031,0|2|5|9|11|16|16|3|3|3|3|0|0|0|0|0|0|0|0|0|0|0|0|0|0|0|0|0|0|0|0,71
North Dakota,SUV,BEV,2032,0|2|7|10|15|19|25|27|5|5|5|5|1|0|0|0|0|0|0|0|0|0|0|0|0|0|0|0|0|0|0,126
North Dakota,SUV,BEV,2033,0|4|7|13|18|25|31|39|43|9|10|8|7|1|0|0|0|0|0|0|0|0|0|0|0|0|0|0|0|0|0,215
North Dakota,SUV,BEV,2034,0|5|9|13|22|29|41|50|61|67|15|16|13|7|1|0|0|0|0|0|0|0|0|0|0|0|0|0|0|0|0,349
North Dakota,SUV,BEV,2035,0|5|11|17|24|36|47|65|79|94|102|23|25|13|7|1|0|0|0|0|0|0|0|0|0|0|0|0|0|0|0,549
North Dakota,SUV,BEV,2036,0|5|12|20|29|41|58|76|102|121|141|153|32|24|12|6|1|0|0|0|0|0|0|0|0|0|0|0|0|0|0,833
North Dakota,SUV,BEV,2037,0|6|12|23|35|49|68|91|120|157|185|208|221|32|24|12|6|1|0|0|0|0|0|0|0|0|0|0|0|0|0,1250
North Dakota,SUV,BEV,2038,0|6|15|24|40|58|79|109|143|185|237|275|297|218|31|23|11|6|1|0|0|0|0|0|0|0|0|0|0|0|0,1758
North Dakota,SUV,BEV,2039,0|6|15|28|43|66|95|127|172|221|282|351|395|293|213|30|22|10|5|1|0|0|0|0|0|0|0|0|0|0|0,2375
North Dakota,SUV,BEV,2040,0|7|17|31|48|72|107|152|198|265|337|420|504|390|286|206|29|20|9|4|1|0|0|0|0|0|0|0|0|0|0,3103
North Dakota,SUV,BEV,2041,0|8|18|34|54|81|117|170|238|307|403|499|602|497|381|276|195|27|18|8|4|0|0|0|0|0|0|0|0|0|0,3937
North Dakota,SUV,BEV,2042,0|8|19|35|58|89|131|185|264|366|464|598|716|593|486|368|262|181|24|15|7|3|0|0|0|0|0|0|0|0|0,4872
North Dakota,SUV,BEV,2043,0|9|20|37|62|96|142|207|289|406|555|687|857|705|580|469|349|243|162|20|13|5|2|0|0|0|0|0|0|0|0,5915
North Dakota,SUV,BEV,2044,0|9|23|40|65|103|153|223|320|444|614|820|983|844|690|560|445|323|217|139|17|10|4|1|0|0|0|0|0|0|0,7047
North Dakota,SUV,BEV,2045,0|9|24|43|70|108|164|240|343|489|670|904|1175|969|825|666|531|412|289|186|114|13|7|3|1|0|0|0|0|0|0,8255
North Dakota,SUV,BEV,2046,0|9|24|46|74|115|173|256|368|521|729|986|1293|1158|947|797|632|492|369|248|152|88|10|5|2|1|0|0|0|0|0,9495
North Dakota,SUV,BEV,2047,0|10|25|48|79|122|184|271|391|556|776|1066|1403|1274|1132|915|756|585|440|317|203|118|65|7|4|1|0|0|0|0|0,10748
North Dakota,SUV,BEV,2048,0|10|26|49|83|131|196|287|414|589|826|1132|1512|1383|1245|1093|868|700|524|378|259|158|88|46|5|2|1|0|0|0|0,12005
North Dakota,SUV,BEV,2049,0|11|27|50|86|137|208|304|438|622|874|1201|1603|1490|1351|1203|1037|803|626|449|309|201|117|62|32|3|2|1|0|0|0,13247
North Dakota,SUV,BEV,2050,0|12|29|53|88|142|217|321|463|657|921|1269|1697|1579|1457|1305|1141|960|719|538|367|240|149|83|43|21|2|1|0|0|0,14474
North Dakota,SUV,PHEV,2020,0|0|0|0|0|0|0|0|0|0|0|0|0|0|0|0|0|0|0|0|0|0|0|0|0|0|0|0|0|0|0,0
North Dakota,SUV,PHEV,2021,0|0|0|0|0|0|0|0|0|0|0|0|0|0|0|0|0|0|0|0|0|0|0|0|0|0|0|0|0|0|0,0
North Dakota,SUV,PHEV,2022,0|0|0|0|0|0|0|0|0|0|0|0|0|0|0|0|0|0|0|0|0|0|0|0|0|0|0|0|0|0|0,0
North Dakota,SUV,PHEV,2023,0|0|0|0|0|0|0|0|0|0|0|0|0|0|0|0|0|0|0|0|0|0|0|0|0|0|0|0|0|0|0,0
North Dakota,SUV,PHEV,2024,0|0|0|0|0|0|0|0|0|0|0|0|0|0|0|0|0|0|0|0|0|0|0|0|0|0|0|0|0|0|0,0
North Dakota,SUV,PHEV,2025,0|0|0|0|0|0|0|0|0|0|0|0|0|0|0|0|0|0|0|0|0|0|0|0|0|0|0|0|0|0|0,0
North Dakota,SUV,PHEV,2026,0|0|0|0|0|0|0|0|0|0|0|0|0|0|0|0|0|0|0|0|0|0|0|0|0|0|0|0|0|0|0,0
North Dakota,SUV,PHEV,2027,0|0|0|0|0|0|0|0|0|0|0|0|0|0|0|0|0|0|0|0|0|0|0|0|0|0|0|0|0|0|0,0
North Dakota,SUV,PHEV,2028,0|0|0|0|0|0|0|0|0|0|0|0|0|0|0|0|0|0|0|0|0|0|0|0|0|0|0|0|0|0|0,0
North Dakota,SUV,PHEV,2029,0|0|0|0|0|0|0|0|0|0|0|0|0|0|0|0|0|0|0|0|0|0|0|0|0|0|0|0|0|0|0,0
North Dakota,SUV,PHEV,2030,0|0|0|0|0|1|0|1|1|1|0|0|0|0|0|0|0|0|0|0|0|0|0|0|0|0|0|0|0|0|0,4
North Dakota,SUV,PHEV,2031,0|0|0|0|1|1|3|1|3|2|3|0|0|0|0|0|0|0|0|0|0|0|0|0|0|0|0|0|0|0|0,14
North Dakota,SUV,PHEV,2032,0|0|0|1|1|3|3|5|3|5|4|5|0|0|0|0|0|0|0|0|0|0|0|0|0|0|0|0|0|0|0,30
North Dakota,SUV,PHEV,2033,0|0|1|1|3|3|5|5|9|5|8|6|7|0|0|0|0|0|0|0|0|0|0|0|0|0|0|0|0|0|0,53
North Dakota,SUV,PHEV,2034,0|0|1|3|3|5|6|10|10|14|10|13|11|7|0|0|0|0|0|0|0|0|0|0|0|0|0|0|0|0|0,93
North Dakota,SUV,PHEV,2035,0|1|1|3|5|6|10|11|16|16|22|16|19|11|7|0|0|0|0|0|0|0|0|0|0|0|0|0|0|0|0,144
North Dakota,SUV,PHEV,2036,0|1|2|3|6|10|11|16|18|26|26|33|23|18|10|6|0|0|0|0|0|0|0|0|0|0|0|0|0|0|0,209
North Dakota,SUV,PHEV,2037,0|1|2|4|7|11|16|18|25|29|42|41|47|22|18|10|6|0|0|0|0|0|0|0|0|0|0|0|0|0|0,299
North Dakota,SUV,PHEV,2038,0|1|3|5|8|12|18|25|29|39|45|62|60|47|22|17|10|6|0|0|0|0|0|0|0|0|0|0|0|0|0,409
North Dakota,SUV,PHEV,2039,0|1|3|6|9|13|20|29|39|45|59|66|90|59|45|21|17|9|5|0|0|0|0|0|0|0|0|0|0|0|0,536
North Dakota,SUV,PHEV,2040,0|1|4|6|10|15|22|33|46|59|69|87|96|89|58|44|20|15|8|4|0|0|0|0|0|0|0|0|0|0|0,686
North Dakota,SUV,PHEV,2041,0|1|4|7|10|16|24|35|51|71|88|102|127|95|87|56|42|18|14|7|4|0|0|0|0|0|0|0|0|0|0,859
North Dakota,SUV,PHEV,2042,0|2|4|7|12|16|26|38|54|80|107|131|147|125|93|84|53|39|17|12|6|3|0|0|0|0|0|0|0|0|0,1056
North Dakota,SUV,PHEV,2043,0|2|5|7|12|18|26|41|59|83|120|159|188|144|122|90|80|49|35|14|10|4|2|0|0|0|0|0|0|0|0,1270
North Dakota,SUV,PHEV,2044,0|2|5|9|12|18|28|41|63|89|125|178|227|185|141|118|85|74|44|30|12|7|3|1|0|0|0|0|0|0|0,1497
North Dakota,SUV,PHEV,2045,0|2|5|9|14|19|29|43|63|94|132|186|255|224|181|136|112|79|66|38|24|9|6|2|1|0|0|0|0|0|0,1729
North Dakota,SUV,PHEV,2046,0|2|5|9|14|21|30|45|65|94|138|194|266|251|219|175|129|104|70|57|31|19|7|4|2|1|0|0|0|0|0,1952
North Dakota,SUV,PHEV,2047,0|2|5|9|14|22|32|46|67|96|138|201|276|262|245|211|166|120|93|61|46|24|14|5|3|1|0|0|0|0|0,2159
North Dakota,SUV,PHEV,2048,0|2|5|9|14|22|34|49|69|99|141|201|283|272|256|237|201|153|107|80|49|36|18|10|3|2|1|0|0|0|0,2353
North Dakota,SUV,PHEV,2049,0|2|5|9|14|22|34|51|73|101|145|204|283|279|266|247|225|186|137|92|65|38|27|13|7|2|1|0|0|0|0,2528
North Dakota,SUV,PHEV,2050,0|1|5|9|15|22|34|51|75|107|147|209|287|279|273|257|234|208|166|118|75|51|28|19|9|5|1|1|0|0|0,2686
Ohio,Car,BEV,2020,0|1|1|0|0|1|2|0|0|0|0|0|0|0|0|0|0|0|0|0|0|0|0|0|0|0|0|0|0|0|0,5
Ohio,Car,BEV,2021,0|0|3|3|0|1|3|4|0|0|0|0|0|0|0|0|0|0|0|0|0|0|0|0|0|0|0|0|0|0|0,14
Ohio,Car,BEV,2022,0|1|1|5|6|1|3|6|9|0|0|0|0|0|0|0|0|0|0|0|0|0|0|0|0|0|0|0|0|0|0,32
Ohio,Car,BEV,2023,0|2|3|3|9|11|3|5|11|15|0|0|0|0|0|0|0|0|0|0|0|0|0|0|0|0|0|0|0|0|0,62
Ohio,Car,BEV,2024,0|2|4|5|5|14|20|5|10|17|25|0|0|0|0|0|0|0|0|0|0|0|0|0|0|0|0|0|0|0|0,107
Ohio,Car,BEV,2025,0|2|4|9|10|10|23|33|10|16|28|40|0|0|0|0|0|0|0|0|0|0|0|0|0|0|0|0|0|0|0,185
Ohio,Car,BEV,2026,0|7|4|9|15|16|16|36|53|16|27|44|59|0|0|0|0|0|0|0|0|0|0|0|0|0|0|0|0|0|0,302
Ohio,Car,BEV,2027,0|10|18|8|16|24|26|27|56|82|26|42|63|58|0|0|0|0|0|0|0|0|0|0|0|0|0|0|0|0|0,456
Ohio,Car,BEV,2028,0|13|26|36|14|26|38|42|43|87|123|41|61|62|57|0|0|0|0|0|0|0|0|0|0|0|0|0|0|0|0,669
Ohio,Car,BEV,2029,0|16|33|51|65|23|42|60|67|68|131|184|60|60|61|55|0|0|0|0|0|0|0|0|0|0|0|0|0|0|0,976
Ohio,Car,BEV,2030,0|18|41|64|90|110|37|67|94|103|103|194|266|59|59|59|52|0|0|0|0|0|0|0|0|0|0|0|0|0|0,1416
Ohio,Car,BEV,2031,0|20|47|80|114|150|180|58|106|144|156|153|279|262|58|57|56|48|0|0|0|0|0|0|0|0|0|0|0|0|0,1968
Ohio,Car,BEV,2032,0|22|53|93|141|192|242|290|90|163|219|231|219|275|256|56|54|51|43|0|0|0|0|0|0|0|0|0|0|0|0,2690
Ohio,Car,BEV,2033,0|25|57|105|164|236|313|384|456|138|247|323|331|216|269|247|53|50|46|37|0|0|0|0|0|0|0|0|0|0|0,3697
Ohio,Car,BEV,2034,0|29|64|112|186|276|383|498|601|706|211|365|462|327|211|260|234|49|45|40|30|0|0|0|0|0|0|0|0|0|0,5089
Ohio,Car,BEV,2035,0|31|75|126|199|313|449|610|781|928|1071|311|523|455|319|204|247|217|44|38|32|24|0|0|0|0|0|0|0|0|0,6997
Ohio,Car,BEV,2036,0|35|81|147|222|335|509|715|955|1205|1408|1586|443|515|445|308|194|228|194|38|31|25|17|0|0|0|0|0|0|0|0,9636
Ohio,Car,BEV,2037,0|41|90|159|259|373|545|812|1120|1475|1827|2083|2274|437|504|430|293|179|204|167|31|24|19|12|0|0|0|0|0|0|0,13358
Ohio,Car,BEV,2038,0|43|105|177|282|434|605|870|1273|1728|2235|2706|2987|2240|427|487|408|271|160|175|136|24|18|13|8|0|0|0|0|0|0,17812
Ohio,Car,BEV,2039,0|47|110|204|311|473|706|965|1364|1966|2616|3308|3881|2943|2190|413|462|378|242|138|143|106|18|13|9|6|0|0|0|0|0,23012
Ohio,Car,BEV,2040,0|51|120|215|357|518|767|1124|1514|2106|2979|3867|4742|3825|2877|2115|391|427|338|208|113|111|78|13|9|6|4|0|0|0|0,28875
Ohio,Car,BEV,2041,0|54|129|233|376|591|837|1217|1759|2335|3192|4409|5539|4672|3738|2778|2007|362|383|290|170|87|82|56|9|6|4|2|0|0|0,35317
Ohio,Car,BEV,2042,0|55|138|251|407|623|945|1324|1899|2711|3535|4722|6319|5458|4567|3611|2636|1857|324|328|237|132|65|59|38|6|4|3|2|0|0,42256
Ohio,Car,BEV,2043,0|58|142|267|437|672|996|1477|2056|2917|4098|5223|6765|6227|5335|4411|3426|2440|1663|278|269|184|98|46|40|26|4|3|2|1|0,49561
Ohio,Car,BEV,2044,0|62|148|275|464|720|1072|1556|2265|3139|4396|6048|7475|6666|6086|5153|4185|3171|2184|1427|228|209|136|69|32|27|17|2|2|1|1,57216
Ohio,Car,BEV,2045,0|63|157|287|480|763|1145|1668|2385|3420|4706|6470|8646|7366|6515|5878|4889|3874|2838|1875|1167|177|154|97|48|21|18|11|2|1|1,65122
Ohio,Car,BEV,2046,0|64|162|303|500|789|1212|1776|2546|3595|5074|6894|9227|8519|7200|6292|5578|4525|3468|2436|1533|907|131|110|67|32|14|12|7|1|1,72975
Ohio,Car,BEV,2047,0|64|164|313|526|822|1254|1879|2703|3820|5325|7371|9794|9092|8327|6954|5971|5163|4051|2976|1992|1191|671|93|75|45|21|9|7|5|1,80679
Ohio,Car,BEV,2048,0|65|164|317|544|863|1307|1941|2854|4045|5637|7723|10404|9651|8888|8042|6598|5526|4621|3477|2434|1548|882|477|64|50|29|14|6|5|3,88179
Ohio,Car,BEV,2049,0|66|167|319|551|895|1371|2025|2947|4267|5955|8149|10888|10251|9434|8583|7631|6107|4947|3967|2843|1891|1146|626|327|43|33|19|9|4|3,95464
Ohio,Car,BEV,2050,0|67|168|324|558|907|1421|2120|3076|4400|6273|8591|11458|10729|10021|9111|8145|7063|5467|4246|3244|2209|1400|814|430|219|28|22|12|6|2,102531
Ohio,Car,PHEV,2020,0|0|0|1|1|1|2|0|0|0|0|0|0|0|0|0|0|0|0|0|0|0|0|0|0|0|0|0|0|0|0,5
Ohio,Car,PHEV,2021,0|0|0|1|3|3|3|7|0|0|0|0|0|0|0|0|0|0|0|0|0|0|0|0|0|0|0|0|0|0|0,17
Ohio,Car,PHEV,2022,0|0|0|0|3|5|6|5|13|0|0|0|0|0|0|0|0|0|0|0|0|0|0|0|0|0|0|0|0|0|0,32
Ohio,Car,PHEV,2023,0|0|0|0|1|6|10|11|10|22|0|0|0|0|0|0|0|0|0|0|0|0|0|0|0|0|0|0|0|0|0,60
Ohio,Car,PHEV,2024,0|0|0|0|1|3|11|16|18|15|35|0|0|0|0|0|0|0|0|0|0|0|0|0|0|0|0|0|0|0|0,99
Ohio,Car,PHEV,2025,0|0|0|0|1|2|5|19|25|29|24|52|0|0|0|0|0|0|0|0|0|0|0|0|0|0|0|0|0|0|0,157
Ohio,Car,PHEV,2026,0|2|0|0|0|3|4|10|30|38|46|35|77|0|0|0|0|0|0|0|0|0|0|0|0|0|0|0|0|0|0,245
Ohio,Car,PHEV,2027,0|3|5|0|0|1|6|8|16|48|58|68|50|76|0|0|0|0|0|0|0|0|0|0|0|0|0|0|0|0|0,339
Ohio,Car,PHEV,2028,0|3|7|11|0|1|3|11|13|25|74|86|98|49|74|0|0|0|0|0|0|0|0|0|0|0|0|0|0|0|0,455
Ohio,Car,PHEV,2029,0|4|9|13|18|2|4|6|18|20|39|109|125|97|48|71|0|0|0|0|0|0|0|0|0|0|0|0|0|0|0,583
Ohio,Car,PHEV,2030,0|5|10|16|22|29|5|7|11|28|31|58|157|123|95|47|68|0|0|0|0|0|0|0|0|0|0|0|0|0|0,712
Ohio,Car,PHEV,2031,0|5|12|18|28|37|46|9|11|18|44|47|86|155|120|91|44|63|0|0|0|0|0|0|0|0|0|0|0|0|0,834
Ohio,Car,PHEV,2032,0|5|11|21|30|47|58|71|15|17|28|64|66|84|152|116|87|41|56|0|0|0|0|0|0|0|0|0|0|0|0,969
Ohio,Car,PHEV,2033,0|6|13|22|38|49|77|91|109|22|25|42|92|65|82|146|110|80|37|48|0|0|0|0|0|0|0|0|0|0|0,1154
Ohio,Car,PHEV,2034,0|6|15|24|38|63|79|122|140|163|32|37|60|91|63|80|139|102|72|31|39|0|0|0|0|0|0|0|0|0|0,1396
Ohio,Car,PHEV,2035,0|7|15|29|43|64|100|125|190|212|243|47|52|59|89|61|76|129|91|62|26|31|0|0|0|0|0|0|0|0|0,1751
Ohio,Car,PHEV,2036,0|7|16|31|51|72|105|157|194|293|317|356|64|51|58|86|58|70|115|78|50|20|23|0|0|0|0|0|0|0|0,2272
Ohio,Car,PHEV,2037,0|8|17|33|55|85|118|167|244|299|441|463|506|63|50|56|82|54|63|99|64|39|15|16|0|0|0|0|0|0|0,3037
Ohio,Car,PHEV,2038,0|8|20|35|58|92|138|189|261|374|450|650|659|499|62|48|53|76|48|54|81|50|29|11|11|0|0|0|0|0|0,3956
Ohio,Car,PHEV,2039,0|9|20|39|61|97|150|220|297|402|564|663|928|649|488|59|46|49|68|41|44|63|37|21|7|7|0|0|0|0|0,5029
Ohio,Car,PHEV,2040,0|9|22|40|68|102|158|238|345|460|610|832|947|915|635|471|56|43|44|58|34|34|46|26|14|5|5|0|0|0|0,6217
Ohio,Car,PHEV,2041,0|9|22|43|69|112|165|251|373|533|697|903|1190|933|894|613|447|52|38|38|47|26|25|33|18|9|3|3|0|0|0,7546
Ohio,Car,PHEV,2042,0|10|23|43|73|113|179|260|391|577|808|1033|1295|1172|912|863|581|414|47|33|31|37|19|18|23|12|6|2|2|0|0,8977
Ohio,Car,PHEV,2043,0|10|24|45|74|120|181|279|402|599|874|1194|1482|1276|1146|881|819|538|370|40|27|24|27|14|12|15|8|4|1|1|0,10487
Ohio,Car,PHEV,2044,0|10|25|46|78|121|190|282|427|614|903|1293|1712|1460|1247|1107|836|758|482|318|33|21|18|19|9|8|10|5|3|1|1,12037
Ohio,Car,PHEV,2045,0|10|25|49|79|128|192|294|430|642|920|1329|1854|1687|1427|1205|1050|774|679|414|260|25|15|13|13|6|5|6|3|2|1,13537
Ohio,Car,PHEV,2046,0|10|25|49|84|130|202|297|445|645|950|1347|1895|1827|1649|1379|1143|972|692|583|338|202|19|11|9|9|4|4|4|2|1,14927
Ohio,Car,PHEV,2047,0|9|24|49|85|136|206|310|449|661|952|1376|1910|1867|1785|1593|1308|1058|870|594|476|263|150|13|7|6|6|3|2|3|1,16172
Ohio,Car,PHEV,2048,0|8|22|46|84|138|213|314|468|667|968|1374|1938|1882|1825|1724|1511|1211|947|747|486|370|195|106|9|5|4|4|2|1|2,17271
Ohio,Car,PHEV,2049,0|8|21|43|79|136|215|324|471|692|975|1391|1931|1909|1840|1763|1636|1399|1084|813|611|378|274|138|73|6|3|2|2|1|1,18219
Ohio,Car,PHEV,2050,0|8|21|41|74|129|212|327|484|693|1005|1399|1945|1903|1866|1777|1673|1514|1252|930|665|475|280|195|95|49|4|2|2|2|1,19023
Ohio,SUV,BEV,2020,0|0|0|0|0|0|0|0|0|0|0|0|0|0|0|0|0|0|0|0|0|0|0|0|0|0|0|0|0|0|0,0
Ohio,SUV,BEV,2021,0|0|0|0|0|0|0|0|0|0|0|0|0|0|0|0|0|0|0|0|0|0|0|0|0|0|0|0|0|0|0,0
Ohio,SUV,BEV,2022,0|2|1|0|1|1|1|0|0|0|0|0|0|0|0|0|0|0|0|0|0|0|0|0|0|0|0|0|0|0|0,6
Ohio,SUV,BEV,2023,0|2|4|3|1|3|3|3|1|1|0|0|0|0|0|0|0|0|0|0|0|0|0|0|0|0|0|0|0|0|0,21
Ohio,SUV,BEV,2024,0|5|7|9|5|3|5|6|5|3|3|0|0|0|0|0|0|0|0|0|0|0|0|0|0|0|0|0|0|0|0,51
Ohio,SUV,BEV,2025,0|6|11|13|15|10|5|9|11|10|5|5|0|0|0|0|0|0|0|0|0|0|0|0|0|0|0|0|0|0|0,100
Ohio,SUV,BEV,2026,0|6|15|22|23|25|16|10|14|17|16|10|8|0|0|0|0|0|0|0|0|0|0|0|0|0|0|0|0|0|0,182
Ohio,SUV,BEV,2027,0|10|17|28|40|39|41|27|16|22|28|24|15|8|0|0|0|0|0|0|0|0|0|0|0|0|0|0|0|0|0,315
Ohio,SUV,BEV,2028,0|13|26|35|49|67|64|65|43|25|33|43|33|15|8|0|0|0|0|0|0|0|0|0|0|0|0|0|0|0|0,519
Ohio,SUV,BEV,2029,0|17|33|50|63|82|108|102|102|68|38|49|62|33|14|7|0|0|0|0|0|0|0|0|0|0|0|0|0|0|0,828
Ohio,SUV,BEV,2030,0|20|44|65|88|106|134|172|161|156|103|56|71|61|32|14|7|0|0|0|0|0|0|0|0|0|0|0|0|0|0,1290
Ohio,SUV,BEV,2031,0|24|51|85|117|147|174|213|270|249|237|154|82|70|60|31|13|6|0|0|0|0|0|0|0|0|0|0|0|0|0,1983
Ohio,SUV,BEV,2032,0|28|63|101|149|196|239|279|334|416|378|351|222|80|68|58|30|12|6|0|0|0|0|0|0|0|0|0|0|0|0,3010
Ohio,SUV,BEV,2033,0|31|70|122|178|249|319|380|439|516|631|561|504|219|79|66|55|27|11|5|0|0|0|0|0|0|0|0|0|0|0,4462
Ohio,SUV,BEV,2034,0|39|81|136|215|300|405|509|596|679|784|935|805|497|214|76|62|51|24|9|4|0|0|0|0|0|0|0|0|0|0,6421
Ohio,SUV,BEV,2035,0|42|99|158|240|361|489|645|801|922|1032|1162|1342|794|486|207|72|58|45|21|8|3|0|0|0|0|0|0|0|0|0,8987
Ohio,SUV,BEV,2036,0|48|108|193|278|401|585|782|1012|1239|1401|1532|1667|1323|776|469|196|67|52|39|17|6|2|0|0|0|0|0|0|0|0,12193
Ohio,SUV,BEV,2037,0|52|121|213|339|466|651|931|1227|1565|1882|2077|2200|1642|1293|749|445|182|60|44|32|13|4|2|0|0|0|0|0|0|0,16190
Ohio,SUV,BEV,2038,0|56|132|235|375|566|755|1038|1460|1895|2376|2790|2981|2168|1605|1249|711|412|163|51|36|25|10|3|1|0|0|0|0|0|0,21093
Ohio,SUV,BEV,2039,0|61|144|257|412|626|914|1201|1626|2254|2874|3520|4003|2937|2119|1551|1185|658|369|140|42|28|18|7|2|1|0|0|0|0|0,26949
Ohio,SUV,BEV,2040,0|65|155|279|450|686|1012|1448|1876|2504|3413|4255|5050|3945|2871|2046|1471|1097|589|317|114|33|21|13|5|1|0|0|0|0|0,33716
Ohio,SUV,BEV,2041,0|68|165|301|487|748|1106|1601|2256|2883|3784|5048|6100|4976|3856|2773|1942|1362|982|506|259|89|24|15|9|3|1|0|0|0|0,41344
Ohio,SUV,BEV,2042,0|71|175|321|526|807|1204|1746|2491|3459|4349|5587|7231|6011|4864|3724|2631|1797|1219|843|413|201|66|17|10|6|2|1|0|0|0,49772
Ohio,SUV,BEV,2043,0|74|181|340|560|870|1298|1895|2710|3812|5208|6409|7991|7125|5875|4697|3534|2435|1609|1046|689|321|149|47|12|7|4|1|0|0|0,58899
Ohio,SUV,BEV,2044,0|77|189|351|592|925|1393|2037|2930|4138|5728|7663|9152|7874|6964|5674|4457|3271|2180|1381|856|535|238|106|32|8|4|3|1|0|0,68759
Ohio,SUV,BEV,2045,0|82|200|366|611|976|1477|2178|3139|4459|6204|8411|10928|9018|7696|6726|5384|4125|2928|1871|1129|665|396|169|73|21|5|3|2|1|0,79243
Ohio,SUV,BEV,2046,0|85|210|387|637|1006|1556|2304|3344|4760|6666|9096|11979|10768|8815|7433|6382|4983|3693|2513|1530|877|492|281|116|49|14|3|2|1|0,89982
Ohio,SUV,BEV,2047,0|88|216|407|674|1050|1602|2423|3528|5050|7091|9746|12936|11804|10526|8513|7053|5907|4461|3170|2055|1189|650|349|193|78|32|9|2|1|1,100804
Ohio,SUV,BEV,2048,0|89|223|419|708|1110|1672|2491|3699|5311|7495|10336|13827|12746|11538|10166|8078|6528|5288|3829|2592|1597|880|461|240|129|51|21|6|1|1,111532
Ohio,SUV,BEV,2049,0|90|228|431|729|1164|1763|2597|3796|5555|7863|10891|14631|13625|12459|11143|9646|7477|5844|4539|3131|2014|1182|625|317|161|85|33|13|4|1,122037
Ohio,SUV,BEV,2050,0|92|231|441|749|1197|1846|2729|3954|5687|8203|11398|15377|14417|13318|12033|10574|8928|6693|5016|3711|2433|1491|839|429|212|106|55|21|9|2,132191
Ohio,SUV,PHEV,2020,0|0|0|0|0|0|0|0|0|0|0|0|0|0|0|0|0|0|0|0|0|0|0|0|0|0|0|0|0|0|0,0
Ohio,SUV,PHEV,2021,0|0|0|0|0|0|0|0|0|0|0|0|0|0|0|0|0|0|0|0|0|0|0|0|0|0|0|0|0|0|0,0
Ohio,SUV,PHEV,2022,0|1|0|0|0|1|1|1|1|0|0|0|0|0|0|0|0|0|0|0|0|0|0|0|0|0|0|0|0|0|0,5
Ohio,SUV,PHEV,2023,0|1|3|0|0|1|2|3|3|3|0|0|0|0|0|0|0|0|0|0|0|0|0|0|0|0|0|0|0|0|0,16
Ohio,SUV,PHEV,2024,0|2|3|5|1|0|3|4|5|5|5|0|0|0|0|0|0|0|0|0|0|0|0|0|0|0|0|0|0|0|0,33
Ohio,SUV,PHEV,2025,0|2|5|5|10|3|1|5|7|10|9|9|0|0|0|0|0|0|0|0|0|0|0|0|0|0|0|0|0|0|0,66
Ohio,SUV,PHEV,2026,0|2|6|10|10|16|5|3|8|12|16|14|14|0|0|0|0|0|0|0|0|0|0|0|0|0|0|0|0|0|0,116
Ohio,SUV,PHEV,2027,0|2|4|12|18|17|25|9|5|13|18|25|20|14|0|0|0|0|0|0|0|0|0|0|0|0|0|0|0|0|0,182
Ohio,SUV,PHEV,2028,0|4|6|9|21|30|28|39|15|10|20|28|35|19|13|0|0|0|0|0|0|0|0|0|0|0|0|0|0|0|0,277
Ohio,SUV,PHEV,2029,0|4|9|11|15|35|49|46|59|24|16|31|41|35|19|13|0|0|0|0|0|0|0|0|0|0|0|0|0|0|0,407
Ohio,SUV,PHEV,2030,0|5|9|17|20|24|57|78|73|90|35|25|44|41|34|18|12|0|0|0|0|0|0|0|0|0|0|0|0|0|0,582
Ohio,SUV,PHEV,2031,0|5|12|18|29|34|39|90|123|114|136|51|35|44|40|33|17|11|0|0|0|0|0|0|0|0|0|0|0|0|0,831
Ohio,SUV,PHEV,2032,0|6|13|23|32|48|54|62|142|189|174|200|73|35|43|38|31|16|10|0|0|0|0|0|0|0|0|0|0|0|0,1189
Ohio,SUV,PHEV,2033,0|7|16|26|41|52|77|85|97|217|287|258|287|72|34|41|36|29|14|9|0|0|0|0|0|0|0|0|0|0|0,1685
Ohio,SUV,PHEV,2034,0|9|20|31|45|68|83|122|133|149|329|426|371|283|70|33|39|34|26|12|7|0|0|0|0|0|0|0|0|0|0,2290
Ohio,SUV,PHEV,2035,0|9|23|39|55|75|109|131|191|203|226|487|610|365|277|68|31|36|30|22|10|5|0|0|0|0|0|0|0|0|0,3002
Ohio,SUV,PHEV,2036,0|10|25|45|69|93|123|173|205|296|307|335|698|601|357|267|64|29|32|26|18|8|4|0|0|0|0|0|0|0|0,3785
Ohio,SUV,PHEV,2037,0|10|25|49|78|115|150|197|269|316|448|453|480|688|587|345|253|59|26|28|21|14|6|3|0|0|0|0|0|0|0,4620
Ohio,SUV,PHEV,2038,0|11|25|48|85|131|186|238|307|414|478|663|649|473|672|567|327|235|53|22|23|16|10|4|2|0|0|0|0|0|0,5639
Ohio,SUV,PHEV,2039,0|11|28|48|83|139|210|293|371|474|626|707|951|640|462|649|538|303|210|46|18|18|12|7|3|1|0|0|0|0|0,6848
Ohio,SUV,PHEV,2040,0|10|28|52|83|138|223|330|453|569|715|923|1010|937|625|446|616|498|271|180|37|14|13|9|5|2|1|0|0|0|0,8188
Ohio,SUV,PHEV,2041,0|11|28|54|90|138|222|349|511|690|854|1054|1320|995|916|604|424|570|446|233|147|29|10|9|6|3|1|1|0|0|0,9715
Ohio,SUV,PHEV,2042,0|12|29|54|93|148|222|349|538|775|1032|1255|1504|1300|973|885|573|392|511|383|190|115|21|7|6|4|2|1|0|0|0,11374
Ohio,SUV,PHEV,2043,0|12|30|57|94|153|236|349|540|814|1158|1511|1788|1482|1271|939|839|530|351|438|313|148|85|15|5|4|3|1|1|0|0,13167
Ohio,SUV,PHEV,2044,0|13|31|57|98|155|243|367|542|820|1213|1693|2147|1761|1449|1228|891|777|475|301|358|243|109|60|10|3|3|2|1|0|0,15050
Ohio,SUV,PHEV,2045,0|13|32|60|98|161|245|377|563|825|1225|1770|2402|2116|1722|1399|1165|825|695|407|246|278|180|78|41|7|2|2|1|1|0,16936
Ohio,SUV,PHEV,2046,0|12|32|61|103|162|255|380|576|849|1232|1790|2508|2367|2068|1663|1328|1078|739|597|333|191|206|128|53|28|5|1|1|1|0,18747
Ohio,SUV,PHEV,2047,0|12|31|61|106|169|256|393|579|865|1260|1801|2539|2471|2314|1998|1578|1229|965|634|488|259|142|146|88|36|18|3|1|1|0,20443
Ohio,SUV,PHEV,2048,0|12|31|60|106|174|267|393|596|867|1277|1831|2554|2502|2416|2234|1895|1460|1100|828|518|379|192|101|100|59|24|12|2|1|0,21991
Ohio,SUV,PHEV,2049,0|12|30|60|104|174|274|408|593|888|1278|1846|2586|2517|2445|2333|2120|1754|1307|944|677|403|281|136|69|67|39|15|8|1|0,23369
Ohio,SUV,PHEV,2050,0|11|30|59|103|171|274|419|612|880|1299|1844|2595|2548|2460|2362|2214|1962|1570|1122|772|526|298|199|93|46|44|25|10|5|1,24554
Oklahoma,Car,BEV,2020,0|0|0|0|0|0|0|0|0|0|0|0|0|0|0|0|0|0|0|0|0|0|0|0|0|0|0|0|0|0|0,0
Oklahoma,Car,BEV,2021,0|0|0|1|0|0|0|0|0|0|0|0|0|0|0|0|0|0|0|0|0|0|0|0|0|0|0|0|0|0|0,1
Oklahoma,Car,BEV,2022,0|0|0|0|3|0|0|0|1|0|0|0|0|0|0|0|0|0|0|0|0|0|0|0|0|0|0|0|0|0|0,4
Oklahoma,Car,BEV,2023,0|0|0|0|1|5|0|0|1|3|0|0|0|0|0|0|0|0|0|0|0|0|0|0|0|0|0|0|0|0|0,10
Oklahoma,Car,BEV,2024,0|0|1|1|0|3|10|1|1|3|5|0|0|0|0|0|0|0|0|0|0|0|0|0|0|0|0|0|0|0|0,25
Oklahoma,Car,BEV,2025,0|0|1|3|3|1|5|16|3|3|5|9|0|0|0|0|0|0|0|0|0|0|0|0|0|0|0|0|0|0|0,49
Oklahoma,Car,BEV,2026,0|2|1|3|5|5|3|10|27|5|5|9|14|0|0|0|0|0|0|0|0|0|0|0|0|0|0|0|0|0|0,89
Oklahoma,Car,BEV,2027,0|2|6|3|5|10|9|5|16|44|8|9|14|14|0|0|0|0|0|0|0|0|0|0|0|0|0|0|0|0|0,145
Oklahoma,Car,BEV,2028,0|5|7|11|5|10|16|14|10|26|69|13|14|14|13|0|0|0|0|0|0|0|0|0|0|0|0|0|0|0|0,227
Oklahoma,Car,BEV,2029,0|5|11|13|19|10|17|27|22|16|42|104|19|14|13|13|0|0|0|0|0|0|0|0|0|0|0|0|0|0|0,345
Oklahoma,Car,BEV,2030,0|6|12|20|24|31|16|28|43|34|25|62|150|18|13|13|12|0|0|0|0|0|0|0|0|0|0|0|0|0|0,507
Oklahoma,Car,BEV,2031,0|6|15|23|34|40|50|25|46|68|52|36|90|148|18|13|12|11|0|0|0|0|0|0|0|0|0|0|0|0|0,687
Oklahoma,Car,BEV,2032,0|8|17|30|41|56|66|79|40|72|103|76|51|89|145|17|12|11|10|0|0|0|0|0|0|0|0|0|0|0|0,923
Oklahoma,Car,BEV,2033,0|9|20|34|53|70|90|106|124|62|110|153|109|50|87|140|17|11|10|9|0|0|0|0|0|0|0|0|0|0|0,1264
Oklahoma,Car,BEV,2034,0|11|23|39|61|88|114|143|167|191|93|163|219|108|49|84|133|15|10|9|7|0|0|0|0|0|0|0|0|0|0,1727
Oklahoma,Car,BEV,2035,0|12|29|46|68|102|143|182|223|257|290|138|235|216|105|48|80|123|14|9|7|5|0|0|0|0|0|0|0|0|0,2332
Oklahoma,Car,BEV,2036,0|14|30|56|81|115|166|228|285|345|390|429|198|232|211|102|45|74|110|12|7|5|4|0|0|0|0|0|0|0|0,3139
Oklahoma,Car,BEV,2037,0|16|36|60|98|136|188|266|354|441|524|578|615|195|226|204|96|42|66|94|10|5|4|3|0|0|0|0|0|0|0,4257
Oklahoma,Car,BEV,2038,0|16|39|69|107|163|221|300|416|544|668|774|828|606|190|219|194|89|37|57|77|7|4|3|2|0|0|0|0|0|0,5630
Oklahoma,Car,BEV,2039,0|17|42|76|120|179|264|351|471|642|822|988|1109|816|592|184|207|179|80|32|46|60|6|3|2|1|0|0|0|0|0,7289
Oklahoma,Car,BEV,2040,0|18|45|81|133|199|290|420|550|727|973|1212|1414|1093|798|572|174|192|160|69|26|36|44|4|2|1|1|0|0|0|0,9234
Oklahoma,Car,BEV,2041,0|20|47|88|143|221|322|461|658|846|1102|1439|1734|1393|1068|770|542|161|172|138|56|20|27|32|3|1|1|1|0|0|0,11466
Oklahoma,Car,BEV,2042,0|21|51|91|153|237|356|509|723|1013|1278|1631|2060|1708|1362|1032|731|502|145|148|113|44|15|19|22|2|1|1|0|0|0,13968
Oklahoma,Car,BEV,2043,0|22|53|99|159|253|380|561|793|1112|1530|1886|2337|2030|1670|1315|979|676|449|124|121|87|32|11|13|15|1|1|0|0|0,16709
Oklahoma,Car,BEV,2044,0|22|55|103|172|265|406|596|868|1216|1679|2257|2697|2303|1984|1613|1248|906|606|386|101|94|65|23|7|9|10|1|0|0|0,19692
Oklahoma,Car,BEV,2045,0|24|58|107|179|284|425|635|919|1320|1829|2476|3226|2658|2251|1916|1530|1155|811|520|315|79|69|46|16|5|6|6|0|0|0,22865
Oklahoma,Car,BEV,2046,0|25|62|113|186|294|452|664|975|1394|1975|2687|3537|3179|2598|2174|1818|1416|1034|696|425|245|58|49|32|11|3|4|4|0|0,26110
Oklahoma,Car,BEV,2047,0|26|63|119|197|306|468|702|1018|1473|2080|2888|3829|3485|3108|2509|2063|1683|1268|888|569|330|181|41|34|21|7|2|2|3|0,29363
Oklahoma,Car,BEV,2048,0|26|65|122|207|323|486|725|1071|1536|2187|3035|4098|3773|3407|3001|2381|1910|1507|1088|726|442|244|129|28|23|14|4|1|2|2,32563
Oklahoma,Car,BEV,2049,0|26|67|124|211|340|512|755|1103|1609|2278|3180|4300|4038|3688|3290|2848|2204|1709|1293|890|564|328|174|88|19|15|9|3|1|1,35667
Oklahoma,Car,BEV,2050,0|27|67|129|215|346|536|792|1146|1650|2375|3305|4491|4237|3947|3562|3122|2636|1973|1467|1057|691|418|233|119|59|13|10|6|2|1,38632
Oklahoma,Car,PHEV,2020,0|0|0|0|0|0|0|0|0|0|0|0|0|0|0|0|0|0|0|0|0|0|0|0|0|0|0|0|0|0|0,0
Oklahoma,Car,PHEV,2021,0|0|0|0|0|0|0|0|0|0|0|0|0|0|0|0|0|0|0|0|0|0|0|0|0|0|0|0|0|0|0,0
Oklahoma,Car,PHEV,2022,0|0|0|0|0|0|0|0|1|0|0|0|0|0|0|0|0|0|0|0|0|0|0|0|0|0|0|0|0|0|0,1
Oklahoma,Car,PHEV,2023,0|0|0|0|0|0|0|0|0|2|0|0|0|0|0|0|0|0|0|0|0|0|0|0|0|0|0|0|0|0|0,2
Oklahoma,Car,PHEV,2024,0|0|0|0|0|0|1|1|1|1|4|0|0|0|0|0|0|0|0|0|0|0|0|0|0|0|0|0|0|0|0,8
Oklahoma,Car,PHEV,2025,0|0|0|0|0|0|0|2|3|3|2|6|0|0|0|0|0|0|0|0|0|0|0|0|0|0|0|0|0|0|0,16
Oklahoma,Car,PHEV,2026,0|0|0|0|0|1|0|0|4|5|5|4|11|0|0|0|0|0|0|0|0|0|0|0|0|0|0|0|0|0|0,30
Oklahoma,Car,PHEV,2027,0|0|0|0|0|0|3|0|1|7|8|10|6|11|0|0|0|0|0|0|0|0|0|0|0|0|0|0|0|0|0,46
Oklahoma,Car,PHEV,2028,0|1|1|1|1|1|1|5|1|3|12|13|15|6|10|0|0|0|0|0|0|0|0|0|0|0|0|0|0|0|0,71
Oklahoma,Car,PHEV,2029,0|1|2|3|3|3|3|3|9|2|5|18|19|15|6|10|0|0|0|0|0|0|0|0|0|0|0|0|0|0|0,102
Oklahoma,Car,PHEV,2030,0|1|3|4|5|6|5|6|6|15|4|9|27|18|14|5|10|0|0|0|0|0|0|0|0|0|0|0|0|0|0,138
Oklahoma,Car,PHEV,2031,0|1|3|5|8|9|11|9|11|11|23|6|14|26|18|14|5|9|0|0|0|0|0|0|0|0|0|0|0|0|0,183
Oklahoma,Car,PHEV,2032,0|2|3|6|9|13|15|18|15|18|17|34|11|14|26|17|13|5|8|0|0|0|0|0|0|0|0|0|0|0|0,244
Oklahoma,Car,PHEV,2033,0|2|4|7|11|15|21|24|27|24|28|26|49|11|13|25|17|12|4|7|0|0|0|0|0|0|0|0|0|0|0,327
Oklahoma,Car,PHEV,2034,0|2|6|9|13|18|24|34|38|42|36|42|37|48|10|13|23|15|11|4|6|0|0|0|0|0|0|0|0|0|0,431
Oklahoma,Car,PHEV,2035,0|3|6|11|16|22|29|38|53|58|63|53|60|37|47|10|12|22|14|9|3|4|0|0|0|0|0|0|0|0|0,570
Oklahoma,Car,PHEV,2036,0|3|8|12|19|26|35|47|58|82|86|92|77|59|36|46|10|11|19|12|8|2|3|0|0|0|0|0|0|0|0,751
Oklahoma,Car,PHEV,2037,0|3|8|14|21|32|43|55|75|88|124|127|132|76|58|35|43|9|10|17|10|6|2|2|0|0|0|0|0|0|0,990
Oklahoma,Car,PHEV,2038,0|3|9|15|23|35|51|68|86|116|132|183|179|130|74|56|33|40|8|9|14|7|4|1|2|0|0|0|0|0|0,1278
Oklahoma,Car,PHEV,2039,0|3|9|16|25|38|57|80|106|131|174|195|262|176|127|71|53|31|36|7|7|11|6|3|1|1|0|0|0|0|0,1626
Oklahoma,Car,PHEV,2040,0|3|9|16|26|41|62|91|126|162|199|256|279|258|172|123|68|49|27|31|6|5|8|4|2|1|1|0|0|0|0,2025
Oklahoma,Car,PHEV,2041,0|4|9|16|27|43|65|97|143|193|245|295|366|275|252|166|116|63|44|23|25|4|4|6|3|1|0|0|0|0|0,2485
Oklahoma,Car,PHEV,2042,0|4|10|16|27|45|68|102|150|219|292|361|423|360|269|243|158|108|56|38|19|20|3|3|4|2|1|0|0|0|0,3001
Oklahoma,Car,PHEV,2043,0|4|9|18|27|44|71|106|158|230|330|432|515|417|352|260|231|146|96|48|31|15|15|2|2|3|1|1|0|0|0,3564
Oklahoma,Car,PHEV,2044,0|4|10|17|30|44|71|110|163|241|347|486|620|508|407|340|247|214|131|83|39|24|11|10|2|1|2|1|0|0|0,4163
Oklahoma,Car,PHEV,2045,0|4|10|18|30|48|71|110|168|247|361|511|695|610|496|393|323|228|191|112|68|31|18|8|7|1|1|1|0|0|0,4761
Oklahoma,Car,PHEV,2046,0|4|10|18|31|48|76|111|168|252|369|527|730|685|597|479|373|299|204|164|92|53|23|13|5|5|1|1|1|0|0,5339
Oklahoma,Car,PHEV,2047,0|4|10|18|32|50|75|117|169|252|372|535|748|719|670|576|455|345|268|175|134|71|39|16|9|4|3|0|0|0|0,5866
Oklahoma,Car,PHEV,2048,0|4|10|18|32|52|78|116|176|253|372|540|757|737|703|647|547|421|309|230|143|104|53|28|11|6|2|2|0|0|0,6351
Oklahoma,Car,PHEV,2049,0|4|10|18|31|52|81|119|175|260|372|539|761|746|721|679|614|506|377|265|188|111|77|38|19|7|4|2|1|0|0,6777
Oklahoma,Car,PHEV,2050,0|4|9|18|31|50|81|122|179|258|379|537|759|750|729|696|644|568|453|323|217|146|82|55|26|13|5|2|1|1|0,7138
Oklahoma,SUV,BEV,2020,0|0|0|0|0|0|0|0|0|0|0|0|0|0|0|0|0|0|0|0|0|0|0|0|0|0|0|0|0|0|0,0
Oklahoma,SUV,BEV,2021,0|0|0|0|0|0|0|0|0|0|0|0|0|0|0|0|0|0|0|0|0|0|0|0|0|0|0|0|0|0|0,0
Oklahoma,SUV,BEV,2022,0|0|0|0|0|0|0|0|0|0|0|0|0|0|0|0|0|0|0|0|0|0|0|0|0|0|0|0|0|0|0,0
Oklahoma,SUV,BEV,2023,0|1|1|0|0|0|0|0|0|0|0|0|0|0|0|0|0|0|0|0|0|0|0|0|0|0|0|0|0|0|0,2
Oklahoma,SUV,BEV,2024,0|2|3|2|0|0|1|1|0|0|0|0|0|0|0|0|0|0|0|0|0|0|0|0|0|0|0|0|0|0|0,9
Oklahoma,SUV,BEV,2025,0|2|5|6|4|1|1|3|3|0|0|0|0|0|0|0|0|0|0|0|0|0|0|0|0|0|0|0|0|0|0,25
Oklahoma,SUV,BEV,2026,0|2|7|10|11|7|3|2|5|5|1|0|0|0|0|0|0|0|0|0|0|0|0|0|0|0|0|0|0|0|0,53
Oklahoma,SUV,BEV,2027,0|5|7|13|18|19|12|5|4|10|9|3|1|0|0|0|0|0|0|0|0|0|0|0|0|0|0|0|0|0|0,106
Oklahoma,SUV,BEV,2028,0|5|11|13|22|30|30|20|10|6|16|14|5|1|0|0|0|0|0|0|0|0|0|0|0|0|0|0|0|0|0,183
Oklahoma,SUV,BEV,2029,0|6|13|20|24|38|49|48|32|16|11|25|20|5|1|0|0|0|0|0|0|0|0|0|0|0|0|0|0|0|0,308
Oklahoma,SUV,BEV,2030,0|8|16|25|35|41|61|78|76|50|25|17|37|19|5|1|0|0|0|0|0|0|0|0|0|0|0|0|0|0|0,494
Oklahoma,SUV,BEV,2031,0|9|20|32|45|57|68|97|122|118|76|36|26|37|19|5|1|0|0|0|0|0|0|0|0|0|0|0|0|0|0,768
Oklahoma,SUV,BEV,2032,0|11|25|40|57|75|93|109|152|188|180|115|51|25|36|18|4|1|0|0|0|0|0|0|0|0|0|0|0|0|0,1180
Oklahoma,SUV,BEV,2033,0|13|29|49|70|96|122|147|172|234|286|267|165|50|25|35|17|4|1|0|0|0|0|0|0|0|0|0|0|0|0,1782
Oklahoma,SUV,BEV,2034,0|17|34|57|86|118|157|196|229|264|356|425|385|163|49|24|33|16|4|1|0|0|0|0|0|0|0|0|0|0|0,2614
Oklahoma,SUV,BEV,2035,0|18|43|67|99|144|193|251|307|354|399|526|609|379|159|48|23|31|14|3|1|0|0|0|0|0|0|0|0|0|0,3668
Oklahoma,SUV,BEV,2036,0|20|47|84|118|165|234|307|394|476|536|592|755|600|370|154|45|21|27|12|3|0|0|0|0|0|0|0|0|0|0,4960
Oklahoma,SUV,BEV,2037,0|22|52|92|147|196|268|371|483|609|723|795|848|744|586|358|146|42|19|23|10|2|0|0|0|0|0|0|0|0|0,6536
Oklahoma,SUV,BEV,2038,0|26|57|103|162|245|318|426|583|747|924|1072|1141|835|727|566|339|135|37|16|19|8|1|0|0|0|0|0|0|0|0,8487
Oklahoma,SUV,BEV,2039,0|27|65|112|181|271|394|504|667|900|1133|1369|1537|1124|816|703|537|314|121|32|13|15|6|1|0|0|0|0|0|0|0,10842
Oklahoma,SUV,BEV,2040,0|29|69|126|199|302|440|621|787|1030|1365|1679|1963|1515|1099|789|667|497|281|104|26|10|11|4|1|0|0|0|0|0|0,13614
Oklahoma,SUV,BEV,2041,0|31|75|135|220|332|488|696|965|1208|1558|2019|2407|1934|1480|1061|748|617|445|241|85|20|8|8|3|0|0|0|0|0|0,16784
Oklahoma,SUV,BEV,2042,0|31|80|145|237|366|536|773|1083|1479|1822|2300|2892|2372|1891|1430|1007|693|552|382|197|66|15|5|5|2|0|0|0|0|0,20361
Oklahoma,SUV,BEV,2043,0|34|82|155|254|395|589|848|1200|1657|2225|2685|3289|2850|2319|1826|1357|932|620|474|312|153|49|11|4|4|1|0|0|0|0,24325
Oklahoma,SUV,BEV,2044,0|36|87|160|271|422|634|927|1316|1833|2490|3271|3832|3241|2786|2239|1733|1256|834|532|388|243|114|35|7|2|2|1|0|0|0,28692
Oklahoma,SUV,BEV,2045,0|38|92|169|279|449|676|996|1434|2009|2754|3658|4663|3776|3168|2690|2125|1604|1124|716|435|301|180|81|24|5|2|2|1|0|0,33451
Oklahoma,SUV,BEV,2046,0|40|97|178|294|462|718|1059|1537|2181|3012|4042|5211|4595|3691|3060|2553|1967|1435|965|586|338|223|128|55|16|3|1|1|0|0,38448
Oklahoma,SUV,BEV,2047,0|41|101|188|310|485|738|1121|1630|2331|3258|4415|5754|5135|4491|3565|2903|2363|1760|1232|789|455|250|158|88|37|10|2|1|1|0,43612
Oklahoma,SUV,BEV,2048,0|41|104|195|327|511|773|1152|1718|2467|3474|4762|6278|5670|5020|4337|3382|2687|2115|1511|1007|613|337|178|109|59|24|7|1|0|0,48859
Oklahoma,SUV,BEV,2049,0|43|105|201|339|538|811|1203|1763|2591|3666|5066|6757|6186|5542|4848|4116|3131|2405|1815|1236|783|454|239|122|73|39|16|4|1|0,54093
Oklahoma,SUV,BEV,2050,0|44|109|205|348|556|852|1259|1836|2653|3841|5337|7173|6658|6047|5353|4600|3809|2802|2065|1484|960|580|322|164|82|48|25|10|3|1,59226
Oklahoma,SUV,PHEV,2020,0|0|0|0|0|0|0|0|0|0|0|0|0|0|0|0|0|0|0|0|0|0|0|0|0|0|0|0|0|0|0,0
Oklahoma,SUV,PHEV,2021,0|0|0|0|0|0|0|0|0|0|0|0|0|0|0|0|0|0|0|0|0|0|0|0|0|0|0|0|0|0|0,0
Oklahoma,SUV,PHEV,2022,0|0|0|0|0|0|0|0|0|0|0|0|0|0|0|0|0|0|0|0|0|0|0|0|0|0|0|0|0|0|0,0
Oklahoma,SUV,PHEV,2023,0|0|0|0|0|0|0|0|0|0|0|0|0|0|0|0|0|0|0|0|0|0|0|0|0|0|0|0|0|0|0,0
Oklahoma,SUV,PHEV,2024,0|2|1|1|0|0|0|0|0|0|0|0|0|0|0|0|0|0|0|0|0|0|0|0|0|0|0|0|0|0|0,4
Oklahoma,SUV,PHEV,2025,0|3|7|3|3|0|0|0|0|0|0|0|0|0|0|0|0|0|0|0|0|0|0|0|0|0|0|0|0|0|0,16
Oklahoma,SUV,PHEV,2026,0|0|8|13|5|5|0|0|0|0|1|0|0|0|0|0|0|0|0|0|0|0|0|0|0|0|0|0|0|0|0,32
Oklahoma,SUV,PHEV,2027,0|0|1|16|24|10|10|0|0|1|1|2|1|0|0|0|0|0|0|0|0|0|0|0|0|0|0|0|0|0|0,66
Oklahoma,SUV,PHEV,2028,0|1|1|3|28|41|16|16|1|0|2|3|4|1|0|0|0|0|0|0|0|0|0|0|0|0|0|0|0|0|0,117
Oklahoma,SUV,PHEV,2029,0|1|3|3|5|47|67|27|27|3|1|4|5|4|1|0|0|0|0|0|0|0|0|0|0|0|0|0|0|0|0,198
Oklahoma,SUV,PHEV,2030,0|2|3|5|6|9|76|108|45|43|5|3|6|5|4|1|0|0|0|0|0|0|0|0|0|0|0|0|0|0|0,321
Oklahoma,SUV,PHEV,2031,0|2|5|7|10|11|15|121|168|72|67|8|5|6|5|4|1|0|0|0|0|0|0|0|0|0|0|0|0|0|0,507
Oklahoma,SUV,PHEV,2032,0|3|6|10|12|17|19|24|190|258|109|100|13|5|6|5|3|1|0|0|0|0|0|0|0|0|0|0|0|0|0,781
Oklahoma,SUV,PHEV,2033,0|4|9|11|17|20|28|30|38|294|391|162|146|13|5|5|4|3|1|0|0|0|0|0|0|0|0|0|0|0|0,1181
Oklahoma,SUV,PHEV,2034,0|5|10|16|19|27|33|46|48|58|447|581|234|143|12|5|5|4|3|1|0|0|0|0|0|0|0|0|0|0|0,1697
Oklahoma,SUV,PHEV,2035,0|6|12|19|26|31|44|51|74|76|86|663|834|231|140|12|4|5|4|2|1|0|0|0|0|0|0|0|0|0|0,2321
Oklahoma,SUV,PHEV,2036,0|6|15|25|34|43|50|70|80|115|116|128|953|822|225|135|11|4|4|3|2|0|0|0|0|0|0|0|0|0|0,2841
Oklahoma,SUV,PHEV,2037,0|5|14|30|43|56|69|81|110|123|173|172|183|939|803|218|128|10|4|4|3|2|0|0|0|0|0|0|0|0|0,3170
Oklahoma,SUV,PHEV,2038,0|5|11|26|51|70|89|108|127|167|187|255|247|180|918|776|207|119|9|3|3|2|1|0|0|0|0|0|0|0|0,3561
Oklahoma,SUV,PHEV,2039,0|6|12|20|44|82|110|139|167|194|251|276|365|243|176|886|736|191|106|8|3|2|1|1|0|0|0|0|0|0|0,4019
Oklahoma,SUV,PHEV,2040,0|6|13|22|34|72|127|168|212|252|293|371|395|359|238|170|841|681|171|91|7|2|2|1|1|0|0|0|0|0|0,4529
Oklahoma,SUV,PHEV,2041,0|6|13|24|39|57|113|191|252|317|373|431|528|390|351|230|161|779|610|147|75|5|1|1|1|0|0|0|0|0|0,5095
Oklahoma,SUV,PHEV,2042,0|6|14|24|42|64|93|173|282|372|466|541|614|520|381|339|218|149|697|523|120|58|4|1|1|0|0|0|0|0|0,5702
Oklahoma,SUV,PHEV,2043,0|6|13|25|42|68|104|148|260|410|541|672|764|605|509|368|322|202|134|598|428|93|43|3|1|1|0|0|0|0|0,6360
Oklahoma,SUV,PHEV,2044,0|6|14|25|43|68|109|163|230|388|592|776|942|753|591|491|349|298|181|115|489|333|69|31|2|0|0|0|0|0|0,7058
Oklahoma,SUV,PHEV,2045,0|6|14|27|43|71|109|170|250|355|570|842|1084|928|736|571|466|323|267|155|94|380|246|49|21|1|0|0|0|0|0,7778
Oklahoma,SUV,PHEV,2046,0|6|14|27|45|71|113|170|259|381|534|824|1170|1068|907|711|542|431|289|229|127|73|281|175|34|14|1|0|0|0|0,8496
Oklahoma,SUV,PHEV,2047,0|6|14|27|46|74|112|175|259|392|570|790|1159|1153|1044|876|674|501|386|248|187|98|54|200|120|23|9|1|0|0|0,9198
Oklahoma,SUV,PHEV,2048,0|6|14|28|47|76|117|174|266|393|583|832|1128|1142|1127|1009|831|624|449|331|203|146|73|38|137|80|15|6|0|0|0,9875
Oklahoma,SUV,PHEV,2049,0|6|14|28|48|78|120|181|265|400|584|849|1180|1111|1116|1088|957|769|559|385|271|158|108|52|26|92|53|10|4|0|0,10512
Oklahoma,SUV,PHEV,2050,0|6|14|28|48|78|123|184|273|398|591|849|1198|1163|1086|1078|1032|886|689|480|315|211|117|76|36|18|60|34|6|2|0,11079
Oregon,Car,BEV,2020,0|2|2|2|2|5|6|0|0|0|0|0|0|0|0|0|0|0|0|0|0|0|0|0|0|0|0|0|0|0|0,19
Oregon,Car,BEV,2021,0|1|4|7|4|7|11|15|0|0|0|0|0|0|0|0|0|0|0|0|0|0|0|0|0|0|0|0|0|0|0,49
Oregon,Car,BEV,2022,0|2|3|9|13|7|13|20|28|0|0|0|0|0|0|0|0|0|0|0|0|0|0|0|0|0|0|0|0|0|0,95
Oregon,Car,BEV,2023,0|2|4|5|15|24|12|22|33|48|0|0|0|0|0|0|0|0|0|0|0|0|0|0|0|0|0|0|0|0|0,165
Oregon,Car,BEV,2024,0|2|6|9|10|25|41|21|35|54|78|0|0|0|0|0|0|0|0|0|0|0|0|0|0|0|0|0|0|0|0,281
Oregon,Car,BEV,2025,0|3|6|11|15|16|41|68|33|55|84|119|0|0|0|0|0|0|0|0|0|0|0|0|0|0|0|0|0|0|0,451
Oregon,Car,BEV,2026,0|7|6|12|19|24|27|66|110|52|85|128|176|0|0|0|0|0|0|0|0|0|0|0|0|0|0|0|0|0|0,712
Oregon,Car,BEV,2027,0|9|17|12|21|33|39|44|104|172|79|128|187|174|0|0|0|0|0|0|0|0|0|0|0|0|0|0|0|0|0,1019
Oregon,Car,BEV,2028,0|10|23|33|19|35|53|62|69|159|265|120|186|184|170|0|0|0|0|0|0|0|0|0|0|0|0|0|0|0|0,1388
Oregon,Car,BEV,2029,0|13|27|46|57|32|56|83|97|108|241|396|172|183|180|164|0|0|0|0|0|0|0|0|0|0|0|0|0|0|0,1855
Oregon,Car,BEV,2030,0|15|33|53|81|96|51|88|131|149|163|359|571|170|179|174|155|0|0|0|0|0|0|0|0|0|0|0|0|0|0,2468
Oregon,Car,BEV,2031,0|17|38|64|94|136|154|80|139|200|225|241|514|563|166|173|165|144|0|0|0|0|0|0|0|0|0|0|0|0|0,3113
Oregon,Car,BEV,2032,0|17|43|75|114|158|222|242|124|214|303|333|347|507|550|160|164|153|129|0|0|0|0|0|0|0|0|0|0|0|0,3855
Oregon,Car,BEV,2033,0|18|44|83|130|190|258|352|376|188|323|447|477|342|495|532|152|152|137|111|0|0|0|0|0|0|0|0|0|0|0,4807
Oregon,Car,BEV,2034,0|19|47|85|144|217|307|409|552|575|282|475|641|470|334|478|504|141|136|117|90|0|0|0|0|0|0|0|0|0|0,6023
Oregon,Car,BEV,2035,0|22|50|91|149|239|350|487|639|848|863|414|678|632|459|323|454|467|126|117|96|70|0|0|0|0|0|0|0|0|0,7574
Oregon,Car,BEV,2036,0|23|56|98|160|250|385|551|760|982|1282|1269|587|668|618|444|306|420|418|108|95|75|52|0|0|0|0|0|0|0|0,9607
Oregon,Car,BEV,2037,0|28|62|109|173|268|407|609|855|1166|1483|1892|1808|578|653|596|421|284|376|359|88|74|55|37|0|0|0|0|0|0|0,12381
Oregon,Car,BEV,2038,0|29|71|121|190|289|436|647|950|1308|1757|2187|2705|1782|565|630|566|390|254|323|293|69|55|39|25|0|0|0|0|0|0,15681
Oregon,Car,BEV,2039,0|30|74|136|211|316|468|692|1012|1461|1967|2589|3124|2666|1742|546|598|524|349|218|264|228|51|39|27|17|0|0|0|0|0,19349
Oregon,Car,BEV,2040,0|31|77|144|237|351|510|743|1080|1558|2206|2892|3695|3078|2606|1682|518|553|469|299|178|205|169|36|27|18|11|0|0|0|0,23373
Oregon,Car,BEV,2041,0|35|81|150|251|393|566|809|1159|1661|2356|3254|4126|3641|3009|2516|1596|480|495|402|245|138|152|120|25|18|12|7|0|0|0,27697
Oregon,Car,BEV,2042,0|35|88|158|261|413|626|894|1258|1779|2506|3478|4653|4066|3559|2906|2388|1477|429|425|329|190|103|108|82|17|12|8|5|0|0,32253
Oregon,Car,BEV,2043,0|37|90|171|277|431|657|975|1383|1926|2680|3695|4975|4585|3974|3437|2758|2210|1322|368|348|256|141|73|74|55|11|8|5|3|0,36925
Oregon,Car,BEV,2044,0|38|93|175|296|457|684|1018|1489|2107|2894|3944|5277|4902|4482|3838|3262|2552|1978|1135|301|270|189|100|50|50|36|7|5|3|2,41634
Oregon,Car,BEV,2045,0|39|97|181|304|485|725|1061|1549|2237|3150|4247|5624|5199|4792|4328|3642|3019|2285|1698|928|234|200|134|69|33|33|24|5|3|2,46327
Oregon,Car,BEV,2046,0|40|100|187|316|500|767|1122|1613|2318|3304|4603|6044|5541|5082|4628|4107|3371|2702|1961|1389|721|173|142|92|46|22|21|15|3|2,50932
Oregon,Car,BEV,2047,0|40|101|193|325|519|792|1182|1699|2409|3412|4780|6526|5956|5416|4908|4391|3801|3017|2320|1604|1079|534|123|97|62|30|14|14|10|2,55356
Oregon,Car,BEV,2048,0|39|102|196|335|535|823|1223|1789|2533|3539|4921|6723|6430|5822|5231|4657|4064|3403|2590|1897|1246|799|379|84|65|41|20|9|9|6,59510
Oregon,Car,BEV,2049,0|39|101|197|340|551|848|1272|1850|2663|3713|5096|6904|6625|6285|5622|4964|4311|3638|2921|2118|1474|922|567|260|57|43|26|13|6|6,63432
Oregon,Car,BEV,2050,0|40|101|196|343|560|872|1312|1926|2752|3898|5336|7142|6803|6476|6070|5335|4594|3859|3123|2388|1646|1091|655|389|174|37|28|17|8|4,67175
Oregon,Car,PHEV,2020,0|0|1|1|1|1|2|0|0|0|0|0|0|0|0|0|0|0|0|0|0|0|0|0|0|0|0|0|0|0|0,6
Oregon,Car,PHEV,2021,0|0|0|3|3|3|3|7|0|0|0|0|0|0|0|0|0|0|0|0|0|0|0|0|0|0|0|0|0|0|0,19
Oregon,Car,PHEV,2022,0|0|0|0|5|5|6|5|13|0|0|0|0|0|0|0|0|0|0|0|0|0|0|0|0|0|0|0|0|0|0,34
Oregon,Car,PHEV,2023,0|0|0|0|1|10|10|11|10|22|0|0|0|0|0|0|0|0|0|0|0|0|0|0|0|0|0|0|0|0|0,64
Oregon,Car,PHEV,2024,0|0|0|1|1|3|15|16|17|15|34|0|0|0|0|0|0|0|0|0|0|0|0|0|0|0|0|0|0|0|0,102
Oregon,Car,PHEV,2025,0|0|0|0|3|3|6|24|26|28|24|51|0|0|0|0|0|0|0|0|0|0|0|0|0|0|0|0|0|0|0,165
Oregon,Car,PHEV,2026,0|1|0|0|1|5|5|11|37|41|44|35|76|0|0|0|0|0|0|0|0|0|0|0|0|0|0|0|0|0|0,256
Oregon,Car,PHEV,2027,0|2|4|0|0|3|10|10|18|57|63|65|50|75|0|0|0|0|0|0|0|0|0|0|0|0|0|0|0|0|0,357
Oregon,Car,PHEV,2028,0|3|5|7|2|1|6|16|16|29|86|93|95|49|73|0|0|0|0|0|0|0|0|0|0|0|0|0|0|0|0,481
Oregon,Car,PHEV,2029,0|3|7|10|13|5|4|11|25|25|46|128|133|94|48|70|0|0|0|0|0|0|0|0|0|0|0|0|0|0|0,622
Oregon,Car,PHEV,2030,0|3|7|13|17|20|8|7|17|39|39|69|185|131|92|47|67|0|0|0|0|0|0|0|0|0|0|0|0|0|0,761
Oregon,Car,PHEV,2031,0|2|8|13|23|27|31|13|13|26|59|58|99|182|128|89|44|62|0|0|0|0|0|0|0|0|0|0|0|0|0,877
Oregon,Car,PHEV,2032,0|4|7|15|22|38|43|49|19|20|40|86|86|98|178|123|84|41|55|0|0|0|0|0|0|0|0|0|0|0|0,1008
Oregon,Car,PHEV,2033,0|4|9|14|25|36|60|67|73|28|29|57|123|84|96|172|117|78|37|48|0|0|0|0|0|0|0|0|0|0|0,1157
Oregon,Car,PHEV,2034,0|5|10|17|25|42|58|92|104|110|41|43|82|121|82|92|163|108|70|31|39|0|0|0|0|0|0|0|0|0|0,1335
Oregon,Car,PHEV,2035,0|5|11|19|30|42|66|90|142|157|162|57|60|80|118|80|88|151|97|60|26|30|0|0|0|0|0|0|0|0|0,1571
Oregon,Car,PHEV,2036,0|5|12|20|33|49|68|104|138|213|235|234|79|59|79|114|76|81|135|83|49|20|22|0|0|0|0|0|0|0|0,1908
Oregon,Car,PHEV,2037,0|6|12|21|35|54|78|108|160|209|317|344|330|77|58|76|108|70|73|116|68|38|15|16|0|0|0|0|0|0|0,2389
Oregon,Car,PHEV,2038,0|6|14|22|37|58|88|124|169|244|311|462|490|325|76|56|72|100|63|62|95|53|28|11|11|0|0|0|0|0|0,2977
Oregon,Car,PHEV,2039,0|5|14|25|40|61|95|141|193|258|366|454|656|482|318|73|53|67|90|54|51|74|39|20|7|7|0|0|0|0|0,3643
Oregon,Car,PHEV,2040,0|5|13|26|43|66|99|150|219|300|390|536|645|646|472|307|69|49|60|77|44|40|55|28|14|5|5|0|0|0|0,4363
Oregon,Car,PHEV,2041,0|6|13|26|44|71|106|157|234|337|455|577|763|636|632|455|292|64|44|51|63|34|29|39|19|9|3|3|0|0|0,5162
Oregon,Car,PHEV,2042,0|6|14|26|44|73|113|167|244|360|510|673|827|752|621|610|432|270|57|38|42|49|25|21|27|13|6|2|2|0|0,6024
Oregon,Car,PHEV,2043,0|6|14|27|44|73|114|176|258|374|544|753|963|815|735|600|579|400|242|49|31|33|36|18|14|18|8|4|1|1|0,6930
Oregon,Car,PHEV,2044,0|6|15|28|46|73|115|177|267|393|564|802|1077|949|797|710|569|536|358|207|40|24|24|26|12|10|12|5|3|1|1,7847
Oregon,Car,PHEV,2045,0|6|15|29|48|76|116|178|268|401|588|830|1149|1061|927|769|673|527|480|307|170|31|18|17|18|8|6|8|4|2|1,8731
Oregon,Car,PHEV,2046,0|6|15|29|49|79|120|179|268|400|591|859|1184|1132|1037|896|730|623|472|412|251|132|23|13|12|12|5|4|5|2|1,9541
Oregon,Car,PHEV,2047,0|6|14|29|50|81|125|185|270|400|587|854|1218|1167|1106|1002|850|676|558|405|337|195|98|16|9|8|8|4|3|3|1,10265
Oregon,Car,PHEV,2048,0|5|14|27|49|82|128|191|278|401|584|844|1199|1200|1140|1068|950|787|605|479|331|262|145|69|11|6|5|5|2|2|2,10871
Oregon,Car,PHEV,2049,0|5|13|27|47|81|129|195|285|412|586|838|1181|1182|1173|1101|1014|880|704|519|392|257|194|103|48|8|4|3|3|1|1,11386
Oregon,Car,PHEV,2050,0|5|12|25|46|78|127|198|292|419|599|839|1170|1163|1155|1133|1045|938|787|604|424|304|190|137|70|32|5|2|2|2|1,11804
Oregon,SUV,BEV,2020,0|0|0|2|1|1|1|0|0|0|0|0|0|0|0|0|0|0|0|0|0|0|0|0|0|0|0|0|0|0|0,5
Oregon,SUV,BEV,2021,0|1|0|1|4|3|3|3|0|0|0|0|0|0|0|0|0|0|0|0|0|0|0|0|0|0|0|0|0|0|0,15
Oregon,SUV,BEV,2022,0|2|3|1|3|8|5|5|5|0|0|0|0|0|0|0|0|0|0|0|0|0|0|0|0|0|0|0|0|0|0,32
Oregon,SUV,BEV,2023,0|5|7|5|3|6|13|10|9|8|0|0|0|0|0|0|0|0|0|0|0|0|0|0|0|0|0|0|0|0|0,66
Oregon,SUV,BEV,2024,0|5|10|12|10|5|11|22|16|14|13|0|0|0|0|0|0|0|0|0|0|0|0|0|0|0|0|0|0|0|0,118
Oregon,SUV,BEV,2025,0|6|14|19|21|16|10|18|35|27|22|19|0|0|0|0|0|0|0|0|0|0|0|0|0|0|0|0|0|0|0,207
Oregon,SUV,BEV,2026,0|8|17|27|33|36|27|16|29|54|43|33|28|0|0|0|0|0|0|0|0|0|0|0|0|0|0|0|0|0|0,351
Oregon,SUV,BEV,2027,0|12|21|35|49|55|58|44|27|47|82|64|47|27|0|0|0|0|0|0|0|0|0|0|0|0|0|0|0|0|0,568
Oregon,SUV,BEV,2028,0|14|32|41|62|82|89|93|70|44|72|123|94|47|27|0|0|0|0|0|0|0|0|0|0|0|0|0|0|0|0,890
Oregon,SUV,BEV,2029,0|18|36|62|72|104|135|142|146|109|69|107|175|93|45|26|0|0|0|0|0|0|0|0|0|0|0|0|0|0|0,1339
Oregon,SUV,BEV,2030,0|18|45|72|109|122|170|218|223|225|164|104|154|172|91|44|24|0|0|0|0|0|0|0|0|0|0|0|0|0|0,1955
Oregon,SUV,BEV,2031,0|22|47|86|127|184|198|272|342|346|341|243|150|152|169|88|42|23|0|0|0|0|0|0|0|0|0|0|0|0|0,2832
Oregon,SUV,BEV,2032,0|24|57|94|151|214|300|315|428|530|525|505|350|148|149|163|83|39|20|0|0|0|0|0|0|0|0|0|0|0|0,4095
Oregon,SUV,BEV,2033,0|28|62|110|167|252|349|479|496|662|805|777|724|345|145|144|155|77|35|17|0|0|0|0|0|0|0|0|0|0|0,5829
Oregon,SUV,BEV,2034,0|29|70|121|194|282|411|556|753|766|1004|1193|1115|713|337|140|136|143|69|30|14|0|0|0|0|0|0|0|0|0|0,8076
Oregon,SUV,BEV,2035,0|33|75|135|213|325|460|657|874|1164|1160|1489|1715|1099|697|326|133|126|128|59|24|11|0|0|0|0|0|0|0|0|0,10903
Oregon,SUV,BEV,2036,0|37|85|147|235|357|529|734|1032|1349|1765|1718|2136|1690|1074|673|309|123|113|110|48|19|8|0|0|0|0|0|0|0|0,14291
Oregon,SUV,BEV,2037,0|40|94|166|258|392|579|843|1152|1595|2045|2613|2462|2105|1652|1037|639|286|110|97|90|38|14|6|0|0|0|0|0|0|0,18313
Oregon,SUV,BEV,2038,0|44|101|183|289|429|631|920|1321|1780|2418|3028|3747|2426|2057|1595|984|591|256|94|79|70|28|10|4|0|0|0|0|0|0,23085
Oregon,SUV,BEV,2039,0|45|111|197|320|481|692|999|1437|2035|2698|3577|4340|3692|2372|1987|1514|911|529|220|77|62|52|20|7|3|0|0|0|0|0,28378
Oregon,SUV,BEV,2040,0|48|116|215|343|532|772|1093|1553|2207|3078|3991|5126|4276|3609|2291|1885|1401|816|454|180|60|46|37|14|5|2|0|0|0|0,34150
Oregon,SUV,BEV,2041,0|52|124|227|374|569|853|1213|1694|2374|3326|4543|5716|5051|4180|3485|2173|1745|1254|700|372|140|44|32|25|9|3|1|0|0|0,40279
Oregon,SUV,BEV,2042,0|53|130|241|395|617|910|1338|1871|2580|3565|4896|6499|5633|4938|4037|3307|2012|1562|1077|572|289|103|32|22|17|6|2|1|0|0,46705
Oregon,SUV,BEV,2043,0|54|135|252|420|651|984|1423|2062|2841|3860|5230|6986|6404|5506|4769|3830|3061|1801|1341|880|445|214|73|22|15|11|4|1|0|0,53275
Oregon,SUV,BEV,2044,0|57|138|261|439|691|1035|1529|2182|3124|4236|5648|7443|6884|6260|5317|4525|3545|2740|1546|1096|684|329|152|50|15|10|7|3|1|0,59947
Oregon,SUV,BEV,2045,0|58|144|268|454|723|1096|1606|2332|3292|4650|6178|8017|7334|6729|6045|5046|4188|3174|2352|1264|852|506|234|104|34|10|6|5|2|1,66704
Oregon,SUV,BEV,2046,0|61|148|279|467|748|1149|1698|2446|3497|4880|6771|8749|7900|7169|6499|5736|4670|3749|2724|1923|982|631|359|160|70|22|6|4|3|1,73501
Oregon,SUV,BEV,2047,0|62|154|288|486|771|1187|1780|2582|3664|5157|7083|9578|8620|7722|6924|6167|5309|4180|3218|2227|1494|727|448|247|107|46|14|4|3|2,80251
Oregon,SUV,BEV,2048,0|63|158|299|502|800|1227|1839|2707|3862|5398|7451|9991|9438|8426|7458|6570|5708|4753|3588|2631|1731|1106|516|307|165|71|30|9|3|2,86809
Oregon,SUV,BEV,2049,0|64|160|306|521|828|1274|1905|2795|4046|5680|7793|10472|9844|9225|8138|7077|6081|5109|4079|2934|2045|1281|785|354|206|109|46|19|6|2,93184
Oregon,SUV,BEV,2050,0|64|163|310|533|857|1320|1978|2900|4176|5949|8189|10947|10319|9623|8910|7722|6550|5443|4385|3336|2280|1514|910|539|237|135|71|30|12|4,99406
Oregon,SUV,PHEV,2020,0|0|0|0|0|0|0|0|0|0|0|0|0|0|0|0|0|0|0|0|0|0|0|0|0|0|0|0|0|0|0,0
Oregon,SUV,PHEV,2021,0|0|0|0|0|0|0|0|0|0|0|0|0|0|0|0|0|0|0|0|0|0|0|0|0|0|0|0|0|0|0,0
Oregon,SUV,PHEV,2022,0|1|0|0|0|1|1|1|1|0|0|0|0|0|0|0|0|0|0|0|0|0|0|0|0|0|0|0|0|0|0,5
Oregon,SUV,PHEV,2023,0|2|3|0|0|1|3|3|3|3|0|0|0|0|0|0|0|0|0|0|0|0|0|0|0|0|0|0|0|0|0,18
Oregon,SUV,PHEV,2024,0|2|4|5|1|1|3|5|5|5|5|0|0|0|0|0|0|0|0|0|0|0|0|0|0|0|0|0|0|0|0,36
Oregon,SUV,PHEV,2025,0|2|7|9|10|3|2|5|8|10|9|9|0|0|0|0|0|0|0|0|0|0|0|0|0|0|0|0|0|0|0,74
Oregon,SUV,PHEV,2026,0|2|7|13|15|16|5|4|10|13|16|14|14|0|0|0|0|0|0|0|0|0|0|0|0|0|0|0|0|0|0,129
Oregon,SUV,PHEV,2027,0|2|4|13|22|24|27|10|7|16|20|25|20|14|0|0|0|0|0|0|0|0|0|0|0|0|0|0|0|0|0,204
Oregon,SUV,PHEV,2028,0|2|6|8|24|37|39|45|16|12|25|31|35|19|13|0|0|0|0|0|0|0|0|0|0|0|0|0|0|0|0,312
Oregon,SUV,PHEV,2029,0|3|7|12|14|41|59|61|72|26|19|37|45|35|19|13|0|0|0|0|0|0|0|0|0|0|0|0|0|0|0,463
Oregon,SUV,PHEV,2030,0|4|8|14|21|23|67|94|95|113|42|29|53|45|34|18|12|0|0|0|0|0|0|0|0|0|0|0|0|0|0,672
Oregon,SUV,PHEV,2031,0|5|10|15|25|35|37|108|147|146|173|62|42|52|44|33|17|11|0|0|0|0|0|0|0|0|0|0|0|0|0,962
Oregon,SUV,PHEV,2032,0|6|12|19|26|43|55|57|169|227|222|256|90|42|51|42|31|16|10|0|0|0|0|0|0|0|0|0|0|0|0,1374
Oregon,SUV,PHEV,2033,0|6|13|22|33|44|71|87|88|260|345|329|368|89|41|49|40|29|14|9|0|0|0|0|0|0|0|0|0|0|0,1937
Oregon,SUV,PHEV,2034,0|7|16|26|38|54|72|114|137|135|394|512|471|362|87|39|47|37|26|12|7|0|0|0|0|0|0|0|0|0|0,2593
Oregon,SUV,PHEV,2035,0|7|18|32|46|62|88|115|180|211|205|584|733|464|354|84|37|43|33|22|10|5|0|0|0|0|0|0|0|0|0,3333
Oregon,SUV,PHEV,2036,0|7|19|35|55|76|101|141|181|279|319|303|839|722|454|342|80|35|39|28|18|8|4|0|0|0|0|0|0|0|0,4085
Oregon,SUV,PHEV,2037,0|6|18|37|60|91|122|160|220|279|423|470|435|827|706|438|325|74|31|33|23|14|6|3|0|0|0|0|0|0|0,4801
Oregon,SUV,PHEV,2038,0|7|16|35|64|100|146|193|248|340|422|625|673|428|808|681|416|300|66|27|27|18|10|4|2|0|0|0|0|0|0,5656
Oregon,SUV,PHEV,2039,0|7|19|32|62|105|159|227|298|380|512|623|897|663|419|780|647|385|269|57|22|21|13|7|3|1|0|0|0|0|0,6608
Oregon,SUV,PHEV,2040,0|7|19|37|58|103|167|247|347|453|571|754|891|884|648|404|740|599|344|231|46|17|16|9|5|2|1|0|0|0|0,7600
Oregon,SUV,PHEV,2041,0|8|19|37|64|97|165|259|377|523|676|838|1075|878|864|626|384|685|536|296|189|36|12|11|7|3|1|1|0|0|0,8667
Oregon,SUV,PHEV,2042,0|8|21|37|65|105|155|258|393|566|774|986|1193|1059|858|834|594|355|613|460|242|147|27|9|8|4|2|1|0|0|0,9774
Oregon,SUV,PHEV,2043,0|8|21|39|65|107|168|243|394|588|836|1124|1397|1175|1035|829|792|549|318|527|376|188|109|19|6|5|3|1|1|0|0,10923
Oregon,SUV,PHEV,2044,0|8|21|40|68|107|170|262|375|594|868|1211|1584|1377|1149|1000|786|733|492|273|431|292|139|77|13|4|3|2|1|0|0,12080
Oregon,SUV,PHEV,2045,0|8|21|41|69|112|170|264|398|571|882|1254|1705|1561|1346|1109|949|728|656|422|223|335|216|99|53|9|3|2|1|1|0,13208
Oregon,SUV,PHEV,2046,0|8|22|41|71|113|177|264|400|596|851|1280|1766|1680|1526|1300|1053|878|652|563|345|173|248|154|68|35|6|2|1|1|0,14274
Oregon,SUV,PHEV,2047,0|8|21|42|72|117|179|275|401|597|879|1242|1807|1740|1642|1473|1233|974|786|559|460|268|128|176|105|45|23|4|1|1|0,15258
Oregon,SUV,PHEV,2048,0|8|21|41|74|119|185|277|415|599|879|1268|1758|1781|1701|1586|1398|1141|872|675|457|358|199|91|121|71|30|15|2|1|1,16144
Oregon,SUV,PHEV,2049,0|8|21|41|72|121|189|286|418|617|882|1267|1781|1732|1740|1642|1505|1294|1022|749|552|355|265|141|63|81|46|19|10|2|0,16921
Oregon,SUV,PHEV,2050,0|8|21|40|71|119|191|290|431|621|903|1270|1776|1755|1693|1681|1558|1393|1158|877|612|429|263|188|97|42|53|30|13|6|1,17590
Pennsylvania,Car,BEV,2020,0|1|2|0|1|2|2|0|0|0|0|0|0|0|0|0|0|0|0|0|0|0|0|0|0|0|0|0|0|0|0,8
Pennsylvania,Car,BEV,2021,0|1|3|4|1|3|4|7|0|0|0|0|0|0|0|0|0|0|0|0|0|0|0|0|0|0|0|0|0|0|0,23
Pennsylvania,Car,BEV,2022,0|1|2|5|9|3|5|9|13|0|0|0|0|0|0|0|0|0|0|0|0|0|0|0|0|0|0|0|0|0|0,47
Pennsylvania,Car,BEV,2023,0|2|3|4|10|15|5|10|14|22|0|0|0|0|0|0|0|0|0|0|0|0|0|0|0|0|0|0|0|0|0,85
Pennsylvania,Car,BEV,2024,0|2|6|7|8|16|25|9|15|23|35|0|0|0|0|0|0|0|0|0|0|0|0|0|0|0|0|0|0|0|0,146
Pennsylvania,Car,BEV,2025,0|2|7|11|13|13|26|41|15|24|36|52|0|0|0|0|0|0|0|0|0|0|0|0|0|0|0|0|0|0|0,240
Pennsylvania,Car,BEV,2026,0|9|6|13|20|22|22|42|65|24|37|53|77|0|0|0|0|0|0|0|0|0|0|0|0|0|0|0|0|0|0,390
Pennsylvania,Car,BEV,2027,0|11|23|11|22|33|35|35|66|102|36|54|78|76|0|0|0|0|0|0|0|0|0|0|0|0|0|0|0|0|0,582
Pennsylvania,Car,BEV,2028,0|12|29|44|19|37|53|55|55|102|154|53|79|77|74|0|0|0|0|0|0|0|0|0|0|0|0|0|0|0|0,843
Pennsylvania,Car,BEV,2029,0|16|32|58|78|32|59|83|86|84|154|229|77|78|75|71|0|0|0|0|0|0|0|0|0|0|0|0|0|0|0,1212
Pennsylvania,Car,BEV,2030,0|18|41|62|103|131|51|94|130|131|125|229|329|76|76|72|68|0|0|0|0|0|0|0|0|0|0|0|0|0|0,1736
Pennsylvania,Car,BEV,2031,0|22|48|80|110|173|212|80|147|199|199|185|326|325|74|73|69|63|0|0|0|0|0|0|0|0|0|0|0|0|0,2385
Pennsylvania,Car,BEV,2032,0|24|56|95|142|185|281|338|126|226|301|294|266|322|317|71|69|63|56|0|0|0|0|0|0|0|0|0|0|0|0,3232
Pennsylvania,Car,BEV,2033,0|28|62|110|169|238|303|447|532|193|343|445|421|263|314|306|68|64|57|48|0|0|0|0|0|0|0|0|0|0|0,4411
Pennsylvania,Car,BEV,2034,0|31|70|121|194|284|385|483|700|821|292|508|638|415|257|304|291|63|58|49|39|0|0|0|0|0|0|0|0|0|0,6003
Pennsylvania,Car,BEV,2035,0|35|81|137|213|326|463|612|758|1080|1244|431|728|629|405|248|288|269|56|49|40|31|0|0|0|0|0|0|0|0|0,8123
Pennsylvania,Car,BEV,2036,0|38|90|159|241|357|530|736|958|1171|1636|1842|617|717|615|392|235|267|241|48|40|31|23|0|0|0|0|0|0|0|0,10984
Pennsylvania,Car,BEV,2037,0|44|99|176|281|403|579|848|1152|1478|1774|2420|2640|608|701|594|371|218|239|207|39|31|23|16|0|0|0|0|0|0|0,14941
Pennsylvania,Car,BEV,2038,0|46|113|193|310|471|654|924|1331|1776|2237|2625|3469|2602|594|677|563|344|195|205|169|31|23|16|11|0|0|0|0|0|0,19579
Pennsylvania,Car,BEV,2039,0|49|118|220|339|517|765|1042|1449|2054|2686|3309|3761|3419|2543|574|642|521|308|167|168|131|23|16|11|7|0|0|0|0|0,24839
Pennsylvania,Car,BEV,2040,0|53|125|229|385|565|836|1217|1631|2236|3113|3968|4740|3706|3342|2456|544|595|467|264|137|130|97|16|11|7|5|0|0|0|0,30875
Pennsylvania,Car,BEV,2041,0|56|135|243|399|637|910|1326|1904|2511|3386|4604|5681|4670|3623|3227|2331|504|532|401|216|106|96|69|11|8|5|3|0|0|0,37594
Pennsylvania,Car,BEV,2042,0|58|143|262|424|662|1018|1437|2067|2931|3797|5006|6595|5598|4565|3499|3062|2157|451|457|328|168|79|68|47|7|5|3|2|0|0,44896
Pennsylvania,Car,BEV,2043,0|60|147|276|455|700|1059|1590|2228|3169|4427|5604|7169|6499|5472|4409|3320|2834|1931|387|374|255|124|56|47|32|5|3|2|1|0,52635
Pennsylvania,Car,BEV,2044,0|63|153|285|481|751|1117|1655|2440|3399|4769|6526|8012|7064|6353|5284|4184|3073|2537|1657|316|290|188|88|38|31|21|3|2|1|1,60782
Pennsylvania,Car,BEV,2045,0|66|163|298|497|791|1195|1741|2538|3681|5092|7011|9322|7895|6905|6135|5014|3872|2751|2178|1355|246|215|134|61|26|21|14|2|1|1,69221
Pennsylvania,Car,BEV,2046,0|66|168|314|519|818|1259|1857|2665|3830|5461|7454|9991|9186|7717|6668|5822|4641|3466|2361|1781|1053|182|153|92|41|17|13|9|1|1,77606
Pennsylvania,Car,BEV,2047,0|68|170|326|545|853|1301|1953|2830|4011|5679|7934|10590|9845|8979|7453|6328|5388|4154|2975|1931|1384|780|129|105|62|27|11|9|6|1,85827
Pennsylvania,Car,BEV,2048,0|68|173|329|566|895|1356|2014|2970|4242|5936|8245|11202|10435|9623|8671|7072|5857|4823|3566|2433|1500|1024|553|89|70|40|17|7|6|4,93786
Pennsylvania,Car,BEV,2049,0|69|175|334|573|929|1420|2097|3058|4442|6251|8601|11633|11038|10200|9294|8228|6546|5242|4140|2916|1891|1111|727|380|59|46|26|11|5|4,101446
Pennsylvania,Car,BEV,2050,0|70|177|339|582|942|1472|2194|3184|4565|6534|9025|12114|11462|10790|9851|8819|7616|5859|4500|3385|2266|1400|788|499|254|39|30|17|7|3,108783
Pennsylvania,Car,PHEV,2020,0|0|1|1|2|1|2|0|0|0|0|0|0|0|0|0|0|0|0|0|0|0|0|0|0|0|0|0|0|0|0,7
Pennsylvania,Car,PHEV,2021,0|0|0|3|3|4|3|7|0|0|0|0|0|0|0|0|0|0|0|0|0|0|0|0|0|0|0|0|0|0|0,20
Pennsylvania,Car,PHEV,2022,0|0|0|1|5|6|9|5|13|0|0|0|0|0|0|0|0|0|0|0|0|0|0|0|0|0|0|0|0|0|0,39
Pennsylvania,Car,PHEV,2023,0|0|0|0|3|10|11|15|10|24|0|0|0|0|0|0|0|0|0|0|0|0|0|0|0|0|0|0|0|0|0,73
Pennsylvania,Car,PHEV,2024,0|0|0|1|1|5|16|19|24|16|39|0|0|0|0|0|0|0|0|0|0|0|0|0|0|0|0|0|0|0|0,121
Pennsylvania,Car,PHEV,2025,0|0|0|0|3|3|9|26|31|37|26|60|0|0|0|0|0|0|0|0|0|0|0|0|0|0|0|0|0|0|0,195
Pennsylvania,Car,PHEV,2026,0|3|0|0|1|5|5|14|42|49|57|41|90|0|0|0|0|0|0|0|0|0|0|0|0|0|0|0|0|0|0,307
Pennsylvania,Car,PHEV,2027,0|3|6|0|1|3|10|10|22|64|76|85|60|88|0|0|0|0|0|0|0|0|0|0|0|0|0|0|0|0|0,428
Pennsylvania,Car,PHEV,2028,0|3|8|12|2|4|6|16|16|34|96|114|124|59|86|0|0|0|0|0|0|0|0|0|0|0|0|0|0|0|0,580
Pennsylvania,Car,PHEV,2029,0|3|9|15|19|5|7|11|25|26|52|144|164|122|58|83|0|0|0|0|0|0|0|0|0|0|0|0|0|0|0,743
Pennsylvania,Car,PHEV,2030,0|5|9|16|25|32|9|13|18|39|41|77|208|162|119|56|79|0|0|0|0|0|0|0|0|0|0|0|0|0|0,908
Pennsylvania,Car,PHEV,2031,0|5|12|16|29|41|51|15|19|27|59|60|110|204|158|115|53|73|0|0|0|0|0|0|0|0|0|0|0|0|0,1047
Pennsylvania,Car,PHEV,2032,0|5|12|21|29|48|65|80|23|28|43|87|89|109|200|153|109|49|65|0|0|0|0|0|0|0|0|0|0|0|0,1215
Pennsylvania,Car,PHEV,2033,0|6|13|23|38|48|77|103|123|35|42|63|126|87|106|193|145|101|44|56|0|0|0|0|0|0|0|0|0|0|0,1429
Pennsylvania,Car,PHEV,2034,0|7|15|25|41|63|79|122|158|186|53|59|90|124|85|102|183|134|91|38|46|0|0|0|0|0|0|0|0|0|0,1701
Pennsylvania,Car,PHEV,2035,0|7|17|30|45|68|102|126|188|240|279|75|84|89|121|82|97|170|120|78|31|36|0|0|0|0|0|0|0|0|0,2085
Pennsylvania,Car,PHEV,2036,0|7|17|34|53|76|109|160|195|287|360|410|104|82|87|117|78|90|152|103|64|24|26|0|0|0|0|0|0|0|0,2635
Pennsylvania,Car,PHEV,2037,0|8|19|34|59|89|124|173|248|298|429|527|581|103|80|84|111|72|81|130|84|49|18|19|0|0|0|0|0|0|0,3420
Pennsylvania,Car,PHEV,2038,0|9|21|37|60|98|146|199|270|380|448|630|751|573|100|78|80|103|65|69|107|66|37|13|13|0|0|0|0|0|0,4353
Pennsylvania,Car,PHEV,2039,0|9|22|41|65|101|160|233|311|415|573|659|897|740|560|97|74|74|92|56|57|83|48|26|9|9|0|0|0|0|0,5411
Pennsylvania,Car,PHEV,2040,0|9|23|42|71|108|165|255|365|480|629|844|940|884|724|541|92|68|66|79|45|44|61|34|18|6|6|0|0|0|0,6599
Pennsylvania,Car,PHEV,2041,0|10|23|43|73|117|174|263|399|564|729|931|1205|926|864|699|513|85|61|57|65|35|33|43|24|12|4|4|0|0|0,7956
Pennsylvania,Car,PHEV,2042,0|10|25|44|74|120|189|275|411|615|853|1080|1333|1187|905|834|663|475|76|52|46|50|26|23|30|16|8|2|2|0|0,9424
Pennsylvania,Car,PHEV,2043,0|11|25|48|77|122|191|295|427|632|932|1262|1547|1314|1160|874|792|614|425|65|43|36|37|19|16|20|10|5|2|2|0,11003
Pennsylvania,Car,PHEV,2044,0|11|26|48|83|127|194|297|452|652|956|1375|1807|1524|1284|1120|830|733|549|365|53|33|27|26|13|11|13|7|3|1|1,12621
Pennsylvania,Car,PHEV,2045,0|11|26|50|82|135|201|301|453|679|978|1409|1969|1781|1490|1240|1063|768|656|472|298|42|25|19|18|9|7|9|4|2|1,14198
Pennsylvania,Car,PHEV,2046,0|10|26|51|86|135|211|309|459|679|1005|1433|2012|1940|1741|1439|1177|984|687|563|386|232|31|18|13|12|6|5|6|3|1,15660
Pennsylvania,Car,PHEV,2047,0|10|25|50|87|140|211|322|467|685|1001|1457|2034|1982|1896|1681|1365|1089|881|590|460|300|172|22|12|9|8|4|3|4|2,16969
Pennsylvania,Car,PHEV,2048,0|9|24|49|86|141|219|322|484|694|1006|1447|2053|2005|1938|1831|1595|1264|975|756|483|358|222|122|15|8|6|5|2|2|2,18123
Pennsylvania,Car,PHEV,2049,0|9|22|46|84|140|221|332|483|713|1014|1448|2033|2023|1959|1871|1738|1477|1131|837|618|375|265|157|84|10|5|4|3|2|1,19105
Pennsylvania,Car,PHEV,2050,0|8|22|43|80|136|219|335|497|709|1036|1454|2029|2003|1977|1892|1776|1608|1322|971|684|480|278|188|108|56|7|3|2|2|1,19926
Pennsylvania,SUV,BEV,2020,0|0|0|0|0|0|0|0|0|0|0|0|0|0|0|0|0|0|0|0|0|0|0|0|0|0|0|0|0|0|0,0
Pennsylvania,SUV,BEV,2021,0|1|0|0|1|0|0|0|0|0|0|0|0|0|0|0|0|0|0|0|0|0|0|0|0|0|0|0|0|0|0,2
Pennsylvania,SUV,BEV,2022,0|2|2|0|1|3|1|1|1|0|0|0|0|0|0|0|0|0|0|0|0|0|0|0|0|0|0|0|0|0|0,11
Pennsylvania,SUV,BEV,2023,0|5|5|4|1|3|5|3|3|2|0|0|0|0|0|0|0|0|0|0|0|0|0|0|0|0|0|0|0|0|0,31
Pennsylvania,SUV,BEV,2024,0|6|10|10|8|3|5|10|5|5|4|0|0|0|0|0|0|0|0|0|0|0|0|0|0|0|0|0|0|0|0,66
Pennsylvania,SUV,BEV,2025,0|8|15|19|18|14|5|10|16|10|8|6|0|0|0|0|0|0|0|0|0|0|0|0|0|0|0|0|0|0|0,129
Pennsylvania,SUV,BEV,2026,0|11|19|31|33|31|23|10|16|25|16|13|11|0|0|0|0|0|0|0|0|0|0|0|0|0|0|0|0|0|0,239
Pennsylvania,SUV,BEV,2027,0|15|29|38|55|55|51|36|16|26|37|25|19|11|0|0|0|0|0|0|0|0|0|0|0|0|0|0|0|0|0,413
Pennsylvania,SUV,BEV,2028,0|16|37|58|67|92|89|81|56|27|41|54|37|18|10|0|0|0|0|0|0|0|0|0|0|0|0|0|0|0|0,683
Pennsylvania,SUV,BEV,2029,0|18|40|73|102|112|150|142|128|85|43|60|78|37|18|10|0|0|0|0|0|0|0|0|0|0|0|0|0|0|0,1096
Pennsylvania,SUV,BEV,2030,0|22|47|78|128|171|184|239|224|197|127|64|89|77|36|17|10|0|0|0|0|0|0|0|0|0|0|0|0|0|0,1710
Pennsylvania,SUV,BEV,2031,0|25|56|93|136|215|279|295|374|347|299|188|93|87|75|35|17|9|0|0|0|0|0|0|0|0|0|0|0|0|0,2623
Pennsylvania,SUV,BEV,2032,0|28|64|109|165|228|351|446|464|578|526|442|268|92|85|72|33|15|8|0|0|0|0|0|0|0|0|0|0|0|0,3974
Pennsylvania,SUV,BEV,2033,0|31|70|126|192|277|372|560|701|717|876|780|634|265|90|82|69|31|14|7|0|0|0|0|0|0|0|0|0|0|0,5894
Pennsylvania,SUV,BEV,2034,0|38|80|138|223|323|451|591|881|1085|1090|1299|1121|625|259|87|78|63|27|12|6|0|0|0|0|0|0|0|0|0|0,8477
Pennsylvania,SUV,BEV,2035,0|42|97|157|243|374|526|720|928|1364|1648|1616|1865|1105|611|250|82|72|57|23|10|4|0|0|0|0|0|0|0|0|0,11794
Pennsylvania,SUV,BEV,2036,0|46|108|189|278|407|608|841|1130|1433|2074|2444|2321|1838|1080|590|237|76|65|49|19|7|3|0|0|0|0|0|0|0|0,15843
Pennsylvania,SUV,BEV,2037,0|52|118|211|333|465|660|970|1321|1748|2175|3077|3509|2287|1797|1043|560|219|68|56|40|15|6|2|0|0|0|0|0|0|0,20732
Pennsylvania,SUV,BEV,2038,0|55|133|231|370|555|752|1049|1521|2041|2651|3221|4417|3457|2235|1735|990|518|196|59|45|31|11|4|2|0|0|0|0|0|0,26279
Pennsylvania,SUV,BEV,2039,0|59|142|257|406|616|895|1190|1640|2347|3096|3926|4620|4353|3380|2159|1647|916|464|169|48|35|23|8|3|1|0|0|0|0|0,32400
Pennsylvania,SUV,BEV,2040,0|64|150|275|449|674|991|1414|1853|2521|3555|4584|5632|4552|4255|3264|2049|1524|820|398|138|37|26|16|5|2|1|0|0|0|0,39249
Pennsylvania,SUV,BEV,2041,0|67|162|291|479|743|1082|1559|2192|2837|3805|5255|6570|5549|4450|4109|3097|1896|1364|704|326|107|28|19|11|4|1|0|0|0|0,46707
Pennsylvania,SUV,BEV,2042,0|68|171|314|508|791|1188|1698|2411|3346|4267|5607|7522|6474|5424|4298|3899|2867|1697|1171|575|253|79|20|13|7|2|1|0|0|0,54671
Pennsylvania,SUV,BEV,2043,0|71|174|331|548|839|1265|1855|2617|3665|5016|6269|8008|7412|6328|5239|4078|3609|2566|1457|958|447|187|56|13|9|5|2|0|0|0,63024
Pennsylvania,SUV,BEV,2044,0|76|182|338|576|903|1342|1975|2844|3967|5473|7352|8929|7891|7245|6111|4971|3774|3230|2202|1191|744|331|133|39|9|6|3|1|0|0,71838
Pennsylvania,SUV,BEV,2045,0|79|192|353|590|950|1441|2094|3027|4292|5907|7995|10450|8799|7713|6997|5799|4601|3379|2773|1801|926|551|235|91|26|6|4|2|1|0,81074
Pennsylvania,SUV,BEV,2046,0|80|202|372|616|973|1515|2240|3206|4564|6367|8610|11335|10297|8600|7449|6639|5367|4119|2900|2267|1400|685|391|161|61|17|4|2|1|0,90440
Pennsylvania,SUV,BEV,2047,0|83|206|391|647|1016|1552|2357|3422|4830|6764|9248|12187|11169|10065|8306|7069|6145|4805|3535|2371|1762|1036|486|268|108|40|11|2|2|1,99884
Pennsylvania,SUV,BEV,2048,0|86|212|399|679|1066|1619|2416|3597|5141|7156|9817|13054|12008|10917|9721|7882|6542|5501|4124|2891|1843|1304|735|334|180|71|26|7|2|1,109331
Pennsylvania,SUV,BEV,2049,0|88|219|411|696|1117|1699|2520|3687|5402|7596|10378|13848|12863|11738|10544|9224|7295|5856|4721|3372|2246|1364|926|505|224|118|46|17|5|1,118726
Pennsylvania,SUV,BEV,2050,0|89|224|424|717|1146|1777|2640|3844|5532|7975|10993|14633|13645|12574|11336|10005|8537|6530|5027|3861|2621|1663|968|636|338|147|77|30|11|3,128003
Pennsylvania,SUV,PHEV,2020,0|0|0|0|0|0|0|0|0|0|0|0|0|0|0|0|0|0|0|0|0|0|0|0|0|0|0|0|0|0|0,0
Pennsylvania,SUV,PHEV,2021,0|0|0|0|0|1|0|1|0|0|0|0|0|0|0|0|0|0|0|0|0|0|0|0|0|0|0|0|0|0|0,2
Pennsylvania,SUV,PHEV,2022,0|1|0|0|0|1|3|1|3|0|0|0|0|0|0|0|0|0|0|0|0|0|0|0|0|0|0|0|0|0|0,9
Pennsylvania,SUV,PHEV,2023,0|2|3|0|0|1|3|5|3|5|0|0|0|0|0|0|0|0|0|0|0|0|0|0|0|0|0|0|0|0|0,22
Pennsylvania,SUV,PHEV,2024,0|3|4|6|1|1|3|5|9|5|8|0|0|0|0|0|0|0|0|0|0|0|0|0|0|0|0|0|0|0|0,45
Pennsylvania,SUV,PHEV,2025,0|5|8|9|11|3|3|5|10|14|10|13|0|0|0|0|0|0|0|0|0|0|0|0|0|0|0|0|0|0|0,91
Pennsylvania,SUV,PHEV,2026,0|2|11|16|15|19|5|5|10|16|22|16|19|0|0|0|0|0|0|0|0|0|0|0|0|0|0|0|0|0|0,156
Pennsylvania,SUV,PHEV,2027,0|4|7|20|28|26|30|10|9|16|25|33|25|18|0|0|0|0|0|0|0|0|0|0|0|0|0|0|0|0|0,251
Pennsylvania,SUV,PHEV,2028,0|4|9|13|35|48|42|48|17|14|25|38|47|24|18|0|0|0|0|0|0|0|0|0|0|0|0|0|0|0|0,382
Pennsylvania,SUV,PHEV,2029,0|5|10|17|22|57|78|67|77|28|22|39|55|47|24|17|0|0|0|0|0|0|0|0|0|0|0|0|0|0|0,565
Pennsylvania,SUV,PHEV,2030,0|5|11|19|28|38|92|125|106|119|44|33|57|54|45|23|17|0|0|0|0|0|0|0|0|0|0|0|0|0|0,816
Pennsylvania,SUV,PHEV,2031,0|5|12|20|33|46|61|145|196|163|181|65|48|56|53|44|22|15|0|0|0|0|0|0|0|0|0|0|0|0|0,1165
Pennsylvania,SUV,PHEV,2032,0|6|13|23|34|54|75|97|227|305|248|269|95|47|55|51|42|20|14|0|0|0|0|0|0|0|0|0|0|0|0,1675
Pennsylvania,SUV,PHEV,2033,0|8|16|26|41|57|88|120|152|351|462|369|387|94|46|53|49|39|18|12|0|0|0|0|0|0|0|0|0|0|0,2388
Pennsylvania,SUV,PHEV,2034,0|9|22|32|47|69|91|141|190|235|532|686|530|382|92|45|50|45|35|15|10|0|0|0|0|0|0|0|0|0|0,3258
Pennsylvania,SUV,PHEV,2035,0|9|24|41|57|79|113|144|219|293|356|790|985|522|373|89|43|47|40|30|13|7|0|0|0|0|0|0|0|0|0,4274
Pennsylvania,SUV,PHEV,2036,0|9|25|46|71|95|129|181|225|339|445|526|1133|971|511|360|84|39|42|35|24|10|6|0|0|0|0|0|0|0|0,5306
Pennsylvania,SUV,PHEV,2037,0|8|24|49|80|119|154|205|283|348|514|658|754|1116|949|493|342|78|35|36|28|19|7|4|0|0|0|0|0|0|0,6303
Pennsylvania,SUV,PHEV,2038,0|10|22|47|87|133|191|244|321|438|526|760|944|743|1091|917|468|317|70|30|29|22|14|5|3|0|0|0|0|0|0,7432
Pennsylvania,SUV,PHEV,2039,0|10|25|44|83|143|212|299|378|493|664|779|1088|930|726|1054|870|433|283|60|25|23|16|10|4|2|0|0|0|0|0,8654
Pennsylvania,SUV,PHEV,2040,0|10|25|48|78|137|227|330|457|576|743|981|1114|1072|909|702|1000|805|388|243|49|19|17|12|7|2|1|0|0|0|0,9952
Pennsylvania,SUV,PHEV,2041,0|11|25|48|85|130|219|350|505|689|860|1093|1402|1098|1048|878|666|926|721|333|199|38|14|12|8|5|2|1|0|0|0,11366
Pennsylvania,SUV,PHEV,2042,0|10|28|50|85|140|209|341|532|759|1022|1258|1558|1382|1073|1012|833|616|828|619|272|155|28|10|8|5|3|1|0|0|0,12837
Pennsylvania,SUV,PHEV,2043,0|12|27|54|87|141|224|328|522|794|1123|1485|1785|1535|1351|1036|960|771|552|711|506|211|114|20|7|5|3|2|1|0|0,14367
Pennsylvania,SUV,PHEV,2044,0|12|29|52|93|144|227|349|509|784|1169|1627|2097|1758|1500|1304|983|889|690|473|581|393|157|81|14|5|4|2|1|0|0,15927
Pennsylvania,SUV,PHEV,2045,0|12|30|55|92|153|231|353|534|771|1160|1689|2294|2066|1719|1449|1238|910|795|593|387|452|291|111|56|9|3|2|1|1|0,17457
Pennsylvania,SUV,PHEV,2046,0|12|30|58|96|151|242|359|540|802|1147|1683|2374|2260|2020|1660|1375|1146|815|683|485|301|335|207|76|37|6|2|2|1|1,18906
Pennsylvania,SUV,PHEV,2047,0|12|30|58|100|157|239|374|549|811|1185|1670|2371|2339|2209|1951|1575|1272|1025|699|558|377|223|237|142|51|25|4|1|1|1,20246
Pennsylvania,SUV,PHEV,2048,0|11|29|57|100|163|249|370|566|822|1197|1716|2361|2337|2287|2134|1851|1458|1139|880|572|434|279|158|163|95|34|16|3|1|1,21483
Pennsylvania,SUV,PHEV,2049,0|10|28|56|98|163|257|383|562|845|1210|1730|2413|2326|2284|2208|2025|1713|1305|978|720|444|321|198|109|109|62|22|10|2|1,22592
Pennsylvania,SUV,PHEV,2050,0|10|27|54|97|161|257|393|578|837|1239|1745|2431|2377|2274|2206|2096|1874|1534|1120|799|559|329|228|136|73|72|41|14|7|1,23569
Rhode Island,Car,BEV,2020,0|0|0|0|0|0|0|0|0|0|0|0|0|0|0|0|0|0|0|0|0|0|0|0|0|0|0|0|0|0|0,0
Rhode Island,Car,BEV,2021,0|0|0|0|0|0|0|0|0|0|0|0|0|0|0|0|0|0|0|0|0|0|0|0|0|0|0|0|0|0|0,0
Rhode Island,Car,BEV,2022,0|0|0|0|0|0|0|0|0|0|0|0|0|0|0|0|0|0|0|0|0|0|0|0|0|0|0|0|0|0|0,0
Rhode Island,Car,BEV,2023,0|0|0|0|0|0|0|0|0|0|0|0|0|0|0|0|0|0|0|0|0|0|0|0|0|0|0|0|0|0|0,0
Rhode Island,Car,BEV,2024,0|0|0|0|0|0|1|0|0|0|1|0|0|0|0|0|0|0|0|0|0|0|0|0|0|0|0|0|0|0|0,2
Rhode Island,Car,BEV,2025,0|0|0|0|0|0|1|2|0|0|1|3|0|0|0|0|0|0|0|0|0|0|0|0|0|0|0|0|0|0|0,7
Rhode Island,Car,BEV,2026,0|2|0|0|0|0|0|3|4|0|1|3|5|0|0|0|0|0|0|0|0|0|0|0|0|0|0|0|0|0|0,18
Rhode Island,Car,BEV,2027,0|2|4|0|0|1|1|1|5|7|1|3|5|5|0|0|0|0|0|0|0|0|0|0|0|0|0|0|0|0|0,35
Rhode Island,Car,BEV,2028,0|2|7|9|0|1|3|3|3|8|12|3|5|5|5|0|0|0|0|0|0|0|0|0|0|0|0|0|0|0|0,66
Rhode Island,Car,BEV,2029,0|4|7|13|15|1|3|5|5|5|13|18|5|5|5|5|0|0|0|0|0|0|0|0|0|0|0|0|0|0|0,109
Rhode Island,Car,BEV,2030,0|5|10|13|22|24|3|7|10|10|10|19|27|5|5|5|4|0|0|0|0|0|0|0|0|0|0|0|0|0|0,179
Rhode Island,Car,BEV,2031,0|5|11|19|24|37|38|6|12|16|16|16|28|26|5|5|4|4|0|0|0|0|0|0|0|0|0|0|0|0|0,272
Rhode Island,Car,BEV,2032,0|5|12|21|33|42|59|59|11|19|25|25|23|27|26|5|4|4|4|0|0|0|0|0|0|0|0|0|0|0|0,404
Rhode Island,Car,BEV,2033,0|6|13|23|37|54|69|93|91|17|30|38|35|22|27|25|4|4|4|3|0|0|0|0|0|0|0|0|0|0|0,595
Rhode Island,Car,BEV,2034,0|6|15|25|41|62|87|111|146|140|26|46|55|35|22|26|23|4|4|3|3|0|0|0|0|0|0|0|0|0|0,880
Rhode Island,Car,BEV,2035,0|7|15|29|45|70|101|139|175|224|212|40|65|54|34|21|24|22|4|3|3|2|0|0|0|0|0|0|0|0|0,1289
Rhode Island,Car,BEV,2036,0|7|16|29|49|75|115|161|216|271|340|313|57|64|53|33|20|23|19|3|3|2|1|0|0|0|0|0|0|0|0,1870
Rhode Island,Car,BEV,2037,0|8|18|33|52|81|122|185|252|335|411|504|448|56|63|51|31|18|20|17|3|2|1|1|0|0|0|0|0|0|0,2712
Rhode Island,Car,BEV,2038,0|9|21|36|58|88|132|195|290|388|508|611|723|442|55|60|49|29|17|17|14|2|1|1|1|0|0|0|0|0|0,3747
Rhode Island,Car,BEV,2039,0|9|23|41|64|97|143|211|306|449|589|754|876|712|432|53|57|45|26|14|14|11|1|1|1|0|0|0|0|0|0,4929
Rhode Island,Car,BEV,2040,0|9|24|43|71|107|157|228|330|475|682|872|1081|863|696|417|50|53|40|22|12|11|8|1|1|0|0|0|0|0|0,6253
Rhode Island,Car,BEV,2041,0|10|25|46|75|118|173|250|358|510|721|1011|1250|1065|844|672|396|47|47|35|18|9|8|6|1|0|0|0|0|0|0,7695
Rhode Island,Car,BEV,2042,0|10|27|48|80|124|190|274|390|551|773|1069|1451|1232|1041|815|638|366|42|41|28|14|7|6|4|0|0|0|0|0|0,9221
Rhode Island,Car,BEV,2043,0|10|27|52|85|132|198|298|426|598|833|1145|1533|1430|1204|1005|773|590|328|36|33|22|10|5|4|3|0|0|0|0|0,10780
Rhode Island,Car,BEV,2044,0|11|27|53|89|138|209|308|455|651|902|1230|1640|1511|1398|1163|954|716|529|281|29|26|16|7|3|3|2|0|0|0|0,12351
Rhode Island,Car,BEV,2045,0|11|29|53|91|146|218|322|470|685|976|1327|1758|1616|1477|1350|1103|883|641|454|230|23|19|12|5|2|2|1|0|0|0,13904
Rhode Island,Car,BEV,2046,0|12|29|56|93|149|230|337|489|703|1015|1430|1891|1732|1580|1426|1281|1021|790|550|371|179|17|14|8|3|1|1|1|0|0,15409
Rhode Island,Car,BEV,2047,0|12|30|57|97|153|236|352|511|727|1035|1470|2029|1863|1693|1526|1353|1186|914|678|450|288|132|12|9|5|2|1|1|0|0,16822
Rhode Island,Car,BEV,2048,0|12|30|58|99|160|242|362|533|759|1066|1494|2070|2000|1821|1636|1448|1252|1061|785|555|349|213|94|8|6|3|1|1|0|0,18118
Rhode Island,Car,BEV,2049,0|12|30|58|100|163|252|373|546|789|1107|1531|2097|2040|1955|1759|1552|1340|1121|911|642|431|259|152|65|5|4|2|1|0|0,19297
Rhode Island,Car,BEV,2050,0|12|30|57|99|164|257|386|563|807|1150|1587|2144|2066|1994|1888|1669|1436|1200|962|745|499|319|184|104|43|4|3|1|1|0,20374
Rhode Island,Car,PHEV,2020,0|0|0|0|0|0|0|0|0|0|0|0|0|0|0|0|0|0|0|0|0|0|0|0|0|0|0|0|0|0|0,0
Rhode Island,Car,PHEV,2021,0|0|0|0|0|0|0|0|0|0|0|0|0|0|0|0|0|0|0|0|0|0|0|0|0|0|0|0|0|0|0,0
Rhode Island,Car,PHEV,2022,0|0|0|0|0|0|0|0|0|0|0|0|0|0|0|0|0|0|0|0|0|0|0|0|0|0|0|0|0|0|0,0
Rhode Island,Car,PHEV,2023,0|0|0|0|0|0|0|0|0|1|0|0|0|0|0|0|0|0|0|0|0|0|0|0|0|0|0|0|0|0|0,1
Rhode Island,Car,PHEV,2024,0|0|0|0|0|0|0|1|1|0|3|0|0|0|0|0|0|0|0|0|0|0|0|0|0|0|0|0|0|0|0,5
Rhode Island,Car,PHEV,2025,0|0|0|0|0|0|0|1|2|3|1|5|0|0|0|0|0|0|0|0|0|0|0|0|0|0|0|0|0|0|0,12
Rhode Island,Car,PHEV,2026,0|0|0|0|0|0|0|0|3|4|5|3|9|0|0|0|0|0|0|0|0|0|0|0|0|0|0|0|0|0|0,24
Rhode Island,Car,PHEV,2027,0|0|0|0|0|0|0|0|1|5|6|8|5|9|0|0|0|0|0|0|0|0|0|0|0|0|0|0|0|0|0,34
Rhode Island,Car,PHEV,2028,0|0|0|0|0|0|0|0|0|2|10|11|13|5|9|0|0|0|0|0|0|0|0|0|0|0|0|0|0|0|0,50
Rhode Island,Car,PHEV,2029,0|0|1|1|1|0|0|0|1|1|4|16|17|13|5|8|0|0|0|0|0|0|0|0|0|0|0|0|0|0|0,68
Rhode Island,Car,PHEV,2030,0|0|1|3|3|3|0|0|1|3|3|6|25|16|12|5|8|0|0|0|0|0|0|0|0|0|0|0|0|0|0,89
Rhode Island,Car,PHEV,2031,0|1|1|3|6|6|6|0|0|2|5|5|11|24|16|12|4|7|0|0|0|0|0|0|0|0|0|0|0|0|0,109
Rhode Island,Car,PHEV,2032,0|1|2|3|6|11|11|11|1|1|4|10|9|11|24|16|11|4|6|0|0|0|0|0|0|0|0|0|0|0|0,142
Rhode Island,Car,PHEV,2033,0|1|3|4|6|11|17|18|18|2|3|6|15|9|10|23|15|10|4|6|0|0|0|0|0|0|0|0|0|0|0,181
Rhode Island,Car,PHEV,2034,0|1|3|5|8|11|18|26|27|27|4|5|10|15|9|10|22|14|9|3|5|0|0|0|0|0|0|0|0|0|0,232
Rhode Island,Car,PHEV,2035,0|1|3|5|10|14|18|27|40|42|41|7|8|10|14|8|10|20|12|8|3|4|0|0|0|0|0|0|0|0|0,305
Rhode Island,Car,PHEV,2036,0|1|3|6|10|16|23|29|41|60|63|58|12|8|9|14|8|9|18|11|7|2|3|0|0|0|0|0|0|0|0,411
Rhode Island,Car,PHEV,2037,0|1|3|7|11|17|25|36|47|62|89|92|83|12|8|9|13|7|8|15|9|5|1|2|0|0|0|0|0|0|0,562
Rhode Island,Car,PHEV,2038,0|2|4|7|12|18|28|40|56|75|92|132|132|81|11|7|9|12|6|7|13|7|4|1|1|0|0|0|0|0|0,757
Rhode Island,Car,PHEV,2039,0|2|5|7|13|19|29|45|62|85|113|136|189|130|80|11|7|8|11|6|6|10|5|3|1|1|0|0|0|0|0,984
Rhode Island,Car,PHEV,2040,0|2|5|9|13|21|31|47|70|96|128|166|194|186|127|77|10|6|7|9|5|4|7|4|2|0|1|0|0|0|0,1227
Rhode Island,Car,PHEV,2041,0|2|5|9|15|21|33|49|75|109|145|189|239|191|182|123|73|10|6|6|8|4|3|5|2|1|0|0|0|0|0,1505
Rhode Island,Car,PHEV,2042,0|2|6|9|15|24|34|52|77|116|165|215|270|235|187|176|116|67|9|5|5|6|3|2|4|2|1|0|0|0|0,1803
Rhode Island,Car,PHEV,2043,0|2|6|10|15|24|38|54|81|119|176|243|309|266|230|180|167|108|60|7|4|4|4|2|2|2|1|1|0|0|0,2115
Rhode Island,Car,PHEV,2044,0|2|6|10|16|24|38|56|83|124|180|261|349|304|260|222|171|154|96|52|6|3|3|3|1|1|2|1|0|0|0,2428
Rhode Island,Car,PHEV,2045,0|2|6|10|16|25|37|57|85|125|188|266|374|344|297|252|211|158|138|83|42|5|2|2|2|1|1|1|0|0|0,2730
Rhode Island,Car,PHEV,2046,0|2|6|10|17|25|39|56|86|126|186|275|382|368|336|287|239|195|142|119|68|33|3|2|1|1|1|0|1|0|0,3006
Rhode Island,Car,PHEV,2047,0|2|6|10|17|27|39|59|85|126|186|270|391|376|360|325|273|221|175|122|97|53|24|2|1|1|1|0|0|0|0,3249
Rhode Island,Car,PHEV,2048,0|2|5|10|16|27|42|59|88|125|184|266|380|386|367|348|308|252|198|150|99|75|39|17|2|1|1|1|0|0|0,3448
Rhode Island,Car,PHEV,2049,0|2|5|9|16|26|42|63|88|128|182|262|372|375|377|355|330|285|226|170|123|77|56|28|12|1|0|0|0|0|0,3610
Rhode Island,Car,PHEV,2050,0|1|5|9|15|25|40|63|92|128|185|258|365|366|366|364|337|305|255|194|139|95|57|40|19|8|1|0|0|0|0,3732
Rhode Island,SUV,BEV,2020,0|0|0|0|0|0|0|0|0|0|0|0|0|0|0|0|0|0|0|0|0|0|0|0|0|0|0|0|0|0|0,0
Rhode Island,SUV,BEV,2021,0|0|0|0|0|0|0|0|0|0|0|0|0|0|0|0|0|0|0|0|0|0|0|0|0|0|0|0|0|0|0,0
Rhode Island,SUV,BEV,2022,0|0|0|0|0|0|0|0|0|0|0|0|0|0|0|0|0|0|0|0|0|0|0|0|0|0|0|0|0|0|0,0
Rhode Island,SUV,BEV,2023,0|0|0|0|0|0|0|0|0|0|0|0|0|0|0|0|0|0|0|0|0|0|0|0|0|0|0|0|0|0|0,0
Rhode Island,SUV,BEV,2024,0|0|0|0|0|0|0|0|0|0|0|0|0|0|0|0|0|0|0|0|0|0|0|0|0|0|0|0|0|0|0,0
Rhode Island,SUV,BEV,2025,0|0|1|0|0|0|0|0|0|0|0|0|0|0|0|0|0|0|0|0|0|0|0|0|0|0|0|0|0|0|0,1
Rhode Island,SUV,BEV,2026,0|1|1|2|1|1|0|0|0|0|0|0|0|0|0|0|0|0|0|0|0|0|0|0|0|0|0|0|0|0|0,6
Rhode Island,SUV,BEV,2027,0|2|3|3|4|3|3|1|0|1|1|1|0|0|0|0|0|0|0|0|0|0|0|0|0|0|0|0|0|0|0,22
Rhode Island,SUV,BEV,2028,0|2|6|6|5|7|6|5|3|1|2|3|2|0|0|0|0|0|0|0|0|0|0|0|0|0|0|0|0|0|0,48
Rhode Island,SUV,BEV,2029,0|3|7|11|11|10|12|11|10|5|3|4|5|2|0|0|0|0|0|0|0|0|0|0|0|0|0|0|0|0|0,94
Rhode Island,SUV,BEV,2030,0|5|8|13|20|19|16|21|17|16|10|5|6|5|2|0|0|0|0|0|0|0|0|0|0|0|0|0|0|0|0,163
Rhode Island,SUV,BEV,2031,0|5|11|16|23|33|31|26|33|28|25|16|7|6|5|2|0|0|0|0|0|0|0|0|0|0|0|0|0|0|0,267
Rhode Island,SUV,BEV,2032,0|5|12|20|28|39|53|50|42|52|44|38|24|7|6|5|2|0|0|0|0|0|0|0|0|0|0|0|0|0|0,427
Rhode Island,SUV,BEV,2033,0|5|12|23|35|48|64|84|79|65|78|66|55|23|7|5|4|2|0|0|0|0|0|0|0|0|0|0|0|0|0,655
Rhode Island,SUV,BEV,2034,0|6|13|23|41|57|78|102|131|122|98|118|96|54|23|6|5|4|1|0|0|0|0|0|0|0|0|0|0|0|0,978
Rhode Island,SUV,BEV,2035,0|7|15|27|41|68|93|125|160|202|187|147|169|95|53|22|6|5|4|1|0|0|0|0|0|0|0|0|0|0|0,1427
Rhode Island,SUV,BEV,2036,0|7|17|30|47|70|109|148|196|247|306|278|210|167|93|51|21|6|4|3|1|0|0|0|0|0|0|0|0|0|0,2011
Rhode Island,SUV,BEV,2037,0|8|20|34|54|79|115|174|230|304|374|453|400|207|163|90|49|19|5|4|3|1|0|0|0|0|0|0|0|0|0,2786
Rhode Island,SUV,BEV,2038,0|9|22|39|61|89|129|184|273|356|462|552|651|394|203|157|85|45|17|4|3|2|1|0|0|0|0|0|0|0|0,3738
Rhode Island,SUV,BEV,2039,0|9|24|43|68|102|144|205|290|421|539|686|793|641|386|196|149|79|40|15|4|2|1|0|0|0|0|0|0|0|0,4837
Rhode Island,SUV,BEV,2040,0|10|24|46|74|112|165|228|321|447|638|799|984|781|627|372|186|138|70|35|12|3|2|1|0|0|0|0|0|0|0,6075
Rhode Island,SUV,BEV,2041,0|11|27|47|80|124|181|260|355|494|678|944|1145|970|763|606|353|172|124|61|28|9|2|1|1|0|0|0|0|0|0,7436
Rhode Island,SUV,BEV,2042,0|12|29|52|84|133|198|287|402|547|746|1005|1353|1128|948|737|575|327|154|106|49|22|7|1|1|0|0|0|0|0|0,8903
Rhode Island,SUV,BEV,2043,0|12|30|56|90|139|212|309|445|614|826|1101|1441|1333|1102|916|700|532|293|132|87|38|16|5|1|1|0|0|0|0|0,10431
Rhode Island,SUV,BEV,2044,0|12|30|58|97|149|222|331|477|680|922|1215|1575|1420|1303|1065|869|648|476|251|108|67|28|12|3|1|0|0|0|0|0,12019
Rhode Island,SUV,BEV,2045,0|13|30|58|99|158|237|345|507|722|1019|1352|1735|1552|1388|1259|1010|804|580|409|205|84|50|20|8|2|0|0|0|0|0,13646
Rhode Island,SUV,BEV,2046,0|13|31|59|100|162|250|367|528|763|1074|1492|1923|1709|1517|1340|1194|935|720|498|334|160|62|35|14|5|1|0|0|0|0,15286
Rhode Island,SUV,BEV,2047,0|13|33|61|103|164|256|385|559|793|1128|1563|2119|1895|1671|1465|1272|1105|837|618|407|260|118|44|24|9|3|1|0|0|0,16906
Rhode Island,SUV,BEV,2048,0|13|33|63|106|169|262|394|584|834|1171|1634|2211|2088|1852|1614|1390|1177|990|719|505|316|192|84|30|16|6|2|1|0|0,18456
Rhode Island,SUV,BEV,2049,0|13|34|64|111|176|269|405|597|871|1228|1694|2302|2179|2041|1789|1531|1287|1054|849|588|393|234|136|58|20|11|4|1|0|0,19939
Rhode Island,SUV,BEV,2050,0|13|34|65|112|182|280|417|614|890|1279|1771|2384|2269|2130|1971|1698|1417|1152|904|695|457|291|166|94|39|13|7|3|1|0,21348
Rhode Island,SUV,PHEV,2020,0|0|0|0|0|0|0|0|0|0|0|0|0|0|0|0|0|0|0|0|0|0|0|0|0|0|0|0|0|0|0,0
Rhode Island,SUV,PHEV,2021,0|0|0|0|0|0|0|0|0|0|0|0|0|0|0|0|0|0|0|0|0|0|0|0|0|0|0|0|0|0|0,0
Rhode Island,SUV,PHEV,2022,0|0|0|0|0|0|0|0|0|0|0|0|0|0|0|0|0|0|0|0|0|0|0|0|0|0|0|0|0|0|0,0
Rhode Island,SUV,PHEV,2023,0|0|0|0|0|0|0|0|0|0|0|0|0|0|0|0|0|0|0|0|0|0|0|0|0|0|0|0|0|0|0,0
Rhode Island,SUV,PHEV,2024,0|0|0|0|0|0|0|0|0|0|0|0|0|0|0|0|0|0|0|0|0|0|0|0|0|0|0|0|0|0|0,0
Rhode Island,SUV,PHEV,2025,0|0|0|0|0|0|0|0|0|0|0|0|0|0|0|0|0|0|0|0|0|0|0|0|0|0|0|0|0|0|0,0
Rhode Island,SUV,PHEV,2026,0|0|0|1|1|1|0|0|0|0|1|0|0|0|0|0|0|0|0|0|0|0|0|0|0|0|0|0|0|0|0,4
Rhode Island,SUV,PHEV,2027,0|0|0|1|3|3|3|0|0|0|1|2|1|0|0|0|0|0|0|0|0|0|0|0|0|0|0|0|0|0|0,14
Rhode Island,SUV,PHEV,2028,0|0|0|0|3|5|5|5|1|0|1|2|4|1|0|0|0|0|0|0|0|0|0|0|0|0|0|0|0|0|0,27
Rhode Island,SUV,PHEV,2029,0|0|1|1|1|5|10|8|10|2|1|3|4|4|1|0|0|0|0|0|0|0|0|0|0|0|0|0|0|0|0,51
Rhode Island,SUV,PHEV,2030,0|0|1|2|3|3|10|16|13|16|4|2|5|4|4|1|0|0|0|0|0|0|0|0|0|0|0|0|0|0|0,84
Rhode Island,SUV,PHEV,2031,0|0|1|3|4|5|5|17|25|21|25|6|4|5|4|4|1|0|0|0|0|0|0|0|0|0|0|0|0|0|0,130
Rhode Island,SUV,PHEV,2032,0|1|1|3|5|8|10|9|28|39|32|36|11|4|5|4|3|1|0|0|0|0|0|0|0|0|0|0|0|0|0,200
Rhode Island,SUV,PHEV,2033,0|1|3|3|6|9|13|16|15|44|59|48|51|11|4|5|3|3|1|0|0|0|0|0|0|0|0|0|0|0|0,295
Rhode Island,SUV,PHEV,2034,0|1|4|6|7|11|15|21|25|23|69|87|69|50|10|4|4|3|3|1|0|0|0|0|0|0|0|0|0|0|0,413
Rhode Island,SUV,PHEV,2035,0|1|4|7|11|12|18|24|34|39|34|102|127|68|49|10|3|4|3|2|1|0|0|0|0|0|0|0|0|0|0,553
Rhode Island,SUV,PHEV,2036,0|1|4|7|13|17|20|29|38|52|58|51|148|125|66|48|10|3|4|2|2|0|0|0|0|0|0|0|0|0|0,698
Rhode Island,SUV,PHEV,2037,0|1|4|8|13|20|26|32|46|57|79|85|74|145|122|64|45|9|3|3|2|2|0|0|0|0|0|0|0|0|0,840
Rhode Island,SUV,PHEV,2038,0|1|4|8|14|21|32|41|50|71|85|118|122|73|142|118|61|42|8|2|3|2|1|0|0|0|0|0|0|0|0,1019
Rhode Island,SUV,PHEV,2039,0|2|4|8|14|23|34|50|63|78|107|126|169|120|71|137|112|56|37|7|2|2|1|1|0|0|0|0|0|0|0,1224
Rhode Island,SUV,PHEV,2040,0|2|5|9|14|23|36|53|76|96|118|157|178|167|117|69|130|104|50|32|6|2|1|1|1|0|0|0|0|0|0,1447
Rhode Island,SUV,PHEV,2041,0|2|5|10|15|22|37|56|82|115|143|176|223|175|163|113|65|121|93|43|26|4|1|1|1|0|0|0|0|0|0,1692
Rhode Island,SUV,PHEV,2042,0|2|5|9|16|24|36|58|86|123|169|209|253|220|171|157|108|60|108|80|35|20|3|1|1|0|0|0|0|0|0,1954
Rhode Island,SUV,PHEV,2043,0|2|5|9|15|25|37|55|89|130|185|245|297|249|215|166|149|100|54|93|65|27|15|2|1|0|0|0|0|0|0,2230
Rhode Island,SUV,PHEV,2044,0|2|6|9|15|24|39|57|86|134|195|270|347|293|243|208|157|138|89|46|76|51|20|11|2|0|0|0|0|0|0,2518
Rhode Island,SUV,PHEV,2045,0|2|6|10|15|24|38|60|87|129|201|283|383|342|286|235|197|145|124|77|38|59|37|14|7|1|0|0|0|0|0,2800
Rhode Island,SUV,PHEV,2046,0|2|6|10|16|24|39|59|90|132|193|293|401|378|334|276|223|182|130|106|63|29|44|27|10|5|1|0|0|0|0,3073
Rhode Island,SUV,PHEV,2047,0|2|6|10|17|25|39|61|89|134|197|282|415|395|369|323|262|206|163|112|87|49|22|31|18|7|3|0|0|0|0,3324
Rhode Island,SUV,PHEV,2048,0|2|6|10|17|27|40|61|92|132|198|285|401|409|386|357|306|243|185|140|91|67|36|15|21|12|4|2|0|0|0,3545
Rhode Island,SUV,PHEV,2049,0|2|5|10|17|27|43|62|92|136|196|285|402|395|400|373|338|284|217|159|115|71|50|26|11|14|8|3|1|0|0,3742
Rhode Island,SUV,PHEV,2050,0|2|5|9|16|27|43|66|94|136|200|283|400|396|386|386|354|313|254|186|130|89|53|35|18|7|9|5|2|1|0,3905
South Carolina,Car,BEV,2020,0|0|0|0|0|0|0|0|0|0|0|0|0|0|0|0|0|0|0|0|0|0|0|0|0|0|0|0|0|0|0,0
South Carolina,Car,BEV,2021,0|0|0|0|0|0|0|1|0|0|0|0|0|0|0|0|0|0|0|0|0|0|0|0|0|0|0|0|0|0|0,1
South Carolina,Car,BEV,2022,0|0|0|0|1|0|0|1|3|0|0|0|0|0|0|0|0|0|0|0|0|0|0|0|0|0|0|0|0|0|0,5
South Carolina,Car,BEV,2023,0|0|0|0|1|3|0|1|3|5|0|0|0|0|0|0|0|0|0|0|0|0|0|0|0|0|0|0|0|0|0,13
South Carolina,Car,BEV,2024,0|0|1|1|1|3|5|1|3|5|8|0|0|0|0|0|0|0|0|0|0|0|0|0|0|0|0|0|0|0|0,28
South Carolina,Car,BEV,2025,0|0|1|3|3|2|5|10|3|5|8|13|0|0|0|0|0|0|0|0|0|0|0|0|0|0|0|0|0|0|0,53
South Carolina,Car,BEV,2026,0|4|1|3|5|5|4|10|16|5|8|13|19|0|0|0|0|0|0|0|0|0|0|0|0|0|0|0|0|0|0,93
South Carolina,Car,BEV,2027,0|5|10|3|5|9|9|7|16|25|9|13|19|18|0|0|0|0|0|0|0|0|0|0|0|0|0|0|0|0|0,148
South Carolina,Car,BEV,2028,0|6|12|19|5|10|15|15|12|25|38|14|19|18|18|0|0|0|0|0|0|0|0|0|0|0|0|0|0|0|0,226
South Carolina,Car,BEV,2029,0|7|15|23|33|9|17|24|24|19|38|56|20|18|18|17|0|0|0|0|0|0|0|0|0|0|0|0|0|0|0,338
South Carolina,Car,BEV,2030,0|9|18|31|41|55|15|27|38|37|30|56|82|19|18|17|17|0|0|0|0|0|0|0|0|0|0|0|0|0|0,510
South Carolina,Car,BEV,2031,0|10|23|36|54|70|89|24|43|58|55|46|81|80|19|17|17|15|0|0|0|0|0|0|0|0|0|0|0|0|0,737
South Carolina,Car,BEV,2032,0|11|26|45|65|91|114|142|38|67|86|81|65|79|79|18|17|15|14|0|0|0|0|0|0|0|0|0|0|0|0,1053
South Carolina,Car,BEV,2033,0|13|29|51|79|110|148|182|222|58|101|128|116|64|78|76|17|15|14|12|0|0|0|0|0|0|0|0|0|0|0,1513
South Carolina,Car,BEV,2034,0|15|33|58|90|132|180|236|285|344|86|150|183|114|63|75|72|16|14|12|10|0|0|0|0|0|0|0|0|0|0,2168
South Carolina,Car,BEV,2035,0|17|38|64|101|151|215|289|370|442|521|127|216|180|112|60|71|67|14|12|10|7|0|0|0|0|0|0|0|0|0,3084
South Carolina,Car,BEV,2036,0|18|43|75|113|169|245|342|454|574|671|770|182|213|176|108|57|66|60|12|10|7|6|0|0|0|0|0|0|0|0,4371
South Carolina,Car,BEV,2037,0|22|47|84|132|190|275|390|537|703|870|994|1104|179|208|170|102|53|59|51|10|7|6|4|0|0|0|0|0|0|0,6197
South Carolina,Car,BEV,2038,0|22|55|91|148|222|308|439|612|829|1068|1289|1429|1088|175|201|161|95|47|51|42|8|6|4|3|0|0|0|0|0|0,8393
South Carolina,Car,BEV,2039,0|26|58|107|161|247|362|491|689|947|1257|1582|1851|1408|1064|169|191|149|85|41|41|33|6|4|3|2|0|0|0|0|0,10974
South Carolina,Car,BEV,2040,0|27|65|112|186|270|400|577|771|1066|1437|1860|2272|1824|1376|1027|161|177|134|73|33|32|24|4|3|2|1|0|0|0|0,13914
South Carolina,Car,BEV,2041,0|29|68|124|198|309|437|635|906|1190|1615|2129|2666|2238|1783|1329|975|149|158|115|60|26|24|17|3|2|1|1|0|0|0,17187
South Carolina,Car,BEV,2042,0|29|73|132|215|328|494|692|990|1395|1802|2392|3054|2627|2188|1722|1261|902|133|136|94|46|19|17|12|2|1|1|0|0|0,20757
South Carolina,Car,BEV,2043,0|31|76|142|230|355|525|776|1075|1521|2111|2667|3429|3010|2568|2113|1634|1167|808|114|111|73|34|14|12|8|1|1|0|0|0,24606
South Carolina,Car,BEV,2044,0|33|80|148|247|380|567|823|1192|1644|2291|3117|3818|3379|2942|2480|2005|1512|1045|693|93|86|54|24|9|8|5|1|0|0|0,28676
South Carolina,Car,BEV,2045,0|34|85|156|257|407|606|885|1263|1802|2469|3372|4458|3763|3303|2841|2353|1856|1353|897|567|73|64|38|17|6|5|3|1|0|0,32934
South Carolina,Car,BEV,2046,0|36|88|165|272|425|646|943|1352|1907|2679|3619|4811|4393|3678|3190|2696|2178|1661|1162|733|440|54|45|26|11|4|3|2|0|0,37219
South Carolina,Car,BEV,2047,0|37|91|172|287|449|676|1003|1440|2036|2830|3899|5146|4741|4294|3552|3027|2495|1950|1426|950|570|326|38|31|18|7|3|2|1|0,41497
South Carolina,Car,BEV,2048,0|37|94|177|299|472|713|1049|1530|2164|3013|4113|5513|5071|4634|4147|3370|2801|2234|1673|1166|738|422|231|26|21|12|5|2|1|1,45729
South Carolina,Car,BEV,2049,0|38|94|182|308|492|749|1106|1598|2293|3195|4366|5809|5432|4957|4476|3935|3120|2508|1917|1368|906|546|300|159|18|14|8|3|1|1,49899
South Carolina,Car,BEV,2050,0|39|97|182|315|506|782|1162|1683|2394|3381|4623|6151|5723|5310|4787|4247|3642|2792|2152|1568|1063|671|388|206|106|12|9|5|2|1,53999
South Carolina,Car,PHEV,2020,0|0|0|0|0|0|0|0|0|0|0|0|0|0|0|0|0|0|0|0|0|0|0|0|0|0|0|0|0|0|0,0
South Carolina,Car,PHEV,2021,0|0|0|0|0|0|0|1|0|0|0|0|0|0|0|0|0|0|0|0|0|0|0|0|0|0|0|0|0|0|0,1
South Carolina,Car,PHEV,2022,0|0|0|0|0|0|1|0|3|0|0|0|0|0|0|0|0|0|0|0|0|0|0|0|0|0|0|0|0|0|0,4
South Carolina,Car,PHEV,2023,0|0|0|0|0|1|1|2|1|5|0|0|0|0|0|0|0|0|0|0|0|0|0|0|0|0|0|0|0|0|0,10
South Carolina,Car,PHEV,2024,0|0|0|0|0|0|3|3|4|3|9|0|0|0|0|0|0|0|0|0|0|0|0|0|0|0|0|0|0|0|0,22
South Carolina,Car,PHEV,2025,0|0|0|0|0|0|0|5|5|7|5|14|0|0|0|0|0|0|0|0|0|0|0|0|0|0|0|0|0|0|0,36
South Carolina,Car,PHEV,2026,0|0|0|0|0|0|0|1|9|10|12|8|20|0|0|0|0|0|0|0|0|0|0|0|0|0|0|0|0|0|0,60
South Carolina,Car,PHEV,2027,0|1|1|0|0|0|1|1|3|15|16|18|13|19|0|0|0|0|0|0|0|0|0|0|0|0|0|0|0|0|0,88
South Carolina,Car,PHEV,2028,0|2|3|3|0|0|0|3|3|5|23|25|27|13|19|0|0|0|0|0|0|0|0|0|0|0|0|0|0|0|0,126
South Carolina,Car,PHEV,2029,0|2|4|5|6|0|0|1|5|5|10|34|35|26|12|18|0|0|0|0|0|0|0|0|0|0|0|0|0|0|0,163
South Carolina,Car,PHEV,2030,0|2|4|8|10|11|0|1|3|10|9|16|49|35|26|12|17|0|0|0|0|0|0|0|0|0|0|0|0|0|0,213
South Carolina,Car,PHEV,2031,0|2|5|9|14|17|18|1|2|6|16|14|24|48|34|25|11|16|0|0|0|0|0|0|0|0|0|0|0|0|0,262
South Carolina,Car,PHEV,2032,0|2|5|10|15|23|26|30|4|4|11|24|20|23|47|33|23|10|14|0|0|0|0|0|0|0|0|0|0|0|0,324
South Carolina,Car,PHEV,2033,0|2|7|10|17|24|37|42|48|7|7|16|33|19|23|46|31|22|9|12|0|0|0|0|0|0|0|0|0|0|0,412
South Carolina,Car,PHEV,2034,0|4|7|13|18|28|38|59|65|76|11|12|23|33|19|22|43|29|19|8|10|0|0|0|0|0|0|0|0|0|0,537
South Carolina,Car,PHEV,2035,0|4|9|14|22|30|46|61|92|99|115|16|18|22|32|18|21|40|26|17|7|8|0|0|0|0|0|0|0|0|0,717
South Carolina,Car,PHEV,2036,0|4|9|17|25|38|50|74|95|141|149|170|23|17|22|31|17|19|36|22|14|5|6|0|0|0|0|0|0|0|0,984
South Carolina,Car,PHEV,2037,0|5|10|17|29|43|61|80|116|144|213|220|243|22|17|21|30|16|17|31|18|11|4|4|0|0|0|0|0|0|0,1372
South Carolina,Car,PHEV,2038,0|5|11|18|30|48|71|97|127|179|219|312|315|239|22|16|20|27|14|15|25|14|8|3|3|0|0|0|0|0|0,1838
South Carolina,Car,PHEV,2039,0|5|11|21|33|50|77|113|153|196|272|323|445|310|234|21|16|18|24|12|12|20|10|6|2|2|0|0|0|0|0,2386
South Carolina,Car,PHEV,2040,0|5|11|21|38|55|82|124|178|236|298|404|461|439|303|226|20|14|17|21|10|9|15|7|4|1|1|0|0|0|0,3000
South Carolina,Car,PHEV,2041,0|5|11|22|38|62|89|131|195|276|359|441|578|454|429|293|214|18|13|14|17|8|7|10|5|3|1|1|0|0|0,3694
South Carolina,Car,PHEV,2042,0|5|12|23|39|62|99|140|204|303|419|531|633|570|444|414|278|198|17|11|12|13|6|5|7|3|2|1|1|0|0,4452
South Carolina,Car,PHEV,2043,0|6|12|24|41|65|99|152|215|315|459|621|762|624|557|429|393|257|178|14|9|9|10|4|3|5|2|1|0|0|0,5266
South Carolina,Car,PHEV,2044,0|6|14|25|42|67|104|153|230|328|475|680|890|751|610|538|407|364|230|152|12|7|7|7|3|2|3|1|1|0|0,6109
South Carolina,Car,PHEV,2045,0|6|14|27|43|69|106|159|232|347|490|701|973|877|734|589|510|377|326|198|125|9|5|5|5|2|1|2|1|0|0,6933
South Carolina,Car,PHEV,2046,0|6|14|27|46|71|110|162|239|349|513|717|1001|958|857|709|559|472|337|280|162|97|7|4|3|3|1|1|1|1|0,7707
South Carolina,Car,PHEV,2047,0|5|14|27|47|75|112|169|245|357|515|742|1019|986|937|828|673|517|423|289|229|126|72|5|3|2|2|1|1|1|0,8422
South Carolina,Car,PHEV,2048,0|5|13|27|46|76|117|171|255|365|525|744|1045|1004|964|905|786|623|463|363|237|178|93|51|3|2|1|1|1|0|1,9065
South Carolina,Car,PHEV,2049,0|5|13|26|46|75|118|180|257|377|533|757|1046|1030|981|931|858|727|557|398|297|184|132|66|35|2|1|1|1|0|0,9634
South Carolina,Car,PHEV,2050,0|5|11|25|44|74|117|181|268|380|550|767|1060|1031|1007|948|884|795|651|478|325|231|136|93|45|23|1|1|1|1|0,10133
South Carolina,SUV,BEV,2020,0|0|0|0|0|0|0|0|0|0|0|0|0|0|0|0|0|0|0|0|0|0|0|0|0|0|0|0|0|0|0,0
South Carolina,SUV,BEV,2021,0|0|0|0|0|0|0|0|0|0|0|0|0|0|0|0|0|0|0|0|0|0|0|0|0|0|0|0|0|0|0,0
South Carolina,SUV,BEV,2022,0|0|0|0|0|0|0|0|0|0|0|0|0|0|0|0|0|0|0|0|0|0|0|0|0|0|0|0|0|0|0,0
South Carolina,SUV,BEV,2023,0|1|1|0|0|0|0|0|0|0|0|0|0|0|0|0|0|0|0|0|0|0|0|0|0|0|0|0|0|0|0,2
South Carolina,SUV,BEV,2024,0|2|3|3|1|0|0|1|0|0|0|0|0|0|0|0|0|0|0|0|0|0|0|0|0|0|0|0|0|0|0,10
South Carolina,SUV,BEV,2025,0|2|4|5|5|2|0|1|3|1|0|0|0|0|0|0|0|0|0|0|0|0|0|0|0|0|0|0|0|0|0,23
South Carolina,SUV,BEV,2026,0|5|6|9|10|9|4|1|3|5|3|1|1|0|0|0|0|0|0|0|0|0|0|0|0|0|0|0|0|0|0,57
South Carolina,SUV,BEV,2027,0|6|11|12|15|16|15|7|3|5|9|5|3|1|0|0|0|0|0|0|0|0|0|0|0|0|0|0|0|0|0,108
South Carolina,SUV,BEV,2028,0|6|15|21|21|26|26|24|12|5|9|14|8|3|1|0|0|0|0|0|0|0|0|0|0|0|0|0|0|0|0,191
South Carolina,SUV,BEV,2029,0|9|17|28|37|34|44|42|37|18|10|14|20|8|3|1|0|0|0|0|0|0|0|0|0|0|0|0|0|0|0,322
South Carolina,SUV,BEV,2030,0|11|22|35|48|61|55|71|65|57|29|16|20|19|8|3|1|0|0|0|0|0|0|0|0|0|0|0|0|0|0,521
South Carolina,SUV,BEV,2031,0|12|28|44|62|80|99|88|112|101|85|45|23|19|19|7|3|1|0|0|0|0|0|0|0|0|0|0|0|0|0,828
South Carolina,SUV,BEV,2032,0|14|32|55|77|104|131|157|139|173|152|126|64|22|19|18|7|2|1|0|0|0|0|0|0|0|0|0|0|0|0,1293
South Carolina,SUV,BEV,2033,0|17|37|63|96|130|170|209|245|214|261|225|178|63|22|18|17|6|2|1|0|0|0|0|0|0|0|0|0|0|0,1974
South Carolina,SUV,BEV,2034,0|20|43|74|112|160|213|273|327|379|325|387|322|175|62|21|17|16|6|2|1|0|0|0|0|0|0|0|0|0|0,2935
South Carolina,SUV,BEV,2035,0|22|52|84|130|188|260|341|429|506|577|481|555|317|171|59|20|16|14|5|2|0|0|0|0|0|0|0|0|0|0,4229
South Carolina,SUV,BEV,2036,0|25|58|102|148|217|305|413|538|665|768|856|691|547|310|166|56|18|14|12|4|1|0|0|0|0|0|0|0|0|0,5914
South Carolina,SUV,BEV,2037,0|29|65|113|179|248|352|485|648|833|1010|1137|1228|681|534|299|157|52|17|12|10|3|1|0|0|0|0|0|0|0|0,8093
South Carolina,SUV,BEV,2038,0|30|73|127|200|300|404|560|761|1002|1266|1499|1630|1210|666|516|284|145|47|14|10|8|2|1|0|0|0|0|0|0|0,10755
South Carolina,SUV,BEV,2039,0|33|78|141|223|334|486|643|879|1175|1519|1877|2153|1607|1183|643|490|263|130|40|12|8|6|2|0|0|0|0|0|0|0,13925
South Carolina,SUV,BEV,2040,0|36|85|152|247|370|540|773|1006|1355|1783|2249|2694|2121|1570|1143|610|453|235|112|33|9|6|4|1|0|0|0|0|0|0,17587
South Carolina,SUV,BEV,2041,0|38|91|165|266|411|596|857|1207|1550|2052|2639|3225|2654|2073|1517|1084|565|406|202|91|26|7|4|3|1|0|0|0|0|0,21730
South Carolina,SUV,BEV,2042,0|40|98|177|288|441|660|942|1334|1854|2342|3034|3782|3178|2594|2002|1439|1003|506|348|165|71|19|5|3|2|0|0|0|0|0,26327
South Carolina,SUV,BEV,2043,0|42|102|188|309|477|707|1037|1463|2045|2797|3457|4343|3727|3107|2506|1900|1332|898|434|285|128|53|13|3|2|1|0|0|0|0,31356
South Carolina,SUV,BEV,2044,0|45|107|197|328|511|763|1110|1602|2236|3079|4122|4943|4280|3643|3000|2377|1759|1192|771|355|221|95|37|9|2|1|1|0|0|0,36786
South Carolina,SUV,BEV,2045,0|47|114|208|343|542|816|1194|1710|2433|3354|4529|5886|4871|4184|3518|2847|2201|1574|1023|630|276|164|67|26|6|1|1|1|0|0,42566
South Carolina,SUV,BEV,2046,0|49|121|221|363|566|864|1274|1833|2594|3631|4919|6455|5800|4761|4040|3338|2635|1970|1351|837|490|204|116|46|17|4|1|1|0|0,48501
South Carolina,SUV,BEV,2047,0|51|125|235|385|600|902|1348|1951|2770|3866|5302|6996|6361|5669|4598|3834|3090|2359|1691|1105|650|363|145|80|31|11|3|1|0|0,54522
South Carolina,SUV,BEV,2048,0|52|129|242|408|634|956|1404|2062|2941|4115|5636|7518|6894|6218|5475|4363|3548|2766|2025|1383|859|481|257|99|53|20|7|2|0|0,60547
South Carolina,SUV,BEV,2049,0|53|133|250|421|671|1008|1486|2144|3101|4356|5983|7979|7408|6738|6005|5196|4038|3176|2374|1656|1074|636|342|177|67|35|13|5|1|0,66526
South Carolina,SUV,BEV,2050,0|54|136|257|434|692|1063|1563|2262|3219|4586|6318|8450|7862|7241|6508|5698|4809|3615|2726|1941|1287|795|451|235|118|44|23|9|3|1,72400
South Carolina,SUV,PHEV,2020,0|0|0|0|0|0|0|0|0|0|0|0|0|0|0|0|0|0|0|0|0|0|0|0|0|0|0|0|0|0|0,0
South Carolina,SUV,PHEV,2021,0|0|0|0|0|0|0|0|0|0|0|0|0|0|0|0|0|0|0|0|0|0|0|0|0|0|0|0|0|0|0,0
South Carolina,SUV,PHEV,2022,0|0|0|0|0|0|0|0|0|0|0|0|0|0|0|0|0|0|0|0|0|0|0|0|0|0|0|0|0|0|0,0
South Carolina,SUV,PHEV,2023,0|0|0|0|0|0|0|0|0|0|0|0|0|0|0|0|0|0|0|0|0|0|0|0|0|0|0|0|0|0|0,0
South Carolina,SUV,PHEV,2024,0|0|0|0|0|0|0|0|0|0|0|0|0|0|0|0|0|0|0|0|0|0|0|0|0|0|0|0|0|0|0,0
South Carolina,SUV,PHEV,2025,0|1|1|1|1|0|0|0|1|1|1|1|0|0|0|0|0|0|0|0|0|0|0|0|0|0|0|0|0|0|0,8
South Carolina,SUV,PHEV,2026,0|1|2|3|3|3|0|0|1|2|3|2|2|0|0|0|0|0|0|0|0|0|0|0|0|0|0|0|0|0|0,22
South Carolina,SUV,PHEV,2027,0|1|2|4|5|5|6|1|0|3|4|5|4|2|0|0|0|0|0|0|0|0|0|0|0|0|0|0|0|0|0,42
South Carolina,SUV,PHEV,2028,0|2|3|4|8|10|10|11|3|1|5|6|9|4|2|0|0|0|0|0|0|0|0|0|0|0|0|0|0|0|0,78
South Carolina,SUV,PHEV,2029,0|2|4|6|8|13|16|16|18|5|3|8|11|9|4|2|0|0|0|0|0|0|0|0|0|0|0|0|0|0|0,125
South Carolina,SUV,PHEV,2030,0|2|4|9|11|14|21|27|26|29|10|5|13|11|9|4|2|0|0|0|0|0|0|0|0|0|0|0|0|0|0,197
South Carolina,SUV,PHEV,2031,0|2|6|9|15|18|23|33|44|42|46|16|9|13|10|8|3|2|0|0|0|0|0|0|0|0|0|0|0|0|0,299
South Carolina,SUV,PHEV,2032,0|4|7|12|15|25|29|37|52|69|64|68|23|9|12|10|8|3|1|0|0|0|0|0|0|0|0|0|0|0|0,448
South Carolina,SUV,PHEV,2033,0|5|9|14|21|26|41|47|57|81|105|94|98|22|9|12|10|7|3|1|0|0|0|0|0|0|0|0|0|0|0,662
South Carolina,SUV,PHEV,2034,0|5|12|17|24|35|43|66|73|86|122|156|136|97|22|8|11|9|6|2|1|0|0|0|0|0|0|0|0|0|0,931
South Carolina,SUV,PHEV,2035,0|6|12|22|30|41|57|69|105|113|129|182|225|134|95|21|8|10|8|6|2|1|0|0|0|0|0|0|0|0|0,1276
South Carolina,SUV,PHEV,2036,0|6|13|24|38|49|66|91|110|160|170|190|261|222|131|91|20|7|9|7|5|2|1|0|0|0|0|0|0|0|0,1673
South Carolina,SUV,PHEV,2037,0|6|13|26|42|62|79|105|143|169|243|249|271|257|217|126|87|18|6|8|6|4|1|0|0|0|0|0|0|0|0,2138
South Carolina,SUV,PHEV,2038,0|6|14|26|45|69|100|126|164|219|256|361|357|267|251|209|120|80|17|6|7|4|3|1|0|0|0|0|0|0|0,2708
South Carolina,SUV,PHEV,2039,0|6|14|27|46|74|112|158|198|251|332|379|517|352|261|242|199|111|72|14|5|5|3|2|1|0|0|0|0|0|0,3381
South Carolina,SUV,PHEV,2040,0|6|15|28|47|75|118|176|245|306|378|491|544|510|344|252|230|184|99|62|12|4|4|2|1|0|0|0|0|0|0,4133
South Carolina,SUV,PHEV,2041,0|6|15|29|49|77|121|185|273|373|462|557|703|536|498|332|240|213|165|85|50|9|3|3|2|1|0|0|0|0|0,4987
South Carolina,SUV,PHEV,2042,0|6|15|30|51|80|124|191|285|418|561|682|796|693|524|481|315|222|191|141|70|39|7|2|2|1|1|0|0|0|0,5928
South Carolina,SUV,PHEV,2043,0|7|16|30|52|84|129|195|295|435|627|823|974|784|677|506|457|292|198|164|116|54|29|5|1|1|1|0|0|0|0,6952
South Carolina,SUV,PHEV,2044,0|7|18|32|54|85|135|202|300|449|653|919|1172|960|766|654|480|423|261|170|134|90|40|21|3|1|1|0|0|0|0,8030
South Carolina,SUV,PHEV,2045,0|7|18|35|56|89|137|210|310|457|671|957|1309|1155|939|740|621|444|378|224|139|104|66|28|14|2|1|1|0|0|0,9112
South Carolina,SUV,PHEV,2046,0|7|18|35|61|92|142|213|320|469|682|982|1361|1290|1129|906|702|574|398|325|183|108|77|47|20|9|1|0|0|0|0,10151
South Carolina,SUV,PHEV,2047,0|7|18|35|61|99|146|220|324|481|696|997|1393|1341|1261|1090|860|650|514|341|266|142|80|55|32|13|6|1|0|0|0,11129
South Carolina,SUV,PHEV,2048,0|6|17|35|61|100|156|226|335|487|710|1012|1413|1373|1311|1217|1035|796|582|441|279|206|105|57|38|22|9|4|1|0|0,12034
South Carolina,SUV,PHEV,2049,0|6|16|34|61|100|157|238|341|501|718|1028|1431|1392|1342|1266|1155|958|713|499|361|217|153|75|39|25|14|6|3|0|0,12849
South Carolina,SUV,PHEV,2050,0|6|16|33|60|101|158|240|356|506|734|1037|1446|1410|1361|1296|1201|1069|857|612|408|280|161|108|51|26|17|9|4|2|0,13565
South Dakota,Car,BEV,2020,0|0|0|0|0|0|0|0|0|0|0|0|0|0|0|0|0|0|0|0|0|0|0|0|0|0|0|0|0|0|0,0
South Dakota,Car,BEV,2021,0|0|0|0|0|0|0|0|0|0|0|0|0|0|0|0|0|0|0|0|0|0|0|0|0|0|0|0|0|0|0,0
South Dakota,Car,BEV,2022,0|0|0|0|0|0|0|0|0|0|0|0|0|0|0|0|0|0|0|0|0|0|0|0|0|0|0|0|0|0|0,0
South Dakota,Car,BEV,2023,0|0|0|0|0|0|0|0|0|0|0|0|0|0|0|0|0|0|0|0|0|0|0|0|0|0|0|0|0|0|0,0
South Dakota,Car,BEV,2024,0|0|0|0|0|0|0|0|0|0|0|0|0|0|0|0|0|0|0|0|0|0|0|0|0|0|0|0|0|0|0,0
South Dakota,Car,BEV,2025,0|0|0|0|0|0|0|0|0|0|0|0|0|0|0|0|0|0|0|0|0|0|0|0|0|0|0|0|0|0|0,0
South Dakota,Car,BEV,2026,0|0|0|0|0|0|0|0|0|0|0|0|0|0|0|0|0|0|0|0|0|0|0|0|0|0|0|0|0|0|0,0
South Dakota,Car,BEV,2027,0|0|0|0|0|0|0|0|0|1|0|0|0|0|0|0|0|0|0|0|0|0|0|0|0|0|0|0|0|0|0,1
South Dakota,Car,BEV,2028,0|0|1|1|0|0|0|0|0|1|2|0|0|0|0|0|0|0|0|0|0|0|0|0|0|0|0|0|0|0|0,5
South Dakota,Car,BEV,2029,0|1|1|3|3|0|0|0|0|0|2|4|0|0|0|0|0|0|0|0|0|0|0|0|0|0|0|0|0|0|0,14
South Dakota,Car,BEV,2030,0|1|3|3|5|5|0|0|1|1|1|4|6|0|0|0|0|0|0|0|0|0|0|0|0|0|0|0|0|0|0,30
South Dakota,Car,BEV,2031,0|1|3|5|5|9|10|0|1|3|3|2|6|6|0|0|0|0|0|0|0|0|0|0|0|0|0|0|0|0|0,54
South Dakota,Car,BEV,2032,0|1|3|5|9|10|15|16|1|3|5|5|4|6|6|0|0|0|0|0|0|0|0|0|0|0|0|0|0|0|0,89
South Dakota,Car,BEV,2033,0|1|3|5|10|15|17|24|26|3|5|10|9|4|6|5|0|0|0|0|0|0|0|0|0|0|0|0|0|0|0,143
South Dakota,Car,BEV,2034,0|2|3|7|10|16|24|28|37|42|5|10|15|9|4|5|5|0|0|0|0|0|0|0|0|0|0|0|0|0|0,222
South Dakota,Car,BEV,2035,0|2|4|7|12|17|25|38|44|57|64|9|16|15|9|4|5|5|0|0|0|0|0|0|0|0|0|0|0|0|0,333
South Dakota,Car,BEV,2036,0|2|5|9|13|20|28|41|58|69|85|94|14|16|14|8|3|5|4|0|0|0|0|0|0|0|0|0|0|0|0,488
South Dakota,Car,BEV,2037,0|3|5|10|15|22|31|45|63|87|104|126|135|14|15|14|8|3|4|4|0|0|0|0|0|0|0|0|0|0|0,708
South Dakota,Car,BEV,2038,0|3|7|11|17|24|36|49|71|97|130|155|179|133|13|15|13|7|3|4|3|0|0|0|0|0|0|0|0|0|0,970
South Dakota,Car,BEV,2039,0|3|8|13|18|28|40|56|78|110|147|192|223|176|130|13|14|12|6|2|3|2|0|0|0|0|0|0|0|0|0,1274
South Dakota,Car,BEV,2040,0|3|8|14|21|30|45|64|87|120|167|218|274|220|172|125|12|13|11|6|2|2|2|0|0|0|0|0|0|0|0,1616
South Dakota,Car,BEV,2041,0|3|8|14|24|35|49|71|101|134|183|246|313|270|215|166|119|11|12|9|5|2|2|1|0|0|0|0|0|0|0,1993
South Dakota,Car,BEV,2042,0|4|9|15|25|39|56|78|111|155|203|270|354|308|264|208|158|110|10|10|8|4|1|1|1|0|0|0|0|0|0,2402
South Dakota,Car,BEV,2043,0|4|10|17|26|42|61|87|120|169|233|299|387|349|301|255|197|146|99|9|8|6|3|1|1|1|0|0|0|0|0,2831
South Dakota,Car,BEV,2044,0|4|10|18|28|43|66|94|134|183|254|345|428|382|341|291|242|182|131|85|7|6|4|2|1|1|0|0|0|0|0,3282
South Dakota,Car,BEV,2045,0|4|10|19|30|46|69|102|144|202|274|374|495|421|373|329|276|224|163|112|69|5|5|3|1|0|0|0|0|0|0,3750
South Dakota,Car,BEV,2046,0|4|10|19|32|49|74|108|155|215|300|402|533|487|412|360|312|255|201|140|92|54|4|3|2|1|0|0|0|0|0,4224
South Dakota,Car,BEV,2047,0|4|10|19|34|51|78|115|164|231|317|435|570|525|476|398|342|289|229|172|115|71|40|3|2|1|1|0|0|0|0,4692
South Dakota,Car,BEV,2048,0|5|10|19|34|55|80|120|175|246|341|460|613|562|513|460|378|317|259|196|141|89|53|28|2|2|1|0|0|0|0,5159
South Dakota,Car,BEV,2049,0|5|11|19|34|56|86|124|183|262|363|493|649|605|549|496|437|349|283|222|161|109|66|38|19|1|1|1|0|0|0,5622
South Dakota,Car,BEV,2050,0|5|11|21|34|56|89|133|188|272|385|523|693|639|591|530|470|404|313|243|182|125|81|47|26|13|1|1|0|0|0,6076
South Dakota,Car,PHEV,2020,0|0|0|0|0|0|0|0|0|0|0|0|0|0|0|0|0|0|0|0|0|0|0|0|0|0|0|0|0|0|0,0
South Dakota,Car,PHEV,2021,0|0|0|0|0|0|0|0|0|0|0|0|0|0|0|0|0|0|0|0|0|0|0|0|0|0|0|0|0|0|0,0
South Dakota,Car,PHEV,2022,0|0|0|0|0|0|0|0|0|0|0|0|0|0|0|0|0|0|0|0|0|0|0|0|0|0|0|0|0|0|0,0
South Dakota,Car,PHEV,2023,0|0|0|0|0|0|0|0|0|0|0|0|0|0|0|0|0|0|0|0|0|0|0|0|0|0|0|0|0|0|0,0
South Dakota,Car,PHEV,2024,0|0|0|0|0|0|0|0|0|0|0|0|0|0|0|0|0|0|0|0|0|0|0|0|0|0|0|0|0|0|0,0
South Dakota,Car,PHEV,2025,0|0|0|0|0|0|0|0|0|0|0|0|0|0|0|0|0|0|0|0|0|0|0|0|0|0|0|0|0|0|0,0
South Dakota,Car,PHEV,2026,0|0|0|0|0|0|0|0|0|0|0|0|1|0|0|0|0|0|0|0|0|0|0|0|0|0|0|0|0|0|0,1
South Dakota,Car,PHEV,2027,0|0|0|0|0|0|0|0|0|0|0|1|0|1|0|0|0|0|0|0|0|0|0|0|0|0|0|0|0|0|0,2
South Dakota,Car,PHEV,2028,0|0|0|0|0|0|0|0|0|0|1|1|2|0|1|0|0|0|0|0|0|0|0|0|0|0|0|0|0|0|0,5
South Dakota,Car,PHEV,2029,0|0|0|0|0|0|0|0|0|0|0|3|2|2|0|1|0|0|0|0|0|0|0|0|0|0|0|0|0|0|0,8
South Dakota,Car,PHEV,2030,0|0|0|0|0|0|0|0|0|0|0|1|5|2|2|0|1|0|0|0|0|0|0|0|0|0|0|0|0|0|0,11
South Dakota,Car,PHEV,2031,0|0|0|0|0|0|1|0|0|0|0|0|2|5|2|2|0|1|0|0|0|0|0|0|0|0|0|0|0|0|0,13
South Dakota,Car,PHEV,2032,0|0|0|0|0|1|1|3|0|0|0|1|1|2|5|2|2|0|1|0|0|0|0|0|0|0|0|0|0|0|0,19
South Dakota,Car,PHEV,2033,0|0|0|0|1|1|3|3|5|0|0|0|3|1|2|5|2|2|0|1|0|0|0|0|0|0|0|0|0|0|0,29
South Dakota,Car,PHEV,2034,0|0|0|0|1|2|3|5|6|9|0|0|1|3|1|2|4|2|1|0|1|0|0|0|0|0|0|0|0|0|0,41
South Dakota,Car,PHEV,2035,0|0|0|0|1|3|4|5|10|11|14|0|0|1|3|1|2|4|1|1|0|0|0|0|0|0|0|0|0|0|0,61
South Dakota,Car,PHEV,2036,0|0|0|1|1|3|5|8|10|16|17|21|1|0|1|3|1|2|4|1|1|0|0|0|0|0|0|0|0|0|0,96
South Dakota,Car,PHEV,2037,0|0|0|1|2|3|5|9|13|16|25|26|30|1|0|1|3|1|1|3|1|1|0|0|0|0|0|0|0|0|0,142
South Dakota,Car,PHEV,2038,0|0|0|1|3|4|7|10|15|21|25|37|37|29|1|0|1|2|1|1|3|1|1|0|0|0|0|0|0|0|0,200
South Dakota,Car,PHEV,2039,0|0|0|1|3|5|8|12|16|24|32|38|54|37|28|1|0|1|2|1|1|2|1|0|0|0|0|0|0|0|0,267
South Dakota,Car,PHEV,2040,0|0|0|1|4|6|9|13|19|25|36|48|55|53|36|27|1|0|1|2|1|1|1|0|0|0|0|0|0|0|0,339
South Dakota,Car,PHEV,2041,0|0|0|1|4|7|10|14|21|30|39|53|68|54|52|35|26|1|0|1|2|0|1|1|0|0|0|0|0|0|0,420
South Dakota,Car,PHEV,2042,0|0|0|1|4|7|12|16|22|32|47|58|76|67|53|50|33|24|1|0|1|1|0|0|1|0|0|0|0|0|0,506
South Dakota,Car,PHEV,2043,0|0|0|1|4|7|12|18|25|35|50|69|86|75|65|51|48|31|22|1|0|0|1|0|0|0|0|0|0|0|0,601
South Dakota,Car,PHEV,2044,0|0|0|2|4|7|12|18|27|38|53|74|99|84|73|63|49|44|27|19|1|0|0|1|0|0|0|0|0|0|0,695
South Dakota,Car,PHEV,2045,0|0|0|2|5|7|12|18|28|41|56|78|107|98|82|70|60|45|40|23|15|0|0|0|0|0|0|0|0|0|0,787
South Dakota,Car,PHEV,2046,0|0|0|2|5|9|12|18|28|42|59|81|111|106|96|80|67|55|40|34|19|12|0|0|0|0|0|0|0|0|0,876
South Dakota,Car,PHEV,2047,0|0|0|2|5|9|14|18|28|42|61|84|115|109|103|92|76|62|50|35|28|15|9|0|0|0|0|0|0|0|0,957
South Dakota,Car,PHEV,2048,0|0|0|2|5|9|15|20|28|42|61|87|118|113|107|100|88|70|55|43|28|22|11|6|0|0|0|0|0|0|0,1030
South Dakota,Car,PHEV,2049,0|0|0|1|5|9|15|22|30|43|61|87|121|116|111|103|95|81|63|48|35|22|16|8|4|0|0|0|0|0|0,1096
South Dakota,Car,PHEV,2050,0|0|0|1|4|9|15|22|33|45|62|87|122|119|114|107|98|88|73|54|39|27|16|11|5|3|0|0|0|0|0,1154
South Dakota,SUV,BEV,2020,0|0|0|0|0|0|0|0|0|0|0|0|0|0|0|0|0|0|0|0|0|0|0|0|0|0|0|0|0|0|0,0
South Dakota,SUV,BEV,2021,0|0|0|0|0|0|0|0|0|0|0|0|0|0|0|0|0|0|0|0|0|0|0|0|0|0|0|0|0|0|0,0
South Dakota,SUV,BEV,2022,0|0|0|0|0|0|0|0|0|0|0|0|0|0|0|0|0|0|0|0|0|0|0|0|0|0|0|0|0|0|0,0
South Dakota,SUV,BEV,2023,0|0|0|0|0|0|0|0|0|0|0|0|0|0|0|0|0|0|0|0|0|0|0|0|0|0|0|0|0|0|0,0
South Dakota,SUV,BEV,2024,0|0|0|0|0|0|0|0|0|0|0|0|0|0|0|0|0|0|0|0|0|0|0|0|0|0|0|0|0|0|0,0
South Dakota,SUV,BEV,2025,0|0|0|0|0|0|0|0|0|0|0|0|0|0|0|0|0|0|0|0|0|0|0|0|0|0|0|0|0|0|0,0
South Dakota,SUV,BEV,2026,0|0|0|0|0|0|0|0|0|0|0|0|0|0|0|0|0|0|0|0|0|0|0|0|0|0|0|0|0|0|0,0
South Dakota,SUV,BEV,2027,0|1|1|0|0|0|0|0|0|0|0|0|0|0|0|0|0|0|0|0|0|0|0|0|0|0|0|0|0|0|0,2
South Dakota,SUV,BEV,2028,0|1|3|3|0|1|1|0|0|0|0|0|0|0|0|0|0|0|0|0|0|0|0|0|0|0|0|0|0|0|0,9
South Dakota,SUV,BEV,2029,0|2|3|5|5|1|2|2|1|0|0|0|0|0|0|0|0|0|0|0|0|0|0|0|0|0|0|0|0|0|0,21
South Dakota,SUV,BEV,2030,0|2|4|7|10|10|3|4|4|3|1|0|0|0|0|0|0|0|0|0|0|0|0|0|0|0|0|0|0|0|0,48
South Dakota,SUV,BEV,2031,0|2|5|9|13|16|16|5|7|7|5|2|0|0|0|0|0|0|0|0|0|0|0|0|0|0|0|0|0|0|0,87
South Dakota,SUV,BEV,2032,0|2|7|10|15|22|26|27|10|12|12|10|4|0|0|0|0|0|0|0|0|0|0|0|0|0|0|0|0|0|0,157
South Dakota,SUV,BEV,2033,0|4|7|13|18|26|35|42|45|16|18|18|15|4|0|0|0|0|0|0|0|0|0|0|0|0|0|0|0|0|0,261
South Dakota,SUV,BEV,2034,0|5|9|13|22|31|42|55|65|72|25|29|27|15|4|0|0|0|0|0|0|0|0|0|0|0|0|0|0|0|0,414
South Dakota,SUV,BEV,2035,0|5|11|17|24|37|51|67|86|101|109|38|42|26|14|4|0|0|0|0|0|0|0|0|0|0|0|0|0|0|0,632
South Dakota,SUV,BEV,2036,0|5|12|20|29|41|59|81|106|132|152|164|55|42|26|14|3|0|0|0|0|0|0|0|0|0|0|0|0|0|0,941
South Dakota,SUV,BEV,2037,0|6|12|22|35|48|68|95|128|163|200|225|237|54|41|25|13|3|0|0|0|0|0|0|0|0|0|0|0|0|0,1375
South Dakota,SUV,BEV,2038,0|6|14|24|39|58|77|109|149|197|248|295|322|234|53|39|23|12|3|0|0|0|0|0|0|0|0|0|0|0|0,1902
South Dakota,SUV,BEV,2039,0|6|15|27|42|65|95|124|171|230|299|368|423|317|228|51|37|22|11|2|0|0|0|0|0|0|0|0|0|0|0,2533
South Dakota,SUV,BEV,2040,0|7|17|30|47|71|105|150|193|263|351|442|528|417|310|220|49|35|19|9|2|0|0|0|0|0|0|0|0|0|0,3265
South Dakota,SUV,BEV,2041,0|7|18|34|52|79|115|167|234|300|399|520|635|520|407|299|209|45|31|17|8|2|0|0|0|0|0|0|0|0|0,4098
South Dakota,SUV,BEV,2042,0|7|18|35|58|85|128|182|259|360|455|592|745|626|509|393|284|194|40|27|14|6|1|0|0|0|0|0|0|0|0,5018
South Dakota,SUV,BEV,2043,0|9|19|36|61|95|138|202|283|398|544|673|849|734|612|491|373|263|173|35|22|11|4|1|0|0|0|0|0|0|0,6026
South Dakota,SUV,BEV,2044,0|9|21|38|64|102|151|217|312|433|600|803|965|836|718|591|466|345|235|149|28|17|8|3|1|0|0|0|0|0|0,7112
South Dakota,SUV,BEV,2045,0|9|23|41|67|105|162|235|334|475|652|884|1150|951|817|693|561|431|309|202|122|22|12|6|2|0|0|0|0|0|0,8265
South Dakota,SUV,BEV,2046,0|9|24|44|71|111|169|251|359|506|709|957|1262|1133|929|789|658|519|386|265|165|95|16|9|4|1|0|0|0|0|0,9441
South Dakota,SUV,BEV,2047,0|9|24|45|76|117|176|264|383|542|753|1035|1362|1243|1107|897|749|609|465|331|217|128|70|12|6|3|1|0|0|0|0,10624
South Dakota,SUV,BEV,2048,0|9|24|47|79|124|186|274|403|575|804|1097|1467|1342|1215|1069|852|693|545|399|271|169|95|50|8|4|2|1|0|0|0,11804
South Dakota,SUV,BEV,2049,0|9|24|48|82|131|197|289|418|605|849|1165|1553|1445|1312|1174|1015|788|621|468|326|211|125|67|34|5|3|1|0|0|0,12965
South Dakota,SUV,BEV,2050,0|10|25|48|83|135|207|305|440|626|893|1230|1645|1531|1413|1267|1114|939|705|533|383|253|156|89|46|23|3|2|1|0|0,14105
South Dakota,SUV,PHEV,2020,0|0|0|0|0|0|0|0|0|0|0|0|0|0|0|0|0|0|0|0|0|0|0|0|0|0|0|0|0|0|0,0
South Dakota,SUV,PHEV,2021,0|0|0|0|0|0|0|0|0|0|0|0|0|0|0|0|0|0|0|0|0|0|0|0|0|0|0|0|0|0|0,0
South Dakota,SUV,PHEV,2022,0|0|0|0|0|0|0|0|0|0|0|0|0|0|0|0|0|0|0|0|0|0|0|0|0|0|0|0|0|0|0,0
South Dakota,SUV,PHEV,2023,0|0|0|0|0|0|0|0|0|0|0|0|0|0|0|0|0|0|0|0|0|0|0|0|0|0|0|0|0|0|0,0
South Dakota,SUV,PHEV,2024,0|0|0|0|0|0|0|0|0|0|0|0|0|0|0|0|0|0|0|0|0|0|0|0|0|0|0|0|0|0|0,0
South Dakota,SUV,PHEV,2025,0|0|0|0|0|0|0|0|0|0|0|0|0|0|0|0|0|0|0|0|0|0|0|0|0|0|0|0|0|0|0,0
South Dakota,SUV,PHEV,2026,0|0|0|0|0|0|0|0|0|0|0|0|0|0|0|0|0|0|0|0|0|0|0|0|0|0|0|0|0|0|0,0
South Dakota,SUV,PHEV,2027,0|0|0|0|0|0|0|0|0|0|0|0|0|0|0|0|0|0|0|0|0|0|0|0|0|0|0|0|0|0|0,0
South Dakota,SUV,PHEV,2028,0|0|0|0|0|0|0|0|0|0|0|0|0|0|0|0|0|0|0|0|0|0|0|0|0|0|0|0|0|0|0,0
South Dakota,SUV,PHEV,2029,0|0|0|0|0|0|1|1|1|0|0|0|0|0|0|0|0|0|0|0|0|0|0|0|0|0|0|0|0|0|0,3
South Dakota,SUV,PHEV,2030,0|0|0|0|1|1|1|3|3|3|0|0|0|0|0|0|0|0|0|0|0|0|0|0|0|0|0|0|0|0|0,12
South Dakota,SUV,PHEV,2031,0|0|0|1|1|3|3|3|5|5|5|1|0|0|0|0|0|0|0|0|0|0|0|0|0|0|0|0|0|0|0,27
South Dakota,SUV,PHEV,2032,0|0|0|1|2|3|5|5|5|9|9|9|2|0|0|0|0|0|0|0|0|0|0|0|0|0|0|0|0|0|0,50
South Dakota,SUV,PHEV,2033,0|0|1|1|3|4|7|9|10|10|14|14|14|2|0|0|0|0|0|0|0|0|0|0|0|0|0|0|0|0|0,89
South Dakota,SUV,PHEV,2034,0|1|1|3|3|5|8|12|14|16|16|21|20|14|2|0|0|0|0|0|0|0|0|0|0|0|0|0|0|0|0,136
South Dakota,SUV,PHEV,2035,0|1|2|3|5|7|10|13|19|22|25|25|30|19|13|2|0|0|0|0|0|0|0|0|0|0|0|0|0|0|0,196
South Dakota,SUV,PHEV,2036,0|1|2|4|6|10|12|17|21|30|33|37|35|30|19|13|2|0|0|0|0|0|0|0|0|0|0|0|0|0|0,272
South Dakota,SUV,PHEV,2037,0|1|2|5|8|11|17|20|27|32|47|48|53|35|29|18|12|2|0|0|0|0|0|0|0|0|0|0|0|0|0,367
South Dakota,SUV,PHEV,2038,0|1|3|5|9|13|18|26|31|43|50|70|70|52|34|28|17|11|1|0|0|0|0|0|0|0|0|0|0|0|0,482
South Dakota,SUV,PHEV,2039,0|1|4|6|9|15|21|29|40|49|66|74|100|69|51|33|27|16|10|1|0|0|0|0|0|0|0|0|0|0|0,621
South Dakota,SUV,PHEV,2040,0|1|4|7|10|15|24|34|47|61|76|97|107|99|67|49|31|25|14|9|1|0|0|0|0|0|0|0|0|0|0,778
South Dakota,SUV,PHEV,2041,0|1|4|7|12|16|24|38|52|73|91|112|140|106|97|65|47|29|22|12|7|1|0|0|0|0|0|0|0|0|0,956
South Dakota,SUV,PHEV,2042,0|2|4|7|12|18|26|39|58|81|110|136|160|138|103|93|62|43|26|19|10|5|1|0|0|0|0|0|0|0|0,1153
South Dakota,SUV,PHEV,2043,0|2|5|7|12|18|28|41|60|88|121|162|194|158|135|100|89|57|39|22|16|8|4|0|0|0|0|0|0|0|0,1366
South Dakota,SUV,PHEV,2044,0|2|5|9|12|18|28|43|63|90|131|179|232|191|154|130|95|82|51|33|18|12|6|3|0|0|0|0|0|0|0,1587
South Dakota,SUV,PHEV,2045,0|2|5|9|14|19|29|43|65|94|133|192|256|229|187|149|123|88|73|44|27|14|9|4|2|0|0|0|0|0|0,1810
South Dakota,SUV,PHEV,2046,0|2|5|9|14|21|30|45|65|96|138|195|272|252|224|180|141|114|78|63|36|21|10|6|3|1|0|0|0|0|0,2021
South Dakota,SUV,PHEV,2047,0|2|5|9|14|21|32|47|67|96|141|201|277|268|246|216|171|131|102|67|51|28|16|7|4|2|1|0|0|0|0,2222
South Dakota,SUV,PHEV,2048,0|2|5|9|14|22|33|49|70|99|140|204|283|273|262|238|205|158|117|88|55|40|21|11|5|3|1|1|0|0|0,2408
South Dakota,SUV,PHEV,2049,0|1|5|9|14|22|34|50|73|102|144|203|286|279|267|253|226|190|142|101|72|43|30|15|8|3|2|1|0|0|0,2575
South Dakota,SUV,PHEV,2050,0|1|4|9|14|22|34|51|74|106|147|207|286|282|273|258|240|209|170|122|82|56|32|21|10|5|2|1|1|0|0,2719
Tennessee,Car,BEV,2020,0|0|1|0|0|1|2|0|0|0|0|0|0|0|0|0|0|0|0|0|0|0|0|0|0|0|0|0|0|0|0,4
Tennessee,Car,BEV,2021,0|0|0|2|0|1|3|4|0|0|0|0|0|0|0|0|0|0|0|0|0|0|0|0|0|0|0|0|0|0|0,10
Tennessee,Car,BEV,2022,0|0|0|1|4|1|3|6|9|0|0|0|0|0|0|0|0|0|0|0|0|0|0|0|0|0|0|0|0|0|0,24
Tennessee,Car,BEV,2023,0|1|1|1|3|7|3|5|11|15|0|0|0|0|0|0|0|0|0|0|0|0|0|0|0|0|0|0|0|0|0,47
Tennessee,Car,BEV,2024,0|1|3|3|3|6|12|5|10|17|25|0|0|0|0|0|0|0|0|0|0|0|0|0|0|0|0|0|0|0|0,85
Tennessee,Car,BEV,2025,0|1|3|5|5|5|11|20|10|16|28|40|0|0|0|0|0|0|0|0|0|0|0|0|0|0|0|0|0|0|0,144
Tennessee,Car,BEV,2026,0|5|3|6|10|10|10|18|31|16|27|44|59|0|0|0|0|0|0|0|0|0|0|0|0|0|0|0|0|0|0,239
Tennessee,Car,BEV,2027,0|6|12|6|11|16|16|16|29|49|24|42|63|58|0|0|0|0|0|0|0|0|0|0|0|0|0|0|0|0|0,348
Tennessee,Car,BEV,2028,0|7|15|23|11|18|25|25|25|47|76|35|61|62|57|0|0|0|0|0|0|0|0|0|0|0|0|0|0|0|0,487
Tennessee,Car,BEV,2029,0|9|18|29|41|17|29|39|39|38|72|113|50|60|61|55|0|0|0|0|0|0|0|0|0|0|0|0|0|0|0,670
Tennessee,Car,BEV,2030,0|11|24|36|51|69|26|46|61|59|57|107|162|49|59|59|52|0|0|0|0|0|0|0|0|0|0|0|0|0|0,928
Tennessee,Car,BEV,2031,0|12|29|47|65|85|110|41|72|94|89|84|154|160|48|57|56|48|0|0|0|0|0|0|0|0|0|0|0|0|0,1251
Tennessee,Car,BEV,2032,0|14|32|57|83|110|139|174|63|111|142|133|120|152|156|47|54|51|43|0|0|0|0|0|0|0|0|0|0|0|0,1681
Tennessee,Car,BEV,2033,0|17|36|63|100|139|180|223|271|95|167|210|190|118|149|151|44|50|46|37|0|0|0|0|0|0|0|0|0|0|0,2286
Tennessee,Car,BEV,2034,0|18|42|71|112|166|226|289|348|416|142|244|300|187|116|144|143|41|45|40|30|0|0|0|0|0|0|0|0|0|0,3120
Tennessee,Car,BEV,2035,0|21|47|81|125|188|268|359|453|539|628|209|349|296|183|112|136|133|37|38|32|24|0|0|0|0|0|0|0|0|0,4258
Tennessee,Car,BEV,2036,0|22|53|93|143|211|307|425|563|700|817|924|297|344|289|177|106|126|119|31|31|25|17|0|0|0|0|0|0|0|0,5820
Tennessee,Car,BEV,2037,0|27|58|103|165|239|344|488|666|867|1061|1209|1321|293|336|279|168|98|113|102|26|24|19|12|0|0|0|0|0|0|0,8018
Tennessee,Car,BEV,2038,0|28|68|114|182|277|387|548|767|1028|1313|1572|1733|1301|286|325|265|155|88|97|83|20|18|13|8|0|0|0|0|0|0,10676
Tennessee,Car,BEV,2039,0|31|72|132|201|305|452|616|859|1184|1556|1942|2255|1707|1272|276|308|245|139|75|79|65|15|13|9|6|0|0|0|0|0,13814
Tennessee,Car,BEV,2040,0|32|79|140|230|335|494|720|965|1326|1796|2300|2785|2222|1669|1228|262|285|219|119|62|62|48|11|9|6|4|0|0|0|0,17408
Tennessee,Car,BEV,2041,0|35|83|152|244|380|541|785|1129|1488|2011|2658|3294|2744|2172|1612|1166|243|255|188|97|48|46|34|7|6|4|2|0|0|0,21424
Tennessee,Car,BEV,2042,0|37|89|161|264|404|608|858|1227|1740|2251|2976|3810|3246|2682|2098|1529|1079|217|219|154|76|35|32|23|5|4|3|2|0|0,25829
Tennessee,Car,BEV,2043,0|39|94|173|282|436|647|954|1333|1885|2631|3327|4265|3754|3173|2591|1990|1416|966|186|179|120|56|25|22|16|3|3|2|1|0,30569
Tennessee,Car,BEV,2044,0|41|99|182|301|466|696|1012|1468|2038|2843|3884|4761|4202|3669|3064|2458|1842|1267|829|152|139|89|40|17|15|10|2|2|1|1,35590
Tennessee,Car,BEV,2045,0|43|105|191|317|498|743|1087|1554|2224|3061|4188|5554|4692|4108|3544|2908|2275|1649|1088|678|118|103|63|27|12|10|7|1|1|1,40850
Tennessee,Car,BEV,2046,0|43|109|203|333|522|793|1158|1664|2350|3309|4490|5976|5473|4586|3967|3363|2691|2037|1415|889|527|88|73|43|18|8|6|4|1|1,46140
Tennessee,Car,BEV,2047,0|44|110|211|352|549|829|1232|1769|2505|3490|4819|6387|5888|5349|4429|3764|3112|2409|1748|1157|691|390|62|50|29|12|5|4|3|1,51400
Tennessee,Car,BEV,2048,0|45|113|214|368|579|871|1285|1878|2657|3707|5076|6817|6294|5756|5166|4203|3484|2786|2068|1429|899|512|277|43|34|19|8|3|3|2,56596
Tennessee,Car,BEV,2049,0|46|115|220|373|605|917|1351|1955|2814|3923|5373|7169|6718|6152|5559|4902|3890|3119|2391|1691|1111|666|363|190|29|22|12|5|2|2,61685
Tennessee,Car,BEV,2050,0|47|118|224|383|615|959|1420|2055|2925|4147|5676|7570|7064|6566|5942|5275|4537|3482|2677|1955|1314|822|473|249|127|19|14|8|3|1,66667
Tennessee,Car,PHEV,2020,0|0|0|0|0|0|1|0|0|0|0|0|0|0|0|0|0|0|0|0|0|0|0|0|0|0|0|0|0|0|0,1
Tennessee,Car,PHEV,2021,0|0|0|0|0|0|0|3|0|0|0|0|0|0|0|0|0|0|0|0|0|0|0|0|0|0|0|0|0|0|0,3
Tennessee,Car,PHEV,2022,0|0|0|0|0|1|1|1|5|0|0|0|0|0|0|0|0|0|0|0|0|0|0|0|0|0|0|0|0|0|0,8
Tennessee,Car,PHEV,2023,0|0|0|0|0|1|3|3|3|8|0|0|0|0|0|0|0|0|0|0|0|0|0|0|0|0|0|0|0|0|0,18
Tennessee,Car,PHEV,2024,0|0|0|0|0|0|3|5|5|5|13|0|0|0|0|0|0|0|0|0|0|0|0|0|0|0|0|0|0|0|0,31
Tennessee,Car,PHEV,2025,0|0|0|0|0|0|1|5|9|10|8|19|0|0|0|0|0|0|0|0|0|0|0|0|0|0|0|0|0|0|0,52
Tennessee,Car,PHEV,2026,0|1|0|0|0|1|1|3|10|14|16|13|28|0|0|0|0|0|0|0|0|0|0|0|0|0|0|0|0|0|0,87
Tennessee,Car,PHEV,2027,0|1|3|0|0|0|2|3|5|16|22|25|19|27|0|0|0|0|0|0|0|0|0|0|0|0|0|0|0|0|0,123
Tennessee,Car,PHEV,2028,0|2|3|6|0|0|1|4|5|10|26|33|36|18|27|0|0|0|0|0|0|0|0|0|0|0|0|0|0|0|0,171
Tennessee,Car,PHEV,2029,0|2|5|6|10|0|0|3|8|9|16|41|47|36|18|26|0|0|0|0|0|0|0|0|0|0|0|0|0|0|0,227
Tennessee,Car,PHEV,2030,0|2|5|10|11|16|0|1|5|13|14|25|60|47|35|17|24|0|0|0|0|0|0|0|0|0|0|0|0|0|0,285
Tennessee,Car,PHEV,2031,0|2|6|10|17|18|25|2|4|9|20|21|35|59|45|34|17|23|0|0|0|0|0|0|0|0|0|0|0|0|0,347
Tennessee,Car,PHEV,2032,0|2|7|12|17|29|30|39|5|7|14|30|30|35|58|44|32|15|20|0|0|0|0|0|0|0|0|0|0|0|0,426
Tennessee,Car,PHEV,2033,0|4|7|13|21|28|46|48|60|8|11|21|43|29|34|56|42|30|14|17|0|0|0|0|0|0|0|0|0|0|0,532
Tennessee,Car,PHEV,2034,0|5|10|15|23|35|46|72|76|92|13|16|30|43|28|33|53|39|27|12|14|0|0|0|0|0|0|0|0|0|0,682
Tennessee,Car,PHEV,2035,0|5|11|19|26|39|57|74|111|117|137|20|23|29|42|27|31|49|35|23|10|11|0|0|0|0|0|0|0|0|0,896
Tennessee,Car,PHEV,2036,0|5|12|20|33|44|64|91|115|169|177|201|29|22|28|40|26|29|44|30|19|7|8|0|0|0|0|0|0|0|0,1213
Tennessee,Car,PHEV,2037,0|6|12|22|36|55|73|101|143|175|255|261|286|28|22|27|38|24|26|38|24|15|6|6|0|0|0|0|0|0|0,1679
Tennessee,Car,PHEV,2038,0|6|14|23|39|60|89|118|158|220|264|376|374|282|27|21|26|35|22|22|31|19|11|4|4|0|0|0|0|0|0,2245
Tennessee,Car,PHEV,2039,0|6|14|26|40|65|97|141|187|243|333|389|537|368|276|27|20|24|32|19|18|24|14|8|3|3|0|0|0|0|0,2914
Tennessee,Car,PHEV,2040,0|6|15|27|44|67|105|154|220|289|368|492|556|529|360|266|25|18|22|27|15|14|18|10|5|2|2|0|0|0|0,3656
Tennessee,Car,PHEV,2041,0|6|15|28|46|73|108|165|241|340|438|545|704|547|517|348|253|23|17|19|22|12|10|13|7|4|1|1|0|0|0,4503
Tennessee,Car,PHEV,2042,0|6|15|29|48|75|117|171|255|372|516|650|783|694|535|499|330|234|21|14|15|17|9|7|9|5|2|1|1|0|0,5430
Tennessee,Car,PHEV,2043,0|7|16|29|49|79|120|182|263|389|564|763|933|771|678|517|474|305|209|18|12|12|13|6|5|6|3|2|0|0|0,6425
Tennessee,Car,PHEV,2044,0|7|17|31|51|80|125|186|278|401|586|834|1094|920|754|655|490|439|273|180|15|9|9|9|4|3|4|2|1|0|0,7457
Tennessee,Car,PHEV,2045,0|7|17|33|53|84|127|193|283|419|601|864|1194|1078|899|728|621|454|393|235|147|11|7|6|6|3|2|2|1|1|0,8469
Tennessee,Car,PHEV,2046,0|6|17|33|56|87|133|197|292|425|622|881|1233|1176|1053|868|691|575|406|337|192|114|8|5|4|4|2|1|2|1|0,9421
Tennessee,Car,PHEV,2047,0|6|16|33|57|91|137|205|296|436|628|903|1251|1215|1150|1017|824|640|515|349|276|149|84|6|3|3|3|1|1|1|1,10297
Tennessee,Car,PHEV,2048,0|6|15|31|56|92|143|210|308|441|639|909|1273|1232|1188|1110|965|762|572|442|285|214|110|60|4|2|2|2|1|1|1,11076
Tennessee,Car,PHEV,2049,0|6|15|30|54|91|145|218|314|456|647|919|1278|1255|1205|1147|1054|893|682|491|361|222|159|78|41|3|1|1|1|1|0,11768
Tennessee,Car,PHEV,2050,0|6|15|29|52|88|143|221|325|463|665|928|1288|1259|1226|1163|1088|975|800|586|402|281|164|113|54|28|2|1|1|1|0,12367
Tennessee,SUV,BEV,2020,0|0|0|0|0|0|0|0|0|0|0|0|0|0|0|0|0|0|0|0|0|0|0|0|0|0|0|0|0|0|0,0
Tennessee,SUV,BEV,2021,0|0|0|0|0|0|0|0|0|0|0|0|0|0|0|0|0|0|0|0|0|0|0|0|0|0|0|0|0|0|0,0
Tennessee,SUV,BEV,2022,0|1|0|0|0|1|1|0|0|0|0|0|0|0|0|0|0|0|0|0|0|0|0|0|0|0|0|0|0|0|0,3
Tennessee,SUV,BEV,2023,0|2|3|1|0|1|3|3|1|1|0|0|0|0|0|0|0|0|0|0|0|0|0|0|0|0|0|0|0|0|0,15
Tennessee,SUV,BEV,2024,0|2|4|5|3|1|2|5|5|3|3|0|0|0|0|0|0|0|0|0|0|0|0|0|0|0|0|0|0|0|0,33
Tennessee,SUV,BEV,2025,0|4|7|9|10|5|3|4|10|10|5|5|0|0|0|0|0|0|0|0|0|0|0|0|0|0|0|0|0|0|0,72
Tennessee,SUV,BEV,2026,0|5|10|13|15|16|10|5|7|16|16|10|8|0|0|0|0|0|0|0|0|0|0|0|0|0|0|0|0|0|0,131
Tennessee,SUV,BEV,2027,0|6|14|19|24|26|25|16|8|12|25|24|15|8|0|0|0|0|0|0|0|0|0|0|0|0|0|0|0|0|0,222
Tennessee,SUV,BEV,2028,0|9|17|27|32|42|42|39|25|13|18|36|33|15|8|0|0|0|0|0|0|0|0|0|0|0|0|0|0|0|0,356
Tennessee,SUV,BEV,2029,0|11|23|34|47|54|69|67|60|38|20|28|51|33|14|7|0|0|0|0|0|0|0|0|0|0|0|0|0|0|0,556
Tennessee,SUV,BEV,2030,0|14|29|45|61|78|87|111|105|91|58|31|41|50|32|14|7|0|0|0|0|0|0|0|0|0|0|0|0|0|0,854
Tennessee,SUV,BEV,2031,0|16|35|57|80|102|127|140|175|162|137|85|45|41|49|31|13|6|0|0|0|0|0|0|0|0|0|0|0|0|0,1301
Tennessee,SUV,BEV,2032,0|18|41|68|100|134|166|202|220|272|246|203|122|45|40|48|30|12|6|0|0|0|0|0|0|0|0|0|0|0|0,1973
Tennessee,SUV,BEV,2033,0|21|47|82|121|168|219|266|315|341|414|365|290|120|44|38|45|27|11|5|0|0|0|0|0|0|0|0|0|0|0,2939
Tennessee,SUV,BEV,2034,0|27|55|93|145|204|274|351|418|487|518|616|522|286|117|42|36|42|24|9|4|0|0|0|0|0|0|0|0|0|0,4270
Tennessee,SUV,BEV,2035,0|29|68|108|166|243|332|438|553|646|739|767|884|515|279|113|40|34|37|21|8|3|0|0|0|0|0|0|0|0|0,6023
Tennessee,SUV,BEV,2036,0|32|75|132|192|278|395|529|689|854|982|1095|1100|871|503|270|108|37|30|32|17|6|2|0|0|0|0|0|0|0|0,8229
Tennessee,SUV,BEV,2037,0|36|82|147|233|323|453|630|832|1068|1297|1457|1571|1084|852|486|256|100|33|26|26|13|4|2|0|0|0|0|0|0|0,11011
Tennessee,SUV,BEV,2038,0|40|93|161|258|390|525|722|987|1286|1621|1923|2091|1548|1060|822|461|237|89|28|21|20|10|3|1|0|0|0|0|0|0,14397
Tennessee,SUV,BEV,2039,0|42|101|180|284|431|631|835|1132|1525|1951|2404|2758|2060|1514|1024|780|427|212|77|23|16|15|7|2|1|0|0|0|0|0,18432
Tennessee,SUV,BEV,2040,0|45|107|196|315|475|698|1001|1305|1747|2310|2889|3449|2718|2014|1462|971|722|382|182|63|18|12|11|5|1|0|0|0|0|0,23098
Tennessee,SUV,BEV,2041,0|49|115|210|342|523|767|1108|1562|2006|2643|3418|4144|3398|2657|1945|1387|899|647|328|149|49|13|9|7|3|1|0|0|0|0,28379
Tennessee,SUV,BEV,2042,0|50|125|226|368|567|841|1213|1724|2398|3027|3904|4898|4083|3322|2566|1845|1284|805|555|268|116|36|9|6|5|2|1|0|0|0,34244
Tennessee,SUV,BEV,2043,0|53|129|242|395|610|910|1325|1884|2641|3613|4462|5586|4826|3991|3208|2435|1708|1149|691|454|208|86|26|7|4|3|1|0|0|0,40647
Tennessee,SUV,BEV,2044,0|57|136|252|422|654|978|1429|2049|2878|3971|5319|6373|5505|4718|3855|3044|2254|1529|986|565|353|154|61|18|4|3|2|1|0|0,47570
Tennessee,SUV,BEV,2045,0|60|145|265|438|696|1045|1531|2202|3116|4317|5836|7588|6280|5381|4556|3658|2818|2017|1312|807|439|261|109|42|12|3|2|1|1|0,54938
Tennessee,SUV,BEV,2046,0|62|153|281|462|724|1110|1631|2353|3339|4657|6330|8315|7477|6138|5197|4323|3385|2522|1731|1073|627|325|185|75|28|8|2|1|1|0,62515
Tennessee,SUV,BEV,2047,0|64|159|298|490|763|1154|1728|2499|3556|4975|6807|9001|8193|7309|5928|4931|4002|3030|2165|1416|834|464|231|127|50|18|5|1|1|1,70200
Tennessee,SUV,BEV,2048,0|65|164|307|519|806|1216|1795|2643|3768|5283|7251|9657|8869|8009|7059|5625|4564|3582|2601|1770|1100|617|329|158|85|33|12|3|1|0,77891
Tennessee,SUV,BEV,2049,0|67|168|317|535|852|1283|1889|2740|3974|5584|7683|10265|9516|8669|7734|6698|5206|4085|3075|2127|1376|814|438|226|106|56|22|8|2|0,85515
Tennessee,SUV,BEV,2050,0|70|172|326|552|880|1353|1989|2878|4111|5876|8103|10853|10114|9302|8373|7339|6199|4661|3507|2514|1653|1018|578|301|151|70|36|14|5|1,92999
Tennessee,SUV,PHEV,2020,0|0|0|0|0|0|0|0|0|0|0|0|0|0|0|0|0|0|0|0|0|0|0|0|0|0|0|0|0|0|0,0
Tennessee,SUV,PHEV,2021,0|0|0|0|0|0|0|0|0|0|0|0|0|0|0|0|0|0|0|0|0|0|0|0|0|0|0|0|0|0|0,0
Tennessee,SUV,PHEV,2022,0|0|0|0|0|0|0|0|0|0|0|0|0|0|0|0|0|0|0|0|0|0|0|0|0|0|0|0|0|0|0,0
Tennessee,SUV,PHEV,2023,0|0|0|0|0|0|0|0|0|0|0|0|0|0|0|0|0|0|0|0|0|0|0|0|0|0|0|0|0|0|0,0
Tennessee,SUV,PHEV,2024,0|1|1|1|0|0|0|0|1|1|1|0|0|0|0|0|0|0|0|0|0|0|0|0|0|0|0|0|0|0|0,6
Tennessee,SUV,PHEV,2025,0|1|3|3|3|0|0|1|1|3|2|2|0|0|0|0|0|0|0|0|0|0|0|0|0|0|0|0|0|0|0,19
Tennessee,SUV,PHEV,2026,0|1|3|5|5|5|1|0|2|3|5|4|4|0|0|0|0|0|0|0|0|0|0|0|0|0|0|0|0|0|0,38
Tennessee,SUV,PHEV,2027,0|2|3|5|9|10|10|3|1|4|5|9|6|4|0|0|0|0|0|0|0|0|0|0|0|0|0|0|0|0|0,71
Tennessee,SUV,PHEV,2028,0|2|4|5|10|15|16|16|5|3|6|10|14|6|4|0|0|0|0|0|0|0|0|0|0|0|0|0|0|0|0,116
Tennessee,SUV,PHEV,2029,0|2|6|9|10|16|24|25|26|10|5|11|15|14|6|4|0|0|0|0|0|0|0|0|0|0|0|0|0|0|0,183
Tennessee,SUV,PHEV,2030,0|2|6|11|15|17|26|37|39|42|16|9|17|15|13|5|3|0|0|0|0|0|0|0|0|0|0|0|0|0|0,273
Tennessee,SUV,PHEV,2031,0|4|7|12|20|24|28|42|57|59|64|24|14|16|14|13|5|3|0|0|0|0|0|0|0|0|0|0|0|0|0,406
Tennessee,SUV,PHEV,2032,0|5|9|14|21|33|38|44|66|88|88|94|33|14|16|14|12|5|3|0|0|0|0|0|0|0|0|0|0|0|0,597
Tennessee,SUV,PHEV,2033,0|6|12|18|25|35|53|59|69|102|132|130|135|33|13|16|13|11|4|2|0|0|0|0|0|0|0|0|0|0|0,868
Tennessee,SUV,PHEV,2034,0|6|13|22|32|43|56|84|91|107|153|195|187|133|32|13|15|12|10|4|2|0|0|0|0|0|0|0|0|0|0,1210
Tennessee,SUV,PHEV,2035,0|6|15|26|39|52|71|88|132|140|160|227|280|184|130|31|12|14|11|9|3|2|0|0|0|0|0|0|0|0|0,1632
Tennessee,SUV,PHEV,2036,0|6|16|30|45|65|84|114|138|203|212|236|324|276|180|125|30|11|12|9|7|2|1|0|0|0|0|0|0|0|0,2126
Tennessee,SUV,PHEV,2037,0|6|16|31|52|76|105|133|179|213|308|314|339|319|270|174|119|27|10|11|8|5|2|1|0|0|0|0|0|0|0,2718
Tennessee,SUV,PHEV,2038,0|6|16|31|55|87|124|166|208|277|323|455|449|334|312|261|165|110|24|9|9|6|4|1|1|0|0|0|0|0|0,3433
Tennessee,SUV,PHEV,2039,0|7|17|32|56|92|140|197|257|319|420|478|653|443|327|301|247|153|99|21|7|7|4|3|1|0|0|0|0|0|0,4281
Tennessee,SUV,PHEV,2040,0|7|18|34|58|93|148|222|307|393|481|622|685|643|433|316|286|229|137|85|17|5|5|3|2|1|0|0|0|0|0,5230
Tennessee,SUV,PHEV,2041,0|8|19|36|61|98|152|235|344|470|592|710|891|675|629|418|299|264|205|117|69|13|4|4|2|1|0|0|0|0|0,6316
Tennessee,SUV,PHEV,2042,0|8|21|37|64|102|158|240|364|525|707|872|1016|878|660|607|397|277|237|176|96|54|10|3|2|1|1|0|0|0|0,7513
Tennessee,SUV,PHEV,2043,0|8|21|39|66|106|164|248|372|556|789|1040|1243|1001|858|638|576|367|248|203|144|75|40|7|2|2|1|1|0|0|0,8815
Tennessee,SUV,PHEV,2044,0|9|22|40|68|109|170|257|382|567|831|1159|1482|1225|978|829|605|533|329|213|166|112|55|28|5|1|1|1|0|0|0,10177
Tennessee,SUV,PHEV,2045,0|9|23|42|70|113|173|266|394|582|848|1217|1652|1460|1197|945|786|560|478|282|174|129|83|39|19|3|1|1|0|0|0,11546
Tennessee,SUV,PHEV,2046,0|9|23|44|74|115|180|270|406|596|867|1242|1729|1628|1427|1156|897|728|501|410|231|135|96|59|27|13|2|1|0|0|0,12866
Tennessee,SUV,PHEV,2047,0|8|23|45|77|122|184|280|412|610|886|1264|1763|1703|1591|1378|1097|830|652|430|335|179|100|68|40|18|9|1|0|0|0,14105
Tennessee,SUV,PHEV,2048,0|8|22|44|78|126|194|284|425|618|902|1288|1791|1737|1665|1537|1308|1015|743|559|352|260|133|71|47|27|12|6|1|0|0,15253
Tennessee,SUV,PHEV,2049,0|8|21|43|77|128|199|298|430|634|912|1306|1819|1765|1698|1608|1458|1211|909|638|457|273|193|94|49|31|18|8|4|1|0,16290
Tennessee,SUV,PHEV,2050,0|8|21|42|75|126|201|304|448|638|931|1317|1837|1792|1725|1640|1526|1350|1084|780|521|355|202|137|65|33|21|12|5|2|0,17198
Texas,Car,BEV,2020,0|4|5|2|5|7|9|0|0|0|0|0|0|0|0|0|0|0|0|0|0|0|0|0|0|0|0|0|0|0|0,32
Texas,Car,BEV,2021,0|2|10|14|6|11|16|22|0|0|0|0|0|0|0|0|0|0|0|0|0|0|0|0|0|0|0|0|0|0|0,81
Texas,Car,BEV,2022,0|5|7|19|27|12|20|29|43|0|0|0|0|0|0|0|0|0|0|0|0|0|0|0|0|0|0|0|0|0|0,162
Texas,Car,BEV,2023,0|6|11|13|32|47|21|33|51|74|0|0|0|0|0|0|0|0|0|0|0|0|0|0|0|0|0|0|0|0|0,288
Texas,Car,BEV,2024,0|8|17|21|23|52|78|34|54|84|119|0|0|0|0|0|0|0|0|0|0|0|0|0|0|0|0|0|0|0|0,490
Texas,Car,BEV,2025,0|7|20|33|37|39|84|127|54|86|131|185|0|0|0|0|0|0|0|0|0|0|0|0|0|0|0|0|0|0|0,803
Texas,Car,BEV,2026,0|18|18|39|59|62|64|134|201|85|132|199|273|0|0|0|0|0|0|0|0|0|0|0|0|0|0|0|0|0|0,1284
Texas,Car,BEV,2027,0|24|46|35|69|100|102|103|209|313|129|198|289|269|0|0|0|0|0|0|0|0|0|0|0|0|0|0|0|0|0,1886
Texas,Car,BEV,2028,0|32|62|90|62|117|163|163|162|324|477|192|287|285|262|0|0|0|0|0|0|0|0|0|0|0|0|0|0|0|0,2678
Texas,Car,BEV,2029,0|41|82|121|159|104|192|260|254|249|492|709|276|283|279|254|0|0|0|0|0|0|0|0|0|0|0|0|0|0|0,3755
Texas,Car,BEV,2030,0|50|105|160|212|267|168|305|406|393|376|729|1020|272|277|269|241|0|0|0|0|0|0|0|0|0|0|0|0|0|0,5250
Texas,Car,BEV,2031,0|57|127|205|283|356|433|268|480|627|596|556|1047|1005|266|267|255|223|0|0|0|0|0|0|0|0|0|0|0|0|0,7051
Texas,Car,BEV,2032,0|66|146|249|362|475|578|687|416|741|951|883|797|1032|982|257|254|236|199|0|0|0|0|0|0|0|0|0|0|0|0,9311
Texas,Car,BEV,2033,0|76|171|286|440|605|773|921|1074|639|1124|1406|1266|785|1009|949|244|235|211|171|0|0|0|0|0|0|0|0|0|0|0,12385
Texas,Car,BEV,2034,0|89|195|336|504|737|982|1231|1444|1653|964|1662|2015|1247|767|974|900|226|210|182|140|0|0|0|0|0|0|0|0|0|0,16458
Texas,Car,BEV,2035,0|96|227|381|593|844|1194|1561|1930|2229|2497|1421|2382|1985|1219|741|924|833|202|180|148|109|0|0|0|0|0|0|0|0|0,21696
Texas,Car,BEV,2036,0|105|245|444|673|994|1374|1896|2443|2977|3374|3687|2029|2347|1941|1177|703|856|746|173|147|115|80|0|0|0|0|0|0|0|0,28526
Texas,Car,BEV,2037,0|118|268|479|784|1126|1617|2189|2961|3762|4506|4988|5274|1999|2294|1874|1117|651|766|640|142|115|85|57|0|0|0|0|0|0|0,37812
Texas,Car,BEV,2038,0|127|303|523|845|1312|1829|2577|3431|4554|5691|6662|7142|5196|1954|2216|1779|1034|582|657|523|110|85|61|39|0|0|0|0|0|0,49232
Texas,Car,BEV,2039,0|137|324|590|919|1415|2131|2910|4037|5290|6878|8409|9542|7038|5079|1887|2102|1646|926|500|538|407|82|60|42|26|0|0|0|0|0,62915
Texas,Car,BEV,2040,0|147|350|631|1033|1535|2298|3387|4553|6224|8006|10150|12036|9402|6879|4906|1791|1946|1474|794|409|418|301|58|41|28|17|0|0|0|0,78814
Texas,Car,BEV,2041,0|158|375|680|1104|1717|2487|3651|5296|7009|9420|11833|14517|11860|9190|6644|4655|1657|1742|1265|650|318|309|214|40|28|18|11|0|0|0,96848
Texas,Car,BEV,2042,0|169|404|729|1189|1830|2761|3941|5704|8147|10592|13922|16941|14305|11593|8876|6304|4308|1484|1495|1034|505|235|220|147|27|18|12|7|0|0,116899
Texas,Car,BEV,2043,0|179|431|783|1273|1967|2937|4344|6138|8762|12300|15631|19930|16693|13982|11196|8422|5835|3857|1273|1223|804|374|167|151|98|18|12|8|5|0,138793
Texas,Car,BEV,2044,0|189|457|835|1362|2103|3147|4606|6709|9399|13212|18137|22351|19638|16317|13504|10624|7795|5223|3310|1041|950|595|265|115|101|65|11|8|5|3,162077
Texas,Car,BEV,2045,0|198|482|885|1451|2248|3359|4916|7095|10192|14128|19456|25913|22024|19196|15759|12814|9833|6978|4483|2707|809|703|422|182|77|66|42|7|5|3,186433
Texas,Car,BEV,2046,0|203|506|933|1540|2390|3581|5232|7539|10749|15214|20748|27766|25533|21528|18539|14954|11860|8802|5989|3666|2103|599|499|290|122|51|43|27|5|3,211014
Texas,Car,BEV,2047,0|209|519|980|1621|2535|3802|5568|8000|11371|15998|22216|29544|27359|24958|20791|17591|13840|10616|7555|4898|2849|1557|425|343|194|80|33|28|17|3,235500
Texas,Car,BEV,2048,0|213|532|1005|1702|2667|4028|5898|8491|12027|16859|23300|31489|29111|26743|24104|19729|16282|12389|9113|6178|3806|2109|1105|292|230|128|52|21|18|11,259632
Texas,Car,BEV,2049,0|217|544|1031|1748|2799|4234|6239|8973|12735|17777|24471|32958|31029|28456|25828|22872|18260|14575|10634|7451|4801|2817|1497|759|195|151|83|34|14|11,283193
Texas,Car,BEV,2050,0|221|553|1054|1795|2877|4441|6551|9473|13424|18778|25735|34518|32476|30330|27482|24508|21170|16346|12510|8696|5790|3554|2000|1028|508|129|98|54|22|9,306130
Texas,Car,PHEV,2020,0|0|2|2|2|2|5|0|0|0|0|0|0|0|0|0|0|0|0|0|0|0|0|0|0|0|0|0|0|0|0,13
Texas,Car,PHEV,2021,0|0|1|4|5|7|4|11|0|0|0|0|0|0|0|0|0|0|0|0|0|0|0|0|0|0|0|0|0|0|0,32
Texas,Car,PHEV,2022,0|0|0|3|9|10|13|9|22|0|0|0|0|0|0|0|0|0|0|0|0|0|0|0|0|0|0|0|0|0|0,66
Texas,Car,PHEV,2023,0|0|1|1|5|15|17|22|15|38|0|0|0|0|0|0|0|0|0|0|0|0|0|0|0|0|0|0|0|0|0,114
Texas,Car,PHEV,2024,0|0|0|3|3|9|25|28|35|26|61|0|0|0|0|0|0|0|0|0|0|0|0|0|0|0|0|0|0|0|0,190
Texas,Car,PHEV,2025,0|0|0|1|5|5|15|41|46|55|42|93|0|0|0|0|0|0|0|0|0|0|0|0|0|0|0|0|0|0|0,303
Texas,Car,PHEV,2026,0|5|0|1|3|10|10|24|64|73|84|63|137|0|0|0|0|0|0|0|0|0|0|0|0|0|0|0|0|0|0,474
Texas,Car,PHEV,2027,0|5|11|2|2|6|17|17|37|100|113|126|91|135|0|0|0|0|0|0|0|0|0|0|0|0|0|0|0|0|0,662
Texas,Car,PHEV,2028,0|7|13|21|5|5|11|28|28|57|152|168|183|90|132|0|0|0|0|0|0|0|0|0|0|0|0|0|0|0|0,900
Texas,Car,PHEV,2029,0|8|19|26|36|9|10|18|45|44|85|226|242|180|88|127|0|0|0|0|0|0|0|0|0|0|0|0|0|0|0,1163
Texas,Car,PHEV,2030,0|10|21|38|46|60|15|16|30|70|68|126|324|238|176|85|121|0|0|0|0|0|0|0|0|0|0|0|0|0|0,1444
Texas,Car,PHEV,2031,0|11|27|41|67|77|96|23|25|47|106|101|181|319|233|170|81|112|0|0|0|0|0|0|0|0|0|0|0|0|0,1717
Texas,Car,PHEV,2032,0|14|29|53|72|113|126|153|34|38|73|155|146|178|312|225|161|75|100|0|0|0|0|0|0|0|0|0|0|0|0,2057
Texas,Car,PHEV,2033,0|16|36|57|93|122|184|200|236|51|57|107|221|143|174|301|214|149|67|86|0|0|0|0|0|0|0|0|0|0|0,2514
Texas,Car,PHEV,2034,0|18|42|71|99|156|197|293|311|360|73|82|152|218|140|168|286|198|134|57|70|0|0|0|0|0|0|0|0|0|0,3125
Texas,Car,PHEV,2035,0|18|47|83|124|166|251|310|457|478|540|105|116|150|213|135|160|264|177|115|47|55|0|0|0|0|0|0|0|0|0,4011
Texas,Car,PHEV,2036,0|20|47|92|146|209|271|396|483|701|720|794|145|114|147|206|128|148|237|152|94|36|40|0|0|0|0|0|0|0|0,5326
Texas,Car,PHEV,2037,0|22|51|93|162|246|342|432|618|740|1057|1061|1130|143|112|142|195|119|132|203|124|73|27|29|0|0|0|0|0|0|0,7253
Texas,Car,PHEV,2038,0|23|57|100|166|271|402|546|679|950|1116|1557|1515|1113|140|108|135|181|106|114|166|96|54|19|20|0|0|0|0|0|0,9634
Texas,Car,PHEV,2039,0|24|60|110|176|279|441|641|857|1051|1434|1644|2225|1493|1088|135|102|125|162|91|93|129|71|38|13|13|0|0|0|0|0,12495
Texas,Car,PHEV,2040,0|25|63|115|194|294|454|702|1005|1324|1594|2119|2349|2193|1459|1051|128|95|111|139|75|72|96|51|26|9|9|0|0|0|0,15752
Texas,Car,PHEV,2041,0|27|64|121|200|322|478|725|1101|1553|2010|2361|3033|2315|2143|1410|997|119|85|96|114|58|53|68|35|18|6|6|0|0|0,19518
Texas,Car,PHEV,2042,0|28|68|124|209|331|516|757|1137|1699|2355|2975|3387|2988|2263|2070|1338|923|106|73|78|88|43|38|47|23|12|4|4|0|0,23684
Texas,Car,PHEV,2043,0|29|71|132|214|344|529|811|1181|1753|2573|3487|4264|3337|2921|2185|1964|1238|826|91|60|61|65|31|26|31|15|8|2|2|0,28251
Texas,Car,PHEV,2044,0|29|75|137|229|351|547|827|1248|1809|2650|3806|4998|4201|3262|2821|2074|1818|1108|709|75|46|45|46|21|17|21|10|5|2|1,32988
Texas,Car,PHEV,2045,0|29|76|145|237|375|558|851|1266|1888|2719|3913|5451|4925|4107|3150|2677|1919|1627|951|580|58|34|32|32|14|11|13|6|3|1,37648
Texas,Car,PHEV,2046,0|29|75|148|252|388|591|867|1297|1907|2808|3992|5594|5371|4814|3966|2989|2478|1718|1397|778|451|43|24|22|21|9|7|9|4|2,42051
Texas,Car,PHEV,2047,0|29|73|146|257|410|611|911|1315|1943|2824|4088|5682|5512|5250|4650|3764|2767|2218|1475|1142|604|334|30|17|15|14|6|5|6|3,46101
Texas,Car,PHEV,2048,0|28|72|143|253|419|643|939|1375|1965|2863|4095|5780|5599|5388|5070|4412|3483|2477|1904|1206|888|447|237|21|11|10|9|4|3|4,49748
Texas,Car,PHEV,2049,0|27|70|140|247|413|656|983|1411|2038|2884|4130|5772|5696|5473|5204|4811|4084|3118|2126|1557|937|657|318|163|14|7|6|6|2|2,52952
Texas,Car,PHEV,2050,0|25|68|136|241|405|649|1000|1469|2084|2971|4150|5795|5687|5567|5286|4938|4453|3655|2677|1738|1210|694|466|218|109|9|5|4|4|2,55715
Texas,SUV,BEV,2020,0|1|2|2|2|2|2|0|0|0|0|0|0|0|0|0|0|0|0|0|0|0|0|0|0|0|0|0|0|0|0,11
Texas,SUV,BEV,2021,0|2|3|4|6|4|4|4|0|0|0|0|0|0|0|0|0|0|0|0|0|0|0|0|0|0|0|0|0|0|0,27
Texas,SUV,BEV,2022,0|6|7|5|8|12|9|8|7|0|0|0|0|0|0|0|0|0|0|0|0|0|0|0|0|0|0|0|0|0|0,62
Texas,SUV,BEV,2023,0|11|16|13|10|13|21|15|13|12|0|0|0|0|0|0|0|0|0|0|0|0|0|0|0|0|0|0|0|0|0,124
Texas,SUV,BEV,2024,0|20|28|31|23|16|22|34|26|21|19|0|0|0|0|0|0|0|0|0|0|0|0|0|0|0|0|0|0|0|0,240
Texas,SUV,BEV,2025,0|24|51|57|55|39|25|35|54|43|32|30|0|0|0|0|0|0|0|0|0|0|0|0|0|0|0|0|0|0|0,445
Texas,SUV,BEV,2026,0|22|63|100|101|93|64|41|55|85|67|48|44|0|0|0|0|0|0|0|0|0|0|0|0|0|0|0|0|0|0,783
Texas,SUV,BEV,2027,0|30|56|125|177|171|152|102|63|85|128|102|70|44|0|0|0|0|0|0|0|0|0|0|0|0|0|0|0|0|0,1305
Texas,SUV,BEV,2028,0|41|77|110|221|298|280|244|160|97|128|191|148|69|43|0|0|0|0|0|0|0|0|0|0|0|0|0|0|0|0,2107
Texas,SUV,BEV,2029,0|52|105|151|195|371|488|448|384|247|148|191|276|145|67|41|0|0|0|0|0|0|0|0|0|0|0|0|0|0|0,3309
Texas,SUV,BEV,2030,0|64|134|205|267|329|604|779|705|594|376|219|275|272|142|65|39|0|0|0|0|0|0|0|0|0|0|0|0|0|0,5069
Texas,SUV,BEV,2031,0|77|164|262|363|449|536|966|1224|1091|901|556|314|271|266|137|62|36|0|0|0|0|0|0|0|0|0|0|0|0|0,7675
Texas,SUV,BEV,2032,0|96|199|322|464|610|733|858|1520|1893|1657|1335|800|309|265|257|130|57|32|0|0|0|0|0|0|0|0|0|0|0|0,11537
Texas,SUV,BEV,2033,0|113|245|390|569|779|992|1171|1347|2352|2876|2456|1917|788|302|256|244|121|51|28|0|0|0|0|0|0|0|0|0|0|0,16997
Texas,SUV,BEV,2034,0|136|289|480|688|954|1268|1583|1841|2084|3573|4266|3526|1889|770|292|243|226|108|44|23|0|0|0|0|0|0|0|0|0|0,24283
Texas,SUV,BEV,2035,0|152|350|565|845|1153|1555|2024|2487|2849|3165|5300|6128|3475|1846|744|277|225|202|93|36|18|0|0|0|0|0|0|0|0|0,33489
Texas,SUV,BEV,2036,0|164|391|684|994|1415|1876|2483|3180|3847|4326|4690|7609|6038|3397|1783|706|256|201|173|76|28|13|0|0|0|0|0|0|0|0,44330
Texas,SUV,BEV,2037,0|175|420|762|1202|1660|2298|2991|3899|4915|5840|6412|6729|7497|5902|3280|1692|653|229|173|142|59|21|9|0|0|0|0|0|0|0,56960
Texas,SUV,BEV,2038,0|193|450|819|1336|2004|2689|3656|4689|6023|7458|8654|9201|6631|7328|5700|3113|1566|585|197|141|110|44|15|6|0|0|0|0|0|0,72608
Texas,SUV,BEV,2039,0|210|495|878|1437|2225|3237|4263|5718|7233|9132|11044|12413|9066|6482|7078|5409|2881|1402|502|161|110|82|31|10|4|0|0|0|0|0,91503
Texas,SUV,BEV,2040,0|224|536|965|1542|2395|3587|5117|6643|8798|10950|13517|15835|12232|8862|6260|6716|5006|2579|1203|410|125|81|58|21|7|3|0|0|0|0,113672
Texas,SUV,BEV,2041,0|240|572|1042|1691|2571|3867|5660|7951|10186|13289|16185|19370|15604|11956|8558|5940|6216|4481|2214|984|319|93|58|40|14|4|2|0|0|0,139107
Texas,SUV,BEV,2042,0|255|613|1114|1822|2813|4156|6108|8777|12160|15337|19602|23166|19087|15252|11547|8121|5498|5564|3846|1810|764|236|66|40|27|9|3|1|0|0,167794
Texas,SUV,BEV,2043,0|273|651|1191|1948|3023|4528|6568|9482|13398|18269|22564|28014|22827|18657|14730|10957|7517|4921|4776|3145|1407|566|168|45|27|18|6|2|1|0,199679
Texas,SUV,BEV,2044,0|287|696|1265|2078|3228|4853|7126|10200|14484|20094|26834|32185|27604|22313|18019|13977|10141|6728|4224|3905|2444|1041|402|115|30|17|11|4|1|0,234306
Texas,SUV,BEV,2045,0|305|734|1348|2206|3438|5172|7613|11015|15582|21732|29470|38228|31713|26983|21549|17098|12937|9078|5775|3454|3035|1809|739|276|77|20|11|7|3|1,271408
Texas,SUV,BEV,2046,0|316|779|1423|2346|3644|5496|8093|11728|16748|23377|31874|41933|37669|30999|26059|20448|15825|11580|7792|4723|2684|2247|1284|507|185|51|13|7|5|2,309837
Texas,SUV,BEV,2047,0|328|806|1508|2476|3867|5813|8580|12431|17772|25017|34275|45351|41320|36820|29938|24727|18926|14166|9940|6372|3670|1987|1595|882|340|122|33|8|5|3,349078
Texas,SUV,BEV,2048,0|339|837|1562|2621|4076|6154|9051|13143|18779|26462|36549|48746|44687|40389|35560|28408|22887|16941|12159|8128|4951|2717|1411|1095|590|224|79|21|5|3,388574
Texas,SUV,BEV,2049,0|346|864|1621|2716|4311|6479|9556|13824|19802|27882|38553|51831|48033|43681|39007|33743|26294|20487|14541|9943|6316|3665|1929|968|733|389|145|51|14|3,427727
Texas,SUV,BEV,2050,0|355|884|1674|2819|4468|6841|10045|14551|20762|29322|40521|54549|51072|46951|42186|37014|31231|23537|17585|11891|7726|4676|2602|1324|648|482|253|94|33|9,466105
Texas,SUV,PHEV,2020,0|0|0|0|1|0|1|0|0|0|0|0|0|0|0|0|0|0|0|0|0|0|0|0|0|0|0|0|0|0|0,2
Texas,SUV,PHEV,2021,0|0|0|0|1|2|1|2|0|0|0|0|0|0|0|0|0|0|0|0|0|0|0|0|0|0|0|0|0|0|0,6
Texas,SUV,PHEV,2022,0|2|0|0|1|3|4|3|4|0|0|0|0|0|0|0|0|0|0|0|0|0|0|0|0|0|0|0|0|0|0,17
Texas,SUV,PHEV,2023,0|2|6|1|1|3|5|7|5|7|0|0|0|0|0|0|0|0|0|0|0|0|0|0|0|0|0|0|0|0|0,37
Texas,SUV,PHEV,2024,0|5|7|11|3|3|5|10|12|10|12|0|0|0|0|0|0|0|0|0|0|0|0|0|0|0|0|0|0|0|0,78
Texas,SUV,PHEV,2025,0|5|11|13|20|6|5|10|16|20|16|18|0|0|0|0|0|0|0|0|0|0|0|0|0|0|0|0|0|0|0,140
Texas,SUV,PHEV,2026,0|5|14|22|24|33|11|10|16|25|31|25|27|0|0|0|0|0|0|0|0|0|0|0|0|0|0|0|0|0|0,243
Texas,SUV,PHEV,2027,0|6|12|27|40|42|53|19|16|26|38|47|36|26|0|0|0|0|0|0|0|0|0|0|0|0|0|0|0|0|0,388
Texas,SUV,PHEV,2028,0|9|16|23|47|68|69|84|30|25|42|57|68|36|26|0|0|0|0|0|0|0|0|0|0|0|0|0|0|0|0,600
Texas,SUV,PHEV,2029,0|10|25|32|41|78|110|111|134|48|38|63|84|67|35|25|0|0|0|0|0|0|0|0|0|0|0|0|0|0|0,901
Texas,SUV,PHEV,2030,0|14|26|48|57|70|128|177|175|207|74|55|91|82|65|34|23|0|0|0|0|0|0|0|0|0|0|0|0|0|0,1326
Texas,SUV,PHEV,2031,0|17|34|51|84|96|115|204|279|273|314|109|80|90|81|63|32|22|0|0|0|0|0|0|0|0|0|0|0|0|0,1944
Texas,SUV,PHEV,2032,0|21|43|68|91|141|157|184|321|433|416|465|157|78|88|78|60|30|19|0|0|0|0|0|0|0|0|0|0|0|0,2850
Texas,SUV,PHEV,2033,0|26|54|82|121|152|231|250|288|497|658|618|668|155|77|85|74|55|27|17|0|0|0|0|0|0|0|0|0|0|0,4135
Texas,SUV,PHEV,2034,0|29|67|106|142|203|248|367|391|445|755|976|890|658|152|74|81|68|50|23|14|0|0|0|0|0|0|0|0|0|0,5739
Texas,SUV,PHEV,2035,0|30|74|131|186|236|330|395|578|604|675|1120|1401|877|643|146|70|75|61|43|19|11|0|0|0|0|0|0|0|0|0,7705
Texas,SUV,PHEV,2036,0|31|78|145|231|310|383|524|621|894|917|998|1609|1381|857|621|139|65|67|52|35|15|8|0|0|0|0|0|0|0|0,9981
Texas,SUV,PHEV,2037,0|33|81|154|255|384|502|609|822|961|1357|1359|1431|1585|1350|828|589|129|58|57|43|27|11|6|0|0|0|0|0|0|0,12631
Texas,SUV,PHEV,2038,0|35|84|158|271|426|619|797|952|1270|1456|2010|1947|1410|1550|1304|786|546|115|50|47|33|20|8|4|0|0|0|0|0|0,15898
Texas,SUV,PHEV,2039,0|37|88|163|278|452|688|977|1244|1468|1924|2155|2882|1919|1378|1497|1237|727|488|99|41|36|25|14|5|3|0|0|0|0|0,19825
Texas,SUV,PHEV,2040,0|37|93|173|286|463|729|1089|1518|1911|2219|2846|3088|2840|1875|1331|1420|1145|651|419|81|32|27|18|10|4|2|0|0|0|0,24307
Texas,SUV,PHEV,2041,0|40|94|181|303|477|747|1151|1691|2320|2881|3276|4077|3043|2776|1811|1263|1314|1025|559|343|63|24|19|12|7|2|1|0|0|0,29500
Texas,SUV,PHEV,2042,0|41|101|183|316|502|768|1180|1786|2585|3486|4243|4687|4017|2974|2681|1719|1169|1177|880|457|266|46|17|13|8|4|2|1|0|0,35309
Texas,SUV,PHEV,2043,0|44|105|196|319|522|805|1211|1831|2725|3884|5120|6058|4618|3927|2872|2544|1591|1046|1010|719|355|197|33|11|9|5|3|1|0|0,41761
Texas,SUV,PHEV,2044,0|46|112|204|341|529|834|1263|1878|2795|4085|5704|7293|5970|4514|3793|2726|2355|1424|898|826|559|263|140|23|8|6|3|2|1|0,48595
Texas,SUV,PHEV,2045,0|46|116|217|354|562|845|1302|1945|2862|4190|5988|8126|7186|5835|4360|3599|2523|2108|1222|734|642|414|187|96|15|5|4|2|1|0,55486
Texas,SUV,PHEV,2046,0|46|117|224|375|582|892|1319|1996|2949|4285|6142|8517|8007|7024|5635|4137|3331|2258|1809|999|571|475|294|128|64|10|3|2|1|1,62193
Texas,SUV,PHEV,2047,0|45|116|227|387|615|921|1382|2018|3008|4389|6272|8733|8392|7827|6784|5347|3829|2982|1938|1479|777|422|337|202|86|42|6|2|2|1,68568
Texas,SUV,PHEV,2048,0|44|114|225|392|633|970|1421|2098|3035|4457|6394|8907|8605|8203|7559|6437|4949|3427|2559|1585|1150|575|300|232|135|56|28|4|1|1,74496
Texas,SUV,PHEV,2049,0|42|112|221|389|639|994|1487|2147|3132|4485|6464|9042|8777|8412|7923|7172|5958|4430|2942|2093|1232|851|408|206|155|89|37|18|3|1,79861
Texas,SUV,PHEV,2050,0|41|109|217|383|635|1003|1519|2232|3188|4594|6488|9111|8910|8579|8124|7518|6639|5333|3803|2406|1626|912|604|280|138|102|58|24|11|2,84589
Utah,Car,BEV,2020,0|0|1|0|0|1|2|0|0|0|0|0|0|0|0|0|0|0|0|0|0|0|0|0|0|0|0|0|0|0|0,4
Utah,Car,BEV,2021,0|0|1|3|0|1|3|4|0|0|0|0|0|0|0|0|0|0|0|0|0|0|0|0|0|0|0|0|0|0|0,12
Utah,Car,BEV,2022,0|1|1|3|5|1|3|5|9|0|0|0|0|0|0|0|0|0|0|0|0|0|0|0|0|0|0|0|0|0|0,28
Utah,Car,BEV,2023,0|1|2|2|5|10|3|5|10|15|0|0|0|0|0|0|0|0|0|0|0|0|0|0|0|0|0|0|0|0|0,53
Utah,Car,BEV,2024,0|1|3|4|4|10|16|5|10|16|25|0|0|0|0|0|0|0|0|0|0|0|0|0|0|0|0|0|0|0|0,94
Utah,Car,BEV,2025,0|1|3|5|8|8|16|27|10|16|26|39|0|0|0|0|0|0|0|0|0|0|0|0|0|0|0|0|0|0|0,159
Utah,Car,BEV,2026,0|3|3|7|10|13|13|27|45|16|26|41|57|0|0|0|0|0|0|0|0|0|0|0|0|0|0|0|0|0|0,261
Utah,Car,BEV,2027,0|3|8|6|12|17|21|21|43|71|26|40|60|56|0|0|0|0|0|0|0|0|0|0|0|0|0|0|0|0|0,384
Utah,Car,BEV,2028,0|5|8|15|11|21|28|33|33|68|108|40|58|59|55|0|0|0|0|0|0|0|0|0|0|0|0|0|0|0|0,542
Utah,Car,BEV,2029,0|5|12|16|24|18|35|46|52|51|103|160|58|57|58|53|0|0|0|0|0|0|0|0|0|0|0|0|0|0|0,748
Utah,Car,BEV,2030,0|6|13|21|28|40|30|55|74|81|78|153|230|57|56|56|50|0|0|0|0|0|0|0|0|0|0|0|0|0|0,1028
Utah,Car,BEV,2031,0|7|16|25|38|46|63|48|85|115|121|118|219|227|56|54|53|47|0|0|0|0|0|0|0|0|0|0|0|0|0,1338
Utah,Car,BEV,2032,0|8|18|31|45|64|75|99|75|130|175|179|169|216|222|54|51|49|42|0|0|0|0|0|0|0|0|0|0|0|0,1702
Utah,Car,BEV,2033,0|9|21|35|55|75|102|121|154|114|198|261|257|167|211|214|51|47|44|36|0|0|0|0|0|0|0|0|0|0|0,2172
Utah,Car,BEV,2034,0|11|24|42|62|92|123|161|190|235|170|292|376|253|163|204|203|47|42|38|29|0|0|0|0|0|0|0|0|0|0,2757
Utah,Car,BEV,2035,0|12|28|48|73|104|149|196|249|293|354|250|417|370|247|157|194|188|42|36|31|23|0|0|0|0|0|0|0|0|0,3461
Utah,Car,BEV,2036,0|13|31|55|84|122|168|236|306|383|443|519|357|411|362|239|149|179|168|36|30|24|17|0|0|0|0|0|0|0|0,4332
Utah,Car,BEV,2037,0|15|33|60|96|140|198|268|367|471|577|655|740|352|402|349|227|138|160|144|30|23|18|12|0|0|0|0|0|0|0,5475
Utah,Car,BEV,2038,0|16|38|64|105|160|227|315|418|562|709|851|937|730|344|388|332|210|124|138|118|23|17|13|8|0|0|0|0|0|0,6847
Utah,Car,BEV,2039,0|17|40|73|113|174|260|359|494|643|845|1046|1215|923|713|332|368|307|188|106|113|92|17|12|9|5|0|0|0|0|0,8464
Utah,Car,BEV,2040,0|18|44|77|126|189|282|412|560|760|971|1244|1495|1198|903|689|315|341|275|161|87|87|68|12|8|6|4|0|0|0|0,10332
Utah,Car,BEV,2041,0|20|46|85|134|210|306|445|643|856|1147|1430|1774|1473|1171|872|654|292|305|236|132|67|65|48|8|6|4|2|0|0|0,12431
Utah,Car,BEV,2042,0|20|50|90|148|224|337|484|693|987|1289|1693|2042|1748|1440|1131|827|605|261|262|193|102|50|46|33|6|4|2|2|0|0,14769
Utah,Car,BEV,2043,0|23|52|97|157|245|360|529|751|1063|1487|1897|2421|2012|1709|1390|1073|766|541|224|214|150|76|35|32|22|4|2|2|1|0,17335
Utah,Car,BEV,2044,0|24|58|103|169|260|392|564|818|1147|1600|2190|2706|2386|1967|1650|1319|993|685|465|183|166|111|54|24|21|15|2|2|1|1,20076
Utah,Car,BEV,2045,0|25|60|111|179|279|416|611|871|1244|1720|2353|3124|2666|2332|1900|1566|1221|889|588|380|142|123|79|37|16|14|9|2|1|1,22959
Utah,Car,BEV,2046,0|26|64|116|194|298|446|649|937|1320|1858|2523|3355|3078|2606|2252|1803|1449|1093|763|481|295|105|87|54|25|11|9|6|1|1,25905
Utah,Car,BEV,2047,0|27|66|124|203|320|476|694|993|1413|1968|2713|3591|3306|3009|2517|2137|1669|1297|938|624|374|219|75|60|36|16|7|6|4|1,28883
Utah,Car,BEV,2048,0|27|68|128|214|336|508|740|1060|1499|2095|2869|3845|3538|3231|2906|2389|1978|1494|1113|767|485|277|155|51|40|24|11|4|4|3,31859
Utah,Car,BEV,2049,0|28|68|132|222|353|533|789|1130|1593|2219|3042|4061|3789|3459|3121|2757|2211|1770|1282|911|596|359|196|107|34|26|15|7|3|2,34815
Utah,Car,BEV,2050,0|29|71|132|230|366|560|828|1200|1695|2353|3217|4295|4001|3704|3340|2961|2552|1979|1520|1048|708|441|255|135|71|23|17|10|4|2,37747
Utah,Car,PHEV,2020,0|0|0|0|0|0|1|0|0|0|0|0|0|0|0|0|0|0|0|0|0|0|0|0|0|0|0|0|0|0|0,1
Utah,Car,PHEV,2021,0|0|0|0|0|0|0|3|0|0|0|0|0|0|0|0|0|0|0|0|0|0|0|0|0|0|0|0|0|0|0,3
Utah,Car,PHEV,2022,0|0|0|0|1|1|1|1|5|0|0|0|0|0|0|0|0|0|0|0|0|0|0|0|0|0|0|0|0|0|0,9
Utah,Car,PHEV,2023,0|0|0|0|0|3|3|3|3|8|0|0|0|0|0|0|0|0|0|0|0|0|0|0|0|0|0|0|0|0|0,20
Utah,Car,PHEV,2024,0|0|0|0|0|1|5|5|5|5|13|0|0|0|0|0|0|0|0|0|0|0|0|0|0|0|0|0|0|0|0,34
Utah,Car,PHEV,2025,0|0|0|0|0|0|2|9|10|10|8|19|0|0|0|0|0|0|0|0|0|0|0|0|0|0|0|0|0|0|0,58
Utah,Car,PHEV,2026,0|0|0|0|0|1|1|4|15|16|16|13|28|0|0|0|0|0|0|0|0|0|0|0|0|0|0|0|0|0|0,94
Utah,Car,PHEV,2027,0|0|0|0|0|0|3|3|7|24|25|25|19|27|0|0|0|0|0|0|0|0|0|0|0|0|0|0|0|0|0,133
Utah,Car,PHEV,2028,0|1|1|1|0|0|1|5|5|12|36|38|36|18|27|0|0|0|0|0|0|0|0|0|0|0|0|0|0|0|0,181
Utah,Car,PHEV,2029,0|1|2|3|4|0|0|3|10|10|18|53|55|36|18|26|0|0|0|0|0|0|0|0|0|0|0|0|0|0|0,239
Utah,Car,PHEV,2030,0|1|3|5|6|7|1|1|6|16|16|28|76|54|35|17|24|0|0|0|0|0|0|0|0|0|0|0|0|0|0,296
Utah,Car,PHEV,2031,0|1|3|6|9|11|13|4|4|11|25|25|41|75|53|34|17|23|0|0|0|0|0|0|0|0|0|0|0|0|0,355
Utah,Car,PHEV,2032,0|2|3|6|10|15|17|20|7|7|17|37|35|41|73|51|32|15|20|0|0|0|0|0|0|0|0|0|0|0|0,408
Utah,Car,PHEV,2033,0|2|4|7|11|16|24|26|32|11|12|25|53|35|40|70|49|30|14|17|0|0|0|0|0|0|0|0|0|0|0,478
Utah,Car,PHEV,2034,0|2|5|9|12|18|25|39|41|49|17|18|35|52|34|38|67|45|27|12|14|0|0|0|0|0|0|0|0|0|0,559
Utah,Car,PHEV,2035,0|2|6|10|15|20|30|40|60|62|73|24|26|35|51|33|36|62|40|23|10|11|0|0|0|0|0|0|0|0|0,669
Utah,Car,PHEV,2036,0|3|6|11|17|25|32|48|61|90|92|106|32|25|34|49|31|34|55|35|19|7|8|0|0|0|0|0|0|0|0,820
Utah,Car,PHEV,2037,0|3|7|11|19|28|41|50|75|92|133|135|150|32|25|33|47|29|30|48|28|15|6|6|0|0|0|0|0|0|0,1043
Utah,Car,PHEV,2038,0|3|8|13|20|31|46|65|79|114|137|194|192|148|31|24|31|43|26|26|39|22|11|4|4|0|0|0|0|0|0,1311
Utah,Car,PHEV,2039,0|3|8|14|22|34|51|75|102|121|170|200|275|189|145|30|23|29|39|22|21|30|16|8|3|3|0|0|0|0|0,1633
Utah,Car,PHEV,2040,0|3|8|14|24|37|54|81|118|156|185|250|284|271|185|140|29|21|26|33|18|16|22|12|5|2|2|0|0|0|0,1996
Utah,Car,PHEV,2041,0|4|8|15|25|40|59|86|128|181|236|273|358|280|265|178|133|27|19|22|27|14|12|16|8|4|1|1|0|0|0,2420
Utah,Car,PHEV,2042,0|4|9|15|26|41|63|92|134|197|275|349|392|353|274|256|169|123|24|16|18|21|10|9|11|5|2|1|1|0|0,2890
Utah,Car,PHEV,2043,0|4|9|17|26|43|65|98|142|207|299|408|502|387|345|264|243|157|110|20|13|14|16|7|6|7|3|2|0|0|0,3414
Utah,Car,PHEV,2044,0|4|10|17|29|43|67|100|151|216|313|442|583|494|378|333|251|225|140|94|17|10|10|11|5|4|5|2|1|0|0,3955
Utah,Car,PHEV,2045,0|4|10|18|30|47|68|104|153|226|324|460|633|575|483|365|316|232|201|120|77|13|8|7|8|3|3|3|1|1|0,4493
Utah,Car,PHEV,2046,0|4|10|18|31|48|73|105|158|229|336|474|657|624|562|467|346|292|208|173|98|60|10|5|5|5|2|2|2|1|0,5005
Utah,Car,PHEV,2047,0|4|10|18|31|50|76|112|160|235|339|488|674|647|610|542|443|321|262|178|141|76|44|7|4|3|3|1|1|1|1,5482
Utah,Car,PHEV,2048,0|4|10|18|31|50|79|117|169|239|347|492|690|664|633|589|515|410|287|225|146|110|57|32|5|2|2|2|1|1|1,5928
Utah,Car,PHEV,2049,0|4|10|19|31|50|79|121|175|251|352|501|693|680|649|611|559|476|367|246|184|113|81|40|22|3|2|1|1|1|0,6322
Utah,Car,PHEV,2050,0|4|10|19|32|49|79|121|182|258|366|507|703|683|665|627|580|517|426|315|201|143|84|58|28|14|2|1|1|1|0,6676
Utah,SUV,BEV,2020,0|0|0|0|0|0|0|0|0|0|0|0|0|0|0|0|0|0|0|0|0|0|0|0|0|0|0|0|0|0|0,0
Utah,SUV,BEV,2021,0|0|0|0|0|0|0|0|0|0|0|0|0|0|0|0|0|0|0|0|0|0|0|0|0|0|0|0|0|0|0,0
Utah,SUV,BEV,2022,0|1|1|0|0|1|1|0|0|0|0|0|0|0|0|0|0|0|0|0|0|0|0|0|0|0|0|0|0|0|0,4
Utah,SUV,BEV,2023,0|2|3|2|0|1|3|3|1|1|0|0|0|0|0|0|0|0|0|0|0|0|0|0|0|0|0|0|0|0|0,16
Utah,SUV,BEV,2024,0|4|6|6|4|1|3|5|5|3|3|0|0|0|0|0|0|0|0|0|0|0|0|0|0|0|0|0|0|0|0,40
Utah,SUV,BEV,2025,0|5|10|12|11|8|3|5|10|9|5|5|0|0|0|0|0|0|0|0|0|0|0|0|0|0|0|0|0|0|0,83
Utah,SUV,BEV,2026,0|2|11|19|21|19|13|6|10|16|14|9|7|0|0|0|0|0|0|0|0|0|0|0|0|0|0|0|0|0|0,147
Utah,SUV,BEV,2027,0|4|7|22|32|34|31|22|11|16|26|21|14|7|0|0|0|0|0|0|0|0|0|0|0|0|0|0|0|0|0,247
Utah,SUV,BEV,2028,0|5|10|13|39|53|54|49|34|17|26|41|30|14|7|0|0|0|0|0|0|0|0|0|0|0|0|0|0|0|0,392
Utah,SUV,BEV,2029,0|6|12|19|24|66|86|85|78|53|28|41|60|30|13|6|0|0|0|0|0|0|0|0|0|0|0|0|0|0|0,607
Utah,SUV,BEV,2030,0|7|15|23|33|41|107|138|134|120|81|44|60|59|29|13|6|0|0|0|0|0|0|0|0|0|0|0|0|0|0,910
Utah,SUV,BEV,2031,0|9|18|30|41|55|68|170|215|207|182|122|63|59|58|28|12|6|0|0|0|0|0|0|0|0|0|0|0|0|0,1343
Utah,SUV,BEV,2032,0|12|23|36|53|70|89|109|265|333|314|270|174|62|58|56|27|11|5|0|0|0|0|0|0|0|0|0|0|0|0,1967
Utah,SUV,BEV,2033,0|13|30|45|65|90|115|142|171|410|504|464|388|172|61|56|53|25|10|4|0|0|0|0|0|0|0|0|0|0|0,2818
Utah,SUV,BEV,2034,0|16|34|58|80|110|147|185|222|263|623|745|666|383|168|59|53|49|22|9|4|0|0|0|0|0|0|0|0|0|0,3896
Utah,SUV,BEV,2035,0|18|42|67|101|133|180|235|291|344|398|923|1069|656|374|162|56|49|44|19|7|3|0|0|0|0|0|0|0|0|0,5171
Utah,SUV,BEV,2036,0|19|47|82|119|168|217|288|369|450|522|590|1326|1053|641|361|154|51|44|38|16|5|2|0|0|0|0|0|0|0|0,6562
Utah,SUV,BEV,2037,0|20|49|91|143|198|273|346|451|572|685|772|845|1306|1030|619|343|142|46|38|31|12|4|1|0|0|0|0|0|0|0,8017
Utah,SUV,BEV,2038,0|22|51|96|160|239|320|432|542|695|867|1015|1106|832|1277|994|588|317|127|40|31|24|9|3|1|0|0|0|0|0|0,9788
Utah,SUV,BEV,2039,0|24|57|100|169|266|385|504|674|834|1052|1283|1456|1090|814|1233|944|544|284|109|32|24|18|6|2|1|0|0|0|0|0,11905
Utah,SUV,BEV,2040,0|26|61|110|176|280|427|604|782|1033|1258|1555|1838|1435|1066|786|1170|873|487|244|89|25|18|13|4|1|0|0|0|0|0,14361
Utah,SUV,BEV,2041,0|28|67|119|194|294|451|669|934|1193|1555|1854|2224|1811|1403|1029|746|1083|782|418|199|69|19|13|9|3|1|0|0|0|0,17167
Utah,SUV,BEV,2042,0|29|71|129|209|324|476|711|1030|1419|1788|2285|2649|2192|1770|1355|976|690|969|671|342|155|51|13|9|6|2|1|0|0|0,20322
Utah,SUV,BEV,2043,0|32|75|137|226|348|521|752|1101|1563|2121|2620|3255|2610|2142|1710|1286|904|618|832|549|266|115|36|9|6|4|1|0|0|0,23839
Utah,SUV,BEV,2044,0|33|82|145|239|374|559|822|1169|1677|2333|3102|3724|3207|2552|2069|1622|1190|809|530|680|426|197|81|25|6|4|2|1|0|0,27660
Utah,SUV,BEV,2045,0|36|86|158|255|396|598|881|1272|1788|2511|3409|4403|3669|3135|2464|1963|1502|1065|694|434|529|316|140|56|17|4|2|2|1|0,31786
Utah,SUV,BEV,2046,0|37|91|165|274|423|634|936|1358|1937|2685|3677|4834|4338|3586|3028|2338|1817|1344|914|568|337|391|224|96|37|11|3|2|1|0,36086
Utah,SUV,BEV,2047,0|39|94|177|288|451|675|992|1441|2061|2895|3942|5225|4764|4241|3464|2873|2164|1627|1154|748|441|249|278|154|64|25|7|2|1|1,40537
Utah,SUV,BEV,2048,0|41|100|182|307|475|718|1054|1522|2182|3074|4233|5611|5149|4656|4096|3287|2659|1937|1396|943|581|327|177|191|103|42|16|5|1|1,45066
Utah,SUV,BEV,2049,0|41|103|193|317|504|755|1116|1613|2296|3244|4484|6007|5528|5033|4497|3886|3042|2380|1663|1142|733|430|232|122|128|68|27|10|3|1,49598
Utah,SUV,BEV,2050,0|42|105|199|334|522|800|1172|1702|2427|3405|4720|6350|5919|5404|4860|4267|3597|2723|2043|1360|887|543|305|159|81|84|44|18|7|2,54081
Utah,SUV,PHEV,2020,0|0|0|0|0|0|0|0|0|0|0|0|0|0|0|0|0|0|0|0|0|0|0|0|0|0|0|0|0|0|0,0
Utah,SUV,PHEV,2021,0|0|0|0|0|0|0|0|0|0|0|0|0|0|0|0|0|0|0|0|0|0|0|0|0|0|0|0|0|0|0,0
Utah,SUV,PHEV,2022,0|0|0|0|0|0|0|0|0|0|0|0|0|0|0|0|0|0|0|0|0|0|0|0|0|0|0|0|0|0|0,0
Utah,SUV,PHEV,2023,0|0|1|0|0|0|0|0|0|0|0|0|0|0|0|0|0|0|0|0|0|0|0|0|0|0|0|0|0|0|0,1
Utah,SUV,PHEV,2024,0|1|1|2|0|0|0|1|1|1|1|0|0|0|0|0|0|0|0|0|0|0|0|0|0|0|0|0|0|0|0,8
Utah,SUV,PHEV,2025,0|1|3|3|4|0|0|1|3|3|2|2|0|0|0|0|0|0|0|0|0|0|0|0|0|0|0|0|0|0|0,22
Utah,SUV,PHEV,2026,0|0|3|5|5|7|1|1|3|5|5|4|4|0|0|0|0|0|0|0|0|0|0|0|0|0|0|0|0|0|0,43
Utah,SUV,PHEV,2027,0|0|1|5|10|10|12|3|2|5|8|9|6|4|0|0|0|0|0|0|0|0|0|0|0|0|0|0|0|0|0,75
Utah,SUV,PHEV,2028,0|1|1|2|10|16|16|20|5|4|9|13|14|6|4|0|0|0|0|0|0|0|0|0|0|0|0|0|0|0|0,121
Utah,SUV,PHEV,2029,0|1|3|3|4|17|26|26|31|10|6|14|19|14|6|4|0|0|0|0|0|0|0|0|0|0|0|0|0|0|0,184
Utah,SUV,PHEV,2030,0|2|3|5|6|8|28|42|42|49|16|11|20|18|13|5|3|0|0|0|0|0|0|0|0|0|0|0|0|0|0,271
Utah,SUV,PHEV,2031,0|2|4|6|10|11|13|46|67|65|76|25|17|19|18|13|5|3|0|0|0|0|0|0|0|0|0|0|0|0|0,400
Utah,SUV,PHEV,2032,0|3|5|9|11|17|18|21|74|103|99|113|36|16|19|17|12|5|3|0|0|0|0|0|0|0|0|0|0|0|0,581
Utah,SUV,PHEV,2033,0|3|7|10|15|18|27|29|34|115|155|148|163|36|16|18|17|11|4|2|0|0|0|0|0|0|0|0|0|0|0,828
Utah,SUV,PHEV,2034,0|3|9|13|17|24|29|43|46|52|175|230|212|161|35|16|17|15|10|4|2|0|0|0|0|0|0|0|0|0|0,1113
Utah,SUV,PHEV,2035,0|5|9|17|23|28|38|46|67|71|79|261|329|209|157|34|15|16|14|9|3|2|0|0|0|0|0|0|0|0|0,1432
Utah,SUV,PHEV,2036,0|4|11|17|29|38|45|60|72|104|107|118|376|325|205|152|32|14|14|12|7|2|1|0|0|0|0|0|0|0|0,1745
Utah,SUV,PHEV,2037,0|4|10|21|30|47|60|71|94|111|156|158|169|370|317|198|144|30|12|12|10|5|2|1|0|0|0|0|0|0|0,2032
Utah,SUV,PHEV,2038,0|4|10|19|35|51|75|94|111|144|166|230|225|167|362|306|187|133|27|11|10|7|4|1|1|0|0|0|0|0|0,2380
Utah,SUV,PHEV,2039,0|5|10|18|33|56|82|117|147|168|218|244|327|222|163|349|291|174|119|23|9|8|6|3|1|0|0|0|0|0|0,2793
Utah,SUV,PHEV,2040,0|5|11|19|32|54|89|129|180|223|252|321|348|323|217|157|332|269|155|102|19|7|6|4|2|1|0|0|0|0|0,3257
Utah,SUV,PHEV,2041,0|5|11|20|33|53|86|139|198|271|333|370|457|343|315|209|149|307|241|133|84|15|5|4|3|1|0|0|0|0|0,3785
Utah,SUV,PHEV,2042,0|5|11|21|35|56|85|135|211|300|402|487|525|451|335|305|199|138|275|207|109|65|11|4|3|2|1|0|0|0|0,4378
Utah,SUV,PHEV,2043,0|5|11|21|36|59|90|135|208|319|447|585|690|517|440|324|289|184|124|236|169|85|48|8|2|2|1|1|0|0|0,5036
Utah,SUV,PHEV,2044,0|5|12|22|37|60|95|142|209|318|473|651|829|680|506|425|307|268|165|106|193|131|63|34|5|2|1|1|0|0|0,5740
Utah,SUV,PHEV,2045,0|6|12|25|40|62|95|148|218|320|474|686|921|817|665|488|404|284|239|141|87|150|97|45|23|4|1|1|0|0|0,6453
Utah,SUV,PHEV,2046,0|6|13|25|43|66|99|148|225|332|479|693|968|908|798|642|463|374|255|206|116|67|111|69|31|16|2|1|1|0|0,7157
Utah,SUV,PHEV,2047,0|6|14|26|44|71|105|154|226|340|496|702|982|954|887|771|609|429|334|218|168|90|50|79|47|20|10|2|0|0|0,7834
Utah,SUV,PHEV,2048,0|5|14|27|45|72|112|162|234|342|505|722|997|968|933|857|732|564|384|287|179|131|66|35|54|32|13|7|1|0|0,8480
Utah,SUV,PHEV,2049,0|5|13|27|46|74|113|171|244|352|507|732|1023|982|946|901|813|677|505|330|235|139|97|47|24|36|21|9|4|1|0,9074
Utah,SUV,PHEV,2050,0|5|13|26|46|75|116|173|255|363|518|735|1033|1008|960|914|855|753|606|433|270|182|103|69|32|16|24|14|6|3|0,9606
Vermont,Car,BEV,2020,0|0|0|0|0|0|0|0|0|0|0|0|0|0|0|0|0|0|0|0|0|0|0|0|0|0|0|0|0|0|0,0
Vermont,Car,BEV,2021,0|0|0|0|0|0|0|0|0|0|0|0|0|0|0|0|0|0|0|0|0|0|0|0|0|0|0|0|0|0|0,0
Vermont,Car,BEV,2022,0|0|0|0|0|0|0|0|0|0|0|0|0|0|0|0|0|0|0|0|0|0|0|0|0|0|0|0|0|0|0,0
Vermont,Car,BEV,2023,0|0|0|0|0|1|0|0|0|0|0|0|0|0|0|0|0|0|0|0|0|0|0|0|0|0|0|0|0|0|0,1
Vermont,Car,BEV,2024,0|0|0|0|0|1|3|0|0|0|1|0|0|0|0|0|0|0|0|0|0|0|0|0|0|0|0|0|0|0|0,5
Vermont,Car,BEV,2025,0|0|0|0|0|0|3|5|1|0|1|3|0|0|0|0|0|0|0|0|0|0|0|0|0|0|0|0|0|0|0,13
Vermont,Car,BEV,2026,0|0|0|0|1|1|1|5|8|2|1|3|5|0|0|0|0|0|0|0|0|0|0|0|0|0|0|0|0|0|0,27
Vermont,Car,BEV,2027,0|1|1|0|1|3|3|3|8|13|4|3|5|5|0|0|0|0|0|0|0|0|0|0|0|0|0|0|0|0|0,50
Vermont,Car,BEV,2028,0|2|3|3|1|3|5|5|5|13|20|6|5|5|5|0|0|0|0|0|0|0|0|0|0|0|0|0|0|0|0,81
Vermont,Car,BEV,2029,0|2|4|6|6|2|5|9|10|9|20|31|11|5|5|5|0|0|0|0|0|0|0|0|0|0|0|0|0|0|0,130
Vermont,Car,BEV,2030,0|2|5|8|11|11|4|10|14|16|15|31|44|11|5|5|4|0|0|0|0|0|0|0|0|0|0|0|0|0|0,196
Vermont,Car,BEV,2031,0|2|6|10|14|18|18|8|16|22|25|23|45|44|10|5|4|4|0|0|0|0|0|0|0|0|0|0|0|0|0,274
Vermont,Car,BEV,2032,0|2|7|11|17|23|29|29|13|25|33|37|32|45|43|10|4|4|4|0|0|0|0|0|0|0|0|0|0|0|0,368
Vermont,Car,BEV,2033,0|3|7|13|19|28|37|47|47|20|39|48|52|32|44|41|10|4|4|3|0|0|0|0|0|0|0|0|0|0|0,498
Vermont,Car,BEV,2034,0|3|8|13|22|32|46|58|75|72|31|56|70|51|31|42|39|9|4|3|3|0|0|0|0|0|0|0|0|0|0,668
Vermont,Car,BEV,2035,0|3|8|15|22|36|51|73|91|116|109|47|81|69|50|30|40|36|8|3|3|2|0|0|0|0|0|0|0|0|0,893
Vermont,Car,BEV,2036,0|4|8|15|25|37|59|80|114|140|175|161|67|79|67|48|29|37|32|7|3|2|1|0|0|0|0|0|0|0|0,1190
Vermont,Car,BEV,2037,0|4|10|15|26|42|60|93|126|173|212|258|231|66|78|65|46|27|33|28|6|2|1|1|0|0|0|0|0|0|0,1603
Vermont,Car,BEV,2038,0|5|10|18|27|44|68|97|146|193|260|312|370|228|64|75|62|43|24|28|23|4|1|1|1|0|0|0|0|0|0,2104
Vermont,Car,BEV,2039,0|5|11|20|31|46|71|107|151|224|292|382|445|364|223|62|71|57|38|20|23|18|3|1|1|0|0|0|0|0|0,2666
Vermont,Car,BEV,2040,0|5|11|21|34|51|75|112|166|233|340|432|547|439|356|215|59|66|51|33|17|18|13|2|1|0|0|0|0|0|0,3297
Vermont,Car,BEV,2041,0|5|11|21|36|56|83|120|175|253|354|503|621|539|429|344|204|55|59|44|27|13|13|9|2|0|0|0|0|0|0,3976
Vermont,Car,BEV,2042,0|5|12|22|37|59|90|132|188|268|381|522|721|611|527|414|326|189|49|51|36|21|10|9|6|1|0|0|0|0|0,4687
Vermont,Car,BEV,2043,0|5|13|24|40|62|94|142|203|287|403|560|748|710|598|509|393|302|169|42|41|28|15|7|7|4|1|0|0|0|0,5407
Vermont,Car,BEV,2044,0|6|13|26|42|66|99|147|216|311|431|593|798|737|694|577|483|364|270|145|34|32|21|11|5|4|3|0|0|0|0,6128
Vermont,Car,BEV,2045,0|6|14|26|44|69|104|152|222|325|465|633|846|787|721|671|548|447|326|232|119|27|24|15|8|3|3|2|0|0|0,6839
Vermont,Car,BEV,2046,0|6|15|27|44|72|110|160|229|333|480|680|901|833|769|696|636|507|400|280|190|92|20|17|10|5|2|2|1|0|0,7517
Vermont,Car,BEV,2047,0|6|15|28|45|73|113|168|240|343|489|695|965|887|814|743|661|589|454|343|229|147|68|14|12|7|3|1|1|1|0,8154
Vermont,Car,BEV,2048,0|6|15|28|47|74|115|174|252|357|502|704|977|950|868|787|705|611|527|390|281|178|109|48|10|8|4|2|1|1|0,8731
Vermont,Car,BEV,2049,0|6|15|28|47|76|117|177|260|373|522|720|988|963|929|838|746|652|547|452|319|218|132|78|33|6|5|3|1|1|0,9252
Vermont,Car,BEV,2050,0|6|14|27|48|76|121|181|266|383|543|748|1008|974|941|897|795|691|584|470|370|248|161|93|53|22|4|3|2|1|0,9730
Vermont,Car,PHEV,2020,0|0|0|0|0|0|0|0|0|0|0|0|0|0|0|0|0|0|0|0|0|0|0|0|0|0|0|0|0|0|0,0
Vermont,Car,PHEV,2021,0|0|0|0|0|0|0|1|0|0|0|0|0|0|0|0|0|0|0|0|0|0|0|0|0|0|0|0|0|0|0,1
Vermont,Car,PHEV,2022,0|0|0|0|0|0|1|0|3|0|0|0|0|0|0|0|0|0|0|0|0|0|0|0|0|0|0|0|0|0|0,4
Vermont,Car,PHEV,2023,0|0|0|0|0|1|1|2|1|5|0|0|0|0|0|0|0|0|0|0|0|0|0|0|0|0|0|0|0|0|0,10
Vermont,Car,PHEV,2024,0|0|0|0|0|0|2|3|4|3|9|0|0|0|0|0|0|0|0|0|0|0|0|0|0|0|0|0|0|0|0,21
Vermont,Car,PHEV,2025,0|0|0|0|0|0|0|4|5|7|5|14|0|0|0|0|0|0|0|0|0|0|0|0|0|0|0|0|0|0|0,35
Vermont,Car,PHEV,2026,0|0|0|0|0|0|0|1|7|10|12|8|20|0|0|0|0|0|0|0|0|0|0|0|0|0|0|0|0|0|0,58
Vermont,Car,PHEV,2027,0|0|0|0|0|0|0|0|3|12|16|18|13|19|0|0|0|0|0|0|0|0|0|0|0|0|0|0|0|0|0,81
Vermont,Car,PHEV,2028,0|0|0|0|0|0|0|1|1|5|18|25|27|13|19|0|0|0|0|0|0|0|0|0|0|0|0|0|0|0|0,109
Vermont,Car,PHEV,2029,0|0|0|0|0|0|0|0|3|3|8|28|35|26|12|18|0|0|0|0|0|0|0|0|0|0|0|0|0|0|0,133
Vermont,Car,PHEV,2030,0|0|0|0|1|0|0|0|1|5|5|13|41|35|26|12|17|0|0|0|0|0|0|0|0|0|0|0|0|0|0,156
Vermont,Car,PHEV,2031,0|0|0|0|1|2|2|0|0|3|10|10|19|41|34|25|11|16|0|0|0|0|0|0|0|0|0|0|0|0|0,174
Vermont,Car,PHEV,2032,0|0|0|1|1|4|5|5|1|1|5|15|15|18|40|33|23|10|14|0|0|0|0|0|0|0|0|0|0|0|0,191
Vermont,Car,PHEV,2033,0|0|0|1|3|4|7|9|8|4|3|9|22|15|18|38|31|22|9|12|0|0|0|0|0|0|0|0|0|0|0,215
Vermont,Car,PHEV,2034,0|0|0|1|3|6|7|13|15|14|7|6|14|21|14|17|36|29|19|8|10|0|0|0|0|0|0|0|0|0|0,240
Vermont,Car,PHEV,2035,0|0|1|1|3|5|10|13|20|22|21|11|10|14|21|14|17|34|26|17|7|8|0|0|0|0|0|0|0|0|0,275
Vermont,Car,PHEV,2036,0|0|1|3|3|5|10|16|20|31|34|30|16|10|13|20|13|15|30|22|14|5|6|0|0|0|0|0|0|0|0,317
Vermont,Car,PHEV,2037,0|0|1|3|5|7|10|16|25|31|48|50|43|16|9|13|19|12|14|26|18|11|4|4|0|0|0|0|0|0|0,385
Vermont,Car,PHEV,2038,0|0|1|3|5|9|12|17|25|39|48|69|70|43|15|9|12|18|11|12|21|14|8|3|3|0|0|0|0|0|0,467
Vermont,Car,PHEV,2039,0|0|0|2|6|9|15|20|28|39|57|69|97|69|42|15|9|11|16|9|10|16|10|6|2|2|0|0|0|0|0,559
Vermont,Car,PHEV,2040,0|0|0|2|5|10|15|24|31|44|59|84|97|96|67|40|14|8|10|14|8|7|12|7|4|1|1|0|0|0|0,660
Vermont,Car,PHEV,2041,0|0|0|2|5|9|16|24|37|49|68|87|120|96|94|65|38|13|7|9|11|6|6|9|5|3|1|1|0|0|0,781
Vermont,Car,PHEV,2042,0|0|1|2|5|10|15|25|38|56|77|101|127|118|94|91|62|35|12|6|7|9|4|4|6|3|2|1|1|0|0,912
Vermont,Car,PHEV,2043,0|0|1|3|5|9|16|24|39|57|84|114|145|125|116|91|86|57|32|10|5|5|6|3|3|4|2|1|0|0|0,1043
Vermont,Car,PHEV,2044,0|0|1|3|7|9|15|24|38|59|85|125|162|142|122|112|86|80|51|27|8|4|4|5|2|2|3|1|1|0|0,1178
Vermont,Car,PHEV,2045,0|0|1|3|7|11|15|23|37|57|87|126|177|160|139|118|106|80|71|44|22|6|3|3|3|1|1|2|1|0|0,1304
Vermont,Car,PHEV,2046,0|0|1|3|7|11|17|23|36|56|85|128|179|174|156|134|112|98|71|61|36|17|5|2|2|2|1|1|1|1|0,1420
Vermont,Car,PHEV,2047,0|0|1|3|7|11|17|26|36|54|82|125|181|176|170|151|128|104|88|61|50|28|13|3|1|1|1|1|0|1|0,1520
Vermont,Car,PHEV,2048,0|0|0|3|7|11|17|26|40|54|80|120|176|178|172|165|143|118|93|75|50|39|21|9|2|1|1|1|0|0|0,1602
Vermont,Car,PHEV,2049,0|0|0|2|7|11|17|26|40|58|80|117|168|173|174|166|156|133|106|80|62|39|29|15|6|2|1|1|1|0|0,1670
Vermont,Car,PHEV,2050,0|0|0|2|5|11|17|26|40|58|84|116|164|166|170|168|158|145|119|91|65|48|29|20|10|4|1|0|0|0|0,1717
Vermont,SUV,BEV,2020,0|0|0|0|0|0|0|0|0|0|0|0|0|0|0|0|0|0|0|0|0|0|0|0|0|0|0|0|0|0|0,0
Vermont,SUV,BEV,2021,0|0|0|0|0|0|0|0|0|0|0|0|0|0|0|0|0|0|0|0|0|0|0|0|0|0|0|0|0|0|0,0
Vermont,SUV,BEV,2022,0|0|0|0|0|0|0|0|0|0|0|0|0|0|0|0|0|0|0|0|0|0|0|0|0|0|0|0|0|0|0,0
Vermont,SUV,BEV,2023,0|0|0|0|0|0|0|0|0|0|0|0|0|0|0|0|0|0|0|0|0|0|0|0|0|0|0|0|0|0|0,0
Vermont,SUV,BEV,2024,0|0|0|0|0|0|0|0|0|0|0|0|0|0|0|0|0|0|0|0|0|0|0|0|0|0|0|0|0|0|0,0
Vermont,SUV,BEV,2025,0|1|1|1|1|0|0|0|1|0|0|0|0|0|0|0|0|0|0|0|0|0|0|0|0|0|0|0|0|0|0,5
Vermont,SUV,BEV,2026,0|1|2|3|3|3|1|0|1|2|0|0|0|0|0|0|0|0|0|0|0|0|0|0|0|0|0|0|0|0|0,16
Vermont,SUV,BEV,2027,0|2|3|4|5|5|5|3|1|2|4|1|0|0|0|0|0|0|0|0|0|0|0|0|0|0|0|0|0|0|0,35
Vermont,SUV,BEV,2028,0|2|4|5|7|10|10|10|5|3|4|6|2|0|0|0|0|0|0|0|0|0|0|0|0|0|0|0|0|0|0,68
Vermont,SUV,BEV,2029,0|2|4|9|9|12|16|16|16|10|5|6|11|2|0|0|0|0|0|0|0|0|0|0|0|0|0|0|0|0|0,118
Vermont,SUV,BEV,2030,0|2|7|9|15|15|20|26|25|25|16|8|11|11|2|0|0|0|0|0|0|0|0|0|0|0|0|0|0|0|0,192
Vermont,SUV,BEV,2031,0|4|7|13|16|24|24|32|42|38|38|24|13|11|10|2|0|0|0|0|0|0|0|0|0|0|0|0|0|0|0,298
Vermont,SUV,BEV,2032,0|5|10|14|22|27|39|38|51|64|58|55|34|13|10|10|2|0|0|0|0|0|0|0|0|0|0|0|0|0|0,452
Vermont,SUV,BEV,2033,0|5|12|19|25|38|45|61|58|80|96|86|80|34|12|10|10|2|0|0|0|0|0|0|0|0|0|0|0|0|0,673
Vermont,SUV,BEV,2034,0|5|12|21|33|43|61|74|95|89|121|143|125|78|33|12|10|9|1|0|0|0|0|0|0|0|0|0|0|0|0,965
Vermont,SUV,BEV,2035,0|6|12|24|36|54|72|97|116|146|134|180|207|123|77|32|11|9|8|1|0|0|0|0|0|0|0|0|0|0|0,1345
Vermont,SUV,BEV,2036,0|6|15|24|41|59|88|114|152|180|222|198|259|203|120|74|30|10|8|7|1|0|0|0|0|0|0|0|0|0|0,1811
Vermont,SUV,BEV,2037,0|7|16|30|43|68|96|141|179|234|276|329|283|255|199|116|70|28|9|7|6|1|0|0|0|0|0|0|0|0|0,2393
Vermont,SUV,BEV,2038,0|8|18|31|52|73|110|153|219|278|356|411|471|279|249|192|110|65|25|8|6|4|1|0|0|0|0|0|0|0|0,3119
Vermont,SUV,BEV,2039,0|8|19|35|56|86|119|173|239|339|422|526|591|464|273|241|182|102|58|22|7|4|3|0|0|0|0|0|0|0|0,3969
Vermont,SUV,BEV,2040,0|9|21|37|61|94|139|190|269|368|514|626|755|582|454|263|228|169|91|50|18|5|3|2|0|0|0|0|0|0|0,4948
Vermont,SUV,BEV,2041,0|9|22|40|66|102|152|219|296|413|557|761|899|744|569|438|250|211|151|78|41|14|4|2|2|0|0|0|0|0|0,6040
Vermont,SUV,BEV,2042,0|9|23|42|69|108|164|240|338|455|622|822|1089|886|727|550|416|231|189|130|64|32|10|3|2|1|0|0|0|0|0,7222
Vermont,SUV,BEV,2043,0|9|23|44|73|115|173|257|372|516|686|915|1175|1073|866|703|522|385|207|162|106|50|24|7|2|1|1|0|0|0|0,8467
Vermont,SUV,BEV,2044,0|9|24|44|76|120|183|271|395|569|773|1012|1307|1158|1048|836|667|483|344|178|133|82|37|17|5|1|1|0|0|0|0,9773
Vermont,SUV,BEV,2045,0|10|25|47|77|126|191|285|416|599|852|1133|1444|1288|1132|1013|793|617|432|296|145|103|61|26|11|3|1|0|0|0|0,11126
Vermont,SUV,BEV,2046,0|10|26|48|81|128|200|298|435|630|895|1249|1612|1422|1259|1093|961|734|552|371|242|113|76|43|18|8|2|1|0|0|0,12507
Vermont,SUV,BEV,2047,0|10|27|51|84|133|204|310|455|655|937|1306|1776|1588|1390|1216|1037|889|657|474|303|188|84|54|30|12|5|1|0|0|0,13876
Vermont,SUV,BEV,2048,0|11|27|52|88|138|211|315|472|681|970|1361|1851|1750|1552|1343|1153|960|796|564|388|236|139|59|37|20|8|3|1|0|0,15186
Vermont,SUV,BEV,2049,0|11|28|53|90|144|218|326|479|706|1005|1406|1923|1824|1710|1499|1274|1068|859|683|461|301|175|99|41|25|13|5|2|1|0,16429
Vermont,SUV,BEV,2050,0|11|28|53|93|147|227|337|495|715|1037|1451|1980|1895|1783|1652|1422|1179|956|738|559|359|223|124|68|27|16|9|3|1|0,17588
Vermont,SUV,PHEV,2020,0|0|0|0|0|0|0|0|0|0|0|0|0|0|0|0|0|0|0|0|0|0|0|0|0|0|0|0|0|0|0,0
Vermont,SUV,PHEV,2021,0|0|0|0|0|0|0|0|0|0|0|0|0|0|0|0|0|0|0|0|0|0|0|0|0|0|0|0|0|0|0,0
Vermont,SUV,PHEV,2022,0|0|0|0|0|0|0|0|0|0|0|0|0|0|0|0|0|0|0|0|0|0|0|0|0|0|0|0|0|0|0,0
Vermont,SUV,PHEV,2023,0|0|0|0|0|0|0|0|0|0|0|0|0|0|0|0|0|0|0|0|0|0|0|0|0|0|0|0|0|0|0,0
Vermont,SUV,PHEV,2024,0|0|0|0|0|0|0|0|0|0|0|0|0|0|0|0|0|0|0|0|0|0|0|0|0|0|0|0|0|0|0,0
Vermont,SUV,PHEV,2025,0|0|0|0|1|0|0|0|1|1|1|1|0|0|0|0|0|0|0|0|0|0|0|0|0|0|0|0|0|0|0,5
Vermont,SUV,PHEV,2026,0|0|1|1|1|2|0|0|1|2|3|2|2|0|0|0|0|0|0|0|0|0|0|0|0|0|0|0|0|0|0,15
Vermont,SUV,PHEV,2027,0|0|0|2|3|3|4|1|0|2|4|5|4|2|0|0|0|0|0|0|0|0|0|0|0|0|0|0|0|0|0,30
Vermont,SUV,PHEV,2028,0|0|0|0|4|5|5|7|2|1|4|6|9|4|2|0|0|0|0|0|0|0|0|0|0|0|0|0|0|0|0,49
Vermont,SUV,PHEV,2029,0|0|0|0|0|8|10|10|12|4|2|6|11|9|4|2|0|0|0|0|0|0|0|0|0|0|0|0|0|0|0,78
Vermont,SUV,PHEV,2030,0|0|0|1|1|1|13|16|16|20|6|4|11|11|9|4|2|0|0|0|0|0|0|0|0|0|0|0|0|0|0,115
Vermont,SUV,PHEV,2031,0|0|1|1|3|3|3|21|27|25|31|11|6|11|10|8|3|2|0|0|0|0|0|0|0|0|0|0|0|0|0,166
Vermont,SUV,PHEV,2032,0|0|1|2|3|6|6|6|33|43|39|47|17|6|10|10|8|3|1|0|0|0|0|0|0|0|0|0|0|0|0,241
Vermont,SUV,PHEV,2033,0|1|1|3|4|6|11|11|11|51|66|58|68|16|6|10|10|7|3|1|0|0|0|0|0|0|0|0|0|0|0,344
Vermont,SUV,PHEV,2034,0|1|4|4|6|8|11|17|18|17|78|98|86|67|16|5|10|9|6|2|1|0|0|0|0|0|0|0|0|0|0,464
Vermont,SUV,PHEV,2035,0|1|4|7|7|11|13|18|26|27|25|117|142|84|65|16|5|9|8|6|2|1|0|0|0|0|0|0|0|0|0,594
Vermont,SUV,PHEV,2036,0|1|4|7|12|13|18|21|27|40|41|36|167|140|82|63|15|5|8|7|5|2|1|0|0|0|0|0|0|0|0,715
Vermont,SUV,PHEV,2037,0|1|4|7|13|18|20|27|34|42|60|60|51|165|136|80|60|14|4|7|6|4|1|0|0|0|0|0|0|0|0,814
Vermont,SUV,PHEV,2038,0|1|3|7|13|20|28|32|43|52|64|88|88|50|161|132|76|55|12|4|6|4|3|1|0|0|0|0|0|0|0,943
Vermont,SUV,PHEV,2039,0|1|4|6|13|21|31|43|50|66|79|93|126|86|49|156|125|70|50|11|3|4|3|2|1|0|0|0|0|0|0,1093
Vermont,SUV,PHEV,2040,0|1|4|7|11|20|32|47|65|76|97|118|133|124|84|48|148|116|63|43|9|2|3|2|1|0|0|0|0|0|0,1254
Vermont,SUV,PHEV,2041,0|1|4|7|13|18|31|50|71|96|114|142|169|131|121|81|45|137|104|54|35|7|2|2|2|1|0|0|0|0|0,1438
Vermont,SUV,PHEV,2042,0|2|4|7|13|20|28|49|75|106|139|166|203|167|128|117|77|42|122|89|44|27|5|1|2|1|1|0|0|0|0,1635
Vermont,SUV,PHEV,2043,0|2|5|8|13|20|31|45|75|112|156|201|237|200|163|123|111|72|37|105|73|34|20|4|1|1|1|0|0|0|0,1850
Vermont,SUV,PHEV,2044,0|2|5|9|14|20|31|49|69|113|164|226|283|233|195|157|117|103|64|32|86|56|25|14|2|1|1|0|0|0|0,2071
Vermont,SUV,PHEV,2045,0|2|5|9|14|21|31|48|74|105|166|236|317|279|228|188|149|108|92|55|26|67|42|18|10|2|0|0|0|0|0,2292
Vermont,SUV,PHEV,2046,0|2|5|9|14|21|32|47|73|110|157|240|332|312|273|220|179|138|97|79|45|20|49|30|12|7|1|0|0|0|0,2504
Vermont,SUV,PHEV,2047,0|2|5|9|15|22|32|49|72|109|162|231|340|327|305|263|209|165|124|83|65|35|15|35|20|8|4|1|0|0|0,2707
Vermont,SUV,PHEV,2048,0|2|5|9|15|23|34|49|74|108|160|234|327|335|320|294|250|194|148|106|68|50|26|11|24|14|5|3|0|0|0,2888
Vermont,SUV,PHEV,2049,0|2|5|9|15|23|35|51|73|109|157|231|330|323|328|309|279|231|173|127|87|53|37|18|7|16|9|4|2|0|0,3043
Vermont,SUV,PHEV,2050,0|1|5|9|15|23|36|53|75|108|159|226|323|325|315|316|293|259|207|149|104|67|39|26|13|5|11|6|2|1|0,3171
Virginia,Car,BEV,2020,0|1|2|0|1|2|2|0|0|0|0|0|0|0|0|0|0|0|0|0|0|0|0|0|0|0|0|0|0|0|0,8
Virginia,Car,BEV,2021,0|1|3|5|1|3|4|6|0|0|0|0|0|0|0|0|0|0|0|0|0|0|0|0|0|0|0|0|0|0|0,23
Virginia,Car,BEV,2022,0|2|3|6|10|3|5|9|12|0|0|0|0|0|0|0|0|0|0|0|0|0|0|0|0|0|0|0|0|0|0,50
Virginia,Car,BEV,2023,0|2|4|5|11|19|5|10|14|21|0|0|0|0|0|0|0|0|0|0|0|0|0|0|0|0|0|0|0|0|0,91
Virginia,Car,BEV,2024,0|2|7|9|10|20|32|10|15|23|33|0|0|0|0|0|0|0|0|0|0|0|0|0|0|0|0|0|0|0|0,161
Virginia,Car,BEV,2025,0|2|7|13|15|16|33|52|16|24|36|50|0|0|0|0|0|0|0|0|0|0|0|0|0|0|0|0|0|0|0,264
Virginia,Car,BEV,2026,0|7|7|14|22|24|25|53|82|25|36|53|73|0|0|0|0|0|0|0|0|0|0|0|0|0|0|0|0|0|0,421
Virginia,Car,BEV,2027,0|9|17|13|25|38|39|40|82|126|39|53|78|72|0|0|0|0|0|0|0|0|0|0|0|0|0|0|0|0|0,631
Virginia,Car,BEV,2028,0|11|23|34|22|43|61|61|62|126|193|58|78|77|70|0|0|0|0|0|0|0|0|0|0|0|0|0|0|0|0,919
Virginia,Car,BEV,2029,0|14|29|44|60|37|70|97|96|96|192|286|86|77|75|68|0|0|0|0|0|0|0|0|0|0|0|0|0|0|0,1327
Virginia,Car,BEV,2030,0|18|37|57|78|100|60|112|153|148|146|284|411|84|75|72|64|0|0|0|0|0|0|0|0|0|0|0|0|0|0,1899
Virginia,Car,BEV,2031,0|19|46|72|100|131|162|97|176|236|226|217|409|405|82|72|69|59|0|0|0|0|0|0|0|0|0|0|0|0|0,2578
Virginia,Car,BEV,2032,0|22|50|88|127|168|213|258|152|272|358|334|312|403|396|80|69|63|53|0|0|0|0|0|0|0|0|0|0|0|0,3418
Virginia,Car,BEV,2033,0|26|57|98|155|214|275|339|403|233|412|530|479|307|394|382|76|63|57|46|0|0|0|0|0|0|0|0|0|0|0,4546
Virginia,Car,BEV,2034,0|29|66|112|174|259|347|438|532|620|353|611|762|472|300|381|363|70|57|49|37|0|0|0|0|0|0|0|0|0|0,6032
Virginia,Car,BEV,2035,0|32|76|128|197|293|419|551|687|820|940|520|876|751|461|290|361|336|63|49|40|29|0|0|0|0|0|0|0|0|0,7919
Virginia,Car,BEV,2036,0|35|82|150|225|330|477|665|863|1061|1242|1389|744|863|734|445|275|334|301|54|40|31|21|0|0|0|0|0|0|0|0,10361
Virginia,Car,BEV,2037,0|41|90|161|264|376|535|760|1037|1329|1606|1837|1989|733|844|709|423|255|299|258|44|31|23|15|0|0|0|0|0|0|0,13659
Virginia,Car,BEV,2038,0|43|104|177|284|441|609|853|1191|1593|2011|2375|2630|1960|717|815|673|391|228|257|211|34|23|16|10|0|0|0|0|0|0,17646
Virginia,Car,BEV,2039,0|46|109|202|312|476|715|967|1335|1836|2405|2970|3400|2592|1916|692|773|623|350|196|210|164|25|16|11|7|0|0|0|0|0,22348
Virginia,Car,BEV,2040,0|50|119|212|352|520|772|1136|1511|2058|2779|3547|4250|3351|2534|1851|657|716|557|301|160|163|121|18|11|7|5|0|0|0|0,27758
Virginia,Car,BEV,2041,0|53|127|230|371|582|841|1227|1772|2322|3113|4105|5071|4188|3275|2447|1756|608|641|478|246|124|121|86|12|7|5|3|0|0|0,33811
Virginia,Car,BEV,2042,0|55|135|247|401|616|933|1331|1915|2723|3505|4599|5875|4997|4094|3163|2322|1625|544|550|391|191|92|86|59|8|5|3|2|0|0,40467
Virginia,Car,BEV,2043,0|58|142|262|431|664|988|1465|2070|2940|4107|5167|6580|5789|4884|3953|3001|2149|1455|467|450|304|141|65|59|40|5|3|2|1|0,47642
Virginia,Car,BEV,2044,0|62|148|275|456|711|1061|1549|2257|3164|4428|6051|7384|6483|5658|4717|3751|2778|1924|1249|382|349|225|100|45|39|26|4|2|1|1,55280
Virginia,Car,BEV,2045,0|64|158|288|478|753|1133|1656|2385|3423|4748|6515|8638|7276|6337|5465|4476|3472|2487|1651|1021|297|259|160|69|30|26|17|2|1|1,63286
Virginia,Car,BEV,2046,0|65|164|305|501|786|1199|1762|2537|3609|5100|6965|9291|8512|7112|6120|5185|4143|3108|2135|1350|793|220|184|110|46|20|17|11|1|1,71352
Virginia,Car,BEV,2047,0|67|166|318|530|824|1250|1863|2691|3823|5366|7435|9907|9155|8320|6869|5808|4799|3708|2668|1745|1049|587|156|126|73|30|13|11|7|1,79365
Virginia,Car,BEV,2048,0|69|171|323|554|871|1311|1938|2838|4043|5664|7807|10526|9762|8949|8036|6518|5375|4296|3183|2182|1356|777|417|107|84|48|20|8|7|4,87244
Virginia,Car,BEV,2049,0|70|175|333|564|910|1382|2033|2946|4256|5972|8217|11035|10372|9543|8643|7625|6032|4812|3688|2603|1695|1004|551|286|72|56|31|13|5|4,94928
Virginia,Car,BEV,2050,0|70|179|339|580|928|1443|2137|3089|4404|6274|8641|11584|10874|10138|9216|8201|7057|5400|4130|3015|2023|1255|713|379|192|47|36|20|8|3,102375
Virginia,Car,PHEV,2020,0|0|1|1|1|1|2|0|0|0|0|0|0|0|0|0|0|0|0|0|0|0|0|0|0|0|0|0|0|0|0,6
Virginia,Car,PHEV,2021,0|0|0|3|3|3|3|6|0|0|0|0|0|0|0|0|0|0|0|0|0|0|0|0|0|0|0|0|0|0|0,18
Virginia,Car,PHEV,2022,0|0|0|0|5|5|5|5|12|0|0|0|0|0|0|0|0|0|0|0|0|0|0|0|0|0|0|0|0|0|0,32
Virginia,Car,PHEV,2023,0|0|0|0|1|9|10|10|9|21|0|0|0|0|0|0|0|0|0|0|0|0|0|0|0|0|0|0|0|0|0,60
Virginia,Car,PHEV,2024,0|0|0|1|1|3|14|16|16|14|33|0|0|0|0|0|0|0|0|0|0|0|0|0|0|0|0|0|0|0|0,98
Virginia,Car,PHEV,2025,0|0|0|0|3|3|5|23|26|27|22|50|0|0|0|0|0|0|0|0|0|0|0|0|0|0|0|0|0|0|0,159
Virginia,Car,PHEV,2026,0|2|0|0|1|5|5|10|36|42|43|33|73|0|0|0|0|0|0|0|0|0|0|0|0|0|0|0|0|0|0,250
Virginia,Car,PHEV,2027,0|2|5|0|0|3|9|10|16|56|64|64|48|72|0|0|0|0|0|0|0|0|0|0|0|0|0|0|0|0|0,349
Virginia,Car,PHEV,2028,0|3|5|9|2|1|5|15|16|27|84|94|94|47|70|0|0|0|0|0|0|0|0|0|0|0|0|0|0|0|0,472
Virginia,Car,PHEV,2029,0|3|8|10|15|4|4|9|24|25|43|125|135|93|46|68|0|0|0|0|0|0|0|0|0|0|0|0|0|0|0,612
Virginia,Car,PHEV,2030,0|4|9|15|17|25|7|7|15|37|39|64|179|133|91|45|64|0|0|0|0|0|0|0|0|0|0|0|0|0|0,751
Virginia,Car,PHEV,2031,0|5|10|16|26|29|40|12|12|24|55|56|93|176|130|88|43|59|0|0|0|0|0|0|0|0|0|0|0|0|0,874
Virginia,Car,PHEV,2032,0|5|11|19|28|43|47|62|18|18|37|81|81|92|172|125|83|39|53|0|0|0|0|0|0|0|0|0|0|0|0,1014
Virginia,Car,PHEV,2033,0|6|12|20|34|46|70|76|95|26|27|54|115|79|90|166|119|77|35|46|0|0|0|0|0|0|0|0|0|0|0,1193
Virginia,Car,PHEV,2034,0|6|15|23|36|56|74|111|118|143|39|40|78|113|78|87|158|110|69|30|37|0|0|0|0|0|0|0|0|0|0,1421
Virginia,Car,PHEV,2035,0|7|15|29|41|60|91|116|172|180|213|54|56|77|111|75|82|146|99|59|25|29|0|0|0|0|0|0|0|0|0,1737
Virginia,Car,PHEV,2036,0|7|16|30|50|70|97|144|179|260|270|310|75|55|75|107|71|76|131|85|48|19|21|0|0|0|0|0|0|0|0,2196
Virginia,Car,PHEV,2037,0|8|17|33|53|84|114|154|222|272|388|398|439|74|54|72|102|66|68|112|69|38|14|15|0|0|0|0|0|0|0,2866
Virginia,Car,PHEV,2038,0|8|19|34|58|90|136|182|241|340|406|569|567|433|72|52|69|94|59|59|92|54|28|10|10|0|0|0|0|0|0,3682
Virginia,Car,PHEV,2039,0|9|19|37|61|96|147|216|285|371|511|596|809|559|423|69|49|63|84|51|48|71|40|20|7|7|0|0|0|0|0,4648
Virginia,Car,PHEV,2040,0|9|21|38|66|102|156|235|338|442|562|753|847|797|546|409|66|46|57|72|41|37|53|28|14|5|5|0|0|0|0,5745
Virginia,Car,PHEV,2041,0|9|22|41|67|110|165|248|369|523|671|831|1076|834|779|528|388|61|41|49|59|32|28|38|19|9|3|3|0|0|0,7003
Virginia,Car,PHEV,2042,0|10|22|42|71|111|176|261|387|571|792|993|1192|1060|815|753|501|359|55|35|40|46|24|20|26|13|6|2|2|0|0,8385
Virginia,Car,PHEV,2043,0|10|24|44|72|117|178|276|404|595|864|1170|1424|1174|1036|787|714|464|321|47|29|31|34|17|13|17|9|4|1|1|0,9877
Virginia,Car,PHEV,2044,0|11|25|46|76|118|186|278|424|617|897|1278|1675|1403|1148|1001|747|661|415|276|38|22|23|24|12|9|11|6|3|1|1,11432
Virginia,Car,PHEV,2045,0|10|26|49|79|126|188|289|426|640|925|1323|1831|1650|1371|1109|950|692|592|356|226|30|17|16|17|8|6|7|4|2|1,12966
Virginia,Car,PHEV,2046,0|10|25|50|84|129|200|292|440|642|951|1356|1891|1804|1613|1325|1052|879|619|508|291|175|22|12|11|11|5|4|5|2|1,14409
Virginia,Car,PHEV,2047,0|10|25|49|86|136|204|307|444|659|953|1382|1926|1863|1764|1558|1257|974|787|531|415|226|130|16|8|7|7|3|2|3|1,15733
Virginia,Car,PHEV,2048,0|9|24|48|85|139|213|312|465|664|970|1382|1953|1898|1821|1703|1478|1163|872|675|435|323|168|92|11|5|5|5|2|2|2,16924
Virginia,Car,PHEV,2049,0|9|22|46|82|138|217|324|470|689|975|1399|1949|1924|1855|1759|1616|1368|1041|748|552|338|239|119|63|7|4|3|3|1|1,17961
Virginia,Car,PHEV,2050,0|9|22|44|80|135|216|330|485|693|1004|1404|1961|1920|1881|1792|1669|1496|1225|894|612|429|250|170|82|42|5|2|2|2|1,18857
Virginia,SUV,BEV,2020,0|0|0|0|0|0|0|0|0|0|0|0|0|0|0|0|0|0|0|0|0|0|0|0|0|0|0|0|0|0|0,0
Virginia,SUV,BEV,2021,0|1|0|1|1|0|0|0|0|0|0|0|0|0|0|0|0|0|0|0|0|0|0|0|0|0|0|0|0|0|0,3
Virginia,SUV,BEV,2022,0|2|3|1|3|3|1|1|1|0|0|0|0|0|0|0|0|0|0|0|0|0|0|0|0|0|0|0|0|0|0,15
Virginia,SUV,BEV,2023,0|5|7|5|3|5|5|3|2|2|0|0|0|0|0|0|0|0|0|0|0|0|0|0|0|0|0|0|0|0|0,37
Virginia,SUV,BEV,2024,0|6|11|13|10|5|9|10|5|4|4|0|0|0|0|0|0|0|0|0|0|0|0|0|0|0|0|0|0|0|0,77
Virginia,SUV,BEV,2025,0|9|17|22|22|16|10|15|16|10|6|6|0|0|0|0|0|0|0|0|0|0|0|0|0|0|0|0|0|0|0,149
Virginia,SUV,BEV,2026,0|6|24|35|40|37|25|16|24|25|16|11|11|0|0|0|0|0|0|0|0|0|0|0|0|0|0|0|0|0|0,270
Virginia,SUV,BEV,2027,0|9|17|46|64|67|59|41|25|36|40|25|17|11|0|0|0|0|0|0|0|0|0|0|0|0|0|0|0|0|0,457
Virginia,SUV,BEV,2028,0|11|24|34|81|108|108|93|63|38|54|59|36|16|10|0|0|0|0|0|0|0|0|0|0|0|0|0|0|0|0,735
Virginia,SUV,BEV,2029,0|16|29|46|61|136|177|172|146|97|58|79|86|36|16|10|0|0|0|0|0|0|0|0|0|0|0|0|0|0|0,1165
Virginia,SUV,BEV,2030,0|18|40|58|82|102|223|284|269|225|148|86|113|84|35|16|10|0|0|0|0|0|0|0|0|0|0|0|0|0|0,1793
Virginia,SUV,BEV,2031,0|22|47|77|104|137|166|356|448|415|343|219|124|111|82|34|15|9|0|0|0|0|0|0|0|0|0|0|0|0|0,2709
Virginia,SUV,BEV,2032,0|26|57|92|136|176|222|266|561|695|630|509|314|122|109|80|32|14|8|0|0|0|0|0|0|0|0|0|0|0|0,4049
Virginia,SUV,BEV,2033,0|30|67|111|162|226|288|354|418|868|1058|934|730|309|119|105|76|30|12|7|0|0|0|0|0|0|0|0|0|0|0,5904
Virginia,SUV,BEV,2034,0|39|78|131|196|273|368|460|559|647|1319|1569|1340|719|302|115|100|70|27|11|6|0|0|0|0|0|0|0|0|0|0,8329
Virginia,SUV,BEV,2035,0|42|98|153|230|328|445|586|724|863|983|1956|2256|1321|703|292|109|92|63|23|9|4|0|0|0|0|0|0|0|0|0,11280
Virginia,SUV,BEV,2036,0|45|107|190|270|384|532|709|919|1120|1310|1458|2809|2223|1291|679|277|101|83|54|19|7|3|0|0|0|0|0|0|0|0,14590
Virginia,SUV,BEV,2037,0|48|115|210|332|451|621|848|1111|1419|1703|1941|2092|2767|2173|1247|644|256|91|71|44|15|5|2|0|0|0|0|0|0|0,18206
Virginia,SUV,BEV,2038,0|53|122|224|368|551|728|985|1327|1715|2153|2524|2785|2061|2705|2099|1183|596|229|78|58|34|11|4|2|0|0|0|0|0|0,22595
Virginia,SUV,BEV,2039,0|57|134|236|393|612|885|1150|1536|2043|2599|3186|3621|2744|2015|2613|1991|1095|534|197|64|45|25|8|2|1|0|0|0|0|0,27786
Virginia,SUV,BEV,2040,0|61|145|261|414|654|983|1394|1785|2356|3090|3843|4566|3568|2682|1946|2479|1843|980|458|161|49|33|18|5|2|1|0|0|0|0,33777
Virginia,SUV,BEV,2041,0|64|155|282|457|689|1052|1543|2156|2727|3547|4562|5504|4499|3487|2591|1846|2295|1650|841|375|125|37|24|12|4|1|0|0|0|0,40525
Virginia,SUV,BEV,2042,0|66|164|301|493|760|1113|1657|2384|3281|4089|5219|6522|5423|4398|3368|2458|1709|2054|1416|688|291|93|26|16|8|2|1|0|0|0,48000
Virginia,SUV,BEV,2043,0|71|169|319|526|818|1223|1758|2564|3622|4908|5996|7441|6426|5301|4247|3196|2275|1530|1763|1158|535|215|66|18|11|5|2|0|0|0,56163
Virginia,SUV,BEV,2044,0|76|181|330|558|871|1315|1924|2730|3906|5410|7184|8531|7332|6281|5120|4030|2958|2037|1313|1442|900|396|153|45|12|7|4|1|0|0,65047
Virginia,SUV,BEV,2045,0|80|193|351|578|923|1397|2061|2971|4166|5844|7909|10206|8406|7167|6066|4858|3730|2648|1748|1074|1120|666|281|105|30|8|5|2|1|0,74594
Virginia,SUV,BEV,2046,0|82|203|374|612|956|1477|2185|3172|4512|6245|8553|11226|10057|8217|6921|5756|4496|3339|2273|1429|834|829|473|193|70|20|5|3|1|0,84513
Virginia,SUV,BEV,2047,0|86|211|393|649|1009|1527|2306|3357|4804|6733|9152|12147|11061|9830|7935|6568|5328|4025|2866|1859|1111|618|589|325|129|46|13|3|2|1,94683
Virginia,SUV,BEV,2048,0|88|219|408|684|1067|1609|2381|3534|5072|7147|9828|13009|11969|10812|9494|7530|6079|4769|3455|2344|1444|822|438|404|217|85|30|8|2|1,104949
Virginia,SUV,BEV,2049,0|90|225|424|709|1125|1696|2502|3639|5324|7530|10409|13926|12819|11700|10442|9009|6969|5441|4094|2825|1821|1069|584|301|271|143|55|19|5|1,115167
Virginia,SUV,BEV,2050,0|92|231|436|735|1166|1786|2632|3815|5470|7886|10945|14722|13722|12530|11299|9908|8338|6239|4671|3347|2195|1348|759|401|202|178|93|36|12|3,125197
Virginia,SUV,PHEV,2020,0|0|0|0|0|0|0|0|0|0|0|0|0|0|0|0|0|0|0|0|0|0|0|0|0|0|0|0|0|0|0,0
Virginia,SUV,PHEV,2021,0|0|0|0|0|0|0|0|0|0|0|0|0|0|0|0|0|0|0|0|0|0|0|0|0|0|0|0|0|0|0,0
Virginia,SUV,PHEV,2022,0|1|0|0|0|1|1|1|1|0|0|0|0|0|0|0|0|0|0|0|0|0|0|0|0|0|0|0|0|0|0,5
Virginia,SUV,PHEV,2023,0|2|3|0|0|1|3|3|3|3|0|0|0|0|0|0|0|0|0|0|0|0|0|0|0|0|0|0|0|0|0,18
Virginia,SUV,PHEV,2024,0|2|4|5|1|0|3|5|5|5|5|0|0|0|0|0|0|0|0|0|0|0|0|0|0|0|0|0|0|0|0,35
Virginia,SUV,PHEV,2025,0|2|6|9|10|3|1|5|9|10|8|9|0|0|0|0|0|0|0|0|0|0|0|0|0|0|0|0|0|0|0,72
Virginia,SUV,PHEV,2026,0|2|7|12|15|16|5|3|10|14|16|13|14|0|0|0|0|0|0|0|0|0|0|0|0|0|0|0|0|0|0,127
Virginia,SUV,PHEV,2027,0|2|4|13|21|24|27|10|5|16|22|25|19|14|0|0|0|0|0|0|0|0|0|0|0|0|0|0|0|0|0,202
Virginia,SUV,PHEV,2028,0|2|5|8|23|34|38|43|16|10|25|33|35|18|13|0|0|0|0|0|0|0|0|0|0|0|0|0|0|0|0,303
Virginia,SUV,PHEV,2029,0|3|7|10|14|39|55|60|68|25|16|36|47|35|18|13|0|0|0|0|0|0|0|0|0|0|0|0|0|0|0,446
Virginia,SUV,PHEV,2030,0|5|8|14|17|23|64|87|93|106|39|25|51|47|34|17|12|0|0|0|0|0|0|0|0|0|0|0|0|0|0,642
Virginia,SUV,PHEV,2031,0|5|12|15|25|28|37|102|137|142|161|58|37|50|45|33|17|11|0|0|0|0|0|0|0|0|0|0|0|0|0,915
Virginia,SUV,PHEV,2032,0|6|12|21|26|43|46|58|159|211|216|239|86|37|49|44|31|15|10|0|0|0|0|0|0|0|0|0|0|0|0,1309
Virginia,SUV,PHEV,2033,0|7|16|24|37|44|71|75|91|244|321|319|345|84|36|48|42|29|14|9|0|0|0|0|0|0|0|0|0|0|0,1856
Virginia,SUV,PHEV,2034,0|8|19|31|42|60|72|112|118|140|369|476|456|340|82|35|45|39|26|12|7|0|0|0|0|0|0|0|0|0|0,2489
Virginia,SUV,PHEV,2035,0|8|21|37|53|71|97|115|175|183|213|546|682|450|332|80|33|42|35|22|10|5|0|0|0|0|0|0|0|0|0,3210
Virginia,SUV,PHEV,2036,0|9|22|42|66|88|113|154|181|268|280|315|783|672|439|321|76|31|37|30|18|7|4|0|0|0|0|0|0|0|0,3956
Virginia,SUV,PHEV,2037,0|8|22|44|73|109|141|179|241|280|404|415|449|771|657|424|305|70|27|32|24|14|6|3|0|0|0|0|0|0|0,4698
Virginia,SUV,PHEV,2038,0|9|22|43|78|122|175|223|278|371|424|597|595|443|754|635|403|282|63|23|26|19|10|4|2|0|0|0|0|0|0,5601
Virginia,SUV,PHEV,2039,0|10|24|43|76|130|197|275|345|427|561|628|854|586|433|728|602|373|252|54|19|20|14|7|3|1|0|0|0|0|0,6662
Virginia,SUV,PHEV,2040,0|10|26|47|75|128|208|308|423|527|643|827|901|841|573|418|691|558|334|217|44|15|15|10|5|2|1|0|0|0|0,7847
Virginia,SUV,PHEV,2041,0|10|26|49|83|127|207|325|476|642|789|946|1181|888|822|553|397|639|499|286|177|34|11|11|7|3|1|1|0|0|0,9190
Virginia,SUV,PHEV,2042,0|11|27|50|86|137|204|326|501|721|959|1157|1349|1164|868|794|525|367|572|428|234|138|25|8|7|5|2|1|0|0|0,10666
Virginia,SUV,PHEV,2043,0|12|28|52|88|142|220|323|505|757|1074|1398|1644|1329|1137|838|753|486|329|491|350|182|102|18|5|5|3|1|0|0|0,12272
Virginia,SUV,PHEV,2044,0|12|30|53|91|145|227|343|504|766|1126|1565|1982|1620|1299|1099|795|697|435|282|402|272|135|72|12|4|3|2|1|0|0,13974
Virginia,SUV,PHEV,2045,0|12|30|58|93|151|231|353|529|769|1143|1640|2217|1953|1583|1255|1042|736|624|373|231|312|202|96|50|8|2|2|1|1|0,15697
Virginia,SUV,PHEV,2046,0|12|30|59|99|152|239|359|542|801|1152|1670|2321|2185|1909|1529|1191|965|659|536|305|179|231|143|66|33|5|2|1|1|0,17376
Virginia,SUV,PHEV,2047,0|12|31|59|101|163|241|371|549|817|1192|1687|2369|2287|2135|1844|1451|1102|864|565|438|237|133|164|98|44|22|4|1|1|1,18983
Virginia,SUV,PHEV,2048,0|12|30|60|102|166|256|374|564|824|1211|1734|2397|2334|2236|2062|1750|1343|987|741|462|340|176|94|113|66|29|14|2|1|1,20481
Virginia,SUV,PHEV,2049,0|12|30|59|103|167|262|392|566|844|1219|1756|2452|2362|2281|2159|1957|1619|1202|847|606|359|252|125|65|75|43|19|9|1|0,21843
Virginia,SUV,PHEV,2050,0|11|30|59|101|168|264|401|588|842|1241|1764|2476|2416|2309|2203|2049|1811|1450|1032|692|471|266|179|86|43|50|28|12|6|1,23049
Washington,Car,BEV,2020,0|5|7|2|5|7|11|0|0|0|0|0|0|0|0|0|0|0|0|0|0|0|0|0|0|0|0|0|0|0|0,37
Washington,Car,BEV,2021,0|2|11|17|7|11|18|29|0|0|0|0|0|0|0|0|0|0|0|0|0|0|0|0|0|0|0|0|0|0|0,95
Washington,Car,BEV,2022,0|4|7|20|33|13|22|36|56|0|0|0|0|0|0|0|0|0|0|0|0|0|0|0|0|0|0|0|0|0|0,191
Washington,Car,BEV,2023,0|5|9|13|33|57|24|39|63|95|0|0|0|0|0|0|0|0|0|0|0|0|0|0|0|0|0|0|0|0|0,338
Washington,Car,BEV,2024,0|5|12|18|22|55|95|41|65|104|151|0|0|0|0|0|0|0|0|0|0|0|0|0|0|0|0|0|0|0|0,568
Washington,Car,BEV,2025,0|6|14|23|32|38|88|155|68|106|164|233|0|0|0|0|0|0|0|0|0|0|0|0|0|0|0|0|0|0|0,927
Washington,Car,BEV,2026,0|14|13|28|41|52|62|141|245|109|165|248|341|0|0|0|0|0|0|0|0|0|0|0|0|0|0|0|0|0|0,1459
Washington,Car,BEV,2027,0|19|35|25|48|70|85|98|221|382|166|248|362|336|0|0|0|0|0|0|0|0|0|0|0|0|0|0|0|0|0,2095
Washington,Car,BEV,2028,0|23|49|67|43|80|114|135|154|343|585|247|360|357|329|0|0|0|0|0|0|0|0|0|0|0|0|0|0|0|0,2886
Washington,Car,BEV,2029,0|29|59|98|118|72|131|182|211|239|521|870|356|355|349|318|0|0|0|0|0|0|0|0|0|0|0|0|0|0|0,3908
Washington,Car,BEV,2030,0|32|73|115|173|196|117|208|285|327|362|770|1252|351|347|337|301|0|0|0|0|0|0|0|0|0|0|0|0|0|0,5246
Washington,Car,BEV,2031,0|35|84|142|203|290|317|185|325|441|496|536|1105|1234|343|335|320|279|0|0|0|0|0|0|0|0|0|0|0|0|0,6670
Washington,Car,BEV,2032,0|39|90|163|249|340|471|500|286|500|669|733|769|1089|1206|331|318|296|250|0|0|0|0|0|0|0|0|0|0|0|0,8299
Washington,Car,BEV,2033,0|42|100|177|286|415|552|748|779|438|756|989|1051|758|1065|1165|314|294|265|214|0|0|0|0|0|0|0|0|0|0|0,10408
Washington,Car,BEV,2034,0|45|108|195|312|477|670|879|1171|1193|658|1115|1416|1036|741|1028|1105|291|263|227|175|0|0|0|0|0|0|0|0|0|0,13105
Washington,Car,BEV,2035,0|49|117|211|343|522|769|1061|1374|1802|1795|964|1595|1395|1013|715|976|1023|260|226|186|136|0|0|0|0|0|0|0|0|0,16532
Washington,Car,BEV,2036,0|55|126|228|371|575|847|1214|1654|2112|2723|2640|1371|1572|1364|978|679|903|916|223|185|144|101|0|0|0|0|0|0|0|0,20981
Washington,Car,BEV,2037,0|63|142|248|401|622|934|1347|1885|2537|3189|4017|3765|1351|1536|1317|928|628|808|786|183|144|107|72|0|0|0|0|0|0|0,27010
Washington,Car,BEV,2038,0|66|160|277|437|670|1008|1488|2106|2884|3825|4702|5745|3710|1320|1484|1250|859|562|694|643|142|106|76|49|0|0|0|0|0|0,34263
Washington,Car,BEV,2039,0|69|169|310|487|731|1086|1601|2330|3242|4337|5636|6722|5661|3626|1275|1408|1157|769|483|567|499|105|75|52|33|0|0|0|0|0,42430
Washington,Car,BEV,2040,0|74|177|327|542|810|1183|1724|2503|3589|4900|6378|8050|6624|5533|3502|1210|1303|1036|660|395|441|370|75|52|35|22|0|0|0|0,51515
Washington,Car,BEV,2041,0|78|189|345|570|895|1309|1878|2693|3848|5427|7233|9099|7933|6475|5344|3323|1120|1166|889|540|307|326|262|51|35|23|14|0|0|0,61372
Washington,Car,BEV,2042,0|83|200|367|601|941|1432|2067|2926|4136|5807|8012|10346|8966|7754|6253|5071|3076|1002|1001|727|419|227|232|180|34|23|15|9|0|0,71907
Washington,Car,BEV,2043,0|86|211|387|638|988|1501|2235|3206|4483|6232|8559|11460|10194|8764|7489|5933|4693|2753|860|819|565|310|161|159|121|23|15|10|6|0,82861
Washington,Car,BEV,2044,0|88|219|408|673|1049|1572|2336|3424|4888|6742|9175|12224|11292|9965|8464|7106|5492|4201|2363|704|636|418|220|111|107|79|15|10|6|4,93991
Washington,Car,BEV,2045,0|90|224|424|708|1106|1665|2440|3564|5158|7318|9903|13087|12045|11038|9624|8032|6577|4916|3606|1933|547|471|297|151|74|70|52|9|6|4,105139
Washington,Car,BEV,2046,0|93|232|435|736|1161|1754|2577|3713|5346|7639|10708|14099|12895|11774|10660|9132|7434|5887|4220|2949|1502|405|334|204|101|49|46|33|6|4,116128
Washington,Car,BEV,2047,0|94|237|450|757|1209|1840|2711|3909|5555|7885|11078|15198|13893|12605|11371|10115|8452|6654|5053|3450|2291|1112|287|230|136|67|32|29|21|4,126725
Washington,Car,BEV,2048,0|93|240|460|782|1245|1916|2841|4107|5831|8173|11392|15614|14975|13580|12174|10790|9362|7566|5712|4132|2681|1696|789|197|154|90|43|20|19|14,136688
Washington,Car,BEV,2049,0|95|239|466|800|1286|1977|2960|4299|6118|8556|11784|16010|15386|14638|13115|11551|9986|8381|6494|4671|3211|1985|1204|542|132|101|58|28|13|12,146098
Washington,Car,BEV,2050,0|96|242|464|811|1316|2042|3059|4481|6397|8964|12306|16531|15775|15039|14137|12445|10692|8939|7194|5310|3629|2377|1409|827|363|87|66|38|18|8,155062
Washington,Car,PHEV,2020,0|0|2|2|2|2|4|0|0|0|0|0|0|0|0|0|0|0|0|0|0|0|0|0|0|0|0|0|0|0|0,12
Washington,Car,PHEV,2021,0|0|0|4|4|4|4|10|0|0|0|0|0|0|0|0|0|0|0|0|0|0|0|0|0|0|0|0|0|0|0,26
Washington,Car,PHEV,2022,0|0|0|1|9|9|9|8|19|0|0|0|0|0|0|0|0|0|0|0|0|0|0|0|0|0|0|0|0|0|0,55
Washington,Car,PHEV,2023,0|0|1|1|3|15|15|15|13|32|0|0|0|0|0|0|0|0|0|0|0|0|0|0|0|0|0|0|0|0|0,95
Washington,Car,PHEV,2024,0|0|0|3|3|6|24|26|26|22|50|0|0|0|0|0|0|0|0|0|0|0|0|0|0|0|0|0|0|0|0,160
Washington,Car,PHEV,2025,0|0|0|1|5|5|11|39|42|43|34|76|0|0|0|0|0|0|0|0|0|0|0|0|0|0|0|0|0|0|0,256
Washington,Car,PHEV,2026,0|3|0|0|2|9|10|19|61|66|67|51|111|0|0|0|0|0|0|0|0|0|0|0|0|0|0|0|0|0|0,399
Washington,Car,PHEV,2027,0|4|7|0|1|4|15|16|30|94|101|101|75|110|0|0|0|0|0|0|0|0|0|0|0|0|0|0|0|0|0,558
Washington,Car,PHEV,2028,0|6|10|13|2|4|8|24|25|48|143|151|147|74|107|0|0|0|0|0|0|0|0|0|0|0|0|0|0|0|0,762
Washington,Car,PHEV,2029,0|6|13|19|23|5|7|13|38|40|74|212|218|144|72|103|0|0|0|0|0|0|0|0|0|0|0|0|0|0|0,987
Washington,Car,PHEV,2030,0|6|13|26|34|38|10|13|21|57|61|109|304|215|141|70|98|0|0|0|0|0|0|0|0|0|0|0|0|0|0,1216
Washington,Car,PHEV,2031,0|6|15|26|45|56|60|16|20|33|85|90|157|299|210|136|66|91|0|0|0|0|0|0|0|0|0|0|0|0|0,1411
Washington,Car,PHEV,2032,0|7|15|30|45|74|89|94|24|30|51|126|130|155|293|203|129|61|81|0|0|0|0|0|0|0|0|0|0|0|0,1637
Washington,Car,PHEV,2033,0|8|18|30|52|74|119|140|144|37|45|76|178|128|152|283|193|120|55|70|0|0|0|0|0|0|0|0|0|0|0,1922
Washington,Car,PHEV,2034,0|9|21|36|53|86|119|187|215|218|55|63|110|175|125|146|268|178|107|47|57|0|0|0|0|0|0|0|0|0|0,2275
Washington,Car,PHEV,2035,0|9|23|41|65|90|139|187|289|328|326|78|88|109|171|121|139|248|160|92|38|44|0|0|0|0|0|0|0|0|0,2785
Washington,Car,PHEV,2036,0|10|24|44|72|108|147|220|288|442|492|475|110|87|106|166|115|129|222|137|75|30|33|0|0|0|0|0|0|0|0,3532
Washington,Car,PHEV,2037,0|11|26|47|78|122|176|235|341|440|663|721|673|108|85|102|157|106|115|191|112|58|22|23|0|0|0|0|0|0|0,4612
Washington,Car,PHEV,2038,0|12|29|51|82|131|199|281|368|522|661|973|1028|664|106|82|97|145|95|99|156|87|43|16|16|0|0|0|0|0|0,5943
Washington,Car,PHEV,2039,0|13|30|57|91|138|213|316|440|568|787|970|1386|1012|649|102|78|90|130|81|81|121|64|31|11|11|0|0|0|0|0,7470
Washington,Car,PHEV,2040,0|13|31|59|98|151|225|339|497|679|860|1160|1382|1366|990|626|97|72|81|112|67|63|90|46|21|7|7|0|0|0|0,9139
Washington,Car,PHEV,2041,0|13|31|59|102|162|243|358|534|767|1031|1273|1657|1361|1335|956|594|90|65|69|91|52|46|64|31|14|5|5|0|0|0,11008
Washington,Car,PHEV,2042,0|14|33|60|102|166|260|384|562|825|1163|1527|1824|1633|1331|1290|907|550|81|56|57|71|38|33|44|21|9|3|3|0|0,13047
Washington,Car,PHEV,2043,0|15|34|62|102|167|263|404|597|863|1250|1722|2189|1797|1596|1285|1224|839|493|69|45|44|53|27|23|29|14|6|2|2|0,15216
Washington,Car,PHEV,2044,0|15|37|65|107|167|266|407|617|912|1302|1849|2467|2157|1757|1541|1219|1133|751|423|57|35|33|37|19|15|19|9|4|1|1,17422
Washington,Car,PHEV,2045,0|15|37|69|113|176|266|411|618|927|1366|1919|2650|2431|2108|1697|1462|1129|1014|645|346|44|26|23|26|13|10|13|6|2|1,19563
Washington,Car,PHEV,2046,0|14|36|70|119|184|279|410|622|923|1371|2001|2740|2611|2376|2036|1610|1354|1010|870|527|269|33|19|16|17|8|6|8|4|2,21545
Washington,Car,PHEV,2047,0|13|34|69|121|194|290|429|621|926|1357|1985|2841|2699|2553|2295|1932|1490|1212|867|712|410|199|23|13|11|11|5|4|5|2,23323
Washington,Car,PHEV,2048,0|13|33|65|119|197|303|443|646|925|1355|1954|2794|2799|2639|2465|2178|1788|1334|1040|709|553|303|141|16|9|7|7|3|3|3,24844
Washington,Car,PHEV,2049,0|12|31|62|113|194|308|460|663|955|1351|1944|2739|2753|2736|2548|2339|2016|1601|1145|850|551|409|215|97|11|6|5|5|2|2,26123
Washington,Car,PHEV,2050,0|11|30|60|108|186|304|466|685|975|1389|1935|2715|2699|2691|2642|2418|2165|1804|1374|936|661|408|291|148|65|7|4|3|3|1,27184
Washington,SUV,BEV,2020,0|1|2|2|2|2|2|0|0|0|0|0|0|0|0|0|0|0|0|0|0|0|0|0|0|0|0|0|0|0|0,11
Washington,SUV,BEV,2021,0|2|3|4|7|7|4|4|0|0|0|0|0|0|0|0|0|0|0|0|0|0|0|0|0|0|0|0|0|0|0,31
Washington,SUV,BEV,2022,0|5|7|5|9|13|13|9|9|0|0|0|0|0|0|0|0|0|0|0|0|0|0|0|0|0|0|0|0|0|0,70
Washington,SUV,BEV,2023,0|9|14|13|10|15|24|22|15|15|0|0|0|0|0|0|0|0|0|0|0|0|0|0|0|0|0|0|0|0|0,137
Washington,SUV,BEV,2024,0|13|22|27|23|16|26|41|35|25|24|0|0|0|0|0|0|0|0|0|0|0|0|0|0|0|0|0|0|0|0,252
Washington,SUV,BEV,2025,0|17|34|42|47|39|26|42|68|56|41|37|0|0|0|0|0|0|0|0|0|0|0|0|0|0|0|0|0|0|0,449
Washington,SUV,BEV,2026,0|15|44|67|73|78|63|42|67|109|86|61|54|0|0|0|0|0|0|0|0|0|0|0|0|0|0|0|0|0|0,759
Washington,SUV,BEV,2027,0|22|37|85|119|122|128|100|66|105|167|130|90|53|0|0|0|0|0|0|0|0|0|0|0|0|0|0|0|0|0,1224
Washington,SUV,BEV,2028,0|28|58|73|149|199|198|204|156|102|159|250|188|88|52|0|0|0|0|0|0|0|0|0|0|0|0|0|0|0|0,1904
Washington,SUV,BEV,2029,0|33|71|114|129|249|324|315|319|240|154|236|361|185|86|50|0|0|0|0|0|0|0|0|0|0|0|0|0|0|0,2866
Washington,SUV,BEV,2030,0|38|85|138|202|217|405|517|496|493|364|229|338|356|181|83|48|0|0|0|0|0|0|0|0|0|0|0|0|0|0,4190
Washington,SUV,BEV,2031,0|44|97|166|242|339|352|644|813|766|748|539|328|333|348|175|79|44|0|0|0|0|0|0|0|0|0|0|0|0|0,6057
Washington,SUV,BEV,2032,0|51|114|189|293|405|551|561|1011|1257|1162|1108|773|324|326|336|166|73|40|0|0|0|0|0|0|0|0|0|0|0|0,8740
Washington,SUV,BEV,2033,0|57|130|223|334|490|657|880|882|1563|1907|1722|1590|762|316|315|319|153|65|34|0|0|0|0|0|0|0|0|0|0|0,12399
Washington,SUV,BEV,2034,0|64|146|254|392|560|798|1048|1380|1362|2373|2827|2470|1567|744|306|299|295|137|56|28|0|0|0|0|0|0|0|0|0|0,17106
Washington,SUV,BEV,2035,0|72|164|285|449|656|910|1273|1645|2132|2065|3516|4058|2434|1532|719|290|276|264|118|46|22|0|0|0|0|0|0|0|0|0,22926
Washington,SUV,BEV,2036,0|77|183|319|501|752|1066|1452|1998|2539|3235|3057|5045|3999|2379|1479|682|268|247|227|96|36|16|0|0|0|0|0|0|0|0,29653
Washington,SUV,BEV,2037,0|80|198|356|559|834|1219|1696|2277|3084|3851|4789|4381|4971|3909|2298|1404|631|240|212|185|75|26|11|0|0|0|0|0|0|0,37286
Washington,SUV,BEV,2038,0|88|205|386|623|927|1347|1935|2655|3514|4672|5700|6867|4317|4859|3775|2180|1299|565|206|174|144|55|19|8|0|0|0|0|0|0,46520
Washington,SUV,BEV,2039,0|94|227|400|675|1033|1492|2127|3018|4088|5323|6910|8169|6766|4220|4693|3582|2018|1163|485|169|135|107|39|13|5|0|0|0|0|0,56951
Washington,SUV,BEV,2040,0|100|240|443|702|1120|1658|2348|3301|4631|6178|7869|9899|8049|6614|4075|4453|3316|1806|998|397|131|100|76|27|9|3|0|0|0|0,68543
Washington,SUV,BEV,2041,0|105|256|467|774|1167|1801|2601|3629|5043|6974|9116|11265|9754|7868|6388|3867|4121|2968|1551|816|308|97|71|52|18|6|2|0|0|0,81085
Washington,SUV,BEV,2042,0|111|269|496|814|1278|1876|2830|4007|5520|7563|10262|13033|11100|9534|7599|6061|3579|3689|2548|1268|634|228|69|49|35|12|4|1|0|0,94469
Washington,SUV,BEV,2043,0|115|282|521|864|1342|2043|2947|4367|6078|8250|11089|14636|12842|10851|9208|7210|5610|3204|3167|2083|985|470|162|47|33|23|8|2|1|0,108440
Washington,SUV,BEV,2044,0|119|294|546|907|1424|2143|3186|4546|6628|9061|12060|15774|14422|12553|10479|8737|6674|5022|2750|2589|1619|729|333|111|32|21|15|5|2|1,122782
Washington,SUV,BEV,2045,0|124|303|569|950|1494|2267|3336|4875|6893|9885|13218|17115|15543|14098|12124|9944|8087|5974|4310|2249|2012|1198|518|229|74|21|14|10|3|1,137438
Washington,SUV,BEV,2046,0|129|317|589|990|1564|2377|3522|5098|7337|10267|14422|18723|16865|15193|13615|11504|9203|7239|5128|3525|1747|1490|851|355|153|49|14|9|6|2,152283
Washington,SUV,BEV,2047,0|133|330|615|1026|1628|2485|3690|5368|7661|10854|14961|20429|18449|16485|14673|12919|10648|8238|6213|4193|2739|1294|1057|584|238|101|32|9|6|4,167062
Washington,SUV,BEV,2048,0|134|339|639|1070|1689|2587|3852|5616|8045|11317|15727|21169|20130|18034|15921|13923|11958|9531|7071|5081|3258|2028|918|726|391|157|66|21|6|4,181408
Washington,SUV,BEV,2049,0|136|343|656|1112|1762|2686|4011|5853|8406|11856|16376|22153|20859|19677|17417|15107|12886|10704|8181|5782|3948|2412|1439|630|486|257|102|42|13|4,195296
Washington,SUV,BEV,2050,0|138|348|665|1142|1829|2800|4165|6097|8748|12370|17117|23041|21828|20390|19003|16526|13983|11535|9187|6690|4493|2923|1712|988|422|320|167|66|27|8,208728
Washington,SUV,PHEV,2020,0|0|0|0|0|0|0|0|0|0|0|0|0|0|0|0|0|0|0|0|0|0|0|0|0|0|0|0|0|0|0,0
Washington,SUV,PHEV,2021,0|0|0|0|1|1|1|1|0|0|0|0|0|0|0|0|0|0|0|0|0|0|0|0|0|0|0|0|0|0|0,4
Washington,SUV,PHEV,2022,0|2|0|0|1|3|3|3|3|0|0|0|0|0|0|0|0|0|0|0|0|0|0|0|0|0|0|0|0|0|0,15
Washington,SUV,PHEV,2023,0|2|4|1|1|3|5|5|5|5|0|0|0|0|0|0|0|0|0|0|0|0|0|0|0|0|0|0|0|0|0,31
Washington,SUV,PHEV,2024,0|4|6|9|3|2|5|9|10|9|10|0|0|0|0|0|0|0|0|0|0|0|0|0|0|0|0|0|0|0|0,67
Washington,SUV,PHEV,2025,0|5|10|12|15|5|4|10|15|16|14|15|0|0|0|0|0|0|0|0|0|0|0|0|0|0|0|0|0|0|0,121
Washington,SUV,PHEV,2026,0|2|11|19|21|26|10|8|16|24|25|21|22|0|0|0|0|0|0|0|0|0|0|0|0|0|0|0|0|0|0,205
Washington,SUV,PHEV,2027,0|5|7|20|32|34|42|16|13|25|36|38|30|21|0|0|0|0|0|0|0|0|0|0|0|0|0|0|0|0|0,319
Washington,SUV,PHEV,2028,0|6|11|13|36|52|54|67|27|21|39|53|55|29|21|0|0|0|0|0|0|0|0|0|0|0|0|0|0|0|0,484
Washington,SUV,PHEV,2029,0|6|15|21|22|60|84|85|106|43|32|58|77|54|28|20|0|0|0|0|0|0|0|0|0|0|0|0|0|0|0,711
Washington,SUV,PHEV,2030,0|7|15|29|37|38|97|134|133|163|65|48|86|76|53|27|19|0|0|0|0|0|0|0|0|0|0|0|0|0|0,1027
Washington,SUV,PHEV,2031,0|8|18|29|50|62|62|154|209|204|248|97|68|84|74|51|26|18|0|0|0|0|0|0|0|0|0|0|0|0|0,1462
Washington,SUV,PHEV,2032,0|10|20|36|50|84|101|99|241|323|310|369|141|67|82|71|49|24|16|0|0|0|0|0|0|0|0|0|0|0|0,2093
Washington,SUV,PHEV,2033,0|13|26|39|64|84|137|160|156|373|491|458|530|139|65|80|68|45|22|14|0|0|0|0|0|0|0|0|0|0|0,2964
Washington,SUV,PHEV,2034,0|13|31|51|69|105|137|217|249|240|565|727|657|522|135|63|76|63|40|19|11|0|0|0|0|0|0|0|0|0|0,3990
Washington,SUV,PHEV,2035,0|14|34|61|90|117|169|219|339|383|363|837|1044|647|511|131|60|70|56|35|15|9|0|0|0|0|0|0|0|0|0,5204
Washington,SUV,PHEV,2036,0|15|36|66|107|151|192|270|343|524|580|537|1202|1029|633|493|124|55|63|48|28|12|6|0|0|0|0|0|0|0|0,6514
Washington,SUV,PHEV,2037,0|13|38|71|117|178|244|305|422|530|793|857|770|1184|1006|611|468|115|50|54|39|22|9|5|0|0|0|0|0|0|0,7901
Washington,SUV,PHEV,2038,0|15|35|73|124|194|286|384|479|650|802|1172|1226|759|1157|971|580|433|103|43|44|31|16|6|3|0|0|0|0|0|0,9586
Washington,SUV,PHEV,2039,0|15|38|69|127|206|312|449|596|737|983|1185|1678|1208|742|1118|922|537|388|88|35|34|23|12|4|2|0|0|0|0|0,11508
Washington,SUV,PHEV,2040,0|15|39|75|122|211|331|490|694|910|1112|1452|1696|1653|1181|716|1061|853|480|333|72|27|25|16|8|3|1|0|0|0|0,13576
Washington,SUV,PHEV,2041,0|17|39|77|132|203|339|518|755|1055|1366|1638|2076|1671|1616|1141|680|982|764|412|272|56|20|18|11|5|2|1|0|0|0,15866
Washington,SUV,PHEV,2042,0|17|43|77|134|219|328|531|796|1144|1574|2004|2337|2045|1634|1561|1082|629|879|656|337|211|42|14|12|7|3|1|1|0|0,18318
Washington,SUV,PHEV,2043,0|18|43|84|134|222|351|517|819|1205|1707|2299|2850|2303|1999|1578|1481|1002|563|754|536|262|157|29|10|8|5|2|1|0|0,20939
Washington,SUV,PHEV,2044,0|18|46|84|145|222|355|545|801|1243|1792|2491|3260|2809|2251|1931|1497|1371|897|483|617|417|194|111|20|7|5|3|1|1|0,23617
Washington,SUV,PHEV,2045,0|18|46|89|147|236|355|551|833|1217|1853|2610|3532|3213|2746|2174|1832|1386|1227|770|395|479|308|138|76|14|4|4|2|1|0,26256
Washington,SUV,PHEV,2046,0|18|47|90|154|241|373|552|841|1253|1817|2703|3692|3480|3140|2652|2063|1696|1240|1053|629|307|355|219|95|51|9|3|2|1|1,28777
Washington,SUV,PHEV,2047,0|18|46|91|156|252|381|577|841|1260|1851|2653|3829|3638|3402|3033|2516|1910|1518|1065|861|489|227|252|150|63|34|6|2|1|1,31123
Washington,SUV,PHEV,2048,0|17|46|90|157|256|398|587|873|1259|1855|2680|3759|3773|3556|3285|2878|2329|1709|1303|871|669|362|161|173|101|42|22|4|1|1,33217
Washington,SUV,PHEV,2049,0|17|44|89|156|258|404|610|885|1296|1853|2677|3771|3704|3688|3434|3117|2664|2085|1467|1066|677|495|257|111|116|66|27|14|2|1,35051
Washington,SUV,PHEV,2050,0|17|43|85|153|256|406|619|916|1311|1894|2671|3757|3716|3620|3561|3259|2885|2384|1789|1200|828|501|352|176|74|76|43|17|9|2,36620
West Virginia,Car,BEV,2020,0|0|0|0|0|0|0|0|0|0|0|0|0|0|0|0|0|0|0|0|0|0|0|0|0|0|0|0|0|0|0,0
West Virginia,Car,BEV,2021,0|0|0|0|0|0|0|0|0|0|0|0|0|0|0|0|0|0|0|0|0|0|0|0|0|0|0|0|0|0|0,0
West Virginia,Car,BEV,2022,0|0|0|0|0|0|0|0|0|0|0|0|0|0|0|0|0|0|0|0|0|0|0|0|0|0|0|0|0|0|0,0
West Virginia,Car,BEV,2023,0|0|0|0|0|0|0|0|0|0|0|0|0|0|0|0|0|0|0|0|0|0|0|0|0|0|0|0|0|0|0,0
West Virginia,Car,BEV,2024,0|0|0|0|0|0|0|0|0|0|0|0|0|0|0|0|0|0|0|0|0|0|0|0|0|0|0|0|0|0|0,0
West Virginia,Car,BEV,2025,0|0|0|0|0|0|0|0|0|0|0|0|0|0|0|0|0|0|0|0|0|0|0|0|0|0|0|0|0|0|0,0
West Virginia,Car,BEV,2026,0|0|0|0|0|0|0|0|0|0|0|0|0|0|0|0|0|0|0|0|0|0|0|0|0|0|0|0|0|0|0,0
West Virginia,Car,BEV,2027,0|1|1|0|0|0|0|0|0|1|0|0|0|0|0|0|0|0|0|0|0|0|0|0|0|0|0|0|0|0|0,3
West Virginia,Car,BEV,2028,0|1|3|3|0|0|0|0|0|1|2|0|0|0|0|0|0|0|0|0|0|0|0|0|0|0|0|0|0|0|0,10
West Virginia,Car,BEV,2029,0|2|3|5|5|0|1|1|1|1|3|4|0|0|0|0|0|0|0|0|0|0|0|0|0|0|0|0|0|0|0,26
West Virginia,Car,BEV,2030,0|2|4|6|10|10|0|2|3|3|3|5|6|0|0|0|0|0|0|0|0|0|0|0|0|0|0|0|0|0|0,54
West Virginia,Car,BEV,2031,0|2|4|9|11|16|17|1|4|5|5|5|9|6|0|0|0|0|0|0|0|0|0|0|0|0|0|0|0|0|0,94
West Virginia,Car,BEV,2032,0|2|5|9|15|19|25|28|3|7|10|9|7|9|6|0|0|0|0|0|0|0|0|0|0|0|0|0|0|0|0,154
West Virginia,Car,BEV,2033,0|2|6|10|15|24|30|39|45|5|12|16|14|7|9|5|0|0|0|0|0|0|0|0|0|0|0|0|0|0|0,239
West Virginia,Car,BEV,2034,0|2|6|11|18|26|39|48|61|70|10|18|24|14|7|8|5|0|0|0|0|0|0|0|0|0|0|0|0|0|0,367
West Virginia,Car,BEV,2035,0|3|7|12|19|30|42|61|77|94|107|16|27|23|13|6|8|5|0|0|0|0|0|0|0|0|0|0|0|0|0,550
West Virginia,Car,BEV,2036,0|3|8|14|21|32|49|67|96|119|142|159|23|26|23|13|6|7|4|0|0|0|0|0|0|0|0|0|0|0|0,812
West Virginia,Car,BEV,2037,0|5|9|15|24|35|52|78|106|147|181|210|229|22|26|22|12|6|6|4|0|0|0|0|0|0|0|0|0|0|0,1189
West Virginia,Car,BEV,2038,0|5|11|16|27|41|57|82|123|164|223|268|300|226|22|25|21|11|5|6|3|0|0|0|0|0|0|0|0|0|0,1636
West Virginia,Car,BEV,2039,0|5|11|21|29|45|67|91|129|189|249|331|385|296|221|21|23|19|10|4|5|2|0|0|0|0|0|0|0|0|0,2153
West Virginia,Car,BEV,2040,0|5|11|21|35|49|73|106|143|198|288|369|473|380|289|213|20|22|17|9|4|4|2|0|0|0|0|0|0|0|0,2731
West Virginia,Car,BEV,2041,0|5|12|22|37|57|78|115|166|219|301|425|529|466|371|279|202|18|19|15|7|3|3|1|0|0|0|0|0|0|0,3350
West Virginia,Car,BEV,2042,0|6|12|24|39|60|91|124|179|255|332|445|611|521|456|359|265|187|17|17|12|5|2|2|1|0|0|0|0|0|0,4022
West Virginia,Car,BEV,2043,0|6|14|24|42|64|95|142|192|275|386|491|639|602|510|440|340|245|168|14|14|9|4|1|1|1|0|0|0|0|0,4719
West Virginia,Car,BEV,2044,0|6|15|26|42|68|102|148|215|295|413|570|703|630|588|492|418|315|219|144|12|11|7|3|1|1|0|0|0|0|0,5444
West Virginia,Car,BEV,2045,0|6|15|27|44|70|108|158|224|325|441|609|814|693|616|568|467|386|282|188|118|9|8|5|2|1|1|0|0|0|0,6185
West Virginia,Car,BEV,2046,0|6|15|28|46|73|111|166|239|337|480|646|867|802|677|595|539|432|346|242|154|91|7|6|3|1|0|0|0|0|0,6909
West Virginia,Car,BEV,2047,0|6|15|29|48|75|115|172|252|358|498|694|918|855|784|654|564|499|387|297|198|120|68|5|4|2|1|0|0|0|0,7618
West Virginia,Car,BEV,2048,0|6|15|29|50|77|118|177|261|376|527|721|977|905|835|757|621|522|447|332|243|154|89|48|3|3|1|1|0|0|0,8295
West Virginia,Car,BEV,2049,0|6|15|30|49|82|122|182|267|391|553|761|1016|963|885|807|719|574|467|383|272|189|114|63|33|2|2|1|0|0|0,8948
West Virginia,Car,BEV,2050,0|6|15|30|50|80|130|189|276|397|575|796|1068|1001|941|854|766|665|514|401|313|211|140|81|43|22|1|1|1|0|0,9567
West Virginia,Car,PHEV,2020,0|0|0|0|0|0|0|0|0|0|0|0|0|0|0|0|0|0|0|0|0|0|0|0|0|0|0|0|0|0|0,0
West Virginia,Car,PHEV,2021,0|0|0|0|0|0|0|0|0|0|0|0|0|0|0|0|0|0|0|0|0|0|0|0|0|0|0|0|0|0|0,0
West Virginia,Car,PHEV,2022,0|0|0|0|0|0|0|0|0|0|0|0|0|0|0|0|0|0|0|0|0|0|0|0|0|0|0|0|0|0|0,0
West Virginia,Car,PHEV,2023,0|0|0|0|0|0|0|0|0|0|0|0|0|0|0|0|0|0|0|0|0|0|0|0|0|0|0|0|0|0|0,0
West Virginia,Car,PHEV,2024,0|0|0|0|0|0|0|0|0|0|1|0|0|0|0|0|0|0|0|0|0|0|0|0|0|0|0|0|0|0|0,1
West Virginia,Car,PHEV,2025,0|0|0|0|0|0|0|0|0|0|0|2|0|0|0|0|0|0|0|0|0|0|0|0|0|0|0|0|0|0|0,2
West Virginia,Car,PHEV,2026,0|0|0|0|0|0|0|0|0|1|1|0|4|0|0|0|0|0|0|0|0|0|0|0|0|0|0|0|0|0|0,6
West Virginia,Car,PHEV,2027,0|0|0|0|0|0|0|0|0|1|3|3|1|4|0|0|0|0|0|0|0|0|0|0|0|0|0|0|0|0|0,12
West Virginia,Car,PHEV,2028,0|0|0|0|0|0|0|0|0|0|3|5|5|1|4|0|0|0|0|0|0|0|0|0|0|0|0|0|0|0|0,18
West Virginia,Car,PHEV,2029,0|0|0|0|0|0|0|0|0|0|1|5|7|5|1|4|0|0|0|0|0|0|0|0|0|0|0|0|0|0|0,23
West Virginia,Car,PHEV,2030,0|0|0|0|0|1|0|0|0|0|0|2|9|7|5|1|3|0|0|0|0|0|0|0|0|0|0|0|0|0|0,28
West Virginia,Car,PHEV,2031,0|0|0|0|1|1|3|0|0|0|1|1|4|9|7|5|1|3|0|0|0|0|0|0|0|0|0|0|0|0|0,36
West Virginia,Car,PHEV,2032,0|0|0|1|1|3|3|5|0|0|0|3|3|4|9|6|4|1|3|0|0|0|0|0|0|0|0|0|0|0|0,46
West Virginia,Car,PHEV,2033,0|0|0|1|3|3|6|6|10|0|0|1|5|3|4|8|6|4|1|2|0|0|0|0|0|0|0|0|0|0|0,63
West Virginia,Car,PHEV,2034,0|0|1|1|3|5|6|11|11|16|0|0|3|5|3|4|8|6|4|1|2|0|0|0|0|0|0|0|0|0|0,90
West Virginia,Car,PHEV,2035,0|0|1|2|3|5|9|11|18|18|24|1|1|3|5|3|3|7|5|3|1|2|0|0|0|0|0|0|0|0|0,125
West Virginia,Car,PHEV,2036,0|0|1|3|4|6|10|15|18|28|29|35|2|1|3|5|3|3|6|4|3|0|1|0|0|0|0|0|0|0|0,180
West Virginia,Car,PHEV,2037,0|0|1|3|5|8|11|16|24|28|43|44|50|2|1|3|4|2|3|6|4|2|0|1|0|0|0|0|0|0|0,261
West Virginia,Car,PHEV,2038,0|0|1|3|5|9|13|18|25|36|44|62|63|49|2|1|3|4|2|2|5|3|1|0|1|0|0|0|0|0|0,352
West Virginia,Car,PHEV,2039,0|0|1|4|6|9|15|21|28|39|54|65|90|62|48|2|1|2|4|2|2|4|2|1|0|0|0|0|0|0|0,462
West Virginia,Car,PHEV,2040,0|0|1|3|7|10|15|24|32|44|59|79|93|89|61|47|2|1|2|3|2|2|3|1|1|0|0|0|0|0|0,581
West Virginia,Car,PHEV,2041,0|0|1|3|6|12|16|24|38|50|67|87|114|92|87|59|44|2|1|2|3|1|1|2|1|0|0|0|0|0|0,713
West Virginia,Car,PHEV,2042,0|0|2|3|6|11|18|25|38|57|77|99|125|112|90|84|56|41|1|1|2|2|1|1|1|1|0|0|0|0|0,854
West Virginia,Car,PHEV,2043,0|0|2|4|6|11|17|28|40|57|85|115|142|123|110|87|80|51|37|1|1|1|1|1|1|1|0|0|0|0|0,1002
West Virginia,Car,PHEV,2044,0|0|2|4|8|11|17|26|42|60|85|126|163|140|120|106|82|74|46|31|1|0|1|1|0|0|1|0|0|0|0,1147
West Virginia,Car,PHEV,2045,0|0|2|4|8|13|17|27|40|63|88|126|178|161|136|116|101|76|66|40|26|1|0|1|1|0|0|0|0|0|0,1291
West Virginia,Car,PHEV,2046,0|0|2|4|8|13|19|27|41|60|91|129|179|175|157|132|110|93|68|57|32|20|1|0|0|0|0|0|0|0|0,1418
West Virginia,Car,PHEV,2047,0|0|2|4|8|13|19|29|41|61|88|132|182|176|171|152|125|102|83|59|46|25|15|0|0|0|0|0|0|0|0,1533
West Virginia,Car,PHEV,2048,0|0|0|4|8|13|19|29|44|61|89|129|184|179|172|166|144|116|91|72|48|36|19|11|0|0|0|0|0|0|0,1634
West Virginia,Car,PHEV,2049,0|0|0|2|8|13|19|29|43|64|89|130|180|181|175|166|157|133|104|78|59|37|27|13|7|0|0|0|0|0|0,1714
West Virginia,Car,PHEV,2050,0|0|0|2|5|13|19|29|43|63|92|130|181|177|177|169|158|145|119|89|64|45|28|19|9|5|0|0|0|0|0,1781
West Virginia,SUV,BEV,2020,0|0|0|0|0|0|0|0|0|0|0|0|0|0|0|0|0|0|0|0|0|0|0|0|0|0|0|0|0|0|0,0
West Virginia,SUV,BEV,2021,0|0|0|0|0|0|0|0|0|0|0|0|0|0|0|0|0|0|0|0|0|0|0|0|0|0|0|0|0|0|0,0
West Virginia,SUV,BEV,2022,0|0|0|0|0|0|0|0|0|0|0|0|0|0|0|0|0|0|0|0|0|0|0|0|0|0|0|0|0|0|0,0
West Virginia,SUV,BEV,2023,0|0|0|0|0|0|0|0|0|0|0|0|0|0|0|0|0|0|0|0|0|0|0|0|0|0|0|0|0|0|0,0
West Virginia,SUV,BEV,2024,0|0|0|0|0|0|0|0|0|0|0|0|0|0|0|0|0|0|0|0|0|0|0|0|0|0|0|0|0|0|0,0
West Virginia,SUV,BEV,2025,0|0|0|0|0|0|0|0|0|0|0|0|0|0|0|0|0|0|0|0|0|0|0|0|0|0|0|0|0|0|0,0
West Virginia,SUV,BEV,2026,0|1|0|0|0|0|0|0|0|0|0|0|0|0|0|0|0|0|0|0|0|0|0|0|0|0|0|0|0|0|0,1
West Virginia,SUV,BEV,2027,0|2|3|0|1|1|0|0|0|0|0|0|0|0|0|0|0|0|0|0|0|0|0|0|0|0|0|0|0|0|0,7
West Virginia,SUV,BEV,2028,0|2|4|5|1|3|2|1|0|0|0|0|0|0|0|0|0|0|0|0|0|0|0|0|0|0|0|0|0|0|0,18
West Virginia,SUV,BEV,2029,0|2|5|9|10|3|5|4|3|1|0|0|0|0|0|0|0|0|0|0|0|0|0|0|0|0|0|0|0|0|0,42
West Virginia,SUV,BEV,2030,0|2|7|10|15|16|5|9|7|5|3|0|0|0|0|0|0|0|0|0|0|0|0|0|0|0|0|0|0|0|0,79
West Virginia,SUV,BEV,2031,0|4|7|13|18|24|27|10|15|12|10|5|1|0|0|0|0|0|0|0|0|0|0|0|0|0|0|0|0|0|0,146
West Virginia,SUV,BEV,2032,0|5|10|13|23|30|37|43|16|24|18|16|7|1|0|0|0|0|0|0|0|0|0|0|0|0|0|0|0|0|0,243
West Virginia,SUV,BEV,2033,0|5|11|19|24|39|49|59|67|26|36|28|23|7|1|0|0|0|0|0|0|0|0|0|0|0|0|0|0|0|0,394
West Virginia,SUV,BEV,2034,0|5|12|20|32|42|63|78|92|105|42|53|41|22|7|1|0|0|0|0|0|0|0|0|0|0|0|0|0|0|0,615
West Virginia,SUV,BEV,2035,0|6|14|23|35|53|69|100|122|141|158|62|75|41|22|6|1|0|0|0|0|0|0|0|0|0|0|0|0|0|0,928
West Virginia,SUV,BEV,2036,0|7|15|28|41|57|86|111|156|188|215|235|90|74|40|21|6|1|0|0|0|0|0|0|0|0|0|0|0|0|0,1371
West Virginia,SUV,BEV,2037,0|7|17|30|48|69|93|138|175|240|286|317|337|89|72|38|20|6|1|0|0|0|0|0|0|0|0|0|0|0|0,1983
West Virginia,SUV,BEV,2038,0|8|19|34|54|80|110|149|215|273|364|425|454|332|87|70|36|18|5|1|0|0|0|0|0|0|0|0|0|0|0,2734
West Virginia,SUV,BEV,2039,0|8|21|37|60|89|131|174|234|334|416|538|609|448|325|84|66|34|17|4|1|0|0|0|0|0|0|0|0|0|0,3630
West Virginia,SUV,BEV,2040,0|9|22|41|66|100|145|208|271|362|506|619|773|600|438|314|80|61|30|14|4|0|0|0|0|0|0|0|0|0|0,4663
West Virginia,SUV,BEV,2041,0|10|24|44|72|111|163|232|325|417|550|750|891|762|586|423|298|74|55|26|12|3|0|0|0|0|0|0|0|0|0,5828
West Virginia,SUV,BEV,2042,0|10|25|47|77|120|179|258|362|501|632|814|1076|878|744|566|401|276|66|47|21|9|2|0|0|0|0|0|0|0|0,7111
West Virginia,SUV,BEV,2043,0|10|26|49|83|128|193|282|400|556|758|935|1166|1060|858|719|537|371|247|57|38|16|7|1|0|0|0|0|0|0|0,8497
West Virginia,SUV,BEV,2044,0|11|27|50|86|137|205|302|435|610|837|1120|1338|1149|1036|829|682|497|332|212|46|30|12|5|1|0|0|0|0|0|0,9989
West Virginia,SUV,BEV,2045,0|13|29|52|88|142|219|320|465|661|916|1234|1601|1319|1123|1001|786|631|445|285|173|36|22|9|3|1|0|0|0|0|0,11574
West Virginia,SUV,BEV,2046,0|13|31|57|91|145|228|340|492|703|987|1343|1760|1577|1289|1085|950|728|565|382|233|135|27|16|6|2|0|0|0|0|0,13185
West Virginia,SUV,BEV,2047,0|13|31|59|98|151|231|354|520|742|1046|1442|1909|1734|1542|1245|1029|879|652|485|312|181|100|19|11|4|1|0|0|0|0,14790
West Virginia,SUV,BEV,2048,0|13|32|60|101|160|239|359|542|781|1101|1523|2043|1882|1695|1489|1181|953|787|559|397|243|134|71|13|7|3|1|0|0|0,16369
West Virginia,SUV,BEV,2049,0|13|32|62|105|166|253|371|547|813|1154|1599|2153|2013|1839|1637|1413|1093|853|675|457|308|180|95|49|9|5|2|1|0|0,17897
West Virginia,SUV,BEV,2050,0|13|33|62|107|172|265|389|563|819|1199|1671|2256|2122|1968|1776|1554|1308|979|732|552|355|228|128|65|33|6|3|1|0|0,19359
West Virginia,SUV,PHEV,2020,0|0|0|0|0|0|0|0|0|0|0|0|0|0|0|0|0|0|0|0|0|0|0|0|0|0|0|0|0|0|0,0
West Virginia,SUV,PHEV,2021,0|0|0|0|0|0|0|0|0|0|0|0|0|0|0|0|0|0|0|0|0|0|0|0|0|0|0|0|0|0|0,0
West Virginia,SUV,PHEV,2022,0|0|0|0|0|0|0|0|0|0|0|0|0|0|0|0|0|0|0|0|0|0|0|0|0|0|0|0|0|0|0,0
West Virginia,SUV,PHEV,2023,0|0|0|0|0|0|0|0|0|0|0|0|0|0|0|0|0|0|0|0|0|0|0|0|0|0|0|0|0|0|0,0
West Virginia,SUV,PHEV,2024,0|0|0|0|0|0|0|0|0|0|0|0|0|0|0|0|0|0|0|0|0|0|0|0|0|0|0|0|0|0|0,0
West Virginia,SUV,PHEV,2025,0|0|0|0|0|0|0|0|0|0|0|0|0|0|0|0|0|0|0|0|0|0|0|0|0|0|0|0|0|0|0,0
West Virginia,SUV,PHEV,2026,0|0|0|0|0|0|0|0|0|0|0|0|0|0|0|0|0|0|0|0|0|0|0|0|0|0|0|0|0|0|0,0
West Virginia,SUV,PHEV,2027,0|0|0|0|0|0|0|0|0|0|0|0|0|0|0|0|0|0|0|0|0|0|0|0|0|0|0|0|0|0|0,0
West Virginia,SUV,PHEV,2028,0|0|0|0|0|1|1|1|0|0|0|0|0|0|0|0|0|0|0|0|0|0|0|0|0|0|0|0|0|0|0,3
West Virginia,SUV,PHEV,2029,0|0|0|0|1|1|3|2|3|0|0|0|1|0|0|0|0|0|0|0|0|0|0|0|0|0|0|0|0|0|0,11
West Virginia,SUV,PHEV,2030,0|0|0|1|1|3|3|5|4|5|1|0|1|1|0|0|0|0|0|0|0|0|0|0|0|0|0|0|0|0|0,25
West Virginia,SUV,PHEV,2031,0|0|1|1|3|3|5|5|8|7|9|2|0|1|1|0|0|0|0|0|0|0|0|0|0|0|0|0|0|0|0,46
West Virginia,SUV,PHEV,2032,0|1|1|3|3|5|6|9|10|13|12|14|4|0|1|1|0|0|0|0|0|0|0|0|0|0|0|0|0|0|0,83
West Virginia,SUV,PHEV,2033,0|1|2|3|5|6|10|11|15|16|20|18|20|4|0|1|1|0|0|0|0|0|0|0|0|0|0|0|0|0|0,133
West Virginia,SUV,PHEV,2034,0|1|3|4|6|10|11|17|18|23|25|31|27|19|4|0|1|1|0|0|0|0|0|0|0|0|0|0|0|0|0,201
West Virginia,SUV,PHEV,2035,0|1|3|6|8|11|16|18|28|29|34|36|44|26|19|4|0|1|1|0|0|0|0|0|0|0|0|0|0|0|0,285
West Virginia,SUV,PHEV,2036,0|1|3|6|11|13|18|25|29|44|45|50|51|44|26|18|3|0|1|1|0|0|0|0|0|0|0|0|0|0|0,389
West Virginia,SUV,PHEV,2037,0|1|4|6|11|18|21|29|39|47|68|66|72|50|43|25|17|3|0|1|1|0|0|0|0|0|0|0|0|0|0,522
West Virginia,SUV,PHEV,2038,0|1|4|7|11|18|27|34|46|60|72|101|95|71|49|41|23|16|3|0|1|0|0|0|0|0|0|0|0|0|0,680
West Virginia,SUV,PHEV,2039,0|2|4|7|13|18|30|43|53|71|90|107|145|94|69|48|39|22|14|2|0|0|0|0|0|0|0|0|0|0|0,871
West Virginia,SUV,PHEV,2040,0|2|5|7|13|20|30|47|66|82|107|135|153|142|92|67|45|36|19|12|2|0|0|0|0|0|0|0|0|0|0,1082
West Virginia,SUV,PHEV,2041,0|2|5|9|13|20|32|48|73|100|123|158|194|151|139|89|63|42|32|17|10|2|0|0|0|0|0|0|0|0|0,1322
West Virginia,SUV,PHEV,2042,0|2|5|9|15|21|33|51|76|112|149|181|226|191|148|134|84|59|37|28|14|8|1|0|0|0|0|0|0|0|0,1584
West Virginia,SUV,PHEV,2043,0|2|5|9|15|23|34|52|80|117|168|220|259|223|187|143|128|78|52|32|23|11|6|1|0|0|0|0|0|0|0,1868
West Virginia,SUV,PHEV,2044,0|2|6|9|15|23|36|54|81|121|176|246|314|255|218|180|135|118|70|45|26|18|8|4|1|0|0|0|0|0|0,2161
West Virginia,SUV,PHEV,2045,0|2|6|10|15|24|37|56|83|122|182|258|351|309|249|210|171|125|106|60|37|20|13|6|3|0|0|0|0|0|0,2455
West Virginia,SUV,PHEV,2046,0|2|6|10|16|24|38|56|85|125|183|265|367|346|302|241|200|158|112|91|49|29|15|9|4|2|0|0|0|0|0,2735
West Virginia,SUV,PHEV,2047,0|2|6|10|16|25|39|58|85|126|186|267|376|361|338|292|228|185|142|96|74|38|21|11|6|3|1|0|0|0|0,2992
West Virginia,SUV,PHEV,2048,0|2|6|10|16|26|40|59|88|127|188|270|379|370|353|327|277|211|165|122|79|58|28|15|7|4|2|1|0|0|0,3230
West Virginia,SUV,PHEV,2049,0|2|5|10|16|26|40|60|88|129|188|272|381|373|362|341|310|256|189|142|99|61|43|20|10|5|3|1|1|0|0,3433
West Virginia,SUV,PHEV,2050,0|2|5|9|16|25|41|60|89|129|190|271|381|376|365|349|324|287|229|162|116|77|45|30|14|7|3|2|1|0|0,3605
Wisconsin,Car,BEV,2020,0|0|0|0|0|1|2|0|0|0|0|0|0|0|0|0|0|0|0|0|0|0|0|0|0|0|0|0|0|0|0,3
Wisconsin,Car,BEV,2021,0|0|0|1|0|1|3|4|0|0|0|0|0|0|0|0|0|0|0|0|0|0|0|0|0|0|0|0|0|0|0,9
Wisconsin,Car,BEV,2022,0|0|0|1|3|1|3|6|9|0|0|0|0|0|0|0|0|0|0|0|0|0|0|0|0|0|0|0|0|0|0,23
Wisconsin,Car,BEV,2023,0|0|0|0|3|5|3|5|11|15|0|0|0|0|0|0|0|0|0|0|0|0|0|0|0|0|0|0|0|0|0,42
Wisconsin,Car,BEV,2024,0|1|1|1|1|5|10|5|10|17|25|0|0|0|0|0|0|0|0|0|0|0|0|0|0|0|0|0|0|0|0,76
Wisconsin,Car,BEV,2025,0|0|2|3|3|3|10|16|9|16|28|40|0|0|0|0|0|0|0|0|0|0|0|0|0|0|0|0|0|0|0,130
Wisconsin,Car,BEV,2026,0|4|1|4|5|5|5|16|27|14|27|44|59|0|0|0|0|0|0|0|0|0|0|0|0|0|0|0|0|0|0,211
Wisconsin,Car,BEV,2027,0|5|9|3|8|10|10|10|25|44|22|42|63|58|0|0|0|0|0|0|0|0|0|0|0|0|0|0|0|0|0,309
Wisconsin,Car,BEV,2028,0|5|12|17|6|13|17|17|17|39|69|33|61|62|57|0|0|0|0|0|0|0|0|0|0|0|0|0|0|0|0,425
Wisconsin,Car,BEV,2029,0|7|14|22|30|11|21|27|28|28|59|104|48|60|61|55|0|0|0|0|0|0|0|0|0|0|0|0|0|0|0,575
Wisconsin,Car,BEV,2030,0|8|17|28|39|49|18|34|43|44|44|87|151|47|59|59|52|0|0|0|0|0|0|0|0|0|0|0|0|0|0,779
Wisconsin,Car,BEV,2031,0|9|20|34|48|64|79|30|53|67|68|65|127|149|46|57|56|48|0|0|0|0|0|0|0|0|0|0|0|0|0,1020
Wisconsin,Car,BEV,2032,0|9|23|39|59|80|103|126|47|82|100|101|93|125|146|45|54|51|43|0|0|0|0|0|0|0|0|0|0|0|0,1326
Wisconsin,Car,BEV,2033,0|11|25|45|68|99|130|163|196|73|123|149|145|92|122|141|43|50|46|37|0|0|0|0|0|0|0|0|0|0|0,1758
Wisconsin,Car,BEV,2034,0|13|28|49|79|115|161|207|255|303|109|181|214|142|90|118|134|39|45|40|30|0|0|0|0|0|0|0|0|0|0,2352
Wisconsin,Car,BEV,2035,0|15|32|55|86|132|189|256|324|392|458|159|259|211|139|87|112|124|35|38|32|24|0|0|0|0|0|0|0|0|0,3159
Wisconsin,Car,BEV,2036,0|15|36|62|96|144|216|300|400|502|593|676|225|255|206|134|82|104|111|30|31|25|17|0|0|0|0|0|0|0|0,4260
Wisconsin,Car,BEV,2037,0|18|39|69|111|160|233|344|470|616|760|876|968|222|249|199|128|76|93|95|25|24|19|12|0|0|0|0|0|0|0,5806
Wisconsin,Car,BEV,2038,0|19|46|76|122|187|260|370|540|725|934|1123|1254|953|217|241|189|118|68|80|78|19|18|13|8|0|0|0|0|0|0,7658
Wisconsin,Car,BEV,2039,0|20|48|89|134|205|304|412|580|833|1099|1379|1609|1235|932|209|228|175|106|59|65|60|14|13|9|6|0|0|0|0|0,9823
Wisconsin,Car,BEV,2040,0|22|51|93|155|223|332|483|646|896|1262|1625|1975|1585|1208|900|199|211|157|91|48|51|45|10|9|6|4|0|0|0|0,12287
Wisconsin,Car,BEV,2041,0|24|57|100|163|255|361|525|756|997|1358|1865|2328|1946|1550|1166|854|184|189|135|74|37|37|32|7|6|4|2|0|0|0,15012
Wisconsin,Car,BEV,2042,0|24|60|110|176|270|409|571|819|1164|1509|2009|2673|2294|1902|1497|1107|791|165|162|110|58|28|27|22|5|4|3|2|0|0,17971
Wisconsin,Car,BEV,2043,0|25|62|115|191|290|432|638|887|1256|1760|2228|2878|2634|2242|1837|1420|1024|708|141|133|86|43|20|18|15|3|3|2|1|0,21092
Wisconsin,Car,BEV,2044,0|28|64|121|201|314|465|675|980|1355|1893|2595|3188|2836|2574|2165|1743|1314|917|607|116|103|63|30|13|12|10|2|2|1|1,24388
Wisconsin,Car,BEV,2045,0|28|70|125|210|332|498|724|1034|1481|2032|2786|3709|3141|2772|2486|2055|1613|1177|787|497|90|76|45|21|9|8|6|1|1|1,27815
Wisconsin,Car,BEV,2046,0|28|71|134|218|345|527|773|1106|1560|2198|2979|3974|3655|3071|2677|2359|1902|1444|1010|644|386|66|54|31|14|6|5|4|1|1,31243
Wisconsin,Car,BEV,2047,0|29|72|137|232|360|547|820|1177|1663|2315|3197|4234|3915|3573|2966|2541|2184|1702|1239|826|500|286|47|37|21|9|4|3|3|1,34640
Wisconsin,Car,BEV,2048,0|29|74|140|239|380|573|849|1248|1765|2456|3362|4516|4172|3827|3450|2814|2351|1955|1461|1014|642|370|203|32|25|14|6|2|2|2,37973
Wisconsin,Car,BEV,2049,0|29|74|142|244|394|602|890|1291|1868|2604|3557|4744|4450|4078|3696|3274|2605|2105|1678|1195|788|475|263|139|22|16|9|4|2|1,41239
Wisconsin,Car,BEV,2050,0|30|74|145|248|402|625|933|1352|1930|2749|3761|5007|4674|4349|3938|3507|3030|2331|1807|1372|928|583|337|180|93|14|11|6|2|1,44419
Wisconsin,Car,PHEV,2020,0|0|0|0|0|0|2|0|0|0|0|0|0|0|0|0|0|0|0|0|0|0|0|0|0|0|0|0|0|0|0,2
Wisconsin,Car,PHEV,2021,0|0|0|0|1|1|1|4|0|0|0|0|0|0|0|0|0|0|0|0|0|0|0|0|0|0|0|0|0|0|0,7
Wisconsin,Car,PHEV,2022,0|0|0|0|1|3|3|3|8|0|0|0|0|0|0|0|0|0|0|0|0|0|0|0|0|0|0|0|0|0|0,18
Wisconsin,Car,PHEV,2023,0|0|0|0|0|3|5|5|5|13|0|0|0|0|0|0|0|0|0|0|0|0|0|0|0|0|0|0|0|0|0,31
Wisconsin,Car,PHEV,2024,0|0|0|0|0|1|5|10|10|9|21|0|0|0|0|0|0|0|0|0|0|0|0|0|0|0|0|0|0|0|0,56
Wisconsin,Car,PHEV,2025,0|0|0|0|0|1|3|10|16|16|14|32|0|0|0|0|0|0|0|0|0|0|0|0|0|0|0|0|0|0|0,92
Wisconsin,Car,PHEV,2026,0|0|0|0|0|1|2|5|16|25|26|20|46|0|0|0|0|0|0|0|0|0|0|0|0|0|0|0|0|0|0,141
Wisconsin,Car,PHEV,2027,0|1|1|0|0|0|3|4|10|27|38|40|29|46|0|0|0|0|0|0|0|0|0|0|0|0|0|0|0|0|0,199
Wisconsin,Car,PHEV,2028,0|1|3|4|0|0|1|5|8|16|43|55|58|28|45|0|0|0|0|0|0|0|0|0|0|0|0|0|0|0|0,267
Wisconsin,Car,PHEV,2029,0|1|4|6|7|0|0|3|10|13|25|64|80|57|27|43|0|0|0|0|0|0|0|0|0|0|0|0|0|0|0,340
Wisconsin,Car,PHEV,2030,0|2|4|8|10|13|2|1|6|16|20|37|94|78|56|27|41|0|0|0|0|0|0|0|0|0|0|0|0|0|0,415
Wisconsin,Car,PHEV,2031,0|2|5|8|14|16|20|5|4|11|25|29|52|93|77|54|25|38|0|0|0|0|0|0|0|0|0|0|0|0|0,478
Wisconsin,Car,PHEV,2032,0|2|4|10|14|22|25|31|8|7|17|38|42|51|91|74|51|23|34|0|0|0|0|0|0|0|0|0|0|0|0,544
Wisconsin,Car,PHEV,2033,0|2|6|9|17|22|35|40|48|13|12|25|55|42|50|88|70|47|21|29|0|0|0|0|0|0|0|0|0|0|0,631
Wisconsin,Car,PHEV,2034,0|2|7|11|16|27|36|54|61|73|19|18|35|54|41|48|83|65|42|18|24|0|0|0|0|0|0|0|0|0|0,734
Wisconsin,Car,PHEV,2035,0|3|7|13|20|27|44|56|83|92|107|26|26|35|53|39|46|77|58|36|15|18|0|0|0|0|0|0|0|0|0,881
Wisconsin,Car,PHEV,2036,0|3|8|13|22|33|45|70|86|126|137|156|34|25|34|51|37|43|69|50|30|11|14|0|0|0|0|0|0|0|0,1097
Wisconsin,Car,PHEV,2037,0|3|8|15|23|37|53|73|108|130|190|200|220|34|25|33|49|35|38|59|41|23|8|10|0|0|0|0|0|0|0,1415
Wisconsin,Car,PHEV,2038,0|4|9|15|26|39|60|84|114|164|196|277|284|217|33|24|31|45|31|33|48|32|17|6|7|0|0|0|0|0|0,1796
Wisconsin,Car,PHEV,2039,0|4|10|17|27|43|64|96|132|175|246|287|395|280|212|32|23|29|40|27|27|38|24|12|4|4|0|0|0|0|0,2248
Wisconsin,Car,PHEV,2040,0|4|10|18|30|45|69|103|150|202|264|362|408|389|274|205|30|21|26|35|22|21|28|17|8|3|3|0|0|0|0,2747
Wisconsin,Car,PHEV,2041,0|4|10|19|32|48|72|110|162|232|306|391|515|402|381|264|194|28|19|22|28|17|15|20|11|6|2|2|0|0|0,3312
Wisconsin,Car,PHEV,2042,0|4|10|19|34|51|77|113|173|250|352|452|561|508|393|368|251|180|25|16|18|22|12|11|14|8|4|1|1|0|0,3928
Wisconsin,Car,PHEV,2043,0|4|10|19|34|54|80|121|177|264|380|520|648|552|496|380|349|232|161|22|13|14|16|9|8|9|5|2|1|1|0,4581
Wisconsin,Car,PHEV,2044,0|4|11|20|35|54|84|124|187|270|397|564|746|639|540|479|360|323|208|138|18|10|10|12|6|5|6|3|2|0|1,5256
Wisconsin,Car,PHEV,2045,0|4|11|21|36|57|85|130|189|282|404|586|808|735|624|521|455|333|289|178|113|14|8|7|8|4|3|4|2|1|0,5912
Wisconsin,Car,PHEV,2046,0|4|11|22|38|58|90|132|196|286|419|594|836|797|719|603|495|421|298|248|146|88|10|5|5|5|3|2|3|1|1,6536
Wisconsin,Car,PHEV,2047,0|4|10|21|39|61|91|139|200|295|422|608|845|824|779|694|572|458|377|256|203|113|65|7|4|3|3|2|1|2|1,7099
Wisconsin,Car,PHEV,2048,0|4|10|20|38|62|95|139|209|300|432|611|858|832|805|752|659|529|410|323|209|158|84|46|5|2|2|2|1|1|1,7599
Wisconsin,Car,PHEV,2049,0|4|10|19|36|61|97|146|209|310|438|621|859|846|814|777|714|610|474|352|264|163|117|60|32|3|2|1|1|1|1,8042
Wisconsin,Car,PHEV,2050,0|4|10|19|35|58|96|148|218|309|452|628|870|847|827|786|738|660|546|407|288|206|120|83|41|21|2|1|1|1|0,8422
Wisconsin,SUV,BEV,2020,0|0|0|0|0|0|0|0|0|0|0|0|0|0|0|0|0|0|0|0|0|0|0|0|0|0|0|0|0|0|0,0
Wisconsin,SUV,BEV,2021,0|0|0|0|0|0|0|0|0|0|0|0|0|0|0|0|0|0|0|0|0|0|0|0|0|0|0|0|0|0|0,0
Wisconsin,SUV,BEV,2022,0|0|0|0|0|1|1|0|0|0|0|0|0|0|0|0|0|0|0|0|0|0|0|0|0|0|0|0|0|0|0,2
Wisconsin,SUV,BEV,2023,0|1|1|0|0|0|3|3|1|1|0|0|0|0|0|0|0|0|0|0|0|0|0|0|0|0|0|0|0|0|0,10
Wisconsin,SUV,BEV,2024,0|2|3|3|1|0|1|5|5|3|3|0|0|0|0|0|0|0|0|0|0|0|0|0|0|0|0|0|0|0|0,26
Wisconsin,SUV,BEV,2025,0|2|6|5|5|3|1|3|9|10|5|5|0|0|0|0|0|0|0|0|0|0|0|0|0|0|0|0|0|0|0,54
Wisconsin,SUV,BEV,2026,0|5|7|12|10|10|5|3|5|15|16|10|8|0|0|0|0|0|0|0|0|0|0|0|0|0|0|0|0|0|0,106
Wisconsin,SUV,BEV,2027,0|5|11|13|21|17|16|10|5|10|23|24|15|8|0|0|0|0|0|0|0|0|0|0|0|0|0|0|0|0|0,178
Wisconsin,SUV,BEV,2028,0|6|13|20|24|34|28|27|16|10|16|34|33|15|8|0|0|0|0|0|0|0|0|0|0|0|0|0|0|0|0,284
Wisconsin,SUV,BEV,2029,0|9|17|26|35|40|54|46|43|27|16|25|49|33|14|7|0|0|0|0|0|0|0|0|0|0|0|0|0|0|0,441
Wisconsin,SUV,BEV,2030,0|11|23|34|46|57|66|85|73|68|43|25|37|48|32|14|7|0|0|0|0|0|0|0|0|0|0|0|0|0|0,669
Wisconsin,SUV,BEV,2031,0|14|29|45|61|77|93|106|134|114|103|64|35|37|47|31|13|6|0|0|0|0|0|0|0|0|0|0|0|0|0,1009
Wisconsin,SUV,BEV,2032,0|15|34|56|78|102|125|148|167|207|174|154|92|35|36|46|30|12|6|0|0|0|0|0|0|0|0|0|0|0|0,1517
Wisconsin,SUV,BEV,2033,0|18|38|65|98|131|166|199|231|257|314|258|222|91|34|35|43|27|11|5|0|0|0|0|0|0|0|0|0|0|0,2243
Wisconsin,SUV,BEV,2034,0|21|46|75|116|163|214|267|312|359|389|464|372|219|89|33|33|40|24|9|4|0|0|0|0|0|0|0|0|0|0,3249
Wisconsin,SUV,BEV,2035,0|24|54|89|132|195|265|341|419|483|543|577|665|366|214|86|31|31|36|21|8|3|0|0|0|0|0|0|0|0|0,4583
Wisconsin,SUV,BEV,2036,0|27|62|107|156|221|319|422|537|648|734|804|827|655|358|207|82|29|27|31|17|6|2|0|0|0|0|0|0|0|0,6278
Wisconsin,SUV,BEV,2037,0|29|69|121|190|261|361|509|663|832|984|1089|1153|815|640|346|196|76|26|23|25|13|4|2|0|0|0|0|0|0|0,8427
Wisconsin,SUV,BEV,2038,0|31|75|134|212|317|423|576|799|1026|1263|1460|1562|1137|797|618|328|182|68|22|19|20|10|3|1|0|0|0|0|0|0,11083
Wisconsin,SUV,BEV,2039,0|35|81|146|235|356|514|672|903|1235|1557|1871|2095|1539|1111|769|587|304|163|58|18|15|15|7|2|1|0|0|0|0|0,14289
Wisconsin,SUV,BEV,2040,0|37|89|158|257|392|576|817|1051|1392|1874|2306|2685|2064|1504|1073|730|543|272|140|47|14|11|10|5|1|0|0|0|0|0,18048
Wisconsin,SUV,BEV,2041,0|41|95|172|278|428|632|912|1276|1617|2108|2774|3307|2645|2017|1453|1018|676|486|233|114|37|10|8|7|3|1|0|0|0|0,22348
Wisconsin,SUV,BEV,2042,0|41|103|184|301|463|689|999|1421|1959|2443|3116|3975|3259|2586|1948|1378|942|605|417|191|89|27|7|5|5|2|1|0|0|0,27156
Wisconsin,SUV,BEV,2043,0|42|105|198|322|499|744|1087|1553|2177|2954|3603|4461|3917|3185|2497|1849|1276|844|519|341|148|66|19|5|4|3|1|0|0|0,32419
Wisconsin,SUV,BEV,2044,0|46|109|203|344|532|799|1170|1686|2375|3275|4352|5149|4396|3828|3076|2370|1711|1142|724|425|265|110|47|13|3|2|2|1|0|0,38155
Wisconsin,SUV,BEV,2045,0|48|116|212|353|567|851|1252|1807|2568|3566|4815|6214|5073|4297|3697|2919|2193|1532|980|592|330|196|78|32|9|2|2|1|1|0,44303
Wisconsin,SUV,BEV,2046,0|50|123|225|370|583|901|1330|1926|2744|3844|5235|6863|6123|4959|4150|3508|2702|1963|1315|802|460|244|139|53|21|6|1|1|1|0,50642
Wisconsin,SUV,BEV,2047,0|51|127|238|393|610|928|1403|2039|2915|4096|5627|7452|6763|5985|4789|3938|3247|2418|1685|1075|623|341|173|96|36|14|4|1|1|1,57069
Wisconsin,SUV,BEV,2048,0|53|130|245|414|645|971|1443|2143|3074|4334|5978|7992|7343|6611|5780|4545|3645|2907|2076|1378|835|461|242|119|64|24|9|2|1|0,63464
Wisconsin,SUV,BEV,2049,0|53|134|253|426|679|1024|1508|2200|3222|4556|6307|8472|7875|7178|6384|5485|4206|3263|2495|1698|1071|618|327|166|80|42|15|6|2|0,69745
Wisconsin,SUV,BEV,2050,0|54|136|259|439|700|1076|1585|2296|3299|4764|6613|8918|8348|7698|6932|6058|5076|3765|2801|2040|1319|793|439|225|111|52|27|10|4|1,75838
Wisconsin,SUV,PHEV,2020,0|0|0|0|0|0|0|0|0|0|0|0|0|0|0|0|0|0|0|0|0|0|0|0|0|0|0|0|0|0|0,0
Wisconsin,SUV,PHEV,2021,0|0|0|0|0|0|0|0|0|0|0|0|0|0|0|0|0|0|0|0|0|0|0|0|0|0|0|0|0|0|0,0
Wisconsin,SUV,PHEV,2022,0|0|0|0|0|0|0|0|0|0|0|0|0|0|0|0|0|0|0|0|0|0|0|0|0|0|0|0|0|0|0,0
Wisconsin,SUV,PHEV,2023,0|0|1|0|0|0|0|1|1|1|0|0|0|0|0|0|0|0|0|0|0|0|0|0|0|0|0|0|0|0|0,4
Wisconsin,SUV,PHEV,2024,0|1|1|2|0|0|1|1|3|2|3|0|0|0|0|0|0|0|0|0|0|0|0|0|0|0|0|0|0|0|0,14
Wisconsin,SUV,PHEV,2025,0|1|3|3|4|1|0|2|3|5|4|5|0|0|0|0|0|0|0|0|0|0|0|0|0|0|0|0|0|0|0,31
Wisconsin,SUV,PHEV,2026,0|0|3|5|5|8|3|1|4|5|10|6|7|0|0|0|0|0|0|0|0|0|0|0|0|0|0|0|0|0|0,57
Wisconsin,SUV,PHEV,2027,0|1|1|5|10|10|13|5|3|7|10|15|11|7|0|0|0|0|0|0|0|0|0|0|0|0|0|0|0|0|0,98
Wisconsin,SUV,PHEV,2028,0|2|3|3|10|16|16|21|9|5|12|16|22|11|7|0|0|0|0|0|0|0|0|0|0|0|0|0|0|0|0,153
Wisconsin,SUV,PHEV,2029,0|2|4|5|7|17|26|26|33|14|10|18|25|21|10|6|0|0|0|0|0|0|0|0|0|0|0|0|0|0|0,224
Wisconsin,SUV,PHEV,2030,0|2|4|9|10|12|28|42|42|51|21|15|27|24|21|10|6|0|0|0|0|0|0|0|0|0|0|0|0|0|0,324
Wisconsin,SUV,PHEV,2031,0|3|7|9|16|17|20|46|64|64|77|32|21|26|24|20|10|6|0|0|0|0|0|0|0|0|0|0|0|0|0,462
Wisconsin,SUV,PHEV,2032,0|4|8|13|16|26|28|33|73|99|96|116|45|20|26|23|19|9|5|0|0|0|0|0|0|0|0|0|0|0|0,659
Wisconsin,SUV,PHEV,2033,0|6|10|15|22|27|42|45|51|114|150|144|166|45|20|25|22|18|8|4|0|0|0|0|0|0|0|0|0|0|0,934
Wisconsin,SUV,PHEV,2034,0|6|13|19|26|37|45|67|70|80|172|222|208|164|44|19|23|20|16|7|4|0|0|0|0|0|0|0|0|0|0,1262
Wisconsin,SUV,PHEV,2035,0|6|13|24|34|44|60|72|105|109|120|254|319|204|160|42|18|22|18|14|6|3|0|0|0|0|0|0|0|0|0,1647
Wisconsin,SUV,PHEV,2036,0|6|14|26|42|56|71|96|113|161|164|178|364|314|200|155|40|17|19|15|11|4|2|0|0|0|0|0|0|0|0,2068
Wisconsin,SUV,PHEV,2037,0|6|13|27|46|69|89|112|149|173|243|241|255|359|307|193|147|37|15|17|13|9|3|1|0|0|0|0|0|0|0,2524
Wisconsin,SUV,PHEV,2038,0|6|14|26|47|75|110|139|175|229|260|359|345|251|350|296|183|136|33|13|14|10|6|2|1|0|0|0|0|0|0,3080
Wisconsin,SUV,PHEV,2039,0|6|15|27|46|79|121|173|215|268|346|385|512|340|245|338|281|170|122|28|11|11|7|5|2|1|0|0|0|0|0,3754
Wisconsin,SUV,PHEV,2040,0|6|16|29|47|78|128|191|264|328|403|511|550|505|332|237|321|260|152|104|23|8|8|5|3|1|0|0|0|0|0,4510
Wisconsin,SUV,PHEV,2041,0|6|16|30|51|79|127|201|294|400|492|594|732|542|493|321|225|297|233|130|85|18|6|6|4|2|1|0|0|0|0,5385
Wisconsin,SUV,PHEV,2042,0|6|15|31|52|84|128|202|311|449|598|720|848|721|529|477|305|208|266|200|107|66|13|4|4|2|1|0|0|0|0,6347
Wisconsin,SUV,PHEV,2043,0|7|16|31|53|87|136|203|312|473|672|875|1026|835|705|511|452|282|186|228|164|83|49|9|3|3|2|1|0|0|0,7404
Wisconsin,SUV,PHEV,2044,0|7|18|32|55|89|140|213|316|477|707|984|1242|1011|816|681|485|419|252|160|187|127|61|35|7|2|2|1|1|0|0,8527
Wisconsin,SUV,PHEV,2045,0|7|18|35|57|92|142|219|328|484|715|1034|1398|1224|988|788|646|449|375|217|131|145|94|43|24|4|1|1|1|0|0,9660
Wisconsin,SUV,PHEV,2046,0|7|18|36|61|95|147|222|336|498|725|1049|1468|1378|1196|954|748|598|402|322|177|102|107|67|30|16|3|1|1|0|0,10764
Wisconsin,SUV,PHEV,2047,0|7|18|36|63|101|151|230|339|507|742|1063|1492|1446|1347|1155|905|692|535|345|263|138|75|76|46|20|11|2|1|0|0,11806
Wisconsin,SUV,PHEV,2048,0|7|18|36|64|104|159|234|351|511|752|1080|1510|1470|1414|1301|1096|838|620|459|282|204|102|53|52|31|13|7|1|0|0,12769
Wisconsin,SUV,PHEV,2049,0|7|18|36|63|105|163|244|353|524|756|1090|1529|1488|1437|1366|1234|1015|750|532|376|219|151|72|37|35|20|9|4|1|0,13634
Wisconsin,SUV,PHEV,2050,0|6|17|35|63|104|164|250|366|523|769|1093|1538|1506|1455|1388|1296|1142|908|644|435|292|162|107|50|25|23|13|6|3|0,14383
Wyoming,Car,BEV,2020,0|0|0|0|0|0|0|0|0|0|0|0|0|0|0|0|0|0|0|0|0|0|0|0|0|0|0|0|0|0|0,0
Wyoming,Car,BEV,2021,0|0|0|0|0|0|0|0|0|0|0|0|0|0|0|0|0|0|0|0|0|0|0|0|0|0|0|0|0|0|0,0
Wyoming,Car,BEV,2022,0|0|0|0|0|0|0|0|0|0|0|0|0|0|0|0|0|0|0|0|0|0|0|0|0|0|0|0|0|0|0,0
Wyoming,Car,BEV,2023,0|0|0|0|0|0|0|0|0|0|0|0|0|0|0|0|0|0|0|0|0|0|0|0|0|0|0|0|0|0|0,0
Wyoming,Car,BEV,2024,0|0|0|0|0|0|0|0|0|0|0|0|0|0|0|0|0|0|0|0|0|0|0|0|0|0|0|0|0|0|0,0
Wyoming,Car,BEV,2025,0|0|0|0|0|0|0|0|0|0|0|0|0|0|0|0|0|0|0|0|0|0|0|0|0|0|0|0|0|0|0,0
Wyoming,Car,BEV,2026,0|0|0|0|0|0|0|0|0|0|0|0|0|0|0|0|0|0|0|0|0|0|0|0|0|0|0|0|0|0|0,0
Wyoming,Car,BEV,2027,0|0|0|0|0|0|0|0|0|1|0|0|0|0|0|0|0|0|0|0|0|0|0|0|0|0|0|0|0|0|0,1
Wyoming,Car,BEV,2028,0|0|0|0|0|0|0|0|0|0|2|0|0|0|0|0|0|0|0|0|0|0|0|0|0|0|0|0|0|0|0,2
Wyoming,Car,BEV,2029,0|0|0|0|1|0|0|0|0|0|1|4|0|0|0|0|0|0|0|0|0|0|0|0|0|0|0|0|0|0|0,6
Wyoming,Car,BEV,2030,0|0|0|1|1|3|0|0|0|1|0|2|6|0|0|0|0|0|0|0|0|0|0|0|0|0|0|0|0|0|0,14
Wyoming,Car,BEV,2031,0|0|0|1|3|3|5|0|0|1|2|1|4|6|0|0|0|0|0|0|0|0|0|0|0|0|0|0|0|0|0,26
Wyoming,Car,BEV,2032,0|0|1|1|3|5|5|9|0|1|3|4|2|4|6|0|0|0|0|0|0|0|0|0|0|0|0|0|0|0|0,44
Wyoming,Car,BEV,2033,0|0|1|3|3|5|9|10|15|1|3|5|6|2|4|5|0|0|0|0|0|0|0|0|0|0|0|0|0|0|0,72
Wyoming,Car,BEV,2034,0|0|1|3|5|7|10|15|16|24|3|5|9|6|2|4|5|0|0|0|0|0|0|0|0|0|0|0|0|0|0,115
Wyoming,Car,BEV,2035,0|0|1|3|5|9|12|17|24|26|36|5|9|9|6|2|3|5|0|0|0|0|0|0|0|0|0|0|0|0|0,172
Wyoming,Car,BEV,2036,0|1|1|3|5|10|15|20|27|37|42|53|7|9|9|5|2|3|4|0|0|0|0|0|0|0|0|0|0|0|0,253
Wyoming,Car,BEV,2037,0|1|2|3|6|10|16|24|31|43|56|62|77|7|9|8|5|2|3|4|0|0|0|0|0|0|0|0|0|0|0,369
Wyoming,Car,BEV,2038,0|1|4|5|7|11|17|25|38|49|65|82|90|76|7|8|8|5|1|2|3|0|0|0|0|0|0|0|0|0|0,504
Wyoming,Car,BEV,2039,0|1|4|7|9|12|18|26|39|58|75|95|117|89|74|6|8|7|4|1|2|2|0|0|0|0|0|0|0|0|0,654
Wyoming,Car,BEV,2040,0|1|4|7|12|15|20|29|42|59|86|111|137|115|87|71|6|7|6|4|1|2|2|0|0|0|0|0|0|0|0,824
Wyoming,Car,BEV,2041,0|2|4|7|13|18|24|32|47|65|88|127|159|135|113|84|68|6|6|6|3|1|1|1|0|0|0|0|0|0|0,1010
Wyoming,Car,BEV,2042,0|2|5|8|13|19|28|38|50|74|98|131|182|157|132|109|80|63|5|6|5|2|1|1|1|0|0|0|0|0|0,1210
Wyoming,Car,BEV,2043,0|2|5|9|14|21|30|43|58|78|112|145|188|179|153|127|103|74|56|4|5|4|2|0|1|1|0|0|0|0|0,1414
Wyoming,Car,BEV,2044,0|2|5|9|15|22|32|46|65|88|118|166|207|185|175|148|121|96|66|48|4|4|3|1|0|0|0|0|0|0|0,1626
Wyoming,Car,BEV,2045,0|2|5|9|15|23|34|49|69|97|131|174|237|204|181|169|141|112|86|57|39|3|3|2|1|0|0|0|0|0|0,1843
Wyoming,Car,BEV,2046,0|2|5|10|15|23|36|52|74|103|143|192|249|234|200|175|161|130|100|73|46|31|2|2|1|1|0|0|0|0|0,2060
Wyoming,Car,BEV,2047,0|2|5|10|16|24|37|54|79|111|152|206|272|245|228|193|166|149|117|86|60|36|23|1|1|1|0|0|0|0|0,2274
Wyoming,Car,BEV,2048,0|2|5|10|16|26|38|56|82|117|162|220|291|268|240|220|183|153|133|100|70|47|27|16|1|1|1|0|0|0|0,2485
Wyoming,Car,BEV,2049,0|2|5|10|16|26|40|59|85|122|172|232|309|287|262|231|209|170|137|114|82|55|35|19|11|1|1|0|0|0|0,2692
Wyoming,Car,BEV,2050,0|2|5|10|16|26|41|61|89|125|180|247|326|304|280|253|220|194|152|118|93|64|40|25|13|7|0|0|0|0|0,2891
Wyoming,Car,PHEV,2020,0|0|0|0|0|0|0|0|0|0|0|0|0|0|0|0|0|0|0|0|0|0|0|0|0|0|0|0|0|0|0,0
Wyoming,Car,PHEV,2021,0|0|0|0|0|0|0|0|0|0|0|0|0|0|0|0|0|0|0|0|0|0|0|0|0|0|0|0|0|0|0,0
Wyoming,Car,PHEV,2022,0|0|0|0|0|0|0|0|0|0|0|0|0|0|0|0|0|0|0|0|0|0|0|0|0|0|0|0|0|0|0,0
Wyoming,Car,PHEV,2023,0|0|0|0|0|0|0|0|0|0|0|0|0|0|0|0|0|0|0|0|0|0|0|0|0|0|0|0|0|0|0,0
Wyoming,Car,PHEV,2024,0|0|0|0|0|0|0|0|0|0|0|0|0|0|0|0|0|0|0|0|0|0|0|0|0|0|0|0|0|0|0,0
Wyoming,Car,PHEV,2025,0|0|0|0|0|0|0|0|0|0|0|0|0|0|0|0|0|0|0|0|0|0|0|0|0|0|0|0|0|0|0,0
Wyoming,Car,PHEV,2026,0|0|0|0|0|0|0|0|0|0|0|0|0|0|0|0|0|0|0|0|0|0|0|0|0|0|0|0|0|0|0,0
Wyoming,Car,PHEV,2027,0|0|0|0|0|0|0|0|0|0|0|0|0|0|0|0|0|0|0|0|0|0|0|0|0|0|0|0|0|0|0,0
Wyoming,Car,PHEV,2028,0|0|0|0|0|0|0|0|0|0|0|0|0|0|0|0|0|0|0|0|0|0|0|0|0|0|0|0|0|0|0,0
Wyoming,Car,PHEV,2029,0|0|0|0|0|0|0|0|0|0|0|1|0|0|0|0|0|0|0|0|0|0|0|0|0|0|0|0|0|0|0,1
Wyoming,Car,PHEV,2030,0|0|0|0|0|0|0|0|0|0|0|0|2|0|0|0|0|0|0|0|0|0|0|0|0|0|0|0|0|0|0,2
Wyoming,Car,PHEV,2031,0|0|0|0|0|0|0|0|0|0|0|0|0|2|0|0|0|0|0|0|0|0|0|0|0|0|0|0|0|0|0,2
Wyoming,Car,PHEV,2032,0|0|0|0|0|0|0|0|0|0|0|0|0|0|2|0|0|0|0|0|0|0|0|0|0|0|0|0|0|0|0,2
Wyoming,Car,PHEV,2033,0|0|0|0|0|0|0|1|1|0|0|0|1|0|0|2|0|0|0|0|0|0|0|0|0|0|0|0|0|0|0,5
Wyoming,Car,PHEV,2034,0|0|0|0|0|0|0|1|3|3|0|0|0|1|0|0|2|0|0|0|0|0|0|0|0|0|0|0|0|0|0,10
Wyoming,Car,PHEV,2035,0|0|0|0|0|0|1|1|3|5|5|0|0|0|1|0|0|2|0|0|0|0|0|0|0|0|0|0|0|0|0,18
Wyoming,Car,PHEV,2036,0|0|0|0|0|0|1|3|3|5|9|9|0|0|0|1|0|0|1|0|0|0|0|0|0|0|0|0|0|0|0,32
Wyoming,Car,PHEV,2037,0|0|0|0|0|1|1|3|5|5|10|14|14|0|0|0|1|0|0|1|0|0|0|0|0|0|0|0|0|0|0,55
Wyoming,Car,PHEV,2038,0|0|0|0|0|1|3|3|5|9|10|16|20|14|0|0|0|1|0|0|1|0|0|0|0|0|0|0|0|0|0,83
Wyoming,Car,PHEV,2039,0|0|0|0|0|1|3|5|6|10|15|16|25|19|13|0|0|0|1|0|0|1|0|0|0|0|0|0|0|0|0,115
Wyoming,Car,PHEV,2040,0|0|0|0|0|1|3|5|9|11|16|23|25|24|19|13|0|0|0|1|0|0|1|0|0|0|0|0|0|0|0,151
Wyoming,Car,PHEV,2041,0|0|0|0|0|1|3|6|9|14|17|25|32|24|24|18|12|0|0|0|1|0|0|0|0|0|0|0|0|0|0,186
Wyoming,Car,PHEV,2042,0|0|0|0|0|1|4|6|11|15|21|26|35|32|24|23|17|11|0|0|0|0|0|0|0|0|0|0|0|0|0,226
Wyoming,Car,PHEV,2043,0|0|0|0|0|1|4|7|11|17|23|32|37|35|31|23|22|16|10|0|0|0|0|0|0|0|0|0|0|0|0,269
Wyoming,Car,PHEV,2044,0|0|0|0|0|1|4|7|12|17|25|34|45|37|34|30|22|20|14|9|0|0|0|0|0|0|0|0|0|0|0,311
Wyoming,Car,PHEV,2045,0|0|0|0|0|2|4|7|12|18|25|36|49|45|36|33|29|20|18|12|7|0|0|0|0|0|0|0|0|0|0,353
Wyoming,Car,PHEV,2046,0|0|0|0|0|2|5|7|13|18|26|36|51|48|44|35|31|27|18|15|10|5|0|0|0|0|0|0|0|0|0,391
Wyoming,Car,PHEV,2047,0|0|0|0|0|2|5|8|12|19|26|38|52|50|47|42|33|29|24|15|13|8|4|0|0|0|0|0|0|0|0,427
Wyoming,Car,PHEV,2048,0|0|0|0|0|2|5|8|14|18|27|38|54|51|49|46|40|31|26|20|13|10|6|3|0|0|0|0|0|0|0,461
Wyoming,Car,PHEV,2049,0|0|0|0|0|2|5|8|14|20|27|39|54|53|50|48|43|37|27|22|17|10|7|4|2|0|0|0|0|0|0,489
Wyoming,Car,PHEV,2050,0|0|0|0|0|2|5|8|14|20|29|39|55|53|52|48|45|40|33|23|18|13|7|5|3|1|0|0|0|0|0,513
Wyoming,SUV,BEV,2020,0|0|0|0|0|0|0|0|0|0|0|0|0|0|0|0|0|0|0|0|0|0|0|0|0|0|0|0|0|0|0,0
Wyoming,SUV,BEV,2021,0|0|0|0|0|0|0|0|0|0|0|0|0|0|0|0|0|0|0|0|0|0|0|0|0|0|0|0|0|0|0,0
Wyoming,SUV,BEV,2022,0|0|0|0|0|0|0|0|0|0|0|0|0|0|0|0|0|0|0|0|0|0|0|0|0|0|0|0|0|0|0,0
Wyoming,SUV,BEV,2023,0|0|0|0|0|0|0|0|0|0|0|0|0|0|0|0|0|0|0|0|0|0|0|0|0|0|0|0|0|0|0,0
Wyoming,SUV,BEV,2024,0|0|0|0|0|0|0|0|0|0|0|0|0|0|0|0|0|0|0|0|0|0|0|0|0|0|0|0|0|0|0,0
Wyoming,SUV,BEV,2025,0|0|0|0|0|0|0|0|0|0|0|0|0|0|0|0|0|0|0|0|0|0|0|0|0|0|0|0|0|0|0,0
Wyoming,SUV,BEV,2026,0|0|0|0|0|0|0|0|0|0|0|0|0|0|0|0|0|0|0|0|0|0|0|0|0|0|0|0|0|0|0,0
Wyoming,SUV,BEV,2027,0|0|1|0|0|0|0|0|0|0|0|0|0|0|0|0|0|0|0|0|0|0|0|0|0|0|0|0|0|0|0,1
Wyoming,SUV,BEV,2028,0|1|1|3|0|0|0|0|0|0|0|0|0|0|0|0|0|0|0|0|0|0|0|0|0|0|0|0|0|0|0,5
Wyoming,SUV,BEV,2029,0|1|3|3|5|0|1|1|1|0|0|0|0|0|0|0|0|0|0|0|0|0|0|0|0|0|0|0|0|0|0,15
Wyoming,SUV,BEV,2030,0|2|3|5|5|9|1|2|2|2|0|0|0|0|0|0|0|0|0|0|0|0|0|0|0|0|0|0|0|0|0,31
Wyoming,SUV,BEV,2031,0|2|4|5|10|10|15|3|4|4|4|1|0|0|0|0|0|0|0|0|0|0|0|0|0|0|0|0|0|0|0,62
Wyoming,SUV,BEV,2032,0|2|4|8|10|16|16|24|5|7|6|6|2|0|0|0|0|0|0|0|0|0|0|0|0|0|0|0|0|0|0,106
Wyoming,SUV,BEV,2033,0|2|4|9|14|17|25|27|37|10|12|11|10|2|0|0|0|0|0|0|0|0|0|0|0|0|0|0|0|0|0,180
Wyoming,SUV,BEV,2034,0|2|6|9|15|23|28|39|43|56|16|18|17|10|2|0|0|0|0|0|0|0|0|0|0|0|0|0|0|0|0,284
Wyoming,SUV,BEV,2035,0|3|7|11|15|25|36|46|60|67|83|25|27|16|9|2|0|0|0|0|0|0|0|0|0|0|0|0|0|0|0,432
Wyoming,SUV,BEV,2036,0|3|8|13|19|26|41|56|73|91|102|124|35|26|16|9|2|0|0|0|0|0|0|0|0|0|0|0|0|0|0,644
Wyoming,SUV,BEV,2037,0|3|8|15|22|31|43|66|87|114|137|153|176|35|26|16|9|2|0|0|0|0|0|0|0|0|0|0|0|0|0,943
Wyoming,SUV,BEV,2038,0|3|9|15|25|36|50|69|102|133|172|203|221|173|34|25|15|8|1|0|0|0|0|0|0|0|0|0|0|0|0,1294
Wyoming,SUV,BEV,2039,0|5|9|17|27|42|59|79|110|156|203|253|290|218|170|33|23|14|7|1|0|0|0|0|0|0|0|0|0|0|0,1716
Wyoming,SUV,BEV,2040,0|5|11|17|30|45|68|94|124|169|236|301|363|286|213|164|31|22|12|6|1|0|0|0|0|0|0|0|0|0|0,2198
Wyoming,SUV,BEV,2041,0|5|11|21|31|50|73|107|147|191|256|349|432|358|279|206|155|29|19|11|5|1|0|0|0|0|0|0|0|0|0,2736
Wyoming,SUV,BEV,2042,0|5|12|22|37|52|80|115|165|226|290|379|502|425|349|270|195|144|26|17|9|4|1|0|0|0|0|0|0|0|0,3325
Wyoming,SUV,BEV,2043,0|6|12|23|39|60|85|127|179|252|342|428|544|494|416|338|256|181|129|22|14|7|3|0|0|0|0|0|0|0|0,3957
Wyoming,SUV,BEV,2044,0|6|13|24|40|64|94|135|195|273|378|505|614|536|483|402|320|237|162|110|18|11|5|2|0|0|0|0|0|0|0,4627
Wyoming,SUV,BEV,2045,0|6|15|25|42|67|101|147|208|297|408|556|723|605|524|467|381|296|212|139|90|14|8|4|1|0|0|0|0|0|0,5336
Wyoming,SUV,BEV,2046,0|6|15|27|43|69|106|156|224|315|442|599|793|712|591|506|443|353|265|182|114|70|10|6|2|1|0|0|0|0|0,6050
Wyoming,SUV,BEV,2047,0|6|15|29|47|71|110|164|237|337|468|643|852|781|696|571|480|410|316|228|149|88|52|7|4|2|1|0|0|0|0,6764
Wyoming,SUV,BEV,2048,0|6|15|29|49|76|113|171|249|355|497|681|910|839|763|672|542|444|367|271|186|116|65|37|5|3|1|0|0|0|0,7462
Wyoming,SUV,BEV,2049,0|6|15|29|49|80|120|176|258|373|524|720|961|897|820|737|638|501|398|315|222|145|86|46|25|3|2|1|0|0|0,8147
Wyoming,SUV,BEV,2050,0|6|15|30|49|80|126|186|268|386|551|759|1015|946|877|792|700|590|449|341|257|172|107|61|32|17|2|1|0|0|0,8815
Wyoming,SUV,PHEV,2020,0|0|0|0|0|0|0|0|0|0|0|0|0|0|0|0|0|0|0|0|0|0|0|0|0|0|0|0|0|0|0,0
Wyoming,SUV,PHEV,2021,0|0|0|0|0|0|0|0|0|0|0|0|0|0|0|0|0|0|0|0|0|0|0|0|0|0|0|0|0|0|0,0
Wyoming,SUV,PHEV,2022,0|0|0|0|0|0|0|0|0|0|0|0|0|0|0|0|0|0|0|0|0|0|0|0|0|0|0|0|0|0|0,0
Wyoming,SUV,PHEV,2023,0|0|0|0|0|0|0|0|0|0|0|0|0|0|0|0|0|0|0|0|0|0|0|0|0|0|0|0|0|0|0,0
Wyoming,SUV,PHEV,2024,0|0|0|0|0|0|0|0|0|0|0|0|0|0|0|0|0|0|0|0|0|0|0|0|0|0|0|0|0|0|0,0
Wyoming,SUV,PHEV,2025,0|0|0|0|0|0|0|0|0|0|0|0|0|0|0|0|0|0|0|0|0|0|0|0|0|0|0|0|0|0|0,0
Wyoming,SUV,PHEV,2026,0|0|0|0|0|0|0|0|0|0|0|0|0|0|0|0|0|0|0|0|0|0|0|0|0|0|0|0|0|0|0,0
Wyoming,SUV,PHEV,2027,0|0|0|0|0|0|0|0|0|0|0|0|0|0|0|0|0|0|0|0|0|0|0|0|0|0|0|0|0|0|0,0
Wyoming,SUV,PHEV,2028,0|0|0|0|0|0|0|0|0|0|0|0|0|0|0|0|0|0|0|0|0|0|0|0|0|0|0|0|0|0|0,0
Wyoming,SUV,PHEV,2029,0|0|0|0|0|0|0|0|0|0|0|0|0|0|0|0|0|0|0|0|0|0|0|0|0|0|0|0|0|0|0,0
Wyoming,SUV,PHEV,2030,0|0|0|0|0|0|0|1|1|1|0|0|0|0|0|0|0|0|0|0|0|0|0|0|0|0|0|0|0|0|0,3
Wyoming,SUV,PHEV,2031,0|0|0|0|1|1|1|1|3|2|3|0|0|0|0|0|0|0|0|0|0|0|0|0|0|0|0|0|0|0|0,12
Wyoming,SUV,PHEV,2032,0|0|0|0|1|2|3|3|3|5|4|5|0|0|0|0|0|0|0|0|0|0|0|0|0|0|0|0|0|0|0,26
Wyoming,SUV,PHEV,2033,0|0|0|0|1|2|4|5|5|5|8|6|7|0|0|0|0|0|0|0|0|0|0|0|0|0|0|0|0|0|0,43
Wyoming,SUV,PHEV,2034,0|0|0|1|1|3|4|7|9|10|10|13|11|7|0|0|0|0|0|0|0|0|0|0|0|0|0|0|0|0|0,76
Wyoming,SUV,PHEV,2035,0|0|0|1|3|3|5|8|12|14|16|16|19|11|7|0|0|0|0|0|0|0|0|0|0|0|0|0|0|0|0,115
Wyoming,SUV,PHEV,2036,0|0|0|1|3|6|7|10|13|19|21|25|23|18|10|6|0|0|0|0|0|0|0|0|0|0|0|0|0|0|0,162
Wyoming,SUV,PHEV,2037,0|0|0|1|3|6|11|12|16|21|30|32|35|22|18|10|6|0|0|0|0|0|0|0|0|0|0|0|0|0|0,223
Wyoming,SUV,PHEV,2038,0|0|0|1|3|6|11|17|19|26|32|46|46|35|22|17|10|6|0|0|0|0|0|0|0|0|0|0|0|0|0,297
Wyoming,SUV,PHEV,2039,0|0|0|1|4|7|11|18|26|30|41|48|65|46|34|21|17|9|5|0|0|0|0|0|0|0|0|0|0|0|0,383
Wyoming,SUV,PHEV,2040,0|0|0|1|4|8|12|18|28|40|47|60|69|64|45|33|20|15|8|4|0|0|0|0|0|0|0|0|0|0|0,476
Wyoming,SUV,PHEV,2041,0|0|0|2|4|8|14|19|30|45|59|69|89|68|63|43|31|18|14|7|4|0|0|0|0|0|0|0|0|0|0,587
Wyoming,SUV,PHEV,2042,0|0|0|2|5|8|14|22|31|48|68|86|99|87|66|60|41|29|17|12|6|3|0|0|0|0|0|0|0|0|0,704
Wyoming,SUV,PHEV,2043,0|0|0|2|5|10|14|22|34|49|74|99|122|98|85|64|57|38|26|14|10|4|2|0|0|0|0|0|0|0|0,829
Wyoming,SUV,PHEV,2044,0|0|0|2|5|10|16|23|34|52|75|109|141|120|96|82|61|53|34|22|12|7|3|1|0|0|0|0|0|0|0,958
Wyoming,SUV,PHEV,2045,0|0|1|2|5|10|16|25|36|52|78|111|155|139|117|92|78|56|47|29|18|9|6|2|1|0|0|0|0|0|0,1085
Wyoming,SUV,PHEV,2046,0|0|1|3|5|10|16|24|38|55|78|115|159|153|135|113|88|72|50|41|24|14|7|4|2|1|0|0|0|0|0,1208
Wyoming,SUV,PHEV,2047,0|0|0|3|7|10|16|25|37|57|81|115|164|157|150|131|108|81|65|43|33|18|10|5|3|1|0|0|0|0|0,1320
Wyoming,SUV,PHEV,2048,0|0|0|2|7|12|16|25|38|56|83|118|164|162|153|145|124|100|73|56|35|26|14|7|3|2|1|0|0|0|0,1422
Wyoming,SUV,PHEV,2049,0|0|0|2|5|12|18|25|38|58|82|121|167|162|158|148|137|115|89|62|45|27|19|10|5|2|1|0|0|0|0,1508
Wyoming,SUV,PHEV,2050,0|0|0|2|5|10|18|27|39|57|84|120|170|165|158|153|141|127|103|77|51|35|20|14|7|3|1|1|0|0|0,1588
