State,Segment,Propulsion,Year,BESS_retire_vector,BESS_retire_total
Alabama,Car,BEV,2020,0|0|0|0|0|0|0|0|0|0|0|0|0|0|0|0|0|0|0|0|0|0|0|0|0|0|0|0|0|0|0,0
Alabama,Car,BEV,2021,0|0|0|0|0|0|0|0|0|0|0|0|0|0|0|0|0|0|0|0|0|0|0|0|0|0|0|0|0|0|0,0
Alabama,Car,BEV,2022,0|0|0|0|0|0|0|0|0|0|0|0|0|0|0|0|0|0|0|0|0|0|0|0|0|0|0|0|0|0|0,0
Alabama,Car,BEV,2023,0|0|0|0|0|0|0|0|0|0|0|0|0|0|0|0|0|0|0|0|0|0|0|0|0|0|0|0|0|0|0,0
Alabama,Car,BEV,2024,0|0|0|0|0|0|0|0|0|0|0|0|0|0|0|0|0|0|0|0|0|0|0|0|0|0|0|0|0|0|0,0
Alabama,Car,BEV,2025,0|0|0|0|0|0|0|0|0|0|0|0|0|0|0|0|0|0|0|0|0|0|0|0|0|0|0|0|0|0|0,0
Alabama,Car,BEV,2026,0|0|0|0|0|0|0|0|0|0|0|0|1|0|0|0|0|0|0|0|0|0|0|0|0|0|0|0|0|0|0,1
Alabama,Car,BEV,2027,0|0|0|0|0|0|0|0|0|0|0|0|1|1|0|0|0|0|0|0|0|0|0|0|0|0|0|0|0|0|0,2
Alabama,Car,BEV,2028,0|0|0|0|0|0|0|0|0|0|1|0|1|1|1|0|0|0|0|0|0|0|0|0|0|0|0|0|0|0|0,4
Alabama,Car,BEV,2029,0|0|0|0|0|0|0|0|0|0|1|2|1|1|1|1|0|0|0|0|0|0|0|0|0|0|0|0|0|0|0,7
Alabama,Car,BEV,2030,0|0|0|0|0|0|0|0|0|1|1|2|4|1|1|1|1|0|0|0|0|0|0|0|0|0|0|0|0|0|0,12
Alabama,Car,BEV,2031,0|0|0|0|0|0|0|0|0|1|1|1|4|5|1|1|1|1|0|0|0|0|0|0|0|0|0|0|0|0|0,16
Alabama,Car,BEV,2032,0|0|0|0|0|0|1|1|0|1|2|3|3|5|6|2|1|1|1|0|0|0|0|0|0|0|0|0|0|0|0,27
Alabama,Car,BEV,2033,0|0|0|0|0|0|1|1|3|1|2|4|5|4|6|7|2|1|1|1|0|0|0|0|0|0|0|0|0|0|0,39
Alabama,Car,BEV,2034,0|0|0|0|0|0|1|2|4|6|2|5|8|7|5|7|7|1|1|1|1|0|0|0|0|0|0|0|0|0|0,58
Alabama,Car,BEV,2035,0|0|0|0|0|0|1|2|5|8|15|4|9|11|8|5|7|6|1|1|1|0|0|0|0|0|0|0|0|0|0,84
Alabama,Car,BEV,2036,0|0|0|0|0|1|1|3|6|11|19|32|8|12|13|9|5|6|5|1|1|0|0|0|0|0|0|0|0|0|0,133
Alabama,Car,BEV,2037,0|0|0|0|0|1|1|3|7|13|25|42|66|11|15|14|9|5|5|4|1|0|0|0|0|0|0|0|0|0|0,222
Alabama,Car,BEV,2038,0|0|0|0|0|1|2|3|8|15|30|54|85|86|13|16|14|8|4|4|3|0|0|0|0|0|0|0|0|0|0,346
Alabama,Car,BEV,2039,0|0|0|0|0|1|2|4|8|18|36|66|110|111|103|14|16|13|7|3|3|2|0|0|0|0|0|0|0|0|0,517
Alabama,Car,BEV,2040,0|0|0|0|0|1|2|4|9|19|41|78|136|144|135|114|14|15|11|5|2|2|1|0|0|0|0|0|0|0|0,733
Alabama,Car,BEV,2041,0|0|0|0|0|1|2|5|11|22|45|89|160|177|174|149|114|13|12|8|4|2|1|1|0|0|0|0|0|0|0,990
Alabama,Car,BEV,2042,0|0|0|0|0|1|2|5|12|25|50|98|184|208|214|192|149|103|11|9|6|3|1|1|1|0|0|0|0|0|0,1275
Alabama,Car,BEV,2043,0|0|0|0|0|1|3|6|13|28|58|109|200|239|252|236|192|135|86|8|7|4|2|1|1|0|0|0|0|0|0,1581
Alabama,Car,BEV,2044,0|0|0|0|0|1|3|6|14|30|63|127|223|261|289|278|236|174|111|66|6|5|3|1|0|0|0|0|0|0|0,1897
Alabama,Car,BEV,2045,0|0|0|0|1|1|3|7|15|33|68|137|260|290|316|320|278|214|144|85|47|4|3|2|1|0|0|0|0|0|0,2229
Alabama,Car,BEV,2046,0|0|0|0|1|1|3|7|16|35|73|147|280|339|351|349|320|252|177|110|62|33|3|2|1|0|0|0|0|0|0,2562
Alabama,Car,BEV,2047,0|0|0|0|1|1|3|8|17|37|77|158|299|365|409|388|349|289|208|136|80|43|22|2|1|1|0|0|0|0|0,2894
Alabama,Car,BEV,2048,0|0|0|0|1|1|3|8|18|39|82|166|319|389|441|452|388|316|239|160|98|55|29|15|1|1|0|0|0|0|0,3221
Alabama,Car,BEV,2049,0|0|0|0|1|2|4|8|19|41|87|175|335|416|471|487|452|351|261|184|115|68|37|19|10|1|1|0|0|0|0,3545
Alabama,Car,BEV,2050,0|0|0|0|1|2|4|9|19|43|92|185|353|436|503|520|487|409|290|200|133|80|46|25|12|6|0|0|0|0|0,3855
Alabama,Car,PHEV,2020,0|0|0|0|0|0|0|0|0|0|0|0|0|0|0|0|0|0|0|0|0|0|0|0|0|0|0|0|0|0|0,0
Alabama,Car,PHEV,2021,0|0|0|0|0|0|0|0|0|0|0|0|0|0|0|0|0|0|0|0|0|0|0|0|0|0|0|0|0|0|0,0
Alabama,Car,PHEV,2022,0|0|0|0|0|0|0|0|0|0|0|0|0|0|0|0|0|0|0|0|0|0|0|0|0|0|0|0|0|0|0,0
Alabama,Car,PHEV,2023,0|0|0|0|0|0|0|0|0|0|0|0|0|0|0|0|0|0|0|0|0|0|0|0|0|0|0|0|0|0|0,0
Alabama,Car,PHEV,2024,0|0|0|0|0|0|0|0|0|0|0|0|0|0|0|0|0|0|0|0|0|0|0|0|0|0|0|0|0|0|0,0
Alabama,Car,PHEV,2025,0|0|0|0|0|0|0|0|0|0|0|0|0|0|0|0|0|0|0|0|0|0|0|0|0|0|0|0|0|0|0,0
Alabama,Car,PHEV,2026,0|0|0|0|0|0|0|0|0|0|0|0|1|0|0|0|0|0|0|0|0|0|0|0|0|0|0|0|0|0|0,1
Alabama,Car,PHEV,2027,0|0|0|0|0|0|0|0|0|0|0|1|1|1|0|0|0|0|0|0|0|0|0|0|0|0|0|0|0|0|0,3
Alabama,Car,PHEV,2028,0|0|0|0|0|0|0|0|0|0|1|1|1|1|2|0|0|0|0|0|0|0|0|0|0|0|0|0|0|0|0,6
Alabama,Car,PHEV,2029,0|0|0|0|0|0|0|0|0|0|0|1|2|2|1|2|0|0|0|0|0|0|0|0|0|0|0|0|0|0|0,8
Alabama,Car,PHEV,2030,0|0|0|0|0|0|0|0|0|0|0|1|2|2|2|1|2|0|0|0|0|0|0|0|0|0|0|0|0|0|0,10
Alabama,Car,PHEV,2031,0|0|0|0|0|0|0|0|0|0|0|0|1|3|3|2|1|2|0|0|0|0|0|0|0|0|0|0|0|0|0,12
Alabama,Car,PHEV,2032,0|0|0|0|0|0|0|0|0|0|0|1|1|2|4|3|2|1|1|0|0|0|0|0|0|0|0|0|0|0|0,15
Alabama,Car,PHEV,2033,0|0|0|0|0|0|0|0|1|0|0|0|2|1|2|4|3|2|1|1|0|0|0|0|0|0|0|0|0|0|0,17
Alabama,Car,PHEV,2034,0|0|0|0|0|0|0|0|1|1|0|0|1|2|2|2|4|3|2|1|1|0|0|0|0|0|0|0|0|0|0,20
Alabama,Car,PHEV,2035,0|0|0|0|0|0|0|0|1|2|3|0|1|1|3|2|2|4|2|1|0|1|0|0|0|0|0|0|0|0|0,23
Alabama,Car,PHEV,2036,0|0|0|0|0|0|0|1|1|3|4|7|1|1|2|3|2|2|3|2|1|0|0|0|0|0|0|0|0|0|0,33
Alabama,Car,PHEV,2037,0|0|0|0|0|0|0|1|1|3|6|9|15|1|1|2|3|2|2|2|1|1|0|0|0|0|0|0|0|0|0,50
Alabama,Car,PHEV,2038,0|0|0|0|0|0|0|1|2|3|6|13|19|19|2|1|2|3|1|1|2|1|0|0|0|0|0|0|0|0|0,76
Alabama,Car,PHEV,2039,0|0|0|0|0|0|0|1|2|4|8|14|27|25|23|2|1|2|2|1|1|1|1|0|0|0|0|0|0|0|0,115
Alabama,Car,PHEV,2040,0|0|0|0|0|0|0|1|2|4|9|17|28|35|30|26|2|1|1|2|1|1|1|0|0|0|0|0|0|0|0,161
Alabama,Car,PHEV,2041,0|0|0|0|0|0|0|1|2|5|10|19|36|36|43|33|26|2|1|1|1|0|0|1|0|0|0|0|0|0|0,217
Alabama,Car,PHEV,2042,0|0|0|0|0|0|0|1|3|6|12|22|39|46|44|47|33|23|1|1|1|1|0|0|0|0|0|0|0|0|0,280
Alabama,Car,PHEV,2043,0|0|0|0|0|0|0|1|3|6|13|26|46|51|56|49|47|30|19|1|1|0|1|0|0|0|0|0|0|0|0,350
Alabama,Car,PHEV,2044,0|0|0|0|0|0|1|1|3|6|13|28|53|60|62|62|49|43|25|15|1|0|0|0|0|0|0|0|0|0|0,422
Alabama,Car,PHEV,2045,0|0|0|0|0|0|1|1|3|6|14|29|58|69|72|68|62|44|35|19|11|1|0|0|0|0|0|0|0|0|0,493
Alabama,Car,PHEV,2046,0|0|0|0|0|0|1|1|3|6|14|30|60|75|84|80|68|56|36|27|14|7|0|0|0|0|0|0|0|0|0,562
Alabama,Car,PHEV,2047,0|0|0|0|0|0|1|1|3|7|14|31|60|78|91|92|80|62|46|28|20|10|5|0|0|0|0|0|0|0|0,629
Alabama,Car,PHEV,2048,0|0|0|0|0|0|1|1|3|7|15|31|62|79|94|101|92|72|51|36|20|14|6|3|0|0|0|0|0|0|0,688
Alabama,Car,PHEV,2049,0|0|0|0|0|0|1|1|3|7|15|31|61|80|95|104|101|84|60|39|26|14|9|4|2|0|0|0|0|0|0,737
Alabama,Car,PHEV,2050,0|0|0|0|0|0|1|1|3|7|15|31|62|80|97|105|104|91|69|46|28|18|9|6|3|1|0|0|0|0|0,777
Alabama,SUV,BEV,2020,0|0|0|0|0|0|0|0|0|0|0|0|0|0|0|0|0|0|0|0|0|0|0|0|0|0|0|0|0|0|0,0
Alabama,SUV,BEV,2021,0|0|0|0|0|0|0|0|0|0|0|0|0|0|0|0|0|0|0|0|0|0|0|0|0|0|0|0|0|0|0,0
Alabama,SUV,BEV,2022,0|0|0|0|0|0|0|0|0|0|0|0|0|0|0|0|0|0|0|0|0|0|0|0|0|0|0|0|0|0|0,0
Alabama,SUV,BEV,2023,0|0|0|0|0|0|0|0|0|0|0|0|0|0|0|0|0|0|0|0|0|0|0|0|0|0|0|0|0|0|0,0
Alabama,SUV,BEV,2024,0|0|0|0|0|0|0|0|0|0|0|0|0|0|0|0|0|0|0|0|0|0|0|0|0|0|0|0|0|0|0,0
Alabama,SUV,BEV,2025,0|0|0|0|0|0|0|0|0|0|0|0|0|0|0|0|0|0|0|0|0|0|0|0|0|0|0|0|0|0|0,0
Alabama,SUV,BEV,2026,0|0|0|0|0|0|0|0|0|0|0|0|0|0|0|0|0|0|0|0|0|0|0|0|0|0|0|0|0|0|0,0
Alabama,SUV,BEV,2027,0|0|0|0|0|0|0|0|0|0|0|0|0|0|0|0|0|0|0|0|0|0|0|0|0|0|0|0|0|0|0,0
Alabama,SUV,BEV,2028,0|0|0|0|0|0|0|0|0|0|0|0|0|0|0|0|0|0|0|0|0|0|0|0|0|0|0|0|0|0|0,0
Alabama,SUV,BEV,2029,0|0|0|0|0|0|0|0|0|0|0|0|1|0|0|0|0|0|0|0|0|0|0|0|0|0|0|0|0|0|0,1
Alabama,SUV,BEV,2030,0|0|0|0|0|0|0|0|1|1|1|0|1|1|1|0|0|0|0|0|0|0|0|0|0|0|0|0|0|0|0,6
Alabama,SUV,BEV,2031,0|0|0|0|0|0|1|1|1|1|2|1|1|1|1|1|0|0|0|0|0|0|0|0|0|0|0|0|0|0|0,11
Alabama,SUV,BEV,2032,0|0|0|0|0|0|1|1|1|2|3|4|3|1|2|2|1|0|0|0|0|0|0|0|0|0|0|0|0|0|0,21
Alabama,SUV,BEV,2033,0|0|0|0|0|0|1|2|3|3|5|7|8|4|2|2|2|1|0|0|0|0|0|0|0|0|0|0|0|0|0,40
Alabama,SUV,BEV,2034,0|0|0|0|0|1|1|2|4|7|7|12|15|10|5|2|2|1|0|0|0|0|0|0|0|0|0|0|0|0|0,69
Alabama,SUV,BEV,2035,0|0|0|0|0|1|1|3|5|10|17|15|25|19|13|5|2|2|1|0|0|0|0|0|0|0|0|0|0|0|0,119
Alabama,SUV,BEV,2036,0|0|0|0|0|1|2|3|7|13|22|37|31|32|23|14|5|2|1|1|0|0|0|0|0|0|0|0|0|0|0,194
Alabama,SUV,BEV,2037,0|0|0|0|0|1|2|4|8|16|29|49|76|40|39|25|14|5|1|1|1|0|0|0|0|0|0|0|0|0|0,311
Alabama,SUV,BEV,2038,0|0|0|0|0|1|2|4|10|19|37|65|101|100|48|43|25|13|4|1|1|0|0|0|0|0|0|0|0|0|0,474
Alabama,SUV,BEV,2039,0|0|0|0|0|1|2|5|11|23|44|81|133|131|121|53|43|23|10|3|1|0|0|0|0|0|0|0|0|0|0,685
Alabama,SUV,BEV,2040,0|0|0|0|1|1|3|6|12|25|52|96|166|173|159|133|53|39|19|8|2|1|0|0|0|0|0|0|0|0|0,949
Alabama,SUV,BEV,2041,0|0|0|0|1|1|3|7|15|29|57|113|198|216|209|176|133|48|32|15|6|1|0|0|0|0|0|0|0|0|0,1260
Alabama,SUV,BEV,2042,0|0|0|0|1|1|3|7|16|34|65|125|232|259|261|231|176|121|40|25|11|4|1|0|0|0|0|0|0|0|0,1613
Alabama,SUV,BEV,2043,0|0|0|0|1|2|4|8|18|38|78|143|257|303|313|288|231|159|100|31|18|7|3|1|0|0|0|0|0|0|0,2003
Alabama,SUV,BEV,2044,0|0|0|0|1|2|4|9|19|41|86|170|292|335|366|345|288|209|131|76|22|12|5|2|0|0|0|0|0|0|0,2415
Alabama,SUV,BEV,2045,0|0|0|0|1|2|4|9|21|45|93|186|347|381|405|405|345|261|173|101|55|15|8|3|1|0|0|0|0|0|0,2861
Alabama,SUV,BEV,2046,0|0|0|0|1|2|4|10|22|48|101|202|380|453|460|447|405|313|216|133|73|38|10|5|2|1|0|0|0|0|0,3326
Alabama,SUV,BEV,2047,0|0|0|0|1|2|4|10|23|51|107|218|411|495|547|508|447|366|259|166|96|51|26|7|4|1|0|0|0|0|0,3800
Alabama,SUV,BEV,2048,0|0|0|0|1|2|5|11|25|54|114|231|441|535|599|605|508|405|303|198|120|67|34|17|4|2|1|0|0|0|0,4282
Alabama,SUV,BEV,2049,0|0|0|0|1|2|5|11|25|57|120|244|467|575|647|661|605|460|335|232|143|83|45|22|11|3|1|1|0|0|0,4756
Alabama,SUV,BEV,2050,0|0|0|0|1|2|5|12|27|59|127|258|494|609|696|715|661|547|381|257|168|99|56|30|15|7|2|1|0|0|0,5229
Alabama,SUV,PHEV,2020,0|0|0|0|0|0|0|0|0|0|0|0|0|0|0|0|0|0|0|0|0|0|0|0|0|0|0|0|0|0|0,0
Alabama,SUV,PHEV,2021,0|0|0|0|0|0|0|0|0|0|0|0|0|0|0|0|0|0|0|0|0|0|0|0|0|0|0|0|0|0|0,0
Alabama,SUV,PHEV,2022,0|0|0|0|0|0|0|0|0|0|0|0|0|0|0|0|0|0|0|0|0|0|0|0|0|0|0|0|0|0|0,0
Alabama,SUV,PHEV,2023,0|0|0|0|0|0|0|0|0|0|0|0|0|0|0|0|0|0|0|0|0|0|0|0|0|0|0|0|0|0|0,0
Alabama,SUV,PHEV,2024,0|0|0|0|0|0|0|0|0|0|0|0|0|0|0|0|0|0|0|0|0|0|0|0|0|0|0|0|0|0|0,0
Alabama,SUV,PHEV,2025,0|0|0|0|0|0|0|0|0|0|0|0|0|0|0|0|0|0|0|0|0|0|0|0|0|0|0|0|0|0|0,0
Alabama,SUV,PHEV,2026,0|0|0|0|0|0|0|0|0|0|0|0|0|0|0|0|0|0|0|0|0|0|0|0|0|0|0|0|0|0|0,0
Alabama,SUV,PHEV,2027,0|0|0|0|0|0|0|0|0|0|0|0|0|0|0|0|0|0|0|0|0|0|0|0|0|0|0|0|0|0|0,0
Alabama,SUV,PHEV,2028,0|0|0|0|0|0|0|0|0|0|0|0|0|0|0|0|0|0|0|0|0|0|0|0|0|0|0|0|0|0|0,0
Alabama,SUV,PHEV,2029,0|0|0|0|0|0|0|0|0|0|0|0|0|1|0|0|0|0|0|0|0|0|0|0|0|0|0|0|0|0|0,1
Alabama,SUV,PHEV,2030,0|0|0|0|0|0|0|0|0|0|0|0|0|1|1|0|0|0|0|0|0|0|0|0|0|0|0|0|0|0|0,2
Alabama,SUV,PHEV,2031,0|0|0|0|0|0|0|0|0|1|1|0|0|1|1|1|0|0|0|0|0|0|0|0|0|0|0|0|0|0|0,5
Alabama,SUV,PHEV,2032,0|0|0|0|0|0|0|0|0|1|1|2|1|0|1|1|1|0|0|0|0|0|0|0|0|0|0|0|0|0|0,8
Alabama,SUV,PHEV,2033,0|0|0|0|0|0|0|0|1|1|2|3|5|1|1|1|1|1|0|0|0|0|0|0|0|0|0|0|0|0|0,17
Alabama,SUV,PHEV,2034,0|0|0|0|0|0|0|1|1|2|3|5|6|7|2|1|1|1|1|0|0|0|0|0|0|0|0|0|0|0|0,31
Alabama,SUV,PHEV,2035,0|0|0|0|0|0|0|1|1|2|4|6|10|8|8|2|1|1|1|0|0|0|0|0|0|0|0|0|0|0|0,45
Alabama,SUV,PHEV,2036,0|0|0|0|0|0|0|1|1|3|5|8|12|13|10|9|2|1|1|0|0|0|0|0|0|0|0|0|0|0|0,66
Alabama,SUV,PHEV,2037,0|0|0|0|0|0|0|1|2|3|7|11|17|16|16|11|9|2|0|0|0|0|0|0|0|0|0|0|0|0|0,95
Alabama,SUV,PHEV,2038,0|0|0|0|0|0|0|1|2|4|8|16|23|22|19|18|11|8|1|0|0|0|0|0|0|0|0|0|0|0|0,133
Alabama,SUV,PHEV,2039,0|0|0|0|0|0|1|1|2|5|10|17|33|30|27|21|18|10|7|1|0|0|0|0|0|0|0|0|0|0|0,183
Alabama,SUV,PHEV,2040,0|0|0|0|0|0|1|1|3|6|11|21|34|43|36|30|21|16|8|5|1|0|0|0|0|0|0|0|0|0|0,237
Alabama,SUV,PHEV,2041,0|0|0|0|0|0|1|1|3|7|13|24|44|44|52|39|30|19|13|6|4|1|0|0|0|0|0|0|0|0|0,301
Alabama,SUV,PHEV,2042,0|0|0|0|0|0|1|2|4|8|16|29|50|57|54|57|39|27|16|10|5|3|0|0|0|0|0|0|0|0|0,378
Alabama,SUV,PHEV,2043,0|0|0|0|0|0|1|2|4|8|18|35|59|65|69|59|57|36|22|12|7|3|2|0|0|0|0|0|0|0|0,459
Alabama,SUV,PHEV,2044,0|0|0|0|0|0|1|2|4|8|19|38|71|77|78|76|59|52|30|17|9|5|2|1|0|0|0|0|0|0|0,549
Alabama,SUV,PHEV,2045,0|0|0|0|0|0|1|2|4|9|19|40|78|92|93|87|76|54|43|23|12|6|3|1|1|0|0|0|0|0|0,644
Alabama,SUV,PHEV,2046,0|0|0|0|0|0|1|2|4|9|20|41|82|102|111|103|87|69|44|33|16|9|4|2|1|0|0|0|0|0|0,740
Alabama,SUV,PHEV,2047,0|0|0|0|0|0|1|2|4|9|20|42|83|107|123|123|103|78|57|34|24|11|6|3|1|1|0|0|0|0|0,832
Alabama,SUV,PHEV,2048,0|0|0|0|0|0|1|2|4|9|20|43|85|109|129|136|123|93|65|44|25|16|8|4|2|1|0|0|0|0|0,919
Alabama,SUV,PHEV,2049,0|0|0|0|0|0|1|2|4|9|20|43|86|111|132|142|136|111|77|50|32|17|11|5|2|1|1|0|0|0|0,993
Alabama,SUV,PHEV,2050,0|0|0|0|0|0|1|2|4|9|21|43|87|112|134|145|142|123|92|59|36|22|11|7|3|2|1|0|0|0|0,1056
Alaska,Car,BEV,2020,0|0|0|0|0|0|0|0|0|0|0|0|0|0|0|0|0|0|0|0|0|0|0|0|0|0|0|0|0|0|0,0
Alaska,Car,BEV,2021,0|0|0|0|0|0|0|0|0|0|0|0|0|0|0|0|0|0|0|0|0|0|0|0|0|0|0|0|0|0|0,0
Alaska,Car,BEV,2022,0|0|0|0|0|0|0|0|0|0|0|0|0|0|0|0|0|0|0|0|0|0|0|0|0|0|0|0|0|0|0,0
Alaska,Car,BEV,2023,0|0|0|0|0|0|0|0|0|0|0|0|0|0|0|0|0|0|0|0|0|0|0|0|0|0|0|0|0|0|0,0
Alaska,Car,BEV,2024,0|0|0|0|0|0|0|0|0|0|0|0|0|0|0|0|0|0|0|0|0|0|0|0|0|0|0|0|0|0|0,0
Alaska,Car,BEV,2025,0|0|0|0|0|0|0|0|0|0|0|0|0|0|0|0|0|0|0|0|0|0|0|0|0|0|0|0|0|0|0,0
Alaska,Car,BEV,2026,0|0|0|0|0|0|0|0|0|0|0|0|0|0|0|0|0|0|0|0|0|0|0|0|0|0|0|0|0|0|0,0
Alaska,Car,BEV,2027,0|0|0|0|0|0|0|0|0|0|0|0|0|0|0|0|0|0|0|0|0|0|0|0|0|0|0|0|0|0|0,0
Alaska,Car,BEV,2028,0|0|0|0|0|0|0|0|0|0|0|0|0|0|0|0|0|0|0|0|0|0|0|0|0|0|0|0|0|0|0,0
Alaska,Car,BEV,2029,0|0|0|0|0|0|0|0|0|0|0|1|0|0|0|0|0|0|0|0|0|0|0|0|0|0|0|0|0|0|0,1
Alaska,Car,BEV,2030,0|0|0|0|0|0|0|0|0|0|0|1|1|0|0|0|0|0|0|0|0|0|0|0|0|0|0|0|0|0|0,2
Alaska,Car,BEV,2031,0|0|0|0|0|0|0|0|0|0|0|0|1|2|1|0|0|0|0|0|0|0|0|0|0|0|0|0|0|0|0,4
Alaska,Car,BEV,2032,0|0|0|0|0|0|0|0|0|0|0|1|1|2|2|1|0|0|0|0|0|0|0|0|0|0|0|0|0|0|0,7
Alaska,Car,BEV,2033,0|0|0|0|0|0|0|0|0|0|0|1|1|1|2|2|1|0|0|0|0|0|0|0|0|0|0|0|0|0|0,8
Alaska,Car,BEV,2034,0|0|0|0|0|0|0|0|0|1|0|1|2|2|1|2|2|1|0|0|0|0|0|0|0|0|0|0|0|0|0,12
Alaska,Car,BEV,2035,0|0|0|0|0|0|0|0|1|1|2|1|2|2|2|1|2|2|0|0|0|0|0|0|0|0|0|0|0|0|0,16
Alaska,Car,BEV,2036,0|0|0|0|0|0|0|0|1|1|3|4|2|2|3|2|1|2|2|0|0|0|0|0|0|0|0|0|0|0|0,23
Alaska,Car,BEV,2037,0|0|0|0|0|0|0|0|1|2|3|6|9|2|3|3|2|1|2|1|0|0|0|0|0|0|0|0|0|0|0,35
Alaska,Car,BEV,2038,0|0|0|0|0|0|0|0|1|2|4|7|12|12|3|3|3|2|1|1|1|0|0|0|0|0|0|0|0|0|0,52
Alaska,Car,BEV,2039,0|0|0|0|0|0|0|1|1|3|5|9|15|15|14|3|3|3|2|1|1|1|0|0|0|0|0|0|0|0|0,77
Alaska,Car,BEV,2040,0|0|0|0|0|0|0|1|1|3|6|11|19|19|19|15|3|3|2|1|1|1|0|0|0|0|0|0|0|0|0,105
Alaska,Car,BEV,2041,0|0|0|0|0|0|0|1|2|3|6|13|22|24|24|21|15|3|2|2|1|0|0|0|0|0|0|0|0|0|0,139
Alaska,Car,BEV,2042,0|0|0|0|0|0|0|1|2|4|7|14|26|29|30|26|21|14|2|2|1|1|0|0|0|0|0|0|0|0|0,180
Alaska,Car,BEV,2043,0|0|0|0|0|0|0|1|2|4|8|15|28|34|35|33|26|19|12|2|1|1|0|0|0|0|0|0|0|0|0,221
Alaska,Car,BEV,2044,0|0|0|0|0|0|0|1|2|4|9|18|31|36|41|39|33|24|15|9|1|1|1|0|0|0|0|0|0|0|0,265
Alaska,Car,BEV,2045,0|0|0|0|0|0|0|1|2|4|9|19|36|40|44|45|39|30|19|12|6|1|1|0|0|0|0|0|0|0|0,308
Alaska,Car,BEV,2046,0|0|0|0|0|0|0|1|2|5|10|20|39|47|49|48|45|35|24|15|9|4|1|0|0|0|0|0|0|0|0,354
Alaska,Car,BEV,2047,0|0|0|0|0|0|0|1|2|5|11|21|41|51|57|54|48|41|29|19|11|6|3|0|0|0|0|0|0|0|0,400
Alaska,Car,BEV,2048,0|0|0|0|0|0|0|1|2|5|11|23|43|53|61|63|54|44|34|22|14|8|4|2|0|0|0|0|0|0|0,444
Alaska,Car,BEV,2049,0|0|0|0|0|0|0|1|3|5|12|24|46|56|65|68|63|49|36|26|16|9|5|3|1|0|0|0|0|0|0,488
Alaska,Car,BEV,2050,0|0|0|0|0|0|1|1|3|6|12|25|48|59|68|71|68|57|40|28|19|11|6|3|2|1|0|0|0|0|0,529
Alaska,Car,PHEV,2020,0|0|0|0|0|0|0|0|0|0|0|0|0|0|0|0|0|0|0|0|0|0|0|0|0|0|0|0|0|0|0,0
Alaska,Car,PHEV,2021,0|0|0|0|0|0|0|0|0|0|0|0|0|0|0|0|0|0|0|0|0|0|0|0|0|0|0|0|0|0|0,0
Alaska,Car,PHEV,2022,0|0|0|0|0|0|0|0|0|0|0|0|0|0|0|0|0|0|0|0|0|0|0|0|0|0|0|0|0|0|0,0
Alaska,Car,PHEV,2023,0|0|0|0|0|0|0|0|0|0|0|0|0|0|0|0|0|0|0|0|0|0|0|0|0|0|0|0|0|0|0,0
Alaska,Car,PHEV,2024,0|0|0|0|0|0|0|0|0|0|0|0|0|0|0|0|0|0|0|0|0|0|0|0|0|0|0|0|0|0|0,0
Alaska,Car,PHEV,2025,0|0|0|0|0|0|0|0|0|0|0|0|0|0|0|0|0|0|0|0|0|0|0|0|0|0|0|0|0|0|0,0
Alaska,Car,PHEV,2026,0|0|0|0|0|0|0|0|0|0|0|0|0|0|0|0|0|0|0|0|0|0|0|0|0|0|0|0|0|0|0,0
Alaska,Car,PHEV,2027,0|0|0|0|0|0|0|0|0|0|0|0|0|0|0|0|0|0|0|0|0|0|0|0|0|0|0|0|0|0|0,0
Alaska,Car,PHEV,2028,0|0|0|0|0|0|0|0|0|0|0|0|0|0|0|0|0|0|0|0|0|0|0|0|0|0|0|0|0|0|0,0
Alaska,Car,PHEV,2029,0|0|0|0|0|0|0|0|0|0|0|0|0|0|0|0|0|0|0|0|0|0|0|0|0|0|0|0|0|0|0,0
Alaska,Car,PHEV,2030,0|0|0|0|0|0|0|0|0|0|0|0|0|0|0|0|0|0|0|0|0|0|0|0|0|0|0|0|0|0|0,0
Alaska,Car,PHEV,2031,0|0|0|0|0|0|0|0|0|0|0|0|0|0|1|0|0|0|0|0|0|0|0|0|0|0|0|0|0|0|0,1
Alaska,Car,PHEV,2032,0|0|0|0|0|0|0|0|0|0|0|0|0|0|1|1|0|0|0|0|0|0|0|0|0|0|0|0|0|0|0,2
Alaska,Car,PHEV,2033,0|0|0|0|0|0|0|0|0|0|0|0|0|0|0|1|1|0|0|0|0|0|0|0|0|0|0|0|0|0|0,2
Alaska,Car,PHEV,2034,0|0|0|0|0|0|0|0|0|0|0|0|0|0|0|0|1|1|0|0|0|0|0|0|0|0|0|0|0|0|0,2
Alaska,Car,PHEV,2035,0|0|0|0|0|0|0|0|0|0|0|0|0|0|0|0|0|1|0|0|0|0|0|0|0|0|0|0|0|0|0,1
Alaska,Car,PHEV,2036,0|0|0|0|0|0|0|0|0|0|1|1|0|0|0|0|0|0|0|0|0|0|0|0|0|0|0|0|0|0|0,2
Alaska,Car,PHEV,2037,0|0|0|0|0|0|0|0|0|0|1|1|2|0|0|0|0|0|0|0|0|0|0|0|0|0|0|0|0|0|0,4
Alaska,Car,PHEV,2038,0|0|0|0|0|0|0|0|0|0|1|2|2|2|0|0|0|0|0|0|0|0|0|0|0|0|0|0|0|0|0,7
Alaska,Car,PHEV,2039,0|0|0|0|0|0|0|0|0|1|1|2|4|3|3|0|0|0|0|0|0|0|0|0|0|0|0|0|0|0|0,14
Alaska,Car,PHEV,2040,0|0|0|0|0|0|0|0|0|1|1|2|4|5|4|3|0|0|0|0|0|0|0|0|0|0|0|0|0|0|0,20
Alaska,Car,PHEV,2041,0|0|0|0|0|0|0|0|0|1|1|3|5|5|6|4|3|0|0|0|0|0|0|0|0|0|0|0|0|0|0,28
Alaska,Car,PHEV,2042,0|0|0|0|0|0|0|0|0|1|2|3|5|6|6|6|4|3|0|0|0|0|0|0|0|0|0|0|0|0|0,36
Alaska,Car,PHEV,2043,0|0|0|0|0|0|0|0|0|1|2|3|6|7|7|6|6|4|2|0|0|0|0|0|0|0|0|0|0|0|0,44
Alaska,Car,PHEV,2044,0|0|0|0|0|0|0|0|0|1|2|4|7|8|8|8|6|6|3|2|0|0|0|0|0|0|0|0|0|0|0,55
Alaska,Car,PHEV,2045,0|0|0|0|0|0|0|0|0|1|2|4|8|9|10|9|8|6|5|2|1|0|0|0|0|0|0|0|0|0|0,65
Alaska,Car,PHEV,2046,0|0|0|0|0|0|0|0|0|1|2|4|8|10|11|11|9|7|5|4|2|1|0|0|0|0|0|0|0|0|0,75
Alaska,Car,PHEV,2047,0|0|0|0|0|0|0|0|0|1|2|4|8|10|12|12|11|8|6|4|3|1|1|0|0|0|0|0|0|0|0,83
Alaska,Car,PHEV,2048,0|0|0|0|0|0|0|0|0|1|2|4|8|10|12|13|12|10|7|5|3|2|1|0|0|0|0|0|0|0|0,90
Alaska,Car,PHEV,2049,0|0|0|0|0|0|0|0|0|1|2|4|8|10|12|13|13|11|8|5|3|2|1|1|0|0|0|0|0|0|0,94
Alaska,Car,PHEV,2050,0|0|0|0|0|0|0|0|0|1|2|4|8|10|13|14|13|12|9|6|4|2|1|1|0|0|0|0|0|0|0,100
Alaska,SUV,BEV,2020,0|0|0|0|0|0|0|0|0|0|0|0|0|0|0|0|0|0|0|0|0|0|0|0|0|0|0|0|0|0|0,0
Alaska,SUV,BEV,2021,0|0|0|0|0|0|0|0|0|0|0|0|0|0|0|0|0|0|0|0|0|0|0|0|0|0|0|0|0|0|0,0
Alaska,SUV,BEV,2022,0|0|0|0|0|0|0|0|0|0|0|0|0|0|0|0|0|0|0|0|0|0|0|0|0|0|0|0|0|0|0,0
Alaska,SUV,BEV,2023,0|0|0|0|0|0|0|0|0|0|0|0|0|0|0|0|0|0|0|0|0|0|0|0|0|0|0|0|0|0|0,0
Alaska,SUV,BEV,2024,0|0|0|0|0|0|0|0|0|0|0|0|0|0|0|0|0|0|0|0|0|0|0|0|0|0|0|0|0|0|0,0
Alaska,SUV,BEV,2025,0|0|0|0|0|0|0|0|0|0|0|0|0|0|0|0|0|0|0|0|0|0|0|0|0|0|0|0|0|0|0,0
Alaska,SUV,BEV,2026,0|0|0|0|0|0|0|0|0|0|0|0|0|0|0|0|0|0|0|0|0|0|0|0|0|0|0|0|0|0|0,0
Alaska,SUV,BEV,2027,0|0|0|0|0|0|0|0|0|0|0|0|0|0|0|0|0|0|0|0|0|0|0|0|0|0|0|0|0|0|0,0
Alaska,SUV,BEV,2028,0|0|0|0|0|0|0|0|0|0|0|0|0|0|0|0|0|0|0|0|0|0|0|0|0|0|0|0|0|0|0,0
Alaska,SUV,BEV,2029,0|0|0|0|0|0|0|0|0|0|0|0|0|0|0|0|0|0|0|0|0|0|0|0|0|0|0|0|0|0|0,0
Alaska,SUV,BEV,2030,0|0|0|0|0|0|0|0|0|0|0|0|0|0|0|0|0|0|0|0|0|0|0|0|0|0|0|0|0|0|0,0
Alaska,SUV,BEV,2031,0|0|0|0|0|0|0|0|0|0|0|0|0|0|1|0|0|0|0|0|0|0|0|0|0|0|0|0|0|0|0,1
Alaska,SUV,BEV,2032,0|0|0|0|0|0|0|0|0|0|1|1|1|0|0|1|0|0|0|0|0|0|0|0|0|0|0|0|0|0|0,4
Alaska,SUV,BEV,2033,0|0|0|0|0|0|0|0|0|1|1|2|2|1|0|1|1|0|0|0|0|0|0|0|0|0|0|0|0|0|0,9
Alaska,SUV,BEV,2034,0|0|0|0|0|0|0|0|1|1|1|2|3|3|1|1|1|1|0|0|0|0|0|0|0|0|0|0|0|0|0,15
Alaska,SUV,BEV,2035,0|0|0|0|0|0|0|0|1|1|2|3|5|4|3|2|1|0|0|0|0|0|0|0|0|0|0|0|0|0|0,22
Alaska,SUV,BEV,2036,0|0|0|0|0|0|0|0|1|2|3|5|6|7|5|4|2|0|0|0|0|0|0|0|0|0|0|0|0|0|0,35
Alaska,SUV,BEV,2037,0|0|0|0|0|0|0|1|1|2|4|6|10|8|8|6|4|1|0|0|0|0|0|0|0|0|0|0|0|0|0,51
Alaska,SUV,BEV,2038,0|0|0|0|0|0|0|1|1|3|5|8|13|12|10|9|6|3|1|0|0|0|0|0|0|0|0|0|0|0|0,72
Alaska,SUV,BEV,2039,0|0|0|0|0|0|0|1|1|3|6|11|17|17|15|11|9|5|3|1|0|0|0|0|0|0|0|0|0|0|0,100
Alaska,SUV,BEV,2040,0|0|0|0|0|0|0|1|2|3|7|13|22|22|20|17|11|8|4|2|1|0|0|0|0|0|0|0|0|0|0,133
Alaska,SUV,BEV,2041,0|0|0|0|0|0|0|1|2|4|8|15|26|28|27|23|17|10|7|3|1|0|0|0|0|0|0|0|0|0|0,172
Alaska,SUV,BEV,2042,0|0|0|0|0|0|0|1|2|5|9|17|31|34|34|29|23|15|8|5|2|1|0|0|0|0|0|0|0|0|0,216
Alaska,SUV,BEV,2043,0|0|0|0|0|0|0|1|2|5|11|19|34|40|41|38|29|20|12|6|4|2|1|0|0|0|0|0|0|0|0,265
Alaska,SUV,BEV,2044,0|0|0|0|0|0|1|1|3|6|12|23|39|44|49|45|38|27|17|10|5|3|1|0|0|0|0|0|0|0|0,324
Alaska,SUV,BEV,2045,0|0|0|0|0|0|1|1|3|6|13|25|47|51|53|54|45|34|22|13|7|3|2|1|0|0|0|0|0|0|0,381
Alaska,SUV,BEV,2046,0|0|0|0|0|0|1|1|3|6|14|27|51|61|62|59|54|41|28|17|9|5|2|1|0|0|0|0|0|0|0,442
Alaska,SUV,BEV,2047,0|0|0|0|0|0|1|1|3|7|14|29|56|67|74|68|59|49|34|22|12|7|3|1|1|0|0|0|0|0|0,508
Alaska,SUV,BEV,2048,0|0|0|0|0|0|1|1|3|7|15|31|60|73|81|81|68|53|40|26|16|8|4|2|1|0|0|0|0|0|0,571
Alaska,SUV,BEV,2049,0|0|0|0|0|0|1|2|3|8|16|33|63|78|88|89|81|62|44|31|19|11|6|3|1|1|0|0|0|0|0,640
Alaska,SUV,BEV,2050,0|0|0|0|0|0|1|2|4|8|17|35|66|82|94|97|89|74|51|34|22|13|7|4|2|1|0|0|0|0|0,703
Alaska,SUV,PHEV,2020,0|0|0|0|0|0|0|0|0|0|0|0|0|0|0|0|0|0|0|0|0|0|0|0|0|0|0|0|0|0|0,0
Alaska,SUV,PHEV,2021,0|0|0|0|0|0|0|0|0|0|0|0|0|0|0|0|0|0|0|0|0|0|0|0|0|0|0|0|0|0|0,0
Alaska,SUV,PHEV,2022,0|0|0|0|0|0|0|0|0|0|0|0|0|0|0|0|0|0|0|0|0|0|0|0|0|0|0|0|0|0|0,0
Alaska,SUV,PHEV,2023,0|0|0|0|0|0|0|0|0|0|0|0|0|0|0|0|0|0|0|0|0|0|0|0|0|0|0|0|0|0|0,0
Alaska,SUV,PHEV,2024,0|0|0|0|0|0|0|0|0|0|0|0|0|0|0|0|0|0|0|0|0|0|0|0|0|0|0|0|0|0|0,0
Alaska,SUV,PHEV,2025,0|0|0|0|0|0|0|0|0|0|0|0|0|0|0|0|0|0|0|0|0|0|0|0|0|0|0|0|0|0|0,0
Alaska,SUV,PHEV,2026,0|0|0|0|0|0|0|0|0|0|0|0|0|0|0|0|0|0|0|0|0|0|0|0|0|0|0|0|0|0|0,0
Alaska,SUV,PHEV,2027,0|0|0|0|0|0|0|0|0|0|0|0|0|0|0|0|0|0|0|0|0|0|0|0|0|0|0|0|0|0|0,0
Alaska,SUV,PHEV,2028,0|0|0|0|0|0|0|0|0|0|0|0|0|0|0|0|0|0|0|0|0|0|0|0|0|0|0|0|0|0|0,0
Alaska,SUV,PHEV,2029,0|0|0|0|0|0|0|0|0|0|0|0|0|0|0|0|0|0|0|0|0|0|0|0|0|0|0|0|0|0|0,0
Alaska,SUV,PHEV,2030,0|0|0|0|0|0|0|0|0|0|0|0|0|0|0|0|0|0|0|0|0|0|0|0|0|0|0|0|0|0|0,0
Alaska,SUV,PHEV,2031,0|0|0|0|0|0|0|0|0|0|0|0|0|0|0|0|0|0|0|0|0|0|0|0|0|0|0|0|0|0|0,0
Alaska,SUV,PHEV,2032,0|0|0|0|0|0|0|0|0|0|0|0|0|0|0|0|0|0|0|0|0|0|0|0|0|0|0|0|0|0|0,0
Alaska,SUV,PHEV,2033,0|0|0|0|0|0|0|0|0|0|0|0|1|0|0|0|0|0|0|0|0|0|0|0|0|0|0|0|0|0|0,1
Alaska,SUV,PHEV,2034,0|0|0|0|0|0|0|0|0|0|0|1|1|1|0|0|0|0|0|0|0|0|0|0|0|0|0|0|0|0|0,3
Alaska,SUV,PHEV,2035,0|0|0|0|0|0|0|0|0|0|0|1|2|1|1|0|0|0|0|0|0|0|0|0|0|0|0|0|0|0|0,5
Alaska,SUV,PHEV,2036,0|0|0|0|0|0|0|0|0|0|1|1|2|2|2|1|0|0|0|0|0|0|0|0|0|0|0|0|0|0|0,9
Alaska,SUV,PHEV,2037,0|0|0|0|0|0|0|0|0|0|1|1|2|2|2|2|1|0|0|0|0|0|0|0|0|0|0|0|0|0|0,11
Alaska,SUV,PHEV,2038,0|0|0|0|0|0|0|0|0|1|1|2|3|2|3|3|2|1|0|0|0|0|0|0|0|0|0|0|0|0|0,18
Alaska,SUV,PHEV,2039,0|0|0|0|0|0|0|0|0|1|1|2|4|3|3|3|3|2|1|0|0|0|0|0|0|0|0|0|0|0|0,23
Alaska,SUV,PHEV,2040,0|0|0|0|0|0|0|0|0|1|1|3|4|5|4|3|3|2|1|1|0|0|0|0|0|0|0|0|0|0|0,28
Alaska,SUV,PHEV,2041,0|0|0|0|0|0|0|0|0|1|2|3|6|5|6|4|3|3|2|1|0|0|0|0|0|0|0|0|0|0|0,36
Alaska,SUV,PHEV,2042,0|0|0|0|0|0|0|0|0|1|2|4|6|7|6|7|4|3|2|2|1|0|0|0|0|0|0|0|0|0|0,45
Alaska,SUV,PHEV,2043,0|0|0|0|0|0|0|0|0|1|2|4|7|8|9|7|7|4|2|2|1|0|0|0|0|0|0|0|0|0|0,54
Alaska,SUV,PHEV,2044,0|0|0|0|0|0|0|0|0|1|2|5|9|10|10|10|7|6|3|2|1|1|0|0|0|0|0|0|0|0|0,67
Alaska,SUV,PHEV,2045,0|0|0|0|0|0|0|0|0|1|2|5|10|12|12|11|10|6|5|3|1|1|1|0|0|0|0|0|0|0|0,80
Alaska,SUV,PHEV,2046,0|0|0|0|0|0|0|0|0|1|3|5|11|13|14|13|11|9|5|4|2|1|1|0|0|0|0|0|0|0|0,93
Alaska,SUV,PHEV,2047,0|0|0|0|0|0|0|0|0|1|3|5|11|14|16|16|13|10|7|4|3|1|1|0|0|0|0|0|0|0|0,105
Alaska,SUV,PHEV,2048,0|0|0|0|0|0|0|0|1|1|3|5|11|14|17|17|16|12|8|6|3|2|1|0|0|0|0|0|0|0|0,117
Alaska,SUV,PHEV,2049,0|0|0|0|0|0|0|0|1|1|3|5|11|14|17|18|17|14|10|6|4|2|1|1|0|0|0|0|0|0|0,125
Alaska,SUV,PHEV,2050,0|0|0|0|0|0|0|0|1|1|3|6|11|14|17|19|18|16|12|7|5|3|1|1|0|0|0|0|0|0|0,135
Arizona,Car,BEV,2020,0|0|0|0|0|0|0|0|0|0|0|0|0|0|0|0|0|0|0|0|0|0|0|0|0|0|0|0|0|0|0,0
Arizona,Car,BEV,2021,0|0|0|0|0|0|0|0|0|0|0|0|0|0|0|0|0|0|0|0|0|0|0|0|0|0|0|0|0|0|0,0
Arizona,Car,BEV,2022,0|0|0|0|0|0|0|0|0|0|0|0|0|0|0|0|0|0|0|0|0|0|0|0|0|0|0|0|0|0|0,0
Arizona,Car,BEV,2023,0|0|0|0|0|0|0|0|0|1|0|0|0|0|0|0|0|0|0|0|0|0|0|0|0|0|0|0|0|0|0,1
Arizona,Car,BEV,2024,0|0|0|0|0|0|0|0|0|1|2|0|0|0|0|0|0|0|0|0|0|0|0|0|0|0|0|0|0|0|0,3
Arizona,Car,BEV,2025,0|0|0|0|0|0|0|1|0|1|2|4|0|0|0|0|0|0|0|0|0|0|0|0|0|0|0|0|0|0|0,8
Arizona,Car,BEV,2026,0|0|0|0|0|0|0|1|1|1|2|4|8|0|0|0|0|0|0|0|0|0|0|0|0|0|0|0|0|0|0,17
Arizona,Car,BEV,2027,0|0|0|0|0|0|0|1|2|4|2|4|8|10|0|0|0|0|0|0|0|0|0|0|0|0|0|0|0|0|0,31
Arizona,Car,BEV,2028,0|0|0|0|0|0|0|1|1|4|8|4|8|11|12|0|0|0|0|0|0|0|0|0|0|0|0|0|0|0|0,49
Arizona,Car,BEV,2029,0|0|0|0|0|0|0|1|2|3|8|18|9|11|13|14|0|0|0|0|0|0|0|0|0|0|0|0|0|0|0,79
Arizona,Car,BEV,2030,0|0|0|0|0|0|0|1|3|4|7|18|37|11|13|14|14|0|0|0|0|0|0|0|0|0|0|0|0|0|0,122
Arizona,Car,BEV,2031,0|0|0|0|0|0|1|1|3|6|10|15|38|49|14|14|14|12|0|0|0|0|0|0|0|0|0|0|0|0|0,177
Arizona,Car,BEV,2032,0|0|0|0|0|1|1|2|2|6|14|22|31|49|59|15|14|13|10|0|0|0|0|0|0|0|0|0|0|0|0,239
Arizona,Car,BEV,2033,0|0|0|0|0|1|1|3|5|6|15|31|45|40|60|65|15|13|11|8|0|0|0|0|0|0|0|0|0|0|0,319
Arizona,Car,BEV,2034,0|0|0|0|0|1|2|3|6|11|13|32|63|59|49|66|65|14|11|8|6|0|0|0|0|0|0|0|0|0|0,409
Arizona,Car,BEV,2035,0|0|0|0|0|1|2|4|8|14|25|28|66|82|71|54|66|59|11|8|6|4|0|0|0|0|0|0|0|0|0,509
Arizona,Car,BEV,2036,0|0|0|0|0|1|2|5|10|19|33|55|57|86|99|79|54|60|49|9|6|4|3|0|0|0|0|0|0|0|0,631
Arizona,Car,BEV,2037,0|0|0|0|1|1|3|6|12|24|43|71|112|74|104|110|79|49|49|37|6|4|3|2|0|0|0|0|0|0|0,790
Arizona,Car,BEV,2038,0|0|0|0|1|1|3|7|14|28|54|94|146|145|89|115|110|71|40|38|27|4|3|2|1|0|0|0|0|0|0,993
Arizona,Car,BEV,2039,0|0|0|0|1|1|4|7|16|33|64|117|193|191|176|99|115|99|59|31|27|19|3|2|1|1|0|0|0|0|0,1259
Arizona,Car,BEV,2040,0|0|0|0|1|2|4|9|18|37|74|140|239|251|231|194|99|104|82|45|22|19|13|2|1|1|0|0|0|0|0,1588
Arizona,Car,BEV,2041,0|0|0|0|1|2|4|9|21|42|85|162|286|312|304|255|194|89|86|63|33|16|13|8|1|1|0|0|0|0|0,1987
Arizona,Car,BEV,2042,0|0|0|0|1|2|5|10|23|49|96|185|330|372|377|336|255|176|74|66|46|23|10|8|5|1|0|0|0|0|0,2450
Arizona,Car,BEV,2043,0|0|0|0|1|2|5|11|24|53|112|208|378|431|450|417|336|231|145|57|48|32|15|7|5|3|1|0|0|0|0,2972
Arizona,Car,BEV,2044,0|0|0|0|1|2|5|12|26|57|120|243|425|493|521|497|417|304|191|112|41|33|21|10|4|4|2|0|0|0|0,3541
Arizona,Car,BEV,2045,0|0|0|0|1|2|6|13|28|61|129|262|496|554|597|576|497|377|251|146|81|28|22|14|7|3|2|1|0|0|0,4154
Arizona,Car,BEV,2046,0|0|0|0|1|2|6|13|30|65|138|279|534|647|670|659|576|450|312|193|106|56|19|15|9|4|2|1|1|0|0,4788
Arizona,Car,BEV,2047,0|0|0|0|1|3|6|14|32|69|146|298|569|696|782|740|659|521|372|239|139|73|38|13|10|6|3|1|1|1|0,5432
Arizona,Car,BEV,2048,0|0|0|0|1|3|6|15|33|73|154|314|604|742|842|864|740|597|431|286|173|97|49|25|8|6|4|2|1|1|1,6072
Arizona,Car,BEV,2049,0|0|0|0|1|3|7|16|35|77|162|330|635|788|897|930|864|670|493|330|207|120|65|33|16|5|4|2|1|0|1,6692
Arizona,Car,BEV,2050,0|0|0|0|1|3|7|16|37|80|170|347|667|828|953|991|930|782|554|378|239|143|81|43|21|10|3|3|2|1|1,7291
Arizona,Car,PHEV,2020,0|0|0|0|0|0|0|0|0|0|0|0|0|0|0|0|0|0|0|0|0|0|0|0|0|0|0|0|0|0|0,0
Arizona,Car,PHEV,2021,0|0|0|0|0|0|0|0|0|0|0|0|0|0|0|0|0|0|0|0|0|0|0|0|0|0|0|0|0|0|0,0
Arizona,Car,PHEV,2022,0|0|0|0|0|0|0|0|0|0|0|0|0|0|0|0|0|0|0|0|0|0|0|0|0|0|0|0|0|0|0,0
Arizona,Car,PHEV,2023,0|0|0|0|0|0|0|0|0|0|0|0|0|0|0|0|0|0|0|0|0|0|0|0|0|0|0|0|0|0|0,0
Arizona,Car,PHEV,2024,0|0|0|0|0|0|0|0|0|0|1|0|0|0|0|0|0|0|0|0|0|0|0|0|0|0|0|0|0|0|0,1
Arizona,Car,PHEV,2025,0|0|0|0|0|0|0|0|0|1|1|3|0|0|0|0|0|0|0|0|0|0|0|0|0|0|0|0|0|0|0,5
Arizona,Car,PHEV,2026,0|0|0|0|0|0|0|0|0|1|2|2|5|0|0|0|0|0|0|0|0|0|0|0|0|0|0|0|0|0|0,10
Arizona,Car,PHEV,2027,0|0|0|0|0|0|0|0|0|1|2|3|4|7|0|0|0|0|0|0|0|0|0|0|0|0|0|0|0|0|0,17
Arizona,Car,PHEV,2028,0|0|0|0|0|0|0|0|0|1|3|4|7|5|9|0|0|0|0|0|0|0|0|0|0|0|0|0|0|0|0,29
Arizona,Car,PHEV,2029,0|0|0|0|0|0|0|0|0|1|1|6|9|9|6|10|0|0|0|0|0|0|0|0|0|0|0|0|0|0|0,42
Arizona,Car,PHEV,2030,0|0|0|0|0|0|0|0|0|1|1|3|12|12|11|6|10|0|0|0|0|0|0|0|0|0|0|0|0|0|0,56
Arizona,Car,PHEV,2031,0|0|0|0|0|0|0|0|0|0|2|3|7|16|14|12|6|9|0|0|0|0|0|0|0|0|0|0|0|0|0,69
Arizona,Car,PHEV,2032,0|0|0|0|0|0|0|0|0|0|1|4|6|9|19|16|12|6|7|0|0|0|0|0|0|0|0|0|0|0|0,80
Arizona,Car,PHEV,2033,0|0|0|0|0|0|0|1|1|1|1|3|8|7|10|21|16|11|5|5|0|0|0|0|0|0|0|0|0|0|0,90
Arizona,Car,PHEV,2034,0|0|0|0|0|0|0|1|1|2|1|2|5|10|9|11|21|14|9|4|4|0|0|0|0|0|0|0|0|0|0,94
Arizona,Car,PHEV,2035,0|0|0|0|0|0|0|1|2|3|5|2|4|7|12|10|11|19|12|7|3|3|0|0|0|0|0|0|0|0|0,101
Arizona,Car,PHEV,2036,0|0|0|0|0|0|0|1|2|4|7|12|5|5|8|14|10|10|16|9|5|2|2|0|0|0|0|0|0|0|0,112
Arizona,Car,PHEV,2037,0|0|0|0|0|0|1|1|2|5|10|15|24|6|6|9|14|9|9|12|7|4|1|1|0|0|0|0|0|0|0,136
Arizona,Car,PHEV,2038,0|0|0|0|0|0|1|1|3|6|10|21|30|31|8|7|9|12|7|7|9|5|2|1|1|0|0|0|0|0|0,171
Arizona,Car,PHEV,2039,0|0|0|0|0|0|1|2|3|6|13|22|44|40|37|8|7|8|10|6|5|6|3|2|1|1|0|0|0|0|0,225
Arizona,Car,PHEV,2040,0|0|0|0|0|0|1|2|4|8|14|28|45|57|48|41|8|6|7|8|4|3|4|2|1|0|0|0|0|0|0,291
Arizona,Car,PHEV,2041,0|0|0|0|0|0|1|2|4|9|17|31|58|59|69|53|41|8|5|5|6|3|2|3|1|1|0|0|0|0|0,378
Arizona,Car,PHEV,2042,0|0|0|0|0|0|1|2|4|10|21|38|64|75|71|76|53|37|6|4|4|4|2|1|2|1|0|0|0|0|0,476
Arizona,Car,PHEV,2043,0|0|0|0|0|0|1|2|5|10|23|45|78|83|91|79|76|48|31|5|3|3|3|1|1|1|1|0|0|0|0,590
Arizona,Car,PHEV,2044,0|0|0|0|0|0|1|2|5|11|23|49|92|102|100|100|79|69|40|24|3|2|2|2|1|1|1|0|0|0|0,709
Arizona,Car,PHEV,2045,0|0|0|0|0|0|1|2|5|11|24|51|101|120|123|111|100|71|57|30|17|2|1|1|1|1|0|0|0|0|0,830
Arizona,Car,PHEV,2046,0|0|0|0|0|0|1|2|5|11|25|52|105|132|145|136|111|91|59|44|22|12|2|1|1|1|0|0|0|0|0,958
Arizona,Car,PHEV,2047,0|0|0|0|0|0|1|2|5|11|25|54|107|136|160|160|136|100|75|45|32|15|8|1|1|0|0|0|0|0|0,1074
Arizona,Car,PHEV,2048,0|0|0|0|0|0|1|2|5|12|25|54|109|139|165|176|160|123|83|58|33|22|10|5|1|0|0|0|0|0|0,1183
Arizona,Car,PHEV,2049,0|0|0|0|0|0|1|2|5|12|26|54|109|142|168|182|176|145|102|64|42|23|15|7|3|0|0|0|0|0|0,1278
Arizona,Car,PHEV,2050,0|0|0|0|0|0|1|2|6|12|26|55|110|142|172|186|182|160|120|78|46|29|15|10|4|2|0|0|0|0|0,1358
Arizona,SUV,BEV,2020,0|0|0|0|0|0|0|0|0|0|0|0|0|0|0|0|0|0|0|0|0|0|0|0|0|0|0|0|0|0|0,0
Arizona,SUV,BEV,2021,0|0|0|0|0|0|0|0|0|0|0|0|0|0|0|0|0|0|0|0|0|0|0|0|0|0|0|0|0|0|0,0
Arizona,SUV,BEV,2022,0|0|0|0|0|0|0|0|0|0|0|0|0|0|0|0|0|0|0|0|0|0|0|0|0|0|0|0|0|0|0,0
Arizona,SUV,BEV,2023,0|0|0|0|0|0|0|0|0|0|0|0|0|0|0|0|0|0|0|0|0|0|0|0|0|0|0|0|0|0|0,0
Arizona,SUV,BEV,2024,0|0|0|0|0|0|0|0|0|0|0|0|0|0|0|0|0|0|0|0|0|0|0|0|0|0|0|0|0|0|0,0
Arizona,SUV,BEV,2025,0|0|0|0|0|0|0|0|0|0|0|1|0|0|0|0|0|0|0|0|0|0|0|0|0|0|0|0|0|0|0,1
Arizona,SUV,BEV,2026,0|0|0|0|0|0|0|0|0|1|1|1|1|0|0|0|0|0|0|0|0|0|0|0|0|0|0|0|0|0|0,4
Arizona,SUV,BEV,2027,0|0|0|0|0|0|0|1|0|1|2|2|2|2|0|0|0|0|0|0|0|0|0|0|0|0|0|0|0|0|0,10
Arizona,SUV,BEV,2028,0|0|0|0|0|0|1|1|1|1|2|4|4|2|2|0|0|0|0|0|0|0|0|0|0|0|0|0|0|0|0,18
Arizona,SUV,BEV,2029,0|0|0|0|0|1|1|2|3|3|2|5|9|5|3|2|0|0|0|0|0|0|0|0|0|0|0|0|0|0|0,36
Arizona,SUV,BEV,2030,0|0|0|0|0|0|1|3|5|7|7|5|10|12|6|3|2|0|0|0|0|0|0|0|0|0|0|0|0|0|0,61
Arizona,SUV,BEV,2031,0|0|0|0|0|0|1|4|7|11|15|15|11|13|14|7|3|2|0|0|0|0|0|0|0|0|0|0|0|0|0,103
Arizona,SUV,BEV,2032,0|0|0|0|0|1|1|2|9|16|25|33|31|15|16|15|7|3|2|0|0|0|0|0|0|0|0|0|0|0|0,176
Arizona,SUV,BEV,2033,0|0|0|0|0|1|1|3|5|21|38|54|69|41|18|17|15|6|2|1|0|0|0|0|0|0|0|0|0|0|0,292
Arizona,SUV,BEV,2034,0|0|0|0|0|1|2|4|7|12|47|83|111|89|49|19|17|14|5|2|1|0|0|0|0|0|0|0|0|0|0,463
Arizona,SUV,BEV,2035,0|0|0|0|0|1|2|4|9|16|27|103|170|144|108|54|19|16|12|4|1|1|0|0|0|0|0|0|0|0|0,691
Arizona,SUV,BEV,2036,0|0|0|0|1|1|3|5|11|20|36|59|211|222|175|120|54|18|13|9|3|1|0|0|0|0|0|0|0|0|0,962
Arizona,SUV,BEV,2037,0|0|0|0|1|1|3|6|13|25|47|78|120|276|268|193|120|49|15|10|6|2|1|0|0|0|0|0|0|0|0,1234
Arizona,SUV,BEV,2038,0|0|0|0|1|2|4|8|15|31|58|102|159|157|333|296|193|108|41|11|7|4|1|0|0|0|0|0|0|0|0,1531
Arizona,SUV,BEV,2039,0|0|0|0|1|2|4|9|18|36|70|127|210|208|190|368|296|175|89|31|8|5|3|1|0|0|0|0|0|0|0,1851
Arizona,SUV,BEV,2040,0|0|0|0|1|2|5|11|21|43|83|152|260|273|251|210|368|268|144|69|23|6|3|2|1|0|0|0|0|0|0,2196
Arizona,SUV,BEV,2041,0|0|0|0|1|2|5|12|26|50|97|180|311|339|331|277|210|333|222|111|50|16|4|2|1|0|0|0|0|0|0,2580
Arizona,SUV,BEV,2042,0|0|0|0|1|2|5|13|28|59|112|210|367|406|410|365|277|190|276|170|80|34|11|2|1|1|0|0|0|0|0,3020
Arizona,SUV,BEV,2043,0|0|0|0|1|3|6|13|30|65|133|240|427|478|491|453|365|251|157|211|123|56|23|7|2|1|1|0|0|0|0,3537
Arizona,SUV,BEV,2044,0|0|0|0|1|3|6|14|31|69|146|286|488|557|578|542|453|331|208|120|153|85|37|15|5|1|1|0|0|0|0,4130
Arizona,SUV,BEV,2045,0|0|0|0|1|3|7|15|34|73|157|314|580|636|673|638|542|410|273|159|87|106|57|25|10|3|1|0|0|0|0,4804
Arizona,SUV,BEV,2046,0|0|0|0|1|3|7|16|37|80|166|338|636|756|769|744|638|491|339|210|115|60|71|38|16|6|2|0|0|0|0,5539
Arizona,SUV,BEV,2047,0|0|0|0|1|3|7|17|39|85|180|360|687|829|914|850|744|578|406|260|152|80|41|47|25|10|4|1|0|0|0,6320
Arizona,SUV,BEV,2048,0|0|0|1|1|3|8|18|41|90|192|389|734|896|1003|1010|850|673|478|311|188|105|54|27|31|16|7|3|1|0|0,7130
Arizona,SUV,BEV,2049,0|0|0|1|1|3|8|19|42|94|202|413|790|957|1083|1108|1010|769|557|367|225|131|71|35|17|20|10|4|2|0|0,7939
Arizona,SUV,BEV,2050,0|0|0|1|1|4|9|20|45|98|211|434|836|1030|1158|1196|1108|914|636|427|265|156|88|47|23|11|13|7|3|1|1,8743
Arizona,SUV,PHEV,2020,0|0|0|0|0|0|0|0|0|0|0|0|0|0|0|0|0|0|0|0|0|0|0|0|0|0|0|0|0|0|0,0
Arizona,SUV,PHEV,2021,0|0|0|0|0|0|0|0|0|0|0|0|0|0|0|0|0|0|0|0|0|0|0|0|0|0|0|0|0|0|0,0
Arizona,SUV,PHEV,2022,0|0|0|0|0|0|0|0|0|0|0|0|0|0|0|0|0|0|0|0|0|0|0|0|0|0|0|0|0|0|0,0
Arizona,SUV,PHEV,2023,0|0|0|0|0|0|0|0|0|0|0|0|0|0|0|0|0|0|0|0|0|0|0|0|0|0|0|0|0|0|0,0
Arizona,SUV,PHEV,2024,0|0|0|0|0|0|0|0|0|0|0|0|0|0|0|0|0|0|0|0|0|0|0|0|0|0|0|0|0|0|0,0
Arizona,SUV,PHEV,2025,0|0|0|0|0|0|0|0|0|0|0|0|0|0|0|0|0|0|0|0|0|0|0|0|0|0|0|0|0|0|0,0
Arizona,SUV,PHEV,2026,0|0|0|0|0|0|0|0|0|0|1|1|1|0|0|0|0|0|0|0|0|0|0|0|0|0|0|0|0|0|0,3
Arizona,SUV,PHEV,2027,0|0|0|0|0|0|0|0|0|0|1|1|1|1|0|0|0|0|0|0|0|0|0|0|0|0|0|0|0|0|0,4
Arizona,SUV,PHEV,2028,0|0|0|0|0|0|0|0|0|0|1|1|3|2|2|0|0|0|0|0|0|0|0|0|0|0|0|0|0|0|0,9
Arizona,SUV,PHEV,2029,0|0|0|0|0|0|0|1|1|1|1|2|3|3|2|2|0|0|0|0|0|0|0|0|0|0|0|0|0|0|0,16
Arizona,SUV,PHEV,2030,0|0|0|0|0|0|0|1|1|2|1|1|4|4|4|2|2|0|0|0|0|0|0|0|0|0|0|0|0|0|0,22
Arizona,SUV,PHEV,2031,0|0|0|0|0|0|0|1|2|3|5|3|3|5|5|4|2|2|0|0|0|0|0|0|0|0|0|0|0|0|0,35
Arizona,SUV,PHEV,2032,0|0|0|0|0|0|0|0|2|4|7|12|6|3|6|5|4|2|1|0|0|0|0|0|0|0|0|0|0|0|0,52
Arizona,SUV,PHEV,2033,0|0|0|0|0|0|0|1|1|5|10|15|24|8|4|6|5|4|2|1|0|0|0|0|0|0|0|0|0|0|0,86
Arizona,SUV,PHEV,2034,0|0|0|0|0|0|0|1|1|2|12|23|31|31|10|5|6|5|3|1|1|0|0|0|0|0|0|0|0|0|0,132
Arizona,SUV,PHEV,2035,0|0|0|0|0|0|0|1|2|3|6|26|46|40|38|11|5|6|4|3|1|0|0|0|0|0|0|0|0|0|0,192
Arizona,SUV,PHEV,2036,0|0|0|0|0|0|1|1|2|5|7|12|53|60|48|42|11|4|5|3|2|1|0|0|0|0|0|0|0|0|0,257
Arizona,SUV,PHEV,2037,0|0|0|0|0|0|1|1|3|5|11|16|25|69|73|53|42|10|3|4|2|1|0|0|0|0|0|0|0|0|0,319
Arizona,SUV,PHEV,2038,0|0|0|0|0|0|1|2|3|6|11|23|33|32|83|81|53|38|8|3|3|2|1|0|0|0|0|0|0|0|0,383
Arizona,SUV,PHEV,2039,0|0|0|0|0|0|1|2|4|7|14|24|47|43|39|92|81|48|31|6|2|2|1|1|0|0|0|0|0|0|0,445
Arizona,SUV,PHEV,2040,0|0|0|0|0|0|1|2|5|9|16|31|49|61|52|43|92|73|40|24|4|1|1|1|0|0|0|0|0|0|0,505
Arizona,SUV,PHEV,2041,0|0|0|0|0|0|1|2|5|11|21|36|64|64|74|57|43|83|60|31|17|3|1|1|0|0|0|0|0|0|0,574
Arizona,SUV,PHEV,2042,0|0|0|0|0|0|1|2|6|13|25|45|73|83|78|82|57|39|69|46|22|12|2|1|1|0|0|0|0|0|0,657
Arizona,SUV,PHEV,2043,0|0|0|0|0|0|1|2|6|13|28|54|91|95|100|86|82|52|32|53|34|15|8|1|0|0|0|0|0|0|0,753
Arizona,SUV,PHEV,2044,0|0|0|0|0|0|1|2|6|13|29|60|109|118|114|111|86|74|43|25|38|23|10|5|1|0|0|0|0|0|0,868
Arizona,SUV,PHEV,2045,0|0|0|0|0|0|1|3|6|13|30|63|121|142|143|126|111|78|61|33|18|27|16|7|3|1|0|0|0|0|0,1003
Arizona,SUV,PHEV,2046,0|0|0|0|0|0|1|3|6|14|30|64|127|158|172|158|126|100|64|47|24|12|18|10|4|2|0|0|0|0|0,1140
Arizona,SUV,PHEV,2047,0|0|0|0|0|0|1|3|6|14|31|64|130|166|191|190|158|114|83|49|34|16|8|12|7|3|1|0|0|0|0,1281
Arizona,SUV,PHEV,2048,0|0|0|0|0|0|1|3|6|14|31|67|131|170|201|211|190|143|95|64|36|24|11|6|8|4|2|1|0|0|0,1419
Arizona,SUV,PHEV,2049,0|0|0|0|0|1|1|3|6|15|32|67|135|171|205|222|211|172|118|73|46|25|16|7|4|5|3|1|1|0|0,1540
Arizona,SUV,PHEV,2050,0|0|0|0|0|1|1|3|7|15|32|68|136|176|206|226|222|191|142|91|52|32|17|10|5|2|3|2|1|0|0,1641
Arkansas,Car,BEV,2020,0|0|0|0|0|0|0|0|0|0|0|0|0|0|0|0|0|0|0|0|0|0|0|0|0|0|0|0|0|0|0,0
Arkansas,Car,BEV,2021,0|0|0|0|0|0|0|0|0|0|0|0|0|0|0|0|0|0|0|0|0|0|0|0|0|0|0|0|0|0|0,0
Arkansas,Car,BEV,2022,0|0|0|0|0|0|0|0|0|0|0|0|0|0|0|0|0|0|0|0|0|0|0|0|0|0|0|0|0|0|0,0
Arkansas,Car,BEV,2023,0|0|0|0|0|0|0|0|0|0|0|0|0|0|0|0|0|0|0|0|0|0|0|0|0|0|0|0|0|0|0,0
Arkansas,Car,BEV,2024,0|0|0|0|0|0|0|0|0|0|0|0|0|0|0|0|0|0|0|0|0|0|0|0|0|0|0|0|0|0|0,0
Arkansas,Car,BEV,2025,0|0|0|0|0|0|0|0|0|0|0|0|0|0|0|0|0|0|0|0|0|0|0|0|0|0|0|0|0|0|0,0
Arkansas,Car,BEV,2026,0|0|0|0|0|0|0|0|0|0|0|0|0|0|0|0|0|0|0|0|0|0|0|0|0|0|0|0|0|0|0,0
Arkansas,Car,BEV,2027,0|0|0|0|0|0|0|0|0|0|0|0|0|0|0|0|0|0|0|0|0|0|0|0|0|0|0|0|0|0|0,0
Arkansas,Car,BEV,2028,0|0|0|0|0|0|0|0|0|0|0|0|0|0|0|0|0|0|0|0|0|0|0|0|0|0|0|0|0|0|0,0
Arkansas,Car,BEV,2029,0|0|0|0|0|0|0|0|0|0|0|1|0|0|0|0|0|0|0|0|0|0|0|0|0|0|0|0|0|0|0,1
Arkansas,Car,BEV,2030,0|0|0|0|0|0|0|0|0|0|0|1|2|0|0|0|0|0|0|0|0|0|0|0|0|0|0|0|0|0|0,3
Arkansas,Car,BEV,2031,0|0|0|0|0|0|0|0|0|0|1|1|2|2|0|0|0|0|0|0|0|0|0|0|0|0|0|0|0|0|0,6
Arkansas,Car,BEV,2032,0|0|0|0|0|0|0|0|0|1|1|1|1|2|3|0|0|0|0|0|0|0|0|0|0|0|0|0|0|0|0,9
Arkansas,Car,BEV,2033,0|0|0|0|0|0|0|1|1|0|1|2|3|2|3|3|0|0|0|0|0|0|0|0|0|0|0|0|0|0|0,16
Arkansas,Car,BEV,2034,0|0|0|0|0|0|0|1|2|3|1|3|5|3|2|3|3|0|0|0|0|0|0|0|0|0|0|0|0|0|0,26
Arkansas,Car,BEV,2035,0|0|0|0|0|0|0|1|2|4|6|2|5|6|4|2|3|3|0|0|0|0|0|0|0|0|0|0|0|0|0,38
Arkansas,Car,BEV,2036,0|0|0|0|0|0|1|1|3|5|9|14|4|7|8|4|2|3|2|0|0|0|0|0|0|0|0|0|0|0|0,63
Arkansas,Car,BEV,2037,0|0|0|0|0|0|1|1|3|6|11|19|29|6|8|8|4|2|2|2|0|0|0|0|0|0|0|0|0|0|0,102
Arkansas,Car,BEV,2038,0|0|0|0|0|0|1|2|3|7|14|24|38|38|7|9|8|4|2|2|1|0|0|0|0|0|0|0|0|0|0,160
Arkansas,Car,BEV,2039,0|0|0|0|0|0|1|2|4|8|16|30|50|50|45|7|9|8|3|1|1|1|0|0|0|0|0|0|0|0|0,236
Arkansas,Car,BEV,2040,0|0|0|0|0|0|1|2|4|9|19|35|61|65|60|50|7|8|6|3|1|1|1|0|0|0|0|0|0|0|0,333
Arkansas,Car,BEV,2041,0|0|0|0|0|0|1|2|5|10|20|41|73|80|78|66|50|7|7|5|2|1|1|0|0|0|0|0|0|0|0,449
Arkansas,Car,BEV,2042,0|0|0|0|0|0|1|2|5|11|22|44|84|95|96|87|66|45|6|5|3|1|0|0|0|0|0|0|0|0|0,573
Arkansas,Car,BEV,2043,0|0|0|0|0|0|1|3|6|12|26|49|90|109|114|106|87|60|38|4|4|2|1|0|0|0|0|0|0|0|0,712
Arkansas,Car,BEV,2044,0|0|0|0|0|1|1|3|6|13|28|57|100|118|132|126|106|78|50|29|3|3|2|1|0|0|0|0|0|0|0,857
Arkansas,Car,BEV,2045,0|0|0|0|0|1|1|3|7|14|30|61|117|131|142|146|126|96|65|38|21|2|2|1|0|0|0|0|0|0|0,1004
Arkansas,Car,BEV,2046,0|0|0|0|0|1|1|3|7|15|32|65|124|152|158|157|146|114|80|50|28|14|1|1|1|0|0|0|0|0|0,1150
Arkansas,Car,BEV,2047,0|0|0|0|0|1|1|3|8|16|34|70|132|162|184|175|157|132|95|61|36|19|10|1|1|0|0|0|0|0|0,1298
Arkansas,Car,BEV,2048,0|0|0|0|0|1|2|3|8|17|36|73|141|172|196|203|175|142|109|73|44|25|13|6|1|0|0|0|0|0|0,1440
Arkansas,Car,BEV,2049,0|0|0|0|0|1|2|4|8|18|38|78|148|184|209|217|203|158|118|84|53|31|17|8|4|0|0|0|0|0|0,1583
Arkansas,Car,BEV,2050,0|0|0|0|0|1|2|4|9|19|40|82|156|193|222|230|217|184|131|90|61|36|21|11|6|3|0|0|0|0|0,1718
Arkansas,Car,PHEV,2020,0|0|0|0|0|0|0|0|0|0|0|0|0|0|0|0|0|0|0|0|0|0|0|0|0|0|0|0|0|0|0,0
Arkansas,Car,PHEV,2021,0|0|0|0|0|0|0|0|0|0|0|0|0|0|0|0|0|0|0|0|0|0|0|0|0|0|0|0|0|0|0,0
Arkansas,Car,PHEV,2022,0|0|0|0|0|0|0|0|0|0|0|0|0|0|0|0|0|0|0|0|0|0|0|0|0|0|0|0|0|0|0,0
Arkansas,Car,PHEV,2023,0|0|0|0|0|0|0|0|0|0|0|0|0|0|0|0|0|0|0|0|0|0|0|0|0|0|0|0|0|0|0,0
Arkansas,Car,PHEV,2024,0|0|0|0|0|0|0|0|0|0|0|0|0|0|0|0|0|0|0|0|0|0|0|0|0|0|0|0|0|0|0,0
Arkansas,Car,PHEV,2025,0|0|0|0|0|0|0|0|0|0|0|0|0|0|0|0|0|0|0|0|0|0|0|0|0|0|0|0|0|0|0,0
Arkansas,Car,PHEV,2026,0|0|0|0|0|0|0|0|0|0|0|0|0|0|0|0|0|0|0|0|0|0|0|0|0|0|0|0|0|0|0,0
Arkansas,Car,PHEV,2027,0|0|0|0|0|0|0|0|0|0|0|0|0|1|0|0|0|0|0|0|0|0|0|0|0|0|0|0|0|0|0,1
Arkansas,Car,PHEV,2028,0|0|0|0|0|0|0|0|0|0|0|0|1|0|1|0|0|0|0|0|0|0|0|0|0|0|0|0|0|0|0,2
Arkansas,Car,PHEV,2029,0|0|0|0|0|0|0|0|0|0|0|0|1|1|0|1|0|0|0|0|0|0|0|0|0|0|0|0|0|0|0,3
Arkansas,Car,PHEV,2030,0|0|0|0|0|0|0|0|0|0|0|0|1|1|1|1|1|0|0|0|0|0|0|0|0|0|0|0|0|0|0,5
Arkansas,Car,PHEV,2031,0|0|0|0|0|0|0|0|0|0|0|0|0|1|1|1|1|1|0|0|0|0|0|0|0|0|0|0|0|0|0,5
Arkansas,Car,PHEV,2032,0|0|0|0|0|0|0|0|0|0|0|0|0|1|2|1|1|0|1|0|0|0|0|0|0|0|0|0|0|0|0,6
Arkansas,Car,PHEV,2033,0|0|0|0|0|0|0|0|0|0|0|0|1|1|1|2|1|1|0|0|0|0|0|0|0|0|0|0|0|0|0,7
Arkansas,Car,PHEV,2034,0|0|0|0|0|0|0|0|0|1|0|0|0|1|1|1|2|1|1|0|0|0|0|0|0|0|0|0|0|0|0,8
Arkansas,Car,PHEV,2035,0|0|0|0|0|0|0|0|0|1|1|0|0|1|1|1|1|2|1|1|0|0|0|0|0|0|0|0|0|0|0,10
Arkansas,Car,PHEV,2036,0|0|0|0|0|0|0|0|1|1|2|3|0|0|1|1|1|1|1|1|1|0|0|0|0|0|0|0|0|0|0,14
Arkansas,Car,PHEV,2037,0|0|0|0|0|0|0|0|1|1|3|4|6|0|0|1|1|1|1|1|1|0|0|0|0|0|0|0|0|0|0,21
Arkansas,Car,PHEV,2038,0|0|0|0|0|0|0|0|1|2|3|6|8|8|1|1|1|1|1|0|1|0|0|0|0|0|0|0|0|0|0,34
Arkansas,Car,PHEV,2039,0|0|0|0|0|0|0|0|1|2|4|6|12|11|10|1|1|1|1|0|0|1|0|0|0|0|0|0|0|0|0,51
Arkansas,Car,PHEV,2040,0|0|0|0|0|0|0|0|1|2|4|8|13|15|13|11|1|0|1|1|0|0|0|0|0|0|0|0|0|0|0,70
Arkansas,Car,PHEV,2041,0|0|0|0|0|0|0|0|1|2|5|8|16|16|19|15|11|1|0|0|1|0|0|0|0|0|0|0|0|0|0,95
Arkansas,Car,PHEV,2042,0|0|0|0|0|0|0|0|1|3|5|10|17|21|20|21|15|10|0|0|0|0|0|0|0|0|0|0|0|0|0,123
Arkansas,Car,PHEV,2043,0|0|0|0|0|0|0|1|1|3|6|11|20|23|25|22|21|13|8|0|0|0|0|0|0|0|0|0|0|0|0,154
Arkansas,Car,PHEV,2044,0|0|0|0|0|0|0|1|1|3|6|12|23|26|27|27|22|19|11|6|0|0|0|0|0|0|0|0|0|0|0,184
Arkansas,Car,PHEV,2045,0|0|0|0|0|0|0|1|1|3|6|13|25|30|32|30|27|20|15|8|5|0|0|0|0|0|0|0|0|0|0,216
Arkansas,Car,PHEV,2046,0|0|0|0|0|0|0|1|1|3|6|13|26|33|37|35|30|25|16|12|6|3|0|0|0|0|0|0|0|0|0,247
Arkansas,Car,PHEV,2047,0|0|0|0|0|0|0|1|1|3|6|13|26|34|40|41|35|27|21|13|9|4|2|0|0|0|0|0|0|0|0,276
Arkansas,Car,PHEV,2048,0|0|0|0|0|0|0|1|1|3|6|13|27|34|41|44|41|32|23|16|9|6|3|1|0|0|0|0|0|0|0,301
Arkansas,Car,PHEV,2049,0|0|0|0|0|0|0|1|1|3|6|13|27|35|41|45|44|37|26|17|11|6|4|2|1|0|0|0|0|0|0,320
Arkansas,Car,PHEV,2050,0|0|0|0|0|0|0|1|1|3|6|14|27|35|42|46|45|40|30|20|12|8|4|3|1|1|0|0|0|0|0,339
Arkansas,SUV,BEV,2020,0|0|0|0|0|0|0|0|0|0|0|0|0|0|0|0|0|0|0|0|0|0|0|0|0|0|0|0|0|0|0,0
Arkansas,SUV,BEV,2021,0|0|0|0|0|0|0|0|0|0|0|0|0|0|0|0|0|0|0|0|0|0|0|0|0|0|0|0|0|0|0,0
Arkansas,SUV,BEV,2022,0|0|0|0|0|0|0|0|0|0|0|0|0|0|0|0|0|0|0|0|0|0|0|0|0|0|0|0|0|0|0,0
Arkansas,SUV,BEV,2023,0|0|0|0|0|0|0|0|0|0|0|0|0|0|0|0|0|0|0|0|0|0|0|0|0|0|0|0|0|0|0,0
Arkansas,SUV,BEV,2024,0|0|0|0|0|0|0|0|0|0|0|0|0|0|0|0|0|0|0|0|0|0|0|0|0|0|0|0|0|0|0,0
Arkansas,SUV,BEV,2025,0|0|0|0|0|0|0|0|0|0|0|0|0|0|0|0|0|0|0|0|0|0|0|0|0|0|0|0|0|0|0,0
Arkansas,SUV,BEV,2026,0|0|0|0|0|0|0|0|0|0|0|0|0|0|0|0|0|0|0|0|0|0|0|0|0|0|0|0|0|0|0,0
Arkansas,SUV,BEV,2027,0|0|0|0|0|0|0|0|0|0|0|0|0|0|0|0|0|0|0|0|0|0|0|0|0|0|0|0|0|0|0,0
Arkansas,SUV,BEV,2028,0|0|0|0|0|0|0|0|0|0|0|0|0|0|0|0|0|0|0|0|0|0|0|0|0|0|0|0|0|0|0,0
Arkansas,SUV,BEV,2029,0|0|0|0|0|0|0|0|0|0|0|0|0|0|0|0|0|0|0|0|0|0|0|0|0|0|0|0|0|0|0,0
Arkansas,SUV,BEV,2030,0|0|0|0|0|0|0|0|0|0|0|0|0|0|0|0|0|0|0|0|0|0|0|0|0|0|0|0|0|0|0,0
Arkansas,SUV,BEV,2031,0|0|0|0|0|0|0|0|1|1|1|1|0|0|0|0|0|0|0|0|0|0|0|0|0|0|0|0|0|0|0,4
Arkansas,SUV,BEV,2032,0|0|0|0|0|0|0|1|1|1|2|2|1|0|1|0|0|0|0|0|0|0|0|0|0|0|0|0|0|0|0,9
Arkansas,SUV,BEV,2033,0|0|0|0|0|0|1|1|2|2|3|4|4|2|1|1|0|0|0|0|0|0|0|0|0|0|0|0|0|0|0,21
Arkansas,SUV,BEV,2034,0|0|0|0|0|0|1|1|2|4|4|6|9|5|2|1|1|0|0|0|0|0|0|0|0|0|0|0|0|0|0,36
Arkansas,SUV,BEV,2035,0|0|0|0|0|0|1|2|3|6|10|8|13|11|6|2|1|1|0|0|0|0|0|0|0|0|0|0|0|0|0,64
Arkansas,SUV,BEV,2036,0|0|0|0|0|0|1|2|4|7|13|21|16|17|14|7|2|1|0|0|0|0|0|0|0|0|0|0|0|0|0,105
Arkansas,SUV,BEV,2037,0|0|0|0|0|0|1|2|5|9|17|28|44|21|21|15|7|2|0|0|0|0|0|0|0|0|0|0|0|0|0,172
Arkansas,SUV,BEV,2038,0|0|0|0|0|1|1|3|6|11|22|38|59|57|26|23|15|6|2|0|0|0|0|0|0|0|0|0|0|0|0,270
Arkansas,SUV,BEV,2039,0|0|0|0|0|1|1|3|6|13|26|47|77|76|69|29|23|14|5|1|0|0|0|0|0|0|0|0|0|0|0,391
Arkansas,SUV,BEV,2040,0|0|0|0|0|1|2|4|7|15|31|57|97|101|92|76|29|21|11|4|1|0|0|0|0|0|0|0|0|0|0,549
Arkansas,SUV,BEV,2041,0|0|0|0|0|1|2|4|9|17|34|67|117|127|122|102|76|26|17|9|3|1|0|0|0|0|0|0|0|0|0,734
Arkansas,SUV,BEV,2042,0|0|0|0|0|1|2|4|9|20|39|74|138|153|153|135|102|69|21|13|6|2|0|0|0|0|0|0|0|0|0,941
Arkansas,SUV,BEV,2043,0|0|0|0|0|1|2|5|10|22|46|85|152|180|185|169|135|92|57|16|10|4|1|0|0|0|0|0|0|0|0,1172
Arkansas,SUV,BEV,2044,0|0|0|0|0|1|2|5|11|24|51|101|173|199|218|204|169|122|76|44|12|7|3|1|0|0|0|0|0|0|0,1423
Arkansas,SUV,BEV,2045,0|0|0|0|0|1|2|6|12|27|55|110|206|226|240|241|204|153|101|59|32|8|5|2|1|0|0|0|0|0|0,1691
Arkansas,SUV,BEV,2046,0|0|0|0|0|1|3|6|13|28|60|119|225|269|273|265|241|185|127|77|42|22|6|3|1|0|0|0|0|0|0,1966
Arkansas,SUV,BEV,2047,0|0|0|0|0|1|3|6|14|30|64|129|243|293|325|302|265|218|153|97|56|29|15|4|2|1|0|0|0|0|0,2250
Arkansas,SUV,BEV,2048,0|0|0|0|0|1|3|6|15|32|68|137|262|317|355|359|302|240|180|117|70|39|20|10|2|1|1|0|0|0|0,2537
Arkansas,SUV,BEV,2049,0|0|0|0|0|1|3|7|15|34|71|145|278|341|384|392|359|273|199|138|85|49|26|13|6|2|1|0|0|0|0,2822
Arkansas,SUV,BEV,2050,0|0|0|0|1|1|3|7|16|34|75|153|293|362|413|424|392|325|226|152|100|59|33|17|8|4|1|1|0|0|0,3100
Arkansas,SUV,PHEV,2020,0|0|0|0|0|0|0|0|0|0|0|0|0|0|0|0|0|0|0|0|0|0|0|0|0|0|0|0|0|0|0,0
Arkansas,SUV,PHEV,2021,0|0|0|0|0|0|0|0|0|0|0|0|0|0|0|0|0|0|0|0|0|0|0|0|0|0|0|0|0|0|0,0
Arkansas,SUV,PHEV,2022,0|0|0|0|0|0|0|0|0|0|0|0|0|0|0|0|0|0|0|0|0|0|0|0|0|0|0|0|0|0|0,0
Arkansas,SUV,PHEV,2023,0|0|0|0|0|0|0|0|0|0|0|0|0|0|0|0|0|0|0|0|0|0|0|0|0|0|0|0|0|0|0,0
Arkansas,SUV,PHEV,2024,0|0|0|0|0|0|0|0|0|0|0|0|0|0|0|0|0|0|0|0|0|0|0|0|0|0|0|0|0|0|0,0
Arkansas,SUV,PHEV,2025,0|0|0|0|0|0|0|0|0|0|0|0|0|0|0|0|0|0|0|0|0|0|0|0|0|0|0|0|0|0|0,0
Arkansas,SUV,PHEV,2026,0|0|0|0|0|0|0|0|0|0|0|0|0|0|0|0|0|0|0|0|0|0|0|0|0|0|0|0|0|0|0,0
Arkansas,SUV,PHEV,2027,0|0|0|0|0|0|0|0|0|0|0|0|0|0|0|0|0|0|0|0|0|0|0|0|0|0|0|0|0|0|0,0
Arkansas,SUV,PHEV,2028,0|0|0|0|0|0|0|0|0|0|0|0|0|0|0|0|0|0|0|0|0|0|0|0|0|0|0|0|0|0|0,0
Arkansas,SUV,PHEV,2029,0|0|0|0|0|0|0|0|0|0|0|0|0|0|0|0|0|0|0|0|0|0|0|0|0|0|0|0|0|0|0,0
Arkansas,SUV,PHEV,2030,0|0|0|0|0|0|0|0|0|0|0|0|0|0|0|0|0|0|0|0|0|0|0|0|0|0|0|0|0|0|0,0
Arkansas,SUV,PHEV,2031,0|0|0|0|0|0|0|0|0|0|1|0|0|0|0|0|0|0|0|0|0|0|0|0|0|0|0|0|0|0|0,1
Arkansas,SUV,PHEV,2032,0|0|0|0|0|0|0|0|0|1|1|1|0|0|0|0|0|0|0|0|0|0|0|0|0|0|0|0|0|0|0,3
Arkansas,SUV,PHEV,2033,0|0|0|0|0|0|0|0|0|1|1|2|3|1|0|0|0|0|0|0|0|0|0|0|0|0|0|0|0|0|0,8
Arkansas,SUV,PHEV,2034,0|0|0|0|0|0|0|0|1|1|1|3|4|3|1|0|0|0|0|0|0|0|0|0|0|0|0|0|0|0|0,14
Arkansas,SUV,PHEV,2035,0|0|0|0|0|0|0|0|1|1|2|3|6|5|4|1|0|0|0|0|0|0|0|0|0|0|0|0|0|0|0,23
Arkansas,SUV,PHEV,2036,0|0|0|0|0|0|0|0|1|2|3|5|6|7|6|5|1|0|0|0|0|0|0|0|0|0|0|0|0|0|0,36
Arkansas,SUV,PHEV,2037,0|0|0|0|0|0|0|0|1|2|4|6|9|8|9|6|5|1|0|0|0|0|0|0|0|0|0|0|0|0|0,51
Arkansas,SUV,PHEV,2038,0|0|0|0|0|0|0|1|1|3|4|9|13|12|10|10|6|4|1|0|0|0|0|0|0|0|0|0|0|0|0,74
Arkansas,SUV,PHEV,2039,0|0|0|0|0|0|0|1|1|3|6|10|19|17|15|11|10|6|3|0|0|0|0|0|0|0|0|0|0|0|0,102
Arkansas,SUV,PHEV,2040,0|0|0|0|0|0|0|1|2|3|6|13|20|24|20|16|11|9|5|3|0|0|0|0|0|0|0|0|0|0|0,133
Arkansas,SUV,PHEV,2041,0|0|0|0|0|0|0|1|2|4|8|14|26|26|29|22|16|10|7|4|2|0|0|0|0|0|0|0|0|0|0,171
Arkansas,SUV,PHEV,2042,0|0|0|0|0|0|0|1|2|4|9|17|29|33|31|32|22|15|8|6|3|1|0|0|0|0|0|0|0|0|0,213
Arkansas,SUV,PHEV,2043,0|0|0|0|0|0|0|1|2|5|10|20|34|38|40|35|32|20|12|6|4|2|1|0|0|0|0|0|0|0|0,262
Arkansas,SUV,PHEV,2044,0|0|0|0|0|0|0|1|2|5|11|22|41|45|46|45|35|29|17|9|5|3|1|1|0|0|0|0|0|0|0,318
Arkansas,SUV,PHEV,2045,0|0|0|0|0|0|0|1|2|5|11|23|45|53|54|50|45|31|24|13|7|3|2|1|0|0|0|0|0|0|0,370
Arkansas,SUV,PHEV,2046,0|0|0|0|0|0|0|1|2|5|11|24|48|59|64|60|50|40|26|19|9|5|2|1|1|0|0|0|0|0|0,427
Arkansas,SUV,PHEV,2047,0|0|0|0|0|0|0|1|2|5|12|24|49|62|72|71|60|46|33|20|13|6|3|1|1|0|0|0|0|0|0,481
Arkansas,SUV,PHEV,2048,0|0|0|0|0|0|0|1|2|5|12|25|49|63|75|79|71|54|38|26|14|9|4|2|1|1|0|0|0|0|0,531
Arkansas,SUV,PHEV,2049,0|0|0|0|0|0|0|1|2|6|12|25|50|64|77|83|79|64|45|29|19|10|6|3|1|1|0|0|0|0|0,577
Arkansas,SUV,PHEV,2050,0|0|0|0|0|0|0|1|3|5|12|25|50|65|78|85|83|72|53|34|21|13|7|4|2|1|0|0|0|0|0,614
California,Car,BEV,2020,0|0|0|0|0|0|0|0|0|0|0|0|0|0|0|0|0|0|0|0|0|0|0|0|0|0|0|0|0|0|0,0
California,Car,BEV,2021,0|0|0|0|0|0|1|2|0|0|0|0|0|0|0|0|0|0|0|0|0|0|0|0|0|0|0|0|0|0|0,3
California,Car,BEV,2022,0|0|0|0|0|0|1|3|6|0|0|0|0|0|0|0|0|0|0|0|0|0|0|0|0|0|0|0|0|0|0,10
California,Car,BEV,2023,0|0|0|0|1|1|1|3|7|15|0|0|0|0|0|0|0|0|0|0|0|0|0|0|0|0|0|0|0|0|0,28
California,Car,BEV,2024,0|0|0|0|0|1|4|3|7|17|36|0|0|0|0|0|0|0|0|0|0|0|0|0|0|0|0|0|0|0|0,68
California,Car,BEV,2025,0|0|0|0|1|1|4|9|7|17|40|81|0|0|0|0|0|0|0|0|0|0|0|0|0|0|0|0|0|0|0,160
California,Car,BEV,2026,0|0|0|0|1|1|2|9|22|17|39|90|172|0|0|0|0|0|0|0|0|0|0|0|0|0|0|0|0|0|0,353
California,Car,BEV,2027,0|0|0|0|1|2|3|6|22|52|39|86|187|224|0|0|0|0|0|0|0|0|0|0|0|0|0|0|0|0|0,622
California,Car,BEV,2028,0|0|0|0|1|2|5|8|14|53|119|85|178|244|271|0|0|0|0|0|0|0|0|0|0|0|0|0|0|0|0,980
California,Car,BEV,2029,0|0|0|1|1|2|6|13|20|34|121|262|176|233|295|299|0|0|0|0|0|0|0|0|0|0|0|0|0|0|0,1463
California,Car,BEV,2030,0|0|0|1|2|2|5|14|31|48|77|265|541|230|281|326|299|0|0|0|0|0|0|0|0|0|0|0|0|0|0,2122
California,Car,BEV,2031,0|0|1|1|3|6|5|11|34|72|110|168|546|705|278|311|326|271|0|0|0|0|0|0|0|0|0|0|0|0|0,2848
California,Car,BEV,2032,0|0|1|2|4|8|16|12|27|80|165|241|345|711|852|307|311|295|224|0|0|0|0|0|0|0|0|0|0|0|0,3601
California,Car,BEV,2033,0|0|1|2|4|10|20|40|28|64|183|361|495|450|860|942|307|281|244|172|0|0|0|0|0|0|0|0|0|0|0,4464
California,Car,BEV,2034,0|0|1|2|5|11|24|48|97|63|144|399|740|645|544|950|942|278|233|187|124|0|0|0|0|0|0|0|0|0|0,5437
California,Car,BEV,2035,0|0|1|2|5|13|28|60|117|228|141|311|816|964|780|601|950|852|230|178|135|86|0|0|0|0|0|0|0|0|0,6498
California,Car,BEV,2036,0|0|1|2|6|13|32|70|144|275|520|302|633|1065|1166|862|601|860|705|176|129|94|58|0|0|0|0|0|0|0|0,7714
California,Car,BEV,2037,0|0|1|2|6|14|34|79|168|339|627|1132|608|825|1287|1288|862|544|711|541|127|90|63|38|0|0|0|0|0|0|0,9386
California,Car,BEV,2038,0|0|1|2|6|15|36|83|190|392|770|1364|2315|792|997|1422|1288|780|450|546|391|88|60|42|25|0|0|0|0|0|0,12055
California,Car,BEV,2039,0|0|1|3|7|16|39|90|201|448|890|1674|2790|3019|958|1102|1422|1166|645|345|395|271|59|40|27|16|0|0|0|0|0,15624
California,Car,BEV,2040,0|0|1|3|7|18|41|96|217|474|1021|1932|3423|3638|3650|1058|1102|1287|964|495|250|274|183|39|26|18|10|0|0|0|0,20227
California,Car,BEV,2041,0|0|1|3|8|19|44|102|231|510|1082|2224|3945|4464|4399|4032|1058|997|1065|740|358|173|184|120|26|17|11|7|0|0|0,25820
California,Car,BEV,2042,0|0|1|3|8|21|47|109|246|543|1159|2359|4552|5144|5397|4859|4032|958|825|816|535|248|117|122|78|16|11|7|4|0|0,32217
California,Car,BEV,2043,0|0|1|3|9|21|52|115|263|578|1235|2522|4830|5935|6220|5962|4859|3650|792|633|591|371|167|77|79|51|11|7|5|3|0,39042
California,Car,BEV,2044,0|0|1|4|9|22|53|125|274|618|1314|2685|5156|6298|7176|6870|5962|4399|3019|608|458|410|250|110|50|51|32|7|4|3|2,45970
California,Car,BEV,2045,0|0|1|4|10|24|56|127|293|636|1401|2855|5484|6723|7615|7927|6870|5397|3638|2315|440|317|276|165|72|32|33|21|4|3|5,52744
California,Car,BEV,2046,0|0|1|4|10|24|58|133|298|671|1430|3036|5829|7150|8129|8411|7927|6220|4464|2790|1675|305|214|182|107|46|21|21|13|3|5,59177
California,Car,BEV,2047,0|0|1|4|10|25|60|139|311|680|1487|3076|6185|7600|8646|8979|8411|7176|5144|3423|2019|1161|205|141|118|69|30|13|13|8|5,65139
California,Car,BEV,2048,0|0|1|4|10|26|62|144|325|707|1504|3161|6229|8064|9190|9550|8979|7615|5935|3945|2477|1400|782|135|92|76|44|19|8|9|8,70501
California,Car,BEV,2049,0|0|1|4|11|27|65|149|335|737|1559|3194|6338|8121|9751|10151|9550|8129|6298|4552|2854|1717|942|516|88|59|49|28|12|5|15,75257
California,Car,BEV,2050,0|0|1|4|11|27|66|155|348|758|1620|3296|6397|8264|9820|10770|10151|8646|6723|4830|3293|1979|1156|622|336|57|38|31|18|8|13,79438
California,Car,PHEV,2020,0|0|0|0|0|0|0|0|0|0|0|0|0|0|0|0|0|0|0|0|0|0|0|0|0|0|0|0|0|0|0,0
California,Car,PHEV,2021,0|0|0|0|0|0|1|2|0|0|0|0|0|0|0|0|0|0|0|0|0|0|0|0|0|0|0|0|0|0|0,3
California,Car,PHEV,2022,0|0|0|0|0|1|1|2|6|0|0|0|0|0|0|0|0|0|0|0|0|0|0|0|0|0|0|0|0|0|0,10
California,Car,PHEV,2023,0|0|0|0|0|1|1|3|4|15|0|0|0|0|0|0|0|0|0|0|0|0|0|0|0|0|0|0|0|0|0,24
California,Car,PHEV,2024,0|0|0|0|0|1|2|4|7|11|35|0|0|0|0|0|0|0|0|0|0|0|0|0|0|0|0|0|0|0|0,60
California,Car,PHEV,2025,0|0|0|0|0|0|2|6|9|16|26|80|0|0|0|0|0|0|0|0|0|0|0|0|0|0|0|0|0|0|0,139
California,Car,PHEV,2026,0|0|0|0|0|0|1|4|14|22|38|57|169|0|0|0|0|0|0|0|0|0|0|0|0|0|0|0|0|0|0,305
California,Car,PHEV,2027,0|0|0|0|0|0|1|2|10|33|52|84|119|220|0|0|0|0|0|0|0|0|0|0|0|0|0|0|0|0|0,521
California,Car,PHEV,2028,0|0|0|0|0|0|0|2|4|23|76|114|175|156|266|0|0|0|0|0|0|0|0|0|0|0|0|0|0|0|0,816
California,Car,PHEV,2029,0|0|0|0|0|0|0|1|4|10|53|167|235|228|188|294|0|0|0|0|0|0|0|0|0|0|0|0|0|0|0,1180
California,Car,PHEV,2030,0|0|0|0|1|1|1|1|3|11|23|115|343|307|276|208|294|0|0|0|0|0|0|0|0|0|0|0|0|0|0,1584
California,Car,PHEV,2031,0|0|0|0|1|1|1|2|3|6|24|50|237|448|371|305|208|266|0|0|0|0|0|0|0|0|0|0|0|0|0,1923
California,Car,PHEV,2032,0|0|0|0|1|2|3|3|4|6|13|52|102|310|541|410|305|188|220|0|0|0|0|0|0|0|0|0|0|0|0,2160
California,Car,PHEV,2033,0|0|0|0|1|2|5|8|6|8|12|28|105|133|374|598|410|276|156|169|0|0|0|0|0|0|0|0|0|0|0,2291
California,Car,PHEV,2034,0|0|0|0|1|2|5|12|20|11|17|25|56|137|160|413|598|371|228|119|122|0|0|0|0|0|0|0|0|0|0,2297
California,Car,PHEV,2035,0|0|0|0|1|2|6|12|27|45|22|33|48|73|166|177|413|541|307|175|86|85|0|0|0|0|0|0|0|0|0,2219
California,Car,PHEV,2036,0|0|0|0|1|2|6|14|28|62|100|40|60|63|88|184|177|374|448|235|127|60|57|0|0|0|0|0|0|0|0,2126
California,Car,PHEV,2037,0|0|0|0|1|3|6|14|33|64|139|214|71|79|76|97|184|160|310|343|170|88|40|38|0|0|0|0|0|0|0,2130
California,Car,PHEV,2038,0|0|0|0|1|3|7|15|34|75|142|296|431|93|95|84|97|166|133|237|248|118|59|27|24|0|0|0|0|0|0,2385
California,Car,PHEV,2039,0|0|0|0|1|3|8|17|37|79|169|302|597|562|112|105|84|88|137|102|172|172|79|39|17|16|0|0|0|0|0,2898
California,Car,PHEV,2040,0|0|0|1|1|3|8|19|42|89|180|363|609|778|679|124|105|76|73|105|74|119|116|52|25|11|10|0|0|0|0,3662
California,Car,PHEV,2041,0|0|0|1|1|3|8|19|46|100|204|392|736|794|941|750|124|95|63|56|76|51|80|76|34|16|7|6|0|0|0,4679
California,Car,PHEV,2042,0|0|0|1|1|4|8|20|46|108|230|446|804|959|960|1039|750|112|79|48|40|53|34|53|50|22|11|5|4|0|0,5887
California,Car,PHEV,2043,0|0|0|1|1|4|9|20|47|110|248|503|916|1048|1160|1061|1039|679|93|60|35|28|36|23|34|32|14|7|3|3|0,7214
California,Car,PHEV,2044,0|0|0|1|1|4|9|21|47|112|251|541|1034|1195|1267|1281|1061|941|562|71|44|24|19|23|15|22|21|9|4|2|2,8584
California,Car,PHEV,2045,0|0|0|1|2|4|9|21|50|111|255|549|1109|1348|1445|1400|1281|960|778|431|52|30|16|12|15|10|14|13|6|3|4,9929
California,Car,PHEV,2046,0|0|0|1|2|4|9|21|49|114|250|554|1124|1447|1630|1596|1400|1160|794|597|312|36|20|11|8|10|6|9|8|4|4,11180
California,Car,PHEV,2047,0|0|0|1|2|4|10|22|49|112|252|538|1133|1466|1749|1801|1596|1267|959|609|432|216|24|13|7|5|6|4|6|5|5,12293
California,Car,PHEV,2048,0|0|0|1|2|4|10|23|51|111|246|535|1092|1478|1773|1932|1801|1445|1048|736|441|299|145|16|9|5|3|4|2|4|7,13223
California,Car,PHEV,2049,0|0|0|1|2|4|10|23|52|115|244|521|1071|1424|1787|1958|1932|1630|1195|804|532|306|202|96|10|6|3|2|3|2|8,13943
California,Car,PHEV,2050,0|0|0|0|1|4|10|24|54|116|250|514|1039|1396|1722|1974|1958|1749|1348|916|582|369|206|133|62|7|4|2|1|2|5,14448
California,SUV,BEV,2020,0|0|0|0|0|0|0|0|0|0|0|0|0|0|0|0|0|0|0|0|0|0|0|0|0|0|0|0|0|0|0,0
California,SUV,BEV,2021,0|0|0|0|0|0|0|0|0|0|0|0|0|0|0|0|0|0|0|0|0|0|0|0|0|0|0|0|0|0|0,0
California,SUV,BEV,2022,0|0|0|0|0|0|1|1|1|0|0|0|0|0|0|0|0|0|0|0|0|0|0|0|0|0|0|0|0|0|0,3
California,SUV,BEV,2023,0|0|0|0|0|0|1|1|2|2|0|0|0|0|0|0|0|0|0|0|0|0|0|0|0|0|0|0|0|0|0,6
California,SUV,BEV,2024,0|0|0|0|0|0|1|3|4|4|6|0|0|0|0|0|0|0|0|0|0|0|0|0|0|0|0|0|0|0|0,18
California,SUV,BEV,2025,0|0|0|0|1|1|1|2|7|9|10|13|0|0|0|0|0|0|0|0|0|0|0|0|0|0|0|0|0|0|0,44
California,SUV,BEV,2026,0|0|0|1|1|2|2|3|6|17|20|22|27|0|0|0|0|0|0|0|0|0|0|0|0|0|0|0|0|0|0,101
California,SUV,BEV,2027,0|0|0|1|2|3|5|6|7|14|39|44|46|36|0|0|0|0|0|0|0|0|0|0|0|0|0|0|0|0|0,203
California,SUV,BEV,2028,0|0|0|1|2|6|9|13|14|16|32|86|92|60|43|0|0|0|0|0|0|0|0|0|0|0|0|0|0|0|0,374
California,SUV,BEV,2029,0|0|0|1|2|6|14|22|31|34|36|71|178|120|72|48|0|0|0|0|0|0|0|0|0|0|0|0|0|0|0,635
California,SUV,BEV,2030,0|0|0|1|2|6|16|35|53|72|77|79|146|232|146|80|48|0|0|0|0|0|0|0|0|0|0|0|0|0|0,993
California,SUV,BEV,2031,0|0|0|1|2|5|15|39|85|125|166|169|163|191|281|161|80|43|0|0|0|0|0|0|0|0|0|0|0|0|0,1526
California,SUV,BEV,2032,0|0|0|1|3|6|13|37|95|202|286|363|347|212|230|310|161|72|36|0|0|0|0|0|0|0|0|0|0|0|0,2374
California,SUV,BEV,2033,0|0|1|1|3|8|16|32|89|225|462|627|746|452|257|255|310|146|60|27|0|0|0|0|0|0|0|0|0|0|0,3717
California,SUV,BEV,2034,0|0|1|2|4|9|19|39|78|210|516|1012|1290|973|547|283|255|281|120|46|20|0|0|0|0|0|0|0|0|0|0,5705
California,SUV,BEV,2035,0|0|1|2|5|11|22|48|94|183|481|1129|2081|1681|1177|604|283|230|232|92|33|14|0|0|0|0|0|0|0|0|0,8403
California,SUV,BEV,2036,0|0|1|2|5|12|27|56|116|222|419|1052|2320|2714|2033|1300|604|257|191|178|67|23|9|0|0|0|0|0|0|0|0,11608
California,SUV,BEV,2037,0|0|1|3|6|14|30|67|135|274|508|916|2160|3025|3281|2246|1300|547|212|146|129|46|15|6|0|0|0|0|0|0|0,15067
California,SUV,BEV,2038,0|0|1|3|7|16|35|75|161|319|626|1109|1879|2816|3657|3625|2246|1177|452|163|106|89|31|10|4|0|0|0|0|0|0,18607
California,SUV,BEV,2039,0|0|1|3|7|18|40|85|179|379|727|1365|2272|2450|3406|4040|3625|2033|973|347|118|73|60|21|7|3|0|0|0|0|0,22232
California,SUV,BEV,2040,0|0|1|3|7|19|45|97|203|418|862|1583|2795|2962|2962|3762|4040|3281|1681|746|251|82|49|40|13|4|2|0|0|0|0,25908
California,SUV,BEV,2041,0|0|1|3|8|19|48|108|228|469|945|1873|3239|3644|3581|3272|3762|3657|2714|1290|540|174|55|33|26|9|3|1|0|0|0,29702
California,SUV,BEV,2042,0|0|1|3|8|20|49|116|254|525|1051|2040|3822|4223|4407|3956|3272|3406|3025|2081|933|374|117|36|21|17|6|2|1|0|0,33766
California,SUV,BEV,2043,0|0|1|3|9|22|51|119|275|584|1171|2257|4145|4983|5106|4868|3956|2962|2816|2320|1506|647|252|77|24|14|11|4|1|0|0,38184
California,SUV,BEV,2044,0|0|1|3|9|23|54|124|283|635|1300|2503|4565|5404|6026|5640|4868|3581|2450|2160|1678|1044|435|166|50|15|9|7|2|1|0,43036
California,SUV,BEV,2045,0|0|1|3|9|24|57|132|295|656|1421|2777|5048|5952|6535|6656|5640|4407|2962|1879|1563|1164|703|287|108|32|10|6|4|1|1,48333
California,SUV,BEV,2046,0|0|1|4|9|24|59|138|313|686|1475|3049|5596|6582|7197|7218|6656|5106|3644|2272|1359|1084|783|464|187|70|21|6|4|3|2,54012
California,SUV,BEV,2047,0|0|1|4|10|25|60|142|326|722|1541|3173|6165|7297|7958|7949|7218|6026|4223|2795|1644|943|729|517|302|121|45|13|4|2|3,59958
California,SUV,BEV,2048,0|0|1|4|10|25|61|144|336|750|1617|3315|6428|8038|8823|8790|7949|6535|4983|3239|2022|1140|634|481|336|195|77|29|8|3|5,65978
California,SUV,BEV,2049,0|0|1|4|11|27|63|148|340|772|1675|3466|6715|8382|9719|9746|8790|7197|5404|3822|2343|1402|767|419|313|217|125|50|18|5|4,71945
California,SUV,BEV,2050,0|0|1|4|11|28|66|153|347|780|1720|3582|6999|8755|10135|10736|9746|7958|5952|4145|2765|1625|944|506|273|202|139|80|32|12|6,77702
California,SUV,PHEV,2020,0|0|0|0|0|0|0|0|0|0|0|0|0|0|0|0|0|0|0|0|0|0|0|0|0|0|0|0|0|0|0,0
California,SUV,PHEV,2021,0|0|0|0|0|0|0|0|0|0|0|0|0|0|0|0|0|0|0|0|0|0|0|0|0|0|0|0|0|0|0,0
California,SUV,PHEV,2022,0|0|0|0|0|0|0|1|1|0|0|0|0|0|0|0|0|0|0|0|0|0|0|0|0|0|0|0|0|0|0,2
California,SUV,PHEV,2023,0|0|0|0|0|0|0|1|2|3|0|0|0|0|0|0|0|0|0|0|0|0|0|0|0|0|0|0|0|0|0,6
California,SUV,PHEV,2024,0|0|0|0|0|0|1|1|2|4|7|0|0|0|0|0|0|0|0|0|0|0|0|0|0|0|0|0|0|0|0,15
California,SUV,PHEV,2025,0|0|0|0|0|0|1|2|3|6|11|16|0|0|0|0|0|0|0|0|0|0|0|0|0|0|0|0|0|0|0,39
California,SUV,PHEV,2026,0|0|0|0|0|1|1|2|4|8|14|24|33|0|0|0|0|0|0|0|0|0|0|0|0|0|0|0|0|0|0,87
California,SUV,PHEV,2027,0|0|0|0|0|1|2|2|4|10|18|32|49|44|0|0|0|0|0|0|0|0|0|0|0|0|0|0|0|0|0,162
California,SUV,PHEV,2028,0|0|0|0|0|1|2|5|4|10|22|39|65|64|53|0|0|0|0|0|0|0|0|0|0|0|0|0|0|0|0,265
California,SUV,PHEV,2029,0|0|0|0|0|1|3|5|13|11|23|48|81|85|78|58|0|0|0|0|0|0|0|0|0|0|0|0|0|0|0,406
California,SUV,PHEV,2030,0|0|0|0|0|1|3|8|12|30|24|50|99|106|103|86|58|0|0|0|0|0|0|0|0|0|0|0|0|0|0,580
California,SUV,PHEV,2031,0|0|0|0|1|1|3|8|19|28|68|53|103|130|128|114|86|53|0|0|0|0|0|0|0|0|0|0|0|0|0,795
California,SUV,PHEV,2032,0|0|0|0|1|1|3|7|19|44|64|150|108|134|157|142|114|78|44|0|0|0|0|0|0|0|0|0|0|0|0,1066
California,SUV,PHEV,2033,0|0|0|0|1|1|3|6|18|45|101|140|308|141|162|173|142|103|64|33|0|0|0|0|0|0|0|0|0|0|0,1441
California,SUV,PHEV,2034,0|0|0|0|1|2|4|8|15|42|104|221|288|401|171|179|173|128|85|49|24|0|0|0|0|0|0|0|0|0|0,1895
California,SUV,PHEV,2035,0|0|0|0|1|2|4|9|20|34|95|226|454|376|485|189|179|157|106|65|36|17|0|0|0|0|0|0|0|0|0,2455
California,SUV,PHEV,2036,0|0|0|0|1|2|5|11|21|47|78|207|463|592|454|536|189|162|130|81|47|25|11|0|0|0|0|0|0|0|0,3062
California,SUV,PHEV,2037,0|0|0|0|1|3|6|13|26|49|107|168|422|604|715|502|536|171|134|99|59|33|17|7|0|0|0|0|0|0|0,3672
California,SUV,PHEV,2038,0|0|0|0|1|3|7|15|30|61|111|232|342|551|731|790|502|485|141|103|72|41|22|11|5|0|0|0|0|0|0,4256
California,SUV,PHEV,2039,0|0|0|0|1|4|8|18|36|70|138|240|473|446|666|807|790|454|401|108|74|50|27|15|7|3|0|0|0|0|0,4836
California,SUV,PHEV,2040,0|0|0|0|1|3|9|19|43|83|158|298|489|617|539|735|807|715|376|308|78|51|34|18|9|5|2|0|0|0|0,5397
California,SUV,PHEV,2041,0|0|0|0|1|3|9|21|46|98|186|341|606|637|746|596|735|731|592|288|223|54|35|22|12|6|3|1|0|0|0,5992
California,SUV,PHEV,2042,0|0|0|0|1|3|8|21|50|106|218|399|692|790|771|825|596|666|604|454|209|154|37|23|14|8|4|2|1|0|0,6656
California,SUV,PHEV,2043,0|0|0|1|1|4|8|21|50|114|237|467|808|903|955|851|825|539|551|463|328|145|104|24|15|9|5|3|1|1|0,7433
California,SUV,PHEV,2044,0|0|0|1|1|3|9|21|50|117|254|509|941|1054|1091|1055|851|746|446|422|335|228|97|69|16|10|6|3|2|1|0,8338
California,SUV,PHEV,2045,0|0|0|1|1|4|9|21|49|115|262|543|1028|1227|1274|1206|1055|771|617|342|306|232|153|64|45|10|6|4|2|1|1,9349
California,SUV,PHEV,2046,0|0|0|1|1|4|9|21|51|115|259|563|1094|1341|1483|1408|1206|955|637|473|248|212|156|101|42|29|7|4|2|1|2,10425
California,SUV,PHEV,2047,0|0|0|1|2|4|9|22|50|117|258|558|1140|1426|1621|1639|1408|1091|790|489|343|172|143|103|66|27|18|4|3|2|2,11508
California,SUV,PHEV,2048,0|0|0|1|2|4|9|22|51|116|261|556|1132|1486|1725|1791|1639|1274|903|606|354|238|116|94|67|42|17|12|3|2|2,12525
California,SUV,PHEV,2049,0|0|0|1|2|4|10|22|51|117|258|558|1126|1476|1797|1905|1791|1483|1054|692|438|245|160|76|61|43|27|11|8|2|3,13421
California,SUV,PHEV,2050,0|0|0|1|2|4|10|23|52|116|259|551|1125|1468|1785|1985|1905|1621|1227|808|501|304|165|105|50|40|28|17|7|5|3,14167
Colorado,Car,BEV,2020,0|0|0|0|0|0|0|0|0|0|0|0|0|0|0|0|0|0|0|0|0|0|0|0|0|0|0|0|0|0|0,0
Colorado,Car,BEV,2021,0|0|0|0|0|0|0|0|0|0|0|0|0|0|0|0|0|0|0|0|0|0|0|0|0|0|0|0|0|0|0,0
Colorado,Car,BEV,2022,0|0|0|0|0|0|0|0|0|0|0|0|0|0|0|0|0|0|0|0|0|0|0|0|0|0|0|0|0|0|0,0
Colorado,Car,BEV,2023,0|0|0|0|0|0|0|0|0|1|0|0|0|0|0|0|0|0|0|0|0|0|0|0|0|0|0|0|0|0|0,1
Colorado,Car,BEV,2024,0|0|0|0|0|0|0|0|0|1|2|0|0|0|0|0|0|0|0|0|0|0|0|0|0|0|0|0|0|0|0,3
Colorado,Car,BEV,2025,0|0|0|0|0|0|0|1|0|1|2|4|0|0|0|0|0|0|0|0|0|0|0|0|0|0|0|0|0|0|0,8
Colorado,Car,BEV,2026,0|0|0|0|0|0|0|1|1|1|2|4|9|0|0|0|0|0|0|0|0|0|0|0|0|0|0|0|0|0|0,18
Colorado,Car,BEV,2027,0|0|0|0|0|0|0|0|2|4|2|4|9|11|0|0|0|0|0|0|0|0|0|0|0|0|0|0|0|0|0,32
Colorado,Car,BEV,2028,0|0|0|0|0|0|0|1|1|4|8|5|9|12|14|0|0|0|0|0|0|0|0|0|0|0|0|0|0|0|0,54
Colorado,Car,BEV,2029,0|0|0|0|0|0|0|1|2|3|8|18|10|12|14|15|0|0|0|0|0|0|0|0|0|0|0|0|0|0|0,83
Colorado,Car,BEV,2030,0|0|0|0|0|0|0|1|2|4|6|18|37|12|14|16|15|0|0|0|0|0|0|0|0|0|0|0|0|0|0,125
Colorado,Car,BEV,2031,0|0|0|0|0|1|1|1|3|6|9|13|37|48|15|16|16|14|0|0|0|0|0|0|0|0|0|0|0|0|0,180
Colorado,Car,BEV,2032,0|0|0|0|0|1|2|3|2|6|13|20|27|49|58|17|16|14|11|0|0|0|0|0|0|0|0|0|0|0|0,239
Colorado,Car,BEV,2033,0|0|0|0|0|1|2|4|7|6|15|28|41|35|59|64|17|14|12|9|0|0|0|0|0|0|0|0|0|0|0,314
Colorado,Car,BEV,2034,0|0|0|0|0|1|2|5|10|16|13|32|58|54|42|65|64|15|12|9|6|0|0|0|0|0|0|0|0|0|0,404
Colorado,Car,BEV,2035,0|0|0|0|1|1|3|6|12|24|36|28|66|75|65|46|65|58|12|9|7|4|0|0|0|0|0|0|0|0|0,518
Colorado,Car,BEV,2036,0|0|0|0|1|1|3|7|14|28|55|78|57|87|91|72|46|59|48|10|7|5|3|0|0|0|0|0|0|0|0,672
Colorado,Car,BEV,2037,0|0|0|0|1|1|3|8|16|34|65|120|159|74|105|100|72|42|49|37|7|5|3|2|0|0|0|0|0|0|0,903
Colorado,Car,BEV,2038,0|0|0|0|1|1|4|8|18|39|78|141|246|208|89|116|100|65|35|37|27|5|3|2|1|0|0|0|0|0|0,1224
Colorado,Car,BEV,2039,0|0|0|0|1|1|4|9|20|44|88|170|290|321|251|99|116|91|54|27|27|18|3|2|1|1|0|0|0|0|0,1638
Colorado,Car,BEV,2040,0|0|0|0|1|2|4|9|22|48|99|191|347|378|388|278|99|105|75|41|19|19|12|2|1|1|1|0|0|0|0,2142
Colorado,Car,BEV,2041,0|0|0|0|1|2|4|9|22|51|109|217|391|453|457|429|278|89|87|58|30|13|13|8|1|1|1|0|0|0|0,2724
Colorado,Car,BEV,2042,0|0|0|0|1|2|4|10|22|51|116|239|444|510|547|505|429|251|74|66|42|21|9|8|5|1|1|0|0|0|0,3358
Colorado,Car,BEV,2043,0|0|0|0|1|2|5|11|23|52|116|253|489|578|616|604|505|388|208|57|48|29|14|6|5|3|1|0|0|0|0,4014
Colorado,Car,BEV,2044,0|0|0|0|1|2|5|11|25|54|118|252|517|637|699|681|604|457|321|159|41|33|19|9|4|3|2|0|0|0|0,4654
Colorado,Car,BEV,2045,0|0|0|0|1|2|5|12|26|57|121|255|514|674|770|773|681|547|378|246|115|28|22|13|6|2|2|1|0|0|0,5251
Colorado,Car,BEV,2046,0|0|0|0|1|2|6|13|28|60|128|260|518|670|816|851|773|616|453|290|178|80|19|15|8|4|2|1|1|0|0,5793
Colorado,Car,BEV,2047,0|0|0|0|1|2|6|13|29|63|132|272|527|676|811|901|851|699|510|347|210|124|54|13|10|5|2|1|1|1|0,6261
Colorado,Car,BEV,2048,0|0|0|0|1|2|6|14|31|66|138|281|545|688|817|895|901|770|578|391|251|145|83|36|8|6|3|2|1|1|1,6661
Colorado,Car,BEV,2049,0|0|0|0|1|2|6|14|32|69|145|291|561|711|832|903|895|816|637|444|283|174|98|55|23|5|4|2|1|0|1,7005
Colorado,Car,BEV,2050,0|0|0|0|1|2|6|15|33|73|152|306|582|732|859|919|903|811|674|489|321|196|117|65|36|15|3|3|1|1|1,7316
Colorado,Car,PHEV,2020,0|0|0|0|0|0|0|0|0|0|0|0|0|0|0|0|0|0|0|0|0|0|0|0|0|0|0|0|0|0|0,0
Colorado,Car,PHEV,2021,0|0|0|0|0|0|0|0|0|0|0|0|0|0|0|0|0|0|0|0|0|0|0|0|0|0|0|0|0|0|0,0
Colorado,Car,PHEV,2022,0|0|0|0|0|0|0|0|0|0|0|0|0|0|0|0|0|0|0|0|0|0|0|0|0|0|0|0|0|0|0,0
Colorado,Car,PHEV,2023,0|0|0|0|0|0|0|0|0|0|0|0|0|0|0|0|0|0|0|0|0|0|0|0|0|0|0|0|0|0|0,0
Colorado,Car,PHEV,2024,0|0|0|0|0|0|0|0|0|0|1|0|0|0|0|0|0|0|0|0|0|0|0|0|0|0|0|0|0|0|0,1
Colorado,Car,PHEV,2025,0|0|0|0|0|0|0|0|0|1|1|2|0|0|0|0|0|0|0|0|0|0|0|0|0|0|0|0|0|0|0,4
Colorado,Car,PHEV,2026,0|0|0|0|0|0|0|0|0|1|1|1|5|0|0|0|0|0|0|0|0|0|0|0|0|0|0|0|0|0|0,8
Colorado,Car,PHEV,2027,0|0|0|0|0|0|0|0|0|1|2|3|3|6|0|0|0|0|0|0|0|0|0|0|0|0|0|0|0|0|0,15
Colorado,Car,PHEV,2028,0|0|0|0|0|0|0|0|0|1|3|4|6|4|7|0|0|0|0|0|0|0|0|0|0|0|0|0|0|0|0,25
Colorado,Car,PHEV,2029,0|0|0|0|0|0|0|0|0|1|1|6|8|8|5|8|0|0|0|0|0|0|0|0|0|0|0|0|0|0|0,37
Colorado,Car,PHEV,2030,0|0|0|0|0|0|0|0|0|1|1|3|12|11|10|5|8|0|0|0|0|0|0|0|0|0|0|0|0|0|0,51
Colorado,Car,PHEV,2031,0|0|0|0|0|0|0|0|0|1|2|3|6|15|13|11|5|7|0|0|0|0|0|0|0|0|0|0|0|0|0,63
Colorado,Car,PHEV,2032,0|0|0|0|0|0|0|1|0|1|1|4|6|8|18|14|11|5|6|0|0|0|0|0|0|0|0|0|0|0|0,75
Colorado,Car,PHEV,2033,0|0|0|0|0|0|0|1|1|1|1|3|8|7|10|20|14|10|4|5|0|0|0|0|0|0|0|0|0|0|0,85
Colorado,Car,PHEV,2034,0|0|0|0|0|0|0|1|2|3|2|3|6|11|9|11|20|13|8|3|3|0|0|0|0|0|0|0|0|0|0,95
Colorado,Car,PHEV,2035,0|0|0|0|0|0|1|1|3|4|6|3|5|8|13|10|11|18|11|6|2|2|0|0|0|0|0|0|0|0|0,104
Colorado,Car,PHEV,2036,0|0|0|0|0|0|1|1|3|6|10|14|7|7|10|15|10|10|15|8|5|1|2|0|0|0|0|0|0|0|0,125
Colorado,Car,PHEV,2037,0|0|0|0|0|0|1|1|3|6|14|22|28|9|8|11|15|9|8|12|6|3|1|1|0|0|0|0|0|0|0,158
Colorado,Car,PHEV,2038,0|0|0|0|0|0|1|2|3|7|14|29|44|37|11|9|11|13|7|6|8|4|2|1|1|0|0|0|0|0|0,210
Colorado,Car,PHEV,2039,0|0|0|0|0|0|1|2|4|8|16|29|60|57|45|12|9|10|11|6|5|6|3|1|0|0|0|0|0|0|0,285
Colorado,Car,PHEV,2040,0|0|0|0|0|0|1|2|4|9|18|35|60|78|69|49|12|8|8|8|4|3|4|2|1|0|0|0|0|0|0,375
Colorado,Car,PHEV,2041,0|0|0|0|0|0|1|2|4|10|21|38|72|78|95|77|49|11|7|6|6|3|2|3|1|1|0|0|0|0|0,487
Colorado,Car,PHEV,2042,0|0|0|0|0|0|1|2|4|10|23|46|79|94|94|104|77|45|9|5|4|4|2|1|2|1|0|0|0|0|0,607
Colorado,Car,PHEV,2043,0|0|0|0|0|0|1|2|4|10|23|51|94|103|113|104|104|69|37|7|4|3|3|1|1|1|0|0|0|0|0,735
Colorado,Car,PHEV,2044,0|0|0|0|0|0|1|2|4|10|23|51|105|123|124|125|104|95|57|28|5|3|2|2|1|1|1|0|0|0|0,867
Colorado,Car,PHEV,2045,0|0|0|0|0|0|1|2|5|10|22|49|105|137|149|137|125|94|78|44|21|3|2|1|1|1|0|0|0|0|0,987
Colorado,Car,PHEV,2046,0|0|0|0|0|0|1|2|5|10|23|48|101|136|165|164|137|113|78|60|32|14|2|1|1|1|0|0|0|0|0,1094
Colorado,Car,PHEV,2047,0|0|0|0|0|0|1|2|5|10|23|48|98|131|165|183|164|124|94|60|43|22|10|1|1|1|1|0|0|0|0,1187
Colorado,Car,PHEV,2048,0|0|0|0|0|0|1|2|5|10|23|48|97|128|159|182|183|149|103|72|43|30|15|6|1|1|0|0|0|0|0,1258
Colorado,Car,PHEV,2049,0|0|0|0|0|0|1|2|5|11|23|48|96|127|155|176|182|165|123|79|52|30|20|10|4|1|0|0|0|0|0,1310
Colorado,Car,PHEV,2050,0|0|0|0|0|0|1|2|5|11|24|48|95|125|153|171|176|165|137|94|57|36|20|13|6|3|0|0|0|0|0,1342
Colorado,SUV,BEV,2020,0|0|0|0|0|0|0|0|0|0|0|0|0|0|0|0|0|0|0|0|0|0|0|0|0|0|0|0|0|0|0,0
Colorado,SUV,BEV,2021,0|0|0|0|0|0|0|0|0|0|0|0|0|0|0|0|0|0|0|0|0|0|0|0|0|0|0|0|0|0|0,0
Colorado,SUV,BEV,2022,0|0|0|0|0|0|0|0|0|0|0|0|0|0|0|0|0|0|0|0|0|0|0|0|0|0|0|0|0|0|0,0
Colorado,SUV,BEV,2023,0|0|0|0|0|0|0|0|0|0|0|0|0|0|0|0|0|0|0|0|0|0|0|0|0|0|0|0|0|0|0,0
Colorado,SUV,BEV,2024,0|0|0|0|0|0|0|0|0|0|0|0|0|0|0|0|0|0|0|0|0|0|0|0|0|0|0|0|0|0|0,0
Colorado,SUV,BEV,2025,0|0|0|0|0|0|0|0|0|0|0|1|0|0|0|0|0|0|0|0|0|0|0|0|0|0|0|0|0|0|0,1
Colorado,SUV,BEV,2026,0|0|0|0|0|0|0|0|0|1|1|1|1|0|0|0|0|0|0|0|0|0|0|0|0|0|0|0|0|0|0,4
Colorado,SUV,BEV,2027,0|0|0|0|0|0|0|0|0|1|2|2|2|2|0|0|0|0|0|0|0|0|0|0|0|0|0|0|0|0|0,9
Colorado,SUV,BEV,2028,0|0|0|0|0|0|1|1|1|1|2|5|5|3|2|0|0|0|0|0|0|0|0|0|0|0|0|0|0|0|0,21
Colorado,SUV,BEV,2029,0|0|0|0|0|1|1|2|3|3|2|5|10|6|3|2|0|0|0|0|0|0|0|0|0|0|0|0|0|0|0,38
Colorado,SUV,BEV,2030,0|0|0|0|0|1|1|3|4|6|6|5|10|12|7|4|2|0|0|0|0|0|0|0|0|0|0|0|0|0|0,61
Colorado,SUV,BEV,2031,0|0|0|0|0|1|2|4|7|10|14|13|11|13|15|8|4|2|0|0|0|0|0|0|0|0|0|0|0|0|0,104
Colorado,SUV,BEV,2032,0|0|0|0|1|1|3|4|9|17|22|30|27|14|15|17|8|3|2|0|0|0|0|0|0|0|0|0|0|0|0,173
Colorado,SUV,BEV,2033,0|0|0|0|1|2|3|7|10|21|38|49|62|35|17|17|17|7|3|1|0|0|0|0|0|0|0|0|0|0|0,290
Colorado,SUV,BEV,2034,0|0|0|0|1|2|4|8|16|24|47|83|101|81|42|19|17|15|6|2|1|0|0|0|0|0|0|0|0|0|0,469
Colorado,SUV,BEV,2035,0|0|0|0|1|2|5|10|19|38|55|103|171|131|98|47|19|15|12|5|2|1|0|0|0|0|0|0|0|0|0,734
Colorado,SUV,BEV,2036,0|0|0|0|1|2|5|11|24|46|87|120|212|223|159|109|47|17|13|10|3|1|0|0|0|0|0|0|0|0|0,1090
Colorado,SUV,BEV,2037,0|0|0|0|1|3|6|13|28|57|105|191|246|276|269|176|109|42|14|10|7|2|1|0|0|0|0|0|0|0|0,1556
Colorado,SUV,BEV,2038,0|0|0|0|1|3|7|15|33|66|130|231|392|320|334|297|176|98|35|11|7|5|2|0|0|0|0|0|0|0|0,2163
Colorado,SUV,BEV,2039,0|0|0|0|1|3|7|17|37|77|150|284|474|511|387|369|297|159|81|27|8|5|3|1|0|0|0|0|0|0|0,2898
Colorado,SUV,BEV,2040,0|0|0|1|1|3|8|18|41|88|176|328|583|618|618|428|369|269|131|62|19|6|3|2|1|0|0|0|0|0|0,3773
Colorado,SUV,BEV,2041,0|0|0|1|1|3|8|19|42|96|201|385|674|760|747|683|428|334|223|101|45|13|4|2|1|0|0|0|0|0|0,4771
Colorado,SUV,BEV,2042,0|0|0|1|2|4|9|19|44|99|219|438|790|879|919|825|683|387|276|171|73|31|9|2|1|1|0|0|0|0|0,5882
Colorado,SUV,BEV,2043,0|0|0|1|2|4|9|21|47|104|225|477|896|1029|1062|1015|825|618|320|212|124|51|21|6|2|1|1|0|0|0|0,7073
Colorado,SUV,BEV,2044,0|0|0|1|2|4|10|22|49|108|234|488|974|1169|1245|1174|1015|747|511|246|153|86|34|14|4|1|1|0|0|0|0,8292
Colorado,SUV,BEV,2045,0|0|0|1|2|4|10|24|53|114|243|505|993|1270|1413|1375|1174|919|618|392|178|106|58|22|9|3|1|0|0|0|0,9487
Colorado,SUV,BEV,2046,0|0|0|1|2|5|11|25|55|121|255|524|1026|1295|1535|1561|1375|1062|760|474|284|123|72|38|15|6|2|0|0|0|0,10627
Colorado,SUV,BEV,2047,0|0|0|1|2|5|11|26|59|127|270|548|1062|1338|1566|1696|1561|1245|879|583|343|197|83|47|25|9|4|1|0|0|0,11688
Colorado,SUV,BEV,2048,0|0|0|1|2|5|12|28|62|134|282|575|1106|1385|1617|1730|1696|1413|1029|674|422|238|132|55|31|16|6|2|1|0|0,12654
Colorado,SUV,BEV,2049,0|0|0|1|2|5|12|29|64|140|296|599|1156|1443|1675|1786|1730|1535|1169|790|488|292|160|87|36|20|10|4|2|0|0,13531
Colorado,SUV,BEV,2050,0|0|0|1|2|5|12|29|67|146|309|627|1202|1508|1744|1850|1786|1566|1270|896|571|338|197|106|57|23|13|7|2|1|0,14335
Colorado,SUV,PHEV,2020,0|0|0|0|0|0|0|0|0|0|0|0|0|0|0|0|0|0|0|0|0|0|0|0|0|0|0|0|0|0|0,0
Colorado,SUV,PHEV,2021,0|0|0|0|0|0|0|0|0|0|0|0|0|0|0|0|0|0|0|0|0|0|0|0|0|0|0|0|0|0|0,0
Colorado,SUV,PHEV,2022,0|0|0|0|0|0|0|0|0|0|0|0|0|0|0|0|0|0|0|0|0|0|0|0|0|0|0|0|0|0|0,0
Colorado,SUV,PHEV,2023,0|0|0|0|0|0|0|0|0|0|0|0|0|0|0|0|0|0|0|0|0|0|0|0|0|0|0|0|0|0|0,0
Colorado,SUV,PHEV,2024,0|0|0|0|0|0|0|0|0|0|0|0|0|0|0|0|0|0|0|0|0|0|0|0|0|0|0|0|0|0|0,0
Colorado,SUV,PHEV,2025,0|0|0|0|0|0|0|0|0|0|0|0|0|0|0|0|0|0|0|0|0|0|0|0|0|0|0|0|0|0|0,0
Colorado,SUV,PHEV,2026,0|0|0|0|0|0|0|0|0|0|1|1|1|0|0|0|0|0|0|0|0|0|0|0|0|0|0|0|0|0|0,3
Colorado,SUV,PHEV,2027,0|0|0|0|0|0|0|0|0|0|1|1|1|1|0|0|0|0|0|0|0|0|0|0|0|0|0|0|0|0|0,4
Colorado,SUV,PHEV,2028,0|0|0|0|0|0|0|0|0|0|1|1|2|2|1|0|0|0|0|0|0|0|0|0|0|0|0|0|0|0|0,7
Colorado,SUV,PHEV,2029,0|0|0|0|0|0|0|1|1|1|1|2|3|3|2|2|0|0|0|0|0|0|0|0|0|0|0|0|0|0|0,16
Colorado,SUV,PHEV,2030,0|0|0|0|0|0|1|1|1|2|1|1|3|3|4|2|2|0|0|0|0|0|0|0|0|0|0|0|0|0|0,21
Colorado,SUV,PHEV,2031,0|0|0|0|0|0|0|1|3|3|6|3|3|4|4|4|2|1|0|0|0|0|0|0|0|0|0|0|0|0|0,34
Colorado,SUV,PHEV,2032,0|0|0|0|0|0|0|1|3|7|8|12|6|3|5|5|4|2|1|0|0|0|0|0|0|0|0|0|0|0|0,57
Colorado,SUV,PHEV,2033,0|0|0|0|0|0|1|1|2|7|15|17|25|8|4|6|5|4|2|1|0|0|0|0|0|0|0|0|0|0|0,98
Colorado,SUV,PHEV,2034,0|0|0|0|0|0|1|2|3|4|17|33|36|33|9|5|6|4|3|1|1|0|0|0|0|0|0|0|0|0|0,158
Colorado,SUV,PHEV,2035,0|0|0|0|0|0|1|2|4|7|10|38|68|46|39|10|5|5|3|2|1|0|0|0|0|0|0|0|0|0|0,241
Colorado,SUV,PHEV,2036,0|0|0|0|0|1|1|2|4|9|16|21|77|88|56|44|10|4|4|3|2|1|0|0|0|0|0|0|0|0|0,343
Colorado,SUV,PHEV,2037,0|0|0|0|0|1|1|2|5|10|22|34|43|101|106|62|44|9|3|3|2|1|0|0|0|0|0|0|0|0|0,449
Colorado,SUV,PHEV,2038,0|0|0|0|0|1|2|3|6|12|22|47|70|56|122|118|62|39|8|3|2|1|1|0|0|0|0|0|0|0|0,575
Colorado,SUV,PHEV,2039,0|0|0|0|0|1|2|4|7|14|28|49|97|91|68|135|118|56|33|6|2|2|1|1|0|0|0|0|0|0|0,715
Colorado,SUV,PHEV,2040,0|0|0|0|0|1|2|4|9|18|32|61|100|127|110|75|135|106|46|25|4|1|1|1|0|0|0|0|0|0|0,858
Colorado,SUV,PHEV,2041,0|0|0|0|0|1|2|4|9|21|40|70|125|131|153|121|75|122|88|36|18|3|1|1|0|0|0|0|0|0|0,1021
Colorado,SUV,PHEV,2042,0|0|0|0|0|1|1|4|9|21|46|86|143|163|158|169|121|68|101|68|26|13|2|1|0|0|0|0|0|0|0,1201
Colorado,SUV,PHEV,2043,0|0|0|0|0|1|2|4|9|21|48|100|176|186|197|175|169|110|56|77|49|18|8|1|0|0|0|0|0|0|0,1407
Colorado,SUV,PHEV,2044,0|0|0|0|0|1|2|4|9|21|47|103|204|230|225|217|175|153|91|43|56|34|12|6|1|0|0|0|0|0|0,1634
Colorado,SUV,PHEV,2045,0|0|0|0|0|1|2|4|9|20|46|102|209|266|278|248|217|158|127|70|31|39|23|8|4|1|0|0|0|0|0,1863
Colorado,SUV,PHEV,2046,0|0|0|0|0|1|2|4|9|21|45|99|206|272|321|307|248|197|131|97|50|22|26|15|5|2|0|0|0|0|0,2080
Colorado,SUV,PHEV,2047,0|0|0|0|0|1|2|4|9|21|46|96|200|268|329|355|307|225|163|100|70|35|15|17|10|3|2|0|0|0|0,2278
Colorado,SUV,PHEV,2048,0|0|0|0|0|1|2|4|9|21|46|98|195|260|324|363|355|278|186|125|73|49|24|10|11|6|2|1|0|0|0,2443
Colorado,SUV,PHEV,2049,0|0|0|0|0|1|2|4|10|21|46|97|196|254|315|358|363|321|230|143|90|50|33|16|6|7|4|1|1|0|0,2569
Colorado,SUV,PHEV,2050,0|0|0|0|0|1|2|4|10|22|47|97|195|255|307|348|358|329|266|176|103|63|34|22|10|4|5|3|1|0|0,2662
Connecticut,Car,BEV,2020,0|0|0|0|0|0|0|0|0|0|0|0|0|0|0|0|0|0|0|0|0|0|0|0|0|0|0|0|0|0|0,0
Connecticut,Car,BEV,2021,0|0|0|0|0|0|0|0|0|0|0|0|0|0|0|0|0|0|0|0|0|0|0|0|0|0|0|0|0|0|0,0
Connecticut,Car,BEV,2022,0|0|0|0|0|0|0|0|0|0|0|0|0|0|0|0|0|0|0|0|0|0|0|0|0|0|0|0|0|0|0,0
Connecticut,Car,BEV,2023,0|0|0|0|0|0|0|0|0|0|0|0|0|0|0|0|0|0|0|0|0|0|0|0|0|0|0|0|0|0|0,0
Connecticut,Car,BEV,2024,0|0|0|0|0|0|0|0|0|0|1|0|0|0|0|0|0|0|0|0|0|0|0|0|0|0|0|0|0|0|0,1
Connecticut,Car,BEV,2025,0|0|0|0|0|0|0|0|0|0|1|2|0|0|0|0|0|0|0|0|0|0|0|0|0|0|0|0|0|0|0,3
Connecticut,Car,BEV,2026,0|0|0|0|0|0|0|0|1|0|1|2|3|0|0|0|0|0|0|0|0|0|0|0|0|0|0|0|0|0|0,7
Connecticut,Car,BEV,2027,0|0|0|0|0|0|0|0|1|1|1|2|4|4|0|0|0|0|0|0|0|0|0|0|0|0|0|0|0|0|0,13
Connecticut,Car,BEV,2028,0|0|0|0|0|0|0|0|0|1|3|2|4|5|5|0|0|0|0|0|0|0|0|0|0|0|0|0|0|0|0,20
Connecticut,Car,BEV,2029,0|0|0|0|0|0|0|0|1|1|3|7|4|5|6|6|0|0|0|0|0|0|0|0|0|0|0|0|0|0|0,33
Connecticut,Car,BEV,2030,0|0|0|0|0|0|0|0|1|1|2|6|15|5|6|6|6|0|0|0|0|0|0|0|0|0|0|0|0|0|0,48
Connecticut,Car,BEV,2031,0|0|0|0|0|0|0|0|1|2|3|5|13|19|6|6|6|5|0|0|0|0|0|0|0|0|0|0|0|0|0,66
Connecticut,Car,BEV,2032,0|0|0|0|0|0|0|1|1|2|5|7|10|17|23|6|6|6|4|0|0|0|0|0|0|0|0|0|0|0|0,88
Connecticut,Car,BEV,2033,0|0|0|0|0|0|1|1|2|2|5|10|15|13|21|26|6|6|5|3|0|0|0|0|0|0|0|0|0|0|0,116
Connecticut,Car,BEV,2034,0|0|0|0|0|0|1|1|3|5|5|11|21|19|15|23|26|6|5|4|2|0|0|0|0|0|0|0|0|0|0,147
Connecticut,Car,BEV,2035,0|0|0|0|0|0|1|2|3|7|12|10|23|28|23|17|23|23|5|4|3|2|0|0|0|0|0|0|0|0|0,186
Connecticut,Car,BEV,2036,0|0|0|0|0|0|1|2|4|8|16|27|20|31|33|26|17|21|19|4|3|2|1|0|0|0|0|0|0|0|0,235
Connecticut,Car,BEV,2037,0|0|0|0|0|0|1|2|5|10|19|34|54|26|37|37|26|15|17|15|3|2|1|1|0|0|0|0|0|0|0,305
Connecticut,Car,BEV,2038,0|0|0|0|0|1|1|3|6|12|23|40|70|71|32|41|37|23|13|13|11|2|1|1|0|0|0|0|0|0|0,401
Connecticut,Car,BEV,2039,0|0|0|0|0|1|1|3|6|14|27|50|83|92|86|35|41|33|19|10|10|7|1|1|1|0|0|0|0|0|0,521
Connecticut,Car,BEV,2040,0|0|0|0|0|1|1|3|7|14|31|59|103|108|111|95|35|37|28|15|7|7|5|1|1|0|0|0|0|0|0,669
Connecticut,Car,BEV,2041,0|0|0|0|0|1|2|4|8|16|33|68|121|134|130|123|95|32|31|21|11|5|4|3|1|0|0|0|0|0|0,843
Connecticut,Car,BEV,2042,0|0|0|0|0|1|2|4|9|19|37|72|138|158|162|144|123|86|26|23|15|7|3|3|2|0|0|0|0|0|0,1034
Connecticut,Car,BEV,2043,0|0|0|0|0|1|2|4|9|20|43|80|147|180|191|179|144|111|71|20|17|11|5|2|2|1|0|0|0|0|0,1240
Connecticut,Car,BEV,2044,0|0|0|0|0|1|2|4|10|22|46|93|163|192|218|211|179|130|92|54|14|12|7|3|1|1|1|0|0|0|0,1456
Connecticut,Car,BEV,2045,0|0|0|0|0|1|2|5|11|23|49|99|190|213|232|241|211|162|108|70|39|10|8|5|2|1|1|1|0|0|0,1684
Connecticut,Car,BEV,2046,0|0|0|0|0|1|2|5|11|25|52|105|203|247|257|257|241|191|134|83|51|27|7|5|3|1|1|1|0|0|0,1910
Connecticut,Car,BEV,2047,0|0|0|0|0|1|2|5|12|26|55|112|214|264|299|284|257|218|158|103|60|35|18|4|3|2|1|0|0|0|0,2133
Connecticut,Car,BEV,2048,0|0|0|0|0|1|2|5|13|27|58|117|227|280|319|330|284|232|180|121|74|41|24|12|3|2|1|1|0|0|0,2354
Connecticut,Car,BEV,2049,0|0|0|0|0|1|2|6|13|29|61|123|237|296|338|353|330|257|192|138|87|51|28|16|8|2|1|1|0|0|0,2570
Connecticut,Car,BEV,2050,0|0|0|0|0|1|3|6|13|29|63|129|248|309|358|373|353|299|213|147|100|61|35|18|10|5|1|1|1|0|0,2776
Connecticut,Car,PHEV,2020,0|0|0|0|0|0|0|0|0|0|0|0|0|0|0|0|0|0|0|0|0|0|0|0|0|0|0|0|0|0|0,0
Connecticut,Car,PHEV,2021,0|0|0|0|0|0|0|0|0|0|0|0|0|0|0|0|0|0|0|0|0|0|0|0|0|0|0|0|0|0|0,0
Connecticut,Car,PHEV,2022,0|0|0|0|0|0|0|0|0|0|0|0|0|0|0|0|0|0|0|0|0|0|0|0|0|0|0|0|0|0|0,0
Connecticut,Car,PHEV,2023,0|0|0|0|0|0|0|0|0|0|0|0|0|0|0|0|0|0|0|0|0|0|0|0|0|0|0|0|0|0|0,0
Connecticut,Car,PHEV,2024,0|0|0|0|0|0|0|0|0|0|1|0|0|0|0|0|0|0|0|0|0|0|0|0|0|0|0|0|0|0|0,1
Connecticut,Car,PHEV,2025,0|0|0|0|0|0|0|0|0|0|1|2|0|0|0|0|0|0|0|0|0|0|0|0|0|0|0|0|0|0|0,3
Connecticut,Car,PHEV,2026,0|0|0|0|0|0|0|0|0|1|1|1|4|0|0|0|0|0|0|0|0|0|0|0|0|0|0|0|0|0|0,7
Connecticut,Car,PHEV,2027,0|0|0|0|0|0|0|0|0|1|1|2|2|5|0|0|0|0|0|0|0|0|0|0|0|0|0|0|0|0|0,11
Connecticut,Car,PHEV,2028,0|0|0|0|0|0|0|0|0|0|2|3|4|3|6|0|0|0|0|0|0|0|0|0|0|0|0|0|0|0|0,18
Connecticut,Car,PHEV,2029,0|0|0|0|0|0|0|0|0|0|1|4|6|6|4|6|0|0|0|0|0|0|0|0|0|0|0|0|0|0|0,27
Connecticut,Car,PHEV,2030,0|0|0|0|0|0|0|0|0|0|1|2|8|8|7|4|6|0|0|0|0|0|0|0|0|0|0|0|0|0|0,36
Connecticut,Car,PHEV,2031,0|0|0|0|0|0|0|0|0|0|1|1|4|11|10|8|4|6|0|0|0|0|0|0|0|0|0|0|0|0|0,45
Connecticut,Car,PHEV,2032,0|0|0|0|0|0|0|0|0|0|1|2|3|5|13|11|8|4|5|0|0|0|0|0|0|0|0|0|0|0|0,52
Connecticut,Car,PHEV,2033,0|0|0|0|0|0|0|0|1|0|1|2|5|4|6|14|11|7|3|4|0|0|0|0|0|0|0|0|0|0|0,58
Connecticut,Car,PHEV,2034,0|0|0|0|0|0|0|0|1|1|1|1|3|6|5|7|14|10|6|2|3|0|0|0|0|0|0|0|0|0|0,60
Connecticut,Car,PHEV,2035,0|0|0|0|0|0|0|0|1|2|3|2|3|4|7|5|7|13|8|4|2|2|0|0|0|0|0|0|0|0|0,63
Connecticut,Car,PHEV,2036,0|0|0|0|0|0|0|0|1|2|4|6|3|4|5|8|5|6|11|6|3|1|1|0|0|0|0|0|0|0|0,66
Connecticut,Car,PHEV,2037,0|0|0|0|0|0|0|0|1|2|5|8|12|4|4|6|8|5|5|8|4|2|1|1|0|0|0|0|0|0|0,76
Connecticut,Car,PHEV,2038,0|0|0|0|0|0|0|1|1|3|5|10|15|16|5|5|6|7|4|4|6|3|2|1|1|0|0|0|0|0|0,95
Connecticut,Car,PHEV,2039,0|0|0|0|0|0|0|1|1|3|6|10|20|20|19|6|5|5|6|3|3|4|2|1|0|0|0|0|0|0|0,115
Connecticut,Car,PHEV,2040,0|0|0|0|0|0|0|1|2|3|6|12|20|26|24|21|6|4|4|5|2|2|3|1|1|0|0|0|0|0|0,143
Connecticut,Car,PHEV,2041,0|0|0|0|0|0|0|1|2|4|7|13|25|27|31|27|21|5|4|3|3|2|1|2|1|0|0|0|0|0|0,179
Connecticut,Car,PHEV,2042,0|0|0|0|0|0|0|1|2|4|8|15|27|33|32|34|27|19|4|3|2|2|1|1|1|1|0|0|0|0|0,217
Connecticut,Car,PHEV,2043,0|0|0|0|0|0|0|1|2|4|9|18|31|36|40|36|34|24|16|3|2|2|2|1|1|1|0|0|0|0|0,263
Connecticut,Car,PHEV,2044,0|0|0|0|0|0|0|1|2|4|9|19|37|41|43|44|36|31|20|12|2|1|1|1|0|0|0|0|0|0|0,304
Connecticut,Car,PHEV,2045,0|0|0|0|0|0|0|1|2|4|9|20|40|48|49|48|44|32|26|15|9|2|1|1|1|0|0|0|0|0|0,352
Connecticut,Car,PHEV,2046,0|0|0|0|0|0|0|1|2|4|10|20|41|52|58|55|48|40|27|20|11|6|1|1|0|0|0|0|0|0|0,397
Connecticut,Car,PHEV,2047,0|0|0|0|0|0|0|1|2|4|10|20|41|53|62|64|55|43|33|20|14|8|4|1|0|0|0|0|0|0|0,435
Connecticut,Car,PHEV,2048,0|0|0|0|0|0|0|1|2|4|10|21|41|53|64|69|64|49|36|25|15|10|5|3|0|0|0|0|0|0|0,472
Connecticut,Car,PHEV,2049,0|0|0|0|0|0|0|1|2|5|10|21|42|54|64|71|69|58|41|27|18|10|7|3|2|0|0|0|0|0|0,505
Connecticut,Car,PHEV,2050,0|0|0|0|0|0|0|1|2|5|10|21|42|54|65|71|71|62|48|31|20|13|7|4|2|1|0|0|0|0|0,530
Connecticut,SUV,BEV,2020,0|0|0|0|0|0|0|0|0|0|0|0|0|0|0|0|0|0|0|0|0|0|0|0|0|0|0|0|0|0|0,0
Connecticut,SUV,BEV,2021,0|0|0|0|0|0|0|0|0|0|0|0|0|0|0|0|0|0|0|0|0|0|0|0|0|0|0|0|0|0|0,0
Connecticut,SUV,BEV,2022,0|0|0|0|0|0|0|0|0|0|0|0|0|0|0|0|0|0|0|0|0|0|0|0|0|0|0|0|0|0|0,0
Connecticut,SUV,BEV,2023,0|0|0|0|0|0|0|0|0|0|0|0|0|0|0|0|0|0|0|0|0|0|0|0|0|0|0|0|0|0|0,0
Connecticut,SUV,BEV,2024,0|0|0|0|0|0|0|0|0|0|0|0|0|0|0|0|0|0|0|0|0|0|0|0|0|0|0|0|0|0|0,0
Connecticut,SUV,BEV,2025,0|0|0|0|0|0|0|0|0|0|0|0|0|0|0|0|0|0|0|0|0|0|0|0|0|0|0|0|0|0|0,0
Connecticut,SUV,BEV,2026,0|0|0|0|0|0|0|0|0|0|0|0|0|0|0|0|0|0|0|0|0|0|0|0|0|0|0|0|0|0|0,0
Connecticut,SUV,BEV,2027,0|0|0|0|0|0|0|0|0|0|1|1|1|1|0|0|0|0|0|0|0|0|0|0|0|0|0|0|0|0|0,4
Connecticut,SUV,BEV,2028,0|0|0|0|0|0|0|0|0|0|1|2|2|1|1|0|0|0|0|0|0|0|0|0|0|0|0|0|0|0|0,7
Connecticut,SUV,BEV,2029,0|0|0|0|0|0|0|1|1|1|1|2|4|2|1|1|0|0|0|0|0|0|0|0|0|0|0|0|0|0|0,14
Connecticut,SUV,BEV,2030,0|0|0|0|0|0|1|1|2|2|2|2|4|5|3|1|1|0|0|0|0|0|0|0|0|0|0|0|0|0|0,24
Connecticut,SUV,BEV,2031,0|0|0|0|0|0|0|1|2|4|5|5|4|5|6|3|1|1|0|0|0|0|0|0|0|0|0|0|0|0|0,37
Connecticut,SUV,BEV,2032,0|0|0|0|0|0|0|1|3|6|8|11|10|5|6|6|3|1|1|0|0|0|0|0|0|0|0|0|0|0|0,61
Connecticut,SUV,BEV,2033,0|0|0|0|0|0|1|1|2|7|13|18|23|12|6|7|6|3|1|0|0|0|0|0|0|0|0|0|0|0|0,100
Connecticut,SUV,BEV,2034,0|0|0|0|0|0|1|1|3|4|17|29|37|29|15|7|7|6|2|1|0|0|0|0|0|0|0|0|0|0|0,159
Connecticut,SUV,BEV,2035,0|0|0|0|0|0|1|2|3|6|10|36|60|48|36|17|7|6|5|2|1|0|0|0|0|0|0|0|0|0|0,240
Connecticut,SUV,BEV,2036,0|0|0|0|0|0|1|2|4|7|14|22|74|78|58|39|17|6|5|4|1|0|0|0|0|0|0|0|0|0|0,332
Connecticut,SUV,BEV,2037,0|0|0|0|0|1|1|3|5|10|17|30|45|97|95|65|39|15|5|4|3|1|0|0|0|0|0|0|0|0|0,436
Connecticut,SUV,BEV,2038,0|0|0|0|0|1|1|3|6|12|22|37|62|59|117|105|65|36|12|4|3|2|1|0|0|0|0|0|0|0|0,548
Connecticut,SUV,BEV,2039,0|0|0|0|0|1|2|3|7|15|28|48|76|81|71|130|105|58|29|10|3|2|1|0|0|0|0|0|0|0|0,670
Connecticut,SUV,BEV,2040,0|0|0|0|0|1|2|4|8|16|33|60|99|100|98|79|130|95|48|23|7|2|1|1|0|0|0|0|0|0|0,807
Connecticut,SUV,BEV,2041,0|0|0|0|0|1|2|5|10|19|37|73|123|129|120|108|79|117|78|37|16|5|1|1|1|0|0|0|0|0|0,962
Connecticut,SUV,BEV,2042,0|0|0|0|0|1|2|5|11|24|44|81|148|160|156|133|108|71|97|60|27|11|3|1|1|0|0|0|0|0|0,1144
Connecticut,SUV,BEV,2043,0|0|0|0|0|1|2|5|12|26|53|95|165|193|194|173|133|98|59|74|43|19|8|2|1|0|0|0|0|0|0,1356
Connecticut,SUV,BEV,2044,0|0|0|0|0|1|3|6|13|28|59|114|192|216|234|214|173|120|81|45|54|30|13|5|1|0|0|0|0|0|0,1602
Connecticut,SUV,BEV,2045,0|0|0|0|0|1|3|6|14|30|63|127|232|251|261|258|214|156|100|62|33|37|20|8|3|1|0|0|0|0|0,1880
Connecticut,SUV,BEV,2046,0|0|0|0|0|1|3|6|15|32|67|137|257|303|303|288|258|194|129|76|45|23|25|13|5|2|1|0|0|0|0,2183
Connecticut,SUV,BEV,2047,0|0|0|0|0|1|3|7|15|34|72|146|279|335|366|335|288|234|160|99|55|31|15|17|9|3|1|0|0|0|0,2505
Connecticut,SUV,BEV,2048,0|0|0|0|1|1|3|7|16|35|76|156|297|363|405|405|335|261|193|123|72|38|21|10|11|6|2|1|0|0|0,2838
Connecticut,SUV,BEV,2049,0|0|0|0|1|1|3|7|16|37|79|164|317|387|439|448|405|303|216|148|89|50|26|14|7|7|4|1|1|0|0,3170
Connecticut,SUV,BEV,2050,0|0|0|0|1|1|3|7|17|37|82|170|332|413|468|485|448|366|251|165|107|62|34|17|9|4|4|2|1|0|0,3486
Connecticut,SUV,PHEV,2020,0|0|0|0|0|0|0|0|0|0|0|0|0|0|0|0|0|0|0|0|0|0|0|0|0|0|0|0|0|0|0,0
Connecticut,SUV,PHEV,2021,0|0|0|0|0|0|0|0|0|0|0|0|0|0|0|0|0|0|0|0|0|0|0|0|0|0|0|0|0|0|0,0
Connecticut,SUV,PHEV,2022,0|0|0|0|0|0|0|0|0|0|0|0|0|0|0|0|0|0|0|0|0|0|0|0|0|0|0|0|0|0|0,0
Connecticut,SUV,PHEV,2023,0|0|0|0|0|0|0|0|0|0|0|0|0|0|0|0|0|0|0|0|0|0|0|0|0|0|0|0|0|0|0,0
Connecticut,SUV,PHEV,2024,0|0|0|0|0|0|0|0|0|0|0|0|0|0|0|0|0|0|0|0|0|0|0|0|0|0|0|0|0|0|0,0
Connecticut,SUV,PHEV,2025,0|0|0|0|0|0|0|0|0|0|0|0|0|0|0|0|0|0|0|0|0|0|0|0|0|0|0|0|0|0|0,0
Connecticut,SUV,PHEV,2026,0|0|0|0|0|0|0|0|0|0|0|0|0|0|0|0|0|0|0|0|0|0|0|0|0|0|0|0|0|0|0,0
Connecticut,SUV,PHEV,2027,0|0|0|0|0|0|0|0|0|0|0|1|1|1|0|0|0|0|0|0|0|0|0|0|0|0|0|0|0|0|0,3
Connecticut,SUV,PHEV,2028,0|0|0|0|0|0|0|0|0|0|1|1|2|1|1|0|0|0|0|0|0|0|0|0|0|0|0|0|0|0|0,6
Connecticut,SUV,PHEV,2029,0|0|0|0|0|0|0|0|1|0|0|1|2|2|1|1|0|0|0|0|0|0|0|0|0|0|0|0|0|0|0,8
Connecticut,SUV,PHEV,2030,0|0|0|0|0|0|0|1|1|1|1|1|2|3|3|2|1|0|0|0|0|0|0|0|0|0|0|0|0|0|0,16
Connecticut,SUV,PHEV,2031,0|0|0|0|0|0|0|1|1|2|3|2|2|3|3|3|2|1|0|0|0|0|0|0|0|0|0|0|0|0|0,23
Connecticut,SUV,PHEV,2032,0|0|0|0|0|0|0|0|2|3|4|7|3|2|4|3|3|1|1|0|0|0|0|0|0|0|0|0|0|0|0,33
Connecticut,SUV,PHEV,2033,0|0|0|0|0|0|0|0|0|4|7|10|14|4|3|4|3|3|1|0|0|0|0|0|0|0|0|0|0|0|0,53
Connecticut,SUV,PHEV,2034,0|0|0|0|0|0|0|0|1|1|9|16|20|19|5|3|4|3|2|1|0|0|0|0|0|0|0|0|0|0|0,84
Connecticut,SUV,PHEV,2035,0|0|0|0|0|0|0|0|1|1|2|19|33|26|22|6|3|4|3|2|1|0|0|0|0|0|0|0|0|0|0,123
Connecticut,SUV,PHEV,2036,0|0|0|0|0|0|0|0|1|2|3|5|38|43|31|25|6|3|3|2|1|0|0|0|0|0|0|0|0|0|0,163
Connecticut,SUV,PHEV,2037,0|0|0|0|0|0|0|1|1|2|4|6|9|50|53|34|25|5|2|2|1|1|0|0|0|0|0|0|0|0|0,196
Connecticut,SUV,PHEV,2038,0|0|0|0|0|0|0|1|1|3|4|9|13|12|60|58|34|22|4|2|2|1|1|0|0|0|0|0|0|0|0,227
Connecticut,SUV,PHEV,2039,0|0|0|0|0|0|0|1|2|3|6|10|18|17|15|67|58|31|19|3|1|1|1|0|0|0|0|0|0|0|0,253
Connecticut,SUV,PHEV,2040,0|0|0|0|0|0|0|1|2|4|7|13|20|23|20|16|67|53|26|14|2|1|1|0|0|0|0|0|0|0|0,270
Connecticut,SUV,PHEV,2041,0|0|0|0|0|0|0|1|2|5|9|15|26|26|28|23|16|60|43|20|10|2|1|1|0|0|0|0|0|0|0,288
Connecticut,SUV,PHEV,2042,0|0|0|0|0|0|0|1|3|6|11|19|31|34|31|31|23|15|50|33|14|7|1|0|0|0|0|0|0|0|0,310
Connecticut,SUV,PHEV,2043,0|0|0|0|0|0|0|1|2|6|12|23|37|40|41|34|31|20|12|38|24|10|5|1|0|0|0|0|0|0|0,337
Connecticut,SUV,PHEV,2044,0|0|0|0|0|0|0|1|2|6|13|26|46|49|48|45|34|28|17|9|28|17|7|3|0|0|0|0|0|0|0,379
Connecticut,SUV,PHEV,2045,0|0|0|0|0|0|0|1|2|5|13|27|52|59|59|53|45|31|23|13|7|19|11|4|2|0|0|0|0|0|0,426
Connecticut,SUV,PHEV,2046,0|0|0|0|0|0|0|1|2|6|12|27|54|67|72|65|53|41|26|18|9|5|13|7|3|1|0|0|0|0|0,482
Connecticut,SUV,PHEV,2047,0|0|0|0|0|0|0|1|2|6|12|26|54|71|81|79|65|48|34|20|13|7|3|9|5|2|1|0|0|0|0,539
Connecticut,SUV,PHEV,2048,0|0|0|0|0|0|0|1|2|6|13|27|53|71|86|90|79|59|40|26|14|9|4|2|6|3|1|1|0|0|0,593
Connecticut,SUV,PHEV,2049,0|0|0|0|0|0|0|1|2|6|13|27|55|69|86|95|90|72|49|31|19|10|6|3|1|4|2|1|0|0|0,642
Connecticut,SUV,PHEV,2050,0|0|0|0|0|0|0|1|3|6|13|27|55|71|84|94|95|81|59|37|22|13|7|4|2|1|2|1|0|0|0,678
Delaware,Car,BEV,2020,0|0|0|0|0|0|0|0|0|0|0|0|0|0|0|0|0|0|0|0|0|0|0|0|0|0|0|0|0|0|0,0
Delaware,Car,BEV,2021,0|0|0|0|0|0|0|0|0|0|0|0|0|0|0|0|0|0|0|0|0|0|0|0|0|0|0|0|0|0|0,0
Delaware,Car,BEV,2022,0|0|0|0|0|0|0|0|0|0|0|0|0|0|0|0|0|0|0|0|0|0|0|0|0|0|0|0|0|0|0,0
Delaware,Car,BEV,2023,0|0|0|0|0|0|0|0|0|0|0|0|0|0|0|0|0|0|0|0|0|0|0|0|0|0|0|0|0|0|0,0
Delaware,Car,BEV,2024,0|0|0|0|0|0|0|0|0|0|0|0|0|0|0|0|0|0|0|0|0|0|0|0|0|0|0|0|0|0|0,0
Delaware,Car,BEV,2025,0|0|0|0|0|0|0|0|0|0|0|0|0|0|0|0|0|0|0|0|0|0|0|0|0|0|0|0|0|0|0,0
Delaware,Car,BEV,2026,0|0|0|0|0|0|0|0|0|0|0|0|0|0|0|0|0|0|0|0|0|0|0|0|0|0|0|0|0|0|0,0
Delaware,Car,BEV,2027,0|0|0|0|0|0|0|0|0|0|0|0|0|0|0|0|0|0|0|0|0|0|0|0|0|0|0|0|0|0|0,0
Delaware,Car,BEV,2028,0|0|0|0|0|0|0|0|0|0|1|0|0|0|1|0|0|0|0|0|0|0|0|0|0|0|0|0|0|0|0,2
Delaware,Car,BEV,2029,0|0|0|0|0|0|0|0|0|0|1|1|0|0|1|1|0|0|0|0|0|0|0|0|0|0|0|0|0|0|0,4
Delaware,Car,BEV,2030,0|0|0|0|0|0|0|0|0|0|0|1|2|0|1|1|1|0|0|0|0|0|0|0|0|0|0|0|0|0|0,6
Delaware,Car,BEV,2031,0|0|0|0|0|0|0|0|0|0|1|1|2|3|1|1|1|1|0|0|0|0|0|0|0|0|0|0|0|0|0,11
Delaware,Car,BEV,2032,0|0|0|0|0|0|0|0|0|1|1|2|2|3|4|1|1|1|0|0|0|0|0|0|0|0|0|0|0|0|0,16
Delaware,Car,BEV,2033,0|0|0|0|0|0|0|0|1|1|1|2|3|2|4|4|1|1|0|0|0|0|0|0|0|0|0|0|0|0|0,20
Delaware,Car,BEV,2034,0|0|0|0|0|0|0|0|1|2|1|3|5|4|3|4|4|1|0|0|0|0|0|0|0|0|0|0|0|0|0,28
Delaware,Car,BEV,2035,0|0|0|0|0|0|0|1|1|2|4|3|6|7|5|3|4|4|0|0|0|0|0|0|0|0|0|0|0|0|0,40
Delaware,Car,BEV,2036,0|0|0|0|0|0|0|1|1|3|6|9|5|8|8|6|3|4|3|0|0|0|0|0|0|0|0|0|0|0|0,57
Delaware,Car,BEV,2037,0|0|0|0|0|0|0|1|2|3|6|12|19|7|10|9|6|3|3|2|0|0|0|0|0|0|0|0|0|0|0,83
Delaware,Car,BEV,2038,0|0|0|0|0|0|0|1|2|4|8|14|25|25|8|11|9|5|2|2|2|0|0|0|0|0|0|0|0|0|0,118
Delaware,Car,BEV,2039,0|0|0|0|0|0|0|1|2|5|9|17|28|33|30|9|11|8|4|2|2|1|0|0|0|0|0|0|0|0|0,162
Delaware,Car,BEV,2040,0|0|0|0|0|0|1|1|3|5|11|20|35|36|39|33|9|10|7|3|1|1|1|0|0|0|0|0|0|0|0,216
Delaware,Car,BEV,2041,0|0|0|0|0|0|1|1|3|6|12|23|41|45|44|43|33|8|8|5|2|1|1|1|0|0|0|0|0|0|0,278
Delaware,Car,BEV,2042,0|0|0|0|0|0|1|1|3|7|13|26|48|54|55|49|43|30|7|6|4|2|1|1|0|0|0|0|0|0|0,351
Delaware,Car,BEV,2043,0|0|0|0|0|0|1|2|3|7|16|29|54|62|65|61|49|39|25|5|4|3|1|0|0|0|0|0|0|0|0,426
Delaware,Car,BEV,2044,0|0|0|0|0|0|1|2|4|8|17|34|60|70|75|72|61|44|33|19|4|3|2|1|0|0|0|0|0|0|0,510
Delaware,Car,BEV,2045,0|0|0|0|0|0|1|2|4|9|18|37|70|78|85|83|72|55|36|25|14|3|2|1|0|0|0|0|0|0|0,595
Delaware,Car,BEV,2046,0|0|0|0|0|0|1|2|4|9|20|39|75|91|95|94|83|65|45|28|18|10|2|1|1|0|0|0|0|0|0,683
Delaware,Car,BEV,2047,0|0|0|0|0|0|1|2|4|10|21|42|80|98|110|105|94|75|54|35|20|13|6|1|1|0|0|0|0|0|0,772
Delaware,Car,BEV,2048,0|0|0|0|0|0|1|2|5|10|22|44|85|104|118|122|105|85|62|41|25|14|8|4|1|1|0|0|0|0|0,859
Delaware,Car,BEV,2049,0|0|0|0|0|0|1|2|5|11|23|46|89|111|126|131|122|95|70|48|30|17|9|6|3|0|0|0|0|0|0,945
Delaware,Car,BEV,2050,0|0|0|0|0|0|1|2|5|11|24|49|93|116|134|139|131|110|78|54|35|21|12|6|4|2|0|0|0|0|0,1027
Delaware,Car,PHEV,2020,0|0|0|0|0|0|0|0|0|0|0|0|0|0|0|0|0|0|0|0|0|0|0|0|0|0|0|0|0|0|0,0
Delaware,Car,PHEV,2021,0|0|0|0|0|0|0|0|0|0|0|0|0|0|0|0|0|0|0|0|0|0|0|0|0|0|0|0|0|0|0,0
Delaware,Car,PHEV,2022,0|0|0|0|0|0|0|0|0|0|0|0|0|0|0|0|0|0|0|0|0|0|0|0|0|0|0|0|0|0|0,0
Delaware,Car,PHEV,2023,0|0|0|0|0|0|0|0|0|0|0|0|0|0|0|0|0|0|0|0|0|0|0|0|0|0|0|0|0|0|0,0
Delaware,Car,PHEV,2024,0|0|0|0|0|0|0|0|0|0|0|0|0|0|0|0|0|0|0|0|0|0|0|0|0|0|0|0|0|0|0,0
Delaware,Car,PHEV,2025,0|0|0|0|0|0|0|0|0|0|0|0|0|0|0|0|0|0|0|0|0|0|0|0|0|0|0|0|0|0|0,0
Delaware,Car,PHEV,2026,0|0|0|0|0|0|0|0|0|0|0|0|1|0|0|0|0|0|0|0|0|0|0|0|0|0|0|0|0|0|0,1
Delaware,Car,PHEV,2027,0|0|0|0|0|0|0|0|0|0|0|0|0|1|0|0|0|0|0|0|0|0|0|0|0|0|0|0|0|0|0,1
Delaware,Car,PHEV,2028,0|0|0|0|0|0|0|0|0|0|0|1|1|1|1|0|0|0|0|0|0|0|0|0|0|0|0|0|0|0|0,4
Delaware,Car,PHEV,2029,0|0|0|0|0|0|0|0|0|0|0|1|1|1|1|1|0|0|0|0|0|0|0|0|0|0|0|0|0|0|0,5
Delaware,Car,PHEV,2030,0|0|0|0|0|0|0|0|0|0|0|0|2|2|2|1|1|0|0|0|0|0|0|0|0|0|0|0|0|0|0,8
Delaware,Car,PHEV,2031,0|0|0|0|0|0|0|0|0|0|0|0|1|2|2|2|1|1|0|0|0|0|0|0|0|0|0|0|0|0|0,9
Delaware,Car,PHEV,2032,0|0|0|0|0|0|0|0|0|0|0|0|1|1|3|2|2|1|1|0|0|0|0|0|0|0|0|0|0|0|0,11
Delaware,Car,PHEV,2033,0|0|0|0|0|0|0|0|0|0|0|0|1|1|1|3|2|2|1|1|0|0|0|0|0|0|0|0|0|0|0,12
Delaware,Car,PHEV,2034,0|0|0|0|0|0|0|0|0|0|0|0|1|1|1|1|3|2|1|0|1|0|0|0|0|0|0|0|0|0|0,11
Delaware,Car,PHEV,2035,0|0|0|0|0|0|0|0|0|1|1|0|0|1|2|1|1|3|2|1|0|0|0|0|0|0|0|0|0|0|0,13
Delaware,Car,PHEV,2036,0|0|0|0|0|0|0|0|0|1|1|2|1|0|1|2|1|1|2|1|1|0|0|0|0|0|0|0|0|0|0,14
Delaware,Car,PHEV,2037,0|0|0|0|0|0|0|0|0|1|1|3|4|1|1|1|2|1|1|2|1|1|0|0|0|0|0|0|0|0|0,20
Delaware,Car,PHEV,2038,0|0|0|0|0|0|0|0|0|1|1|3|5|5|1|1|1|2|1|1|1|1|0|0|0|0|0|0|0|0|0,24
Delaware,Car,PHEV,2039,0|0|0|0|0|0|0|0|0|1|2|3|6|7|7|1|1|1|1|1|1|1|0|0|0|0|0|0|0|0|0,33
Delaware,Car,PHEV,2040,0|0|0|0|0|0|0|0|1|1|2|4|7|8|8|7|1|1|1|1|0|0|1|0|0|0|0|0|0|0|0,43
Delaware,Car,PHEV,2041,0|0|0|0|0|0|0|0|1|1|3|5|9|9|10|9|7|1|0|1|1|0|0|0|0|0|0|0|0|0|0,57
Delaware,Car,PHEV,2042,0|0|0|0|0|0|0|0|1|1|3|6|9|11|10|11|9|7|1|0|0|0|0|0|0|0|0|0|0|0|0,69
Delaware,Car,PHEV,2043,0|0|0|0|0|0|0|0|1|1|3|6|11|12|14|11|11|8|5|1|0|0|0|0|0|0|0|0|0|0|0,84
Delaware,Car,PHEV,2044,0|0|0|0|0|0|0|0|1|2|3|7|13|15|15|15|11|10|7|4|0|0|0|0|0|0|0|0|0|0|0,103
Delaware,Car,PHEV,2045,0|0|0|0|0|0|0|0|1|2|4|7|15|17|18|16|15|10|8|5|3|0|0|0|0|0|0|0|0|0|0,121
Delaware,Car,PHEV,2046,0|0|0|0|0|0|0|0|1|2|4|8|15|19|21|20|16|14|9|6|4|2|0|0|0|0|0|0|0|0|0,141
Delaware,Car,PHEV,2047,0|0|0|0|0|0|0|0|1|2|4|8|15|19|23|23|20|15|11|7|5|3|1|0|0|0|0|0|0|0|0,157
Delaware,Car,PHEV,2048,0|0|0|0|0|0|0|0|1|2|4|8|15|20|23|25|23|18|12|9|5|3|2|1|0|0|0|0|0|0|0,171
Delaware,Car,PHEV,2049,0|0|0|0|0|0|0|0|1|2|4|8|15|20|24|26|25|21|15|9|6|3|2|1|1|0|0|0|0|0|0,183
Delaware,Car,PHEV,2050,0|0|0|0|0|0|0|0|1|2|4|8|15|20|24|26|26|23|17|11|7|4|2|1|1|0|0|0|0|0|0,192
Delaware,SUV,BEV,2020,0|0|0|0|0|0|0|0|0|0|0|0|0|0|0|0|0|0|0|0|0|0|0|0|0|0|0|0|0|0|0,0
Delaware,SUV,BEV,2021,0|0|0|0|0|0|0|0|0|0|0|0|0|0|0|0|0|0|0|0|0|0|0|0|0|0|0|0|0|0|0,0
Delaware,SUV,BEV,2022,0|0|0|0|0|0|0|0|0|0|0|0|0|0|0|0|0|0|0|0|0|0|0|0|0|0|0|0|0|0|0,0
Delaware,SUV,BEV,2023,0|0|0|0|0|0|0|0|0|0|0|0|0|0|0|0|0|0|0|0|0|0|0|0|0|0|0|0|0|0|0,0
Delaware,SUV,BEV,2024,0|0|0|0|0|0|0|0|0|0|0|0|0|0|0|0|0|0|0|0|0|0|0|0|0|0|0|0|0|0|0,0
Delaware,SUV,BEV,2025,0|0|0|0|0|0|0|0|0|0|0|0|0|0|0|0|0|0|0|0|0|0|0|0|0|0|0|0|0|0|0,0
Delaware,SUV,BEV,2026,0|0|0|0|0|0|0|0|0|0|0|0|0|0|0|0|0|0|0|0|0|0|0|0|0|0|0|0|0|0|0,0
Delaware,SUV,BEV,2027,0|0|0|0|0|0|0|0|0|0|0|0|0|0|0|0|0|0|0|0|0|0|0|0|0|0|0|0|0|0|0,0
Delaware,SUV,BEV,2028,0|0|0|0|0|0|0|0|0|0|0|0|0|0|0|0|0|0|0|0|0|0|0|0|0|0|0|0|0|0|0,0
Delaware,SUV,BEV,2029,0|0|0|0|0|0|0|0|0|0|0|0|0|0|0|0|0|0|0|0|0|0|0|0|0|0|0|0|0|0|0,0
Delaware,SUV,BEV,2030,0|0|0|0|0|0|0|0|0|0|0|0|0|0|0|0|0|0|0|0|0|0|0|0|0|0|0|0|0|0|0,0
Delaware,SUV,BEV,2031,0|0|0|0|0|0|0|0|1|1|1|1|1|1|1|0|0|0|0|0|0|0|0|0|0|0|0|0|0|0|0,7
Delaware,SUV,BEV,2032,0|0|0|0|0|0|0|0|1|2|2|2|2|1|1|1|0|0|0|0|0|0|0|0|0|0|0|0|0|0|0,12
Delaware,SUV,BEV,2033,0|0|0|0|0|0|0|0|1|2|3|4|5|2|1|1|1|0|0|0|0|0|0|0|0|0|0|0|0|0|0,20
Delaware,SUV,BEV,2034,0|0|0|0|0|0|0|1|1|2|4|8|9|6|3|1|1|1|0|0|0|0|0|0|0|0|0|0|0|0|0,37
Delaware,SUV,BEV,2035,0|0|0|0|0|0|0|1|1|3|4|10|16|12|8|3|1|1|0|0|0|0|0|0|0|0|0|0|0|0|0,60
Delaware,SUV,BEV,2036,0|0|0|0|0|0|0|1|2|3|6|9|20|21|14|9|3|1|1|0|0|0|0|0|0|0|0|0|0|0|0,90
Delaware,SUV,BEV,2037,0|0|0|0|0|0|0|1|2|4|7|13|19|26|25|16|9|3|1|0|0|0|0|0|0|0|0|0|0|0|0,126
Delaware,SUV,BEV,2038,0|0|0|0|0|0|1|1|2|5|8|14|26|25|31|28|16|8|2|1|0|0|0|0|0|0|0|0|0|0|0,168
Delaware,SUV,BEV,2039,0|0|0|0|0|0|1|1|3|5|10|18|29|33|30|35|28|14|6|2|0|0|0|0|0|0|0|0|0|0|0,215
Delaware,SUV,BEV,2040,0|0|0|0|0|0|1|2|3|6|12|23|38|38|40|33|35|25|12|5|1|0|0|0|0|0|0|0|0|0|0,274
Delaware,SUV,BEV,2041,0|0|0|0|0|0|1|2|4|7|14|27|46|49|46|45|33|31|21|9|4|1|0|0|0|0|0|0|0|0|0,340
Delaware,SUV,BEV,2042,0|0|0|0|0|0|1|2|4|9|17|32|55|61|60|51|45|30|26|16|7|2|1|0|0|0|0|0|0|0|0,419
Delaware,SUV,BEV,2043,0|0|0|0|0|0|1|2|5|10|20|37|65|72|73|66|51|40|25|20|11|5|2|0|0|0|0|0|0|0|0,505
Delaware,SUV,BEV,2044,0|0|0|0|0|0|1|2|5|11|22|44|75|84|87|81|66|46|33|19|14|8|3|1|0|0|0|0|0|0|0,602
Delaware,SUV,BEV,2045,0|0|0|0|0|0|1|2|5|11|24|48|89|97|102|97|81|60|38|26|14|10|5|2|1|0|0|0|0|0|0,713
Delaware,SUV,BEV,2046,0|0|0|0|0|0|1|2|6|12|26|52|99|117|118|113|97|73|49|29|19|9|7|4|1|0|0|0|0|0|0,834
Delaware,SUV,BEV,2047,0|0|0|0|0|0|1|3|6|13|28|56|107|129|141|130|113|87|61|38|21|13|6|4|2|1|0|0|0|0|0,960
Delaware,SUV,BEV,2048,0|0|0|0|0|1|1|3|6|14|29|60|114|139|155|156|130|102|72|46|27|15|9|4|3|1|1|0|0|0|0,1088
Delaware,SUV,BEV,2049,0|0|0|0|0|1|1|3|6|14|31|63|121|149|168|172|156|118|84|55|34|19|10|6|3|2|1|0|0|0|0,1217
Delaware,SUV,BEV,2050,0|0|0|0|0|1|1|3|7|15|32|66|127|158|180|186|172|141|97|65|40|23|13|7|4|2|1|1|0|0|0,1342
Delaware,SUV,PHEV,2020,0|0|0|0|0|0|0|0|0|0|0|0|0|0|0|0|0|0|0|0|0|0|0|0|0|0|0|0|0|0|0,0
Delaware,SUV,PHEV,2021,0|0|0|0|0|0|0|0|0|0|0|0|0|0|0|0|0|0|0|0|0|0|0|0|0|0|0|0|0|0|0,0
Delaware,SUV,PHEV,2022,0|0|0|0|0|0|0|0|0|0|0|0|0|0|0|0|0|0|0|0|0|0|0|0|0|0|0|0|0|0|0,0
Delaware,SUV,PHEV,2023,0|0|0|0|0|0|0|0|0|0|0|0|0|0|0|0|0|0|0|0|0|0|0|0|0|0|0|0|0|0|0,0
Delaware,SUV,PHEV,2024,0|0|0|0|0|0|0|0|0|0|0|0|0|0|0|0|0|0|0|0|0|0|0|0|0|0|0|0|0|0|0,0
Delaware,SUV,PHEV,2025,0|0|0|0|0|0|0|0|0|0|0|0|0|0|0|0|0|0|0|0|0|0|0|0|0|0|0|0|0|0|0,0
Delaware,SUV,PHEV,2026,0|0|0|0|0|0|0|0|0|0|0|0|0|0|0|0|0|0|0|0|0|0|0|0|0|0|0|0|0|0|0,0
Delaware,SUV,PHEV,2027,0|0|0|0|0|0|0|0|0|0|0|0|0|0|0|0|0|0|0|0|0|0|0|0|0|0|0|0|0|0|0,0
Delaware,SUV,PHEV,2028,0|0|0|0|0|0|0|0|0|0|0|0|0|0|0|0|0|0|0|0|0|0|0|0|0|0|0|0|0|0|0,0
Delaware,SUV,PHEV,2029,0|0|0|0|0|0|0|0|0|0|0|0|0|0|0|0|0|0|0|0|0|0|0|0|0|0|0|0|0|0|0,0
Delaware,SUV,PHEV,2030,0|0|0|0|0|0|0|0|0|0|0|0|0|0|0|0|0|0|0|0|0|0|0|0|0|0|0|0|0|0|0,0
Delaware,SUV,PHEV,2031,0|0|0|0|0|0|0|0|0|0|1|0|0|0|1|1|0|0|0|0|0|0|0|0|0|0|0|0|0|0|0,3
Delaware,SUV,PHEV,2032,0|0|0|0|0|0|0|0|0|1|1|1|1|0|1|1|1|0|0|0|0|0|0|0|0|0|0|0|0|0|0,7
Delaware,SUV,PHEV,2033,0|0|0|0|0|0|0|0|0|1|1|2|3|1|0|1|1|0|0|0|0|0|0|0|0|0|0|0|0|0|0,10
Delaware,SUV,PHEV,2034,0|0|0|0|0|0|0|0|0|0|2|3|4|4|1|1|1|1|0|0|0|0|0|0|0|0|0|0|0|0|0,17
Delaware,SUV,PHEV,2035,0|0|0|0|0|0|0|0|0|1|1|4|7|5|5|1|1|1|0|0|0|0|0|0|0|0|0|0|0|0|0,26
Delaware,SUV,PHEV,2036,0|0|0|0|0|0|0|0|0|1|1|2|8|9|6|5|1|0|0|0|0|0|0|0|0|0|0|0|0|0|0,33
Delaware,SUV,PHEV,2037,0|0|0|0|0|0|0|0|0|1|1|3|4|10|10|7|5|1|0|0|0|0|0|0|0|0|0|0|0|0|0,42
Delaware,SUV,PHEV,2038,0|0|0|0|0|0|0|0|0|1|2|3|5|5|12|11|7|5|1|0|0|0|0|0|0|0|0|0|0|0|0,52
Delaware,SUV,PHEV,2039,0|0|0|0|0|0|0|0|1|1|2|3|7|7|6|14|11|6|4|1|0|0|0|0|0|0|0|0|0|0|0,63
Delaware,SUV,PHEV,2040,0|0|0|0|0|0|0|0|1|1|2|5|7|9|8|7|14|10|5|3|1|0|0|0|0|0|0|0|0|0|0,73
Delaware,SUV,PHEV,2041,0|0|0|0|0|0|0|0|1|2|3|5|10|9|10|9|7|12|9|4|2|0|0|0|0|0|0|0|0|0|0,83
Delaware,SUV,PHEV,2042,0|0|0|0|0|0|0|0|1|2|4|7|11|12|11|11|9|6|10|7|3|1|0|0|0|0|0|0|0|0|0,95
Delaware,SUV,PHEV,2043,0|0|0|0|0|0|0|0|1|2|4|8|14|14|15|13|11|8|5|8|5|2|1|0|0|0|0|0|0|0|0,111
Delaware,SUV,PHEV,2044,0|0|0|0|0|0|0|0|1|2|5|9|17|18|18|17|13|10|7|4|6|3|1|1|0|0|0|0|0|0|0,132
Delaware,SUV,PHEV,2045,0|0|0|0|0|0|0|0|1|2|5|10|19|22|22|19|17|11|9|5|3|4|2|1|0|0|0|0|0|0|0,152
Delaware,SUV,PHEV,2046,0|0|0|0|0|0|0|0|1|2|5|10|20|25|27|24|19|15|9|7|4|2|3|1|1|0|0|0|0|0|0,175
Delaware,SUV,PHEV,2047,0|0|0|0|0|0|0|0|1|2|5|10|20|26|30|30|24|18|12|7|5|3|1|2|1|0|0|0|0|0|0,197
Delaware,SUV,PHEV,2048,0|0|0|0|0|0|0|0|1|2|5|10|20|26|32|33|30|22|14|10|5|3|2|1|1|1|0|0|0|0|0,218
Delaware,SUV,PHEV,2049,0|0|0|0|0|0|0|0|1|2|5|10|21|26|32|35|33|27|18|11|7|4|2|1|1|1|0|0|0|0|0,237
Delaware,SUV,PHEV,2050,0|0|0|0|0|0|0|0|1|2|5|10|21|27|32|35|35|30|22|14|8|5|2|1|1|0|0|0|0|0|0,251
District of Columbia,Car,BEV,2020,0|0|0|0|0|0|0|0|0|0|0|0|0|0|0|0|0|0|0|0|0|0|0|0|0|0|0|0|0|0|0,0
District of Columbia,Car,BEV,2021,0|0|0|0|0|0|0|0|0|0|0|0|0|0|0|0|0|0|0|0|0|0|0|0|0|0|0|0|0|0|0,0
District of Columbia,Car,BEV,2022,0|0|0|0|0|0|0|0|0|0|0|0|0|0|0|0|0|0|0|0|0|0|0|0|0|0|0|0|0|0|0,0
District of Columbia,Car,BEV,2023,0|0|0|0|0|0|0|0|0|0|0|0|0|0|0|0|0|0|0|0|0|0|0|0|0|0|0|0|0|0|0,0
District of Columbia,Car,BEV,2024,0|0|0|0|0|0|0|0|0|0|0|0|0|0|0|0|0|0|0|0|0|0|0|0|0|0|0|0|0|0|0,0
District of Columbia,Car,BEV,2025,0|0|0|0|0|0|0|0|0|0|0|0|0|0|0|0|0|0|0|0|0|0|0|0|0|0|0|0|0|0|0,0
District of Columbia,Car,BEV,2026,0|0|0|0|0|0|0|0|0|0|0|0|1|0|0|0|0|0|0|0|0|0|0|0|0|0|0|0|0|0|0,1
District of Columbia,Car,BEV,2027,0|0|0|0|0|0|0|0|0|0|0|0|1|1|0|0|0|0|0|0|0|0|0|0|0|0|0|0|0|0|0,2
District of Columbia,Car,BEV,2028,0|0|0|0|0|0|0|0|0|0|1|0|1|1|2|0|0|0|0|0|0|0|0|0|0|0|0|0|0|0|0,5
District of Columbia,Car,BEV,2029,0|0|0|0|0|0|0|0|0|0|1|2|1|1|2|2|0|0|0|0|0|0|0|0|0|0|0|0|0|0|0,9
District of Columbia,Car,BEV,2030,0|0|0|0|0|0|0|0|0|0|1|2|3|1|2|2|2|0|0|0|0|0|0|0|0|0|0|0|0|0|0,13
District of Columbia,Car,BEV,2031,0|0|0|0|0|0|0|0|0|1|1|1|4|4|1|2|2|2|0|0|0|0|0|0|0|0|0|0|0|0|0,18
District of Columbia,Car,BEV,2032,0|0|0|0|0|0|0|0|0|1|1|2|3|5|5|2|2|2|1|0|0|0|0|0|0|0|0|0|0|0|0,24
District of Columbia,Car,BEV,2033,0|0|0|0|0|0|0|0|1|0|1|3|4|3|6|5|2|2|1|1|0|0|0|0|0|0|0|0|0|0|0,29
District of Columbia,Car,BEV,2034,0|0|0|0|0|0|0|1|1|2|1|3|6|5|4|6|5|1|1|1|1|0|0|0|0|0|0|0|0|0|0,38
District of Columbia,Car,BEV,2035,0|0|0|0|0|0|0|1|1|3|4|2|6|7|6|4|6|5|1|1|1|0|0|0|0|0|0|0|0|0|0,48
District of Columbia,Car,BEV,2036,0|0|0|0|0|0|0|1|2|3|6|9|5|8|9|7|4|6|4|1|1|0|0|0|0|0|0|0|0|0|0,66
District of Columbia,Car,BEV,2037,0|0|0|0|0|0|0|1|2|4|8|14|18|7|9|10|7|4|5|3|1|0|0|0|0|0|0|0|0|0|0,93
District of Columbia,Car,BEV,2038,0|0|0|0|0|0|0|1|2|5|9|17|28|23|8|10|10|6|3|4|2|0|0|0|0|0|0|0|0|0|0,128
District of Columbia,Car,BEV,2039,0|0|0|0|0|0|0|1|3|5|11|20|34|37|28|9|10|9|5|3|3|2|0|0|0|0|0|0|0|0|0,180
District of Columbia,Car,BEV,2040,0|0|0|0|0|0|1|1|3|6|12|23|42|44|44|31|9|9|7|4|2|2|1|0|0|0|0|0|0|0|0,241
District of Columbia,Car,BEV,2041,0|0|0|0|0|0|1|1|3|6|14|27|48|54|54|49|31|8|8|6|3|1|1|1|0|0|0|0|0|0|0,316
District of Columbia,Car,BEV,2042,0|0|0|0|0|0|1|1|3|7|15|30|56|63|66|59|49|28|7|6|4|2|1|1|0|0|0|0|0|0|0,399
District of Columbia,Car,BEV,2043,0|0|0|0|0|0|1|2|3|7|16|32|61|72|76|73|59|44|23|5|4|3|1|1|1|0|0|0|0|0|0,484
District of Columbia,Car,BEV,2044,0|0|0|0|0|0|1|2|4|8|17|34|65|80|88|84|73|54|37|18|4|3|2|1|0|0|0|0|0|0|0,575
District of Columbia,Car,BEV,2045,0|0|0|0|0|0|1|2|4|8|18|37|70|85|97|97|84|66|44|28|13|3|2|1|1|0|0|0|0|0|0,661
District of Columbia,Car,BEV,2046,0|0|0|0|0|0|1|2|4|9|19|39|75|91|103|107|97|76|54|34|20|9|2|1|1|0|0|0|0|0|0,744
District of Columbia,Car,BEV,2047,0|0|0|0|0|0|1|2|4|9|19|40|80|97|110|114|107|88|63|42|25|14|6|1|1|1|0|0|0|0|0,824
District of Columbia,Car,BEV,2048,0|0|0|0|0|0|1|2|4|9|20|41|81|104|118|121|114|97|72|48|30|17|10|4|1|1|0|0|0|0|0,895
District of Columbia,Car,BEV,2049,0|0|0|0|0|0|1|2|5|10|21|43|83|106|126|130|121|103|80|56|35|21|12|6|3|0|0|0|0|0|0,964
District of Columbia,Car,BEV,2050,0|0|0|0|0|0|1|2|5|10|22|44|85|108|128|139|130|110|85|61|40|24|14|8|4|2|0|0|0|0|0,1022
District of Columbia,Car,PHEV,2020,0|0|0|0|0|0|0|0|0|0|0|0|0|0|0|0|0|0|0|0|0|0|0|0|0|0|0|0|0|0|0,0
District of Columbia,Car,PHEV,2021,0|0|0|0|0|0|0|0|0|0|0|0|0|0|0|0|0|0|0|0|0|0|0|0|0|0|0|0|0|0|0,0
District of Columbia,Car,PHEV,2022,0|0|0|0|0|0|0|0|0|0|0|0|0|0|0|0|0|0|0|0|0|0|0|0|0|0|0|0|0|0|0,0
District of Columbia,Car,PHEV,2023,0|0|0|0|0|0|0|0|0|0|0|0|0|0|0|0|0|0|0|0|0|0|0|0|0|0|0|0|0|0|0,0
District of Columbia,Car,PHEV,2024,0|0|0|0|0|0|0|0|0|0|0|0|0|0|0|0|0|0|0|0|0|0|0|0|0|0|0|0|0|0|0,0
District of Columbia,Car,PHEV,2025,0|0|0|0|0|0|0|0|0|0|0|0|0|0|0|0|0|0|0|0|0|0|0|0|0|0|0|0|0|0|0,0
District of Columbia,Car,PHEV,2026,0|0|0|0|0|0|0|0|0|0|0|0|0|0|0|0|0|0|0|0|0|0|0|0|0|0|0|0|0|0|0,0
District of Columbia,Car,PHEV,2027,0|0|0|0|0|0|0|0|0|0|0|0|0|1|0|0|0|0|0|0|0|0|0|0|0|0|0|0|0|0|0,1
District of Columbia,Car,PHEV,2028,0|0|0|0|0|0|0|0|0|0|0|0|1|0|1|0|0|0|0|0|0|0|0|0|0|0|0|0|0|0|0,2
District of Columbia,Car,PHEV,2029,0|0|0|0|0|0|0|0|0|0|0|1|1|1|0|1|0|0|0|0|0|0|0|0|0|0|0|0|0|0|0,4
District of Columbia,Car,PHEV,2030,0|0|0|0|0|0|0|0|0|0|0|0|1|1|1|1|1|0|0|0|0|0|0|0|0|0|0|0|0|0|0,5
District of Columbia,Car,PHEV,2031,0|0|0|0|0|0|0|0|0|0|0|0|1|2|2|1|1|1|0|0|0|0|0|0|0|0|0|0|0|0|0,8
District of Columbia,Car,PHEV,2032,0|0|0|0|0|0|0|0|0|0|0|0|1|1|2|2|1|0|1|0|0|0|0|0|0|0|0|0|0|0|0,8
District of Columbia,Car,PHEV,2033,0|0|0|0|0|0|0|0|0|0|0|0|1|1|1|2|2|1|0|0|0|0|0|0|0|0|0|0|0|0|0,8
District of Columbia,Car,PHEV,2034,0|0|0|0|0|0|0|0|0|0|0|0|1|1|1|1|2|2|1|0|0|0|0|0|0|0|0|0|0|0|0,9
District of Columbia,Car,PHEV,2035,0|0|0|0|0|0|0|0|0|1|1|0|0|1|2|1|1|2|1|1|0|0|0|0|0|0|0|0|0|0|0,11
District of Columbia,Car,PHEV,2036,0|0|0|0|0|0|0|0|0|1|1|2|0|0|1|2|1|1|2|1|1|0|0|0|0|0|0|0|0|0|0,13
District of Columbia,Car,PHEV,2037,0|0|0|0|0|0|0|0|0|1|2|3|3|1|1|1|2|1|1|1|1|0|0|0|0|0|0|0|0|0|0,18
District of Columbia,Car,PHEV,2038,0|0|0|0|0|0|0|0|0|1|2|3|5|4|1|1|1|2|1|1|1|0|0|0|0|0|0|0|0|0|0,23
District of Columbia,Car,PHEV,2039,0|0|0|0|0|0|0|0|0|1|2|3|7|7|5|1|1|1|1|1|1|1|0|0|0|0|0|0|0|0|0,32
District of Columbia,Car,PHEV,2040,0|0|0|0|0|0|0|0|1|1|2|4|7|9|8|5|1|1|1|1|0|0|0|0|0|0|0|0|0|0|0,41
District of Columbia,Car,PHEV,2041,0|0|0|0|0|0|0|0|1|1|3|5|9|9|11|9|5|1|0|1|1|0|0|0|0|0|0|0|0|0|0,56
District of Columbia,Car,PHEV,2042,0|0|0|0|0|0|0|0|1|1|3|6|10|12|11|12|9|5|1|0|0|1|0|0|0|0|0|0|0|0|0,72
District of Columbia,Car,PHEV,2043,0|0|0|0|0|0|0|0|1|1|3|6|12|13|14|12|12|8|4|0|0|0|0|0|0|0|0|0|0|0|0,86
District of Columbia,Car,PHEV,2044,0|0|0|0|0|0|0|0|1|2|3|7|13|16|16|16|12|11|7|3|0|0|0|0|0|0|0|0|0|0|0,107
District of Columbia,Car,PHEV,2045,0|0|0|0|0|0|0|0|1|2|4|7|14|17|19|17|16|11|9|5|2|0|0|0|0|0|0|0|0|0|0,124
District of Columbia,Car,PHEV,2046,0|0|0|0|0|0|0|0|1|1|3|8|15|19|21|21|17|14|9|7|4|2|0|0|0|0|0|0|0|0|0,142
District of Columbia,Car,PHEV,2047,0|0|0|0|0|0|0|0|1|2|3|7|15|19|23|23|21|16|12|7|5|3|1|0|0|0|0|0|0|0|0,158
District of Columbia,Car,PHEV,2048,0|0|0|0|0|0|0|0|1|2|3|7|15|20|23|25|23|19|13|9|5|4|2|1|0|0|0|0|0|0|0,172
District of Columbia,Car,PHEV,2049,0|0|0|0|0|0|0|0|1|2|3|7|14|19|24|26|25|21|16|10|7|4|2|1|0|0|0|0|0|0|0,182
District of Columbia,Car,PHEV,2050,0|0|0|0|0|0|0|0|1|2|3|7|14|18|23|26|26|23|17|12|7|5|2|2|1|0|0|0|0|0|0,189
District of Columbia,SUV,BEV,2020,0|0|0|0|0|0|0|0|0|0|0|0|0|0|0|0|0|0|0|0|0|0|0|0|0|0|0|0|0|0|0,0
District of Columbia,SUV,BEV,2021,0|0|0|0|0|0|0|0|0|0|0|0|0|0|0|0|0|0|0|0|0|0|0|0|0|0|0|0|0|0|0,0
District of Columbia,SUV,BEV,2022,0|0|0|0|0|0|0|0|0|0|0|0|0|0|0|0|0|0|0|0|0|0|0|0|0|0|0|0|0|0|0,0
District of Columbia,SUV,BEV,2023,0|0|0|0|0|0|0|0|0|0|0|0|0|0|0|0|0|0|0|0|0|0|0|0|0|0|0|0|0|0|0,0
District of Columbia,SUV,BEV,2024,0|0|0|0|0|0|0|0|0|0|0|0|0|0|0|0|0|0|0|0|0|0|0|0|0|0|0|0|0|0|0,0
District of Columbia,SUV,BEV,2025,0|0|0|0|0|0|0|0|0|0|0|0|0|0|0|0|0|0|0|0|0|0|0|0|0|0|0|0|0|0|0,0
District of Columbia,SUV,BEV,2026,0|0|0|0|0|0|0|0|0|0|0|0|0|0|0|0|0|0|0|0|0|0|0|0|0|0|0|0|0|0|0,0
District of Columbia,SUV,BEV,2027,0|0|0|0|0|0|0|0|0|0|0|0|0|0|0|0|0|0|0|0|0|0|0|0|0|0|0|0|0|0|0,0
District of Columbia,SUV,BEV,2028,0|0|0|0|0|0|0|0|0|0|0|0|0|0|0|0|0|0|0|0|0|0|0|0|0|0|0|0|0|0|0,0
District of Columbia,SUV,BEV,2029,0|0|0|0|0|0|0|0|0|0|0|0|1|0|0|0|0|0|0|0|0|0|0|0|0|0|0|0|0|0|0,1
District of Columbia,SUV,BEV,2030,0|0|0|0|0|0|0|0|0|1|1|0|1|1|1|0|0|0|0|0|0|0|0|0|0|0|0|0|0|0|0,5
District of Columbia,SUV,BEV,2031,0|0|0|0|0|0|0|0|1|1|1|1|1|1|1|1|0|0|0|0|0|0|0|0|0|0|0|0|0|0|0,8
District of Columbia,SUV,BEV,2032,0|0|0|0|0|0|0|0|1|1|2|3|3|1|1|2|1|0|0|0|0|0|0|0|0|0|0|0|0|0|0,15
District of Columbia,SUV,BEV,2033,0|0|0|0|0|0|0|0|0|2|3|5|6|3|2|1|2|1|0|0|0|0|0|0|0|0|0|0|0|0|0,25
District of Columbia,SUV,BEV,2034,0|0|0|0|0|0|0|0|1|1|4|7|10|8|4|2|1|1|0|0|0|0|0|0|0|0|0|0|0|0|0,39
District of Columbia,SUV,BEV,2035,0|0|0|0|0|0|0|0|1|1|2|9|15|13|10|4|2|1|1|0|0|0|0|0|0|0|0|0|0|0|0,59
District of Columbia,SUV,BEV,2036,0|0|0|0|0|0|0|0|1|2|3|4|19|20|15|11|4|2|1|1|0|0|0|0|0|0|0|0|0|0|0,83
District of Columbia,SUV,BEV,2037,0|0|0|0|0|0|0|1|1|2|4|7|9|25|24|17|11|4|1|1|1|0|0|0|0|0|0|0|0|0|0,108
District of Columbia,SUV,BEV,2038,0|0|0|0|0|0|0|1|1|3|5|9|15|12|30|27|17|10|3|1|1|0|0|0|0|0|0|0|0|0|0,135
District of Columbia,SUV,BEV,2039,0|0|0|0|0|0|0|1|2|3|6|11|18|19|14|33|27|15|8|3|1|0|0|0|0|0|0|0|0|0|0,161
District of Columbia,SUV,BEV,2040,0|0|0|0|0|0|0|1|2|4|7|13|23|23|23|15|33|24|13|6|2|0|0|0|0|0|0|0|0|0|0,189
District of Columbia,SUV,BEV,2041,0|0|0|0|0|0|0|1|2|4|9|16|27|30|28|25|15|30|20|10|4|1|0|0|0|0|0|0|0|0|0,222
District of Columbia,SUV,BEV,2042,0|0|0|0|0|0|0|1|2|5|10|19|33|35|36|31|25|14|25|15|7|3|1|0|0|0|0|0|0|0|0,262
District of Columbia,SUV,BEV,2043,0|0|0|0|0|0|0|1|3|5|11|21|38|42|42|40|31|23|12|19|11|5|2|1|0|0|0|0|0|0|0,307
District of Columbia,SUV,BEV,2044,0|0|0|0|0|0|0|1|3|6|12|23|42|49|51|47|40|28|19|9|14|8|3|1|0|0|0|0|0|0|0,356
District of Columbia,SUV,BEV,2045,0|0|0|0|0|0|1|1|3|6|13|26|47|55|60|57|47|36|23|15|6|10|5|2|1|0|0|0|0|0|0,414
District of Columbia,SUV,BEV,2046,0|0|0|0|0|0|1|1|3|6|14|28|52|61|66|66|57|42|30|18|11|4|6|3|1|1|0|0|0|0|0,471
District of Columbia,SUV,BEV,2047,0|0|0|0|0|0|1|1|3|7|14|29|58|68|73|73|66|51|35|23|13|7|3|4|2|1|0|0|0|0|0,532
District of Columbia,SUV,BEV,2048,0|0|0|0|0|0|1|1|3|7|15|31|60|75|82|81|73|60|42|27|16|9|5|2|3|1|1|0|0|0|0,595
District of Columbia,SUV,BEV,2049,0|0|0|0|0|0|1|1|3|7|15|32|63|78|91|90|81|66|49|33|19|11|6|3|1|2|1|0|0|0|0,653
District of Columbia,SUV,BEV,2050,0|0|0|0|0|0|1|1|3|7|16|33|65|82|94|101|90|73|55|38|24|13|8|4|2|1|1|1|0|0|0,713
District of Columbia,SUV,PHEV,2020,0|0|0|0|0|0|0|0|0|0|0|0|0|0|0|0|0|0|0|0|0|0|0|0|0|0|0|0|0|0|0,0
District of Columbia,SUV,PHEV,2021,0|0|0|0|0|0|0|0|0|0|0|0|0|0|0|0|0|0|0|0|0|0|0|0|0|0|0|0|0|0|0,0
District of Columbia,SUV,PHEV,2022,0|0|0|0|0|0|0|0|0|0|0|0|0|0|0|0|0|0|0|0|0|0|0|0|0|0|0|0|0|0|0,0
District of Columbia,SUV,PHEV,2023,0|0|0|0|0|0|0|0|0|0|0|0|0|0|0|0|0|0|0|0|0|0|0|0|0|0|0|0|0|0|0,0
District of Columbia,SUV,PHEV,2024,0|0|0|0|0|0|0|0|0|0|0|0|0|0|0|0|0|0|0|0|0|0|0|0|0|0|0|0|0|0|0,0
District of Columbia,SUV,PHEV,2025,0|0|0|0|0|0|0|0|0|0|0|0|0|0|0|0|0|0|0|0|0|0|0|0|0|0|0|0|0|0|0,0
District of Columbia,SUV,PHEV,2026,0|0|0|0|0|0|0|0|0|0|0|0|0|0|0|0|0|0|0|0|0|0|0|0|0|0|0|0|0|0|0,0
District of Columbia,SUV,PHEV,2027,0|0|0|0|0|0|0|0|0|0|0|0|0|0|0|0|0|0|0|0|0|0|0|0|0|0|0|0|0|0|0,0
District of Columbia,SUV,PHEV,2028,0|0|0|0|0|0|0|0|0|0|0|0|0|0|0|0|0|0|0|0|0|0|0|0|0|0|0|0|0|0|0,0
District of Columbia,SUV,PHEV,2029,0|0|0|0|0|0|0|0|0|0|0|0|0|0|0|0|0|0|0|0|0|0|0|0|0|0|0|0|0|0|0,0
District of Columbia,SUV,PHEV,2030,0|0|0|0|0|0|0|0|0|0|0|0|0|0|0|0|0|0|0|0|0|0|0|0|0|0|0|0|0|0|0,0
District of Columbia,SUV,PHEV,2031,0|0|0|0|0|0|0|0|0|0|1|0|0|0|0|0|0|0|0|0|0|0|0|0|0|0|0|0|0|0|0,1
District of Columbia,SUV,PHEV,2032,0|0|0|0|0|0|0|0|0|1|1|2|1|0|1|1|0|0|0|0|0|0|0|0|0|0|0|0|0|0|0,7
District of Columbia,SUV,PHEV,2033,0|0|0|0|0|0|0|0|0|1|1|2|4|1|0|1|1|0|0|0|0|0|0|0|0|0|0|0|0|0|0,11
District of Columbia,SUV,PHEV,2034,0|0|0|0|0|0|0|0|0|0|2|3|5|5|1|1|1|0|0|0|0|0|0|0|0|0|0|0|0|0|0,18
District of Columbia,SUV,PHEV,2035,0|0|0|0|0|0|0|0|0|0|0|4|6|6|6|1|1|1|0|0|0|0|0|0|0|0|0|0|0|0|0,25
District of Columbia,SUV,PHEV,2036,0|0|0|0|0|0|0|0|0|0|1|1|8|8|7|7|1|0|0|0|0|0|0|0|0|0|0|0|0|0|0,33
District of Columbia,SUV,PHEV,2037,0|0|0|0|0|0|0|0|0|0|1|1|1|10|10|8|7|1|0|0|0|0|0|0|0|0|0|0|0|0|0,39
District of Columbia,SUV,PHEV,2038,0|0|0|0|0|0|0|0|0|1|1|2|3|2|12|11|8|6|1|0|0|0|0|0|0|0|0|0|0|0|0,47
District of Columbia,SUV,PHEV,2039,0|0|0|0|0|0|0|0|0|1|1|2|4|3|2|13|11|7|5|1|0|0|0|0|0|0|0|0|0|0|0,50
District of Columbia,SUV,PHEV,2040,0|0|0|0|0|0|0|0|0|1|1|3|4|5|4|3|13|10|6|4|1|0|0|0|0|0|0|0|0|0|0,55
District of Columbia,SUV,PHEV,2041,0|0|0|0|0|0|0|0|0|1|2|3|5|5|6|5|3|12|8|5|3|0|0|0|0|0|0|0|0|0|0,58
District of Columbia,SUV,PHEV,2042,0|0|0|0|0|0|0|0|1|1|2|4|6|7|7|7|5|2|10|6|3|2|0|0|0|0|0|0|0|0|0,63
District of Columbia,SUV,PHEV,2043,0|0|0|0|0|0|0|0|0|1|2|5|8|8|8|7|7|4|2|8|5|2|1|0|0|0|0|0|0|0|0,68
District of Columbia,SUV,PHEV,2044,0|0|0|0|0|0|0|0|0|1|3|5|9|10|10|9|7|6|3|1|6|3|2|1|0|0|0|0|0|0|0,76
District of Columbia,SUV,PHEV,2045,0|0|0|0|0|0|0|0|0|1|2|5|10|12|12|11|9|7|5|3|1|4|2|1|1|0|0|0|0|0|0,86
District of Columbia,SUV,PHEV,2046,0|0|0|0|0|0|0|0|0|1|2|5|11|13|15|13|11|8|5|4|2|1|3|1|1|0|0|0|0|0|0,96
District of Columbia,SUV,PHEV,2047,0|0|0|0|0|0|0|0|0|1|2|5|11|14|16|16|13|10|7|4|3|1|0|2|1|0|0|0|0|0|0,106
District of Columbia,SUV,PHEV,2048,0|0|0|0|0|0|0|0|0|1|2|5|10|14|17|18|16|12|8|5|3|2|1|0|1|1|0|0|0|0|0,116
District of Columbia,SUV,PHEV,2049,0|0|0|0|0|0|0|0|0|1|2|5|11|14|17|19|18|15|10|6|4|2|1|1|0|1|0|0|0|0|0,127
District of Columbia,SUV,PHEV,2050,0|0|0|0|0|0|0|0|0|1|2|5|10|14|17|19|19|16|12|8|4|3|1|1|0|0|0|0|0|0|0,132
Florida,Car,BEV,2020,0|0|0|0|0|0|0|0|0|0|0|0|0|0|0|0|0|0|0|0|0|0|0|0|0|0|0|0|0|0|0,0
Florida,Car,BEV,2021,0|0|0|0|0|0|0|0|0|0|0|0|0|0|0|0|0|0|0|0|0|0|0|0|0|0|0|0|0|0|0,0
Florida,Car,BEV,2022,0|0|0|0|0|0|0|0|1|0|0|0|0|0|0|0|0|0|0|0|0|0|0|0|0|0|0|0|0|0|0,1
Florida,Car,BEV,2023,0|0|0|0|0|0|0|0|1|2|0|0|0|0|0|0|0|0|0|0|0|0|0|0|0|0|0|0|0|0|0,3
Florida,Car,BEV,2024,0|0|0|0|0|0|1|0|1|2|4|0|0|0|0|0|0|0|0|0|0|0|0|0|0|0|0|0|0|0|0,8
Florida,Car,BEV,2025,0|0|0|0|0|0|1|1|1|2|4|9|0|0|0|0|0|0|0|0|0|0|0|0|0|0|0|0|0|0|0,18
Florida,Car,BEV,2026,0|0|0|0|0|0|0|1|3|2|4|10|19|0|0|0|0|0|0|0|0|0|0|0|0|0|0|0|0|0|0,39
Florida,Car,BEV,2027,0|0|0|0|0|0|1|1|3|8|4|10|20|25|0|0|0|0|0|0|0|0|0|0|0|0|0|0|0|0|0,72
Florida,Car,BEV,2028,0|0|0|0|0|1|1|2|3|8|18|9|20|26|30|0|0|0|0|0|0|0|0|0|0|0|0|0|0|0|0,118
Florida,Car,BEV,2029,0|0|0|0|0|0|1|3|4|6|17|39|19|26|31|33|0|0|0|0|0|0|0|0|0|0|0|0|0|0|0,179
Florida,Car,BEV,2030,0|0|0|0|0|1|1|3|7|10|14|38|81|25|32|35|33|0|0|0|0|0|0|0|0|0|0|0|0|0|0,280
Florida,Car,BEV,2031,0|0|0|0|1|1|2|3|8|16|24|30|78|105|31|35|35|30|0|0|0|0|0|0|0|0|0|0|0|0|0,399
Florida,Car,BEV,2032,0|0|0|0|1|2|3|5|7|18|36|52|63|102|128|34|35|31|25|0|0|0|0|0|0|0|0|0|0|0|0,542
Florida,Car,BEV,2033,0|0|0|0|1|2|4|7|13|16|42|78|106|82|123|141|34|32|26|19|0|0|0|0|0|0|0|0|0|0|0,726
Florida,Car,BEV,2034,0|0|0|0|1|2|5|10|18|31|36|91|161|138|99|136|141|31|26|20|14|0|0|0|0|0|0|0|0|0|0,960
Florida,Car,BEV,2035,0|0|0|1|1|3|6|13|24|42|71|78|187|210|167|109|136|128|25|20|14|10|0|0|0|0|0|0|0|0|0,1245
Florida,Car,BEV,2036,0|0|0|1|1|3|7|15|30|56|95|154|159|244|254|185|109|123|105|19|15|10|6|0|0|0|0|0|0|0|0,1591
Florida,Car,BEV,2037,0|0|0|1|2|4|9|18|37|72|128|208|316|208|295|280|185|99|102|81|14|10|7|4|0|0|0|0|0|0|0,2080
Florida,Car,BEV,2038,0|0|0|1|2|5|10|21|43|87|163|279|426|411|251|326|280|167|82|78|59|10|7|4|3|0|0|0|0|0|0,2715
Florida,Car,BEV,2039,0|0|0|1|2|5|11|24|51|102|199|356|572|555|497|278|326|254|138|63|57|41|7|4|3|2|0|0|0|0|0,3548
Florida,Car,BEV,2040,0|0|0|1|2|5|12|28|58|120|233|433|728|746|672|549|278|295|210|106|45|39|27|4|3|2|1|0|0|0|0,4597
Florida,Car,BEV,2041,0|0|0|1|2|6|13|31|68|137|275|508|885|950|902|742|549|251|244|161|77|31|26|18|3|2|1|1|0|0|0,5884
Florida,Car,BEV,2042,0|0|0|1|3|6|15|33|74|161|312|599|1041|1154|1148|996|742|497|208|187|117|53|21|17|12|2|1|1|0|0|0,7401
Florida,Car,BEV,2043,0|0|0|1|3|7|16|36|79|174|366|679|1226|1357|1396|1268|996|672|411|159|136|81|36|14|11|8|1|1|0|0|0,9134
Florida,Car,BEV,2044,0|0|0|1|3|7|17|38|86|186|395|797|1388|1599|1641|1542|1268|902|555|316|115|94|54|24|9|7|5|1|0|0|0,11050
Florida,Car,BEV,2045,0|0|0|1|3|8|18|41|91|200|422|859|1629|1810|1933|1813|1542|1148|746|426|228|80|63|36|15|6|5|3|0|0|1,13127
Florida,Car,BEV,2046,0|0|0|1|3|8|19|44|97|212|451|915|1755|2124|2189|2135|1813|1396|950|572|308|158|54|42|23|10|4|3|2|0|1,15289
Florida,Car,BEV,2047,0|0|0|1|4|9|20|46|103|225|477|974|1866|2288|2569|2418|2135|1641|1154|728|414|214|107|36|27|15|6|2|2|1|1,17483
Florida,Car,BEV,2048,0|0|0|1|4|9|21|49|109|238|503|1027|1979|2432|2766|2837|2418|1933|1357|885|527|287|144|70|23|18|10|4|2|1|1,19655
Florida,Car,BEV,2049,0|0|0|1|4|10|22|52|115|251|531|1080|2081|2581|2941|3056|2837|2189|1599|1041|641|365|193|95|46|15|11|6|3|1|2,21769
Florida,Car,BEV,2050,0|0|0|1|4|10|24|54|121|263|559|1136|2183|2713|3121|3249|3056|2569|1810|1226|753|444|246|127|62|30|10|7|4|2|2,23786
Florida,Car,PHEV,2020,0|0|0|0|0|0|0|0|0|0|0|0|0|0|0|0|0|0|0|0|0|0|0|0|0|0|0|0|0|0|0,0
Florida,Car,PHEV,2021,0|0|0|0|0|0|0|0|0|0|0|0|0|0|0|0|0|0|0|0|0|0|0|0|0|0|0|0|0|0|0,0
Florida,Car,PHEV,2022,0|0|0|0|0|0|0|0|0|0|0|0|0|0|0|0|0|0|0|0|0|0|0|0|0|0|0|0|0|0|0,0
Florida,Car,PHEV,2023,0|0|0|0|0|0|0|0|0|1|0|0|0|0|0|0|0|0|0|0|0|0|0|0|0|0|0|0|0|0|0,1
Florida,Car,PHEV,2024,0|0|0|0|0|0|0|0|1|1|3|0|0|0|0|0|0|0|0|0|0|0|0|0|0|0|0|0|0|0|0,5
Florida,Car,PHEV,2025,0|0|0|0|0|0|0|0|1|2|2|6|0|0|0|0|0|0|0|0|0|0|0|0|0|0|0|0|0|0|0,11
Florida,Car,PHEV,2026,0|0|0|0|0|0|0|0|1|2|4|4|12|0|0|0|0|0|0|0|0|0|0|0|0|0|0|0|0|0|0,23
Florida,Car,PHEV,2027,0|0|0|0|0|0|0|0|1|3|5|8|8|16|0|0|0|0|0|0|0|0|0|0|0|0|0|0|0|0|0,41
Florida,Car,PHEV,2028,0|0|0|0|0|0|0|0|0|1|6|10|16|11|19|0|0|0|0|0|0|0|0|0|0|0|0|0|0|0|0,63
Florida,Car,PHEV,2029,0|0|0|0|0|0|0|0|1|1|3|13|21|21|13|21|0|0|0|0|0|0|0|0|0|0|0|0|0|0|0,94
Florida,Car,PHEV,2030,0|0|0|0|0|0|0|0|0|2|3|7|27|28|26|15|21|0|0|0|0|0|0|0|0|0|0|0|0|0|0,129
Florida,Car,PHEV,2031,0|0|0|0|0|0|1|0|0|1|4|6|14|35|34|29|15|19|0|0|0|0|0|0|0|0|0|0|0|0|0,158
Florida,Car,PHEV,2032,0|0|0|0|0|0|1|1|1|1|3|8|11|19|43|37|29|13|16|0|0|0|0|0|0|0|0|0|0|0|0,183
Florida,Car,PHEV,2033,0|0|0|0|0|0|1|2|3|1|2|6|17|15|23|47|37|26|11|12|0|0|0|0|0|0|0|0|0|0|0,203
Florida,Car,PHEV,2034,0|0|0|0|0|1|1|2|4|7|3|4|12|22|18|25|47|34|21|8|9|0|0|0|0|0|0|0|0|0|0,218
Florida,Car,PHEV,2035,0|0|0|0|0|1|1|3|6|9|16|6|9|15|26|20|25|43|28|16|6|6|0|0|0|0|0|0|0|0|0,236
Florida,Car,PHEV,2036,0|0|0|0|0|1|1|3|6|13|21|33|11|11|18|29|20|23|35|21|12|4|4|0|0|0|0|0|0|0|0,266
Florida,Car,PHEV,2037,0|0|0|0|0|1|2|4|8|14|30|44|68|15|14|20|29|18|19|27|15|8|3|3|0|0|0|0|0|0|0,342
Florida,Car,PHEV,2038,0|0|0|0|0|1|2|4|9|18|32|65|91|89|18|15|20|26|15|14|20|11|6|2|2|0|0|0|0|0|0,460
Florida,Car,PHEV,2039,0|0|0|0|0|1|2|5|11|20|41|69|133|118|107|19|15|18|22|11|10|14|7|4|1|1|0|0|0|0|0,629
Florida,Car,PHEV,2040,0|0|0|0|0|1|2|6|13|25|46|90|141|174|143|118|19|14|15|17|8|7|9|5|2|1|1|0|0|0|0,857
Florida,Car,PHEV,2041,0|0|0|0|0|1|3|6|14|30|58|101|183|184|210|158|118|18|11|12|12|6|5|6|3|2|1|0|0|0|0,1142
Florida,Car,PHEV,2042,0|0|0|0|0|1|3|6|15|33|69|126|207|239|223|232|158|107|15|9|8|8|4|3|4|2|1|0|0|0|0,1473
Florida,Car,PHEV,2043,0|0|0|0|0|1|3|7|15|34|76|150|260|269|289|246|232|143|89|11|6|6|6|3|2|3|1|1|0|0|0,1853
Florida,Car,PHEV,2044,0|0|0|0|0|1|3|7|16|35|78|165|308|339|326|319|246|210|118|68|8|4|4|4|2|1|2|1|0|0|0,2265
Florida,Car,PHEV,2045,0|0|0|0|1|1|3|7|16|37|80|171|339|401|410|360|319|223|174|91|49|6|3|3|2|1|1|1|1|0|0,2700
Florida,Car,PHEV,2046,0|0|0|0|1|1|3|7|17|37|83|175|350|442|485|452|360|289|184|133|66|34|4|2|2|2|1|1|1|0|0,3132
Florida,Car,PHEV,2047,0|0|0|0|1|1|3|8|17|38|84|179|356|456|534|536|452|326|239|141|96|45|23|2|1|1|1|0|0|0|0,3540
Florida,Car,PHEV,2048,0|0|0|0|1|1|3|8|18|39|85|180|362|464|552|590|536|410|269|183|102|67|31|15|2|1|1|1|0|0|1,3922
Florida,Car,PHEV,2049,0|0|0|0|1|1|3|8|18|40|86|181|363|472|561|610|590|485|339|207|133|71|45|20|10|1|1|0|0|0|1,4247
Florida,Car,PHEV,2050,0|0|0|0|1|1|3|8|19|41|88|182|365|473|571|620|610|534|401|260|149|92|48|30|13|6|1|0|0|0|0,4516
Florida,SUV,BEV,2020,0|0|0|0|0|0|0|0|0|0|0|0|0|0|0|0|0|0|0|0|0|0|0|0|0|0|0|0|0|0|0,0
Florida,SUV,BEV,2021,0|0|0|0|0|0|0|0|0|0|0|0|0|0|0|0|0|0|0|0|0|0|0|0|0|0|0|0|0|0|0,0
Florida,SUV,BEV,2022,0|0|0|0|0|0|0|0|0|0|0|0|0|0|0|0|0|0|0|0|0|0|0|0|0|0|0|0|0|0|0,0
Florida,SUV,BEV,2023,0|0|0|0|0|0|0|0|0|0|0|0|0|0|0|0|0|0|0|0|0|0|0|0|0|0|0|0|0|0|0,0
Florida,SUV,BEV,2024,0|0|0|0|0|0|0|0|0|0|1|0|0|0|0|0|0|0|0|0|0|0|0|0|0|0|0|0|0|0|0,1
Florida,SUV,BEV,2025,0|0|0|0|0|0|0|0|1|1|1|1|0|0|0|0|0|0|0|0|0|0|0|0|0|0|0|0|0|0|0,4
Florida,SUV,BEV,2026,0|0|0|0|0|0|0|0|1|2|2|2|3|0|0|0|0|0|0|0|0|0|0|0|0|0|0|0|0|0|0,10
Florida,SUV,BEV,2027,0|0|0|0|0|1|1|1|1|2|4|5|5|4|0|0|0|0|0|0|0|0|0|0|0|0|0|0|0|0|0,24
Florida,SUV,BEV,2028,0|0|0|0|1|1|2|3|3|2|5|9|10|6|5|0|0|0|0|0|0|0|0|0|0|0|0|0|0|0|0,47
Florida,SUV,BEV,2029,0|0|0|0|0|2|3|5|7|6|5|11|20|13|8|5|0|0|0|0|0|0|0|0|0|0|0|0|0|0|0,85
Florida,SUV,BEV,2030,0|0|0|0|0|1|4|8|12|16|14|11|22|26|16|8|5|0|0|0|0|0|0|0|0|0|0|0|0|0|0,143
Florida,SUV,BEV,2031,0|0|0|0|1|1|2|10|20|27|36|31|23|29|31|18|8|5|0|0|0|0|0|0|0|0|0|0|0|0|0,242
Florida,SUV,BEV,2032,0|0|0|0|1|1|3|5|24|47|63|78|63|30|35|34|18|8|4|0|0|0|0|0|0|0|0|0|0|0|0,414
Florida,SUV,BEV,2033,0|0|0|0|1|2|4|7|11|58|107|137|161|82|37|38|34|16|6|3|0|0|0|0|0|0|0|0|0|0|0,704
Florida,SUV,BEV,2034,0|0|0|0|1|2|5|9|16|27|133|235|283|210|100|41|38|31|13|5|2|0|0|0|0|0|0|0|0|0|0,1151
Florida,SUV,BEV,2035,0|0|0|1|1|3|6|11|22|37|62|291|483|369|253|110|41|35|26|10|3|1|0|0|0|0|0|0|0|0|0,1765
Florida,SUV,BEV,2036,0|0|0|1|2|3|7|14|28|51|86|136|599|629|446|280|110|37|29|20|7|2|1|0|0|0|0|0|0|0|0,2488
Florida,SUV,BEV,2037,0|0|0|1|2|4|9|18|35|66|117|187|280|781|761|492|280|100|30|22|14|5|2|1|0|0|0|0|0|0|0,3207
Florida,SUV,BEV,2038,0|0|0|1|2|5|11|22|42|82|151|255|384|365|945|840|492|253|82|23|16|10|3|1|0|0|0|0|0|0|0,3985
Florida,SUV,BEV,2039,0|0|0|1|2|6|13|26|52|100|187|330|523|501|442|1043|840|446|210|63|17|11|7|2|1|0|0|0|0|0|0,4823
Florida,SUV,BEV,2040,0|0|0|1|2|6|14|32|62|123|227|408|676|682|606|488|1043|761|369|161|46|12|7|4|1|0|0|0|0|0|0,5731
Florida,SUV,BEV,2041,0|0|0|1|3|6|15|35|75|145|278|494|835|881|825|669|488|945|629|283|116|32|8|5|3|1|0|0|0|0|0,6772
Florida,SUV,BEV,2042,0|0|0|1|3|7|16|37|84|175|326|602|1010|1089|1065|911|669|442|781|483|205|81|21|5|3|2|1|0|0|0|0,8019
Florida,SUV,BEV,2043,0|0|0|1|3|7|17|39|89|194|394|704|1227|1317|1316|1177|911|606|365|599|349|142|54|14|3|2|1|0|0|0|0,9531
Florida,SUV,BEV,2044,0|0|0|1|3|8|19|43|93|207|436|849|1430|1600|1593|1454|1177|825|501|280|434|242|95|36|9|2|1|1|0|0|0,11339
Florida,SUV,BEV,2045,0|0|0|1|3|8|20|46|102|219|468|939|1724|1864|1935|1759|1454|1065|682|384|203|301|163|63|23|6|1|1|0|0|0,13434
Florida,SUV,BEV,2046,0|0|0|1|4|9|21|49|109|239|497|1013|1906|2247|2254|2137|1759|1316|881|523|278|141|202|107|41|15|4|1|1|0|0,15755
Florida,SUV,BEV,2047,0|0|1|1|4|9|22|51|116|254|540|1080|2062|2486|2717|2490|2137|1593|1089|676|379|193|95|133|70|26|10|2|1|0|0,18237
Florida,SUV,BEV,2048,0|0|1|2|4|10|23|54|122|269|573|1167|2204|2688|3006|3001|2490|1935|1317|835|489|262|130|62|87|45|17|6|2|0|1,20802
Florida,SUV,BEV,2049,0|0|1|2|4|10|25|57|127|282|604|1236|2373|2874|3250|3320|3001|2254|1600|1010|604|339|177|86|41|56|29|11|4|1|1,23379
Florida,SUV,BEV,2050,0|0|1|2|4|11|26|59|133|293|631|1298|2508|3094|3475|3590|3320|2717|1864|1227|731|419|228|117|56|26|36|19|7|3|1,25896
Florida,SUV,PHEV,2020,0|0|0|0|0|0|0|0|0|0|0|0|0|0|0|0|0|0|0|0|0|0|0|0|0|0|0|0|0|0|0,0
Florida,SUV,PHEV,2021,0|0|0|0|0|0|0|0|0|0|0|0|0|0|0|0|0|0|0|0|0|0|0|0|0|0|0|0|0|0|0,0
Florida,SUV,PHEV,2022,0|0|0|0|0|0|0|0|0|0|0|0|0|0|0|0|0|0|0|0|0|0|0|0|0|0|0|0|0|0|0,0
Florida,SUV,PHEV,2023,0|0|0|0|0|0|0|0|0|0|0|0|0|0|0|0|0|0|0|0|0|0|0|0|0|0|0|0|0|0|0,0
Florida,SUV,PHEV,2024,0|0|0|0|0|0|0|0|0|0|1|0|0|0|0|0|0|0|0|0|0|0|0|0|0|0|0|0|0|0|0,1
Florida,SUV,PHEV,2025,0|0|0|0|0|0|0|0|0|1|1|1|0|0|0|0|0|0|0|0|0|0|0|0|0|0|0|0|0|0|0,3
Florida,SUV,PHEV,2026,0|0|0|0|0|0|0|0|0|1|1|2|2|0|0|0|0|0|0|0|0|0|0|0|0|0|0|0|0|0|0,6
Florida,SUV,PHEV,2027,0|0|0|0|0|0|0|0|0|1|2|3|3|3|0|0|0|0|0|0|0|0|0|0|0|0|0|0|0|0|0,12
Florida,SUV,PHEV,2028,0|0|0|0|0|0|0|1|1|1|2|4|6|4|4|0|0|0|0|0|0|0|0|0|0|0|0|0|0|0|0,23
Florida,SUV,PHEV,2029,0|0|0|0|0|0|1|1|2|1|1|4|7|8|5|4|0|0|0|0|0|0|0|0|0|0|0|0|0|0|0,34
Florida,SUV,PHEV,2030,0|0|0|0|0|0|1|2|3|5|3|3|8|9|10|6|4|0|0|0|0|0|0|0|0|0|0|0|0|0|0,54
Florida,SUV,PHEV,2031,0|0|0|0|0|0|0|2|4|7|11|6|6|10|11|11|6|4|0|0|0|0|0|0|0|0|0|0|0|0|0,78
Florida,SUV,PHEV,2032,0|0|0|0|0|0|1|1|5|10|15|24|13|8|13|13|11|5|3|0|0|0|0|0|0|0|0|0|0|0|0,122
Florida,SUV,PHEV,2033,0|0|0|0|0|0|1|1|2|12|23|33|50|16|10|14|13|10|4|2|0|0|0|0|0|0|0|0|0|0|0,191
Florida,SUV,PHEV,2034,0|0|0|0|0|0|1|2|3|6|26|50|68|65|20|11|14|11|8|3|2|0|0|0|0|0|0|0|0|0|0,290
Florida,SUV,PHEV,2035,0|0|0|0|0|1|1|2|5|8|13|58|103|89|79|22|11|13|9|6|2|1|0|0|0|0|0|0|0|0|0,423
Florida,SUV,PHEV,2036,0|0|0|0|0|1|1|3|5|12|18|29|119|134|107|87|22|10|10|7|4|2|1|0|0|0|0|0|0|0|0,572
Florida,SUV,PHEV,2037,0|0|0|0|0|1|2|4|7|13|27|40|60|155|162|118|87|20|8|8|5|3|1|1|0|0|0|0|0|0|0,722
Florida,SUV,PHEV,2038,0|0|0|0|0|1|2|5|9|17|29|59|81|78|187|179|118|79|16|6|6|4|2|1|0|0|0|0|0|0|0,879
Florida,SUV,PHEV,2039,0|0|0|0|0|1|3|6|11|20|39|64|121|106|94|207|179|107|65|13|4|4|2|1|0|0|0|0|0|0|0,1047
Florida,SUV,PHEV,2040,0|0|0|0|0|1|3|7|14|26|46|85|131|158|128|104|207|162|89|50|9|3|3|2|1|0|0|0|0|0|0,1229
Florida,SUV,PHEV,2041,0|0|0|0|0|1|3|7|16|33|60|100|175|171|191|142|104|187|134|68|36|6|2|2|1|1|0|0|0|0|0,1440
Florida,SUV,PHEV,2042,0|0|0|0|0|1|3|7|17|37|73|130|203|228|207|211|142|94|155|103|49|25|4|1|1|1|0|0|0|0|0,1692
Florida,SUV,PHEV,2043,0|0|0|0|0|1|3|7|17|39|83|159|264|265|275|228|211|128|78|119|74|34|17|3|1|1|0|0|0|0|0,2007
Florida,SUV,PHEV,2044,0|0|0|0|1|1|3|7|17|40|88|179|322|344|320|304|228|191|106|60|86|52|23|11|2|1|0|0|0|0|0,2386
Florida,SUV,PHEV,2045,0|0|0|0|1|1|3|8|18|40|89|189|363|420|416|354|304|207|158|81|43|60|35|15|7|1|0|0|0|0|0,2813
Florida,SUV,PHEV,2046,0|0|0|0|1|1|3|8|18|42|91|193|383|473|508|460|354|275|171|121|59|30|40|23|10|5|1|0|0|0|0,3270
Florida,SUV,PHEV,2047,0|0|0|0|1|1|3|8|19|43|94|197|394|500|572|561|460|320|228|131|88|41|20|26|15|6|3|0|0|0|0,3731
Florida,SUV,PHEV,2048,0|0|0|0|1|2|4|8|19|43|96|203|401|513|605|632|561|416|265|175|95|61|27|13|17|10|4|2|0|0|0,4173
Florida,SUV,PHEV,2049,0|0|0|0|1|2|4|9|20|44|97|206|411|523|620|668|632|508|344|203|126|66|41|18|9|11|6|3|1|0|0,4573
Florida,SUV,PHEV,2050,0|0|0|0|1|2|4|9|20|45|98|207|416|537|632|685|668|572|420|264|147|88|44|27|12|6|7|4|2|1|0,4918
Georgia,Car,BEV,2020,0|0|0|0|0|0|0|0|0|0|0|0|0|0|0|0|0|0|0|0|0|0|0|0|0|0|0|0|0|0|0,0
Georgia,Car,BEV,2021,0|0|0|0|0|0|0|0|0|0|0|0|0|0|0|0|0|0|0|0|0|0|0|0|0|0|0|0|0|0|0,0
Georgia,Car,BEV,2022,0|0|0|0|0|0|0|0|1|0|0|0|0|0|0|0|0|0|0|0|0|0|0|0|0|0|0|0|0|0|0,1
Georgia,Car,BEV,2023,0|0|0|0|0|0|0|0|1|2|0|0|0|0|0|0|0|0|0|0|0|0|0|0|0|0|0|0|0|0|0,3
Georgia,Car,BEV,2024,0|0|0|0|0|0|0|0|1|3|6|0|0|0|0|0|0|0|0|0|0|0|0|0|0|0|0|0|0|0|0,10
Georgia,Car,BEV,2025,0|0|0|0|0|0|0|1|1|3|7|14|0|0|0|0|0|0|0|0|0|0|0|0|0|0|0|0|0|0|0,26
Georgia,Car,BEV,2026,0|0|0|0|0|0|0|1|2|2|7|15|29|0|0|0|0|0|0|0|0|0|0|0|0|0|0|0|0|0|0,56
Georgia,Car,BEV,2027,0|0|0|0|0|0|0|0|2|5|4|15|31|38|0|0|0|0|0|0|0|0|0|0|0|0|0|0|0|0|0,95
Georgia,Car,BEV,2028,0|0|0|0|0|0|0|1|1|4|10|8|31|41|46|0|0|0|0|0|0|0|0|0|0|0|0|0|0|0|0,142
Georgia,Car,BEV,2029,0|0|0|0|0|0|1|1|2|3|8|23|17|41|49|51|0|0|0|0|0|0|0|0|0|0|0|0|0|0|0,196
Georgia,Car,BEV,2030,0|0|0|0|0|0|0|1|2|4|6|18|47|23|49|54|51|0|0|0|0|0|0|0|0|0|0|0|0|0|0,255
Georgia,Car,BEV,2031,0|0|0|0|0|1|1|1|3|6|9|13|37|62|28|54|54|46|0|0|0|0|0|0|0|0|0|0|0|0|0,315
Georgia,Car,BEV,2032,0|0|0|0|0|1|2|3|3|7|13|19|26|49|74|30|54|49|38|0|0|0|0|0|0|0|0|0|0|0|0,368
Georgia,Car,BEV,2033,0|0|0|0|0|1|2|4|7|6|16|29|39|34|59|82|30|49|41|29|0|0|0|0|0|0|0|0|0|0|0,428
Georgia,Car,BEV,2034,0|0|0|0|0|1|2|5|9|16|14|34|59|51|41|65|82|28|41|31|21|0|0|0|0|0|0|0|0|0|0,500
Georgia,Car,BEV,2035,0|0|0|0|1|1|3|6|11|21|37|30|70|77|61|45|65|74|23|31|23|15|0|0|0|0|0|0|0|0|0,594
Georgia,Car,BEV,2036,0|0|0|0|1|1|3|7|14|27|47|79|61|91|93|68|45|59|62|17|23|16|10|0|0|0|0|0|0|0|0,724
Georgia,Car,BEV,2037,0|0|0|0|1|2|4|8|17|33|60|102|160|79|110|103|68|41|49|47|13|16|11|7|0|0|0|0|0|0|0,931
Georgia,Car,BEV,2038,0|0|0|0|1|2|4|9|19|39|74|132|208|208|96|121|103|61|34|37|34|9|11|7|4|0|0|0|0|0|0,1213
Georgia,Car,BEV,2039,0|0|0|0|1|2|5|10|21|44|89|162|269|271|252|106|121|93|51|26|27|24|6|7|5|3|0|0|0|0|0,1595
Georgia,Car,BEV,2040,0|0|0|0|1|2|5|12|24|50|101|193|332|351|327|278|106|110|77|39|19|19|16|4|5|3|2|0|0|0|0,2076
Georgia,Car,BEV,2041,0|0|0|0|1|2|5|13|28|56|114|220|395|433|425|362|278|96|91|59|28|13|13|11|3|3|2|1|0|0|0,2652
Georgia,Car,BEV,2042,0|0|0|0|1|3|6|14|30|66|127|248|452|515|523|469|362|252|79|70|43|20|9|8|7|2|2|1|1|0|0,3310
Georgia,Car,BEV,2043,0|0|0|0|1|3|7|15|33|71|150|278|509|589|622|578|469|327|208|61|50|30|13|6|5|4|1|1|1|0|0,4032
Georgia,Car,BEV,2044,0|0|0|0|1|3|7|16|36|76|162|326|569|664|712|687|578|425|271|160|44|35|20|9|4|3|3|1|1|0|0,4813
Georgia,Car,BEV,2045,0|0|0|1|1|3|8|17|38|83|173|351|667|742|803|786|687|523|351|208|116|31|24|13|6|2|2|2|0|0|1,5639
Georgia,Car,BEV,2046,0|0|0|1|1|3|8|18|40|87|186|375|718|869|897|887|786|622|433|269|150|80|21|16|9|4|2|1|1|0|1,6485
Georgia,Car,BEV,2047,0|0|0|1|1|4|8|19|43|93|196|400|763|936|1051|990|887|712|515|332|195|104|54|14|10|6|2|1|1|1|1,7340
Georgia,Car,BEV,2048,0|0|0|1|2|4|9|20|45|99|208|422|811|995|1131|1161|990|803|589|395|240|135|70|36|9|7|4|1|1|1|1,8190
Georgia,Car,BEV,2049,0|0|0|1|2|4|9|21|47|104|220|446|853|1057|1203|1250|1161|897|664|452|286|166|91|46|23|6|4|2|1|0|1,9017
Georgia,Car,BEV,2050,0|0|0|1|2|4|10|22|50|109|232|471|900|1113|1278|1329|1250|1051|742|509|327|198|112|60|30|15|4|3|1|1|1,9825
Georgia,Car,PHEV,2020,0|0|0|0|0|0|0|0|0|0|0|0|0|0|0|0|0|0|0|0|0|0|0|0|0|0|0|0|0|0|0,0
Georgia,Car,PHEV,2021,0|0|0|0|0|0|0|0|0|0|0|0|0|0|0|0|0|0|0|0|0|0|0|0|0|0|0|0|0|0|0,0
Georgia,Car,PHEV,2022,0|0|0|0|0|0|0|0|0|0|0|0|0|0|0|0|0|0|0|0|0|0|0|0|0|0|0|0|0|0|0,0
Georgia,Car,PHEV,2023,0|0|0|0|0|0|0|0|0|0|0|0|0|0|0|0|0|0|0|0|0|0|0|0|0|0|0|0|0|0|0,0
Georgia,Car,PHEV,2024,0|0|0|0|0|0|0|0|0|0|1|0|0|0|0|0|0|0|0|0|0|0|0|0|0|0|0|0|0|0|0,1
Georgia,Car,PHEV,2025,0|0|0|0|0|0|0|0|0|1|1|2|0|0|0|0|0|0|0|0|0|0|0|0|0|0|0|0|0|0|0,4
Georgia,Car,PHEV,2026,0|0|0|0|0|0|0|0|0|1|1|2|5|0|0|0|0|0|0|0|0|0|0|0|0|0|0|0|0|0|0,9
Georgia,Car,PHEV,2027,0|0|0|0|0|0|0|0|0|1|2|3|3|6|0|0|0|0|0|0|0|0|0|0|0|0|0|0|0|0|0,15
Georgia,Car,PHEV,2028,0|0|0|0|0|0|0|0|0|1|2|4|7|4|8|0|0|0|0|0|0|0|0|0|0|0|0|0|0|0|0,26
Georgia,Car,PHEV,2029,0|0|0|0|0|0|0|0|0|0|1|5|8|8|5|8|0|0|0|0|0|0|0|0|0|0|0|0|0|0|0,35
Georgia,Car,PHEV,2030,0|0|0|0|0|0|0|0|0|1|1|3|11|11|10|6|8|0|0|0|0|0|0|0|0|0|0|0|0|0|0,51
Georgia,Car,PHEV,2031,0|0|0|0|0|0|0|0|0|0|2|2|6|14|13|11|6|8|0|0|0|0|0|0|0|0|0|0|0|0|0,62
Georgia,Car,PHEV,2032,0|0|0|0|0|0|0|1|0|0|1|3|5|8|17|14|11|5|6|0|0|0|0|0|0|0|0|0|0|0|0,71
Georgia,Car,PHEV,2033,0|0|0|0|0|0|0|1|1|0|1|2|7|6|9|19|14|10|4|5|0|0|0|0|0|0|0|0|0|0|0,79
Georgia,Car,PHEV,2034,0|0|0|0|0|0|0|1|2|3|1|2|4|9|7|10|19|13|8|3|4|0|0|0|0|0|0|0|0|0|0,86
Georgia,Car,PHEV,2035,0|0|0|0|0|0|1|1|3|4|8|2|3|6|11|8|10|17|11|7|2|2|0|0|0|0|0|0|0|0|0,96
Georgia,Car,PHEV,2036,0|0|0|0|0|0|1|1|3|6|10|17|4|4|7|12|8|9|14|8|5|2|2|0|0|0|0|0|0|0|0,113
Georgia,Car,PHEV,2037,0|0|0|0|0|0|1|2|3|6|14|21|34|6|5|8|12|7|8|11|6|3|1|1|0|0|0|0|0|0|0,149
Georgia,Car,PHEV,2038,0|0|0|0|0|0|1|2|4|8|14|31|44|44|7|6|8|11|6|6|8|4|2|1|1|0|0|0|0|0|0,208
Georgia,Car,PHEV,2039,0|0|0|0|0|0|1|2|4|9|19|31|63|57|53|8|6|7|9|5|4|5|3|1|0|0|0|0|0|0|0,287
Georgia,Car,PHEV,2040,0|0|0|0|0|0|1|2|5|11|20|40|64|82|69|59|8|5|6|7|3|3|4|2|1|0|0|0|0|0|0,392
Georgia,Car,PHEV,2041,0|0|0|0|0|0|1|3|6|12|24|44|83|84|99|76|59|7|4|4|5|2|2|2|1|1|0|0|0|0|0,519
Georgia,Car,PHEV,2042,0|0|0|0|0|0|1|3|6|14|28|53|91|108|102|109|76|53|6|3|3|3|2|1|2|1|0|0|0|0|0,665
Georgia,Car,PHEV,2043,0|0|0|0|0|0|1|3|6|14|31|62|110|118|130|112|109|69|44|4|2|2|2|1|1|1|0|0|0|0|0,822
Georgia,Car,PHEV,2044,0|0|0|0|0|1|1|3|7|15|33|68|128|143|143|144|112|99|57|34|3|2|1|2|1|1|1|0|0|0|0,999
Georgia,Car,PHEV,2045,0|0|0|0|0|1|1|3|7|15|33|71|140|167|173|158|144|102|82|44|24|2|1|1|1|0|0|0|0|0|0,1170
Georgia,Car,PHEV,2046,0|0|0|0|0|1|1|3|7|16|34|72|145|183|202|191|158|130|84|63|32|17|2|1|1|1|0|0|0|0|0,1344
Georgia,Car,PHEV,2047,0|0|0|0|0|1|1|3|7|16|35|74|147|189|221|223|191|143|108|64|45|22|11|1|0|0|0|0|0|0|0,1502
Georgia,Car,PHEV,2048,0|0|0|0|0|1|1|3|7|16|35|74|149|191|228|245|223|173|118|83|47|31|15|8|1|0|0|0|0|0|0,1649
Georgia,Car,PHEV,2049,0|0|0|0|0|1|1|3|7|17|36|75|149|194|232|252|245|202|143|91|60|32|21|10|5|0|0|0|0|0|0,1776
Georgia,Car,PHEV,2050,0|0|0|0|0|1|1|3|8|17|37|76|151|195|235|256|252|221|167|110|66|41|22|14|6|3|0|0|0|0|0,1882
Georgia,SUV,BEV,2020,0|0|0|0|0|0|0|0|0|0|0|0|0|0|0|0|0|0|0|0|0|0|0|0|0|0|0|0|0|0|0,0
Georgia,SUV,BEV,2021,0|0|0|0|0|0|0|0|0|0|0|0|0|0|0|0|0|0|0|0|0|0|0|0|0|0|0|0|0|0|0,0
Georgia,SUV,BEV,2022,0|0|0|0|0|0|0|0|0|0|0|0|0|0|0|0|0|0|0|0|0|0|0|0|0|0|0|0|0|0|0,0
Georgia,SUV,BEV,2023,0|0|0|0|0|0|0|0|0|0|0|0|0|0|0|0|0|0|0|0|0|0|0|0|0|0|0|0|0|0|0,0
Georgia,SUV,BEV,2024,0|0|0|0|0|0|0|0|1|1|1|0|0|0|0|0|0|0|0|0|0|0|0|0|0|0|0|0|0|0|0,3
Georgia,SUV,BEV,2025,0|0|0|0|0|0|0|0|1|1|2|2|0|0|0|0|0|0|0|0|0|0|0|0|0|0|0|0|0|0|0,6
Georgia,SUV,BEV,2026,0|0|0|0|0|0|0|0|1|2|3|4|5|0|0|0|0|0|0|0|0|0|0|0|0|0|0|0|0|0|0,15
Georgia,SUV,BEV,2027,0|0|0|0|0|0|0|0|0|1|4|8|8|6|0|0|0|0|0|0|0|0|0|0|0|0|0|0|0|0|0,27
Georgia,SUV,BEV,2028,0|0|0|0|0|0|1|1|1|1|3|9|16|10|7|0|0|0|0|0|0|0|0|0|0|0|0|0|0|0|0,49
Georgia,SUV,BEV,2029,0|0|0|0|0|1|1|2|2|3|2|6|18|21|12|8|0|0|0|0|0|0|0|0|0|0|0|0|0|0|0,76
Georgia,SUV,BEV,2030,0|0|0|0|0|0|1|3|4|6|6|5|13|23|25|14|8|0|0|0|0|0|0|0|0|0|0|0|0|0|0,108
Georgia,SUV,BEV,2031,0|0|0|0|0|1|1|4|7|10|13|13|11|17|28|28|14|7|0|0|0|0|0|0|0|0|0|0|0|0|0,154
Georgia,SUV,BEV,2032,0|0|0|0|0|1|2|3|9|17|22|28|26|14|20|31|28|12|6|0|0|0|0|0|0|0|0|0|0|0|0,219
Georgia,SUV,BEV,2033,0|0|0|0|0|1|2|4|7|21|39|49|58|33|17|22|31|25|10|5|0|0|0|0|0|0|0|0|0|0|0,324
Georgia,SUV,BEV,2034,0|0|0|0|1|1|3|5|9|17|49|85|101|75|40|19|22|28|21|8|3|0|0|0|0|0|0|0|0|0|0,487
Georgia,SUV,BEV,2035,0|0|0|0|1|1|3|6|12|22|38|106|176|132|91|45|19|20|23|16|6|2|0|0|0|0|0|0|0|0|0,719
Georgia,SUV,BEV,2036,0|0|0|0|1|2|4|8|15|29|50|83|218|229|160|100|45|17|17|18|12|4|2|0|0|0|0|0|0|0|0,1014
Georgia,SUV,BEV,2037,0|0|0|0|1|2|4|9|18|36|66|110|170|284|277|177|100|40|14|13|13|8|3|1|0|0|0|0|0|0|0,1346
Georgia,SUV,BEV,2038,0|0|0|0|1|2|5|10|22|43|82|145|226|221|344|306|177|91|33|11|9|9|5|2|1|0|0|0|0|0|0,1745
Georgia,SUV,BEV,2039,0|0|0|0|1|3|6|12|25|51|99|180|297|295|267|380|306|160|75|26|8|6|6|4|1|0|0|0|0|0|0,2208
Georgia,SUV,BEV,2040,0|0|0|0|1|3|7|15|29|59|116|216|369|387|356|295|380|277|132|58|19|6|4|4|2|1|0|0|0|0|0,2736
Georgia,SUV,BEV,2041,0|0|0|0|1|3|7|16|35|68|134|253|443|482|468|393|295|344|229|101|42|13|4|3|3|1|0|0|0|0|0,3338
Georgia,SUV,BEV,2042,0|0|0|1|1|3|7|17|39|82|154|292|519|577|582|517|393|267|284|176|73|29|9|2|2|2|1|0|0|0|0,4029
Georgia,SUV,BEV,2043,0|0|0|1|1|4|8|18|41|90|184|333|596|676|698|643|517|356|221|218|127|51|19|6|2|1|1|1|0|0|0,4813
Georgia,SUV,BEV,2044,0|0|0|1|2|4|9|20|44|97|203|399|679|777|818|771|643|468|295|170|158|88|34|13|4|1|1|1|0|0|0,5700
Georgia,SUV,BEV,2045,0|0|0|1|2|4|9|22|48|103|218|438|811|886|939|903|771|582|387|226|123|109|59|23|8|2|1|0|0|0|0,6675
Georgia,SUV,BEV,2046,0|0|0|1|2|4|10|23|51|111|232|472|891|1058|1071|1037|903|698|482|297|163|85|74|39|15|5|2|0|0|0|0,7726
Georgia,SUV,BEV,2047,0|0|0|1|2|4|10|24|54|119|250|503|959|1161|1279|1183|1037|818|577|369|215|113|57|49|25|9|3|1|0|0|0,8822
Georgia,SUV,BEV,2048,0|0|0|1|2|5|11|25|57|126|266|539|1022|1250|1404|1413|1183|939|676|443|267|149|76|38|32|16|6|2|1|0|0,9949
Georgia,SUV,BEV,2049,0|0|0|1|2|5|12|26|59|132|281|572|1093|1333|1512|1551|1413|1071|777|519|320|185|100|50|25|20|11|4|1|0|0,11075
Georgia,SUV,BEV,2050,0|0|0|1|2|5|12|28|62|137|295|603|1158|1426|1612|1670|1551|1279|886|596|375|222|125|66|33|16|13|7|2|1|0,12183
Georgia,SUV,PHEV,2020,0|0|0|0|0|0|0|0|0|0|0|0|0|0|0|0|0|0|0|0|0|0|0|0|0|0|0|0|0|0|0,0
Georgia,SUV,PHEV,2021,0|0|0|0|0|0|0|0|0|0|0|0|0|0|0|0|0|0|0|0|0|0|0|0|0|0|0|0|0|0|0,0
Georgia,SUV,PHEV,2022,0|0|0|0|0|0|0|0|0|0|0|0|0|0|0|0|0|0|0|0|0|0|0|0|0|0|0|0|0|0|0,0
Georgia,SUV,PHEV,2023,0|0|0|0|0|0|0|0|0|0|0|0|0|0|0|0|0|0|0|0|0|0|0|0|0|0|0|0|0|0|0,0
Georgia,SUV,PHEV,2024,0|0|0|0|0|0|0|0|0|0|0|0|0|0|0|0|0|0|0|0|0|0|0|0|0|0|0|0|0|0|0,0
Georgia,SUV,PHEV,2025,0|0|0|0|0|0|0|0|0|0|0|0|0|0|0|0|0|0|0|0|0|0|0|0|0|0|0|0|0|0|0,0
Georgia,SUV,PHEV,2026,0|0|0|0|0|0|0|0|0|0|1|1|1|0|0|0|0|0|0|0|0|0|0|0|0|0|0|0|0|0|0,3
Georgia,SUV,PHEV,2027,0|0|0|0|0|0|0|0|0|0|1|1|1|1|0|0|0|0|0|0|0|0|0|0|0|0|0|0|0|0|0,4
Georgia,SUV,PHEV,2028,0|0|0|0|0|0|0|0|0|0|1|1|2|2|1|0|0|0|0|0|0|0|0|0|0|0|0|0|0|0|0,7
Georgia,SUV,PHEV,2029,0|0|0|0|0|0|0|0|1|1|1|1|3|3|2|2|0|0|0|0|0|0|0|0|0|0|0|0|0|0|0,14
Georgia,SUV,PHEV,2030,0|0|0|0|0|0|0|1|1|2|1|1|3|3|4|2|2|0|0|0|0|0|0|0|0|0|0|0|0|0|0,20
Georgia,SUV,PHEV,2031,0|0|0|0|0|0|0|1|2|3|5|3|3|4|4|4|2|1|0|0|0|0|0|0|0|0|0|0|0|0|0,32
Georgia,SUV,PHEV,2032,0|0|0|0|0|0|0|1|2|4|6|10|5|3|5|5|4|2|1|0|0|0|0|0|0|0|0|0|0|0|0,48
Georgia,SUV,PHEV,2033,0|0|0|0|0|0|0|1|2|5|9|13|21|7|4|5|5|4|2|1|0|0|0|0|0|0|0|0|0|0|0,79
Georgia,SUV,PHEV,2034,0|0|0|0|0|0|1|1|2|4|11|20|27|28|8|4|5|4|3|1|1|0|0|0|0|0|0|0|0|0|0,120
Georgia,SUV,PHEV,2035,0|0|0|0|0|0|1|1|3|5|8|23|41|35|33|9|4|5|3|2|1|0|0|0|0|0|0|0|0|0|0,174
Georgia,SUV,PHEV,2036,0|0|0|0|0|0|1|2|3|7|11|18|47|53|42|37|9|4|4|3|2|1|0|0|0|0|0|0|0|0|0,244
Georgia,SUV,PHEV,2037,0|0|0|0|0|0|1|2|4|7|15|23|36|61|64|46|37|8|3|3|2|1|0|0|0|0|0|0|0|0|0,313
Georgia,SUV,PHEV,2038,0|0|0|0|0|1|1|2|4|9|16|34|48|47|74|71|46|33|7|3|2|1|1|0|0|0|0|0|0|0|0,400
Georgia,SUV,PHEV,2039,0|0|0|0|0|1|1|3|6|10|21|35|69|62|57|82|71|42|28|5|2|1|1|1|0|0|0|0|0|0|0,498
Georgia,SUV,PHEV,2040,0|0|0|0|0|1|1|3|7|13|24|46|72|90|75|63|82|64|35|21|4|1|1|1|0|0|0|0|0|0|0,604
Georgia,SUV,PHEV,2041,0|0|0|0|0|1|1|3|7|16|29|51|94|94|109|83|63|74|53|27|15|3|1|1|0|0|0|0|0|0|0,725
Georgia,SUV,PHEV,2042,0|0|0|0|0|1|1|3|8|17|35|64|105|122|114|120|83|57|61|41|19|11|2|1|0|0|0|0|0|0|0,865
Georgia,SUV,PHEV,2043,0|0|0|0|0|1|1|3|8|18|39|76|130|137|148|126|120|75|47|47|30|13|7|1|0|0|0|0|0|0|0,1027
Georgia,SUV,PHEV,2044,0|0|0|0|0|1|2|4|8|19|41|85|155|169|166|163|126|109|62|36|34|20|9|5|1|0|0|0|0|0|0,1215
Georgia,SUV,PHEV,2045,0|0|0|0|0|1|2|4|9|19|42|89|173|202|204|183|163|114|90|48|26|24|14|6|3|0|0|0|0|0|0,1416
Georgia,SUV,PHEV,2046,0|0|0|0|0|1|2|4|9|20|43|91|181|226|244|226|183|148|94|69|34|18|16|9|4|2|0|0|0|0|0,1624
Georgia,SUV,PHEV,2047,0|0|0|0|0|1|2|4|9|20|44|92|184|236|273|270|226|166|122|72|50|24|12|10|6|2|1|0|0|0|0,1826
Georgia,SUV,PHEV,2048,0|0|0|0|0|1|2|4|9|20|45|94|187|240|286|301|270|204|137|94|52|35|16|8|7|4|2|1|0|0|0,2019
Georgia,SUV,PHEV,2049,0|0|0|0|0|1|2|4|9|21|45|96|191|244|291|316|301|244|169|105|68|36|23|11|5|4|2|1|1|0|0,2190
Georgia,SUV,PHEV,2050,0|0|0|0|0|1|2|4|10|21|46|96|193|249|295|321|316|273|202|130|76|47|24|15|7|3|3|2|1|0|0,2337
Hawaii,Car,BEV,2020,0|0|0|0|0|0|0|0|0|0|0|0|0|0|0|0|0|0|0|0|0|0|0|0|0|0|0|0|0|0|0,0
Hawaii,Car,BEV,2021,0|0|0|0|0|0|0|0|0|0|0|0|0|0|0|0|0|0|0|0|0|0|0|0|0|0|0|0|0|0|0,0
Hawaii,Car,BEV,2022,0|0|0|0|0|0|0|0|0|0|0|0|0|0|0|0|0|0|0|0|0|0|0|0|0|0|0|0|0|0|0,0
Hawaii,Car,BEV,2023,0|0|0|0|0|0|0|0|0|1|0|0|0|0|0|0|0|0|0|0|0|0|0|0|0|0|0|0|0|0|0,1
Hawaii,Car,BEV,2024,0|0|0|0|0|0|0|0|0|1|1|0|0|0|0|0|0|0|0|0|0|0|0|0|0|0|0|0|0|0|0,2
Hawaii,Car,BEV,2025,0|0|0|0|0|0|0|0|0|1|2|3|0|0|0|0|0|0|0|0|0|0|0|0|0|0|0|0|0|0|0,6
Hawaii,Car,BEV,2026,0|0|0|0|0|0|0|0|1|1|2|4|7|0|0|0|0|0|0|0|0|0|0|0|0|0|0|0|0|0|0,15
Hawaii,Car,BEV,2027,0|0|0|0|0|0|0|0|1|2|1|4|7|9|0|0|0|0|0|0|0|0|0|0|0|0|0|0|0|0|0,24
Hawaii,Car,BEV,2028,0|0|0|0|0|0|0|0|0|2|4|3|7|10|11|0|0|0|0|0|0|0|0|0|0|0|0|0|0|0|0,37
Hawaii,Car,BEV,2029,0|0|0|0|0|0|0|0|1|1|4|9|6|9|12|12|0|0|0|0|0|0|0|0|0|0|0|0|0|0|0,54
Hawaii,Car,BEV,2030,0|0|0|0|0|0|0|0|1|2|3|8|20|8|11|13|12|0|0|0|0|0|0|0|0|0|0|0|0|0|0,78
Hawaii,Car,BEV,2031,0|0|0|0|0|0|0|0|1|2|4|6|17|25|10|13|13|11|0|0|0|0|0|0|0|0|0|0|0|0|0,102
Hawaii,Car,BEV,2032,0|0|0|0|0|0|0|0|1|2|4|8|12|22|31|11|13|12|9|0|0|0|0|0|0|0|0|0|0|0|0,125
Hawaii,Car,BEV,2033,0|0|0|0|0|0|0|1|1|2|4|9|16|15|27|34|11|11|10|7|0|0|0|0|0|0|0|0|0|0|0,148
Hawaii,Car,BEV,2034,0|0|0|0|0|0|0|1|1|2|4|10|19|21|19|30|34|10|9|7|5|0|0|0|0|0|0|0|0|0|0,172
Hawaii,Car,BEV,2035,0|0|0|0|0|0|0|1|2|3|5|8|19|25|25|20|30|31|8|7|5|3|0|0|0|0|0|0|0|0|0,192
Hawaii,Car,BEV,2036,0|0|0|0|0|0|0|1|2|4|6|11|17|25|31|28|20|27|25|6|5|4|2|0|0|0|0|0|0|0|0,214
Hawaii,Car,BEV,2037,0|0|0|0|0|0|0|1|2|4|8|13|21|22|31|34|28|19|22|20|5|4|2|1|0|0|0|0|0|0|0,237
Hawaii,Car,BEV,2038,0|0|0|0|0|0|1|1|3|5|10|17|27|28|27|34|34|25|15|17|14|3|2|2|1|0|0|0|0|0|0,266
Hawaii,Car,BEV,2039,0|0|0|0|0|0|1|1|3|6|12|21|35|36|33|29|34|31|21|12|12|10|2|2|1|1|0|0|0|0|0,303
Hawaii,Car,BEV,2040,0|0|0|0|0|0|1|2|3|7|14|26|43|46|43|37|29|31|25|16|8|9|7|1|1|1|0|0|0|0|0,350
Hawaii,Car,BEV,2041,0|0|0|0|0|0|1|2|4|8|15|30|52|57|55|47|37|27|25|19|12|6|6|4|1|1|0|0|0|0|0,409
Hawaii,Car,BEV,2042,0|0|0|0|0|0|1|2|4|9|17|33|60|68|68|61|47|33|22|19|14|8|4|4|3|1|0|0|0|0|0,478
Hawaii,Car,BEV,2043,0|0|0|0|0|0|1|2|4|9|20|37|66|78|83|76|61|43|28|17|14|10|5|3|2|2|0|0|0|0|0,561
Hawaii,Car,BEV,2044,0|0|0|0|0|0|1|2|5|10|21|43|75|86|95|91|76|55|36|21|12|10|7|4|2|2|1|0|0|0|0,655
Hawaii,Car,BEV,2045,0|0|0|0|0|0|1|2|5|11|22|46|88|98|105|105|91|68|46|27|15|8|7|4|2|1|1|1|0|0|0,754
Hawaii,Car,BEV,2046,0|0|0|0|0|0|1|2|5|11|24|49|94|114|118|116|105|83|57|35|20|11|6|4|3|2|1|1|0|0|0,862
Hawaii,Car,BEV,2047,0|0|0|0|0|0|1|2|5|12|25|52|99|122|138|130|116|95|68|43|25|14|7|4|3|2|1|0|0|0|0,964
Hawaii,Car,BEV,2048,0|0|0|0|0|0|1|2|6|12|26|54|105|129|147|152|130|105|78|52|31|18|9|5|2|2|1|1|0|0|0,1068
Hawaii,Car,BEV,2049,0|0|0|0|0|0|1|3|6|13|28|57|109|137|156|163|152|118|86|60|38|22|12|6|3|2|1|1|0|0|1,1175
Hawaii,Car,BEV,2050,0|0|0|0|0|0|1|3|6|13|29|59|114|143|165|172|163|138|98|66|43|26|15|8|4|2|1|1|0|0|0,1270
Hawaii,Car,PHEV,2020,0|0|0|0|0|0|0|0|0|0|0|0|0|0|0|0|0|0|0|0|0|0|0|0|0|0|0|0|0|0|0,0
Hawaii,Car,PHEV,2021,0|0|0|0|0|0|0|0|0|0|0|0|0|0|0|0|0|0|0|0|0|0|0|0|0|0|0|0|0|0|0,0
Hawaii,Car,PHEV,2022,0|0|0|0|0|0|0|0|0|0|0|0|0|0|0|0|0|0|0|0|0|0|0|0|0|0|0|0|0|0|0,0
Hawaii,Car,PHEV,2023,0|0|0|0|0|0|0|0|0|0|0|0|0|0|0|0|0|0|0|0|0|0|0|0|0|0|0|0|0|0|0,0
Hawaii,Car,PHEV,2024,0|0|0|0|0|0|0|0|0|0|0|0|0|0|0|0|0|0|0|0|0|0|0|0|0|0|0|0|0|0|0,0
Hawaii,Car,PHEV,2025,0|0|0|0|0|0|0|0|0|0|0|1|0|0|0|0|0|0|0|0|0|0|0|0|0|0|0|0|0|0|0,1
Hawaii,Car,PHEV,2026,0|0|0|0|0|0|0|0|0|0|0|0|1|0|0|0|0|0|0|0|0|0|0|0|0|0|0|0|0|0|0,1
Hawaii,Car,PHEV,2027,0|0|0|0|0|0|0|0|0|0|1|1|1|2|0|0|0|0|0|0|0|0|0|0|0|0|0|0|0|0|0,5
Hawaii,Car,PHEV,2028,0|0|0|0|0|0|0|0|0|0|1|1|2|1|2|0|0|0|0|0|0|0|0|0|0|0|0|0|0|0|0,7
Hawaii,Car,PHEV,2029,0|0|0|0|0|0|0|0|0|0|0|2|3|2|1|2|0|0|0|0|0|0|0|0|0|0|0|0|0|0|0,10
Hawaii,Car,PHEV,2030,0|0|0|0|0|0|0|0|0|0|0|1|4|3|3|2|2|0|0|0|0|0|0|0|0|0|0|0|0|0|0,15
Hawaii,Car,PHEV,2031,0|0|0|0|0|0|0|0|0|0|0|1|2|5|4|3|2|2|0|0|0|0|0|0|0|0|0|0|0|0|0,19
Hawaii,Car,PHEV,2032,0|0|0|0|0|0|0|0|0|0|0|1|2|2|6|4|3|1|2|0|0|0|0|0|0|0|0|0|0|0|0,21
Hawaii,Car,PHEV,2033,0|0|0|0|0|0|0|0|0|0|0|1|2|2|3|6|4|3|1|1|0|0|0|0|0|0|0|0|0|0|0,23
Hawaii,Car,PHEV,2034,0|0|0|0|0|0|0|0|0|0|0|0|1|3|2|3|6|4|2|1|1|0|0|0|0|0|0|0|0|0|0,23
Hawaii,Car,PHEV,2035,0|0|0|0|0|0|0|0|0|1|1|1|1|2|3|3|3|6|3|2|1|1|0|0|0|0|0|0|0|0|0,28
Hawaii,Car,PHEV,2036,0|0|0|0|0|0|0|0|0|1|1|2|1|1|2|4|3|3|5|3|1|0|0|0|0|0|0|0|0|0|0,27
Hawaii,Car,PHEV,2037,0|0|0|0|0|0|0|0|0|1|2|3|4|2|2|2|4|2|2|4|2|1|0|0|0|0|0|0|0|0|0,31
Hawaii,Car,PHEV,2038,0|0|0|0|0|0|0|0|0|1|2|4|6|6|2|2|2|3|2|2|3|1|1|0|0|0|0|0|0|0|0,37
Hawaii,Car,PHEV,2039,0|0|0|0|0|0|0|0|1|1|2|4|8|7|7|2|2|2|3|2|1|2|1|0|0|0|0|0|0|0|0,45
Hawaii,Car,PHEV,2040,0|0|0|0|0|0|0|0|1|1|3|5|9|11|9|7|2|2|2|2|1|1|1|1|0|0|0|0|0|0|0,58
Hawaii,Car,PHEV,2041,0|0|0|0|0|0|0|0|1|2|3|6|11|11|13|10|7|2|1|1|2|1|1|1|0|0|0|0|0|0|0,73
Hawaii,Car,PHEV,2042,0|0|0|0|0|0|0|0|1|2|4|7|12|14|14|14|10|7|2|1|1|1|1|0|1|0|0|0|0|0|0,92
Hawaii,Car,PHEV,2043,0|0|0|0|0|0|0|0|1|2|4|8|14|16|17|15|14|9|6|1|1|1|1|0|0|0|0|0|0|0|0,110
Hawaii,Car,PHEV,2044,0|0|0|0|0|0|0|0|1|2|4|9|17|18|19|19|15|13|7|4|1|1|0|0|0|0|0|0|0|0|0,130
Hawaii,Car,PHEV,2045,0|0|0|0|0|0|0|0|1|2|4|9|18|22|22|21|19|14|11|6|3|1|0|0|0|0|0|0|0|0|0,153
Hawaii,Car,PHEV,2046,0|0|0|0|0|0|0|0|1|2|5|10|19|24|26|24|21|17|11|8|4|2|0|0|0|0|0|0|0|0|0,174
Hawaii,Car,PHEV,2047,0|0|0|0|0|0|0|0|1|2|5|10|19|25|29|29|24|19|14|9|6|3|1|0|0|0|0|0|0|0|0,196
Hawaii,Car,PHEV,2048,0|0|0|0|0|0|0|0|1|2|4|10|20|25|30|32|29|22|16|11|6|4|2|1|0|0|0|0|0|0|0,215
Hawaii,Car,PHEV,2049,0|0|0|0|0|0|0|0|1|2|4|10|20|26|31|33|32|26|18|12|8|4|3|1|1|0|0|0|0|0|0,232
Hawaii,Car,PHEV,2050,0|0|0|0|0|0|0|0|1|2|5|10|19|25|31|34|33|29|22|14|9|5|3|2|1|0|0|0|0|0|0,245
Hawaii,SUV,BEV,2020,0|0|0|0|0|0|0|0|0|0|0|0|0|0|0|0|0|0|0|0|0|0|0|0|0|0|0|0|0|0|0,0
Hawaii,SUV,BEV,2021,0|0|0|0|0|0|0|0|0|0|0|0|0|0|0|0|0|0|0|0|0|0|0|0|0|0|0|0|0|0|0,0
Hawaii,SUV,BEV,2022,0|0|0|0|0|0|0|0|0|0|0|0|0|0|0|0|0|0|0|0|0|0|0|0|0|0|0|0|0|0|0,0
Hawaii,SUV,BEV,2023,0|0|0|0|0|0|0|0|0|0|0|0|0|0|0|0|0|0|0|0|0|0|0|0|0|0|0|0|0|0|0,0
Hawaii,SUV,BEV,2024,0|0|0|0|0|0|0|0|0|0|0|0|0|0|0|0|0|0|0|0|0|0|0|0|0|0|0|0|0|0|0,0
Hawaii,SUV,BEV,2025,0|0|0|0|0|0|0|0|0|0|0|0|0|0|0|0|0|0|0|0|0|0|0|0|0|0|0|0|0|0|0,0
Hawaii,SUV,BEV,2026,0|0|0|0|0|0|0|0|0|1|1|1|1|0|0|0|0|0|0|0|0|0|0|0|0|0|0|0|0|0|0,4
Hawaii,SUV,BEV,2027,0|0|0|0|0|0|0|0|0|1|1|2|2|1|0|0|0|0|0|0|0|0|0|0|0|0|0|0|0|0|0,7
Hawaii,SUV,BEV,2028,0|0|0|0|0|0|0|0|0|0|1|3|4|2|2|0|0|0|0|0|0|0|0|0|0|0|0|0|0|0|0,12
Hawaii,SUV,BEV,2029,0|0|0|0|0|0|0|1|1|1|1|3|7|5|3|2|0|0|0|0|0|0|0|0|0|0|0|0|0|0|0,24
Hawaii,SUV,BEV,2030,0|0|0|0|0|0|0|1|1|2|3|2|5|9|6|3|2|0|0|0|0|0|0|0|0|0|0|0|0|0|0,34
Hawaii,SUV,BEV,2031,0|0|0|0|0|0|0|1|2|3|5|6|5|7|10|7|3|2|0|0|0|0|0|0|0|0|0|0|0|0|0,51
Hawaii,SUV,BEV,2032,0|0|0|0|0|0|0|0|2|5|7|12|12|6|8|11|7|3|1|0|0|0|0|0|0|0|0|0|0|0|0,74
Hawaii,SUV,BEV,2033,0|0|0|0|0|0|0|1|1|6|11|16|24|15|8|9|11|6|2|1|0|0|0|0|0|0|0|0|0|0|0,111
Hawaii,SUV,BEV,2034,0|0|0|0|0|0|0|1|1|2|13|24|33|31|18|9|9|10|5|2|1|0|0|0|0|0|0|0|0|0|0,159
Hawaii,SUV,BEV,2035,0|0|0|0|0|0|0|1|2|3|5|29|49|44|38|20|9|8|9|4|1|1|0|0|0|0|0|0|0|0|0,223
Hawaii,SUV,BEV,2036,0|0|0|0|0|0|1|1|2|4|7|11|60|64|53|42|20|8|7|7|3|1|0|0|0|0|0|0|0|0|0,291
Hawaii,SUV,BEV,2037,0|0|0|0|0|0|1|1|3|5|9|14|22|79|77|58|42|18|6|5|5|2|1|0|0|0|0|0|0|0|0,348
Hawaii,SUV,BEV,2038,0|0|0|0|0|0|1|2|3|6|11|19|29|29|95|85|58|38|15|5|4|3|1|0|0|0|0|0|0|0|0,404
Hawaii,SUV,BEV,2039,0|0|0|0|0|0|1|2|4|7|14|24|39|38|35|105|85|53|31|12|4|3|2|1|0|0|0|0|0|0|0,460
Hawaii,SUV,BEV,2040,0|0|0|0|0|0|1|2|4|8|16|29|49|51|46|39|105|77|44|24|8|2|2|1|1|0|0|0|0|0|0,509
Hawaii,SUV,BEV,2041,0|0|0|0|0|0|1|2|5|10|19|35|60|64|61|51|39|95|64|33|17|6|2|1|1|0|0|0|0|0|0,566
Hawaii,SUV,BEV,2042,0|0|0|0|0|0|1|2|6|12|22|41|72|78|77|68|51|35|79|49|24|12|4|1|1|1|0|0|0|0|0,636
Hawaii,SUV,BEV,2043,0|0|0|0|0|0|1|2|6|13|26|47|82|93|94|86|68|46|29|60|35|17|8|3|1|0|0|0|0|0|0,717
Hawaii,SUV,BEV,2044,0|0|0|0|0|1|1|3|6|14|29|56|95|107|113|104|86|61|38|22|44|24|11|5|2|0|0|0|0|0|0,822
Hawaii,SUV,BEV,2045,0|0|0|0|0|1|1|3|7|14|31|62|114|124|130|125|104|77|51|29|16|30|16|7|3|1|0|0|0|0|0,946
Hawaii,SUV,BEV,2046,0|0|0|0|0|1|1|3|7|16|32|67|126|148|149|143|125|94|64|39|21|11|20|11|5|2|1|0|0|0|0,1086
Hawaii,SUV,BEV,2047,0|0|0|0|0|1|1|3|7|17|35|70|135|164|179|165|143|113|78|49|28|15|7|13|7|3|1|0|0|0|0,1234
Hawaii,SUV,BEV,2048,0|0|0|0|0|1|1|3|8|17|37|76|144|176|198|198|165|130|93|60|36|19|10|5|9|5|2|1|0|0|0,1394
Hawaii,SUV,BEV,2049,0|0|0|0|0|1|2|4|8|18|39|81|155|187|213|219|198|149|107|72|43|25|13|7|3|6|3|1|1|0|0,1555
Hawaii,SUV,BEV,2050,0|0|0|0|0|1|2|4|8|18|40|84|163|202|226|236|219|179|124|82|52|30|17|9|4|2|4|2|1|0|0,1709
Hawaii,SUV,PHEV,2020,0|0|0|0|0|0|0|0|0|0|0|0|0|0|0|0|0|0|0|0|0|0|0|0|0|0|0|0|0|0|0,0
Hawaii,SUV,PHEV,2021,0|0|0|0|0|0|0|0|0|0|0|0|0|0|0|0|0|0|0|0|0|0|0|0|0|0|0|0|0|0|0,0
Hawaii,SUV,PHEV,2022,0|0|0|0|0|0|0|0|0|0|0|0|0|0|0|0|0|0|0|0|0|0|0|0|0|0|0|0|0|0|0,0
Hawaii,SUV,PHEV,2023,0|0|0|0|0|0|0|0|0|0|0|0|0|0|0|0|0|0|0|0|0|0|0|0|0|0|0|0|0|0|0,0
Hawaii,SUV,PHEV,2024,0|0|0|0|0|0|0|0|0|0|0|0|0|0|0|0|0|0|0|0|0|0|0|0|0|0|0|0|0|0|0,0
Hawaii,SUV,PHEV,2025,0|0|0|0|0|0|0|0|0|0|0|0|0|0|0|0|0|0|0|0|0|0|0|0|0|0|0|0|0|0|0,0
Hawaii,SUV,PHEV,2026,0|0|0|0|0|0|0|0|0|0|0|0|0|0|0|0|0|0|0|0|0|0|0|0|0|0|0|0|0|0|0,0
Hawaii,SUV,PHEV,2027,0|0|0|0|0|0|0|0|0|0|0|0|0|0|0|0|0|0|0|0|0|0|0|0|0|0|0|0|0|0|0,0
Hawaii,SUV,PHEV,2028,0|0|0|0|0|0|0|0|0|0|0|0|1|0|0|0|0|0|0|0|0|0|0|0|0|0|0|0|0|0|0,1
Hawaii,SUV,PHEV,2029,0|0|0|0|0|0|0|0|0|0|0|0|1|1|0|0|0|0|0|0|0|0|0|0|0|0|0|0|0|0|0,2
Hawaii,SUV,PHEV,2030,0|0|0|0|0|0|0|0|0|1|0|0|1|1|1|1|0|0|0|0|0|0|0|0|0|0|0|0|0|0|0,5
Hawaii,SUV,PHEV,2031,0|0|0|0|0|0|0|0|1|1|1|1|1|1|1|1|1|0|0|0|0|0|0|0|0|0|0|0|0|0|0,9
Hawaii,SUV,PHEV,2032,0|0|0|0|0|0|0|0|1|1|2|3|2|1|2|1|1|0|0|0|0|0|0|0|0|0|0|0|0|0|0,14
Hawaii,SUV,PHEV,2033,0|0|0|0|0|0|0|0|0|1|3|4|7|2|1|2|1|1|0|0|0|0|0|0|0|0|0|0|0|0|0,22
Hawaii,SUV,PHEV,2034,0|0|0|0|0|0|0|0|0|0|3|6|8|9|3|1|2|1|1|0|0|0|0|0|0|0|0|0|0|0|0,34
Hawaii,SUV,PHEV,2035,0|0|0|0|0|0|0|0|0|1|1|7|13|11|10|3|1|2|1|1|0|0|0|0|0|0|0|0|0|0|0,51
Hawaii,SUV,PHEV,2036,0|0|0|0|0|0|0|0|0|1|1|2|15|17|13|12|3|1|1|1|0|0|0|0|0|0|0|0|0|0|0,67
Hawaii,SUV,PHEV,2037,0|0|0|0|0|0|0|0|1|1|2|3|5|20|21|14|12|3|1|1|1|0|0|0|0|0|0|0|0|0|0,85
Hawaii,SUV,PHEV,2038,0|0|0|0|0|0|0|0|1|1|2|4|6|6|24|23|14|10|2|1|1|0|0|0|0|0|0|0|0|0|0,95
Hawaii,SUV,PHEV,2039,0|0|0|0|0|0|0|0|1|2|3|5|9|8|7|26|23|13|9|2|1|0|0|0|0|0|0|0|0|0|0,109
Hawaii,SUV,PHEV,2040,0|0|0|0|0|0|0|0|1|2|3|6|9|12|10|8|26|21|11|7|1|0|0|0|0|0|0|0|0|0|0,117
Hawaii,SUV,PHEV,2041,0|0|0|0|0|0|0|1|1|2|4|7|13|12|14|11|8|24|17|8|5|1|0|0|0|0|0|0|0|0|0,128
Hawaii,SUV,PHEV,2042,0|0|0|0|0|0|0|0|1|3|5|9|15|17|15|16|11|7|20|13|6|3|1|0|0|0|0|0|0|0|0,142
Hawaii,SUV,PHEV,2043,0|0|0|0|0|0|0|0|1|3|6|11|18|19|20|17|16|10|6|15|10|4|2|0|0|0|0|0|0|0|0,158
Hawaii,SUV,PHEV,2044,0|0|0|0|0|0|0|0|1|3|6|12|22|24|23|22|17|14|8|5|11|7|3|1|0|0|0|0|0|0|0,179
Hawaii,SUV,PHEV,2045,0|0|0|0|0|0|0|1|1|3|6|13|25|29|28|26|22|15|12|6|3|8|4|2|1|0|0|0|0|0|0,205
Hawaii,SUV,PHEV,2046,0|0|0|0|0|0|0|1|1|3|6|13|26|32|35|31|26|20|12|9|5|2|5|3|1|1|0|0|0|0|0,232
Hawaii,SUV,PHEV,2047,0|0|0|0|0|0|0|1|1|3|6|13|26|34|39|38|31|23|17|9|7|3|2|3|2|1|0|0|0|0|0,259
Hawaii,SUV,PHEV,2048,0|0|0|0|0|0|0|1|1|3|6|13|26|35|41|43|38|28|19|13|7|5|2|1|2|1|0|0|0|0|0,285
Hawaii,SUV,PHEV,2049,0|0|0|0|0|0|0|1|1|3|6|14|27|34|42|45|43|35|24|15|9|5|3|1|1|1|1|0|0|0|0,311
Hawaii,SUV,PHEV,2050,0|0|0|0|0|0|0|1|1|3|6|13|27|36|41|46|45|39|29|18|11|6|3|2|1|0|1|1|0|0|0,330
Idaho,Car,BEV,2020,0|0|0|0|0|0|0|0|0|0|0|0|0|0|0|0|0|0|0|0|0|0|0|0|0|0|0|0|0|0|0,0
Idaho,Car,BEV,2021,0|0|0|0|0|0|0|0|0|0|0|0|0|0|0|0|0|0|0|0|0|0|0|0|0|0|0|0|0|0|0,0
Idaho,Car,BEV,2022,0|0|0|0|0|0|0|0|0|0|0|0|0|0|0|0|0|0|0|0|0|0|0|0|0|0|0|0|0|0|0,0
Idaho,Car,BEV,2023,0|0|0|0|0|0|0|0|0|0|0|0|0|0|0|0|0|0|0|0|0|0|0|0|0|0|0|0|0|0|0,0
Idaho,Car,BEV,2024,0|0|0|0|0|0|0|0|0|0|0|0|0|0|0|0|0|0|0|0|0|0|0|0|0|0|0|0|0|0|0,0
Idaho,Car,BEV,2025,0|0|0|0|0|0|0|0|0|0|0|0|0|0|0|0|0|0|0|0|0|0|0|0|0|0|0|0|0|0|0,0
Idaho,Car,BEV,2026,0|0|0|0|0|0|0|0|0|0|0|0|0|0|0|0|0|0|0|0|0|0|0|0|0|0|0|0|0|0|0,0
Idaho,Car,BEV,2027,0|0|0|0|0|0|0|0|0|0|0|0|0|1|0|0|0|0|0|0|0|0|0|0|0|0|0|0|0|0|0,1
Idaho,Car,BEV,2028,0|0|0|0|0|0|0|0|0|0|1|0|0|1|1|0|0|0|0|0|0|0|0|0|0|0|0|0|0|0|0,3
Idaho,Car,BEV,2029,0|0|0|0|0|0|0|0|0|0|1|2|1|1|1|1|0|0|0|0|0|0|0|0|0|0|0|0|0|0|0,7
Idaho,Car,BEV,2030,0|0|0|0|0|0|0|0|0|0|1|1|3|1|1|1|1|0|0|0|0|0|0|0|0|0|0|0|0|0|0,9
Idaho,Car,BEV,2031,0|0|0|0|0|0|0|0|0|1|1|1|3|4|1|1|1|1|0|0|0|0|0|0|0|0|0|0|0|0|0,14
Idaho,Car,BEV,2032,0|0|0|0|0|0|0|0|0|1|1|2|2|4|5|1|1|1|1|0|0|0|0|0|0|0|0|0|0|0|0,19
Idaho,Car,BEV,2033,0|0|0|0|0|0|0|1|1|1|1|3|4|3|5|5|1|1|1|0|0|0|0|0|0|0|0|0|0|0|0,27
Idaho,Car,BEV,2034,0|0|0|0|0|0|0|1|1|2|1|3|6|5|4|5|5|1|1|0|0|0|0|0|0|0|0|0|0|0|0,35
Idaho,Car,BEV,2035,0|0|0|0|0|0|0|1|2|3|6|3|6|7|6|4|5|5|1|0|0|0|0|0|0|0|0|0|0|0|0,49
Idaho,Car,BEV,2036,0|0|0|0|0|0|0|1|2|4|7|12|5|8|9|7|4|5|4|1|0|0|0|0|0|0|0|0|0|0|0,69
Idaho,Car,BEV,2037,0|0|0|0|0|0|1|1|2|5|9|16|25|7|10|10|7|4|4|3|1|0|0|0|0|0|0|0|0|0|0,105
Idaho,Car,BEV,2038,0|0|0|0|0|0|1|1|3|6|11|20|33|33|8|11|10|6|3|3|2|0|0|0|0|0|0|0|0|0|0,151
Idaho,Car,BEV,2039,0|0|0|0|0|0|1|2|3|7|13|25|42|43|40|9|11|9|5|2|2|2|0|0|0|0|0|0|0|0|0,216
Idaho,Car,BEV,2040,0|0|0|0|0|0|1|2|4|8|15|29|51|54|52|44|9|10|7|4|2|1|1|0|0|0|0|0|0|0|0,294
Idaho,Car,BEV,2041,0|0|0|0|0|0|1|2|4|9|18|33|59|66|66|57|44|8|8|6|3|1|1|1|0|0|0|0|0|0|0,387
Idaho,Car,BEV,2042,0|0|0|0|0|0|1|2|5|10|20|38|67|77|80|73|57|40|7|6|4|2|1|1|0|0|0|0|0|0|0,491
Idaho,Car,BEV,2043,0|0|0|0|0|0|1|2|5|11|23|43|79|87|93|88|73|52|33|5|4|3|1|1|0|0|0|0|0|0|0,604
Idaho,Car,BEV,2044,0|0|0|0|0|0|1|3|6|12|25|49|88|102|106|103|88|66|43|25|4|3|2|1|0|0|0|0|0|0|0,727
Idaho,Car,BEV,2045,0|0|0|0|0|1|1|3|6|13|27|54|101|114|124|117|103|80|54|33|18|3|2|1|1|0|0|0|0|0|0,856
Idaho,Car,BEV,2046,0|0|0|0|0|1|1|3|6|14|29|58|110|132|138|137|117|93|66|42|24|13|2|1|1|0|0|0|0|0|0,988
Idaho,Car,BEV,2047,0|0|0|0|0|1|1|3|7|15|31|62|117|143|160|153|137|106|77|51|30|16|9|1|1|1|0|0|0|0|0,1122
Idaho,Car,BEV,2048,0|0|0|0|0|1|1|3|7|16|33|66|126|153|173|177|153|124|87|59|37|21|11|6|1|1|0|0|0|0|0,1256
Idaho,Car,BEV,2049,0|0|0|0|0|1|2|4|8|17|35|71|134|165|185|191|177|138|102|67|43|25|14|7|4|0|0|0|0|0|0,1390
Idaho,Car,BEV,2050,0|0|0|0|0|1|2|4|8|18|37|75|142|175|199|205|191|160|114|79|49|30|17|9|5|2|0|0|0|0|0,1522
Idaho,Car,PHEV,2020,0|0|0|0|0|0|0|0|0|0|0|0|0|0|0|0|0|0|0|0|0|0|0|0|0|0|0|0|0|0|0,0
Idaho,Car,PHEV,2021,0|0|0|0|0|0|0|0|0|0|0|0|0|0|0|0|0|0|0|0|0|0|0|0|0|0|0|0|0|0|0,0
Idaho,Car,PHEV,2022,0|0|0|0|0|0|0|0|0|0|0|0|0|0|0|0|0|0|0|0|0|0|0|0|0|0|0|0|0|0|0,0
Idaho,Car,PHEV,2023,0|0|0|0|0|0|0|0|0|0|0|0|0|0|0|0|0|0|0|0|0|0|0|0|0|0|0|0|0|0|0,0
Idaho,Car,PHEV,2024,0|0|0|0|0|0|0|0|0|0|0|0|0|0|0|0|0|0|0|0|0|0|0|0|0|0|0|0|0|0|0,0
Idaho,Car,PHEV,2025,0|0|0|0|0|0|0|0|0|0|0|0|0|0|0|0|0|0|0|0|0|0|0|0|0|0|0|0|0|0|0,0
Idaho,Car,PHEV,2026,0|0|0|0|0|0|0|0|0|0|0|0|1|0|0|0|0|0|0|0|0|0|0|0|0|0|0|0|0|0|0,1
Idaho,Car,PHEV,2027,0|0|0|0|0|0|0|0|0|0|0|0|0|1|0|0|0|0|0|0|0|0|0|0|0|0|0|0|0|0|0,1
Idaho,Car,PHEV,2028,0|0|0|0|0|0|0|0|0|0|0|1|1|0|1|0|0|0|0|0|0|0|0|0|0|0|0|0|0|0|0,3
Idaho,Car,PHEV,2029,0|0|0|0|0|0|0|0|0|0|0|1|1|1|1|1|0|0|0|0|0|0|0|0|0|0|0|0|0|0|0,5
Idaho,Car,PHEV,2030,0|0|0|0|0|0|0|0|0|0|0|0|2|2|1|1|1|0|0|0|0|0|0|0|0|0|0|0|0|0|0,7
Idaho,Car,PHEV,2031,0|0|0|0|0|0|0|0|0|0|0|0|1|2|2|2|1|1|0|0|0|0|0|0|0|0|0|0|0|0|0,9
Idaho,Car,PHEV,2032,0|0|0|0|0|0|0|0|0|0|0|0|1|1|3|2|2|1|1|0|0|0|0|0|0|0|0|0|0|0|0,11
Idaho,Car,PHEV,2033,0|0|0|0|0|0|0|0|0|0|0|0|1|1|2|3|2|1|0|1|0|0|0|0|0|0|0|0|0|0|0,11
Idaho,Car,PHEV,2034,0|0|0|0|0|0|0|0|0|1|0|0|1|1|1|2|3|2|1|0|0|0|0|0|0|0|0|0|0|0|0,12
Idaho,Car,PHEV,2035,0|0|0|0|0|0|0|0|0|1|1|0|0|1|2|1|2|3|2|1|0|0|0|0|0|0|0|0|0|0|0,14
Idaho,Car,PHEV,2036,0|0|0|0|0|0|0|0|0|1|2|3|1|1|1|2|1|2|2|1|1|0|0|0|0|0|0|0|0|0|0,18
Idaho,Car,PHEV,2037,0|0|0|0|0|0|0|0|1|1|2|3|6|1|1|1|2|1|1|2|1|0|0|0|0|0|0|0|0|0|0,23
Idaho,Car,PHEV,2038,0|0|0|0|0|0|0|0|1|1|2|5|7|7|1|1|1|2|1|1|1|1|0|0|0|0|0|0|0|0|0,32
Idaho,Car,PHEV,2039,0|0|0|0|0|0|0|0|1|1|3|5|10|9|9|1|1|1|1|1|1|1|0|0|0|0|0|0|0|0|0,45
Idaho,Car,PHEV,2040,0|0|0|0|0|0|0|0|1|2|3|6|10|13|11|10|1|1|1|1|1|0|1|0|0|0|0|0|0|0|0,62
Idaho,Car,PHEV,2041,0|0|0|0|0|0|0|0|1|2|4|7|13|13|16|12|10|1|1|1|1|0|0|0|0|0|0|0|0|0|0,82
Idaho,Car,PHEV,2042,0|0|0|0|0|0|0|0|1|2|4|8|14|17|16|17|12|9|1|0|1|1|0|0|0|0|0|0|0|0|0,103
Idaho,Car,PHEV,2043,0|0|0|0|0|0|0|0|1|2|5|10|17|18|20|17|17|11|7|1|0|0|0|0|0|0|0|0|0|0|0,126
Idaho,Car,PHEV,2044,0|0|0|0|0|0|0|0|1|2|5|11|20|22|21|22|17|16|9|6|1|0|0|0|0|0|0|0|0|0|0,153
Idaho,Car,PHEV,2045,0|0|0|0|0|0|0|0|1|2|5|11|22|26|27|24|22|16|13|7|4|0|0|0|0|0|0|0|0|0|0,180
Idaho,Car,PHEV,2046,0|0|0|0|0|0|0|0|1|2|5|11|22|28|31|30|24|20|13|10|5|3|0|0|0|0|0|0|0|0|0,205
Idaho,Car,PHEV,2047,0|0|0|0|0|0|0|1|1|3|5|12|23|29|34|35|30|21|17|10|7|3|2|0|0|0|0|0|0|0|0,233
Idaho,Car,PHEV,2048,0|0|0|0|0|0|0|1|1|3|6|12|23|30|35|38|35|27|18|13|7|5|2|1|0|0|0|0|0|0|0,257
Idaho,Car,PHEV,2049,0|0|0|0|0|0|0|1|1|3|6|12|24|31|36|39|38|31|22|14|9|5|3|2|1|0|0|0|0|0|0,278
Idaho,Car,PHEV,2050,0|0|0|0|0|0|0|1|1|3|6|12|24|31|37|40|39|34|26|17|10|6|3|2|1|1|0|0|0|0|0,294
Idaho,SUV,BEV,2020,0|0|0|0|0|0|0|0|0|0|0|0|0|0|0|0|0|0|0|0|0|0|0|0|0|0|0|0|0|0|0,0
Idaho,SUV,BEV,2021,0|0|0|0|0|0|0|0|0|0|0|0|0|0|0|0|0|0|0|0|0|0|0|0|0|0|0|0|0|0|0,0
Idaho,SUV,BEV,2022,0|0|0|0|0|0|0|0|0|0|0|0|0|0|0|0|0|0|0|0|0|0|0|0|0|0|0|0|0|0|0,0
Idaho,SUV,BEV,2023,0|0|0|0|0|0|0|0|0|0|0|0|0|0|0|0|0|0|0|0|0|0|0|0|0|0|0|0|0|0|0,0
Idaho,SUV,BEV,2024,0|0|0|0|0|0|0|0|0|0|0|0|0|0|0|0|0|0|0|0|0|0|0|0|0|0|0|0|0|0|0,0
Idaho,SUV,BEV,2025,0|0|0|0|0|0|0|0|0|0|0|0|0|0|0|0|0|0|0|0|0|0|0|0|0|0|0|0|0|0|0,0
Idaho,SUV,BEV,2026,0|0|0|0|0|0|0|0|0|0|0|0|0|0|0|0|0|0|0|0|0|0|0|0|0|0|0|0|0|0|0,0
Idaho,SUV,BEV,2027,0|0|0|0|0|0|0|0|0|0|0|0|0|0|0|0|0|0|0|0|0|0|0|0|0|0|0|0|0|0|0,0
Idaho,SUV,BEV,2028,0|0|0|0|0|0|0|0|0|0|0|0|0|0|0|0|0|0|0|0|0|0|0|0|0|0|0|0|0|0|0,0
Idaho,SUV,BEV,2029,0|0|0|0|0|0|0|0|0|0|0|0|1|0|0|0|0|0|0|0|0|0|0|0|0|0|0|0|0|0|0,1
Idaho,SUV,BEV,2030,0|0|0|0|0|0|0|0|0|1|1|0|1|1|0|0|0|0|0|0|0|0|0|0|0|0|0|0|0|0|0,4
Idaho,SUV,BEV,2031,0|0|0|0|0|0|0|0|1|1|1|1|1|1|1|0|0|0|0|0|0|0|0|0|0|0|0|0|0|0|0,7
Idaho,SUV,BEV,2032,0|0|0|0|0|0|0|1|1|2|2|3|2|1|1|1|0|0|0|0|0|0|0|0|0|0|0|0|0|0|0,14
Idaho,SUV,BEV,2033,0|0|0|0|0|0|1|1|2|2|4|5|6|3|1|1|1|0|0|0|0|0|0|0|0|0|0|0|0|0|0,27
Idaho,SUV,BEV,2034,0|0|0|0|0|0|1|1|2|4|4|8|10|8|4|1|1|1|0|0|0|0|0|0|0|0|0|0|0|0|0,45
Idaho,SUV,BEV,2035,0|0|0|0|0|0|1|2|3|5|9|10|16|12|9|4|1|1|1|0|0|0|0|0|0|0|0|0|0|0|0,74
Idaho,SUV,BEV,2036,0|0|0|0|0|0|1|2|4|7|13|21|20|21|15|10|4|1|1|1|0|0|0|0|0|0|0|0|0|0|0,121
Idaho,SUV,BEV,2037,0|0|0|0|0|0|1|2|4|9|16|27|42|26|25|17|10|4|1|1|1|0|0|0|0|0|0|0|0|0|0,186
Idaho,SUV,BEV,2038,0|0|0|0|0|1|1|3|5|11|20|36|56|55|32|28|17|9|3|1|1|0|0|0|0|0|0|0|0|0|0,279
Idaho,SUV,BEV,2039,0|0|0|0|0|1|1|3|6|12|24|45|74|73|67|35|28|15|8|2|1|0|0|0|0|0|0|0|0|0|0,395
Idaho,SUV,BEV,2040,0|0|0|0|0|1|2|4|7|15|29|53|92|97|89|74|35|25|12|6|2|0|0|0|0|0|0|0|0|0|0,543
Idaho,SUV,BEV,2041,0|0|0|0|0|1|2|4|9|17|34|62|110|120|117|98|74|32|21|10|4|1|0|0|0|0|0|0|0|0|0,716
Idaho,SUV,BEV,2042,0|0|0|0|0|1|2|4|10|20|39|75|128|143|145|129|98|67|26|16|7|3|1|0|0|0|0|0|0|0|0,914
Idaho,SUV,BEV,2043,0|0|0|0|0|1|2|5|10|23|47|86|154|167|173|160|129|89|55|20|12|5|2|1|0|0|0|0|0|0|0,1141
Idaho,SUV,BEV,2044,0|0|0|0|0|1|2|5|12|25|51|102|175|201|202|191|160|117|73|42|14|8|3|1|0|0|0|0|0|0|0,1385
Idaho,SUV,BEV,2045,0|0|0|0|0|1|2|6|12|27|56|111|208|229|243|223|191|145|97|56|31|10|5|2|1|0|0|0|0|0|0,1656
Idaho,SUV,BEV,2046,0|0|0|0|0|1|3|6|13|29|61|121|227|271|277|269|223|173|120|74|41|21|7|4|1|1|0|0|0|0|0,1943
Idaho,SUV,BEV,2047,0|0|0|0|0|1|3|6|14|31|65|131|246|296|328|305|269|202|143|92|54|28|14|4|2|1|0|0|0|0|0,2235
Idaho,SUV,BEV,2048,0|0|0|0|1|1|3|7|15|33|69|140|266|321|358|362|305|243|167|110|67|37|19|9|3|1|1|0|0|0|0,2538
Idaho,SUV,BEV,2049,0|0|0|0|1|1|3|7|16|35|74|149|283|346|388|396|362|277|201|128|79|46|25|13|6|2|1|0|0|0|0,2839
Idaho,SUV,BEV,2050,0|0|0|0|1|1|3|8|17|37|78|158|301|369|419|429|396|328|229|154|93|55|31|17|8|4|1|1|0|0|0,3138
Idaho,SUV,PHEV,2020,0|0|0|0|0|0|0|0|0|0|0|0|0|0|0|0|0|0|0|0|0|0|0|0|0|0|0|0|0|0|0,0
Idaho,SUV,PHEV,2021,0|0|0|0|0|0|0|0|0|0|0|0|0|0|0|0|0|0|0|0|0|0|0|0|0|0|0|0|0|0|0,0
Idaho,SUV,PHEV,2022,0|0|0|0|0|0|0|0|0|0|0|0|0|0|0|0|0|0|0|0|0|0|0|0|0|0|0|0|0|0|0,0
Idaho,SUV,PHEV,2023,0|0|0|0|0|0|0|0|0|0|0|0|0|0|0|0|0|0|0|0|0|0|0|0|0|0|0|0|0|0|0,0
Idaho,SUV,PHEV,2024,0|0|0|0|0|0|0|0|0|0|0|0|0|0|0|0|0|0|0|0|0|0|0|0|0|0|0|0|0|0|0,0
Idaho,SUV,PHEV,2025,0|0|0|0|0|0|0|0|0|0|0|0|0|0|0|0|0|0|0|0|0|0|0|0|0|0|0|0|0|0|0,0
Idaho,SUV,PHEV,2026,0|0|0|0|0|0|0|0|0|0|0|0|0|0|0|0|0|0|0|0|0|0|0|0|0|0|0|0|0|0|0,0
Idaho,SUV,PHEV,2027,0|0|0|0|0|0|0|0|0|0|0|0|0|0|0|0|0|0|0|0|0|0|0|0|0|0|0|0|0|0|0,0
Idaho,SUV,PHEV,2028,0|0|0|0|0|0|0|0|0|0|0|0|0|0|0|0|0|0|0|0|0|0|0|0|0|0|0|0|0|0|0,0
Idaho,SUV,PHEV,2029,0|0|0|0|0|0|0|0|0|0|0|0|0|0|0|0|0|0|0|0|0|0|0|0|0|0|0|0|0|0|0,0
Idaho,SUV,PHEV,2030,0|0|0|0|0|0|0|0|0|0|0|0|0|0|0|0|0|0|0|0|0|0|0|0|0|0|0|0|0|0|0,0
Idaho,SUV,PHEV,2031,0|0|0|0|0|0|0|0|0|1|1|0|0|0|0|1|0|0|0|0|0|0|0|0|0|0|0|0|0|0|0,3
Idaho,SUV,PHEV,2032,0|0|0|0|0|0|0|0|0|1|1|2|1|0|1|1|1|0|0|0|0|0|0|0|0|0|0|0|0|0|0,8
Idaho,SUV,PHEV,2033,0|0|0|0|0|0|0|0|0|1|2|3|4|1|1|1|1|0|0|0|0|0|0|0|0|0|0|0|0|0|0,14
Idaho,SUV,PHEV,2034,0|0|0|0|0|0|0|0|0|1|2|4|5|5|1|1|1|0|0|0|0|0|0|0|0|0|0|0|0|0|0,20
Idaho,SUV,PHEV,2035,0|0|0|0|0|0|0|0|1|1|2|5|8|7|6|1|1|1|0|0|0|0|0|0|0|0|0|0|0|0|0,33
Idaho,SUV,PHEV,2036,0|0|0|0|0|0|0|0|1|2|3|4|9|11|8|7|1|1|0|0|0|0|0|0|0|0|0|0|0|0|0,47
Idaho,SUV,PHEV,2037,0|0|0|0|0|0|0|0|1|2|4|6|9|12|13|9|7|1|0|0|0|0|0|0|0|0|0|0|0|0|0,64
Idaho,SUV,PHEV,2038,0|0|0|0|0|0|0|1|1|2|4|9|12|12|15|14|9|6|1|0|0|0|0|0|0|0|0|0|0|0|0,86
Idaho,SUV,PHEV,2039,0|0|0|0|0|0|0|1|1|3|5|9|18|16|14|16|14|8|5|1|0|0|0|0|0|0|0|0|0|0|0,111
Idaho,SUV,PHEV,2040,0|0|0|0|0|0|0|1|2|3|6|11|18|23|19|16|16|13|7|4|1|0|0|0|0|0|0|0|0|0|0,140
Idaho,SUV,PHEV,2041,0|0|0|0|0|0|0|1|2|4|8|13|23|24|28|21|16|15|11|5|3|0|0|0|0|0|0|0|0|0|0,174
Idaho,SUV,PHEV,2042,0|0|0|0|0|0|0|1|2|4|9|17|26|31|28|31|21|14|12|8|4|2|0|0|0|0|0|0|0|0|0,210
Idaho,SUV,PHEV,2043,0|0|0|0|0|0|0|1|2|5|10|20|34|34|37|31|31|19|12|9|6|3|1|0|0|0|0|0|0|0|0,255
Idaho,SUV,PHEV,2044,0|0|0|0|0|0|0|1|2|5|11|22|40|44|42|41|31|28|16|9|7|4|2|1|0|0|0|0|0|0|0,306
Idaho,SUV,PHEV,2045,0|0|0|0|0|0|0|1|2|5|11|23|45|53|54|46|41|28|23|12|7|5|3|1|1|0|0|0|0|0|0,361
Idaho,SUV,PHEV,2046,0|0|0|0|0|0|0|1|2|5|11|24|47|58|64|59|46|37|24|18|9|5|3|2|1|0|0|0|0|0|0,416
Idaho,SUV,PHEV,2047,0|0|0|0|0|0|0|1|2|5|11|24|48|61|71|70|59|42|31|18|13|6|3|2|1|0|0|0|0|0|0,468
Idaho,SUV,PHEV,2048,0|0|0|0|0|0|0|1|2|5|12|24|49|62|74|78|70|54|34|23|13|9|4|2|1|1|0|0|0|0|0,518
Idaho,SUV,PHEV,2049,0|0|0|0|0|0|0|1|2|6|12|25|49|63|75|82|78|64|44|26|17|9|6|3|1|1|0|0|0|0|0,564
Idaho,SUV,PHEV,2050,0|0|0|0|0|0|0|1|3|6|12|25|50|64|77|83|82|71|53|34|19|12|6|4|2|1|1|0|0|0|0,606
Illinois,Car,BEV,2020,0|0|0|0|0|0|0|0|0|0|0|0|0|0|0|0|0|0|0|0|0|0|0|0|0|0|0|0|0|0|0,0
Illinois,Car,BEV,2021,0|0|0|0|0|0|0|0|0|0|0|0|0|0|0|0|0|0|0|0|0|0|0|0|0|0|0|0|0|0|0,0
Illinois,Car,BEV,2022,0|0|0|0|0|0|0|0|0|0|0|0|0|0|0|0|0|0|0|0|0|0|0|0|0|0|0|0|0|0|0,0
Illinois,Car,BEV,2023,0|0|0|0|0|0|0|0|0|1|0|0|0|0|0|0|0|0|0|0|0|0|0|0|0|0|0|0|0|0|0,1
Illinois,Car,BEV,2024,0|0|0|0|0|0|0|0|0|1|2|0|0|0|0|0|0|0|0|0|0|0|0|0|0|0|0|0|0|0|0,3
Illinois,Car,BEV,2025,0|0|0|0|0|0|0|1|0|1|2|4|0|0|0|0|0|0|0|0|0|0|0|0|0|0|0|0|0|0|0,8
Illinois,Car,BEV,2026,0|0|0|0|0|0|0|1|2|1|2|5|9|0|0|0|0|0|0|0|0|0|0|0|0|0|0|0|0|0|0,20
Illinois,Car,BEV,2027,0|0|0|0|0|0|0|0|2|4|2|5|10|12|0|0|0|0|0|0|0|0|0|0|0|0|0|0|0|0|0,35
Illinois,Car,BEV,2028,0|0|0|0|0|0|0|1|1|4|9|5|10|13|15|0|0|0|0|0|0|0|0|0|0|0|0|0|0|0|0,58
Illinois,Car,BEV,2029,0|0|0|0|0|0|1|1|2|3|8|19|10|13|15|16|0|0|0|0|0|0|0|0|0|0|0|0|0|0|0,88
Illinois,Car,BEV,2030,0|0|0|0|0|0|0|1|3|4|6|18|40|13|16|17|16|0|0|0|0|0|0|0|0|0|0|0|0|0|0,134
Illinois,Car,BEV,2031,0|0|0|0|0|1|1|1|3|6|9|14|37|52|16|17|17|15|0|0|0|0|0|0|0|0|0|0|0|0|0,189
Illinois,Car,BEV,2032,0|0|0|0|0|1|1|2|3|7|14|20|28|49|63|17|17|15|12|0|0|0|0|0|0|0|0|0|0|0|0,249
Illinois,Car,BEV,2033,0|0|0|0|0|1|2|3|6|6|16|31|41|36|59|70|17|16|13|9|0|0|0|0|0|0|0|0|0|0|0,326
Illinois,Car,BEV,2034,0|0|0|0|0|1|2|4|8|14|14|36|64|53|44|65|70|16|13|10|7|0|0|0|0|0|0|0|0|0|0,421
Illinois,Car,BEV,2035,0|0|0|0|1|1|3|6|10|18|32|31|74|84|64|49|65|63|13|10|7|5|0|0|0|0|0|0|0|0|0,536
Illinois,Car,BEV,2036,0|0|0|0|1|1|3|7|13|25|42|69|63|96|101|71|49|59|52|10|7|5|3|0|0|0|0|0|0|0|0,677
Illinois,Car,BEV,2037,0|0|0|0|1|2|3|8|16|31|56|92|142|82|116|112|71|44|49|40|7|5|3|2|0|0|0|0|0|0|0,882
Illinois,Car,BEV,2038,0|0|0|0|1|2|4|8|19|38|72|123|188|185|99|128|112|64|36|37|29|5|3|2|1|0|0|0|0|0|0,1156
Illinois,Car,BEV,2039,0|0|0|0|1|2|5|10|20|44|87|156|252|246|223|109|128|101|53|28|27|20|3|2|1|1|0|0|0|0|0,1519
Illinois,Car,BEV,2040,0|0|0|0|1|2|5|11|23|48|101|189|319|329|297|246|109|116|84|41|20|19|14|2|1|1|1|0|0|0|0,1979
Illinois,Car,BEV,2041,0|0|0|0|1|2|5|12|27|54|109|220|386|416|397|328|246|99|96|64|29|14|13|9|1|1|1|0|0|0|0,2530
Illinois,Car,BEV,2042,0|0|0|0|1|2|6|13|29|64|123|238|450|503|503|439|328|223|82|74|46|20|9|8|6|1|1|0|0|0|0,3169
Illinois,Car,BEV,2043,0|0|0|0|1|3|6|14|31|68|145|268|487|587|609|556|439|297|185|63|53|32|14|6|5|4|1|0|0|0|0,3874
Illinois,Car,BEV,2044,0|0|0|0|1|3|7|15|33|73|155|314|548|635|709|672|556|397|246|142|45|37|22|9|4|4|2|0|0|0|0,4629
Illinois,Car,BEV,2045,0|0|0|0|1|3|7|16|35|78|165|337|643|715|768|784|672|503|329|188|102|31|25|14|6|3|2|2|0|0|0,5429
Illinois,Car,BEV,2046,0|0|0|0|1|3|7|17|37|82|175|357|688|838|864|848|784|609|416|252|136|71|21|16|9|4|2|1|1|0|0,6239
Illinois,Car,BEV,2047,0|0|0|0|1|3|7|17|39|86|183|377|728|897|1013|955|848|709|503|319|182|95|48|14|11|6|2|1|1|1|0,7046
Illinois,Car,BEV,2048,0|0|0|0|1|3|8|18|41|90|192|394|765|949|1085|1119|955|768|587|386|231|126|64|32|9|7|4|2|1|1|1,7839
Illinois,Car,BEV,2049,0|0|0|1|1|3|8|19|42|94|201|411|796|997|1147|1198|1119|864|635|450|279|160|85|42|21|6|4|2|1|0|1,8587
Illinois,Car,BEV,2050,0|0|0|1|1|3|8|20|44|97|209|428|828|1039|1206|1267|1198|1013|715|487|326|194|108|56|27|13|4|3|2|1|1,9299
Illinois,Car,PHEV,2020,0|0|0|0|0|0|0|0|0|0|0|0|0|0|0|0|0|0|0|0|0|0|0|0|0|0|0|0|0|0|0,0
Illinois,Car,PHEV,2021,0|0|0|0|0|0|0|0|0|0|0|0|0|0|0|0|0|0|0|0|0|0|0|0|0|0|0|0|0|0|0,0
Illinois,Car,PHEV,2022,0|0|0|0|0|0|0|0|0|0|0|0|0|0|0|0|0|0|0|0|0|0|0|0|0|0|0|0|0|0|0,0
Illinois,Car,PHEV,2023,0|0|0|0|0|0|0|0|0|1|0|0|0|0|0|0|0|0|0|0|0|0|0|0|0|0|0|0|0|0|0,1
Illinois,Car,PHEV,2024,0|0|0|0|0|0|0|0|0|0|1|0|0|0|0|0|0|0|0|0|0|0|0|0|0|0|0|0|0|0|0,1
Illinois,Car,PHEV,2025,0|0|0|0|0|0|0|0|0|1|1|3|0|0|0|0|0|0|0|0|0|0|0|0|0|0|0|0|0|0|0,5
Illinois,Car,PHEV,2026,0|0|0|0|0|0|0|0|1|1|2|2|7|0|0|0|0|0|0|0|0|0|0|0|0|0|0|0|0|0|0,13
Illinois,Car,PHEV,2027,0|0|0|0|0|0|0|0|0|1|3|5|5|9|0|0|0|0|0|0|0|0|0|0|0|0|0|0|0|0|0,23
Illinois,Car,PHEV,2028,0|0|0|0|0|0|0|0|0|1|3|6|10|6|11|0|0|0|0|0|0|0|0|0|0|0|0|0|0|0|0,37
Illinois,Car,PHEV,2029,0|0|0|0|0|0|0|0|0|1|2|8|12|13|8|12|0|0|0|0|0|0|0|0|0|0|0|0|0|0|0,56
Illinois,Car,PHEV,2030,0|0|0|0|0|0|0|0|0|1|1|4|16|16|15|8|12|0|0|0|0|0|0|0|0|0|0|0|0|0|0,73
Illinois,Car,PHEV,2031,0|0|0|0|0|0|0|0|0|1|2|3|8|20|19|17|8|11|0|0|0|0|0|0|0|0|0|0|0|0|0,89
Illinois,Car,PHEV,2032,0|0|0|0|0|0|0|1|0|1|1|4|7|11|24|21|17|8|9|0|0|0|0|0|0|0|0|0|0|0|0,104
Illinois,Car,PHEV,2033,0|0|0|0|0|0|0|1|1|1|1|3|9|8|13|27|21|15|6|7|0|0|0|0|0|0|0|0|0|0|0,113
Illinois,Car,PHEV,2034,0|0|0|0|0|0|0|1|2|3|2|3|7|12|10|14|27|19|13|5|5|0|0|0|0|0|0|0|0|0|0,123
Illinois,Car,PHEV,2035,0|0|0|0|0|0|1|1|3|4|7|3|5|9|15|11|14|24|16|10|3|4|0|0|0|0|0|0|0|0|0,130
Illinois,Car,PHEV,2036,0|0|0|0|0|0|1|1|3|6|9|16|7|7|10|16|11|13|20|12|7|2|2|0|0|0|0|0|0|0|0,143
Illinois,Car,PHEV,2037,0|0|0|0|0|0|1|2|3|6|14|20|32|9|8|11|16|10|11|16|9|5|2|2|0|0|0|0|0|0|0,177
Illinois,Car,PHEV,2038,0|0|0|0|0|0|1|2|4|8|14|30|41|41|10|9|11|15|8|8|11|6|3|1|1|0|0|0|0|0|0,224
Illinois,Car,PHEV,2039,0|0|0|0|0|0|1|2|4|9|18|31|61|54|50|11|9|10|12|7|6|8|4|2|1|1|0|0|0|0|0,301
Illinois,Car,PHEV,2040,0|0|0|0|0|0|1|2|5|10|20|40|64|79|65|55|11|8|9|9|5|4|5|3|1|0|0|0|0|0|0,396
Illinois,Car,PHEV,2041,0|0|0|0|0|0|1|2|6|12|24|45|82|83|96|72|55|10|7|7|7|3|3|3|2|1|0|0|0|0|0,521
Illinois,Car,PHEV,2042,0|0|0|0|0|0|1|2|6|13|28|52|91|107|100|106|72|50|9|5|5|5|2|2|2|1|1|0|0|0|0,660
Illinois,Car,PHEV,2043,0|0|0|0|0|0|1|3|6|14|30|61|106|119|129|111|106|65|41|7|4|3|3|1|1|1|1|0|0|0|0,813
Illinois,Car,PHEV,2044,0|0|0|0|0|0|1|3|6|14|31|67|125|138|144|143|111|96|54|32|5|3|2|2|1|1|1|0|0|0|0,980
Illinois,Car,PHEV,2045,0|0|0|0|0|0|1|3|6|15|32|68|137|162|167|159|143|100|79|41|23|3|2|1|1|1|0|1|0|0|0,1145
Illinois,Car,PHEV,2046,0|0|0|0|0|1|1|3|6|15|33|69|140|178|196|184|159|129|83|61|30|16|2|1|1|1|0|0|0|0|0,1309
Illinois,Car,PHEV,2047,0|0|0|0|0|1|1|3|7|15|33|70|141|183|215|217|184|144|107|64|44|21|11|1|1|1|1|0|0|0|0,1465
Illinois,Car,PHEV,2048,0|0|0|0|0|1|1|3|7|15|33|70|142|184|221|238|217|167|119|82|46|30|14|7|1|0|0|0|0|0|0,1598
Illinois,Car,PHEV,2049,0|0|0|0|0|1|1|3|7|15|33|70|141|185|222|244|238|196|138|91|59|32|21|9|5|1|0|0|0|0|0,1712
Illinois,Car,PHEV,2050,0|0|0|0|0|1|1|3|7|15|34|70|140|184|224|246|244|215|162|106|66|41|22|14|6|3|0|0|0|0|0,1804
Illinois,SUV,BEV,2020,0|0|0|0|0|0|0|0|0|0|0|0|0|0|0|0|0|0|0|0|0|0|0|0|0|0|0|0|0|0|0,0
Illinois,SUV,BEV,2021,0|0|0|0|0|0|0|0|0|0|0|0|0|0|0|0|0|0|0|0|0|0|0|0|0|0|0|0|0|0|0,0
Illinois,SUV,BEV,2022,0|0|0|0|0|0|0|0|0|0|0|0|0|0|0|0|0|0|0|0|0|0|0|0|0|0|0|0|0|0|0,0
Illinois,SUV,BEV,2023,0|0|0|0|0|0|0|0|0|0|0|0|0|0|0|0|0|0|0|0|0|0|0|0|0|0|0|0|0|0|0,0
Illinois,SUV,BEV,2024,0|0|0|0|0|0|0|0|0|0|0|0|0|0|0|0|0|0|0|0|0|0|0|0|0|0|0|0|0|0|0,0
Illinois,SUV,BEV,2025,0|0|0|0|0|0|0|0|0|1|1|1|0|0|0|0|0|0|0|0|0|0|0|0|0|0|0|0|0|0|0,3
Illinois,SUV,BEV,2026,0|0|0|0|0|0|0|0|0|1|1|1|1|0|0|0|0|0|0|0|0|0|0|0|0|0|0|0|0|0|0,4
Illinois,SUV,BEV,2027,0|0|0|0|0|0|0|0|0|1|2|3|3|2|0|0|0|0|0|0|0|0|0|0|0|0|0|0|0|0|0,11
Illinois,SUV,BEV,2028,0|0|0|0|0|1|1|1|1|1|2|5|5|3|2|0|0|0|0|0|0|0|0|0|0|0|0|0|0|0|0,22
Illinois,SUV,BEV,2029,0|0|0|0|0|1|1|2|3|3|2|5|10|7|4|2|0|0|0|0|0|0|0|0|0|0|0|0|0|0|0,40
Illinois,SUV,BEV,2030,0|0|0|0|0|0|2|3|5|6|6|5|11|13|8|4|2|0|0|0|0|0|0|0|0|0|0|0|0|0|0,65
Illinois,SUV,BEV,2031,0|0|0|0|0|1|1|4|8|11|14|14|11|14|16|9|4|2|0|0|0|0|0|0|0|0|0|0|0|0|0,109
Illinois,SUV,BEV,2032,0|0|0|0|0|1|1|2|10|18|25|30|28|14|17|18|9|4|2|0|0|0|0|0|0|0|0|0|0|0|0,179
Illinois,SUV,BEV,2033,0|0|0|0|0|1|2|3|6|23|42|55|62|37|17|19|18|8|3|1|0|0|0|0|0|0|0|0|0|0|0,297
Illinois,SUV,BEV,2034,0|0|0|0|1|1|2|4|8|14|52|92|113|80|44|19|19|16|7|3|1|0|0|0|0|0|0|0|0|0|0,476
Illinois,SUV,BEV,2035,0|0|0|0|1|1|3|6|11|19|31|114|189|147|97|49|19|17|13|5|2|1|0|0|0|0|0|0|0|0|0,725
Illinois,SUV,BEV,2036,0|0|0|0|1|2|4|7|14|25|42|68|234|246|178|107|49|17|14|10|4|1|0|0|0|0|0|0|0|0|0,1023
Illinois,SUV,BEV,2037,0|0|0|0|1|2|4|9|17|33|58|93|139|305|298|197|107|44|14|11|7|3|1|0|0|0|0|0|0|0|0,1343
Illinois,SUV,BEV,2038,0|0|0|0|1|2|5|10|21|41|76|127|191|182|369|329|197|97|37|11|8|5|2|1|0|0|0|0|0|0|0,1712
Illinois,SUV,BEV,2039,0|0|0|0|1|3|6|12|24|50|94|165|262|249|220|408|329|178|80|28|8|5|3|1|0|0|0|0|0|0|0,2126
Illinois,SUV,BEV,2040,0|0|0|0|1|3|7|14|28|56|114|205|339|341|301|243|408|298|147|62|20|6|4|2|1|0|0|0|0|0|0,2600
Illinois,SUV,BEV,2041,0|0|0|0|1|3|7|16|34|66|127|248|421|442|412|332|243|369|246|113|45|14|4|2|1|0|0|0|0|0|0,3146
Illinois,SUV,BEV,2042,0|0|0|1|1|3|7|17|38|80|148|276|508|549|535|456|332|220|305|189|82|31|9|2|2|1|0|0|0|0|0,3792
Illinois,SUV,BEV,2043,0|0|0|1|1|3|8|18|40|88|180|321|562|662|663|591|456|301|182|234|137|57|21|6|2|1|1|0|0|0|0,4536
Illinois,SUV,BEV,2044,0|0|0|1|1|4|8|19|42|94|199|388|654|733|801|733|591|412|249|139|169|95|38|14|4|1|1|0|0|0|0,5390
Illinois,SUV,BEV,2045,0|0|0|1|1|4|9|21|46|99|213|428|790|852|887|884|733|535|341|191|101|117|64|25|9|3|1|0|0|0|0,6355
Illinois,SUV,BEV,2046,0|0|0|1|2|4|9|22|49|108|225|461|871|1030|1031|979|884|663|442|262|138|70|79|42|16|6|2|0|0|0|0,7396
Illinois,SUV,BEV,2047,0|0|0|1|2|4|10|23|52|114|243|489|939|1135|1245|1138|979|801|549|339|189|96|47|52|27|11|4|1|0|0|0,8490
Illinois,SUV,BEV,2048,0|0|0|1|2|4|10|23|54|119|256|523|997|1224|1373|1375|1138|887|662|421|245|131|64|31|34|18|7|2|1|0|0,9602
Illinois,SUV,BEV,2049,0|0|0|1|2|4|10|24|55|124|267|550|1062|1299|1480|1516|1375|1031|733|508|304|170|88|43|20|22|11|4|2|0|0,10705
Illinois,SUV,BEV,2050,0|0|0|1|2|5|11|25|57|126|276|573|1113|1385|1571|1635|1516|1245|852|562|367|211|115|58|28|13|14|7|3|1|0,11772
Illinois,SUV,PHEV,2020,0|0|0|0|0|0|0|0|0|0|0|0|0|0|0|0|0|0|0|0|0|0|0|0|0|0|0|0|0|0|0,0
Illinois,SUV,PHEV,2021,0|0|0|0|0|0|0|0|0|0|0|0|0|0|0|0|0|0|0|0|0|0|0|0|0|0|0|0|0|0|0,0
Illinois,SUV,PHEV,2022,0|0|0|0|0|0|0|0|0|0|0|0|0|0|0|0|0|0|0|0|0|0|0|0|0|0|0|0|0|0|0,0
Illinois,SUV,PHEV,2023,0|0|0|0|0|0|0|0|0|0|0|0|0|0|0|0|0|0|0|0|0|0|0|0|0|0|0|0|0|0|0,0
Illinois,SUV,PHEV,2024,0|0|0|0|0|0|0|0|0|0|0|0|0|0|0|0|0|0|0|0|0|0|0|0|0|0|0|0|0|0|0,0
Illinois,SUV,PHEV,2025,0|0|0|0|0|0|0|0|0|0|0|1|0|0|0|0|0|0|0|0|0|0|0|0|0|0|0|0|0|0|0,1
Illinois,SUV,PHEV,2026,0|0|0|0|0|0|0|0|0|0|1|1|1|0|0|0|0|0|0|0|0|0|0|0|0|0|0|0|0|0|0,3
Illinois,SUV,PHEV,2027,0|0|0|0|0|0|0|0|0|0|1|2|2|2|0|0|0|0|0|0|0|0|0|0|0|0|0|0|0|0|0,7
Illinois,SUV,PHEV,2028,0|0|0|0|0|0|0|0|0|0|1|2|4|3|2|0|0|0|0|0|0|0|0|0|0|0|0|0|0|0|0,12
Illinois,SUV,PHEV,2029,0|0|0|0|0|0|0|1|1|1|1|2|4|5|3|2|0|0|0|0|0|0|0|0|0|0|0|0|0|0|0,20
Illinois,SUV,PHEV,2030,0|0|0|0|0|0|0|1|2|3|2|2|4|5|6|3|2|0|0|0|0|0|0|0|0|0|0|0|0|0|0,30
Illinois,SUV,PHEV,2031,0|0|0|0|0|0|0|1|2|4|6|3|4|6|6|6|3|2|0|0|0|0|0|0|0|0|0|0|0|0|0,43
Illinois,SUV,PHEV,2032,0|0|0|0|0|0|0|1|3|6|9|14|7|5|7|7|6|3|2|0|0|0|0|0|0|0|0|0|0|0|0,70
Illinois,SUV,PHEV,2033,0|0|0|0|0|0|0|1|1|7|13|19|28|9|6|7|7|6|3|1|0|0|0|0|0|0|0|0|0|0|0,108
Illinois,SUV,PHEV,2034,0|0|0|0|0|0|0|1|2|3|15|29|38|37|11|6|7|6|5|2|1|0|0|0|0|0|0|0|0|0|0,163
Illinois,SUV,PHEV,2035,0|0|0|0|0|0|1|1|3|4|7|34|60|50|45|12|6|7|5|4|1|1|0|0|0|0|0|0|0|0|0,241
Illinois,SUV,PHEV,2036,0|0|0|0|0|0|1|2|3|6|9|15|69|79|60|49|12|6|6|4|3|1|0|0|0|0|0|0|0|0|0,325
Illinois,SUV,PHEV,2037,0|0|0|0|0|0|1|2|4|7|14|20|31|90|95|67|49|11|5|4|3|2|1|0|0|0|0|0|0|0|0,406
Illinois,SUV,PHEV,2038,0|0|0|0|0|1|1|2|4|9|15|30|42|40|109|105|67|45|9|4|3|2|1|0|0|0|0|0|0|0|0,489
Illinois,SUV,PHEV,2039,0|0|0|0|0|1|1|3|5|10|20|33|62|54|48|121|105|60|37|7|3|2|1|1|0|0|0|0|0|0|0,574
Illinois,SUV,PHEV,2040,0|0|0|0|0|1|1|3|7|13|24|44|68|81|65|53|121|95|50|28|5|2|1|1|1|0|0|0|0|0|0,664
Illinois,SUV,PHEV,2041,0|0|0|0|0|1|1|3|8|16|29|52|91|88|98|72|53|109|79|38|20|3|1|1|1|0|0|0|0|0|0,764
Illinois,SUV,PHEV,2042,0|0|0|0|0|1|1|3|8|18|35|62|105|118|107|109|72|48|90|60|28|14|2|1|1|0|0|0|0|0|0,883
Illinois,SUV,PHEV,2043,0|0|0|0|0|1|1|3|8|19|40|75|125|137|143|118|109|65|40|69|44|19|10|2|1|0|0|0|0|0|0,1029
Illinois,SUV,PHEV,2044,0|0|0|0|0|1|1|3|8|19|42|85|153|164|166|158|118|98|54|31|50|30|13|6|1|0|0|0|0|0|0,1201
Illinois,SUV,PHEV,2045,0|0|0|0|0|1|1|4|8|18|42|89|172|199|198|183|158|107|81|42|22|35|20|9|4|1|0|0|0|0|0,1394
Illinois,SUV,PHEV,2046,0|0|0|0|0|1|2|4|8|19|42|90|181|224|241|218|183|143|88|62|30|15|23|13|6|3|0|0|0|0|0,1596
Illinois,SUV,PHEV,2047,0|0|0|0|0|1|2|4|8|19|43|90|183|236|271|266|218|166|118|68|45|21|10|15|9|4|2|0|0|0|0,1799
Illinois,SUV,PHEV,2048,0|0|0|0|0|1|2|4|9|19|43|92|184|239|285|300|266|198|137|91|49|31|14|7|10|6|2|1|0|0|0,1990
Illinois,SUV,PHEV,2049,0|0|0|0|0|1|2|4|9|20|43|93|187|239|289|315|300|241|164|105|65|34|21|9|4|6|4|1|1|0|0,2157
Illinois,SUV,PHEV,2050,0|0|0|0|0|1|2|4|9|19|44|92|187|244|289|319|315|271|199|125|76|45|23|14|6|3|4|2|1|0|0,2294
Indiana,Car,BEV,2020,0|0|0|0|0|0|0|0|0|0|0|0|0|0|0|0|0|0|0|0|0|0|0|0|0|0|0|0|0|0|0,0
Indiana,Car,BEV,2021,0|0|0|0|0|0|0|0|0|0|0|0|0|0|0|0|0|0|0|0|0|0|0|0|0|0|0|0|0|0|0,0
Indiana,Car,BEV,2022,0|0|0|0|0|0|0|0|0|0|0|0|0|0|0|0|0|0|0|0|0|0|0|0|0|0|0|0|0|0|0,0
Indiana,Car,BEV,2023,0|0|0|0|0|0|0|0|0|0|0|0|0|0|0|0|0|0|0|0|0|0|0|0|0|0|0|0|0|0|0,0
Indiana,Car,BEV,2024,0|0|0|0|0|0|0|0|0|0|0|0|0|0|0|0|0|0|0|0|0|0|0|0|0|0|0|0|0|0|0,0
Indiana,Car,BEV,2025,0|0|0|0|0|0|0|0|0|0|0|1|0|0|0|0|0|0|0|0|0|0|0|0|0|0|0|0|0|0|0,1
Indiana,Car,BEV,2026,0|0|0|0|0|0|0|0|0|0|0|1|2|0|0|0|0|0|0|0|0|0|0|0|0|0|0|0|0|0|0,3
Indiana,Car,BEV,2027,0|0|0|0|0|0|0|0|0|1|0|1|2|3|0|0|0|0|0|0|0|0|0|0|0|0|0|0|0|0|0,7
Indiana,Car,BEV,2028,0|0|0|0|0|0|0|0|0|1|2|1|2|3|3|0|0|0|0|0|0|0|0|0|0|0|0|0|0|0|0,12
Indiana,Car,BEV,2029,0|0|0|0|0|0|0|0|0|1|2|5|2|3|3|4|0|0|0|0|0|0|0|0|0|0|0|0|0|0|0,20
Indiana,Car,BEV,2030,0|0|0|0|0|0|0|0|1|1|2|5|10|3|3|4|4|0|0|0|0|0|0|0|0|0|0|0|0|0|0,33
Indiana,Car,BEV,2031,0|0|0|0|0|0|1|0|1|2|3|4|10|13|3|4|4|3|0|0|0|0|0|0|0|0|0|0|0|0|0,48
Indiana,Car,BEV,2032,0|0|0|0|0|0|1|1|1|2|4|6|8|13|16|4|4|3|3|0|0|0|0|0|0|0|0|0|0|0|0,66
Indiana,Car,BEV,2033,0|0|0|0|0|0|1|2|4|2|4|8|12|10|15|17|4|3|3|2|0|0|0|0|0|0|0|0|0|0|0,87
Indiana,Car,BEV,2034,0|0|0|0|0|1|1|2|5|8|4|9|17|15|12|17|17|3|3|2|2|0|0|0|0|0|0|0|0|0|0,118
Indiana,Car,BEV,2035,0|0|0|0|0|1|1|3|6|11|19|8|19|22|18|13|17|16|3|2|2|1|0|0|0|0|0|0|0|0|0,162
Indiana,Car,BEV,2036,0|0|0|0|0|1|2|4|7|14|25|41|16|25|27|20|13|15|13|2|2|1|1|0|0|0|0|0|0|0|0,229
Indiana,Car,BEV,2037,0|0|0|0|0|1|2|4|9|17|32|54|85|21|30|29|20|12|13|10|2|1|1|0|0|0|0|0|0|0|0,343
Indiana,Car,BEV,2038,0|0|0|0|0|1|2|4|10|20|39|70|110|111|26|34|29|18|10|10|7|1|1|0|0|0|0|0|0|0|0,503
Indiana,Car,BEV,2039,0|0|0|0|0|1|2|5|10|23|46|86|143|144|134|29|34|27|15|8|7|5|1|0|0|0|0|0|0|0|0,720
Indiana,Car,BEV,2040,0|0|0|0|0|1|2|6|12|25|52|100|176|187|174|148|29|30|22|12|6|5|3|0|0|0|0|0|0|0|0,990
Indiana,Car,BEV,2041,0|0|0|0|0|1|3|6|14|27|56|114|206|230|226|192|148|26|25|17|8|4|3|2|0|0|0|0|0|0|0,1308
Indiana,Car,BEV,2042,0|0|0|0|1|1|3|7|15|32|63|123|233|268|278|249|192|134|21|19|12|6|3|2|1|0|0|0|0|0|0,1663
Indiana,Car,BEV,2043,0|0|0|0|1|1|3|7|16|35|73|137|252|304|324|307|249|174|111|16|14|8|4|2|1|1|0|0|0|0|0,2040
Indiana,Car,BEV,2044,0|0|0|0|1|1|3|8|18|37|79|160|280|329|368|358|307|226|144|85|12|10|6|3|1|1|1|0|0|0|0,2438
Indiana,Car,BEV,2045,0|0|0|0|1|2|4|8|19|41|85|171|327|366|398|406|358|278|187|110|61|8|7|4|2|1|1|0|0|0|0,2845
Indiana,Car,BEV,2046,0|0|0|0|1|2|4|9|20|43|91|183|350|426|442|440|406|324|230|143|80|43|6|4|2|1|0|0|0|0|0,3250
Indiana,Car,BEV,2047,0|0|0|0|1|2|4|10|21|46|96|196|372|456|515|488|440|368|268|176|104|55|29|4|3|2|1|0|0|0|0,3657
Indiana,Car,BEV,2048,0|0|0|0|1|2|4|10|22|49|102|206|397|486|552|569|488|398|304|206|127|72|37|19|2|2|1|0|0|0|0,4056
Indiana,Car,BEV,2049,0|0|0|0|1|2|4|10|23|51|108|218|416|517|587|609|569|442|329|233|149|88|48|25|12|2|1|1|0|0|0,4445
Indiana,Car,BEV,2050,0|0|0|0|1|2|5|11|24|53|114|230|439|542|625|649|609|515|366|252|169|103|59|32|16|8|1|1|0|0|0,4826
Indiana,Car,PHEV,2020,0|0|0|0|0|0|0|0|0|0|0|0|0|0|0|0|0|0|0|0|0|0|0|0|0|0|0|0|0|0|0,0
Indiana,Car,PHEV,2021,0|0|0|0|0|0|0|0|0|0|0|0|0|0|0|0|0|0|0|0|0|0|0|0|0|0|0|0|0|0|0,0
Indiana,Car,PHEV,2022,0|0|0|0|0|0|0|0|0|0|0|0|0|0|0|0|0|0|0|0|0|0|0|0|0|0|0|0|0|0|0,0
Indiana,Car,PHEV,2023,0|0|0|0|0|0|0|0|0|0|0|0|0|0|0|0|0|0|0|0|0|0|0|0|0|0|0|0|0|0|0,0
Indiana,Car,PHEV,2024,0|0|0|0|0|0|0|0|0|0|1|0|0|0|0|0|0|0|0|0|0|0|0|0|0|0|0|0|0|0|0,1
Indiana,Car,PHEV,2025,0|0|0|0|0|0|0|0|0|0|0|1|0|0|0|0|0|0|0|0|0|0|0|0|0|0|0|0|0|0|0,1
Indiana,Car,PHEV,2026,0|0|0|0|0|0|0|0|0|0|1|1|3|0|0|0|0|0|0|0|0|0|0|0|0|0|0|0|0|0|0,5
Indiana,Car,PHEV,2027,0|0|0|0|0|0|0|0|0|1|1|2|2|4|0|0|0|0|0|0|0|0|0|0|0|0|0|0|0|0|0,10
Indiana,Car,PHEV,2028,0|0|0|0|0|0|0|0|0|0|1|2|4|2|5|0|0|0|0|0|0|0|0|0|0|0|0|0|0|0|0,14
Indiana,Car,PHEV,2029,0|0|0|0|0|0|0|0|0|0|1|3|5|5|3|5|0|0|0|0|0|0|0|0|0|0|0|0|0|0|0,22
Indiana,Car,PHEV,2030,0|0|0|0|0|0|0|0|0|0|1|2|6|6|6|3|5|0|0|0|0|0|0|0|0|0|0|0|0|0|0,29
Indiana,Car,PHEV,2031,0|0|0|0|0|0|0|0|0|0|1|1|3|8|8|7|3|5|0|0|0|0|0|0|0|0|0|0|0|0|0,36
Indiana,Car,PHEV,2032,0|0|0|0|0|0|0|0|0|0|1|2|3|4|10|9|7|3|4|0|0|0|0|0|0|0|0|0|0|0|0,43
Indiana,Car,PHEV,2033,0|0|0|0|0|0|0|0|1|0|0|1|4|3|5|11|9|6|2|3|0|0|0|0|0|0|0|0|0|0|0,45
Indiana,Car,PHEV,2034,0|0|0|0|0|0|0|1|1|2|1|1|3|5|4|6|11|8|5|2|2|0|0|0|0|0|0|0|0|0|0,52
Indiana,Car,PHEV,2035,0|0|0|0|0|0|0|1|2|2|4|1|2|3|6|4|6|10|6|4|1|1|0|0|0|0|0|0|0|0|0,53
Indiana,Car,PHEV,2036,0|0|0|0|0|0|0|1|2|4|6|9|2|2|4|7|4|5|8|5|3|1|1|0|0|0|0|0|0|0|0,64
Indiana,Car,PHEV,2037,0|0|0|0|0|0|0|1|2|4|8|12|19|3|3|4|7|4|4|6|4|2|1|1|0|0|0|0|0|0|0,85
Indiana,Car,PHEV,2038,0|0|0|0|0|0|0|1|2|4|8|17|25|25|4|3|4|6|3|3|5|2|1|0|0|0|0|0|0|0|0,113
Indiana,Car,PHEV,2039,0|0|0|0|0|0|0|1|2|5|10|18|35|32|30|4|3|4|5|3|2|3|2|1|0|0|0|0|0|0|0,160
Indiana,Car,PHEV,2040,0|0|0|0|0|0|1|1|3|6|11|22|36|46|39|33|4|3|3|4|2|2|2|1|1|0|0|0|0|0|0,220
Indiana,Car,PHEV,2041,0|0|0|0|0|0|1|1|3|6|13|24|45|47|55|43|33|4|2|3|3|1|1|1|1|0|0|0|0|0|0,287
Indiana,Car,PHEV,2042,0|0|0|0|0|0|1|1|3|7|15|28|49|58|57|61|43|30|3|2|2|2|1|1|1|0|0|0|0|0|0,365
Indiana,Car,PHEV,2043,0|0|0|0|0|0|1|1|3|7|16|32|57|64|70|63|61|39|25|2|1|1|1|1|0|1|0|0|0|0|0,446
Indiana,Car,PHEV,2044,0|0|0|0|0|0|1|1|3|7|16|35|65|74|77|78|63|55|32|19|2|1|1|1|0|0|0|0|0|0|0,531
Indiana,Car,PHEV,2045,0|0|0|0|0|0|1|2|3|8|17|36|71|85|89|85|78|57|46|25|14|1|1|1|1|0|0|0|0|0|0,621
Indiana,Car,PHEV,2046,0|0|0|0|0|0|1|2|4|8|17|36|73|93|103|98|85|70|47|35|18|10|1|0|0|0|0|0|0|0|0,701
Indiana,Car,PHEV,2047,0|0|0|0|0|0|1|2|4|8|18|37|74|95|113|114|98|77|58|36|25|12|6|1|0|0|0|0|0|0|0,779
Indiana,Car,PHEV,2048,0|0|0|0|0|0|1|2|4|8|18|37|75|97|115|124|114|89|64|45|26|18|8|4|0|0|0|0|0|0|0,849
Indiana,Car,PHEV,2049,0|0|0|0|0|0|1|2|4|9|18|38|75|98|117|127|124|103|74|49|32|18|12|6|3|0|0|0|0|0|0,910
Indiana,Car,PHEV,2050,0|0|0|0|0|0|1|2|4|9|19|38|76|98|119|129|127|113|85|57|35|22|12|8|4|2|0|0|0|0|0,960
Indiana,SUV,BEV,2020,0|0|0|0|0|0|0|0|0|0|0|0|0|0|0|0|0|0|0|0|0|0|0|0|0|0|0|0|0|0|0,0
Indiana,SUV,BEV,2021,0|0|0|0|0|0|0|0|0|0|0|0|0|0|0|0|0|0|0|0|0|0|0|0|0|0|0|0|0|0|0,0
Indiana,SUV,BEV,2022,0|0|0|0|0|0|0|0|0|0|0|0|0|0|0|0|0|0|0|0|0|0|0|0|0|0|0|0|0|0|0,0
Indiana,SUV,BEV,2023,0|0|0|0|0|0|0|0|0|0|0|0|0|0|0|0|0|0|0|0|0|0|0|0|0|0|0|0|0|0|0,0
Indiana,SUV,BEV,2024,0|0|0|0|0|0|0|0|0|0|0|0|0|0|0|0|0|0|0|0|0|0|0|0|0|0|0|0|0|0|0,0
Indiana,SUV,BEV,2025,0|0|0|0|0|0|0|0|0|0|0|0|0|0|0|0|0|0|0|0|0|0|0|0|0|0|0|0|0|0|0,0
Indiana,SUV,BEV,2026,0|0|0|0|0|0|0|0|0|0|0|0|0|0|0|0|0|0|0|0|0|0|0|0|0|0|0|0|0|0|0,0
Indiana,SUV,BEV,2027,0|0|0|0|0|0|0|0|0|0|1|0|0|0|0|0|0|0|0|0|0|0|0|0|0|0|0|0|0|0|0,1
Indiana,SUV,BEV,2028,0|0|0|0|0|0|0|0|0|0|1|1|1|1|0|0|0|0|0|0|0|0|0|0|0|0|0|0|0|0|0,4
Indiana,SUV,BEV,2029,0|0|0|0|0|0|0|1|1|1|1|1|2|1|1|0|0|0|0|0|0|0|0|0|0|0|0|0|0|0|0,9
Indiana,SUV,BEV,2030,0|0|0|0|0|0|0|1|1|2|2|1|3|3|2|1|0|0|0|0|0|0|0|0|0|0|0|0|0|0|0,16
Indiana,SUV,BEV,2031,0|0|0|0|0|0|1|1|2|3|4|4|3|3|4|2|1|0|0|0|0|0|0|0|0|0|0|0|0|0|0,28
Indiana,SUV,BEV,2032,0|0|0|0|0|0|1|2|3|5|7|8|7|3|4|4|2|1|0|0|0|0|0|0|0|0|0|0|0|0|0,47
Indiana,SUV,BEV,2033,0|0|0|0|0|1|1|2|4|6|11|15|17|10|4|4|4|2|1|0|0|0|0|0|0|0|0|0|0|0|0,82
Indiana,SUV,BEV,2034,0|0|0|0|0|1|2|3|5|10|14|24|30|23|12|5|4|4|1|0|0|0|0|0|0|0|0|0|0|0|0,138
Indiana,SUV,BEV,2035,0|0|0|0|0|1|2|4|7|13|22|30|49|39|27|13|5|4|3|1|0|0|0|0|0|0|0|0|0|0|0,220
Indiana,SUV,BEV,2036,0|0|0|0|0|1|2|4|9|17|29|48|61|64|47|30|13|4|3|2|1|0|0|0|0|0|0|0|0|0|0,335
Indiana,SUV,BEV,2037,0|0|0|0|1|1|2|5|11|22|39|64|99|80|78|52|30|12|3|3|2|1|0|0|0|0|0|0|0|0|0,505
Indiana,SUV,BEV,2038,0|0|0|0|1|1|3|6|13|26|49|86|132|129|97|86|52|27|10|3|2|1|0|0|0|0|0|0|0|0|0,724
Indiana,SUV,BEV,2039,0|0|0|0|1|1|3|7|14|30|59|108|176|172|156|107|86|47|23|7|2|1|1|0|0|0|0|0|0|0|0,1001
Indiana,SUV,BEV,2040,0|0|0|0|1|2|4|8|17|34|70|130|222|230|208|172|107|78|39|17|5|1|1|1|0|0|0|0|0|0|0,1347
Indiana,SUV,BEV,2041,0|0|0|0|1|2|4|9|20|39|78|152|266|290|278|230|172|97|64|30|13|4|1|1|0|0|0|0|0|0|0,1751
Indiana,SUV,BEV,2042,0|0|0|0|1|2|4|10|22|47|89|169|313|347|350|307|230|156|80|49|22|9|3|1|0|0|0|0|0|0|0,2211
Indiana,SUV,BEV,2043,0|0|0|0|1|2|5|11|24|52|107|194|347|408|420|387|307|208|129|61|36|15|6|2|0|0|0|0|0|0|0,2722
Indiana,SUV,BEV,2044,0|0|0|0|1|2|5|12|26|56|118|232|397|452|493|464|387|278|172|99|44|25|10|4|1|0|0|0|0|0|0,3278
Indiana,SUV,BEV,2045,0|0|0|0|1|2|6|13|28|61|127|255|475|518|547|545|464|350|230|132|72|31|17|7|3|1|0|0|0|0|0,3885
Indiana,SUV,BEV,2046,0|0|0|0|1|2|6|13|30|65|137|276|521|619|626|604|545|420|290|176|95|50|21|11|4|2|0|0|0|0|0,4514
Indiana,SUV,BEV,2047,0|0|0|0|1|3|6|14|32|69|146|296|562|679|749|692|604|493|347|222|127|66|33|14|7|3|1|0|0|0|0,5166
Indiana,SUV,BEV,2048,0|0|0|0|1|3|6|15|33|73|155|315|602|733|821|827|692|547|408|266|161|88|45|22|9|5|2|1|0|0|0,5830
Indiana,SUV,BEV,2049,0|0|0|0|1|3|7|15|34|77|163|333|638|785|886|907|827|626|452|313|193|111|59|29|14|6|3|1|0|0|0,6483
Indiana,SUV,BEV,2050,0|0|0|0|1|3|7|16|36|79|171|350|672|831|949|979|907|749|518|347|226|134|75|39|19|9|4|2|1|0|0,7124
Indiana,SUV,PHEV,2020,0|0|0|0|0|0|0|0|0|0|0|0|0|0|0|0|0|0|0|0|0|0|0|0|0|0|0|0|0|0|0,0
Indiana,SUV,PHEV,2021,0|0|0|0|0|0|0|0|0|0|0|0|0|0|0|0|0|0|0|0|0|0|0|0|0|0|0|0|0|0|0,0
Indiana,SUV,PHEV,2022,0|0|0|0|0|0|0|0|0|0|0|0|0|0|0|0|0|0|0|0|0|0|0|0|0|0|0|0|0|0|0,0
Indiana,SUV,PHEV,2023,0|0|0|0|0|0|0|0|0|0|0|0|0|0|0|0|0|0|0|0|0|0|0|0|0|0|0|0|0|0|0,0
Indiana,SUV,PHEV,2024,0|0|0|0|0|0|0|0|0|0|0|0|0|0|0|0|0|0|0|0|0|0|0|0|0|0|0|0|0|0|0,0
Indiana,SUV,PHEV,2025,0|0|0|0|0|0|0|0|0|0|0|0|0|0|0|0|0|0|0|0|0|0|0|0|0|0|0|0|0|0|0,0
Indiana,SUV,PHEV,2026,0|0|0|0|0|0|0|0|0|0|0|0|0|0|0|0|0|0|0|0|0|0|0|0|0|0|0|0|0|0|0,0
Indiana,SUV,PHEV,2027,0|0|0|0|0|0|0|0|0|0|0|1|1|1|0|0|0|0|0|0|0|0|0|0|0|0|0|0|0|0|0,3
Indiana,SUV,PHEV,2028,0|0|0|0|0|0|0|0|0|0|0|1|1|1|1|0|0|0|0|0|0|0|0|0|0|0|0|0|0|0|0,4
Indiana,SUV,PHEV,2029,0|0|0|0|0|0|0|0|0|0|0|1|2|2|1|1|0|0|0|0|0|0|0|0|0|0|0|0|0|0|0,7
Indiana,SUV,PHEV,2030,0|0|0|0|0|0|0|0|1|1|1|1|2|2|2|1|1|0|0|0|0|0|0|0|0|0|0|0|0|0|0,12
Indiana,SUV,PHEV,2031,0|0|0|0|0|0|0|0|1|1|3|1|1|2|3|2|1|1|0|0|0|0|0|0|0|0|0|0|0|0|0,16
Indiana,SUV,PHEV,2032,0|0|0|0|0|0|0|0|1|2|3|6|3|2|3|3|2|1|1|0|0|0|0|0|0|0|0|0|0|0|0,27
Indiana,SUV,PHEV,2033,0|0|0|0|0|0|0|0|1|3|5|7|12|3|2|3|3|2|1|0|0|0|0|0|0|0|0|0|0|0|0,42
Indiana,SUV,PHEV,2034,0|0|0|0|0|0|0|1|1|2|6|11|15|15|4|2|3|3|2|1|0|0|0|0|0|0|0|0|0|0|0,66
Indiana,SUV,PHEV,2035,0|0|0|0|0|0|0|1|2|3|5|13|23|20|18|5|2|3|2|1|1|0|0|0|0|0|0|0|0|0|0,99
Indiana,SUV,PHEV,2036,0|0|0|0|0|0|0|1|2|4|6|11|27|30|24|20|5|2|2|2|1|0|0|0|0|0|0|0|0|0|0,137
Indiana,SUV,PHEV,2037,0|0|0|0|0|0|1|1|2|4|9|14|22|35|37|26|20|4|2|2|1|1|0|0|0|0|0|0|0|0|0,181
Indiana,SUV,PHEV,2038,0|0|0|0|0|0|1|1|3|6|10|21|29|29|42|41|26|18|3|1|1|1|0|0|0|0|0|0|0|0|0,233
Indiana,SUV,PHEV,2039,0|0|0|0|0|0|1|2|3|6|13|22|42|38|34|46|41|24|15|3|1|1|1|0|0|0|0|0|0|0|0,293
Indiana,SUV,PHEV,2040,0|0|0|0|0|0|1|2|4|8|15|29|45|55|46|38|46|37|20|12|2|1|1|0|0|0|0|0|0|0|0,362
Indiana,SUV,PHEV,2041,0|0|0|0|0|0|1|2|5|10|18|32|59|59|67|50|38|42|30|15|8|1|0|0|0|0|0|0|0|0|0,437
Indiana,SUV,PHEV,2042,0|0|0|0|0|0|1|2|5|11|22|39|66|76|71|74|50|34|35|23|11|6|1|0|0|0|0|0|0|0|0,527
Indiana,SUV,PHEV,2043,0|0|0|0|0|0|1|2|5|11|24|47|79|86|92|78|74|46|29|27|17|8|4|1|0|0|0|0|0|0|0,631
Indiana,SUV,PHEV,2044,0|0|0|0|0|0|1|2|5|11|25|52|95|103|104|102|78|67|38|22|19|12|5|3|0|0|0|0|0|0|0,744
Indiana,SUV,PHEV,2045,0|0|0|0|0|0|1|2|5|11|26|54|106|124|124|115|102|71|55|29|16|13|8|3|2|0|0|0|0|0|0,867
Indiana,SUV,PHEV,2046,0|0|0|0|0|0|1|2|5|12|26|55|110|138|150|137|115|92|59|42|21|11|9|5|2|1|0|0|0|0|0,993
Indiana,SUV,PHEV,2047,0|0|0|0|0|0|1|2|5|12|27|56|112|144|167|165|137|104|76|45|31|14|7|6|3|1|1|0|0|0|0,1116
Indiana,SUV,PHEV,2048,0|0|0|0|0|0|1|2|5|12|27|57|113|147|174|185|165|124|86|59|33|21|10|5|4|2|1|0|0|0|0,1233
Indiana,SUV,PHEV,2049,0|0|0|0|0|0|1|2|6|13|27|57|115|148|177|192|185|150|103|66|42|23|14|6|3|2|1|1|0|0|0,1334
Indiana,SUV,PHEV,2050,0|0|0|0|0|0|1|2|6|13|28|58|116|150|179|196|192|167|124|79|48|29|15|9|4|2|2|1|0|0|0,1421
Iowa,Car,BEV,2020,0|0|0|0|0|0|0|0|0|0|0|0|0|0|0|0|0|0|0|0|0|0|0|0|0|0|0|0|0|0|0,0
Iowa,Car,BEV,2021,0|0|0|0|0|0|0|0|0|0|0|0|0|0|0|0|0|0|0|0|0|0|0|0|0|0|0|0|0|0|0,0
Iowa,Car,BEV,2022,0|0|0|0|0|0|0|0|0|0|0|0|0|0|0|0|0|0|0|0|0|0|0|0|0|0|0|0|0|0|0,0
Iowa,Car,BEV,2023,0|0|0|0|0|0|0|0|0|0|0|0|0|0|0|0|0|0|0|0|0|0|0|0|0|0|0|0|0|0|0,0
Iowa,Car,BEV,2024,0|0|0|0|0|0|0|0|0|0|0|0|0|0|0|0|0|0|0|0|0|0|0|0|0|0|0|0|0|0|0,0
Iowa,Car,BEV,2025,0|0|0|0|0|0|0|0|0|0|0|0|0|0|0|0|0|0|0|0|0|0|0|0|0|0|0|0|0|0|0,0
Iowa,Car,BEV,2026,0|0|0|0|0|0|0|0|0|0|0|0|0|0|0|0|0|0|0|0|0|0|0|0|0|0|0|0|0|0|0,0
Iowa,Car,BEV,2027,0|0|0|0|0|0|0|0|0|0|0|0|0|1|0|0|0|0|0|0|0|0|0|0|0|0|0|0|0|0|0,1
Iowa,Car,BEV,2028,0|0|0|0|0|0|0|0|0|0|1|0|0|1|1|0|0|0|0|0|0|0|0|0|0|0|0|0|0|0|0,3
Iowa,Car,BEV,2029,0|0|0|0|0|0|0|0|0|0|1|2|1|1|1|1|0|0|0|0|0|0|0|0|0|0|0|0|0|0|0,7
Iowa,Car,BEV,2030,0|0|0|0|0|0|0|0|0|0|1|1|3|1|1|1|1|0|0|0|0|0|0|0|0|0|0|0|0|0|0,9
Iowa,Car,BEV,2031,0|0|0|0|0|0|0|0|0|1|1|1|3|4|1|1|1|1|0|0|0|0|0|0|0|0|0|0|0|0|0,14
Iowa,Car,BEV,2032,0|0|0|0|0|0|0|1|0|1|1|2|2|4|5|1|1|1|1|0|0|0|0|0|0|0|0|0|0|0|0,20
Iowa,Car,BEV,2033,0|0|0|0|0|0|0|1|2|1|1|3|4|3|5|5|1|1|1|0|0|0|0|0|0|0|0|0|0|0|0,28
Iowa,Car,BEV,2034,0|0|0|0|0|0|1|1|2|4|1|3|6|5|4|5|5|1|1|0|0|0|0|0|0|0|0|0|0|0|0,39
Iowa,Car,BEV,2035,0|0|0|0|0|0|1|1|3|5|8|3|7|8|6|4|5|5|1|0|0|0|0|0|0|0|0|0|0|0|0,57
Iowa,Car,BEV,2036,0|0|0|0|0|0|1|2|3|6|11|18|6|8|9|7|4|5|4|1|0|0|0|0|0|0|0|0|0|0|0,85
Iowa,Car,BEV,2037,0|0|0|0|0|0|1|2|4|7|14|23|37|8|10|10|7|4|4|3|0|0|0|0|0|0|0|0|0|0|0,134
Iowa,Car,BEV,2038,0|0|0|0|0|0|1|2|4|8|17|30|48|48|9|11|10|6|3|3|2|0|0|0|0|0|0|0|0|0|0,202
Iowa,Car,BEV,2039,0|0|0|0|0|0|1|2|4|10|19|36|61|63|59|10|11|9|5|2|2|2|0|0|0|0|0|0|0|0|0,296
Iowa,Car,BEV,2040,0|0|0|0|0|0|1|2|5|10|22|42|74|80|76|65|10|10|8|4|2|1|1|0|0|0|0|0|0|0|0,413
Iowa,Car,BEV,2041,0|0|0|0|0|1|1|2|6|11|23|48|86|97|97|83|65|9|8|6|3|1|1|1|0|0|0|0|0|0|0,549
Iowa,Car,BEV,2042,0|0|0|0|0|1|1|3|6|13|26|51|98|113|117|107|83|59|8|7|4|2|1|1|0|0|0|0|0|0|0,701
Iowa,Car,BEV,2043,0|0|0|0|0|1|1|3|7|14|30|57|105|128|136|129|107|76|48|6|5|3|1|1|0|0|0|0|0|0|0,858
Iowa,Car,BEV,2044,0|0|0|0|0|1|1|3|7|15|32|66|116|137|154|151|129|97|63|37|4|3|2|1|0|0|0|0|0|0|0,1019
Iowa,Car,BEV,2045,0|0|0|0|0|1|2|4|8|17|35|70|134|152|166|171|151|117|80|48|27|3|2|1|1|0|0|0|0|0|0,1190
Iowa,Car,BEV,2046,0|0|0|0|0|1|2|4|8|18|38|75|144|175|183|183|171|136|97|61|35|19|2|1|1|0|0|0|0|0|0,1354
Iowa,Car,BEV,2047,0|0|0|0|0|1|2|4|9|19|40|81|153|187|212|202|183|154|113|74|44|24|13|1|1|1|0|0|0|0|0,1518
Iowa,Car,BEV,2048,0|0|0|0|0|1|2|4|9|20|43|85|164|200|226|234|202|166|128|86|54|31|16|8|1|1|0|0|0|0|0,1681
Iowa,Car,BEV,2049,0|0|0|0|0|1|2|4|10|21|45|91|172|214|242|250|234|183|137|98|63|37|21|11|5|1|0|0|0|0|0,1842
Iowa,Car,BEV,2050,0|0|0|0|0|1|2|5|10|22|48|96|183|225|258|267|250|212|152|105|71|43|25|14|7|3|0|0|0|0|0,1999
Iowa,Car,PHEV,2020,0|0|0|0|0|0|0|0|0|0|0|0|0|0|0|0|0|0|0|0|0|0|0|0|0|0|0|0|0|0|0,0
Iowa,Car,PHEV,2021,0|0|0|0|0|0|0|0|0|0|0|0|0|0|0|0|0|0|0|0|0|0|0|0|0|0|0|0|0|0|0,0
Iowa,Car,PHEV,2022,0|0|0|0|0|0|0|0|0|0|0|0|0|0|0|0|0|0|0|0|0|0|0|0|0|0|0|0|0|0|0,0
Iowa,Car,PHEV,2023,0|0|0|0|0|0|0|0|0|0|0|0|0|0|0|0|0|0|0|0|0|0|0|0|0|0|0|0|0|0|0,0
Iowa,Car,PHEV,2024,0|0|0|0|0|0|0|0|0|0|0|0|0|0|0|0|0|0|0|0|0|0|0|0|0|0|0|0|0|0|0,0
Iowa,Car,PHEV,2025,0|0|0|0|0|0|0|0|0|0|0|1|0|0|0|0|0|0|0|0|0|0|0|0|0|0|0|0|0|0|0,1
Iowa,Car,PHEV,2026,0|0|0|0|0|0|0|0|0|0|0|0|1|0|0|0|0|0|0|0|0|0|0|0|0|0|0|0|0|0|0,1
Iowa,Car,PHEV,2027,0|0|0|0|0|0|0|0|0|0|1|1|1|2|0|0|0|0|0|0|0|0|0|0|0|0|0|0|0|0|0,5
Iowa,Car,PHEV,2028,0|0|0|0|0|0|0|0|0|0|1|1|2|1|2|0|0|0|0|0|0|0|0|0|0|0|0|0|0|0|0,7
Iowa,Car,PHEV,2029,0|0|0|0|0|0|0|0|0|0|0|1|2|2|1|2|0|0|0|0|0|0|0|0|0|0|0|0|0|0|0,8
Iowa,Car,PHEV,2030,0|0|0|0|0|0|0|0|0|0|0|1|3|3|3|2|2|0|0|0|0|0|0|0|0|0|0|0|0|0|0,14
Iowa,Car,PHEV,2031,0|0|0|0|0|0|0|0|0|0|0|1|2|4|4|3|2|2|0|0|0|0|0|0|0|0|0|0|0|0|0,18
Iowa,Car,PHEV,2032,0|0|0|0|0|0|0|0|0|0|0|1|1|2|5|4|3|1|2|0|0|0|0|0|0|0|0|0|0|0|0,19
Iowa,Car,PHEV,2033,0|0|0|0|0|0|0|0|0|0|0|1|2|2|3|5|4|3|1|1|0|0|0|0|0|0|0|0|0|0|0,22
Iowa,Car,PHEV,2034,0|0|0|0|0|0|0|0|0|1|0|0|1|2|2|3|5|4|2|1|1|0|0|0|0|0|0|0|0|0|0,22
Iowa,Car,PHEV,2035,0|0|0|0|0|0|0|0|1|1|2|1|1|1|3|2|3|5|3|2|1|1|0|0|0|0|0|0|0|0|0,27
Iowa,Car,PHEV,2036,0|0|0|0|0|0|0|0|1|2|2|4|1|1|2|3|2|3|4|2|1|0|0|0|0|0|0|0|0|0|0,28
Iowa,Car,PHEV,2037,0|0|0|0|0|0|0|0|1|2|3|5|9|1|1|2|3|2|2|3|2|1|0|0|0|0|0|0|0|0|0,37
Iowa,Car,PHEV,2038,0|0|0|0|0|0|0|0|1|2|3|7|11|11|2|1|2|3|2|2|2|1|1|0|0|0|0|0|0|0|0,51
Iowa,Car,PHEV,2039,0|0|0|0|0|0|0|0|1|2|4|8|15|14|14|2|1|2|2|1|1|1|1|0|0|0|0|0|0|0|0,69
Iowa,Car,PHEV,2040,0|0|0|0|0|0|0|1|1|2|5|9|15|20|17|15|2|1|1|2|1|1|1|1|0|0|0|0|0|0|0,95
Iowa,Car,PHEV,2041,0|0|0|0|0|0|0|1|1|3|5|10|19|20|24|19|15|2|1|1|1|1|1|1|0|0|0|0|0|0|0,125
Iowa,Car,PHEV,2042,0|0|0|0|0|0|0|1|1|3|6|11|21|25|24|27|19|14|1|1|1|1|0|0|0|0|0|0|0|0|0,156
Iowa,Car,PHEV,2043,0|0|0|0|0|0|0|1|1|3|7|13|24|27|30|27|27|17|11|1|1|1|1|0|0|0|0|0|0|0|0,192
Iowa,Car,PHEV,2044,0|0|0|0|0|0|0|1|1|3|7|14|28|31|33|33|27|24|14|9|1|0|0|0|0|0|0|0|0|0|0,226
Iowa,Car,PHEV,2045,0|0|0|0|0|0|0|1|1|3|7|15|30|36|37|36|33|24|20|11|6|1|0|0|0|0|0|0|0|0|0,261
Iowa,Car,PHEV,2046,0|0|0|0|0|0|0|1|2|3|7|15|30|39|43|41|36|30|20|15|8|4|0|0|0|0|0|0|0|0|0,294
Iowa,Car,PHEV,2047,0|0|0|0|0|0|0|1|2|3|7|16|31|40|47|48|41|33|25|15|11|5|3|0|0|0|0|0|0|0|0,328
Iowa,Car,PHEV,2048,0|0|0|0|0|0|0|1|2|3|8|16|32|40|48|52|48|37|27|19|11|8|4|2|0|0|0|0|0|0|0,358
Iowa,Car,PHEV,2049,0|0|0|0|0|0|0|1|2|4|8|16|32|41|49|53|52|43|31|21|14|8|5|2|1|0|0|0|0|0|0,383
Iowa,Car,PHEV,2050,0|0|0|0|0|0|0|1|2|4|8|16|32|41|50|54|53|47|36|24|15|10|5|3|2|1|0|0|0|0|0,404
Iowa,SUV,BEV,2020,0|0|0|0|0|0|0|0|0|0|0|0|0|0|0|0|0|0|0|0|0|0|0|0|0|0|0|0|0|0|0,0
Iowa,SUV,BEV,2021,0|0|0|0|0|0|0|0|0|0|0|0|0|0|0|0|0|0|0|0|0|0|0|0|0|0|0|0|0|0|0,0
Iowa,SUV,BEV,2022,0|0|0|0|0|0|0|0|0|0|0|0|0|0|0|0|0|0|0|0|0|0|0|0|0|0|0|0|0|0|0,0
Iowa,SUV,BEV,2023,0|0|0|0|0|0|0|0|0|0|0|0|0|0|0|0|0|0|0|0|0|0|0|0|0|0|0|0|0|0|0,0
Iowa,SUV,BEV,2024,0|0|0|0|0|0|0|0|0|0|0|0|0|0|0|0|0|0|0|0|0|0|0|0|0|0|0|0|0|0|0,0
Iowa,SUV,BEV,2025,0|0|0|0|0|0|0|0|0|0|0|0|0|0|0|0|0|0|0|0|0|0|0|0|0|0|0|0|0|0|0,0
Iowa,SUV,BEV,2026,0|0|0|0|0|0|0|0|0|0|0|0|0|0|0|0|0|0|0|0|0|0|0|0|0|0|0|0|0|0|0,0
Iowa,SUV,BEV,2027,0|0|0|0|0|0|0|0|0|0|0|0|0|0|0|0|0|0|0|0|0|0|0|0|0|0|0|0|0|0|0,0
Iowa,SUV,BEV,2028,0|0|0|0|0|0|0|0|0|0|0|0|0|0|0|0|0|0|0|0|0|0|0|0|0|0|0|0|0|0|0,0
Iowa,SUV,BEV,2029,0|0|0|0|0|0|0|0|0|0|0|0|1|0|0|0|0|0|0|0|0|0|0|0|0|0|0|0|0|0|0,1
Iowa,SUV,BEV,2030,0|0|0|0|0|0|0|0|0|1|1|0|1|1|0|0|0|0|0|0|0|0|0|0|0|0|0|0|0|0|0,4
Iowa,SUV,BEV,2031,0|0|0|0|0|0|0|0|1|1|1|1|1|1|1|0|0|0|0|0|0|0|0|0|0|0|0|0|0|0|0,7
Iowa,SUV,BEV,2032,0|0|0|0|0|0|0|1|1|2|2|3|2|1|1|1|0|0|0|0|0|0|0|0|0|0|0|0|0|0|0,14
Iowa,SUV,BEV,2033,0|0|0|0|0|0|1|1|2|2|4|5|6|3|1|1|1|0|0|0|0|0|0|0|0|0|0|0|0|0|0,27
Iowa,SUV,BEV,2034,0|0|0|0|0|0|1|2|3|5|5|8|10|8|4|1|1|1|0|0|0|0|0|0|0|0|0|0|0|0|0,49
Iowa,SUV,BEV,2035,0|0|0|0|0|0|1|2|4|7|11|10|17|13|9|4|1|1|1|0|0|0|0|0|0|0|0|0|0|0|0,81
Iowa,SUV,BEV,2036,0|0|0|0|0|0|1|2|5|9|15|25|21|22|16|10|4|1|1|1|0|0|0|0|0|0|0|0|0|0|0,133
Iowa,SUV,BEV,2037,0|0|0|0|0|1|1|3|6|11|20|33|51|28|27|18|10|4|1|1|0|0|0|0|0|0|0|0|0|0|0,215
Iowa,SUV,BEV,2038,0|0|0|0|0|1|1|3|7|13|26|44|68|67|33|30|18|9|3|1|1|0|0|0|0|0|0|0|0|0|0,325
Iowa,SUV,BEV,2039,0|0|0|0|0|1|2|4|7|16|31|56|91|89|80|37|30|16|8|2|1|0|0|0|0|0|0|0|0|0|0,471
Iowa,SUV,BEV,2040,0|0|0|0|0|1|2|4|9|18|36|67|115|119|107|89|37|27|13|6|2|0|0|0|0|0|0|0|0|0|0,652
Iowa,SUV,BEV,2041,0|0|0|0|0|1|2|5|10|20|41|80|139|150|143|119|89|33|22|10|4|1|0|0|0|0|0|0|0|0|0,869
Iowa,SUV,BEV,2042,0|0|0|0|0|1|2|5|11|24|47|89|164|181|181|158|119|80|28|17|7|3|1|0|0|0|0|0|0|0|0,1118
Iowa,SUV,BEV,2043,0|0|0|0|0|1|3|6|13|27|56|102|182|214|218|200|158|107|67|21|12|5|2|1|0|0|0|0|0|0|0,1395
Iowa,SUV,BEV,2044,0|0|0|0|0|1|3|6|14|29|61|121|208|238|258|241|200|143|89|51|15|9|3|1|0|0|0|0|0|0|0,1691
Iowa,SUV,BEV,2045,0|0|0|0|0|1|3|7|15|32|67|133|248|271|287|285|241|181|119|68|37|11|6|2|1|0|0|0|0|0|0,2015
Iowa,SUV,BEV,2046,0|0|0|0|1|1|3|7|16|34|72|144|271|323|328|317|285|218|150|91|49|26|7|4|1|1|0|0|0|0|0,2349
Iowa,SUV,BEV,2047,0|0|0|0|1|1|3|7|17|36|76|155|293|354|391|362|317|258|181|115|66|34|17|5|2|1|0|0|0|0|0,2692
Iowa,SUV,BEV,2048,0|0|0|0|1|1|3|8|17|38|81|165|315|383|427|432|362|287|214|139|83|46|23|11|3|2|1|0|0|0|0,3042
Iowa,SUV,BEV,2049,0|0|0|0|1|1|3|8|18|40|85|174|333|411|463|472|432|328|238|164|100|58|31|15|7|2|1|0|0|0|0,3385
Iowa,SUV,BEV,2050,0|0|0|0|1|2|4|8|19|41|89|183|351|435|497|511|472|391|271|182|119|70|39|20|10|5|1|1|0|0|0,3722
Iowa,SUV,PHEV,2020,0|0|0|0|0|0|0|0|0|0|0|0|0|0|0|0|0|0|0|0|0|0|0|0|0|0|0|0|0|0|0,0
Iowa,SUV,PHEV,2021,0|0|0|0|0|0|0|0|0|0|0|0|0|0|0|0|0|0|0|0|0|0|0|0|0|0|0|0|0|0|0,0
Iowa,SUV,PHEV,2022,0|0|0|0|0|0|0|0|0|0|0|0|0|0|0|0|0|0|0|0|0|0|0|0|0|0|0|0|0|0|0,0
Iowa,SUV,PHEV,2023,0|0|0|0|0|0|0|0|0|0|0|0|0|0|0|0|0|0|0|0|0|0|0|0|0|0|0|0|0|0|0,0
Iowa,SUV,PHEV,2024,0|0|0|0|0|0|0|0|0|0|0|0|0|0|0|0|0|0|0|0|0|0|0|0|0|0|0|0|0|0|0,0
Iowa,SUV,PHEV,2025,0|0|0|0|0|0|0|0|0|0|0|0|0|0|0|0|0|0|0|0|0|0|0|0|0|0|0|0|0|0|0,0
Iowa,SUV,PHEV,2026,0|0|0|0|0|0|0|0|0|0|0|0|0|0|0|0|0|0|0|0|0|0|0|0|0|0|0|0|0|0|0,0
Iowa,SUV,PHEV,2027,0|0|0|0|0|0|0|0|0|0|0|0|0|0|0|0|0|0|0|0|0|0|0|0|0|0|0|0|0|0|0,0
Iowa,SUV,PHEV,2028,0|0|0|0|0|0|0|0|0|0|0|0|1|0|0|0|0|0|0|0|0|0|0|0|0|0|0|0|0|0|0,1
Iowa,SUV,PHEV,2029,0|0|0|0|0|0|0|0|0|0|0|0|1|1|0|0|0|0|0|0|0|0|0|0|0|0|0|0|0|0|0,2
Iowa,SUV,PHEV,2030,0|0|0|0|0|0|0|0|0|1|0|0|1|1|1|1|0|0|0|0|0|0|0|0|0|0|0|0|0|0|0,5
Iowa,SUV,PHEV,2031,0|0|0|0|0|0|0|0|0|1|1|1|1|1|1|1|1|0|0|0|0|0|0|0|0|0|0|0|0|0|0,8
Iowa,SUV,PHEV,2032,0|0|0|0|0|0|0|0|1|1|2|3|1|1|1|1|1|0|0|0|0|0|0|0|0|0|0|0|0|0|0,12
Iowa,SUV,PHEV,2033,0|0|0|0|0|0|0|0|0|1|2|3|6|2|1|1|1|1|0|0|0|0|0|0|0|0|0|0|0|0|0,18
Iowa,SUV,PHEV,2034,0|0|0|0|0|0|0|0|1|1|3|5|7|7|2|1|1|1|1|0|0|0|0|0|0|0|0|0|0|0|0,30
Iowa,SUV,PHEV,2035,0|0|0|0|0|0|0|0|1|2|3|6|11|9|9|2|1|1|1|1|0|0|0|0|0|0|0|0|0|0|0,47
Iowa,SUV,PHEV,2036,0|0|0|0|0|0|0|1|1|2|3|6|13|14|11|10|2|1|1|1|0|0|0|0|0|0|0|0|0|0|0,66
Iowa,SUV,PHEV,2037,0|0|0|0|0|0|0|1|1|2|5|7|11|17|17|12|10|2|1|1|1|0|0|0|0|0|0|0|0|0|0,88
Iowa,SUV,PHEV,2038,0|0|0|0|0|0|0|1|1|3|5|11|15|15|20|19|12|9|2|1|1|0|0|0|0|0|0|0|0|0|0,115
Iowa,SUV,PHEV,2039,0|0|0|0|0|0|0|1|2|4|7|12|22|20|18|22|19|11|7|1|0|0|0|0|0|0|0|0|0|0|0,146
Iowa,SUV,PHEV,2040,0|0|0|0|0|0|0|1|2|4|8|15|24|29|24|20|22|17|9|6|1|0|0|0|0|0|0|0|0|0|0,182
Iowa,SUV,PHEV,2041,0|0|0|0|0|0|0|1|2|5|9|17|31|31|35|27|20|20|14|7|4|1|0|0|0|0|0|0|0|0|0,224
Iowa,SUV,PHEV,2042,0|0|0|0|0|0|0|1|3|6|11|20|35|40|37|39|27|18|17|11|5|3|0|0|0|0|0|0|0|0|0,273
Iowa,SUV,PHEV,2043,0|0|0|0|0|0|0|1|3|6|13|25|42|46|49|41|39|24|15|13|8|4|2|0|0|0|0|0|0|0|0,331
Iowa,SUV,PHEV,2044,0|0|0|0|0|0|0|1|3|6|13|28|50|54|55|54|41|35|20|11|9|5|2|1|0|0|0|0|0|0|0,388
Iowa,SUV,PHEV,2045,0|0|0|0|0|0|0|1|3|6|14|29|56|65|66|61|54|37|29|15|8|6|4|2|1|0|0|0|0|0|0,457
Iowa,SUV,PHEV,2046,0|0|0|0|0|0|1|1|3|6|14|29|58|73|79|73|61|49|31|22|11|6|4|2|1|1|0|0|0|0|0,525
Iowa,SUV,PHEV,2047,0|0|0|0|0|0|1|1|3|6|14|30|59|76|89|87|73|55|40|24|16|8|4|3|2|1|0|0|0|0|0,592
Iowa,SUV,PHEV,2048,0|0|0|0|0|0|1|1|3|6|14|30|60|77|92|98|87|66|46|31|17|11|5|3|2|1|0|0|0|0|0,651
Iowa,SUV,PHEV,2049,0|0|0|0|0|0|1|1|3|7|14|30|61|78|94|102|98|79|54|35|22|12|8|3|2|1|1|0|0|0|0,706
Iowa,SUV,PHEV,2050,0|0|0|0|0|0|1|1|3|7|15|30|61|79|95|103|102|89|65|42|25|15|8|5|2|1|1|0|0|0|0,750
Kansas,Car,BEV,2020,0|0|0|0|0|0|0|0|0|0|0|0|0|0|0|0|0|0|0|0|0|0|0|0|0|0|0|0|0|0|0,0
Kansas,Car,BEV,2021,0|0|0|0|0|0|0|0|0|0|0|0|0|0|0|0|0|0|0|0|0|0|0|0|0|0|0|0|0|0|0,0
Kansas,Car,BEV,2022,0|0|0|0|0|0|0|0|0|0|0|0|0|0|0|0|0|0|0|0|0|0|0|0|0|0|0|0|0|0|0,0
Kansas,Car,BEV,2023,0|0|0|0|0|0|0|0|0|0|0|0|0|0|0|0|0|0|0|0|0|0|0|0|0|0|0|0|0|0|0,0
Kansas,Car,BEV,2024,0|0|0|0|0|0|0|0|0|0|0|0|0|0|0|0|0|0|0|0|0|0|0|0|0|0|0|0|0|0|0,0
Kansas,Car,BEV,2025,0|0|0|0|0|0|0|0|0|0|0|0|0|0|0|0|0|0|0|0|0|0|0|0|0|0|0|0|0|0|0,0
Kansas,Car,BEV,2026,0|0|0|0|0|0|0|0|0|0|0|0|1|0|0|0|0|0|0|0|0|0|0|0|0|0|0|0|0|0|0,1
Kansas,Car,BEV,2027,0|0|0|0|0|0|0|0|0|0|0|0|1|1|0|0|0|0|0|0|0|0|0|0|0|0|0|0|0|0|0,2
Kansas,Car,BEV,2028,0|0|0|0|0|0|0|0|0|0|1|0|1|1|2|0|0|0|0|0|0|0|0|0|0|0|0|0|0|0|0,5
Kansas,Car,BEV,2029,0|0|0|0|0|0|0|0|0|0|1|2|1|1|2|2|0|0|0|0|0|0|0|0|0|0|0|0|0|0|0,9
Kansas,Car,BEV,2030,0|0|0|0|0|0|0|0|0|0|1|2|5|1|2|2|2|0|0|0|0|0|0|0|0|0|0|0|0|0|0,15
Kansas,Car,BEV,2031,0|0|0|0|0|0|0|0|0|1|1|2|4|6|2|2|2|2|0|0|0|0|0|0|0|0|0|0|0|0|0,22
Kansas,Car,BEV,2032,0|0|0|0|0|0|0|1|0|1|2|2|3|6|8|2|2|2|1|0|0|0|0|0|0|0|0|0|0|0|0,30
Kansas,Car,BEV,2033,0|0|0|0|0|0|0|1|2|1|2|3|5|4|7|9|2|2|1|1|0|0|0|0|0|0|0|0|0|0|0,40
Kansas,Car,BEV,2034,0|0|0|0|0|0|1|1|2|4|2|4|7|6|5|7|9|2|1|1|1|0|0|0|0|0|0|0|0|0|0,53
Kansas,Car,BEV,2035,0|0|0|0|0|0|1|1|2|5|8|3|9|9|8|6|7|8|1|1|1|0|0|0|0|0|0|0|0|0|0,70
Kansas,Car,BEV,2036,0|0|0|0|0|0|1|1|3|6|10|18|7|11|11|9|6|7|6|1|1|0|0|0|0|0|0|0|0|0|0,98
Kansas,Car,BEV,2037,0|0|0|0|0|0|1|2|4|7|13|23|36|9|13|12|9|5|6|5|1|0|0|0|0|0|0|0|0|0|0,146
Kansas,Car,BEV,2038,0|0|0|0|0|0|1|2|4|8|16|29|47|47|11|15|12|8|4|4|4|1|0|0|0|0|0|0|0|0|0,213
Kansas,Car,BEV,2039,0|0|0|0|0|0|1|2|4|9|19|36|60|61|57|12|15|11|6|3|3|2|0|0|0|0|0|0|0|0|0,301
Kansas,Car,BEV,2040,0|0|0|0|0|0|1|2|5|10|22|42|73|78|73|63|12|13|9|5|2|2|2|0|0|0|0|0|0|0|0,414
Kansas,Car,BEV,2041,0|0|0|0|0|0|1|2|5|11|23|47|85|95|94|81|63|11|11|7|4|2|1|1|0|0|0|0|0|0|0,544
Kansas,Car,BEV,2042,0|0|0|0|0|1|1|3|6|13|25|50|97|111|115|104|81|57|9|9|5|2|1|1|1|0|0|0|0|0|0,692
Kansas,Car,BEV,2043,0|0|0|0|0|1|1|3|6|14|29|55|103|126|134|127|104|73|47|7|6|4|2|1|1|0|0|0|0|0|0,844
Kansas,Car,BEV,2044,0|0|0|0|0|1|1|3|7|15|31|63|113|134|153|149|127|94|61|36|5|4|2|1|0|0|0|0|0|0|0,1000
Kansas,Car,BEV,2045,0|0|0|0|0|1|1|3|7|16|33|68|130|148|162|169|149|115|78|47|26|4|3|2|1|0|0|0|0|0|0,1163
Kansas,Car,BEV,2046,0|0|0|0|0|1|2|4|8|17|36|72|139|169|178|179|169|134|95|60|34|18|2|2|1|0|0|0|0|0|0,1320
Kansas,Car,BEV,2047,0|0|0|0|0|1|2|4|8|18|38|78|147|181|205|197|179|153|111|73|43|23|12|2|1|1|0|0|0|0|0,1477
Kansas,Car,BEV,2048,0|0|0|0|0|1|2|4|9|19|40|81|157|191|219|226|197|162|126|85|53|30|16|8|1|1|0|0|0|0|0,1628
Kansas,Car,BEV,2049,0|0|0|0|0|1|2|4|9|20|43|86|164|204|231|241|226|178|134|97|62|37|20|10|5|1|1|0|0|0|0,1776
Kansas,Car,BEV,2050,0|0|0|0|0|1|2|4|9|21|45|91|173|214|247|256|241|205|148|103|70|43|25|13|7|3|0|0|0|0|0,1921
Kansas,Car,PHEV,2020,0|0|0|0|0|0|0|0|0|0|0|0|0|0|0|0|0|0|0|0|0|0|0|0|0|0|0|0|0|0|0,0
Kansas,Car,PHEV,2021,0|0|0|0|0|0|0|0|0|0|0|0|0|0|0|0|0|0|0|0|0|0|0|0|0|0|0|0|0|0|0,0
Kansas,Car,PHEV,2022,0|0|0|0|0|0|0|0|0|0|0|0|0|0|0|0|0|0|0|0|0|0|0|0|0|0|0|0|0|0|0,0
Kansas,Car,PHEV,2023,0|0|0|0|0|0|0|0|0|0|0|0|0|0|0|0|0|0|0|0|0|0|0|0|0|0|0|0|0|0|0,0
Kansas,Car,PHEV,2024,0|0|0|0|0|0|0|0|0|0|0|0|0|0|0|0|0|0|0|0|0|0|0|0|0|0|0|0|0|0|0,0
Kansas,Car,PHEV,2025,0|0|0|0|0|0|0|0|0|0|0|1|0|0|0|0|0|0|0|0|0|0|0|0|0|0|0|0|0|0|0,1
Kansas,Car,PHEV,2026,0|0|0|0|0|0|0|0|0|0|0|0|1|0|0|0|0|0|0|0|0|0|0|0|0|0|0|0|0|0|0,1
Kansas,Car,PHEV,2027,0|0|0|0|0|0|0|0|0|0|0|1|1|2|0|0|0|0|0|0|0|0|0|0|0|0|0|0|0|0|0,4
Kansas,Car,PHEV,2028,0|0|0|0|0|0|0|0|0|0|1|1|2|1|2|0|0|0|0|0|0|0|0|0|0|0|0|0|0|0|0,7
Kansas,Car,PHEV,2029,0|0|0|0|0|0|0|0|0|0|0|1|2|2|1|2|0|0|0|0|0|0|0|0|0|0|0|0|0|0|0,8
Kansas,Car,PHEV,2030,0|0|0|0|0|0|0|0|0|0|0|1|3|2|3|1|2|0|0|0|0|0|0|0|0|0|0|0|0|0|0,12
Kansas,Car,PHEV,2031,0|0|0|0|0|0|0|0|0|0|0|0|1|3|3|3|1|2|0|0|0|0|0|0|0|0|0|0|0|0|0,13
Kansas,Car,PHEV,2032,0|0|0|0|0|0|0|0|0|0|0|1|1|2|4|3|3|1|2|0|0|0|0|0|0|0|0|0|0|0|0,17
Kansas,Car,PHEV,2033,0|0|0|0|0|0|0|0|0|0|0|0|2|1|2|5|3|3|1|1|0|0|0|0|0|0|0|0|0|0|0,18
Kansas,Car,PHEV,2034,0|0|0|0|0|0|0|0|0|1|0|0|1|2|2|2|5|3|2|1|1|0|0|0|0|0|0|0|0|0|0,20
Kansas,Car,PHEV,2035,0|0|0|0|0|0|0|0|1|1|2|0|1|1|3|2|2|4|2|2|1|1|0|0|0|0|0|0|0|0|0,23
Kansas,Car,PHEV,2036,0|0|0|0|0|0|0|0|1|1|2|4|1|1|2|3|2|2|3|2|1|0|0|0|0|0|0|0|0|0|0,25
Kansas,Car,PHEV,2037,0|0|0|0|0|0|0|0|1|1|3|5|8|1|1|2|3|2|2|3|1|1|0|0|0|0|0|0|0|0|0,34
Kansas,Car,PHEV,2038,0|0|0|0|0|0|0|0|1|2|3|7|10|10|2|1|2|3|1|1|2|1|1|0|0|0|0|0|0|0|0,47
Kansas,Car,PHEV,2039,0|0|0|0|0|0|0|0|1|2|4|7|14|13|12|2|1|2|2|1|1|1|1|0|0|0|0|0|0|0|0,64
Kansas,Car,PHEV,2040,0|0|0|0|0|0|0|0|1|2|4|9|14|18|16|14|2|1|1|2|1|1|1|0|0|0|0|0|0|0|0,87
Kansas,Car,PHEV,2041,0|0|0|0|0|0|0|0|1|2|5|10|18|19|22|17|14|2|1|1|1|1|0|1|0|0|0|0|0|0|0,115
Kansas,Car,PHEV,2042,0|0|0|0|0|0|0|1|1|3|6|11|20|23|23|24|17|12|1|1|1|1|0|0|0|0|0|0|0|0|0,145
Kansas,Car,PHEV,2043,0|0|0|0|0|0|0|1|1|3|6|12|22|25|28|25|24|16|10|1|1|0|1|0|0|0|0|0|0|0|0,176
Kansas,Car,PHEV,2044,0|0|0|0|0|0|0|1|1|3|6|13|25|29|31|31|25|22|13|8|1|0|0|0|0|0|0|0|0|0|0,209
Kansas,Car,PHEV,2045,0|0|0|0|0|0|0|1|1|3|6|13|27|33|35|34|31|23|18|10|6|1|0|0|0|0|0|0|0|0|0,242
Kansas,Car,PHEV,2046,0|0|0|0|0|0|0|1|1|3|7|14|28|36|40|38|34|28|19|14|7|4|0|0|0|0|0|0|0|0|0,274
Kansas,Car,PHEV,2047,0|0|0|0|0|0|0|1|1|3|7|14|28|36|43|44|38|31|23|14|10|5|3|0|0|0|0|0|0|0|0,301
Kansas,Car,PHEV,2048,0|0|0|0|0|0|0|1|1|3|7|14|29|37|44|48|44|35|25|18|10|7|3|2|0|0|0|0|0|0|0,328
Kansas,Car,PHEV,2049,0|0|0|0|0|0|0|1|1|3|7|14|28|37|44|48|48|40|29|20|13|7|5|2|1|0|0|0|0|0|0,348
Kansas,Car,PHEV,2050,0|0|0|0|0|0|0|1|1|3|7|14|29|37|45|49|48|43|33|22|14|9|5|3|1|1|0|0|0|0|0,365
Kansas,SUV,BEV,2020,0|0|0|0|0|0|0|0|0|0|0|0|0|0|0|0|0|0|0|0|0|0|0|0|0|0|0|0|0|0|0,0
Kansas,SUV,BEV,2021,0|0|0|0|0|0|0|0|0|0|0|0|0|0|0|0|0|0|0|0|0|0|0|0|0|0|0|0|0|0|0,0
Kansas,SUV,BEV,2022,0|0|0|0|0|0|0|0|0|0|0|0|0|0|0|0|0|0|0|0|0|0|0|0|0|0|0|0|0|0|0,0
Kansas,SUV,BEV,2023,0|0|0|0|0|0|0|0|0|0|0|0|0|0|0|0|0|0|0|0|0|0|0|0|0|0|0|0|0|0|0,0
Kansas,SUV,BEV,2024,0|0|0|0|0|0|0|0|0|0|0|0|0|0|0|0|0|0|0|0|0|0|0|0|0|0|0|0|0|0|0,0
Kansas,SUV,BEV,2025,0|0|0|0|0|0|0|0|0|0|0|0|0|0|0|0|0|0|0|0|0|0|0|0|0|0|0|0|0|0|0,0
Kansas,SUV,BEV,2026,0|0|0|0|0|0|0|0|0|0|0|0|0|0|0|0|0|0|0|0|0|0|0|0|0|0|0|0|0|0|0,0
Kansas,SUV,BEV,2027,0|0|0|0|0|0|0|0|0|0|0|0|0|0|0|0|0|0|0|0|0|0|0|0|0|0|0|0|0|0|0,0
Kansas,SUV,BEV,2028,0|0|0|0|0|0|0|0|0|0|0|0|0|0|0|0|0|0|0|0|0|0|0|0|0|0|0|0|0|0|0,0
Kansas,SUV,BEV,2029,0|0|0|0|0|0|0|0|0|0|0|1|1|0|0|0|0|0|0|0|0|0|0|0|0|0|0|0|0|0|0,2
Kansas,SUV,BEV,2030,0|0|0|0|0|0|0|0|1|1|1|1|1|1|1|0|0|0|0|0|0|0|0|0|0|0|0|0|0|0|0,7
Kansas,SUV,BEV,2031,0|0|0|0|0|0|0|0|1|1|2|2|1|2|2|1|0|0|0|0|0|0|0|0|0|0|0|0|0|0|0,12
Kansas,SUV,BEV,2032,0|0|0|0|0|0|0|1|1|2|3|4|3|2|2|2|1|0|0|0|0|0|0|0|0|0|0|0|0|0|0,21
Kansas,SUV,BEV,2033,0|0|0|0|0|0|1|1|2|3|5|6|7|4|2|2|2|1|0|0|0|0|0|0|0|0|0|0|0|0|0,36
Kansas,SUV,BEV,2034,0|0|0|0|0|0|1|1|2|4|6|11|13|10|5|2|2|2|0|0|0|0|0|0|0|0|0|0|0|0|0,59
Kansas,SUV,BEV,2035,0|0|0|0|0|0|1|2|3|6|10|13|22|17|12|6|2|2|1|0|0|0|0|0|0|0|0|0|0|0|0,97
Kansas,SUV,BEV,2036,0|0|0|0|0|0|1|2|4|8|14|22|27|28|20|13|6|2|2|1|0|0|0|0|0|0|0|0|0|0|0,150
Kansas,SUV,BEV,2037,0|0|0|0|0|0|1|2|5|10|18|30|46|35|34|22|13|5|2|1|1|0|0|0|0|0|0|0|0|0|0,225
Kansas,SUV,BEV,2038,0|0|0|0|0|1|1|3|6|12|22|39|61|60|42|38|22|12|4|1|1|1|0|0|0|0|0|0|0|0|0,326
Kansas,SUV,BEV,2039,0|0|0|0|0|1|1|3|6|14|27|49|80|79|73|46|38|20|10|3|1|1|0|0|0|0|0|0|0|0|0,452
Kansas,SUV,BEV,2040,0|0|0|0|0|1|2|4|7|15|31|58|100|105|96|80|46|34|17|7|2|1|0|0|0|0|0|0|0|0|0,606
Kansas,SUV,BEV,2041,0|0|0|0|0|1|2|4|9|17|34|68|120|130|127|106|80|42|28|13|5|2|0|0|0|0|0|0|0|0|0,788
Kansas,SUV,BEV,2042,0|0|0|0|0|1|2|4|9|20|39|75|140|156|157|140|106|73|35|22|9|4|1|0|0|0|0|0|0|0|0,993
Kansas,SUV,BEV,2043,0|0|0|0|0|1|2|5|10|22|46|84|153|183|189|174|140|96|60|27|16|6|3|1|0|0|0|0|0|0|0,1218
Kansas,SUV,BEV,2044,0|0|0|0|0|1|2|5|11|24|50|99|173|199|221|208|174|127|79|46|19|11|4|2|0|0|0|0|0|0|0,1455
Kansas,SUV,BEV,2045,0|0|0|0|0|1|2|5|12|26|54|108|203|225|241|244|208|157|105|61|33|13|7|3|1|0|0|0|0|0|0,1709
Kansas,SUV,BEV,2046,0|0|0|0|0|1|2|6|13|28|58|117|221|265|272|266|244|189|130|80|44|23|9|5|2|1|0|0|0|0|0,1976
Kansas,SUV,BEV,2047,0|0|0|0|0|1|3|6|13|29|62|126|238|288|320|301|266|221|156|100|58|31|16|6|3|1|0|0|0|0|0,2245
Kansas,SUV,BEV,2048,0|0|0|0|0|1|3|6|14|31|66|133|255|310|348|353|301|241|183|120|72|40|21|10|4|2|1|0|0|0|0,2515
Kansas,SUV,BEV,2049,0|0|0|0|0|1|3|6|14|32|69|140|269|332|375|384|353|272|199|140|87|50|27|14|7|2|1|0|0|0|0,2777
Kansas,SUV,BEV,2050,0|0|0|0|0|1|3|7|15|33|72|147|283|351|402|414|384|320|225|153|101|60|34|18|9|4|2|1|0|0|0,3039
Kansas,SUV,PHEV,2020,0|0|0|0|0|0|0|0|0|0|0|0|0|0|0|0|0|0|0|0|0|0|0|0|0|0|0|0|0|0|0,0
Kansas,SUV,PHEV,2021,0|0|0|0|0|0|0|0|0|0|0|0|0|0|0|0|0|0|0|0|0|0|0|0|0|0|0|0|0|0|0,0
Kansas,SUV,PHEV,2022,0|0|0|0|0|0|0|0|0|0|0|0|0|0|0|0|0|0|0|0|0|0|0|0|0|0|0|0|0|0|0,0
Kansas,SUV,PHEV,2023,0|0|0|0|0|0|0|0|0|0|0|0|0|0|0|0|0|0|0|0|0|0|0|0|0|0|0|0|0|0|0,0
Kansas,SUV,PHEV,2024,0|0|0|0|0|0|0|0|0|0|0|0|0|0|0|0|0|0|0|0|0|0|0|0|0|0|0|0|0|0|0,0
Kansas,SUV,PHEV,2025,0|0|0|0|0|0|0|0|0|0|0|0|0|0|0|0|0|0|0|0|0|0|0|0|0|0|0|0|0|0|0,0
Kansas,SUV,PHEV,2026,0|0|0|0|0|0|0|0|0|0|0|0|0|0|0|0|0|0|0|0|0|0|0|0|0|0|0|0|0|0|0,0
Kansas,SUV,PHEV,2027,0|0|0|0|0|0|0|0|0|0|0|0|0|0|0|0|0|0|0|0|0|0|0|0|0|0|0|0|0|0|0,0
Kansas,SUV,PHEV,2028,0|0|0|0|0|0|0|0|0|0|0|0|0|0|0|0|0|0|0|0|0|0|0|0|0|0|0|0|0|0|0,0
Kansas,SUV,PHEV,2029,0|0|0|0|0|0|0|0|0|0|0|0|0|1|0|0|0|0|0|0|0|0|0|0|0|0|0|0|0|0|0,1
Kansas,SUV,PHEV,2030,0|0|0|0|0|0|0|0|0|0|0|0|1|1|1|0|0|0|0|0|0|0|0|0|0|0|0|0|0|0|0,3
Kansas,SUV,PHEV,2031,0|0|0|0|0|0|0|0|0|1|1|1|0|1|1|1|0|0|0|0|0|0|0|0|0|0|0|0|0|0|0,6
Kansas,SUV,PHEV,2032,0|0|0|0|0|0|0|0|0|1|1|2|1|1|1|1|1|0|0|0|0|0|0|0|0|0|0|0|0|0|0,9
Kansas,SUV,PHEV,2033,0|0|0|0|0|0|0|0|0|1|2|3|5|2|1|1|1|1|0|0|0|0|0|0|0|0|0|0|0|0|0,17
Kansas,SUV,PHEV,2034,0|0|0|0|0|0|0|0|1|1|3|5|6|7|2|1|1|1|1|0|0|0|0|0|0|0|0|0|0|0|0,29
Kansas,SUV,PHEV,2035,0|0|0|0|0|0|0|0|1|1|2|6|10|8|8|2|1|1|1|0|0|0|0|0|0|0|0|0|0|0|0,41
Kansas,SUV,PHEV,2036,0|0|0|0|0|0|0|0|1|2|3|5|12|13|10|9|2|1|1|0|0|0|0|0|0|0|0|0|0|0|0,59
Kansas,SUV,PHEV,2037,0|0|0|0|0|0|0|0|1|2|4|6|10|15|16|11|9|2|1|1|0|0|0|0|0|0|0|0|0|0|0,78
Kansas,SUV,PHEV,2038,0|0|0|0|0|0|0|1|1|2|4|9|13|13|18|17|11|8|2|0|0|0|0|0|0|0|0|0|0|0|0,99
Kansas,SUV,PHEV,2039,0|0|0|0|0|0|0|1|1|3|6|10|19|17|15|20|17|10|7|1|0|0|0|0|0|0|0|0|0|0|0,127
Kansas,SUV,PHEV,2040,0|0|0|0|0|0|0|1|2|3|6|12|20|24|20|17|20|16|8|5|1|0|0|0|0|0|0|0|0|0|0,155
Kansas,SUV,PHEV,2041,0|0|0|0|0|0|0|1|2|4|8|14|25|26|30|23|17|18|13|6|4|1|0|0|0|0|0|0|0|0|0,192
Kansas,SUV,PHEV,2042,0|0|0|0|0|0|0|1|2|4|9|16|28|33|31|33|23|15|15|10|5|3|0|0|0|0|0|0|0|0|0,228
Kansas,SUV,PHEV,2043,0|0|0|0|0|0|0|1|2|5|10|19|33|37|40|35|33|20|13|12|7|3|2|0|0|0|0|0|0|0|0,272
Kansas,SUV,PHEV,2044,0|0|0|0|0|0|0|1|2|5|10|22|40|44|45|44|35|30|17|10|8|5|2|1|0|0|0|0|0|0|0,321
Kansas,SUV,PHEV,2045,0|0|0|0|0|0|0|1|2|5|10|22|44|52|53|49|44|31|24|13|7|6|3|1|1|0|0|0|0|0|0,368
Kansas,SUV,PHEV,2046,0|0|0|0|0|0|0|1|2|5|11|22|45|57|63|58|49|40|26|19|9|5|4|2|1|0|0|0|0|0|0,419
Kansas,SUV,PHEV,2047,0|0|0|0|0|0|0|1|2|5|11|23|46|59|69|69|58|45|33|20|14|6|3|3|1|1|0|0|0|0|0,469
Kansas,SUV,PHEV,2048,0|0|0|0|0|0|0|1|2|5|11|23|46|60|71|76|69|53|37|25|14|9|4|2|2|1|0|0|0|0|0,511
Kansas,SUV,PHEV,2049,0|0|0|0|0|0|0|1|2|5|11|23|47|60|72|79|76|63|44|28|18|10|6|3|1|1|1|0|0|0|0,551
Kansas,SUV,PHEV,2050,0|0|0|0|0|0|0|1|2|5|11|23|47|61|73|80|79|69|52|33|20|13|7|4|2|1|1|0|0|0|0,584
Kentucky,Car,BEV,2020,0|0|0|0|0|0|0|0|0|0|0|0|0|0|0|0|0|0|0|0|0|0|0|0|0|0|0|0|0|0|0,0
Kentucky,Car,BEV,2021,0|0|0|0|0|0|0|0|0|0|0|0|0|0|0|0|0|0|0|0|0|0|0|0|0|0|0|0|0|0|0,0
Kentucky,Car,BEV,2022,0|0|0|0|0|0|0|0|0|0|0|0|0|0|0|0|0|0|0|0|0|0|0|0|0|0|0|0|0|0|0,0
Kentucky,Car,BEV,2023,0|0|0|0|0|0|0|0|0|0|0|0|0|0|0|0|0|0|0|0|0|0|0|0|0|0|0|0|0|0|0,0
Kentucky,Car,BEV,2024,0|0|0|0|0|0|0|0|0|0|0|0|0|0|0|0|0|0|0|0|0|0|0|0|0|0|0|0|0|0|0,0
Kentucky,Car,BEV,2025,0|0|0|0|0|0|0|0|0|0|0|0|0|0|0|0|0|0|0|0|0|0|0|0|0|0|0|0|0|0|0,0
Kentucky,Car,BEV,2026,0|0|0|0|0|0|0|0|0|0|0|0|1|0|0|0|0|0|0|0|0|0|0|0|0|0|0|0|0|0|0,1
Kentucky,Car,BEV,2027,0|0|0|0|0|0|0|0|0|0|0|0|1|1|0|0|0|0|0|0|0|0|0|0|0|0|0|0|0|0|0,2
Kentucky,Car,BEV,2028,0|0|0|0|0|0|0|0|0|0|1|0|1|1|1|0|0|0|0|0|0|0|0|0|0|0|0|0|0|0|0,4
Kentucky,Car,BEV,2029,0|0|0|0|0|0|0|0|0|0|1|2|1|1|1|1|0|0|0|0|0|0|0|0|0|0|0|0|0|0|0,7
Kentucky,Car,BEV,2030,0|0|0|0|0|0|0|0|0|0|1|2|4|1|1|1|1|0|0|0|0|0|0|0|0|0|0|0|0|0|0,11
Kentucky,Car,BEV,2031,0|0|0|0|0|0|0|0|0|1|1|1|4|5|1|1|1|1|0|0|0|0|0|0|0|0|0|0|0|0|0,16
Kentucky,Car,BEV,2032,0|0|0|0|0|0|0|1|0|1|2|2|3|5|6|1|1|1|1|0|0|0|0|0|0|0|0|0|0|0|0,24
Kentucky,Car,BEV,2033,0|0|0|0|0|0|1|1|2|1|2|3|5|3|6|6|1|1|1|1|0|0|0|0|0|0|0|0|0|0|0,34
Kentucky,Car,BEV,2034,0|0|0|0|0|0|1|2|3|5|2|4|7|6|4|6|6|1|1|1|1|0|0|0|0|0|0|0|0|0|0,50
Kentucky,Car,BEV,2035,0|0|0|0|0|0|1|2|4|7|12|3|9|9|7|5|6|6|1|1|1|0|0|0|0|0|0|0|0|0|0,74
Kentucky,Car,BEV,2036,0|0|0|0|0|0|1|2|5|9|16|27|7|11|11|8|5|6|5|1|1|0|0|0|0|0|0|0|0|0|0,115
Kentucky,Car,BEV,2037,0|0|0|0|0|0|1|3|5|11|21|35|55|9|14|12|8|4|5|4|1|0|0|0|0|0|0|0|0|0|0,188
Kentucky,Car,BEV,2038,0|0|0|0|0|1|1|3|6|13|25|45|72|72|11|15|12|7|3|4|3|0|0|0|0|0|0|0|0|0|0,293
Kentucky,Car,BEV,2039,0|0|0|0|0|1|1|3|7|15|30|55|93|93|87|12|15|11|6|3|3|2|0|0|0|0|0|0|0|0|0,437
Kentucky,Car,BEV,2040,0|0|0|0|0|1|2|4|7|16|34|65|114|121|113|96|12|14|9|5|2|2|1|0|0|0|0|0|0|0|0,618
Kentucky,Car,BEV,2041,0|0|0|0|0|1|2|4|9|18|36|74|133|148|146|125|96|11|11|7|3|1|1|1|0|0|0|0|0|0|0,827
Kentucky,Car,BEV,2042,0|0|0|0|0|1|2|4|9|20|40|79|152|174|179|162|125|87|9|9|5|2|1|1|1|0|0|0|0|0|0,1062
Kentucky,Car,BEV,2043,0|0|0|0|0|1|2|5|10|22|47|88|163|198|210|198|162|113|72|7|6|4|2|1|1|0|0|0|0|0|0,1312
Kentucky,Car,BEV,2044,0|0|0|0|0|1|2|5|11|24|50|102|180|212|239|232|198|146|93|55|5|4|2|1|0|0|0|0|0|0|0,1562
Kentucky,Car,BEV,2045,0|0|0|0|0|1|2|5|12|26|54|109|208|234|257|264|232|179|121|72|40|4|3|2|1|0|0|0|0|0|0,1826
Kentucky,Car,BEV,2046,0|0|0|0|0|1|3|6|13|28|58|117|223|272|283|283|264|210|148|93|52|28|2|2|1|0|0|0|0|0|0,2087
Kentucky,Car,BEV,2047,0|0|0|0|0|1|3|6|14|29|62|125|237|291|329|313|283|239|174|114|67|36|19|2|1|1|0|0|0|0|0,2346
Kentucky,Car,BEV,2048,0|0|0|0|0|1|3|6|14|31|65|132|253|310|351|363|313|257|198|133|82|47|24|12|1|1|0|0|0|0|0,2597
Kentucky,Car,BEV,2049,0|0|0|0|0|1|3|7|15|33|69|140|266|330|374|388|363|283|212|152|96|57|31|16|8|1|1|0|0|0|0,2846
Kentucky,Car,BEV,2050,0|0|0|0|0|1|3|7|16|34|73|148|281|347|399|413|388|329|234|163|110|67|38|21|10|5|0|0|0|0|0,3087
Kentucky,Car,PHEV,2020,0|0|0|0|0|0|0|0|0|0|0|0|0|0|0|0|0|0|0|0|0|0|0|0|0|0|0|0|0|0|0,0
Kentucky,Car,PHEV,2021,0|0|0|0|0|0|0|0|0|0|0|0|0|0|0|0|0|0|0|0|0|0|0|0|0|0|0|0|0|0|0,0
Kentucky,Car,PHEV,2022,0|0|0|0|0|0|0|0|0|0|0|0|0|0|0|0|0|0|0|0|0|0|0|0|0|0|0|0|0|0|0,0
Kentucky,Car,PHEV,2023,0|0|0|0|0|0|0|0|0|0|0|0|0|0|0|0|0|0|0|0|0|0|0|0|0|0|0|0|0|0|0,0
Kentucky,Car,PHEV,2024,0|0|0|0|0|0|0|0|0|0|0|0|0|0|0|0|0|0|0|0|0|0|0|0|0|0|0|0|0|0|0,0
Kentucky,Car,PHEV,2025,0|0|0|0|0|0|0|0|0|0|0|0|0|0|0|0|0|0|0|0|0|0|0|0|0|0|0|0|0|0|0,0
Kentucky,Car,PHEV,2026,0|0|0|0|0|0|0|0|0|0|0|0|1|0|0|0|0|0|0|0|0|0|0|0|0|0|0|0|0|0|0,1
Kentucky,Car,PHEV,2027,0|0|0|0|0|0|0|0|0|0|0|1|1|1|0|0|0|0|0|0|0|0|0|0|0|0|0|0|0|0|0,3
Kentucky,Car,PHEV,2028,0|0|0|0|0|0|0|0|0|0|1|1|1|1|2|0|0|0|0|0|0|0|0|0|0|0|0|0|0|0|0,6
Kentucky,Car,PHEV,2029,0|0|0|0|0|0|0|0|0|0|0|1|2|2|1|2|0|0|0|0|0|0|0|0|0|0|0|0|0|0|0,8
Kentucky,Car,PHEV,2030,0|0|0|0|0|0|0|0|0|0|0|1|2|2|2|1|2|0|0|0|0|0|0|0|0|0|0|0|0|0|0,10
Kentucky,Car,PHEV,2031,0|0|0|0|0|0|0|0|0|0|0|0|1|3|3|2|1|2|0|0|0|0|0|0|0|0|0|0|0|0|0,12
Kentucky,Car,PHEV,2032,0|0|0|0|0|0|0|0|0|0|0|1|1|2|4|3|2|1|1|0|0|0|0|0|0|0|0|0|0|0|0,15
Kentucky,Car,PHEV,2033,0|0|0|0|0|0|0|0|1|0|0|0|1|1|2|4|3|2|1|1|0|0|0|0|0|0|0|0|0|0|0,16
Kentucky,Car,PHEV,2034,0|0|0|0|0|0|0|0|1|1|0|0|1|2|2|2|4|3|2|1|1|0|0|0|0|0|0|0|0|0|0,20
Kentucky,Car,PHEV,2035,0|0|0|0|0|0|0|0|1|2|3|0|1|1|2|2|2|4|2|1|0|1|0|0|0|0|0|0|0|0|0,22
Kentucky,Car,PHEV,2036,0|0|0|0|0|0|0|1|1|2|4|6|1|1|2|3|2|2|3|2|1|0|0|0|0|0|0|0|0|0|0,31
Kentucky,Car,PHEV,2037,0|0|0|0|0|0|0|1|1|2|5|8|13|1|1|2|3|2|2|2|1|1|0|0|0|0|0|0|0|0|0,45
Kentucky,Car,PHEV,2038,0|0|0|0|0|0|0|1|1|3|5|11|16|17|2|1|2|2|1|1|2|1|0|0|0|0|0|0|0|0|0,66
Kentucky,Car,PHEV,2039,0|0|0|0|0|0|0|1|2|3|7|12|23|21|20|2|1|2|2|1|1|1|1|0|0|0|0|0|0|0|0,100
Kentucky,Car,PHEV,2040,0|0|0|0|0|0|0|1|2|4|7|14|24|30|25|22|2|1|1|1|1|1|1|0|0|0|0|0|0|0|0,137
Kentucky,Car,PHEV,2041,0|0|0|0|0|0|0|1|2|4|8|16|30|31|36|28|22|2|1|1|1|0|0|1|0|0|0|0|0|0|0,184
Kentucky,Car,PHEV,2042,0|0|0|0|0|0|0|1|2|5|10|18|32|39|37|40|28|20|1|1|1|1|0|0|0|0|0|0|0|0|0,236
Kentucky,Car,PHEV,2043,0|0|0|0|0|0|0|1|2|5|10|21|37|42|47|41|40|25|17|1|0|0|0|0|0|0|0|0|0|0|0,289
Kentucky,Car,PHEV,2044,0|0|0|0|0|0|0|1|2|5|11|23|43|48|51|51|41|36|21|13|1|0|0|0|0|0|0|0|0|0|0,347
Kentucky,Car,PHEV,2045,0|0|0|0|0|0|0|1|2|5|11|23|47|56|59|57|51|37|30|16|9|1|0|0|0|0|0|0|0|0|0,405
Kentucky,Car,PHEV,2046,0|0|0|0|0|0|0|1|2|5|11|24|48|61|68|65|57|47|31|23|12|6|0|0|0|0|0|0|0|0|0,461
Kentucky,Car,PHEV,2047,0|0|0|0|0|0|0|1|2|5|12|24|48|62|74|75|65|51|39|24|17|8|4|0|0|0|0|0|0|0|0,511
Kentucky,Car,PHEV,2048,0|0|0|0|0|0|0|1|2|5|12|25|49|63|75|81|75|59|42|30|17|12|5|3|0|0|0|0|0|0|0,556
Kentucky,Car,PHEV,2049,0|0|0|0|0|0|0|1|2|6|12|25|49|64|76|83|81|68|48|32|21|12|8|4|2|0|0|0|0|0|0,594
Kentucky,Car,PHEV,2050,0|0|0|0|0|0|0|1|3|6|12|25|50|64|78|84|83|74|56|37|24|15|8|5|2|1|0|0|0|0|0,628
Kentucky,SUV,BEV,2020,0|0|0|0|0|0|0|0|0|0|0|0|0|0|0|0|0|0|0|0|0|0|0|0|0|0|0|0|0|0|0,0
Kentucky,SUV,BEV,2021,0|0|0|0|0|0|0|0|0|0|0|0|0|0|0|0|0|0|0|0|0|0|0|0|0|0|0|0|0|0|0,0
Kentucky,SUV,BEV,2022,0|0|0|0|0|0|0|0|0|0|0|0|0|0|0|0|0|0|0|0|0|0|0|0|0|0|0|0|0|0|0,0
Kentucky,SUV,BEV,2023,0|0|0|0|0|0|0|0|0|0|0|0|0|0|0|0|0|0|0|0|0|0|0|0|0|0|0|0|0|0|0,0
Kentucky,SUV,BEV,2024,0|0|0|0|0|0|0|0|0|0|0|0|0|0|0|0|0|0|0|0|0|0|0|0|0|0|0|0|0|0|0,0
Kentucky,SUV,BEV,2025,0|0|0|0|0|0|0|0|0|0|0|0|0|0|0|0|0|0|0|0|0|0|0|0|0|0|0|0|0|0|0,0
Kentucky,SUV,BEV,2026,0|0|0|0|0|0|0|0|0|0|0|0|0|0|0|0|0|0|0|0|0|0|0|0|0|0|0|0|0|0|0,0
Kentucky,SUV,BEV,2027,0|0|0|0|0|0|0|0|0|0|0|0|0|0|0|0|0|0|0|0|0|0|0|0|0|0|0|0|0|0|0,0
Kentucky,SUV,BEV,2028,0|0|0|0|0|0|0|0|0|0|0|0|0|0|0|0|0|0|0|0|0|0|0|0|0|0|0|0|0|0|0,0
Kentucky,SUV,BEV,2029,0|0|0|0|0|0|0|0|0|0|0|0|1|0|0|0|0|0|0|0|0|0|0|0|0|0|0|0|0|0|0,1
Kentucky,SUV,BEV,2030,0|0|0|0|0|0|0|0|1|1|1|0|1|1|1|0|0|0|0|0|0|0|0|0|0|0|0|0|0|0|0,6
Kentucky,SUV,BEV,2031,0|0|0|0|0|0|0|0|1|1|1|1|1|1|1|1|0|0|0|0|0|0|0|0|0|0|0|0|0|0|0,8
Kentucky,SUV,BEV,2032,0|0|0|0|0|0|1|1|1|2|3|3|3|1|1|1|1|0|0|0|0|0|0|0|0|0|0|0|0|0|0,18
Kentucky,SUV,BEV,2033,0|0|0|0|0|0|1|1|3|3|5|6|7|3|2|1|1|1|0|0|0|0|0|0|0|0|0|0|0|0|0,34
Kentucky,SUV,BEV,2034,0|0|0|0|0|0|1|2|4|6|6|11|13|9|4|2|1|1|0|0|0|0|0|0|0|0|0|0|0|0|0,60
Kentucky,SUV,BEV,2035,0|0|0|0|0|1|1|2|5|8|14|13|22|17|11|5|2|1|1|0|0|0|0|0|0|0|0|0|0|0|0,103
Kentucky,SUV,BEV,2036,0|0|0|0|0|1|1|3|6|11|19|31|27|29|20|12|5|2|1|1|0|0|0|0|0|0|0|0|0|0|0,169
Kentucky,SUV,BEV,2037,0|0|0|0|0|1|1|3|7|14|25|42|65|36|35|22|12|4|1|1|1|0|0|0|0|0|0|0|0|0|0,270
Kentucky,SUV,BEV,2038,0|0|0|0|0|1|2|4|8|17|32|55|86|84|43|38|22|11|3|1|1|0|0|0|0|0|0|0|0|0|0,408
Kentucky,SUV,BEV,2039,0|0|0|0|0|1|2|4|9|19|38|69|114|112|102|47|38|20|9|3|1|0|0|0|0|0|0|0|0|0|0,588
Kentucky,SUV,BEV,2040,0|0|0|0|0|1|2|5|10|21|44|83|143|148|136|113|47|35|17|7|2|0|0|0|0|0|0|0|0|0|0,814
Kentucky,SUV,BEV,2041,0|0|0|0|0|1|3|6|12|24|49|97|171|186|179|150|113|43|29|13|5|1|0|0|0|0|0|0|0|0|0,1082
Kentucky,SUV,BEV,2042,0|0|0|0|1|1|3|6|14|29|56|107|200|223|225|198|150|102|36|22|9|3|1|0|0|0|0|0|0|0|0,1386
Kentucky,SUV,BEV,2043,0|0|0|0|1|1|3|7|15|32|66|121|219|260|269|248|198|136|84|27|16|6|2|1|0|0|0|0|0|0|0,1712
Kentucky,SUV,BEV,2044,0|0|0|0|1|1|3|7|16|35|73|144|248|285|315|297|248|179|112|65|20|11|4|1|0|0|0|0|0|0|0,2065
Kentucky,SUV,BEV,2045,0|0|0|0|1|1|3|8|17|38|79|158|295|323|345|348|297|225|148|86|47|14|7|3|1|0|0|0|0|0|0,2444
Kentucky,SUV,BEV,2046,0|0|0|0|1|2|4|8|19|40|85|170|322|384|391|381|348|269|186|114|62|33|9|5|2|1|0|0|0|0|0,2836
Kentucky,SUV,BEV,2047,0|0|0|0|1|2|4|9|20|43|91|183|347|420|464|432|381|315|223|143|82|43|22|6|3|1|0|0|0|0|0,3235
Kentucky,SUV,BEV,2048,0|0|0|0|1|2|4|9|21|45|96|195|372|452|507|513|432|345|260|171|103|57|29|14|4|2|1|0|0|0|0,3635
Kentucky,SUV,BEV,2049,0|0|0|0|1|2|4|10|21|48|101|206|394|485|546|561|513|391|285|200|123|72|38|19|9|3|1|0|0|0|0,4033
Kentucky,SUV,BEV,2050,0|0|0|0|1|2|4|10|22|49|106|217|416|514|586|603|561|464|323|219|144|86|48|25|13|6|2|1|0|0|0,4422
Kentucky,SUV,PHEV,2020,0|0|0|0|0|0|0|0|0|0|0|0|0|0|0|0|0|0|0|0|0|0|0|0|0|0|0|0|0|0|0,0
Kentucky,SUV,PHEV,2021,0|0|0|0|0|0|0|0|0|0|0|0|0|0|0|0|0|0|0|0|0|0|0|0|0|0|0|0|0|0|0,0
Kentucky,SUV,PHEV,2022,0|0|0|0|0|0|0|0|0|0|0|0|0|0|0|0|0|0|0|0|0|0|0|0|0|0|0|0|0|0|0,0
Kentucky,SUV,PHEV,2023,0|0|0|0|0|0|0|0|0|0|0|0|0|0|0|0|0|0|0|0|0|0|0|0|0|0|0|0|0|0|0,0
Kentucky,SUV,PHEV,2024,0|0|0|0|0|0|0|0|0|0|0|0|0|0|0|0|0|0|0|0|0|0|0|0|0|0|0|0|0|0|0,0
Kentucky,SUV,PHEV,2025,0|0|0|0|0|0|0|0|0|0|0|0|0|0|0|0|0|0|0|0|0|0|0|0|0|0|0|0|0|0|0,0
Kentucky,SUV,PHEV,2026,0|0|0|0|0|0|0|0|0|0|0|0|0|0|0|0|0|0|0|0|0|0|0|0|0|0|0|0|0|0|0,0
Kentucky,SUV,PHEV,2027,0|0|0|0|0|0|0|0|0|0|0|0|0|0|0|0|0|0|0|0|0|0|0|0|0|0|0|0|0|0|0,0
Kentucky,SUV,PHEV,2028,0|0|0|0|0|0|0|0|0|0|0|0|0|0|0|0|0|0|0|0|0|0|0|0|0|0|0|0|0|0|0,0
Kentucky,SUV,PHEV,2029,0|0|0|0|0|0|0|0|0|0|0|0|0|1|0|0|0|0|0|0|0|0|0|0|0|0|0|0|0|0|0,1
Kentucky,SUV,PHEV,2030,0|0|0|0|0|0|0|0|0|0|0|0|0|1|1|0|0|0|0|0|0|0|0|0|0|0|0|0|0|0|0,2
Kentucky,SUV,PHEV,2031,0|0|0|0|0|0|0|0|0|1|1|0|0|1|1|1|0|0|0|0|0|0|0|0|0|0|0|0|0|0|0,5
Kentucky,SUV,PHEV,2032,0|0|0|0|0|0|0|0|0|1|1|2|1|0|1|1|1|0|0|0|0|0|0|0|0|0|0|0|0|0|0,8
Kentucky,SUV,PHEV,2033,0|0|0|0|0|0|0|0|1|1|2|3|5|1|1|1|1|1|0|0|0|0|0|0|0|0|0|0|0|0|0,17
Kentucky,SUV,PHEV,2034,0|0|0|0|0|0|0|0|1|1|3|5|6|6|2|1|1|1|1|0|0|0|0|0|0|0|0|0|0|0|0,28
Kentucky,SUV,PHEV,2035,0|0|0|0|0|0|0|1|1|2|3|6|10|8|7|2|1|1|1|0|0|0|0|0|0|0|0|0|0|0|0,43
Kentucky,SUV,PHEV,2036,0|0|0|0|0|0|0|1|1|3|4|7|12|13|10|8|2|1|1|0|0|0|0|0|0|0|0|0|0|0|0,63
Kentucky,SUV,PHEV,2037,0|0|0|0|0|0|0|1|2|3|6|10|15|15|16|11|8|2|0|0|0|0|0|0|0|0|0|0|0|0|0,89
Kentucky,SUV,PHEV,2038,0|0|0|0|0|0|0|1|2|4|7|14|19|19|18|17|11|7|1|0|0|0|0|0|0|0|0|0|0|0|0,120
Kentucky,SUV,PHEV,2039,0|0|0|0|0|0|0|1|2|4|8|14|28|25|23|20|17|10|6|1|0|0|0|0|0|0|0|0|0|0|0,159
Kentucky,SUV,PHEV,2040,0|0|0|0|0|0|1|1|3|5|10|19|29|36|31|25|20|16|8|5|1|0|0|0|0|0|0|0|0|0|0,210
Kentucky,SUV,PHEV,2041,0|0|0|0|0|0|1|1|3|6|11|21|38|38|44|34|25|18|13|6|3|1|0|0|0|0|0|0|0|0|0,263
Kentucky,SUV,PHEV,2042,0|0|0|0|0|0|1|1|3|7|14|25|43|50|46|49|34|23|15|10|5|2|0|0|0|0|0|0|0|0|0,328
Kentucky,SUV,PHEV,2043,0|0|0|0|0|0|1|1|3|7|15|29|50|56|60|51|49|31|19|12|7|3|2|0|0|0|0|0|0|0|0,396
Kentucky,SUV,PHEV,2044,0|0|0|0|0|0|1|1|3|7|16|33|60|66|67|66|51|44|25|15|8|5|2|1|0|0|0|0|0|0|0,471
Kentucky,SUV,PHEV,2045,0|0|0|0|0|0|1|1|3|7|16|34|67|78|79|74|66|46|36|19|11|6|3|1|1|0|0|0|0|0|0,549
Kentucky,SUV,PHEV,2046,0|0|0|0|0|0|1|1|3|8|17|35|69|87|95|88|74|60|38|28|14|7|4|2|1|0|0|0|0|0|0,632
Kentucky,SUV,PHEV,2047,0|0|0|0|0|0|1|2|3|8|17|35|71|91|105|105|88|67|50|29|20|10|5|3|1|1|0|0|0|0|0,712
Kentucky,SUV,PHEV,2048,0|0|0|0|0|0|1|2|4|8|17|36|72|92|110|116|105|79|56|38|21|14|7|3|2|1|0|0|0|0|0,784
Kentucky,SUV,PHEV,2049,0|0|0|0|0|0|1|2|4|8|17|36|73|94|112|121|116|95|66|43|28|15|9|4|2|1|1|0|0|0|0,848
Kentucky,SUV,PHEV,2050,0|0|0|0|0|0|1|2|4|8|18|37|73|95|113|123|121|105|78|50|31|19|10|6|3|1|1|0|0|0|0,899
Louisiana,Car,BEV,2020,0|0|0|0|0|0|0|0|0|0|0|0|0|0|0|0|0|0|0|0|0|0|0|0|0|0|0|0|0|0|0,0
Louisiana,Car,BEV,2021,0|0|0|0|0|0|0|0|0|0|0|0|0|0|0|0|0|0|0|0|0|0|0|0|0|0|0|0|0|0|0,0
Louisiana,Car,BEV,2022,0|0|0|0|0|0|0|0|0|0|0|0|0|0|0|0|0|0|0|0|0|0|0|0|0|0|0|0|0|0|0,0
Louisiana,Car,BEV,2023,0|0|0|0|0|0|0|0|0|0|0|0|0|0|0|0|0|0|0|0|0|0|0|0|0|0|0|0|0|0|0,0
Louisiana,Car,BEV,2024,0|0|0|0|0|0|0|0|0|0|0|0|0|0|0|0|0|0|0|0|0|0|0|0|0|0|0|0|0|0|0,0
Louisiana,Car,BEV,2025,0|0|0|0|0|0|0|0|0|0|0|0|0|0|0|0|0|0|0|0|0|0|0|0|0|0|0|0|0|0|0,0
Louisiana,Car,BEV,2026,0|0|0|0|0|0|0|0|0|0|0|0|0|0|0|0|0|0|0|0|0|0|0|0|0|0|0|0|0|0|0,0
Louisiana,Car,BEV,2027,0|0|0|0|0|0|0|0|0|0|0|0|0|1|0|0|0|0|0|0|0|0|0|0|0|0|0|0|0|0|0,1
Louisiana,Car,BEV,2028,0|0|0|0|0|0|0|0|0|0|1|0|0|1|1|0|0|0|0|0|0|0|0|0|0|0|0|0|0|0|0,3
Louisiana,Car,BEV,2029,0|0|0|0|0|0|0|0|0|0|1|1|1|1|1|1|0|0|0|0|0|0|0|0|0|0|0|0|0|0|0,6
Louisiana,Car,BEV,2030,0|0|0|0|0|0|0|0|0|0|0|1|3|1|1|1|1|0|0|0|0|0|0|0|0|0|0|0|0|0|0,8
Louisiana,Car,BEV,2031,0|0|0|0|0|0|0|0|0|1|1|1|3|3|1|1|1|1|0|0|0|0|0|0|0|0|0|0|0|0|0,13
Louisiana,Car,BEV,2032,0|0|0|0|0|0|0|1|0|1|1|2|2|3|4|1|1|1|1|0|0|0|0|0|0|0|0|0|0|0|0,18
Louisiana,Car,BEV,2033,0|0|0|0|0|0|1|1|2|0|1|3|4|3|4|4|1|1|1|0|0|0|0|0|0|0|0|0|0|0|0,26
Louisiana,Car,BEV,2034,0|0|0|0|0|0|1|1|2|4|1|3|6|5|3|4|4|1|1|0|0|0|0|0|0|0|0|0|0|0|0,36
Louisiana,Car,BEV,2035,0|0|0|0|0|0|1|2|3|6|10|2|6|7|6|4|4|4|1|0|0|0|0|0|0|0|0|0|0|0|0,56
Louisiana,Car,BEV,2036,0|0|0|0|0|0|1|2|4|7|13|21|5|8|9|6|4|4|3|1|0|0|0|0|0|0|0|0|0|0|0,88
Louisiana,Car,BEV,2037,0|0|0|0|0|0|1|2|5|9|17|28|44|7|9|10|6|3|3|3|0|0|0|0|0|0|0|0|0|0|0,147
Louisiana,Car,BEV,2038,0|0|0|0|0|1|1|2|5|11|21|37|58|57|8|10|10|6|3|3|2|0|0|0|0|0|0|0|0|0|0,235
Louisiana,Car,BEV,2039,0|0|0|0|0|1|1|3|6|13|25|46|76|76|69|9|10|9|5|2|2|1|0|0|0|0|0|0|0|0|0,354
Louisiana,Car,BEV,2040,0|0|0|0|0|1|1|3|7|14|29|55|95|100|92|76|9|9|7|4|1|1|1|0|0|0|0|0|0|0|0,505
Louisiana,Car,BEV,2041,0|0|0|0|0|1|2|3|8|16|32|64|114|124|120|101|76|8|8|6|3|1|1|1|0|0|0|0|0|0|0,689
Louisiana,Car,BEV,2042,0|0|0|0|0|1|2|4|8|18|36|70|132|148|150|133|101|69|7|6|4|2|1|1|0|0|0|0|0|0|0,893
Louisiana,Car,BEV,2043,0|0|0|0|0|1|2|4|9|20|42|78|144|172|179|166|133|92|57|5|4|3|1|0|0|0|0|0|0|0|0,1112
Louisiana,Car,BEV,2044,0|0|0|0|0|1|2|4|10|21|45|92|160|188|208|198|166|120|76|44|4|3|2|1|0|0|0|0|0|0|0,1345
Louisiana,Car,BEV,2045,0|0|0|0|0|1|2|5|11|23|49|98|188|209|227|230|198|150|100|58|32|3|2|1|1|0|0|0|0|0|0,1588
Louisiana,Car,BEV,2046,0|0|0|0|0|1|2|5|11|24|52|105|201|245|253|250|230|179|124|76|42|22|2|1|1|0|0|0|0|0|0,1826
Louisiana,Car,BEV,2047,0|0|0|0|0|1|2|5|12|26|55|112|214|262|296|279|250|208|148|95|55|29|15|1|1|1|0|0|0|0|0,2067
Louisiana,Car,BEV,2048,0|0|0|0|0|1|2|6|13|27|58|118|227|279|317|327|279|227|172|114|69|38|20|10|1|1|0|0|0|0|0,2306
Louisiana,Car,BEV,2049,0|0|0|0|0|1|3|6|13|29|61|124|238|296|337|350|327|253|188|132|82|48|26|13|6|0|0|0|0|0|0,2533
Louisiana,Car,BEV,2050,0|0|0|0|0|1|3|6|14|30|64|130|249|310|358|373|350|296|209|144|96|57|32|17|8|4|0|0|0|0|0,2751
Louisiana,Car,PHEV,2020,0|0|0|0|0|0|0|0|0|0|0|0|0|0|0|0|0|0|0|0|0|0|0|0|0|0|0|0|0|0|0,0
Louisiana,Car,PHEV,2021,0|0|0|0|0|0|0|0|0|0|0|0|0|0|0|0|0|0|0|0|0|0|0|0|0|0|0|0|0|0|0,0
Louisiana,Car,PHEV,2022,0|0|0|0|0|0|0|0|0|0|0|0|0|0|0|0|0|0|0|0|0|0|0|0|0|0|0|0|0|0|0,0
Louisiana,Car,PHEV,2023,0|0|0|0|0|0|0|0|0|0|0|0|0|0|0|0|0|0|0|0|0|0|0|0|0|0|0|0|0|0|0,0
Louisiana,Car,PHEV,2024,0|0|0|0|0|0|0|0|0|0|0|0|0|0|0|0|0|0|0|0|0|0|0|0|0|0|0|0|0|0|0,0
Louisiana,Car,PHEV,2025,0|0|0|0|0|0|0|0|0|0|0|0|0|0|0|0|0|0|0|0|0|0|0|0|0|0|0|0|0|0|0,0
Louisiana,Car,PHEV,2026,0|0|0|0|0|0|0|0|0|0|0|0|0|0|0|0|0|0|0|0|0|0|0|0|0|0|0|0|0|0|0,0
Louisiana,Car,PHEV,2027,0|0|0|0|0|0|0|0|0|0|0|0|0|1|0|0|0|0|0|0|0|0|0|0|0|0|0|0|0|0|0,1
Louisiana,Car,PHEV,2028,0|0|0|0|0|0|0|0|0|0|0|0|1|0|1|0|0|0|0|0|0|0|0|0|0|0|0|0|0|0|0,2
Louisiana,Car,PHEV,2029,0|0|0|0|0|0|0|0|0|0|0|1|1|1|0|1|0|0|0|0|0|0|0|0|0|0|0|0|0|0|0,4
Louisiana,Car,PHEV,2030,0|0|0|0|0|0|0|0|0|0|0|0|1|1|1|1|1|0|0|0|0|0|0|0|0|0|0|0|0|0|0,5
Louisiana,Car,PHEV,2031,0|0|0|0|0|0|0|0|0|0|0|0|0|2|2|1|1|1|0|0|0|0|0|0|0|0|0|0|0|0|0,7
Louisiana,Car,PHEV,2032,0|0|0|0|0|0|0|0|0|0|0|0|0|1|2|2|1|0|1|0|0|0|0|0|0|0|0|0|0|0|0,7
Louisiana,Car,PHEV,2033,0|0|0|0|0|0|0|0|0|0|0|0|1|1|1|2|2|1|0|0|0|0|0|0|0|0|0|0|0|0|0,8
Louisiana,Car,PHEV,2034,0|0|0|0|0|0|0|0|1|1|0|0|1|1|1|1|2|2|1|0|0|0|0|0|0|0|0|0|0|0|0,11
Louisiana,Car,PHEV,2035,0|0|0|0|0|0|0|0|1|1|2|0|0|1|2|1|1|2|1|1|0|0|0|0|0|0|0|0|0|0|0,13
Louisiana,Car,PHEV,2036,0|0|0|0|0|0|0|0|1|2|3|5|1|1|1|2|1|1|2|1|1|0|0|0|0|0|0|0|0|0|0,22
Louisiana,Car,PHEV,2037,0|0|0|0|0|0|0|0|1|2|4|6|10|1|1|1|2|1|1|1|1|0|0|0|0|0|0|0|0|0|0,32
Louisiana,Car,PHEV,2038,0|0|0|0|0|0|0|1|1|3|4|9|13|13|1|1|1|2|1|0|1|0|0|0|0|0|0|0|0|0|0,51
Louisiana,Car,PHEV,2039,0|0|0|0|0|0|0|1|1|3|6|10|19|17|15|1|1|1|1|0|0|1|0|0|0|0|0|0|0|0|0,77
Louisiana,Car,PHEV,2040,0|0|0|0|0|0|0|1|2|3|6|13|20|25|21|17|1|1|1|1|0|0|0|0|0|0|0|0|0|0|0,112
Louisiana,Car,PHEV,2041,0|0|0|0|0|0|0|1|2|4|7|14|26|26|30|23|17|1|1|1|1|0|0|0|0|0|0|0|0|0|0,154
Louisiana,Car,PHEV,2042,0|0|0|0|0|0|0|1|2|4|9|16|29|34|31|33|23|15|1|0|0|0|0|0|0|0|0|0|0|0|0,198
Louisiana,Car,PHEV,2043,0|0|0|0|0|0|0|1|2|4|10|19|33|37|41|35|33|21|13|1|0|0|0|0|0|0|0|0|0|0|0,250
Louisiana,Car,PHEV,2044,0|0|0|0|0|0|0|1|2|4|10|21|39|44|45|45|35|30|17|10|0|0|0|0|0|0|0|0|0|0|0,303
Louisiana,Car,PHEV,2045,0|0|0|0|0|0|0|1|2|5|10|21|43|51|53|50|45|31|25|13|7|0|0|0|0|0|0|0|0|0|0,357
Louisiana,Car,PHEV,2046,0|0|0|0|0|0|0|1|2|5|10|22|43|55|61|58|50|41|26|19|10|5|0|0|0|0|0|0|0|0|0,408
Louisiana,Car,PHEV,2047,0|0|0|0|0|0|0|1|2|5|10|22|44|57|67|68|58|45|34|20|14|7|3|0|0|0|0|0|0|0|0,457
Louisiana,Car,PHEV,2048,0|0|0|0|0|0|0|1|2|5|10|22|45|57|69|74|68|53|37|26|14|10|4|2|0|0|0|0|0|0|0,499
Louisiana,Car,PHEV,2049,0|0|0|0|0|0|0|1|2|5|10|22|44|58|69|76|74|61|44|29|19|10|6|3|1|0|0|0|0|0|0,534
Louisiana,Car,PHEV,2050,0|0|0|0|0|0|0|1|2|5|11|22|45|58|70|77|76|67|51|33|21|13|7|4|2|1|0|0|0|0|0,566
Louisiana,SUV,BEV,2020,0|0|0|0|0|0|0|0|0|0|0|0|0|0|0|0|0|0|0|0|0|0|0|0|0|0|0|0|0|0|0,0
Louisiana,SUV,BEV,2021,0|0|0|0|0|0|0|0|0|0|0|0|0|0|0|0|0|0|0|0|0|0|0|0|0|0|0|0|0|0|0,0
Louisiana,SUV,BEV,2022,0|0|0|0|0|0|0|0|0|0|0|0|0|0|0|0|0|0|0|0|0|0|0|0|0|0|0|0|0|0|0,0
Louisiana,SUV,BEV,2023,0|0|0|0|0|0|0|0|0|0|0|0|0|0|0|0|0|0|0|0|0|0|0|0|0|0|0|0|0|0|0,0
Louisiana,SUV,BEV,2024,0|0|0|0|0|0|0|0|0|0|0|0|0|0|0|0|0|0|0|0|0|0|0|0|0|0|0|0|0|0|0,0
Louisiana,SUV,BEV,2025,0|0|0|0|0|0|0|0|0|0|0|0|0|0|0|0|0|0|0|0|0|0|0|0|0|0|0|0|0|0|0,0
Louisiana,SUV,BEV,2026,0|0|0|0|0|0|0|0|0|0|0|0|0|0|0|0|0|0|0|0|0|0|0|0|0|0|0|0|0|0|0,0
Louisiana,SUV,BEV,2027,0|0|0|0|0|0|0|0|0|0|0|0|0|0|0|0|0|0|0|0|0|0|0|0|0|0|0|0|0|0|0,0
Louisiana,SUV,BEV,2028,0|0|0|0|0|0|0|0|0|0|0|0|0|0|0|0|0|0|0|0|0|0|0|0|0|0|0|0|0|0|0,0
Louisiana,SUV,BEV,2029,0|0|0|0|0|0|0|0|0|0|0|0|1|0|0|0|0|0|0|0|0|0|0|0|0|0|0|0|0|0|0,1
Louisiana,SUV,BEV,2030,0|0|0|0|0|0|0|0|0|1|0|0|1|1|0|0|0|0|0|0|0|0|0|0|0|0|0|0|0|0|0,3
Louisiana,SUV,BEV,2031,0|0|0|0|0|0|0|0|1|1|1|1|1|1|1|0|0|0|0|0|0|0|0|0|0|0|0|0|0|0|0,7
Louisiana,SUV,BEV,2032,0|0|0|0|0|0|1|1|1|1|2|3|2|1|1|1|0|0|0|0|0|0|0|0|0|0|0|0|0|0|0,14
Louisiana,SUV,BEV,2033,0|0|0|0|0|0|1|1|2|2|3|5|5|3|1|1|1|0|0|0|0|0|0|0|0|0|0|0|0|0|0,25
Louisiana,SUV,BEV,2034,0|0|0|0|0|0|1|2|3|5|4|8|10|7|3|1|1|1|0|0|0|0|0|0|0|0|0|0|0|0|0,46
Louisiana,SUV,BEV,2035,0|0|0|0|0|1|1|2|4|7|13|9|16|12|8|3|1|1|1|0|0|0|0|0|0|0|0|0|0|0|0,79
Louisiana,SUV,BEV,2036,0|0|0|0|0|1|1|3|5|10|17|28|19|20|15|9|3|1|1|1|0|0|0|0|0|0|0|0|0|0|0,134
Louisiana,SUV,BEV,2037,0|0|0|0|0|1|1|3|7|13|23|37|57|25|24|17|9|3|1|1|0|0|0|0|0|0|0|0|0|0|0,222
Louisiana,SUV,BEV,2038,0|0|0|0|0|1|2|4|8|15|29|50|77|74|31|27|17|8|3|1|0|0|0|0|0|0|0|0|0|0|0,347
Louisiana,SUV,BEV,2039,0|0|0|0|0|1|2|4|9|18|36|64|103|100|89|34|27|15|7|2|0|0|0|0|0|0|0|0|0|0|0,511
Louisiana,SUV,BEV,2040,0|0|0|0|0|1|2|5|10|21|42|78|132|134|121|99|34|24|12|5|1|0|0|0|0|0|0|0|0|0|0,721
Louisiana,SUV,BEV,2041,0|0|0|0|0|1|2|6|12|24|47|93|160|171|162|134|99|31|20|10|4|1|0|0|0|0|0|0|0|0|0,977
Louisiana,SUV,BEV,2042,0|0|0|0|0|1|3|6|13|29|54|103|191|209|207|179|134|89|25|16|7|3|1|0|0|0|0|0|0|0|0,1270
Louisiana,SUV,BEV,2043,0|0|0|0|1|1|3|7|15|31|65|118|211|249|252|229|179|121|74|19|11|5|2|0|0|0|0|0|0|0|0,1593
Louisiana,SUV,BEV,2044,0|0|0|0|1|1|3|7|16|34|72|142|243|276|301|279|229|162|100|57|14|8|3|1|0|0|0|0|0|0|0,1949
Louisiana,SUV,BEV,2045,0|0|0|0|1|1|3|8|17|38|78|156|291|316|333|332|279|207|134|77|41|10|5|2|1|0|0|0|0|0|0,2330
Louisiana,SUV,BEV,2046,0|0|0|0|1|1|4|8|18|40|85|169|319|380|383|368|332|252|171|103|56|28|7|3|1|1|0|0|0|0|0,2730
Louisiana,SUV,BEV,2047,0|0|0|0|1|2|4|9|19|43|90|183|346|416|459|423|368|301|209|132|74|39|19|4|2|1|0|0|0|0|0,3144
Louisiana,SUV,BEV,2048,0|0|0|0|1|2|4|9|20|45|95|194|371|451|503|507|423|333|249|160|95|52|26|13|3|1|1|0|0|0|0,3558
Louisiana,SUV,BEV,2049,0|0|0|0|1|2|4|9|21|47|100|205|393|484|545|556|507|383|276|191|116|66|35|17|8|2|1|0|0|0|0,3969
Louisiana,SUV,BEV,2050,0|0|0|0|1|2|4|10|22|48|105|215|414|513|585|602|556|459|316|211|138|80|44|23|11|5|1|1|0|0|0,4366
Louisiana,SUV,PHEV,2020,0|0|0|0|0|0|0|0|0|0|0|0|0|0|0|0|0|0|0|0|0|0|0|0|0|0|0|0|0|0|0,0
Louisiana,SUV,PHEV,2021,0|0|0|0|0|0|0|0|0|0|0|0|0|0|0|0|0|0|0|0|0|0|0|0|0|0|0|0|0|0|0,0
Louisiana,SUV,PHEV,2022,0|0|0|0|0|0|0|0|0|0|0|0|0|0|0|0|0|0|0|0|0|0|0|0|0|0|0|0|0|0|0,0
Louisiana,SUV,PHEV,2023,0|0|0|0|0|0|0|0|0|0|0|0|0|0|0|0|0|0|0|0|0|0|0|0|0|0|0|0|0|0|0,0
Louisiana,SUV,PHEV,2024,0|0|0|0|0|0|0|0|0|0|0|0|0|0|0|0|0|0|0|0|0|0|0|0|0|0|0|0|0|0|0,0
Louisiana,SUV,PHEV,2025,0|0|0|0|0|0|0|0|0|0|0|0|0|0|0|0|0|0|0|0|0|0|0|0|0|0|0|0|0|0|0,0
Louisiana,SUV,PHEV,2026,0|0|0|0|0|0|0|0|0|0|0|0|0|0|0|0|0|0|0|0|0|0|0|0|0|0|0|0|0|0|0,0
Louisiana,SUV,PHEV,2027,0|0|0|0|0|0|0|0|0|0|0|0|0|0|0|0|0|0|0|0|0|0|0|0|0|0|0|0|0|0|0,0
Louisiana,SUV,PHEV,2028,0|0|0|0|0|0|0|0|0|0|0|0|0|0|0|0|0|0|0|0|0|0|0|0|0|0|0|0|0|0|0,0
Louisiana,SUV,PHEV,2029,0|0|0|0|0|0|0|0|0|0|0|0|0|0|0|0|0|0|0|0|0|0|0|0|0|0|0|0|0|0|0,0
Louisiana,SUV,PHEV,2030,0|0|0|0|0|0|0|0|0|0|0|0|0|0|0|0|0|0|0|0|0|0|0|0|0|0|0|0|0|0|0,0
Louisiana,SUV,PHEV,2031,0|0|0|0|0|0|0|0|0|0|1|0|0|0|0|0|0|0|0|0|0|0|0|0|0|0|0|0|0|0|0,1
Louisiana,SUV,PHEV,2032,0|0|0|0|0|0|0|0|0|1|1|1|0|0|0|1|0|0|0|0|0|0|0|0|0|0|0|0|0|0|0,4
Louisiana,SUV,PHEV,2033,0|0|0|0|0|0|0|0|1|1|1|2|3|1|0|1|1|0|0|0|0|0|0|0|0|0|0|0|0|0|0,11
Louisiana,SUV,PHEV,2034,0|0|0|0|0|0|0|0|1|1|2|3|4|4|1|0|1|0|0|0|0|0|0|0|0|0|0|0|0|0|0,17
Louisiana,SUV,PHEV,2035,0|0|0|0|0|0|0|0|1|2|3|4|7|5|5|1|0|0|0|0|0|0|0|0|0|0|0|0|0|0|0,28
Louisiana,SUV,PHEV,2036,0|0|0|0|0|0|0|1|1|3|4|6|8|9|6|5|1|0|0|0|0|0|0|0|0|0|0|0|0|0|0,44
Louisiana,SUV,PHEV,2037,0|0|0|0|0|0|0|1|2|3|6|8|13|11|11|7|5|1|0|0|0|0|0|0|0|0|0|0|0|0|0,68
Louisiana,SUV,PHEV,2038,0|0|0|0|0|0|0|1|2|4|6|13|17|17|13|12|7|5|1|0|0|0|0|0|0|0|0|0|0|0|0,98
Louisiana,SUV,PHEV,2039,0|0|0|0|0|0|0|1|2|4|8|13|26|23|20|14|12|6|4|0|0|0|0|0|0|0|0|0|0|0|0,133
Louisiana,SUV,PHEV,2040,0|0|0|0|0|0|0|1|2|5|9|18|27|34|27|22|14|11|5|3|0|0|0|0|0|0|0|0|0|0|0,178
Louisiana,SUV,PHEV,2041,0|0|0|0|0|0|1|1|3|6|11|20|36|36|41|30|22|13|9|4|2|0|0|0|0|0|0|0|0|0|0,235
Louisiana,SUV,PHEV,2042,0|0|0|0|0|0|1|1|3|6|13|24|41|47|43|45|30|20|11|7|3|1|0|0|0|0|0|0|0|0|0,296
Louisiana,SUV,PHEV,2043,0|0|0|0|0|0|1|1|3|7|15|29|49|54|57|48|45|27|17|8|5|2|1|0|0|0|0|0|0|0|0,369
Louisiana,SUV,PHEV,2044,0|0|0|0|0|0|1|1|3|7|16|32|59|64|65|63|48|41|23|13|6|3|1|1|0|0|0|0|0|0|0,447
Louisiana,SUV,PHEV,2045,0|0|0|0|0|0|1|1|3|7|16|34|66|77|78|72|63|43|34|17|9|4|2|1|0|0|0|0|0|0|0,528
Louisiana,SUV,PHEV,2046,0|0|0|0|0|0|1|1|3|8|17|35|70|86|93|86|72|57|36|26|12|6|3|2|1|0|0|0|0|0|0,615
Louisiana,SUV,PHEV,2047,0|0|0|0|0|0|1|2|3|8|17|36|71|91|105|103|86|65|47|27|19|9|4|2|1|0|0|0|0|0|0,697
Louisiana,SUV,PHEV,2048,0|0|0|0|0|0|1|2|4|8|17|36|72|93|110|115|103|78|54|36|20|13|6|3|1|1|0|0|0|0|0,773
Louisiana,SUV,PHEV,2049,0|0|0|0|0|0|1|2|4|8|17|37|73|95|113|121|115|93|64|41|26|14|9|4|2|1|0|0|0|0|0,840
Louisiana,SUV,PHEV,2050,0|0|0|0|0|0|1|2|4|8|18|37|74|96|114|124|121|105|77|49|30|18|9|6|3|1|0|0|0|0|0,897
Maine,Car,BEV,2020,0|0|0|0|0|0|0|0|0|0|0|0|0|0|0|0|0|0|0|0|0|0|0|0|0|0|0|0|0|0|0,0
Maine,Car,BEV,2021,0|0|0|0|0|0|0|0|0|0|0|0|0|0|0|0|0|0|0|0|0|0|0|0|0|0|0|0|0|0|0,0
Maine,Car,BEV,2022,0|0|0|0|0|0|0|0|0|0|0|0|0|0|0|0|0|0|0|0|0|0|0|0|0|0|0|0|0|0|0,0
Maine,Car,BEV,2023,0|0|0|0|0|0|0|0|0|0|0|0|0|0|0|0|0|0|0|0|0|0|0|0|0|0|0|0|0|0|0,0
Maine,Car,BEV,2024,0|0|0|0|0|0|0|0|0|0|0|0|0|0|0|0|0|0|0|0|0|0|0|0|0|0|0|0|0|0|0,0
Maine,Car,BEV,2025,0|0|0|0|0|0|0|0|0|0|0|0|0|0|0|0|0|0|0|0|0|0|0|0|0|0|0|0|0|0|0,0
Maine,Car,BEV,2026,0|0|0|0|0|0|0|0|0|0|0|0|0|0|0|0|0|0|0|0|0|0|0|0|0|0|0|0|0|0|0,0
Maine,Car,BEV,2027,0|0|0|0|0|0|0|0|0|0|0|0|0|0|0|0|0|0|0|0|0|0|0|0|0|0|0|0|0|0|0,0
Maine,Car,BEV,2028,0|0|0|0|0|0|0|0|0|0|1|0|0|0|1|0|0|0|0|0|0|0|0|0|0|0|0|0|0|0|0,2
Maine,Car,BEV,2029,0|0|0|0|0|0|0|0|0|0|1|1|0|0|1|1|0|0|0|0|0|0|0|0|0|0|0|0|0|0|0,4
Maine,Car,BEV,2030,0|0|0|0|0|0|0|0|0|0|0|1|2|1|1|1|1|0|0|0|0|0|0|0|0|0|0|0|0|0|0,7
Maine,Car,BEV,2031,0|0|0|0|0|0|0|0|0|0|1|1|2|3|1|1|1|1|0|0|0|0|0|0|0|0|0|0|0|0|0,11
Maine,Car,BEV,2032,0|0|0|0|0|0|0|0|0|1|1|2|2|3|4|1|1|1|0|0|0|0|0|0|0|0|0|0|0|0|0,16
Maine,Car,BEV,2033,0|0|0|0|0|0|0|0|1|0|1|2|3|2|4|4|1|1|0|0|0|0|0|0|0|0|0|0|0|0|0,19
Maine,Car,BEV,2034,0|0|0|0|0|0|0|0|1|2|1|3|5|4|3|4|4|1|0|0|0|0|0|0|0|0|0|0|0|0|0,28
Maine,Car,BEV,2035,0|0|0|0|0|0|0|1|1|2|4|2|5|6|5|3|4|4|1|0|0|0|0|0|0|0|0|0|0|0|0,38
Maine,Car,BEV,2036,0|0|0|0|0|0|0|1|1|3|5|8|4|7|7|6|3|4|3|0|0|0|0|0|0|0|0|0|0|0|0,52
Maine,Car,BEV,2037,0|0|0|0|0|0|0|1|2|3|6|10|16|6|9|8|6|3|3|2|0|0|0|0|0|0|0|0|0|0|0,75
Maine,Car,BEV,2038,0|0|0|0|0|0|0|1|2|4|7|13|21|21|7|9|8|5|2|2|2|0|0|0|0|0|0|0|0|0|0,104
Maine,Car,BEV,2039,0|0|0|0|0|0|0|1|2|4|9|16|27|27|25|8|9|7|4|2|2|1|0|0|0|0|0|0|0|0|0,144
Maine,Car,BEV,2040,0|0|0|0|0|0|0|1|2|5|10|19|33|35|33|27|8|9|6|3|1|1|1|0|0|0|0|0|0|0|0,194
Maine,Car,BEV,2041,0|0|0|0|0|0|0|1|3|5|11|22|39|44|42|36|27|7|7|5|2|1|1|1|0|0|0|0|0|0|0,254
Maine,Car,BEV,2042,0|0|0|0|0|0|1|1|3|6|12|23|45|51|53|47|36|25|6|5|3|2|1|1|0|0|0|0|0|0|0,321
Maine,Car,BEV,2043,0|0|0|0|0|0|1|1|3|6|14|26|48|58|62|58|47|33|21|4|4|2|1|0|0|0|0|0|0|0|0,389
Maine,Car,BEV,2044,0|0|0|0|0|0|1|1|3|7|14|30|53|62|70|68|58|42|27|16|3|3|2|1|0|0|0|0|0|0|0,461
Maine,Car,BEV,2045,0|0|0|0|0|0|1|2|3|8|16|32|61|69|75|78|68|53|35|21|11|2|2|1|0|0|0|0|0|0|0,538
Maine,Car,BEV,2046,0|0|0|0|0|0|1|2|4|8|17|34|64|79|83|83|78|62|44|27|15|8|2|1|1|0|0|0|0|0|0,613
Maine,Car,BEV,2047,0|0|0|0|0|0|1|2|4|8|17|36|68|84|96|92|83|70|51|33|19|10|5|1|1|0|0|0|0|0|0,681
Maine,Car,BEV,2048,0|0|0|0|0|0|1|2|4|9|18|37|72|89|102|106|92|75|58|39|24|13|7|4|1|1|0|0|0|0|0,754
Maine,Car,BEV,2049,0|0|0|0|0|0|1|2|4|9|19|39|75|94|108|112|106|83|62|45|28|17|9|5|2|0|0|0|0|0|0,820
Maine,Car,BEV,2050,0|0|0|0|0|0|1|2|4|10|20|41|79|98|114|119|112|96|69|48|32|20|11|6|3|1|0|0|0|0|0,886
Maine,Car,PHEV,2020,0|0|0|0|0|0|0|0|0|0|0|0|0|0|0|0|0|0|0|0|0|0|0|0|0|0|0|0|0|0|0,0
Maine,Car,PHEV,2021,0|0|0|0|0|0|0|0|0|0|0|0|0|0|0|0|0|0|0|0|0|0|0|0|0|0|0|0|0|0|0,0
Maine,Car,PHEV,2022,0|0|0|0|0|0|0|0|0|0|0|0|0|0|0|0|0|0|0|0|0|0|0|0|0|0|0|0|0|0|0,0
Maine,Car,PHEV,2023,0|0|0|0|0|0|0|0|0|0|0|0|0|0|0|0|0|0|0|0|0|0|0|0|0|0|0|0|0|0|0,0
Maine,Car,PHEV,2024,0|0|0|0|0|0|0|0|0|0|0|0|0|0|0|0|0|0|0|0|0|0|0|0|0|0|0|0|0|0|0,0
Maine,Car,PHEV,2025,0|0|0|0|0|0|0|0|0|0|0|1|0|0|0|0|0|0|0|0|0|0|0|0|0|0|0|0|0|0|0,1
Maine,Car,PHEV,2026,0|0|0|0|0|0|0|0|0|0|0|0|1|0|0|0|0|0|0|0|0|0|0|0|0|0|0|0|0|0|0,1
Maine,Car,PHEV,2027,0|0|0|0|0|0|0|0|0|0|0|1|1|2|0|0|0|0|0|0|0|0|0|0|0|0|0|0|0|0|0,4
Maine,Car,PHEV,2028,0|0|0|0|0|0|0|0|0|0|1|1|2|1|2|0|0|0|0|0|0|0|0|0|0|0|0|0|0|0|0,7
Maine,Car,PHEV,2029,0|0|0|0|0|0|0|0|0|0|0|1|2|2|1|2|0|0|0|0|0|0|0|0|0|0|0|0|0|0|0,8
Maine,Car,PHEV,2030,0|0|0|0|0|0|0|0|0|0|0|1|3|2|3|1|2|0|0|0|0|0|0|0|0|0|0|0|0|0|0,12
Maine,Car,PHEV,2031,0|0|0|0|0|0|0|0|0|0|0|1|1|3|3|3|1|2|0|0|0|0|0|0|0|0|0|0|0|0|0,14
Maine,Car,PHEV,2032,0|0|0|0|0|0|0|0|0|0|0|1|1|2|4|3|3|1|2|0|0|0|0|0|0|0|0|0|0|0|0,17
Maine,Car,PHEV,2033,0|0|0|0|0|0|0|0|0|0|0|1|2|2|2|5|3|3|1|1|0|0|0|0|0|0|0|0|0|0|0,20
Maine,Car,PHEV,2034,0|0|0|0|0|0|0|0|0|0|0|0|1|3|2|2|5|3|2|1|1|0|0|0|0|0|0|0|0|0|0,20
Maine,Car,PHEV,2035,0|0|0|0|0|0|0|0|0|0|1|1|1|2|3|2|2|4|2|2|1|1|0|0|0|0|0|0|0|0|0,22
Maine,Car,PHEV,2036,0|0|0|0|0|0|0|0|0|1|1|2|1|1|2|4|2|2|3|2|1|0|0|0|0|0|0|0|0|0|0,22
Maine,Car,PHEV,2037,0|0|0|0|0|0|0|0|0|1|1|2|3|2|2|2|4|2|2|3|1|1|0|0|0|0|0|0|0|0|0,26
Maine,Car,PHEV,2038,0|0|0|0|0|0|0|0|0|1|1|3|4|4|2|2|2|3|2|1|2|1|1|0|0|0|0|0|0|0|0,29
Maine,Car,PHEV,2039,0|0|0|0|0|0|0|0|0|1|2|3|6|5|5|2|2|2|3|1|1|1|1|0|0|0|0|0|0|0|0,35
Maine,Car,PHEV,2040,0|0|0|0|0|0|0|0|0|1|2|4|6|8|7|6|2|2|2|2|1|1|1|0|0|0|0|0|0|0|0,45
Maine,Car,PHEV,2041,0|0|0|0|0|0|0|0|1|1|2|4|8|8|10|7|6|2|1|1|2|1|0|1|0|0|0|0|0|0|0,55
Maine,Car,PHEV,2042,0|0|0|0|0|0|0|0|1|1|3|5|9|11|10|11|7|5|2|1|1|1|0|0|0|0|0|0|0|0|0,68
Maine,Car,PHEV,2043,0|0|0|0|0|0|0|0|1|1|3|6|10|12|13|11|11|7|4|1|1|1|1|0|0|0|0|0|0|0|0,83
Maine,Car,PHEV,2044,0|0|0|0|0|0|0|0|1|1|3|6|11|13|14|14|11|10|5|3|1|1|0|0|0|0|0|0|0|0|0,94
Maine,Car,PHEV,2045,0|0|0|0|0|0|0|0|1|1|3|6|13|15|16|16|14|10|8|4|2|1|0|0|0|0|0|0|0|0|0,110
Maine,Car,PHEV,2046,0|0|0|0|0|0|0|0|1|1|3|6|13|16|18|17|16|13|8|6|3|2|0|0|0|0|0|0|0|0|0,123
Maine,Car,PHEV,2047,0|0|0|0|0|0|0|0|1|1|3|6|13|17|20|20|17|14|11|6|5|2|1|0|0|0|0|0|0|0|0,137
Maine,Car,PHEV,2048,0|0|0|0|0|0|0|0|1|1|3|6|13|17|20|22|20|16|12|8|5|3|1|1|0|0|0|0|0|0|0,149
Maine,Car,PHEV,2049,0|0|0|0|0|0|0|0|1|1|3|6|13|17|20|22|22|18|13|9|6|3|2|1|0|0|0|0|0|0|0,157
Maine,Car,PHEV,2050,0|0|0|0|0|0|0|0|1|1|3|6|13|16|20|22|22|20|15|10|6|4|2|1|1|0|0|0|0|0|0,163
Maine,SUV,BEV,2020,0|0|0|0|0|0|0|0|0|0|0|0|0|0|0|0|0|0|0|0|0|0|0|0|0|0|0|0|0|0|0,0
Maine,SUV,BEV,2021,0|0|0|0|0|0|0|0|0|0|0|0|0|0|0|0|0|0|0|0|0|0|0|0|0|0|0|0|0|0|0,0
Maine,SUV,BEV,2022,0|0|0|0|0|0|0|0|0|0|0|0|0|0|0|0|0|0|0|0|0|0|0|0|0|0|0|0|0|0|0,0
Maine,SUV,BEV,2023,0|0|0|0|0|0|0|0|0|0|0|0|0|0|0|0|0|0|0|0|0|0|0|0|0|0|0|0|0|0|0,0
Maine,SUV,BEV,2024,0|0|0|0|0|0|0|0|0|0|0|0|0|0|0|0|0|0|0|0|0|0|0|0|0|0|0|0|0|0|0,0
Maine,SUV,BEV,2025,0|0|0|0|0|0|0|0|0|0|0|0|0|0|0|0|0|0|0|0|0|0|0|0|0|0|0|0|0|0|0,0
Maine,SUV,BEV,2026,0|0|0|0|0|0|0|0|0|0|0|0|0|0|0|0|0|0|0|0|0|0|0|0|0|0|0|0|0|0|0,0
Maine,SUV,BEV,2027,0|0|0|0|0|0|0|0|0|0|0|0|0|0|0|0|0|0|0|0|0|0|0|0|0|0|0|0|0|0|0,0
Maine,SUV,BEV,2028,0|0|0|0|0|0|0|0|0|0|0|0|0|0|0|0|0|0|0|0|0|0|0|0|0|0|0|0|0|0|0,0
Maine,SUV,BEV,2029,0|0|0|0|0|0|0|0|0|0|0|0|0|0|0|0|0|0|0|0|0|0|0|0|0|0|0|0|0|0|0,0
Maine,SUV,BEV,2030,0|0|0|0|0|0|0|0|0|0|0|0|0|1|0|0|0|0|0|0|0|0|0|0|0|0|0|0|0|0|0,1
Maine,SUV,BEV,2031,0|0|0|0|0|0|0|0|1|1|1|1|1|1|1|0|0|0|0|0|0|0|0|0|0|0|0|0|0|0|0,7
Maine,SUV,BEV,2032,0|0|0|0|0|0|0|0|1|1|2|2|2|1|1|1|0|0|0|0|0|0|0|0|0|0|0|0|0|0|0,11
Maine,SUV,BEV,2033,0|0|0|0|0|0|0|0|1|2|3|4|5|2|1|1|1|0|0|0|0|0|0|0|0|0|0|0|0|0|0,20
Maine,SUV,BEV,2034,0|0|0|0|0|0|0|1|1|2|4|7|8|6|3|1|1|1|0|0|0|0|0|0|0|0|0|0|0|0|0,35
Maine,SUV,BEV,2035,0|0|0|0|0|0|0|1|2|3|5|8|14|11|8|3|1|1|1|0|0|0|0|0|0|0|0|0|0|0|0,58
Maine,SUV,BEV,2036,0|0|0|0|0|0|1|1|2|4|6|10|17|18|13|9|3|1|1|0|0|0|0|0|0|0|0|0|0|0|0,86
Maine,SUV,BEV,2037,0|0|0|0|0|0|1|1|2|5|9|14|20|23|22|15|9|3|1|0|0|0|0|0|0|0|0|0|0|0|0,125
Maine,SUV,BEV,2038,0|0|0|0|0|0|1|1|3|6|11|19|28|26|27|24|15|8|2|1|0|0|0|0|0|0|0|0|0|0|0,172
Maine,SUV,BEV,2039,0|0|0|0|0|0|1|2|3|7|14|24|38|36|32|30|24|13|6|2|0|0|0|0|0|0|0|0|0|0|0,232
Maine,SUV,BEV,2040,0|0|0|0|0|0|1|2|4|8|16|30|49|50|44|35|30|22|11|5|1|0|0|0|0|0|0|0|0|0|0,308
Maine,SUV,BEV,2041,0|0|0|0|0|0|1|2|5|9|18|36|61|64|60|48|35|27|18|8|4|1|0|0|0|0|0|0|0|0|0,397
Maine,SUV,BEV,2042,0|0|0|0|0|0|1|2|5|11|21|40|74|80|78|67|48|32|23|14|6|2|1|0|0|0|0|0|0|0|0,505
Maine,SUV,BEV,2043,0|0|0|0|0|0|1|3|6|13|26|47|82|96|96|86|67|44|26|17|10|4|2|0|0|0|0|0|0|0|0,626
Maine,SUV,BEV,2044,0|0|0|0|0|1|1|3|6|14|28|56|95|107|116|106|86|60|36|20|13|7|3|1|0|0|0|0|0|0|0,759
Maine,SUV,BEV,2045,0|0|0|0|0|1|1|3|7|15|31|62|114|124|130|128|106|78|50|28|15|9|5|2|1|0|0|0|0|0|0,910
Maine,SUV,BEV,2046,0|0|0|0|0|1|1|3|7|16|33|67|126|149|150|143|128|96|64|38|20|10|6|3|1|0|0|0|0|0|0,1062
Maine,SUV,BEV,2047,0|0|0|0|0|1|1|3|7|16|35|71|136|164|180|166|143|116|80|49|28|14|7|4|2|1|0|0|0|0|0,1224
Maine,SUV,BEV,2048,0|0|0|0|0|1|1|3|8|17|37|75|145|178|198|199|166|130|96|61|36|19|9|4|3|1|1|0|0|0|0,1388
Maine,SUV,BEV,2049,0|0|0|0|0|1|2|4|8|18|39|79|153|190|215|219|199|150|107|74|44|25|13|6|3|2|1|0|0|0|0,1552
Maine,SUV,BEV,2050,0|0|0|0|0|1|2|4|8|18|40|83|160|199|229|238|219|180|124|82|53|31|17|9|4|2|1|1|0|0|0,1705
Maine,SUV,PHEV,2020,0|0|0|0|0|0|0|0|0|0|0|0|0|0|0|0|0|0|0|0|0|0|0|0|0|0|0|0|0|0|0,0
Maine,SUV,PHEV,2021,0|0|0|0|0|0|0|0|0|0|0|0|0|0|0|0|0|0|0|0|0|0|0|0|0|0|0|0|0|0|0,0
Maine,SUV,PHEV,2022,0|0|0|0|0|0|0|0|0|0|0|0|0|0|0|0|0|0|0|0|0|0|0|0|0|0|0|0|0|0|0,0
Maine,SUV,PHEV,2023,0|0|0|0|0|0|0|0|0|0|0|0|0|0|0|0|0|0|0|0|0|0|0|0|0|0|0|0|0|0|0,0
Maine,SUV,PHEV,2024,0|0|0|0|0|0|0|0|0|0|0|0|0|0|0|0|0|0|0|0|0|0|0|0|0|0|0|0|0|0|0,0
Maine,SUV,PHEV,2025,0|0|0|0|0|0|0|0|0|0|0|0|0|0|0|0|0|0|0|0|0|0|0|0|0|0|0|0|0|0|0,0
Maine,SUV,PHEV,2026,0|0|0|0|0|0|0|0|0|0|0|0|0|0|0|0|0|0|0|0|0|0|0|0|0|0|0|0|0|0|0,0
Maine,SUV,PHEV,2027,0|0|0|0|0|0|0|0|0|0|0|0|0|0|0|0|0|0|0|0|0|0|0|0|0|0|0|0|0|0|0,0
Maine,SUV,PHEV,2028,0|0|0|0|0|0|0|0|0|0|0|0|0|0|0|0|0|0|0|0|0|0|0|0|0|0|0|0|0|0|0,0
Maine,SUV,PHEV,2029,0|0|0|0|0|0|0|0|0|0|0|0|0|1|0|0|0|0|0|0|0|0|0|0|0|0|0|0|0|0|0,1
Maine,SUV,PHEV,2030,0|0|0|0|0|0|0|0|0|1|0|0|1|1|1|0|0|0|0|0|0|0|0|0|0|0|0|0|0|0|0,4
Maine,SUV,PHEV,2031,0|0|0|0|0|0|0|0|1|1|1|1|0|1|1|1|0|0|0|0|0|0|0|0|0|0|0|0|0|0|0,7
Maine,SUV,PHEV,2032,0|0|0|0|0|0|0|0|1|1|2|3|1|1|1|1|1|0|0|0|0|0|0|0|0|0|0|0|0|0|0,12
Maine,SUV,PHEV,2033,0|0|0|0|0|0|0|0|0|2|3|4|6|2|1|1|1|1|0|0|0|0|0|0|0|0|0|0|0|0|0,21
Maine,SUV,PHEV,2034,0|0|0|0|0|0|0|0|0|0|3|7|9|8|2|1|1|1|1|0|0|0|0|0|0|0|0|0|0|0|0,33
Maine,SUV,PHEV,2035,0|0|0|0|0|0|0|0|0|1|1|8|14|11|10|2|1|1|1|0|0|0|0|0|0|0|0|0|0|0|0,50
Maine,SUV,PHEV,2036,0|0|0|0|0|0|0|0|0|1|1|2|16|18|13|11|2|1|1|0|0|0|0|0|0|0|0|0|0|0|0,66
Maine,SUV,PHEV,2037,0|0|0|0|0|0|0|0|1|1|2|3|4|21|22|15|11|2|1|1|0|0|0|0|0|0|0|0|0|0|0,84
Maine,SUV,PHEV,2038,0|0|0|0|0|0|0|0|1|1|2|4|6|5|25|24|15|10|2|0|0|0|0|0|0|0|0|0|0|0|0,95
Maine,SUV,PHEV,2039,0|0|0|0|0|0|0|0|1|2|3|5|9|8|7|27|24|13|8|1|0|0|0|0|0|0|0|0|0|0|0,108
Maine,SUV,PHEV,2040,0|0|0|0|0|0|0|0|1|2|3|6|9|11|9|7|27|22|11|6|1|0|0|0|0|0|0|0|0|0|0,115
Maine,SUV,PHEV,2041,0|0|0|0|0|0|0|1|1|2|4|7|13|12|14|10|7|25|18|9|5|1|0|0|0|0|0|0|0|0|0,129
Maine,SUV,PHEV,2042,0|0|0|0|0|0|0|0|1|3|5|9|15|17|15|15|10|7|21|14|6|3|0|0|0|0|0|0|0|0|0,141
Maine,SUV,PHEV,2043,0|0|0|0|0|0|0|0|1|3|6|11|18|20|20|17|15|9|5|16|10|4|2|0|0|0|0|0|0|0|0,157
Maine,SUV,PHEV,2044,0|0|0|0|0|0|0|0|1|3|6|12|22|24|24|22|17|14|8|4|11|7|3|1|0|0|0|0|0|0|0,179
Maine,SUV,PHEV,2045,0|0|0|0|0|0|0|0|1|2|6|13|25|29|29|26|22|15|11|6|3|8|5|2|1|0|0|0|0|0|0,204
Maine,SUV,PHEV,2046,0|0|0|0|0|0|0|0|1|3|6|13|26|32|35|32|26|20|12|9|4|2|5|3|1|1|0|0|0|0|0,231
Maine,SUV,PHEV,2047,0|0|0|0|0|0|0|0|1|3|6|12|26|34|39|39|32|24|17|9|6|3|1|4|2|1|0|0|0|0|0,259
Maine,SUV,PHEV,2048,0|0|0|0|0|0|0|1|1|3|6|13|25|34|41|43|39|29|20|13|7|4|2|1|2|1|1|0|0|0|0,286
Maine,SUV,PHEV,2049,0|0|0|0|0|0|0|1|1|3|6|13|26|33|41|45|43|35|24|15|9|5|3|1|1|1|1|0|0|0|0,307
Maine,SUV,PHEV,2050,0|0|0|0|0|0|0|1|1|3|6|13|26|34|40|45|45|39|29|18|11|6|3|2|1|0|1|1|0|0|0,325
Maryland,Car,BEV,2020,0|0|0|0|0|0|0|0|0|0|0|0|0|0|0|0|0|0|0|0|0|0|0|0|0|0|0|0|0|0|0,0
Maryland,Car,BEV,2021,0|0|0|0|0|0|0|0|0|0|0|0|0|0|0|0|0|0|0|0|0|0|0|0|0|0|0|0|0|0|0,0
Maryland,Car,BEV,2022,0|0|0|0|0|0|0|0|0|0|0|0|0|0|0|0|0|0|0|0|0|0|0|0|0|0|0|0|0|0|0,0
Maryland,Car,BEV,2023,0|0|0|0|0|0|0|0|0|0|0|0|0|0|0|0|0|0|0|0|0|0|0|0|0|0|0|0|0|0|0,0
Maryland,Car,BEV,2024,0|0|0|0|0|0|0|0|0|1|1|0|0|0|0|0|0|0|0|0|0|0|0|0|0|0|0|0|0|0|0,2
Maryland,Car,BEV,2025,0|0|0|0|0|0|0|0|0|1|1|3|0|0|0|0|0|0|0|0|0|0|0|0|0|0|0|0|0|0|0,5
Maryland,Car,BEV,2026,0|0|0|0|0|0|0|0|1|1|1|3|5|0|0|0|0|0|0|0|0|0|0|0|0|0|0|0|0|0|0,11
Maryland,Car,BEV,2027,0|0|0|0|0|0|0|0|1|2|1|3|6|7|0|0|0|0|0|0|0|0|0|0|0|0|0|0|0|0|0,20
Maryland,Car,BEV,2028,0|0|0|0|0|0|0|0|1|3|5|3|6|7|9|0|0|0|0|0|0|0|0|0|0|0|0|0|0|0|0,34
Maryland,Car,BEV,2029,0|0|0|0|0|0|0|1|1|2|6|12|5|7|9|10|0|0|0|0|0|0|0|0|0|0|0|0|0|0|0,53
Maryland,Car,BEV,2030,0|0|0|0|0|1|0|1|2|3|4|12|25|7|9|10|10|0|0|0|0|0|0|0|0|0|0|0|0|0|0,84
Maryland,Car,BEV,2031,0|0|0|0|0|1|1|1|2|4|6|10|26|32|9|10|10|9|0|0|0|0|0|0|0|0|0|0|0|0|0,121
Maryland,Car,BEV,2032,0|0|0|0|0|1|2|3|2|5|10|14|20|33|39|9|10|9|7|0|0|0|0|0|0|0|0|0|0|0|0,164
Maryland,Car,BEV,2033,0|0|0|0|1|1|2|5|8|4|12|21|28|26|40|43|9|9|7|5|0|0|0|0|0|0|0|0|0|0|0,221
Maryland,Car,BEV,2034,0|0|0|0|1|1|3|6|12|18|10|26|44|37|31|45|43|9|7|6|4|0|0|0|0|0|0|0|0|0|0,303
Maryland,Car,BEV,2035,0|0|0|0|1|2|3|7|15|29|42|22|53|58|45|34|45|39|7|6|4|3|0|0|0|0|0|0|0|0|0,415
Maryland,Car,BEV,2036,0|0|0|0|1|2|4|8|18|35|66|91|45|69|70|49|34|40|32|5|4|3|2|0|0|0|0|0|0|0|0,578
Maryland,Car,BEV,2037,0|0|0|0|1|2|4|10|20|42|79|144|187|59|83|77|49|31|33|25|4|3|2|1|0|0|0|0|0|0|0,856
Maryland,Car,BEV,2038,0|0|0|0|1|2|4|10|23|48|96|173|296|243|71|92|77|45|26|26|18|3|2|1|1|0|0|0|0|0|0,1258
Maryland,Car,BEV,2039,0|0|0|0|1|2|5|11|25|55|110|211|355|386|294|78|92|70|37|20|19|12|2|1|1|1|0|0|0|0|0,1788
Maryland,Car,BEV,2040,0|0|0|0|1|2|5|12|26|58|126|240|432|463|466|325|78|83|58|28|14|13|8|1|1|1|0|0|0|0|0,2441
Maryland,Car,BEV,2041,0|0|0|0|1|2|6|13|28|62|133|275|493|564|560|515|325|71|69|44|20|10|9|6|1|1|0|0|0|0|0,3208
Maryland,Car,BEV,2042,0|0|0|0|1|3|6|14|30|66|141|291|565|643|681|619|515|294|59|53|32|14|7|6|4|1|0|0|0|0|0,4045
Maryland,Car,BEV,2043,0|0|0|0|1|3|6|15|33|71|151|308|597|737|777|753|619|466|243|45|38|22|10|4|4|2|0|0|0|0|0,4905
Maryland,Car,BEV,2044,0|0|0|0|1|3|7|16|35|77|162|328|632|779|891|858|753|560|386|187|33|26|15|6|3|2|1|0|0|0|0,5761
Maryland,Car,BEV,2045,0|0|0|0|1|3|7|16|37|81|174|351|670|824|941|984|858|681|463|296|135|23|18|10|4|2|2|1|0|0|0,6582
Maryland,Car,BEV,2046,0|0|0|0|1|3|7|17|38|84|181|376|715|874|996|1040|984|777|564|355|214|94|15|12|6|3|1|1|1|0|0,7359
Maryland,Car,BEV,2047,0|0|0|0|1|3|8|18|40|87|185|386|763|932|1057|1100|1040|891|643|432|257|148|63|10|8|4|2|1|1|0|0,8080
Maryland,Car,BEV,2048,0|0|0|0|1|3|8|19|42|91|191|394|778|995|1127|1167|1100|941|737|493|313|178|100|42|7|5|3|1|0|0|0,8736
Maryland,Car,BEV,2049,0|0|0|0|1|3|8|19|43|95|200|406|791|1014|1204|1245|1167|996|779|565|357|217|120|66|27|4|3|2|1|0|1,9334
Maryland,Car,BEV,2050,0|0|0|0|1|3|8|20|45|98|209|423|812|1031|1226|1329|1245|1057|824|597|409|247|146|79|43|17|3|2|1|0|1,9876
Maryland,Car,PHEV,2020,0|0|0|0|0|0|0|0|0|0|0|0|0|0|0|0|0|0|0|0|0|0|0|0|0|0|0|0|0|0|0,0
Maryland,Car,PHEV,2021,0|0|0|0|0|0|0|0|0|0|0|0|0|0|0|0|0|0|0|0|0|0|0|0|0|0|0|0|0|0|0,0
Maryland,Car,PHEV,2022,0|0|0|0|0|0|0|0|0|0|0|0|0|0|0|0|0|0|0|0|0|0|0|0|0|0|0|0|0|0|0,0
Maryland,Car,PHEV,2023,0|0|0|0|0|0|0|0|0|1|0|0|0|0|0|0|0|0|0|0|0|0|0|0|0|0|0|0|0|0|0,1
Maryland,Car,PHEV,2024,0|0|0|0|0|0|0|0|0|0|1|0|0|0|0|0|0|0|0|0|0|0|0|0|0|0|0|0|0|0|0,1
Maryland,Car,PHEV,2025,0|0|0|0|0|0|0|0|0|1|1|3|0|0|0|0|0|0|0|0|0|0|0|0|0|0|0|0|0|0|0,5
Maryland,Car,PHEV,2026,0|0|0|0|0|0|0|0|1|1|2|2|6|0|0|0|0|0|0|0|0|0|0|0|0|0|0|0|0|0|0,12
Maryland,Car,PHEV,2027,0|0|0|0|0|0|0|0|0|1|2|4|4|8|0|0|0|0|0|0|0|0|0|0|0|0|0|0|0|0|0,19
Maryland,Car,PHEV,2028,0|0|0|0|0|0|0|0|0|1|3|5|8|5|10|0|0|0|0|0|0|0|0|0|0|0|0|0|0|0|0,32
Maryland,Car,PHEV,2029,0|0|0|0|0|0|0|0|0|1|1|6|10|11|6|11|0|0|0|0|0|0|0|0|0|0|0|0|0|0|0,46
Maryland,Car,PHEV,2030,0|0|0|0|0|0|0|0|0|1|1|3|13|13|13|7|11|0|0|0|0|0|0|0|0|0|0|0|0|0|0,62
Maryland,Car,PHEV,2031,0|0|0|0|0|0|0|0|0|1|2|3|7|17|16|14|7|10|0|0|0|0|0|0|0|0|0|0|0|0|0,77
Maryland,Car,PHEV,2032,0|0|0|0|0|0|0|1|0|0|1|4|6|9|21|18|14|6|8|0|0|0|0|0|0|0|0|0|0|0|0,88
Maryland,Car,PHEV,2033,0|0|0|0|0|0|1|1|2|1|1|3|9|8|11|23|18|13|5|6|0|0|0|0|0|0|0|0|0|0|0,102
Maryland,Car,PHEV,2034,0|0|0|0|0|0|1|1|2|3|1|2|6|12|10|12|23|16|11|4|4|0|0|0|0|0|0|0|0|0|0,108
Maryland,Car,PHEV,2035,0|0|0|0|0|0|1|1|3|5|8|3|5|8|14|11|12|21|13|8|3|3|0|0|0|0|0|0|0|0|0,119
Maryland,Car,PHEV,2036,0|0|0|0|0|0|1|2|3|7|12|17|6|6|9|15|11|11|17|10|6|2|2|0|0|0|0|0|0|0|0,137
Maryland,Car,PHEV,2037,0|0|0|0|0|0|1|2|4|7|17|26|34|8|7|10|15|10|9|13|7|4|1|1|0|0|0|0|0|0|0,176
Maryland,Car,PHEV,2038,0|0|0|0|0|0|1|2|4|9|17|36|53|44|10|8|10|14|8|7|10|5|3|1|1|0|0|0|0|0|0,243
Maryland,Car,PHEV,2039,0|0|0|0|0|0|1|2|5|10|20|37|74|69|53|11|8|9|12|6|5|7|3|2|1|1|0|0|0|0|0,336
Maryland,Car,PHEV,2040,0|0|0|0|0|0|1|2|5|11|22|44|75|96|84|59|11|7|8|9|4|3|4|2|1|0|0|0|0|0|0,448
Maryland,Car,PHEV,2041,0|0|0|0|0|0|1|2|6|12|26|49|91|97|116|93|59|10|6|6|6|3|2|3|1|1|0|0|0|0|0,590
Maryland,Car,PHEV,2042,0|0|0|0|0|0|1|3|6|13|29|56|101|118|118|128|93|53|8|5|4|4|2|2|2|1|0|0|0|0|0,747
Maryland,Car,PHEV,2043,0|0|0|0|0|0|1|3|6|14|30|63|115|131|143|130|128|84|44|6|3|3|3|1|1|1|1|0|0|0|0,911
Maryland,Car,PHEV,2044,0|0|0|0|0|0|1|3|6|14|31|67|128|150|159|158|130|116|69|34|4|2|2|2|1|1|1|0|0|0|0,1079
Maryland,Car,PHEV,2045,0|0|0|0|0|0|1|3|6|14|32|68|136|167|181|175|158|118|96|53|25|3|2|1|1|1|0|1|0|0|0,1242
Maryland,Car,PHEV,2046,0|0|0|0|0|0|1|3|6|14|32|70|139|178|203|200|175|143|97|74|38|17|2|1|1|1|0|0|0|0|0,1395
Maryland,Car,PHEV,2047,0|0|0|0|0|1|1|3|6|14|31|68|142|182|215|224|200|159|118|75|53|27|11|1|1|1|1|0|0|0|0,1534
Maryland,Car,PHEV,2048,0|0|0|0|0|1|1|3|7|14|31|67|138|185|220|238|224|181|131|91|54|37|18|8|1|0|0|0|0|0|0,1650
Maryland,Car,PHEV,2049,0|0|0|0|0|1|1|3|7|15|31|66|134|179|223|243|238|203|150|101|66|37|25|12|5|1|0|0|0|0|0,1741
Maryland,Car,PHEV,2050,0|0|0|0|0|0|1|3|7|15|32|66|132|174|217|246|243|215|167|115|73|45|25|16|8|3|0|0|0|0|0,1803
Maryland,SUV,BEV,2020,0|0|0|0|0|0|0|0|0|0|0|0|0|0|0|0|0|0|0|0|0|0|0|0|0|0|0|0|0|0|0,0
Maryland,SUV,BEV,2021,0|0|0|0|0|0|0|0|0|0|0|0|0|0|0|0|0|0|0|0|0|0|0|0|0|0|0|0|0|0|0,0
Maryland,SUV,BEV,2022,0|0|0|0|0|0|0|0|0|0|0|0|0|0|0|0|0|0|0|0|0|0|0|0|0|0|0|0|0|0|0,0
Maryland,SUV,BEV,2023,0|0|0|0|0|0|0|0|0|0|0|0|0|0|0|0|0|0|0|0|0|0|0|0|0|0|0|0|0|0|0,0
Maryland,SUV,BEV,2024,0|0|0|0|0|0|0|0|0|0|0|0|0|0|0|0|0|0|0|0|0|0|0|0|0|0|0|0|0|0|0,0
Maryland,SUV,BEV,2025,0|0|0|0|0|0|0|0|0|0|0|0|0|0|0|0|0|0|0|0|0|0|0|0|0|0|0|0|0|0|0,0
Maryland,SUV,BEV,2026,0|0|0|0|0|0|0|0|0|1|1|1|1|0|0|0|0|0|0|0|0|0|0|0|0|0|0|0|0|0|0,4
Maryland,SUV,BEV,2027,0|0|0|0|0|0|0|0|0|1|1|1|1|1|0|0|0|0|0|0|0|0|0|0|0|0|0|0|0|0|0,5
Maryland,SUV,BEV,2028,0|0|0|0|0|0|1|1|1|1|1|3|3|2|1|0|0|0|0|0|0|0|0|0|0|0|0|0|0|0|0,14
Maryland,SUV,BEV,2029,0|0|0|0|0|0|1|1|2|2|2|3|6|3|2|1|0|0|0|0|0|0|0|0|0|0|0|0|0|0|0,23
Maryland,SUV,BEV,2030,0|0|0|0|0|0|1|2|3|4|4|4|7|7|4|2|1|0|0|0|0|0|0|0|0|0|0|0|0|0|0,39
Maryland,SUV,BEV,2031,0|0|0|0|0|1|1|3|6|8|10|10|7|9|9|5|2|1|0|0|0|0|0|0|0|0|0|0|0|0|0,72
Maryland,SUV,BEV,2032,0|0|0|0|0|1|2|3|7|13|17|21|20|10|10|10|5|2|1|0|0|0|0|0|0|0|0|0|0|0|0,122
Maryland,SUV,BEV,2033,0|0|0|0|0|1|2|4|7|16|30|38|43|26|12|11|10|4|2|1|0|0|0|0|0|0|0|0|0|0|0,207
Maryland,SUV,BEV,2034,0|0|0|0|1|1|3|6|11|16|38|66|78|56|31|13|11|9|3|1|1|0|0|0|0|0|0|0|0|0|0,345
Maryland,SUV,BEV,2035,0|0|0|0|1|2|3|7|13|26|36|82|136|101|68|34|13|10|7|3|1|0|0|0|0|0|0|0|0|0|0,543
Maryland,SUV,BEV,2036,0|0|0|0|1|2|4|8|17|32|59|79|169|178|122|75|34|12|9|6|2|1|0|0|0|0|0|0|0|0|0,810
Maryland,SUV,BEV,2037,0|0|0|0|1|2|4|10|20|40|73|129|162|221|215|135|75|31|10|7|4|1|0|0|0|0|0|0|0|0|0,1140
Maryland,SUV,BEV,2038,0|0|0|0|1|2|5|11|24|47|91|159|265|212|267|237|135|68|26|7|5|3|1|0|0|0|0|0|0|0|0,1566
Maryland,SUV,BEV,2039,0|0|0|0|1|2|6|12|26|56|107|200|327|345|256|295|237|122|56|20|5|3|2|1|0|0|0|0|0|0|0,2079
Maryland,SUV,BEV,2040,0|0|0|0|1|3|6|14|29|62|128|235|410|427|418|283|295|215|101|43|14|4|2|1|0|0|0|0|0|0|0,2691
Maryland,SUV,BEV,2041,0|0|0|0|1|3|7|15|32|68|141|280|482|535|516|461|283|267|178|78|31|10|3|1|1|0|0|0|0|0|0,3393
Maryland,SUV,BEV,2042,0|0|0|0|1|3|7|17|36|76|155|306|574|629|647|570|461|256|221|136|56|22|7|2|1|1|0|0|0|0|0,4184
Maryland,SUV,BEV,2043,0|0|0|1|1|3|8|17|40|84|172|337|627|748|761|714|570|418|212|169|99|39|15|4|1|1|0|0|0|0|0,5041
Maryland,SUV,BEV,2044,0|0|0|1|1|3|8|19|42|93|190|372|688|817|904|840|714|516|345|162|123|68|26|10|3|1|0|0|0|0|0,5946
Maryland,SUV,BEV,2045,0|0|0|1|1|4|9|20|44|97|210|411|758|897|988|999|840|647|427|265|117|85|46|17|6|2|0|0|0|0|0,6891
Maryland,SUV,BEV,2046,0|0|0|1|1|4|9|21|46|103|218|453|837|988|1085|1091|999|761|535|327|192|81|57|30|11|4|1|0|0|0|0,7855
Maryland,SUV,BEV,2047,0|0|0|1|2|4|9|21|49|107|230|471|920|1091|1195|1198|1091|904|629|410|237|133|55|38|20|7|3|1|0|0|0,8826
Maryland,SUV,BEV,2048,0|0|0|1|2|4|9|22|51|111|238|492|955|1200|1319|1320|1198|988|748|482|297|164|89|36|25|13|5|2|0|0|0,9771
Maryland,SUV,BEV,2049,0|0|0|1|2|4|10|23|52|116|248|509|993|1245|1451|1457|1320|1085|817|574|349|206|111|59|24|16|8|3|1|0|0,10684
Maryland,SUV,BEV,2050,0|0|0|1|2|4|10|24|53|118|257|528|1026|1295|1505|1603|1457|1195|897|627|415|242|138|73|38|15|10|5|2|1|0,11541
Maryland,SUV,PHEV,2020,0|0|0|0|0|0|0|0|0|0|0|0|0|0|0|0|0|0|0|0|0|0|0|0|0|0|0|0|0|0|0,0
Maryland,SUV,PHEV,2021,0|0|0|0|0|0|0|0|0|0|0|0|0|0|0|0|0|0|0|0|0|0|0|0|0|0|0|0|0|0|0,0
Maryland,SUV,PHEV,2022,0|0|0|0|0|0|0|0|0|0|0|0|0|0|0|0|0|0|0|0|0|0|0|0|0|0|0|0|0|0|0,0
Maryland,SUV,PHEV,2023,0|0|0|0|0|0|0|0|0|0|0|0|0|0|0|0|0|0|0|0|0|0|0|0|0|0|0|0|0|0|0,0
Maryland,SUV,PHEV,2024,0|0|0|0|0|0|0|0|0|0|0|0|0|0|0|0|0|0|0|0|0|0|0|0|0|0|0|0|0|0|0,0
Maryland,SUV,PHEV,2025,0|0|0|0|0|0|0|0|0|0|0|1|0|0|0|0|0|0|0|0|0|0|0|0|0|0|0|0|0|0|0,1
Maryland,SUV,PHEV,2026,0|0|0|0|0|0|0|0|0|0|1|1|1|0|0|0|0|0|0|0|0|0|0|0|0|0|0|0|0|0|0,3
Maryland,SUV,PHEV,2027,0|0|0|0|0|0|0|0|0|0|1|1|2|2|0|0|0|0|0|0|0|0|0|0|0|0|0|0|0|0|0,6
Maryland,SUV,PHEV,2028,0|0|0|0|0|0|0|0|0|0|1|2|3|2|2|0|0|0|0|0|0|0|0|0|0|0|0|0|0|0|0,10
Maryland,SUV,PHEV,2029,0|0|0|0|0|0|0|1|1|1|1|2|4|4|3|2|0|0|0|0|0|0|0|0|0|0|0|0|0|0|0,19
Maryland,SUV,PHEV,2030,0|0|0|0|0|0|0|1|1|3|1|1|4|5|5|3|2|0|0|0|0|0|0|0|0|0|0|0|0|0|0,26
Maryland,SUV,PHEV,2031,0|0|0|0|0|0|0|1|2|3|6|3|3|5|6|5|3|2|0|0|0|0|0|0|0|0|0|0|0|0|0,39
Maryland,SUV,PHEV,2032,0|0|0|0|0|0|0|0|3|5|8|13|6|4|6|6|5|3|2|0|0|0|0|0|0|0|0|0|0|0|0,61
Maryland,SUV,PHEV,2033,0|0|0|0|0|0|0|1|1|6|13|17|27|8|5|7|6|5|2|1|0|0|0|0|0|0|0|0|0|0|0,99
Maryland,SUV,PHEV,2034,0|0|0|0|0|0|0|1|2|3|14|27|34|35|10|5|7|6|4|2|1|0|0|0|0|0|0|0|0|0|0,151
Maryland,SUV,PHEV,2035,0|0|0|0|0|0|1|1|3|5|6|31|56|44|42|11|5|6|5|3|1|1|0|0|0|0|0|0|0|0|0,221
Maryland,SUV,PHEV,2036,0|0|0|0|0|0|1|2|3|7|11|14|65|74|54|46|11|5|5|4|2|1|0|0|0|0|0|0|0|0|0,305
Maryland,SUV,PHEV,2037,0|0|0|0|0|0|1|2|4|7|15|23|29|84|89|59|46|10|4|4|3|1|1|0|0|0|0|0|0|0|0,382
Maryland,SUV,PHEV,2038,0|0|0|0|0|0|1|2|4|9|16|33|47|37|102|98|59|42|8|3|3|2|1|0|0|0|0|0|0|0|0,467
Maryland,SUV,PHEV,2039,0|0|0|0|0|1|1|3|5|10|20|35|67|62|45|113|98|54|35|6|2|2|1|1|0|0|0|0|0|0|0,561
Maryland,SUV,PHEV,2040,0|0|0|0|0|1|1|3|6|12|23|44|71|88|75|50|113|89|44|27|5|1|1|1|0|0|0|0|0|0|0,655
Maryland,SUV,PHEV,2041,0|0|0|0|0|0|1|3|7|15|28|51|90|92|106|83|50|102|74|34|19|3|1|1|1|0|0|0|0|0|0,761
Maryland,SUV,PHEV,2042,0|0|0|0|0|1|1|3|7|16|33|61|104|117|112|117|83|45|84|56|25|13|2|1|1|0|0|0|0|0|0,882
Maryland,SUV,PHEV,2043,0|0|0|0|0|1|1|3|8|17|37|71|124|136|142|123|117|75|37|65|41|17|9|1|0|0|0|0|0|0|0,1025
Maryland,SUV,PHEV,2044,0|0|0|0|0|1|1|3|7|18|39|79|145|161|164|157|123|106|62|29|47|28|11|6|1|0|0|0|0|0|0,1188
Maryland,SUV,PHEV,2045,0|0|0|0|0|1|1|3|8|17|39|83|159|189|195|181|157|112|88|47|21|33|19|8|4|1|0|0|0|0|0,1366
Maryland,SUV,PHEV,2046,0|0|0|0|0|1|1|3|8|17|38|85|167|207|228|216|181|142|92|67|34|14|22|13|5|2|0|0|0|0|0,1543
Maryland,SUV,PHEV,2047,0|0|0|0|0|1|1|3|7|17|39|82|172|218|251|252|216|164|117|71|49|24|10|14|8|3|2|0|0|0|0,1721
Maryland,SUV,PHEV,2048,0|0|0|0|0|1|1|3|8|17|39|83|167|225|264|277|252|195|136|90|51|34|16|6|9|5|2|1|0|0|0,1882
Maryland,SUV,PHEV,2049,0|0|0|0|0|1|1|3|8|18|38|82|167|218|272|291|277|228|161|104|65|36|23|11|4|6|3|1|1|0|0,2019
Maryland,SUV,PHEV,2050,0|0|0|0|0|1|2|4|8|18|39|81|165|218|263|300|291|251|189|124|75|45|24|15|7|3|4|2|1|0|0,2130
Massachusetts,Car,BEV,2020,0|0|0|0|0|0|0|0|0|0|0|0|0|0|0|0|0|0|0|0|0|0|0|0|0|0|0|0|0|0|0,0
Massachusetts,Car,BEV,2021,0|0|0|0|0|0|0|0|0|0|0|0|0|0|0|0|0|0|0|0|0|0|0|0|0|0|0|0|0|0|0,0
Massachusetts,Car,BEV,2022,0|0|0|0|0|0|0|0|0|0|0|0|0|0|0|0|0|0|0|0|0|0|0|0|0|0|0|0|0|0|0,0
Massachusetts,Car,BEV,2023,0|0|0|0|0|0|0|0|0|0|0|0|0|0|0|0|0|0|0|0|0|0|0|0|0|0|0|0|0|0|0,0
Massachusetts,Car,BEV,2024,0|0|0|0|0|0|0|0|0|1|1|0|0|0|0|0|0|0|0|0|0|0|0|0|0|0|0|0|0|0|0,2
Massachusetts,Car,BEV,2025,0|0|0|0|0|0|0|1|0|1|1|3|0|0|0|0|0|0|0|0|0|0|0|0|0|0|0|0|0|0|0,6
Massachusetts,Car,BEV,2026,0|0|0|0|0|0|0|0|1|1|1|3|6|0|0|0|0|0|0|0|0|0|0|0|0|0|0|0|0|0|0,12
Massachusetts,Car,BEV,2027,0|0|0|0|0|0|0|0|1|3|1|3|6|8|0|0|0|0|0|0|0|0|0|0|0|0|0|0|0|0|0,22
Massachusetts,Car,BEV,2028,0|0|0|0|0|0|0|1|1|3|7|3|6|8|9|0|0|0|0|0|0|0|0|0|0|0|0|0|0|0|0,38
Massachusetts,Car,BEV,2029,0|0|0|0|0|0|0|1|1|2|6|15|7|8|10|10|0|0|0|0|0|0|0|0|0|0|0|0|0|0|0,60
Massachusetts,Car,BEV,2030,0|0|0|0|0|1|0|1|2|3|5|13|31|9|10|11|10|0|0|0|0|0|0|0|0|0|0|0|0|0|0,96
Massachusetts,Car,BEV,2031,0|0|0|0|0|1|1|1|2|5|8|11|27|40|10|11|11|9|0|0|0|0|0|0|0|0|0|0|0|0|0,137
Massachusetts,Car,BEV,2032,0|0|0|0|0|1|2|3|2|5|11|17|23|36|48|11|11|10|8|0|0|0|0|0|0|0|0|0|0|0|0,188
Massachusetts,Car,BEV,2033,0|0|0|0|1|1|3|5|8|5|12|23|34|30|43|53|11|10|8|6|0|0|0|0|0|0|0|0|0|0|0,253
Massachusetts,Car,BEV,2034,0|0|0|0|1|1|3|6|13|19|10|26|48|44|36|47|53|10|8|6|4|0|0|0|0|0|0|0|0|0|0,335
Massachusetts,Car,BEV,2035,0|0|0|0|1|2|4|8|15|30|43|23|54|62|53|40|47|48|9|6|5|3|0|0|0|0|0|0|0|0|0,453
Massachusetts,Car,BEV,2036,0|0|0|0|1|2|4|9|18|36|68|95|46|71|75|59|40|43|40|7|5|3|2|0|0|0|0|0|0|0|0,624
Massachusetts,Car,BEV,2037,0|0|0|0|1|2|4|10|21|44|82|149|194|60|86|83|59|36|36|31|5|3|2|1|0|0|0|0|0|0|0,909
Massachusetts,Car,BEV,2038,0|0|0|0|1|2|5|11|24|50|100|179|307|253|73|95|83|53|30|27|22|3|2|1|1|0|0|0|0|0|0,1322
Massachusetts,Car,BEV,2039,0|0|0|0|1|2|5|11|26|57|114|218|367|400|306|81|95|75|44|23|20|15|2|1|1|1|0|0|0|0|0,1865
Massachusetts,Car,BEV,2040,0|0|0|0|1|2|5|12|27|61|130|248|447|479|484|339|81|86|62|34|16|14|10|1|1|1|0|0|0|0|0,2541
Massachusetts,Car,BEV,2041,0|0|0|0|1|3|6|13|29|65|138|285|509|582|579|534|339|73|71|48|25|11|9|7|1|1|0|0|0|0|0,3329
Massachusetts,Car,BEV,2042,0|0|0|0|1|3|7|15|32|69|147|302|584|664|704|640|534|306|60|54|34|17|8|6|4|1|0|0|0|0|0,4192
Massachusetts,Car,BEV,2043,0|0|0|0|1|3|7|16|35|75|157|321|620|762|803|778|640|484|253|46|39|24|11|5|4|3|0|0|0|0|0,5087
Massachusetts,Car,BEV,2044,0|0|0|0|1|3|7|16|37|81|170|343|658|808|921|887|778|579|400|194|33|27|16|8|3|3|2|0|0|0|0,5975
Massachusetts,Car,BEV,2045,0|0|0|0|1|3|8|17|39|86|183|368|701|858|977|1018|887|704|479|307|141|23|18|11|5|2|2|1|0|0|0,6839
Massachusetts,Car,BEV,2046,0|0|0|0|1|3|8|18|40|88|191|396|751|914|1038|1080|1018|803|582|367|222|98|16|12|7|3|1|1|1|0|0,7659
Massachusetts,Car,BEV,2047,0|0|0|1|1|3|8|19|42|91|196|408|805|979|1105|1146|1080|921|664|447|266|154|66|10|8|4|2|1|1|0|0,8428
Massachusetts,Car,BEV,2048,0|0|0|1|1|3|8|19|44|96|202|417|822|1049|1184|1221|1146|977|762|509|323|184|104|43|7|5|3|1|1|0|0,9132
Massachusetts,Car,BEV,2049,0|0|0|1|1|4|9|20|45|100|211|429|836|1071|1269|1308|1221|1038|808|584|368|224|124|68|28|4|3|2|1|0|1,9778
Massachusetts,Car,BEV,2050,0|0|0|1|1|4|9|21|47|103|220|446|859|1090|1295|1402|1308|1105|858|620|423|255|151|82|45|18|3|2|1|1|1,10371
Massachusetts,Car,PHEV,2020,0|0|0|0|0|0|0|0|0|0|0|0|0|0|0|0|0|0|0|0|0|0|0|0|0|0|0|0|0|0|0,0
Massachusetts,Car,PHEV,2021,0|0|0|0|0|0|0|0|0|0|0|0|0|0|0|0|0|0|0|0|0|0|0|0|0|0|0|0|0|0|0,0
Massachusetts,Car,PHEV,2022,0|0|0|0|0|0|0|0|0|0|0|0|0|0|0|0|0|0|0|0|0|0|0|0|0|0|0|0|0|0|0,0
Massachusetts,Car,PHEV,2023,0|0|0|0|0|0|0|0|0|1|0|0|0|0|0|0|0|0|0|0|0|0|0|0|0|0|0|0|0|0|0,1
Massachusetts,Car,PHEV,2024,0|0|0|0|0|0|0|0|0|0|1|0|0|0|0|0|0|0|0|0|0|0|0|0|0|0|0|0|0|0|0,1
Massachusetts,Car,PHEV,2025,0|0|0|0|0|0|0|0|1|1|1|3|0|0|0|0|0|0|0|0|0|0|0|0|0|0|0|0|0|0|0,6
Massachusetts,Car,PHEV,2026,0|0|0|0|0|0|0|0|1|1|2|2|6|0|0|0|0|0|0|0|0|0|0|0|0|0|0|0|0|0|0,12
Massachusetts,Car,PHEV,2027,0|0|0|0|0|0|0|0|0|2|3|4|4|8|0|0|0|0|0|0|0|0|0|0|0|0|0|0|0|0|0,21
Massachusetts,Car,PHEV,2028,0|0|0|0|0|0|0|0|0|1|4|6|9|5|10|0|0|0|0|0|0|0|0|0|0|0|0|0|0|0|0,35
Massachusetts,Car,PHEV,2029,0|0|0|0|0|0|0|0|0|1|2|9|13|11|7|11|0|0|0|0|0|0|0|0|0|0|0|0|0|0|0,54
Massachusetts,Car,PHEV,2030,0|0|0|0|0|0|0|0|0|1|2|4|18|16|14|7|11|0|0|0|0|0|0|0|0|0|0|0|0|0|0,73
Massachusetts,Car,PHEV,2031,0|0|0|0|0|0|0|0|0|1|3|4|9|23|20|15|7|10|0|0|0|0|0|0|0|0|0|0|0|0|0,92
Massachusetts,Car,PHEV,2032,0|0|0|0|0|0|0|1|0|1|2|6|8|12|28|22|15|7|8|0|0|0|0|0|0|0|0|0|0|0|0,110
Massachusetts,Car,PHEV,2033,0|0|0|0|0|0|1|1|2|1|2|4|11|10|14|31|22|14|5|6|0|0|0|0|0|0|0|0|0|0|0,124
Massachusetts,Car,PHEV,2034,0|0|0|0|0|0|1|1|2|4|2|3|8|15|13|16|31|20|11|4|4|0|0|0|0|0|0|0|0|0|0,135
Massachusetts,Car,PHEV,2035,0|0|0|0|0|0|1|1|3|6|8|4|7|10|18|14|16|28|16|9|3|3|0|0|0|0|0|0|0|0|0,147
Massachusetts,Car,PHEV,2036,0|0|0|0|0|0|1|2|3|8|13|18|8|9|12|20|14|14|23|13|6|2|2|0|0|0|0|0|0|0|0,168
Massachusetts,Car,PHEV,2037,0|0|0|0|0|0|1|2|4|8|18|28|36|11|10|13|20|13|12|18|9|4|1|1|0|0|0|0|0|0|0,209
Massachusetts,Car,PHEV,2038,0|0|0|0|0|0|1|2|4|9|18|38|56|47|13|11|13|18|10|9|13|6|3|1|1|0|0|0|0|0|0,273
Massachusetts,Car,PHEV,2039,0|0|0|0|0|0|1|2|5|10|21|38|78|73|57|14|11|12|15|8|7|9|4|2|1|1|0|0|0|0|0,369
Massachusetts,Car,PHEV,2040,0|0|0|0|0|0|1|2|6|12|23|47|78|101|89|63|14|10|10|11|6|5|6|3|1|0|0|0|0|0|0,488
Massachusetts,Car,PHEV,2041,0|0|0|0|0|0|1|3|6|13|27|51|95|102|122|98|63|13|9|8|8|4|3|4|2|1|0|0|0|0|0,633
Massachusetts,Car,PHEV,2042,0|0|0|0|0|0|1|3|6|14|30|59|105|124|124|135|98|57|11|7|6|6|3|2|3|1|1|0|0|0|0,796
Massachusetts,Car,PHEV,2043,0|0|0|0|0|0|1|3|6|15|32|66|121|137|151|137|135|89|47|8|5|4|4|2|1|2|1|0|0|0|0,967
Massachusetts,Car,PHEV,2044,0|0|0|0|0|0|1|3|7|15|33|71|136|158|166|166|137|122|73|36|6|3|3|3|1|1|1|0|0|0|0,1142
Massachusetts,Car,PHEV,2045,0|0|0|0|0|1|1|3|7|15|34|73|145|177|191|183|166|124|101|56|26|4|2|2|2|1|1|1|0|0|0,1316
Massachusetts,Car,PHEV,2046,0|0|0|0|0|1|1|3|7|15|34|74|148|189|214|211|183|151|102|78|41|18|3|1|1|1|0|0|0|0|0,1476
Massachusetts,Car,PHEV,2047,0|0|0|0|0|1|1|3|7|15|34|73|151|193|229|237|211|166|124|78|56|28|12|2|1|1|1|0|0|0|0,1624
Massachusetts,Car,PHEV,2048,0|0|0|0|0|1|1|3|7|15|34|72|147|197|234|253|237|191|137|95|57|39|19|8|1|1|0|0|0|0|0,1749
Massachusetts,Car,PHEV,2049,0|0|0|0|0|1|1|3|7|16|33|71|144|192|238|258|253|214|158|105|69|39|26|13|5|1|0|0|0|0|0,1847
Massachusetts,Car,PHEV,2050,0|0|0|0|0|1|1|3|7|16|34|71|141|187|232|263|258|229|177|121|76|48|27|17|8|3|0|0|0|0|0,1920
Massachusetts,SUV,BEV,2020,0|0|0|0|0|0|0|0|0|0|0|0|0|0|0|0|0|0|0|0|0|0|0|0|0|0|0|0|0|0|0,0
Massachusetts,SUV,BEV,2021,0|0|0|0|0|0|0|0|0|0|0|0|0|0|0|0|0|0|0|0|0|0|0|0|0|0|0|0|0|0|0,0
Massachusetts,SUV,BEV,2022,0|0|0|0|0|0|0|0|0|0|0|0|0|0|0|0|0|0|0|0|0|0|0|0|0|0|0|0|0|0|0,0
Massachusetts,SUV,BEV,2023,0|0|0|0|0|0|0|0|0|0|0|0|0|0|0|0|0|0|0|0|0|0|0|0|0|0|0|0|0|0|0,0
Massachusetts,SUV,BEV,2024,0|0|0|0|0|0|0|0|0|0|0|0|0|0|0|0|0|0|0|0|0|0|0|0|0|0|0|0|0|0|0,0
Massachusetts,SUV,BEV,2025,0|0|0|0|0|0|0|0|0|0|0|0|0|0|0|0|0|0|0|0|0|0|0|0|0|0|0|0|0|0|0,0
Massachusetts,SUV,BEV,2026,0|0|0|0|0|0|0|0|0|1|1|1|1|0|0|0|0|0|0|0|0|0|0|0|0|0|0|0|0|0|0,4
Massachusetts,SUV,BEV,2027,0|0|0|0|0|0|0|0|0|1|1|2|1|1|0|0|0|0|0|0|0|0|0|0|0|0|0|0|0|0|0,6
Massachusetts,SUV,BEV,2028,0|0|0|0|0|0|1|1|1|1|2|3|3|2|1|0|0|0|0|0|0|0|0|0|0|0|0|0|0|0|0,15
Massachusetts,SUV,BEV,2029,0|0|0|0|0|0|1|1|2|2|2|4|7|4|2|2|0|0|0|0|0|0|0|0|0|0|0|0|0|0|0,27
Massachusetts,SUV,BEV,2030,0|0|0|0|0|0|1|2|3|5|5|4|8|9|5|2|2|0|0|0|0|0|0|0|0|0|0|0|0|0|0,46
Massachusetts,SUV,BEV,2031,0|0|0|0|0|1|1|3|6|8|11|11|8|11|10|6|2|1|0|0|0|0|0|0|0|0|0|0|0|0|0,79
Massachusetts,SUV,BEV,2032,0|0|0|0|0|1|2|3|7|14|18|25|23|11|13|12|6|2|1|0|0|0|0|0|0|0|0|0|0|0|0,138
Massachusetts,SUV,BEV,2033,0|0|0|0|1|1|2|5|7|17|31|40|52|30|13|14|12|5|2|1|0|0|0|0|0|0|0|0|0|0|0,233
Massachusetts,SUV,BEV,2034,0|0|0|0|1|2|3|6|11|16|39|68|83|67|36|14|14|10|4|1|1|0|0|0|0|0|0|0|0|0|0,376
Massachusetts,SUV,BEV,2035,0|0|0|0|1|2|4|8|15|27|37|85|140|108|81|40|14|13|9|3|1|0|0|0|0|0|0|0|0|0|0,588
Massachusetts,SUV,BEV,2036,0|0|0|0|1|2|5|10|19|35|62|81|174|182|131|90|40|13|11|7|2|1|0|0|0|0|0|0|0|0|0,866
Massachusetts,SUV,BEV,2037,0|0|0|0|1|2|5|12|23|45|80|137|166|227|220|145|90|36|11|8|5|2|0|0|0|0|0|0|0|0|0,1215
Massachusetts,SUV,BEV,2038,0|0|0|0|1|3|6|13|28|55|103|175|281|217|274|243|145|81|30|8|6|3|1|0|0|0|0|0|0|0|0,1673
Massachusetts,SUV,BEV,2039,0|0|0|1|1|3|7|15|32|67|125|226|359|366|262|303|243|131|67|23|6|4|2|1|0|0|0|0|0|0|0,2244
Massachusetts,SUV,BEV,2040,0|0|0|1|1|3|8|17|36|75|153|273|464|468|443|289|303|220|108|52|17|4|3|1|0|0|0|0|0|0|0,2939
Massachusetts,SUV,BEV,2041,0|0|0|1|2|4|9|19|40|84|171|333|561|605|566|489|289|274|182|83|37|11|3|2|1|0|0|0|0|0|0,3766
Massachusetts,SUV,BEV,2042,0|0|0|1|2|4|9|21|46|95|192|373|683|732|732|625|489|262|227|140|60|26|8|2|1|1|0|0|0|0|0,4731
Massachusetts,SUV,BEV,2043,0|0|0|1|2|4|10|22|51|107|215|418|764|891|885|808|625|443|217|174|101|42|17|5|1|1|0|0|0|0|0,5804
Massachusetts,SUV,BEV,2044,0|0|0|1|2|4|10|24|53|119|242|468|854|996|1077|978|808|566|366|166|126|70|28|11|3|1|0|0|0|0|0,6973
Massachusetts,SUV,BEV,2045,0|0|0|1|2|5|11|25|57|124|269|524|955|1114|1205|1190|978|732|468|281|120|87|47|19|7|2|0|0|0|0|0,8223
Massachusetts,SUV,BEV,2046,0|0|0|1|2|5|11|26|59|132|281|581|1067|1245|1347|1331|1190|885|605|359|203|83|59|31|12|5|1|0|0|0|0,9521
Massachusetts,SUV,BEV,2047,0|0|0|1|2|5|12|27|62|137|295|607|1184|1392|1505|1488|1331|1077|732|464|260|141|56|39|20|8|3|1|0|0|0,10849
Massachusetts,SUV,BEV,2048,0|0|0|1|2|5|12|28|64|143|306|635|1235|1544|1683|1663|1488|1205|891|561|336|180|95|37|25|13|5|2|1|0|0,12160
Massachusetts,SUV,BEV,2049,0|0|0|1|2|5|13|29|66|148|318|657|1285|1610|1867|1859|1663|1347|996|683|406|233|121|63|24|16|8|3|1|0|0,13424
Massachusetts,SUV,BEV,2050,0|0|0|1|2|5|13|30|68|151|328|679|1326|1675|1947|2062|1859|1505|1114|764|494|282|157|80|41|16|10|5|2|1|0,14617
Massachusetts,SUV,PHEV,2020,0|0|0|0|0|0|0|0|0|0|0|0|0|0|0|0|0|0|0|0|0|0|0|0|0|0|0|0|0|0|0,0
Massachusetts,SUV,PHEV,2021,0|0|0|0|0|0|0|0|0|0|0|0|0|0|0|0|0|0|0|0|0|0|0|0|0|0|0|0|0|0|0,0
Massachusetts,SUV,PHEV,2022,0|0|0|0|0|0|0|0|0|0|0|0|0|0|0|0|0|0|0|0|0|0|0|0|0|0|0|0|0|0|0,0
Massachusetts,SUV,PHEV,2023,0|0|0|0|0|0|0|0|0|0|0|0|0|0|0|0|0|0|0|0|0|0|0|0|0|0|0|0|0|0|0,0
Massachusetts,SUV,PHEV,2024,0|0|0|0|0|0|0|0|0|0|0|0|0|0|0|0|0|0|0|0|0|0|0|0|0|0|0|0|0|0|0,0
Massachusetts,SUV,PHEV,2025,0|0|0|0|0|0|0|0|0|0|0|1|0|0|0|0|0|0|0|0|0|0|0|0|0|0|0|0|0|0|0,1
Massachusetts,SUV,PHEV,2026,0|0|0|0|0|0|0|0|0|0|1|1|1|0|0|0|0|0|0|0|0|0|0|0|0|0|0|0|0|0|0,3
Massachusetts,SUV,PHEV,2027,0|0|0|0|0|0|0|0|0|1|1|2|2|2|0|0|0|0|0|0|0|0|0|0|0|0|0|0|0|0|0,8
Massachusetts,SUV,PHEV,2028,0|0|0|0|0|0|0|1|0|0|1|2|3|2|2|0|0|0|0|0|0|0|0|0|0|0|0|0|0|0|0,11
Massachusetts,SUV,PHEV,2029,0|0|0|0|0|0|1|1|1|1|1|3|4|4|3|2|0|0|0|0|0|0|0|0|0|0|0|0|0|0|0,21
Massachusetts,SUV,PHEV,2030,0|0|0|0|0|0|1|1|2|3|2|2|5|5|5|3|2|0|0|0|0|0|0|0|0|0|0|0|0|0|0,31
Massachusetts,SUV,PHEV,2031,0|0|0|0|0|0|0|2|3|4|8|4|4|7|7|5|3|2|0|0|0|0|0|0|0|0|0|0|0|0|0,49
Massachusetts,SUV,PHEV,2032,0|0|0|0|0|0|0|1|4|8|10|17|9|5|8|7|5|3|2|0|0|0|0|0|0|0|0|0|0|0|0,79
Massachusetts,SUV,PHEV,2033,0|0|0|0|0|0|1|1|1|9|18|22|34|11|6|9|7|5|2|1|0|0|0|0|0|0|0|0|0|0|0,127
Massachusetts,SUV,PHEV,2034,0|0|0|0|0|0|1|1|2|3|20|38|45|45|14|7|9|7|4|2|1|0|0|0|0|0|0|0|0|0|0,199
Massachusetts,SUV,PHEV,2035,0|0|0|0|0|0|1|1|3|5|7|44|79|59|54|15|7|8|5|3|1|1|0|0|0|0|0|0|0|0|0,293
Massachusetts,SUV,PHEV,2036,0|0|0|0|0|0|1|2|3|7|11|15|90|103|71|60|15|6|7|4|2|1|0|0|0|0|0|0|0|0|0,398
Massachusetts,SUV,PHEV,2037,0|0|0|0|0|1|1|2|4|8|17|25|30|118|124|79|60|14|5|5|3|2|1|0|0|0|0|0|0|0|0,499
Massachusetts,SUV,PHEV,2038,0|0|0|0|0|1|1|3|5|10|18|37|51|39|143|137|79|54|11|4|4|2|1|0|0|0|0|0|0|0|0,600
Massachusetts,SUV,PHEV,2039,0|0|0|0|0|1|2|3|7|13|24|40|75|67|47|157|137|71|45|9|3|3|1|1|0|0|0|0|0|0|0,706
Massachusetts,SUV,PHEV,2040,0|0|0|0|0|1|2|4|8|16|29|52|82|98|81|52|157|124|59|34|6|2|2|1|0|0|0|0|0|0|0,810
Massachusetts,SUV,PHEV,2041,0|0|0|0|0|1|2|4|9|19|35|62|106|107|119|89|52|143|103|45|25|4|1|1|1|0|0|0|0|0|0,928
Massachusetts,SUV,PHEV,2042,0|0|0|0|0|1|2|4|10|21|42|76|127|139|129|131|89|47|118|79|33|17|3|1|1|0|0|0|0|0|0,1070
Massachusetts,SUV,PHEV,2043,0|0|0|0|0|1|2|4|10|23|47|91|154|165|168|142|131|81|39|90|57|23|12|2|1|0|0|0|0|0|0,1243
Massachusetts,SUV,PHEV,2044,0|0|0|0|0|1|2|4|9|23|50|101|184|201|199|185|142|119|67|30|65|40|15|8|1|0|0|0|0|0|0,1446
Massachusetts,SUV,PHEV,2045,0|0|0|0|0|1|2|4|10|22|51|108|205|239|243|220|185|129|98|51|22|45|27|10|5|1|0|0|0|0|0,1678
Massachusetts,SUV,PHEV,2046,0|0|0|0|0|1|2|4|10|22|49|111|218|267|290|268|220|168|107|75|37|15|31|18|7|3|1|0|0|0|0,1924
Massachusetts,SUV,PHEV,2047,0|0|0|0|0|1|2|4|10|22|50|107|225|285|323|320|268|199|139|82|54|26|10|20|11|4|2|0|0|0|0,2164
Massachusetts,SUV,PHEV,2048,0|0|0|0|0|1|2|4|10|22|50|108|219|294|344|357|320|243|165|106|59|38|17|7|13|7|3|1|0|0|0,2390
Massachusetts,SUV,PHEV,2049,0|0|0|0|0|1|2|4|10|23|49|107|219|285|355|380|357|290|201|127|77|41|25|11|4|8|5|2|1|0|0,2584
Massachusetts,SUV,PHEV,2050,0|0|0|0|0|1|2|5|10|22|50|106|216|286|345|392|380|323|239|154|92|53|28|17|7|3|5|3|1|1|0,2741
Michigan,Car,BEV,2020,0|0|0|0|0|0|0|0|0|0|0|0|0|0|0|0|0|0|0|0|0|0|0|0|0|0|0|0|0|0|0,0
Michigan,Car,BEV,2021,0|0|0|0|0|0|0|0|0|0|0|0|0|0|0|0|0|0|0|0|0|0|0|0|0|0|0|0|0|0|0,0
Michigan,Car,BEV,2022,0|0|0|0|0|0|0|0|0|0|0|0|0|0|0|0|0|0|0|0|0|0|0|0|0|0|0|0|0|0|0,0
Michigan,Car,BEV,2023,0|0|0|0|0|0|0|0|0|0|0|0|0|0|0|0|0|0|0|0|0|0|0|0|0|0|0|0|0|0|0,0
Michigan,Car,BEV,2024,0|0|0|0|0|0|0|0|0|0|1|0|0|0|0|0|0|0|0|0|0|0|0|0|0|0|0|0|0|0|0,1
Michigan,Car,BEV,2025,0|0|0|0|0|0|0|0|0|0|1|1|0|0|0|0|0|0|0|0|0|0|0|0|0|0|0|0|0|0|0,2
Michigan,Car,BEV,2026,0|0|0|0|0|0|0|0|1|0|1|1|3|0|0|0|0|0|0|0|0|0|0|0|0|0|0|0|0|0|0,6
Michigan,Car,BEV,2027,0|0|0|0|0|0|0|0|1|1|1|1|3|3|0|0|0|0|0|0|0|0|0|0|0|0|0|0|0|0|0,10
Michigan,Car,BEV,2028,0|0|0|0|0|0|0|0|0|1|3|1|3|3|4|0|0|0|0|0|0|0|0|0|0|0|0|0|0|0|0,15
Michigan,Car,BEV,2029,0|0|0|0|0|0|0|1|1|1|3|6|3|3|4|5|0|0|0|0|0|0|0|0|0|0|0|0|0|0|0,27
Michigan,Car,BEV,2030,0|0|0|0|0|0|0|1|1|2|2|6|13|4|4|5|5|0|0|0|0|0|0|0|0|0|0|0|0|0|0,43
Michigan,Car,BEV,2031,0|0|0|0|0|0|1|1|2|3|4|5|13|16|5|5|5|4|0|0|0|0|0|0|0|0|0|0|0|0|0,64
Michigan,Car,BEV,2032,0|0|0|0|0|0|1|2|1|4|7|10|11|17|20|5|5|4|3|0|0|0|0|0|0|0|0|0|0|0|0,90
Michigan,Car,BEV,2033,0|0|0|0|0|1|1|2|4|3|8|15|20|15|20|22|5|4|3|3|0|0|0|0|0|0|0|0|0|0|0,126
Michigan,Car,BEV,2034,0|0|0|0|0|1|1|3|5|10|7|18|32|26|18|22|22|5|3|3|2|0|0|0|0|0|0|0|0|0|0,178
Michigan,Car,BEV,2035,0|0|0|0|0|1|2|4|7|13|22|15|37|41|31|20|22|20|4|3|2|1|0|0|0|0|0|0|0|0|0,245
Michigan,Car,BEV,2036,0|0|0|0|0|1|2|4|9|16|29|49|31|48|50|34|20|20|16|3|2|1|1|0|0|0|0|0|0|0|0,336
Michigan,Car,BEV,2037,0|0|0|0|0|1|2|5|10|20|38|63|100|41|58|55|34|18|17|13|2|1|1|1|0|0|0|0|0|0|0,480
Michigan,Car,BEV,2038,0|0|0|0|0|1|2|5|11|24|46|82|130|130|49|64|55|31|15|13|9|1|1|1|0|0|0|0|0|0|0,670
Michigan,Car,BEV,2039,0|0|0|0|0|1|3|6|12|27|54|101|169|169|157|54|64|50|26|11|9|6|1|1|0|0|0|0|0|0|0,921
Michigan,Car,BEV,2040,0|0|0|0|1|1|3|7|14|29|62|119|208|221|205|173|54|58|41|20|8|6|4|1|0|0|0|0|0|0|0,1235
Michigan,Car,BEV,2041,0|0|0|0|1|1|3|7|16|33|66|136|244|272|267|226|173|49|48|32|14|6|4|3|0|0|0|0|0|0|0,1601
Michigan,Car,BEV,2042,0|0|0|0|1|2|4|8|17|38|74|145|278|318|328|295|226|157|41|37|23|10|4|3|2|0|0|0|0|0|0,2011
Michigan,Car,BEV,2043,0|0|0|0|1|2|4|9|19|40|86|162|297|362|384|363|295|205|130|31|27|16|7|3|2|1|0|0|0|0|0,2446
Michigan,Car,BEV,2044,0|0|0|0|1|2|4|9|21|44|92|187|331|388|438|425|363|267|169|100|23|18|11|4|2|1|1|0|0|0|0,2901
Michigan,Car,BEV,2045,0|0|0|0|1|2|4|10|22|48|99|200|383|431|469|484|425|328|221|130|72|16|12|7|3|1|1|0|0|0|0,3369
Michigan,Car,BEV,2046,0|0|0|0|1|2|5|10|23|50|107|214|407|499|521|518|484|384|272|169|94|50|11|8|5|2|1|0|0|0|0,3837
Michigan,Car,BEV,2047,0|0|0|0|1|2|5|11|25|54|113|229|434|531|603|576|518|438|318|208|122|65|34|7|5|3|1|0|0|0|0,4303
Michigan,Car,BEV,2048,0|0|0|0|1|2|5|11|26|57|119|241|463|566|642|667|576|469|362|244|151|85|44|22|5|3|2|1|0|0|0,4764
Michigan,Car,BEV,2049,0|0|0|0|1|2|5|12|27|60|126|255|487|603|685|710|667|521|388|278|176|105|57|29|14|3|2|1|0|0|0,5214
Michigan,Car,BEV,2050,0|0|0|0|1|2|5|12|28|61|132|268|513|635|730|757|710|603|431|297|201|122|70|38|19|9|2|1|1|0|0,5648
Michigan,Car,PHEV,2020,0|0|0|0|0|0|0|0|0|0|0|0|0|0|0|0|0|0|0|0|0|0|0|0|0|0|0|0|0|0|0,0
Michigan,Car,PHEV,2021,0|0|0|0|0|0|0|0|0|0|0|0|0|0|0|0|0|0|0|0|0|0|0|0|0|0|0|0|0|0|0,0
Michigan,Car,PHEV,2022,0|0|0|0|0|0|0|0|0|0|0|0|0|0|0|0|0|0|0|0|0|0|0|0|0|0|0|0|0|0|0,0
Michigan,Car,PHEV,2023,0|0|0|0|0|0|0|0|0|1|0|0|0|0|0|0|0|0|0|0|0|0|0|0|0|0|0|0|0|0|0,1
Michigan,Car,PHEV,2024,0|0|0|0|0|0|0|0|1|1|3|0|0|0|0|0|0|0|0|0|0|0|0|0|0|0|0|0|0|0|0,5
Michigan,Car,PHEV,2025,0|0|0|0|0|0|0|0|1|2|2|7|0|0|0|0|0|0|0|0|0|0|0|0|0|0|0|0|0|0|0,12
Michigan,Car,PHEV,2026,0|0|0|0|0|0|0|0|1|2|4|4|14|0|0|0|0|0|0|0|0|0|0|0|0|0|0|0|0|0|0,25
Michigan,Car,PHEV,2027,0|0|0|0|0|0|0|0|0|2|4|9|9|18|0|0|0|0|0|0|0|0|0|0|0|0|0|0|0|0|0,42
Michigan,Car,PHEV,2028,0|0|0|0|0|0|0|0|0|1|4|9|19|12|22|0|0|0|0|0|0|0|0|0|0|0|0|0|0|0|0,67
Michigan,Car,PHEV,2029,0|0|0|0|0|0|0|0|0|1|2|9|19|25|15|25|0|0|0|0|0|0|0|0|0|0|0|0|0|0|0,96
Michigan,Car,PHEV,2030,0|0|0|0|0|0|0|0|0|1|1|4|19|25|30|16|25|0|0|0|0|0|0|0|0|0|0|0|0|0|0,121
Michigan,Car,PHEV,2031,0|0|0|0|0|0|0|0|0|1|2|3|9|25|30|34|16|22|0|0|0|0|0|0|0|0|0|0|0|0|0,142
Michigan,Car,PHEV,2032,0|0|0|0|0|0|0|1|0|1|2|5|7|12|31|33|34|15|18|0|0|0|0|0|0|0|0|0|0|0|0,159
Michigan,Car,PHEV,2033,0|0|0|0|0|0|0|1|1|1|1|3|9|8|14|34|33|30|12|14|0|0|0|0|0|0|0|0|0|0|0,161
Michigan,Car,PHEV,2034,0|0|0|0|0|0|0|1|1|3|2|3|7|12|10|15|34|30|25|9|10|0|0|0|0|0|0|0|0|0|0,162
Michigan,Car,PHEV,2035,0|0|0|0|0|0|0|1|2|3|6|4|5|9|14|11|15|31|25|19|7|7|0|0|0|0|0|0|0|0|0,159
Michigan,Car,PHEV,2036,0|0|0|0|0|0|0|1|2|4|7|12|7|7|10|16|11|14|25|19|14|5|5|0|0|0|0|0|0|0|0,159
Michigan,Car,PHEV,2037,0|0|0|0|0|0|0|1|2|4|10|15|24|9|8|11|16|10|12|19|14|10|3|3|0|0|0|0|0|0|0,171
Michigan,Car,PHEV,2038,0|0|0|0|0|0|1|1|2|5|10|21|30|31|11|9|11|14|8|9|14|10|6|2|2|0|0|0|0|0|0,197
Michigan,Car,PHEV,2039,0|0|0|0|0|0|1|1|3|5|12|21|42|39|38|12|9|10|12|7|6|10|6|4|1|1|0|0|0|0|0,240
Michigan,Car,PHEV,2040,0|0|0|0|0|0|1|1|3|6|12|25|42|55|47|42|12|8|9|9|5|4|7|4|3|1|1|0|0|0|0,297
Michigan,Car,PHEV,2041,0|0|0|0|0|0|1|1|3|7|14|27|52|55|66|51|42|11|7|7|7|3|3|4|3|2|1|1|0|0|0,368
Michigan,Car,PHEV,2042,0|0|0|0|0|0|1|1|3|8|17|31|56|68|67|73|51|38|9|5|5|5|2|2|3|2|1|0|0|0|0,448
Michigan,Car,PHEV,2043,0|0|0|0|0|0|1|2|4|8|18|36|63|73|82|73|73|47|31|7|4|3|3|1|1|2|1|1|0|0|0,534
Michigan,Car,PHEV,2044,0|0|0|0|0|0|1|2|4|8|18|39|74|83|88|90|73|66|39|24|5|3|2|2|1|1|1|1|0|0|0,625
Michigan,Car,PHEV,2045,0|0|0|0|0|0|1|2|4|9|19|40|80|96|100|97|90|67|55|30|17|4|2|1|1|1|1|1|0|0|0,718
Michigan,Car,PHEV,2046,0|0|0|0|0|0|1|2|4|9|19|41|81|104|117|111|97|82|55|42|21|12|2|1|1|1|0|0|0|0|0,803
Michigan,Car,PHEV,2047,0|0|0|0|0|0|1|2|4|9|20|42|83|106|126|129|111|88|68|42|30|15|8|2|1|1|1|0|0|0|1,890
Michigan,Car,PHEV,2048,0|0|0|0|0|0|1|2|4|9|20|42|84|108|128|140|129|100|73|52|31|21|10|5|1|0|0|0|0|0|1,961
Michigan,Car,PHEV,2049,0|0|0|0|0|0|1|2|4|9|20|43|85|110|131|142|140|117|83|56|38|21|14|7|3|1|0|0|0|0|0,1027
Michigan,Car,PHEV,2050,0|0|0|0|0|0|1|2|4|9|21|43|85|110|133|144|142|126|96|63|40|26|14|9|4|2|0|0|0|0|0,1074
Michigan,SUV,BEV,2020,0|0|0|0|0|0|0|0|0|0|0|0|0|0|0|0|0|0|0|0|0|0|0|0|0|0|0|0|0|0|0,0
Michigan,SUV,BEV,2021,0|0|0|0|0|0|0|0|0|0|0|0|0|0|0|0|0|0|0|0|0|0|0|0|0|0|0|0|0|0|0,0
Michigan,SUV,BEV,2022,0|0|0|0|0|0|0|0|0|0|0|0|0|0|0|0|0|0|0|0|0|0|0|0|0|0|0|0|0|0|0,0
Michigan,SUV,BEV,2023,0|0|0|0|0|0|0|0|0|0|0|0|0|0|0|0|0|0|0|0|0|0|0|0|0|0|0|0|0|0|0,0
Michigan,SUV,BEV,2024,0|0|0|0|0|0|0|0|0|0|0|0|0|0|0|0|0|0|0|0|0|0|0|0|0|0|0|0|0|0|0,0
Michigan,SUV,BEV,2025,0|0|0|0|0|0|0|0|0|0|0|0|0|0|0|0|0|0|0|0|0|0|0|0|0|0|0|0|0|0|0,0
Michigan,SUV,BEV,2026,0|0|0|0|0|0|0|0|0|0|0|0|0|0|0|0|0|0|0|0|0|0|0|0|0|0|0|0|0|0|0,0
Michigan,SUV,BEV,2027,0|0|0|0|0|0|0|0|0|0|1|1|0|0|0|0|0|0|0|0|0|0|0|0|0|0|0|0|0|0|0,2
Michigan,SUV,BEV,2028,0|0|0|0|0|0|0|0|0|0|1|1|1|1|1|0|0|0|0|0|0|0|0|0|0|0|0|0|0|0|0,5
Michigan,SUV,BEV,2029,0|0|0|0|0|0|1|1|1|1|1|2|3|2|1|1|0|0|0|0|0|0|0|0|0|0|0|0|0|0|0,14
Michigan,SUV,BEV,2030,0|0|0|0|0|0|1|2|2|3|3|2|3|4|2|1|1|0|0|0|0|0|0|0|0|0|0|0|0|0|0,24
Michigan,SUV,BEV,2031,0|0|0|0|0|0|1|2|4|5|7|6|4|4|5|2|1|1|0|0|0|0|0|0|0|0|0|0|0|0|0,42
Michigan,SUV,BEV,2032,0|0|0|0|0|1|1|2|5|9|12|14|12|5|5|5|2|1|0|0|0|0|0|0|0|0|0|0|0|0|0,74
Michigan,SUV,BEV,2033,0|0|0|0|0|1|2|3|5|11|21|27|30|15|6|6|5|2|1|0|0|0|0|0|0|0|0|0|0|0|0,135
Michigan,SUV,BEV,2034,0|0|0|0|0|1|2|4|7|12|26|46|56|39|18|7|6|5|2|0|0|0|0|0|0|0|0|0|0|0|0,231
Michigan,SUV,BEV,2035,0|0|0|0|1|1|2|5|10|16|28|58|95|73|47|20|7|5|4|1|0|0|0|0|0|0|0|0|0|0|0,373
Michigan,SUV,BEV,2036,0|0|0|0|1|1|3|6|12|22|38|60|118|124|88|51|20|6|4|3|1|0|0|0|0|0|0|0|0|0|0,558
Michigan,SUV,BEV,2037,0|0|0|0|1|2|3|7|15|29|52|83|124|154|150|97|51|18|5|3|2|1|0|0|0|0|0|0|0|0|0,797
Michigan,SUV,BEV,2038,0|0|0|0|1|2|4|8|18|36|67|113|170|162|186|166|97|47|15|4|2|1|0|0|0|0|0|0|0|0|0,1099
Michigan,SUV,BEV,2039,0|0|0|0|1|2|5|10|20|43|82|146|232|222|196|206|166|88|39|12|3|2|1|0|0|0|0|0|0|0|0,1476
Michigan,SUV,BEV,2040,0|0|0|0|1|2|6|12|24|48|98|179|300|303|268|216|206|150|73|30|8|2|1|1|0|0|0|0|0|0|0,1928
Michigan,SUV,BEV,2041,0|0|0|0|1|3|6|14|29|57|110|215|368|391|366|296|216|186|124|56|21|6|1|1|0|0|0|0|0|0|0,2467
Michigan,SUV,BEV,2042,0|0|0|0|1|3|7|15|33|69|129|240|440|479|472|404|296|196|154|95|40|15|4|1|0|0|0|0|0|0|0,3093
Michigan,SUV,BEV,2043,0|0|0|0|1|3|7|16|36|77|157|281|492|574|579|522|404|268|162|118|69|28|10|3|1|0|0|0|0|0|0,3808
Michigan,SUV,BEV,2044,0|0|0|1|1|3|8|18|39|84|174|341|574|642|694|640|522|366|222|124|86|48|19|7|2|0|0|0|0|0|0,4615
Michigan,SUV,BEV,2045,0|0|0|1|1|3|8|19|42|91|191|377|696|748|776|767|640|472|303|170|90|59|32|12|4|1|0|0|0|0|0,5503
Michigan,SUV,BEV,2046,0|0|0|1|1|4|9|20|45|99|207|413|770|907|904|857|767|579|391|232|123|62|40|21|8|3|1|0|0|0|0,6464
Michigan,SUV,BEV,2047,0|0|0|1|2|4|9|21|48|105|223|447|842|1003|1097|999|857|694|479|300|168|85|42|26|14|5|2|0|0|0|0,7473
Michigan,SUV,BEV,2048,0|0|0|1|2|4|9|22|50|111|236|480|911|1098|1213|1212|999|776|574|368|217|116|57|28|17|9|3|1|0|0|0,8514
Michigan,SUV,BEV,2049,0|0|0|1|2|4|10|23|51|115|248|508|975|1187|1328|1340|1212|904|642|440|266|150|78|38|18|11|6|2|1|0|0,9560
Michigan,SUV,BEV,2050,0|0|0|1|2|4|10|24|53|117|258|531|1028|1271|1436|1467|1340|1097|748|492|319|184|101|52|25|12|7|4|1|0|0,10584
Michigan,SUV,PHEV,2020,0|0|0|0|0|0|0|0|0|0|0|0|0|0|0|0|0|0|0|0|0|0|0|0|0|0|0|0|0|0|0,0
Michigan,SUV,PHEV,2021,0|0|0|0|0|0|0|0|0|0|0|0|0|0|0|0|0|0|0|0|0|0|0|0|0|0|0|0|0|0|0,0
Michigan,SUV,PHEV,2022,0|0|0|0|0|0|0|0|0|0|0|0|0|0|0|0|0|0|0|0|0|0|0|0|0|0|0|0|0|0|0,0
Michigan,SUV,PHEV,2023,0|0|0|0|0|0|0|0|0|0|0|0|0|0|0|0|0|0|0|0|0|0|0|0|0|0|0|0|0|0|0,0
Michigan,SUV,PHEV,2024,0|0|0|0|0|0|0|0|0|0|1|0|0|0|0|0|0|0|0|0|0|0|0|0|0|0|0|0|0|0|0,1
Michigan,SUV,PHEV,2025,0|0|0|0|0|0|0|0|0|1|1|1|0|0|0|0|0|0|0|0|0|0|0|0|0|0|0|0|0|0|0,3
Michigan,SUV,PHEV,2026,0|0|0|0|0|0|0|0|0|1|1|2|3|0|0|0|0|0|0|0|0|0|0|0|0|0|0|0|0|0|0,7
Michigan,SUV,PHEV,2027,0|0|0|0|0|0|0|0|0|1|1|3|4|3|0|0|0|0|0|0|0|0|0|0|0|0|0|0|0|0|0,12
Michigan,SUV,PHEV,2028,0|0|0|0|0|0|0|0|0|0|1|3|7|5|4|0|0|0|0|0|0|0|0|0|0|0|0|0|0|0|0,20
Michigan,SUV,PHEV,2029,0|0|0|0|0|0|0|1|1|1|1|3|6|9|6|5|0|0|0|0|0|0|0|0|0|0|0|0|0|0|0,33
Michigan,SUV,PHEV,2030,0|0|0|0|0|0|0|1|1|3|1|2|6|8|11|7|5|0|0|0|0|0|0|0|0|0|0|0|0|0|0,45
Michigan,SUV,PHEV,2031,0|0|0|0|0|0|0|1|2|4|6|3|4|7|10|12|7|4|0|0|0|0|0|0|0|0|0|0|0|0|0,60
Michigan,SUV,PHEV,2032,0|0|0|0|0|0|0|0|3|5|8|13|7|5|9|11|12|6|3|0|0|0|0|0|0|0|0|0|0|0|0,82
Michigan,SUV,PHEV,2033,0|0|0|0|0|0|0|1|1|6|12|18|27|9|6|10|11|11|5|3|0|0|0|0|0|0|0|0|0|0|0,120
Michigan,SUV,PHEV,2034,0|0|0|0|0|0|0|1|2|3|14|26|36|35|11|7|10|10|9|4|2|0|0|0|0|0|0|0|0|0|0,170
Michigan,SUV,PHEV,2035,0|0|0|0|0|0|1|1|2|4|6|30|53|47|42|12|7|9|8|7|3|1|0|0|0|0|0|0|0|0|0,233
Michigan,SUV,PHEV,2036,0|0|0|0|0|0|1|1|3|5|8|13|61|69|57|46|12|6|7|6|5|2|1|0|0|0|0|0|0|0|0,303
Michigan,SUV,PHEV,2037,0|0|0|0|0|0|1|2|3|6|12|18|27|79|83|63|46|11|5|6|5|3|1|1|0|0|0|0|0|0|0,372
Michigan,SUV,PHEV,2038,0|0|0|0|0|0|1|2|4|8|13|27|37|35|96|92|63|42|9|4|4|3|2|1|0|0|0|0|0|0|0,443
Michigan,SUV,PHEV,2039,0|0|0|0|0|0|1|3|5|9|18|29|55|48|42|106|92|57|35|7|3|3|2|2|1|0|0|0|0|0|0,518
Michigan,SUV,PHEV,2040,0|0|0|0|0|0|1|3|6|11|21|38|59|71|58|47|106|83|47|27|5|2|2|1|1|0|0|0|0|0|0,589
Michigan,SUV,PHEV,2041,0|0|0|0|0|0|1|3|7|14|25|45|78|77|86|64|47|96|69|36|19|3|1|1|1|1|0|0|0|0|0,674
Michigan,SUV,PHEV,2042,0|0|0|0|0|0|1|3|7|15|31|54|91|102|94|95|64|42|79|53|26|13|2|1|1|1|0|0|0|0|0,775
Michigan,SUV,PHEV,2043,0|0|0|0|0|1|1|3|7|16|35|66|110|119|124|103|95|58|35|61|38|18|9|1|1|1|0|0|0|0|0,902
Michigan,SUV,PHEV,2044,0|0|0|0|0|1|1|3|7|16|37|75|134|143|144|137|103|86|48|27|44|26|12|6|1|0|0|0|0|0|0,1051
Michigan,SUV,PHEV,2045,0|0|0|0|0|1|1|3|7|16|37|79|151|175|173|159|137|94|71|37|19|31|18|8|4|1|0|0|0|0|0,1222
Michigan,SUV,PHEV,2046,0|0|0|0|0|1|1|3|8|17|37|80|159|197|211|191|159|124|77|55|27|13|21|12|5|2|0|0|0|0|0,1400
Michigan,SUV,PHEV,2047,0|0|0|0|0|1|1|3|8|17|38|80|162|207|239|233|191|144|102|59|40|19|9|14|8|3|2|0|0|0|0,1580
Michigan,SUV,PHEV,2048,0|0|0|0|0|1|1|3|8|17|39|83|163|212|251|264|233|173|119|78|43|27|12|6|9|5|2|1|0|0|0,1750
Michigan,SUV,PHEV,2049,0|0|0|0|0|1|2|3|8|18|39|84|168|213|256|277|264|211|143|91|57|30|18|8|4|6|3|1|1|0|0,1906
Michigan,SUV,PHEV,2050,0|0|0|0|0|1|2|4|8|18|40|84|169|219|258|283|277|239|175|110|66|39|20|12|5|3|4|2|1|0|0,2039
Minnesota,Car,BEV,2020,0|0|0|0|0|0|0|0|0|0|0|0|0|0|0|0|0|0|0|0|0|0|0|0|0|0|0|0|0|0|0,0
Minnesota,Car,BEV,2021,0|0|0|0|0|0|0|0|0|0|0|0|0|0|0|0|0|0|0|0|0|0|0|0|0|0|0|0|0|0|0,0
Minnesota,Car,BEV,2022,0|0|0|0|0|0|0|0|0|0|0|0|0|0|0|0|0|0|0|0|0|0|0|0|0|0|0|0|0|0|0,0
Minnesota,Car,BEV,2023,0|0|0|0|0|0|0|0|0|0|0|0|0|0|0|0|0|0|0|0|0|0|0|0|0|0|0|0|0|0|0,0
Minnesota,Car,BEV,2024,0|0|0|0|0|0|0|0|0|0|1|0|0|0|0|0|0|0|0|0|0|0|0|0|0|0|0|0|0|0|0,1
Minnesota,Car,BEV,2025,0|0|0|0|0|0|0|0|0|0|1|1|0|0|0|0|0|0|0|0|0|0|0|0|0|0|0|0|0|0|0,2
Minnesota,Car,BEV,2026,0|0|0|0|0|0|0|0|1|0|1|1|3|0|0|0|0|0|0|0|0|0|0|0|0|0|0|0|0|0|0,6
Minnesota,Car,BEV,2027,0|0|0|0|0|0|0|0|1|1|1|1|3|3|0|0|0|0|0|0|0|0|0|0|0|0|0|0|0|0|0,10
Minnesota,Car,BEV,2028,0|0|0|0|0|0|0|0|0|1|3|1|3|3|4|0|0|0|0|0|0|0|0|0|0|0|0|0|0|0|0,15
Minnesota,Car,BEV,2029,0|0|0|0|0|0|0|0|1|1|3|7|3|3|4|5|0|0|0|0|0|0|0|0|0|0|0|0|0|0|0,27
Minnesota,Car,BEV,2030,0|0|0|0|0|0|0|0|1|2|2|7|14|3|4|5|5|0|0|0|0|0|0|0|0|0|0|0|0|0|0,43
Minnesota,Car,BEV,2031,0|0|0|0|0|0|0|0|1|2|4|5|15|19|4|5|5|4|0|0|0|0|0|0|0|0|0|0|0|0|0,64
Minnesota,Car,BEV,2032,0|0|0|0|0|0|1|1|1|3|5|8|11|19|23|5|5|4|3|0|0|0|0|0|0|0|0|0|0|0|0,89
Minnesota,Car,BEV,2033,0|0|0|0|0|0|1|2|3|2|6|11|17|14|23|25|5|4|3|3|0|0|0|0|0|0|0|0|0|0|0,119
Minnesota,Car,BEV,2034,0|0|0|0|0|0|1|2|4|7|5|13|23|22|17|26|25|4|3|3|2|0|0|0|0|0|0|0|0|0|0,157
Minnesota,Car,BEV,2035,0|0|0|0|0|1|1|2|5|9|15|12|27|30|26|19|26|23|3|3|2|1|0|0|0|0|0|0|0|0|0,205
Minnesota,Car,BEV,2036,0|0|0|0|0|1|1|3|6|11|20|34|23|36|37|29|19|23|19|3|2|1|1|0|0|0|0|0|0|0|0,269
Minnesota,Car,BEV,2037,0|0|0|0|0|1|1|3|7|14|26|43|69|31|43|41|29|17|19|14|2|1|1|1|0|0|0|0|0|0|0,363
Minnesota,Car,BEV,2038,0|0|0|0|0|1|2|4|8|17|32|56|89|90|37|47|41|26|14|15|10|1|1|1|0|0|0|0|0|0|0,492
Minnesota,Car,BEV,2039,0|0|0|0|0|1|2|4|9|19|38|69|116|116|109|41|47|37|22|11|11|7|1|1|0|0|0|0|0|0|0,661
Minnesota,Car,BEV,2040,0|0|0|0|0|1|2|5|10|21|43|82|142|151|140|120|41|43|30|17|8|7|5|1|0|0|0|0|0|0|0,869
Minnesota,Car,BEV,2041,0|0|0|0|0|1|2|5|11|23|47|94|168|185|182|155|120|37|36|23|12|6|5|3|0|0|0|0|0|0|0,1115
Minnesota,Car,BEV,2042,0|0|0|0|0|1|2|5|12|27|52|103|192|219|224|202|155|109|31|27|17|8|4|3|2|0|0|0|0|0|0,1395
Minnesota,Car,BEV,2043,0|0|0|0|0|1|3|6|13|29|61|114|211|250|264|248|202|140|90|23|20|12|6|2|2|1|0|0|0|0|0,1698
Minnesota,Car,BEV,2044,0|0|0|0|1|1|3|6|14|31|65|132|232|275|302|292|248|182|116|69|17|14|8|4|2|1|1|0|0|0|0,2016
Minnesota,Car,BEV,2045,0|0|0|0|1|1|3|7|15|33|70|141|270|303|332|334|292|224|151|89|50|12|9|5|2|1|1|1|0|0|0,2347
Minnesota,Car,BEV,2046,0|0|0|0|1|1|3|7|16|35|75|151|288|352|366|367|334|264|185|116|64|35|8|6|3|2|1|1|0|0|0,2681
Minnesota,Car,BEV,2047,0|0|0|0|1|1|3|8|18|38|79|161|307|376|425|405|367|302|219|142|84|45|23|5|4|2|1|0|0|0|0,3016
Minnesota,Car,BEV,2048,0|0|0|0|1|2|4|8|19|40|85|170|326|400|454|470|405|332|250|168|103|58|30|15|3|3|1|1|0|0|0,3348
Minnesota,Car,BEV,2049,0|0|0|0|1|2|4|9|19|43|90|181|344|425|484|502|470|366|275|192|121|71|39|20|10|2|2|1|0|0|0,3673
Minnesota,Car,BEV,2050,0|0|0|0|1|2|4|9|20|44|95|192|365|449|514|534|502|425|303|211|139|84|48|26|13|6|1|1|1|0|0,3989
Minnesota,Car,PHEV,2020,0|0|0|0|0|0|0|0|0|0|0|0|0|0|0|0|0|0|0|0|0|0|0|0|0|0|0|0|0|0|0,0
Minnesota,Car,PHEV,2021,0|0|0|0|0|0|0|0|0|0|0|0|0|0|0|0|0|0|0|0|0|0|0|0|0|0|0|0|0|0|0,0
Minnesota,Car,PHEV,2022,0|0|0|0|0|0|0|0|0|0|0|0|0|0|0|0|0|0|0|0|0|0|0|0|0|0|0|0|0|0|0,0
Minnesota,Car,PHEV,2023,0|0|0|0|0|0|0|0|0|0|0|0|0|0|0|0|0|0|0|0|0|0|0|0|0|0|0|0|0|0|0,0
Minnesota,Car,PHEV,2024,0|0|0|0|0|0|0|0|0|0|1|0|0|0|0|0|0|0|0|0|0|0|0|0|0|0|0|0|0|0|0,1
Minnesota,Car,PHEV,2025,0|0|0|0|0|0|0|0|0|0|0|1|0|0|0|0|0|0|0|0|0|0|0|0|0|0|0|0|0|0|0,1
Minnesota,Car,PHEV,2026,0|0|0|0|0|0|0|0|0|0|1|1|3|0|0|0|0|0|0|0|0|0|0|0|0|0|0|0|0|0|0,5
Minnesota,Car,PHEV,2027,0|0|0|0|0|0|0|0|0|1|1|2|2|4|0|0|0|0|0|0|0|0|0|0|0|0|0|0|0|0|0,10
Minnesota,Car,PHEV,2028,0|0|0|0|0|0|0|0|0|0|2|2|4|2|5|0|0|0|0|0|0|0|0|0|0|0|0|0|0|0|0,15
Minnesota,Car,PHEV,2029,0|0|0|0|0|0|0|0|0|0|1|4|5|5|3|5|0|0|0|0|0|0|0|0|0|0|0|0|0|0|0,23
Minnesota,Car,PHEV,2030,0|0|0|0|0|0|0|0|0|0|1|2|8|6|6|3|5|0|0|0|0|0|0|0|0|0|0|0|0|0|0,31
Minnesota,Car,PHEV,2031,0|0|0|0|0|0|0|0|0|0|1|2|4|10|8|7|3|5|0|0|0|0|0|0|0|0|0|0|0|0|0,40
Minnesota,Car,PHEV,2032,0|0|0|0|0|0|0|0|0|0|1|2|3|5|12|8|7|3|4|0|0|0|0|0|0|0|0|0|0|0|0,45
Minnesota,Car,PHEV,2033,0|0|0|0|0|0|0|0|1|0|1|1|4|4|6|13|8|6|2|3|0|0|0|0|0|0|0|0|0|0|0,49
Minnesota,Car,PHEV,2034,0|0|0|0|0|0|0|1|1|2|1|1|3|6|5|7|13|8|5|2|2|0|0|0|0|0|0|0|0|0|0,57
Minnesota,Car,PHEV,2035,0|0|0|0|0|0|0|1|1|2|4|1|2|4|7|6|7|12|6|4|1|1|0|0|0|0|0|0|0|0|0,59
Minnesota,Car,PHEV,2036,0|0|0|0|0|0|0|1|1|3|4|8|3|3|5|8|6|6|10|5|3|1|1|0|0|0|0|0|0|0|0,68
Minnesota,Car,PHEV,2037,0|0|0|0|0|0|0|1|2|3|6|10|15|4|4|5|8|5|5|8|3|2|1|1|0|0|0|0|0|0|0,83
Minnesota,Car,PHEV,2038,0|0|0|0|0|0|0|1|2|4|6|14|20|20|5|4|5|7|4|4|5|2|1|0|0|0|0|0|0|0|0,104
Minnesota,Car,PHEV,2039,0|0|0|0|0|0|0|1|2|4|8|14|28|26|24|5|4|5|6|3|3|4|2|1|0|0|0|0|0|0|0,140
Minnesota,Car,PHEV,2040,0|0|0|0|0|0|0|1|2|5|9|18|28|36|31|27|5|4|4|4|2|2|3|1|1|0|0|0|0|0|0,183
Minnesota,Car,PHEV,2041,0|0|0|0|0|0|0|1|2|5|10|19|36|37|44|34|27|5|3|3|3|2|1|2|1|0|0|0|0|0|0,235
Minnesota,Car,PHEV,2042,0|0|0|0|0|0|0|1|2|6|12|22|39|47|45|49|34|24|4|2|2|2|1|1|1|0|0|0|0|0|0,294
Minnesota,Car,PHEV,2043,0|0|0|0|0|0|0|1|3|6|13|26|46|51|57|49|49|31|20|3|2|1|1|1|1|1|0|0|0|0|0,362
Minnesota,Car,PHEV,2044,0|0|0|0|0|0|1|1|3|6|13|28|53|60|62|63|49|44|26|15|2|1|1|1|0|0|0|0|0|0|0,429
Minnesota,Car,PHEV,2045,0|0|0|0|0|0|1|1|3|6|14|29|57|69|72|68|63|45|36|20|11|1|1|1|1|0|0|0|0|0|0,499
Minnesota,Car,PHEV,2046,0|0|0|0|0|0|1|1|3|6|14|29|59|75|84|80|68|57|37|28|14|8|1|0|0|0|0|0|0|0|0,565
Minnesota,Car,PHEV,2047,0|0|0|0|0|0|1|1|3|7|14|30|60|77|90|92|80|62|47|28|20|10|5|1|0|0|0|0|0|0|0,628
Minnesota,Car,PHEV,2048,0|0|0|0|0|0|1|1|3|7|14|30|61|78|93|100|92|72|51|36|21|14|7|3|0|0|0|0|0|0|0,684
Minnesota,Car,PHEV,2049,0|0|0|0|0|0|1|1|3|7|15|31|61|79|94|102|100|84|60|39|26|14|9|4|2|0|0|0|0|0|0,732
Minnesota,Car,PHEV,2050,0|0|0|0|0|0|1|1|3|7|15|31|62|79|95|104|102|90|69|46|28|18|10|6|3|1|0|0|0|0|0,771
Minnesota,SUV,BEV,2020,0|0|0|0|0|0|0|0|0|0|0|0|0|0|0|0|0|0|0|0|0|0|0|0|0|0|0|0|0|0|0,0
Minnesota,SUV,BEV,2021,0|0|0|0|0|0|0|0|0|0|0|0|0|0|0|0|0|0|0|0|0|0|0|0|0|0|0|0|0|0|0,0
Minnesota,SUV,BEV,2022,0|0|0|0|0|0|0|0|0|0|0|0|0|0|0|0|0|0|0|0|0|0|0|0|0|0|0|0|0|0|0,0
Minnesota,SUV,BEV,2023,0|0|0|0|0|0|0|0|0|0|0|0|0|0|0|0|0|0|0|0|0|0|0|0|0|0|0|0|0|0|0,0
Minnesota,SUV,BEV,2024,0|0|0|0|0|0|0|0|0|0|0|0|0|0|0|0|0|0|0|0|0|0|0|0|0|0|0|0|0|0|0,0
Minnesota,SUV,BEV,2025,0|0|0|0|0|0|0|0|0|0|0|0|0|0|0|0|0|0|0|0|0|0|0|0|0|0|0|0|0|0|0,0
Minnesota,SUV,BEV,2026,0|0|0|0|0|0|0|0|0|0|0|0|0|0|0|0|0|0|0|0|0|0|0|0|0|0|0|0|0|0|0,0
Minnesota,SUV,BEV,2027,0|0|0|0|0|0|0|0|0|0|1|1|0|0|0|0|0|0|0|0|0|0|0|0|0|0|0|0|0|0|0,2
Minnesota,SUV,BEV,2028,0|0|0|0|0|0|0|0|0|0|1|1|1|1|1|0|0|0|0|0|0|0|0|0|0|0|0|0|0|0|0,5
Minnesota,SUV,BEV,2029,0|0|0|0|0|0|0|1|1|1|1|2|3|2|1|1|0|0|0|0|0|0|0|0|0|0|0|0|0|0|0,13
Minnesota,SUV,BEV,2030,0|0|0|0|0|0|1|1|2|2|2|2|4|3|2|1|1|0|0|0|0|0|0|0|0|0|0|0|0|0|0,21
Minnesota,SUV,BEV,2031,0|0|0|0|0|0|1|1|3|4|6|5|4|5|4|2|1|1|0|0|0|0|0|0|0|0|0|0|0|0|0,37
Minnesota,SUV,BEV,2032,0|0|0|0|0|0|1|2|4|7|9|12|11|6|6|5|2|1|0|0|0|0|0|0|0|0|0|0|0|0|0,66
Minnesota,SUV,BEV,2033,0|0|0|0|0|1|1|2|4|8|16|20|25|15|7|7|5|2|1|0|0|0|0|0|0|0|0|0|0|0|0,114
Minnesota,SUV,BEV,2034,0|0|0|0|0|1|1|3|5|9|19|34|41|33|18|7|7|4|2|0|0|0|0|0|0|0|0|0|0|0|0,184
Minnesota,SUV,BEV,2035,0|0|0|0|0|1|2|3|7|12|20|42|70|53|40|19|7|6|3|1|0|0|0|0|0|0|0|0|0|0|0,286
Minnesota,SUV,BEV,2036,0|0|0|0|0|1|2|4|8|16|26|43|87|92|64|44|19|7|5|3|1|0|0|0|0|0|0|0|0|0|0,422
Minnesota,SUV,BEV,2037,0|0|0|0|1|1|2|5|10|20|36|58|89|114|111|71|44|18|6|4|2|1|0|0|0|0|0|0|0|0|0,593
Minnesota,SUV,BEV,2038,0|0|0|0|1|1|3|6|13|25|46|78|119|115|138|123|71|40|15|4|3|1|0|0|0|0|0|0|0|0|0,802
Minnesota,SUV,BEV,2039,0|0|0|0|1|2|3|7|15|30|56|100|161|155|140|152|123|64|33|11|3|2|1|0|0|0|0|0|0|0|0,1059
Minnesota,SUV,BEV,2040,0|0|0|0|1|2|4|8|17|34|68|123|206|210|188|154|152|111|53|25|8|2|1|1|0|0|0|0|0|0|0,1368
Minnesota,SUV,BEV,2041,0|0|0|0|1|2|4|9|20|39|78|148|253|269|254|207|154|138|92|41|18|6|1|1|0|0|0|0|0|0|0,1735
Minnesota,SUV,BEV,2042,0|0|0|0|1|2|4|10|23|48|90|170|304|330|325|280|207|140|114|70|30|13|4|1|1|0|0|0|0|0|0,2167
Minnesota,SUV,BEV,2043,0|0|0|0|1|2|5|11|24|53|108|195|348|396|399|359|280|188|115|87|51|20|9|2|1|0|0|0|0|0|0,2654
Minnesota,SUV,BEV,2044,0|0|0|0|1|2|5|12|26|57|119|235|399|454|479|440|359|254|155|89|63|35|14|6|2|0|0|0|0|0|0,3206
Minnesota,SUV,BEV,2045,0|0|0|0|1|2|6|13|28|61|130|259|479|520|549|529|440|325|210|119|64|44|24|9|4|1|0|0|0|0|0,3817
Minnesota,SUV,BEV,2046,0|0|0|0|1|2|6|14|30|66|138|281|527|625|629|607|529|399|269|161|86|44|29|16|6|2|1|0|0|0|0,4468
Minnesota,SUV,BEV,2047,0|0|0|0|1|3|6|14|32|70|149|300|571|687|756|695|607|479|330|206|116|60|30|19|10|4|2|0|0|0|0,5147
Minnesota,SUV,BEV,2048,0|0|0|0|1|3|6|15|34|74|158|320|610|745|831|835|695|549|396|253|149|81|40|20|13|7|2|1|0|0|0,5838
Minnesota,SUV,BEV,2049,0|0|0|0|1|3|7|15|35|78|166|340|650|795|901|918|835|629|454|304|183|103|54|26|13|8|4|2|1|0|0,6525
Minnesota,SUV,BEV,2050,0|0|0|0|1|3|7|16|36|80|174|356|688|848|961|995|918|756|520|348|220|127|70|36|17|8|5|3|1|0|0,7194
Minnesota,SUV,PHEV,2020,0|0|0|0|0|0|0|0|0|0|0|0|0|0|0|0|0|0|0|0|0|0|0|0|0|0|0|0|0|0|0,0
Minnesota,SUV,PHEV,2021,0|0|0|0|0|0|0|0|0|0|0|0|0|0|0|0|0|0|0|0|0|0|0|0|0|0|0|0|0|0|0,0
Minnesota,SUV,PHEV,2022,0|0|0|0|0|0|0|0|0|0|0|0|0|0|0|0|0|0|0|0|0|0|0|0|0|0|0|0|0|0|0,0
Minnesota,SUV,PHEV,2023,0|0|0|0|0|0|0|0|0|0|0|0|0|0|0|0|0|0|0|0|0|0|0|0|0|0|0|0|0|0|0,0
Minnesota,SUV,PHEV,2024,0|0|0|0|0|0|0|0|0|0|0|0|0|0|0|0|0|0|0|0|0|0|0|0|0|0|0|0|0|0|0,0
Minnesota,SUV,PHEV,2025,0|0|0|0|0|0|0|0|0|0|0|0|0|0|0|0|0|0|0|0|0|0|0|0|0|0|0|0|0|0|0,0
Minnesota,SUV,PHEV,2026,0|0|0|0|0|0|0|0|0|0|0|0|0|0|0|0|0|0|0|0|0|0|0|0|0|0|0|0|0|0|0,0
Minnesota,SUV,PHEV,2027,0|0|0|0|0|0|0|0|0|0|0|1|1|1|0|0|0|0|0|0|0|0|0|0|0|0|0|0|0|0|0,3
Minnesota,SUV,PHEV,2028,0|0|0|0|0|0|0|0|0|0|0|1|1|1|1|0|0|0|0|0|0|0|0|0|0|0|0|0|0|0|0,4
Minnesota,SUV,PHEV,2029,0|0|0|0|0|0|0|0|1|0|0|1|2|2|1|1|0|0|0|0|0|0|0|0|0|0|0|0|0|0|0,8
Minnesota,SUV,PHEV,2030,0|0|0|0|0|0|0|0|1|1|1|1|2|2|2|1|1|0|0|0|0|0|0|0|0|0|0|0|0|0|0,12
Minnesota,SUV,PHEV,2031,0|0|0|0|0|0|0|1|1|2|3|2|2|3|3|2|1|1|0|0|0|0|0|0|0|0|0|0|0|0|0,21
Minnesota,SUV,PHEV,2032,0|0|0|0|0|0|0|0|1|3|4|7|4|2|3|3|2|1|1|0|0|0|0|0|0|0|0|0|0|0|0,31
Minnesota,SUV,PHEV,2033,0|0|0|0|0|0|0|0|1|3|6|8|14|5|3|3|3|2|1|0|0|0|0|0|0|0|0|0|0|0|0,49
Minnesota,SUV,PHEV,2034,0|0|0|0|0|0|0|1|1|2|7|14|18|18|6|3|3|3|2|1|0|0|0|0|0|0|0|0|0|0|0,79
Minnesota,SUV,PHEV,2035,0|0|0|0|0|0|0|1|2|3|4|16|29|23|22|6|3|3|2|1|1|0|0|0|0|0|0|0|0|0|0,116
Minnesota,SUV,PHEV,2036,0|0|0|0|0|0|0|1|2|4|6|9|33|38|28|24|6|3|3|2|1|0|0|0|0|0|0|0|0|0|0,160
Minnesota,SUV,PHEV,2037,0|0|0|0|0|0|1|1|2|4|9|13|19|44|46|31|24|6|2|2|1|1|0|0|0|0|0|0|0|0|0,206
Minnesota,SUV,PHEV,2038,0|0|0|0|0|0|1|1|3|5|9|19|26|25|53|51|31|22|5|2|1|1|0|0|0|0|0|0|0|0|0,255
Minnesota,SUV,PHEV,2039,0|0|0|0|0|0|1|2|3|6|12|20|38|34|30|58|51|28|18|4|1|1|1|0|0|0|0|0|0|0|0,308
Minnesota,SUV,PHEV,2040,0|0|0|0|0|0|1|2|4|8|14|27|41|50|41|33|58|46|23|14|3|1|1|0|0|0|0|0|0|0|0,367
Minnesota,SUV,PHEV,2041,0|0|0|0|0|0|1|2|5|9|18|31|54|53|60|45|33|53|38|18|10|2|1|0|0|0|0|0|0|0|0,433
Minnesota,SUV,PHEV,2042,0|0|0|0|0|0|1|2|5|11|21|38|63|71|65|66|45|30|44|29|13|7|1|0|0|0|0|0|0|0|0,512
Minnesota,SUV,PHEV,2043,0|0|0|0|0|0|1|2|5|11|24|46|78|82|86|71|66|41|25|33|21|9|5|1|0|0|0|0|0|0|0,607
Minnesota,SUV,PHEV,2044,0|0|0|0|0|0|1|2|5|11|25|52|94|101|99|95|71|60|34|19|24|15|6|3|1|0|0|0|0|0|0,718
Minnesota,SUV,PHEV,2045,0|0|0|0|0|0|1|2|5|11|25|54|105|122|122|110|95|65|50|26|14|17|10|4|2|0|0|0|0|0|0,840
Minnesota,SUV,PHEV,2046,0|0|0|0|0|0|1|2|5|12|25|55|110|137|148|135|110|86|53|38|19|10|11|6|3|1|0|0|0|0|0,967
Minnesota,SUV,PHEV,2047,0|0|0|0|0|0|1|2|5|12|26|55|112|143|165|163|135|99|71|41|28|13|6|7|4|2|1|0|0|0|0,1091
Minnesota,SUV,PHEV,2048,0|0|0|0|0|0|1|2|5|12|27|57|112|146|173|183|163|122|82|54|30|19|9|4|5|3|1|1|0|0|0,1211
Minnesota,SUV,PHEV,2049,0|0|0|0|0|0|1|2|5|12|27|57|115|146|176|191|183|148|101|63|39|21|13|6|3|3|2|1|0|0|0,1315
Minnesota,SUV,PHEV,2050,0|0|0|0|0|0|1|2|6|12|27|57|115|149|177|195|191|165|122|78|46|27|14|8|4|2|2|1|0|0|0,1401
Mississippi,Car,BEV,2020,0|0|0|0|0|0|0|0|0|0|0|0|0|0|0|0|0|0|0|0|0|0|0|0|0|0|0|0|0|0|0,0
Mississippi,Car,BEV,2021,0|0|0|0|0|0|0|0|0|0|0|0|0|0|0|0|0|0|0|0|0|0|0|0|0|0|0|0|0|0|0,0
Mississippi,Car,BEV,2022,0|0|0|0|0|0|0|0|0|0|0|0|0|0|0|0|0|0|0|0|0|0|0|0|0|0|0|0|0|0|0,0
Mississippi,Car,BEV,2023,0|0|0|0|0|0|0|0|0|0|0|0|0|0|0|0|0|0|0|0|0|0|0|0|0|0|0|0|0|0|0,0
Mississippi,Car,BEV,2024,0|0|0|0|0|0|0|0|0|0|0|0|0|0|0|0|0|0|0|0|0|0|0|0|0|0|0|0|0|0|0,0
Mississippi,Car,BEV,2025,0|0|0|0|0|0|0|0|0|0|0|0|0|0|0|0|0|0|0|0|0|0|0|0|0|0|0|0|0|0|0,0
Mississippi,Car,BEV,2026,0|0|0|0|0|0|0|0|0|0|0|0|0|0|0|0|0|0|0|0|0|0|0|0|0|0|0|0|0|0|0,0
Mississippi,Car,BEV,2027,0|0|0|0|0|0|0|0|0|0|0|0|0|0|0|0|0|0|0|0|0|0|0|0|0|0|0|0|0|0|0,0
Mississippi,Car,BEV,2028,0|0|0|0|0|0|0|0|0|0|0|0|0|0|0|0|0|0|0|0|0|0|0|0|0|0|0|0|0|0|0,0
Mississippi,Car,BEV,2029,0|0|0|0|0|0|0|0|0|0|0|0|0|0|0|0|0|0|0|0|0|0|0|0|0|0|0|0|0|0|0,0
Mississippi,Car,BEV,2030,0|0|0|0|0|0|0|0|0|0|0|0|1|0|0|0|0|0|0|0|0|0|0|0|0|0|0|0|0|0|0,1
Mississippi,Car,BEV,2031,0|0|0|0|0|0|0|0|0|0|0|0|1|1|0|0|0|0|0|0|0|0|0|0|0|0|0|0|0|0|0,2
Mississippi,Car,BEV,2032,0|0|0|0|0|0|0|1|0|0|0|1|1|1|1|0|0|0|0|0|0|0|0|0|0|0|0|0|0|0|0,5
Mississippi,Car,BEV,2033,0|0|0|0|0|0|0|1|2|0|1|1|1|1|1|1|0|0|0|0|0|0|0|0|0|0|0|0|0|0|0,9
Mississippi,Car,BEV,2034,0|0|0|0|0|0|1|1|2|4|0|1|2|2|1|2|1|0|0|0|0|0|0|0|0|0|0|0|0|0|0,17
Mississippi,Car,BEV,2035,0|0|0|0|0|0|1|1|3|5|8|1|3|3|2|1|2|1|0|0|0|0|0|0|0|0|0|0|0|0|0,31
Mississippi,Car,BEV,2036,0|0|0|0|0|0|1|2|3|6|11|18|2|3|3|2|1|1|1|0|0|0|0|0|0|0|0|0|0|0|0,54
Mississippi,Car,BEV,2037,0|0|0|0|0|0|1|2|4|8|14|24|37|3|4|4|2|1|1|1|0|0|0|0|0|0|0|0|0|0|0,106
Mississippi,Car,BEV,2038,0|0|0|0|0|0|1|2|4|9|17|31|49|48|3|4|4|2|1|1|1|0|0|0|0|0|0|0|0|0|0,177
Mississippi,Car,BEV,2039,0|0|0|0|0|0|1|2|5|10|20|38|63|64|58|4|4|3|2|1|1|0|0|0|0|0|0|0|0|0|0,276
Mississippi,Car,BEV,2040,0|0|0|0|0|0|1|2|5|11|23|45|78|82|77|64|4|4|3|1|1|0|0|0|0|0|0|0|0|0|0,401
Mississippi,Car,BEV,2041,0|0|0|0|0|1|1|3|6|12|25|51|92|101|100|85|64|3|3|2|1|0|0|0|0|0|0|0|0|0|0,550
Mississippi,Car,BEV,2042,0|0|0|0|0|1|1|3|6|14|27|54|105|120|122|110|85|58|3|3|2|1|0|0|0|0|0|0|0|0|0,715
Mississippi,Car,BEV,2043,0|0|0|0|0|1|1|3|7|15|31|60|110|137|145|135|110|77|48|2|2|1|0|0|0|0|0|0|0|0|0,885
Mississippi,Car,BEV,2044,0|0|0|0|0|1|1|3|8|16|34|69|122|144|165|160|135|100|64|37|2|1|1|0|0|0|0|0|0|0|0,1063
Mississippi,Car,BEV,2045,0|0|0|0|0|1|2|4|8|17|36|73|141|160|174|182|160|122|82|49|27|1|1|0|0|0|0|0|0|0|0,1240
Mississippi,Car,BEV,2046,0|0|0|0|0|1|2|4|8|18|39|78|150|183|193|192|182|145|101|63|35|19|1|1|0|0|0|0|0|0|0,1415
Mississippi,Car,BEV,2047,0|0|0|0|0|1|2|4|9|19|41|83|159|195|222|213|192|165|120|78|46|25|13|0|0|0|0|0|0|0|0,1587
Mississippi,Car,BEV,2048,0|0|0|0|0|1|2|4|9|20|43|87|168|207|236|245|213|174|137|92|56|32|17|8|0|0|0|0|0|0|0,1751
Mississippi,Car,BEV,2049,0|0|0|0|0|1|2|4|10|21|45|92|175|219|250|261|245|193|144|105|66|39|21|11|5|0|0|0|0|0|0,1909
Mississippi,Car,BEV,2050,0|0|0|0|0|1|2|4|10|22|47|96|184|229|265|276|261|222|160|110|76|46|26|14|7|3|0|0|0|0|0,2061
Mississippi,Car,PHEV,2020,0|0|0|0|0|0|0|0|0|0|0|0|0|0|0|0|0|0|0|0|0|0|0|0|0|0|0|0|0|0|0,0
Mississippi,Car,PHEV,2021,0|0|0|0|0|0|0|0|0|0|0|0|0|0|0|0|0|0|0|0|0|0|0|0|0|0|0|0|0|0|0,0
Mississippi,Car,PHEV,2022,0|0|0|0|0|0|0|0|0|0|0|0|0|0|0|0|0|0|0|0|0|0|0|0|0|0|0|0|0|0|0,0
Mississippi,Car,PHEV,2023,0|0|0|0|0|0|0|0|0|0|0|0|0|0|0|0|0|0|0|0|0|0|0|0|0|0|0|0|0|0|0,0
Mississippi,Car,PHEV,2024,0|0|0|0|0|0|0|0|0|0|0|0|0|0|0|0|0|0|0|0|0|0|0|0|0|0|0|0|0|0|0,0
Mississippi,Car,PHEV,2025,0|0|0|0|0|0|0|0|0|0|0|0|0|0|0|0|0|0|0|0|0|0|0|0|0|0|0|0|0|0|0,0
Mississippi,Car,PHEV,2026,0|0|0|0|0|0|0|0|0|0|0|0|0|0|0|0|0|0|0|0|0|0|0|0|0|0|0|0|0|0|0,0
Mississippi,Car,PHEV,2027,0|0|0|0|0|0|0|0|0|0|0|0|0|0|0|0|0|0|0|0|0|0|0|0|0|0|0|0|0|0|0,0
Mississippi,Car,PHEV,2028,0|0|0|0|0|0|0|0|0|0|0|0|0|0|0|0|0|0|0|0|0|0|0|0|0|0|0|0|0|0|0,0
Mississippi,Car,PHEV,2029,0|0|0|0|0|0|0|0|0|0|0|0|0|0|0|0|0|0|0|0|0|0|0|0|0|0|0|0|0|0|0,0
Mississippi,Car,PHEV,2030,0|0|0|0|0|0|0|0|0|0|0|0|1|0|0|0|0|0|0|0|0|0|0|0|0|0|0|0|0|0|0,1
Mississippi,Car,PHEV,2031,0|0|0|0|0|0|0|0|0|0|0|0|0|1|1|0|0|0|0|0|0|0|0|0|0|0|0|0|0|0|0,2
Mississippi,Car,PHEV,2032,0|0|0|0|0|0|0|0|0|0|0|0|0|0|1|1|0|0|0|0|0|0|0|0|0|0|0|0|0|0|0,2
Mississippi,Car,PHEV,2033,0|0|0|0|0|0|0|0|0|0|0|0|0|0|0|1|1|0|0|0|0|0|0|0|0|0|0|0|0|0|0,2
Mississippi,Car,PHEV,2034,0|0|0|0|0|0|0|0|0|1|0|0|0|0|0|1|1|1|0|0|0|0|0|0|0|0|0|0|0|0|0,4
Mississippi,Car,PHEV,2035,0|0|0|0|0|0|0|0|1|1|2|0|0|0|1|0|1|1|0|0|0|0|0|0|0|0|0|0|0|0|0,7
Mississippi,Car,PHEV,2036,0|0|0|0|0|0|0|0|1|1|2|4|0|0|0|1|0|0|1|0|0|0|0|0|0|0|0|0|0|0|0,10
Mississippi,Car,PHEV,2037,0|0|0|0|0|0|0|0|1|2|3|5|8|0|0|1|1|0|0|1|0|0|0|0|0|0|0|0|0|0|0,22
Mississippi,Car,PHEV,2038,0|0|0|0|0|0|0|0|1|2|4|7|11|11|0|0|1|1|0|0|0|0|0|0|0|0|0|0|0|0|0,38
Mississippi,Car,PHEV,2039,0|0|0|0|0|0|0|0|1|2|4|8|15|14|13|0|0|0|0|0|0|0|0|0|0|0|0|0|0|0|0,57
Mississippi,Car,PHEV,2040,0|0|0|0|0|0|0|1|1|2|5|10|16|20|17|14|0|0|0|0|0|0|0|0|0|0|0|0|0|0|0,86
Mississippi,Car,PHEV,2041,0|0|0|0|0|0|0|1|1|3|5|11|20|20|24|18|14|0|0|0|0|0|0|0|0|0|0|0|0|0|0,117
Mississippi,Car,PHEV,2042,0|0|0|0|0|0|0|1|1|3|6|12|22|26|25|26|18|13|0|0|0|0|0|0|0|0|0|0|0|0|0,153
Mississippi,Car,PHEV,2043,0|0|0|0|0|0|0|1|1|3|7|14|25|28|31|27|26|17|11|0|0|0|0|0|0|0|0|0|0|0|0,191
Mississippi,Car,PHEV,2044,0|0|0|0|0|0|0|1|1|3|7|15|28|32|34|35|27|24|14|8|0|0|0|0|0|0|0|0|0|0|0,229
Mississippi,Car,PHEV,2045,0|0|0|0|0|0|0|1|1|3|7|15|31|37|39|38|35|25|20|11|6|0|0|0|0|0|0|0|0|0|0,269
Mississippi,Car,PHEV,2046,0|0|0|0|0|0|0|1|2|3|7|16|31|40|45|43|38|31|20|15|8|4|0|0|0|0|0|0|0|0|0,304
Mississippi,Car,PHEV,2047,0|0|0|0|0|0|0|1|2|3|8|16|32|40|49|50|43|34|26|16|11|5|3|0|0|0|0|0|0|0|0,339
Mississippi,Car,PHEV,2048,0|0|0|0|0|0|0|1|2|3|8|16|32|41|49|54|50|39|28|20|11|8|4|2|0|0|0|0|0|0|0,368
Mississippi,Car,PHEV,2049,0|0|0|0|0|0|0|1|2|4|8|16|32|42|50|54|54|45|32|22|14|8|5|2|1|0|0|0|0|0|0,392
Mississippi,Car,PHEV,2050,0|0|0|0|0|0|0|1|2|4|8|16|32|42|50|55|54|49|37|25|16|10|5|3|2|1|0|0|0|0|0,412
Mississippi,SUV,BEV,2020,0|0|0|0|0|0|0|0|0|0|0|0|0|0|0|0|0|0|0|0|0|0|0|0|0|0|0|0|0|0|0,0
Mississippi,SUV,BEV,2021,0|0|0|0|0|0|0|0|0|0|0|0|0|0|0|0|0|0|0|0|0|0|0|0|0|0|0|0|0|0|0,0
Mississippi,SUV,BEV,2022,0|0|0|0|0|0|0|0|0|0|0|0|0|0|0|0|0|0|0|0|0|0|0|0|0|0|0|0|0|0|0,0
Mississippi,SUV,BEV,2023,0|0|0|0|0|0|0|0|0|0|0|0|0|0|0|0|0|0|0|0|0|0|0|0|0|0|0|0|0|0|0,0
Mississippi,SUV,BEV,2024,0|0|0|0|0|0|0|0|0|0|0|0|0|0|0|0|0|0|0|0|0|0|0|0|0|0|0|0|0|0|0,0
Mississippi,SUV,BEV,2025,0|0|0|0|0|0|0|0|0|0|0|0|0|0|0|0|0|0|0|0|0|0|0|0|0|0|0|0|0|0|0,0
Mississippi,SUV,BEV,2026,0|0|0|0|0|0|0|0|0|0|0|0|0|0|0|0|0|0|0|0|0|0|0|0|0|0|0|0|0|0|0,0
Mississippi,SUV,BEV,2027,0|0|0|0|0|0|0|0|0|0|0|0|0|0|0|0|0|0|0|0|0|0|0|0|0|0|0|0|0|0|0,0
Mississippi,SUV,BEV,2028,0|0|0|0|0|0|0|0|0|0|0|0|0|0|0|0|0|0|0|0|0|0|0|0|0|0|0|0|0|0|0,0
Mississippi,SUV,BEV,2029,0|0|0|0|0|0|0|0|0|0|0|0|0|0|0|0|0|0|0|0|0|0|0|0|0|0|0|0|0|0|0,0
Mississippi,SUV,BEV,2030,0|0|0|0|0|0|0|0|0|0|0|0|0|0|0|0|0|0|0|0|0|0|0|0|0|0|0|0|0|0|0,0
Mississippi,SUV,BEV,2031,0|0|0|0|0|0|0|0|0|0|0|0|0|0|0|0|0|0|0|0|0|0|0|0|0|0|0|0|0|0|0,0
Mississippi,SUV,BEV,2032,0|0|0|0|0|0|0|1|0|1|1|1|1|0|0|0|0|0|0|0|0|0|0|0|0|0|0|0|0|0|0,5
Mississippi,SUV,BEV,2033,0|0|0|0|0|0|1|1|2|1|1|2|2|1|0|0|0|0|0|0|0|0|0|0|0|0|0|0|0|0|0,11
Mississippi,SUV,BEV,2034,0|0|0|0|0|0|1|1|2|4|2|3|4|3|1|0|0|0|0|0|0|0|0|0|0|0|0|0|0|0|0,21
Mississippi,SUV,BEV,2035,0|0|0|0|0|0|1|2|3|6|10|4|7|5|3|1|0|0|0|0|0|0|0|0|0|0|0|0|0|0|0,42
Mississippi,SUV,BEV,2036,0|0|0|0|0|0|1|2|4|7|13|21|8|9|6|3|1|0|0|0|0|0|0|0|0|0|0|0|0|0|0,75
Mississippi,SUV,BEV,2037,0|0|0|0|0|0|1|2|5|9|17|28|43|11|10|7|3|1|0|0|0|0|0|0|0|0|0|0|0|0|0,137
Mississippi,SUV,BEV,2038,0|0|0|0|0|1|1|2|5|11|21|37|58|56|13|11|7|3|1|0|0|0|0|0|0|0|0|0|0|0|0,227
Mississippi,SUV,BEV,2039,0|0|0|0|0|1|1|3|6|13|25|46|76|75|68|15|11|6|3|1|0|0|0|0|0|0|0|0|0|0|0,350
Mississippi,SUV,BEV,2040,0|0|0|0|0|1|1|3|6|14|29|55|94|99|91|75|15|10|5|2|1|0|0|0|0|0|0|0|0|0|0,501
Mississippi,SUV,BEV,2041,0|0|0|0|0|1|2|4|8|15|31|64|113|123|120|101|75|13|9|4|1|0|0|0|0|0|0|0|0|0|0,684
Mississippi,SUV,BEV,2042,0|0|0|0|0|1|2|4|8|18|35|68|131|147|149|132|101|68|11|7|3|1|0|0|0|0|0|0|0|0|0,886
Mississippi,SUV,BEV,2043,0|0|0|0|0|1|2|4|9|20|42|77|140|171|178|164|132|91|56|8|5|2|1|0|0|0|0|0|0|0|0,1103
Mississippi,SUV,BEV,2044,0|0|0|0|0|1|2|5|10|22|45|91|158|183|207|196|164|120|75|43|6|3|1|0|0|0|0|0|0|0|0,1332
Mississippi,SUV,BEV,2045,0|0|0|0|0|1|2|5|11|24|49|99|186|206|221|229|196|149|99|58|31|4|2|1|0|0|0|0|0|0|0,1573
Mississippi,SUV,BEV,2046,0|0|0|0|0|1|2|5|12|25|53|107|202|243|249|244|229|178|123|76|42|22|3|1|1|0|0|0|0|0|0,1818
Mississippi,SUV,BEV,2047,0|0|0|0|0|1|2|5|12|27|56|115|217|263|293|275|244|207|147|94|55|29|15|2|1|0|0|0|0|0|0,2060
Mississippi,SUV,BEV,2048,0|0|0|0|0|1|2|6|13|28|59|121|232|283|318|324|275|221|171|113|68|38|20|10|1|1|0|0|0|0|0,2305
Mississippi,SUV,BEV,2049,0|0|0|0|0|1|3|6|13|30|63|127|244|303|342|351|324|249|183|131|81|47|26|13|6|1|0|0|0|0|0,2544
Mississippi,SUV,BEV,2050,0|0|0|0|0|1|3|6|14|31|66|134|256|318|366|378|351|293|206|140|95|56|32|17|8|4|1|0|0|0|0,2776
Mississippi,SUV,PHEV,2020,0|0|0|0|0|0|0|0|0|0|0|0|0|0|0|0|0|0|0|0|0|0|0|0|0|0|0|0|0|0|0,0
Mississippi,SUV,PHEV,2021,0|0|0|0|0|0|0|0|0|0|0|0|0|0|0|0|0|0|0|0|0|0|0|0|0|0|0|0|0|0|0,0
Mississippi,SUV,PHEV,2022,0|0|0|0|0|0|0|0|0|0|0|0|0|0|0|0|0|0|0|0|0|0|0|0|0|0|0|0|0|0|0,0
Mississippi,SUV,PHEV,2023,0|0|0|0|0|0|0|0|0|0|0|0|0|0|0|0|0|0|0|0|0|0|0|0|0|0|0|0|0|0|0,0
Mississippi,SUV,PHEV,2024,0|0|0|0|0|0|0|0|0|0|0|0|0|0|0|0|0|0|0|0|0|0|0|0|0|0|0|0|0|0|0,0
Mississippi,SUV,PHEV,2025,0|0|0|0|0|0|0|0|0|0|0|0|0|0|0|0|0|0|0|0|0|0|0|0|0|0|0|0|0|0|0,0
Mississippi,SUV,PHEV,2026,0|0|0|0|0|0|0|0|0|0|0|0|0|0|0|0|0|0|0|0|0|0|0|0|0|0|0|0|0|0|0,0
Mississippi,SUV,PHEV,2027,0|0|0|0|0|0|0|0|0|0|0|0|0|0|0|0|0|0|0|0|0|0|0|0|0|0|0|0|0|0|0,0
Mississippi,SUV,PHEV,2028,0|0|0|0|0|0|0|0|0|0|0|0|0|0|0|0|0|0|0|0|0|0|0|0|0|0|0|0|0|0|0,0
Mississippi,SUV,PHEV,2029,0|0|0|0|0|0|0|0|0|0|0|0|0|0|0|0|0|0|0|0|0|0|0|0|0|0|0|0|0|0|0,0
Mississippi,SUV,PHEV,2030,0|0|0|0|0|0|0|0|0|0|0|0|0|0|0|0|0|0|0|0|0|0|0|0|0|0|0|0|0|0|0,0
Mississippi,SUV,PHEV,2031,0|0|0|0|0|0|0|0|0|0|0|0|0|0|0|0|0|0|0|0|0|0|0|0|0|0|0|0|0|0|0,0
Mississippi,SUV,PHEV,2032,0|0|0|0|0|0|0|0|0|0|1|1|0|0|0|0|0|0|0|0|0|0|0|0|0|0|0|0|0|0|0,2
Mississippi,SUV,PHEV,2033,0|0|0|0|0|0|0|0|0|0|1|1|2|0|0|0|0|0|0|0|0|0|0|0|0|0|0|0|0|0|0,4
Mississippi,SUV,PHEV,2034,0|0|0|0|0|0|0|0|1|1|1|2|2|2|0|0|0|0|0|0|0|0|0|0|0|0|0|0|0|0|0,9
Mississippi,SUV,PHEV,2035,0|0|0|0|0|0|0|0|1|1|2|2|4|3|3|1|0|0|0|0|0|0|0|0|0|0|0|0|0|0|0,17
Mississippi,SUV,PHEV,2036,0|0|0|0|0|0|0|0|1|2|3|4|4|5|4|3|1|0|0|0|0|0|0|0|0|0|0|0|0|0|0,27
Mississippi,SUV,PHEV,2037,0|0|0|0|0|0|0|0|1|2|4|6|9|5|6|4|3|0|0|0|0|0|0|0|0|0|0|0|0|0|0,40
Mississippi,SUV,PHEV,2038,0|0|0|0|0|0|0|1|1|2|4|9|13|12|6|6|4|3|0|0|0|0|0|0|0|0|0|0|0|0|0,61
Mississippi,SUV,PHEV,2039,0|0|0|0|0|0|0|1|1|3|5|9|18|16|15|7|6|4|2|0|0|0|0|0|0|0|0|0|0|0|0,87
Mississippi,SUV,PHEV,2040,0|0|0|0|0|0|0|1|2|3|6|12|19|24|20|16|7|6|3|2|0|0|0|0|0|0|0|0|0|0|0,121
Mississippi,SUV,PHEV,2041,0|0|0|0|0|0|0|1|2|4|7|13|25|25|28|22|16|6|5|2|1|0|0|0|0|0|0|0|0|0|0,157
Mississippi,SUV,PHEV,2042,0|0|0|0|0|0|0|1|2|4|8|15|27|32|30|31|22|15|5|4|2|1|0|0|0|0|0|0|0|0|0,199
Mississippi,SUV,PHEV,2043,0|0|0|0|0|0|0|1|2|4|9|18|31|36|39|33|31|20|12|4|3|1|1|0|0|0|0|0|0|0|0,245
Mississippi,SUV,PHEV,2044,0|0|0|0|0|0|0|1|2|4|9|20|37|41|43|43|33|28|16|9|3|2|1|0|0|0|0|0|0|0|0,292
Mississippi,SUV,PHEV,2045,0|0|0|0|0|0|0|1|2|4|10|21|41|49|50|48|43|30|24|13|7|2|1|1|0|0|0|0|0|0|0,347
Mississippi,SUV,PHEV,2046,0|0|0|0|0|0|0|1|2|5|10|21|42|53|59|55|48|39|25|18|9|5|1|1|0|0|0|0|0|0|0,394
Mississippi,SUV,PHEV,2047,0|0|0|0|0|0|0|1|2|5|10|21|43|55|65|65|55|43|32|19|13|6|3|1|1|0|0|0|0|0|0,440
Mississippi,SUV,PHEV,2048,0|0|0|0|0|0|0|1|2|5|10|22|43|56|66|71|65|50|36|25|14|9|4|2|1|0|0|0|0|0|0,482
Mississippi,SUV,PHEV,2049,0|0|0|0|0|0|0|1|2|5|10|22|44|57|68|73|71|59|41|27|18|10|6|3|1|0|0|0|0|0|0,518
Mississippi,SUV,PHEV,2050,0|0|0|0|0|0|0|1|2|5|11|22|44|57|68|75|73|65|49|31|20|12|6|4|2|1|0|0|0|0|0,548
Missouri,Car,BEV,2020,0|0|0|0|0|0|0|0|0|0|0|0|0|0|0|0|0|0|0|0|0|0|0|0|0|0|0|0|0|0|0,0
Missouri,Car,BEV,2021,0|0|0|0|0|0|0|0|0|0|0|0|0|0|0|0|0|0|0|0|0|0|0|0|0|0|0|0|0|0|0,0
Missouri,Car,BEV,2022,0|0|0|0|0|0|0|0|0|0|0|0|0|0|0|0|0|0|0|0|0|0|0|0|0|0|0|0|0|0|0,0
Missouri,Car,BEV,2023,0|0|0|0|0|0|0|0|0|0|0|0|0|0|0|0|0|0|0|0|0|0|0|0|0|0|0|0|0|0|0,0
Missouri,Car,BEV,2024,0|0|0|0|0|0|0|0|0|0|1|0|0|0|0|0|0|0|0|0|0|0|0|0|0|0|0|0|0|0|0,1
Missouri,Car,BEV,2025,0|0|0|0|0|0|0|0|0|0|1|1|0|0|0|0|0|0|0|0|0|0|0|0|0|0|0|0|0|0|0,2
Missouri,Car,BEV,2026,0|0|0|0|0|0|0|0|0|0|1|1|2|0|0|0|0|0|0|0|0|0|0|0|0|0|0|0|0|0|0,4
Missouri,Car,BEV,2027,0|0|0|0|0|0|0|0|0|1|1|1|2|3|0|0|0|0|0|0|0|0|0|0|0|0|0|0|0|0|0,8
Missouri,Car,BEV,2028,0|0|0|0|0|0|0|0|0|1|2|1|2|3|4|0|0|0|0|0|0|0|0|0|0|0|0|0|0|0|0,13
Missouri,Car,BEV,2029,0|0|0|0|0|0|0|0|0|1|2|5|3|3|4|4|0|0|0|0|0|0|0|0|0|0|0|0|0|0|0,22
Missouri,Car,BEV,2030,0|0|0|0|0|0|0|0|1|1|2|5|10|3|4|4|4|0|0|0|0|0|0|0|0|0|0|0|0|0|0,34
Missouri,Car,BEV,2031,0|0|0|0|0|0|1|0|1|2|2|3|9|13|4|4|4|4|0|0|0|0|0|0|0|0|0|0|0|0|0,47
Missouri,Car,BEV,2032,0|0|0|0|0|0|1|1|1|2|4|5|7|12|16|4|4|4|3|0|0|0|0|0|0|0|0|0|0|0|0,64
Missouri,Car,BEV,2033,0|0|0|0|0|0|1|2|3|2|4|8|11|9|15|18|4|4|3|2|0|0|0|0|0|0|0|0|0|0|0,86
Missouri,Car,BEV,2034,0|0|0|0|0|1|1|2|4|7|4|10|17|14|11|16|18|4|3|2|2|0|0|0|0|0|0|0|0|0|0,116
Missouri,Car,BEV,2035,0|0|0|0|0|1|1|3|5|9|17|8|20|22|17|12|16|16|3|2|2|1|0|0|0|0|0|0|0|0|0,155
Missouri,Car,BEV,2036,0|0|0|0|0|1|1|3|6|12|22|36|17|26|27|19|12|15|13|3|2|1|1|0|0|0|0|0|0|0|0,217
Missouri,Car,BEV,2037,0|0|0|0|0|1|2|4|8|15|28|47|74|22|31|30|19|11|12|10|2|1|1|1|0|0|0|0|0|0|0,319
Missouri,Car,BEV,2038,0|0|0|0|0|1|2|4|9|18|35|62|97|96|27|35|30|17|9|9|7|1|1|1|0|0|0|0|0|0|0,461
Missouri,Car,BEV,2039,0|0|0|0|0|1|2|4|9|20|41|76|126|126|117|29|35|27|14|7|7|5|1|1|0|0|0|0|0|0|0,648
Missouri,Car,BEV,2040,0|0|0|0|0|1|2|5|10|22|46|89|156|165|153|129|29|31|22|11|5|5|3|1|0|0|0|0|0|0|0,885
Missouri,Car,BEV,2041,0|0|0|0|0|1|2|6|12|24|50|101|183|204|199|169|129|27|26|17|8|4|3|2|0|0|0|0|0|0|0,1167
Missouri,Car,BEV,2042,0|0|0|0|0|1|3|6|13|29|56|109|208|238|246|220|169|117|22|20|12|6|2|2|1|0|0|0|0|0|0,1480
Missouri,Car,BEV,2043,0|0|0|0|1|1|3|7|14|31|65|122|223|272|288|272|220|153|96|17|14|9|4|2|1|1|0|0|0|0|0,1816
Missouri,Car,BEV,2044,0|0|0|0|1|1|3|7|16|34|71|143|249|291|328|318|272|199|126|74|12|10|6|2|1|1|1|0|0|0|0,2166
Missouri,Car,BEV,2045,0|0|0|0|1|1|3|8|17|37|76|154|292|325|352|363|318|246|165|97|53|8|7|4|2|1|1|0|0|0|0,2531
Missouri,Car,BEV,2046,0|0|0|0|1|1|3|8|18|39|82|165|315|380|393|389|363|288|204|126|70|37|6|4|2|1|0|0|0|0|0,2895
Missouri,Car,BEV,2047,0|0|0|0|1|2|4|8|19|41|87|177|336|410|460|434|389|328|238|156|91|49|25|4|3|2|1|0|0|0|0,3265
Missouri,Car,BEV,2048,0|0|0|0|1|2|4|9|20|43|91|185|357|439|496|508|434|352|272|183|113|63|33|16|2|2|1|0|0|0|0,3626
Missouri,Car,BEV,2049,0|0|0|0|1|2|4|9|20|45|96|195|374|466|530|548|508|393|291|208|132|78|43|22|11|2|1|1|0|0|0,3980
Missouri,Car,BEV,2050,0|0|0|0|1|2|4|9|21|47|100|204|392|488|564|586|548|460|325|223|151|92|53|28|14|7|1|1|0|0|0,4321
Missouri,Car,PHEV,2020,0|0|0|0|0|0|0|0|0|0|0|0|0|0|0|0|0|0|0|0|0|0|0|0|0|0|0|0|0|0|0,0
Missouri,Car,PHEV,2021,0|0|0|0|0|0|0|0|0|0|0|0|0|0|0|0|0|0|0|0|0|0|0|0|0|0|0|0|0|0|0,0
Missouri,Car,PHEV,2022,0|0|0|0|0|0|0|0|0|0|0|0|0|0|0|0|0|0|0|0|0|0|0|0|0|0|0|0|0|0|0,0
Missouri,Car,PHEV,2023,0|0|0|0|0|0|0|0|0|0|0|0|0|0|0|0|0|0|0|0|0|0|0|0|0|0|0|0|0|0|0,0
Missouri,Car,PHEV,2024,0|0|0|0|0|0|0|0|0|0|1|0|0|0|0|0|0|0|0|0|0|0|0|0|0|0|0|0|0|0|0,1
Missouri,Car,PHEV,2025,0|0|0|0|0|0|0|0|0|0|0|1|0|0|0|0|0|0|0|0|0|0|0|0|0|0|0|0|0|0|0,1
Missouri,Car,PHEV,2026,0|0|0|0|0|0|0|0|0|1|1|1|3|0|0|0|0|0|0|0|0|0|0|0|0|0|0|0|0|0|0,6
Missouri,Car,PHEV,2027,0|0|0|0|0|0|0|0|0|1|1|2|2|3|0|0|0|0|0|0|0|0|0|0|0|0|0|0|0|0|0,9
Missouri,Car,PHEV,2028,0|0|0|0|0|0|0|0|0|0|1|3|4|2|4|0|0|0|0|0|0|0|0|0|0|0|0|0|0|0|0,14
Missouri,Car,PHEV,2029,0|0|0|0|0|0|0|0|0|0|1|3|5|5|3|4|0|0|0|0|0|0|0|0|0|0|0|0|0|0|0,21
Missouri,Car,PHEV,2030,0|0|0|0|0|0|0|0|0|0|1|2|6|7|6|3|4|0|0|0|0|0|0|0|0|0|0|0|0|0|0,29
Missouri,Car,PHEV,2031,0|0|0|0|0|0|0|0|0|0|1|1|4|8|8|6|3|4|0|0|0|0|0|0|0|0|0|0|0|0|0,35
Missouri,Car,PHEV,2032,0|0|0|0|0|0|0|0|0|0|1|2|3|5|10|9|6|3|3|0|0|0|0|0|0|0|0|0|0|0|0,42
Missouri,Car,PHEV,2033,0|0|0|0|0|0|0|0|1|0|0|1|4|3|6|11|9|6|2|3|0|0|0|0|0|0|0|0|0|0|0,46
Missouri,Car,PHEV,2034,0|0|0|0|0|0|0|1|1|2|1|1|3|5|4|6|11|8|5|2|2|0|0|0|0|0|0|0|0|0|0,52
Missouri,Car,PHEV,2035,0|0|0|0|0|0|0|1|1|2|4|1|2|3|6|4|6|10|7|4|1|1|0|0|0|0|0|0|0|0|0,53
Missouri,Car,PHEV,2036,0|0|0|0|0|0|0|1|1|3|5|8|3|3|4|6|4|6|8|5|3|1|1|0|0|0|0|0|0|0|0,62
Missouri,Car,PHEV,2037,0|0|0|0|0|0|0|1|2|3|7|10|16|3|3|5|6|4|5|6|4|2|1|1|0|0|0|0|0|0|0,79
Missouri,Car,PHEV,2038,0|0|0|0|0|0|0|1|2|4|7|15|21|21|4|4|5|6|3|4|5|3|1|0|0|0|0|0|0|0|0,106
Missouri,Car,PHEV,2039,0|0|0|0|0|0|0|1|2|4|9|15|30|27|26|4|4|4|5|3|3|3|2|1|0|0|0|0|0|0|0,143
Missouri,Car,PHEV,2040,0|0|0|0|0|0|0|1|2|5|9|19|31|39|33|28|4|3|3|4|2|2|2|1|1|0|0|0|0|0|0,189
Missouri,Car,PHEV,2041,0|0|0|0|0|0|0|1|3|5|11|20|38|40|47|36|28|4|3|3|3|1|1|1|1|0|0|0|0|0|0,246
Missouri,Car,PHEV,2042,0|0|0|0|0|0|1|1|3|6|13|23|42|50|48|52|36|26|3|2|2|2|1|1|1|0|0|0|0|0|0,313
Missouri,Car,PHEV,2043,0|0|0|0|0|0|1|1|3|6|14|27|48|54|60|53|52|33|21|3|1|1|1|1|1|1|0|0|0|0|0,382
Missouri,Car,PHEV,2044,0|0|0|0|0|0|1|1|3|6|14|30|56|62|66|67|53|47|27|16|2|1|1|1|0|0|0|0|0|0|0,454
Missouri,Car,PHEV,2045,0|0|0|0|0|0|1|1|3|7|15|31|61|73|75|72|67|48|39|21|12|1|1|1|1|0|0|0|0|0|0,530
Missouri,Car,PHEV,2046,0|0|0|0|0|0|1|1|3|7|15|32|63|80|88|83|72|60|40|30|15|8|1|0|0|0|0|0|0|0|0,599
Missouri,Car,PHEV,2047,0|0|0|0|0|0|1|1|3|7|15|32|64|82|97|97|83|66|50|31|22|10|5|1|0|0|0|0|0|0|0,667
Missouri,Car,PHEV,2048,0|0|0|0|0|0|1|1|3|7|15|32|65|84|100|107|97|75|54|38|22|15|7|4|0|0|0|0|0|0|0,727
Missouri,Car,PHEV,2049,0|0|0|0|0|0|1|1|3|7|15|33|65|85|101|110|107|88|62|42|28|15|10|5|2|0|0|0|0|0|0,780
Missouri,Car,PHEV,2050,0|0|0|0|0|0|1|1|3|7|16|32|65|85|103|112|110|97|73|48|30|19|10|7|3|2|0|0|0|0|0,824
Missouri,SUV,BEV,2020,0|0|0|0|0|0|0|0|0|0|0|0|0|0|0|0|0|0|0|0|0|0|0|0|0|0|0|0|0|0|0,0
Missouri,SUV,BEV,2021,0|0|0|0|0|0|0|0|0|0|0|0|0|0|0|0|0|0|0|0|0|0|0|0|0|0|0|0|0|0|0,0
Missouri,SUV,BEV,2022,0|0|0|0|0|0|0|0|0|0|0|0|0|0|0|0|0|0|0|0|0|0|0|0|0|0|0|0|0|0|0,0
Missouri,SUV,BEV,2023,0|0|0|0|0|0|0|0|0|0|0|0|0|0|0|0|0|0|0|0|0|0|0|0|0|0|0|0|0|0|0,0
Missouri,SUV,BEV,2024,0|0|0|0|0|0|0|0|0|0|0|0|0|0|0|0|0|0|0|0|0|0|0|0|0|0|0|0|0|0|0,0
Missouri,SUV,BEV,2025,0|0|0|0|0|0|0|0|0|0|0|0|0|0|0|0|0|0|0|0|0|0|0|0|0|0|0|0|0|0|0,0
Missouri,SUV,BEV,2026,0|0|0|0|0|0|0|0|0|0|0|0|0|0|0|0|0|0|0|0|0|0|0|0|0|0|0|0|0|0|0,0
Missouri,SUV,BEV,2027,0|0|0|0|0|0|0|0|0|0|1|1|0|0|0|0|0|0|0|0|0|0|0|0|0|0|0|0|0|0|0,2
Missouri,SUV,BEV,2028,0|0|0|0|0|0|0|0|0|0|1|1|1|1|0|0|0|0|0|0|0|0|0|0|0|0|0|0|0|0|0,4
Missouri,SUV,BEV,2029,0|0|0|0|0|0|0|1|1|1|1|1|3|2|1|1|0|0|0|0|0|0|0|0|0|0|0|0|0|0|0,12
Missouri,SUV,BEV,2030,0|0|0|0|0|0|0|1|1|2|2|1|3|3|2|1|1|0|0|0|0|0|0|0|0|0|0|0|0|0|0,17
Missouri,SUV,BEV,2031,0|0|0|0|0|0|1|1|2|3|4|3|3|3|4|2|1|0|0|0|0|0|0|0|0|0|0|0|0|0|0,27
Missouri,SUV,BEV,2032,0|0|0|0|0|0|1|1|3|5|7|8|7|3|4|4|2|1|0|0|0|0|0|0|0|0|0|0|0|0|0,46
Missouri,SUV,BEV,2033,0|0|0|0|0|1|1|2|4|6|11|15|17|9|4|5|4|2|1|0|0|0|0|0|0|0|0|0|0|0|0,82
Missouri,SUV,BEV,2034,0|0|0|0|0|1|1|3|5|8|14|25|30|22|11|5|5|4|2|0|0|0|0|0|0|0|0|0|0|0|0,136
Missouri,SUV,BEV,2035,0|0|0|0|0|1|2|3|6|11|19|31|51|40|26|12|5|4|3|1|0|0|0|0|0|0|0|0|0|0|0,215
Missouri,SUV,BEV,2036,0|0|0|0|0|1|2|4|8|15|26|42|63|66|48|29|12|4|3|3|1|0|0|0|0|0|0|0|0|0|0,327
Missouri,SUV,BEV,2037,0|0|0|0|0|1|2|5|10|19|35|57|87|82|80|53|29|11|3|3|2|1|0|0|0|0|0|0|0|0|0,480
Missouri,SUV,BEV,2038,0|0|0|0|1|1|2|5|12|23|44|76|117|114|99|88|53|26|9|3|2|1|0|0|0|0|0|0|0|0|0,676
Missouri,SUV,BEV,2039,0|0|0|0|1|1|3|6|13|27|53|97|156|153|137|110|88|48|22|7|2|1|1|0|0|0|0|0|0|0|0,926
Missouri,SUV,BEV,2040,0|0|0|0|1|1|3|7|15|30|62|116|199|204|185|152|110|80|40|17|5|1|1|1|0|0|0|0|0|0|0,1230
Missouri,SUV,BEV,2041,0|0|0|0|1|2|4|8|18|35|69|137|238|259|246|204|152|99|66|30|12|4|1|1|0|0|0|0|0|0|0,1586
Missouri,SUV,BEV,2042,0|0|0|0|1|2|4|9|20|42|79|150|280|310|313|272|204|137|82|51|22|8|2|1|0|0|0|0|0|0|0,1989
Missouri,SUV,BEV,2043,0|0|0|0|1|2|4|10|22|47|96|173|307|365|375|346|272|185|114|63|37|15|6|2|0|0|0|0|0|0|0,2442
Missouri,SUV,BEV,2044,0|0|0|0|1|2|5|11|24|51|107|209|354|401|442|414|346|246|153|87|46|25|10|4|1|0|0|0|0|0|0,2939
Missouri,SUV,BEV,2045,0|0|0|0|1|2|5|11|26|56|116|231|426|461|484|488|414|313|204|117|63|32|17|7|2|1|0|0|0|0|0,3477
Missouri,SUV,BEV,2046,0|0|0|0|1|2|5|12|27|60|126|252|472|556|557|535|488|375|259|156|85|44|21|11|4|2|0|0|0|0|0,4050
Missouri,SUV,BEV,2047,0|0|0|0|1|2|5|13|29|63|134|272|513|615|672|616|535|442|310|199|113|59|29|14|7|3|1|0|0|0|0,4647
Missouri,SUV,BEV,2048,0|0|0|0|1|2|6|13|30|67|142|289|552|669|744|742|616|484|365|238|144|78|40|19|9|5|2|1|0|0|0,5258
Missouri,SUV,BEV,2049,0|0|0|0|1|3|6|14|31|70|149|305|586|720|809|822|742|557|401|280|172|100|53|26|13|6|3|1|0|0|0,5870
Missouri,SUV,BEV,2050,0|0|0|0|1|3|6|15|33|72|156|320|617|764|870|894|822|672|461|307|203|119|67|35|17|8|4|2|1|0|0,6469
Missouri,SUV,PHEV,2020,0|0|0|0|0|0|0|0|0|0|0|0|0|0|0|0|0|0|0|0|0|0|0|0|0|0|0|0|0|0|0,0
Missouri,SUV,PHEV,2021,0|0|0|0|0|0|0|0|0|0|0|0|0|0|0|0|0|0|0|0|0|0|0|0|0|0|0|0|0|0|0,0
Missouri,SUV,PHEV,2022,0|0|0|0|0|0|0|0|0|0|0|0|0|0|0|0|0|0|0|0|0|0|0|0|0|0|0|0|0|0|0,0
Missouri,SUV,PHEV,2023,0|0|0|0|0|0|0|0|0|0|0|0|0|0|0|0|0|0|0|0|0|0|0|0|0|0|0|0|0|0|0,0
Missouri,SUV,PHEV,2024,0|0|0|0|0|0|0|0|0|0|0|0|0|0|0|0|0|0|0|0|0|0|0|0|0|0|0|0|0|0|0,0
Missouri,SUV,PHEV,2025,0|0|0|0|0|0|0|0|0|0|0|0|0|0|0|0|0|0|0|0|0|0|0|0|0|0|0|0|0|0|0,0
Missouri,SUV,PHEV,2026,0|0|0|0|0|0|0|0|0|0|0|0|0|0|0|0|0|0|0|0|0|0|0|0|0|0|0|0|0|0|0,0
Missouri,SUV,PHEV,2027,0|0|0|0|0|0|0|0|0|0|0|1|1|0|0|0|0|0|0|0|0|0|0|0|0|0|0|0|0|0|0,2
Missouri,SUV,PHEV,2028,0|0|0|0|0|0|0|0|0|0|0|1|1|1|1|0|0|0|0|0|0|0|0|0|0|0|0|0|0|0|0,4
Missouri,SUV,PHEV,2029,0|0|0|0|0|0|0|0|0|0|0|1|2|2|1|1|0|0|0|0|0|0|0|0|0|0|0|0|0|0|0,7
Missouri,SUV,PHEV,2030,0|0|0|0|0|0|0|0|1|1|1|1|2|2|2|1|1|0|0|0|0|0|0|0|0|0|0|0|0|0|0,12
Missouri,SUV,PHEV,2031,0|0|0|0|0|0|0|0|1|2|2|1|1|2|3|2|1|1|0|0|0|0|0|0|0|0|0|0|0|0|0,16
Missouri,SUV,PHEV,2032,0|0|0|0|0|0|0|0|1|2|3|5|3|2|3|3|2|1|0|0|0|0|0|0|0|0|0|0|0|0|0,25
Missouri,SUV,PHEV,2033,0|0|0|0|0|0|0|0|1|3|6|8|11|3|2|3|3|2|1|0|0|0|0|0|0|0|0|0|0|0|0,43
Missouri,SUV,PHEV,2034,0|0|0|0|0|0|0|1|1|2|6|12|16|14|4|2|3|3|2|1|0|0|0|0|0|0|0|0|0|0|0,67
Missouri,SUV,PHEV,2035,0|0|0|0|0|0|0|1|2|2|4|14|25|20|17|5|2|3|2|1|0|0|0|0|0|0|0|0|0|0|0,98
Missouri,SUV,PHEV,2036,0|0|0|0|0|0|0|1|2|4|6|9|29|33|24|19|5|2|2|2|1|0|0|0|0|0|0|0|0|0|0,139
Missouri,SUV,PHEV,2037,0|0|0|0|0|0|0|1|2|4|8|12|18|37|39|27|19|4|2|2|1|1|0|0|0|0|0|0|0|0|0,177
Missouri,SUV,PHEV,2038,0|0|0|0|0|0|1|1|2|5|9|18|25|24|45|44|27|17|3|1|1|1|0|0|0|0|0|0|0|0|0,224
Missouri,SUV,PHEV,2039,0|0|0|0|0|0|1|1|3|6|11|19|36|32|29|50|44|24|14|3|1|1|1|0|0|0|0|0|0|0|0,276
Missouri,SUV,PHEV,2040,0|0|0|0|0|0|1|2|4|7|13|25|39|47|39|32|50|39|20|11|2|1|1|0|0|0|0|0|0|0|0,333
Missouri,SUV,PHEV,2041,0|0|0|0|0|0|1|2|4|8|15|28|50|51|57|43|32|45|33|16|8|1|0|0|0|0|0|0|0|0|0,394
Missouri,SUV,PHEV,2042,0|0|0|0|0|0|1|2|4|9|19|33|57|65|61|63|43|29|37|25|11|6|1|0|0|0|0|0|0|0|0,466
Missouri,SUV,PHEV,2043,0|0|0|0|0|0|1|2|4|10|21|40|67|75|79|68|63|39|24|29|18|8|4|1|0|0|0|0|0|0|0,553
Missouri,SUV,PHEV,2044,0|0|0|0|0|0|1|2|4|10|22|45|82|88|90|87|68|57|32|18|21|13|5|2|0|0|0|0|0|0|0,647
Missouri,SUV,PHEV,2045,0|0|0|0|0|0|1|2|4|10|23|48|92|106|106|100|87|61|47|25|13|14|8|3|2|0|0|0|0|0|0,752
Missouri,SUV,PHEV,2046,0|0|0|0|0|0|1|2|5|10|23|49|97|120|129|117|100|79|51|36|18|9|10|6|2|1|0|0|0|0|0,865
Missouri,SUV,PHEV,2047,0|0|0|0|0|0|1|2|5|11|23|49|99|126|145|142|117|90|65|39|26|12|6|6|4|1|1|0|0|0|0,970
Missouri,SUV,PHEV,2048,0|0|0|0|0|0|1|2|5|11|24|50|100|129|153|160|142|106|75|50|28|18|8|4|4|2|1|0|0|0|0,1073
Missouri,SUV,PHEV,2049,0|0|0|0|0|0|1|2|5|11|24|51|101|130|156|169|160|129|88|57|36|19|12|6|3|3|2|1|0|0|0,1166
Missouri,SUV,PHEV,2050,0|0|0|0|0|0|1|2|5|11|24|51|102|132|157|173|169|145|106|67|41|25|13|8|4|2|2|1|0|0|0,1241
Montana,Car,BEV,2020,0|0|0|0|0|0|0|0|0|0|0|0|0|0|0|0|0|0|0|0|0|0|0|0|0|0|0|0|0|0|0,0
Montana,Car,BEV,2021,0|0|0|0|0|0|0|0|0|0|0|0|0|0|0|0|0|0|0|0|0|0|0|0|0|0|0|0|0|0|0,0
Montana,Car,BEV,2022,0|0|0|0|0|0|0|0|0|0|0|0|0|0|0|0|0|0|0|0|0|0|0|0|0|0|0|0|0|0|0,0
Montana,Car,BEV,2023,0|0|0|0|0|0|0|0|0|0|0|0|0|0|0|0|0|0|0|0|0|0|0|0|0|0|0|0|0|0|0,0
Montana,Car,BEV,2024,0|0|0|0|0|0|0|0|0|0|0|0|0|0|0|0|0|0|0|0|0|0|0|0|0|0|0|0|0|0|0,0
Montana,Car,BEV,2025,0|0|0|0|0|0|0|0|0|0|0|0|0|0|0|0|0|0|0|0|0|0|0|0|0|0|0|0|0|0|0,0
Montana,Car,BEV,2026,0|0|0|0|0|0|0|0|0|0|0|0|0|0|0|0|0|0|0|0|0|0|0|0|0|0|0|0|0|0|0,0
Montana,Car,BEV,2027,0|0|0|0|0|0|0|0|0|0|0|0|0|0|0|0|0|0|0|0|0|0|0|0|0|0|0|0|0|0|0,0
Montana,Car,BEV,2028,0|0|0|0|0|0|0|0|0|0|0|0|0|0|0|0|0|0|0|0|0|0|0|0|0|0|0|0|0|0|0,0
Montana,Car,BEV,2029,0|0|0|0|0|0|0|0|0|0|0|1|0|0|0|0|0|0|0|0|0|0|0|0|0|0|0|0|0|0|0,1
Montana,Car,BEV,2030,0|0|0|0|0|0|0|0|0|0|0|1|1|0|0|0|0|0|0|0|0|0|0|0|0|0|0|0|0|0|0,2
Montana,Car,BEV,2031,0|0|0|0|0|0|0|0|0|0|0|0|1|2|0|0|0|0|0|0|0|0|0|0|0|0|0|0|0|0|0,3
Montana,Car,BEV,2032,0|0|0|0|0|0|0|0|0|0|1|1|1|2|2|0|0|0|0|0|0|0|0|0|0|0|0|0|0|0|0,7
Montana,Car,BEV,2033,0|0|0|0|0|0|0|0|0|0|1|1|2|1|2|2|0|0|0|0|0|0|0|0|0|0|0|0|0|0|0,9
Montana,Car,BEV,2034,0|0|0|0|0|0|0|0|1|1|1|2|3|2|1|2|2|0|0|0|0|0|0|0|0|0|0|0|0|0|0,15
Montana,Car,BEV,2035,0|0|0|0|0|0|0|0|1|1|2|1|3|4|3|1|2|2|0|0|0|0|0|0|0|0|0|0|0|0|0,20
Montana,Car,BEV,2036,0|0|0|0|0|0|0|0|1|1|3|5|3|4|5|3|1|2|2|0|0|0|0|0|0|0|0|0|0|0|0,30
Montana,Car,BEV,2037,0|0|0|0|0|0|0|0|1|2|3|6|10|3|5|5|3|1|2|1|0|0|0|0|0|0|0|0|0|0|0,42
Montana,Car,BEV,2038,0|0|0|0|0|0|0|0|1|2|4|7|13|13|4|6|5|3|1|1|1|0|0|0|0|0|0|0|0|0|0,61
Montana,Car,BEV,2039,0|0|0|0|0|0|0|0|1|2|5|9|15|16|15|5|6|5|2|1|1|1|0|0|0|0|0|0|0|0|0,84
Montana,Car,BEV,2040,0|0|0|0|0|0|0|1|1|2|5|10|18|20|20|17|5|5|4|2|1|1|0|0|0|0|0|0|0|0|0,112
Montana,Car,BEV,2041,0|0|0|0|0|0|0|1|1|3|6|11|20|23|24|22|17|4|4|3|1|0|0|0|0|0|0|0|0|0|0,140
Montana,Car,BEV,2042,0|0|0|0|0|0|0|1|1|3|6|12|23|26|28|26|22|15|3|3|2|1|0|0|0|0|0|0|0|0|0,172
Montana,Car,BEV,2043,0|0|0|0|0|0|0|1|2|3|7|13|25|30|32|31|26|20|13|3|2|2|1|0|0|0|0|0|0|0|0,211
Montana,Car,BEV,2044,0|0|0|0|0|0|0|1|2|4|8|16|27|32|36|35|31|24|16|10|2|2|1|0|0|0|0|0|0|0|0,247
Montana,Car,BEV,2045,0|0|0|0|0|0|0|1|2|4|9|17|32|35|39|40|35|28|20|13|7|1|1|1|0|0|0|0|0|0|0,285
Montana,Car,BEV,2046,0|0|0|0|0|0|0|1|2|4|9|18|34|42|43|43|40|32|23|15|9|5|1|1|0|0|0|0|0|0|0,322
Montana,Car,BEV,2047,0|0|0|0|0|0|0|1|2|5|10|20|37|45|50|47|43|36|26|18|11|6|3|1|0|0|0|0|0|0|0,361
Montana,Car,BEV,2048,0|0|0|0|0|0|0|1|2|5|11|21|40|49|54|56|47|39|30|20|13|8|4|2|0|0|0|0|0|0|0,402
Montana,Car,BEV,2049,0|0|0|0|0|0|0|1|2|5|11|23|43|53|59|60|56|43|32|23|15|9|5|3|1|0|0|0|0|0|0,444
Montana,Car,BEV,2050,0|0|0|0|0|0|1|1|3|6|12|24|46|56|64|65|60|50|35|25|16|10|6|3|2|1|0|0|0|0|0,486
Montana,Car,PHEV,2020,0|0|0|0|0|0|0|0|0|0|0|0|0|0|0|0|0|0|0|0|0|0|0|0|0|0|0|0|0|0|0,0
Montana,Car,PHEV,2021,0|0|0|0|0|0|0|0|0|0|0|0|0|0|0|0|0|0|0|0|0|0|0|0|0|0|0|0|0|0|0,0
Montana,Car,PHEV,2022,0|0|0|0|0|0|0|0|0|0|0|0|0|0|0|0|0|0|0|0|0|0|0|0|0|0|0|0|0|0|0,0
Montana,Car,PHEV,2023,0|0|0|0|0|0|0|0|0|0|0|0|0|0|0|0|0|0|0|0|0|0|0|0|0|0|0|0|0|0|0,0
Montana,Car,PHEV,2024,0|0|0|0|0|0|0|0|0|0|0|0|0|0|0|0|0|0|0|0|0|0|0|0|0|0|0|0|0|0|0,0
Montana,Car,PHEV,2025,0|0|0|0|0|0|0|0|0|0|0|0|0|0|0|0|0|0|0|0|0|0|0|0|0|0|0|0|0|0|0,0
Montana,Car,PHEV,2026,0|0|0|0|0|0|0|0|0|0|0|0|0|0|0|0|0|0|0|0|0|0|0|0|0|0|0|0|0|0|0,0
Montana,Car,PHEV,2027,0|0|0|0|0|0|0|0|0|0|0|0|0|0|0|0|0|0|0|0|0|0|0|0|0|0|0|0|0|0|0,0
Montana,Car,PHEV,2028,0|0|0|0|0|0|0|0|0|0|0|0|0|0|0|0|0|0|0|0|0|0|0|0|0|0|0|0|0|0|0,0
Montana,Car,PHEV,2029,0|0|0|0|0|0|0|0|0|0|0|0|0|0|0|0|0|0|0|0|0|0|0|0|0|0|0|0|0|0|0,0
Montana,Car,PHEV,2030,0|0|0|0|0|0|0|0|0|0|0|0|0|0|0|0|0|0|0|0|0|0|0|0|0|0|0|0|0|0|0,0
Montana,Car,PHEV,2031,0|0|0|0|0|0|0|0|0|0|0|0|0|1|1|0|0|0|0|0|0|0|0|0|0|0|0|0|0|0|0,2
Montana,Car,PHEV,2032,0|0|0|0|0|0|0|0|0|0|0|0|0|0|1|1|0|0|0|0|0|0|0|0|0|0|0|0|0|0|0,2
Montana,Car,PHEV,2033,0|0|0|0|0|0|0|0|0|0|0|0|0|0|0|1|1|0|0|0|0|0|0|0|0|0|0|0|0|0|0,2
Montana,Car,PHEV,2034,0|0|0|0|0|0|0|0|0|0|0|0|0|0|0|0|1|1|0|0|0|0|0|0|0|0|0|0|0|0|0,2
Montana,Car,PHEV,2035,0|0|0|0|0|0|0|0|0|0|0|0|0|0|1|0|0|1|0|0|0|0|0|0|0|0|0|0|0|0|0,2
Montana,Car,PHEV,2036,0|0|0|0|0|0|0|0|0|0|1|1|0|0|0|1|0|0|1|0|0|0|0|0|0|0|0|0|0|0|0,4
Montana,Car,PHEV,2037,0|0|0|0|0|0|0|0|0|0|1|1|2|0|0|1|1|0|0|0|0|0|0|0|0|0|0|0|0|0|0,6
Montana,Car,PHEV,2038,0|0|0|0|0|0|0|0|0|0|1|2|3|3|0|0|1|1|0|0|0|0|0|0|0|0|0|0|0|0|0,11
Montana,Car,PHEV,2039,0|0|0|0|0|0|0|0|0|0|1|2|4|3|3|1|0|0|0|0|0|0|0|0|0|0|0|0|0|0|0,14
Montana,Car,PHEV,2040,0|0|0|0|0|0|0|0|0|1|1|2|4|5|4|4|1|0|0|0|0|0|0|0|0|0|0|0|0|0|0,22
Montana,Car,PHEV,2041,0|0|0|0|0|0|0|0|0|1|1|2|4|5|6|4|4|0|0|0|0|0|0|0|0|0|0|0|0|0|0,27
Montana,Car,PHEV,2042,0|0|0|0|0|0|0|0|0|1|1|3|5|6|6|6|4|3|0|0|0|0|0|0|0|0|0|0|0|0|0,35
Montana,Car,PHEV,2043,0|0|0|0|0|0|0|0|0|1|2|3|6|6|7|6|6|4|3|0|0|0|0|0|0|0|0|0|0|0|0,44
Montana,Car,PHEV,2044,0|0|0|0|0|0|0|0|0|1|2|3|6|7|7|7|6|6|3|2|0|0|0|0|0|0|0|0|0|0|0,50
Montana,Car,PHEV,2045,0|0|0|0|0|0|0|0|0|1|2|3|7|8|9|8|7|6|5|3|2|0|0|0|0|0|0|0|0|0|0,61
Montana,Car,PHEV,2046,0|0|0|0|0|0|0|0|0|1|2|4|7|9|10|10|8|7|5|4|2|1|0|0|0|0|0|0|0|0|0,70
Montana,Car,PHEV,2047,0|0|0|0|0|0|0|0|0|1|2|4|7|9|11|11|10|7|6|4|3|1|1|0|0|0|0|0|0|0|0,77
Montana,Car,PHEV,2048,0|0|0|0|0|0|0|0|0|1|2|4|7|10|11|12|11|9|6|4|3|2|1|0|0|0|0|0|0|0|0,83
Montana,Car,PHEV,2049,0|0|0|0|0|0|0|0|0|1|2|4|8|10|12|12|12|10|7|5|3|2|1|1|0|0|0|0|0|0|0,90
Montana,Car,PHEV,2050,0|0|0|0|0|0|0|0|0|1|2|4|8|10|12|13|12|11|8|6|3|2|1|1|0|0|0|0|0|0|0,94
Montana,SUV,BEV,2020,0|0|0|0|0|0|0|0|0|0|0|0|0|0|0|0|0|0|0|0|0|0|0|0|0|0|0|0|0|0|0,0
Montana,SUV,BEV,2021,0|0|0|0|0|0|0|0|0|0|0|0|0|0|0|0|0|0|0|0|0|0|0|0|0|0|0|0|0|0|0,0
Montana,SUV,BEV,2022,0|0|0|0|0|0|0|0|0|0|0|0|0|0|0|0|0|0|0|0|0|0|0|0|0|0|0|0|0|0|0,0
Montana,SUV,BEV,2023,0|0|0|0|0|0|0|0|0|0|0|0|0|0|0|0|0|0|0|0|0|0|0|0|0|0|0|0|0|0|0,0
Montana,SUV,BEV,2024,0|0|0|0|0|0|0|0|0|0|0|0|0|0|0|0|0|0|0|0|0|0|0|0|0|0|0|0|0|0|0,0
Montana,SUV,BEV,2025,0|0|0|0|0|0|0|0|0|0|0|0|0|0|0|0|0|0|0|0|0|0|0|0|0|0|0|0|0|0|0,0
Montana,SUV,BEV,2026,0|0|0|0|0|0|0|0|0|0|0|0|0|0|0|0|0|0|0|0|0|0|0|0|0|0|0|0|0|0|0,0
Montana,SUV,BEV,2027,0|0|0|0|0|0|0|0|0|0|0|0|0|0|0|0|0|0|0|0|0|0|0|0|0|0|0|0|0|0|0,0
Montana,SUV,BEV,2028,0|0|0|0|0|0|0|0|0|0|0|0|0|0|0|0|0|0|0|0|0|0|0|0|0|0|0|0|0|0|0,0
Montana,SUV,BEV,2029,0|0|0|0|0|0|0|0|0|0|0|0|0|0|0|0|0|0|0|0|0|0|0|0|0|0|0|0|0|0|0,0
Montana,SUV,BEV,2030,0|0|0|0|0|0|0|0|0|0|0|0|0|0|0|0|0|0|0|0|0|0|0|0|0|0|0|0|0|0|0,0
Montana,SUV,BEV,2031,0|0|0|0|0|0|0|0|0|1|1|0|0|0|0|0|0|0|0|0|0|0|0|0|0|0|0|0|0|0|0,2
Montana,SUV,BEV,2032,0|0|0|0|0|0|0|0|0|1|1|1|1|0|0|0|0|0|0|0|0|0|0|0|0|0|0|0|0|0|0,4
Montana,SUV,BEV,2033,0|0|0|0|0|0|0|0|1|1|2|3|3|1|0|1|0|0|0|0|0|0|0|0|0|0|0|0|0|0|0,12
Montana,SUV,BEV,2034,0|0|0|0|0|0|0|1|1|2|2|4|6|3|1|1|1|0|0|0|0|0|0|0|0|0|0|0|0|0|0,22
Montana,SUV,BEV,2035,0|0|0|0|0|0|0|1|1|3|4|5|9|7|4|2|1|0|0|0|0|0|0|0|0|0|0|0|0|0|0,37
Montana,SUV,BEV,2036,0|0|0|0|0|0|0|1|2|3|6|10|11|11|9|4|2|0|0|0|0|0|0|0|0|0|0|0|0|0|0,59
Montana,SUV,BEV,2037,0|0|0|0|0|0|0|1|2|4|7|13|20|14|14|10|4|1|0|0|0|0|0|0|0|0|0|0|0|0|0,90
Montana,SUV,BEV,2038,0|0|0|0|0|0|1|1|2|5|9|16|26|26|17|15|10|4|1|0|0|0|0|0|0|0|0|0|0|0|0,133
Montana,SUV,BEV,2039,0|0|0|0|0|0|1|1|3|6|11|20|34|34|32|19|15|9|3|1|0|0|0|0|0|0|0|0|0|0|0,189
Montana,SUV,BEV,2040,0|0|0|0|0|0|1|1|3|6|13|24|42|44|41|35|19|14|7|3|1|0|0|0|0|0|0|0|0|0|0,254
Montana,SUV,BEV,2041,0|0|0|0|0|0|1|2|4|7|14|28|49|54|53|46|35|17|11|6|2|0|0|0|0|0|0|0|0|0|0,329
Montana,SUV,BEV,2042,0|0|0|0|0|0|1|2|4|8|16|31|57|64|65|59|46|32|14|9|4|1|0|0|0|0|0|0|0|0|0,413
Montana,SUV,BEV,2043,0|0|0|0|0|0|1|2|4|9|19|35|64|74|77|72|59|41|26|11|6|3|1|0|0|0|0|0|0|0|0,504
Montana,SUV,BEV,2044,0|0|0|0|0|0|1|2|5|10|21|42|72|83|89|85|72|53|34|20|8|4|2|1|0|0|0|0|0|0|0,604
Montana,SUV,BEV,2045,0|0|0|0|0|0|1|2|5|11|23|46|85|94|101|99|85|65|44|26|15|5|3|1|0|0|0|0|0|0|0,711
Montana,SUV,BEV,2046,0|0|0|0|0|0|1|2|5|12|25|49|93|111|114|111|99|77|54|34|19|10|4|2|1|0|0|0|0|0|0,823
Montana,SUV,BEV,2047,0|0|0|0|0|0|1|3|6|13|26|53|100|121|134|125|111|89|64|42|24|13|7|2|1|1|0|0|0|0|0,936
Montana,SUV,BEV,2048,0|0|0|0|0|1|1|3|6|13|28|57|108|131|147|148|125|101|74|49|30|17|9|4|2|1|0|0|0|0|0,1055
Montana,SUV,BEV,2049,0|0|0|0|0|1|1|3|6|14|30|60|115|141|158|162|148|114|83|57|35|21|11|6|3|1|1|0|0|0|0,1171
Montana,SUV,BEV,2050,0|0|0|0|0|1|1|3|7|15|32|64|122|150|170|175|162|134|94|64|41|25|14|8|4|2|1|0|0|0|0,1289
Montana,SUV,PHEV,2020,0|0|0|0|0|0|0|0|0|0|0|0|0|0|0|0|0|0|0|0|0|0|0|0|0|0|0|0|0|0|0,0
Montana,SUV,PHEV,2021,0|0|0|0|0|0|0|0|0|0|0|0|0|0|0|0|0|0|0|0|0|0|0|0|0|0|0|0|0|0|0,0
Montana,SUV,PHEV,2022,0|0|0|0|0|0|0|0|0|0|0|0|0|0|0|0|0|0|0|0|0|0|0|0|0|0|0|0|0|0|0,0
Montana,SUV,PHEV,2023,0|0|0|0|0|0|0|0|0|0|0|0|0|0|0|0|0|0|0|0|0|0|0|0|0|0|0|0|0|0|0,0
Montana,SUV,PHEV,2024,0|0|0|0|0|0|0|0|0|0|0|0|0|0|0|0|0|0|0|0|0|0|0|0|0|0|0|0|0|0|0,0
Montana,SUV,PHEV,2025,0|0|0|0|0|0|0|0|0|0|0|0|0|0|0|0|0|0|0|0|0|0|0|0|0|0|0|0|0|0|0,0
Montana,SUV,PHEV,2026,0|0|0|0|0|0|0|0|0|0|0|0|0|0|0|0|0|0|0|0|0|0|0|0|0|0|0|0|0|0|0,0
Montana,SUV,PHEV,2027,0|0|0|0|0|0|0|0|0|0|0|0|0|0|0|0|0|0|0|0|0|0|0|0|0|0|0|0|0|0|0,0
Montana,SUV,PHEV,2028,0|0|0|0|0|0|0|0|0|0|0|0|0|0|0|0|0|0|0|0|0|0|0|0|0|0|0|0|0|0|0,0
Montana,SUV,PHEV,2029,0|0|0|0|0|0|0|0|0|0|0|0|0|0|0|0|0|0|0|0|0|0|0|0|0|0|0|0|0|0|0,0
Montana,SUV,PHEV,2030,0|0|0|0|0|0|0|0|0|0|0|0|0|0|0|0|0|0|0|0|0|0|0|0|0|0|0|0|0|0|0,0
Montana,SUV,PHEV,2031,0|0|0|0|0|0|0|0|0|0|0|0|0|0|0|0|0|0|0|0|0|0|0|0|0|0|0|0|0|0|0,0
Montana,SUV,PHEV,2032,0|0|0|0|0|0|0|0|0|0|1|1|0|0|0|0|0|0|0|0|0|0|0|0|0|0|0|0|0|0|0,2
Montana,SUV,PHEV,2033,0|0|0|0|0|0|0|0|0|0|1|1|2|0|0|0|0|0|0|0|0|0|0|0|0|0|0|0|0|0|0,4
Montana,SUV,PHEV,2034,0|0|0|0|0|0|0|0|0|0|1|2|3|2|0|0|0|0|0|0|0|0|0|0|0|0|0|0|0|0|0,8
Montana,SUV,PHEV,2035,0|0|0|0|0|0|0|0|0|1|1|2|4|3|3|0|0|0|0|0|0|0|0|0|0|0|0|0|0|0|0,14
Montana,SUV,PHEV,2036,0|0|0|0|0|0|0|0|0|1|1|2|5|6|4|3|0|0|0|0|0|0|0|0|0|0|0|0|0|0|0,22
Montana,SUV,PHEV,2037,0|0|0|0|0|0|0|0|0|1|2|3|4|7|7|4|3|0|0|0|0|0|0|0|0|0|0|0|0|0|0,31
Montana,SUV,PHEV,2038,0|0|0|0|0|0|0|0|0|1|2|4|6|5|8|7|4|3|0|0|0|0|0|0|0|0|0|0|0|0|0,40
Montana,SUV,PHEV,2039,0|0|0|0|0|0|0|0|1|1|2|4|8|7|7|9|7|4|2|0|0|0|0|0|0|0|0|0|0|0|0,52
Montana,SUV,PHEV,2040,0|0|0|0|0|0|0|0|1|1|3|5|9|11|9|7|9|7|3|2|0|0|0|0|0|0|0|0|0|0|0,67
Montana,SUV,PHEV,2041,0|0|0|0|0|0|0|0|1|2|3|6|11|11|13|10|7|8|6|3|1|0|0|0|0|0|0|0|0|0|0,82
Montana,SUV,PHEV,2042,0|0|0|0|0|0|0|0|1|2|4|7|12|14|13|14|10|7|7|4|2|1|0|0|0|0|0|0|0|0|0,98
Montana,SUV,PHEV,2043,0|0|0|0|0|0|0|0|1|2|4|8|14|16|17|15|14|9|5|5|3|1|1|0|0|0|0|0|0|0|0,115
Montana,SUV,PHEV,2044,0|0|0|0|0|0|0|0|1|2|4|9|17|19|19|19|15|13|7|4|4|2|1|0|0|0|0|0|0|0|0,136
Montana,SUV,PHEV,2045,0|0|0|0|0|0|0|0|1|2|5|10|19|22|23|21|19|13|11|6|3|3|1|1|0|0|0|0|0|0|0,160
Montana,SUV,PHEV,2046,0|0|0|0|0|0|0|0|1|2|5|10|20|24|27|25|21|17|11|8|4|2|2|1|0|0|0|0|0|0|0,180
Montana,SUV,PHEV,2047,0|0|0|0|0|0|0|0|1|2|5|10|20|26|30|30|25|19|14|9|6|3|1|1|1|0|0|0|0|0|0,203
Montana,SUV,PHEV,2048,0|0|0|0|0|0|0|0|1|2|5|10|20|26|31|33|30|23|16|11|6|4|2|1|1|0|0|0|0|0|0,222
Montana,SUV,PHEV,2049,0|0|0|0|0|0|0|0|1|2|5|10|21|26|31|34|33|27|19|12|8|4|3|1|1|0|0|0|0|0|0,238
Montana,SUV,PHEV,2050,0|0|0|0|0|0|0|0|1|2|5|10|21|27|32|35|34|30|22|14|9|5|3|2|1|0|0|0|0|0|0,253
Nebraska,Car,BEV,2020,0|0|0|0|0|0|0|0|0|0|0|0|0|0|0|0|0|0|0|0|0|0|0|0|0|0|0|0|0|0|0,0
Nebraska,Car,BEV,2021,0|0|0|0|0|0|0|0|0|0|0|0|0|0|0|0|0|0|0|0|0|0|0|0|0|0|0|0|0|0|0,0
Nebraska,Car,BEV,2022,0|0|0|0|0|0|0|0|0|0|0|0|0|0|0|0|0|0|0|0|0|0|0|0|0|0|0|0|0|0|0,0
Nebraska,Car,BEV,2023,0|0|0|0|0|0|0|0|0|0|0|0|0|0|0|0|0|0|0|0|0|0|0|0|0|0|0|0|0|0|0,0
Nebraska,Car,BEV,2024,0|0|0|0|0|0|0|0|0|0|0|0|0|0|0|0|0|0|0|0|0|0|0|0|0|0|0|0|0|0|0,0
Nebraska,Car,BEV,2025,0|0|0|0|0|0|0|0|0|0|0|0|0|0|0|0|0|0|0|0|0|0|0|0|0|0|0|0|0|0|0,0
Nebraska,Car,BEV,2026,0|0|0|0|0|0|0|0|0|0|0|0|0|0|0|0|0|0|0|0|0|0|0|0|0|0|0|0|0|0|0,0
Nebraska,Car,BEV,2027,0|0|0|0|0|0|0|0|0|0|0|0|0|0|0|0|0|0|0|0|0|0|0|0|0|0|0|0|0|0|0,0
Nebraska,Car,BEV,2028,0|0|0|0|0|0|0|0|0|0|1|0|0|0|1|0|0|0|0|0|0|0|0|0|0|0|0|0|0|0|0,2
Nebraska,Car,BEV,2029,0|0|0|0|0|0|0|0|0|0|1|1|0|0|1|1|0|0|0|0|0|0|0|0|0|0|0|0|0|0|0,4
Nebraska,Car,BEV,2030,0|0|0|0|0|0|0|0|0|0|0|1|3|1|1|1|1|0|0|0|0|0|0|0|0|0|0|0|0|0|0,8
Nebraska,Car,BEV,2031,0|0|0|0|0|0|0|0|0|0|1|1|2|3|1|1|1|1|0|0|0|0|0|0|0|0|0|0|0|0|0,11
Nebraska,Car,BEV,2032,0|0|0|0|0|0|0|0|0|0|1|1|2|3|4|1|1|1|0|0|0|0|0|0|0|0|0|0|0|0|0,14
Nebraska,Car,BEV,2033,0|0|0|0|0|0|0|1|1|0|1|2|3|2|4|4|1|1|0|0|0|0|0|0|0|0|0|0|0|0|0,20
Nebraska,Car,BEV,2034,0|0|0|0|0|0|0|1|1|2|1|2|4|3|3|4|4|1|0|0|0|0|0|0|0|0|0|0|0|0|0,26
Nebraska,Car,BEV,2035,0|0|0|0|0|0|0|1|2|3|5|2|5|5|4|3|4|4|1|0|0|0|0|0|0|0|0|0|0|0|0,39
Nebraska,Car,BEV,2036,0|0|0|0|0|0|0|1|2|4|7|12|4|6|7|5|3|4|3|0|0|0|0|0|0|0|0|0|0|0|0,58
Nebraska,Car,BEV,2037,0|0|0|0|0|0|0|1|2|5|9|15|24|5|8|7|5|3|3|3|0|0|0|0|0|0|0|0|0|0|0,90
Nebraska,Car,BEV,2038,0|0|0|0|0|0|1|1|3|5|11|19|31|32|7|9|7|4|2|2|2|0|0|0|0|0|0|0|0|0|0,136
Nebraska,Car,BEV,2039,0|0|0|0|0|0|1|1|3|6|12|23|39|40|38|7|9|7|3|2|2|1|0|0|0|0|0|0|0|0|0,194
Nebraska,Car,BEV,2040,0|0|0|0|0|0|1|2|3|7|14|27|48|51|49|42|7|8|5|3|1|1|1|0|0|0|0|0|0|0|0,270
Nebraska,Car,BEV,2041,0|0|0|0|0|0|1|2|4|7|15|31|55|62|62|54|42|7|6|4|2|1|1|1|0|0|0|0|0|0|0,357
Nebraska,Car,BEV,2042,0|0|0|0|0|0|1|2|4|9|17|33|63|72|75|69|54|38|5|5|3|1|1|1|0|0|0|0|0|0|0,453
Nebraska,Car,BEV,2043,0|0|0|0|0|0|1|2|4|9|20|37|68|82|87|83|69|49|32|4|4|2|1|0|0|0|0|0|0|0|0,554
Nebraska,Car,BEV,2044,0|0|0|0|0|0|1|2|5|10|21|43|76|89|99|96|83|62|40|24|3|2|1|1|0|0|0|0|0|0|0,658
Nebraska,Car,BEV,2045,0|0|0|0|0|0|1|2|5|11|23|46|88|98|108|109|96|75|51|31|18|2|2|1|0|0|0|0|0|0|0,767
Nebraska,Car,BEV,2046,0|0|0|0|0|0|1|2|6|12|25|50|94|115|119|119|109|87|62|39|22|12|1|1|1|0|0|0|0|0|0,877
Nebraska,Car,BEV,2047,0|0|0|0|0|0|1|3|6|13|26|54|101|123|139|132|119|99|72|48|29|15|8|1|1|0|0|0|0|0|0,990
Nebraska,Car,BEV,2048,0|0|0|0|0|1|1|3|6|13|28|57|108|132|149|153|132|108|82|55|35|20|10|5|1|0|0|0|0|0|0,1099
Nebraska,Car,BEV,2049,0|0|0|0|0|1|1|3|6|14|30|60|114|141|159|164|153|119|89|63|40|24|13|7|4|0|0|0|0|0|0,1205
Nebraska,Car,BEV,2050,0|0|0|0|0|1|1|3|7|15|32|64|122|149|171|176|164|139|98|68|45|28|16|9|4|2|0|0|0|0|0,1314
Nebraska,Car,PHEV,2020,0|0|0|0|0|0|0|0|0|0|0|0|0|0|0|0|0|0|0|0|0|0|0|0|0|0|0|0|0|0|0,0
Nebraska,Car,PHEV,2021,0|0|0|0|0|0|0|0|0|0|0|0|0|0|0|0|0|0|0|0|0|0|0|0|0|0|0|0|0|0|0,0
Nebraska,Car,PHEV,2022,0|0|0|0|0|0|0|0|0|0|0|0|0|0|0|0|0|0|0|0|0|0|0|0|0|0|0|0|0|0|0,0
Nebraska,Car,PHEV,2023,0|0|0|0|0|0|0|0|0|0|0|0|0|0|0|0|0|0|0|0|0|0|0|0|0|0|0|0|0|0|0,0
Nebraska,Car,PHEV,2024,0|0|0|0|0|0|0|0|0|0|0|0|0|0|0|0|0|0|0|0|0|0|0|0|0|0|0|0|0|0|0,0
Nebraska,Car,PHEV,2025,0|0|0|0|0|0|0|0|0|0|0|0|0|0|0|0|0|0|0|0|0|0|0|0|0|0|0|0|0|0|0,0
Nebraska,Car,PHEV,2026,0|0|0|0|0|0|0|0|0|0|0|0|1|0|0|0|0|0|0|0|0|0|0|0|0|0|0|0|0|0|0,1
Nebraska,Car,PHEV,2027,0|0|0|0|0|0|0|0|0|0|0|0|0|1|0|0|0|0|0|0|0|0|0|0|0|0|0|0|0|0|0,1
Nebraska,Car,PHEV,2028,0|0|0|0|0|0|0|0|0|0|0|1|1|0|1|0|0|0|0|0|0|0|0|0|0|0|0|0|0|0|0,3
Nebraska,Car,PHEV,2029,0|0|0|0|0|0|0|0|0|0|0|1|1|1|1|1|0|0|0|0|0|0|0|0|0|0|0|0|0|0|0,5
Nebraska,Car,PHEV,2030,0|0|0|0|0|0|0|0|0|0|0|0|1|2|1|1|1|0|0|0|0|0|0|0|0|0|0|0|0|0|0,6
Nebraska,Car,PHEV,2031,0|0|0|0|0|0|0|0|0|0|0|0|1|2|2|2|1|1|0|0|0|0|0|0|0|0|0|0|0|0|0,9
Nebraska,Car,PHEV,2032,0|0|0|0|0|0|0|0|0|0|0|0|0|1|2|2|2|1|1|0|0|0|0|0|0|0|0|0|0|0|0,9
Nebraska,Car,PHEV,2033,0|0|0|0|0|0|0|0|0|0|0|0|1|1|1|2|2|1|0|1|0|0|0|0|0|0|0|0|0|0|0,9
Nebraska,Car,PHEV,2034,0|0|0|0|0|0|0|0|0|1|0|0|1|1|1|1|2|2|1|0|0|0|0|0|0|0|0|0|0|0|0,10
Nebraska,Car,PHEV,2035,0|0|0|0|0|0|0|0|0|1|1|0|0|1|2|1|1|2|2|1|0|0|0|0|0|0|0|0|0|0|0,12
Nebraska,Car,PHEV,2036,0|0|0|0|0|0|0|0|0|1|2|3|1|0|1|2|1|1|2|1|1|0|0|0|0|0|0|0|0|0|0,16
Nebraska,Car,PHEV,2037,0|0|0|0|0|0|0|0|0|1|2|3|5|1|1|1|2|1|1|1|1|0|0|0|0|0|0|0|0|0|0,20
Nebraska,Car,PHEV,2038,0|0|0|0|0|0|0|0|1|1|2|5|7|7|1|1|1|2|1|1|1|1|0|0|0|0|0|0|0|0|0,32
Nebraska,Car,PHEV,2039,0|0|0|0|0|0|0|0|1|1|3|5|9|9|9|1|1|1|1|0|0|1|0|0|0|0|0|0|0|0|0,42
Nebraska,Car,PHEV,2040,0|0|0|0|0|0|0|0|1|1|3|6|9|12|11|9|1|1|1|1|0|0|0|0|0|0|0|0|0|0|0,56
Nebraska,Car,PHEV,2041,0|0|0|0|0|0|0|0|1|2|3|6|12|12|15|12|9|1|0|1|1|0|0|0|0|0|0|0|0|0|0,75
Nebraska,Car,PHEV,2042,0|0|0|0|0|0|0|0|1|2|4|7|13|16|15|16|12|9|1|0|0|0|0|0|0|0|0|0|0|0|0,96
Nebraska,Car,PHEV,2043,0|0|0|0|0|0|0|0|1|2|4|9|15|17|19|17|16|11|7|1|0|0|0|0|0|0|0|0|0|0|0,119
Nebraska,Car,PHEV,2044,0|0|0|0|0|0|0|0|1|2|4|9|18|20|20|21|17|15|9|5|0|0|0|0|0|0|0|0|0|0|0,141
Nebraska,Car,PHEV,2045,0|0|0|0|0|0|0|0|1|2|5|10|19|23|24|23|21|15|12|7|4|0|0|0|0|0|0|0|0|0|0,166
Nebraska,Car,PHEV,2046,0|0|0|0|0|0|0|0|1|2|5|10|20|25|28|26|23|19|12|9|5|3|0|0|0|0|0|0|0|0|0,188
Nebraska,Car,PHEV,2047,0|0|0|0|0|0|0|0|1|2|5|10|20|26|30|31|26|20|16|9|7|3|2|0|0|0|0|0|0|0|0,208
Nebraska,Car,PHEV,2048,0|0|0|0|0|0|0|0|1|2|5|10|20|26|31|33|31|24|17|12|7|5|2|1|0|0|0|0|0|0|0,227
Nebraska,Car,PHEV,2049,0|0|0|0|0|0|0|0|1|2|5|11|21|27|32|34|33|28|20|13|9|5|3|1|1|0|0|0|0|0|0,246
Nebraska,Car,PHEV,2050,0|0|0|0|0|0|0|0|1|2|5|11|21|27|32|35|34|30|23|15|9|6|3|2|1|1|0|0|0|0|0,258
Nebraska,SUV,BEV,2020,0|0|0|0|0|0|0|0|0|0|0|0|0|0|0|0|0|0|0|0|0|0|0|0|0|0|0|0|0|0|0,0
Nebraska,SUV,BEV,2021,0|0|0|0|0|0|0|0|0|0|0|0|0|0|0|0|0|0|0|0|0|0|0|0|0|0|0|0|0|0|0,0
Nebraska,SUV,BEV,2022,0|0|0|0|0|0|0|0|0|0|0|0|0|0|0|0|0|0|0|0|0|0|0|0|0|0|0|0|0|0|0,0
Nebraska,SUV,BEV,2023,0|0|0|0|0|0|0|0|0|0|0|0|0|0|0|0|0|0|0|0|0|0|0|0|0|0|0|0|0|0|0,0
Nebraska,SUV,BEV,2024,0|0|0|0|0|0|0|0|0|0|0|0|0|0|0|0|0|0|0|0|0|0|0|0|0|0|0|0|0|0|0,0
Nebraska,SUV,BEV,2025,0|0|0|0|0|0|0|0|0|0|0|0|0|0|0|0|0|0|0|0|0|0|0|0|0|0|0|0|0|0|0,0
Nebraska,SUV,BEV,2026,0|0|0|0|0|0|0|0|0|0|0|0|0|0|0|0|0|0|0|0|0|0|0|0|0|0|0|0|0|0|0,0
Nebraska,SUV,BEV,2027,0|0|0|0|0|0|0|0|0|0|0|0|0|0|0|0|0|0|0|0|0|0|0|0|0|0|0|0|0|0|0,0
Nebraska,SUV,BEV,2028,0|0|0|0|0|0|0|0|0|0|0|0|0|0|0|0|0|0|0|0|0|0|0|0|0|0|0|0|0|0|0,0
Nebraska,SUV,BEV,2029,0|0|0|0|0|0|0|0|0|0|0|0|0|0|0|0|0|0|0|0|0|0|0|0|0|0|0|0|0|0|0,0
Nebraska,SUV,BEV,2030,0|0|0|0|0|0|0|0|0|0|0|0|1|1|0|0|0|0|0|0|0|0|0|0|0|0|0|0|0|0|0,2
Nebraska,SUV,BEV,2031,0|0|0|0|0|0|0|0|1|1|1|1|1|1|1|0|0|0|0|0|0|0|0|0|0|0|0|0|0|0|0,7
Nebraska,SUV,BEV,2032,0|0|0|0|0|0|0|1|1|1|2|2|2|1|1|1|0|0|0|0|0|0|0|0|0|0|0|0|0|0|0,12
Nebraska,SUV,BEV,2033,0|0|0|0|0|0|0|1|1|2|3|4|4|2|1|1|1|0|0|0|0|0|0|0|0|0|0|0|0|0|0,20
Nebraska,SUV,BEV,2034,0|0|0|0|0|0|1|1|2|3|4|6|8|6|3|1|1|1|0|0|0|0|0|0|0|0|0|0|0|0|0,37
Nebraska,SUV,BEV,2035,0|0|0|0|0|0|1|1|2|4|7|8|13|10|7|3|1|1|1|0|0|0|0|0|0|0|0|0|0|0|0,59
Nebraska,SUV,BEV,2036,0|0|0|0|0|0|1|2|3|6|10|16|16|17|12|7|3|1|1|0|0|0|0|0|0|0|0|0|0|0|0,95
Nebraska,SUV,BEV,2037,0|0|0|0|0|0|1|2|4|7|13|22|34|21|21|13|7|3|1|1|0|0|0|0|0|0|0|0|0|0|0,150
Nebraska,SUV,BEV,2038,0|0|0|0|0|0|1|2|4|9|16|29|45|44|25|23|13|7|2|1|0|0|0|0|0|0|0|0|0|0|0,221
Nebraska,SUV,BEV,2039,0|0|0|0|0|0|1|2|5|10|20|36|59|58|53|28|23|12|6|2|0|0|0|0|0|0|0|0|0|0|0,315
Nebraska,SUV,BEV,2040,0|0|0|0|0|1|1|3|6|12|23|43|74|77|70|59|28|21|10|4|1|0|0|0|0|0|0|0|0|0|0,433
Nebraska,SUV,BEV,2041,0|0|0|0|0|1|1|3|7|13|26|51|89|97|93|78|59|25|17|8|3|1|0|0|0|0|0|0|0|0|0,572
Nebraska,SUV,BEV,2042,0|0|0|0|0|1|2|3|7|16|30|58|105|116|117|103|78|53|21|13|5|2|1|0|0|0|0|0|0|0|0,731
Nebraska,SUV,BEV,2043,0|0|0|0|0|1|2|4|8|17|36|66|118|137|141|129|103|70|44|16|9|4|1|0|0|0|0|0|0|0|0,906
Nebraska,SUV,BEV,2044,0|0|0|0|0|1|2|4|9|19|39|78|134|154|165|155|129|93|58|34|12|7|3|1|0|0|0|0|0|0|0,1097
Nebraska,SUV,BEV,2045,0|0|0|0|0|1|2|4|9|21|43|86|160|175|186|182|155|117|77|45|24|8|4|2|1|0|0|0|0|0|0,1302
Nebraska,SUV,BEV,2046,0|0|0|0|0|1|2|5|10|22|47|93|175|208|212|206|182|141|97|59|32|17|5|3|1|0|0|0|0|0|0,1518
Nebraska,SUV,BEV,2047,0|0|0|0|0|1|2|5|11|23|50|100|190|228|252|234|206|165|116|74|43|22|11|4|2|1|0|0|0|0|0,1740
Nebraska,SUV,BEV,2048,0|0|0|0|0|1|2|5|11|25|53|107|204|247|276|278|234|186|137|89|54|30|15|8|2|1|0|0|0|0|0,1965
Nebraska,SUV,BEV,2049,0|0|0|0|0|1|2|5|12|26|56|113|216|266|299|305|278|212|154|105|65|37|20|10|5|2|1|0|0|0|0,2190
Nebraska,SUV,BEV,2050,0|0|0|0|0|1|2|6|12|27|58|119|228|282|321|331|305|252|175|118|76|45|25|13|6|3|1|1|0|0|0,2407
Nebraska,SUV,PHEV,2020,0|0|0|0|0|0|0|0|0|0|0|0|0|0|0|0|0|0|0|0|0|0|0|0|0|0|0|0|0|0|0,0
Nebraska,SUV,PHEV,2021,0|0|0|0|0|0|0|0|0|0|0|0|0|0|0|0|0|0|0|0|0|0|0|0|0|0|0|0|0|0|0,0
Nebraska,SUV,PHEV,2022,0|0|0|0|0|0|0|0|0|0|0|0|0|0|0|0|0|0|0|0|0|0|0|0|0|0|0|0|0|0|0,0
Nebraska,SUV,PHEV,2023,0|0|0|0|0|0|0|0|0|0|0|0|0|0|0|0|0|0|0|0|0|0|0|0|0|0|0|0|0|0|0,0
Nebraska,SUV,PHEV,2024,0|0|0|0|0|0|0|0|0|0|0|0|0|0|0|0|0|0|0|0|0|0|0|0|0|0|0|0|0|0|0,0
Nebraska,SUV,PHEV,2025,0|0|0|0|0|0|0|0|0|0|0|0|0|0|0|0|0|0|0|0|0|0|0|0|0|0|0|0|0|0|0,0
Nebraska,SUV,PHEV,2026,0|0|0|0|0|0|0|0|0|0|0|0|0|0|0|0|0|0|0|0|0|0|0|0|0|0|0|0|0|0|0,0
Nebraska,SUV,PHEV,2027,0|0|0|0|0|0|0|0|0|0|0|0|0|0|0|0|0|0|0|0|0|0|0|0|0|0|0|0|0|0|0,0
Nebraska,SUV,PHEV,2028,0|0|0|0|0|0|0|0|0|0|0|0|0|0|0|0|0|0|0|0|0|0|0|0|0|0|0|0|0|0|0,0
Nebraska,SUV,PHEV,2029,0|0|0|0|0|0|0|0|0|0|0|0|0|0|0|0|0|0|0|0|0|0|0|0|0|0|0|0|0|0|0,0
Nebraska,SUV,PHEV,2030,0|0|0|0|0|0|0|0|0|0|0|0|0|0|0|0|0|0|0|0|0|0|0|0|0|0|0|0|0|0|0,0
Nebraska,SUV,PHEV,2031,0|0|0|0|0|0|0|0|0|0|1|0|0|0|0|1|0|0|0|0|0|0|0|0|0|0|0|0|0|0|0,2
Nebraska,SUV,PHEV,2032,0|0|0|0|0|0|0|0|0|1|1|1|0|0|1|1|1|0|0|0|0|0|0|0|0|0|0|0|0|0|0,6
Nebraska,SUV,PHEV,2033,0|0|0|0|0|0|0|0|0|1|1|2|3|1|0|1|1|0|0|0|0|0|0|0|0|0|0|0|0|0|0,10
Nebraska,SUV,PHEV,2034,0|0|0|0|0|0|0|0|0|1|2|3|4|4|1|0|1|0|0|0|0|0|0|0|0|0|0|0|0|0|0,16
Nebraska,SUV,PHEV,2035,0|0|0|0|0|0|0|0|1|1|2|4|7|5|5|1|0|1|0|0|0|0|0|0|0|0|0|0|0|0|0,27
Nebraska,SUV,PHEV,2036,0|0|0|0|0|0|0|0|1|1|2|4|8|9|6|5|1|0|0|0|0|0|0|0|0|0|0|0|0|0|0,37
Nebraska,SUV,PHEV,2037,0|0|0|0|0|0|0|0|1|1|3|5|7|10|10|7|5|1|0|0|0|0|0|0|0|0|0|0|0|0|0,50
Nebraska,SUV,PHEV,2038,0|0|0|0|0|0|0|0|1|2|3|7|10|9|12|11|7|5|1|0|0|0|0|0|0|0|0|0|0|0|0,68
Nebraska,SUV,PHEV,2039,0|0|0|0|0|0|0|1|1|2|4|7|14|13|11|14|11|6|4|0|0|0|0|0|0|0|0|0|0|0|0,88
Nebraska,SUV,PHEV,2040,0|0|0|0|0|0|0|1|1|3|5|10|15|18|15|13|14|10|5|3|0|0|0|0|0|0|0|0|0|0|0,113
Nebraska,SUV,PHEV,2041,0|0|0|0|0|0|0|1|2|3|6|11|20|20|22|17|13|12|9|4|2|0|0|0|0|0|0|0|0|0|0,142
Nebraska,SUV,PHEV,2042,0|0|0|0|0|0|0|1|2|4|7|13|22|26|24|24|17|11|10|7|3|1|0|0|0|0|0|0|0|0|0,172
Nebraska,SUV,PHEV,2043,0|0|0|0|0|0|0|1|2|4|8|16|27|29|31|26|24|15|9|8|5|2|1|0|0|0|0|0|0|0|0,208
Nebraska,SUV,PHEV,2044,0|0|0|0|0|0|0|1|2|4|9|17|32|35|35|34|26|22|13|7|6|3|1|1|0|0|0|0|0|0|0,248
Nebraska,SUV,PHEV,2045,0|0|0|0|0|0|0|1|2|4|9|18|36|42|42|38|34|24|18|10|5|4|2|1|0|0|0|0|0|0|0,290
Nebraska,SUV,PHEV,2046,0|0|0|0|0|0|0|1|2|4|9|19|37|46|50|46|38|31|20|14|7|4|3|1|1|0|0|0|0|0|0,333
Nebraska,SUV,PHEV,2047,0|0|0|0|0|0|0|1|2|4|9|19|38|49|56|56|46|35|26|15|10|5|2|2|1|0|0|0|0|0|0,376
Nebraska,SUV,PHEV,2048,0|0|0|0|0|0|0|1|2|4|9|19|38|49|59|62|56|42|29|20|11|7|3|2|1|1|0|0|0|0|0,415
Nebraska,SUV,PHEV,2049,0|0|0|0|0|0|0|1|2|4|9|19|39|50|60|65|62|50|35|22|14|8|5|2|1|1|0|0|0|0|0,449
Nebraska,SUV,PHEV,2050,0|0|0|0|0|0|0|1|2|4|9|19|39|50|60|66|65|56|42|27|16|10|5|3|1|1|0|0|0|0|0,476
Nevada,Car,BEV,2020,0|0|0|0|0|0|0|0|0|0|0|0|0|0|0|0|0|0|0|0|0|0|0|0|0|0|0|0|0|0|0,0
Nevada,Car,BEV,2021,0|0|0|0|0|0|0|0|0|0|0|0|0|0|0|0|0|0|0|0|0|0|0|0|0|0|0|0|0|0|0,0
Nevada,Car,BEV,2022,0|0|0|0|0|0|0|0|0|0|0|0|0|0|0|0|0|0|0|0|0|0|0|0|0|0|0|0|0|0|0,0
Nevada,Car,BEV,2023,0|0|0|0|0|0|0|0|0|0|0|0|0|0|0|0|0|0|0|0|0|0|0|0|0|0|0|0|0|0|0,0
Nevada,Car,BEV,2024,0|0|0|0|0|0|0|0|0|0|1|0|0|0|0|0|0|0|0|0|0|0|0|0|0|0|0|0|0|0|0,1
Nevada,Car,BEV,2025,0|0|0|0|0|0|0|0|0|0|1|2|0|0|0|0|0|0|0|0|0|0|0|0|0|0|0|0|0|0|0,3
Nevada,Car,BEV,2026,0|0|0|0|0|0|0|0|1|0|1|2|3|0|0|0|0|0|0|0|0|0|0|0|0|0|0|0|0|0|0,7
Nevada,Car,BEV,2027,0|0|0|0|0|0|0|0|1|1|1|2|4|4|0|0|0|0|0|0|0|0|0|0|0|0|0|0|0|0|0,13
Nevada,Car,BEV,2028,0|0|0|0|0|0|0|0|0|1|3|2|4|5|5|0|0|0|0|0|0|0|0|0|0|0|0|0|0|0|0,20
Nevada,Car,BEV,2029,0|0|0|0|0|0|0|1|1|1|3|7|4|5|6|6|0|0|0|0|0|0|0|0|0|0|0|0|0|0|0,34
Nevada,Car,BEV,2030,0|0|0|0|0|0|0|1|1|2|3|7|15|5|6|6|6|0|0|0|0|0|0|0|0|0|0|0|0|0|0,52
Nevada,Car,BEV,2031,0|0|0|0|0|0|0|1|1|3|4|6|15|20|6|6|6|5|0|0|0|0|0|0|0|0|0|0|0|0|0,73
Nevada,Car,BEV,2032,0|0|0|0|0|0|0|1|1|3|7|9|12|20|24|7|6|6|4|0|0|0|0|0|0|0|0|0|0|0|0,100
Nevada,Car,BEV,2033,0|0|0|0|0|0|1|1|2|3|8|15|19|15|24|26|7|6|5|3|0|0|0|0|0|0|0|0|0|0|0,135
Nevada,Car,BEV,2034,0|0|0|0|0|0|1|1|3|5|7|17|32|25|19|27|26|6|5|4|2|0|0|0|0|0|0|0|0|0|0,180
Nevada,Car,BEV,2035,0|0|0|0|0|0|1|2|3|6|10|14|35|41|31|21|27|24|5|4|3|2|0|0|0|0|0|0|0|0|0,229
Nevada,Car,BEV,2036,0|0|0|0|0|0|1|2|4|8|14|23|30|45|50|34|21|24|20|4|3|2|1|0|0|0|0|0|0|0|0,286
Nevada,Car,BEV,2037,0|0|0|0|0|1|1|2|5|10|18|30|47|39|55|55|34|19|20|15|3|2|1|1|0|0|0|0|0|0|0,358
Nevada,Car,BEV,2038,0|0|0|0|0|1|1|3|6|12|23|40|61|61|47|61|55|31|15|15|11|2|1|1|0|0|0|0|0|0|0,447
Nevada,Car,BEV,2039,0|0|0|0|0|1|2|3|7|14|27|50|81|80|73|52|61|50|25|12|11|8|1|1|1|0|0|0|0|0|0,560
Nevada,Car,BEV,2040,0|0|0|0|0|1|2|4|8|16|31|59|101|106|97|81|52|55|41|19|9|8|5|1|1|0|0|0|0|0|0,697
Nevada,Car,BEV,2041,0|0|0|0|0|1|2|4|9|18|37|68|121|132|128|107|81|47|45|32|14|6|5|3|1|0|0|0|0|0|0,861
Nevada,Car,BEV,2042,0|0|0|0|0|1|2|4|10|22|42|80|140|158|160|142|107|73|39|35|23|10|4|3|2|0|0|0|0|0|0,1057
Nevada,Car,BEV,2043,0|0|0|0|0|1|2|5|10|23|49|90|163|183|191|177|142|97|61|30|25|16|7|3|2|1|0|0|0|0|0,1278
Nevada,Car,BEV,2044,0|0|0|0|0|1|2|5|11|25|52|106|185|213|221|211|177|128|80|47|21|17|11|4|2|1|1|0|0|0|0,1521
Nevada,Car,BEV,2045,0|0|0|0|0|1|2|5|12|27|56|113|216|241|257|244|211|160|106|61|34|15|12|7|3|1|1|1|0|0|0,1786
Nevada,Car,BEV,2046,0|0|0|0|0|1|3|6|13|28|60|121|232|282|291|284|244|191|132|81|44|23|10|8|5|2|1|1|0|0|0,2063
Nevada,Car,BEV,2047,0|0|0|0|0|1|3|6|14|30|63|129|246|302|340|322|284|221|158|101|59|31|16|7|5|3|1|0|0|0|0,2342
Nevada,Car,BEV,2048,0|0|0|0|0|1|3|6|14|31|67|136|262|321|365|376|322|257|183|121|73|41|21|10|4|3|2|1|0|0|0,2620
Nevada,Car,BEV,2049,0|0|0|0|1|1|3|7|15|33|70|143|276|342|388|403|376|291|213|140|88|51|27|14|7|3|2|1|0|0|0,2895
Nevada,Car,BEV,2050,0|0|0|0|1|1|3|7|16|35|74|150|290|360|413|429|403|340|241|163|101|61|34|18|9|4|2|1|1|0|0,3157
Nevada,Car,PHEV,2020,0|0|0|0|0|0|0|0|0|0|0|0|0|0|0|0|0|0|0|0|0|0|0|0|0|0|0|0|0|0|0,0
Nevada,Car,PHEV,2021,0|0|0|0|0|0|0|0|0|0|0|0|0|0|0|0|0|0|0|0|0|0|0|0|0|0|0|0|0|0|0,0
Nevada,Car,PHEV,2022,0|0|0|0|0|0|0|0|0|0|0|0|0|0|0|0|0|0|0|0|0|0|0|0|0|0|0|0|0|0|0,0
Nevada,Car,PHEV,2023,0|0|0|0|0|0|0|0|0|0|0|0|0|0|0|0|0|0|0|0|0|0|0|0|0|0|0|0|0|0|0,0
Nevada,Car,PHEV,2024,0|0|0|0|0|0|0|0|0|0|0|0|0|0|0|0|0|0|0|0|0|0|0|0|0|0|0|0|0|0|0,0
Nevada,Car,PHEV,2025,0|0|0|0|0|0|0|0|0|0|0|1|0|0|0|0|0|0|0|0|0|0|0|0|0|0|0|0|0|0|0,1
Nevada,Car,PHEV,2026,0|0|0|0|0|0|0|0|0|0|0|0|2|0|0|0|0|0|0|0|0|0|0|0|0|0|0|0|0|0|0,2
Nevada,Car,PHEV,2027,0|0|0|0|0|0|0|0|0|0|1|1|1|2|0|0|0|0|0|0|0|0|0|0|0|0|0|0|0|0|0,5
Nevada,Car,PHEV,2028,0|0|0|0|0|0|0|0|0|0|1|1|2|1|3|0|0|0|0|0|0|0|0|0|0|0|0|0|0|0|0,8
Nevada,Car,PHEV,2029,0|0|0|0|0|0|0|0|0|0|1|2|3|3|2|3|0|0|0|0|0|0|0|0|0|0|0|0|0|0|0,14
Nevada,Car,PHEV,2030,0|0|0|0|0|0|0|0|0|0|0|1|4|4|3|2|3|0|0|0|0|0|0|0|0|0|0|0|0|0|0,17
Nevada,Car,PHEV,2031,0|0|0|0|0|0|0|0|0|0|1|1|2|6|5|4|2|3|0|0|0|0|0|0|0|0|0|0|0|0|0,24
Nevada,Car,PHEV,2032,0|0|0|0|0|0|0|0|0|0|0|1|2|3|7|5|4|2|2|0|0|0|0|0|0|0|0|0|0|0|0,26
Nevada,Car,PHEV,2033,0|0|0|0|0|0|0|0|0|0|0|1|3|3|4|7|5|3|1|2|0|0|0|0|0|0|0|0|0|0|0,29
Nevada,Car,PHEV,2034,0|0|0|0|0|0|0|0|1|1|0|1|2|4|3|4|7|5|3|1|1|0|0|0|0|0|0|0|0|0|0,33
Nevada,Car,PHEV,2035,0|0|0|0|0|0|0|0|1|1|2|1|2|3|5|4|4|7|4|2|1|1|0|0|0|0|0|0|0|0|0,38
Nevada,Car,PHEV,2036,0|0|0|0|0|0|0|0|1|2|3|5|2|2|3|5|4|4|6|3|2|1|1|0|0|0|0|0|0|0|0,44
Nevada,Car,PHEV,2037,0|0|0|0|0|0|0|0|1|2|4|6|9|2|2|4|5|3|3|4|2|1|0|0|0|0|0|0|0|0|0,48
Nevada,Car,PHEV,2038,0|0|0|0|0|0|0|1|1|2|4|9|13|12|3|3|4|5|3|2|3|2|1|0|0|0|0|0|0|0|0,68
Nevada,Car,PHEV,2039,0|0|0|0|0|0|0|1|1|3|6|9|18|17|15|3|3|3|4|2|2|2|1|0|0|0|0|0|0|0|0,90
Nevada,Car,PHEV,2040,0|0|0|0|0|0|0|1|2|3|6|12|19|24|20|16|3|2|3|3|2|1|1|1|0|0|0|0|0|0|0,119
Nevada,Car,PHEV,2041,0|0|0|0|0|0|0|1|2|4|8|13|25|25|29|22|16|3|2|2|2|1|1|1|0|0|0|0|0|0|0,157
Nevada,Car,PHEV,2042,0|0|0|0|0|0|0|1|2|4|9|17|27|32|30|32|22|15|2|2|2|2|1|1|1|0|0|0|0|0|0,202
Nevada,Car,PHEV,2043,0|0|0|0|0|0|0|1|2|4|10|19|34|35|39|33|32|20|12|2|1|1|1|0|0|0|0|0|0|0|0,246
Nevada,Car,PHEV,2044,0|0|0|0|0|0|0|1|2|5|10|21|40|44|42|43|33|29|17|9|1|1|1|1|0|0|0|0|0|0|0,300
Nevada,Car,PHEV,2045,0|0|0|0|0|0|0|1|2|5|11|22|44|52|53|47|43|30|24|13|7|1|1|0|0|0|0|0|0|0|0,356
Nevada,Car,PHEV,2046,0|0|0|0|0|0|0|1|2|5|11|23|45|57|63|59|47|39|25|18|9|5|1|0|0|0|0|0|0|0|0,410
Nevada,Car,PHEV,2047,0|0|0|0|0|0|0|1|2|5|11|23|46|59|69|69|59|42|32|19|13|6|3|0|0|0|0|0|0|0|0,459
Nevada,Car,PHEV,2048,0|0|0|0|0|0|0|1|2|5|11|24|47|60|71|76|69|53|35|25|14|9|4|2|0|0|0|0|0|0|0,508
Nevada,Car,PHEV,2049,0|0|0|0|0|0|0|1|2|5|11|24|48|62|73|79|76|63|44|27|18|10|6|3|1|0|0|0|0|0|0,553
Nevada,Car,PHEV,2050,0|0|0|0|0|0|0|1|2|5|11|24|48|62|75|81|79|69|52|34|19|12|6|4|2|1|0|0|0|0|0,587
Nevada,SUV,BEV,2020,0|0|0|0|0|0|0|0|0|0|0|0|0|0|0|0|0|0|0|0|0|0|0|0|0|0|0|0|0|0|0,0
Nevada,SUV,BEV,2021,0|0|0|0|0|0|0|0|0|0|0|0|0|0|0|0|0|0|0|0|0|0|0|0|0|0|0|0|0|0|0,0
Nevada,SUV,BEV,2022,0|0|0|0|0|0|0|0|0|0|0|0|0|0|0|0|0|0|0|0|0|0|0|0|0|0|0|0|0|0|0,0
Nevada,SUV,BEV,2023,0|0|0|0|0|0|0|0|0|0|0|0|0|0|0|0|0|0|0|0|0|0|0|0|0|0|0|0|0|0|0,0
Nevada,SUV,BEV,2024,0|0|0|0|0|0|0|0|0|0|0|0|0|0|0|0|0|0|0|0|0|0|0|0|0|0|0|0|0|0|0,0
Nevada,SUV,BEV,2025,0|0|0|0|0|0|0|0|0|0|0|0|0|0|0|0|0|0|0|0|0|0|0|0|0|0|0|0|0|0|0,0
Nevada,SUV,BEV,2026,0|0|0|0|0|0|0|0|0|0|0|0|0|0|0|0|0|0|0|0|0|0|0|0|0|0|0|0|0|0|0,0
Nevada,SUV,BEV,2027,0|0|0|0|0|0|0|0|0|0|1|1|1|1|0|0|0|0|0|0|0|0|0|0|0|0|0|0|0|0|0,4
Nevada,SUV,BEV,2028,0|0|0|0|0|0|0|0|0|0|1|2|2|1|1|0|0|0|0|0|0|0|0|0|0|0|0|0|0|0|0,7
Nevada,SUV,BEV,2029,0|0|0|0|0|0|1|1|1|1|1|2|4|2|1|1|0|0|0|0|0|0|0|0|0|0|0|0|0|0|0,15
Nevada,SUV,BEV,2030,0|0|0|0|0|0|1|2|2|3|3|2|4|5|3|1|1|0|0|0|0|0|0|0|0|0|0|0|0|0|0,27
Nevada,SUV,BEV,2031,0|0|0|0|0|0|0|2|4|5|7|6|4|5|6|3|1|1|0|0|0|0|0|0|0|0|0|0|0|0|0,44
Nevada,SUV,BEV,2032,0|0|0|0|0|0|0|1|5|9|12|14|12|6|6|7|3|1|1|0|0|0|0|0|0|0|0|0|0|0|0,77
Nevada,SUV,BEV,2033,0|0|0|0|0|0|1|1|2|11|20|27|29|15|7|7|7|3|1|0|0|0|0|0|0|0|0|0|0|0|0,131
Nevada,SUV,BEV,2034,0|0|0|0|0|0|1|1|3|5|25|44|55|38|19|8|7|6|2|1|0|0|0|0|0|0|0|0|0|0|0,215
Nevada,SUV,BEV,2035,0|0|0|0|0|0|1|2|4|6|11|54|90|72|46|20|8|6|5|2|1|0|0|0|0|0|0|0|0|0|0,328
Nevada,SUV,BEV,2036,0|0|0|0|0|1|1|2|4|8|14|23|112|117|87|51|20|7|5|4|1|0|0|0|0|0|0|0|0|0|0,457
Nevada,SUV,BEV,2037,0|0|0|0|0|1|1|3|5|10|19|31|48|145|142|97|51|19|6|4|3|1|0|0|0|0|0|0|0|0|0,586
Nevada,SUV,BEV,2038,0|0|0|0|0|1|2|3|6|13|24|41|63|62|176|157|97|46|15|4|3|2|1|0|0|0|0|0|0|0|0,716
Nevada,SUV,BEV,2039,0|0|0|0|0|1|2|4|8|15|29|52|85|82|75|194|157|87|38|12|3|2|1|0|0|0|0|0|0|0|0,847
Nevada,SUV,BEV,2040,0|0|0|0|0|1|2|5|9|18|34|62|106|110|100|83|194|142|72|29|9|2|1|1|0|0|0|0|0|0|0,980
Nevada,SUV,BEV,2041,0|0|0|0|0|1|2|5|11|21|41|74|128|138|133|110|83|176|117|55|21|6|1|1|1|0|0|0|0|0|0,1125
Nevada,SUV,BEV,2042,0|0|0|0|0|1|2|5|12|26|48|89|151|167|167|147|110|75|145|90|40|15|4|1|1|0|0|0|0|0|0,1296
Nevada,SUV,BEV,2043,0|0|0|0|0|1|3|6|13|28|58|103|181|197|202|185|147|100|62|112|65|28|10|3|1|0|0|0|0|0|0,1505
Nevada,SUV,BEV,2044,0|0|0|0|0|1|3|6|13|30|63|124|209|237|238|223|185|133|82|48|81|45|19|7|2|0|0|0|0|0|0,1749
Nevada,SUV,BEV,2045,0|0|0|0|0|1|3|7|15|31|68|136|250|273|286|263|223|167|110|63|34|56|30|12|4|1|0|0|0|0|0,2033
Nevada,SUV,BEV,2046,0|0|0|0|1|1|3|7|16|34|71|146|275|326|330|316|263|202|138|85|46|24|38|20|8|3|1|0|0|0|0,2354
Nevada,SUV,BEV,2047,0|0|0|0|1|1|3|7|17|37|78|155|297|358|394|365|316|238|167|106|61|32|16|25|13|5|2|0|0|0|0,2694
Nevada,SUV,BEV,2048,0|0|0|0|1|1|3|8|17|39|82|168|317|387|433|435|365|286|197|128|77|42|21|11|16|8|3|1|0|0|0,3046
Nevada,SUV,BEV,2049,0|0|0|0|1|1|4|8|18|40|87|177|341|413|468|479|435|330|237|151|92|53|29|14|7|10|5|2|1|0|0,3403
Nevada,SUV,BEV,2050,0|0|0|0|1|2|4|9|19|42|90|186|360|444|499|517|479|394|273|181|109|64|36|19|9|4|7|3|1|0|0,3752
Nevada,SUV,PHEV,2020,0|0|0|0|0|0|0|0|0|0|0|0|0|0|0|0|0|0|0|0|0|0|0|0|0|0|0|0|0|0|0,0
Nevada,SUV,PHEV,2021,0|0|0|0|0|0|0|0|0|0|0|0|0|0|0|0|0|0|0|0|0|0|0|0|0|0|0|0|0|0|0,0
Nevada,SUV,PHEV,2022,0|0|0|0|0|0|0|0|0|0|0|0|0|0|0|0|0|0|0|0|0|0|0|0|0|0|0|0|0|0|0,0
Nevada,SUV,PHEV,2023,0|0|0|0|0|0|0|0|0|0|0|0|0|0|0|0|0|0|0|0|0|0|0|0|0|0|0|0|0|0|0,0
Nevada,SUV,PHEV,2024,0|0|0|0|0|0|0|0|0|0|0|0|0|0|0|0|0|0|0|0|0|0|0|0|0|0|0|0|0|0|0,0
Nevada,SUV,PHEV,2025,0|0|0|0|0|0|0|0|0|0|0|0|0|0|0|0|0|0|0|0|0|0|0|0|0|0|0|0|0|0|0,0
Nevada,SUV,PHEV,2026,0|0|0|0|0|0|0|0|0|0|0|0|0|0|0|0|0|0|0|0|0|0|0|0|0|0|0|0|0|0|0,0
Nevada,SUV,PHEV,2027,0|0|0|0|0|0|0|0|0|0|0|0|0|0|0|0|0|0|0|0|0|0|0|0|0|0|0|0|0|0|0,0
Nevada,SUV,PHEV,2028,0|0|0|0|0|0|0|0|0|0|0|0|1|0|0|0|0|0|0|0|0|0|0|0|0|0|0|0|0|0|0,1
Nevada,SUV,PHEV,2029,0|0|0|0|0|0|0|0|0|0|0|1|1|1|1|0|0|0|0|0|0|0|0|0|0|0|0|0|0|0|0,4
Nevada,SUV,PHEV,2030,0|0|0|0|0|0|0|0|1|1|0|0|1|1|1|1|0|0|0|0|0|0|0|0|0|0|0|0|0|0|0,6
Nevada,SUV,PHEV,2031,0|0|0|0|0|0|0|0|1|1|2|1|1|2|2|1|1|0|0|0|0|0|0|0|0|0|0|0|0|0|0,12
Nevada,SUV,PHEV,2032,0|0|0|0|0|0|0|0|1|2|3|5|2|1|2|2|1|1|0|0|0|0|0|0|0|0|0|0|0|0|0,20
Nevada,SUV,PHEV,2033,0|0|0|0|0|0|0|0|0|2|4|6|10|3|2|2|2|1|0|0|0|0|0|0|0|0|0|0|0|0|0,32
Nevada,SUV,PHEV,2034,0|0|0|0|0|0|0|0|1|1|5|9|13|12|3|2|2|2|1|0|0|0|0|0|0|0|0|0|0|0|0,51
Nevada,SUV,PHEV,2035,0|0|0|0|0|0|0|0|1|1|2|11|19|17|15|4|2|2|1|1|0|0|0|0|0|0|0|0|0|0|0,76
Nevada,SUV,PHEV,2036,0|0|0|0|0|0|0|0|1|2|3|5|22|25|21|17|4|2|2|1|1|0|0|0|0|0|0|0|0|0|0,106
Nevada,SUV,PHEV,2037,0|0|0|0|0|0|0|1|1|2|4|6|10|29|30|23|17|3|1|1|1|0|0|0|0|0|0|0|0|0|0,129
Nevada,SUV,PHEV,2038,0|0|0|0|0|0|0|1|1|3|5|9|13|13|35|33|23|15|3|1|1|0|0|0|0|0|0|0|0|0|0,156
Nevada,SUV,PHEV,2039,0|0|0|0|0|0|0|1|2|3|6|10|19|17|15|38|33|21|12|2|1|1|0|0|0|0|0|0|0|0|0,181
Nevada,SUV,PHEV,2040,0|0|0|0|0|0|0|1|2|4|7|13|20|25|20|17|38|30|17|10|2|0|0|0|0|0|0|0|0|0|0,206
Nevada,SUV,PHEV,2041,0|0|0|0|0|0|0|1|2|5|9|15|26|26|30|23|17|35|25|13|7|1|0|0|0|0|0|0|0|0|0,235
Nevada,SUV,PHEV,2042,0|0|0|0|0|0|0|1|2|5|11|19|30|34|32|33|23|15|29|19|10|5|1|0|0|0|0|0|0|0|0,269
Nevada,SUV,PHEV,2043,0|0|0|0|0|0|0|1|2|6|12|23|38|39|41|35|33|20|13|22|14|7|3|0|0|0|0|0|0|0|0,309
Nevada,SUV,PHEV,2044,0|0|0|0|0|0|0|1|2|6|13|26|47|50|47|46|35|30|17|10|16|10|4|2|0|0|0|0|0|0|0,362
Nevada,SUV,PHEV,2045,0|0|0|0|0|0|0|1|3|6|13|27|52|61|61|52|46|32|25|13|7|11|6|3|1|0|0|0|0|0|0,420
Nevada,SUV,PHEV,2046,0|0|0|0|0|0|0|1|3|6|13|28|55|67|73|67|52|41|26|19|9|5|7|4|2|1|0|0|0|0|0,479
Nevada,SUV,PHEV,2047,0|0|0|0|0|0|0|1|3|6|13|28|56|71|81|81|67|47|34|20|14|6|3|5|3|1|1|0|0|0|0,541
Nevada,SUV,PHEV,2048,0|0|0|0|0|0|1|1|3|6|14|29|57|73|86|90|81|61|39|26|15|9|4|2|3|2|1|0|0|0|0,603
Nevada,SUV,PHEV,2049,0|0|0|0|0|0|1|1|3|6|14|29|58|74|88|95|90|73|50|30|19|10|6|3|1|2|1|1|0|0|0,655
Nevada,SUV,PHEV,2050,0|0|0|0|0|0|1|1|3|6|14|29|59|76|89|97|95|81|61|38|22|13|7|4|2|1|1|1|0|0|0,701
New Hampshire,Car,BEV,2020,0|0|0|0|0|0|0|0|0|0|0|0|0|0|0|0|0|0|0|0|0|0|0|0|0|0|0|0|0|0|0,0
New Hampshire,Car,BEV,2021,0|0|0|0|0|0|0|0|0|0|0|0|0|0|0|0|0|0|0|0|0|0|0|0|0|0|0|0|0|0|0,0
New Hampshire,Car,BEV,2022,0|0|0|0|0|0|0|0|0|0|0|0|0|0|0|0|0|0|0|0|0|0|0|0|0|0|0|0|0|0|0,0
New Hampshire,Car,BEV,2023,0|0|0|0|0|0|0|0|0|0|0|0|0|0|0|0|0|0|0|0|0|0|0|0|0|0|0|0|0|0|0,0
New Hampshire,Car,BEV,2024,0|0|0|0|0|0|0|0|0|0|0|0|0|0|0|0|0|0|0|0|0|0|0|0|0|0|0|0|0|0|0,0
New Hampshire,Car,BEV,2025,0|0|0|0|0|0|0|0|0|0|0|0|0|0|0|0|0|0|0|0|0|0|0|0|0|0|0|0|0|0|0,0
New Hampshire,Car,BEV,2026,0|0|0|0|0|0|0|0|0|0|0|0|0|0|0|0|0|0|0|0|0|0|0|0|0|0|0|0|0|0|0,0
New Hampshire,Car,BEV,2027,0|0|0|0|0|0|0|0|0|0|0|0|0|1|0|0|0|0|0|0|0|0|0|0|0|0|0|0|0|0|0,1
New Hampshire,Car,BEV,2028,0|0|0|0|0|0|0|0|0|0|1|0|0|1|1|0|0|0|0|0|0|0|0|0|0|0|0|0|0|0|0,3
New Hampshire,Car,BEV,2029,0|0|0|0|0|0|0|0|0|0|1|2|1|1|1|1|0|0|0|0|0|0|0|0|0|0|0|0|0|0|0,7
New Hampshire,Car,BEV,2030,0|0|0|0|0|0|0|0|0|0|1|2|4|1|1|1|1|0|0|0|0|0|0|0|0|0|0|0|0|0|0,11
New Hampshire,Car,BEV,2031,0|0|0|0|0|0|0|0|0|1|1|1|4|5|1|1|1|1|0|0|0|0|0|0|0|0|0|0|0|0|0,16
New Hampshire,Car,BEV,2032,0|0|0|0|0|0|0|0|0|1|1|2|3|5|6|1|1|1|1|0|0|0|0|0|0|0|0|0|0|0|0,22
New Hampshire,Car,BEV,2033,0|0|0|0|0|0|0|0|1|1|2|3|4|3|6|6|1|1|1|0|0|0|0|0|0|0|0|0|0|0|0,29
New Hampshire,Car,BEV,2034,0|0|0|0|0|0|0|1|1|2|1|4|7|5|4|6|6|1|1|0|0|0|0|0|0|0|0|0|0|0|0,39
New Hampshire,Car,BEV,2035,0|0|0|0|0|0|0|1|1|2|4|3|7|8|7|5|6|6|1|0|0|0|0|0|0|0|0|0|0|0|0,51
New Hampshire,Car,BEV,2036,0|0|0|0|0|0|0|1|2|3|5|8|6|9|10|7|5|6|5|1|0|0|0|0|0|0|0|0|0|0|0,68
New Hampshire,Car,BEV,2037,0|0|0|0|0|0|0|1|2|4|7|11|17|8|11|11|7|4|5|4|0|0|0|0|0|0|0|0|0|0|0,92
New Hampshire,Car,BEV,2038,0|0|0|0|0|0|1|1|2|5|9|15|23|23|10|13|11|7|3|4|3|0|0|0|0|0|0|0|0|0|0,130
New Hampshire,Car,BEV,2039,0|0|0|0|0|0|1|1|3|6|11|19|31|31|27|11|13|10|5|3|3|2|0|0|0|0|0|0|0|0|0,177
New Hampshire,Car,BEV,2040,0|0|0|0|0|0|1|1|3|6|13|24|40|41|37|30|11|11|8|4|2|2|1|0|0|0|0|0|0|0|0,235
New Hampshire,Car,BEV,2041,0|0|0|0|0|0|1|2|4|7|14|28|48|52|50|41|30|10|9|7|3|1|1|1|0|0|0|0|0|0|0,309
New Hampshire,Car,BEV,2042,0|0|0|0|0|0|1|2|4|8|16|31|57|63|63|55|41|27|8|7|5|2|1|1|1|0|0|0|0|0|0,393
New Hampshire,Car,BEV,2043,0|0|0|0|0|0|1|2|4|9|19|35|63|74|76|70|55|37|23|6|5|3|1|1|1|0|0|0|0|0|0,485
New Hampshire,Car,BEV,2044,0|0|0|0|0|0|1|2|4|10|20|41|72|83|90|84|70|50|31|17|5|4|2|1|0|0|0|0|0|0|0,587
New Hampshire,Car,BEV,2045,0|0|0|0|0|0|1|2|5|10|22|44|84|93|100|99|84|63|41|23|13|3|2|1|1|0|0|0|0|0|0,691
New Hampshire,Car,BEV,2046,0|0|0|0|0|0|1|2|5|11|23|47|90|110|113|110|99|76|52|31|17|9|2|2|1|0|0|0|0|0|0,801
New Hampshire,Car,BEV,2047,0|0|0|0|0|0|1|2|5|11|24|50|96|118|133|125|110|90|63|40|23|12|6|1|1|1|0|0|0|0|0,912
New Hampshire,Car,BEV,2048,0|0|0|0|0|0|1|2|6|12|26|52|102|125|143|147|125|100|74|48|29|16|8|4|1|1|0|0|0|0|0,1022
New Hampshire,Car,BEV,2049,0|0|0|0|0|0|1|3|6|13|27|55|106|132|152|158|147|113|83|57|35|20|11|5|3|1|0|0|0|0|0,1128
New Hampshire,Car,BEV,2050,0|0|0|0|0|0|1|3|6|13|28|57|110|138|160|167|158|133|93|63|41|24|13|7|3|2|0|0|0|0|0,1220
New Hampshire,Car,PHEV,2020,0|0|0|0|0|0|0|0|0|0|0|0|0|0|0|0|0|0|0|0|0|0|0|0|0|0|0|0|0|0|0,0
New Hampshire,Car,PHEV,2021,0|0|0|0|0|0|0|0|0|0|0|0|0|0|0|0|0|0|0|0|0|0|0|0|0|0|0|0|0|0|0,0
New Hampshire,Car,PHEV,2022,0|0|0|0|0|0|0|0|0|0|0|0|0|0|0|0|0|0|0|0|0|0|0|0|0|0|0|0|0|0|0,0
New Hampshire,Car,PHEV,2023,0|0|0|0|0|0|0|0|0|0|0|0|0|0|0|0|0|0|0|0|0|0|0|0|0|0|0|0|0|0|0,0
New Hampshire,Car,PHEV,2024,0|0|0|0|0|0|0|0|0|0|0|0|0|0|0|0|0|0|0|0|0|0|0|0|0|0|0|0|0|0|0,0
New Hampshire,Car,PHEV,2025,0|0|0|0|0|0|0|0|0|0|0|1|0|0|0|0|0|0|0|0|0|0|0|0|0|0|0|0|0|0|0,1
New Hampshire,Car,PHEV,2026,0|0|0|0|0|0|0|0|0|0|0|0|1|0|0|0|0|0|0|0|0|0|0|0|0|0|0|0|0|0|0,1
New Hampshire,Car,PHEV,2027,0|0|0|0|0|0|0|0|0|0|1|1|1|2|0|0|0|0|0|0|0|0|0|0|0|0|0|0|0|0|0,5
New Hampshire,Car,PHEV,2028,0|0|0|0|0|0|0|0|0|0|1|1|2|1|2|0|0|0|0|0|0|0|0|0|0|0|0|0|0|0|0,7
New Hampshire,Car,PHEV,2029,0|0|0|0|0|0|0|0|0|0|0|1|2|2|1|2|0|0|0|0|0|0|0|0|0|0|0|0|0|0|0,8
New Hampshire,Car,PHEV,2030,0|0|0|0|0|0|0|0|0|0|0|1|3|3|3|1|2|0|0|0|0|0|0|0|0|0|0|0|0|0|0,13
New Hampshire,Car,PHEV,2031,0|0|0|0|0|0|0|0|0|0|0|1|1|4|4|3|1|2|0|0|0|0|0|0|0|0|0|0|0|0|0,16
New Hampshire,Car,PHEV,2032,0|0|0|0|0|0|0|0|0|0|0|1|1|2|5|4|3|1|2|0|0|0|0|0|0|0|0|0|0|0|0,19
New Hampshire,Car,PHEV,2033,0|0|0|0|0|0|0|0|0|0|0|0|2|2|2|5|4|3|1|1|0|0|0|0|0|0|0|0|0|0|0,20
New Hampshire,Car,PHEV,2034,0|0|0|0|0|0|0|0|0|0|0|0|1|2|2|2|5|4|2|1|1|0|0|0|0|0|0|0|0|0|0,20
New Hampshire,Car,PHEV,2035,0|0|0|0|0|0|0|0|0|1|1|1|1|1|3|2|2|5|3|2|1|1|0|0|0|0|0|0|0|0|0,24
New Hampshire,Car,PHEV,2036,0|0|0|0|0|0|0|0|0|1|1|2|1|1|2|3|2|2|4|2|1|0|0|0|0|0|0|0|0|0|0,22
New Hampshire,Car,PHEV,2037,0|0|0|0|0|0|0|0|0|1|2|3|4|1|2|2|3|2|2|3|2|1|0|0|0|0|0|0|0|0|0,28
New Hampshire,Car,PHEV,2038,0|0|0|0|0|0|0|0|0|1|2|4|5|5|2|2|2|3|2|1|2|1|1|0|0|0|0|0|0|0|0,33
New Hampshire,Car,PHEV,2039,0|0|0|0|0|0|0|0|1|1|2|4|8|7|6|2|2|2|2|1|1|1|1|0|0|0|0|0|0|0|0,41
New Hampshire,Car,PHEV,2040,0|0|0|0|0|0|0|0|1|1|3|5|8|10|8|7|2|2|1|2|1|1|1|1|0|0|0|0|0|0|0,54
New Hampshire,Car,PHEV,2041,0|0|0|0|0|0|0|0|1|2|3|6|10|11|12|9|7|2|1|1|1|1|0|1|0|0|0|0|0|0|0,68
New Hampshire,Car,PHEV,2042,0|0|0|0|0|0|0|0|1|2|4|7|11|13|13|13|9|6|1|1|1|1|0|0|0|0|0|0|0|0|0,83
New Hampshire,Car,PHEV,2043,0|0|0|0|0|0|0|0|1|2|4|8|13|15|16|14|13|8|5|1|1|1|1|0|0|0|0|0|0|0|0,103
New Hampshire,Car,PHEV,2044,0|0|0|0|0|0|0|0|1|2|4|9|16|18|18|18|14|12|7|4|1|0|0|0|0|0|0|0|0|0|0,124
New Hampshire,Car,PHEV,2045,0|0|0|0|0|0|0|0|1|2|4|9|18|21|21|20|18|13|10|5|3|1|0|0|0|0|0|0|0|0|0,146
New Hampshire,Car,PHEV,2046,0|0|0|0|0|0|0|0|1|2|4|9|18|23|25|23|20|16|11|8|4|2|0|0|0|0|0|0|0|0|0,166
New Hampshire,Car,PHEV,2047,0|0|0|0|0|0|0|0|1|2|4|9|18|24|28|28|23|18|13|8|5|3|1|0|0|0|0|0|0|0|0,185
New Hampshire,Car,PHEV,2048,0|0|0|0|0|0|0|0|1|2|4|9|18|24|29|31|28|21|15|10|6|4|2|1|0|0|0|0|0|0|0,205
New Hampshire,Car,PHEV,2049,0|0|0|0|0|0|0|0|1|2|4|9|18|24|29|32|31|25|18|11|7|4|3|1|1|0|0|0|0|0|0,220
New Hampshire,Car,PHEV,2050,0|0|0|0|0|0|0|0|1|2|4|9|18|24|29|32|32|28|21|13|8|5|3|2|1|0|0|0|0|0|0,232
New Hampshire,SUV,BEV,2020,0|0|0|0|0|0|0|0|0|0|0|0|0|0|0|0|0|0|0|0|0|0|0|0|0|0|0|0|0|0|0,0
New Hampshire,SUV,BEV,2021,0|0|0|0|0|0|0|0|0|0|0|0|0|0|0|0|0|0|0|0|0|0|0|0|0|0|0|0|0|0|0,0
New Hampshire,SUV,BEV,2022,0|0|0|0|0|0|0|0|0|0|0|0|0|0|0|0|0|0|0|0|0|0|0|0|0|0|0|0|0|0|0,0
New Hampshire,SUV,BEV,2023,0|0|0|0|0|0|0|0|0|0|0|0|0|0|0|0|0|0|0|0|0|0|0|0|0|0|0|0|0|0|0,0
New Hampshire,SUV,BEV,2024,0|0|0|0|0|0|0|0|0|0|0|0|0|0|0|0|0|0|0|0|0|0|0|0|0|0|0|0|0|0|0,0
New Hampshire,SUV,BEV,2025,0|0|0|0|0|0|0|0|0|0|0|0|0|0|0|0|0|0|0|0|0|0|0|0|0|0|0|0|0|0|0,0
New Hampshire,SUV,BEV,2026,0|0|0|0|0|0|0|0|0|0|0|0|0|0|0|0|0|0|0|0|0|0|0|0|0|0|0|0|0|0|0,0
New Hampshire,SUV,BEV,2027,0|0|0|0|0|0|0|0|0|0|0|0|0|0|0|0|0|0|0|0|0|0|0|0|0|0|0|0|0|0|0,0
New Hampshire,SUV,BEV,2028,0|0|0|0|0|0|0|0|0|0|0|0|0|0|0|0|0|0|0|0|0|0|0|0|0|0|0|0|0|0|0,0
New Hampshire,SUV,BEV,2029,0|0|0|0|0|0|0|0|0|0|0|0|1|0|0|0|0|0|0|0|0|0|0|0|0|0|0|0|0|0|0,1
New Hampshire,SUV,BEV,2030,0|0|0|0|0|0|0|0|0|1|1|0|1|1|0|0|0|0|0|0|0|0|0|0|0|0|0|0|0|0|0,4
New Hampshire,SUV,BEV,2031,0|0|0|0|0|0|0|0|1|1|1|1|1|1|1|0|0|0|0|0|0|0|0|0|0|0|0|0|0|0|0,7
New Hampshire,SUV,BEV,2032,0|0|0|0|0|0|0|0|1|2|3|3|3|1|1|1|0|0|0|0|0|0|0|0|0|0|0|0|0|0|0,15
New Hampshire,SUV,BEV,2033,0|0|0|0|0|0|0|1|1|2|4|6|7|3|2|1|1|0|0|0|0|0|0|0|0|0|0|0|0|0|0,28
New Hampshire,SUV,BEV,2034,0|0|0|0|0|0|0|1|1|2|5|9|12|9|4|2|1|1|0|0|0|0|0|0|0|0|0|0|0|0|0,47
New Hampshire,SUV,BEV,2035,0|0|0|0|0|0|0|1|2|3|5|11|19|15|10|5|2|1|1|0|0|0|0|0|0|0|0|0|0|0|0,75
New Hampshire,SUV,BEV,2036,0|0|0|0|0|0|1|1|2|4|7|11|23|24|19|11|5|2|1|1|0|0|0|0|0|0|0|0|0|0|0,112
New Hampshire,SUV,BEV,2037,0|0|0|0|0|0|1|1|3|5|9|15|23|30|29|20|11|4|1|1|0|0|0|0|0|0|0|0|0|0|0,153
New Hampshire,SUV,BEV,2038,0|0|0|0|0|0|1|2|3|6|12|20|32|31|37|32|20|10|3|1|1|0|0|0|0|0|0|0|0|0|0,211
New Hampshire,SUV,BEV,2039,0|0|0|0|0|0|1|2|4|8|14|26|42|41|37|41|32|19|9|3|1|0|0|0|0|0|0|0|0|0|0,280
New Hampshire,SUV,BEV,2040,0|0|0|0|0|0|1|2|4|9|17|32|54|55|50|41|41|29|15|7|2|0|0|0|0|0|0|0|0|0|0,359
New Hampshire,SUV,BEV,2041,0|0|0|0|0|0|1|2|5|10|20|38|65|70|66|55|41|37|24|12|5|1|0|0|0|0|0|0|0|0|0,452
New Hampshire,SUV,BEV,2042,0|0|0|0|0|0|1|3|6|12|22|43|78|85|85|73|55|37|30|19|9|3|1|0|0|0|0|0|0|0|0,562
New Hampshire,SUV,BEV,2043,0|0|0|0|0|1|1|3|6|13|27|49|87|101|103|93|73|50|31|23|14|6|2|1|0|0|0|0|0|0|0,684
New Hampshire,SUV,BEV,2044,0|0|0|0|0|1|1|3|6|14|30|58|100|113|122|113|93|66|41|23|17|9|4|1|0|0|0|0|0|0|0,815
New Hampshire,SUV,BEV,2045,0|0|0|0|0|1|1|3|7|15|32|64|119|130|137|135|113|85|55|32|17|12|6|3|1|0|0|0|0|0|0,968
New Hampshire,SUV,BEV,2046,0|0|0|0|0|1|1|3|7|16|34|69|130|155|157|151|135|103|70|42|23|12|8|4|2|1|0|0|0|0|0,1124
New Hampshire,SUV,BEV,2047,0|0|0|0|0|1|1|4|8|17|37|74|141|170|188|174|151|122|85|54|31|16|8|5|3|1|0|0|0|0|0,1291
New Hampshire,SUV,BEV,2048,0|0|0|0|0|1|2|4|8|18|39|79|151|184|206|207|174|137|101|65|39|21|11|5|3|2|1|0|0|0|0,1458
New Hampshire,SUV,BEV,2049,0|0|0|0|0|1|2|4|8|19|41|83|160|197|222|227|207|157|113|78|47|27|14|7|3|2|1|0|0|0|0,1620
New Hampshire,SUV,BEV,2050,0|0|0|0|0|1|2|4|9|19|42|87|168|209|238|245|227|188|130|87|56|33|18|9|5|2|1|1|0|0|0,1781
New Hampshire,SUV,PHEV,2020,0|0|0|0|0|0|0|0|0|0|0|0|0|0|0|0|0|0|0|0|0|0|0|0|0|0|0|0|0|0|0,0
New Hampshire,SUV,PHEV,2021,0|0|0|0|0|0|0|0|0|0|0|0|0|0|0|0|0|0|0|0|0|0|0|0|0|0|0|0|0|0|0,0
New Hampshire,SUV,PHEV,2022,0|0|0|0|0|0|0|0|0|0|0|0|0|0|0|0|0|0|0|0|0|0|0|0|0|0|0|0|0|0|0,0
New Hampshire,SUV,PHEV,2023,0|0|0|0|0|0|0|0|0|0|0|0|0|0|0|0|0|0|0|0|0|0|0|0|0|0|0|0|0|0|0,0
New Hampshire,SUV,PHEV,2024,0|0|0|0|0|0|0|0|0|0|0|0|0|0|0|0|0|0|0|0|0|0|0|0|0|0|0|0|0|0|0,0
New Hampshire,SUV,PHEV,2025,0|0|0|0|0|0|0|0|0|0|0|0|0|0|0|0|0|0|0|0|0|0|0|0|0|0|0|0|0|0|0,0
New Hampshire,SUV,PHEV,2026,0|0|0|0|0|0|0|0|0|0|0|0|0|0|0|0|0|0|0|0|0|0|0|0|0|0|0|0|0|0|0,0
New Hampshire,SUV,PHEV,2027,0|0|0|0|0|0|0|0|0|0|0|0|0|0|0|0|0|0|0|0|0|0|0|0|0|0|0|0|0|0|0,0
New Hampshire,SUV,PHEV,2028,0|0|0|0|0|0|0|0|0|0|0|0|0|0|0|0|0|0|0|0|0|0|0|0|0|0|0|0|0|0|0,0
New Hampshire,SUV,PHEV,2029,0|0|0|0|0|0|0|0|0|0|0|0|1|1|0|0|0|0|0|0|0|0|0|0|0|0|0|0|0|0|0,2
New Hampshire,SUV,PHEV,2030,0|0|0|0|0|0|0|0|0|1|0|0|1|1|1|0|0|0|0|0|0|0|0|0|0|0|0|0|0|0|0,4
New Hampshire,SUV,PHEV,2031,0|0|0|0|0|0|0|0|0|1|1|1|0|1|1|1|0|0|0|0|0|0|0|0|0|0|0|0|0|0|0,6
New Hampshire,SUV,PHEV,2032,0|0|0|0|0|0|0|0|1|1|1|3|1|1|1|1|1|0|0|0|0|0|0|0|0|0|0|0|0|0|0,11
New Hampshire,SUV,PHEV,2033,0|0|0|0|0|0|0|0|0|1|3|3|6|2|1|1|1|1|0|0|0|0|0|0|0|0|0|0|0|0|0,19
New Hampshire,SUV,PHEV,2034,0|0|0|0|0|0|0|0|0|0|3|6|7|7|2|1|1|1|1|0|0|0|0|0|0|0|0|0|0|0|0,29
New Hampshire,SUV,PHEV,2035,0|0|0|0|0|0|0|0|0|1|1|7|12|9|9|2|1|1|1|0|0|0|0|0|0|0|0|0|0|0|0,44
New Hampshire,SUV,PHEV,2036,0|0|0|0|0|0|0|0|0|1|1|2|14|15|11|10|2|1|1|1|0|0|0|0|0|0|0|0|0|0|0,59
New Hampshire,SUV,PHEV,2037,0|0|0|0|0|0|0|0|1|1|2|3|5|18|19|12|10|2|1|1|1|0|0|0|0|0|0|0|0|0|0,76
New Hampshire,SUV,PHEV,2038,0|0|0|0|0|0|0|0|1|1|2|5|7|6|22|21|12|9|2|0|1|0|0|0|0|0|0|0|0|0|0,89
New Hampshire,SUV,PHEV,2039,0|0|0|0|0|0|0|0|1|2|3|5|10|9|8|24|21|11|7|1|0|0|0|0|0|0|0|0|0|0|0,102
New Hampshire,SUV,PHEV,2040,0|0|0|0|0|0|0|1|1|2|4|7|11|13|10|9|24|19|9|6|1|0|0|0|0|0|0|0|0|0|0,117
New Hampshire,SUV,PHEV,2041,0|0|0|0|0|0|0|1|1|2|5|8|14|14|16|11|9|22|15|7|4|1|0|0|0|0|0|0|0|0|0,130
New Hampshire,SUV,PHEV,2042,0|0|0|0|0|0|0|1|1|3|5|10|16|18|17|17|11|8|18|12|5|3|0|0|0|0|0|0|0|0|0,145
New Hampshire,SUV,PHEV,2043,0|0|0|0|0|0|0|0|1|3|6|12|20|21|22|19|17|10|6|14|9|3|2|0|0|0|0|0|0|0|0,165
New Hampshire,SUV,PHEV,2044,0|0|0|0|0|0|0|1|1|3|6|13|24|26|26|25|19|16|9|5|10|6|2|1|0|0|0|0|0|0|0,193
New Hampshire,SUV,PHEV,2045,0|0|0|0|0|0|0|1|1|3|6|13|26|31|31|28|25|17|13|7|4|7|4|2|1|0|0|0|0|0|0,220
New Hampshire,SUV,PHEV,2046,0|0|0|0|0|0|0|1|1|3|6|14|27|34|37|34|28|22|14|10|5|2|5|3|1|1|0|0|0|0|0,248
New Hampshire,SUV,PHEV,2047,0|0|0|0|0|0|0|1|1|3|6|13|27|35|41|41|34|26|18|11|7|3|2|3|2|1|0|0|0|0|0,275
New Hampshire,SUV,PHEV,2048,0|0|0|0|0|0|0|1|1|3|6|14|27|36|43|46|41|31|21|14|8|5|2|1|2|1|0|0|0|0|0,303
New Hampshire,SUV,PHEV,2049,0|0|0|0|0|0|0|1|1|3|6|14|28|35|43|47|46|37|26|16|10|5|3|1|1|1|1|0|0|0|0,325
New Hampshire,SUV,PHEV,2050,0|0|0|0|0|0|0|1|1|3|7|14|28|36|43|48|47|41|31|20|12|7|4|2|1|0|1|0|0|0|0,347
New Jersey,Car,BEV,2020,0|0|0|0|0|0|0|0|0|0|0|0|0|0|0|0|0|0|0|0|0|0|0|0|0|0|0|0|0|0|0,0
New Jersey,Car,BEV,2021,0|0|0|0|0|0|0|0|0|0|0|0|0|0|0|0|0|0|0|0|0|0|0|0|0|0|0|0|0|0|0,0
New Jersey,Car,BEV,2022,0|0|0|0|0|0|0|0|0|0|0|0|0|0|0|0|0|0|0|0|0|0|0|0|0|0|0|0|0|0|0,0
New Jersey,Car,BEV,2023,0|0|0|0|0|0|0|0|0|1|0|0|0|0|0|0|0|0|0|0|0|0|0|0|0|0|0|0|0|0|0,1
New Jersey,Car,BEV,2024,0|0|0|0|0|0|0|0|0|1|1|0|0|0|0|0|0|0|0|0|0|0|0|0|0|0|0|0|0|0|0,2
New Jersey,Car,BEV,2025,0|0|0|0|0|0|0|1|0|1|2|3|0|0|0|0|0|0|0|0|0|0|0|0|0|0|0|0|0|0|0,7
New Jersey,Car,BEV,2026,0|0|0|0|0|0|0|1|2|1|2|4|7|0|0|0|0|0|0|0|0|0|0|0|0|0|0|0|0|0|0,17
New Jersey,Car,BEV,2027,0|0|0|0|0|0|0|1|2|4|2|4|7|9|0|0|0|0|0|0|0|0|0|0|0|0|0|0|0|0|0,29
New Jersey,Car,BEV,2028,0|0|0|0|0|0|1|1|1|4|9|4|7|10|11|0|0|0|0|0|0|0|0|0|0|0|0|0|0|0|0,48
New Jersey,Car,BEV,2029,0|0|0|0|0|0|1|1|2|3|9|19|8|9|12|12|0|0|0|0|0|0|0|0|0|0|0|0|0|0|0,76
New Jersey,Car,BEV,2030,0|0|0|0|0|1|1|2|3|5|7|19|40|11|11|13|12|0|0|0|0|0|0|0|0|0|0|0|0|0|0,125
New Jersey,Car,BEV,2031,0|0|0|0|1|1|2|1|4|8|12|16|39|52|13|13|13|11|0|0|0|0|0|0|0|0|0|0|0|0|0,186
New Jersey,Car,BEV,2032,0|0|0|0|1|1|3|5|3|10|19|26|33|51|62|15|13|12|9|0|0|0|0|0|0|0|0|0|0|0|0,263
New Jersey,Car,BEV,2033,0|0|0|0|1|2|3|7|11|8|22|41|53|43|62|69|15|11|10|7|0|0|0|0|0|0|0|0|0|0|0,365
New Jersey,Car,BEV,2034,0|0|0|0|1|2|4|9|17|26|19|48|83|69|52|68|69|13|9|7|5|0|0|0|0|0|0|0|0|0|0,501
New Jersey,Car,BEV,2035,0|0|0|0|1|2|5|11|21|41|59|41|99|109|83|57|68|62|11|7|5|3|0|0|0|0|0|0|0|0|0,685
New Jersey,Car,BEV,2036,0|0|0|0|1|2|6|12|26|49|94|130|84|129|132|92|57|62|52|8|5|4|2|0|0|0|0|0|0|0|0,947
New Jersey,Car,BEV,2037,0|0|0|0|1|2|6|14|29|61|113|206|266|109|155|145|92|52|51|40|6|4|2|1|0|0|0|0|0|0|0,1355
New Jersey,Car,BEV,2038,0|0|0|0|1|3|6|15|34|69|138|248|423|347|132|172|145|83|43|39|29|4|2|2|1|0|0|0|0|0|0,1936
New Jersey,Car,BEV,2039,0|0|0|1|1|3|7|16|35|79|158|302|508|552|420|146|172|132|69|33|28|20|3|2|1|1|0|0|0|0|0,2689
New Jersey,Car,BEV,2040,0|0|0|1|1|3|7|17|38|84|182|346|620|663|668|464|146|155|109|53|24|20|13|2|1|1|0|0|0|0|0,3618
New Jersey,Car,BEV,2041,0|0|0|1|1|4|8|18|41|89|191|397|709|809|802|737|464|132|129|83|38|16|13|9|1|1|0|0|0|0|0,4693
New Jersey,Car,BEV,2042,0|0|0|1|2|4|9|20|44|96|204|418|814|924|978|885|737|420|109|99|60|27|11|9|6|1|0|0|0|0|0,5878
New Jersey,Car,BEV,2043,0|0|0|1|2|4|9|21|48|103|217|444|857|1061|1117|1081|885|668|347|84|71|42|18|7|6|4|1|0|0|0|0,7098
New Jersey,Car,BEV,2044,0|0|0|1|2|4|10|22|51|111|233|473|909|1117|1283|1234|1081|802|552|266|61|49|28|12|5|4|2|0|0|0|0,8312
New Jersey,Car,BEV,2045,0|0|0|1|2|4|10|23|53|117|251|506|966|1185|1351|1418|1234|978|663|423|193|42|33|19|8|3|2|2|0|0|0,9487
New Jersey,Car,BEV,2046,0|0|0|1|2|4|11|25|55|120|261|542|1031|1259|1433|1492|1418|1117|809|508|306|134|28|22|12|5|2|2|1|0|0,10600
New Jersey,Car,BEV,2047,0|0|0|1|2|5|11|26|57|125|267|557|1101|1344|1522|1582|1492|1283|924|620|368|212|90|19|14|8|3|1|1|1|0,11636
New Jersey,Car,BEV,2048,0|0|0|1|2|5|11|26|60|130|275|568|1121|1436|1625|1682|1582|1351|1061|709|449|255|143|59|12|9|5|2|1|1|1,12582
New Jersey,Car,BEV,2049,0|0|0|1|2|5|12|27|62|136|287|584|1140|1462|1737|1795|1682|1433|1117|814|513|311|172|94|39|8|6|3|1|1|1,13445
New Jersey,Car,BEV,2050,0|0|0|1|2|5|12|28|64|140|299|607|1169|1487|1768|1918|1795|1522|1185|857|589|356|210|113|61|25|5|4|2|1|1,14226
New Jersey,Car,PHEV,2020,0|0|0|0|0|0|0|0|0|0|0|0|0|0|0|0|0|0|0|0|0|0|0|0|0|0|0|0|0|0|0,0
New Jersey,Car,PHEV,2021,0|0|0|0|0|0|0|0|0|0|0|0|0|0|0|0|0|0|0|0|0|0|0|0|0|0|0|0|0|0|0,0
New Jersey,Car,PHEV,2022,0|0|0|0|0|0|0|0|0|0|0|0|0|0|0|0|0|0|0|0|0|0|0|0|0|0|0|0|0|0|0,0
New Jersey,Car,PHEV,2023,0|0|0|0|0|0|0|0|0|1|0|0|0|0|0|0|0|0|0|0|0|0|0|0|0|0|0|0|0|0|0,1
New Jersey,Car,PHEV,2024,0|0|0|0|0|0|0|0|0|0|1|0|0|0|0|0|0|0|0|0|0|0|0|0|0|0|0|0|0|0|0,1
New Jersey,Car,PHEV,2025,0|0|0|0|0|0|0|0|1|1|1|3|0|0|0|0|0|0|0|0|0|0|0|0|0|0|0|0|0|0|0,6
New Jersey,Car,PHEV,2026,0|0|0|0|0|0|0|0|1|1|2|2|6|0|0|0|0|0|0|0|0|0|0|0|0|0|0|0|0|0|0,12
New Jersey,Car,PHEV,2027,0|0|0|0|0|0|0|0|0|2|3|4|4|8|0|0|0|0|0|0|0|0|0|0|0|0|0|0|0|0|0,21
New Jersey,Car,PHEV,2028,0|0|0|0|0|0|0|0|0|1|4|6|9|6|10|0|0|0|0|0|0|0|0|0|0|0|0|0|0|0|0,36
New Jersey,Car,PHEV,2029,0|0|0|0|0|0|0|0|0|1|2|8|13|12|7|11|0|0|0|0|0|0|0|0|0|0|0|0|0|0|0,54
New Jersey,Car,PHEV,2030,0|0|0|0|0|0|0|0|0|1|1|4|17|16|14|8|11|0|0|0|0|0|0|0|0|0|0|0|0|0|0,72
New Jersey,Car,PHEV,2031,0|0|0|0|0|0|0|0|0|1|2|3|8|22|20|16|8|10|0|0|0|0|0|0|0|0|0|0|0|0|0,90
New Jersey,Car,PHEV,2032,0|0|0|0|0|0|1|1|0|1|2|5|7|11|27|22|16|7|8|0|0|0|0|0|0|0|0|0|0|0|0,108
New Jersey,Car,PHEV,2033,0|0|0|0|0|0|1|1|2|1|2|3|9|8|13|29|22|14|6|6|0|0|0|0|0|0|0|0|0|0|0,117
New Jersey,Car,PHEV,2034,0|0|0|0|0|0|1|2|3|5|2|3|7|12|10|15|29|20|12|4|5|0|0|0|0|0|0|0|0|0|0,130
New Jersey,Car,PHEV,2035,0|0|0|0|0|0|1|2|5|8|11|4|6|9|15|11|15|27|16|9|3|3|0|0|0|0|0|0|0|0|0,145
New Jersey,Car,PHEV,2036,0|0|0|0|0|0|1|2|5|11|17|24|8|8|11|16|11|13|22|13|6|2|2|0|0|0|0|0|0|0|0,172
New Jersey,Car,PHEV,2037,0|0|0|0|0|0|1|2|5|11|24|38|49|10|10|12|16|10|11|17|9|4|2|1|0|0|0|0|0|0|0,232
New Jersey,Car,PHEV,2038,0|0|0|0|0|1|1|3|6|13|24|52|77|64|12|11|12|15|8|8|12|6|3|1|1|0|0|0|0|0|0,330
New Jersey,Car,PHEV,2039,0|0|0|0|0|1|1|3|7|14|29|53|107|101|77|13|11|11|12|7|6|8|4|2|1|1|0|0|0|0|0,469
New Jersey,Car,PHEV,2040,0|0|0|0|0|1|1|3|8|16|32|64|108|139|122|85|13|10|9|9|5|4|6|3|1|0|0|0|0|0|0,639
New Jersey,Car,PHEV,2041,0|0|0|0|0|1|2|4|8|18|37|71|131|141|168|134|85|12|8|7|7|3|3|4|2|1|0|0|0|0|0,847
New Jersey,Car,PHEV,2042,0|0|0|0|0|1|2|4|8|19|41|80|145|171|170|186|134|77|10|6|5|5|2|2|2|1|1|0|0|0|0,1072
New Jersey,Car,PHEV,2043,0|0|0|0|0|1|2|4|9|20|44|90|165|189|207|188|186|122|64|8|5|3|3|1|1|2|1|0|0|0|0,1315
New Jersey,Car,PHEV,2044,0|0|0|0|0|1|2|4|9|21|45|96|185|215|229|228|188|168|101|49|5|3|2|2|1|1|1|0|0|0|0,1556
New Jersey,Car,PHEV,2045,0|0|0|0|0|1|2|4|9|21|47|99|197|241|260|253|228|170|139|77|35|4|2|1|1|1|1|1|0|0|0,1794
New Jersey,Car,PHEV,2046,0|0|0|0|0|1|2|4|9|21|47|101|202|257|292|287|253|207|141|107|56|25|3|1|1|1|0|0|0|0|0,2018
New Jersey,Car,PHEV,2047,0|0|0|0|0|1|2|4|9|21|46|99|206|263|311|322|287|229|171|108|77|39|17|2|1|1|1|0|0|0|0,2217
New Jersey,Car,PHEV,2048,0|0|0|0|0|1|2|4|9|21|46|97|200|268|318|343|322|260|189|131|78|54|26|11|1|1|0|0|0|0|0,2382
New Jersey,Car,PHEV,2049,0|0|0|0|0|1|2|4|10|21|45|96|195|261|324|351|343|292|215|145|95|54|36|17|7|1|0|0|0|0|0,2515
New Jersey,Car,PHEV,2050,0|0|0|0|0|1|2|4|10|21|46|95|192|254|316|358|351|311|241|165|105|66|36|24|11|5|0|0|0|0|0,2614
New Jersey,SUV,BEV,2020,0|0|0|0|0|0|0|0|0|0|0|0|0|0|0|0|0|0|0|0|0|0|0|0|0|0|0|0|0|0|0,0
New Jersey,SUV,BEV,2021,0|0|0|0|0|0|0|0|0|0|0|0|0|0|0|0|0|0|0|0|0|0|0|0|0|0|0|0|0|0|0,0
New Jersey,SUV,BEV,2022,0|0|0|0|0|0|0|0|0|0|0|0|0|0|0|0|0|0|0|0|0|0|0|0|0|0|0|0|0|0|0,0
New Jersey,SUV,BEV,2023,0|0|0|0|0|0|0|0|0|0|0|0|0|0|0|0|0|0|0|0|0|0|0|0|0|0|0|0|0|0|0,0
New Jersey,SUV,BEV,2024,0|0|0|0|0|0|0|0|0|0|0|0|0|0|0|0|0|0|0|0|0|0|0|0|0|0|0|0|0|0|0,0
New Jersey,SUV,BEV,2025,0|0|0|0|0|0|0|0|0|0|0|0|0|0|0|0|0|0|0|0|0|0|0|0|0|0|0|0|0|0|0,0
New Jersey,SUV,BEV,2026,0|0|0|0|0|0|0|0|0|1|1|1|1|0|0|0|0|0|0|0|0|0|0|0|0|0|0|0|0|0|0,4
New Jersey,SUV,BEV,2027,0|0|0|0|0|0|1|1|0|1|2|2|2|1|0|0|0|0|0|0|0|0|0|0|0|0|0|0|0|0|0,10
New Jersey,SUV,BEV,2028,0|0|0|0|0|1|1|1|1|1|2|4|4|2|2|0|0|0|0|0|0|0|0|0|0|0|0|0|0|0|0,19
New Jersey,SUV,BEV,2029,0|0|0|0|0|1|2|2|3|3|3|5|9|5|3|2|0|0|0|0|0|0|0|0|0|0|0|0|0|0|0,38
New Jersey,SUV,BEV,2030,0|0|0|0|0|1|2|4|6|8|7|6|10|11|6|3|2|0|0|0|0|0|0|0|0|0|0|0|0|0|0,66
New Jersey,SUV,BEV,2031,0|0|0|0|0|1|2|5|10|14|18|16|12|14|13|7|3|2|0|0|0|0|0|0|0|0|0|0|0|0|0,117
New Jersey,SUV,BEV,2032,0|0|0|0|1|1|3|4|13|25|33|39|33|15|16|15|7|3|1|0|0|0|0|0|0|0|0|0|0|0|0,209
New Jersey,SUV,BEV,2033,0|0|0|0|1|2|3|6|9|31|57|71|81|43|18|18|15|6|2|1|0|0|0|0|0|0|0|0|0|0|0,364
New Jersey,SUV,BEV,2034,0|0|0|0|1|2|4|8|15|22|70|124|146|105|52|20|18|13|5|2|1|0|0|0|0|0|0|0|0|0|0,608
New Jersey,SUV,BEV,2035,0|0|0|0|1|2|5|10|19|37|51|154|255|191|127|58|20|16|11|4|1|1|0|0|0|0|0|0|0|0|0,963
New Jersey,SUV,BEV,2036,0|0|0|0|1|3|6|12|25|46|84|111|316|333|231|140|58|18|14|9|3|1|0|0|0|0|0|0|0|0|0,1411
New Jersey,SUV,BEV,2037,0|0|0|1|1|3|7|15|29|58|105|184|229|413|402|255|140|52|15|10|6|2|1|0|0|0|0|0|0|0|0,1928
New Jersey,SUV,BEV,2038,0|0|0|1|1|3|7|16|35|69|133|230|377|298|499|444|255|127|43|12|8|4|1|0|0|0|0|0|0|0|0,2563
New Jersey,SUV,BEV,2039,0|0|0|1|2|4|8|18|39|84|159|292|472|492|360|551|444|231|105|33|8|5|3|1|0|0|0|0|0|0|0,3312
New Jersey,SUV,BEV,2040,0|0|0|1|2|4|9|21|44|92|191|347|599|616|595|398|551|402|191|81|24|6|4|2|1|0|0|0|0|0|0,4181
New Jersey,SUV,BEV,2041,0|0|0|1|2|4|10|23|50|103|210|417|712|782|745|657|398|499|333|146|58|17|4|2|1|0|0|0|0|0|0,5174
New Jersey,SUV,BEV,2042,0|0|0|1|2|5|11|25|55|115|234|457|854|928|945|822|657|360|413|255|106|40|11|3|2|1|0|0|0|0|0,6302
New Jersey,SUV,BEV,2043,0|0|0|1|2|5|12|26|60|129|261|508|935|1114|1122|1044|822|595|298|316|185|73|27|7|2|1|1|0|0|0|0,7546
New Jersey,SUV,BEV,2044,0|0|0|1|2|5|12|28|63|141|290|564|1035|1218|1347|1240|1044|745|492|229|229|128|49|18|5|1|1|0|0|0|0,8887
New Jersey,SUV,BEV,2045,0|0|0|1|2|5|13|30|67|146|318|626|1146|1349|1473|1488|1240|945|616|377|165|159|86|33|12|3|1|0|0|0|0,10301
New Jersey,SUV,BEV,2046,0|0|0|1|2|6|13|31|70|155|331|688|1271|1494|1631|1627|1488|1122|782|472|273|115|107|57|21|8|2|0|0|0|0,11767
New Jersey,SUV,BEV,2047,0|0|0|1|2|6|14|32|73|162|348|714|1398|1657|1807|1802|1627|1347|928|599|342|189|77|70|37|14|5|1|0|0|0,13252
New Jersey,SUV,BEV,2048,0|0|0|1|2|6|14|33|76|168|361|747|1450|1823|2003|1996|1802|1473|1114|712|434|237|127|51|46|24|9|3|1|0|0,14713
New Jersey,SUV,BEV,2049,0|0|0|1|2|6|15|34|77|174|374|773|1511|1890|2204|2213|1996|1631|1218|854|515|301|159|84|33|30|15|6|2|1|0,16119
New Jersey,SUV,BEV,2050,0|0|0|1|3|6|15|35|80|177|386|799|1558|1970|2286|2434|2213|1807|1349|935|618|357|202|105|55|21|19|10|4|1|1,17447
New Jersey,SUV,PHEV,2020,0|0|0|0|0|0|0|0|0|0|0|0|0|0|0|0|0|0|0|0|0|0|0|0|0|0|0|0|0|0|0,0
New Jersey,SUV,PHEV,2021,0|0|0|0|0|0|0|0|0|0|0|0|0|0|0|0|0|0|0|0|0|0|0|0|0|0|0|0|0|0|0,0
New Jersey,SUV,PHEV,2022,0|0|0|0|0|0|0|0|0|0|0|0|0|0|0|0|0|0|0|0|0|0|0|0|0|0|0|0|0|0|0,0
New Jersey,SUV,PHEV,2023,0|0|0|0|0|0|0|0|0|0|0|0|0|0|0|0|0|0|0|0|0|0|0|0|0|0|0|0|0|0|0,0
New Jersey,SUV,PHEV,2024,0|0|0|0|0|0|0|0|0|0|0|0|0|0|0|0|0|0|0|0|0|0|0|0|0|0|0|0|0|0|0,0
New Jersey,SUV,PHEV,2025,0|0|0|0|0|0|0|0|0|0|0|1|0|0|0|0|0|0|0|0|0|0|0|0|0|0|0|0|0|0|0,1
New Jersey,SUV,PHEV,2026,0|0|0|0|0|0|0|0|0|0|1|1|1|0|0|0|0|0|0|0|0|0|0|0|0|0|0|0|0|0|0,3
New Jersey,SUV,PHEV,2027,0|0|0|0|0|0|0|0|0|0|1|2|2|2|0|0|0|0|0|0|0|0|0|0|0|0|0|0|0|0|0,7
New Jersey,SUV,PHEV,2028,0|0|0|0|0|0|0|0|0|0|1|2|4|2|2|0|0|0|0|0|0|0|0|0|0|0|0|0|0|0|0,11
New Jersey,SUV,PHEV,2029,0|0|0|0|0|0|1|1|1|1|1|2|4|5|3|2|0|0|0|0|0|0|0|0|0|0|0|0|0|0|0,21
New Jersey,SUV,PHEV,2030,0|0|0|0|0|0|1|1|2|3|1|2|5|6|6|3|2|0|0|0|0|0|0|0|0|0|0|0|0|0|0,32
New Jersey,SUV,PHEV,2031,0|0|0|0|0|0|0|1|3|4|6|3|4|6|7|6|3|2|0|0|0|0|0|0|0|0|0|0|0|0|0,45
New Jersey,SUV,PHEV,2032,0|0|0|0|0|0|0|1|3|7|9|14|7|5|8|7|6|3|2|0|0|0|0|0|0|0|0|0|0|0|0,72
New Jersey,SUV,PHEV,2033,0|0|0|0|0|0|1|1|2|8|16|19|29|9|6|8|7|6|2|1|0|0|0|0|0|0|0|0|0|0|0,115
New Jersey,SUV,PHEV,2034,0|0|0|0|0|0|1|2|3|4|19|36|40|37|11|6|8|7|5|2|1|0|0|0|0|0|0|0|0|0|0,182
New Jersey,SUV,PHEV,2035,0|0|0|0|0|0|1|2|4|7|9|41|74|52|45|12|6|8|6|4|1|1|0|0|0|0|0|0|0|0|0,273
New Jersey,SUV,PHEV,2036,0|0|0|0|0|1|1|2|4|10|15|20|85|96|63|50|12|6|6|4|3|1|0|0|0|0|0|0|0|0|0,379
New Jersey,SUV,PHEV,2037,0|0|0|0|0|1|1|3|5|10|22|33|41|110|116|69|50|11|5|5|3|2|1|0|0|0|0|0|0|0|0,488
New Jersey,SUV,PHEV,2038,0|0|0|0|0|1|2|3|6|13|23|48|69|54|134|128|69|45|9|4|3|2|1|0|0|0|0|0|0|0|0,614
New Jersey,SUV,PHEV,2039,0|0|0|0|0|1|2|4|8|15|30|51|99|89|65|147|128|63|37|7|3|2|1|1|0|0|0|0|0|0|0,753
New Jersey,SUV,PHEV,2040,0|0|0|0|0|1|2|4|9|18|35|65|104|128|108|72|147|116|52|29|5|2|2|1|1|0|0|0|0|0|0,901
New Jersey,SUV,PHEV,2041,0|0|0|0|0|1|2|5|10|22|41|76|133|136|155|119|72|134|96|40|21|3|1|1|1|0|0|0|0|0|0,1069
New Jersey,SUV,PHEV,2042,0|0|0|0|0|1|2|5|11|24|49|90|155|173|164|172|119|65|110|74|29|14|2|1|1|0|0|0|0|0|0,1261
New Jersey,SUV,PHEV,2043,0|0|0|0|0|1|2|5|11|26|55|106|183|202|209|181|172|108|54|85|53|20|10|2|1|0|0|0|0|0|0,1486
New Jersey,SUV,PHEV,2044,0|0|0|0|0|1|2|5|11|27|58|118|215|239|244|231|181|155|89|41|61|37|13|6|1|0|0|0|0|0|0,1735
New Jersey,SUV,PHEV,2045,0|0|0|0|0|1|2|5|11|26|60|125|239|281|289|269|231|164|128|69|30|42|25|9|4|1|0|0|0|0|0,2011
New Jersey,SUV,PHEV,2046,0|0|0|0|0|1|2|5|12|26|58|129|253|312|339|319|269|209|136|99|50|21|29|16|6|3|0|0|0|0|0,2294
New Jersey,SUV,PHEV,2047,0|0|0|0|0|1|2|5|11|27|59|126|262|330|377|375|319|244|173|104|71|34|14|19|11|4|2|0|0|0|0,2570
New Jersey,SUV,PHEV,2048,0|0|0|0|0|1|2|5|12|26|59|127|257|342|399|416|375|289|202|133|75|49|23|9|12|7|2|1|0|0|0,2823
New Jersey,SUV,PHEV,2049,0|0|0|0|0|1|2|5|12|27|58|126|256|335|413|441|416|339|239|155|96|52|33|15|6|8|4|2|1|0|0,3042
New Jersey,SUV,PHEV,2050,0|0|0|0|0|1|2|5|12|27|59|124|253|334|405|456|441|377|281|183|112|66|35|22|10|4|5|3|1|0|0,3218
New Mexico,Car,BEV,2020,0|0|0|0|0|0|0|0|0|0|0|0|0|0|0|0|0|0|0|0|0|0|0|0|0|0|0|0|0|0|0,0
New Mexico,Car,BEV,2021,0|0|0|0|0|0|0|0|0|0|0|0|0|0|0|0|0|0|0|0|0|0|0|0|0|0|0|0|0|0|0,0
New Mexico,Car,BEV,2022,0|0|0|0|0|0|0|0|0|0|0|0|0|0|0|0|0|0|0|0|0|0|0|0|0|0|0|0|0|0|0,0
New Mexico,Car,BEV,2023,0|0|0|0|0|0|0|0|0|0|0|0|0|0|0|0|0|0|0|0|0|0|0|0|0|0|0|0|0|0|0,0
New Mexico,Car,BEV,2024,0|0|0|0|0|0|0|0|0|0|0|0|0|0|0|0|0|0|0|0|0|0|0|0|0|0|0|0|0|0|0,0
New Mexico,Car,BEV,2025,0|0|0|0|0|0|0|0|0|0|0|0|0|0|0|0|0|0|0|0|0|0|0|0|0|0|0|0|0|0|0,0
New Mexico,Car,BEV,2026,0|0|0|0|0|0|0|0|0|0|0|0|1|0|0|0|0|0|0|0|0|0|0|0|0|0|0|0|0|0|0,1
New Mexico,Car,BEV,2027,0|0|0|0|0|0|0|0|0|0|0|0|1|1|0|0|0|0|0|0|0|0|0|0|0|0|0|0|0|0|0,2
New Mexico,Car,BEV,2028,0|0|0|0|0|0|0|0|0|0|1|0|1|1|1|0|0|0|0|0|0|0|0|0|0|0|0|0|0|0|0,4
New Mexico,Car,BEV,2029,0|0|0|0|0|0|0|0|0|0|1|2|1|1|1|1|0|0|0|0|0|0|0|0|0|0|0|0|0|0|0,7
New Mexico,Car,BEV,2030,0|0|0|0|0|0|0|0|0|0|1|2|4|1|1|1|1|0|0|0|0|0|0|0|0|0|0|0|0|0|0,11
New Mexico,Car,BEV,2031,0|0|0|0|0|0|0|0|0|1|1|1|4|5|1|1|1|1|0|0|0|0|0|0|0|0|0|0|0|0|0,16
New Mexico,Car,BEV,2032,0|0|0|0|0|0|1|1|0|1|1|2|3|5|6|1|1|1|1|0|0|0|0|0|0|0|0|0|0|0|0,24
New Mexico,Car,BEV,2033,0|0|0|0|0|0|1|1|2|1|2|3|5|3|6|7|1|1|1|1|0|0|0|0|0|0|0|0|0|0|0,35
New Mexico,Car,BEV,2034,0|0|0|0|0|0|1|2|3|5|1|4|7|6|4|6|7|1|1|1|1|0|0|0|0|0|0|0|0|0|0,50
New Mexico,Car,BEV,2035,0|0|0|0|0|0|1|2|4|8|12|3|8|9|7|5|6|6|1|1|1|0|0|0|0|0|0|0|0|0|0,74
New Mexico,Car,BEV,2036,0|0|0|0|0|0|1|2|5|10|19|26|6|10|10|8|5|6|5|1|1|0|0|0|0|0|0|0|0|0|0,115
New Mexico,Car,BEV,2037,0|0|0|0|0|0|1|3|5|11|22|41|54|8|12|12|8|4|5|4|1|0|0|0|0|0|0|0|0|0|0,191
New Mexico,Car,BEV,2038,0|0|0|0|0|0|1|3|6|13|26|48|84|70|10|13|12|7|3|4|3|0|0|0|0|0|0|0|0|0|0,303
New Mexico,Car,BEV,2039,0|0|0|0|0|0|1|3|6|15|29|57|98|109|85|11|13|10|6|3|3|2|0|0|0|0|0|0|0|0|0,451
New Mexico,Car,BEV,2040,0|0|0|0|0|0|1|3|7|15|33|64|118|128|132|94|11|12|9|5|2|2|1|0|0|0|0|0|0|0|0,637
New Mexico,Car,BEV,2041,0|0|0|0|0|1|1|3|7|16|34|73|132|154|155|145|94|10|10|7|3|1|1|1|0|0|0|0|0|0|0,848
New Mexico,Car,BEV,2042,0|0|0|0|0|1|1|3|7|16|36|75|150|172|186|171|145|85|8|8|5|2|1|1|1|0|0|0|0|0|0,1074
New Mexico,Car,BEV,2043,0|0|0|0|0|1|1|3|7|16|36|78|153|196|208|205|171|132|70|6|6|3|2|1|1|0|0|0|0|0|0,1296
New Mexico,Car,BEV,2044,0|0|0|0|0|1|2|3|8|16|36|78|161|200|237|230|205|155|109|54|5|4|2|1|0|0|0|0|0|0|0,1507
New Mexico,Car,BEV,2045,0|0|0|0|0|1|2|4|8|18|37|78|158|210|242|262|230|186|128|84|39|3|3|1|1|0|0|0|0|0|0,1695
New Mexico,Car,BEV,2046,0|0|0|0|0|1|2|4|8|18|39|79|159|207|254|267|262|208|154|98|60|27|2|2|1|0|0|0|0|0|0,1852
New Mexico,Car,BEV,2047,0|0|0|0|0|1|2|4|9|19|40|83|161|207|250|280|267|237|172|118|71|42|18|1|1|1|0|0|0|0|0,1984
New Mexico,Car,BEV,2048,0|0|0|0|0|1|2|4|9|20|42|85|166|209|250|276|280|242|196|132|85|49|28|12|1|1|0|0|0|0|0,2090
New Mexico,Car,BEV,2049,0|0|0|0|0|1|2|4|10|21|44|88|169|216|253|276|276|254|200|150|96|59|33|19|8|1|0|0|0|0|0,2180
New Mexico,Car,BEV,2050,0|0|0|0|0|1|2|4|10|22|46|92|175|221|261|280|276|250|210|153|109|66|40|22|12|5|0|0|0|0|0,2257
New Mexico,Car,PHEV,2020,0|0|0|0|0|0|0|0|0|0|0|0|0|0|0|0|0|0|0|0|0|0|0|0|0|0|0|0|0|0|0,0
New Mexico,Car,PHEV,2021,0|0|0|0|0|0|0|0|0|0|0|0|0|0|0|0|0|0|0|0|0|0|0|0|0|0|0|0|0|0|0,0
New Mexico,Car,PHEV,2022,0|0|0|0|0|0|0|0|0|0|0|0|0|0|0|0|0|0|0|0|0|0|0|0|0|0|0|0|0|0|0,0
New Mexico,Car,PHEV,2023,0|0|0|0|0|0|0|0|0|0|0|0|0|0|0|0|0|0|0|0|0|0|0|0|0|0|0|0|0|0|0,0
New Mexico,Car,PHEV,2024,0|0|0|0|0|0|0|0|0|0|0|0|0|0|0|0|0|0|0|0|0|0|0|0|0|0|0|0|0|0|0,0
New Mexico,Car,PHEV,2025,0|0|0|0|0|0|0|0|0|0|0|0|0|0|0|0|0|0|0|0|0|0|0|0|0|0|0|0|0|0|0,0
New Mexico,Car,PHEV,2026,0|0|0|0|0|0|0|0|0|0|0|0|1|0|0|0|0|0|0|0|0|0|0|0|0|0|0|0|0|0|0,1
New Mexico,Car,PHEV,2027,0|0|0|0|0|0|0|0|0|0|0|0|0|1|0|0|0|0|0|0|0|0|0|0|0|0|0|0|0|0|0,1
New Mexico,Car,PHEV,2028,0|0|0|0|0|0|0|0|0|0|0|1|1|0|1|0|0|0|0|0|0|0|0|0|0|0|0|0|0|0|0,3
New Mexico,Car,PHEV,2029,0|0|0|0|0|0|0|0|0|0|0|1|1|1|1|1|0|0|0|0|0|0|0|0|0|0|0|0|0|0|0,5
New Mexico,Car,PHEV,2030,0|0|0|0|0|0|0|0|0|0|0|0|2|2|1|1|1|0|0|0|0|0|0|0|0|0|0|0|0|0|0,7
New Mexico,Car,PHEV,2031,0|0|0|0|0|0|0|0|0|0|0|0|1|2|2|2|1|1|0|0|0|0|0|0|0|0|0|0|0|0|0,9
New Mexico,Car,PHEV,2032,0|0|0|0|0|0|0|0|0|0|0|1|1|1|3|3|2|1|1|0|0|0|0|0|0|0|0|0|0|0|0,13
New Mexico,Car,PHEV,2033,0|0|0|0|0|0|0|0|0|0|0|0|1|1|2|3|3|1|0|1|0|0|0|0|0|0|0|0|0|0|0,12
New Mexico,Car,PHEV,2034,0|0|0|0|0|0|0|0|1|1|0|0|1|2|1|2|3|2|1|0|0|0|0|0|0|0|0|0|0|0|0,14
New Mexico,Car,PHEV,2035,0|0|0|0|0|0|0|0|1|2|2|0|1|1|2|1|2|3|2|1|0|0|0|0|0|0|0|0|0|0|0,18
New Mexico,Car,PHEV,2036,0|0|0|0|0|0|0|0|1|2|4|5|1|1|1|2|1|2|2|1|1|0|0|0|0|0|0|0|0|0|0,24
New Mexico,Car,PHEV,2037,0|0|0|0|0|0|0|0|1|2|5|8|10|1|1|2|2|1|1|2|1|0|0|0|0|0|0|0|0|0|0,37
New Mexico,Car,PHEV,2038,0|0|0|0|0|0|0|1|1|2|5|10|16|13|1|1|2|2|1|1|1|1|0|0|0|0|0|0|0|0|0,58
New Mexico,Car,PHEV,2039,0|0|0|0|0|0|0|1|1|3|6|10|21|20|16|1|1|1|2|1|1|1|0|0|0|0|0|0|0|0|0,86
New Mexico,Car,PHEV,2040,0|0|0|0|0|0|0|1|1|3|6|12|21|27|25|17|1|1|1|1|1|0|1|0|0|0|0|0|0|0|0,119
New Mexico,Car,PHEV,2041,0|0|0|0|0|0|0|1|1|3|7|13|25|27|33|27|17|1|1|1|1|0|0|0|0|0|0|0|0|0|0,158
New Mexico,Car,PHEV,2042,0|0|0|0|0|0|0|1|1|3|8|15|27|33|33|37|27|16|1|1|1|1|0|0|0|0|0|0|0|0|0,205
New Mexico,Car,PHEV,2043,0|0|0|0|0|0|0|1|1|3|7|16|31|36|40|37|37|25|13|1|0|0|0|0|0|0|0|0|0|0|0,248
New Mexico,Car,PHEV,2044,0|0|0|0|0|0|0|1|1|3|7|16|34|40|43|44|37|33|20|10|1|0|0|0|0|0|0|0|0|0|0,290
New Mexico,Car,PHEV,2045,0|0|0|0|0|0|0|1|1|3|7|15|33|44|48|48|44|33|27|16|7|0|0|0|0|0|0|0|0|0|0,327
New Mexico,Car,PHEV,2046,0|0|0|0|0|0|0|1|1|3|7|15|32|43|53|53|48|40|27|21|11|5|0|0|0|0|0|0|0|0|0,360
New Mexico,Car,PHEV,2047,0|0|0|0|0|0|0|1|1|3|7|15|30|41|52|59|53|43|33|21|15|8|3|0|0|0|0|0|0|0|0,385
New Mexico,Car,PHEV,2048,0|0|0|0|0|0|0|1|2|3|7|15|30|40|50|58|59|48|36|25|15|11|5|2|0|0|0|0|0|0|0,407
New Mexico,Car,PHEV,2049,0|0|0|0|0|0|0|1|2|3|7|15|29|39|48|55|58|53|40|27|18|11|7|3|1|0|0|0|0|0|0,417
New Mexico,Car,PHEV,2050,0|0|0|0|0|0|0|1|2|3|7|15|29|38|47|53|55|52|44|31|20|13|7|5|2|1|0|0|0|0|0,425
New Mexico,SUV,BEV,2020,0|0|0|0|0|0|0|0|0|0|0|0|0|0|0|0|0|0|0|0|0|0|0|0|0|0|0|0|0|0|0,0
New Mexico,SUV,BEV,2021,0|0|0|0|0|0|0|0|0|0|0|0|0|0|0|0|0|0|0|0|0|0|0|0|0|0|0|0|0|0|0,0
New Mexico,SUV,BEV,2022,0|0|0|0|0|0|0|0|0|0|0|0|0|0|0|0|0|0|0|0|0|0|0|0|0|0|0|0|0|0|0,0
New Mexico,SUV,BEV,2023,0|0|0|0|0|0|0|0|0|0|0|0|0|0|0|0|0|0|0|0|0|0|0|0|0|0|0|0|0|0|0,0
New Mexico,SUV,BEV,2024,0|0|0|0|0|0|0|0|0|0|0|0|0|0|0|0|0|0|0|0|0|0|0|0|0|0|0|0|0|0|0,0
New Mexico,SUV,BEV,2025,0|0|0|0|0|0|0|0|0|0|0|0|0|0|0|0|0|0|0|0|0|0|0|0|0|0|0|0|0|0|0,0
New Mexico,SUV,BEV,2026,0|0|0|0|0|0|0|0|0|0|0|0|0|0|0|0|0|0|0|0|0|0|0|0|0|0|0|0|0|0|0,0
New Mexico,SUV,BEV,2027,0|0|0|0|0|0|0|0|0|0|0|0|0|0|0|0|0|0|0|0|0|0|0|0|0|0|0|0|0|0|0,0
New Mexico,SUV,BEV,2028,0|0|0|0|0|0|0|0|0|0|0|0|0|0|0|0|0|0|0|0|0|0|0|0|0|0|0|0|0|0|0,0
New Mexico,SUV,BEV,2029,0|0|0|0|0|0|0|0|0|0|0|0|1|0|0|0|0|0|0|0|0|0|0|0|0|0|0|0|0|0|0,1
New Mexico,SUV,BEV,2030,0|0|0|0|0|0|0|0|0|1|1|0|1|1|1|0|0|0|0|0|0|0|0|0|0|0|0|0|0|0|0,5
New Mexico,SUV,BEV,2031,0|0|0|0|0|0|0|0|1|1|1|1|1|1|1|1|0|0|0|0|0|0|0|0|0|0|0|0|0|0|0,8
New Mexico,SUV,BEV,2032,0|0|0|0|0|0|1|1|1|2|3|3|3|1|2|1|1|0|0|0|0|0|0|0|0|0|0|0|0|0|0,19
New Mexico,SUV,BEV,2033,0|0|0|0|0|0|1|2|3|2|4|6|7|3|2|2|1|1|0|0|0|0|0|0|0|0|0|0|0|0|0,34
New Mexico,SUV,BEV,2034,0|0|0|0|0|0|1|2|5|7|5|10|12|9|4|2|2|1|0|0|0|0|0|0|0|0|0|0|0|0|0,60
New Mexico,SUV,BEV,2035,0|0|0|0|0|1|1|3|5|11|16|12|20|15|11|5|2|2|1|0|0|0|0|0|0|0|0|0|0|0|0,105
New Mexico,SUV,BEV,2036,0|0|0|0|0|1|1|3|7|13|25|35|24|26|19|12|5|2|1|1|0|0|0|0|0|0|0|0|0|0|0,175
New Mexico,SUV,BEV,2037,0|0|0|0|0|1|1|4|7|16|30|55|72|32|31|20|12|4|1|1|1|0|0|0|0|0|0|0|0|0|0,288
New Mexico,SUV,BEV,2038,0|0|0|0|0|1|2|4|9|18|36|65|113|94|38|34|20|11|3|1|1|0|0|0|0|0|0|0|0|0|0,450
New Mexico,SUV,BEV,2039,0|0|0|0|0|1|2|4|9|21|41|78|133|147|113|42|34|19|9|3|1|0|0|0|0|0|0|0|0|0|0,657
New Mexico,SUV,BEV,2040,0|0|0|0|0|1|2|4|10|21|47|89|161|174|178|125|42|31|15|7|2|0|0|0|0|0|0|0|0|0|0,909
New Mexico,SUV,BEV,2041,0|0|0|0|0|1|2|4|10|23|49|103|183|210|210|196|125|38|26|12|5|1|0|0|0|0|0|0|0|0|0,1198
New Mexico,SUV,BEV,2042,0|0|0|0|0|1|2|5|10|23|52|106|212|239|254|232|196|113|32|20|9|3|1|0|0|0|0|0|0|0|0,1510
New Mexico,SUV,BEV,2043,0|0|0|0|0|1|2|5|11|24|53|114|218|276|289|281|232|178|94|24|14|6|2|1|0|0|0|0|0|0|0,1825
New Mexico,SUV,BEV,2044,0|0|0|0|0|1|2|5|12|25|55|115|234|284|334|319|281|210|147|72|17|10|4|1|0|0|0|0|0|0|0,2128
New Mexico,SUV,BEV,2045,0|0|0|0|0|1|3|6|13|27|57|119|236|305|344|368|319|254|174|113|52|12|7|3|1|0|0|0|0|0|0,2414
New Mexico,SUV,BEV,2046,0|0|0|0|0|1|3|6|13|29|61|123|242|308|369|380|368|289|210|133|81|36|8|4|2|1|0|0|0|0|0,2667
New Mexico,SUV,BEV,2047,0|0|0|0|0|1|3|6|14|30|64|130|249|315|372|407|380|334|239|161|97|56|24|5|3|1|0|0|0|0|0,2891
New Mexico,SUV,BEV,2048,0|0|0|0|0|1|3|7|15|32|67|135|260|325|381|411|407|344|276|183|117|67|38|16|4|2|1|0|0|0|0,3092
New Mexico,SUV,BEV,2049,0|0|0|0|0|1|3|7|15|34|70|141|270|339|393|421|411|369|284|212|133|81|45|25|10|2|1|0|0|0|0,3267
New Mexico,SUV,BEV,2050,0|0|0|0|0|1|3|7|16|34|74|148|281|352|410|434|421|372|305|218|153|92|54|30|16|7|1|1|0|0|0,3430
New Mexico,SUV,PHEV,2020,0|0|0|0|0|0|0|0|0|0|0|0|0|0|0|0|0|0|0|0|0|0|0|0|0|0|0|0|0|0|0,0
New Mexico,SUV,PHEV,2021,0|0|0|0|0|0|0|0|0|0|0|0|0|0|0|0|0|0|0|0|0|0|0|0|0|0|0|0|0|0|0,0
New Mexico,SUV,PHEV,2022,0|0|0|0|0|0|0|0|0|0|0|0|0|0|0|0|0|0|0|0|0|0|0|0|0|0|0|0|0|0|0,0
New Mexico,SUV,PHEV,2023,0|0|0|0|0|0|0|0|0|0|0|0|0|0|0|0|0|0|0|0|0|0|0|0|0|0|0|0|0|0|0,0
New Mexico,SUV,PHEV,2024,0|0|0|0|0|0|0|0|0|0|0|0|0|0|0|0|0|0|0|0|0|0|0|0|0|0|0|0|0|0|0,0
New Mexico,SUV,PHEV,2025,0|0|0|0|0|0|0|0|0|0|0|0|0|0|0|0|0|0|0|0|0|0|0|0|0|0|0|0|0|0|0,0
New Mexico,SUV,PHEV,2026,0|0|0|0|0|0|0|0|0|0|0|0|0|0|0|0|0|0|0|0|0|0|0|0|0|0|0|0|0|0|0,0
New Mexico,SUV,PHEV,2027,0|0|0|0|0|0|0|0|0|0|0|0|0|0|0|0|0|0|0|0|0|0|0|0|0|0|0|0|0|0|0,0
New Mexico,SUV,PHEV,2028,0|0|0|0|0|0|0|0|0|0|0|0|0|0|0|0|0|0|0|0|0|0|0|0|0|0|0|0|0|0|0,0
New Mexico,SUV,PHEV,2029,0|0|0|0|0|0|0|0|0|0|0|0|0|0|0|0|0|0|0|0|0|0|0|0|0|0|0|0|0|0|0,0
New Mexico,SUV,PHEV,2030,0|0|0|0|0|0|0|0|0|0|0|0|0|1|0|0|0|0|0|0|0|0|0|0|0|0|0|0|0|0|0,1
New Mexico,SUV,PHEV,2031,0|0|0|0|0|0|0|0|0|1|1|0|0|1|1|1|0|0|0|0|0|0|0|0|0|0|0|0|0|0|0,5
New Mexico,SUV,PHEV,2032,0|0|0|0|0|0|0|0|0|1|1|2|1|0|1|1|1|0|0|0|0|0|0|0|0|0|0|0|0|0|0,8
New Mexico,SUV,PHEV,2033,0|0|0|0|0|0|0|0|1|1|2|3|4|1|1|1|1|0|0|0|0|0|0|0|0|0|0|0|0|0|0,15
New Mexico,SUV,PHEV,2034,0|0|0|0|0|0|0|0|1|1|2|4|6|5|2|1|1|1|0|0|0|0|0|0|0|0|0|0|0|0|0,24
New Mexico,SUV,PHEV,2035,0|0|0|0|0|0|0|0|1|2|3|5|9|7|7|2|1|1|1|0|0|0|0|0|0|0|0|0|0|0|0,39
New Mexico,SUV,PHEV,2036,0|0|0|0|0|0|0|1|1|3|5|6|10|11|9|7|2|1|1|0|0|0|0|0|0|0|0|0|0|0|0,57
New Mexico,SUV,PHEV,2037,0|0|0|0|0|0|0|1|1|3|6|10|13|13|14|10|7|2|0|0|0|0|0|0|0|0|0|0|0|0|0,80
New Mexico,SUV,PHEV,2038,0|0|0|0|0|0|0|1|2|3|6|14|21|17|16|15|10|7|1|0|0|0|0|0|0|0|0|0|0|0|0,113
New Mexico,SUV,PHEV,2039,0|0|0|0|0|0|0|1|2|4|8|14|29|27|21|17|15|9|5|1|0|0|0|0|0|0|0|0|0|0|0,153
New Mexico,SUV,PHEV,2040,0|0|0|0|0|0|0|1|2|4|9|17|29|37|33|23|17|14|7|4|1|0|0|0|0|0|0|0|0|0|0,198
New Mexico,SUV,PHEV,2041,0|0|0|0|0|0|0|1|2|5|10|19|35|37|45|37|23|16|11|6|3|0|0|0|0|0|0|0|0|0|0,250
New Mexico,SUV,PHEV,2042,0|0|0|0|0|0|0|1|2|5|11|21|39|46|45|50|37|21|13|9|4|2|0|0|0|0|0|0|0|0|0,306
New Mexico,SUV,PHEV,2043,0|0|0|0|0|0|0|1|2|5|11|24|44|51|55|50|50|33|17|10|6|3|1|0|0|0|0|0|0|0|0,363
New Mexico,SUV,PHEV,2044,0|0|0|0|0|0|0|1|2|5|11|25|50|57|62|61|50|45|27|13|7|4|2|1|0|0|0|0|0|0|0,423
New Mexico,SUV,PHEV,2045,0|0|0|0|0|0|0|1|2|5|11|24|50|65|69|68|61|45|37|21|10|5|3|1|1|0|0|0|0|0|0,479
New Mexico,SUV,PHEV,2046,0|0|0|0|0|0|0|1|2|5|11|24|49|65|78|76|68|55|37|29|15|7|3|2|1|0|0|0|0|0|0,528
New Mexico,SUV,PHEV,2047,0|0|0|0|0|0|0|1|2|5|11|23|48|64|79|86|76|62|46|29|21|11|4|2|1|1|0|0|0|0|0,572
New Mexico,SUV,PHEV,2048,0|0|0|0|0|0|0|1|2|5|11|23|47|62|77|87|86|69|51|35|21|14|7|3|1|1|0|0|0|0|0,603
New Mexico,SUV,PHEV,2049,0|0|0|0|0|0|0|1|2|5|11|23|47|61|75|85|87|78|57|39|25|14|10|5|2|1|1|0|0|0|0,629
New Mexico,SUV,PHEV,2050,0|0|0|0|0|0|0|1|2|5|11|23|47|61|74|83|85|79|65|44|28|18|10|6|3|1|1|0|0|0|0,647
New York,Car,BEV,2020,0|0|0|0|0|0|0|0|0|0|0|0|0|0|0|0|0|0|0|0|0|0|0|0|0|0|0|0|0|0|0,0
New York,Car,BEV,2021,0|0|0|0|0|0|0|0|0|0|0|0|0|0|0|0|0|0|0|0|0|0|0|0|0|0|0|0|0|0|0,0
New York,Car,BEV,2022,0|0|0|0|0|0|0|0|0|0|0|0|0|0|0|0|0|0|0|0|0|0|0|0|0|0|0|0|0|0|0,0
New York,Car,BEV,2023,0|0|0|0|0|0|0|0|0|1|0|0|0|0|0|0|0|0|0|0|0|0|0|0|0|0|0|0|0|0|0,1
New York,Car,BEV,2024,0|0|0|0|0|0|0|0|0|1|2|0|0|0|0|0|0|0|0|0|0|0|0|0|0|0|0|0|0|0|0,3
New York,Car,BEV,2025,0|0|0|0|0|0|0|1|0|1|2|5|0|0|0|0|0|0|0|0|0|0|0|0|0|0|0|0|0|0|0,9
New York,Car,BEV,2026,0|0|0|0|0|0|0|1|2|1|2|5|10|0|0|0|0|0|0|0|0|0|0|0|0|0|0|0|0|0|0,21
New York,Car,BEV,2027,0|0|0|0|0|0|0|1|2|4|3|5|10|13|0|0|0|0|0|0|0|0|0|0|0|0|0|0|0|0|0,38
New York,Car,BEV,2028,0|0|0|0|0|0|1|1|1|4|10|6|11|14|16|0|0|0|0|0|0|0|0|0|0|0|0|0|0|0|0,64
New York,Car,BEV,2029,0|0|0|0|0|0|1|1|2|3|10|22|11|14|16|17|0|0|0|0|0|0|0|0|0|0|0|0|0|0|0,97
New York,Car,BEV,2030,0|0|0|0|1|1|1|2|3|6|8|22|46|15|17|18|17|0|0|0|0|0|0|0|0|0|0|0|0|0|0,157
New York,Car,BEV,2031,0|0|0|0|1|2|3|1|4|8|13|17|44|60|18|18|18|16|0|0|0|0|0|0|0|0|0|0|0|0|0,223
New York,Car,BEV,2032,0|0|0|0|1|2|4|6|3|9|18|28|35|58|72|20|18|16|13|0|0|0|0|0|0|0|0|0|0|0|0,303
New York,Car,BEV,2033,0|0|0|0|1|2|5|10|15|8|22|40|58|46|70|80|20|17|14|10|0|0|0|0|0|0|0|0|0|0|0,418
New York,Car,BEV,2034,0|0|0|0|1|3|6|12|24|36|18|47|81|75|55|77|80|18|14|10|7|0|0|0|0|0|0|0|0|0|0,564
New York,Car,BEV,2035,0|0|0|0|1|3|7|15|29|58|83|40|96|106|91|61|77|72|15|11|8|5|0|0|0|0|0|0|0|0|0,778
New York,Car,BEV,2036,0|0|0|1|1|3|8|17|36|69|132|182|82|126|128|101|61|70|60|11|8|5|3|0|0|0|0|0|0|0|0,1104
New York,Car,BEV,2037,0|0|0|1|1|3|8|19|41|84|158|289|374|107|152|141|101|55|58|46|8|5|4|2|0|0|0|0|0|0|0,1657
New York,Car,BEV,2038,0|0|0|1|2|4|9|20|47|97|193|346|593|488|129|168|141|91|46|44|33|6|4|2|1|0|0|0|0|0|0,2465
New York,Car,BEV,2039,0|0|0|1|2|4|9|22|49|111|221|422|711|773|589|143|168|128|75|35|32|23|4|2|2|1|0|0|0|0|0,3527
New York,Car,BEV,2040,0|0|0|1|2|4|10|23|52|116|253|482|867|927|935|651|143|152|106|58|25|22|15|3|2|1|1|0|0|0|0,4851
New York,Car,BEV,2041,0|0|0|1|2|5|11|25|56|123|265|554|989|1130|1121|1032|651|129|126|81|42|18|15|10|2|1|1|0|0|0|0,6390
New York,Car,BEV,2042,0|0|0|1|2|5|12|28|60|132|281|578|1137|1290|1367|1239|1032|589|107|96|59|29|12|10|7|1|1|0|0|0|0,8075
New York,Car,BEV,2043,0|0|0|1|2|5|13|30|66|142|300|614|1186|1482|1560|1509|1239|935|488|82|70|41|19|8|6|4|1|0|0|0|0,9803
New York,Car,BEV,2044,0|0|0|1|2|6|13|31|70|154|322|653|1258|1546|1792|1723|1509|1121|773|374|59|48|27|13|5|4|3|0|0|0|0,11507
New York,Car,BEV,2045,0|0|0|1|2|6|14|32|73|162|348|700|1336|1640|1870|1980|1723|1367|927|593|271|41|33|18|8|3|3|2|0|0|0,13153
New York,Car,BEV,2046,0|0|0|1|2|6|15|34|75|167|361|751|1427|1742|1983|2065|1980|1560|1130|711|429|188|28|21|12|5|2|2|1|0|0,14698
New York,Car,BEV,2047,0|0|0|1|3|6|15|36|79|172|369|771|1525|1860|2106|2190|2065|1792|1290|867|515|297|126|18|14|8|3|1|1|1|0,16131
New York,Car,BEV,2048,0|0|0|1|3|7|16|37|83|180|380|785|1551|1988|2250|2326|2190|1870|1482|989|627|357|200|83|12|9|5|2|1|1|1,17436
New York,Car,BEV,2049,0|0|0|1|3|7|16|38|85|188|396|806|1574|2023|2404|2485|2326|1983|1546|1137|716|435|240|132|54|8|6|3|1|1|1,18615
New York,Car,BEV,2050,0|0|0|1|3|7|16|39|88|193|413|837|1612|2052|2446|2655|2485|2106|1640|1186|822|496|293|158|86|35|5|4|2|1|1,19682
New York,Car,PHEV,2020,0|0|0|0|0|0|0|0|0|0|0|0|0|0|0|0|0|0|0|0|0|0|0|0|0|0|0|0|0|0|0,0
New York,Car,PHEV,2021,0|0|0|0|0|0|0|0|0|0|0|0|0|0|0|0|0|0|0|0|0|0|0|0|0|0|0|0|0|0|0,0
New York,Car,PHEV,2022,0|0|0|0|0|0|0|0|0|0|0|0|0|0|0|0|0|0|0|0|0|0|0|0|0|0|0|0|0|0|0,0
New York,Car,PHEV,2023,0|0|0|0|0|0|0|0|0|1|0|0|0|0|0|0|0|0|0|0|0|0|0|0|0|0|0|0|0|0|0,1
New York,Car,PHEV,2024,0|0|0|0|0|0|0|0|1|1|3|0|0|0|0|0|0|0|0|0|0|0|0|0|0|0|0|0|0|0|0,5
New York,Car,PHEV,2025,0|0|0|0|0|0|0|1|1|2|2|7|0|0|0|0|0|0|0|0|0|0|0|0|0|0|0|0|0|0|0,13
New York,Car,PHEV,2026,0|0|0|0|0|0|0|0|2|3|4|5|15|0|0|0|0|0|0|0|0|0|0|0|0|0|0|0|0|0|0,29
New York,Car,PHEV,2027,0|0|0|0|0|0|0|0|1|4|6|10|10|19|0|0|0|0|0|0|0|0|0|0|0|0|0|0|0|0|0,50
New York,Car,PHEV,2028,0|0|0|0|0|0|0|0|1|2|8|13|20|13|23|0|0|0|0|0|0|0|0|0|0|0|0|0|0|0|0,80
New York,Car,PHEV,2029,0|0|0|0|0|0|0|0|1|2|4|18|27|26|15|26|0|0|0|0|0|0|0|0|0|0|0|0|0|0|0,119
New York,Car,PHEV,2030,0|0|0|0|0|0|0|0|1|2|4|10|38|35|31|17|26|0|0|0|0|0|0|0|0|0|0|0|0|0|0,164
New York,Car,PHEV,2031,0|0|0|0|0|0|1|0|1|2|5|8|20|49|42|34|17|23|0|0|0|0|0|0|0|0|0|0|0|0|0,202
New York,Car,PHEV,2032,0|0|0|0|0|0|1|1|1|1|4|11|17|26|60|47|34|15|19|0|0|0|0|0|0|0|0|0|0|0|0,237
New York,Car,PHEV,2033,0|0|0|0|0|0|1|2|3|2|3|8|23|22|31|66|47|31|13|15|0|0|0|0|0|0|0|0|0|0|0,267
New York,Car,PHEV,2034,0|0|0|0|0|1|1|3|5|7|4|7|15|30|26|34|66|42|26|10|11|0|0|0|0|0|0|0|0|0|0,288
New York,Car,PHEV,2035,0|0|0|0|0|1|1|3|6|11|16|9|14|20|37|29|34|60|35|20|7|7|0|0|0|0|0|0|0|0|0,310
New York,Car,PHEV,2036,0|0|0|0|0|1|1|3|7|15|25|34|17|18|24|40|29|31|49|27|14|5|5|0|0|0|0|0|0|0|0,345
New York,Car,PHEV,2037,0|0|0|0|0|1|2|3|8|15|34|53|70|23|22|27|40|26|26|38|19|10|3|3|0|0|0|0|0|0|0,423
New York,Car,PHEV,2038,0|0|0|0|0|1|2|4|8|18|35|74|109|91|27|24|27|37|22|20|27|14|7|2|2|0|0|0|0|0|0,551
New York,Car,PHEV,2039,0|0|0|0|0|1|2|4|10|20|42|75|151|142|110|30|24|24|30|17|14|19|9|4|1|1|0|0|0|0|0,730
New York,Car,PHEV,2040,0|0|0|0|0|1|2|5|11|23|46|91|153|197|171|121|30|22|20|23|12|10|13|6|3|1|1|0|0|0|0,962
New York,Car,PHEV,2041,0|0|0|0|0|1|2|5|11|25|52|100|186|200|238|189|121|27|18|15|17|8|7|8|4|2|1|1|0|0|0,1238
New York,Car,PHEV,2042,0|0|0|0|0|1|2|5|12|27|58|114|206|243|241|263|189|110|23|14|11|12|6|4|5|3|1|0|0|0|0,1550
New York,Car,PHEV,2043,0|0|0|0|0|1|2|5|12|28|62|127|233|268|294|267|263|171|91|17|10|8|8|4|3|4|2|1|0|0|0,1881
New York,Car,PHEV,2044,0|0|0|0|0|1|2|5|13|29|64|135|260|304|325|324|267|238|142|70|13|7|5|5|2|2|2|1|0|0|0,2216
New York,Car,PHEV,2045,0|0|0|0|0|1|2|5|13|29|65|138|277|339|367|358|324|241|197|109|50|9|5|3|3|2|1|1|1|0|0,2540
New York,Car,PHEV,2046,0|0|0|0|0|1|2|5|13|29|65|141|283|361|410|406|358|294|200|151|79|35|6|3|2|2|1|1|1|0|0,2849
New York,Car,PHEV,2047,0|0|0|0|0|1|2|6|13|29|64|138|287|368|436|453|406|325|243|153|109|55|24|4|2|1|1|1|0|1|1,3123
New York,Car,PHEV,2048,0|0|0|0|0|1|2|6|13|29|63|135|278|374|445|482|453|367|268|186|111|76|37|16|3|1|1|1|0|0|1,3349
New York,Car,PHEV,2049,0|0|0|0|0|1|3|6|13|30|63|134|271|363|453|492|482|410|304|206|135|77|51|24|10|2|1|1|1|0|1,3534
New York,Car,PHEV,2050,0|0|0|0|0|1|2|6|14|30|65|133|266|353|439|500|492|436|339|233|149|93|52|34|16|7|1|1|0|0|1,3663
New York,SUV,BEV,2020,0|0|0|0|0|0|0|0|0|0|0|0|0|0|0|0|0|0|0|0|0|0|0|0|0|0|0|0|0|0|0,0
New York,SUV,BEV,2021,0|0|0|0|0|0|0|0|0|0|0|0|0|0|0|0|0|0|0|0|0|0|0|0|0|0|0|0|0|0|0,0
New York,SUV,BEV,2022,0|0|0|0|0|0|0|0|0|0|0|0|0|0|0|0|0|0|0|0|0|0|0|0|0|0|0|0|0|0|0,0
New York,SUV,BEV,2023,0|0|0|0|0|0|0|0|0|0|0|0|0|0|0|0|0|0|0|0|0|0|0|0|0|0|0|0|0|0|0,0
New York,SUV,BEV,2024,0|0|0|0|0|0|0|0|0|0|0|0|0|0|0|0|0|0|0|0|0|0|0|0|0|0|0|0|0|0|0,0
New York,SUV,BEV,2025,0|0|0|0|0|0|0|0|0|1|1|1|0|0|0|0|0|0|0|0|0|0|0|0|0|0|0|0|0|0|0,3
New York,SUV,BEV,2026,0|0|0|0|0|0|0|0|1|1|1|1|2|0|0|0|0|0|0|0|0|0|0|0|0|0|0|0|0|0|0,6
New York,SUV,BEV,2027,0|0|0|0|0|0|1|1|1|1|3|3|3|2|0|0|0|0|0|0|0|0|0|0|0|0|0|0|0|0|0,15
New York,SUV,BEV,2028,0|0|0|0|0|1|1|1|1|1|3|6|6|3|3|0|0|0|0|0|0|0|0|0|0|0|0|0|0|0|0,26
New York,SUV,BEV,2029,0|0|0|0|0|1|2|2|4|3|3|6|12|7|4|3|0|0|0|0|0|0|0|0|0|0|0|0|0|0|0,47
New York,SUV,BEV,2030,0|0|0|0|1|1|2|4|6|8|8|6|13|15|9|4|3|0|0|0|0|0|0|0|0|0|0|0|0|0|0,80
New York,SUV,BEV,2031,0|0|0|0|1|2|2|5|10|14|19|17|13|16|18|10|4|3|0|0|0|0|0|0|0|0|0|0|0|0|0,134
New York,SUV,BEV,2032,0|0|0|0|1|2|4|6|13|24|32|42|35|17|20|20|10|4|2|0|0|0|0|0|0|0|0|0|0|0|0,232
New York,SUV,BEV,2033,0|0|0|1|1|3|5|10|15|30|55|69|87|46|21|22|20|9|3|2|0|0|0|0|0|0|0|0|0|0|0,399
New York,SUV,BEV,2034,0|0|0|1|1|3|7|13|24|35|69|121|143|114|56|23|22|18|7|3|1|0|0|0|0|0|0|0|0|0|0,661
New York,SUV,BEV,2035,0|0|0|1|2|4|8|16|31|58|79|150|248|186|138|62|23|20|15|6|2|1|0|0|0|0|0|0|0|0|0,1050
New York,SUV,BEV,2036,0|0|0|1|2|4|10|19|39|73|133|174|309|324|225|152|62|21|16|12|4|1|1|0|0|0|0|0|0|0|0,1582
New York,SUV,BEV,2037,0|0|0|1|2|5|11|24|47|93|167|290|357|402|392|248|152|56|17|13|8|3|1|0|0|0|0|0|0|0|0,2289
New York,SUV,BEV,2038,0|0|0|1|2|5|12|26|57|112|214|366|596|465|486|432|248|138|46|13|9|6|2|1|0|0|0|0|0|0|0,3237
New York,SUV,BEV,2039,0|0|0|1|3|6|13|29|63|136|257|469|752|778|563|537|432|225|114|35|10|6|4|1|0|0|0|0|0|0|0,4434
New York,SUV,BEV,2040,0|0|0|1|3|7|15|33|71|149|311|561|963|980|940|621|537|392|186|87|26|7|4|3|1|0|0|0|0|0|0,5898
New York,SUV,BEV,2041,0|0|0|1|3|7|17|37|80|167|340|680|1153|1255|1185|1039|621|486|324|143|63|18|4|3|2|1|0|0|0|0|0,7629
New York,SUV,BEV,2042,0|0|0|1|3|8|18|42|90|187|381|743|1395|1504|1518|1309|1039|563|402|248|103|44|12|3|2|1|0|0|0|0|0,9616
New York,SUV,BEV,2043,0|0|0|1|3|8|19|44|100|211|426|829|1521|1819|1818|1677|1309|940|465|309|180|72|30|8|2|1|1|0|0|0|0,11793
New York,SUV,BEV,2044,0|0|0|1|4|9|20|47|106|234|477|925|1696|1984|2200|2008|1677|1185|778|357|223|125|48|19|5|1|1|0|0|0|0,14130
New York,SUV,BEV,2045,0|0|0|1|4|9|22|50|113|247|530|1035|1890|2211|2398|2430|2008|1518|980|596|258|155|84|32|13|3|1|0|0|0|0,16588
New York,SUV,BEV,2046,0|0|0|1|4|9|22|52|117|261|557|1148|2109|2464|2673|2649|2430|1818|1255|752|431|179|104|55|21|8|2|1|0|0|0,19122
New York,SUV,BEV,2047,0|0|1|1|4|10|23|54|123|271|584|1202|2338|2750|2979|2953|2649|2200|1504|963|544|299|120|69|36|13|5|1|0|0|0,21696
New York,SUV,BEV,2048,0|0|1|2|4|10|24|56|128|283|606|1254|2440|3048|3325|3291|2953|2398|1819|1153|697|377|201|79|45|23|9|3|1|0|0,24230
New York,SUV,BEV,2049,0|0|1|2|4|10|25|57|130|292|629|1297|2536|3181|3686|3673|3291|2673|1984|1395|834|483|254|133|52|29|15|5|2|1|0,26674
New York,SUV,BEV,2050,0|0|1|2|4|11|26|59|134|297|649|1342|2617|3307|3847|4071|3673|2979|2211|1521|1010|579|325|167|86|33|19|10|3|1|1,28985
New York,SUV,PHEV,2020,0|0|0|0|0|0|0|0|0|0|0|0|0|0|0|0|0|0|0|0|0|0|0|0|0|0|0|0|0|0|0,0
New York,SUV,PHEV,2021,0|0|0|0|0|0|0|0|0|0|0|0|0|0|0|0|0|0|0|0|0|0|0|0|0|0|0|0|0|0|0,0
New York,SUV,PHEV,2022,0|0|0|0|0|0|0|0|0|0|0|0|0|0|0|0|0|0|0|0|0|0|0|0|0|0|0|0|0|0|0,0
New York,SUV,PHEV,2023,0|0|0|0|0|0|0|0|0|0|0|0|0|0|0|0|0|0|0|0|0|0|0|0|0|0|0|0|0|0|0,0
New York,SUV,PHEV,2024,0|0|0|0|0|0|0|0|0|0|1|0|0|0|0|0|0|0|0|0|0|0|0|0|0|0|0|0|0|0|0,1
New York,SUV,PHEV,2025,0|0|0|0|0|0|0|0|0|1|1|1|0|0|0|0|0|0|0|0|0|0|0|0|0|0|0|0|0|0|0,3
New York,SUV,PHEV,2026,0|0|0|0|0|0|0|0|0|1|2|2|3|0|0|0|0|0|0|0|0|0|0|0|0|0|0|0|0|0|0,8
New York,SUV,PHEV,2027,0|0|0|0|0|0|0|0|0|1|2|4|4|4|0|0|0|0|0|0|0|0|0|0|0|0|0|0|0|0|0,15
New York,SUV,PHEV,2028,0|0|0|0|0|0|1|1|1|1|2|4|7|5|4|0|0|0|0|0|0|0|0|0|0|0|0|0|0|0|0,26
New York,SUV,PHEV,2029,0|0|0|0|0|1|1|2|3|2|2|5|9|10|6|5|0|0|0|0|0|0|0|0|0|0|0|0|0|0|0,46
New York,SUV,PHEV,2030,0|0|0|0|0|0|1|3|4|7|4|4|11|12|12|7|5|0|0|0|0|0|0|0|0|0|0|0|0|0|0,70
New York,SUV,PHEV,2031,0|0|0|0|0|0|0|3|7|9|15|9|9|14|15|13|7|4|0|0|0|0|0|0|0|0|0|0|0|0|0,105
New York,SUV,PHEV,2032,0|0|0|0|0|0|1|1|8|16|20|34|18|11|17|16|13|6|4|0|0|0|0|0|0|0|0|0|0|0|0,165
New York,SUV,PHEV,2033,0|0|0|0|0|0|1|2|3|19|37|43|69|23|14|19|16|12|5|3|0|0|0|0|0|0|0|0|0|0|0,266
New York,SUV,PHEV,2034,0|0|0|0|0|1|1|3|4|6|42|81|89|90|28|15|19|15|10|4|2|0|0|0|0|0|0|0|0|0|0,410
New York,SUV,PHEV,2035,0|0|0|0|0|1|2|3|7|11|14|93|166|116|109|31|15|17|12|7|3|1|0|0|0|0|0|0|0|0|0,608
New York,SUV,PHEV,2036,0|0|0|0|0|1|2|4|7|15|24|31|191|217|140|121|31|14|14|9|5|2|1|0|0|0|0|0|0|0|0,829
New York,SUV,PHEV,2037,0|0|0|0|0|1|2|5|9|17|35|53|64|249|262|155|121|28|11|11|7|4|1|1|0|0|0|0|0|0|0,1036
New York,SUV,PHEV,2038,0|0|0|0|1|1|3|6|11|22|38|77|108|84|301|289|155|109|23|9|8|5|3|1|0|0|0|0|0|0|0,1254
New York,SUV,PHEV,2039,0|0|0|0|1|1|3|7|13|26|49|83|158|141|101|333|289|140|90|18|6|5|3|2|1|0|0|0|0|0|0,1470
New York,SUV,PHEV,2040,0|0|0|0|0|1|3|8|16|31|58|107|170|206|170|112|333|262|116|69|13|4|4|2|1|0|0|0|0|0|0,1686
New York,SUV,PHEV,2041,0|0|0|0|1|1|3|8|18|38|70|127|219|221|249|188|112|301|217|89|50|9|3|2|1|1|0|0|0|0|0,1928
New York,SUV,PHEV,2042,0|0|0|0|1|1|3|8|20|42|84|152|259|286|268|274|188|101|249|166|64|35|6|2|2|1|0|0|0|0|0,2212
New York,SUV,PHEV,2043,0|0|0|0|1|1|3|8|20|45|94|181|309|338|346|296|274|170|84|191|120|45|23|4|1|1|1|0|0|0|0,2556
New York,SUV,PHEV,2044,0|0|0|0|1|1|3|8|18|45|101|202|366|402|408|382|296|249|141|64|138|83|30|15|3|1|1|0|0|0|0,2958
New York,SUV,PHEV,2045,0|0|0|0|1|1|3|8|19|43|102|215|408|477|487|451|382|268|206|108|47|96|56|20|10|2|1|0|0|0|0,3411
New York,SUV,PHEV,2046,0|0|0|0|1|1|3|8|19|44|98|220|434|532|577|538|451|346|221|158|78|32|64|37|13|6|1|0|0|0|0,3882
New York,SUV,PHEV,2047,0|0|0|0|1|1|4|8|19|44|100|212|447|566|643|637|538|408|286|170|114|54|22|43|24|8|4|1|0|0|0,4354
New York,SUV,PHEV,2048,0|0|0|0|1|2|4|8|20|44|99|214|432|582|684|711|637|487|338|219|123|79|37|14|28|16|5|3|0|0|0,4787
New York,SUV,PHEV,2049,0|0|0|0|1|2|4|9|20|45|98|212|433|563|704|756|711|577|402|259|159|85|53|24|9|18|10|3|2|0|0,5159
New York,SUV,PHEV,2050,0|0|0|0|1|2|4|9|20|45|99|209|428|565|681|778|756|643|477|309|187|110|57|35|16|6|11|6|2|1|0,5457
North Carolina,Car,BEV,2020,0|0|0|0|0|0|0|0|0|0|0|0|0|0|0|0|0|0|0|0|0|0|0|0|0|0|0|0|0|0|0,0
North Carolina,Car,BEV,2021,0|0|0|0|0|0|0|0|0|0|0|0|0|0|0|0|0|0|0|0|0|0|0|0|0|0|0|0|0|0|0,0
North Carolina,Car,BEV,2022,0|0|0|0|0|0|0|0|0|0|0|0|0|0|0|0|0|0|0|0|0|0|0|0|0|0|0|0|0|0|0,0
North Carolina,Car,BEV,2023,0|0|0|0|0|0|0|0|0|0|0|0|0|0|0|0|0|0|0|0|0|0|0|0|0|0|0|0|0|0|0,0
North Carolina,Car,BEV,2024,0|0|0|0|0|0|0|0|0|0|1|0|0|0|0|0|0|0|0|0|0|0|0|0|0|0|0|0|0|0|0,1
North Carolina,Car,BEV,2025,0|0|0|0|0|0|0|0|0|0|1|2|0|0|0|0|0|0|0|0|0|0|0|0|0|0|0|0|0|0|0,3
North Carolina,Car,BEV,2026,0|0|0|0|0|0|0|0|1|1|1|2|5|0|0|0|0|0|0|0|0|0|0|0|0|0|0|0|0|0|0,10
North Carolina,Car,BEV,2027,0|0|0|0|0|0|0|0|1|2|1|2|5|6|0|0|0|0|0|0|0|0|0|0|0|0|0|0|0|0|0,17
North Carolina,Car,BEV,2028,0|0|0|0|0|0|0|0|1|2|5|3|5|6|7|0|0|0|0|0|0|0|0|0|0|0|0|0|0|0|0,29
North Carolina,Car,BEV,2029,0|0|0|0|0|0|0|1|1|2|5|11|5|6|8|8|0|0|0|0|0|0|0|0|0|0|0|0|0|0|0,47
North Carolina,Car,BEV,2030,0|0|0|0|0|0|0|1|2|3|4|11|22|7|8|9|8|0|0|0|0|0|0|0|0|0|0|0|0|0|0,75
North Carolina,Car,BEV,2031,0|0|0|0|0|0|1|1|2|4|6|8|23|28|9|9|9|7|0|0|0|0|0|0|0|0|0|0|0|0|0,107
North Carolina,Car,BEV,2032,0|0|0|0|0|1|1|2|2|5|10|14|17|29|34|9|9|8|6|0|0|0|0|0|0|0|0|0|0|0|0,147
North Carolina,Car,BEV,2033,0|0|0|0|0|1|2|3|6|4|12|21|28|23|36|38|9|8|6|5|0|0|0|0|0|0|0|0|0|0|0,202
North Carolina,Car,BEV,2034,0|0|0|0|0|1|2|4|8|13|10|25|44|36|27|39|38|9|6|5|3|0|0|0|0|0|0|0|0|0|0,270
North Carolina,Car,BEV,2035,0|0|0|0|0|1|3|5|10|18|31|21|52|57|44|30|39|34|7|5|4|2|0|0|0|0|0|0|0|0|0,363
North Carolina,Car,BEV,2036,0|0|0|0|1|1|3|6|13|24|41|67|44|67|69|49|30|36|28|5|4|2|2|0|0|0|0|0|0|0|0,492
North Carolina,Car,BEV,2037,0|0|0|0|1|1|3|7|15|30|54|89|138|57|82|76|49|27|29|22|4|2|2|1|0|0|0|0|0|0|0,689
North Carolina,Car,BEV,2038,0|0|0|0|1|2|4|8|18|36|68|118|183|180|69|90|76|44|23|23|16|3|2|1|1|0|0|0|0|0|0,966
North Carolina,Car,BEV,2039,0|0|0|0|1|2|4|9|20|42|81|149|243|239|218|76|90|69|36|17|16|11|2|1|1|0|0|0|0|0|0,1327
North Carolina,Car,BEV,2040,0|0|0|0|1|2|5|11|23|47|95|178|305|317|289|240|76|82|57|28|13|11|7|1|1|0|0|0|0|0|0,1789
North Carolina,Car,BEV,2041,0|0|0|0|1|2|5|12|27|54|108|207|364|397|383|319|240|69|67|44|20|9|8|5|1|0|0|0|0|0|0,2342
North Carolina,Car,BEV,2042,0|0|0|0|1|3|6|13|29|63|122|235|425|475|480|423|319|218|57|52|32|14|6|5|3|1|0|0|0|0|0,2982
North Carolina,Car,BEV,2043,0|0|0|0|1|3|6|15|32|69|144|266|483|554|575|531|423|289|180|44|37|22|9|4|3|2|0|0|0|0|0,3692
North Carolina,Car,BEV,2044,0|0|0|0|1|3|7|15|35|74|156|314|545|629|670|635|531|383|239|138|32|26|15|6|3|2|1|0|0|0|0,4460
North Carolina,Car,BEV,2045,0|0|0|0|1|3|7|16|37|81|168|340|642|711|761|740|635|480|317|183|100|22|17|10|4|2|1|1|0|0|0,5279
North Carolina,Car,BEV,2046,0|0|0|1|1|3|8|18|39|85|181|365|695|837|859|841|740|575|397|243|132|69|15|12|6|3|1|1|1|0|0,6128
North Carolina,Car,BEV,2047,0|0|0|1|1|3|8|19|41|90|191|390|743|906|1012|949|841|670|475|305|176|92|47|10|7|4|2|1|1|0|0,6985
North Carolina,Car,BEV,2048,0|0|0|1|1|4|8|19|44|95|202|411|792|969|1095|1118|949|761|554|364|220|122|62|31|6|5|3|1|0|0|0,7837
North Carolina,Car,BEV,2049,0|0|0|1|1|4|9|20|45|100|213|433|832|1033|1172|1210|1118|859|629|425|264|153|82|41|20|4|3|2|1|0|1,8675
North Carolina,Car,BEV,2050,0|0|0|1|2|4|9|21|48|104|223|455|874|1085|1249|1294|1210|1012|711|483|308|183|103|54|27|13|3|2|1|0|1,9480
North Carolina,Car,PHEV,2020,0|0|0|0|0|0|0|0|0|0|0|0|0|0|0|0|0|0|0|0|0|0|0|0|0|0|0|0|0|0|0,0
North Carolina,Car,PHEV,2021,0|0|0|0|0|0|0|0|0|0|0|0|0|0|0|0|0|0|0|0|0|0|0|0|0|0|0|0|0|0|0,0
North Carolina,Car,PHEV,2022,0|0|0|0|0|0|0|0|0|0|0|0|0|0|0|0|0|0|0|0|0|0|0|0|0|0|0|0|0|0|0,0
North Carolina,Car,PHEV,2023,0|0|0|0|0|0|0|0|0|0|0|0|0|0|0|0|0|0|0|0|0|0|0|0|0|0|0|0|0|0|0,0
North Carolina,Car,PHEV,2024,0|0|0|0|0|0|0|0|0|0|1|0|0|0|0|0|0|0|0|0|0|0|0|0|0|0|0|0|0|0|0,1
North Carolina,Car,PHEV,2025,0|0|0|0|0|0|0|0|0|1|1|2|0|0|0|0|0|0|0|0|0|0|0|0|0|0|0|0|0|0|0,4
North Carolina,Car,PHEV,2026,0|0|0|0|0|0|0|0|0|1|1|1|4|0|0|0|0|0|0|0|0|0|0|0|0|0|0|0|0|0|0,7
North Carolina,Car,PHEV,2027,0|0|0|0|0|0|0|0|0|1|2|3|3|6|0|0|0|0|0|0|0|0|0|0|0|0|0|0|0|0|0,15
North Carolina,Car,PHEV,2028,0|0|0|0|0|0|0|0|0|1|2|4|6|4|7|0|0|0|0|0|0|0|0|0|0|0|0|0|0|0|0,24
North Carolina,Car,PHEV,2029,0|0|0|0|0|0|0|0|0|0|1|5|8|8|4|8|0|0|0|0|0|0|0|0|0|0|0|0|0|0|0,34
North Carolina,Car,PHEV,2030,0|0|0|0|0|0|0|0|0|1|1|3|10|10|9|5|8|0|0|0|0|0|0|0|0|0|0|0|0|0|0,47
North Carolina,Car,PHEV,2031,0|0|0|0|0|0|0|0|0|0|2|2|6|13|12|10|5|7|0|0|0|0|0|0|0|0|0|0|0|0|0,57
North Carolina,Car,PHEV,2032,0|0|0|0|0|0|0|1|0|0|1|3|5|7|16|13|10|4|6|0|0|0|0|0|0|0|0|0|0|0|0,66
North Carolina,Car,PHEV,2033,0|0|0|0|0|0|0|1|1|0|1|2|7|6|9|17|13|9|4|4|0|0|0|0|0|0|0|0|0|0|0,74
North Carolina,Car,PHEV,2034,0|0|0|0|0|0|0|1|2|3|1|2|5|9|7|10|17|12|8|3|3|0|0|0|0|0|0|0|0|0|0,83
North Carolina,Car,PHEV,2035,0|0|0|0|0|0|1|1|2|4|7|2|4|6|11|8|10|16|10|6|2|2|0|0|0|0|0|0|0|0|0,92
North Carolina,Car,PHEV,2036,0|0|0|0|0|0|1|1|3|6|9|15|5|5|7|12|8|9|13|8|4|1|1|0|0|0|0|0|0|0|0,108
North Carolina,Car,PHEV,2037,0|0|0|0|0|0|1|1|3|6|13|19|30|6|6|8|12|7|7|10|5|3|1|1|0|0|0|0|0|0|0,139
North Carolina,Car,PHEV,2038,0|0|0|0|0|0|1|2|4|8|14|28|39|39|7|6|8|11|6|6|7|4|2|1|1|0|0|0|0|0|0,194
North Carolina,Car,PHEV,2039,0|0|0|0|0|0|1|2|4|8|17|29|57|51|47|8|6|7|9|5|4|5|3|1|0|0|0|0|0|0|0,264
North Carolina,Car,PHEV,2040,0|0|0|0|0|0|1|2|5|10|19|38|60|75|62|52|8|6|6|7|3|3|3|2|1|0|0|0|0|0|0,363
North Carolina,Car,PHEV,2041,0|0|0|0|0|0|1|2|6|12|23|42|77|78|91|68|52|7|5|5|5|2|2|2|1|1|0|0|0|0|0,482
North Carolina,Car,PHEV,2042,0|0|0|0|0|0|1|3|6|13|27|51|86|100|95|100|68|47|6|4|3|3|2|1|1|1|0|0|0|0|0,618
North Carolina,Car,PHEV,2043,0|0|0|0|0|0|1|3|6|14|30|60|104|112|121|105|100|62|39|5|3|2|2|1|1|1|0|0|0|0|0,772
North Carolina,Car,PHEV,2044,0|0|0|0|0|0|1|3|6|14|32|66|123|136|135|134|105|91|51|30|3|2|2|2|1|1|1|0|0|0|0,939
North Carolina,Car,PHEV,2045,0|0|0|0|0|1|1|3|7|15|32|69|136|161|164|150|134|95|75|39|22|2|1|1|1|0|0|0|0|0|0,1109
North Carolina,Car,PHEV,2046,0|0|0|0|0|1|1|3|7|15|33|70|141|177|194|182|150|121|78|57|28|15|2|1|1|1|0|0|0|0|0,1278
North Carolina,Car,PHEV,2047,0|0|0|0|0|1|1|3|7|15|34|72|143|184|214|214|182|135|100|60|42|20|10|1|1|0|0|0|0|0|0,1439
North Carolina,Car,PHEV,2048,0|0|0|0|0|1|1|3|7|16|34|72|146|187|222|237|214|164|112|77|44|29|13|7|1|0|0|0|0|0|0,1587
North Carolina,Car,PHEV,2049,0|0|0|0|0|1|1|3|7|16|34|73|146|190|226|245|237|194|136|86|56|30|19|9|4|0|0|0|0|0|0,1713
North Carolina,Car,PHEV,2050,0|0|0|0|0|1|1|3|7|16|35|73|146|190|229|250|245|214|161|104|62|39|20|13|6|3|0|0|0|0|0,1818
North Carolina,SUV,BEV,2020,0|0|0|0|0|0|0|0|0|0|0|0|0|0|0|0|0|0|0|0|0|0|0|0|0|0|0|0|0|0|0,0
North Carolina,SUV,BEV,2021,0|0|0|0|0|0|0|0|0|0|0|0|0|0|0|0|0|0|0|0|0|0|0|0|0|0|0|0|0|0|0,0
North Carolina,SUV,BEV,2022,0|0|0|0|0|0|0|0|0|0|0|0|0|0|0|0|0|0|0|0|0|0|0|0|0|0|0|0|0|0|0,0
North Carolina,SUV,BEV,2023,0|0|0|0|0|0|0|0|0|0|0|0|0|0|0|0|0|0|0|0|0|0|0|0|0|0|0|0|0|0|0,0
North Carolina,SUV,BEV,2024,0|0|0|0|0|0|0|0|0|0|0|0|0|0|0|0|0|0|0|0|0|0|0|0|0|0|0|0|0|0|0,0
North Carolina,SUV,BEV,2025,0|0|0|0|0|0|0|0|0|0|0|0|0|0|0|0|0|0|0|0|0|0|0|0|0|0|0|0|0|0|0,0
North Carolina,SUV,BEV,2026,0|0|0|0|0|0|0|0|0|1|1|1|1|0|0|0|0|0|0|0|0|0|0|0|0|0|0|0|0|0|0,4
North Carolina,SUV,BEV,2027,0|0|0|0|0|0|0|0|0|1|1|1|1|1|0|0|0|0|0|0|0|0|0|0|0|0|0|0|0|0|0,5
North Carolina,SUV,BEV,2028,0|0|0|0|0|0|1|1|1|1|1|3|3|2|1|0|0|0|0|0|0|0|0|0|0|0|0|0|0|0|0,14
North Carolina,SUV,BEV,2029,0|0|0|0|0|0|1|1|2|2|1|3|6|3|2|1|0|0|0|0|0|0|0|0|0|0|0|0|0|0|0,22
North Carolina,SUV,BEV,2030,0|0|0|0|0|0|1|2|3|4|4|3|6|7|4|2|1|0|0|0|0|0|0|0|0|0|0|0|0|0|0,37
North Carolina,SUV,BEV,2031,0|0|0|0|0|1|1|3|5|7|9|8|7|8|9|4|2|1|0|0|0|0|0|0|0|0|0|0|0|0|0,65
North Carolina,SUV,BEV,2032,0|0|0|0|0|1|1|3|7|13|17|21|17|9|9|10|4|2|1|0|0|0|0|0|0|0|0|0|0|0|0,115
North Carolina,SUV,BEV,2033,0|0|0|0|0|1|2|4|7|16|29|37|42|23|10|10|10|4|2|1|0|0|0|0|0|0|0|0|0|0|0,198
North Carolina,SUV,BEV,2034,0|0|0|0|0|1|2|5|9|16|37|64|77|55|28|11|10|9|3|1|0|0|0|0|0|0|0|0|0|0|0,328
North Carolina,SUV,BEV,2035,0|0|0|0|1|1|3|6|11|21|37|80|133|100|67|30|11|9|7|3|1|0|0|0|0|0|0|0|0|0|0,521
North Carolina,SUV,BEV,2036,0|0|0|0|1|1|3|7|14|27|47|80|165|173|121|74|30|10|8|6|2|1|0|0|0|0|0|0|0|0|0,770
North Carolina,SUV,BEV,2037,0|0|0|0|1|2|4|8|16|33|61|104|165|215|209|133|74|28|9|6|4|1|0|0|0|0|0|0|0|0|0,1073
North Carolina,SUV,BEV,2038,0|0|0|0|1|2|4|9|19|39|75|134|213|215|260|231|133|67|23|7|4|3|1|0|0|0|0|0|0|0|0,1440
North Carolina,SUV,BEV,2039,0|0|0|0|1|2|5|10|22|45|88|164|275|278|260|287|231|121|55|17|5|3|2|1|0|0|0|0|0|0|0,1872
North Carolina,SUV,BEV,2040,0|0|0|0|1|2|6|13|25|51|103|193|338|359|336|287|287|209|100|42|13|3|2|1|0|0|0|0|0|0|0,2371
North Carolina,SUV,BEV,2041,0|0|0|0|1|3|6|14|30|59|117|225|396|440|434|371|287|260|173|77|31|9|2|1|1|0|0|0|0|0|0,2937
North Carolina,SUV,BEV,2042,0|0|0|0|1|3|7|15|33|70|133|254|460|517|532|479|371|260|215|133|55|21|6|1|1|1|0|0|0|0|0,3568
North Carolina,SUV,BEV,2043,0|0|0|1|1|3|7|16|36|78|159|289|520|600|625|588|479|336|215|165|96|38|14|4|1|1|0|0|0|0|0,4272
North Carolina,SUV,BEV,2044,0|0|0|1|1|3|8|18|39|84|175|344|589|678|725|690|588|434|278|165|119|67|26|9|3|1|0|0|0|0|0,5045
North Carolina,SUV,BEV,2045,0|0|0|1|1|4|8|19|42|91|190|378|700|768|820|801|690|532|359|213|119|83|45|17|6|2|0|0|0|0|0,5889
North Carolina,SUV,BEV,2046,0|0|0|1|2|4|9|20|45|98|205|410|769|913|929|906|801|625|440|275|154|83|56|30|11|4|1|0|0|0|0,6791
North Carolina,SUV,BEV,2047,0|0|0|1|2|4|9|22|48|105|221|442|834|1003|1104|1026|906|725|517|338|199|107|56|37|19|7|3|1|0|0|0,7736
North Carolina,SUV,BEV,2048,0|0|0|1|2|4|10|22|51|112|236|476|898|1087|1213|1219|1026|820|600|396|244|138|72|37|24|12|5|2|0|0|0,8707
North Carolina,SUV,BEV,2049,0|0|0|1|2|4|10|24|53|118|250|507|963|1171|1315|1340|1219|929|678|460|287|169|93|47|24|15|8|3|1|0|0,9691
North Carolina,SUV,BEV,2050,0|0|0|1|2|5|11|25|56|122|264|537|1025|1256|1416|1452|1340|1104|768|520|333|199|114|61|31|15|10|5|2|1|0,10675
North Carolina,SUV,PHEV,2020,0|0|0|0|0|0|0|0|0|0|0|0|0|0|0|0|0|0|0|0|0|0|0|0|0|0|0|0|0|0|0,0
North Carolina,SUV,PHEV,2021,0|0|0|0|0|0|0|0|0|0|0|0|0|0|0|0|0|0|0|0|0|0|0|0|0|0|0|0|0|0|0,0
North Carolina,SUV,PHEV,2022,0|0|0|0|0|0|0|0|0|0|0|0|0|0|0|0|0|0|0|0|0|0|0|0|0|0|0|0|0|0|0,0
North Carolina,SUV,PHEV,2023,0|0|0|0|0|0|0|0|0|0|0|0|0|0|0|0|0|0|0|0|0|0|0|0|0|0|0|0|0|0|0,0
North Carolina,SUV,PHEV,2024,0|0|0|0|0|0|0|0|0|0|0|0|0|0|0|0|0|0|0|0|0|0|0|0|0|0|0|0|0|0|0,0
North Carolina,SUV,PHEV,2025,0|0|0|0|0|0|0|0|0|0|0|0|0|0|0|0|0|0|0|0|0|0|0|0|0|0|0|0|0|0|0,0
North Carolina,SUV,PHEV,2026,0|0|0|0|0|0|0|0|0|0|0|1|1|0|0|0|0|0|0|0|0|0|0|0|0|0|0|0|0|0|0,2
North Carolina,SUV,PHEV,2027,0|0|0|0|0|0|0|0|0|0|1|1|1|1|0|0|0|0|0|0|0|0|0|0|0|0|0|0|0|0|0,4
North Carolina,SUV,PHEV,2028,0|0|0|0|0|0|0|0|0|0|1|1|2|2|1|0|0|0|0|0|0|0|0|0|0|0|0|0|0|0|0,7
North Carolina,SUV,PHEV,2029,0|0|0|0|0|0|0|0|1|0|1|1|3|3|2|1|0|0|0|0|0|0|0|0|0|0|0|0|0|0|0,12
North Carolina,SUV,PHEV,2030,0|0|0|0|0|0|0|1|1|2|1|1|3|3|3|2|1|0|0|0|0|0|0|0|0|0|0|0|0|0|0,18
North Carolina,SUV,PHEV,2031,0|0|0|0|0|0|0|1|2|3|5|2|2|3|4|4|2|1|0|0|0|0|0|0|0|0|0|0|0|0|0,29
North Carolina,SUV,PHEV,2032,0|0|0|0|0|0|0|1|2|4|6|10|5|3|4|4|4|2|1|0|0|0|0|0|0|0|0|0|0|0|0,46
North Carolina,SUV,PHEV,2033,0|0|0|0|0|0|0|1|1|5|9|14|21|7|4|5|4|3|2|1|0|0|0|0|0|0|0|0|0|0|0,77
North Carolina,SUV,PHEV,2034,0|0|0|0|0|0|0|1|2|3|11|21|28|27|8|4|5|4|3|1|1|0|0|0|0|0|0|0|0|0|0,119
North Carolina,SUV,PHEV,2035,0|0|0|0|0|0|1|1|3|4|8|24|43|36|33|9|4|4|3|2|1|0|0|0|0|0|0|0|0|0|0,176
North Carolina,SUV,PHEV,2036,0|0|0|0|0|0|1|1|3|6|10|17|49|56|44|36|9|4|3|3|2|1|0|0|0|0|0|0|0|0|0,245
North Carolina,SUV,PHEV,2037,0|0|0|0|0|0|1|2|3|6|14|22|35|64|67|48|36|8|3|3|2|1|0|0|0|0|0|0|0|0|0,315
North Carolina,SUV,PHEV,2038,0|0|0|0|0|0|1|2|4|8|15|31|45|46|78|74|48|33|7|2|2|1|1|0|0|0|0|0|0|0|0,398
North Carolina,SUV,PHEV,2039,0|0|0|0|0|0|1|2|5|9|19|32|64|59|56|86|74|44|27|5|2|1|1|0|0|0|0|0|0|0|0,487
North Carolina,SUV,PHEV,2040,0|0|0|0|0|0|1|3|6|11|21|41|66|84|72|61|86|67|36|21|4|1|1|1|0|0|0|0|0|0|0,583
North Carolina,SUV,PHEV,2041,0|0|0|0|0|0|1|3|7|14|26|46|84|86|102|79|61|78|56|28|15|3|1|1|0|0|0|0|0|0|0,691
North Carolina,SUV,PHEV,2042,0|0|0|0|0|1|1|3|7|15|31|56|95|110|104|112|79|56|64|43|20|10|2|1|0|0|0|0|0|0|0,810
North Carolina,SUV,PHEV,2043,0|0|0|0|0|1|1|3|7|16|35|67|115|123|133|115|112|72|46|49|31|14|7|1|0|0|0|0|0|0|0,948
North Carolina,SUV,PHEV,2044,0|0|0|0|0|1|1|3|7|16|36|75|136|150|149|147|115|102|59|35|36|21|9|5|1|0|0|0|0|0|0,1104
North Carolina,SUV,PHEV,2045,0|0|0|0|0|1|1|3|7|17|37|78|151|178|181|165|147|104|84|45|26|25|14|6|3|0|0|0|0|0|0,1273
North Carolina,SUV,PHEV,2046,0|0|0|0|0|1|1|3|8|17|38|80|158|197|215|200|165|133|86|64|33|18|17|9|4|2|0|0|0|0|0,1449
North Carolina,SUV,PHEV,2047,0|0|0|0|0|1|1|3|8|18|39|81|162|206|239|238|200|149|110|66|47|23|12|11|6|3|1|0|0|0|0,1624
North Carolina,SUV,PHEV,2048,0|0|0|0|0|1|2|3|8|18|40|83|164|211|249|263|238|181|123|84|48|32|15|8|7|4|2|1|0|0|0,1785
North Carolina,SUV,PHEV,2049,0|0|0|0|0|1|2|4|8|19|40|85|168|214|255|275|263|215|150|95|61|33|22|10|5|5|3|1|1|0|0,1935
North Carolina,SUV,PHEV,2050,0|0|0|0|0|1|2|4|9|19|41|86|171|219|259|281|275|239|178|115|68|42|22|14|7|3|3|2|1|0|0,2061
North Dakota,Car,BEV,2020,0|0|0|0|0|0|0|0|0|0|0|0|0|0|0|0|0|0|0|0|0|0|0|0|0|0|0|0|0|0|0,0
North Dakota,Car,BEV,2021,0|0|0|0|0|0|0|0|0|0|0|0|0|0|0|0|0|0|0|0|0|0|0|0|0|0|0|0|0|0|0,0
North Dakota,Car,BEV,2022,0|0|0|0|0|0|0|0|0|0|0|0|0|0|0|0|0|0|0|0|0|0|0|0|0|0|0|0|0|0|0,0
North Dakota,Car,BEV,2023,0|0|0|0|0|0|0|0|0|0|0|0|0|0|0|0|0|0|0|0|0|0|0|0|0|0|0|0|0|0|0,0
North Dakota,Car,BEV,2024,0|0|0|0|0|0|0|0|0|0|0|0|0|0|0|0|0|0|0|0|0|0|0|0|0|0|0|0|0|0|0,0
North Dakota,Car,BEV,2025,0|0|0|0|0|0|0|0|0|0|0|0|0|0|0|0|0|0|0|0|0|0|0|0|0|0|0|0|0|0|0,0
North Dakota,Car,BEV,2026,0|0|0|0|0|0|0|0|0|0|0|0|0|0|0|0|0|0|0|0|0|0|0|0|0|0|0|0|0|0|0,0
North Dakota,Car,BEV,2027,0|0|0|0|0|0|0|0|0|0|0|0|0|0|0|0|0|0|0|0|0|0|0|0|0|0|0|0|0|0|0,0
North Dakota,Car,BEV,2028,0|0|0|0|0|0|0|0|0|0|0|0|0|0|0|0|0|0|0|0|0|0|0|0|0|0|0|0|0|0|0,0
North Dakota,Car,BEV,2029,0|0|0|0|0|0|0|0|0|0|0|0|0|0|0|0|0|0|0|0|0|0|0|0|0|0|0|0|0|0|0,0
North Dakota,Car,BEV,2030,0|0|0|0|0|0|0|0|0|0|0|0|0|0|0|0|0|0|0|0|0|0|0|0|0|0|0|0|0|0|0,0
North Dakota,Car,BEV,2031,0|0|0|0|0|0|0|0|0|0|0|0|0|0|0|0|0|0|0|0|0|0|0|0|0|0|0|0|0|0|0,0
North Dakota,Car,BEV,2032,0|0|0|0|0|0|0|0|0|0|0|0|0|0|0|0|0|0|0|0|0|0|0|0|0|0|0|0|0|0|0,0
North Dakota,Car,BEV,2033,0|0|0|0|0|0|0|0|0|0|0|0|0|0|0|0|0|0|0|0|0|0|0|0|0|0|0|0|0|0|0,0
North Dakota,Car,BEV,2034,0|0|0|0|0|0|0|0|0|1|0|0|0|0|0|1|0|0|0|0|0|0|0|0|0|0|0|0|0|0|0,2
North Dakota,Car,BEV,2035,0|0|0|0|0|0|0|0|1|1|2|0|1|1|0|0|1|0|0|0|0|0|0|0|0|0|0|0|0|0|0,7
North Dakota,Car,BEV,2036,0|0|0|0|0|0|0|0|1|1|2|4|0|1|1|1|0|0|0|0|0|0|0|0|0|0|0|0|0|0|0,11
North Dakota,Car,BEV,2037,0|0|0|0|0|0|0|0|1|2|3|5|8|1|1|1|1|0|0|0|0|0|0|0|0|0|0|0|0|0|0,23
North Dakota,Car,BEV,2038,0|0|0|0|0|0|0|0|1|2|3|6|10|11|1|1|1|0|0|0|0|0|0|0|0|0|0|0|0|0|0,36
North Dakota,Car,BEV,2039,0|0|0|0|0|0|0|0|1|2|4|8|13|13|13|1|1|1|0|0|0|0|0|0|0|0|0|0|0|0|0,57
North Dakota,Car,BEV,2040,0|0|0|0|0|0|0|1|1|2|5|9|16|17|16|14|1|1|1|0|0|0|0|0|0|0|0|0|0|0|0,84
North Dakota,Car,BEV,2041,0|0|0|0|0|0|0|1|1|3|5|10|18|21|21|18|14|1|1|0|0|0|0|0|0|0|0|0|0|0|0,114
North Dakota,Car,BEV,2042,0|0|0|0|0|0|0|1|1|3|6|12|21|24|25|23|18|13|1|1|0|0|0|0|0|0|0|0|0|0|0,149
North Dakota,Car,BEV,2043,0|0|0|0|0|0|0|1|2|3|7|13|24|27|29|28|23|16|11|0|0|0|0|0|0|0|0|0|0|0|0,184
North Dakota,Car,BEV,2044,0|0|0|0|0|0|0|1|2|4|8|15|26|31|33|32|28|21|13|8|0|0|0|0|0|0|0|0|0|0|0,222
North Dakota,Car,BEV,2045,0|0|0|0|0|0|0|1|2|4|8|16|31|35|38|37|32|25|17|10|6|0|0|0|0|0|0|0|0|0|0,262
North Dakota,Car,BEV,2046,0|0|0|0|0|0|0|1|2|4|9|18|34|40|42|42|37|29|21|13|7|4|0|0|0|0|0|0|0|0|0,303
North Dakota,Car,BEV,2047,0|0|0|0|0|0|0|1|2|5|9|19|36|44|49|46|42|33|24|16|10|5|3|0|0|0|0|0|0|0|0,344
North Dakota,Car,BEV,2048,0|0|0|0|0|0|0|1|2|5|10|20|39|47|53|54|46|38|27|18|11|7|3|2|0|0|0|0|0|0|0,383
North Dakota,Car,BEV,2049,0|0|0|0|0|0|0|1|2|5|11|22|41|51|57|58|54|42|31|21|13|8|4|2|1|0|0|0|0|0|0,424
North Dakota,Car,BEV,2050,0|0|0|0|0|0|0|1|3|5|11|23|44|53|61|63|58|49|35|24|15|9|5|3|1|1|0|0|0|0|0,464
North Dakota,Car,PHEV,2020,0|0|0|0|0|0|0|0|0|0|0|0|0|0|0|0|0|0|0|0|0|0|0|0|0|0|0|0|0|0|0,0
North Dakota,Car,PHEV,2021,0|0|0|0|0|0|0|0|0|0|0|0|0|0|0|0|0|0|0|0|0|0|0|0|0|0|0|0|0|0|0,0
North Dakota,Car,PHEV,2022,0|0|0|0|0|0|0|0|0|0|0|0|0|0|0|0|0|0|0|0|0|0|0|0|0|0|0|0|0|0|0,0
North Dakota,Car,PHEV,2023,0|0|0|0|0|0|0|0|0|0|0|0|0|0|0|0|0|0|0|0|0|0|0|0|0|0|0|0|0|0|0,0
North Dakota,Car,PHEV,2024,0|0|0|0|0|0|0|0|0|0|0|0|0|0|0|0|0|0|0|0|0|0|0|0|0|0|0|0|0|0|0,0
North Dakota,Car,PHEV,2025,0|0|0|0|0|0|0|0|0|0|0|0|0|0|0|0|0|0|0|0|0|0|0|0|0|0|0|0|0|0|0,0
North Dakota,Car,PHEV,2026,0|0|0|0|0|0|0|0|0|0|0|0|0|0|0|0|0|0|0|0|0|0|0|0|0|0|0|0|0|0|0,0
North Dakota,Car,PHEV,2027,0|0|0|0|0|0|0|0|0|0|0|0|0|0|0|0|0|0|0|0|0|0|0|0|0|0|0|0|0|0|0,0
North Dakota,Car,PHEV,2028,0|0|0|0|0|0|0|0|0|0|0|0|0|0|0|0|0|0|0|0|0|0|0|0|0|0|0|0|0|0|0,0
North Dakota,Car,PHEV,2029,0|0|0|0|0|0|0|0|0|0|0|0|0|0|0|0|0|0|0|0|0|0|0|0|0|0|0|0|0|0|0,0
North Dakota,Car,PHEV,2030,0|0|0|0|0|0|0|0|0|0|0|0|0|0|0|0|0|0|0|0|0|0|0|0|0|0|0|0|0|0|0,0
North Dakota,Car,PHEV,2031,0|0|0|0|0|0|0|0|0|0|0|0|0|0|0|0|0|0|0|0|0|0|0|0|0|0|0|0|0|0|0,0
North Dakota,Car,PHEV,2032,0|0|0|0|0|0|0|0|0|0|0|0|0|0|0|0|0|0|0|0|0|0|0|0|0|0|0|0|0|0|0,0
North Dakota,Car,PHEV,2033,0|0|0|0|0|0|0|0|0|0|0|0|0|0|0|0|0|0|0|0|0|0|0|0|0|0|0|0|0|0|0,0
North Dakota,Car,PHEV,2034,0|0|0|0|0|0|0|0|0|0|0|0|0|0|0|0|0|0|0|0|0|0|0|0|0|0|0|0|0|0|0,0
North Dakota,Car,PHEV,2035,0|0|0|0|0|0|0|0|0|0|0|0|0|0|0|0|0|0|0|0|0|0|0|0|0|0|0|0|0|0|0,0
North Dakota,Car,PHEV,2036,0|0|0|0|0|0|0|0|0|0|0|1|0|0|0|0|0|0|0|0|0|0|0|0|0|0|0|0|0|0|0,1
North Dakota,Car,PHEV,2037,0|0|0|0|0|0|0|0|0|0|1|1|2|0|0|0|0|0|0|0|0|0|0|0|0|0|0|0|0|0|0,4
North Dakota,Car,PHEV,2038,0|0|0|0|0|0|0|0|0|0|1|1|2|2|0|0|0|0|0|0|0|0|0|0|0|0|0|0|0|0|0,6
North Dakota,Car,PHEV,2039,0|0|0|0|0|0|0|0|0|0|1|1|3|3|3|0|0|0|0|0|0|0|0|0|0|0|0|0|0|0|0,11
North Dakota,Car,PHEV,2040,0|0|0|0|0|0|0|0|0|1|1|2|3|4|3|3|0|0|0|0|0|0|0|0|0|0|0|0|0|0|0,17
North Dakota,Car,PHEV,2041,0|0|0|0|0|0|0|0|0|1|1|2|4|4|5|4|3|0|0|0|0|0|0|0|0|0|0|0|0|0|0,24
North Dakota,Car,PHEV,2042,0|0|0|0|0|0|0|0|0|1|1|3|4|5|5|5|4|3|0|0|0|0|0|0|0|0|0|0|0|0|0,31
North Dakota,Car,PHEV,2043,0|0|0|0|0|0|0|0|0|1|1|3|5|5|6|5|5|3|2|0|0|0|0|0|0|0|0|0|0|0|0,36
North Dakota,Car,PHEV,2044,0|0|0|0|0|0|0|0|0|1|2|3|6|7|6|7|5|5|3|2|0|0|0|0|0|0|0|0|0|0|0,47
North Dakota,Car,PHEV,2045,0|0|0|0|0|0|0|0|0|1|2|3|7|8|8|7|7|5|4|2|1|0|0|0|0|0|0|0|0|0|0,55
North Dakota,Car,PHEV,2046,0|0|0|0|0|0|0|0|0|1|2|3|7|9|10|9|7|6|4|3|2|1|0|0|0|0|0|0|0|0|0,64
North Dakota,Car,PHEV,2047,0|0|0|0|0|0|0|0|0|1|2|4|7|9|10|11|9|6|5|3|2|1|1|0|0|0|0|0|0|0|0,71
North Dakota,Car,PHEV,2048,0|0|0|0|0|0|0|0|0|1|2|4|7|9|11|11|11|8|5|4|2|2|1|0|0|0|0|0|0|0|0,78
North Dakota,Car,PHEV,2049,0|0|0|0|0|0|0|0|0|1|2|4|7|9|11|12|11|10|7|4|3|2|1|0|0|0|0|0|0|0|0,84
North Dakota,Car,PHEV,2050,0|0|0|0|0|0|0|0|0|1|2|4|7|9|11|12|12|10|8|5|3|2|1|1|0|0|0|0|0|0|0,88
North Dakota,SUV,BEV,2020,0|0|0|0|0|0|0|0|0|0|0|0|0|0|0|0|0|0|0|0|0|0|0|0|0|0|0|0|0|0|0,0
North Dakota,SUV,BEV,2021,0|0|0|0|0|0|0|0|0|0|0|0|0|0|0|0|0|0|0|0|0|0|0|0|0|0|0|0|0|0|0,0
North Dakota,SUV,BEV,2022,0|0|0|0|0|0|0|0|0|0|0|0|0|0|0|0|0|0|0|0|0|0|0|0|0|0|0|0|0|0|0,0
North Dakota,SUV,BEV,2023,0|0|0|0|0|0|0|0|0|0|0|0|0|0|0|0|0|0|0|0|0|0|0|0|0|0|0|0|0|0|0,0
North Dakota,SUV,BEV,2024,0|0|0|0|0|0|0|0|0|0|0|0|0|0|0|0|0|0|0|0|0|0|0|0|0|0|0|0|0|0|0,0
North Dakota,SUV,BEV,2025,0|0|0|0|0|0|0|0|0|0|0|0|0|0|0|0|0|0|0|0|0|0|0|0|0|0|0|0|0|0|0,0
North Dakota,SUV,BEV,2026,0|0|0|0|0|0|0|0|0|0|0|0|0|0|0|0|0|0|0|0|0|0|0|0|0|0|0|0|0|0|0,0
North Dakota,SUV,BEV,2027,0|0|0|0|0|0|0|0|0|0|0|0|0|0|0|0|0|0|0|0|0|0|0|0|0|0|0|0|0|0|0,0
North Dakota,SUV,BEV,2028,0|0|0|0|0|0|0|0|0|0|0|0|0|0|0|0|0|0|0|0|0|0|0|0|0|0|0|0|0|0|0,0
North Dakota,SUV,BEV,2029,0|0|0|0|0|0|0|0|0|0|0|0|0|0|0|0|0|0|0|0|0|0|0|0|0|0|0|0|0|0|0,0
North Dakota,SUV,BEV,2030,0|0|0|0|0|0|0|0|0|0|0|0|0|0|0|0|0|0|0|0|0|0|0|0|0|0|0|0|0|0|0,0
North Dakota,SUV,BEV,2031,0|0|0|0|0|0|0|0|0|0|0|0|0|0|0|0|0|0|0|0|0|0|0|0|0|0|0|0|0|0|0,0
North Dakota,SUV,BEV,2032,0|0|0|0|0|0|0|0|0|0|0|0|0|0|0|0|0|0|0|0|0|0|0|0|0|0|0|0|0|0|0,0
North Dakota,SUV,BEV,2033,0|0|0|0|0|0|0|0|1|0|0|0|0|0|0|0|0|0|0|0|0|0|0|0|0|0|0|0|0|0|0,1
North Dakota,SUV,BEV,2034,0|0|0|0|0|0|0|0|1|1|1|1|1|1|0|0|0|0|0|0|0|0|0|0|0|0|0|0|0|0|0,6
North Dakota,SUV,BEV,2035,0|0|0|0|0|0|0|1|1|2|3|1|2|1|1|0|0|0|0|0|0|0|0|0|0|0|0|0|0|0|0,12
North Dakota,SUV,BEV,2036,0|0|0|0|0|0|0|1|1|3|5|8|2|2|1|1|0|0|0|0|0|0|0|0|0|0|0|0|0|0|0,24
North Dakota,SUV,BEV,2037,0|0|0|0|0|0|0|1|2|4|6|10|16|3|3|2|1|0|0|0|0|0|0|0|0|0|0|0|0|0|0,48
North Dakota,SUV,BEV,2038,0|0|0|0|0|0|0|1|2|4|8|14|21|21|4|3|2|1|0|0|0|0|0|0|0|0|0|0|0|0|0,81
North Dakota,SUV,BEV,2039,0|0|0|0|0|0|1|1|2|5|9|17|28|28|25|4|3|1|1|0|0|0|0|0|0|0|0|0|0|0|0,125
North Dakota,SUV,BEV,2040,0|0|0|0|0|0|1|1|3|6|11|21|36|37|33|27|4|3|1|0|0|0|0|0|0|0|0|0|0|0|0,184
North Dakota,SUV,BEV,2041,0|0|0|0|0|0|1|2|3|7|14|25|43|47|44|37|27|4|2|1|0|0|0|0|0|0|0|0|0|0|0,257
North Dakota,SUV,BEV,2042,0|0|0|0|0|0|1|2|4|8|16|30|51|56|57|49|37|25|3|2|1|0|0|0|0|0|0|0|0|0|0,342
North Dakota,SUV,BEV,2043,0|0|0|0|0|0|1|2|4|9|19|34|61|66|67|62|49|33|21|2|1|0|0|0|0|0|0|0|0|0|0,431
North Dakota,SUV,BEV,2044,0|0|0|0|0|0|1|2|5|10|21|41|70|79|80|74|62|44|28|16|2|1|0|0|0|0|0|0|0|0|0,536
North Dakota,SUV,BEV,2045,0|0|0|0|0|0|1|2|5|11|22|45|83|91|96|89|74|57|37|21|11|1|1|0|0|0|0|0|0|0|0,647
North Dakota,SUV,BEV,2046,0|0|0|0|0|0|1|2|5|12|24|49|92|109|110|106|89|67|47|28|15|8|1|0|0|0|0|0|0|0|0,765
North Dakota,SUV,BEV,2047,0|0|0|0|0|0|1|3|6|12|26|53|100|120|132|122|106|80|56|36|20|11|5|1|0|0|0|0|0|0|0,890
North Dakota,SUV,BEV,2048,0|0|0|0|0|1|1|3|6|13|28|56|107|130|145|145|122|96|66|43|26|14|7|4|0|0|0|0|0|0|0,1013
North Dakota,SUV,BEV,2049,0|0|0|0|0|1|1|3|6|14|29|60|114|140|157|160|145|110|79|51|31|18|9|5|2|0|0|0|0|0|0,1135
North Dakota,SUV,BEV,2050,0|0|0|0|0|1|1|3|7|15|31|63|120|148|169|174|160|132|91|61|37|21|12|6|3|1|0|0|0|0|0,1256
North Dakota,SUV,PHEV,2020,0|0|0|0|0|0|0|0|0|0|0|0|0|0|0|0|0|0|0|0|0|0|0|0|0|0|0|0|0|0|0,0
North Dakota,SUV,PHEV,2021,0|0|0|0|0|0|0|0|0|0|0|0|0|0|0|0|0|0|0|0|0|0|0|0|0|0|0|0|0|0|0,0
North Dakota,SUV,PHEV,2022,0|0|0|0|0|0|0|0|0|0|0|0|0|0|0|0|0|0|0|0|0|0|0|0|0|0|0|0|0|0|0,0
North Dakota,SUV,PHEV,2023,0|0|0|0|0|0|0|0|0|0|0|0|0|0|0|0|0|0|0|0|0|0|0|0|0|0|0|0|0|0|0,0
North Dakota,SUV,PHEV,2024,0|0|0|0|0|0|0|0|0|0|0|0|0|0|0|0|0|0|0|0|0|0|0|0|0|0|0|0|0|0|0,0
North Dakota,SUV,PHEV,2025,0|0|0|0|0|0|0|0|0|0|0|0|0|0|0|0|0|0|0|0|0|0|0|0|0|0|0|0|0|0|0,0
North Dakota,SUV,PHEV,2026,0|0|0|0|0|0|0|0|0|0|0|0|0|0|0|0|0|0|0|0|0|0|0|0|0|0|0|0|0|0|0,0
North Dakota,SUV,PHEV,2027,0|0|0|0|0|0|0|0|0|0|0|0|0|0|0|0|0|0|0|0|0|0|0|0|0|0|0|0|0|0|0,0
North Dakota,SUV,PHEV,2028,0|0|0|0|0|0|0|0|0|0|0|0|0|0|0|0|0|0|0|0|0|0|0|0|0|0|0|0|0|0|0,0
North Dakota,SUV,PHEV,2029,0|0|0|0|0|0|0|0|0|0|0|0|0|0|0|0|0|0|0|0|0|0|0|0|0|0|0|0|0|0|0,0
North Dakota,SUV,PHEV,2030,0|0|0|0|0|0|0|0|0|0|0|0|0|0|0|0|0|0|0|0|0|0|0|0|0|0|0|0|0|0|0,0
North Dakota,SUV,PHEV,2031,0|0|0|0|0|0|0|0|0|0|0|0|0|0|0|0|0|0|0|0|0|0|0|0|0|0|0|0|0|0|0,0
North Dakota,SUV,PHEV,2032,0|0|0|0|0|0|0|0|0|0|0|0|0|0|0|0|0|0|0|0|0|0|0|0|0|0|0|0|0|0|0,0
North Dakota,SUV,PHEV,2033,0|0|0|0|0|0|0|0|0|0|0|0|0|0|0|0|0|0|0|0|0|0|0|0|0|0|0|0|0|0|0,0
North Dakota,SUV,PHEV,2034,0|0|0|0|0|0|0|0|0|0|0|1|1|1|0|0|0|0|0|0|0|0|0|0|0|0|0|0|0|0|0,3
North Dakota,SUV,PHEV,2035,0|0|0|0|0|0|0|0|0|0|1|1|1|1|1|0|0|0|0|0|0|0|0|0|0|0|0|0|0|0|0,5
North Dakota,SUV,PHEV,2036,0|0|0|0|0|0|0|0|0|1|1|2|2|2|1|1|0|0|0|0|0|0|0|0|0|0|0|0|0|0|0,10
North Dakota,SUV,PHEV,2037,0|0|0|0|0|0|0|0|0|1|1|2|3|2|2|1|1|0|0|0|0|0|0|0|0|0|0|0|0|0|0,13
North Dakota,SUV,PHEV,2038,0|0|0|0|0|0|0|0|0|1|2|3|4|4|3|2|1|1|0|0|0|0|0|0|0|0|0|0|0|0|0,21
North Dakota,SUV,PHEV,2039,0|0|0|0|0|0|0|0|1|1|2|3|6|6|5|3|2|1|1|0|0|0|0|0|0|0|0|0|0|0|0,31
North Dakota,SUV,PHEV,2040,0|0|0|0|0|0|0|0|1|1|2|4|7|8|7|6|3|2|1|0|0|0|0|0|0|0|0|0|0|0|0,42
North Dakota,SUV,PHEV,2041,0|0|0|0|0|0|0|0|1|2|3|5|9|9|10|7|6|3|2|1|0|0|0|0|0|0|0|0|0|0|0,58
North Dakota,SUV,PHEV,2042,0|0|0|0|0|0|0|0|1|2|4|6|10|12|11|11|7|5|2|1|1|0|0|0|0|0|0|0|0|0|0,73
North Dakota,SUV,PHEV,2043,0|0|0|0|0|0|0|0|1|2|4|8|13|14|14|12|11|7|4|2|1|0|0|0|0|0|0|0|0|0|0,93
North Dakota,SUV,PHEV,2044,0|0|0|0|0|0|0|0|1|2|4|9|16|17|16|16|12|10|6|3|1|1|0|0|0|0|0|0|0|0|0,114
North Dakota,SUV,PHEV,2045,0|0|0|0|0|0|0|0|1|2|4|9|18|21|21|18|16|11|8|4|2|1|0|0|0|0|0|0|0|0|0,136
North Dakota,SUV,PHEV,2046,0|0|0|0|0|0|0|0|1|2|5|10|19|24|25|23|18|14|9|6|3|2|1|0|0|0|0|0|0|0|0,162
North Dakota,SUV,PHEV,2047,0|0|0|0|0|0|0|0|1|2|5|10|20|25|29|28|23|16|12|7|5|2|1|0|0|0|0|0|0|0|0,186
North Dakota,SUV,PHEV,2048,0|0|0|0|0|0|0|0|1|2|5|10|20|26|30|32|28|21|14|9|5|3|1|1|0|0|0|0|0|0|0,208
North Dakota,SUV,PHEV,2049,0|0|0|0|0|0|0|0|1|2|5|10|20|26|31|33|32|25|17|10|7|3|2|1|0|0|0|0|0|0|0,225
North Dakota,SUV,PHEV,2050,0|0|0|0|0|0|0|0|1|2|5|10|20|26|32|34|33|29|21|13|8|5|2|1|1|0|0|0|0|0|0,243
Ohio,Car,BEV,2020,0|0|0|0|0|0|0|0|0|0|0|0|0|0|0|0|0|0|0|0|0|0|0|0|0|0|0|0|0|0|0,0
Ohio,Car,BEV,2021,0|0|0|0|0|0|0|0|0|0|0|0|0|0|0|0|0|0|0|0|0|0|0|0|0|0|0|0|0|0|0,0
Ohio,Car,BEV,2022,0|0|0|0|0|0|0|0|0|0|0|0|0|0|0|0|0|0|0|0|0|0|0|0|0|0|0|0|0|0|0,0
Ohio,Car,BEV,2023,0|0|0|0|0|0|0|0|0|0|0|0|0|0|0|0|0|0|0|0|0|0|0|0|0|0|0|0|0|0|0,0
Ohio,Car,BEV,2024,0|0|0|0|0|0|0|0|0|0|1|0|0|0|0|0|0|0|0|0|0|0|0|0|0|0|0|0|0|0|0,1
Ohio,Car,BEV,2025,0|0|0|0|0|0|0|0|0|0|1|2|0|0|0|0|0|0|0|0|0|0|0|0|0|0|0|0|0|0|0,3
Ohio,Car,BEV,2026,0|0|0|0|0|0|0|0|1|0|1|2|4|0|0|0|0|0|0|0|0|0|0|0|0|0|0|0|0|0|0,8
Ohio,Car,BEV,2027,0|0|0|0|0|0|0|0|1|2|1|2|4|6|0|0|0|0|0|0|0|0|0|0|0|0|0|0|0|0|0,16
Ohio,Car,BEV,2028,0|0|0|0|0|0|0|0|1|2|4|2|4|6|7|0|0|0|0|0|0|0|0|0|0|0|0|0|0|0|0,26
Ohio,Car,BEV,2029,0|0|0|0|0|0|0|1|1|2|4|9|4|6|7|7|0|0|0|0|0|0|0|0|0|0|0|0|0|0|0,41
Ohio,Car,BEV,2030,0|0|0|0|0|0|0|1|1|2|3|10|19|6|7|8|7|0|0|0|0|0|0|0|0|0|0|0|0|0|0,64
Ohio,Car,BEV,2031,0|0|0|0|0|1|1|1|2|3|5|8|20|25|7|8|8|7|0|0|0|0|0|0|0|0|0|0|0|0|0,96
Ohio,Car,BEV,2032,0|0|0|0|0|1|1|3|1|4|7|11|16|26|30|7|8|7|6|0|0|0|0|0|0|0|0|0|0|0|0,128
Ohio,Car,BEV,2033,0|0|0|0|0|1|2|4|7|3|8|16|24|20|31|33|7|7|6|4|0|0|0|0|0|0|0|0|0|0|0,173
Ohio,Car,BEV,2034,0|0|0|0|0|1|2|5|9|16|7|18|33|31|25|35|33|7|6|4|3|0|0|0|0|0|0|0|0|0|0,235
Ohio,Car,BEV,2035,0|0|0|0|0|1|3|6|11|21|36|15|37|43|37|27|35|30|6|4|3|2|0|0|0|0|0|0|0|0|0,317
Ohio,Car,BEV,2036,0|0|0|0|1|1|3|7|14|27|47|79|32|48|52|41|27|31|25|4|3|2|1|0|0|0|0|0|0|0|0,445
Ohio,Car,BEV,2037,0|0|0|0|1|1|3|8|16|33|61|103|162|41|59|57|41|25|26|19|3|2|2|1|0|0|0|0|0|0|0,664
Ohio,Car,BEV,2038,0|0|0|0|1|2|4|8|18|38|75|134|212|211|50|65|57|37|20|20|14|2|1|1|1|0|0|0|0|0|0,971
Ohio,Car,BEV,2039,0|0|0|0|1|2|4|9|20|44|88|164|276|277|255|55|65|52|31|16|14|9|1|1|1|0|0|0|0|0|0,1385
Ohio,Car,BEV,2040,0|0|0|0|1|2|5|11|22|47|100|192|337|360|335|281|55|59|43|24|11|10|6|1|1|0|0|0|0|0|0,1903
Ohio,Car,BEV,2041,0|0|0|0|1|2|5|11|26|52|107|219|394|439|435|370|281|50|48|33|17|8|7|4|1|0|0|0|0|0|0,2510
Ohio,Car,BEV,2042,0|0|0|0|1|2|6|12|28|60|119|234|449|513|531|480|370|255|41|37|24|12|5|4|3|0|0|0|0|0|0,3186
Ohio,Car,BEV,2043,0|0|0|0|1|3|6|14|30|65|138|259|481|585|621|587|480|335|211|32|27|16|8|3|3|2|0|0|0|0|0,3907
Ohio,Car,BEV,2044,0|0|0|0|1|3|6|15|33|70|148|300|531|627|708|685|587|435|277|162|23|19|11|5|2|2|1|0|0|0|0,4651
Ohio,Car,BEV,2045,0|0|0|0|1|3|7|16|35|76|158|321|614|693|758|782|685|531|360|212|117|16|13|7|3|1|1|1|0|0|0,5411
Ohio,Car,BEV,2046,0|0|0|0|1|3|7|17|37|80|170|342|655|801|837|837|782|621|439|276|154|81|11|8|5|2|1|1|0|0|0,6168
Ohio,Car,BEV,2047,0|0|0|0|1|3|8|18|39|85|179|365|695|854|968|925|837|708|513|337|200|106|55|7|5|3|1|1|0|0|0,6913
Ohio,Car,BEV,2048,0|0|0|0|1|3|8|18|41|90|189|383|738|907|1033|1070|925|758|585|394|244|138|72|36|5|3|2|1|0|0|0,7644
Ohio,Car,BEV,2049,0|0|0|1|1|3|8|19|43|95|200|404|772|962|1096|1141|1070|837|627|449|285|169|93|47|23|3|2|1|1|0|1,8353
Ohio,Car,BEV,2050,0|0|0|1|1|4|9|20|45|98|210|426|812|1007|1164|1211|1141|968|693|481|325|197|114|61|31|15|2|1|1|0|0,9038
Ohio,Car,PHEV,2020,0|0|0|0|0|0|0|0|0|0|0|0|0|0|0|0|0|0|0|0|0|0|0|0|0|0|0|0|0|0|0,0
Ohio,Car,PHEV,2021,0|0|0|0|0|0|0|0|0|0|0|0|0|0|0|0|0|0|0|0|0|0|0|0|0|0|0|0|0|0|0,0
Ohio,Car,PHEV,2022,0|0|0|0|0|0|0|0|0|0|0|0|0|0|0|0|0|0|0|0|0|0|0|0|0|0|0|0|0|0|0,0
Ohio,Car,PHEV,2023,0|0|0|0|0|0|0|0|0|0|0|0|0|0|0|0|0|0|0|0|0|0|0|0|0|0|0|0|0|0|0,0
Ohio,Car,PHEV,2024,0|0|0|0|0|0|0|0|0|0|1|0|0|0|0|0|0|0|0|0|0|0|0|0|0|0|0|0|0|0|0,1
Ohio,Car,PHEV,2025,0|0|0|0|0|0|0|0|0|1|1|3|0|0|0|0|0|0|0|0|0|0|0|0|0|0|0|0|0|0|0,5
Ohio,Car,PHEV,2026,0|0|0|0|0|0|0|0|0|1|2|2|5|0|0|0|0|0|0|0|0|0|0|0|0|0|0|0|0|0|0,10
Ohio,Car,PHEV,2027,0|0|0|0|0|0|0|0|0|1|2|3|4|7|0|0|0|0|0|0|0|0|0|0|0|0|0|0|0|0|0,17
Ohio,Car,PHEV,2028,0|0|0|0|0|0|0|0|0|1|2|4|7|5|9|0|0|0|0|0|0|0|0|0|0|0|0|0|0|0|0,28
Ohio,Car,PHEV,2029,0|0|0|0|0|0|0|0|0|0|1|5|9|9|6|10|0|0|0|0|0|0|0|0|0|0|0|0|0|0|0,40
Ohio,Car,PHEV,2030,0|0|0|0|0|0|0|0|0|1|1|3|11|12|11|6|10|0|0|0|0|0|0|0|0|0|0|0|0|0|0,55
Ohio,Car,PHEV,2031,0|0|0|0|0|0|0|0|0|0|1|2|6|15|14|12|6|9|0|0|0|0|0|0|0|0|0|0|0|0|0,65
Ohio,Car,PHEV,2032,0|0|0|0|0|0|0|1|0|0|1|3|5|8|18|15|12|6|7|0|0|0|0|0|0|0|0|0|0|0|0,76
Ohio,Car,PHEV,2033,0|0|0|0|0|0|0|1|2|0|1|2|7|6|10|19|15|11|5|5|0|0|0|0|0|0|0|0|0|0|0,84
Ohio,Car,PHEV,2034,0|0|0|0|0|0|0|1|2|4|1|2|4|9|7|11|19|14|9|4|4|0|0|0|0|0|0|0|0|0|0,91
Ohio,Car,PHEV,2035,0|0|0|0|0|0|1|1|3|5|8|2|4|6|10|8|11|18|12|7|3|3|0|0|0|0|0|0|0|0|0,102
Ohio,Car,PHEV,2036,0|0|0|0|0|0|1|1|3|7|11|18|5|5|7|11|8|10|15|9|5|2|2|0|0|0|0|0|0|0|0,120
Ohio,Car,PHEV,2037,0|0|0|0|0|0|1|2|4|7|15|23|36|6|6|7|11|7|8|11|6|4|1|1|0|0|0|0|0|0|0,156
Ohio,Car,PHEV,2038,0|0|0|0|0|0|1|2|4|8|15|32|47|47|7|6|7|10|6|6|8|4|2|1|1|0|0|0|0|0|0,214
Ohio,Car,PHEV,2039,0|0|0|0|0|0|1|2|4|9|19|33|66|61|57|8|6|7|9|5|4|6|3|2|1|1|0|0|0|0|0,304
Ohio,Car,PHEV,2040,0|0|0|0|0|0|1|2|5|10|20|41|67|86|74|63|8|6|6|7|3|3|4|2|1|0|0|0|0|0|0,409
Ohio,Car,PHEV,2041,0|0|0|0|0|0|1|2|5|12|23|45|85|88|104|81|63|7|5|4|5|2|2|2|1|1|0|0|0|0|0,538
Ohio,Car,PHEV,2042,0|0|0|0|0|0|1|2|6|13|27|51|92|110|106|115|81|57|6|4|3|3|2|1|2|1|0|0|0|0|0,683
Ohio,Car,PHEV,2043,0|0|0|0|0|0|1|3|6|13|29|59|105|120|133|117|115|74|47|5|3|2|2|1|1|1|1|0|0|0|0,838
Ohio,Car,PHEV,2044,0|0|0|0|0|0|1|3|6|14|30|64|122|137|145|147|117|104|61|36|3|2|1|1|1|1|1|0|0|0|0,997
Ohio,Car,PHEV,2045,0|0|0|0|0|0|1|3|6|14|31|66|132|159|166|160|147|106|86|47|26|2|1|1|1|0|0|0|0|0|0,1155
Ohio,Car,PHEV,2046,0|0|0|0|0|1|1|3|6|14|32|67|135|172|192|183|160|133|88|66|34|18|2|1|1|1|0|0|0|0|0,1310
Ohio,Car,PHEV,2047,0|0|0|0|0|1|1|3|7|15|32|68|136|175|208|212|183|145|110|67|48|23|12|1|1|0|0|0|0|0|0,1448
Ohio,Car,PHEV,2048,0|0|0|0|0|1|1|3|7|15|32|68|137|177|212|229|212|166|120|85|49|33|16|8|1|0|0|0|0|0|0,1572
Ohio,Car,PHEV,2049,0|0|0|0|0|1|1|3|7|15|33|69|137|179|214|234|229|192|137|92|61|34|22|10|5|0|0|0|0|0|0,1675
Ohio,Car,PHEV,2050,0|0|0|0|0|0|1|3|7|15|34|69|138|178|217|236|234|208|159|105|67|42|23|15|7|3|0|0|0|0|0,1761
Ohio,SUV,BEV,2020,0|0|0|0|0|0|0|0|0|0|0|0|0|0|0|0|0|0|0|0|0|0|0|0|0|0|0|0|0|0|0,0
Ohio,SUV,BEV,2021,0|0|0|0|0|0|0|0|0|0|0|0|0|0|0|0|0|0|0|0|0|0|0|0|0|0|0|0|0|0|0,0
Ohio,SUV,BEV,2022,0|0|0|0|0|0|0|0|0|0|0|0|0|0|0|0|0|0|0|0|0|0|0|0|0|0|0|0|0|0|0,0
Ohio,SUV,BEV,2023,0|0|0|0|0|0|0|0|0|0|0|0|0|0|0|0|0|0|0|0|0|0|0|0|0|0|0|0|0|0|0,0
Ohio,SUV,BEV,2024,0|0|0|0|0|0|0|0|0|0|0|0|0|0|0|0|0|0|0|0|0|0|0|0|0|0|0|0|0|0|0,0
Ohio,SUV,BEV,2025,0|0|0|0|0|0|0|0|0|0|0|0|0|0|0|0|0|0|0|0|0|0|0|0|0|0|0|0|0|0|0,0
Ohio,SUV,BEV,2026,0|0|0|0|0|0|0|0|0|0|1|0|1|0|0|0|0|0|0|0|0|0|0|0|0|0|0|0|0|0|0,2
Ohio,SUV,BEV,2027,0|0|0|0|0|0|0|0|0|0|1|1|1|1|0|0|0|0|0|0|0|0|0|0|0|0|0|0|0|0|0,4
Ohio,SUV,BEV,2028,0|0|0|0|0|0|0|1|1|1|1|2|2|1|1|0|0|0|0|0|0|0|0|0|0|0|0|0|0|0|0,10
Ohio,SUV,BEV,2029,0|0|0|0|0|0|1|1|1|2|1|2|4|3|2|1|0|0|0|0|0|0|0|0|0|0|0|0|0|0|0,18
Ohio,SUV,BEV,2030,0|0|0|0|0|0|1|2|2|3|3|3|5|6|4|2|1|0|0|0|0|0|0|0|0|0|0|0|0|0|0,32
Ohio,SUV,BEV,2031,0|0|0|0|0|1|1|2|4|6|8|8|6|7|7|4|2|1|0|0|0|0|0|0|0|0|0|0|0|0|0,57
Ohio,SUV,BEV,2032,0|0|0|0|0|1|1|3|5|9|13|17|16|8|8|8|4|2|1|0|0|0|0|0|0|0|0|0|0|0|0,96
Ohio,SUV,BEV,2033,0|0|0|0|0|1|2|4|6|11|21|28|36|21|9|9|8|4|1|1|0|0|0|0|0|0|0|0|0|0|0,162
Ohio,SUV,BEV,2034,0|0|0|0|1|1|2|5|9|15|26|46|57|47|25|10|9|7|3|1|0|0|0|0|0|0|0|0|0|0|0,264
Ohio,SUV,BEV,2035,0|0|0|0|1|1|3|6|12|21|35|58|95|75|57|28|10|8|6|2|1|0|0|0|0|0|0|0|0|0|0,419
Ohio,SUV,BEV,2036,0|0|0|0|1|2|4|7|15|28|47|76|118|124|90|62|28|9|7|4|2|1|0|0|0|0|0|0|0|0|0,625
Ohio,SUV,BEV,2037,0|0|0|0|1|2|4|9|18|35|63|103|156|154|150|100|62|25|8|5|3|1|0|0|0|0|0|0|0|0|0,899
Ohio,SUV,BEV,2038,0|0|0|0|1|2|5|10|21|42|80|138|212|204|187|166|100|57|21|6|4|2|1|0|0|0|0|0|0|0|0,1259
Ohio,SUV,BEV,2039,0|0|0|0|1|2|6|11|24|50|97|175|285|276|247|206|166|90|47|16|4|3|1|1|0|0|0|0|0|0|0,1708
Ohio,SUV,BEV,2040,0|0|0|0|1|3|6|14|27|56|115|211|359|371|334|272|206|150|75|36|11|3|2|1|0|0|0|0|0|0|0,2253
Ohio,SUV,BEV,2041,0|0|0|0|1|3|7|15|33|64|127|250|433|468|449|369|272|187|124|57|26|8|2|1|1|0|0|0|0|0|0,2897
Ohio,SUV,BEV,2042,0|0|0|1|1|3|7|16|36|77|146|277|514|565|566|495|369|247|154|95|41|18|5|1|1|0|0|0|0|0|0,3635
Ohio,SUV,BEV,2043,0|0|0|1|1|3|8|18|39|85|175|318|568|670|683|625|495|334|204|118|69|29|12|4|1|0|0|0|0|0|0,4460
Ohio,SUV,BEV,2044,0|0|0|1|1|4|8|19|43|92|192|380|650|740|810|755|625|449|276|156|86|48|19|8|2|1|0|0|0|0|0,5365
Ohio,SUV,BEV,2045,0|0|0|1|2|4|9|20|46|99|208|417|776|848|895|895|755|566|371|212|113|59|32|13|5|1|0|0|0|0|0,6347
Ohio,SUV,BEV,2046,0|0|0|1|2|4|9|22|49|106|224|451|851|1012|1025|989|895|683|468|285|153|78|40|21|8|3|1|0|0|0|0,7380
Ohio,SUV,BEV,2047,0|0|0|1|2|4|10|23|51|112|238|483|918|1109|1224|1132|989|810|565|359|206|106|53|26|14|5|2|1|0|0|0,8443
Ohio,SUV,BEV,2048,0|0|0|1|2|4|10|23|54|118|252|512|981|1197|1341|1352|1132|895|670|433|260|143|72|35|17|9|3|1|0|0|0,9517
Ohio,SUV,BEV,2049,0|0|0|1|2|4|11|24|55|124|264|540|1038|1280|1448|1481|1352|1025|740|514|314|180|96|47|23|11|6|2|1|0|0,10583
Ohio,SUV,BEV,2050,0|0|0|1|2|5|11|26|57|126|275|565|1091|1354|1547|1599|1481|1224|848|568|372|217|121|63|31|15|7|4|1|1|0,11612
Ohio,SUV,PHEV,2020,0|0|0|0|0|0|0|0|0|0|0|0|0|0|0|0|0|0|0|0|0|0|0|0|0|0|0|0|0|0|0,0
Ohio,SUV,PHEV,2021,0|0|0|0|0|0|0|0|0|0|0|0|0|0|0|0|0|0|0|0|0|0|0|0|0|0|0|0|0|0|0,0
Ohio,SUV,PHEV,2022,0|0|0|0|0|0|0|0|0|0|0|0|0|0|0|0|0|0|0|0|0|0|0|0|0|0|0|0|0|0|0,0
Ohio,SUV,PHEV,2023,0|0|0|0|0|0|0|0|0|0|0|0|0|0|0|0|0|0|0|0|0|0|0|0|0|0|0|0|0|0|0,0
Ohio,SUV,PHEV,2024,0|0|0|0|0|0|0|0|0|0|0|0|0|0|0|0|0|0|0|0|0|0|0|0|0|0|0|0|0|0|0,0
Ohio,SUV,PHEV,2025,0|0|0|0|0|0|0|0|0|0|0|0|0|0|0|0|0|0|0|0|0|0|0|0|0|0|0|0|0|0|0,0
Ohio,SUV,PHEV,2026,0|0|0|0|0|0|0|0|0|0|1|1|1|0|0|0|0|0|0|0|0|0|0|0|0|0|0|0|0|0|0,3
Ohio,SUV,PHEV,2027,0|0|0|0|0|0|0|0|0|0|1|1|1|1|0|0|0|0|0|0|0|0|0|0|0|0|0|0|0|0|0,4
Ohio,SUV,PHEV,2028,0|0|0|0|0|0|0|0|0|0|1|1|3|2|2|0|0|0|0|0|0|0|0|0|0|0|0|0|0|0|0,9
Ohio,SUV,PHEV,2029,0|0|0|0|0|0|0|0|1|1|1|2|3|3|2|2|0|0|0|0|0|0|0|0|0|0|0|0|0|0|0,15
Ohio,SUV,PHEV,2030,0|0|0|0|0|0|0|1|1|2|1|1|3|4|4|2|2|0|0|0|0|0|0|0|0|0|0|0|0|0|0,21
Ohio,SUV,PHEV,2031,0|0|0|0|0|0|0|1|2|3|5|3|3|4|5|4|2|2|0|0|0|0|0|0|0|0|0|0|0|0|0,34
Ohio,SUV,PHEV,2032,0|0|0|0|0|0|0|1|2|4|6|10|5|3|5|5|4|2|1|0|0|0|0|0|0|0|0|0|0|0|0,48
Ohio,SUV,PHEV,2033,0|0|0|0|0|0|0|1|1|5|10|13|20|7|4|5|5|4|2|1|0|0|0|0|0|0|0|0|0|0|0,78
Ohio,SUV,PHEV,2034,0|0|0|0|0|0|1|1|2|3|11|21|26|27|8|4|5|5|3|1|1|0|0|0|0|0|0|0|0|0|0,119
Ohio,SUV,PHEV,2035,0|0|0|0|0|0|1|1|3|5|8|24|43|34|32|9|4|5|4|3|1|0|0|0|0|0|0|0|0|0|0,177
Ohio,SUV,PHEV,2036,0|0|0|0|0|0|1|2|3|7|10|17|50|56|42|36|9|4|4|3|2|1|0|0|0|0|0|0|0|0|0,247
Ohio,SUV,PHEV,2037,0|0|0|0|0|0|1|2|4|7|15|22|34|65|68|46|36|8|3|3|2|1|0|0|0|0|0|0|0|0|0,317
Ohio,SUV,PHEV,2038,0|0|0|0|0|1|1|2|4|9|16|33|46|44|78|75|46|32|7|3|2|1|1|0|0|0|0|0|0|0|0,401
Ohio,SUV,PHEV,2039,0|0|0|0|0|1|1|3|5|11|21|35|68|60|54|86|75|42|27|5|2|2|1|1|0|0|0|0|0|0|0,500
Ohio,SUV,PHEV,2040,0|0|0|0|0|1|1|3|7|13|24|46|72|88|73|59|86|68|34|20|4|1|1|1|0|0|0|0|0|0|0,602
Ohio,SUV,PHEV,2041,0|0|0|0|0|1|1|3|7|15|29|52|94|94|107|80|59|78|56|26|15|3|1|1|0|0|0|0|0|0|0,722
Ohio,SUV,PHEV,2042,0|0|0|0|0|1|1|3|8|17|35|62|107|122|113|118|80|54|65|43|19|10|2|1|0|0|0|0|0|0|0,861
Ohio,SUV,PHEV,2043,0|0|0|0|0|1|1|3|8|18|39|75|127|139|148|125|118|73|44|50|31|13|7|1|0|0|0|0|0|0|0,1021
Ohio,SUV,PHEV,2044,0|0|0|0|0|1|1|3|8|18|41|84|152|166|168|163|125|107|60|34|36|22|9|5|1|0|0|0|0|0|0,1204
Ohio,SUV,PHEV,2045,0|0|0|0|0|1|1|4|8|18|41|88|170|199|200|186|163|113|88|46|25|25|15|6|3|0|0|0|0|0|0,1400
Ohio,SUV,PHEV,2046,0|0|0|0|0|1|2|4|8|19|41|89|178|222|240|221|186|148|94|68|33|17|17|10|4|2|0|0|0|0|0,1604
Ohio,SUV,PHEV,2047,0|0|0|0|0|1|2|4|8|19|42|89|180|232|269|265|221|168|122|72|49|23|12|11|6|2|1|0|0|0|0,1798
Ohio,SUV,PHEV,2048,0|0|0|0|0|1|2|4|9|19|43|91|181|235|281|297|265|200|139|94|52|34|16|8|7|4|2|1|0|0|0,1985
Ohio,SUV,PHEV,2049,0|0|0|0|0|1|2|4|9|20|43|91|183|236|284|310|297|240|166|107|68|36|23|10|5|5|3|1|0|0|0,2144
Ohio,SUV,PHEV,2050,0|0|0|0|0|1|2|4|9|20|44|91|184|239|286|314|310|269|199|127|77|47|24|15|7|3|3|2|1|0|0,2278
Oklahoma,Car,BEV,2020,0|0|0|0|0|0|0|0|0|0|0|0|0|0|0|0|0|0|0|0|0|0|0|0|0|0|0|0|0|0|0,0
Oklahoma,Car,BEV,2021,0|0|0|0|0|0|0|0|0|0|0|0|0|0|0|0|0|0|0|0|0|0|0|0|0|0|0|0|0|0|0,0
Oklahoma,Car,BEV,2022,0|0|0|0|0|0|0|0|0|0|0|0|0|0|0|0|0|0|0|0|0|0|0|0|0|0|0|0|0|0|0,0
Oklahoma,Car,BEV,2023,0|0|0|0|0|0|0|0|0|0|0|0|0|0|0|0|0|0|0|0|0|0|0|0|0|0|0|0|0|0|0,0
Oklahoma,Car,BEV,2024,0|0|0|0|0|0|0|0|0|0|0|0|0|0|0|0|0|0|0|0|0|0|0|0|0|0|0|0|0|0|0,0
Oklahoma,Car,BEV,2025,0|0|0|0|0|0|0|0|0|0|0|0|0|0|0|0|0|0|0|0|0|0|0|0|0|0|0|0|0|0|0,0
Oklahoma,Car,BEV,2026,0|0|0|0|0|0|0|0|0|0|0|0|1|0|0|0|0|0|0|0|0|0|0|0|0|0|0|0|0|0|0,1
Oklahoma,Car,BEV,2027,0|0|0|0|0|0|0|0|0|1|0|0|1|1|0|0|0|0|0|0|0|0|0|0|0|0|0|0|0|0|0,3
Oklahoma,Car,BEV,2028,0|0|0|0|0|0|0|0|0|1|2|1|1|1|2|0|0|0|0|0|0|0|0|0|0|0|0|0|0|0|0,8
Oklahoma,Car,BEV,2029,0|0|0|0|0|0|0|0|0|0|1|5|1|1|2|2|0|0|0|0|0|0|0|0|0|0|0|0|0|0|0,12
Oklahoma,Car,BEV,2030,0|0|0|0|0|0|0|0|1|1|1|3|11|2|2|2|2|0|0|0|0|0|0|0|0|0|0|0|0|0|0,25
Oklahoma,Car,BEV,2031,0|0|0|0|0|0|0|0|1|2|2|2|6|14|2|2|2|2|0|0|0|0|0|0|0|0|0|0|0|0|0,35
Oklahoma,Car,BEV,2032,0|0|0|0|0|0|0|1|1|2|3|4|4|8|17|2|2|2|1|0|0|0|0|0|0|0|0|0|0|0|0,47
Oklahoma,Car,BEV,2033,0|0|0|0|0|0|1|1|2|1|4|8|8|5|10|19|2|2|1|1|0|0|0|0|0|0|0|0|0|0|0,65
Oklahoma,Car,BEV,2034,0|0|0|0|0|0|1|1|2|4|3|8|16|10|6|11|19|2|1|1|1|0|0|0|0|0|0|0|0|0|0,86
Oklahoma,Car,BEV,2035,0|0|0|0|0|0|1|2|3|6|10|7|17|20|12|6|11|17|2|1|1|0|0|0|0|0|0|0|0|0|0,116
Oklahoma,Car,BEV,2036,0|0|0|0|0|0|1|2|4|8|13|21|14|22|25|14|6|10|14|1|1|0|0|0|0|0|0|0|0|0|0,156
Oklahoma,Car,BEV,2037,0|0|0|0|0|1|1|2|5|10|18|29|44|18|26|27|14|6|8|11|1|0|0|0|0|0|0|0|0|0|0,221
Oklahoma,Car,BEV,2038,0|0|0|0|0|1|1|3|6|12|22|38|59|57|22|29|27|12|5|6|8|1|0|0|0|0|0|0|0|0|0,309
Oklahoma,Car,BEV,2039,0|0|0|0|0|1|2|3|7|14|28|49|79|77|69|24|29|25|10|4|5|5|0|0|0|0|0|0|0|0|0,431
Oklahoma,Car,BEV,2040,0|0|0|0|0|1|2|4|8|16|33|60|100|103|93|76|24|26|20|8|3|3|4|0|0|0|0|0|0|0|0,584
Oklahoma,Car,BEV,2041,0|0|0|0|0|1|2|4|10|19|37|71|123|131|124|102|76|22|22|16|6|2|2|2|0|0|0|0|0|0|0,772
Oklahoma,Car,BEV,2042,0|0|0|0|0|1|2|5|11|23|43|81|146|161|158|137|102|69|18|17|11|4|1|1|2|0|0|0|0|0|0,993
Oklahoma,Car,BEV,2043,0|0|0|0|0|1|2|5|12|25|51|94|166|191|194|175|137|93|57|14|12|8|3|1|1|1|0|0|0|0|0,1243
Oklahoma,Car,BEV,2044,0|0|0|0|0|1|2|6|13|27|56|112|192|217|231|214|175|124|77|44|10|8|5|2|1|1|1|0|0|0|0,1519
Oklahoma,Car,BEV,2045,0|0|0|0|0|1|3|6|13|29|61|123|229|250|262|255|214|158|103|59|32|7|6|3|1|0|0|0|0|0|0,1815
Oklahoma,Car,BEV,2046,0|0|0|0|0|1|3|6|14|31|66|133|251|299|302|289|255|194|131|79|43|22|5|4|2|1|0|0|0|0|0,2131
Oklahoma,Car,BEV,2047,0|0|0|0|0|1|3|7|15|33|70|143|272|328|361|334|289|231|161|100|57|30|15|3|2|1|0|0|0|0|0,2456
Oklahoma,Car,BEV,2048,0|0|0|0|1|1|3|7|16|34|73|150|291|355|396|399|334|262|191|123|73|40|20|10|2|2|1|0|0|0|0,2784
Oklahoma,Car,BEV,2049,0|0|0|0|1|1|3|7|16|36|76|158|305|379|429|438|399|302|217|146|89|50|27|13|6|1|1|1|0|0|0,3101
Oklahoma,Car,BEV,2050,0|0|0|0|1|1|3|7|17|37|80|164|319|398|459|474|438|361|250|166|106|62|34|18|9|4|1|1|0|0|0,3410
Oklahoma,Car,PHEV,2020,0|0|0|0|0|0|0|0|0|0|0|0|0|0|0|0|0|0|0|0|0|0|0|0|0|0|0|0|0|0|0,0
Oklahoma,Car,PHEV,2021,0|0|0|0|0|0|0|0|0|0|0|0|0|0|0|0|0|0|0|0|0|0|0|0|0|0|0|0|0|0|0,0
Oklahoma,Car,PHEV,2022,0|0|0|0|0|0|0|0|0|0|0|0|0|0|0|0|0|0|0|0|0|0|0|0|0|0|0|0|0|0|0,0
Oklahoma,Car,PHEV,2023,0|0|0|0|0|0|0|0|0|0|0|0|0|0|0|0|0|0|0|0|0|0|0|0|0|0|0|0|0|0|0,0
Oklahoma,Car,PHEV,2024,0|0|0|0|0|0|0|0|0|0|0|0|0|0|0|0|0|0|0|0|0|0|0|0|0|0|0|0|0|0|0,0
Oklahoma,Car,PHEV,2025,0|0|0|0|0|0|0|0|0|0|0|0|0|0|0|0|0|0|0|0|0|0|0|0|0|0|0|0|0|0|0,0
Oklahoma,Car,PHEV,2026,0|0|0|0|0|0|0|0|0|0|0|0|1|0|0|0|0|0|0|0|0|0|0|0|0|0|0|0|0|0|0,1
Oklahoma,Car,PHEV,2027,0|0|0|0|0|0|0|0|0|0|0|0|0|1|0|0|0|0|0|0|0|0|0|0|0|0|0|0|0|0|0,1
Oklahoma,Car,PHEV,2028,0|0|0|0|0|0|0|0|0|0|0|1|1|1|1|0|0|0|0|0|0|0|0|0|0|0|0|0|0|0|0,4
Oklahoma,Car,PHEV,2029,0|0|0|0|0|0|0|0|0|0|0|1|1|1|1|1|0|0|0|0|0|0|0|0|0|0|0|0|0|0|0,5
Oklahoma,Car,PHEV,2030,0|0|0|0|0|0|0|0|0|0|0|0|2|2|2|1|1|0|0|0|0|0|0|0|0|0|0|0|0|0|0,8
Oklahoma,Car,PHEV,2031,0|0|0|0|0|0|0|0|0|0|1|0|1|2|2|2|1|1|0|0|0|0|0|0|0|0|0|0|0|0|0,10
Oklahoma,Car,PHEV,2032,0|0|0|0|0|0|0|0|0|0|1|2|1|1|3|2|2|1|1|0|0|0|0|0|0|0|0|0|0|0|0,14
Oklahoma,Car,PHEV,2033,0|0|0|0|0|0|0|0|0|1|1|1|4|1|2|3|2|2|1|1|0|0|0|0|0|0|0|0|0|0|0,19
Oklahoma,Car,PHEV,2034,0|0|0|0|0|0|0|0|1|1|1|2|3|5|1|2|3|2|1|0|1|0|0|0|0|0|0|0|0|0|0,23
Oklahoma,Car,PHEV,2035,0|0|0|0|0|0|0|0|1|1|2|3|4|3|6|1|2|3|2|1|0|0|0|0|0|0|0|0|0|0|0,29
Oklahoma,Car,PHEV,2036,0|0|0|0|0|0|0|0|1|2|3|5|5|6|4|6|1|2|2|1|1|0|0|0|0|0|0|0|0|0|0,39
Oklahoma,Car,PHEV,2037,0|0|0|0|0|0|0|1|1|2|4|6|9|7|7|5|6|1|1|2|1|1|0|0|0|0|0|0|0|0|0,54
Oklahoma,Car,PHEV,2038,0|0|0|0|0|0|0|1|1|3|4|9|13|12|9|7|5|6|1|1|1|1|0|0|0|0|0|0|0|0|0,74
Oklahoma,Car,PHEV,2039,0|0|0|0|0|0|0|1|2|3|6|10|19|17|15|9|7|4|5|1|1|1|0|0|0|0|0|0|0|0|0,101
Oklahoma,Car,PHEV,2040,0|0|0|0|0|0|0|1|2|4|7|13|20|24|20|16|9|7|3|4|1|0|1|0|0|0|0|0|0|0|0,132
Oklahoma,Car,PHEV,2041,0|0|0|0|0|0|0|1|2|4|8|15|26|26|29|22|16|9|6|3|3|0|0|0|0|0|0|0|0|0|0,170
Oklahoma,Car,PHEV,2042,0|0|0|0|0|0|0|1|2|5|10|18|30|34|31|32|22|15|7|4|2|2|0|0|0|0|0|0|0|0|0,215
Oklahoma,Car,PHEV,2043,0|0|0|0|0|0|0|1|2|5|11|21|37|39|41|35|32|20|12|5|3|1|1|0|0|0|0|0|0|0|0,266
Oklahoma,Car,PHEV,2044,0|0|0|0|0|0|0|1|2|5|12|24|44|48|47|45|35|29|17|9|4|2|1|1|0|0|0|0|0|0|0,326
Oklahoma,Car,PHEV,2045,0|0|0|0|0|0|0|1|2|5|12|25|49|57|58|52|45|31|24|13|7|3|1|1|1|0|0|0|0|0|0,387
Oklahoma,Car,PHEV,2046,0|0|0|0|0|0|0|1|2|6|12|26|52|64|69|64|52|41|26|19|9|5|2|1|0|0|0|0|0|0|0,451
Oklahoma,Car,PHEV,2047,0|0|0|0|0|0|0|1|2|6|12|27|53|68|78|77|64|47|34|20|13|6|3|1|1|0|0|0|0|0|0,513
Oklahoma,Car,PHEV,2048,0|0|0|0|0|0|0|1|3|6|12|27|54|69|82|86|77|58|39|26|14|9|4|2|1|0|0|0|0|0|0,570
Oklahoma,Car,PHEV,2049,0|0|0|0|0|0|0|1|3|6|12|27|54|70|84|90|86|69|48|30|19|10|6|3|1|1|0|0|0|0|0,620
Oklahoma,Car,PHEV,2050,0|0|0|0|0|0|0|1|3|6|13|27|54|70|85|92|90|78|57|37|22|13|7|4|2|1|0|0|0|0|0,662
Oklahoma,SUV,BEV,2020,0|0|0|0|0|0|0|0|0|0|0|0|0|0|0|0|0|0|0|0|0|0|0|0|0|0|0|0|0|0|0,0
Oklahoma,SUV,BEV,2021,0|0|0|0|0|0|0|0|0|0|0|0|0|0|0|0|0|0|0|0|0|0|0|0|0|0|0|0|0|0|0,0
Oklahoma,SUV,BEV,2022,0|0|0|0|0|0|0|0|0|0|0|0|0|0|0|0|0|0|0|0|0|0|0|0|0|0|0|0|0|0|0,0
Oklahoma,SUV,BEV,2023,0|0|0|0|0|0|0|0|0|0|0|0|0|0|0|0|0|0|0|0|0|0|0|0|0|0|0|0|0|0|0,0
Oklahoma,SUV,BEV,2024,0|0|0|0|0|0|0|0|0|0|0|0|0|0|0|0|0|0|0|0|0|0|0|0|0|0|0|0|0|0|0,0
Oklahoma,SUV,BEV,2025,0|0|0|0|0|0|0|0|0|0|0|0|0|0|0|0|0|0|0|0|0|0|0|0|0|0|0|0|0|0|0,0
Oklahoma,SUV,BEV,2026,0|0|0|0|0|0|0|0|0|0|0|0|0|0|0|0|0|0|0|0|0|0|0|0|0|0|0|0|0|0|0,0
Oklahoma,SUV,BEV,2027,0|0|0|0|0|0|0|0|0|0|0|0|0|0|0|0|0|0|0|0|0|0|0|0|0|0|0|0|0|0|0,0
Oklahoma,SUV,BEV,2028,0|0|0|0|0|0|0|0|0|0|1|1|0|0|0|0|0|0|0|0|0|0|0|0|0|0|0|0|0|0|0,2
Oklahoma,SUV,BEV,2029,0|0|0|0|0|0|0|0|0|0|0|1|1|0|0|0|0|0|0|0|0|0|0|0|0|0|0|0|0|0|0,2
Oklahoma,SUV,BEV,2030,0|0|0|0|0|0|0|1|1|1|1|1|3|2|1|0|0|0|0|0|0|0|0|0|0|0|0|0|0|0|0,11
Oklahoma,SUV,BEV,2031,0|0|0|0|0|0|0|1|2|3|3|2|2|3|2|1|0|0|0|0|0|0|0|0|0|0|0|0|0|0|0,19
Oklahoma,SUV,BEV,2032,0|0|0|0|0|0|1|1|2|4|6|6|4|2|4|2|1|0|0|0|0|0|0|0|0|0|0|0|0|0|0,33
Oklahoma,SUV,BEV,2033,0|0|0|0|0|0|1|1|2|5|10|13|12|5|3|5|2|1|0|0|0|0|0|0|0|0|0|0|0|0|0,60
Oklahoma,SUV,BEV,2034,0|0|0|0|0|0|1|2|3|6|12|21|27|15|6|3|5|2|0|0|0|0|0|0|0|0|0|0|0|0|0,103
Oklahoma,SUV,BEV,2035,0|0|0|0|0|1|1|2|4|8|13|26|43|36|19|6|3|4|2|0|0|0|0|0|0|0|0|0|0|0|0,168
Oklahoma,SUV,BEV,2036,0|0|0|0|0|1|1|3|6|11|18|29|54|56|43|20|6|3|3|1|0|0|0|0|0|0|0|0|0|0|0,255
Oklahoma,SUV,BEV,2037,0|0|0|0|0|1|2|3|7|14|24|39|60|70|68|48|20|6|2|3|1|0|0|0|0|0|0|0|0|0|0,368
Oklahoma,SUV,BEV,2038,0|0|0|0|0|1|2|4|8|17|31|53|81|79|85|75|48|19|5|2|2|1|0|0|0|0|0|0|0|0|0,513
Oklahoma,SUV,BEV,2039,0|0|0|0|0|1|2|5|10|20|38|68|109|106|95|93|75|43|15|4|1|1|0|0|0|0|0|0|0|0|0,686
Oklahoma,SUV,BEV,2040,0|0|0|0|0|1|3|6|11|23|46|83|139|142|128|105|93|68|36|12|3|1|1|0|0|0|0|0|0|0|0,901
Oklahoma,SUV,BEV,2041,0|0|0|0|1|1|3|7|14|27|52|100|171|182|172|141|105|85|56|27|9|2|1|1|0|0|0|0|0|0|0,1157
Oklahoma,SUV,BEV,2042,0|0|0|0|1|1|3|7|16|33|61|114|206|223|220|190|141|95|70|43|20|6|1|0|0|0|0|0|0|0|0,1451
Oklahoma,SUV,BEV,2043,0|0|0|0|1|2|4|8|17|37|75|133|234|268|270|243|190|128|79|54|31|14|4|1|0|0|0|0|0|0|0,1793
Oklahoma,SUV,BEV,2044,0|0|0|0|1|2|4|9|19|41|84|162|272|305|324|298|243|172|106|60|39|22|9|3|1|0|0|0|0|0|0,2176
Oklahoma,SUV,BEV,2045,0|0|0|0|1|2|4|9|21|45|92|181|331|355|368|358|298|220|142|81|44|27|15|6|2|0|0|0|0|0|0,2602
Oklahoma,SUV,BEV,2046,0|0|0|0|1|2|4|10|22|49|101|200|370|432|429|407|358|270|182|109|59|30|18|10|4|1|0|0|0|0|0,3068
Oklahoma,SUV,BEV,2047,0|0|0|0|1|2|4|11|24|52|109|219|409|483|522|474|407|324|223|139|79|41|20|12|6|3|1|0|0|0|0,3565
Oklahoma,SUV,BEV,2048,0|0|0|0|1|2|5|11|25|55|117|236|446|533|583|577|474|368|268|171|101|55|27|13|8|4|2|0|0|0|0,4082
Oklahoma,SUV,BEV,2049,0|0|0|0|1|2|5|11|26|58|123|251|480|581|644|644|577|429|305|206|124|70|37|18|9|5|3|1|0|0|0,4610
Oklahoma,SUV,BEV,2050,0|0|0|0|1|2|5|12|27|59|129|265|509|625|703|712|644|522|355|234|149|86|47|24|12|6|3|2|1|0|0,5134
Oklahoma,SUV,PHEV,2020,0|0|0|0|0|0|0|0|0|0|0|0|0|0|0|0|0|0|0|0|0|0|0|0|0|0|0|0|0|0|0,0
Oklahoma,SUV,PHEV,2021,0|0|0|0|0|0|0|0|0|0|0|0|0|0|0|0|0|0|0|0|0|0|0|0|0|0|0|0|0|0|0,0
Oklahoma,SUV,PHEV,2022,0|0|0|0|0|0|0|0|0|0|0|0|0|0|0|0|0|0|0|0|0|0|0|0|0|0|0|0|0|0|0,0
Oklahoma,SUV,PHEV,2023,0|0|0|0|0|0|0|0|0|0|0|0|0|0|0|0|0|0|0|0|0|0|0|0|0|0|0|0|0|0|0,0
Oklahoma,SUV,PHEV,2024,0|0|0|0|0|0|0|0|0|0|0|0|0|0|0|0|0|0|0|0|0|0|0|0|0|0|0|0|0|0|0,0
Oklahoma,SUV,PHEV,2025,0|0|0|0|0|0|0|0|0|0|0|0|0|0|0|0|0|0|0|0|0|0|0|0|0|0|0|0|0|0|0,0
Oklahoma,SUV,PHEV,2026,0|0|0|0|0|0|0|0|0|0|0|0|0|0|0|0|0|0|0|0|0|0|0|0|0|0|0|0|0|0|0,0
Oklahoma,SUV,PHEV,2027,0|0|0|0|0|0|0|0|0|0|0|0|0|0|0|0|0|0|0|0|0|0|0|0|0|0|0|0|0|0|0,0
Oklahoma,SUV,PHEV,2028,0|0|0|0|0|0|0|0|0|0|0|0|0|0|0|0|0|0|0|0|0|0|0|0|0|0|0|0|0|0|0,0
Oklahoma,SUV,PHEV,2029,0|0|0|0|0|0|0|0|0|0|0|0|0|0|0|0|0|0|0|0|0|0|0|0|0|0|0|0|0|0|0,0
Oklahoma,SUV,PHEV,2030,0|0|0|0|0|0|0|1|1|1|0|0|0|0|0|0|0|0|0|0|0|0|0|0|0|0|0|0|0|0|0,3
Oklahoma,SUV,PHEV,2031,0|0|0|0|0|0|0|1|2|2|2|0|0|1|1|1|0|0|0|0|0|0|0|0|0|0|0|0|0|0|0,10
Oklahoma,SUV,PHEV,2032,0|0|0|0|0|0|0|0|3|6|4|5|1|0|1|1|1|0|0|0|0|0|0|0|0|0|0|0|0|0|0,22
Oklahoma,SUV,PHEV,2033,0|0|0|0|0|0|0|0|1|7|13|8|10|1|1|1|1|0|0|0|0|0|0|0|0|0|0|0|0|0|0,43
Oklahoma,SUV,PHEV,2034,0|0|0|0|0|0|0|0|1|1|15|29|17|14|1|1|1|1|0|0|0|0|0|0|0|0|0|0|0|0|0,81
Oklahoma,SUV,PHEV,2035,0|0|0|0|0|0|0|0|1|2|3|33|59|22|16|2|1|1|0|0|0|0|0|0|0|0|0|0|0|0|0,140
Oklahoma,SUV,PHEV,2036,0|0|0|0|0|0|0|1|1|3|4|6|68|77|26|18|2|1|1|0|0|0|0|0|0|0|0|0|0|0|0,208
Oklahoma,SUV,PHEV,2037,0|0|0|0|0|0|0|1|2|3|6|9|13|88|93|29|18|1|0|0|0|0|0|0|0|0|0|0|0|0|0,263
Oklahoma,SUV,PHEV,2038,0|0|0|0|0|0|1|1|2|4|6|13|18|17|107|103|29|16|1|0|0|0|0|0|0|0|0|0|0|0|0,318
Oklahoma,SUV,PHEV,2039,0|0|0|0|0|0|1|1|2|4|8|14|26|23|20|118|103|26|14|1|0|0|0|0|0|0|0|0|0|0|0,361
Oklahoma,SUV,PHEV,2040,0|0|0|0|0|0|1|2|3|6|10|18|28|34|28|23|118|93|22|10|1|0|0|0|0|0|0|0|0|0|0,397
Oklahoma,SUV,PHEV,2041,0|0|0|0|0|0|1|2|4|7|13|21|37|37|41|31|23|107|77|17|7|0|0|0|0|0|0|0|0|0|0,425
Oklahoma,SUV,PHEV,2042,0|0|0|0|0|0|1|2|4|8|16|27|44|49|44|45|31|20|88|59|12|5|0|0|0|0|0|0|0|0|0,455
Oklahoma,SUV,PHEV,2043,0|0|0|0|0|0|1|1|4|9|18|33|54|57|59|49|45|28|17|68|43|8|3|0|0|0|0|0|0|0|0,497
Oklahoma,SUV,PHEV,2044,0|0|0|0|0|0|1|2|3|9|20|38|67|71|69|65|49|41|23|13|49|30|6|2|0|0|0|0|0|0|0,558
Oklahoma,SUV,PHEV,2045,0|0|0|0|0|0|1|2|4|8|19|42|77|87|85|76|65|44|34|18|9|34|20|4|2|0|0|0|0|0|0,631
Oklahoma,SUV,PHEV,2046,0|0|0|0|0|0|1|2|4|8|18|41|83|100|105|94|76|59|37|26|13|7|23|13|2|1|0|0|0|0|0,713
Oklahoma,SUV,PHEV,2047,0|0|0|0|0|0|1|2|4|9|19|39|82|108|121|116|94|69|49|28|19|9|4|15|9|2|1|0|0|0|0,800
Oklahoma,SUV,PHEV,2048,0|0|0|0|0|0|1|2|4|9|20|41|80|107|131|134|116|85|57|37|20|13|6|3|10|6|1|0|0|0|0,883
Oklahoma,SUV,PHEV,2049,0|0|0|0|0|0|1|2|4|9|20|42|84|104|130|144|134|105|71|44|27|14|9|4|2|6|4|1|0|0|0,961
Oklahoma,SUV,PHEV,2050,0|0|0|0|0|0|1|2|4|9|20|42|85|109|126|143|144|121|87|54|32|19|9|6|3|1|4|2|0|0|0,1023
Oregon,Car,BEV,2020,0|0|0|0|0|0|0|0|0|0|0|0|0|0|0|0|0|0|0|0|0|0|0|0|0|0|0|0|0|0|0,0
Oregon,Car,BEV,2021,0|0|0|0|0|0|0|0|0|0|0|0|0|0|0|0|0|0|0|0|0|0|0|0|0|0|0|0|0|0|0,0
Oregon,Car,BEV,2022,0|0|0|0|0|0|0|0|0|0|0|0|0|0|0|0|0|0|0|0|0|0|0|0|0|0|0|0|0|0|0,0
Oregon,Car,BEV,2023,0|0|0|0|0|0|0|0|0|1|0|0|0|0|0|0|0|0|0|0|0|0|0|0|0|0|0|0|0|0|0,1
Oregon,Car,BEV,2024,0|0|0|0|0|0|0|0|1|1|3|0|0|0|0|0|0|0|0|0|0|0|0|0|0|0|0|0|0|0|0,5
Oregon,Car,BEV,2025,0|0|0|0|0|0|0|1|0|1|3|6|0|0|0|0|0|0|0|0|0|0|0|0|0|0|0|0|0|0|0,11
Oregon,Car,BEV,2026,0|0|0|0|0|0|0|1|2|1|3|6|13|0|0|0|0|0|0|0|0|0|0|0|0|0|0|0|0|0|0,26
Oregon,Car,BEV,2027,0|0|0|0|0|0|0|0|2|4|3|6|13|16|0|0|0|0|0|0|0|0|0|0|0|0|0|0|0|0|0,44
Oregon,Car,BEV,2028,0|0|0|0|0|0|0|1|1|4|9|6|13|17|20|0|0|0|0|0|0|0|0|0|0|0|0|0|0|0|0,71
Oregon,Car,BEV,2029,0|0|0|0|0|0|0|1|1|2|8|20|12|17|21|22|0|0|0|0|0|0|0|0|0|0|0|0|0|0|0,104
Oregon,Car,BEV,2030,0|0|0|0|0|0|0|1|2|3|5|18|41|16|21|23|22|0|0|0|0|0|0|0|0|0|0|0|0|0|0,152
Oregon,Car,BEV,2031,0|0|0|0|0|1|1|1|2|4|8|12|37|53|19|23|23|20|0|0|0|0|0|0|0|0|0|0|0|0|0,204
Oregon,Car,BEV,2032,0|0|0|0|0|1|1|2|2|5|10|17|25|48|64|21|23|21|16|0|0|0|0|0|0|0|0|0|0|0|0,256
Oregon,Car,BEV,2033,0|0|0|0|0|1|2|3|5|4|11|22|34|32|58|71|21|21|17|13|0|0|0|0|0|0|0|0|0|0|0,315
Oregon,Car,BEV,2034,0|0|0|0|0|1|2|4|8|13|9|24|46|44|39|64|71|19|17|13|9|0|0|0|0|0|0|0|0|0|0,383
Oregon,Car,BEV,2035,0|0|0|0|0|1|2|5|9|19|29|21|48|59|53|43|64|64|16|13|10|6|0|0|0|0|0|0|0|0|0,462
Oregon,Car,BEV,2036,0|0|0|0|0|1|2|5|11|22|43|63|42|63|72|59|43|58|53|12|10|7|4|0|0|0|0|0|0|0|0,570
Oregon,Car,BEV,2037,0|0|0|0|0|1|2|6|12|26|50|94|128|54|76|79|59|39|48|41|9|7|4|3|0|0|0|0|0|0|0,738
Oregon,Car,BEV,2038,0|0|0|0|0|1|3|6|14|29|59|108|192|167|66|84|79|53|32|37|29|6|4|3|2|0|0|0|0|0|0,974
Oregon,Car,BEV,2039,0|0|0|0|1|1|3|7|15|33|66|128|222|251|202|73|84|72|44|25|26|20|4|3|2|1|0|0|0|0|0,1283
Oregon,Car,BEV,2040,0|0|0|0|1|1|3|7|16|35|74|143|262|289|303|224|73|76|59|34|18|18|14|3|2|1|1|0|0|0|0,1657
Oregon,Car,BEV,2041,0|0|0|0|1|2|3|8|17|37|79|161|293|342|350|335|224|66|63|46|25|12|12|9|2|1|1|0|0|0|0,2089
Oregon,Car,BEV,2042,0|0|0|0|1|2|4|8|18|40|84|173|331|382|414|386|335|202|54|48|33|17|8|8|6|1|1|1|0|0|0,2557
Oregon,Car,BEV,2043,0|0|0|0|1|2|4|9|20|43|90|183|353|431|462|457|386|303|167|42|35|23|11|5|5|4|1|1|0|0|0,3038
Oregon,Car,BEV,2044,0|0|0|0|1|2|4|10|22|47|97|196|375|461|521|510|457|350|251|128|30|24|15|8|4|3|2|0|0|0|0,3518
Oregon,Car,BEV,2045,0|0|0|0|1|2|4|10|22|50|106|211|399|489|557|576|510|414|289|192|93|21|16|10|5|2|2|2|0|0|0,3983
Oregon,Car,BEV,2046,0|0|0|0|1|2|5|11|23|52|111|228|429|521|591|615|576|462|342|222|139|64|14|11|7|3|1|1|1|0|0,4432
Oregon,Car,BEV,2047,0|0|0|0|1|2|5|11|25|54|114|237|463|560|630|653|615|521|382|262|161|96|43|9|7|4|2|1|1|1|0,4860
Oregon,Car,BEV,2048,0|0|0|0|1|2|5|11|26|56|119|244|477|604|677|696|653|557|431|293|190|111|65|29|6|5|3|1|1|1|1,5265
Oregon,Car,BEV,2049,0|0|0|0|1|2|5|12|27|59|125|252|489|622|730|747|696|591|461|331|212|132|75|43|19|4|3|2|1|0|1,5642
Oregon,Car,BEV,2050,0|0|0|0|1|2|5|12|28|61|131|264|506|638|752|807|747|630|489|353|239|147|89|49|28|12|3|2|1|1|1,5998
Oregon,Car,PHEV,2020,0|0|0|0|0|0|0|0|0|0|0|0|0|0|0|0|0|0|0|0|0|0|0|0|0|0|0|0|0|0|0,0
Oregon,Car,PHEV,2021,0|0|0|0|0|0|0|0|0|0|0|0|0|0|0|0|0|0|0|0|0|0|0|0|0|0|0|0|0|0|0,0
Oregon,Car,PHEV,2022,0|0|0|0|0|0|0|0|0|0|0|0|0|0|0|0|0|0|0|0|0|0|0|0|0|0|0|0|0|0|0,0
Oregon,Car,PHEV,2023,0|0|0|0|0|0|0|0|0|0|0|0|0|0|0|0|0|0|0|0|0|0|0|0|0|0|0|0|0|0|0,0
Oregon,Car,PHEV,2024,0|0|0|0|0|0|0|0|0|0|1|0|0|0|0|0|0|0|0|0|0|0|0|0|0|0|0|0|0|0|0,1
Oregon,Car,PHEV,2025,0|0|0|0|0|0|0|0|0|1|1|3|0|0|0|0|0|0|0|0|0|0|0|0|0|0|0|0|0|0|0,5
Oregon,Car,PHEV,2026,0|0|0|0|0|0|0|0|1|1|1|2|5|0|0|0|0|0|0|0|0|0|0|0|0|0|0|0|0|0|0,10
Oregon,Car,PHEV,2027,0|0|0|0|0|0|0|0|0|1|2|3|4|7|0|0|0|0|0|0|0|0|0|0|0|0|0|0|0|0|0,17
Oregon,Car,PHEV,2028,0|0|0|0|0|0|0|0|0|1|3|5|7|5|9|0|0|0|0|0|0|0|0|0|0|0|0|0|0|0|0,30
Oregon,Car,PHEV,2029,0|0|0|0|0|0|0|0|0|1|2|6|9|9|6|9|0|0|0|0|0|0|0|0|0|0|0|0|0|0|0,42
Oregon,Car,PHEV,2030,0|0|0|0|0|0|0|0|0|1|1|3|13|12|11|6|9|0|0|0|0|0|0|0|0|0|0|0|0|0|0,56
Oregon,Car,PHEV,2031,0|0|0|0|0|0|0|0|0|1|2|3|7|17|15|12|6|9|0|0|0|0|0|0|0|0|0|0|0|0|0,72
Oregon,Car,PHEV,2032,0|0|0|0|0|0|0|0|0|0|1|4|6|9|21|16|12|6|7|0|0|0|0|0|0|0|0|0|0|0|0,82
Oregon,Car,PHEV,2033,0|0|0|0|0|0|0|1|1|1|1|3|9|8|11|23|16|11|5|5|0|0|0|0|0|0|0|0|0|0|0,95
Oregon,Car,PHEV,2034,0|0|0|0|0|0|0|1|2|2|1|2|6|11|10|12|23|15|9|4|4|0|0|0|0|0|0|0|0|0|0,102
Oregon,Car,PHEV,2035,0|0|0|0|0|0|0|1|2|3|5|3|4|8|14|11|12|21|12|7|3|3|0|0|0|0|0|0|0|0|0,109
Oregon,Car,PHEV,2036,0|0|0|0|0|0|0|1|2|5|8|12|6|6|9|15|11|11|17|9|5|2|2|0|0|0|0|0|0|0|0,121
Oregon,Car,PHEV,2037,0|0|0|0|0|0|0|1|2|5|11|17|23|7|7|10|15|10|9|13|7|3|1|1|0|0|0|0|0|0|0,142
Oregon,Car,PHEV,2038,0|0|0|0|0|0|1|1|2|5|10|23|35|31|9|7|10|14|8|7|10|5|2|1|1|0|0|0|0|0|0,182
Oregon,Car,PHEV,2039,0|0|0|0|0|0|1|1|3|6|12|23|47|45|37|10|7|9|11|6|5|7|3|2|1|1|0|0|0|0|0,237
Oregon,Car,PHEV,2040,0|0|0|0|0|0|1|1|3|7|13|27|46|61|55|41|10|7|8|9|4|4|4|2|1|0|0|0|0|0|0,304
Oregon,Car,PHEV,2041,0|0|0|0|0|0|1|1|3|7|15|29|54|60|73|61|41|9|6|6|6|3|2|3|1|1|0|0|0|0|0,382
Oregon,Car,PHEV,2042,0|0|0|0|0|0|1|2|4|8|17|33|59|71|72|81|61|37|7|4|4|4|2|2|2|1|0|0|0|0|0,472
Oregon,Car,PHEV,2043,0|0|0|0|0|0|1|2|4|8|18|37|68|77|85|80|81|55|31|6|3|3|3|1|1|1|1|0|0|0|0,566
Oregon,Car,PHEV,2044,0|0|0|0|0|0|1|2|4|9|19|40|76|89|93|94|80|73|45|23|4|2|2|2|1|1|1|0|0|0|0,661
Oregon,Car,PHEV,2045,0|0|0|0|0|0|1|2|4|9|20|41|82|100|108|102|94|72|61|35|17|3|1|1|1|1|0|1|0|0|0,756
Oregon,Car,PHEV,2046,0|0|0|0|0|0|1|2|4|9|20|43|84|106|121|119|102|85|60|47|25|12|2|1|1|1|0|0|0|0|0,845
Oregon,Car,PHEV,2047,0|0|0|0|0|0|1|2|4|9|20|42|86|110|129|133|119|93|71|46|34|17|8|1|1|1|1|0|0|0|0,928
Oregon,Car,PHEV,2048,0|0|0|0|0|0|1|2|4|9|20|42|85|113|133|142|133|108|77|54|33|23|12|5|1|0|0|0|0|0|0,997
Oregon,Car,PHEV,2049,0|0|0|0|0|0|1|2|4|9|20|41|84|111|136|146|142|121|89|59|39|23|16|8|3|1|0|0|0|0|0,1055
Oregon,Car,PHEV,2050,0|0|0|0|0|0|1|2|4|9|20|42|83|109|134|151|146|129|100|68|43|27|15|10|5|2|0|0|0|0|0,1100
Oregon,SUV,BEV,2020,0|0|0|0|0|0|0|0|0|0|0|0|0|0|0|0|0|0|0|0|0|0|0|0|0|0|0|0|0|0|0,0
Oregon,SUV,BEV,2021,0|0|0|0|0|0|0|0|0|0|0|0|0|0|0|0|0|0|0|0|0|0|0|0|0|0|0|0|0|0|0,0
Oregon,SUV,BEV,2022,0|0|0|0|0|0|0|0|0|0|0|0|0|0|0|0|0|0|0|0|0|0|0|0|0|0|0|0|0|0|0,0
Oregon,SUV,BEV,2023,0|0|0|0|0|0|0|0|0|0|0|0|0|0|0|0|0|0|0|0|0|0|0|0|0|0|0|0|0|0|0,0
Oregon,SUV,BEV,2024,0|0|0|0|0|0|0|0|0|0|0|0|0|0|0|0|0|0|0|0|0|0|0|0|0|0|0|0|0|0|0,0
Oregon,SUV,BEV,2025,0|0|0|0|0|0|0|0|1|1|1|1|0|0|0|0|0|0|0|0|0|0|0|0|0|0|0|0|0|0|0,4
Oregon,SUV,BEV,2026,0|0|0|0|0|0|0|0|0|1|1|2|2|0|0|0|0|0|0|0|0|0|0|0|0|0|0|0|0|0|0,6
Oregon,SUV,BEV,2027,0|0|0|0|0|0|0|0|0|1|3|3|3|3|0|0|0|0|0|0|0|0|0|0|0|0|0|0|0|0|0,13
Oregon,SUV,BEV,2028,0|0|0|0|0|0|1|1|1|1|2|6|7|4|3|0|0|0|0|0|0|0|0|0|0|0|0|0|0|0|0,26
Oregon,SUV,BEV,2029,0|0|0|0|0|0|1|1|2|2|2|5|12|9|5|3|0|0|0|0|0|0|0|0|0|0|0|0|0|0|0,42
Oregon,SUV,BEV,2030,0|0|0|0|0|0|1|2|3|5|6|5|11|16|11|6|3|0|0|0|0|0|0|0|0|0|0|0|0|0|0,69
Oregon,SUV,BEV,2031,0|0|0|0|0|1|1|3|5|8|11|12|11|14|20|12|6|3|0|0|0|0|0|0|0|0|0|0|0|0|0,107
Oregon,SUV,BEV,2032,0|0|0|0|0|1|2|3|6|12|18|25|25|14|17|22|12|5|3|0|0|0|0|0|0|0|0|0|0|0|0,165
Oregon,SUV,BEV,2033,0|0|0|0|0|1|2|5|7|15|27|39|51|32|17|19|22|11|4|2|0|0|0|0|0|0|0|0|0|0|0,254
Oregon,SUV,BEV,2034,0|0|0|0|0|1|2|5|11|17|34|59|79|67|39|19|19|20|9|3|1|0|0|0|0|0|0|0|0|0|0,385
Oregon,SUV,BEV,2035,0|0|0|0|1|1|3|6|13|26|39|74|122|103|81|43|19|17|16|7|2|1|0|0|0|0|0|0|0|0|0,574
Oregon,SUV,BEV,2036,0|0|0|0|1|1|3|7|15|30|59|85|152|159|125|90|43|17|14|12|5|2|1|0|0|0|0|0|0|0|0,821
Oregon,SUV,BEV,2037,0|0|0|0|1|2|3|8|17|36|69|130|175|198|192|138|90|39|14|11|9|3|1|0|0|0|0|0|0|0|0,1136
Oregon,SUV,BEV,2038,0|0|0|0|1|2|4|9|19|40|81|150|266|228|239|212|138|81|32|11|8|6|2|1|0|0|0|0|0|0|0,1530
Oregon,SUV,BEV,2039,0|0|0|0|1|2|4|9|21|45|91|177|308|347|276|264|212|125|67|25|8|6|4|1|0|0|0|0|0|0|0,1993
Oregon,SUV,BEV,2040,0|0|0|0|1|2|5|10|23|49|103|198|364|402|420|305|264|192|103|51|18|5|4|3|1|0|0|0|0|0|0,2523
Oregon,SUV,BEV,2041,0|0|0|0|1|2|5|11|25|53|112|225|406|475|486|464|305|239|159|79|37|12|4|2|2|1|0|0|0|0|0,3105
Oregon,SUV,BEV,2042,0|0|0|0|1|2|5|13|27|57|120|243|462|530|574|537|464|276|198|122|57|26|8|2|2|1|0|0|0|0|0,3727
Oregon,SUV,BEV,2043,0|0|0|0|1|3|6|13|30|63|130|259|496|602|640|634|537|420|228|152|88|40|17|6|2|1|1|0|0|0|0,4369
Oregon,SUV,BEV,2044,0|0|0|0|1|3|6|14|32|69|142|280|529|647|728|707|634|486|347|175|110|61|27|11|4|1|1|0|0|0|0,5015
Oregon,SUV,BEV,2045,0|0|0|0|1|3|7|15|34|73|156|306|569|689|782|804|707|574|402|266|127|76|41|18|7|2|1|0|0|0|0,5660
Oregon,SUV,BEV,2046,0|0|0|0|1|3|7|16|36|78|164|336|621|742|833|864|804|640|475|308|193|88|51|27|11|5|1|0|0|0|0,6304
Oregon,SUV,BEV,2047,0|0|0|0|1|3|7|17|38|81|173|351|680|809|897|920|864|728|530|364|223|134|59|34|18|7|3|1|0|0|0,6942
Oregon,SUV,BEV,2048,0|0|0|0|1|3|7|17|39|86|181|369|709|886|979|991|920|782|602|406|264|155|90|39|22|11|5|2|1|0|0,7567
Oregon,SUV,BEV,2049,0|0|0|0|1|3|8|18|41|90|191|386|742|924|1071|1081|991|833|647|462|294|183|104|59|25|14|7|3|1|0|0,8179
Oregon,SUV,BEV,2050,0|0|0|0|1|3|8|19|42|93|200|406|776|968|1117|1184|1081|897|689|496|334|204|123|69|39|16|9|5|2|1|0,8782
Oregon,SUV,PHEV,2020,0|0|0|0|0|0|0|0|0|0|0|0|0|0|0|0|0|0|0|0|0|0|0|0|0|0|0|0|0|0|0,0
Oregon,SUV,PHEV,2021,0|0|0|0|0|0|0|0|0|0|0|0|0|0|0|0|0|0|0|0|0|0|0|0|0|0|0|0|0|0|0,0
Oregon,SUV,PHEV,2022,0|0|0|0|0|0|0|0|0|0|0|0|0|0|0|0|0|0|0|0|0|0|0|0|0|0|0|0|0|0|0,0
Oregon,SUV,PHEV,2023,0|0|0|0|0|0|0|0|0|0|0|0|0|0|0|0|0|0|0|0|0|0|0|0|0|0|0|0|0|0|0,0
Oregon,SUV,PHEV,2024,0|0|0|0|0|0|0|0|0|0|0|0|0|0|0|0|0|0|0|0|0|0|0|0|0|0|0|0|0|0|0,0
Oregon,SUV,PHEV,2025,0|0|0|0|0|0|0|0|0|0|0|0|0|0|0|0|0|0|0|0|0|0|0|0|0|0|0|0|0|0|0,0
Oregon,SUV,PHEV,2026,0|0|0|0|0|0|0|0|0|0|1|1|1|0|0|0|0|0|0|0|0|0|0|0|0|0|0|0|0|0|0,3
Oregon,SUV,PHEV,2027,0|0|0|0|0|0|0|0|0|0|1|1|1|1|0|0|0|0|0|0|0|0|0|0|0|0|0|0|0|0|0,4
Oregon,SUV,PHEV,2028,0|0|0|0|0|0|0|0|0|0|1|2|3|2|2|0|0|0|0|0|0|0|0|0|0|0|0|0|0|0|0,10
Oregon,SUV,PHEV,2029,0|0|0|0|0|0|0|1|1|1|1|2|3|3|2|2|0|0|0|0|0|0|0|0|0|0|0|0|0|0|0,16
Oregon,SUV,PHEV,2030,0|0|0|0|0|0|0|1|1|3|1|1|4|4|4|2|2|0|0|0|0|0|0|0|0|0|0|0|0|0|0,23
Oregon,SUV,PHEV,2031,0|0|0|0|0|0|0|1|2|3|6|3|3|5|5|4|2|2|0|0|0|0|0|0|0|0|0|0|0|0|0,36
Oregon,SUV,PHEV,2032,0|0|0|0|0|0|0|1|2|5|7|13|6|4|6|6|4|2|1|0|0|0|0|0|0|0|0|0|0|0|0,57
Oregon,SUV,PHEV,2033,0|0|0|0|0|0|0|1|1|6|12|16|26|8|5|7|6|4|2|1|0|0|0|0|0|0|0|0|0|0|0,95
Oregon,SUV,PHEV,2034,0|0|0|0|0|0|0|1|2|3|13|25|33|34|10|5|7|5|3|1|1|0|0|0|0|0|0|0|0|0|0,143
Oregon,SUV,PHEV,2035,0|0|0|0|0|0|1|1|3|5|7|29|52|44|41|11|5|6|4|3|1|0|0|0|0|0|0|0|0|0|0,213
Oregon,SUV,PHEV,2036,0|0|0|0|0|0|1|1|3|6|11|15|60|68|53|46|11|5|5|3|2|1|0|0|0|0|0|0|0|0|0,291
Oregon,SUV,PHEV,2037,0|0|0|0|0|0|1|2|3|6|14|23|31|78|82|58|46|10|4|4|2|1|0|0|0|0|0|0|0|0|0,365
Oregon,SUV,PHEV,2038,0|0|0|0|0|0|1|2|4|8|14|31|48|40|94|91|58|41|8|3|3|2|1|0|0|0|0|0|0|0|0,449
Oregon,SUV,PHEV,2039,0|0|0|0|0|0|1|2|4|8|17|31|64|62|49|104|91|53|34|6|2|2|1|1|0|0|0|0|0|0|0,532
Oregon,SUV,PHEV,2040,0|0|0|0|0|0|1|2|5|10|19|37|63|83|75|54|104|82|44|26|5|2|1|1|0|0|0|0|0|0|0,614
Oregon,SUV,PHEV,2041,0|0|0|0|0|0|1|2|5|12|23|42|76|83|100|83|54|94|68|33|19|3|1|1|0|0|0|0|0|0|0,700
Oregon,SUV,PHEV,2042,0|0|0|0|0|0|1|2|6|13|26|49|85|100|100|111|83|49|78|52|24|13|2|1|1|0|0|0|0|0|0,796
Oregon,SUV,PHEV,2043,0|0|0|0|0|0|1|2|6|13|28|56|99|110|120|110|111|75|40|60|38|17|9|1|0|0|0|0|0|0|0,896
Oregon,SUV,PHEV,2044,0|0|0|0|0|0|1|2|5|13|29|60|112|129|134|133|110|100|62|31|43|26|11|6|1|0|0|0|0|0|0,1008
Oregon,SUV,PHEV,2045,0|0|0|0|0|0|1|2|6|13|30|62|121|146|156|147|133|100|83|48|22|30|18|7|4|1|0|0|0|0|0,1130
Oregon,SUV,PHEV,2046,0|0|0|0|0|0|1|2|6|13|29|63|125|158|177|173|147|120|83|64|35|15|20|12|5|2|0|0|0|0|0,1250
Oregon,SUV,PHEV,2047,0|0|0|0|0|0|1|3|6|13|29|62|128|163|191|196|173|134|100|63|46|24|10|13|8|3|2|0|0|0|0,1368
Oregon,SUV,PHEV,2048,0|0|0|0|0|0|1|3|6|13|29|63|125|167|197|211|196|156|110|76|46|32|16|7|9|5|2|1|0|0|0,1471
Oregon,SUV,PHEV,2049,0|0|0|0|0|0|1|3|6|14|30|63|126|163|202|218|211|177|129|85|55|32|22|11|4|6|3|1|1|0|0,1563
Oregon,SUV,PHEV,2050,0|0|0|0|0|0|1|3|6|14|30|63|126|165|197|223|218|191|146|99|61|38|21|14|7|3|4|2|1|0|0,1633
Pennsylvania,Car,BEV,2020,0|0|0|0|0|0|0|0|0|0|0|0|0|0|0|0|0|0|0|0|0|0|0|0|0|0|0|0|0|0|0,0
Pennsylvania,Car,BEV,2021,0|0|0|0|0|0|0|0|0|0|0|0|0|0|0|0|0|0|0|0|0|0|0|0|0|0|0|0|0|0|0,0
Pennsylvania,Car,BEV,2022,0|0|0|0|0|0|0|0|0|0|0|0|0|0|0|0|0|0|0|0|0|0|0|0|0|0|0|0|0|0|0,0
Pennsylvania,Car,BEV,2023,0|0|0|0|0|0|0|0|0|0|0|0|0|0|0|0|0|0|0|0|0|0|0|0|0|0|0|0|0|0|0,0
Pennsylvania,Car,BEV,2024,0|0|0|0|0|0|0|0|0|1|1|0|0|0|0|0|0|0|0|0|0|0|0|0|0|0|0|0|0|0|0,2
Pennsylvania,Car,BEV,2025,0|0|0|0|0|0|0|0|0|1|1|3|0|0|0|0|0|0|0|0|0|0|0|0|0|0|0|0|0|0|0,5
Pennsylvania,Car,BEV,2026,0|0|0|0|0|0|0|0|1|1|1|3|5|0|0|0|0|0|0|0|0|0|0|0|0|0|0|0|0|0|0,11
Pennsylvania,Car,BEV,2027,0|0|0|0|0|0|0|0|1|2|1|3|6|7|0|0|0|0|0|0|0|0|0|0|0|0|0|0|0|0|0,20
Pennsylvania,Car,BEV,2028,0|0|0|0|0|0|0|1|1|2|5|3|6|7|9|0|0|0|0|0|0|0|0|0|0|0|0|0|0|0|0,34
Pennsylvania,Car,BEV,2029,0|0|0|0|0|0|0|1|1|2|5|11|5|7|9|10|0|0|0|0|0|0|0|0|0|0|0|0|0|0|0,51
Pennsylvania,Car,BEV,2030,0|0|0|0|0|1|0|1|2|3|4|11|23|7|9|10|10|0|0|0|0|0|0|0|0|0|0|0|0|0|0,81
Pennsylvania,Car,BEV,2031,0|0|0|0|0|1|1|1|2|4|7|9|23|31|9|10|10|9|0|0|0|0|0|0|0|0|0|0|0|0|0,117
Pennsylvania,Car,BEV,2032,0|0|0|0|0|1|2|3|2|5|10|15|19|30|37|9|10|9|7|0|0|0|0|0|0|0|0|0|0|0|0,159
Pennsylvania,Car,BEV,2033,0|0|0|0|0|1|2|4|8|4|12|22|30|25|37|41|9|9|7|5|0|0|0|0|0|0|0|0|0|0|0,216
Pennsylvania,Car,BEV,2034,0|0|0|0|0|1|2|5|10|18|10|25|45|39|30|40|41|9|7|6|4|0|0|0|0|0|0|0|0|0|0,292
Pennsylvania,Car,BEV,2035,0|0|0|0|1|1|3|6|11|24|42|21|52|59|47|33|40|37|7|6|4|3|0|0|0|0|0|0|0|0|0,397
Pennsylvania,Car,BEV,2036,0|0|0|0|1|1|3|7|14|26|55|91|44|67|71|52|33|37|31|5|4|3|2|0|0|0|0|0|0|0|0,547
Pennsylvania,Car,BEV,2037,0|0|0|0|1|2|3|8|17|33|60|120|188|57|82|79|52|30|30|23|4|3|2|1|0|0|0|0|0|0|0,795
Pennsylvania,Car,BEV,2038,0|0|0|0|1|2|4|9|19|40|75|130|247|245|69|90|79|47|25|23|17|3|2|1|1|0|0|0|0|0|0,1129
Pennsylvania,Car,BEV,2039,0|0|0|0|1|2|5|10|21|46|90|164|267|321|296|76|90|71|39|19|17|12|2|1|1|1|0|0|0|0|0,1552
Pennsylvania,Car,BEV,2040,0|0|0|0|1|2|5|11|24|50|105|197|337|348|389|327|76|82|59|30|14|12|8|1|1|1|0|0|0|0|0,2080
Pennsylvania,Car,BEV,2041,0|0|0|0|1|2|5|12|28|56|114|228|404|439|421|429|327|69|67|45|22|10|8|5|1|1|0|0|0|0|0,2694
Pennsylvania,Car,BEV,2042,0|0|0|0|1|3|6|13|30|65|128|248|469|526|531|465|429|296|57|52|33|15|6|5|3|1|0|0|0|0|0,3382
Pennsylvania,Car,BEV,2043,0|0|0|0|1|3|6|15|32|71|149|278|509|611|636|586|465|389|245|44|37|23|10|4|3|2|0|0|0|0|0,4119
Pennsylvania,Car,BEV,2044,0|0|0|0|1|3|7|16|35|76|160|324|569|664|739|703|586|421|321|188|32|26|15|7|3|2|1|0|0|0|0,4899
Pennsylvania,Car,BEV,2045,0|0|0|0|1|3|7|16|37|82|171|348|662|742|803|816|703|531|348|247|136|22|17|10|4|2|1|1|0|0|0,5710
Pennsylvania,Car,BEV,2046,0|0|0|0|1|3|8|17|39|85|183|370|710|863|897|887|816|636|439|267|178|94|15|12|7|3|1|1|1|0|0,6533
Pennsylvania,Car,BEV,2047,0|0|0|1|1|3|8|18|41|89|191|393|752|925|1044|991|887|739|526|337|193|124|63|10|7|4|2|1|1|0|0,7351
Pennsylvania,Car,BEV,2048,0|0|0|1|1|3|8|19|43|94|199|409|795|980|1119|1153|991|803|611|404|244|134|83|42|6|5|3|1|0|0|0,8151
Pennsylvania,Car,BEV,2049,0|0|0|1|1|4|9|20|44|99|210|426|825|1036|1185|1236|1153|897|664|469|292|169|90|55|27|4|3|2|1|0|1,8923
Pennsylvania,Car,BEV,2050,0|0|0|1|1|4|9|21|46|102|219|447|859|1076|1253|1309|1236|1044|742|509|339|202|114|60|36|18|3|2|1|0|1,9654
Pennsylvania,Car,PHEV,2020,0|0|0|0|0|0|0|0|0|0|0|0|0|0|0|0|0|0|0|0|0|0|0|0|0|0|0|0|0|0|0,0
Pennsylvania,Car,PHEV,2021,0|0|0|0|0|0|0|0|0|0|0|0|0|0|0|0|0|0|0|0|0|0|0|0|0|0|0|0|0|0|0,0
Pennsylvania,Car,PHEV,2022,0|0|0|0|0|0|0|0|0|0|0|0|0|0|0|0|0|0|0|0|0|0|0|0|0|0|0|0|0|0|0,0
Pennsylvania,Car,PHEV,2023,0|0|0|0|0|0|0|0|0|1|0|0|0|0|0|0|0|0|0|0|0|0|0|0|0|0|0|0|0|0|0,1
Pennsylvania,Car,PHEV,2024,0|0|0|0|0|0|0|0|0|0|1|0|0|0|0|0|0|0|0|0|0|0|0|0|0|0|0|0|0|0|0,1
Pennsylvania,Car,PHEV,2025,0|0|0|0|0|0|0|0|0|1|1|3|0|0|0|0|0|0|0|0|0|0|0|0|0|0|0|0|0|0|0,5
Pennsylvania,Car,PHEV,2026,0|0|0|0|0|0|0|0|1|1|2|2|6|0|0|0|0|0|0|0|0|0|0|0|0|0|0|0|0|0|0,12
Pennsylvania,Car,PHEV,2027,0|0|0|0|0|0|0|0|0|1|3|4|4|8|0|0|0|0|0|0|0|0|0|0|0|0|0|0|0|0|0,20
Pennsylvania,Car,PHEV,2028,0|0|0|0|0|0|0|0|0|1|3|6|9|6|10|0|0|0|0|0|0|0|0|0|0|0|0|0|0|0|0,35
Pennsylvania,Car,PHEV,2029,0|0|0|0|0|0|0|0|0|1|2|7|12|11|7|11|0|0|0|0|0|0|0|0|0|0|0|0|0|0|0,51
Pennsylvania,Car,PHEV,2030,0|0|0|0|0|0|0|0|0|1|1|4|15|15|14|7|11|0|0|0|0|0|0|0|0|0|0|0|0|0|0,68
Pennsylvania,Car,PHEV,2031,0|0|0|0|0|0|0|0|0|1|2|3|8|19|18|15|7|10|0|0|0|0|0|0|0|0|0|0|0|0|0,83
Pennsylvania,Car,PHEV,2032,0|0|0|0|0|0|0|1|0|1|1|4|6|10|23|20|15|7|8|0|0|0|0|0|0|0|0|0|0|0|0,96
Pennsylvania,Car,PHEV,2033,0|0|0|0|0|0|0|1|2|1|1|3|9|8|12|26|20|14|6|6|0|0|0|0|0|0|0|0|0|0|0,109
Pennsylvania,Car,PHEV,2034,0|0|0|0|0|0|0|1|2|4|2|3|6|12|10|14|26|18|11|4|5|0|0|0|0|0|0|0|0|0|0,118
Pennsylvania,Car,PHEV,2035,0|0|0|0|0|0|1|1|3|5|9|4|6|8|14|11|14|23|15|9|3|3|0|0|0|0|0|0|0|0|0,129
Pennsylvania,Car,PHEV,2036,0|0|0|0|0|0|1|2|3|6|12|20|7|8|10|16|11|12|19|12|6|2|2|0|0|0|0|0|0|0|0,149
Pennsylvania,Car,PHEV,2037,0|0|0|0|0|0|1|2|4|7|14|26|41|10|9|11|16|10|10|15|8|4|1|1|0|0|0|0|0|0|0,190
Pennsylvania,Car,PHEV,2038,0|0|0|0|0|0|1|2|4|8|15|31|53|54|12|10|11|14|8|8|11|6|3|1|1|0|0|0|0|0|0,253
Pennsylvania,Car,PHEV,2039,0|0|0|0|0|0|1|2|5|9|19|33|64|70|65|13|10|10|12|6|6|7|4|2|1|1|0|0|0|0|0,340
Pennsylvania,Car,PHEV,2040,0|0|0|0|0|0|1|2|5|11|21|42|67|83|84|72|13|9|8|9|5|4|5|3|1|0|0|0|0|0|0,445
Pennsylvania,Car,PHEV,2041,0|0|0|0|0|0|1|2|6|13|24|46|86|87|100|93|72|12|8|6|6|3|3|3|2|1|0|0|0|0|0,574
Pennsylvania,Car,PHEV,2042,0|0|0|0|0|0|1|3|6|14|29|54|95|112|105|111|93|65|10|6|5|4|2|2|2|1|1|0|0|0|0,721
Pennsylvania,Car,PHEV,2043,0|0|0|0|0|0|1|3|6|14|31|63|110|124|135|116|111|84|54|7|4|3|3|1|1|1|1|0|0|0|0,873
Pennsylvania,Car,PHEV,2044,0|0|0|0|0|0|1|3|7|15|32|68|128|143|149|149|116|100|70|41|5|3|2|2|1|1|1|0|0|0|0,1037
Pennsylvania,Car,PHEV,2045,0|0|0|0|0|1|1|3|7|15|33|70|140|167|173|165|149|105|83|53|30|4|2|1|1|1|0|1|0|0|0,1205
Pennsylvania,Car,PHEV,2046,0|0|0|0|0|1|1|3|7|15|34|71|143|182|202|191|165|135|87|64|39|21|2|1|1|1|0|0|0|0|0,1366
Pennsylvania,Car,PHEV,2047,0|0|0|0|0|1|1|3|7|15|34|72|144|186|221|224|191|149|112|67|46|27|14|2|1|1|1|0|0|0|0,1519
Pennsylvania,Car,PHEV,2048,0|0|0|0|0|1|1|3|7|15|34|72|146|188|225|244|224|173|124|86|48|32|18|9|1|1|0|0|0|0|0,1652
Pennsylvania,Car,PHEV,2049,0|0|0|0|0|1|1|3|7|16|34|72|144|190|228|249|244|202|143|95|62|33|21|12|6|1|0|0|0|0|0,1764
Pennsylvania,Car,PHEV,2050,0|0|0|0|0|1|1|3|7|16|35|72|144|188|230|251|249|221|167|110|69|43|23|14|8|4|0|0|0|0|0,1856
Pennsylvania,SUV,BEV,2020,0|0|0|0|0|0|0|0|0|0|0|0|0|0|0|0|0|0|0|0|0|0|0|0|0|0|0|0|0|0|0,0
Pennsylvania,SUV,BEV,2021,0|0|0|0|0|0|0|0|0|0|0|0|0|0|0|0|0|0|0|0|0|0|0|0|0|0|0|0|0|0|0,0
Pennsylvania,SUV,BEV,2022,0|0|0|0|0|0|0|0|0|0|0|0|0|0|0|0|0|0|0|0|0|0|0|0|0|0|0|0|0|0|0,0
Pennsylvania,SUV,BEV,2023,0|0|0|0|0|0|0|0|0|0|0|0|0|0|0|0|0|0|0|0|0|0|0|0|0|0|0|0|0|0|0,0
Pennsylvania,SUV,BEV,2024,0|0|0|0|0|0|0|0|0|0|0|0|0|0|0|0|0|0|0|0|0|0|0|0|0|0|0|0|0|0|0,0
Pennsylvania,SUV,BEV,2025,0|0|0|0|0|0|0|0|0|0|0|0|0|0|0|0|0|0|0|0|0|0|0|0|0|0|0|0|0|0|0,0
Pennsylvania,SUV,BEV,2026,0|0|0|0|0|0|0|0|0|1|1|1|1|0|0|0|0|0|0|0|0|0|0|0|0|0|0|0|0|0|0,4
Pennsylvania,SUV,BEV,2027,0|0|0|0|0|0|0|0|0|1|1|1|1|1|0|0|0|0|0|0|0|0|0|0|0|0|0|0|0|0|0,5
Pennsylvania,SUV,BEV,2028,0|0|0|0|0|0|1|1|1|1|1|3|3|2|1|0|0|0|0|0|0|0|0|0|0|0|0|0|0|0|0,14
Pennsylvania,SUV,BEV,2029,0|0|0|0|0|0|1|1|2|2|1|3|6|3|2|1|0|0|0|0|0|0|0|0|0|0|0|0|0|0|0,22
Pennsylvania,SUV,BEV,2030,0|0|0|0|0|1|1|2|3|4|4|3|6|7|4|2|1|0|0|0|0|0|0|0|0|0|0|0|0|0|0,38
Pennsylvania,SUV,BEV,2031,0|0|0|0|0|1|2|3|5|8|10|9|7|8|9|5|2|1|0|0|0|0|0|0|0|0|0|0|0|0|0,70
Pennsylvania,SUV,BEV,2032,0|0|0|0|0|1|2|4|7|13|18|22|19|9|10|10|5|2|1|0|0|0|0|0|0|0|0|0|0|0|0,123
Pennsylvania,SUV,BEV,2033,0|0|0|0|0|1|2|5|10|16|29|39|45|25|10|11|10|4|2|1|0|0|0|0|0|0|0|0|0|0|0,210
Pennsylvania,SUV,BEV,2034,0|0|0|0|1|1|3|6|13|24|37|64|80|59|30|12|11|9|3|1|1|0|0|0|0|0|0|0|0|0|0,355
Pennsylvania,SUV,BEV,2035,0|0|0|0|1|1|3|7|13|30|55|80|133|104|71|33|12|10|7|3|1|0|0|0|0|0|0|0|0|0|0,564
Pennsylvania,SUV,BEV,2036,0|0|0|0|1|2|4|8|16|32|70|121|165|173|126|78|33|10|8|6|2|1|0|0|0|0|0|0|0|0|0,856
Pennsylvania,SUV,BEV,2037,0|0|0|0|1|2|4|9|19|39|73|153|249|215|209|139|78|30|9|6|4|1|0|0|0|0|0|0|0|0|0,1240
Pennsylvania,SUV,BEV,2038,0|0|0|0|1|2|5|10|22|45|89|160|314|325|260|231|139|71|25|7|5|3|1|0|0|0|0|0|0|0|0,1715
Pennsylvania,SUV,BEV,2039,0|0|0|0|1|2|5|11|24|52|104|195|328|409|393|287|231|126|59|19|5|3|2|1|0|0|0|0|0|0|0,2257
Pennsylvania,SUV,BEV,2040,0|0|0|0|1|3|6|13|27|56|119|227|400|428|495|434|287|209|104|45|14|3|2|1|0|0|0|0|0|0|0,2874
Pennsylvania,SUV,BEV,2041,0|0|0|0|1|3|7|15|32|63|128|261|467|522|518|547|434|260|173|80|33|10|2|1|1|0|0|0|0|0|0,3558
Pennsylvania,SUV,BEV,2042,0|0|0|0|1|3|7|16|35|74|143|278|534|609|631|572|547|393|215|133|58|23|6|1|1|1|0|0|0|0|0,4281
Pennsylvania,SUV,BEV,2043,0|0|0|1|1|3|8|17|38|82|168|311|569|697|736|697|572|495|325|165|96|40|15|4|1|1|0|0|0|0|0,5042
Pennsylvania,SUV,BEV,2044,0|0|0|1|1|3|8|19|41|88|184|365|634|742|843|813|697|518|409|249|119|67|27|10|3|1|0|0|0|0|0,5842
Pennsylvania,SUV,BEV,2045,0|0|0|1|1|4|9|20|44|95|198|396|742|827|897|931|813|631|428|314|180|83|45|18|7|2|0|0|0|0|0,6686
Pennsylvania,SUV,BEV,2046,0|0|0|1|2|4|9|21|47|102|214|427|804|967|1000|991|931|736|522|328|227|125|56|30|12|4|1|0|0|0|0,7561
Pennsylvania,SUV,BEV,2047,0|0|0|1|2|4|9|22|50|107|227|458|865|1049|1170|1104|991|843|609|400|238|158|84|37|19|7|3|1|0|0|0,8458
Pennsylvania,SUV,BEV,2048,0|0|0|1|2|4|10|23|52|114|240|486|926|1128|1268|1292|1104|897|697|467|290|165|106|56|24|12|5|2|0|0|0,9371
Pennsylvania,SUV,BEV,2049,0|0|0|1|2|4|10|24|54|120|255|514|982|1207|1363|1401|1292|1000|742|534|338|201|111|70|36|15|8|3|1|0|0,10288
Pennsylvania,SUV,BEV,2050,0|0|0|1|2|4|11|25|56|123|268|545|1038|1281|1460|1506|1401|1170|827|569|387|234|135|73|46|23|10|5|2|1|0,11203
Pennsylvania,SUV,PHEV,2020,0|0|0|0|0|0|0|0|0|0|0|0|0|0|0|0|0|0|0|0|0|0|0|0|0|0|0|0|0|0|0,0
Pennsylvania,SUV,PHEV,2021,0|0|0|0|0|0|0|0|0|0|0|0|0|0|0|0|0|0|0|0|0|0|0|0|0|0|0|0|0|0|0,0
Pennsylvania,SUV,PHEV,2022,0|0|0|0|0|0|0|0|0|0|0|0|0|0|0|0|0|0|0|0|0|0|0|0|0|0|0|0|0|0|0,0
Pennsylvania,SUV,PHEV,2023,0|0|0|0|0|0|0|0|0|0|0|0|0|0|0|0|0|0|0|0|0|0|0|0|0|0|0|0|0|0|0,0
Pennsylvania,SUV,PHEV,2024,0|0|0|0|0|0|0|0|0|0|0|0|0|0|0|0|0|0|0|0|0|0|0|0|0|0|0|0|0|0|0,0
Pennsylvania,SUV,PHEV,2025,0|0|0|0|0|0|0|0|0|0|0|1|0|0|0|0|0|0|0|0|0|0|0|0|0|0|0|0|0|0|0,1
Pennsylvania,SUV,PHEV,2026,0|0|0|0|0|0|0|0|0|0|1|1|1|0|0|0|0|0|0|0|0|0|0|0|0|0|0|0|0|0|0,3
Pennsylvania,SUV,PHEV,2027,0|0|0|0|0|0|0|0|0|0|1|2|2|2|0|0|0|0|0|0|0|0|0|0|0|0|0|0|0|0|0,7
Pennsylvania,SUV,PHEV,2028,0|0|0|0|0|0|0|0|0|0|1|2|3|2|2|0|0|0|0|0|0|0|0|0|0|0|0|0|0|0|0,10
Pennsylvania,SUV,PHEV,2029,0|0|0|0|0|0|0|1|1|1|1|2|4|4|3|2|0|0|0|0|0|0|0|0|0|0|0|0|0|0|0,19
Pennsylvania,SUV,PHEV,2030,0|0|0|0|0|0|1|1|2|3|1|2|4|5|5|3|2|0|0|0|0|0|0|0|0|0|0|0|0|0|0,29
Pennsylvania,SUV,PHEV,2031,0|0|0|0|0|0|0|1|3|4|6|3|3|5|6|6|3|2|0|0|0|0|0|0|0|0|0|0|0|0|0,42
Pennsylvania,SUV,PHEV,2032,0|0|0|0|0|0|0|1|3|7|8|13|7|4|6|7|6|3|2|0|0|0|0|0|0|0|0|0|0|0|0,67
Pennsylvania,SUV,PHEV,2033,0|0|0|0|0|0|1|1|2|8|16|18|28|9|5|7|7|5|2|1|0|0|0|0|0|0|0|0|0|0|0,110
Pennsylvania,SUV,PHEV,2034,0|0|0|0|0|0|1|1|3|5|18|34|38|36|11|6|7|6|4|2|1|0|0|0|0|0|0|0|0|0|0,173
Pennsylvania,SUV,PHEV,2035,0|0|0|0|0|0|1|1|3|7|12|39|70|49|43|12|6|6|5|3|1|1|0|0|0|0|0|0|0|0|0,259
Pennsylvania,SUV,PHEV,2036,0|0|0|0|0|0|1|2|3|8|15|26|81|91|59|48|12|5|5|4|2|1|0|0|0|0|0|0|0|0|0,363
Pennsylvania,SUV,PHEV,2037,0|0|0|0|0|0|1|2|4|8|17|33|54|105|110|66|48|11|4|4|3|2|1|0|0|0|0|0|0|0|0,473
Pennsylvania,SUV,PHEV,2038,0|0|0|0|0|1|1|2|5|10|18|38|67|70|127|122|66|43|9|3|3|2|1|0|0|0|0|0|0|0|0,588
Pennsylvania,SUV,PHEV,2039,0|0|0|0|0|1|1|3|5|11|22|39|77|87|84|140|122|59|36|7|2|2|1|1|0|0|0|0|0|0|0,700
Pennsylvania,SUV,PHEV,2040,0|0|0|0|0|1|1|3|7|13|25|49|79|101|106|93|140|110|49|28|5|2|1|1|0|0|0|0|0|0|0,814
Pennsylvania,SUV,PHEV,2041,0|0|0|0|0|1|1|3|7|15|29|54|100|103|122|117|93|127|91|38|20|3|1|1|1|0|0|0|0|0|0,927
Pennsylvania,SUV,PHEV,2042,0|0|0|0|0|1|1|3|8|17|34|62|111|130|125|135|117|84|105|70|27|14|2|1|1|0|0|0|0|0|0,1048
Pennsylvania,SUV,PHEV,2043,0|0|0|0|0|1|1|3|8|18|38|74|127|144|157|138|135|106|70|81|51|19|9|2|0|0|0|0|0|0|0,1182
Pennsylvania,SUV,PHEV,2044,0|0|0|0|0|1|1|3|7|17|39|81|149|165|174|173|138|122|87|54|58|35|13|6|1|0|0|0|0|0|0,1324
Pennsylvania,SUV,PHEV,2045,0|0|0|0|0|1|1|3|8|17|39|84|163|194|200|193|173|125|101|67|39|40|24|8|4|1|0|0|0|0|0,1485
Pennsylvania,SUV,PHEV,2046,0|0|0|0|0|1|1|3|8|18|39|83|168|212|235|221|193|157|103|77|49|27|27|16|5|3|0|0|0|0|0,1646
Pennsylvania,SUV,PHEV,2047,0|0|0|0|0|1|1|4|8|18|40|83|168|219|256|259|221|174|130|79|56|34|18|18|10|4|2|0|0|0|0,1803
Pennsylvania,SUV,PHEV,2048,0|0|0|0|0|1|2|3|8|18|40|85|167|219|265|283|259|200|144|100|57|39|23|12|12|7|2|1|0|0|0,1947
Pennsylvania,SUV,PHEV,2049,0|0|0|0|0|1|2|4|8|19|41|86|171|218|265|293|283|235|165|111|72|40|26|15|8|8|4|1|1|0|0,2077
Pennsylvania,SUV,PHEV,2050,0|0|0|0|0|1|2|4|8|19|42|86|172|223|264|293|293|256|194|127|80|50|27|17|10|5|5|3|1|0|0,2182
Rhode Island,Car,BEV,2020,0|0|0|0|0|0|0|0|0|0|0|0|0|0|0|0|0|0|0|0|0|0|0|0|0|0|0|0|0|0|0,0
Rhode Island,Car,BEV,2021,0|0|0|0|0|0|0|0|0|0|0|0|0|0|0|0|0|0|0|0|0|0|0|0|0|0|0|0|0|0|0,0
Rhode Island,Car,BEV,2022,0|0|0|0|0|0|0|0|0|0|0|0|0|0|0|0|0|0|0|0|0|0|0|0|0|0|0|0|0|0|0,0
Rhode Island,Car,BEV,2023,0|0|0|0|0|0|0|0|0|0|0|0|0|0|0|0|0|0|0|0|0|0|0|0|0|0|0|0|0|0|0,0
Rhode Island,Car,BEV,2024,0|0|0|0|0|0|0|0|0|0|0|0|0|0|0|0|0|0|0|0|0|0|0|0|0|0|0|0|0|0|0,0
Rhode Island,Car,BEV,2025,0|0|0|0|0|0|0|0|0|0|0|0|0|0|0|0|0|0|0|0|0|0|0|0|0|0|0|0|0|0|0,0
Rhode Island,Car,BEV,2026,0|0|0|0|0|0|0|0|0|0|0|0|0|0|0|0|0|0|0|0|0|0|0|0|0|0|0|0|0|0|0,0
Rhode Island,Car,BEV,2027,0|0|0|0|0|0|0|0|0|0|0|0|0|0|0|0|0|0|0|0|0|0|0|0|0|0|0|0|0|0|0,0
Rhode Island,Car,BEV,2028,0|0|0|0|0|0|0|0|0|0|0|0|0|0|1|0|0|0|0|0|0|0|0|0|0|0|0|0|0|0|0,1
Rhode Island,Car,BEV,2029,0|0|0|0|0|0|0|0|0|0|0|1|0|0|1|1|0|0|0|0|0|0|0|0|0|0|0|0|0|0|0,3
Rhode Island,Car,BEV,2030,0|0|0|0|0|0|0|0|0|0|0|1|2|0|1|1|1|0|0|0|0|0|0|0|0|0|0|0|0|0|0,6
Rhode Island,Car,BEV,2031,0|0|0|0|0|0|0|0|0|0|1|1|2|2|1|1|1|1|0|0|0|0|0|0|0|0|0|0|0|0|0,10
Rhode Island,Car,BEV,2032,0|0|0|0|0|0|0|1|0|0|1|1|2|3|3|1|1|1|0|0|0|0|0|0|0|0|0|0|0|0|0,14
Rhode Island,Car,BEV,2033,0|0|0|0|0|0|0|1|1|0|1|2|3|2|3|3|1|1|0|0|0|0|0|0|0|0|0|0|0|0|0,18
Rhode Island,Car,BEV,2034,0|0|0|0|0|0|1|1|2|3|1|2|4|3|3|3|3|1|0|0|0|0|0|0|0|0|0|0|0|0|0,27
Rhode Island,Car,BEV,2035,0|0|0|0|0|0|1|1|3|5|7|2|5|5|4|3|3|3|0|0|0|0|0|0|0|0|0|0|0|0|0,42
Rhode Island,Car,BEV,2036,0|0|0|0|0|0|1|2|3|6|11|16|4|6|6|4|3|3|2|0|0|0|0|0|0|0|0|0|0|0|0,67
Rhode Island,Car,BEV,2037,0|0|0|0|0|0|1|2|4|7|14|25|32|5|7|7|4|3|3|2|0|0|0|0|0|0|0|0|0|0|0,116
Rhode Island,Car,BEV,2038,0|0|0|0|0|0|1|2|4|9|17|30|51|42|6|8|7|4|2|2|1|0|0|0|0|0|0|0|0|0|0,186
Rhode Island,Car,BEV,2039,0|0|0|0|0|0|1|2|4|10|20|37|62|67|50|7|8|6|3|2|1|1|0|0|0|0|0|0|0|0|0,281
Rhode Island,Car,BEV,2040,0|0|0|0|0|0|1|2|5|11|23|43|77|81|81|55|7|7|5|3|1|1|1|0|0|0|0|0|0|0|0,404
Rhode Island,Car,BEV,2041,0|0|0|0|0|0|1|2|5|11|24|50|89|100|98|89|55|6|6|4|2|1|1|0|0|0|0|0|0|0|0,544
Rhode Island,Car,BEV,2042,0|0|0|0|0|0|1|3|6|12|26|53|103|116|121|108|89|50|5|5|3|1|1|0|0|0|0|0|0|0|0,703
Rhode Island,Car,BEV,2043,0|0|0|0|0|1|1|3|6|13|28|57|109|135|140|134|108|81|42|4|3|2|1|0|0|0|0|0|0|0|0,868
Rhode Island,Car,BEV,2044,0|0|0|0|0|1|1|3|7|14|30|61|117|142|163|155|134|98|67|32|3|2|1|1|0|0|0|0|0|0|0,1032
Rhode Island,Car,BEV,2045,0|0|0|0|0|1|1|3|7|15|33|66|125|152|172|180|155|121|81|51|23|2|2|1|0|0|0|0|0|0|0,1191
Rhode Island,Car,BEV,2046,0|0|0|0|0|1|1|3|7|16|34|71|134|163|184|190|180|140|100|62|37|16|1|1|1|0|0|0|0|0|0,1342
Rhode Island,Car,BEV,2047,0|0|0|0|0|1|1|3|7|16|35|73|144|175|197|203|190|163|116|77|45|26|11|1|1|0|0|0|0|0|0,1485
Rhode Island,Car,BEV,2048,0|0|0|0|0|1|1|3|8|17|36|74|147|188|212|218|203|172|135|89|56|31|17|7|1|0|0|0|0|0|0,1616
Rhode Island,Car,BEV,2049,0|0|0|0|0|1|2|4|8|18|37|76|149|191|227|234|218|184|142|103|64|39|21|11|5|0|0|0|0|0|0,1734
Rhode Island,Car,BEV,2050,0|0|0|0|0|1|2|4|8|18|39|79|152|194|231|251|234|197|152|109|75|45|26|14|7|3|0|0|0|0|0,1841
Rhode Island,Car,PHEV,2020,0|0|0|0|0|0|0|0|0|0|0|0|0|0|0|0|0|0|0|0|0|0|0|0|0|0|0|0|0|0|0,0
Rhode Island,Car,PHEV,2021,0|0|0|0|0|0|0|0|0|0|0|0|0|0|0|0|0|0|0|0|0|0|0|0|0|0|0|0|0|0|0,0
Rhode Island,Car,PHEV,2022,0|0|0|0|0|0|0|0|0|0|0|0|0|0|0|0|0|0|0|0|0|0|0|0|0|0|0|0|0|0|0,0
Rhode Island,Car,PHEV,2023,0|0|0|0|0|0|0|0|0|0|0|0|0|0|0|0|0|0|0|0|0|0|0|0|0|0|0|0|0|0|0,0
Rhode Island,Car,PHEV,2024,0|0|0|0|0|0|0|0|0|0|0|0|0|0|0|0|0|0|0|0|0|0|0|0|0|0|0|0|0|0|0,0
Rhode Island,Car,PHEV,2025,0|0|0|0|0|0|0|0|0|0|0|0|0|0|0|0|0|0|0|0|0|0|0|0|0|0|0|0|0|0|0,0
Rhode Island,Car,PHEV,2026,0|0|0|0|0|0|0|0|0|0|0|0|1|0|0|0|0|0|0|0|0|0|0|0|0|0|0|0|0|0|0,1
Rhode Island,Car,PHEV,2027,0|0|0|0|0|0|0|0|0|0|0|0|0|1|0|0|0|0|0|0|0|0|0|0|0|0|0|0|0|0|0,1
Rhode Island,Car,PHEV,2028,0|0|0|0|0|0|0|0|0|0|0|1|1|0|1|0|0|0|0|0|0|0|0|0|0|0|0|0|0|0|0,3
Rhode Island,Car,PHEV,2029,0|0|0|0|0|0|0|0|0|0|0|1|1|1|1|1|0|0|0|0|0|0|0|0|0|0|0|0|0|0|0,5
Rhode Island,Car,PHEV,2030,0|0|0|0|0|0|0|0|0|0|0|0|2|2|1|1|1|0|0|0|0|0|0|0|0|0|0|0|0|0|0,7
Rhode Island,Car,PHEV,2031,0|0|0|0|0|0|0|0|0|0|0|0|1|2|2|2|1|1|0|0|0|0|0|0|0|0|0|0|0|0|0,9
Rhode Island,Car,PHEV,2032,0|0|0|0|0|0|0|0|0|0|0|0|1|1|3|2|2|1|1|0|0|0|0|0|0|0|0|0|0|0|0,11
Rhode Island,Car,PHEV,2033,0|0|0|0|0|0|0|0|0|0|0|0|1|1|1|3|2|1|0|1|0|0|0|0|0|0|0|0|0|0|0,10
Rhode Island,Car,PHEV,2034,0|0|0|0|0|0|0|0|0|1|0|0|1|1|1|1|3|2|1|0|0|0|0|0|0|0|0|0|0|0|0,11
Rhode Island,Car,PHEV,2035,0|0|0|0|0|0|0|0|1|1|1|0|1|1|2|1|1|3|2|1|0|0|0|0|0|0|0|0|0|0|0,15
Rhode Island,Car,PHEV,2036,0|0|0|0|0|0|0|0|1|1|2|3|1|1|1|2|1|1|2|1|1|0|0|0|0|0|0|0|0|0|0,18
Rhode Island,Car,PHEV,2037,0|0|0|0|0|0|0|0|1|1|3|5|6|1|1|1|2|1|1|2|1|0|0|0|0|0|0|0|0|0|0,26
Rhode Island,Car,PHEV,2038,0|0|0|0|0|0|0|0|1|2|3|7|9|8|1|1|1|2|1|1|1|1|0|0|0|0|0|0|0|0|0,39
Rhode Island,Car,PHEV,2039,0|0|0|0|0|0|0|0|1|2|4|7|13|12|9|1|1|1|1|1|1|1|0|0|0|0|0|0|0|0|0,55
Rhode Island,Car,PHEV,2040,0|0|0|0|0|0|0|0|1|2|4|8|14|17|15|10|1|1|1|1|0|0|1|0|0|0|0|0|0|0|0,76
Rhode Island,Car,PHEV,2041,0|0|0|0|0|0|0|0|1|2|5|9|17|18|21|16|10|1|1|1|1|0|0|0|0|0|0|0|0|0|0,103
Rhode Island,Car,PHEV,2042,0|0|0|0|0|0|0|0|1|3|6|11|19|22|22|23|16|9|1|1|1|1|0|0|0|0|0|0|0|0|0,136
Rhode Island,Car,PHEV,2043,0|0|0|0|0|0|0|1|1|3|6|12|22|25|27|24|23|15|8|1|0|0|0|0|0|0|0|0|0|0|0,168
Rhode Island,Car,PHEV,2044,0|0|0|0|0|0|0|1|1|3|6|13|25|29|30|30|24|21|12|6|1|0|0|0|0|0|0|0|0|0|0,202
Rhode Island,Car,PHEV,2045,0|0|0|0|0|0|0|1|1|3|6|13|27|32|35|33|30|22|17|9|4|0|0|0|0|0|0|0|0|0|0,233
Rhode Island,Car,PHEV,2046,0|0|0|0|0|0|0|1|1|3|6|14|27|35|39|38|33|27|18|13|7|3|0|0|0|0|0|0|0|0|0,265
Rhode Island,Car,PHEV,2047,0|0|0|0|0|0|0|1|1|3|6|13|28|35|42|43|38|30|22|14|10|5|2|0|0|0|0|0|0|0|0,293
Rhode Island,Car,PHEV,2048,0|0|0|0|0|0|0|1|1|3|6|13|27|36|43|46|43|35|25|17|10|7|3|1|0|0|0|0|0|0|0,317
Rhode Island,Car,PHEV,2049,0|0|0|0|0|0|0|1|1|3|6|13|26|35|44|47|46|39|29|19|12|7|5|2|1|0|0|0|0|0|0,336
Rhode Island,Car,PHEV,2050,0|0|0|0|0|0|0|1|1|3|6|13|26|34|43|48|47|42|32|22|14|9|5|3|1|1|0|0|0|0|0,351
Rhode Island,SUV,BEV,2020,0|0|0|0|0|0|0|0|0|0|0|0|0|0|0|0|0|0|0|0|0|0|0|0|0|0|0|0|0|0|0,0
Rhode Island,SUV,BEV,2021,0|0|0|0|0|0|0|0|0|0|0|0|0|0|0|0|0|0|0|0|0|0|0|0|0|0|0|0|0|0|0,0
Rhode Island,SUV,BEV,2022,0|0|0|0|0|0|0|0|0|0|0|0|0|0|0|0|0|0|0|0|0|0|0|0|0|0|0|0|0|0|0,0
Rhode Island,SUV,BEV,2023,0|0|0|0|0|0|0|0|0|0|0|0|0|0|0|0|0|0|0|0|0|0|0|0|0|0|0|0|0|0|0,0
Rhode Island,SUV,BEV,2024,0|0|0|0|0|0|0|0|0|0|0|0|0|0|0|0|0|0|0|0|0|0|0|0|0|0|0|0|0|0|0,0
Rhode Island,SUV,BEV,2025,0|0|0|0|0|0|0|0|0|0|0|0|0|0|0|0|0|0|0|0|0|0|0|0|0|0|0|0|0|0|0,0
Rhode Island,SUV,BEV,2026,0|0|0|0|0|0|0|0|0|0|0|0|0|0|0|0|0|0|0|0|0|0|0|0|0|0|0|0|0|0|0,0
Rhode Island,SUV,BEV,2027,0|0|0|0|0|0|0|0|0|0|0|0|0|0|0|0|0|0|0|0|0|0|0|0|0|0|0|0|0|0|0,0
Rhode Island,SUV,BEV,2028,0|0|0|0|0|0|0|0|0|0|0|0|0|0|0|0|0|0|0|0|0|0|0|0|0|0|0|0|0|0|0,0
Rhode Island,SUV,BEV,2029,0|0|0|0|0|0|0|0|0|0|0|0|0|0|0|0|0|0|0|0|0|0|0|0|0|0|0|0|0|0|0,0
Rhode Island,SUV,BEV,2030,0|0|0|0|0|0|0|0|0|0|0|0|0|0|0|0|0|0|0|0|0|0|0|0|0|0|0|0|0|0|0,0
Rhode Island,SUV,BEV,2031,0|0|0|0|0|0|0|0|0|1|1|1|0|1|1|0|0|0|0|0|0|0|0|0|0|0|0|0|0|0|0,5
Rhode Island,SUV,BEV,2032,0|0|0|0|0|0|0|0|1|1|1|2|2|1|1|1|0|0|0|0|0|0|0|0|0|0|0|0|0|0|0,10
Rhode Island,SUV,BEV,2033,0|0|0|0|0|0|0|1|1|1|3|3|4|2|1|1|1|0|0|0|0|0|0|0|0|0|0|0|0|0|0,18
Rhode Island,SUV,BEV,2034,0|0|0|0|0|0|0|1|2|3|3|6|7|5|3|1|1|1|0|0|0|0|0|0|0|0|0|0|0|0|0,33
Rhode Island,SUV,BEV,2035,0|0|0|0|0|0|1|1|2|4|6|7|12|9|6|3|1|1|0|0|0|0|0|0|0|0|0|0|0|0|0,53
Rhode Island,SUV,BEV,2036,0|0|0|0|0|0|1|1|3|5|10|14|15|16|11|7|3|1|1|0|0|0|0|0|0|0|0|0|0|0|0,88
Rhode Island,SUV,BEV,2037,0|0|0|0|0|0|1|2|3|7|13|22|28|20|19|12|7|3|1|0|0|0|0|0|0|0|0|0|0|0|0,138
Rhode Island,SUV,BEV,2038,0|0|0|0|0|0|1|2|4|8|16|27|46|37|24|21|12|6|2|0|0|0|0|0|0|0|0|0|0|0|0,206
Rhode Island,SUV,BEV,2039,0|0|0|0|0|0|1|2|4|9|18|34|56|60|45|26|21|11|5|2|0|0|0|0|0|0|0|0|0|0|0,294
Rhode Island,SUV,BEV,2040,0|0|0|0|0|0|1|2|5|10|21|40|70|73|73|50|26|19|9|4|1|0|0|0|0|0|0|0|0|0|0,404
Rhode Island,SUV,BEV,2041,0|0|0|0|0|0|1|2|5|11|23|47|81|91|89|81|50|24|16|7|3|1|0|0|0|0|0|0|0|0|0,532
Rhode Island,SUV,BEV,2042,0|0|0|0|0|1|1|3|6|12|25|50|96|106|110|98|81|45|20|12|5|2|1|0|0|0|0|0|0|0|0,674
Rhode Island,SUV,BEV,2043,0|0|0|0|0|1|1|3|6|14|28|55|102|125|128|122|98|73|37|15|9|3|1|0|0|0|0|0|0|0|0,821
Rhode Island,SUV,BEV,2044,0|0|0|0|0|1|1|3|7|15|31|60|112|133|152|142|122|89|60|28|11|6|2|1|0|0|0|0|0|0|0,976
Rhode Island,SUV,BEV,2045,0|0|0|0|0|1|1|3|7|16|34|67|123|146|161|167|142|110|73|46|21|8|4|2|1|0|0|0|0|0|0,1133
Rhode Island,SUV,BEV,2046,0|0|0|0|0|1|2|3|8|17|36|74|137|161|176|178|167|128|91|56|33|14|5|3|1|0|0|0|0|0|0,1291
Rhode Island,SUV,BEV,2047,0|0|0|0|0|1|2|4|8|18|38|77|150|178|194|195|178|152|106|70|41|23|10|3|2|1|0|0|0|0|0,1451
Rhode Island,SUV,BEV,2048,0|0|0|0|0|1|2|4|8|19|39|81|157|196|215|215|195|161|125|81|51|28|16|6|2|1|0|0|0|0|0,1603
Rhode Island,SUV,BEV,2049,0|0|0|0|0|1|2|4|9|19|41|84|163|205|237|238|215|176|133|96|59|35|19|10|4|1|1|0|0|0|0,1752
Rhode Island,SUV,BEV,2050,0|0|0|0|0|1|2|4|9|20|43|88|169|213|247|262|238|194|146|102|70|41|24|13|7|3|1|0|0|0|0,1897
Rhode Island,SUV,PHEV,2020,0|0|0|0|0|0|0|0|0|0|0|0|0|0|0|0|0|0|0|0|0|0|0|0|0|0|0|0|0|0|0,0
Rhode Island,SUV,PHEV,2021,0|0|0|0|0|0|0|0|0|0|0|0|0|0|0|0|0|0|0|0|0|0|0|0|0|0|0|0|0|0|0,0
Rhode Island,SUV,PHEV,2022,0|0|0|0|0|0|0|0|0|0|0|0|0|0|0|0|0|0|0|0|0|0|0|0|0|0|0|0|0|0|0,0
Rhode Island,SUV,PHEV,2023,0|0|0|0|0|0|0|0|0|0|0|0|0|0|0|0|0|0|0|0|0|0|0|0|0|0|0|0|0|0|0,0
Rhode Island,SUV,PHEV,2024,0|0|0|0|0|0|0|0|0|0|0|0|0|0|0|0|0|0|0|0|0|0|0|0|0|0|0|0|0|0|0,0
Rhode Island,SUV,PHEV,2025,0|0|0|0|0|0|0|0|0|0|0|0|0|0|0|0|0|0|0|0|0|0|0|0|0|0|0|0|0|0|0,0
Rhode Island,SUV,PHEV,2026,0|0|0|0|0|0|0|0|0|0|0|0|0|0|0|0|0|0|0|0|0|0|0|0|0|0|0|0|0|0|0,0
Rhode Island,SUV,PHEV,2027,0|0|0|0|0|0|0|0|0|0|0|0|0|0|0|0|0|0|0|0|0|0|0|0|0|0|0|0|0|0|0,0
Rhode Island,SUV,PHEV,2028,0|0|0|0|0|0|0|0|0|0|0|0|0|0|0|0|0|0|0|0|0|0|0|0|0|0|0|0|0|0|0,0
Rhode Island,SUV,PHEV,2029,0|0|0|0|0|0|0|0|0|0|0|0|0|0|0|0|0|0|0|0|0|0|0|0|0|0|0|0|0|0|0,0
Rhode Island,SUV,PHEV,2030,0|0|0|0|0|0|0|0|0|0|0|0|0|0|0|0|0|0|0|0|0|0|0|0|0|0|0|0|0|0|0,0
Rhode Island,SUV,PHEV,2031,0|0|0|0|0|0|0|0|0|0|1|0|0|0|0|1|0|0|0|0|0|0|0|0|0|0|0|0|0|0|0,2
Rhode Island,SUV,PHEV,2032,0|0|0|0|0|0|0|0|0|1|1|2|1|0|1|1|1|0|0|0|0|0|0|0|0|0|0|0|0|0|0,8
Rhode Island,SUV,PHEV,2033,0|0|0|0|0|0|0|0|0|1|2|2|4|1|0|1|1|0|0|0|0|0|0|0|0|0|0|0|0|0|0,12
Rhode Island,SUV,PHEV,2034,0|0|0|0|0|0|0|0|0|1|2|4|5|5|1|1|1|0|0|0|0|0|0|0|0|0|0|0|0|0|0,20
Rhode Island,SUV,PHEV,2035,0|0|0|0|0|0|0|0|0|1|1|5|9|6|6|1|1|1|0|0|0|0|0|0|0|0|0|0|0|0|0,31
Rhode Island,SUV,PHEV,2036,0|0|0|0|0|0|0|0|1|1|2|3|10|12|8|6|1|0|0|0|0|0|0|0|0|0|0|0|0|0|0,44
Rhode Island,SUV,PHEV,2037,0|0|0|0|0|0|0|0|1|1|3|4|5|14|14|9|6|1|0|0|0|0|0|0|0|0|0|0|0|0|0,58
Rhode Island,SUV,PHEV,2038,0|0|0|0|0|0|0|0|1|2|3|6|9|7|17|16|9|6|1|0|0|0|0|0|0|0|0|0|0|0|0,77
Rhode Island,SUV,PHEV,2039,0|0|0|0|0|0|0|0|1|2|4|6|12|11|8|18|16|8|5|1|0|0|0|0|0|0|0|0|0|0|0,92
Rhode Island,SUV,PHEV,2040,0|0|0|0|0|0|0|0|1|2|4|8|13|16|14|9|18|14|6|4|1|0|0|0|0|0|0|0|0|0|0,110
Rhode Island,SUV,PHEV,2041,0|0|0|0|0|0|0|1|1|3|5|9|16|16|19|15|9|17|12|5|3|0|0|0|0|0|0|0|0|0|0,131
Rhode Island,SUV,PHEV,2042,0|0|0|0|0|0|0|1|1|3|6|10|18|21|20|21|15|8|14|9|4|2|0|0|0|0|0|0|0|0|0,153
Rhode Island,SUV,PHEV,2043,0|0|0|0|0|0|0|1|1|3|6|12|21|23|25|22|21|14|7|10|7|2|1|0|0|0|0|0|0|0|0,176
Rhode Island,SUV,PHEV,2044,0|0|0|0|0|0|0|1|1|3|7|13|25|27|28|28|22|19|11|5|8|5|2|1|0|0|0|0|0|0|0,206
Rhode Island,SUV,PHEV,2045,0|0|0|0|0|0|0|1|1|3|7|14|27|32|33|31|28|20|16|9|4|5|3|1|1|0|0|0|0|0|0,236
Rhode Island,SUV,PHEV,2046,0|0|0|0|0|0|0|1|1|3|6|15|28|35|39|37|31|25|16|12|6|3|4|2|1|0|0|0|0|0|0,265
Rhode Island,SUV,PHEV,2047,0|0|0|0|0|0|0|1|1|3|7|14|29|37|43|43|37|28|21|13|9|4|2|2|1|0|0|0|0|0|0,295
Rhode Island,SUV,PHEV,2048,0|0|0|0|0|0|0|1|1|3|7|14|28|38|45|47|43|33|23|16|9|6|3|1|2|1|0|0|0|0|0,321
Rhode Island,SUV,PHEV,2049,0|0|0|0|0|0|0|1|1|3|7|14|29|37|46|50|47|39|27|18|11|6|4|2|1|1|1|0|0|0|0,345
Rhode Island,SUV,PHEV,2050,0|0|0|0|0|0|0|1|1|3|7|14|28|37|45|51|50|43|32|21|13|8|4|3|1|0|1|0|0|0|0,363
South Carolina,Car,BEV,2020,0|0|0|0|0|0|0|0|0|0|0|0|0|0|0|0|0|0|0|0|0|0|0|0|0|0|0|0|0|0|0,0
South Carolina,Car,BEV,2021,0|0|0|0|0|0|0|0|0|0|0|0|0|0|0|0|0|0|0|0|0|0|0|0|0|0|0|0|0|0|0,0
South Carolina,Car,BEV,2022,0|0|0|0|0|0|0|0|0|0|0|0|0|0|0|0|0|0|0|0|0|0|0|0|0|0|0|0|0|0|0,0
South Carolina,Car,BEV,2023,0|0|0|0|0|0|0|0|0|0|0|0|0|0|0|0|0|0|0|0|0|0|0|0|0|0|0|0|0|0|0,0
South Carolina,Car,BEV,2024,0|0|0|0|0|0|0|0|0|0|0|0|0|0|0|0|0|0|0|0|0|0|0|0|0|0|0|0|0|0|0,0
South Carolina,Car,BEV,2025,0|0|0|0|0|0|0|0|0|0|0|1|0|0|0|0|0|0|0|0|0|0|0|0|0|0|0|0|0|0|0,1
South Carolina,Car,BEV,2026,0|0|0|0|0|0|0|0|0|0|0|1|1|0|0|0|0|0|0|0|0|0|0|0|0|0|0|0|0|0|0,2
South Carolina,Car,BEV,2027,0|0|0|0|0|0|0|0|0|1|0|1|1|2|0|0|0|0|0|0|0|0|0|0|0|0|0|0|0|0|0,5
South Carolina,Car,BEV,2028,0|0|0|0|0|0|0|0|0|1|1|1|1|2|2|0|0|0|0|0|0|0|0|0|0|0|0|0|0|0|0,8
South Carolina,Car,BEV,2029,0|0|0|0|0|0|0|0|0|0|1|3|1|2|2|2|0|0|0|0|0|0|0|0|0|0|0|0|0|0|0,11
South Carolina,Car,BEV,2030,0|0|0|0|0|0|0|0|1|1|1|3|6|2|2|2|2|0|0|0|0|0|0|0|0|0|0|0|0|0|0,20
South Carolina,Car,BEV,2031,0|0|0|0|0|0|1|0|1|1|2|2|6|8|2|2|2|2|0|0|0|0|0|0|0|0|0|0|0|0|0,29
South Carolina,Car,BEV,2032,0|0|0|0|0|0|1|1|1|1|3|4|5|7|9|2|2|2|2|0|0|0|0|0|0|0|0|0|0|0|0,40
South Carolina,Car,BEV,2033,0|0|0|0|0|0|1|2|3|1|3|6|8|6|9|10|2|2|2|1|0|0|0|0|0|0|0|0|0|0|0,56
South Carolina,Car,BEV,2034,0|0|0|0|0|1|1|2|4|8|3|7|13|11|7|10|10|2|2|1|1|0|0|0|0|0|0|0|0|0|0,83
South Carolina,Car,BEV,2035,0|0|0|0|0|1|1|3|5|10|17|6|15|17|13|8|10|9|2|1|1|1|0|0|0|0|0|0|0|0|0,120
South Carolina,Car,BEV,2036,0|0|0|0|0|1|1|3|7|13|23|38|13|20|20|14|8|9|8|1|1|1|0|0|0|0|0|0|0|0|0,181
South Carolina,Car,BEV,2037,0|0|0|0|0|1|2|4|8|16|29|49|78|17|24|23|14|7|7|6|1|1|0|0|0|0|0|0|0|0|0,287
South Carolina,Car,BEV,2038,0|0|0|0|0|1|2|4|9|18|36|64|102|102|20|27|23|13|6|6|4|1|0|0|0|0|0|0|0|0|0,438
South Carolina,Car,BEV,2039,0|0|0|0|0|1|2|5|10|21|42|79|132|132|124|23|27|20|11|5|4|3|0|0|0|0|0|0|0|0|0,641
South Carolina,Car,BEV,2040,0|0|0|0|0|1|2|5|11|24|48|92|161|171|160|137|23|24|17|8|3|3|2|0|0|0|0|0|0|0|0,892
South Carolina,Car,BEV,2041,0|0|0|0|0|1|3|6|13|26|54|106|189|211|207|177|137|20|20|13|6|2|2|1|0|0|0|0|0|0|0,1194
South Carolina,Car,BEV,2042,0|0|0|0|1|1|3|7|14|31|61|119|217|247|255|229|177|124|17|15|9|4|2|1|1|0|0|0|0|0|0,1535
South Carolina,Car,BEV,2043,0|0|0|0|1|1|3|7|16|34|71|132|244|283|299|281|229|160|102|13|11|7|3|1|1|1|0|0|0|0|0,1900
South Carolina,Car,BEV,2044,0|0|0|0|1|1|3|8|17|37|77|155|271|318|342|330|281|207|132|78|9|8|4|2|1|1|0|0|0|0|0,2283
South Carolina,Car,BEV,2045,0|0|0|0|1|2|4|8|18|40|83|167|317|354|384|378|330|255|171|102|57|6|5|3|1|0|0|0|0|0|0,2686
South Carolina,Car,BEV,2046,0|0|0|0|1|2|4|9|20|42|90|179|342|413|428|424|378|299|211|132|73|39|4|3|2|1|0|0|0|0|0,3096
South Carolina,Car,BEV,2047,0|0|0|0|1|2|4|9|21|45|95|193|365|446|499|472|424|342|247|161|95|51|26|3|2|1|0|0|0|0|0,3504
South Carolina,Car,BEV,2048,0|0|0|0|1|2|4|10|22|48|101|204|391|476|539|552|472|384|283|189|117|66|34|17|2|1|1|0|0|0|0,3916
South Carolina,Car,BEV,2049,0|0|0|0|1|2|5|10|23|51|107|216|412|510|576|595|552|428|318|217|137|81|44|23|11|1|1|0|0|0|0,4321
South Carolina,Car,BEV,2050,0|0|0|0|1|2|5|11|24|53|113|229|436|537|617|636|595|499|354|244|157|95|55|29|15|7|1|1|0|0|0,4716
South Carolina,Car,PHEV,2020,0|0|0|0|0|0|0|0|0|0|0|0|0|0|0|0|0|0|0|0|0|0|0|0|0|0|0|0|0|0|0,0
South Carolina,Car,PHEV,2021,0|0|0|0|0|0|0|0|0|0|0|0|0|0|0|0|0|0|0|0|0|0|0|0|0|0|0|0|0|0|0,0
South Carolina,Car,PHEV,2022,0|0|0|0|0|0|0|0|0|0|0|0|0|0|0|0|0|0|0|0|0|0|0|0|0|0|0|0|0|0|0,0
South Carolina,Car,PHEV,2023,0|0|0|0|0|0|0|0|0|0|0|0|0|0|0|0|0|0|0|0|0|0|0|0|0|0|0|0|0|0|0,0
South Carolina,Car,PHEV,2024,0|0|0|0|0|0|0|0|0|0|0|0|0|0|0|0|0|0|0|0|0|0|0|0|0|0|0|0|0|0|0,0
South Carolina,Car,PHEV,2025,0|0|0|0|0|0|0|0|0|0|0|1|0|0|0|0|0|0|0|0|0|0|0|0|0|0|0|0|0|0|0,1
South Carolina,Car,PHEV,2026,0|0|0|0|0|0|0|0|0|0|0|0|1|0|0|0|0|0|0|0|0|0|0|0|0|0|0|0|0|0|0,1
South Carolina,Car,PHEV,2027,0|0|0|0|0|0|0|0|0|0|1|1|1|2|0|0|0|0|0|0|0|0|0|0|0|0|0|0|0|0|0,5
South Carolina,Car,PHEV,2028,0|0|0|0|0|0|0|0|0|0|1|1|2|1|2|0|0|0|0|0|0|0|0|0|0|0|0|0|0|0|0,7
South Carolina,Car,PHEV,2029,0|0|0|0|0|0|0|0|0|0|0|2|3|2|1|2|0|0|0|0|0|0|0|0|0|0|0|0|0|0|0,10
South Carolina,Car,PHEV,2030,0|0|0|0|0|0|0|0|0|0|0|1|4|3|3|2|2|0|0|0|0|0|0|0|0|0|0|0|0|0|0,15
South Carolina,Car,PHEV,2031,0|0|0|0|0|0|0|0|0|0|1|1|2|5|4|3|2|2|0|0|0|0|0|0|0|0|0|0|0|0|0,20
South Carolina,Car,PHEV,2032,0|0|0|0|0|0|0|0|0|0|0|1|1|2|6|4|3|1|2|0|0|0|0|0|0|0|0|0|0|0|0,20
South Carolina,Car,PHEV,2033,0|0|0|0|0|0|0|0|1|0|0|1|2|2|3|6|4|3|1|1|0|0|0|0|0|0|0|0|0|0|0,24
South Carolina,Car,PHEV,2034,0|0|0|0|0|0|0|1|1|2|0|1|2|3|2|3|6|4|2|1|1|0|0|0|0|0|0|0|0|0|0,29
South Carolina,Car,PHEV,2035,0|0|0|0|0|0|0|1|1|2|4|1|1|2|4|2|3|6|3|2|1|1|0|0|0|0|0|0|0|0|0,34
South Carolina,Car,PHEV,2036,0|0|0|0|0|0|0|1|1|3|5|8|2|2|3|4|2|3|5|3|1|0|0|0|0|0|0|0|0|0|0,43
South Carolina,Car,PHEV,2037,0|0|0|0|0|0|0|1|2|3|7|11|17|2|2|3|4|2|2|4|2|1|0|0|0|0|0|0|0|0|0,63
South Carolina,Car,PHEV,2038,0|0|0|0|0|0|0|1|2|4|7|15|22|23|3|2|3|4|2|2|3|1|1|0|0|0|0|0|0|0|0,95
South Carolina,Car,PHEV,2039,0|0|0|0|0|0|0|1|2|4|9|16|32|29|27|3|2|3|3|1|1|2|1|0|0|0|0|0|0|0|0,136
South Carolina,Car,PHEV,2040,0|0|0|0|0|0|0|1|3|5|10|20|33|41|35|30|3|2|2|2|1|1|1|1|0|0|0|0|0|0|0,191
South Carolina,Car,PHEV,2041,0|0|0|0|0|0|1|1|3|6|12|22|41|43|50|39|30|3|2|2|2|1|1|1|0|0|0|0|0|0|0,260
South Carolina,Car,PHEV,2042,0|0|0|0|0|0|1|1|3|7|14|26|45|54|52|55|39|27|2|1|1|1|0|0|1|0|0|0|0|0|0,330
South Carolina,Car,PHEV,2043,0|0|0|0|0|0|1|1|3|7|15|31|54|59|65|57|55|35|23|2|1|1|1|0|0|0|0|0|0|0|0,411
South Carolina,Car,PHEV,2044,0|0|0|0|0|0|1|1|3|7|16|34|63|71|71|72|57|50|29|17|1|1|1|1|0|0|0|0|0|0|0,496
South Carolina,Car,PHEV,2045,0|0|0|0|0|0|1|1|3|8|16|35|69|82|85|78|72|52|41|22|12|1|0|0|0|0|0|0|0|0|0,578
South Carolina,Car,PHEV,2046,0|0|0|0|0|0|1|2|3|8|17|36|71|90|100|94|78|65|43|32|16|9|1|0|0|0|0|0|0|0|0,666
South Carolina,Car,PHEV,2047,0|0|0|0|0|0|1|2|4|8|17|37|72|93|109|110|94|71|54|33|23|11|6|0|0|0|0|0|0|0|0,745
South Carolina,Car,PHEV,2048,0|0|0|0|0|0|1|2|4|8|18|37|74|94|112|120|110|85|59|41|24|16|8|4|0|0|0|0|0|0|0,817
South Carolina,Car,PHEV,2049,0|0|0|0|0|0|1|2|4|8|18|37|74|97|114|124|120|100|71|45|30|16|11|5|3|0|0|0|0|0|0,880
South Carolina,Car,PHEV,2050,0|0|0|0|0|0|1|2|4|8|18|38|75|97|117|126|124|109|82|54|33|21|11|7|3|2|0|0|0|0|0,932
South Carolina,SUV,BEV,2020,0|0|0|0|0|0|0|0|0|0|0|0|0|0|0|0|0|0|0|0|0|0|0|0|0|0|0|0|0|0|0,0
South Carolina,SUV,BEV,2021,0|0|0|0|0|0|0|0|0|0|0|0|0|0|0|0|0|0|0|0|0|0|0|0|0|0|0|0|0|0|0,0
South Carolina,SUV,BEV,2022,0|0|0|0|0|0|0|0|0|0|0|0|0|0|0|0|0|0|0|0|0|0|0|0|0|0|0|0|0|0|0,0
South Carolina,SUV,BEV,2023,0|0|0|0|0|0|0|0|0|0|0|0|0|0|0|0|0|0|0|0|0|0|0|0|0|0|0|0|0|0|0,0
South Carolina,SUV,BEV,2024,0|0|0|0|0|0|0|0|0|0|0|0|0|0|0|0|0|0|0|0|0|0|0|0|0|0|0|0|0|0|0,0
South Carolina,SUV,BEV,2025,0|0|0|0|0|0|0|0|0|0|0|0|0|0|0|0|0|0|0|0|0|0|0|0|0|0|0|0|0|0|0,0
South Carolina,SUV,BEV,2026,0|0|0|0|0|0|0|0|0|0|0|0|0|0|0|0|0|0|0|0|0|0|0|0|0|0|0|0|0|0|0,0
South Carolina,SUV,BEV,2027,0|0|0|0|0|0|0|0|0|0|0|0|0|0|0|0|0|0|0|0|0|0|0|0|0|0|0|0|0|0|0,0
South Carolina,SUV,BEV,2028,0|0|0|0|0|0|0|0|0|0|0|1|1|0|0|0|0|0|0|0|0|0|0|0|0|0|0|0|0|0|0,2
South Carolina,SUV,BEV,2029,0|0|0|0|0|0|0|0|1|0|0|1|1|1|0|0|0|0|0|0|0|0|0|0|0|0|0|0|0|0|0,4
South Carolina,SUV,BEV,2030,0|0|0|0|0|0|0|1|1|1|1|1|1|2|1|0|0|0|0|0|0|0|0|0|0|0|0|0|0|0|0,9
South Carolina,SUV,BEV,2031,0|0|0|0|0|0|1|1|2|2|3|2|2|2|2|1|0|0|0|0|0|0|0|0|0|0|0|0|0|0|0,18
South Carolina,SUV,BEV,2032,0|0|0|0|0|0|1|1|2|4|5|6|5|2|2|2|1|0|0|0|0|0|0|0|0|0|0|0|0|0|0,31
South Carolina,SUV,BEV,2033,0|0|0|0|0|1|1|2|4|5|9|11|13|6|3|2|2|1|0|0|0|0|0|0|0|0|0|0|0|0|0,60
South Carolina,SUV,BEV,2034,0|0|0|0|0|1|1|3|5|8|11|19|23|16|7|3|2|2|1|0|0|0|0|0|0|0|0|0|0|0|0,102
South Carolina,SUV,BEV,2035,0|0|0|0|0|1|2|3|6|11|19|24|39|30|20|8|3|2|2|1|0|0|0|0|0|0|0|0|0|0|0,171
South Carolina,SUV,BEV,2036,0|0|0|0|0|1|2|4|8|15|26|42|49|51|36|22|8|3|2|1|0|0|0|0|0|0|0|0|0|0|0,270
South Carolina,SUV,BEV,2037,0|0|0|0|0|1|2|5|9|19|34|56|87|64|62|40|22|7|2|1|1|0|0|0|0|0|0|0|0|0|0,412
South Carolina,SUV,BEV,2038,0|0|0|0|0|1|2|5|11|22|43|74|116|114|77|69|40|20|6|2|1|1|0|0|0|0|0|0|0|0|0,604
South Carolina,SUV,BEV,2039,0|0|0|0|1|1|3|6|13|26|51|93|153|151|138|86|69|36|16|5|1|1|0|0|0|0|0|0|0|0|0,850
South Carolina,SUV,BEV,2040,0|0|0|0|1|1|3|7|15|30|60|112|191|199|183|152|86|62|30|13|3|1|0|0|0|0|0|0|0|0|0,1149
South Carolina,SUV,BEV,2041,0|0|0|0|1|2|4|8|18|34|69|131|229|250|241|202|152|77|51|23|9|2|1|0|0|0|0|0|0|0|0,1504
South Carolina,SUV,BEV,2042,0|0|0|0|1|2|4|9|19|41|79|151|269|299|302|266|202|138|64|39|17|6|2|0|0|0|0|0|0|0|0,1910
South Carolina,SUV,BEV,2043,0|0|0|0|1|2|4|10|21|46|94|172|309|350|361|333|266|183|114|49|29|11|4|1|0|0|0|0|0|0|0,2360
South Carolina,SUV,BEV,2044,0|0|0|0|1|2|5|10|23|50|103|204|351|402|424|399|333|241|151|87|36|20|8|3|1|0|0|0|0|0|0,2854
South Carolina,SUV,BEV,2045,0|0|0|0|1|2|5|11|25|54|113|225|418|458|487|468|399|302|199|116|63|25|13|5|2|0|0|0|0|0|0,3391
South Carolina,SUV,BEV,2046,0|0|0|0|1|2|5|12|27|58|122|244|458|545|554|537|468|361|250|153|84|44|17|9|3|1|0|0|0|0|0,3955
South Carolina,SUV,BEV,2047,0|0|0|0|1|2|5|13|28|62|130|263|497|598|659|612|537|424|299|191|111|58|29|11|6|2|1|0|0|0|0,4539
South Carolina,SUV,BEV,2048,0|0|0|0|1|2|6|13|30|65|138|279|534|648|723|728|612|487|350|229|139|77|39|19|7|4|1|0|0|0|0,5131
South Carolina,SUV,BEV,2049,0|0|0|0|1|3|6|14|31|69|146|297|566|696|783|798|728|554|402|269|166|96|52|26|13|5|2|1|0|0|0,5724
South Carolina,SUV,BEV,2050,0|0|0|0|1|3|6|15|33|72|154|313|599|738|841|865|798|659|458|309|194|115|65|34|17|8|3|2|1|0|0,6303
South Carolina,SUV,PHEV,2020,0|0|0|0|0|0|0|0|0|0|0|0|0|0|0|0|0|0|0|0|0|0|0|0|0|0|0|0|0|0|0,0
South Carolina,SUV,PHEV,2021,0|0|0|0|0|0|0|0|0|0|0|0|0|0|0|0|0|0|0|0|0|0|0|0|0|0|0|0|0|0|0,0
South Carolina,SUV,PHEV,2022,0|0|0|0|0|0|0|0|0|0|0|0|0|0|0|0|0|0|0|0|0|0|0|0|0|0|0|0|0|0|0,0
South Carolina,SUV,PHEV,2023,0|0|0|0|0|0|0|0|0|0|0|0|0|0|0|0|0|0|0|0|0|0|0|0|0|0|0|0|0|0|0,0
South Carolina,SUV,PHEV,2024,0|0|0|0|0|0|0|0|0|0|0|0|0|0|0|0|0|0|0|0|0|0|0|0|0|0|0|0|0|0|0,0
South Carolina,SUV,PHEV,2025,0|0|0|0|0|0|0|0|0|0|0|0|0|0|0|0|0|0|0|0|0|0|0|0|0|0|0|0|0|0|0,0
South Carolina,SUV,PHEV,2026,0|0|0|0|0|0|0|0|0|0|0|0|0|0|0|0|0|0|0|0|0|0|0|0|0|0|0|0|0|0|0,0
South Carolina,SUV,PHEV,2027,0|0|0|0|0|0|0|0|0|0|0|0|0|0|0|0|0|0|0|0|0|0|0|0|0|0|0|0|0|0|0,0
South Carolina,SUV,PHEV,2028,0|0|0|0|0|0|0|0|0|0|0|0|1|0|0|0|0|0|0|0|0|0|0|0|0|0|0|0|0|0|0,1
South Carolina,SUV,PHEV,2029,0|0|0|0|0|0|0|0|0|0|0|0|1|1|0|0|0|0|0|0|0|0|0|0|0|0|0|0|0|0|0,2
South Carolina,SUV,PHEV,2030,0|0|0|0|0|0|0|0|0|1|0|0|1|1|1|1|0|0|0|0|0|0|0|0|0|0|0|0|0|0|0,5
South Carolina,SUV,PHEV,2031,0|0|0|0|0|0|0|0|1|1|2|1|1|1|1|1|1|0|0|0|0|0|0|0|0|0|0|0|0|0|0,10
South Carolina,SUV,PHEV,2032,0|0|0|0|0|0|0|0|1|2|2|3|2|1|1|1|1|0|0|0|0|0|0|0|0|0|0|0|0|0|0,14
South Carolina,SUV,PHEV,2033,0|0|0|0|0|0|0|0|1|2|4|5|7|2|1|2|1|1|0|0|0|0|0|0|0|0|0|0|0|0|0,26
South Carolina,SUV,PHEV,2034,0|0|0|0|0|0|0|1|1|2|4|8|10|9|3|1|2|1|1|0|0|0|0|0|0|0|0|0|0|0|0,43
South Carolina,SUV,PHEV,2035,0|0|0|0|0|0|0|1|2|3|4|9|16|13|11|3|1|1|1|1|0|0|0|0|0|0|0|0|0|0|0,66
South Carolina,SUV,PHEV,2036,0|0|0|0|0|0|0|1|2|4|6|9|19|21|15|12|3|1|1|1|0|0|0|0|0|0|0|0|0|0|0,95
South Carolina,SUV,PHEV,2037,0|0|0|0|0|0|0|1|2|4|8|12|19|24|25|17|12|3|1|1|1|0|0|0|0|0|0|0|0|0|0,130
South Carolina,SUV,PHEV,2038,0|0|0|0|0|0|1|1|2|5|9|18|25|25|29|28|17|11|2|1|1|0|0|0|0|0|0|0|0|0|0,175
South Carolina,SUV,PHEV,2039,0|0|0|0|0|0|1|1|3|6|11|19|37|33|30|32|28|15|9|2|0|0|0|0|0|0|0|0|0|0|0,227
South Carolina,SUV,PHEV,2040,0|0|0|0|0|0|1|2|4|7|13|24|39|48|40|34|32|25|13|7|1|0|0|0|0|0|0|0|0|0|0,290
South Carolina,SUV,PHEV,2041,0|0|0|0|0|0|1|2|4|8|16|28|50|50|58|44|34|29|21|10|5|1|0|0|0|0|0|0|0|0|0,361
South Carolina,SUV,PHEV,2042,0|0|0|0|0|0|1|2|4|9|19|34|57|65|61|64|44|30|24|16|7|4|1|0|0|0|0|0|0|0|0,442
South Carolina,SUV,PHEV,2043,0|0|0|0|0|0|1|2|4|10|21|41|69|74|79|67|64|40|25|19|12|5|2|0|0|0|0|0|0|0|0,535
South Carolina,SUV,PHEV,2044,0|0|0|0|0|0|1|2|4|10|22|46|83|90|89|87|67|58|33|19|13|8|3|2|0|0|0|0|0|0|0,637
South Carolina,SUV,PHEV,2045,0|0|0|0|0|0|1|2|5|10|23|47|93|109|109|98|87|61|48|25|14|9|5|2|1|0|0|0|0|0|0,749
South Carolina,SUV,PHEV,2046,0|0|0|0|0|0|1|2|5|10|23|49|97|121|131|121|98|79|50|37|18|10|6|4|1|1|0|0|0|0|0,864
South Carolina,SUV,PHEV,2047,0|0|0|0|0|0|1|2|5|11|23|49|99|126|147|145|121|89|65|39|27|13|7|4|2|1|0|0|0|0|0,976
South Carolina,SUV,PHEV,2048,0|0|0|0|0|0|1|2|5|11|24|50|100|129|152|162|145|109|74|50|28|18|9|4|3|1|1|0|0|0|0,1078
South Carolina,SUV,PHEV,2049,0|0|0|0|0|0|1|2|5|11|24|51|101|131|156|168|162|131|90|57|36|19|12|6|3|2|1|0|0|0|0,1169
South Carolina,SUV,PHEV,2050,0|0|0|0|0|0|1|2|5|11|25|51|103|132|158|172|168|147|109|69|41|25|13|8|4|2|1|1|0|0|0,1248
South Dakota,Car,BEV,2020,0|0|0|0|0|0|0|0|0|0|0|0|0|0|0|0|0|0|0|0|0|0|0|0|0|0|0|0|0|0|0,0
South Dakota,Car,BEV,2021,0|0|0|0|0|0|0|0|0|0|0|0|0|0|0|0|0|0|0|0|0|0|0|0|0|0|0|0|0|0|0,0
South Dakota,Car,BEV,2022,0|0|0|0|0|0|0|0|0|0|0|0|0|0|0|0|0|0|0|0|0|0|0|0|0|0|0|0|0|0|0,0
South Dakota,Car,BEV,2023,0|0|0|0|0|0|0|0|0|0|0|0|0|0|0|0|0|0|0|0|0|0|0|0|0|0|0|0|0|0|0,0
South Dakota,Car,BEV,2024,0|0|0|0|0|0|0|0|0|0|0|0|0|0|0|0|0|0|0|0|0|0|0|0|0|0|0|0|0|0|0,0
South Dakota,Car,BEV,2025,0|0|0|0|0|0|0|0|0|0|0|0|0|0|0|0|0|0|0|0|0|0|0|0|0|0|0|0|0|0|0,0
South Dakota,Car,BEV,2026,0|0|0|0|0|0|0|0|0|0|0|0|0|0|0|0|0|0|0|0|0|0|0|0|0|0|0|0|0|0|0,0
South Dakota,Car,BEV,2027,0|0|0|0|0|0|0|0|0|0|0|0|0|0|0|0|0|0|0|0|0|0|0|0|0|0|0|0|0|0|0,0
South Dakota,Car,BEV,2028,0|0|0|0|0|0|0|0|0|0|0|0|0|0|0|0|0|0|0|0|0|0|0|0|0|0|0|0|0|0|0,0
South Dakota,Car,BEV,2029,0|0|0|0|0|0|0|0|0|0|0|0|0|0|0|0|0|0|0|0|0|0|0|0|0|0|0|0|0|0|0,0
South Dakota,Car,BEV,2030,0|0|0|0|0|0|0|0|0|0|0|0|0|0|0|0|0|0|0|0|0|0|0|0|0|0|0|0|0|0|0,0
South Dakota,Car,BEV,2031,0|0|0|0|0|0|0|0|0|0|0|0|0|1|0|0|0|0|0|0|0|0|0|0|0|0|0|0|0|0|0,1
South Dakota,Car,BEV,2032,0|0|0|0|0|0|0|0|0|0|0|0|0|1|1|0|0|0|0|0|0|0|0|0|0|0|0|0|0|0|0,2
South Dakota,Car,BEV,2033,0|0|0|0|0|0|0|0|0|0|0|0|1|0|1|1|0|0|0|0|0|0|0|0|0|0|0|0|0|0|0,3
South Dakota,Car,BEV,2034,0|0|0|0|0|0|0|0|1|1|0|0|1|1|0|1|1|0|0|0|0|0|0|0|0|0|0|0|0|0|0,6
South Dakota,Car,BEV,2035,0|0|0|0|0|0|0|0|1|1|2|0|1|1|1|1|1|1|0|0|0|0|0|0|0|0|0|0|0|0|0,10
South Dakota,Car,BEV,2036,0|0|0|0|0|0|0|0|1|2|3|5|1|1|2|1|1|1|1|0|0|0|0|0|0|0|0|0|0|0|0,19
South Dakota,Car,BEV,2037,0|0|0|0|0|0|0|0|1|2|4|6|10|1|2|2|1|0|1|0|0|0|0|0|0|0|0|0|0|0|0,30
South Dakota,Car,BEV,2038,0|0|0|0|0|0|0|0|1|2|4|8|13|12|2|2|2|1|0|0|0|0|0|0|0|0|0|0|0|0|0,47
South Dakota,Car,BEV,2039,0|0|0|0|0|0|0|1|1|2|5|10|16|17|15|2|2|2|1|0|0|0|0|0|0|0|0|0|0|0|0,74
South Dakota,Car,BEV,2040,0|0|0|0|0|0|0|1|1|3|6|11|19|21|20|17|2|2|1|1|0|0|0|0|0|0|0|0|0|0|0,105
South Dakota,Car,BEV,2041,0|0|0|0|0|0|0|1|1|3|6|12|22|25|25|22|17|2|1|1|0|0|0|0|0|0|0|0|0|0|0,138
South Dakota,Car,BEV,2042,0|0|0|0|0|0|0|1|2|3|7|13|25|29|31|28|22|15|1|1|1|0|0|0|0|0|0|0|0|0|0,179
South Dakota,Car,BEV,2043,0|0|0|0|0|0|0|1|2|4|8|15|28|33|35|34|28|20|12|1|1|1|0|0|0|0|0|0|0|0|0,223
South Dakota,Car,BEV,2044,0|0|0|0|0|0|0|1|2|4|9|17|30|36|40|39|34|25|17|10|1|1|0|0|0|0|0|0|0|0|0,266
South Dakota,Car,BEV,2045,0|0|0|0|0|0|0|1|2|4|9|19|35|40|43|44|39|31|21|13|7|0|0|0|0|0|0|0|0|0|0,308
South Dakota,Car,BEV,2046,0|0|0|0|0|0|0|1|2|5|10|20|38|46|48|48|44|35|25|16|9|5|0|0|0|0|0|0|0|0|0,352
South Dakota,Car,BEV,2047,0|0|0|0|0|0|0|1|2|5|11|22|40|49|55|53|48|40|29|19|11|6|3|0|0|0|0|0|0|0|0,394
South Dakota,Car,BEV,2048,0|0|0|0|0|0|0|1|3|5|11|23|44|53|60|61|53|43|33|22|14|8|4|2|0|0|0|0|0|0|0,440
South Dakota,Car,BEV,2049,0|0|0|0|0|0|1|1|3|6|12|24|46|57|64|66|61|48|36|25|16|10|5|3|1|0|0|0|0|0|0,485
South Dakota,Car,BEV,2050,0|0|0|0|0|0|1|1|3|6|13|26|49|60|69|70|66|55|40|28|18|11|7|4|2|1|0|0|0|0|0,530
South Dakota,Car,PHEV,2020,0|0|0|0|0|0|0|0|0|0|0|0|0|0|0|0|0|0|0|0|0|0|0|0|0|0|0|0|0|0|0,0
South Dakota,Car,PHEV,2021,0|0|0|0|0|0|0|0|0|0|0|0|0|0|0|0|0|0|0|0|0|0|0|0|0|0|0|0|0|0|0,0
South Dakota,Car,PHEV,2022,0|0|0|0|0|0|0|0|0|0|0|0|0|0|0|0|0|0|0|0|0|0|0|0|0|0|0|0|0|0|0,0
South Dakota,Car,PHEV,2023,0|0|0|0|0|0|0|0|0|0|0|0|0|0|0|0|0|0|0|0|0|0|0|0|0|0|0|0|0|0|0,0
South Dakota,Car,PHEV,2024,0|0|0|0|0|0|0|0|0|0|0|0|0|0|0|0|0|0|0|0|0|0|0|0|0|0|0|0|0|0|0,0
South Dakota,Car,PHEV,2025,0|0|0|0|0|0|0|0|0|0|0|0|0|0|0|0|0|0|0|0|0|0|0|0|0|0|0|0|0|0|0,0
South Dakota,Car,PHEV,2026,0|0|0|0|0|0|0|0|0|0|0|0|0|0|0|0|0|0|0|0|0|0|0|0|0|0|0|0|0|0|0,0
South Dakota,Car,PHEV,2027,0|0|0|0|0|0|0|0|0|0|0|0|0|0|0|0|0|0|0|0|0|0|0|0|0|0|0|0|0|0|0,0
South Dakota,Car,PHEV,2028,0|0|0|0|0|0|0|0|0|0|0|0|0|0|0|0|0|0|0|0|0|0|0|0|0|0|0|0|0|0|0,0
South Dakota,Car,PHEV,2029,0|0|0|0|0|0|0|0|0|0|0|0|0|0|0|0|0|0|0|0|0|0|0|0|0|0|0|0|0|0|0,0
South Dakota,Car,PHEV,2030,0|0|0|0|0|0|0|0|0|0|0|0|0|0|0|0|0|0|0|0|0|0|0|0|0|0|0|0|0|0|0,0
South Dakota,Car,PHEV,2031,0|0|0|0|0|0|0|0|0|0|0|0|0|0|0|0|0|0|0|0|0|0|0|0|0|0|0|0|0|0|0,0
South Dakota,Car,PHEV,2032,0|0|0|0|0|0|0|0|0|0|0|0|0|0|1|0|0|0|0|0|0|0|0|0|0|0|0|0|0|0|0,1
South Dakota,Car,PHEV,2033,0|0|0|0|0|0|0|0|0|0|0|0|0|0|0|1|0|0|0|0|0|0|0|0|0|0|0|0|0|0|0,1
South Dakota,Car,PHEV,2034,0|0|0|0|0|0|0|0|0|0|0|0|0|0|0|0|1|0|0|0|0|0|0|0|0|0|0|0|0|0|0,1
South Dakota,Car,PHEV,2035,0|0|0|0|0|0|0|0|0|0|0|0|0|0|0|0|0|1|0|0|0|0|0|0|0|0|0|0|0|0|0,1
South Dakota,Car,PHEV,2036,0|0|0|0|0|0|0|0|0|0|1|1|0|0|0|0|0|0|0|0|0|0|0|0|0|0|0|0|0|0|0,2
South Dakota,Car,PHEV,2037,0|0|0|0|0|0|0|0|0|0|1|1|2|0|0|0|0|0|0|0|0|0|0|0|0|0|0|0|0|0|0,4
South Dakota,Car,PHEV,2038,0|0|0|0|0|0|0|0|0|0|1|2|3|3|0|0|0|0|0|0|0|0|0|0|0|0|0|0|0|0|0,9
South Dakota,Car,PHEV,2039,0|0|0|0|0|0|0|0|0|1|1|2|4|3|3|0|0|0|0|0|0|0|0|0|0|0|0|0|0|0|0,14
South Dakota,Car,PHEV,2040,0|0|0|0|0|0|0|0|0|1|1|2|4|5|4|4|0|0|0|0|0|0|0|0|0|0|0|0|0|0|0,21
South Dakota,Car,PHEV,2041,0|0|0|0|0|0|0|0|0|1|1|3|5|5|6|5|4|0|0|0|0|0|0|0|0|0|0|0|0|0|0,30
South Dakota,Car,PHEV,2042,0|0|0|0|0|0|0|0|0|1|2|3|5|6|6|7|5|3|0|0|0|0|0|0|0|0|0|0|0|0|0,38
South Dakota,Car,PHEV,2043,0|0|0|0|0|0|0|0|0|1|2|3|6|7|8|7|7|4|3|0|0|0|0|0|0|0|0|0|0|0|0,48
South Dakota,Car,PHEV,2044,0|0|0|0|0|0|0|0|0|1|2|4|7|8|8|8|7|6|3|2|0|0|0|0|0|0|0|0|0|0|0,56
South Dakota,Car,PHEV,2045,0|0|0|0|0|0|0|0|0|1|2|4|8|9|10|9|8|6|5|3|2|0|0|0|0|0|0|0|0|0|0,67
South Dakota,Car,PHEV,2046,0|0|0|0|0|0|0|0|0|1|2|4|8|10|11|11|9|8|5|4|2|1|0|0|0|0|0|0|0|0|0,76
South Dakota,Car,PHEV,2047,0|0|0|0|0|0|0|0|0|1|2|4|8|10|12|12|11|8|6|4|3|1|1|0|0|0|0|0|0|0|0,83
South Dakota,Car,PHEV,2048,0|0|0|0|0|0|0|0|0|1|2|4|8|11|12|13|12|10|7|5|3|2|1|0|0|0|0|0|0|0|0,91
South Dakota,Car,PHEV,2049,0|0|0|0|0|0|0|0|0|1|2|4|9|11|13|14|13|11|8|5|3|2|1|1|0|0|0|0|0|0|0,98
South Dakota,Car,PHEV,2050,0|0|0|0|0|0|0|0|0|1|2|4|9|11|13|14|14|12|9|6|4|2|1|1|0|0|0|0|0|0|0,103
South Dakota,SUV,BEV,2020,0|0|0|0|0|0|0|0|0|0|0|0|0|0|0|0|0|0|0|0|0|0|0|0|0|0|0|0|0|0|0,0
South Dakota,SUV,BEV,2021,0|0|0|0|0|0|0|0|0|0|0|0|0|0|0|0|0|0|0|0|0|0|0|0|0|0|0|0|0|0|0,0
South Dakota,SUV,BEV,2022,0|0|0|0|0|0|0|0|0|0|0|0|0|0|0|0|0|0|0|0|0|0|0|0|0|0|0|0|0|0|0,0
South Dakota,SUV,BEV,2023,0|0|0|0|0|0|0|0|0|0|0|0|0|0|0|0|0|0|0|0|0|0|0|0|0|0|0|0|0|0|0,0
South Dakota,SUV,BEV,2024,0|0|0|0|0|0|0|0|0|0|0|0|0|0|0|0|0|0|0|0|0|0|0|0|0|0|0|0|0|0|0,0
South Dakota,SUV,BEV,2025,0|0|0|0|0|0|0|0|0|0|0|0|0|0|0|0|0|0|0|0|0|0|0|0|0|0|0|0|0|0|0,0
South Dakota,SUV,BEV,2026,0|0|0|0|0|0|0|0|0|0|0|0|0|0|0|0|0|0|0|0|0|0|0|0|0|0|0|0|0|0|0,0
South Dakota,SUV,BEV,2027,0|0|0|0|0|0|0|0|0|0|0|0|0|0|0|0|0|0|0|0|0|0|0|0|0|0|0|0|0|0|0,0
South Dakota,SUV,BEV,2028,0|0|0|0|0|0|0|0|0|0|0|0|0|0|0|0|0|0|0|0|0|0|0|0|0|0|0|0|0|0|0,0
South Dakota,SUV,BEV,2029,0|0|0|0|0|0|0|0|0|0|0|0|0|0|0|0|0|0|0|0|0|0|0|0|0|0|0|0|0|0|0,0
South Dakota,SUV,BEV,2030,0|0|0|0|0|0|0|0|0|0|0|0|0|0|0|0|0|0|0|0|0|0|0|0|0|0|0|0|0|0|0,0
South Dakota,SUV,BEV,2031,0|0|0|0|0|0|0|0|0|0|0|0|0|0|0|0|0|0|0|0|0|0|0|0|0|0|0|0|0|0|0,0
South Dakota,SUV,BEV,2032,0|0|0|0|0|0|0|0|0|0|0|0|0|0|0|0|0|0|0|0|0|0|0|0|0|0|0|0|0|0|0,0
South Dakota,SUV,BEV,2033,0|0|0|0|0|0|0|0|1|0|1|1|1|0|0|0|0|0|0|0|0|0|0|0|0|0|0|0|0|0|0,4
South Dakota,SUV,BEV,2034,0|0|0|0|0|0|0|1|1|2|1|1|2|1|0|0|0|0|0|0|0|0|0|0|0|0|0|0|0|0|0,9
South Dakota,SUV,BEV,2035,0|0|0|0|0|0|0|1|1|2|4|2|3|2|2|1|0|0|0|0|0|0|0|0|0|0|0|0|0|0|0,18
South Dakota,SUV,BEV,2036,0|0|0|0|0|0|0|1|2|3|5|8|4|4|3|2|1|0|0|0|0|0|0|0|0|0|0|0|0|0|0,33
South Dakota,SUV,BEV,2037,0|0|0|0|0|0|0|1|2|4|7|11|17|5|5|3|2|0|0|0|0|0|0|0|0|0|0|0|0|0|0,57
South Dakota,SUV,BEV,2038,0|0|0|0|0|0|0|1|2|4|8|15|23|22|6|5|3|2|0|0|0|0|0|0|0|0|0|0|0|0|0,91
South Dakota,SUV,BEV,2039,0|0|0|0|0|0|1|1|2|5|10|18|30|30|27|7|5|3|1|0|0|0|0|0|0|0|0|0|0|0|0,140
South Dakota,SUV,BEV,2040,0|0|0|0|0|0|1|1|3|6|12|22|38|39|36|29|7|5|2|1|0|0|0|0|0|0|0|0|0|0|0,202
South Dakota,SUV,BEV,2041,0|0|0|0|0|0|1|2|3|7|13|26|45|49|47|40|29|6|4|2|1|0|0|0|0|0|0|0|0|0|0,275
South Dakota,SUV,BEV,2042,0|0|0|0|0|0|1|2|4|8|15|29|53|59|59|52|40|27|5|3|1|1|0|0|0|0|0|0|0|0|0,359
South Dakota,SUV,BEV,2043,0|0|0|0|0|0|1|2|4|9|18|33|60|69|71|65|52|36|22|4|2|1|0|0|0|0|0|0|0|0|0,449
South Dakota,SUV,BEV,2044,0|0|0|0|0|0|1|2|5|10|20|40|69|79|84|79|65|47|30|17|3|2|1|0|0|0|0|0|0|0|0,554
South Dakota,SUV,BEV,2045,0|0|0|0|0|0|1|2|5|11|22|44|82|89|95|92|79|59|39|23|12|2|1|0|0|0|0|0|0|0|0,658
South Dakota,SUV,BEV,2046,0|0|0|0|0|0|1|2|5|11|24|47|90|106|108|105|92|71|49|30|17|8|1|1|0|0|0|0|0|0|0,768
South Dakota,SUV,BEV,2047,0|0|0|0|0|0|1|2|6|12|25|51|97|117|129|119|105|84|59|38|22|11|6|1|0|0|0|0|0|0|0,885
South Dakota,SUV,BEV,2048,0|0|0|0|0|0|1|3|6|13|27|54|104|126|141|142|119|95|69|45|27|15|8|4|1|0|0|0|0|0|0,1000
South Dakota,SUV,BEV,2049,0|0|0|0|0|1|1|3|6|13|28|58|110|136|152|156|142|108|79|53|33|19|10|5|2|0|0|0|0|0|0,1115
South Dakota,SUV,BEV,2050,0|0|0|0|0|1|1|3|6|14|30|61|117|144|164|168|156|129|89|60|38|23|13|7|3|2|0|0|0|0|0,1229
South Dakota,SUV,PHEV,2020,0|0|0|0|0|0|0|0|0|0|0|0|0|0|0|0|0|0|0|0|0|0|0|0|0|0|0|0|0|0|0,0
South Dakota,SUV,PHEV,2021,0|0|0|0|0|0|0|0|0|0|0|0|0|0|0|0|0|0|0|0|0|0|0|0|0|0|0|0|0|0|0,0
South Dakota,SUV,PHEV,2022,0|0|0|0|0|0|0|0|0|0|0|0|0|0|0|0|0|0|0|0|0|0|0|0|0|0|0|0|0|0|0,0
South Dakota,SUV,PHEV,2023,0|0|0|0|0|0|0|0|0|0|0|0|0|0|0|0|0|0|0|0|0|0|0|0|0|0|0|0|0|0|0,0
South Dakota,SUV,PHEV,2024,0|0|0|0|0|0|0|0|0|0|0|0|0|0|0|0|0|0|0|0|0|0|0|0|0|0|0|0|0|0|0,0
South Dakota,SUV,PHEV,2025,0|0|0|0|0|0|0|0|0|0|0|0|0|0|0|0|0|0|0|0|0|0|0|0|0|0|0|0|0|0|0,0
South Dakota,SUV,PHEV,2026,0|0|0|0|0|0|0|0|0|0|0|0|0|0|0|0|0|0|0|0|0|0|0|0|0|0|0|0|0|0|0,0
South Dakota,SUV,PHEV,2027,0|0|0|0|0|0|0|0|0|0|0|0|0|0|0|0|0|0|0|0|0|0|0|0|0|0|0|0|0|0|0,0
South Dakota,SUV,PHEV,2028,0|0|0|0|0|0|0|0|0|0|0|0|0|0|0|0|0|0|0|0|0|0|0|0|0|0|0|0|0|0|0,0
South Dakota,SUV,PHEV,2029,0|0|0|0|0|0|0|0|0|0|0|0|0|0|0|0|0|0|0|0|0|0|0|0|0|0|0|0|0|0|0,0
South Dakota,SUV,PHEV,2030,0|0|0|0|0|0|0|0|0|0|0|0|0|0|0|0|0|0|0|0|0|0|0|0|0|0|0|0|0|0|0,0
South Dakota,SUV,PHEV,2031,0|0|0|0|0|0|0|0|0|0|0|0|0|0|0|0|0|0|0|0|0|0|0|0|0|0|0|0|0|0|0,0
South Dakota,SUV,PHEV,2032,0|0|0|0|0|0|0|0|0|0|0|0|0|0|0|0|0|0|0|0|0|0|0|0|0|0|0|0|0|0|0,0
South Dakota,SUV,PHEV,2033,0|0|0|0|0|0|0|0|0|0|0|1|1|0|0|0|0|0|0|0|0|0|0|0|0|0|0|0|0|0|0,2
South Dakota,SUV,PHEV,2034,0|0|0|0|0|0|0|0|0|0|1|1|1|1|0|0|0|0|0|0|0|0|0|0|0|0|0|0|0|0|0,4
South Dakota,SUV,PHEV,2035,0|0|0|0|0|0|0|0|0|0|1|1|2|2|2|0|0|0|0|0|0|0|0|0|0|0|0|0|0|0|0,8
South Dakota,SUV,PHEV,2036,0|0|0|0|0|0|0|0|0|1|1|2|3|3|2|2|0|0|0|0|0|0|0|0|0|0|0|0|0|0|0,14
South Dakota,SUV,PHEV,2037,0|0|0|0|0|0|0|0|0|1|2|2|4|3|3|2|2|0|0|0|0|0|0|0|0|0|0|0|0|0|0,19
South Dakota,SUV,PHEV,2038,0|0|0|0|0|0|0|0|0|1|2|3|5|5|4|4|2|2|0|0|0|0|0|0|0|0|0|0|0|0|0,28
South Dakota,SUV,PHEV,2039,0|0|0|0|0|0|0|0|1|1|2|4|7|6|6|4|4|2|1|0|0|0|0|0|0|0|0|0|0|0|0,38
South Dakota,SUV,PHEV,2040,0|0|0|0|0|0|0|0|1|1|3|5|8|9|8|7|4|3|2|1|0|0|0|0|0|0|0|0|0|0|0,52
South Dakota,SUV,PHEV,2041,0|0|0|0|0|0|0|0|1|2|3|6|10|10|11|9|7|4|3|1|1|0|0|0|0|0|0|0|0|0|0,68
South Dakota,SUV,PHEV,2042,0|0|0|0|0|0|0|0|1|2|4|7|11|13|12|12|9|6|3|2|1|0|0|0|0|0|0|0|0|0|0,83
South Dakota,SUV,PHEV,2043,0|0|0|0|0|0|0|0|1|2|4|8|14|15|16|13|12|8|5|3|2|1|0|0|0|0|0|0|0|0|0,104
South Dakota,SUV,PHEV,2044,0|0|0|0|0|0|0|0|1|2|4|9|16|18|18|17|13|11|6|4|2|1|0|0|0|0|0|0|0|0|0,122
South Dakota,SUV,PHEV,2045,0|0|0|0|0|0|0|0|1|2|4|10|18|21|22|20|17|12|9|5|3|1|1|0|0|0|0|0|0|0|0,146
South Dakota,SUV,PHEV,2046,0|0|0|0|0|0|0|0|1|2|5|10|19|24|26|24|20|16|10|7|4|2|1|0|0|0|0|0|0|0|0,171
South Dakota,SUV,PHEV,2047,0|0|0|0|0|0|0|0|1|2|5|10|20|25|29|29|24|18|13|8|5|2|1|1|0|0|0|0|0|0|0,193
South Dakota,SUV,PHEV,2048,0|0|0|0|0|0|0|0|1|2|5|10|20|26|30|32|29|22|15|10|6|4|2|1|0|0|0|0|0|0|0,215
South Dakota,SUV,PHEV,2049,0|0|0|0|0|0|0|0|1|2|5|10|20|26|31|34|32|26|18|11|7|4|2|1|1|0|0|0|0|0|0,231
South Dakota,SUV,PHEV,2050,0|0|0|0|0|0|0|0|1|2|5|10|20|26|32|34|34|29|21|14|8|5|3|2|1|0|0|0|0|0|0,247
Tennessee,Car,BEV,2020,0|0|0|0|0|0|0|0|0|0|0|0|0|0|0|0|0|0|0|0|0|0|0|0|0|0|0|0|0|0|0,0
Tennessee,Car,BEV,2021,0|0|0|0|0|0|0|0|0|0|0|0|0|0|0|0|0|0|0|0|0|0|0|0|0|0|0|0|0|0|0,0
Tennessee,Car,BEV,2022,0|0|0|0|0|0|0|0|0|0|0|0|0|0|0|0|0|0|0|0|0|0|0|0|0|0|0|0|0|0|0,0
Tennessee,Car,BEV,2023,0|0|0|0|0|0|0|0|0|0|0|0|0|0|0|0|0|0|0|0|0|0|0|0|0|0|0|0|0|0|0,0
Tennessee,Car,BEV,2024,0|0|0|0|0|0|0|0|0|0|1|0|0|0|0|0|0|0|0|0|0|0|0|0|0|0|0|0|0|0|0,1
Tennessee,Car,BEV,2025,0|0|0|0|0|0|0|0|0|0|1|2|0|0|0|0|0|0|0|0|0|0|0|0|0|0|0|0|0|0|0,3
Tennessee,Car,BEV,2026,0|0|0|0|0|0|0|0|0|0|1|2|4|0|0|0|0|0|0|0|0|0|0|0|0|0|0|0|0|0|0,7
Tennessee,Car,BEV,2027,0|0|0|0|0|0|0|0|0|1|1|2|4|6|0|0|0|0|0|0|0|0|0|0|0|0|0|0|0|0|0,14
Tennessee,Car,BEV,2028,0|0|0|0|0|0|0|0|0|1|3|2|4|6|7|0|0|0|0|0|0|0|0|0|0|0|0|0|0|0|0,23
Tennessee,Car,BEV,2029,0|0|0|0|0|0|0|0|1|1|2|6|4|6|7|7|0|0|0|0|0|0|0|0|0|0|0|0|0|0|0,34
Tennessee,Car,BEV,2030,0|0|0|0|0|0|0|0|1|1|2|5|12|5|7|8|7|0|0|0|0|0|0|0|0|0|0|0|0|0|0,48
Tennessee,Car,BEV,2031,0|0|0|0|0|0|1|0|1|2|3|4|11|15|6|8|8|7|0|0|0|0|0|0|0|0|0|0|0|0|0,66
Tennessee,Car,BEV,2032,0|0|0|0|0|0|1|2|1|2|5|7|9|14|18|6|8|7|6|0|0|0|0|0|0|0|0|0|0|0|0,86
Tennessee,Car,BEV,2033,0|0|0|0|0|1|1|2|4|2|6|10|13|11|17|20|6|7|6|4|0|0|0|0|0|0|0|0|0|0|0,110
Tennessee,Car,BEV,2034,0|0|0|0|0|1|1|3|5|9|5|12|21|18|13|19|20|6|6|4|3|0|0|0|0|0|0|0|0|0|0,146
Tennessee,Car,BEV,2035,0|0|0|0|0|1|2|3|7|12|21|10|25|28|21|15|19|18|5|4|3|2|0|0|0|0|0|0|0|0|0,196
Tennessee,Car,BEV,2036,0|0|0|0|0|1|2|4|8|16|27|46|21|32|34|23|15|17|15|4|3|2|1|0|0|0|0|0|0|0|0,271
Tennessee,Car,BEV,2037,0|0|0|0|0|1|2|5|10|19|36|60|94|27|39|37|23|13|14|12|3|2|2|1|0|0|0|0|0|0|0,400
Tennessee,Car,BEV,2038,0|0|0|0|0|1|2|5|11|23|44|78|123|122|33|43|37|21|11|11|8|2|1|1|1|0|0|0|0|0|0,578
Tennessee,Car,BEV,2039,0|0|0|0|0|1|3|6|12|26|52|96|160|161|148|37|43|34|18|9|8|6|1|1|1|0|0|0|0|0|0,823
Tennessee,Car,BEV,2040,0|0|0|0|1|1|3|7|14|30|60|114|198|209|194|163|37|39|28|13|6|6|4|1|1|0|0|0|0|0|0,1129
Tennessee,Car,BEV,2041,0|0|0|0|1|1|3|7|16|33|68|132|234|258|253|214|163|33|32|21|10|4|4|3|1|0|0|0|0|0|0,1491
Tennessee,Car,BEV,2042,0|0|0|0|1|2|4|8|18|39|76|148|271|305|312|279|214|148|27|25|15|7|3|2|2|0|0|0|0|0|0,1906
Tennessee,Car,BEV,2043,0|0|0|0|1|2|4|9|19|42|88|165|303|353|369|345|279|194|122|21|18|11|5|2|2|1|0|0|0|0|0,2355
Tennessee,Car,BEV,2044,0|0|0|0|1|2|4|10|21|45|95|193|338|395|427|408|345|253|161|94|15|12|7|3|1|1|1|0|0|0|0,2832
Tennessee,Car,BEV,2045,0|0|0|0|1|2|4|10|23|49|103|208|395|441|478|471|408|312|209|123|68|11|8|5|2|1|1|0|0|0|0,3333
Tennessee,Car,BEV,2046,0|0|0|0|1|2|5|11|24|52|111|223|424|514|533|528|471|369|258|160|89|47|7|6|3|1|1|0|0|0|0,3840
Tennessee,Car,BEV,2047,0|0|0|0|1|2|5|12|26|56|117|239|454|553|622|589|528|427|305|198|116|62|32|5|4|2|1|0|0|0|0,4356
Tennessee,Car,BEV,2048,0|0|0|0|1|2|5|12|27|59|124|252|484|591|669|687|589|478|353|234|143|80|42|21|3|2|1|1|0|0|0,4860
Tennessee,Car,BEV,2049,0|0|0|0|1|2|6|13|28|63|132|266|509|631|715|739|687|533|395|271|169|99|54|27|14|2|1|1|0|0|0,5358
Tennessee,Car,BEV,2050,0|0|0|0|1|2|6|13|30|65|139|281|537|663|763|790|739|622|441|303|196|117|67|36|18|9|1|1|1|0|0,5841
Tennessee,Car,PHEV,2020,0|0|0|0|0|0|0|0|0|0|0|0|0|0|0|0|0|0|0|0|0|0|0|0|0|0|0|0|0|0|0,0
Tennessee,Car,PHEV,2021,0|0|0|0|0|0|0|0|0|0|0|0|0|0|0|0|0|0|0|0|0|0|0|0|0|0|0|0|0|0|0,0
Tennessee,Car,PHEV,2022,0|0|0|0|0|0|0|0|0|0|0|0|0|0|0|0|0|0|0|0|0|0|0|0|0|0|0|0|0|0|0,0
Tennessee,Car,PHEV,2023,0|0|0|0|0|0|0|0|0|0|0|0|0|0|0|0|0|0|0|0|0|0|0|0|0|0|0|0|0|0|0,0
Tennessee,Car,PHEV,2024,0|0|0|0|0|0|0|0|0|0|0|0|0|0|0|0|0|0|0|0|0|0|0|0|0|0|0|0|0|0|0,0
Tennessee,Car,PHEV,2025,0|0|0|0|0|0|0|0|0|0|0|1|0|0|0|0|0|0|0|0|0|0|0|0|0|0|0|0|0|0|0,1
Tennessee,Car,PHEV,2026,0|0|0|0|0|0|0|0|0|0|1|1|2|0|0|0|0|0|0|0|0|0|0|0|0|0|0|0|0|0|0,4
Tennessee,Car,PHEV,2027,0|0|0|0|0|0|0|0|0|0|1|1|1|3|0|0|0|0|0|0|0|0|0|0|0|0|0|0|0|0|0,6
Tennessee,Car,PHEV,2028,0|0|0|0|0|0|0|0|0|0|1|2|3|2|3|0|0|0|0|0|0|0|0|0|0|0|0|0|0|0|0,11
Tennessee,Car,PHEV,2029,0|0|0|0|0|0|0|0|0|0|1|2|3|3|2|3|0|0|0|0|0|0|0|0|0|0|0|0|0|0|0,14
Tennessee,Car,PHEV,2030,0|0|0|0|0|0|0|0|0|0|0|1|4|4|4|2|3|0|0|0|0|0|0|0|0|0|0|0|0|0|0,18
Tennessee,Car,PHEV,2031,0|0|0|0|0|0|0|0|0|0|1|1|3|6|5|5|2|3|0|0|0|0|0|0|0|0|0|0|0|0|0,26
Tennessee,Car,PHEV,2032,0|0|0|0|0|0|0|0|0|0|0|1|2|3|7|6|5|2|3|0|0|0|0|0|0|0|0|0|0|0|0,29
Tennessee,Car,PHEV,2033,0|0|0|0|0|0|0|0|1|0|0|1|3|3|4|7|6|4|2|2|0|0|0|0|0|0|0|0|0|0|0,33
Tennessee,Car,PHEV,2034,0|0|0|0|0|0|0|1|1|2|0|1|2|4|3|4|7|5|3|1|1|0|0|0|0|0|0|0|0|0|0,35
Tennessee,Car,PHEV,2035,0|0|0|0|0|0|0|1|2|3|5|1|2|3|5|4|4|7|4|3|1|1|0|0|0|0|0|0|0|0|0,46
Tennessee,Car,PHEV,2036,0|0|0|0|0|0|0|1|2|4|6|10|2|2|3|5|4|4|6|3|2|1|1|0|0|0|0|0|0|0|0,56
Tennessee,Car,PHEV,2037,0|0|0|0|0|0|0|1|2|4|9|13|20|3|3|4|5|3|3|4|2|1|0|0|0|0|0|0|0|0|0,77
Tennessee,Car,PHEV,2038,0|0|0|0|0|0|1|1|2|5|9|19|27|26|3|3|4|5|3|3|3|2|1|0|0|0|0|0|0|0|0,117
Tennessee,Car,PHEV,2039,0|0|0|0|0|0|1|1|3|5|11|19|38|35|32|4|3|3|4|2|2|2|1|1|0|0|0|0|0|0|0,167
Tennessee,Car,PHEV,2040,0|0|0|0|0|0|1|1|3|6|12|24|39|50|42|35|4|3|3|3|2|1|1|1|0|0|0|0|0|0|0,231
Tennessee,Car,PHEV,2041,0|0|0|0|0|0|1|2|4|8|15|27|50|51|60|46|35|3|2|2|2|1|1|1|0|0|0|0|0|0|0,311
Tennessee,Car,PHEV,2042,0|0|0|0|0|0|1|2|4|8|17|32|56|65|62|66|46|32|3|2|2|2|1|1|1|0|0|0|0|0|0,403
Tennessee,Car,PHEV,2043,0|0|0|0|0|0|1|2|4|9|19|38|66|73|79|69|66|42|26|2|1|1|1|0|0|0|0|0|0|0|0,499
Tennessee,Car,PHEV,2044,0|0|0|0|0|0|1|2|4|9|20|41|78|86|88|87|69|60|35|20|1|1|1|1|0|0|0|0|0|0|0,604
Tennessee,Car,PHEV,2045,0|0|0|0|0|0|1|2|4|9|20|43|85|101|105|97|87|62|50|27|15|1|1|0|0|0|0|0|0|0|0,710
Tennessee,Car,PHEV,2046,0|0|0|0|0|0|1|2|4|9|21|44|88|111|123|116|97|79|51|38|19|10|1|0|0|0|0|0|0|0|0,814
Tennessee,Car,PHEV,2047,0|0|0|0|0|0|1|2|4|10|21|45|89|114|134|135|116|88|65|39|28|13|7|0|0|0|0|0|0|0|0,911
Tennessee,Car,PHEV,2048,0|0|0|0|0|0|1|2|4|10|21|45|90|116|138|148|135|105|73|50|29|19|9|5|0|0|0|0|0|0|0,1000
Tennessee,Car,PHEV,2049,0|0|0|0|0|0|1|2|5|10|22|46|91|118|140|153|148|123|86|56|36|20|13|6|3|0|0|0|0|0|0,1079
Tennessee,Car,PHEV,2050,0|0|0|0|0|0|1|2|5|10|22|46|91|118|142|155|153|134|101|66|40|25|13|8|4|2|0|0|0|0|0,1138
Tennessee,SUV,BEV,2020,0|0|0|0|0|0|0|0|0|0|0|0|0|0|0|0|0|0|0|0|0|0|0|0|0|0|0|0|0|0|0,0
Tennessee,SUV,BEV,2021,0|0|0|0|0|0|0|0|0|0|0|0|0|0|0|0|0|0|0|0|0|0|0|0|0|0|0|0|0|0|0,0
Tennessee,SUV,BEV,2022,0|0|0|0|0|0|0|0|0|0|0|0|0|0|0|0|0|0|0|0|0|0|0|0|0|0|0|0|0|0|0,0
Tennessee,SUV,BEV,2023,0|0|0|0|0|0|0|0|0|0|0|0|0|0|0|0|0|0|0|0|0|0|0|0|0|0|0|0|0|0|0,0
Tennessee,SUV,BEV,2024,0|0|0|0|0|0|0|0|0|0|0|0|0|0|0|0|0|0|0|0|0|0|0|0|0|0|0|0|0|0|0,0
Tennessee,SUV,BEV,2025,0|0|0|0|0|0|0|0|0|0|0|0|0|0|0|0|0|0|0|0|0|0|0|0|0|0|0|0|0|0|0,0
Tennessee,SUV,BEV,2026,0|0|0|0|0|0|0|0|0|0|1|0|1|0|0|0|0|0|0|0|0|0|0|0|0|0|0|0|0|0|0,2
Tennessee,SUV,BEV,2027,0|0|0|0|0|0|0|0|0|0|1|1|1|1|0|0|0|0|0|0|0|0|0|0|0|0|0|0|0|0|0,4
Tennessee,SUV,BEV,2028,0|0|0|0|0|0|0|0|0|0|1|2|2|1|1|0|0|0|0|0|0|0|0|0|0|0|0|0|0|0|0,7
Tennessee,SUV,BEV,2029,0|0|0|0|0|0|0|1|1|1|1|1|4|3|2|1|0|0|0|0|0|0|0|0|0|0|0|0|0|0|0,15
Tennessee,SUV,BEV,2030,0|0|0|0|0|0|1|1|2|2|2|2|3|5|4|2|1|0|0|0|0|0|0|0|0|0|0|0|0|0|0,25
Tennessee,SUV,BEV,2031,0|0|0|0|0|0|1|1|3|4|5|4|3|4|6|4|2|1|0|0|0|0|0|0|0|0|0|0|0|0|0,38
Tennessee,SUV,BEV,2032,0|0|0|0|0|1|1|2|3|6|8|10|9|4|5|6|4|2|1|0|0|0|0|0|0|0|0|0|0|0|0,62
Tennessee,SUV,BEV,2033,0|0|0|0|0|1|1|2|5|8|14|18|21|11|5|5|6|4|1|1|0|0|0|0|0|0|0|0|0|0|0,103
Tennessee,SUV,BEV,2034,0|0|0|0|0|1|2|3|6|11|17|31|37|27|14|6|5|6|3|1|0|0|0|0|0|0|0|0|0|0|0,170
Tennessee,SUV,BEV,2035,0|0|0|0|0|1|2|4|8|14|25|38|63|48|32|15|6|5|5|2|1|0|0|0|0|0|0|0|0|0|0,269
Tennessee,SUV,BEV,2036,0|0|0|0|0|1|2|5|10|19|33|54|78|82|58|36|15|5|4|4|2|1|0|0|0|0|0|0|0|0|0,409
Tennessee,SUV,BEV,2037,0|0|0|0|1|1|3|6|12|24|44|72|112|102|99|65|36|14|4|3|3|1|0|0|0|0|0|0|0|0|0,602
Tennessee,SUV,BEV,2038,0|0|0|0|1|2|3|7|14|29|54|95|149|146|123|109|65|32|11|3|2|2|1|0|0|0|0|0|0|0|0,848
Tennessee,SUV,BEV,2039,0|0|0|0|1|2|4|8|16|34|66|119|196|194|176|136|109|58|27|9|2|1|1|1|0|0|0|0|0|0|0,1160
Tennessee,SUV,BEV,2040,0|0|0|0|1|2|4|9|19|39|78|143|245|256|234|194|136|99|48|21|6|2|1|1|0|0|0|0|0|0|0,1538
Tennessee,SUV,BEV,2041,0|0|0|0|1|2|5|10|23|45|89|170|294|320|309|259|194|123|82|37|15|4|1|1|1|0|0|0|0|0|0,1985
Tennessee,SUV,BEV,2042,0|0|0|0|1|2|5|11|25|53|102|194|348|384|386|341|259|176|102|63|27|10|3|1|0|0|0|0|0|0|0,2493
Tennessee,SUV,BEV,2043,0|0|0|0|1|2|5|12|27|59|121|221|397|454|464|427|341|234|146|78|45|19|7|2|0|0|0|0|0|0|0,3062
Tennessee,SUV,BEV,2044,0|0|0|0|1|3|6|13|30|64|133|264|453|518|549|513|427|309|194|112|57|32|13|5|1|0|0|0|0|0|0,3697
Tennessee,SUV,BEV,2045,0|0|0|0|1|3|6|14|32|69|145|289|539|590|626|606|513|386|256|149|81|39|21|8|3|1|0|0|0|0|0,4377
Tennessee,SUV,BEV,2046,0|0|0|0|1|3|7|15|34|74|156|314|590|703|714|691|606|464|320|196|108|56|26|14|5|2|1|0|0|0|0,5100
Tennessee,SUV,BEV,2047,0|0|0|0|1|3|7|16|36|79|167|337|639|770|850|788|691|549|384|245|142|75|38|17|9|3|1|0|0|0|0,5847
Tennessee,SUV,BEV,2048,0|0|0|0|1|3|7|17|38|84|177|359|685|833|931|939|788|626|454|294|177|98|50|25|11|6|2|1|0|0|0,6606
Tennessee,SUV,BEV,2049,0|0|0|0|1|3|8|18|40|88|187|381|728|894|1007|1028|939|714|518|348|213|123|66|33|16|7|4|1|1|0|0,7366
Tennessee,SUV,BEV,2050,0|0|0|1|1|3|8|19|42|91|197|402|770|950|1081|1113|1028|850|590|397|252|148|83|44|22|10|5|2|1|0|0,8110
Tennessee,SUV,PHEV,2020,0|0|0|0|0|0|0|0|0|0|0|0|0|0|0|0|0|0|0|0|0|0|0|0|0|0|0|0|0|0|0,0
Tennessee,SUV,PHEV,2021,0|0|0|0|0|0|0|0|0|0|0|0|0|0|0|0|0|0|0|0|0|0|0|0|0|0|0|0|0|0|0,0
Tennessee,SUV,PHEV,2022,0|0|0|0|0|0|0|0|0|0|0|0|0|0|0|0|0|0|0|0|0|0|0|0|0|0|0|0|0|0|0,0
Tennessee,SUV,PHEV,2023,0|0|0|0|0|0|0|0|0|0|0|0|0|0|0|0|0|0|0|0|0|0|0|0|0|0|0|0|0|0|0,0
Tennessee,SUV,PHEV,2024,0|0|0|0|0|0|0|0|0|0|0|0|0|0|0|0|0|0|0|0|0|0|0|0|0|0|0|0|0|0|0,0
Tennessee,SUV,PHEV,2025,0|0|0|0|0|0|0|0|0|0|0|0|0|0|0|0|0|0|0|0|0|0|0|0|0|0|0|0|0|0|0,0
Tennessee,SUV,PHEV,2026,0|0|0|0|0|0|0|0|0|0|0|0|0|0|0|0|0|0|0|0|0|0|0|0|0|0|0|0|0|0|0,0
Tennessee,SUV,PHEV,2027,0|0|0|0|0|0|0|0|0|0|0|0|0|0|0|0|0|0|0|0|0|0|0|0|0|0|0|0|0|0|0,0
Tennessee,SUV,PHEV,2028,0|0|0|0|0|0|0|0|0|0|0|0|1|1|0|0|0|0|0|0|0|0|0|0|0|0|0|0|0|0|0,2
Tennessee,SUV,PHEV,2029,0|0|0|0|0|0|0|0|0|0|0|1|1|1|1|1|0|0|0|0|0|0|0|0|0|0|0|0|0|0|0,5
Tennessee,SUV,PHEV,2030,0|0|0|0|0|0|0|0|1|1|1|0|1|1|2|1|1|0|0|0|0|0|0|0|0|0|0|0|0|0|0,9
Tennessee,SUV,PHEV,2031,0|0|0|0|0|0|0|0|1|1|2|1|1|2|2|2|1|0|0|0|0|0|0|0|0|0|0|0|0|0|0,13
Tennessee,SUV,PHEV,2032,0|0|0|0|0|0|0|0|1|2|3|5|2|1|2|2|2|1|0|0|0|0|0|0|0|0|0|0|0|0|0,21
Tennessee,SUV,PHEV,2033,0|0|0|0|0|0|0|1|1|2|4|6|10|3|2|2|2|2|1|0|0|0|0|0|0|0|0|0|0|0|0,36
Tennessee,SUV,PHEV,2034,0|0|0|0|0|0|0|1|1|2|5|10|13|12|4|2|2|2|1|0|0|0|0|0|0|0|0|0|0|0|0,55
Tennessee,SUV,PHEV,2035,0|0|0|0|0|0|0|1|2|3|5|11|20|17|15|4|2|2|1|1|0|0|0|0|0|0|0|0|0|0|0,84
Tennessee,SUV,PHEV,2036,0|0|0|0|0|0|1|1|2|5|7|12|23|26|21|17|4|2|2|1|1|0|0|0|0|0|0|0|0|0|0,125
Tennessee,SUV,PHEV,2037,0|0|0|0|0|0|1|1|3|5|10|16|24|30|31|23|17|4|1|1|1|0|0|0|0|0|0|0|0|0|0,168
Tennessee,SUV,PHEV,2038,0|0|0|0|0|0|1|2|3|6|11|23|32|31|36|35|23|15|3|1|1|1|0|0|0|0|0|0|0|0|0,224
Tennessee,SUV,PHEV,2039,0|0|0|0|0|0|1|2|4|7|14|24|46|42|38|40|35|21|12|2|1|1|0|0|0|0|0|0|0|0|0,290
Tennessee,SUV,PHEV,2040,0|0|0|0|0|0|1|2|4|9|16|31|49|60|50|42|40|31|17|10|2|0|0|0|0|0|0|0|0|0|0,364
Tennessee,SUV,PHEV,2041,0|0|0|0|0|0|1|2|5|10|20|35|63|64|73|56|42|36|26|13|7|1|0|0|0|0|0|0|0|0|0,454
Tennessee,SUV,PHEV,2042,0|0|0|0|0|0|1|2|5|12|24|43|72|83|77|81|56|38|30|20|10|5|1|0|0|0|0|0|0|0|0,560
Tennessee,SUV,PHEV,2043,0|0|0|0|0|0|1|2|5|12|26|52|88|94|100|85|81|50|31|23|14|7|3|1|0|0|0|0|0|0|0,675
Tennessee,SUV,PHEV,2044,0|0|0|0|0|0|1|2|6|13|28|57|105|115|114|110|85|73|42|24|17|10|4|2|0|0|0|0|0|0|0,808
Tennessee,SUV,PHEV,2045,0|0|0|0|0|0|1|2|6|13|28|60|117|137|139|126|110|77|60|32|17|12|7|3|1|0|0|0|0|0|0,948
Tennessee,SUV,PHEV,2046,0|0|0|0|0|0|1|3|6|13|29|62|123|153|166|154|126|100|64|46|23|12|8|4|2|1|0|0|0|0|0,1096
Tennessee,SUV,PHEV,2047,0|0|0|0|0|0|1|3|6|14|30|63|125|160|185|183|154|114|83|49|34|16|8|5|3|1|1|0|0|0|0,1238
Tennessee,SUV,PHEV,2048,0|0|0|0|0|0|1|3|6|14|30|64|127|163|193|204|183|139|94|63|35|23|11|5|3|2|1|0|0|0|0,1364
Tennessee,SUV,PHEV,2049,0|0|0|0|0|0|1|3|6|14|31|65|129|166|197|214|204|166|115|72|46|24|16|7|3|2|1|1|0|0|0,1483
Tennessee,SUV,PHEV,2050,0|0|0|0|0|0|1|3|7|14|31|65|130|168|200|218|214|185|137|88|52|32|16|10|5|2|1|1|0|0|0,1580
Texas,Car,BEV,2020,0|0|0|0|0|0|0|0|0|0|0|0|0|0|0|0|0|0|0|0|0|0|0|0|0|0|0|0|0|0|0,0
Texas,Car,BEV,2021,0|0|0|0|0|0|0|0|0|0|0|0|0|0|0|0|0|0|0|0|0|0|0|0|0|0|0|0|0|0|0,0
Texas,Car,BEV,2022,0|0|0|0|0|0|0|0|1|0|0|0|0|0|0|0|0|0|0|0|0|0|0|0|0|0|0|0|0|0|0,1
Texas,Car,BEV,2023,0|0|0|0|0|0|0|0|1|2|0|0|0|0|0|0|0|0|0|0|0|0|0|0|0|0|0|0|0|0|0,3
Texas,Car,BEV,2024,0|0|0|0|0|0|0|0|1|2|4|0|0|0|0|0|0|0|0|0|0|0|0|0|0|0|0|0|0|0|0,7
Texas,Car,BEV,2025,0|0|0|0|0|0|1|1|1|2|4|9|0|0|0|0|0|0|0|0|0|0|0|0|0|0|0|0|0|0|0,18
Texas,Car,BEV,2026,0|0|0|0|0|0|0|1|3|2|4|10|19|0|0|0|0|0|0|0|0|0|0|0|0|0|0|0|0|0|0,39
Texas,Car,BEV,2027,0|0|0|0|0|0|1|1|3|7|4|10|21|25|0|0|0|0|0|0|0|0|0|0|0|0|0|0|0|0|0,72
Texas,Car,BEV,2028,0|0|0|0|0|0|1|2|2|7|16|10|20|27|31|0|0|0|0|0|0|0|0|0|0|0|0|0|0|0|0,116
Texas,Car,BEV,2029,0|0|0|0|0|0|1|2|4|6|17|35|20|27|32|34|0|0|0|0|0|0|0|0|0|0|0|0|0|0|0,178
Texas,Car,BEV,2030,0|0|0|0|1|1|1|3|6|9|13|36|73|26|32|36|34|0|0|0|0|0|0|0|0|0|0|0|0|0|0,271
Texas,Car,BEV,2031,0|0|0|0|1|1|3|3|7|14|20|28|74|95|31|36|36|31|0|0|0|0|0|0|0|0|0|0|0|0|0,380
Texas,Car,BEV,2032,0|0|0|0|1|2|3|6|6|16|32|44|57|97|114|34|36|32|25|0|0|0|0|0|0|0|0|0|0|0|0,505
Texas,Car,BEV,2033,0|0|0|0|1|2|5|9|16|14|38|70|90|74|117|126|34|32|27|19|0|0|0|0|0|0|0|0|0|0|0,674
Texas,Car,BEV,2034,0|0|0|1|1|3|6|12|21|37|32|82|143|117|89|130|126|31|27|21|14|0|0|0|0|0|0|0|0|0|0,893
Texas,Car,BEV,2035,0|0|0|1|1|3|7|15|28|50|84|70|169|187|142|99|130|114|26|20|15|10|0|0|0|0|0|0|0|0|0,1171
Texas,Car,BEV,2036,0|0|0|1|2|4|8|18|35|66|113|183|144|221|226|157|99|117|95|20|15|10|7|0|0|0|0|0|0|0|0,1541
Texas,Car,BEV,2037,0|0|0|1|2|4|10|21|43|84|151|247|375|188|267|249|157|89|97|73|14|10|7|4|0|0|0|0|0|0|0,2093
Texas,Car,BEV,2038,0|0|0|1|2|5|11|24|50|101|191|331|507|488|227|295|249|142|74|74|52|10|7|5|3|0|0|0|0|0|0,2849
Texas,Car,BEV,2039,0|0|0|1|2|5|13|27|59|118|231|417|678|662|591|251|295|226|117|57|54|36|7|5|3|2|0|0|0|0|0,3857
Texas,Car,BEV,2040,0|0|0|1|3|6|14|32|66|139|269|504|855|884|800|652|251|267|187|90|41|37|24|4|3|2|1|0|0|0|0,5132
Texas,Car,BEV,2041,0|0|0|1|3|7|15|34|77|156|316|587|1031|1115|1069|884|652|227|221|143|65|28|25|16|3|2|1|1|0|0|0,6679
Texas,Car,BEV,2042,0|0|0|1|3|7|17|37|83|181|356|691|1204|1345|1348|1181|884|591|188|169|104|45|19|17|11|2|1|1|0|0|0,8486
Texas,Car,BEV,2043,0|0|0|1|3|8|18|41|89|195|413|775|1416|1569|1626|1489|1181|800|488|144|122|72|30|13|11|7|1|1|1|0|0,10514
Texas,Car,BEV,2044,0|0|0|1|3|8|19|43|97|209|444|900|1588|1846|1898|1796|1489|1069|662|375|104|85|48|20|8|7|4|1|1|0|0,12725
Texas,Car,BEV,2045,0|0|0|1|4|9|20|46|103|227|474|965|1841|2070|2232|2096|1796|1348|884|507|271|72|57|32|13|5|4|3|0|0|1,15081
Texas,Car,BEV,2046,0|0|1|1|4|9|22|49|110|239|511|1029|1972|2400|2503|2466|2096|1626|1115|678|367|188|49|38|21|8|3|3|2|0|1,17511
Texas,Car,BEV,2047,0|0|1|2|4|10|23|52|116|253|537|1101|2098|2571|2902|2765|2466|1898|1345|855|491|255|127|32|25|13|5|2|2|1|1,19953
Texas,Car,BEV,2048,0|0|1|2|4|10|24|55|123|267|566|1155|2235|2735|3109|3206|2765|2232|1569|1031|619|340|171|83|21|16|9|3|1|1|1,22354
Texas,Car,BEV,2049,0|0|1|2|4|11|26|59|130|283|597|1213|2339|2914|3307|3434|3206|2503|1846|1204|746|429|229|113|54|13|10|6|2|1|2,24684
Texas,Car,BEV,2050,0|0|1|2|4|11|27|62|138|299|630|1275|2448|3049|3523|3653|3434|2902|2070|1416|871|517|289|151|74|35|9|7|4|1|2,26904
Texas,Car,PHEV,2020,0|0|0|0|0|0|0|0|0|0|0|0|0|0|0|0|0|0|0|0|0|0|0|0|0|0|0|0|0|0|0,0
Texas,Car,PHEV,2021,0|0|0|0|0|0|0|0|0|0|0|0|0|0|0|0|0|0|0|0|0|0|0|0|0|0|0|0|0|0|0,0
Texas,Car,PHEV,2022,0|0|0|0|0|0|0|0|0|0|0|0|0|0|0|0|0|0|0|0|0|0|0|0|0|0|0|0|0|0|0,0
Texas,Car,PHEV,2023,0|0|0|0|0|0|0|0|0|1|0|0|0|0|0|0|0|0|0|0|0|0|0|0|0|0|0|0|0|0|0,1
Texas,Car,PHEV,2024,0|0|0|0|0|0|0|0|1|1|2|0|0|0|0|0|0|0|0|0|0|0|0|0|0|0|0|0|0|0|0,4
Texas,Car,PHEV,2025,0|0|0|0|0|0|0|0|1|1|1|5|0|0|0|0|0|0|0|0|0|0|0|0|0|0|0|0|0|0|0,8
Texas,Car,PHEV,2026,0|0|0|0|0|0|0|0|1|2|3|3|10|0|0|0|0|0|0|0|0|0|0|0|0|0|0|0|0|0|0,19
Texas,Car,PHEV,2027,0|0|0|0|0|0|0|0|1|2|4|6|7|13|0|0|0|0|0|0|0|0|0|0|0|0|0|0|0|0|0,33
Texas,Car,PHEV,2028,0|0|0|0|0|0|0|0|0|1|5|8|13|8|15|0|0|0|0|0|0|0|0|0|0|0|0|0|0|0|0,50
Texas,Car,PHEV,2029,0|0|0|0|0|0|0|0|1|1|3|11|17|17|10|17|0|0|0|0|0|0|0|0|0|0|0|0|0|0|0,77
Texas,Car,PHEV,2030,0|0|0|0|0|0|0|0|0|2|2|6|23|22|21|11|17|0|0|0|0|0|0|0|0|0|0|0|0|0|0,104
Texas,Car,PHEV,2031,0|0|0|0|0|0|1|0|0|1|4|5|13|30|27|23|11|15|0|0|0|0|0|0|0|0|0|0|0|0|0,130
Texas,Car,PHEV,2032,0|0|0|0|0|0|1|1|0|1|2|8|10|17|36|30|23|10|13|0|0|0|0|0|0|0|0|0|0|0|0,152
Texas,Car,PHEV,2033,0|0|0|0|0|0|1|2|3|1|2|5|16|13|20|40|30|21|8|10|0|0|0|0|0|0|0|0|0|0|0,172
Texas,Car,PHEV,2034,0|0|0|0|0|1|1|3|5|8|2|4|11|20|16|22|40|27|17|7|7|0|0|0|0|0|0|0|0|0|0,191
Texas,Car,PHEV,2035,0|0|0|0|0|1|2|3|7|11|18|5|8|14|25|18|22|36|22|13|5|5|0|0|0|0|0|0|0|0|0,215
Texas,Car,PHEV,2036,0|0|0|0|0|1|2|4|7|16|24|39|10|11|17|27|18|20|30|17|9|3|3|0|0|0|0|0|0|0|0,258
Texas,Car,PHEV,2037,0|0|0|0|0|1|2|4|9|16|35|53|80|13|13|19|27|16|17|23|12|7|2|2|0|0|0|0|0|0|0,351
Texas,Car,PHEV,2038,0|0|0|0|0|1|2|5|10|21|37|77|108|105|16|14|19|25|13|13|17|9|4|1|1|0|0|0|0|0|0,498
Texas,Car,PHEV,2039,0|0|0|0|0|1|3|6|12|23|48|82|158|140|126|18|14|17|20|10|9|12|6|3|1|1|0|0|0|0|0,710
Texas,Car,PHEV,2040,0|0|0|0|0|1|3|7|15|29|54|105|167|206|170|140|18|13|14|16|7|6|8|4|2|1|1|0|0|0|0,987
Texas,Car,PHEV,2041,0|0|0|0|0|1|3|7|16|35|68|117|215|218|249|187|140|16|11|11|11|5|4|5|2|1|0|0|0|0|0,1322
Texas,Car,PHEV,2042,0|0|0|0|1|1|3|7|17|38|79|148|241|281|263|275|187|126|13|8|8|8|3|3|3|2|1|0|0|0|0,1716
Texas,Car,PHEV,2043,0|0|0|0|1|1|3|8|17|39|86|173|303|314|340|291|275|170|105|10|6|5|5|2|2|2|1|1|0|0|0,2160
Texas,Car,PHEV,2044,0|0|0|0|1|1|3|8|18|40|89|189|355|395|379|375|291|249|140|80|7|4|4|4|2|1|1|1|0|0|0,2637
Texas,Car,PHEV,2045,0|0|0|0|1|1|3|8|18|42|91|194|387|463|478|419|375|263|206|108|58|5|3|2|2|1|1|1|0|0|0,3130
Texas,Car,PHEV,2046,0|0|0|0|1|1|4|8|19|42|94|198|397|505|560|528|419|340|218|158|78|40|3|2|2|1|1|0|1|0|0,3620
Texas,Car,PHEV,2047,0|0|0|0|1|2|4|9|19|43|95|203|403|518|611|619|528|379|281|167|114|54|27|2|1|1|1|0|0|0|0,4082
Texas,Car,PHEV,2048,0|0|0|0|1|2|4|9|20|44|96|203|410|526|627|674|619|478|314|215|121|79|36|18|1|1|1|1|0|0|1,4501
Texas,Car,PHEV,2049,0|0|0|0|1|2|4|9|20|45|97|205|409|535|636|692|674|560|395|241|156|84|53|24|12|1|0|0|0|0|1,4856
Texas,Car,PHEV,2050,0|0|0|0|1|2|4|9|21|46|100|206|411|534|647|703|692|611|463|303|174|108|56|35|16|8|1|0|0|0|0,5151
Texas,SUV,BEV,2020,0|0|0|0|0|0|0|0|0|0|0|0|0|0|0|0|0|0|0|0|0|0|0|0|0|0|0|0|0|0|0,0
Texas,SUV,BEV,2021,0|0|0|0|0|0|0|0|0|0|0|0|0|0|0|0|0|0|0|0|0|0|0|0|0|0|0|0|0|0|0,0
Texas,SUV,BEV,2022,0|0|0|0|0|0|0|0|0|0|0|0|0|0|0|0|0|0|0|0|0|0|0|0|0|0|0|0|0|0|0,0
Texas,SUV,BEV,2023,0|0|0|0|0|0|0|0|0|0|0|0|0|0|0|0|0|0|0|0|0|0|0|0|0|0|0|0|0|0|0,0
Texas,SUV,BEV,2024,0|0|0|0|0|0|0|0|0|0|1|0|0|0|0|0|0|0|0|0|0|0|0|0|0|0|0|0|0|0|0,1
Texas,SUV,BEV,2025,0|0|0|0|0|0|0|0|1|1|1|1|0|0|0|0|0|0|0|0|0|0|0|0|0|0|0|0|0|0|0,4
Texas,SUV,BEV,2026,0|0|0|0|0|0|0|0|1|2|2|2|3|0|0|0|0|0|0|0|0|0|0|0|0|0|0|0|0|0|0,10
Texas,SUV,BEV,2027,0|0|0|0|0|1|1|1|1|2|4|5|5|4|0|0|0|0|0|0|0|0|0|0|0|0|0|0|0|0|0,24
Texas,SUV,BEV,2028,0|0|0|0|1|1|2|2|2|2|4|9|11|6|5|0|0|0|0|0|0|0|0|0|0|0|0|0|0|0|0,45
Texas,SUV,BEV,2029,0|0|0|0|0|1|3|4|6|5|5|9|20|14|8|6|0|0|0|0|0|0|0|0|0|0|0|0|0|0|0,81
Texas,SUV,BEV,2030,0|0|0|0|1|1|4|7|10|13|13|11|20|26|17|9|6|0|0|0|0|0|0|0|0|0|0|0|0|0|0,138
Texas,SUV,BEV,2031,0|0|0|0|1|2|3|9|18|24|30|28|22|26|31|18|9|5|0|0|0|0|0|0|0|0|0|0|0|0|0,226
Texas,SUV,BEV,2032,0|0|0|1|1|2|4|8|22|42|56|66|57|29|31|34|18|8|4|0|0|0|0|0|0|0|0|0|0|0|0,383
Texas,SUV,BEV,2033,0|0|0|1|1|3|6|11|20|52|97|122|136|74|35|34|34|17|6|3|0|0|0|0|0|0|0|0|0|0|0,652
Texas,SUV,BEV,2034,0|0|0|1|2|4|8|15|27|46|120|212|251|178|90|39|34|31|14|5|2|0|0|0|0|0|0|0|0|0|0,1079
Texas,SUV,BEV,2035,0|0|0|1|2|4|9|19|36|63|106|263|436|327|215|99|39|31|26|11|4|2|0|0|0|0|0|0|0|0|0,1693
Texas,SUV,BEV,2036,0|0|0|1|2|5|11|23|46|86|145|233|541|568|395|237|99|35|26|20|8|2|1|0|0|0|0|0|0|0|0,2484
Texas,SUV,BEV,2037,0|0|0|1|3|6|14|28|57|109|196|318|478|705|687|436|237|90|29|20|14|5|2|1|0|0|0|0|0|0|0,3436
Texas,SUV,BEV,2038,0|0|0|1|3|8|16|34|68|134|251|429|654|624|853|758|436|215|74|22|14|10|4|1|0|0|0|0|0|0|0,4609
Texas,SUV,BEV,2039,0|0|0|1|4|9|20|40|83|161|307|548|882|853|754|942|758|395|178|57|16|10|7|2|1|0|0|0|0|0|0,6028
Texas,SUV,BEV,2040,0|0|1|2|4|9|22|48|97|196|368|671|1125|1150|1031|833|942|687|327|136|41|11|7|4|2|0|0|0|0|0|0,7714
Texas,SUV,BEV,2041,0|0|1|2|4|10|23|53|116|227|446|803|1376|1467|1391|1139|833|853|568|251|99|29|8|4|3|1|0|0|0|0|0,9707
Texas,SUV,BEV,2042,0|0|1|2|4|11|25|57|128|271|515|972|1646|1795|1774|1536|1139|754|705|436|181|68|19|5|3|2|1|0|0|0|0,12050
Texas,SUV,BEV,2043,0|0|1|2|5|12|27|62|138|298|613|1119|1990|2146|2170|1960|1536|1031|624|541|315|126|46|13|3|2|1|0|0|0|0,14781
Texas,SUV,BEV,2044,0|0|1|2|5|12|29|67|148|322|675|1331|2286|2595|2595|2397|1960|1391|853|478|391|218|85|30|8|2|1|1|0|0|0,17883
Texas,SUV,BEV,2045,0|0|1|2|5|13|31|72|160|347|730|1461|2715|2980|3137|2866|2397|1774|1150|654|346|271|147|56|20|5|1|1|0|0|0,21342
Texas,SUV,BEV,2046,0|0|1|2|6|14|33|76|170|373|785|1581|2977|3539|3604|3466|2866|2170|1467|882|473|240|183|97|36|13|3|1|0|0|0,25058
Texas,SUV,BEV,2047,0|0|1|2|6|15|35|81|181|395|840|1700|3220|3882|4280|3981|3466|2595|1795|1125|638|328|161|120|63|23|8|2|1|0|0,28944
Texas,SUV,BEV,2048,0|0|1|2|6|16|37|85|191|418|888|1812|3461|4198|4694|4727|3981|3137|2146|1376|814|443|221|107|78|41|15|5|1|0|1,32902
Texas,SUV,BEV,2049,0|0|1|3|7|17|39|90|201|440|936|1911|3679|4513|5077|5185|4727|3604|2595|1646|996|565|298|146|69|51|26|10|3|1|1,36837
Texas,SUV,BEV,2050,0|0|1|3|7|17|41|94|211|462|984|2008|3871|4796|5456|5607|5185|4280|2980|1990|1191|691|380|197|95|45|32|17|6|2|1,40650
Texas,SUV,PHEV,2020,0|0|0|0|0|0|0|0|0|0|0|0|0|0|0|0|0|0|0|0|0|0|0|0|0|0|0|0|0|0|0,0
Texas,SUV,PHEV,2021,0|0|0|0|0|0|0|0|0|0|0|0|0|0|0|0|0|0|0|0|0|0|0|0|0|0|0|0|0|0|0,0
Texas,SUV,PHEV,2022,0|0|0|0|0|0|0|0|0|0|0|0|0|0|0|0|0|0|0|0|0|0|0|0|0|0|0|0|0|0|0,0
Texas,SUV,PHEV,2023,0|0|0|0|0|0|0|0|0|0|0|0|0|0|0|0|0|0|0|0|0|0|0|0|0|0|0|0|0|0|0,0
Texas,SUV,PHEV,2024,0|0|0|0|0|0|0|0|0|0|0|0|0|0|0|0|0|0|0|0|0|0|0|0|0|0|0|0|0|0|0,0
Texas,SUV,PHEV,2025,0|0|0|0|0|0|0|0|0|0|1|1|0|0|0|0|0|0|0|0|0|0|0|0|0|0|0|0|0|0|0,2
Texas,SUV,PHEV,2026,0|0|0|0|0|0|0|0|0|1|1|1|2|0|0|0|0|0|0|0|0|0|0|0|0|0|0|0|0|0|0,5
Texas,SUV,PHEV,2027,0|0|0|0|0|0|0|0|0|1|1|2|3|2|0|0|0|0|0|0|0|0|0|0|0|0|0|0|0|0|0,9
Texas,SUV,PHEV,2028,0|0|0|0|0|0|0|1|0|1|1|3|5|3|3|0|0|0|0|0|0|0|0|0|0|0|0|0|0|0|0,17
Texas,SUV,PHEV,2029,0|0|0|0|0|0|1|1|2|1|1|3|6|6|4|3|0|0|0|0|0|0|0|0|0|0|0|0|0|0|0,28
Texas,SUV,PHEV,2030,0|0|0|0|0|0|1|2|3|5|2|3|7|8|8|5|3|0|0|0|0|0|0|0|0|0|0|0|0|0|0,47
Texas,SUV,PHEV,2031,0|0|0|0|0|0|1|2|4|6|11|5|6|8|9|8|5|3|0|0|0|0|0|0|0|0|0|0|0|0|0,68
Texas,SUV,PHEV,2032,0|0|0|0|0|1|1|2|5|10|14|23|11|7|10|10|8|4|2|0|0|0|0|0|0|0|0|0|0|0|0,108
Texas,SUV,PHEV,2033,0|0|0|0|0|1|1|2|4|11|22|31|47|15|9|11|10|8|3|2|0|0|0|0|0|0|0|0|0|0|0,177
Texas,SUV,PHEV,2034,0|0|0|0|0|1|1|3|6|10|25|48|63|62|18|10|11|9|6|3|1|0|0|0|0|0|0|0|0|0|0,277
Texas,SUV,PHEV,2035,0|0|0|0|0|1|2|4|8|13|23|56|100|82|75|19|10|10|8|5|2|1|0|0|0|0|0|0|0|0|0,419
Texas,SUV,PHEV,2036,0|0|0|0|1|1|2|5|9|20|31|50|114|130|100|83|19|9|8|6|3|1|1|0|0|0|0|0|0|0|0,593
Texas,SUV,PHEV,2037,0|0|0|0|1|1|3|6|12|21|46|67|102|149|157|110|83|18|7|7|4|2|1|0|0|0|0|0|0|0|0,797
Texas,SUV,PHEV,2038,0|0|0|0|1|2|4|7|14|28|49|100|138|133|180|173|110|75|15|6|5|3|2|1|0|0|0|0|0|0|0,1046
Texas,SUV,PHEV,2039,0|0|0|0|1|2|4|9|18|33|65|107|205|180|160|199|173|100|62|11|4|3|2|1|0|0|0|0|0|0|0,1339
Texas,SUV,PHEV,2040,0|0|0|0|1|2|4|10|22|43|75|141|219|267|218|177|199|157|82|47|8|3|2|1|1|0|0|0|0|0|0,1679
Texas,SUV,PHEV,2041,0|0|0|0|1|2|5|11|25|52|97|163|290|286|323|241|177|180|130|63|34|6|2|1|1|0|0|0|0|0|0,2090
Texas,SUV,PHEV,2042,0|0|0|0|1|2|5|11|26|58|117|210|333|378|346|357|241|160|149|100|46|24|4|1|1|1|0|0|0|0|0,2571
Texas,SUV,PHEV,2043,0|0|0|0|1|2|5|11|27|61|130|254|430|434|457|382|357|218|133|114|72|32|16|2|1|1|0|0|0|0|0,3140
Texas,SUV,PHEV,2044,0|0|0|0|1|2|5|12|27|62|137|283|518|561|525|504|382|323|180|102|83|50|21|11|2|1|0|0|0|0|0,3792
Texas,SUV,PHEV,2045,0|0|0|0|1|2|5|12|28|64|141|297|577|675|678|580|504|346|267|138|74|57|34|14|7|1|0|0|0|0|0,4502
Texas,SUV,PHEV,2046,0|0|0|0|1|2|5|12|29|66|144|305|605|752|816|749|580|457|286|205|100|51|39|22|9|4|1|0|0|0|0,5240
Texas,SUV,PHEV,2047,0|0|0|0|1|2|6|13|29|67|147|311|620|788|910|902|749|525|378|219|148|69|34|25|14|6|3|0|0|0|0,5966
Texas,SUV,PHEV,2048,0|0|0|0|1|2|6|13|30|68|150|317|632|808|953|1005|902|678|434|290|159|103|47|23|17|9|4|2|0|0|0,6653
Texas,SUV,PHEV,2049,0|0|0|0|1|2|6|14|31|70|150|320|642|824|978|1053|1005|816|561|333|210|110|69|31|15|11|6|2|1|0|0,7261
Texas,SUV,PHEV,2050,0|0|0|0|1|2|6|14|32|71|154|321|646|837|997|1080|1053|910|675|430|241|145|74|46|20|10|7|4|2|1|0,7779
Utah,Car,BEV,2020,0|0|0|0|0|0|0|0|0|0|0|0|0|0|0|0|0|0|0|0|0|0|0|0|0|0|0|0|0|0|0,0
Utah,Car,BEV,2021,0|0|0|0|0|0|0|0|0|0|0|0|0|0|0|0|0|0|0|0|0|0|0|0|0|0|0|0|0|0|0,0
Utah,Car,BEV,2022,0|0|0|0|0|0|0|0|0|0|0|0|0|0|0|0|0|0|0|0|0|0|0|0|0|0|0|0|0|0|0,0
Utah,Car,BEV,2023,0|0|0|0|0|0|0|0|0|0|0|0|0|0|0|0|0|0|0|0|0|0|0|0|0|0|0|0|0|0|0,0
Utah,Car,BEV,2024,0|0|0|0|0|0|0|0|0|0|1|0|0|0|0|0|0|0|0|0|0|0|0|0|0|0|0|0|0|0|0,1
Utah,Car,BEV,2025,0|0|0|0|0|0|0|0|0|0|1|2|0|0|0|0|0|0|0|0|0|0|0|0|0|0|0|0|0|0|0,3
Utah,Car,BEV,2026,0|0|0|0|0|0|0|0|1|0|1|2|4|0|0|0|0|0|0|0|0|0|0|0|0|0|0|0|0|0|0,8
Utah,Car,BEV,2027,0|0|0|0|0|0|0|0|1|2|1|2|4|5|0|0|0|0|0|0|0|0|0|0|0|0|0|0|0|0|0,15
Utah,Car,BEV,2028,0|0|0|0|0|0|0|0|0|2|4|2|4|6|6|0|0|0|0|0|0|0|0|0|0|0|0|0|0|0|0,24
Utah,Car,BEV,2029,0|0|0|0|0|0|0|0|1|1|3|8|4|5|7|7|0|0|0|0|0|0|0|0|0|0|0|0|0|0|0,36
Utah,Car,BEV,2030,0|0|0|0|0|0|0|1|1|2|3|8|16|5|7|7|7|0|0|0|0|0|0|0|0|0|0|0|0|0|0,57
Utah,Car,BEV,2031,0|0|0|0|0|0|0|0|1|3|4|6|16|21|7|7|7|6|0|0|0|0|0|0|0|0|0|0|0|0|0,78
Utah,Car,BEV,2032,0|0|0|0|0|0|0|1|1|3|6|9|12|20|26|7|7|7|5|0|0|0|0|0|0|0|0|0|0|0|0,104
Utah,Car,BEV,2033,0|0|0|0|0|0|1|1|2|3|7|13|18|16|25|28|7|7|6|4|0|0|0|0|0|0|0|0|0|0|0,138
Utah,Car,BEV,2034,0|0|0|0|0|0|1|2|3|5|6|14|27|24|19|27|28|7|5|4|3|0|0|0|0|0|0|0|0|0|0,175
Utah,Car,BEV,2035,0|0|0|0|0|0|1|2|4|7|12|12|30|35|29|21|27|26|5|4|3|2|0|0|0|0|0|0|0|0|0,220
Utah,Car,BEV,2036,0|0|0|0|0|0|1|2|4|9|15|26|25|39|42|32|21|25|21|4|3|2|1|0|0|0|0|0|0|0|0,272
Utah,Car,BEV,2037,0|0|0|0|0|1|1|3|5|10|19|33|53|33|47|47|32|19|20|16|3|2|1|1|0|0|0|0|0|0|0,346
Utah,Car,BEV,2038,0|0|0|0|0|1|1|3|6|12|24|42|67|69|40|52|47|29|16|16|12|2|1|1|1|0|0|0|0|0|0,442
Utah,Car,BEV,2039,0|0|0|0|0|1|2|3|7|14|28|52|86|87|83|44|52|42|24|12|11|8|1|1|1|0|0|0|0|0|0,559
Utah,Car,BEV,2040,0|0|0|0|0|1|2|4|8|17|33|62|106|113|105|92|44|47|35|18|9|8|6|1|1|0|0|0|0|0|0,712
Utah,Car,BEV,2041,0|0|0|0|0|1|2|4|9|19|39|71|126|138|136|116|92|40|39|27|13|6|5|4|1|0|0|0|0|0|0,888
Utah,Car,BEV,2042,0|0|0|0|0|1|2|5|10|22|43|84|145|164|167|150|116|83|33|30|19|9|4|3|2|0|0|0|0|0|0,1092
Utah,Car,BEV,2043,0|0|0|0|0|1|2|5|11|24|50|94|172|189|199|185|150|105|69|25|21|13|6|3|2|2|0|0|0|0|0,1328
Utah,Car,BEV,2044,0|0|0|0|0|1|2|5|12|26|54|109|192|224|229|219|185|136|87|53|18|15|9|4|2|1|1|0|0|0|0,1584
Utah,Car,BEV,2045,0|0|0|0|0|1|3|6|13|28|58|117|222|251|271|253|219|167|113|67|38|13|10|6|3|1|1|1|0|0|0,1862
Utah,Car,BEV,2046,0|0|0|0|0|1|3|6|14|29|62|125|238|289|303|300|253|199|138|86|48|26|9|7|4|2|1|1|0|0|0,2144
Utah,Car,BEV,2047,0|0|0|0|1|1|3|7|14|31|66|134|255|311|350|335|300|229|164|106|62|33|18|6|4|3|1|0|0|0|0,2434
Utah,Car,BEV,2048,0|0|0|0|1|1|3|7|15|33|70|142|273|332|376|386|335|271|189|126|77|43|22|12|4|3|2|1|0|0|0,2724
Utah,Car,BEV,2049,0|0|0|0|1|1|3|7|16|35|74|151|288|356|402|415|386|303|224|145|91|53|29|15|8|2|2|1|0|0|0,3008
Utah,Car,BEV,2050,0|0|0|0|1|1|3|8|17|38|79|159|305|376|430|444|415|350|251|172|105|63|36|19|10|5|2|1|1|0|0,3291
Utah,Car,PHEV,2020,0|0|0|0|0|0|0|0|0|0|0|0|0|0|0|0|0|0|0|0|0|0|0|0|0|0|0|0|0|0|0,0
Utah,Car,PHEV,2021,0|0|0|0|0|0|0|0|0|0|0|0|0|0|0|0|0|0|0|0|0|0|0|0|0|0|0|0|0|0|0,0
Utah,Car,PHEV,2022,0|0|0|0|0|0|0|0|0|0|0|0|0|0|0|0|0|0|0|0|0|0|0|0|0|0|0|0|0|0|0,0
Utah,Car,PHEV,2023,0|0|0|0|0|0|0|0|0|0|0|0|0|0|0|0|0|0|0|0|0|0|0|0|0|0|0|0|0|0|0,0
Utah,Car,PHEV,2024,0|0|0|0|0|0|0|0|0|0|0|0|0|0|0|0|0|0|0|0|0|0|0|0|0|0|0|0|0|0|0,0
Utah,Car,PHEV,2025,0|0|0|0|0|0|0|0|0|0|0|1|0|0|0|0|0|0|0|0|0|0|0|0|0|0|0|0|0|0|0,1
Utah,Car,PHEV,2026,0|0|0|0|0|0|0|0|0|0|1|1|2|0|0|0|0|0|0|0|0|0|0|0|0|0|0|0|0|0|0,4
Utah,Car,PHEV,2027,0|0|0|0|0|0|0|0|0|1|1|1|1|3|0|0|0|0|0|0|0|0|0|0|0|0|0|0|0|0|0,7
Utah,Car,PHEV,2028,0|0|0|0|0|0|0|0|0|0|1|2|3|2|3|0|0|0|0|0|0|0|0|0|0|0|0|0|0|0|0,11
Utah,Car,PHEV,2029,0|0|0|0|0|0|0|0|0|0|1|3|4|3|2|3|0|0|0|0|0|0|0|0|0|0|0|0|0|0|0,16
Utah,Car,PHEV,2030,0|0|0|0|0|0|0|0|0|0|1|1|5|5|4|2|3|0|0|0|0|0|0|0|0|0|0|0|0|0|0,21
Utah,Car,PHEV,2031,0|0|0|0|0|0|0|0|0|0|1|1|3|7|6|5|2|3|0|0|0|0|0|0|0|0|0|0|0|0|0,28
Utah,Car,PHEV,2032,0|0|0|0|0|0|0|0|0|0|1|2|3|4|8|7|5|2|3|0|0|0|0|0|0|0|0|0|0|0|0,35
Utah,Car,PHEV,2033,0|0|0|0|0|0|0|0|0|0|0|1|4|3|5|9|7|4|2|2|0|0|0|0|0|0|0|0|0|0|0,37
Utah,Car,PHEV,2034,0|0|0|0|0|0|0|0|1|1|1|1|3|5|4|5|9|6|3|1|1|0|0|0|0|0|0|0|0|0|0,41
Utah,Car,PHEV,2035,0|0|0|0|0|0|0|0|1|1|2|1|2|3|6|4|5|8|5|3|1|1|0|0|0|0|0|0|0|0|0,43
Utah,Car,PHEV,2036,0|0|0|0|0|0|0|0|1|2|3|5|2|2|4|7|4|5|7|4|2|1|1|0|0|0|0|0|0|0|0,50
Utah,Car,PHEV,2037,0|0|0|0|0|0|0|0|1|2|4|7|11|3|3|4|7|4|4|5|3|1|0|0|0|0|0|0|0|0|0,59
Utah,Car,PHEV,2038,0|0|0|0|0|0|0|1|1|3|5|10|14|14|4|3|4|6|3|3|4|2|1|0|0|0|0|0|0|0|0,78
Utah,Car,PHEV,2039,0|0|0|0|0|0|0|1|1|3|6|10|20|18|17|4|3|4|5|3|2|3|1|1|0|0|0|0|0|0|0,102
Utah,Car,PHEV,2040,0|0|0|0|0|0|0|1|2|3|6|12|20|25|21|19|4|3|3|4|2|1|2|1|0|0|0|0|0|0|0,129
Utah,Car,PHEV,2041,0|0|0|0|0|0|0|1|2|4|8|14|25|26|31|24|19|4|2|3|3|1|1|1|1|0|0|0|0|0|0,170
Utah,Car,PHEV,2042,0|0|0|0|0|0|0|1|2|4|9|17|28|33|32|34|24|17|3|2|2|2|1|1|1|0|0|0|0|0|0,213
Utah,Car,PHEV,2043,0|0|0|0|0|0|0|1|2|5|10|20|36|36|40|35|34|21|14|2|1|1|1|1|0|1|0|0|0|0|0,261
Utah,Car,PHEV,2044,0|0|0|0|0|0|0|1|2|5|11|22|41|46|44|44|35|31|18|11|2|1|1|1|0|0|0|0|0|0|0,316
Utah,Car,PHEV,2045,0|0|0|0|0|0|0|1|2|5|11|23|45|54|56|49|44|32|25|14|8|1|1|1|1|0|0|0|0|0|0,373
Utah,Car,PHEV,2046,0|0|0|0|0|0|0|1|2|5|11|23|47|59|65|62|49|40|26|20|10|5|1|0|0|0|0|0|0|0|0,426
Utah,Car,PHEV,2047,0|0|0|0|0|0|0|1|2|5|11|24|48|61|71|72|62|44|33|20|14|7|4|1|0|0|0|0|0|0|0,480
Utah,Car,PHEV,2048,0|0|0|0|0|0|0|1|2|5|12|24|49|62|74|78|72|56|36|25|15|10|5|2|0|0|0|0|0|0|0,528
Utah,Car,PHEV,2049,0|0|0|0|0|0|0|1|3|6|12|25|49|64|75|81|78|65|46|28|18|10|7|3|2|0|0|0|0|0|0,573
Utah,Car,PHEV,2050,0|0|0|0|0|0|0|1|3|6|12|25|50|64|77|83|81|71|54|36|20|13|7|4|2|1|0|0|0|0|0,610
Utah,SUV,BEV,2020,0|0|0|0|0|0|0|0|0|0|0|0|0|0|0|0|0|0|0|0|0|0|0|0|0|0|0|0|0|0|0,0
Utah,SUV,BEV,2021,0|0|0|0|0|0|0|0|0|0|0|0|0|0|0|0|0|0|0|0|0|0|0|0|0|0|0|0|0|0|0,0
Utah,SUV,BEV,2022,0|0|0|0|0|0|0|0|0|0|0|0|0|0|0|0|0|0|0|0|0|0|0|0|0|0|0|0|0|0|0,0
Utah,SUV,BEV,2023,0|0|0|0|0|0|0|0|0|0|0|0|0|0|0|0|0|0|0|0|0|0|0|0|0|0|0|0|0|0|0,0
Utah,SUV,BEV,2024,0|0|0|0|0|0|0|0|0|0|0|0|0|0|0|0|0|0|0|0|0|0|0|0|0|0|0|0|0|0|0,0
Utah,SUV,BEV,2025,0|0|0|0|0|0|0|0|0|0|0|0|0|0|0|0|0|0|0|0|0|0|0|0|0|0|0|0|0|0|0,0
Utah,SUV,BEV,2026,0|0|0|0|0|0|0|0|0|0|0|0|0|0|0|0|0|0|0|0|0|0|0|0|0|0|0|0|0|0|0,0
Utah,SUV,BEV,2027,0|0|0|0|0|0|0|0|0|0|1|1|1|1|0|0|0|0|0|0|0|0|0|0|0|0|0|0|0|0|0,4
Utah,SUV,BEV,2028,0|0|0|0|0|0|0|0|0|0|1|2|2|1|1|0|0|0|0|0|0|0|0|0|0|0|0|0|0|0|0,7
Utah,SUV,BEV,2029,0|0|0|0|0|0|1|1|1|1|1|2|4|3|2|1|0|0|0|0|0|0|0|0|0|0|0|0|0|0|0,17
Utah,SUV,BEV,2030,0|0|0|0|0|0|1|1|2|3|3|2|4|6|3|2|1|0|0|0|0|0|0|0|0|0|0|0|0|0|0,28
Utah,SUV,BEV,2031,0|0|0|0|0|0|0|2|3|5|6|6|4|6|7|4|2|1|0|0|0|0|0|0|0|0|0|0|0|0|0,46
Utah,SUV,BEV,2032,0|0|0|0|0|0|1|1|4|7|11|13|12|6|7|7|4|2|1|0|0|0|0|0|0|0|0|0|0|0|0,76
Utah,SUV,BEV,2033,0|0|0|0|0|0|1|1|2|9|17|23|28|16|7|7|7|3|1|0|0|0|0|0|0|0|0|0|0|0|0,122
Utah,SUV,BEV,2034,0|0|0|0|0|0|1|2|3|6|21|37|47|36|20|8|7|7|3|1|0|0|0|0|0|0|0|0|0|0|0,199
Utah,SUV,BEV,2035,0|0|0|0|0|1|1|2|4|8|13|46|76|62|44|22|8|7|6|2|1|0|0|0|0|0|0|0|0|0|0,303
Utah,SUV,BEV,2036,0|0|0|0|0|1|1|3|5|10|18|29|94|99|75|48|22|7|6|4|2|0|0|0|0|0|0|0|0|0|0,424
Utah,SUV,BEV,2037,0|0|0|0|0|1|2|3|7|13|23|38|60|123|120|82|48|20|6|4|3|1|0|0|0|0|0|0|0|0|0,554
Utah,SUV,BEV,2038,0|0|0|0|0|1|2|4|8|15|29|50|79|78|149|132|82|44|16|4|3|2|1|0|0|0|0|0|0|0|0,699
Utah,SUV,BEV,2039,0|0|0|0|0|1|2|5|10|19|35|64|104|103|95|164|132|75|36|12|3|2|1|0|0|0|0|0|0|0|0,863
Utah,SUV,BEV,2040,0|0|0|0|0|1|3|6|11|23|42|77|131|135|124|105|164|120|62|28|9|2|1|1|0|0|0|0|0|0|0,1045
Utah,SUV,BEV,2041,0|0|0|0|0|1|3|6|14|27|52|92|158|170|163|137|105|149|99|47|20|6|2|1|1|0|0|0|0|0|0,1253
Utah,SUV,BEV,2042,0|0|0|0|1|1|3|7|15|32|60|113|188|206|206|180|137|95|123|76|34|14|4|1|1|0|0|0|0|0|0,1497
Utah,SUV,BEV,2043,0|0|0|0|1|1|3|7|16|35|71|130|231|245|249|227|180|124|78|94|55|24|9|3|1|0|0|0|0|0|0,1784
Utah,SUV,BEV,2044,0|0|0|0|1|1|3|8|17|37|78|154|264|301|297|275|227|163|103|60|68|38|16|6|2|0|0|0|0|0|0,2119
Utah,SUV,BEV,2045,0|0|0|0|1|2|4|8|18|40|84|169|313|345|364|328|275|206|135|79|43|47|26|11|4|1|0|0|0|0|0,2503
Utah,SUV,BEV,2046,0|0|0|0|1|2|4|9|20|43|90|182|343|407|417|402|328|249|170|104|57|30|32|17|7|3|1|0|0|0|0,2918
Utah,SUV,BEV,2047,0|0|0|0|1|2|4|9|21|46|97|195|371|447|493|460|402|297|206|131|75|39|20|21|11|4|2|0|0|0|0,3354
Utah,SUV,BEV,2048,0|0|0|0|1|2|4|10|22|49|103|210|398|484|541|544|460|364|245|158|94|52|27|13|14|7|3|1|0|0|0,3806
Utah,SUV,BEV,2049,0|0|0|0|1|2|5|10|23|51|109|222|426|519|585|598|544|417|301|188|114|66|35|18|9|9|5|2|1|0|0,4260
Utah,SUV,BEV,2050,0|0|0|0|1|2|5|11|25|54|114|234|451|556|628|646|598|493|345|231|136|79|44|23|11|6|6|3|1|0|0,4703
Utah,SUV,PHEV,2020,0|0|0|0|0|0|0|0|0|0|0|0|0|0|0|0|0|0|0|0|0|0|0|0|0|0|0|0|0|0|0,0
Utah,SUV,PHEV,2021,0|0|0|0|0|0|0|0|0|0|0|0|0|0|0|0|0|0|0|0|0|0|0|0|0|0|0|0|0|0|0,0
Utah,SUV,PHEV,2022,0|0|0|0|0|0|0|0|0|0|0|0|0|0|0|0|0|0|0|0|0|0|0|0|0|0|0|0|0|0|0,0
Utah,SUV,PHEV,2023,0|0|0|0|0|0|0|0|0|0|0|0|0|0|0|0|0|0|0|0|0|0|0|0|0|0|0|0|0|0|0,0
Utah,SUV,PHEV,2024,0|0|0|0|0|0|0|0|0|0|0|0|0|0|0|0|0|0|0|0|0|0|0|0|0|0|0|0|0|0|0,0
Utah,SUV,PHEV,2025,0|0|0|0|0|0|0|0|0|0|0|0|0|0|0|0|0|0|0|0|0|0|0|0|0|0|0|0|0|0|0,0
Utah,SUV,PHEV,2026,0|0|0|0|0|0|0|0|0|0|0|0|0|0|0|0|0|0|0|0|0|0|0|0|0|0|0|0|0|0|0,0
Utah,SUV,PHEV,2027,0|0|0|0|0|0|0|0|0|0|0|0|0|0|0|0|0|0|0|0|0|0|0|0|0|0|0|0|0|0|0,0
Utah,SUV,PHEV,2028,0|0|0|0|0|0|0|0|0|0|0|1|1|1|0|0|0|0|0|0|0|0|0|0|0|0|0|0|0|0|0,3
Utah,SUV,PHEV,2029,0|0|0|0|0|0|0|0|0|0|0|1|1|1|1|1|0|0|0|0|0|0|0|0|0|0|0|0|0|0|0,5
Utah,SUV,PHEV,2030,0|0|0|0|0|0|0|0|1|1|1|1|1|2|2|1|1|0|0|0|0|0|0|0|0|0|0|0|0|0|0,11
Utah,SUV,PHEV,2031,0|0|0|0|0|0|0|0|1|1|3|1|1|2|2|2|1|0|0|0|0|0|0|0|0|0|0|0|0|0|0,14
Utah,SUV,PHEV,2032,0|0|0|0|0|0|0|0|1|2|3|6|3|2|2|2|2|1|0|0|0|0|0|0|0|0|0|0|0|0|0,24
Utah,SUV,PHEV,2033,0|0|0|0|0|0|0|0|0|3|5|7|12|3|2|2|2|2|1|0|0|0|0|0|0|0|0|0|0|0|0,39
Utah,SUV,PHEV,2034,0|0|0|0|0|0|0|0|1|1|6|11|15|15|4|2|2|2|1|0|0|0|0|0|0|0|0|0|0|0|0,60
Utah,SUV,PHEV,2035,0|0|0|0|0|0|0|0|1|2|3|13|23|20|18|5|2|2|2|1|0|0|0|0|0|0|0|0|0|0|0,92
Utah,SUV,PHEV,2036,0|0|0|0|0|0|0|1|1|2|4|6|27|31|24|20|5|2|2|1|1|0|0|0|0|0|0|0|0|0|0,127
Utah,SUV,PHEV,2037,0|0|0|0|0|0|0|1|1|2|5|8|12|35|37|26|20|4|2|1|1|0|0|0|0|0|0|0|0|0|0,155
Utah,SUV,PHEV,2038,0|0|0|0|0|0|0|1|2|3|6|11|16|16|42|41|26|18|3|1|1|1|0|0|0|0|0|0|0|0|0,188
Utah,SUV,PHEV,2039,0|0|0|0|0|0|0|1|2|4|7|12|23|21|19|47|41|24|15|3|1|1|0|0|0|0|0|0|0|0|0,221
Utah,SUV,PHEV,2040,0|0|0|0|0|0|1|1|3|5|8|16|25|30|25|21|47|37|20|12|2|1|0|0|0|0|0|0|0|0|0,254
Utah,SUV,PHEV,2041,0|0|0|0|0|0|1|1|3|6|11|18|32|32|37|28|21|42|31|15|8|1|0|0|0|0|0|0|0|0|0,287
Utah,SUV,PHEV,2042,0|0|0|0|0|0|1|1|3|7|14|24|37|42|39|41|28|19|35|23|11|6|1|0|0|0|0|0|0|0|0,332
Utah,SUV,PHEV,2043,0|0|0|0|0|0|1|1|3|7|15|29|49|49|51|43|41|25|16|27|17|8|4|1|0|0|0|0|0|0|0,387
Utah,SUV,PHEV,2044,0|0|0|0|0|0|1|1|3|7|16|32|59|64|59|57|43|37|21|12|19|12|5|3|0|0|0|0|0|0|0,451
Utah,SUV,PHEV,2045,0|0|0|0|0|0|1|1|3|7|16|34|65|77|77|65|57|39|30|16|9|13|8|3|2|0|0|0|0|0|0,523
Utah,SUV,PHEV,2046,0|0|0|0|0|0|1|1|3|7|16|34|69|85|93|85|65|51|32|23|12|6|9|5|2|1|0|0|0|0|0,600
Utah,SUV,PHEV,2047,0|0|0|0|0|0|1|1|3|8|17|35|70|90|103|102|85|59|42|25|17|8|4|6|3|1|1|0|0|0|0,681
Utah,SUV,PHEV,2048,0|0|0|0|0|0|1|2|3|8|17|36|71|91|108|114|102|77|49|32|18|12|5|3|4|2|1|0|0|0|0,756
Utah,SUV,PHEV,2049,0|0|0|0|0|0|1|2|4|8|17|36|73|92|110|120|114|93|64|37|23|12|8|4|2|3|1|1|0|0|0,825
Utah,SUV,PHEV,2050,0|0|0|0|0|0|1|2|4|8|17|36|73|95|112|121|120|103|77|49|27|16|8|5|2|1|2|1|0|0|0,880
Vermont,Car,BEV,2020,0|0|0|0|0|0|0|0|0|0|0|0|0|0|0|0|0|0|0|0|0|0|0|0|0|0|0|0|0|0|0,0
Vermont,Car,BEV,2021,0|0|0|0|0|0|0|0|0|0|0|0|0|0|0|0|0|0|0|0|0|0|0|0|0|0|0|0|0|0|0,0
Vermont,Car,BEV,2022,0|0|0|0|0|0|0|0|0|0|0|0|0|0|0|0|0|0|0|0|0|0|0|0|0|0|0|0|0|0|0,0
Vermont,Car,BEV,2023,0|0|0|0|0|0|0|0|0|0|0|0|0|0|0|0|0|0|0|0|0|0|0|0|0|0|0|0|0|0|0,0
Vermont,Car,BEV,2024,0|0|0|0|0|0|0|0|0|0|0|0|0|0|0|0|0|0|0|0|0|0|0|0|0|0|0|0|0|0|0,0
Vermont,Car,BEV,2025,0|0|0|0|0|0|0|0|0|0|0|0|0|0|0|0|0|0|0|0|0|0|0|0|0|0|0|0|0|0|0,0
Vermont,Car,BEV,2026,0|0|0|0|0|0|0|0|0|0|0|0|0|0|0|0|0|0|0|0|0|0|0|0|0|0|0|0|0|0|0,0
Vermont,Car,BEV,2027,0|0|0|0|0|0|0|0|0|0|0|0|0|0|0|0|0|0|0|0|0|0|0|0|0|0|0|0|0|0|0,0
Vermont,Car,BEV,2028,0|0|0|0|0|0|0|0|0|0|1|0|0|0|1|0|0|0|0|0|0|0|0|0|0|0|0|0|0|0|0,2
Vermont,Car,BEV,2029,0|0|0|0|0|0|0|0|0|0|1|2|1|0|1|1|0|0|0|0|0|0|0|0|0|0|0|0|0|0|0,6
Vermont,Car,BEV,2030,0|0|0|0|0|0|0|0|0|0|1|2|3|1|1|1|1|0|0|0|0|0|0|0|0|0|0|0|0|0|0,10
Vermont,Car,BEV,2031,0|0|0|0|0|0|0|0|0|0|1|1|3|4|1|1|1|1|0|0|0|0|0|0|0|0|0|0|0|0|0,13
Vermont,Car,BEV,2032,0|0|0|0|0|0|0|0|0|1|1|2|2|4|5|1|1|1|0|0|0|0|0|0|0|0|0|0|0|0|0,18
Vermont,Car,BEV,2033,0|0|0|0|0|0|0|0|1|0|1|2|4|3|5|5|1|1|0|0|0|0|0|0|0|0|0|0|0|0|0,23
Vermont,Car,BEV,2034,0|0|0|0|0|0|0|1|1|2|1|3|5|5|4|6|5|1|0|0|0|0|0|0|0|0|0|0|0|0|0,34
Vermont,Car,BEV,2035,0|0|0|0|0|0|0|1|1|3|4|2|6|6|6|4|6|5|1|0|0|0|0|0|0|0|0|0|0|0|0,45
Vermont,Car,BEV,2036,0|0|0|0|0|0|0|1|2|3|6|8|5|7|8|6|4|5|4|1|0|0|0|0|0|0|0|0|0|0|0,60
Vermont,Car,BEV,2037,0|0|0|0|0|0|0|1|2|4|7|13|16|6|9|9|6|4|4|3|1|0|0|0|0|0|0|0|0|0|0,85
Vermont,Car,BEV,2038,0|0|0|0|0|0|0|1|2|4|9|15|26|21|8|10|9|6|3|3|2|0|0|0|0|0|0|0|0|0|0,119
Vermont,Car,BEV,2039,0|0|0|0|0|0|0|1|2|5|10|19|32|34|26|8|10|8|5|2|2|2|0|0|0|0|0|0|0|0|0,166
Vermont,Car,BEV,2040,0|0|0|0|0|0|0|1|2|5|11|21|39|41|41|29|8|9|6|4|2|2|1|0|0|0|0|0|0|0|0,222
Vermont,Car,BEV,2041,0|0|0|0|0|0|1|1|3|6|12|25|44|51|50|46|29|8|7|5|3|1|1|1|0|0|0|0|0|0|0,294
Vermont,Car,BEV,2042,0|0|0|0|0|0|1|1|3|6|13|26|51|57|61|55|46|26|6|6|4|2|1|1|0|0|0|0|0|0|0,366
Vermont,Car,BEV,2043,0|0|0|0|0|0|1|1|3|6|14|28|53|67|70|68|55|41|21|5|4|2|1|1|0|0|0|0|0|0|0,441
Vermont,Car,BEV,2044,0|0|0|0|0|0|1|1|3|7|14|29|57|69|81|77|68|50|34|16|3|3|2|1|0|0|0|0|0|0|0,516
Vermont,Car,BEV,2045,0|0|0|0|0|0|1|1|3|7|16|31|60|74|84|89|77|61|41|26|12|2|2|1|1|0|0|0|0|0|0,589
Vermont,Car,BEV,2046,0|0|0|0|0|0|1|2|3|7|16|34|64|78|89|93|89|70|51|32|19|8|2|1|1|0|0|0|0|0|0,660
Vermont,Car,BEV,2047,0|0|0|0|0|0|1|2|3|8|16|34|68|83|95|99|93|81|57|39|23|13|6|1|1|0|0|0|0|0|0,723
Vermont,Car,BEV,2048,0|0|0|0|0|0|1|2|4|8|17|35|69|89|101|105|99|84|67|44|28|16|9|4|1|1|0|0|0|0|0,784
Vermont,Car,BEV,2049,0|0|0|0|0|0|1|2|4|8|18|36|70|90|108|111|105|89|69|51|32|19|11|6|2|0|0|0|0|0|0,832
Vermont,Car,BEV,2050,0|0|0|0|0|0|1|2|4|9|18|37|71|91|109|119|111|95|74|53|37|22|13|7|4|2|0|0|0|0|0,879
Vermont,Car,PHEV,2020,0|0|0|0|0|0|0|0|0|0|0|0|0|0|0|0|0|0|0|0|0|0|0|0|0|0|0|0|0|0|0,0
Vermont,Car,PHEV,2021,0|0|0|0|0|0|0|0|0|0|0|0|0|0|0|0|0|0|0|0|0|0|0|0|0|0|0|0|0|0|0,0
Vermont,Car,PHEV,2022,0|0|0|0|0|0|0|0|0|0|0|0|0|0|0|0|0|0|0|0|0|0|0|0|0|0|0|0|0|0|0,0
Vermont,Car,PHEV,2023,0|0|0|0|0|0|0|0|0|0|0|0|0|0|0|0|0|0|0|0|0|0|0|0|0|0|0|0|0|0|0,0
Vermont,Car,PHEV,2024,0|0|0|0|0|0|0|0|0|0|0|0|0|0|0|0|0|0|0|0|0|0|0|0|0|0|0|0|0|0|0,0
Vermont,Car,PHEV,2025,0|0|0|0|0|0|0|0|0|0|0|1|0|0|0|0|0|0|0|0|0|0|0|0|0|0|0|0|0|0|0,1
Vermont,Car,PHEV,2026,0|0|0|0|0|0|0|0|0|0|0|0|1|0|0|0|0|0|0|0|0|0|0|0|0|0|0|0|0|0|0,1
Vermont,Car,PHEV,2027,0|0|0|0|0|0|0|0|0|0|1|1|1|2|0|0|0|0|0|0|0|0|0|0|0|0|0|0|0|0|0,5
Vermont,Car,PHEV,2028,0|0|0|0|0|0|0|0|0|0|1|1|2|1|2|0|0|0|0|0|0|0|0|0|0|0|0|0|0|0|0,7
Vermont,Car,PHEV,2029,0|0|0|0|0|0|0|0|0|0|0|1|3|2|1|2|0|0|0|0|0|0|0|0|0|0|0|0|0|0|0,9
Vermont,Car,PHEV,2030,0|0|0|0|0|0|0|0|0|0|0|1|3|3|3|2|2|0|0|0|0|0|0|0|0|0|0|0|0|0|0,14
Vermont,Car,PHEV,2031,0|0|0|0|0|0|0|0|0|0|0|0|1|4|4|3|2|2|0|0|0|0|0|0|0|0|0|0|0|0|0,16
Vermont,Car,PHEV,2032,0|0|0|0|0|0|0|0|0|0|0|1|1|2|5|4|3|1|2|0|0|0|0|0|0|0|0|0|0|0|0,19
Vermont,Car,PHEV,2033,0|0|0|0|0|0|0|0|0|0|0|0|2|1|2|5|4|3|1|1|0|0|0|0|0|0|0|0|0|0|0,19
Vermont,Car,PHEV,2034,0|0|0|0|0|0|0|0|0|0|0|0|1|2|2|2|5|4|2|1|1|0|0|0|0|0|0|0|0|0|0,20
Vermont,Car,PHEV,2035,0|0|0|0|0|0|0|0|0|0|1|1|1|1|2|2|2|5|3|2|1|1|0|0|0|0|0|0|0|0|0,22
Vermont,Car,PHEV,2036,0|0|0|0|0|0|0|0|0|1|1|1|1|1|2|3|2|2|4|3|1|0|0|0|0|0|0|0|0|0|0,22
Vermont,Car,PHEV,2037,0|0|0|0|0|0|0|0|0|1|2|3|3|1|1|2|3|2|2|3|2|1|0|0|0|0|0|0|0|0|0,26
Vermont,Car,PHEV,2038,0|0|0|0|0|0|0|0|0|1|2|3|5|4|2|1|2|2|1|1|2|1|1|0|0|0|0|0|0|0|0,28
Vermont,Car,PHEV,2039,0|0|0|0|0|0|0|0|0|1|2|3|7|6|5|2|1|2|2|1|1|1|1|0|0|0|0|0|0|0|0,35
Vermont,Car,PHEV,2040,0|0|0|0|0|0|0|0|0|1|2|4|7|9|8|5|2|1|1|2|1|1|1|1|0|0|0|0|0|0|0,46
Vermont,Car,PHEV,2041,0|0|0|0|0|0|0|0|1|1|2|4|9|9|11|9|5|2|1|1|1|1|0|1|0|0|0|0|0|0|0,58
Vermont,Car,PHEV,2042,0|0|0|0|0|0|0|0|1|1|3|5|9|11|11|12|9|5|1|1|1|1|0|0|0|0|0|0|0|0|0,71
Vermont,Car,PHEV,2043,0|0|0|0|0|0|0|0|1|1|3|6|10|12|13|12|12|8|4|1|1|0|1|0|0|0|0|0|0|0|0,85
Vermont,Car,PHEV,2044,0|0|0|0|0|0|0|0|1|1|3|6|12|13|14|15|12|11|6|3|1|0|0|0|0|0|0|0|0|0|0,98
Vermont,Car,PHEV,2045,0|0|0|0|0|0|0|0|1|1|3|6|13|15|16|16|15|11|9|5|2|1|0|0|0|0|0|0|0|0|0,114
Vermont,Car,PHEV,2046,0|0|0|0|0|0|0|0|1|1|3|6|13|16|18|18|16|13|9|7|4|2|0|0|0|0|0|0|0|0|0,127
Vermont,Car,PHEV,2047,0|0|0|0|0|0|0|0|1|1|3|6|13|17|20|20|18|14|11|7|5|2|1|0|0|0|0|0|0|0|0,139
Vermont,Car,PHEV,2048,0|0|0|0|0|0|0|0|1|1|3|6|12|17|20|22|20|16|12|9|5|3|2|1|0|0|0|0|0|0|0,150
Vermont,Car,PHEV,2049,0|0|0|0|0|0|0|0|1|1|3|6|12|16|20|22|22|18|13|9|6|3|2|1|0|0|0|0|0|0|0,155
Vermont,Car,PHEV,2050,0|0|0|0|0|0|0|0|1|1|3|6|12|16|20|22|22|20|15|10|7|4|2|2|1|0|0|0|0|0|0,164
Vermont,SUV,BEV,2020,0|0|0|0|0|0|0|0|0|0|0|0|0|0|0|0|0|0|0|0|0|0|0|0|0|0|0|0|0|0|0,0
Vermont,SUV,BEV,2021,0|0|0|0|0|0|0|0|0|0|0|0|0|0|0|0|0|0|0|0|0|0|0|0|0|0|0|0|0|0|0,0
Vermont,SUV,BEV,2022,0|0|0|0|0|0|0|0|0|0|0|0|0|0|0|0|0|0|0|0|0|0|0|0|0|0|0|0|0|0|0,0
Vermont,SUV,BEV,2023,0|0|0|0|0|0|0|0|0|0|0|0|0|0|0|0|0|0|0|0|0|0|0|0|0|0|0|0|0|0|0,0
Vermont,SUV,BEV,2024,0|0|0|0|0|0|0|0|0|0|0|0|0|0|0|0|0|0|0|0|0|0|0|0|0|0|0|0|0|0|0,0
Vermont,SUV,BEV,2025,0|0|0|0|0|0|0|0|0|0|0|0|0|0|0|0|0|0|0|0|0|0|0|0|0|0|0|0|0|0|0,0
Vermont,SUV,BEV,2026,0|0|0|0|0|0|0|0|0|0|0|0|0|0|0|0|0|0|0|0|0|0|0|0|0|0|0|0|0|0|0,0
Vermont,SUV,BEV,2027,0|0|0|0|0|0|0|0|0|0|0|0|0|0|0|0|0|0|0|0|0|0|0|0|0|0|0|0|0|0|0,0
Vermont,SUV,BEV,2028,0|0|0|0|0|0|0|0|0|0|0|0|0|0|0|0|0|0|0|0|0|0|0|0|0|0|0|0|0|0|0,0
Vermont,SUV,BEV,2029,0|0|0|0|0|0|0|0|0|0|0|0|1|0|0|0|0|0|0|0|0|0|0|0|0|0|0|0|0|0|0,1
Vermont,SUV,BEV,2030,0|0|0|0|0|0|0|0|0|1|1|0|1|1|0|0|0|0|0|0|0|0|0|0|0|0|0|0|0|0|0,4
Vermont,SUV,BEV,2031,0|0|0|0|0|0|0|0|1|1|1|1|1|1|1|0|0|0|0|0|0|0|0|0|0|0|0|0|0|0|0,7
Vermont,SUV,BEV,2032,0|0|0|0|0|0|0|0|1|1|2|3|2|1|1|1|0|0|0|0|0|0|0|0|0|0|0|0|0|0|0,12
Vermont,SUV,BEV,2033,0|0|0|0|0|0|0|1|1|2|3|4|6|3|1|1|1|0|0|0|0|0|0|0|0|0|0|0|0|0|0,23
Vermont,SUV,BEV,2034,0|0|0|0|0|0|0|1|1|2|4|7|9|7|4|2|1|1|0|0|0|0|0|0|0|0|0|0|0|0|0,39
Vermont,SUV,BEV,2035,0|0|0|0|0|0|0|1|2|3|5|9|15|12|9|4|2|1|1|0|0|0|0|0|0|0|0|0|0|0|0,64
Vermont,SUV,BEV,2036,0|0|0|0|0|0|1|1|2|4|7|10|18|19|14|10|4|1|1|1|0|0|0|0|0|0|0|0|0|0|0,93
Vermont,SUV,BEV,2037,0|0|0|0|0|0|1|1|3|5|9|16|20|24|23|15|10|4|1|1|1|0|0|0|0|0|0|0|0|0|0,134
Vermont,SUV,BEV,2038,0|0|0|0|0|0|1|1|3|6|12|20|33|26|29|26|15|9|3|1|1|0|0|0|0|0|0|0|0|0|0,186
Vermont,SUV,BEV,2039,0|0|0|0|0|0|1|2|3|8|14|26|42|44|32|32|26|14|7|2|1|0|0|0|0|0|0|0|0|0|0,254
Vermont,SUV,BEV,2040,0|0|0|0|0|0|1|2|4|8|17|31|54|55|53|35|32|23|12|6|2|0|0|0|0|0|0|0|0|0|0,335
Vermont,SUV,BEV,2041,0|0|0|0|0|0|1|2|4|9|19|38|64|70|66|58|35|29|19|9|4|1|0|0|0|0|0|0|0|0|0,428
Vermont,SUV,BEV,2042,0|0|0|0|0|0|1|2|5|10|21|41|77|83|85|73|58|32|24|15|6|3|1|0|0|0|0|0|0|0|0,537
Vermont,SUV,BEV,2043,0|0|0|0|0|0|1|2|5|11|23|45|83|101|101|93|73|53|26|18|11|4|2|1|0|0|0|0|0|0|0,653
Vermont,SUV,BEV,2044,0|0|0|0|0|0|1|3|6|13|26|50|93|109|122|111|93|66|44|20|13|7|3|1|0|0|0|0|0|0|0,781
Vermont,SUV,BEV,2045,0|0|0|0|0|0|1|3|6|13|29|56|103|121|132|135|111|85|55|33|15|9|5|2|1|0|0|0|0|0|0,915
Vermont,SUV,BEV,2046,0|0|0|0|0|0|1|3|6|14|30|62|114|134|146|145|135|101|70|42|24|10|6|3|1|1|0|0|0|0|0,1048
Vermont,SUV,BEV,2047,0|0|0|0|0|1|1|3|7|15|31|65|126|149|162|162|145|122|83|54|30|17|7|4|2|1|0|0|0|0|0,1187
Vermont,SUV,BEV,2048,0|0|0|0|0|1|1|3|7|15|33|67|131|164|180|179|162|132|101|64|39|21|11|4|3|1|1|0|0|0|0,1320
Vermont,SUV,BEV,2049,0|0|0|0|0|1|1|3|7|16|34|70|136|171|199|199|179|146|109|77|46|27|14|7|3|2|1|0|0|0|0,1448
Vermont,SUV,BEV,2050,0|0|0|0|0|1|1|3|7|16|35|72|140|178|207|220|199|162|121|83|56|32|18|9|5|2|1|1|0|0|0,1569
Vermont,SUV,PHEV,2020,0|0|0|0|0|0|0|0|0|0|0|0|0|0|0|0|0|0|0|0|0|0|0|0|0|0|0|0|0|0|0,0
Vermont,SUV,PHEV,2021,0|0|0|0|0|0|0|0|0|0|0|0|0|0|0|0|0|0|0|0|0|0|0|0|0|0|0|0|0|0|0,0
Vermont,SUV,PHEV,2022,0|0|0|0|0|0|0|0|0|0|0|0|0|0|0|0|0|0|0|0|0|0|0|0|0|0|0|0|0|0|0,0
Vermont,SUV,PHEV,2023,0|0|0|0|0|0|0|0|0|0|0|0|0|0|0|0|0|0|0|0|0|0|0|0|0|0|0|0|0|0|0,0
Vermont,SUV,PHEV,2024,0|0|0|0|0|0|0|0|0|0|0|0|0|0|0|0|0|0|0|0|0|0|0|0|0|0|0|0|0|0|0,0
Vermont,SUV,PHEV,2025,0|0|0|0|0|0|0|0|0|0|0|0|0|0|0|0|0|0|0|0|0|0|0|0|0|0|0|0|0|0|0,0
Vermont,SUV,PHEV,2026,0|0|0|0|0|0|0|0|0|0|0|0|0|0|0|0|0|0|0|0|0|0|0|0|0|0|0|0|0|0|0,0
Vermont,SUV,PHEV,2027,0|0|0|0|0|0|0|0|0|0|0|0|0|0|0|0|0|0|0|0|0|0|0|0|0|0|0|0|0|0|0,0
Vermont,SUV,PHEV,2028,0|0|0|0|0|0|0|0|0|0|0|0|1|0|0|0|0|0|0|0|0|0|0|0|0|0|0|0|0|0|0,1
Vermont,SUV,PHEV,2029,0|0|0|0|0|0|0|0|0|0|0|0|1|1|0|0|0|0|0|0|0|0|0|0|0|0|0|0|0|0|0,2
Vermont,SUV,PHEV,2030,0|0|0|0|0|0|0|0|0|0|0|0|1|1|1|1|0|0|0|0|0|0|0|0|0|0|0|0|0|0|0,4
Vermont,SUV,PHEV,2031,0|0|0|0|0|0|0|0|0|1|1|1|0|1|1|1|1|0|0|0|0|0|0|0|0|0|0|0|0|0|0,7
Vermont,SUV,PHEV,2032,0|0|0|0|0|0|0|0|0|1|1|2|1|1|1|1|1|0|0|0|0|0|0|0|0|0|0|0|0|0|0,9
Vermont,SUV,PHEV,2033,0|0|0|0|0|0|0|0|0|1|2|3|5|2|1|1|1|1|0|0|0|0|0|0|0|0|0|0|0|0|0,17
Vermont,SUV,PHEV,2034,0|0|0|0|0|0|0|0|0|0|3|5|6|6|2|1|1|1|1|0|0|0|0|0|0|0|0|0|0|0|0,26
Vermont,SUV,PHEV,2035,0|0|0|0|0|0|0|0|0|1|1|6|10|8|8|2|1|1|1|1|0|0|0|0|0|0|0|0|0|0|0,40
Vermont,SUV,PHEV,2036,0|0|0|0|0|0|0|0|0|1|1|2|12|13|10|8|2|1|1|1|0|0|0|0|0|0|0|0|0|0|0,52
Vermont,SUV,PHEV,2037,0|0|0|0|0|0|0|0|0|1|2|3|4|15|16|11|8|2|1|1|1|0|0|0|0|0|0|0|0|0|0,65
Vermont,SUV,PHEV,2038,0|0|0|0|0|0|0|0|1|1|2|4|6|5|19|18|11|8|2|0|1|0|0|0|0|0|0|0|0|0|0,78
Vermont,SUV,PHEV,2039,0|0|0|0|0|0|0|0|1|1|3|5|9|8|6|21|18|10|6|1|0|0|0|0|0|0|0|0|0|0|0,89
Vermont,SUV,PHEV,2040,0|0|0|0|0|0|0|0|1|2|3|6|9|12|10|6|21|16|8|5|1|0|0|0|0|0|0|0|0|0|0,100
Vermont,SUV,PHEV,2041,0|0|0|0|0|0|0|0|1|2|4|7|12|12|14|11|6|19|13|6|3|1|0|0|0|0|0|0|0|0|0,111
Vermont,SUV,PHEV,2042,0|0|0|0|0|0|0|0|1|2|5|8|14|16|15|16|11|6|15|10|4|2|0|0|0|0|0|0|0|0|0,125
Vermont,SUV,PHEV,2043,0|0|0|0|0|0|0|0|1|2|5|10|17|19|19|16|16|10|5|12|7|3|2|0|0|0|0|0|0|0|0,144
Vermont,SUV,PHEV,2044,0|0|0|0|0|0|0|0|1|3|5|11|20|22|23|21|16|14|8|4|9|5|2|1|0|0|0|0|0|0|0,165
Vermont,SUV,PHEV,2045,0|0|0|0|0|0|0|0|1|2|6|12|22|26|27|25|21|15|12|6|3|6|3|1|1|0|0|0|0|0|0,189
Vermont,SUV,PHEV,2046,0|0|0|0|0|0|0|0|1|2|5|12|24|29|32|29|25|19|12|9|5|2|4|2|1|0|0|0|0|0|0,213
Vermont,SUV,PHEV,2047,0|0|0|0|0|0|0|0|1|2|5|11|24|31|35|35|29|23|16|9|6|3|1|3|1|1|0|0|0|0|0,236
Vermont,SUV,PHEV,2048,0|0|0|0|0|0|0|0|1|2|5|12|23|31|37|39|35|27|19|12|7|4|2|1|2|1|0|0|0|0|0,260
Vermont,SUV,PHEV,2049,0|0|0|0|0|0|0|0|1|2|5|11|23|30|38|41|39|32|22|14|9|5|3|1|1|1|1|0|0|0|0,279
Vermont,SUV,PHEV,2050,0|0|0|0|0|0|0|0|1|2|5|11|23|31|37|42|41|35|26|17|10|6|3|2|1|0|1|0|0|0|0,294
Virginia,Car,BEV,2020,0|0|0|0|0|0|0|0|0|0|0|0|0|0|0|0|0|0|0|0|0|0|0|0|0|0|0|0|0|0|0,0
Virginia,Car,BEV,2021,0|0|0|0|0|0|0|0|0|0|0|0|0|0|0|0|0|0|0|0|0|0|0|0|0|0|0|0|0|0|0,0
Virginia,Car,BEV,2022,0|0|0|0|0|0|0|0|0|0|0|0|0|0|0|0|0|0|0|0|0|0|0|0|0|0|0|0|0|0|0,0
Virginia,Car,BEV,2023,0|0|0|0|0|0|0|0|0|0|0|0|0|0|0|0|0|0|0|0|0|0|0|0|0|0|0|0|0|0|0,0
Virginia,Car,BEV,2024,0|0|0|0|0|0|0|0|0|1|1|0|0|0|0|0|0|0|0|0|0|0|0|0|0|0|0|0|0|0|0,2
Virginia,Car,BEV,2025,0|0|0|0|0|0|0|0|0|1|1|3|0|0|0|0|0|0|0|0|0|0|0|0|0|0|0|0|0|0|0,5
Virginia,Car,BEV,2026,0|0|0|0|0|0|0|0|1|1|1|3|5|0|0|0|0|0|0|0|0|0|0|0|0|0|0|0|0|0|0,11
Virginia,Car,BEV,2027,0|0|0|0|0|0|0|0|1|3|1|3|6|7|0|0|0|0|0|0|0|0|0|0|0|0|0|0|0|0|0,21
Virginia,Car,BEV,2028,0|0|0|0|0|0|0|1|1|3|6|3|6|7|8|0|0|0|0|0|0|0|0|0|0|0|0|0|0|0|0,35
Virginia,Car,BEV,2029,0|0|0|0|0|0|0|1|1|2|6|14|6|7|9|9|0|0|0|0|0|0|0|0|0|0|0|0|0|0|0,55
Virginia,Car,BEV,2030,0|0|0|0|0|0|0|1|2|3|5|14|29|8|9|10|9|0|0|0|0|0|0|0|0|0|0|0|0|0|0,90
Virginia,Car,BEV,2031,0|0|0|0|0|1|1|1|3|5|8|11|29|38|10|10|10|8|0|0|0|0|0|0|0|0|0|0|0|0|0,135
Virginia,Car,BEV,2032,0|0|0|0|0|1|1|2|2|6|12|17|22|38|46|11|10|9|7|0|0|0|0|0|0|0|0|0|0|0|0,184
Virginia,Car,BEV,2033,0|0|0|0|0|1|2|3|6|5|14|26|34|29|46|51|11|9|7|5|0|0|0|0|0|0|0|0|0|0|0,249
Virginia,Car,BEV,2034,0|0|0|0|0|1|2|4|8|14|12|30|54|44|35|51|51|10|7|6|4|0|0|0|0|0|0|0|0|0|0,333
Virginia,Car,BEV,2035,0|0|0|0|0|1|3|5|10|18|32|26|62|71|54|39|51|46|8|6|4|3|0|0|0|0|0|0|0|0|0,439
Virginia,Car,BEV,2036,0|0|0|0|1|1|3|6|13|24|42|69|53|81|85|59|39|46|38|6|4|3|2|0|0|0|0|0|0|0|0,575
Virginia,Car,BEV,2037,0|0|0|0|1|1|3|7|15|30|54|91|141|69|98|94|59|35|38|29|4|3|2|1|0|0|0|0|0|0|0,775
Virginia,Car,BEV,2038,0|0|0|0|1|2|4|8|17|35|68|118|187|184|83|108|94|54|29|29|21|3|2|1|1|0|0|0|0|0|0,1049
Virginia,Car,BEV,2039,0|0|0|0|1|2|4|9|19|41|81|147|242|244|223|92|108|85|44|22|21|15|2|1|1|0|0|0|0|0|0,1404
Virginia,Car,BEV,2040,0|0|0|0|1|2|5|11|22|46|93|176|302|315|295|246|92|98|71|34|16|15|10|1|1|1|0|0|0|0|0,1853
Virginia,Car,BEV,2041,0|0|0|0|1|2|5|12|26|52|105|204|360|394|381|325|246|83|81|54|25|11|10|7|1|1|0|0|0|0|0,2386
Virginia,Car,BEV,2042,0|0|0|0|1|2|6|13|28|61|118|228|417|470|476|421|325|223|69|62|39|17|7|6|4|1|0|0|0|0|0,2994
Virginia,Car,BEV,2043,0|0|0|0|1|3|6|14|30|65|138|256|467|544|568|526|421|295|184|53|45|27|11|5|4|3|0|0|0|0|0,3666
Virginia,Car,BEV,2044,0|0|0|0|1|3|6|15|33|70|149|300|525|609|658|627|526|381|244|141|38|31|18|8|3|3|2|0|0|0|0,4391
Virginia,Car,BEV,2045,0|0|0|0|1|3|7|16|35|76|159|323|614|684|737|727|627|476|315|187|102|27|21|12|5|2|2|1|0|0|0,5159
Virginia,Car,BEV,2046,0|0|0|0|1|3|7|17|37|80|171|345|660|800|827|814|727|568|394|242|135|71|18|14|8|3|1|1|1|0|0,5945
Virginia,Car,BEV,2047,0|0|0|0|1|3|8|18|39|85|180|369|703|860|967|913|814|658|470|302|175|94|48|12|9|5|2|1|1|0|0,6737
Virginia,Car,BEV,2048,0|0|0|1|1|3|8|18|41|90|190|387|747|917|1040|1069|913|737|544|360|218|121|63|31|8|6|3|1|1|0|0,7518
Virginia,Car,BEV,2049,0|0|0|1|1|4|8|19|43|95|200|407|783|974|1109|1149|1069|827|609|417|261|151|82|42|20|5|4|2|1|0|1,8284
Virginia,Car,BEV,2050,0|0|0|1|1|4|9|20|45|98|211|428|822|1021|1178|1225|1149|967|684|467|302|181|102|54|27|13|3|2|1|1|1,9017
Virginia,Car,PHEV,2020,0|0|0|0|0|0|0|0|0|0|0|0|0|0|0|0|0|0|0|0|0|0|0|0|0|0|0|0|0|0|0,0
Virginia,Car,PHEV,2021,0|0|0|0|0|0|0|0|0|0|0|0|0|0|0|0|0|0|0|0|0|0|0|0|0|0|0|0|0|0|0,0
Virginia,Car,PHEV,2022,0|0|0|0|0|0|0|0|0|0|0|0|0|0|0|0|0|0|0|0|0|0|0|0|0|0|0|0|0|0|0,0
Virginia,Car,PHEV,2023,0|0|0|0|0|0|0|0|0|0|0|0|0|0|0|0|0|0|0|0|0|0|0|0|0|0|0|0|0|0|0,0
Virginia,Car,PHEV,2024,0|0|0|0|0|0|0|0|0|0|1|0|0|0|0|0|0|0|0|0|0|0|0|0|0|0|0|0|0|0|0,1
Virginia,Car,PHEV,2025,0|0|0|0|0|0|0|0|0|1|1|3|0|0|0|0|0|0|0|0|0|0|0|0|0|0|0|0|0|0|0,5
Virginia,Car,PHEV,2026,0|0|0|0|0|0|0|0|1|1|1|2|5|0|0|0|0|0|0|0|0|0|0|0|0|0|0|0|0|0|0,10
Virginia,Car,PHEV,2027,0|0|0|0|0|0|0|0|0|1|2|3|3|7|0|0|0|0|0|0|0|0|0|0|0|0|0|0|0|0|0,16
Virginia,Car,PHEV,2028,0|0|0|0|0|0|0|0|0|1|3|5|7|4|8|0|0|0|0|0|0|0|0|0|0|0|0|0|0|0|0,28
Virginia,Car,PHEV,2029,0|0|0|0|0|0|0|0|0|1|1|6|10|9|5|9|0|0|0|0|0|0|0|0|0|0|0|0|0|0|0,41
Virginia,Car,PHEV,2030,0|0|0|0|0|0|0|0|0|1|1|3|13|12|11|6|9|0|0|0|0|0|0|0|0|0|0|0|0|0|0,56
Virginia,Car,PHEV,2031,0|0|0|0|0|0|0|0|0|1|2|3|7|17|15|12|6|8|0|0|0|0|0|0|0|0|0|0|0|0|0,71
Virginia,Car,PHEV,2032,0|0|0|0|0|0|0|1|0|0|1|4|6|9|20|17|12|5|7|0|0|0|0|0|0|0|0|0|0|0|0,82
Virginia,Car,PHEV,2033,0|0|0|0|0|0|0|1|1|1|1|3|8|7|10|22|17|11|4|5|0|0|0|0|0|0|0|0|0|0|0,91
Virginia,Car,PHEV,2034,0|0|0|0|0|0|0|1|2|3|1|2|6|11|9|12|22|15|9|3|4|0|0|0|0|0|0|0|0|0|0,100
Virginia,Car,PHEV,2035,0|0|0|0|0|0|1|1|2|4|7|3|4|7|13|10|12|20|12|7|2|3|0|0|0|0|0|0|0|0|0,108
Virginia,Car,PHEV,2036,0|0|0|0|0|0|1|1|3|6|9|15|5|5|9|14|10|10|17|10|5|2|2|0|0|0|0|0|0|0|0,124
Virginia,Car,PHEV,2037,0|0|0|0|0|0|1|1|3|6|13|20|31|7|6|10|14|9|9|13|7|3|1|1|0|0|0|0|0|0|0,155
Virginia,Car,PHEV,2038,0|0|0|0|0|0|1|2|4|8|14|28|40|41|8|7|10|13|7|7|9|5|2|1|1|0|0|0|0|0|0,208
Virginia,Car,PHEV,2039,0|0|0|0|0|0|1|2|4|8|17|30|57|53|49|9|7|9|11|6|5|6|3|1|0|0|0|0|0|0|0,278
Virginia,Car,PHEV,2040,0|0|0|0|0|0|1|2|5|10|19|37|60|75|64|54|9|6|7|8|4|3|4|2|1|0|0|0|0|0|0,371
Virginia,Car,PHEV,2041,0|0|0|0|0|0|1|2|5|12|23|41|76|78|91|70|54|8|5|6|6|3|2|3|1|1|0|0|0|0|0,488
Virginia,Car,PHEV,2042,0|0|0|0|0|0|1|2|6|13|27|49|85|100|95|100|70|49|7|4|4|4|2|1|2|1|0|0|0|0|0,622
Virginia,Car,PHEV,2043,0|0|0|0|0|0|1|3|6|13|29|58|101|110|120|105|100|64|41|5|3|3|3|1|1|1|1|0|0|0|0,769
Virginia,Car,PHEV,2044,0|0|0|0|0|0|1|3|6|14|30|63|119|132|134|133|105|91|53|31|4|2|2|2|1|1|1|0|0|0|0,928
Virginia,Car,PHEV,2045,0|0|0|0|0|0|1|3|6|14|31|66|130|155|160|147|133|95|75|40|23|3|1|1|1|1|0|0|0|0|0,1086
Virginia,Car,PHEV,2046,0|0|0|0|0|0|1|3|6|14|32|67|134|170|188|176|147|120|78|57|29|16|2|1|1|1|0|0|0|0|0,1243
Virginia,Car,PHEV,2047,0|0|0|0|0|1|1|3|6|15|32|68|137|175|205|207|176|134|100|60|42|20|11|1|1|1|0|0|0|0|0,1396
Virginia,Car,PHEV,2048,0|0|0|0|0|1|1|3|7|15|33|68|139|178|212|227|207|160|110|76|43|29|14|7|1|0|0|0|0|0|0,1531
Virginia,Car,PHEV,2049,0|0|0|0|0|1|1|3|7|15|33|69|138|181|216|234|227|188|132|85|55|30|19|9|5|0|0|0|0|0|0,1648
Virginia,Car,PHEV,2050,0|0|0|0|0|1|1|3|7|15|34|70|139|180|218|238|234|205|155|101|61|38|20|13|6|3|0|0|0|0|0,1742
Virginia,SUV,BEV,2020,0|0|0|0|0|0|0|0|0|0|0|0|0|0|0|0|0|0|0|0|0|0|0|0|0|0|0|0|0|0|0,0
Virginia,SUV,BEV,2021,0|0|0|0|0|0|0|0|0|0|0|0|0|0|0|0|0|0|0|0|0|0|0|0|0|0|0|0|0|0|0,0
Virginia,SUV,BEV,2022,0|0|0|0|0|0|0|0|0|0|0|0|0|0|0|0|0|0|0|0|0|0|0|0|0|0|0|0|0|0|0,0
Virginia,SUV,BEV,2023,0|0|0|0|0|0|0|0|0|0|0|0|0|0|0|0|0|0|0|0|0|0|0|0|0|0|0|0|0|0|0,0
Virginia,SUV,BEV,2024,0|0|0|0|0|0|0|0|0|0|0|0|0|0|0|0|0|0|0|0|0|0|0|0|0|0|0|0|0|0|0,0
Virginia,SUV,BEV,2025,0|0|0|0|0|0|0|0|0|0|0|0|0|0|0|0|0|0|0|0|0|0|0|0|0|0|0|0|0|0|0,0
Virginia,SUV,BEV,2026,0|0|0|0|0|0|0|0|0|1|1|1|1|0|0|0|0|0|0|0|0|0|0|0|0|0|0|0|0|0|0,4
Virginia,SUV,BEV,2027,0|0|0|0|0|0|0|0|0|1|1|1|1|1|0|0|0|0|0|0|0|0|0|0|0|0|0|0|0|0|0,5
Virginia,SUV,BEV,2028,0|0|0|0|0|0|1|1|1|1|2|3|3|2|1|0|0|0|0|0|0|0|0|0|0|0|0|0|0|0|0,15
Virginia,SUV,BEV,2029,0|0|0|0|0|1|1|2|2|2|2|4|6|3|2|1|0|0|0|0|0|0|0|0|0|0|0|0|0|0|0,26
Virginia,SUV,BEV,2030,0|0|0|0|0|0|1|3|4|5|5|4|8|8|4|2|1|0|0|0|0|0|0|0|0|0|0|0|0|0|0,45
Virginia,SUV,BEV,2031,0|0|0|0|0|1|1|3|7|9|12|11|9|10|10|5|2|1|0|0|0|0|0|0|0|0|0|0|0|0|0,81
Virginia,SUV,BEV,2032,0|0|0|0|0|1|1|2|8|15|21|25|22|11|13|11|5|2|1|0|0|0|0|0|0|0|0|0|0|0|0,138
Virginia,SUV,BEV,2033,0|0|0|0|0|1|2|3|6|19|36|46|52|29|14|14|11|4|2|1|0|0|0|0|0|0|0|0|0|0|0,240
Virginia,SUV,BEV,2034,0|0|0|0|0|1|2|4|8|14|44|78|95|68|35|15|14|10|3|1|1|0|0|0|0|0|0|0|0|0|0,393
Virginia,SUV,BEV,2035,0|0|0|0|1|1|3|6|11|19|33|97|160|124|82|39|15|13|8|3|1|0|0|0|0|0|0|0|0|0|0,616
Virginia,SUV,BEV,2036,0|0|0|0|1|1|3|7|13|25|44|72|200|209|150|90|39|14|10|6|2|1|0|0|0|0|0|0|0|0|0,887
Virginia,SUV,BEV,2037,0|0|0|0|1|2|4|8|16|32|57|96|149|260|253|166|90|35|11|8|4|1|0|0|0|0|0|0|0|0|0,1193
Virginia,SUV,BEV,2038,0|0|0|0|1|2|4|9|19|38|72|125|198|194|315|279|166|82|29|9|6|3|1|0|0|0|0|0|0|0|0,1552
Virginia,SUV,BEV,2039,0|0|0|0|1|2|5|11|22|45|87|158|257|258|234|348|279|150|68|22|6|4|2|1|0|0|0|0|0|0|0,1960
Virginia,SUV,BEV,2040,0|0|0|0|1|3|6|13|26|52|104|191|324|336|312|259|348|253|124|52|16|4|3|1|0|0|0|0|0|0|0,2428
Virginia,SUV,BEV,2041,0|0|0|0|1|3|6|15|31|61|119|226|391|423|406|345|259|315|209|95|38|11|3|2|1|0|0|0|0|0|0,2960
Virginia,SUV,BEV,2042,0|0|0|0|1|3|7|16|35|73|137|259|463|510|512|448|345|234|260|160|69|26|8|2|1|1|0|0|0|0|0,3570
Virginia,SUV,BEV,2043,0|0|0|1|1|3|7|17|37|81|165|297|528|604|617|565|448|312|194|200|116|48|18|5|1|1|0|0|0|0|0,4266
Virginia,SUV,BEV,2044,0|0|0|1|1|3|8|18|40|87|182|356|606|689|730|681|565|406|258|149|144|80|32|12|3|1|0|0|0|0|0,5052
Virginia,SUV,BEV,2045,0|0|0|1|1|4|8|19|43|93|196|392|725|790|833|807|681|512|336|198|108|100|54|21|8|2|1|0|0|0|0,5933
Virginia,SUV,BEV,2046,0|0|0|1|2|4|9|21|46|100|210|424|797|945|955|920|807|617|423|257|143|75|67|36|14|5|1|0|0|0|0,6879
Virginia,SUV,BEV,2047,0|0|0|1|2|4|9|22|49|107|226|454|862|1039|1142|1055|920|730|510|324|186|99|50|44|23|9|3|1|0|0|0,7871
Virginia,SUV,BEV,2048,0|0|0|1|2|4|10|22|51|113|240|487|924|1124|1256|1262|1055|833|604|391|235|129|67|33|29|15|6|2|1|0|0,8896
Virginia,SUV,BEV,2049,0|0|0|1|2|4|10|24|53|118|253|516|988|1204|1359|1388|1262|955|689|463|283|163|87|44|22|19|10|4|1|0|0,9922
Virginia,SUV,BEV,2050,0|0|0|1|2|5|11|25|55|122|265|542|1045|1289|1456|1502|1388|1142|790|528|335|196|110|57|29|14|12|6|2|1|0,10930
Virginia,SUV,PHEV,2020,0|0|0|0|0|0|0|0|0|0|0|0|0|0|0|0|0|0|0|0|0|0|0|0|0|0|0|0|0|0|0,0
Virginia,SUV,PHEV,2021,0|0|0|0|0|0|0|0|0|0|0|0|0|0|0|0|0|0|0|0|0|0|0|0|0|0|0|0|0|0|0,0
Virginia,SUV,PHEV,2022,0|0|0|0|0|0|0|0|0|0|0|0|0|0|0|0|0|0|0|0|0|0|0|0|0|0|0|0|0|0|0,0
Virginia,SUV,PHEV,2023,0|0|0|0|0|0|0|0|0|0|0|0|0|0|0|0|0|0|0|0|0|0|0|0|0|0|0|0|0|0|0,0
Virginia,SUV,PHEV,2024,0|0|0|0|0|0|0|0|0|0|0|0|0|0|0|0|0|0|0|0|0|0|0|0|0|0|0|0|0|0|0,0
Virginia,SUV,PHEV,2025,0|0|0|0|0|0|0|0|0|0|0|0|0|0|0|0|0|0|0|0|0|0|0|0|0|0|0|0|0|0|0,0
Virginia,SUV,PHEV,2026,0|0|0|0|0|0|0|0|0|0|1|1|1|0|0|0|0|0|0|0|0|0|0|0|0|0|0|0|0|0|0,3
Virginia,SUV,PHEV,2027,0|0|0|0|0|0|0|0|0|0|1|1|1|1|0|0|0|0|0|0|0|0|0|0|0|0|0|0|0|0|0,4
Virginia,SUV,PHEV,2028,0|0|0|0|0|0|0|0|0|0|1|2|3|2|2|0|0|0|0|0|0|0|0|0|0|0|0|0|0|0|0,10
Virginia,SUV,PHEV,2029,0|0|0|0|0|0|0|1|1|1|1|2|3|3|2|2|0|0|0|0|0|0|0|0|0|0|0|0|0|0|0,16
Virginia,SUV,PHEV,2030,0|0|0|0|0|0|0|1|1|2|1|1|4|4|4|2|2|0|0|0|0|0|0|0|0|0|0|0|0|0|0,22
Virginia,SUV,PHEV,2031,0|0|0|0|0|0|0|1|2|3|5|3|3|5|5|4|2|2|0|0|0|0|0|0|0|0|0|0|0|0|0,35
Virginia,SUV,PHEV,2032,0|0|0|0|0|0|0|1|2|5|7|12|6|3|6|6|4|2|1|0|0|0|0|0|0|0|0|0|0|0|0,55
Virginia,SUV,PHEV,2033,0|0|0|0|0|0|0|1|1|5|11|16|25|8|4|6|6|4|2|1|0|0|0|0|0|0|0|0|0|0|0,90
Virginia,SUV,PHEV,2034,0|0|0|0|0|0|0|1|2|3|12|24|32|32|10|5|6|5|3|1|1|0|0|0|0|0|0|0|0|0|0,137
Virginia,SUV,PHEV,2035,0|0|0|0|0|0|1|1|3|4|7|27|49|42|39|11|5|6|4|3|1|0|0|0|0|0|0|0|0|0|0,203
Virginia,SUV,PHEV,2036,0|0|0|0|0|0|1|1|3|6|9|16|56|63|51|43|11|4|5|3|2|1|0|0|0|0|0|0|0|0|0,275
Virginia,SUV,PHEV,2037,0|0|0|0|0|0|1|2|4|6|14|21|32|73|76|56|43|10|3|4|2|1|0|0|0|0|0|0|0|0|0,348
Virginia,SUV,PHEV,2038,0|0|0|0|0|0|1|2|4|8|14|30|42|42|88|84|56|39|8|3|3|2|1|0|0|0|0|0|0|0|0,427
Virginia,SUV,PHEV,2039,0|0|0|0|0|1|1|3|5|10|19|31|61|55|50|97|84|51|32|6|2|2|1|1|0|0|0|0|0|0|0,512
Virginia,SUV,PHEV,2040,0|0|0|0|0|0|1|3|6|12|22|41|64|79|67|56|97|76|42|25|4|1|1|1|0|0|0|0|0|0|0,598
Virginia,SUV,PHEV,2041,0|0|0|0|0|0|1|3|7|14|26|47|84|83|96|74|56|88|63|32|18|3|1|1|0|0|0|0|0|0|0,697
Virginia,SUV,PHEV,2042,0|0|0|0|0|1|1|3|7|16|32|57|96|109|101|106|74|50|73|49|23|12|2|1|1|0|0|0|0|0|0,814
Virginia,SUV,PHEV,2043,0|0|0|0|0|1|1|3|7|17|36|69|117|125|132|111|106|67|42|56|35|16|8|1|0|0|0|0|0|0|0,950
Virginia,SUV,PHEV,2044,0|0|0|0|0|1|1|3|7|17|38|78|141|152|151|146|111|96|55|32|40|24|11|5|1|0|0|0|0|0|0,1110
Virginia,SUV,PHEV,2045,0|0|0|0|0|1|1|3|8|17|38|81|157|183|184|167|146|101|79|42|23|28|16|7|4|1|0|0|0|0|0,1287
Virginia,SUV,PHEV,2046,0|0|0|0|0|1|1|3|8|18|39|83|165|205|222|203|167|132|83|61|31|16|19|11|5|2|0|0|0|0|0,1475
Virginia,SUV,PHEV,2047,0|0|0|0|0|1|1|3|8|18|40|84|168|215|248|245|203|151|109|64|44|21|11|12|7|3|1|0|0|0|0,1657
Virginia,SUV,PHEV,2048,0|0|0|0|0|1|2|4|8|18|41|86|170|219|260|274|245|184|125|84|46|30|14|7|8|5|2|1|0|0|0,1834
Virginia,SUV,PHEV,2049,0|0|0|0|0|1|2|4|8|19|41|87|174|222|265|287|274|222|152|96|61|32|20|9|5|5|3|1|1|0|0,1991
Virginia,SUV,PHEV,2050,0|0|0|0|0|1|2|4|9|19|42|87|176|227|268|293|287|248|183|117|69|42|22|14|6|3|3|2|1|0|0,2125
Washington,Car,BEV,2020,0|0|0|0|0|0|0|0|0|0|0|0|0|0|0|0|0|0|0|0|0|0|0|0|0|0|0|0|0|0|0,0
Washington,Car,BEV,2021,0|0|0|0|0|0|0|0|0|0|0|0|0|0|0|0|0|0|0|0|0|0|0|0|0|0|0|0|0|0|0,0
Washington,Car,BEV,2022,0|0|0|0|0|0|0|0|1|0|0|0|0|0|0|0|0|0|0|0|0|0|0|0|0|0|0|0|0|0|0,1
Washington,Car,BEV,2023,0|0|0|0|0|0|0|0|1|2|0|0|0|0|0|0|0|0|0|0|0|0|0|0|0|0|0|0|0|0|0,3
Washington,Car,BEV,2024,0|0|0|0|0|0|1|0|1|2|5|0|0|0|0|0|0|0|0|0|0|0|0|0|0|0|0|0|0|0|0,9
Washington,Car,BEV,2025,0|0|0|0|0|0|1|1|1|2|6|12|0|0|0|0|0|0|0|0|0|0|0|0|0|0|0|0|0|0|0,23
Washington,Car,BEV,2026,0|0|0|0|0|0|0|1|4|2|6|12|24|0|0|0|0|0|0|0|0|0|0|0|0|0|0|0|0|0|0,49
Washington,Car,BEV,2027,0|0|0|0|0|0|1|1|3|9|6|12|26|32|0|0|0|0|0|0|0|0|0|0|0|0|0|0|0|0|0,90
Washington,Car,BEV,2028,0|0|0|0|0|0|1|1|2|8|20|12|26|34|38|0|0|0|0|0|0|0|0|0|0|0|0|0|0|0|0,142
Washington,Car,BEV,2029,0|0|0|0|0|0|1|2|3|5|17|43|25|33|41|42|0|0|0|0|0|0|0|0|0|0|0|0|0|0|0,212
Washington,Car,BEV,2030,0|0|0|0|0|1|1|2|4|7|12|38|89|33|40|45|42|0|0|0|0|0|0|0|0|0|0|0|0|0|0,314
Washington,Car,BEV,2031,0|0|0|0|1|1|2|2|5|10|17|27|79|116|40|45|45|38|0|0|0|0|0|0|0|0|0|0|0|0|0,428
Washington,Car,BEV,2032,0|0|0|0|1|1|3|5|4|11|22|36|55|102|140|44|45|41|32|0|0|0|0|0|0|0|0|0|0|0|0,542
Washington,Car,BEV,2033,0|0|0|0|1|2|3|7|11|10|25|49|75|71|124|155|44|40|34|24|0|0|0|0|0|0|0|0|0|0|0,675
Washington,Car,BEV,2034,0|0|0|0|1|2|4|8|17|27|22|55|101|97|86|137|155|40|33|26|18|0|0|0|0|0|0|0|0|0|0,829
Washington,Car,BEV,2035,0|0|0|0|1|2|5|10|20|40|60|48|113|131|118|95|137|140|33|26|19|12|0|0|0|0|0|0|0|0|0,1010
Washington,Car,BEV,2036,0|0|0|0|1|2|5|11|24|47|91|131|97|148|159|130|95|124|116|25|19|13|8|0|0|0|0|0|0|0|0,1246
Washington,Car,BEV,2037,0|0|0|0|1|2|6|13|27|56|107|199|267|127|179|175|130|86|102|89|18|13|9|5|0|0|0|0|0|0|0,1611
Washington,Car,BEV,2038,0|0|0|0|1|3|6|14|31|64|128|233|408|349|153|197|175|118|71|79|64|13|9|6|4|0|0|0|0|0|0,2126
Washington,Car,BEV,2039,0|0|0|0|1|3|7|15|34|72|146|280|478|532|422|169|197|159|97|55|57|45|9|6|4|2|0|0|0|0|0,2790
Washington,Car,BEV,2040,0|0|0|1|1|3|7|16|36|80|165|316|572|623|643|466|169|179|131|75|40|39|30|6|4|2|1|0|0|0|0,3605
Washington,Car,BEV,2041,0|0|0|1|1|3|8|18|39|86|182|359|646|746|753|711|466|153|148|101|54|27|27|20|4|2|2|1|0|0|0,4558
Washington,Car,BEV,2042,0|0|0|1|1|4|9|19|43|92|195|397|735|843|902|832|711|422|127|113|73|37|18|17|13|2|2|1|1|0|0,5610
Washington,Car,BEV,2043,0|0|0|1|2|4|9|21|47|100|209|425|814|958|1019|996|832|643|349|97|82|50|25|12|11|8|2|1|1|0|0,6718
Washington,Car,BEV,2044,0|0|0|1|2|4|9|22|50|109|226|455|868|1062|1159|1125|996|753|532|267|70|57|34|17|8|7|5|1|1|0|0,7840
Washington,Car,BEV,2045,0|0|0|1|2|4|10|23|52|115|246|491|929|1132|1284|1280|1125|902|623|408|193|49|38|22|11|5|5|3|1|0|1,8955
Washington,Car,BEV,2046,0|0|0|1|2|4|11|24|54|119|256|531|1001|1212|1369|1418|1280|1019|746|478|295|134|33|25|15|7|3|3|2|0|1,10043
Washington,Car,BEV,2047,0|0|0|1|2|5|11|25|57|124|265|549|1079|1305|1465|1512|1418|1159|843|572|345|205|90|22|16|9|4|2|2|1|1,11089
Washington,Car,BEV,2048,0|0|0|1|2|5|12|27|60|130|274|564|1107|1407|1578|1619|1512|1284|958|646|414|240|138|60|14|11|6|3|1|1|1,12075
Washington,Car,BEV,2049,0|0|0|1|2|5|12|28|62|136|287|584|1135|1444|1701|1744|1619|1369|1062|735|468|287|161|91|39|9|7|4|2|1|2,12997
Washington,Car,BEV,2050,0|0|0|1|2|5|12|29|65|142|301|609|1172|1480|1746|1879|1744|1465|1132|814|532|324|193|106|59|25|6|4|2|1|2,13852
Washington,Car,PHEV,2020,0|0|0|0|0|0|0|0|0|0|0|0|0|0|0|0|0|0|0|0|0|0|0|0|0|0|0|0|0|0|0,0
Washington,Car,PHEV,2021,0|0|0|0|0|0|0|0|0|0|0|0|0|0|0|0|0|0|0|0|0|0|0|0|0|0|0|0|0|0|0,0
Washington,Car,PHEV,2022,0|0|0|0|0|0|0|0|0|0|0|0|0|0|0|0|0|0|0|0|0|0|0|0|0|0|0|0|0|0|0,0
Washington,Car,PHEV,2023,0|0|0|0|0|0|0|0|0|1|0|0|0|0|0|0|0|0|0|0|0|0|0|0|0|0|0|0|0|0|0,1
Washington,Car,PHEV,2024,0|0|0|0|0|0|0|0|0|0|2|0|0|0|0|0|0|0|0|0|0|0|0|0|0|0|0|0|0|0|0,2
Washington,Car,PHEV,2025,0|0|0|0|0|0|0|0|1|1|1|4|0|0|0|0|0|0|0|0|0|0|0|0|0|0|0|0|0|0|0,7
Washington,Car,PHEV,2026,0|0|0|0|0|0|0|0|1|1|2|3|8|0|0|0|0|0|0|0|0|0|0|0|0|0|0|0|0|0|0,15
Washington,Car,PHEV,2027,0|0|0|0|0|0|0|0|0|2|3|5|5|10|0|0|0|0|0|0|0|0|0|0|0|0|0|0|0|0|0,25
Washington,Car,PHEV,2028,0|0|0|0|0|0|0|0|0|1|5|8|10|7|12|0|0|0|0|0|0|0|0|0|0|0|0|0|0|0|0,43
Washington,Car,PHEV,2029,0|0|0|0|0|0|0|0|1|1|2|11|16|14|8|14|0|0|0|0|0|0|0|0|0|0|0|0|0|0|0,67
Washington,Car,PHEV,2030,0|0|0|0|0|0|0|0|0|1|2|5|22|20|16|9|14|0|0|0|0|0|0|0|0|0|0|0|0|0|0,89
Washington,Car,PHEV,2031,0|0|0|0|0|0|0|0|0|1|3|4|11|28|24|18|9|12|0|0|0|0|0|0|0|0|0|0|0|0|0,110
Washington,Car,PHEV,2032,0|0|0|0|0|0|1|1|0|1|2|6|9|15|34|27|18|8|10|0|0|0|0|0|0|0|0|0|0|0|0,132
Washington,Car,PHEV,2033,0|0|0|0|0|0|1|1|2|1|2|4|13|12|18|38|27|16|7|8|0|0|0|0|0|0|0|0|0|0|0,150
Washington,Car,PHEV,2034,0|0|0|0|0|0|1|2|3|5|2|3|8|16|15|19|38|24|14|5|6|0|0|0|0|0|0|0|0|0|0,161
Washington,Car,PHEV,2035,0|0|0|0|0|0|1|2|4|7|11|4|6|10|20|16|19|34|20|10|4|4|0|0|0|0|0|0|0|0|0,172
Washington,Car,PHEV,2036,0|0|0|0|0|0|1|2|4|10|17|24|8|8|12|22|16|18|28|16|8|3|3|0|0|0|0|0|0|0|0,200
Washington,Car,PHEV,2037,0|0|0|0|0|0|1|2|5|10|22|36|48|10|10|14|22|15|15|22|11|5|2|2|0|0|0|0|0|0|0,252
Washington,Car,PHEV,2038,0|0|0|0|0|1|1|3|5|12|22|48|73|62|12|11|14|20|12|11|16|8|4|1|1|0|0|0|0|0|0,337
Washington,Car,PHEV,2039,0|0|0|0|0|1|1|3|6|13|26|48|98|95|75|14|11|12|16|9|8|11|5|2|1|1|0|0|0|0|0,456
Washington,Car,PHEV,2040,0|0|0|0|0|1|1|3|7|15|29|58|98|128|115|83|14|10|10|13|7|6|7|3|2|0|0|0|0|0|0,610
Washington,Car,PHEV,2041,0|0|0|0|0|1|1|3|8|17|35|63|118|128|155|127|83|12|8|8|9|5|4|5|2|1|0|0|0|0|0,793
Washington,Car,PHEV,2042,0|0|0|0|0|1|2|4|8|18|39|76|130|153|155|171|127|75|10|6|6|6|3|2|3|1|1|0|0|0|0,997
Washington,Car,PHEV,2043,0|0|0|0|0|1|2|4|9|19|42|85|156|169|186|171|171|115|62|8|5|4|4|2|2|2|1|0|0|0|0,1220
Washington,Car,PHEV,2044,0|0|0|0|0|1|2|4|9|20|44|92|175|203|204|205|171|155|95|48|6|3|3|3|1|1|1|1|0|0|0,1447
Washington,Car,PHEV,2045,0|0|0|0|0|1|2|4|9|21|46|95|188|229|245|226|205|155|128|73|35|4|2|2|2|1|1|1|0|0|0,1675
Washington,Car,PHEV,2046,0|0|0|0|0|1|2|4|9|21|46|99|195|246|276|271|226|186|128|98|53|24|3|1|1|1|1|0|1|0|0,1893
Washington,Car,PHEV,2047,0|0|0|0|0|1|2|4|9|21|46|98|202|254|297|305|271|204|153|98|71|37|16|2|1|1|1|0|0|0|0,2094
Washington,Car,PHEV,2048,0|0|0|0|0|1|2|4|9|21|45|97|198|263|307|328|305|245|169|118|71|49|25|11|1|1|0|0|0|0|0,2270
Washington,Car,PHEV,2049,0|0|0|0|0|1|2|4|10|21|45|96|194|258|318|339|328|276|203|130|85|49|33|16|7|1|0|0|0|0|0,2416
Washington,Car,PHEV,2050,0|0|0|0|0|1|2|4|10|22|47|96|192|253|312|351|339|297|229|156|94|59|33|22|11|4|0|0|0|0|0,2534
Washington,SUV,BEV,2020,0|0|0|0|0|0|0|0|0|0|0|0|0|0|0|0|0|0|0|0|0|0|0|0|0|0|0|0|0|0|0,0
Washington,SUV,BEV,2021,0|0|0|0|0|0|0|0|0|0|0|0|0|0|0|0|0|0|0|0|0|0|0|0|0|0|0|0|0|0|0,0
Washington,SUV,BEV,2022,0|0|0|0|0|0|0|0|0|0|0|0|0|0|0|0|0|0|0|0|0|0|0|0|0|0|0|0|0|0|0,0
Washington,SUV,BEV,2023,0|0|0|0|0|0|0|0|0|0|0|0|0|0|0|0|0|0|0|0|0|0|0|0|0|0|0|0|0|0|0,0
Washington,SUV,BEV,2024,0|0|0|0|0|0|0|0|1|1|1|0|0|0|0|0|0|0|0|0|0|0|0|0|0|0|0|0|0|0|0,3
Washington,SUV,BEV,2025,0|0|0|0|0|0|0|0|1|1|1|2|0|0|0|0|0|0|0|0|0|0|0|0|0|0|0|0|0|0|0,5
Washington,SUV,BEV,2026,0|0|0|0|0|0|0|0|1|2|3|3|4|0|0|0|0|0|0|0|0|0|0|0|0|0|0|0|0|0|0,13
Washington,SUV,BEV,2027,0|0|0|0|0|0|1|1|1|2|6|6|6|5|0|0|0|0|0|0|0|0|0|0|0|0|0|0|0|0|0,28
Washington,SUV,BEV,2028,0|0|0|0|0|1|1|2|2|2|5|12|13|8|6|0|0|0|0|0|0|0|0|0|0|0|0|0|0|0|0,52
Washington,SUV,BEV,2029,0|0|0|0|0|1|2|3|5|5|5|12|26|17|10|7|0|0|0|0|0|0|0|0|0|0|0|0|0|0|0,93
Washington,SUV,BEV,2030,0|0|0|0|0|1|2|5|7|11|12|11|24|33|21|11|7|0|0|0|0|0|0|0|0|0|0|0|0|0|0,145
Washington,SUV,BEV,2031,0|0|0|0|1|1|2|6|12|17|25|27|23|31|40|23|11|6|0|0|0|0|0|0|0|0|0|0|0|0|0,225
Washington,SUV,BEV,2032,0|0|0|0|1|2|3|5|15|28|39|55|55|30|38|45|23|10|5|0|0|0|0|0|0|0|0|0|0|0|0,354
Washington,SUV,BEV,2033,0|0|0|0|1|2|4|8|13|35|64|85|113|72|37|42|45|21|8|4|0|0|0|0|0|0|0|0|0|0|0,554
Washington,SUV,BEV,2034,0|0|0|0|1|2|5|10|20|30|80|140|176|147|87|41|42|40|17|6|3|0|0|0|0|0|0|0|0|0|0,847
Washington,SUV,BEV,2035,0|0|0|0|1|3|5|12|24|47|69|174|288|229|178|96|41|38|33|13|5|2|0|0|0|0|0|0|0|0|0,1258
Washington,SUV,BEV,2036,0|0|0|1|1|3|6|14|29|57|109|152|359|376|277|197|96|37|31|26|10|3|1|0|0|0|0|0|0|0|0,1785
Washington,SUV,BEV,2037,0|0|0|1|1|3|7|16|33|69|129|238|311|467|455|306|197|87|30|24|19|7|2|1|0|0|0|0|0|0|0,2403
Washington,SUV,BEV,2038,0|0|0|1|2|4|8|18|39|78|157|283|488|406|565|502|306|178|72|23|17|13|5|1|1|0|0|0|0|0|0,3167
Washington,SUV,BEV,2039,0|0|0|1|2|4|9|20|44|91|179|343|580|636|491|624|502|277|147|55|17|12|9|3|1|0|0|0|0|0|0,4047
Washington,SUV,BEV,2040,0|0|0|1|2|4|10|22|48|103|207|390|703|757|769|542|624|455|229|113|40|12|8|6|2|1|0|0|0|0|0,5048
Washington,SUV,BEV,2041,0|0|0|1|2|5|11|24|53|112|234|452|800|917|915|850|542|565|376|176|82|28|8|5|4|1|0|0|0|0|0,6163
Washington,SUV,BEV,2042,0|0|0|1|2|5|11|27|58|123|254|509|926|1044|1109|1011|850|491|467|288|127|57|19|5|3|2|1|0|0|0|0,7390
Washington,SUV,BEV,2043,0|0|0|1|2|5|12|28|63|135|277|550|1040|1207|1262|1225|1011|769|406|359|209|88|38|12|3|2|2|1|0|0|0,8707
Washington,SUV,BEV,2044,0|0|0|1|2|6|13|30|66|147|304|598|1120|1355|1460|1394|1225|915|636|311|259|145|59|25|8|2|1|1|0|0|0,10083
Washington,SUV,BEV,2045,0|0|0|1|2|6|14|31|71|153|332|655|1215|1460|1639|1612|1394|1109|757|488|225|180|97|39|16|5|1|1|1|0|0,11504
Washington,SUV,BEV,2046,0|0|0|1|2|6|14|33|74|163|345|715|1329|1584|1766|1810|1612|1262|917|580|353|156|121|64|25|11|3|1|1|0|0,12948
Washington,SUV,BEV,2047,0|0|0|1|3|6|15|35|78|170|364|742|1450|1732|1915|1950|1810|1460|1044|703|420|245|105|80|42|16|7|2|1|0|0,14396
Washington,SUV,BEV,2048,0|0|0|1|3|7|16|36|82|179|380|779|1502|1890|2095|2116|1950|1639|1207|800|509|291|165|69|52|27|11|4|1|0|1,15812
Washington,SUV,BEV,2049,0|0|0|1|3|7|16|38|85|187|398|811|1571|1959|2286|2314|2116|1766|1355|926|579|353|196|109|45|34|17|7|3|1|1,17184
Washington,SUV,BEV,2050,0|0|0|1|3|7|17|39|89|195|415|848|1634|2048|2368|2525|2314|1915|1460|1040|670|402|238|129|71|29|22|11|4|2|1,18497
Washington,SUV,PHEV,2020,0|0|0|0|0|0|0|0|0|0|0|0|0|0|0|0|0|0|0|0|0|0|0|0|0|0|0|0|0|0|0,0
Washington,SUV,PHEV,2021,0|0|0|0|0|0|0|0|0|0|0|0|0|0|0|0|0|0|0|0|0|0|0|0|0|0|0|0|0|0|0,0
Washington,SUV,PHEV,2022,0|0|0|0|0|0|0|0|0|0|0|0|0|0|0|0|0|0|0|0|0|0|0|0|0|0|0|0|0|0|0,0
Washington,SUV,PHEV,2023,0|0|0|0|0|0|0|0|0|0|0|0|0|0|0|0|0|0|0|0|0|0|0|0|0|0|0|0|0|0|0,0
Washington,SUV,PHEV,2024,0|0|0|0|0|0|0|0|0|0|0|0|0|0|0|0|0|0|0|0|0|0|0|0|0|0|0|0|0|0|0,0
Washington,SUV,PHEV,2025,0|0|0|0|0|0|0|0|0|0|0|1|0|0|0|0|0|0|0|0|0|0|0|0|0|0|0|0|0|0|0,1
Washington,SUV,PHEV,2026,0|0|0|0|0|0|0|0|0|1|1|1|2|0|0|0|0|0|0|0|0|0|0|0|0|0|0|0|0|0|0,5
Washington,SUV,PHEV,2027,0|0|0|0|0|0|0|0|0|1|1|2|2|2|0|0|0|0|0|0|0|0|0|0|0|0|0|0|0|0|0,8
Washington,SUV,PHEV,2028,0|0|0|0|0|0|0|1|0|0|1|3|4|3|2|0|0|0|0|0|0|0|0|0|0|0|0|0|0|0|0,14
Washington,SUV,PHEV,2029,0|0|0|0|0|0|1|1|2|1|1|3|5|5|3|3|0|0|0|0|0|0|0|0|0|0|0|0|0|0|0,25
Washington,SUV,PHEV,2030,0|0|0|0|0|0|1|1|2|4|2|2|6|7|6|4|3|0|0|0|0|0|0|0|0|0|0|0|0|0|0,38
Washington,SUV,PHEV,2031,0|0|0|0|0|0|0|1|3|5|8|5|5|8|9|7|4|2|0|0|0|0|0|0|0|0|0|0|0|0|0,57
Washington,SUV,PHEV,2032,0|0|0|0|0|0|1|1|4|7|10|18|10|6|10|9|7|3|2|0|0|0|0|0|0|0|0|0|0|0|0,88
Washington,SUV,PHEV,2033,0|0|0|0|0|0|1|2|2|8|16|23|38|13|8|11|9|6|3|2|0|0|0|0|0|0|0|0|0|0|0,142
Washington,SUV,PHEV,2034,0|0|0|0|0|0|1|2|4|5|19|36|47|49|16|8|11|9|5|2|1|0|0|0|0|0|0|0|0|0|0,215
Washington,SUV,PHEV,2035,0|0|0|0|0|0|1|2|5|9|12|42|74|61|59|17|8|10|7|4|2|1|0|0|0|0|0|0|0|0|0,314
Washington,SUV,PHEV,2036,0|0|0|0|0|1|1|3|5|12|19|27|85|97|74|66|17|8|8|5|3|1|1|0|0|0|0|0|0|0|0,433
Washington,SUV,PHEV,2037,0|0|0|0|0|1|1|3|6|12|27|43|55|111|117|81|66|16|6|6|4|2|1|0|0|0|0|0|0|0|0,558
Washington,SUV,PHEV,2038,0|0|0|0|0|1|2|4|7|14|27|58|87|71|135|129|81|59|13|5|4|3|1|0|0|0|0|0|0|0|0,701
Washington,SUV,PHEV,2039,0|0|0|0|0|1|2|4|9|16|33|59|119|114|86|149|129|74|49|10|3|3|2|1|0|0|0|0|0|0|0,863
Washington,SUV,PHEV,2040,0|0|0|0|0|1|2|5|10|20|37|72|121|155|137|95|149|117|61|38|7|2|2|1|1|0|0|0|0|0|0,1033
Washington,SUV,PHEV,2041,0|0|0|0|0|1|2|5|11|23|46|81|147|157|188|152|95|135|97|47|27|5|2|1|1|0|0|0|0|0|0,1223
Washington,SUV,PHEV,2042,0|0|0|0|0|1|2|5|12|25|53|99|166|192|190|208|152|86|111|74|34|19|3|1|1|1|0|0|0|0|0,1435
Washington,SUV,PHEV,2043,0|0|0|0|0|1|2|5|12|27|57|114|202|216|233|210|208|137|71|85|54|23|13|2|1|1|0|0|0|0|0,1674
Washington,SUV,PHEV,2044,0|0|0|0|0|1|2|5|12|28|60|124|231|264|262|257|210|188|114|55|62|37|16|8|1|0|0|0|0|0|0,1937
Washington,SUV,PHEV,2045,0|0|0|0|0|1|2|5|12|27|62|129|251|302|319|289|257|190|155|87|40|43|25|10|5|1|0|0|0|0|0,2212
Washington,SUV,PHEV,2046,0|0|0|0|0|1|2|5|12|28|61|134|262|327|365|352|289|233|157|119|63|27|29|17|7|4|1|0|0|0|0,2495
Washington,SUV,PHEV,2047,0|0|0|0|0|1|2|5|12|28|62|132|272|342|395|403|352|262|192|121|86|44|18|19|11|4|2|0|0|0|0,2765
Washington,SUV,PHEV,2048,0|0|0|0|0|1|2|6|13|28|62|133|267|354|413|436|403|319|216|147|87|60|29|12|12|7|3|1|0|0|0,3011
Washington,SUV,PHEV,2049,0|0|0|0|0|1|2|6|13|29|62|133|267|348|428|456|436|365|264|166|107|60|40|19|8|8|4|2|1|0|0,3225
Washington,SUV,PHEV,2050,0|0|0|0|0|1|2|6|13|29|64|132|266|349|421|473|456|395|302|202|120|74|41|27|13|5|5|3|1|1|0,3401
West Virginia,Car,BEV,2020,0|0|0|0|0|0|0|0|0|0|0|0|0|0|0|0|0|0|0|0|0|0|0|0|0|0|0|0|0|0|0,0
West Virginia,Car,BEV,2021,0|0|0|0|0|0|0|0|0|0|0|0|0|0|0|0|0|0|0|0|0|0|0|0|0|0|0|0|0|0|0,0
West Virginia,Car,BEV,2022,0|0|0|0|0|0|0|0|0|0|0|0|0|0|0|0|0|0|0|0|0|0|0|0|0|0|0|0|0|0|0,0
West Virginia,Car,BEV,2023,0|0|0|0|0|0|0|0|0|0|0|0|0|0|0|0|0|0|0|0|0|0|0|0|0|0|0|0|0|0|0,0
West Virginia,Car,BEV,2024,0|0|0|0|0|0|0|0|0|0|0|0|0|0|0|0|0|0|0|0|0|0|0|0|0|0|0|0|0|0|0,0
West Virginia,Car,BEV,2025,0|0|0|0|0|0|0|0|0|0|0|0|0|0|0|0|0|0|0|0|0|0|0|0|0|0|0|0|0|0|0,0
West Virginia,Car,BEV,2026,0|0|0|0|0|0|0|0|0|0|0|0|0|0|0|0|0|0|0|0|0|0|0|0|0|0|0|0|0|0|0,0
West Virginia,Car,BEV,2027,0|0|0|0|0|0|0|0|0|0|0|0|0|0|0|0|0|0|0|0|0|0|0|0|0|0|0|0|0|0|0,0
West Virginia,Car,BEV,2028,0|0|0|0|0|0|0|0|0|0|0|0|0|0|0|0|0|0|0|0|0|0|0|0|0|0|0|0|0|0|0,0
West Virginia,Car,BEV,2029,0|0|0|0|0|0|0|0|0|0|0|0|0|0|0|0|0|0|0|0|0|0|0|0|0|0|0|0|0|0|0,0
West Virginia,Car,BEV,2030,0|0|0|0|0|0|0|0|0|0|0|0|0|0|0|0|0|0|0|0|0|0|0|0|0|0|0|0|0|0|0,0
West Virginia,Car,BEV,2031,0|0|0|0|0|0|0|0|0|0|0|0|1|1|0|0|0|0|0|0|0|0|0|0|0|0|0|0|0|0|0,2
West Virginia,Car,BEV,2032,0|0|0|0|0|0|0|0|0|0|0|0|0|1|1|0|0|0|0|0|0|0|0|0|0|0|0|0|0|0|0,2
West Virginia,Car,BEV,2033,0|0|0|0|0|0|0|0|1|0|0|1|1|1|1|1|0|0|0|0|0|0|0|0|0|0|0|0|0|0|0,6
West Virginia,Car,BEV,2034,0|0|0|0|0|0|0|0|1|2|0|1|2|1|1|1|1|0|0|0|0|0|0|0|0|0|0|0|0|0|0,10
West Virginia,Car,BEV,2035,0|0|0|0|0|0|0|1|1|2|4|1|2|2|2|1|1|1|0|0|0|0|0|0|0|0|0|0|0|0|0,18
West Virginia,Car,BEV,2036,0|0|0|0|0|0|0|1|1|3|5|8|2|2|3|2|1|1|1|0|0|0|0|0|0|0|0|0|0|0|0,30
West Virginia,Car,BEV,2037,0|0|0|0|0|0|0|1|2|3|6|10|16|2|3|3|2|1|1|0|0|0|0|0|0|0|0|0|0|0|0,50
West Virginia,Car,BEV,2038,0|0|0|0|0|0|0|1|2|4|7|13|21|21|3|3|3|2|1|1|0|0|0|0|0|0|0|0|0|0|0,82
West Virginia,Car,BEV,2039,0|0|0|0|0|0|0|1|2|4|8|16|27|28|26|3|3|3|1|0|0|0|0|0|0|0|0|0|0|0|0,122
West Virginia,Car,BEV,2040,0|0|0|0|0|0|0|1|2|4|10|18|34|36|34|28|3|3|2|1|0|0|0|0|0|0|0|0|0|0|0,176
West Virginia,Car,BEV,2041,0|0|0|0|0|0|0|1|2|5|10|21|38|44|43|37|28|3|2|2|1|0|0|0|0|0|0|0|0|0|0,237
West Virginia,Car,BEV,2042,0|0|0|0|0|0|1|1|3|6|11|22|43|49|53|48|37|26|2|2|1|0|0|0|0|0|0|0|0|0|0,305
West Virginia,Car,BEV,2043,0|0|0|0|0|0|1|1|3|6|13|24|45|57|59|59|48|34|21|2|1|1|0|0|0|0|0|0|0|0|0,375
West Virginia,Car,BEV,2044,0|0|0|0|0|0|1|1|3|7|14|28|50|59|68|65|59|43|28|16|1|1|1|0|0|0|0|0|0|0|0,445
West Virginia,Car,BEV,2045,0|0|0|0|0|0|1|1|3|7|15|30|58|65|72|76|65|53|36|21|12|1|1|0|0|0|0|0|0|0|0,517
West Virginia,Car,BEV,2046,0|0|0|0|0|0|1|2|3|7|16|32|62|75|79|79|76|59|44|27|15|8|1|0|0|0|0|0|0|0|0,586
West Virginia,Car,BEV,2047,0|0|0|0|0|0|1|2|4|8|17|34|65|80|91|87|79|68|49|34|20|11|6|0|0|0|0|0|0|0|0,656
West Virginia,Car,BEV,2048,0|0|0|0|0|0|1|2|4|8|18|36|69|85|97|101|87|72|57|38|24|14|7|4|0|0|0|0|0|0|0,724
West Virginia,Car,BEV,2049,0|0|0|0|0|0|1|2|4|9|19|38|72|90|103|107|101|79|59|43|27|17|9|5|2|0|0|0|0|0|0,787
West Virginia,Car,BEV,2050,0|0|0|0|0|0|1|2|4|9|19|39|76|94|109|114|107|91|65|45|31|19|11|6|3|2|0|0|0|0|0,847
West Virginia,Car,PHEV,2020,0|0|0|0|0|0|0|0|0|0|0|0|0|0|0|0|0|0|0|0|0|0|0|0|0|0|0|0|0|0|0,0
West Virginia,Car,PHEV,2021,0|0|0|0|0|0|0|0|0|0|0|0|0|0|0|0|0|0|0|0|0|0|0|0|0|0|0|0|0|0|0,0
West Virginia,Car,PHEV,2022,0|0|0|0|0|0|0|0|0|0|0|0|0|0|0|0|0|0|0|0|0|0|0|0|0|0|0|0|0|0|0,0
West Virginia,Car,PHEV,2023,0|0|0|0|0|0|0|0|0|0|0|0|0|0|0|0|0|0|0|0|0|0|0|0|0|0|0|0|0|0|0,0
West Virginia,Car,PHEV,2024,0|0|0|0|0|0|0|0|0|0|0|0|0|0|0|0|0|0|0|0|0|0|0|0|0|0|0|0|0|0|0,0
West Virginia,Car,PHEV,2025,0|0|0|0|0|0|0|0|0|0|0|0|0|0|0|0|0|0|0|0|0|0|0|0|0|0|0|0|0|0|0,0
West Virginia,Car,PHEV,2026,0|0|0|0|0|0|0|0|0|0|0|0|0|0|0|0|0|0|0|0|0|0|0|0|0|0|0|0|0|0|0,0
West Virginia,Car,PHEV,2027,0|0|0|0|0|0|0|0|0|0|0|0|0|0|0|0|0|0|0|0|0|0|0|0|0|0|0|0|0|0|0,0
West Virginia,Car,PHEV,2028,0|0|0|0|0|0|0|0|0|0|0|0|0|0|0|0|0|0|0|0|0|0|0|0|0|0|0|0|0|0|0,0
West Virginia,Car,PHEV,2029,0|0|0|0|0|0|0|0|0|0|0|0|0|0|0|1|0|0|0|0|0|0|0|0|0|0|0|0|0|0|0,1
West Virginia,Car,PHEV,2030,0|0|0|0|0|0|0|0|0|0|0|0|1|1|1|0|1|0|0|0|0|0|0|0|0|0|0|0|0|0|0,4
West Virginia,Car,PHEV,2031,0|0|0|0|0|0|0|0|0|0|0|0|0|1|1|1|0|0|0|0|0|0|0|0|0|0|0|0|0|0|0,3
West Virginia,Car,PHEV,2032,0|0|0|0|0|0|0|0|0|0|0|0|0|0|1|1|1|0|0|0|0|0|0|0|0|0|0|0|0|0|0,3
West Virginia,Car,PHEV,2033,0|0|0|0|0|0|0|0|0|0|0|0|0|0|0|1|1|1|0|0|0|0|0|0|0|0|0|0|0|0|0,3
West Virginia,Car,PHEV,2034,0|0|0|0|0|0|0|0|0|0|0|0|0|0|0|1|1|1|0|0|0|0|0|0|0|0|0|0|0|0|0,3
West Virginia,Car,PHEV,2035,0|0|0|0|0|0|0|0|0|0|1|0|0|0|1|0|1|1|1|0|0|0|0|0|0|0|0|0|0|0|0,5
West Virginia,Car,PHEV,2036,0|0|0|0|0|0|0|0|0|1|1|2|0|0|0|1|0|0|1|0|0|0|0|0|0|0|0|0|0|0|0,6
West Virginia,Car,PHEV,2037,0|0|0|0|0|0|0|0|0|1|1|2|4|0|0|0|1|0|0|1|0|0|0|0|0|0|0|0|0|0|0,10
West Virginia,Car,PHEV,2038,0|0|0|0|0|0|0|0|0|1|1|3|4|5|0|0|0|1|0|0|0|0|0|0|0|0|0|0|0|0|0,15
West Virginia,Car,PHEV,2039,0|0|0|0|0|0|0|0|0|1|2|3|6|6|6|0|0|0|0|0|0|0|0|0|0|0|0|0|0|0|0,24
West Virginia,Car,PHEV,2040,0|0|0|0|0|0|0|0|0|1|2|4|7|8|7|6|0|0|0|0|0|0|0|0|0|0|0|0|0|0|0,35
West Virginia,Car,PHEV,2041,0|0|0|0|0|0|0|0|1|1|2|4|8|9|10|8|6|0|0|0|0|0|0|0|0|0|0|0|0|0|0,49
West Virginia,Car,PHEV,2042,0|0|0|0|0|0|0|0|1|1|3|5|9|11|10|11|8|6|0|0|0|0|0|0|0|0|0|0|0|0|0,65
West Virginia,Car,PHEV,2043,0|0|0|0|0|0|0|0|1|1|3|6|10|12|13|12|11|7|5|0|0|0|0|0|0|0|0|0|0|0|0,81
West Virginia,Car,PHEV,2044,0|0|0|0|0|0|0|0|1|1|3|6|12|13|14|14|12|10|6|4|0|0|0|0|0|0|0|0|0|0|0,96
West Virginia,Car,PHEV,2045,0|0|0|0|0|0|0|0|1|1|3|6|13|15|16|15|14|10|8|4|3|0|0|0|0|0|0|0|0|0|0,109
West Virginia,Car,PHEV,2046,0|0|0|0|0|0|0|0|1|1|3|6|13|16|18|18|15|13|9|6|3|2|0|0|0|0|0|0|0|0|0,124
West Virginia,Car,PHEV,2047,0|0|0|0|0|0|0|0|1|1|3|7|13|17|20|20|18|14|11|7|5|2|1|0|0|0|0|0|0|0|0,140
West Virginia,Car,PHEV,2048,0|0|0|0|0|0|0|0|1|1|3|6|13|17|20|22|20|16|12|8|5|3|2|1|0|0|0|0|0|0|0,150
West Virginia,Car,PHEV,2049,0|0|0|0|0|0|0|0|1|1|3|6|13|17|20|22|22|18|13|9|6|3|2|1|1|0|0|0|0|0|0,158
West Virginia,Car,PHEV,2050,0|0|0|0|0|0|0|0|1|1|3|6|13|17|21|22|22|20|15|10|6|4|2|1|1|0|0|0|0|0|0,165
West Virginia,SUV,BEV,2020,0|0|0|0|0|0|0|0|0|0|0|0|0|0|0|0|0|0|0|0|0|0|0|0|0|0|0|0|0|0|0,0
West Virginia,SUV,BEV,2021,0|0|0|0|0|0|0|0|0|0|0|0|0|0|0|0|0|0|0|0|0|0|0|0|0|0|0|0|0|0|0,0
West Virginia,SUV,BEV,2022,0|0|0|0|0|0|0|0|0|0|0|0|0|0|0|0|0|0|0|0|0|0|0|0|0|0|0|0|0|0|0,0
West Virginia,SUV,BEV,2023,0|0|0|0|0|0|0|0|0|0|0|0|0|0|0|0|0|0|0|0|0|0|0|0|0|0|0|0|0|0|0,0
West Virginia,SUV,BEV,2024,0|0|0|0|0|0|0|0|0|0|0|0|0|0|0|0|0|0|0|0|0|0|0|0|0|0|0|0|0|0|0,0
West Virginia,SUV,BEV,2025,0|0|0|0|0|0|0|0|0|0|0|0|0|0|0|0|0|0|0|0|0|0|0|0|0|0|0|0|0|0|0,0
West Virginia,SUV,BEV,2026,0|0|0|0|0|0|0|0|0|0|0|0|0|0|0|0|0|0|0|0|0|0|0|0|0|0|0|0|0|0|0,0
West Virginia,SUV,BEV,2027,0|0|0|0|0|0|0|0|0|0|0|0|0|0|0|0|0|0|0|0|0|0|0|0|0|0|0|0|0|0|0,0
West Virginia,SUV,BEV,2028,0|0|0|0|0|0|0|0|0|0|0|0|0|0|0|0|0|0|0|0|0|0|0|0|0|0|0|0|0|0|0,0
West Virginia,SUV,BEV,2029,0|0|0|0|0|0|0|0|0|0|0|0|0|0|0|0|0|0|0|0|0|0|0|0|0|0|0|0|0|0|0,0
West Virginia,SUV,BEV,2030,0|0|0|0|0|0|0|0|0|0|0|0|0|0|0|0|0|0|0|0|0|0|0|0|0|0|0|0|0|0|0,0
West Virginia,SUV,BEV,2031,0|0|0|0|0|0|0|0|0|0|0|0|0|0|0|0|0|0|0|0|0|0|0|0|0|0|0|0|0|0|0,0
West Virginia,SUV,BEV,2032,0|0|0|0|0|0|0|0|0|1|1|1|0|0|0|0|0|0|0|0|0|0|0|0|0|0|0|0|0|0|0,3
West Virginia,SUV,BEV,2033,0|0|0|0|0|0|0|1|1|1|1|1|2|1|0|0|0|0|0|0|0|0|0|0|0|0|0|0|0|0|0,8
West Virginia,SUV,BEV,2034,0|0|0|0|0|0|0|1|1|2|1|3|3|2|1|0|0|0|0|0|0|0|0|0|0|0|0|0|0|0|0,14
West Virginia,SUV,BEV,2035,0|0|0|0|0|0|0|1|2|3|5|3|5|4|3|1|0|0|0|0|0|0|0|0|0|0|0|0|0|0|0,27
West Virginia,SUV,BEV,2036,0|0|0|0|0|0|1|1|2|4|7|12|6|7|5|3|1|0|0|0|0|0|0|0|0|0|0|0|0|0|0,49
West Virginia,SUV,BEV,2037,0|0|0|0|0|0|1|1|3|5|10|16|24|8|8|5|3|1|0|0|0|0|0|0|0|0|0|0|0|0|0,85
West Virginia,SUV,BEV,2038,0|0|0|0|0|0|1|1|3|6|12|21|32|31|10|9|5|3|1|0|0|0|0|0|0|0|0|0|0|0|0,135
West Virginia,SUV,BEV,2039,0|0|0|0|0|0|1|2|3|7|14|27|43|42|38|11|9|5|2|0|0|0|0|0|0|0|0|0|0|0|0,204
West Virginia,SUV,BEV,2040,0|0|0|0|0|0|1|2|4|8|17|31|55|56|51|42|11|8|4|2|0|0|0|0|0|0|0|0|0|0|0,292
West Virginia,SUV,BEV,2041,0|0|0|0|0|0|1|2|5|9|18|37|63|72|68|56|42|10|7|3|1|0|0|0|0|0|0|0|0|0|0,394
West Virginia,SUV,BEV,2042,0|0|0|0|0|0|1|2|5|11|21|40|76|83|87|75|56|38|8|5|2|1|0|0|0|0|0|0|0|0|0,511
West Virginia,SUV,BEV,2043,0|0|0|0|0|0|1|3|6|12|25|46|83|100|100|96|75|51|31|6|4|1|1|0|0|0|0|0|0|0|0,641
West Virginia,SUV,BEV,2044,0|0|0|0|0|1|1|3|6|14|28|56|95|108|121|110|96|68|42|24|5|3|1|0|0|0|0|0|0|0|0,782
West Virginia,SUV,BEV,2045,0|0|0|0|0|1|1|3|7|15|31|61|114|124|131|133|110|87|56|32|17|3|2|1|0|0|0|0|0|0|0,929
West Virginia,SUV,BEV,2046,0|0|0|0|0|1|1|3|7|16|33|67|125|148|150|144|133|100|72|43|23|12|2|1|0|0|0|0|0|0|0,1081
West Virginia,SUV,BEV,2047,0|0|0|0|0|1|1|3|8|17|35|71|136|163|179|166|144|121|83|55|31|16|8|1|1|0|0|0|0|0|0,1240
West Virginia,SUV,BEV,2048,0|0|0|0|0|1|1|3|8|17|37|75|145|177|197|198|166|131|100|63|40|22|11|5|1|0|0|0|0|0|0,1398
West Virginia,SUV,BEV,2049,0|0|0|0|0|1|2|3|8|18|39|79|153|189|214|218|198|150|108|76|46|28|15|7|3|1|0|0|0|0|0,1556
West Virginia,SUV,BEV,2050,0|0|0|0|0|1|2|4|8|18|40|83|160|199|229|236|218|179|124|83|55|32|19|10|5|2|0|0|0|0|0,1707
West Virginia,SUV,PHEV,2020,0|0|0|0|0|0|0|0|0|0|0|0|0|0|0|0|0|0|0|0|0|0|0|0|0|0|0|0|0|0|0,0
West Virginia,SUV,PHEV,2021,0|0|0|0|0|0|0|0|0|0|0|0|0|0|0|0|0|0|0|0|0|0|0|0|0|0|0|0|0|0|0,0
West Virginia,SUV,PHEV,2022,0|0|0|0|0|0|0|0|0|0|0|0|0|0|0|0|0|0|0|0|0|0|0|0|0|0|0|0|0|0|0,0
West Virginia,SUV,PHEV,2023,0|0|0|0|0|0|0|0|0|0|0|0|0|0|0|0|0|0|0|0|0|0|0|0|0|0|0|0|0|0|0,0
West Virginia,SUV,PHEV,2024,0|0|0|0|0|0|0|0|0|0|0|0|0|0|0|0|0|0|0|0|0|0|0|0|0|0|0|0|0|0|0,0
West Virginia,SUV,PHEV,2025,0|0|0|0|0|0|0|0|0|0|0|0|0|0|0|0|0|0|0|0|0|0|0|0|0|0|0|0|0|0|0,0
West Virginia,SUV,PHEV,2026,0|0|0|0|0|0|0|0|0|0|0|0|0|0|0|0|0|0|0|0|0|0|0|0|0|0|0|0|0|0|0,0
West Virginia,SUV,PHEV,2027,0|0|0|0|0|0|0|0|0|0|0|0|0|0|0|0|0|0|0|0|0|0|0|0|0|0|0|0|0|0|0,0
West Virginia,SUV,PHEV,2028,0|0|0|0|0|0|0|0|0|0|0|0|0|0|0|0|0|0|0|0|0|0|0|0|0|0|0|0|0|0|0,0
West Virginia,SUV,PHEV,2029,0|0|0|0|0|0|0|0|0|0|0|0|0|0|0|0|0|0|0|0|0|0|0|0|0|0|0|0|0|0|0,0
West Virginia,SUV,PHEV,2030,0|0|0|0|0|0|0|0|0|0|0|0|0|0|0|0|0|0|0|0|0|0|0|0|0|0|0|0|0|0|0,0
West Virginia,SUV,PHEV,2031,0|0|0|0|0|0|0|0|0|0|0|0|0|0|0|0|0|0|0|0|0|0|0|0|0|0|0|0|0|0|0,0
West Virginia,SUV,PHEV,2032,0|0|0|0|0|0|0|0|0|0|0|1|0|0|0|0|0|0|0|0|0|0|0|0|0|0|0|0|0|0|0,1
West Virginia,SUV,PHEV,2033,0|0|0|0|0|0|0|0|0|0|1|1|1|0|0|0|0|0|0|0|0|0|0|0|0|0|0|0|0|0|0,3
West Virginia,SUV,PHEV,2034,0|0|0|0|0|0|0|0|0|1|1|2|2|2|0|0|0|0|0|0|0|0|0|0|0|0|0|0|0|0|0,8
West Virginia,SUV,PHEV,2035,0|0|0|0|0|0|0|0|0|1|1|2|3|2|2|1|0|0|0|0|0|0|0|0|0|0|0|0|0|0|0,12
West Virginia,SUV,PHEV,2036,0|0|0|0|0|0|0|0|0|1|2|3|4|4|3|2|1|0|0|0|0|0|0|0|0|0|0|0|0|0|0,20
West Virginia,SUV,PHEV,2037,0|0|0|0|0|0|0|0|1|1|2|3|5|5|5|3|2|0|0|0|0|0|0|0|0|0|0|0|0|0|0,27
West Virginia,SUV,PHEV,2038,0|0|0|0|0|0|0|0|1|1|2|5|7|7|6|5|3|2|0|0|0|0|0|0|0|0|0|0|0|0|0,39
West Virginia,SUV,PHEV,2039,0|0|0|0|0|0|0|0|1|2|3|5|10|9|8|6|5|3|2|0|0|0|0|0|0|0|0|0|0|0|0,54
West Virginia,SUV,PHEV,2040,0|0|0|0|0|0|0|0|1|2|4|7|11|13|11|9|6|5|2|1|0|0|0|0|0|0|0|0|0|0|0,72
West Virginia,SUV,PHEV,2041,0|0|0|0|0|0|0|0|1|2|4|8|14|14|16|12|9|6|4|2|1|0|0|0|0|0|0|0|0|0|0,93
West Virginia,SUV,PHEV,2042,0|0|0|0|0|0|0|0|1|2|5|9|16|18|17|18|12|8|5|3|1|1|0|0|0|0|0|0|0|0|0,116
West Virginia,SUV,PHEV,2043,0|0|0|0|0|0|0|0|1|3|6|11|18|21|22|19|18|11|7|4|2|1|0|0|0|0|0|0|0|0|0,144
West Virginia,SUV,PHEV,2044,0|0|0|0|0|0|0|1|1|3|6|12|22|24|25|24|19|16|9|5|3|2|1|0|0|0|0|0|0|0|0,173
West Virginia,SUV,PHEV,2045,0|0|0|0|0|0|0|1|1|3|6|13|25|29|29|28|24|17|13|7|4|2|1|0|0|0|0|0|0|0|0,203
West Virginia,SUV,PHEV,2046,0|0|0|0|0|0|0|1|1|3|6|13|26|33|35|32|28|22|14|10|5|3|1|1|0|0|0|0|0|0|0,234
West Virginia,SUV,PHEV,2047,0|0|0|0|0|0|0|1|1|3|6|13|27|34|39|39|32|25|18|11|7|3|2|1|0|0|0|0|0|0|0,262
West Virginia,SUV,PHEV,2048,0|0|0|0|0|0|0|1|1|3|6|13|27|35|41|43|39|29|21|14|8|5|2|1|1|0|0|0|0|0|0,290
West Virginia,SUV,PHEV,2049,0|0|0|0|0|0|0|1|1|3|6|13|27|35|42|45|43|35|24|16|10|5|3|2|1|0|0|0|0|0|0,312
West Virginia,SUV,PHEV,2050,0|0|0|0|0|0|0|1|1|3|6|13|27|35|42|46|45|39|29|18|12|7|4|2|1|0|0|0|0|0|0,331
Wisconsin,Car,BEV,2020,0|0|0|0|0|0|0|0|0|0|0|0|0|0|0|0|0|0|0|0|0|0|0|0|0|0|0|0|0|0|0,0
Wisconsin,Car,BEV,2021,0|0|0|0|0|0|0|0|0|0|0|0|0|0|0|0|0|0|0|0|0|0|0|0|0|0|0|0|0|0|0,0
Wisconsin,Car,BEV,2022,0|0|0|0|0|0|0|0|0|0|0|0|0|0|0|0|0|0|0|0|0|0|0|0|0|0|0|0|0|0|0,0
Wisconsin,Car,BEV,2023,0|0|0|0|0|0|0|0|0|0|0|0|0|0|0|0|0|0|0|0|0|0|0|0|0|0|0|0|0|0|0,0
Wisconsin,Car,BEV,2024,0|0|0|0|0|0|0|0|0|0|1|0|0|0|0|0|0|0|0|0|0|0|0|0|0|0|0|0|0|0|0,1
Wisconsin,Car,BEV,2025,0|0|0|0|0|0|0|0|0|0|1|2|0|0|0|0|0|0|0|0|0|0|0|0|0|0|0|0|0|0|0,3
Wisconsin,Car,BEV,2026,0|0|0|0|0|0|0|0|0|0|1|2|4|0|0|0|0|0|0|0|0|0|0|0|0|0|0|0|0|0|0,7
Wisconsin,Car,BEV,2027,0|0|0|0|0|0|0|0|0|1|1|2|4|6|0|0|0|0|0|0|0|0|0|0|0|0|0|0|0|0|0,14
Wisconsin,Car,BEV,2028,0|0|0|0|0|0|0|0|0|1|2|2|4|6|7|0|0|0|0|0|0|0|0|0|0|0|0|0|0|0|0,22
Wisconsin,Car,BEV,2029,0|0|0|0|0|0|0|0|0|1|2|5|3|6|7|7|0|0|0|0|0|0|0|0|0|0|0|0|0|0|0,31
Wisconsin,Car,BEV,2030,0|0|0|0|0|0|0|0|1|1|1|4|11|4|7|8|7|0|0|0|0|0|0|0|0|0|0|0|0|0|0,44
Wisconsin,Car,BEV,2031,0|0|0|0|0|0|0|0|1|1|2|3|9|14|5|8|8|7|0|0|0|0|0|0|0|0|0|0|0|0|0,58
Wisconsin,Car,BEV,2032,0|0|0|0|0|0|1|1|1|2|3|5|7|12|17|6|8|7|6|0|0|0|0|0|0|0|0|0|0|0|0,76
Wisconsin,Car,BEV,2033,0|0|0|0|0|0|1|2|3|2|4|7|10|9|14|19|6|7|6|4|0|0|0|0|0|0|0|0|0|0|0,94
Wisconsin,Car,BEV,2034,0|0|0|0|0|0|1|2|4|7|4|9|15|13|10|16|19|5|6|4|3|0|0|0|0|0|0|0|0|0|0,118
Wisconsin,Car,BEV,2035,0|0|0|0|0|1|1|2|5|9|15|8|18|20|16|12|16|17|4|4|3|2|0|0|0|0|0|0|0|0|0,153
Wisconsin,Car,BEV,2036,0|0|0|0|0|1|1|3|6|11|20|34|16|24|24|18|12|14|14|3|3|2|1|0|0|0|0|0|0|0|0,207
Wisconsin,Car,BEV,2037,0|0|0|0|0|1|1|3|7|14|26|43|69|21|29|27|18|10|12|11|2|2|2|1|0|0|0|0|0|0|0,299
Wisconsin,Car,BEV,2038,0|0|0|0|0|1|2|3|8|16|31|56|89|90|25|32|27|16|9|9|8|2|1|1|1|0|0|0|0|0|0,427
Wisconsin,Car,BEV,2039,0|0|0|0|0|1|2|4|8|19|37|68|114|116|108|28|32|24|13|7|7|5|1|1|1|0|0|0|0|0|0,596
Wisconsin,Car,BEV,2040,0|0|0|0|0|1|2|5|9|20|42|81|140|149|140|120|28|29|20|10|5|5|4|1|1|0|0|0|0|0|0,812
Wisconsin,Car,BEV,2041,0|0|0|0|0|1|2|5|11|22|46|93|165|183|180|155|120|25|24|15|7|3|3|2|0|0|0|0|0|0|0,1062
Wisconsin,Car,BEV,2042,0|0|0|0|0|1|2|5|12|26|51|100|190|216|221|199|155|108|21|18|11|5|2|2|2|0|0|0|0|0|0,1347
Wisconsin,Car,BEV,2043,0|0|0|0|0|1|3|6|13|28|59|111|205|248|261|244|199|140|90|16|13|8|3|1|1|1|0|0|0|0|0,1651
Wisconsin,Car,BEV,2044,0|0|0|0|0|1|3|6|14|30|64|129|226|267|299|288|244|180|116|69|12|9|5|2|1|1|1|0|0|0|0,1967
Wisconsin,Car,BEV,2045,0|0|0|0|1|1|3|7|15|33|68|138|263|295|322|331|288|221|149|89|50|8|6|3|1|1|1|0|0|0|0,2294
Wisconsin,Car,BEV,2046,0|0|0|0|1|1|3|7|16|35|74|148|282|344|357|356|331|261|183|114|64|34|5|4|2|1|0|0|0|0|0,2623
Wisconsin,Car,BEV,2047,0|0|0|0|1|1|3|8|17|37|78|158|301|368|415|394|356|299|216|140|83|45|23|4|3|1|1|0|0|0|0,2952
Wisconsin,Car,BEV,2048,0|0|0|0|1|1|3|8|18|39|82|167|320|392|445|459|394|322|248|165|102|57|30|15|2|2|1|0|0|0|0,3273
Wisconsin,Car,BEV,2049,0|0|0|0|1|2|4|8|19|42|87|176|336|418|474|491|459|357|267|190|120|70|39|20|10|1|1|1|0|0|0,3593
Wisconsin,Car,BEV,2050,0|0|0|0|1|2|4|9|20|43|92|186|355|439|505|523|491|415|295|205|137|83|47|25|13|6|1|1|0|0|0,3898
Wisconsin,Car,PHEV,2020,0|0|0|0|0|0|0|0|0|0|0|0|0|0|0|0|0|0|0|0|0|0|0|0|0|0|0|0|0|0|0,0
Wisconsin,Car,PHEV,2021,0|0|0|0|0|0|0|0|0|0|0|0|0|0|0|0|0|0|0|0|0|0|0|0|0|0|0|0|0|0|0,0
Wisconsin,Car,PHEV,2022,0|0|0|0|0|0|0|0|0|0|0|0|0|0|0|0|0|0|0|0|0|0|0|0|0|0|0|0|0|0|0,0
Wisconsin,Car,PHEV,2023,0|0|0|0|0|0|0|0|0|0|0|0|0|0|0|0|0|0|0|0|0|0|0|0|0|0|0|0|0|0|0,0
Wisconsin,Car,PHEV,2024,0|0|0|0|0|0|0|0|0|0|1|0|0|0|0|0|0|0|0|0|0|0|0|0|0|0|0|0|0|0|0,1
Wisconsin,Car,PHEV,2025,0|0|0|0|0|0|0|0|0|0|0|2|0|0|0|0|0|0|0|0|0|0|0|0|0|0|0|0|0|0|0,2
Wisconsin,Car,PHEV,2026,0|0|0|0|0|0|0|0|0|1|1|1|3|0|0|0|0|0|0|0|0|0|0|0|0|0|0|0|0|0|0,6
Wisconsin,Car,PHEV,2027,0|0|0|0|0|0|0|0|0|1|1|2|2|4|0|0|0|0|0|0|0|0|0|0|0|0|0|0|0|0|0,10
Wisconsin,Car,PHEV,2028,0|0|0|0|0|0|0|0|0|0|1|3|4|3|5|0|0|0|0|0|0|0|0|0|0|0|0|0|0|0|0,16
Wisconsin,Car,PHEV,2029,0|0|0|0|0|0|0|0|0|0|1|3|6|5|3|6|0|0|0|0|0|0|0|0|0|0|0|0|0|0|0,24
Wisconsin,Car,PHEV,2030,0|0|0|0|0|0|0|0|0|0|1|2|7|7|7|4|6|0|0|0|0|0|0|0|0|0|0|0|0|0|0,34
Wisconsin,Car,PHEV,2031,0|0|0|0|0|0|0|0|0|0|1|1|4|9|9|7|4|5|0|0|0|0|0|0|0|0|0|0|0|0|0,40
Wisconsin,Car,PHEV,2032,0|0|0|0|0|0|0|0|0|0|1|2|3|5|11|10|7|3|4|0|0|0|0|0|0|0|0|0|0|0|0,46
Wisconsin,Car,PHEV,2033,0|0|0|0|0|0|0|0|1|0|0|1|4|4|6|12|10|7|3|3|0|0|0|0|0|0|0|0|0|0|0,51
Wisconsin,Car,PHEV,2034,0|0|0|0|0|0|0|1|1|2|1|1|3|5|5|6|12|9|5|2|2|0|0|0|0|0|0|0|0|0|0,55
Wisconsin,Car,PHEV,2035,0|0|0|0|0|0|0|1|1|2|4|1|2|3|6|5|6|11|7|4|1|2|0|0|0|0|0|0|0|0|0,56
Wisconsin,Car,PHEV,2036,0|0|0|0|0|0|0|1|1|3|5|8|2|2|4|7|5|6|9|6|3|1|1|0|0|0|0|0|0|0|0,64
Wisconsin,Car,PHEV,2037,0|0|0|0|0|0|0|1|2|3|6|10|16|3|3|4|7|5|5|7|4|2|1|1|0|0|0|0|0|0|0,80
Wisconsin,Car,PHEV,2038,0|0|0|0|0|0|0|1|2|4|7|14|20|20|4|3|4|6|4|4|5|3|1|0|0|0|0|0|0|0|0,102
Wisconsin,Car,PHEV,2039,0|0|0|0|0|0|0|1|2|4|8|14|28|26|25|4|3|4|5|3|3|3|2|1|0|0|0|0|0|0|0,136
Wisconsin,Car,PHEV,2040,0|0|0|0|0|0|0|1|2|4|9|18|29|37|32|27|4|3|3|4|2|2|2|1|1|0|0|0|0|0|0,181
Wisconsin,Car,PHEV,2041,0|0|0|0|0|0|0|1|2|5|10|19|37|38|44|35|27|4|2|3|3|2|1|1|1|0|0|0|0|0|0,235
Wisconsin,Car,PHEV,2042,0|0|0|0|0|0|0|1|3|6|12|22|40|48|46|49|35|25|3|2|2|2|1|1|1|1|0|0|0|0|0,300
Wisconsin,Car,PHEV,2043,0|0|0|0|0|0|0|1|3|6|13|26|46|52|58|50|49|32|20|2|1|1|1|1|1|1|0|0|0|0|0,364
Wisconsin,Car,PHEV,2044,0|0|0|0|0|0|1|1|3|6|13|28|53|60|63|64|50|44|26|16|2|1|1|1|0|0|0|0|0|0|0,433
Wisconsin,Car,PHEV,2045,0|0|0|0|0|0|1|1|3|6|14|29|57|69|73|69|64|46|37|20|11|1|1|1|1|0|0|0|0|0|0,504
Wisconsin,Car,PHEV,2046,0|0|0|0|0|0|1|1|3|6|14|29|59|75|84|80|69|58|38|28|15|8|1|0|0|0|0|0|0|0|0,569
Wisconsin,Car,PHEV,2047,0|0|0|0|0|0|1|1|3|7|14|30|60|77|91|92|80|63|48|29|20|10|5|1|0|0|0|0|0|0|0,632
Wisconsin,Car,PHEV,2048,0|0|0|0|0|0|1|1|3|7|14|30|61|78|94|100|92|73|52|37|21|14|7|3|0|0|0|0|0|0|0,688
Wisconsin,Car,PHEV,2049,0|0|0|0|0|0|1|1|3|7|15|31|61|79|95|103|100|84|60|40|26|15|9|4|2|0|0|0|0|0|0,736
Wisconsin,Car,PHEV,2050,0|0|0|0|0|0|1|1|3|7|15|31|62|79|96|104|103|91|69|46|29|18|10|6|3|1|0|0|0|0|0,775
Wisconsin,SUV,BEV,2020,0|0|0|0|0|0|0|0|0|0|0|0|0|0|0|0|0|0|0|0|0|0|0|0|0|0|0|0|0|0|0,0
Wisconsin,SUV,BEV,2021,0|0|0|0|0|0|0|0|0|0|0|0|0|0|0|0|0|0|0|0|0|0|0|0|0|0|0|0|0|0|0,0
Wisconsin,SUV,BEV,2022,0|0|0|0|0|0|0|0|0|0|0|0|0|0|0|0|0|0|0|0|0|0|0|0|0|0|0|0|0|0|0,0
Wisconsin,SUV,BEV,2023,0|0|0|0|0|0|0|0|0|0|0|0|0|0|0|0|0|0|0|0|0|0|0|0|0|0|0|0|0|0|0,0
Wisconsin,SUV,BEV,2024,0|0|0|0|0|0|0|0|0|0|0|0|0|0|0|0|0|0|0|0|0|0|0|0|0|0|0|0|0|0|0,0
Wisconsin,SUV,BEV,2025,0|0|0|0|0|0|0|0|0|0|0|0|0|0|0|0|0|0|0|0|0|0|0|0|0|0|0|0|0|0|0,0
Wisconsin,SUV,BEV,2026,0|0|0|0|0|0|0|0|0|0|1|0|1|0|0|0|0|0|0|0|0|0|0|0|0|0|0|0|0|0|0,2
Wisconsin,SUV,BEV,2027,0|0|0|0|0|0|0|0|0|0|1|1|1|1|0|0|0|0|0|0|0|0|0|0|0|0|0|0|0|0|0,4
Wisconsin,SUV,BEV,2028,0|0|0|0|0|0|0|0|0|0|1|2|2|1|1|0|0|0|0|0|0|0|0|0|0|0|0|0|0|0|0,7
Wisconsin,SUV,BEV,2029,0|0|0|0|0|0|0|0|1|1|1|1|4|3|2|1|0|0|0|0|0|0|0|0|0|0|0|0|0|0|0,14
Wisconsin,SUV,BEV,2030,0|0|0|0|0|0|0|1|1|2|1|1|3|5|4|2|1|0|0|0|0|0|0|0|0|0|0|0|0|0|0,21
Wisconsin,SUV,BEV,2031,0|0|0|0|0|0|1|1|2|3|3|3|3|3|6|4|2|1|0|0|0|0|0|0|0|0|0|0|0|0|0,32
Wisconsin,SUV,BEV,2032,0|0|0|0|0|0|1|1|2|5|6|8|7|3|4|6|4|2|1|0|0|0|0|0|0|0|0|0|0|0|0,50
Wisconsin,SUV,BEV,2033,0|0|0|0|0|1|1|2|3|6|11|13|16|9|4|5|6|4|1|1|0|0|0|0|0|0|0|0|0|0|0,83
Wisconsin,SUV,BEV,2034,0|0|0|0|0|1|1|3|5|8|13|23|26|21|10|4|5|6|3|1|0|0|0|0|0|0|0|0|0|0|0,130
Wisconsin,SUV,BEV,2035,0|0|0|0|0|1|2|3|6|11|18|29|47|34|25|11|4|4|5|2|1|0|0|0|0|0|0|0|0|0|0,203
Wisconsin,SUV,BEV,2036,0|0|0|0|0|1|2|4|8|14|25|40|59|62|42|28|11|4|3|4|2|1|0|0|0|0|0|0|0|0|0,310
Wisconsin,SUV,BEV,2037,0|0|0|0|0|1|2|5|10|19|33|54|82|77|74|46|28|10|3|3|3|1|0|0|0|0|0|0|0|0|0,451
Wisconsin,SUV,BEV,2038,0|0|0|0|1|1|3|5|12|23|42|72|111|107|93|82|46|25|9|3|2|2|1|0|0|0|0|0|0|0|0,640
Wisconsin,SUV,BEV,2039,0|0|0|0|1|1|3|6|13|27|52|93|149|145|129|102|82|42|21|7|2|1|1|1|0|0|0|0|0|0|0,878
Wisconsin,SUV,BEV,2040,0|0|0|0|1|2|3|8|15|31|63|114|191|194|175|143|102|74|34|16|5|1|1|1|0|0|0|0|0|0|0,1174
Wisconsin,SUV,BEV,2041,0|0|0|0|1|2|4|9|19|36|71|138|235|249|235|193|143|93|62|26|11|3|1|1|1|0|0|0|0|0|0,1533
Wisconsin,SUV,BEV,2042,0|0|0|0|1|2|4|9|21|44|82|155|282|306|301|259|193|129|77|47|19|8|2|1|0|0|0|0|0|0|0,1942
Wisconsin,SUV,BEV,2043,0|0|0|0|1|2|4|10|23|48|99|179|317|368|371|332|259|175|107|59|34|13|5|1|0|0|0|0|0|0|0,2407
Wisconsin,SUV,BEV,2044,0|0|0|0|1|2|5|11|24|53|110|216|366|413|445|409|332|235|145|82|43|24|9|4|1|0|0|0|0|0|0,2930
Wisconsin,SUV,BEV,2045,0|0|0|0|1|2|5|12|26|57|120|239|441|477|500|492|409|301|194|111|59|29|16|6|2|1|0|0|0|0|0,3500
Wisconsin,SUV,BEV,2046,0|0|0|0|1|2|5|12|28|61|129|260|487|575|577|552|492|371|249|149|80|41|20|11|4|1|0|0|0|0|0,4107
Wisconsin,SUV,BEV,2047,0|0|0|0|1|2|6|13|30|65|137|279|529|636|696|637|552|445|306|191|108|56|28|13|7|2|1|0|0|0|0,4740
Wisconsin,SUV,BEV,2048,0|0|0|0|1|2|6|14|31|68|145|296|567|690|768|769|637|500|368|235|138|75|37|18|9|4|2|1|0|0|0,5381
Wisconsin,SUV,BEV,2049,0|0|0|0|1|3|6|14|32|72|153|313|601|740|834|849|769|577|413|282|170|96|50|25|12|6|3|1|0|0|0,6022
Wisconsin,SUV,BEV,2050,0|0|0|0|1|3|6|15|33|73|160|328|633|784|894|921|849|696|477|317|204|118|64|33|16|8|4|2|1|0|0,6640
Wisconsin,SUV,PHEV,2020,0|0|0|0|0|0|0|0|0|0|0|0|0|0|0|0|0|0|0|0|0|0|0|0|0|0|0|0|0|0|0,0
Wisconsin,SUV,PHEV,2021,0|0|0|0|0|0|0|0|0|0|0|0|0|0|0|0|0|0|0|0|0|0|0|0|0|0|0|0|0|0|0,0
Wisconsin,SUV,PHEV,2022,0|0|0|0|0|0|0|0|0|0|0|0|0|0|0|0|0|0|0|0|0|0|0|0|0|0|0|0|0|0|0,0
Wisconsin,SUV,PHEV,2023,0|0|0|0|0|0|0|0|0|0|0|0|0|0|0|0|0|0|0|0|0|0|0|0|0|0|0|0|0|0|0,0
Wisconsin,SUV,PHEV,2024,0|0|0|0|0|0|0|0|0|0|0|0|0|0|0|0|0|0|0|0|0|0|0|0|0|0|0|0|0|0|0,0
Wisconsin,SUV,PHEV,2025,0|0|0|0|0|0|0|0|0|0|0|0|0|0|0|0|0|0|0|0|0|0|0|0|0|0|0|0|0|0|0,0
Wisconsin,SUV,PHEV,2026,0|0|0|0|0|0|0|0|0|0|0|0|0|0|0|0|0|0|0|0|0|0|0|0|0|0|0|0|0|0|0,0
Wisconsin,SUV,PHEV,2027,0|0|0|0|0|0|0|0|0|0|0|1|1|1|0|0|0|0|0|0|0|0|0|0|0|0|0|0|0|0|0,3
Wisconsin,SUV,PHEV,2028,0|0|0|0|0|0|0|0|0|0|0|1|2|1|1|0|0|0|0|0|0|0|0|0|0|0|0|0|0|0|0,5
Wisconsin,SUV,PHEV,2029,0|0|0|0|0|0|0|0|0|0|0|1|2|2|1|1|0|0|0|0|0|0|0|0|0|0|0|0|0|0|0,7
Wisconsin,SUV,PHEV,2030,0|0|0|0|0|0|0|0|1|1|1|1|2|2|2|1|1|0|0|0|0|0|0|0|0|0|0|0|0|0|0,12
Wisconsin,SUV,PHEV,2031,0|0|0|0|0|0|0|0|1|1|3|2|1|2|3|3|1|1|0|0|0|0|0|0|0|0|0|0|0|0|0,18
Wisconsin,SUV,PHEV,2032,0|0|0|0|0|0|0|0|1|2|3|6|3|2|3|3|3|1|1|0|0|0|0|0|0|0|0|0|0|0|0,28
Wisconsin,SUV,PHEV,2033,0|0|0|0|0|0|0|0|1|3|5|7|12|4|2|3|3|2|1|0|0|0|0|0|0|0|0|0|0|0|0,43
Wisconsin,SUV,PHEV,2034,0|0|0|0|0|0|0|1|1|2|6|11|15|15|5|3|3|3|2|1|0|0|0|0|0|0|0|0|0|0|0,68
Wisconsin,SUV,PHEV,2035,0|0|0|0|0|0|0|1|2|2|4|13|23|19|19|6|3|3|2|2|1|0|0|0|0|0|0|0|0|0|0,100
Wisconsin,SUV,PHEV,2036,0|0|0|0|0|0|0|1|2|4|6|9|26|30|23|21|6|2|2|2|1|0|0|0|0|0|0|0|0|0|0,135
Wisconsin,SUV,PHEV,2037,0|0|0|0|0|0|1|1|2|4|8|12|18|34|36|26|21|5|2|2|1|1|0|0|0|0|0|0|0|0|0,174
Wisconsin,SUV,PHEV,2038,0|0|0|0|0|0|1|1|3|5|9|18|25|24|41|39|26|19|4|1|1|1|1|0|0|0|0|0|0|0|0,219
Wisconsin,SUV,PHEV,2039,0|0|0|0|0|0|1|2|3|6|12|19|36|32|29|45|39|23|15|3|1|1|1|0|0|0|0|0|0|0|0,268
Wisconsin,SUV,PHEV,2040,0|0|0|0|0|0|1|2|4|7|14|25|39|47|39|32|45|36|19|12|2|1|1|0|0|0|0|0|0|0|0,326
Wisconsin,SUV,PHEV,2041,0|0|0|0|0|0|1|2|4|9|17|29|52|51|57|43|32|41|30|15|9|2|0|0|0|0|0|0|0|0|0,394
Wisconsin,SUV,PHEV,2042,0|0|0|0|0|0|1|2|5|10|20|36|60|68|62|63|43|29|34|23|11|6|1|0|0|0|0|0|0|0|0,474
Wisconsin,SUV,PHEV,2043,0|0|0|0|0|0|1|2|5|11|23|43|73|78|82|68|63|39|24|26|16|7|4|1|0|0|0|0|0|0|0,566
Wisconsin,SUV,PHEV,2044,0|0|0|0|0|0|1|2|5|11|24|49|88|95|95|91|68|57|32|18|19|11|5|3|0|0|0|0|0|0|0,674
Wisconsin,SUV,PHEV,2045,0|0|0|0|0|0|1|2|5|11|24|51|99|115|115|105|91|62|47|25|13|13|8|3|2|0|0|0|0|0|0,792
Wisconsin,SUV,PHEV,2046,0|0|0|0|0|0|1|2|5|11|24|52|104|129|139|127|105|82|51|36|18|9|9|5|2|1|0|0|0|0|0,912
Wisconsin,SUV,PHEV,2047,0|0|0|0|0|0|1|2|5|11|25|53|106|136|156|153|127|95|68|39|26|12|6|6|3|1|1|0|0|0|0,1032
Wisconsin,SUV,PHEV,2048,0|0|0|0|0|0|1|2|5|11|25|54|107|138|164|173|153|115|78|52|28|18|8|4|4|2|1|0|0|0|0,1143
Wisconsin,SUV,PHEV,2049,0|0|0|0|0|0|1|2|5|12|25|54|108|140|167|181|173|139|95|60|38|20|12|5|3|2|1|1|0|0|0,1244
Wisconsin,SUV,PHEV,2050,0|0|0|0|0|0|1|2|5|12|26|54|109|141|169|184|181|156|115|73|44|26|13|8|4|2|2|1|0|0|0,1328
Wyoming,Car,BEV,2020,0|0|0|0|0|0|0|0|0|0|0|0|0|0|0|0|0|0|0|0|0|0|0|0|0|0|0|0|0|0|0,0
Wyoming,Car,BEV,2021,0|0|0|0|0|0|0|0|0|0|0|0|0|0|0|0|0|0|0|0|0|0|0|0|0|0|0|0|0|0|0,0
Wyoming,Car,BEV,2022,0|0|0|0|0|0|0|0|0|0|0|0|0|0|0|0|0|0|0|0|0|0|0|0|0|0|0|0|0|0|0,0
Wyoming,Car,BEV,2023,0|0|0|0|0|0|0|0|0|0|0|0|0|0|0|0|0|0|0|0|0|0|0|0|0|0|0|0|0|0|0,0
Wyoming,Car,BEV,2024,0|0|0|0|0|0|0|0|0|0|0|0|0|0|0|0|0|0|0|0|0|0|0|0|0|0|0|0|0|0|0,0
Wyoming,Car,BEV,2025,0|0|0|0|0|0|0|0|0|0|0|0|0|0|0|0|0|0|0|0|0|0|0|0|0|0|0|0|0|0|0,0
Wyoming,Car,BEV,2026,0|0|0|0|0|0|0|0|0|0|0|0|0|0|0|0|0|0|0|0|0|0|0|0|0|0|0|0|0|0|0,0
Wyoming,Car,BEV,2027,0|0|0|0|0|0|0|0|0|0|0|0|0|0|0|0|0|0|0|0|0|0|0|0|0|0|0|0|0|0|0,0
Wyoming,Car,BEV,2028,0|0|0|0|0|0|0|0|0|0|0|0|0|0|0|0|0|0|0|0|0|0|0|0|0|0|0|0|0|0|0,0
Wyoming,Car,BEV,2029,0|0|0|0|0|0|0|0|0|0|0|0|0|0|0|0|0|0|0|0|0|0|0|0|0|0|0|0|0|0|0,0
Wyoming,Car,BEV,2030,0|0|0|0|0|0|0|0|0|0|0|0|0|0|0|0|0|0|0|0|0|0|0|0|0|0|0|0|0|0|0,0
Wyoming,Car,BEV,2031,0|0|0|0|0|0|0|0|0|0|0|0|0|1|0|0|0|0|0|0|0|0|0|0|0|0|0|0|0|0|0,1
Wyoming,Car,BEV,2032,0|0|0|0|0|0|0|0|0|0|0|0|0|0|1|0|0|0|0|0|0|0|0|0|0|0|0|0|0|0|0,1
Wyoming,Car,BEV,2033,0|0|0|0|0|0|0|0|0|0|0|0|0|0|0|1|0|0|0|0|0|0|0|0|0|0|0|0|0|0|0,1
Wyoming,Car,BEV,2034,0|0|0|0|0|0|0|0|0|1|0|0|1|1|0|1|1|0|0|0|0|0|0|0|0|0|0|0|0|0|0,5
Wyoming,Car,BEV,2035,0|0|0|0|0|0|0|0|0|1|1|0|1|1|1|0|1|1|0|0|0|0|0|0|0|0|0|0|0|0|0,7
Wyoming,Car,BEV,2036,0|0|0|0|0|0|0|0|0|1|1|3|0|1|1|1|0|0|1|0|0|0|0|0|0|0|0|0|0|0|0,9
Wyoming,Car,BEV,2037,0|0|0|0|0|0|0|0|0|1|2|3|5|1|1|1|1|0|0|0|0|0|0|0|0|0|0|0|0|0|0,15
Wyoming,Car,BEV,2038,0|0|0|0|0|0|0|0|1|1|2|4|6|7|1|1|1|1|0|0|0|0|0|0|0|0|0|0|0|0|0,25
Wyoming,Car,BEV,2039,0|0|0|0|0|0|0|0|1|1|3|5|8|8|9|1|1|1|1|0|0|0|0|0|0|0|0|0|0|0|0,39
Wyoming,Car,BEV,2040,0|0|0|0|0|0|0|0|1|1|3|6|10|11|10|9|1|1|1|0|0|0|0|0|0|0|0|0|0|0|0,54
Wyoming,Car,BEV,2041,0|0|0|0|0|0|0|0|1|1|3|6|11|13|13|11|9|1|1|1|0|0|0|0|0|0|0|0|0|0|0,71
Wyoming,Car,BEV,2042,0|0|0|0|0|0|0|0|1|2|3|6|13|15|15|14|11|9|1|1|0|0|0|0|0|0|0|0|0|0|0,91
Wyoming,Car,BEV,2043,0|0|0|0|0|0|0|0|1|2|4|7|13|17|18|17|14|10|7|0|0|0|0|0|0|0|0|0|0|0|0,110
Wyoming,Car,BEV,2044,0|0|0|0|0|0|0|0|1|2|4|8|15|17|20|20|17|13|8|5|0|0|0|0|0|0|0|0|0|0|0,130
Wyoming,Car,BEV,2045,0|0|0|0|0|0|0|0|1|2|4|9|17|19|21|23|20|15|11|6|4|0|0|0|0|0|0|0|0|0|0,152
Wyoming,Car,BEV,2046,0|0|0|0|0|0|0|0|1|2|5|10|18|22|23|23|23|18|13|8|5|3|0|0|0|0|0|0|0|0|0,174
Wyoming,Car,BEV,2047,0|0|0|0|0|0|0|1|1|2|5|10|19|23|27|26|23|20|15|10|6|3|2|0|0|0|0|0|0|0|0,193
Wyoming,Car,BEV,2048,0|0|0|0|0|0|0|1|1|3|5|11|21|25|28|29|26|21|17|11|7|4|2|1|0|0|0|0|0|0|0,213
Wyoming,Car,BEV,2049,0|0|0|0|0|0|0|1|1|3|6|12|22|27|30|31|29|23|17|13|8|5|3|1|1|0|0|0|0|0|0,233
Wyoming,Car,BEV,2050,0|0|0|0|0|0|0|1|1|3|6|12|23|29|33|34|31|27|19|13|9|6|3|2|1|1|0|0|0|0|0,254
Wyoming,Car,PHEV,2020,0|0|0|0|0|0|0|0|0|0|0|0|0|0|0|0|0|0|0|0|0|0|0|0|0|0|0|0|0|0|0,0
Wyoming,Car,PHEV,2021,0|0|0|0|0|0|0|0|0|0|0|0|0|0|0|0|0|0|0|0|0|0|0|0|0|0|0|0|0|0|0,0
Wyoming,Car,PHEV,2022,0|0|0|0|0|0|0|0|0|0|0|0|0|0|0|0|0|0|0|0|0|0|0|0|0|0|0|0|0|0|0,0
Wyoming,Car,PHEV,2023,0|0|0|0|0|0|0|0|0|0|0|0|0|0|0|0|0|0|0|0|0|0|0|0|0|0|0|0|0|0|0,0
Wyoming,Car,PHEV,2024,0|0|0|0|0|0|0|0|0|0|0|0|0|0|0|0|0|0|0|0|0|0|0|0|0|0|0|0|0|0|0,0
Wyoming,Car,PHEV,2025,0|0|0|0|0|0|0|0|0|0|0|0|0|0|0|0|0|0|0|0|0|0|0|0|0|0|0|0|0|0|0,0
Wyoming,Car,PHEV,2026,0|0|0|0|0|0|0|0|0|0|0|0|0|0|0|0|0|0|0|0|0|0|0|0|0|0|0|0|0|0|0,0
Wyoming,Car,PHEV,2027,0|0|0|0|0|0|0|0|0|0|0|0|0|0|0|0|0|0|0|0|0|0|0|0|0|0|0|0|0|0|0,0
Wyoming,Car,PHEV,2028,0|0|0|0|0|0|0|0|0|0|0|0|0|0|0|0|0|0|0|0|0|0|0|0|0|0|0|0|0|0|0,0
Wyoming,Car,PHEV,2029,0|0|0|0|0|0|0|0|0|0|0|0|0|0|0|0|0|0|0|0|0|0|0|0|0|0|0|0|0|0|0,0
Wyoming,Car,PHEV,2030,0|0|0|0|0|0|0|0|0|0|0|0|0|0|0|0|0|0|0|0|0|0|0|0|0|0|0|0|0|0|0,0
Wyoming,Car,PHEV,2031,0|0|0|0|0|0|0|0|0|0|0|0|0|0|0|0|0|0|0|0|0|0|0|0|0|0|0|0|0|0|0,0
Wyoming,Car,PHEV,2032,0|0|0|0|0|0|0|0|0|0|0|0|0|0|0|0|0|0|0|0|0|0|0|0|0|0|0|0|0|0|0,0
Wyoming,Car,PHEV,2033,0|0|0|0|0|0|0|0|0|0|0|0|0|0|0|0|0|0|0|0|0|0|0|0|0|0|0|0|0|0|0,0
Wyoming,Car,PHEV,2034,0|0|0|0|0|0|0|0|0|0|0|0|0|0|0|0|0|0|0|0|0|0|0|0|0|0|0|0|0|0|0,0
Wyoming,Car,PHEV,2035,0|0|0|0|0|0|0|0|0|0|0|0|0|0|0|0|0|0|0|0|0|0|0|0|0|0|0|0|0|0|0,0
Wyoming,Car,PHEV,2036,0|0|0|0|0|0|0|0|0|0|0|0|0|0|0|0|0|0|0|0|0|0|0|0|0|0|0|0|0|0|0,0
Wyoming,Car,PHEV,2037,0|0|0|0|0|0|0|0|0|0|0|1|1|0|0|0|0|0|0|0|0|0|0|0|0|0|0|0|0|0|0,2
Wyoming,Car,PHEV,2038,0|0|0|0|0|0|0|0|0|0|0|1|1|1|0|0|0|0|0|0|0|0|0|0|0|0|0|0|0|0|0,3
Wyoming,Car,PHEV,2039,0|0|0|0|0|0|0|0|0|0|1|1|2|2|2|0|0|0|0|0|0|0|0|0|0|0|0|0|0|0|0,8
Wyoming,Car,PHEV,2040,0|0|0|0|0|0|0|0|0|0|1|1|2|2|2|2|0|0|0|0|0|0|0|0|0|0|0|0|0|0|0,10
Wyoming,Car,PHEV,2041,0|0|0|0|0|0|0|0|0|0|1|1|2|2|3|2|2|0|0|0|0|0|0|0|0|0|0|0|0|0|0,13
Wyoming,Car,PHEV,2042,0|0|0|0|0|0|0|0|0|0|1|1|3|3|3|3|2|2|0|0|0|0|0|0|0|0|0|0|0|0|0,18
Wyoming,Car,PHEV,2043,0|0|0|0|0|0|0|0|0|0|1|2|3|3|4|3|3|2|1|0|0|0|0|0|0|0|0|0|0|0|0,22
Wyoming,Car,PHEV,2044,0|0|0|0|0|0|0|0|0|0|1|2|3|3|4|4|3|3|2|1|0|0|0|0|0|0|0|0|0|0|0,26
Wyoming,Car,PHEV,2045,0|0|0|0|0|0|0|0|0|0|1|2|4|4|4|4|4|3|2|1|1|0|0|0|0|0|0|0|0|0|0,30
Wyoming,Car,PHEV,2046,0|0|0|0|0|0|0|0|0|0|1|2|4|5|5|5|4|4|2|2|1|0|0|0|0|0|0|0|0|0|0,35
Wyoming,Car,PHEV,2047,0|0|0|0|0|0|0|0|0|0|1|2|4|5|6|6|5|4|3|2|1|1|0|0|0|0|0|0|0|0|0,40
Wyoming,Car,PHEV,2048,0|0|0|0|0|0|0|0|0|0|1|2|4|5|6|6|6|4|3|2|1|1|0|0|0|0|0|0|0|0|0,41
Wyoming,Car,PHEV,2049,0|0|0|0|0|0|0|0|0|0|1|2|4|5|6|6|6|5|3|3|2|1|1|0|0|0|0|0|0|0|0,45
Wyoming,Car,PHEV,2050,0|0|0|0|0|0|0|0|0|0|1|2|4|5|6|6|6|6|4|3|2|1|1|0|0|0|0|0|0|0|0,47
Wyoming,SUV,BEV,2020,0|0|0|0|0|0|0|0|0|0|0|0|0|0|0|0|0|0|0|0|0|0|0|0|0|0|0|0|0|0|0,0
Wyoming,SUV,BEV,2021,0|0|0|0|0|0|0|0|0|0|0|0|0|0|0|0|0|0|0|0|0|0|0|0|0|0|0|0|0|0|0,0
Wyoming,SUV,BEV,2022,0|0|0|0|0|0|0|0|0|0|0|0|0|0|0|0|0|0|0|0|0|0|0|0|0|0|0|0|0|0|0,0
Wyoming,SUV,BEV,2023,0|0|0|0|0|0|0|0|0|0|0|0|0|0|0|0|0|0|0|0|0|0|0|0|0|0|0|0|0|0|0,0
Wyoming,SUV,BEV,2024,0|0|0|0|0|0|0|0|0|0|0|0|0|0|0|0|0|0|0|0|0|0|0|0|0|0|0|0|0|0|0,0
Wyoming,SUV,BEV,2025,0|0|0|0|0|0|0|0|0|0|0|0|0|0|0|0|0|0|0|0|0|0|0|0|0|0|0|0|0|0|0,0
Wyoming,SUV,BEV,2026,0|0|0|0|0|0|0|0|0|0|0|0|0|0|0|0|0|0|0|0|0|0|0|0|0|0|0|0|0|0|0,0
Wyoming,SUV,BEV,2027,0|0|0|0|0|0|0|0|0|0|0|0|0|0|0|0|0|0|0|0|0|0|0|0|0|0|0|0|0|0|0,0
Wyoming,SUV,BEV,2028,0|0|0|0|0|0|0|0|0|0|0|0|0|0|0|0|0|0|0|0|0|0|0|0|0|0|0|0|0|0|0,0
Wyoming,SUV,BEV,2029,0|0|0|0|0|0|0|0|0|0|0|0|0|0|0|0|0|0|0|0|0|0|0|0|0|0|0|0|0|0|0,0
Wyoming,SUV,BEV,2030,0|0|0|0|0|0|0|0|0|0|0|0|0|0|0|0|0|0|0|0|0|0|0|0|0|0|0|0|0|0|0,0
Wyoming,SUV,BEV,2031,0|0|0|0|0|0|0|0|0|0|0|0|0|0|0|0|0|0|0|0|0|0|0|0|0|0|0|0|0|0|0,0
Wyoming,SUV,BEV,2032,0|0|0|0|0|0|0|0|0|0|0|0|0|0|0|0|0|0|0|0|0|0|0|0|0|0|0|0|0|0|0,0
Wyoming,SUV,BEV,2033,0|0|0|0|0|0|0|0|1|0|0|1|1|0|0|0|0|0|0|0|0|0|0|0|0|0|0|0|0|0|0,3
Wyoming,SUV,BEV,2034,0|0|0|0|0|0|0|0|1|1|1|1|1|1|0|0|0|0|0|0|0|0|0|0|0|0|0|0|0|0|0,6
Wyoming,SUV,BEV,2035,0|0|0|0|0|0|0|0|1|1|3|1|2|2|1|0|0|0|0|0|0|0|0|0|0|0|0|0|0|0|0,11
Wyoming,SUV,BEV,2036,0|0|0|0|0|0|0|1|1|2|3|6|3|2|2|1|0|0|0|0|0|0|0|0|0|0|0|0|0|0|0,21
Wyoming,SUV,BEV,2037,0|0|0|0|0|0|0|1|1|3|5|8|12|3|3|2|1|0|0|0|0|0|0|0|0|0|0|0|0|0|0,39
Wyoming,SUV,BEV,2038,0|0|0|0|0|0|0|1|1|3|6|10|16|16|4|3|2|1|0|0|0|0|0|0|0|0|0|0|0|0|0,63
Wyoming,SUV,BEV,2039,0|0|0|0|0|0|0|1|2|3|7|13|21|21|20|4|3|2|1|0|0|0|0|0|0|0|0|0|0|0|0,98
Wyoming,SUV,BEV,2040,0|0|0|0|0|0|0|1|2|4|8|15|26|27|25|22|4|3|2|1|0|0|0|0|0|0|0|0|0|0|0,140
Wyoming,SUV,BEV,2041,0|0|0|0|0|0|0|1|2|4|9|17|31|34|32|27|22|4|2|1|1|0|0|0|0|0|0|0|0|0|0,187
Wyoming,SUV,BEV,2042,0|0|0|0|0|0|0|1|2|5|10|19|36|40|41|36|27|20|3|2|1|0|0|0|0|0|0|0|0|0|0,243
Wyoming,SUV,BEV,2043,0|0|0|0|0|0|1|1|3|6|11|21|39|46|48|45|36|25|16|3|1|1|0|0|0|0|0|0|0|0|0,303
Wyoming,SUV,BEV,2044,0|0|0|0|0|0|1|1|3|6|13|25|44|50|56|53|45|32|21|12|2|1|0|0|0|0|0|0|0|0|0,365
Wyoming,SUV,BEV,2045,0|0|0|0|0|0|1|1|3|7|14|28|51|57|61|62|53|41|27|16|9|1|1|0|0|0|0|0|0|0|0,433
Wyoming,SUV,BEV,2046,0|0|0|0|0|0|1|1|3|7|15|30|56|67|69|67|62|48|34|21|11|6|1|0|0|0|0|0|0|0|0,499
Wyoming,SUV,BEV,2047,0|0|0|0|0|0|1|2|3|7|16|32|60|73|81|76|67|56|40|26|15|8|4|1|0|0|0|0|0|0|0,568
Wyoming,SUV,BEV,2048,0|0|0|0|0|0|1|2|4|8|17|34|65|79|89|89|76|61|46|31|19|10|5|3|0|0|0|0|0|0|0,639
Wyoming,SUV,BEV,2049,0|0|0|0|0|0|1|2|4|8|18|36|68|84|95|98|89|69|50|36|22|13|7|4|2|0|0|0|0|0|0,706
Wyoming,SUV,BEV,2050,0|0|0|0|0|0|1|2|4|9|18|38|72|89|102|105|98|81|57|39|26|15|9|5|2|1|0|0|0|0|0,773
Wyoming,SUV,PHEV,2020,0|0|0|0|0|0|0|0|0|0|0|0|0|0|0|0|0|0|0|0|0|0|0|0|0|0|0|0|0|0|0,0
Wyoming,SUV,PHEV,2021,0|0|0|0|0|0|0|0|0|0|0|0|0|0|0|0|0|0|0|0|0|0|0|0|0|0|0|0|0|0|0,0
Wyoming,SUV,PHEV,2022,0|0|0|0|0|0|0|0|0|0|0|0|0|0|0|0|0|0|0|0|0|0|0|0|0|0|0|0|0|0|0,0
Wyoming,SUV,PHEV,2023,0|0|0|0|0|0|0|0|0|0|0|0|0|0|0|0|0|0|0|0|0|0|0|0|0|0|0|0|0|0|0,0
Wyoming,SUV,PHEV,2024,0|0|0|0|0|0|0|0|0|0|0|0|0|0|0|0|0|0|0|0|0|0|0|0|0|0|0|0|0|0|0,0
Wyoming,SUV,PHEV,2025,0|0|0|0|0|0|0|0|0|0|0|0|0|0|0|0|0|0|0|0|0|0|0|0|0|0|0|0|0|0|0,0
Wyoming,SUV,PHEV,2026,0|0|0|0|0|0|0|0|0|0|0|0|0|0|0|0|0|0|0|0|0|0|0|0|0|0|0|0|0|0|0,0
Wyoming,SUV,PHEV,2027,0|0|0|0|0|0|0|0|0|0|0|0|0|0|0|0|0|0|0|0|0|0|0|0|0|0|0|0|0|0|0,0
Wyoming,SUV,PHEV,2028,0|0|0|0|0|0|0|0|0|0|0|0|0|0|0|0|0|0|0|0|0|0|0|0|0|0|0|0|0|0|0,0
Wyoming,SUV,PHEV,2029,0|0|0|0|0|0|0|0|0|0|0|0|0|0|0|0|0|0|0|0|0|0|0|0|0|0|0|0|0|0|0,0
Wyoming,SUV,PHEV,2030,0|0|0|0|0|0|0|0|0|0|0|0|0|0|0|0|0|0|0|0|0|0|0|0|0|0|0|0|0|0|0,0
Wyoming,SUV,PHEV,2031,0|0|0|0|0|0|0|0|0|0|0|0|0|0|0|0|0|0|0|0|0|0|0|0|0|0|0|0|0|0|0,0
Wyoming,SUV,PHEV,2032,0|0|0|0|0|0|0|0|0|0|0|0|0|0|0|0|0|0|0|0|0|0|0|0|0|0|0|0|0|0|0,0
Wyoming,SUV,PHEV,2033,0|0|0|0|0|0|0|0|0|0|0|0|0|0|0|0|0|0|0|0|0|0|0|0|0|0|0|0|0|0|0,0
Wyoming,SUV,PHEV,2034,0|0|0|0|0|0|0|0|0|0|0|1|1|1|0|0|0|0|0|0|0|0|0|0|0|0|0|0|0|0|0,3
Wyoming,SUV,PHEV,2035,0|0|0|0|0|0|0|0|0|0|1|1|1|1|1|0|0|0|0|0|0|0|0|0|0|0|0|0|0|0|0,5
Wyoming,SUV,PHEV,2036,0|0|0|0|0|0|0|0|0|0|1|1|2|2|1|1|0|0|0|0|0|0|0|0|0|0|0|0|0|0|0,8
Wyoming,SUV,PHEV,2037,0|0|0|0|0|0|0|0|0|0|1|2|3|2|2|1|1|0|0|0|0|0|0|0|0|0|0|0|0|0|0,12
Wyoming,SUV,PHEV,2038,0|0|0|0|0|0|0|0|0|1|1|2|3|3|3|2|1|1|0|0|0|0|0|0|0|0|0|0|0|0|0,17
Wyoming,SUV,PHEV,2039,0|0|0|0|0|0|0|0|0|1|1|2|5|4|4|3|2|1|1|0|0|0|0|0|0|0|0|0|0|0|0,24
Wyoming,SUV,PHEV,2040,0|0|0|0|0|0|0|0|0|1|2|3|5|6|5|4|3|2|1|0|0|0|0|0|0|0|0|0|0|0|0,32
Wyoming,SUV,PHEV,2041,0|0|0|0|0|0|0|0|0|1|2|3|6|6|7|6|4|3|2|1|0|0|0|0|0|0|0|0|0|0|0,41
Wyoming,SUV,PHEV,2042,0|0|0|0|0|0|0|0|0|1|2|4|7|8|8|8|6|4|2|1|1|0|0|0|0|0|0|0|0|0|0,52
Wyoming,SUV,PHEV,2043,0|0|0|0|0|0|0|0|0|1|2|5|9|9|10|9|8|5|3|2|1|0|0|0|0|0|0|0|0|0|0,64
Wyoming,SUV,PHEV,2044,0|0|0|0|0|0|0|0|0|1|3|5|10|11|11|11|9|7|4|3|1|1|0|0|0|0|0|0|0|0|0,77
Wyoming,SUV,PHEV,2045,0|0|0|0|0|0|0|0|1|1|3|6|11|13|14|12|11|8|6|3|2|1|0|0|0|0|0|0|0|0|0,92
Wyoming,SUV,PHEV,2046,0|0|0|0|0|0|0|0|1|1|3|6|11|14|16|15|12|10|6|5|2|1|1|0|0|0|0|0|0|0|0,104
Wyoming,SUV,PHEV,2047,0|0|0|0|0|0|0|0|1|1|3|6|12|15|17|17|15|11|8|5|3|2|1|0|0|0|0|0|0|0|0,117
Wyoming,SUV,PHEV,2048,0|0|0|0|0|0|0|0|1|1|3|6|12|15|18|19|17|14|9|6|4|2|1|1|0|0|0|0|0|0|0,129
Wyoming,SUV,PHEV,2049,0|0|0|0|0|0|0|0|1|1|3|6|12|15|18|20|19|16|11|7|5|2|2|1|0|0|0|0|0|0|0,139
Wyoming,SUV,PHEV,2050,0|0|0|0|0|0|0|0|1|1|3|6|12|15|18|20|20|17|13|9|5|3|2|1|0|0|0|0|0|0|0,146
