"State","Year","add_BEV","add_PHEV","add_ICE","ret_ICE","ret_BEV","ret_PHEV","Growth_from_pop","exp_ICE","exp_BEV","exp_PHEV","ret_EV","Demand_total","Export_All"
"Alabama",2020,814.613712938006,287.653390088173,175973,250920.627625492,0,0,0,16527.1148135403,0,0,0,177075.267103026,16527.1148135403
"Alabama",2021,1705.51520251318,880.025662778367,184213,242282.180986063,0,1,0,18523.0727315411,0,0.0764524764312183,1,186798.540865292,18523.1491840176
"Alabama",2022,2987.16962370833,986.902502686934,175709,234951.547396313,2,1,0,18100.3247740202,0.154077085038208,0.0770385425191041,3,179683.072126395,18100.5558896477
"Alabama",2023,4435.16939938242,1456.88365867262,187489,228587.97121794,4,4,0,19138.1412240072,0.334893233830936,0.334893233830936,8,193381.053058055,19138.8110104749
"Alabama",2024,5004.80494063411,1677.14779698829,184103,223060.424778874,9,6,0,20176.5756714047,0.814080674430064,0.542720449620043,15,190784.952737622,20177.9324725288
"Alabama",2025,18500.3089658181,4107.72955337431,210330.391909791,218164.088105937,20,14,14740.3423230462,17165.7652054224,1.57365635696072,1.10155944987251,34,232938.430428983,17168.4404212292
"Alabama",2026,24211.1146486597,5363.42691636232,199171.291073543,213923.490315519,46,36,14740.3423230462,16832.1030219121,3.61940962100966,2.8325814425293,82,228745.832638565,16838.5550129757
"Alabama",2027,31582.4116348864,7700.66275950052,185709.46972282,210111.201794161,81,60,14740.3423230462,16532.1414186019,6.37330824569093,4.72096907088217,141,224992.544117207,16543.2356959185
"Alabama",2028,39039.5733281538,7991.49471417688,174580.098408314,206642.824127598,130,98,14740.3423230462,16259.2396904356,10.2287663202447,7.71091614910754,228,221611.166450644,16277.1793729049
"Alabama",2029,46275.7823187425,10248.7822546367,162030.767413902,203461.989664235,210,143,14740.3423230462,16008.96267175,16.5233917480876,11.2516429522692,353,218555.331987281,16036.7377064504
"Alabama",2030,53704.2677750823,11425.4284643949,150665.904968586,200509.258885017,339,207,14740.3423230462,15776.6334936945,26.6734752504843,16.2873432945435,546,215795.601208063,15819.5943122395
"Alabama",2031,58768.5606882961,13395.2568292302,130672.816135775,197747.579444434,509,269,4311.05420886703,15559.3367733165,40.0495542846504,21.1656780011217,778,202836.633653301,15620.5520056023
"Alabama",2032,65729.1130198938,15709.5337778091,119074.321302828,195112.913891664,754,335,4311.05420886703,15352.0338635374,59.3268446574193,26.3587439790921,1089,200512.968100531,15437.7194521739
"Alabama",2033,77074.812731099,17279.6380398846,104159.916829219,192614.313391336,1137,452,4311.05420886703,15155.436935495,89.4623638932171,35.5646336673123,1589,198514.367600203,15280.4639330556
"Alabama",2034,82956.8142630298,17704.0468673547,96203.3901251391,190222.197046657,1724,607,4311.05420886703,14967.2184808753,135.649177970014,47.7604704337579,2331,196864.251255524,15150.6281292791
"Alabama",2035,88143.6216280134,17780.7353398347,89747.7931606923,187941.095919673,2589,831,4311.05420886703,14787.735016408,203.709815408566,65.385421631718,3420,195672.15012854,15056.8302534482
"Alabama",2036,92725.2721232701,17711.9785208875,84484.8005949756,185743.997030266,3739,1128,4311.05420886703,14614.8610846986,294.195055933807,88.7542185325848,4867,194922.051239133,14997.810359165
"Alabama",2037,97220.7209947162,17609.0848989646,80739.490707049,183583.242391863,6041,1634,4311.05420886703,14444.8468210708,475.322902619986,128.567724363691,7675,195569.29660073,15048.7374480545
"Alabama",2038,101703.556098308,17491.7476036186,78020.0701628943,181391.319655954,9195,2318,4311.05420886703,14272.3801637043,723.488510112692,182.386771771748,11513,197215.373864821,15178.2554455888
"Alabama",2039,106399.153569018,17428.3679246013,76194.4163082463,179080.883592999,13375,3255,4311.05420886703,14090.5885438133,1052.38268871748,256.112572095358,16630,200021.937801866,15399.0838046261
"Alabama",2040,111091.069584067,17400.786938833,75195.7521823777,176553.554496411,18514,4309,4311.05420886703,13891.7311688644,1456.73368963854,339.044262107188,22823,203687.608705278,15687.5091206102
"Alabama",2041,113230.447608988,17030.5102393993,73002.1799605058,173771.11991026,24432,5553,-492.982101366524,13672.8013751482,1922.37860566322,436.925687510145,29985,203263.137808893,16032.1056683216
"Alabama",2042,117996.132381273,17089.0213749543,72784.9902061595,170566.126063754,30904,6893,-492.982101367248,13420.6234281195,2431.61380277571,542.360663426513,37797,207870.143962387,16394.5978943217
"Alabama",2043,122405.500266363,17131.1745635634,72744.7684396516,166877.425370945,37569,8328,-492.982101366524,13130.3860634113,2956.03478373287,655.270507038445,45897,212281.443269578,16741.6913541826
"Alabama",2044,126653.003262016,17152.6398666551,72585.0184539316,162671.64368397,44365,9847,-492.982101367248,12799.4633090265,3490.76321382812,774.789707349612,54212,216390.661582603,17065.0162302042
"Alabama",2045,130634.20233665,17167.7800835985,72522.4754923506,157957.440013966,51474,11386,-492.982101366524,12428.536480361,4050.11936590981,895.88256401774,62860,220324.457912599,17374.5384102885
"Alabama",2046,134193.312377108,17124.8976232158,72371.3549197127,152781.547021403,58546,12855,-492.982101366524,12021.2826348262,4606.56425373112,1011.4676234365,71401,223689.564920037,17639.3145119939
"Alabama",2047,137282.022639845,17050.6375986398,72077.0182743111,147209.660614163,65524,14169,-492.982101367248,11582.8709115754,5155.61295667472,1114.85684608882,79693,226409.678512796,17853.340714339
"Alabama",2048,140019.856752387,16932.3656413329,71442.1948316287,141352.399326715,72267,15268,-492.982101366524,11122.0050886068,5686.17119742403,1201.32926290382,87535,228394.417225349,18009.5055489346
"Alabama",2049,142313.797250057,16785.9388683147,70512.4252439412,135321.14346368,78662,16122,-492.982101367248,10647.4488821407,6189.34781756222,1268.52438934604,94784,229612.161362313,18105.3210890489
"Alabama",2050,144074.278643452,16568.1563963753,69449.6274216493,129243.044562843,84633,16709,-492.982101366524,10169.2069334638,6659.16292293284,1314.71120342284,101342,230092.062461477,18143.0810598195
"Alaska",2020,252.811152291105,54.7911219215567,21077,24983.8727077909,0,0,0,1645.5854452302,0,0,0,21384.6022742127,1645.5854452302
"Alaska",2021,471.738247503646,133.337221633086,21218,24886.4691752786,0,0,0,1902.63219807923,0,0,0,21823.0754691367,1902.63219807923
"Alaska",2022,686.705660622604,157.007216336558,19840,24808.0730955216,0,0,0,1911.17779398638,0,0,0,20683.7128769592,1911.17779398638
"Alaska",2023,921.150567564041,226.068153931958,20925,24736.7154429401,0,0,0,2071.03965726046,0,0,0,22072.218721496,2071.03965726046
"Alaska",2024,1039.45948767016,260.247071946459,20547,24678.7034926409,1,0,0,2232.2728425943,0.0904534082700071,0,1,21846.7065596166,2232.36329600257
"Alaska",2025,2395.51952918728,508.439186050601,22861.3096164385,24627.7689903493,3,1,1133.4993413271,1937.78226147117,0.236048453544108,0.0786828178480361,4,25765.2683316764,1938.09699274256
"Alaska",2026,3178.9580218455,673.549719713424,21891.8905203792,24595.8989206109,10,5,1133.49934132717,1935.27463457914,0.786828178480361,0.393414089240181,15,25744.3982619381,1936.45487684686
"Alaska",2027,4122.74202262959,962.285077551333,20649.3282618421,24567.8560206959,23,10,1133.4993413271,1933.06814019319,1.80970481050483,0.786828178480361,33,25734.355362023,1935.66467318218
"Alaska",2028,5166.12029487694,1011.94131221564,19550.2473347539,24537.8096005194,40,17,1133.4993413271,1930.70400318746,3.14731271392145,1.33760790341661,57,25728.3089418465,1935.1889238048
"Alaska",2029,6179.79531565706,1309.95241955196,18238.1368358558,24499.3852297376,65,30,1133.49934132717,1927.68066542031,5.11438316012235,2.36048453544108,95,25727.8845710648,1935.15553311587
"Alaska",2030,7234.39247165678,1474.19343547024,17008.3429720343,24443.4295378342,102,38,1133.4993413271,1923.27791390671,8.02564742049969,2.98994707822537,140,25716.9288791613,1934.29350840544
"Alaska",2031,7906.54359339582,1726.39565910211,14576.262292325,24361.5769203391,141,52,-345.375375516197,1916.83751931396,11.0942773165731,4.09150652809788,193,24209.2015448229,1932.02330315863
"Alaska",2032,8897.97298277868,2038.31361751108,13212.2969522431,24240.9589280491,191,62,-345.375375516271,1907.34695579742,15.0284182089749,4.87833470657824,253,24148.5835525329,1927.25370871297
"Alaska",2033,10465.0118048072,2249.99975604971,11360.3160116051,24078.7029479783,266,76,-345.375375516271,1894.58019807274,20.9296295475776,5.97989415645075,342,24075.327572462,1921.48972177677
"Alaska",2034,11288.1020126243,2312.12517572202,10393.6926891144,23868.295252977,376,95,-345.375375516197,1878.02472773314,29.5847395108616,7.47486769556343,471,23993.9198774608,1915.08433493956
"Alaska",2035,12006.0807434322,2325.58039060506,9582.34320312345,23610.3797126769,521,128,-345.375375516197,1857.73120625552,40.9937480988268,10.0714006845486,649,23914.0043371607,1908.7963550389
"Alaska",2036,12618.9737582755,2315.0974298176,8894.21143184929,23304.6579954586,700,169,-345.375375516271,1833.67616006745,55.0779724936253,13.2973962163181,869,23828.2826199424,1902.05152877739
"Alaska",2037,13183.2211054906,2293.25747230019,8360.68251185745,22951.5364651644,1003,228,-345.375375516197,1805.89156302109,78.9188663015803,17.9396824693522,1231,23837.1610896482,1902.75011179202
"Alaska",2038,13716.9626990977,2266.00194642979,7942.38160719902,22551.7216282428,1403,316,-345.375375516271,1774.43300503464,110.391993440795,24.8637704399794,1719,23925.3462527265,1909.68876891542
"Alaska",2039,14247.5522522386,2242.81547587789,7622.69426054124,22105.4373641739,1927,426,-345.375375516197,1739.31810157647,151.621789993166,33.5188804032634,2353,24113.0619886577,1924.4587719729
"Alaska",2040,14772.8993258914,2224.60271988067,7399.43110506488,21612.3085263532,2573,557,-345.375375516271,1700.51733505461,202.450890322997,43.8263295413561,3130,24396.9331508369,1946.79455491896
"Alaska",2041,14962.6127851662,2164.62104774725,7093.49380231793,21073.7000729005,3329,715,-896.972437669124,1658.13810422018,261.935100616112,56.2582147613458,4044,24220.7276352314,1976.33141959764
"Alaska",2042,15506.1261110665,2160.6528616241,6972.93560034303,20485.6870107028,4167,884,-896.972437669199,1611.87157955501,327.871301972767,69.555610977664,5051,24639.7145730336,2009.29849250544
"Alaska",2043,16020.374543633,2157.80091548493,6886.28806315042,19848.4359599376,5047,1066,-896.972437669199,1561.73087120418,397.112181679038,83.8758838260065,6113,25064.4635222684,2042.71893670923
"Alaska",2044,16539.7543013636,2156.46614894588,6796.075793663,19163.2686816416,5961,1265,-896.972437669124,1507.81997905059,469.028277192143,99.5337645777657,7226,25492.2962439725,2076.38202082049
"Alaska",2045,17036.8705388834,2156.73916332008,6739.57975337056,18434.1618932431,6927,1469,-896.972437669124,1450.45180242726,545.035879233346,115.585059418765,8396,25933.189455574,2111.07274107937
"Alaska",2046,17501.3007167716,2152.22317179809,6683.33537631561,17667.8317025545,7899,1667,-896.972437669199,1390.15478362185,621.515578181637,131.164257352676,9566,26336.8592648853,2142.83461915617
"Alaska",2047,17912.2964019572,2144.57627940107,6611.18680565638,16872.0319246839,8854,1839,-896.972437669199,1327.53901465615,696.657669226512,144.697702022538,10693,26668.0594870147,2168.8943859052
"Alaska",2048,18280.7335937948,2132.37967473657,6517.19366986009,16058.2793760606,9784,1985,-896.972437669124,1263.51067109945,769.832689825186,156.185393428352,11769,26930.3069383915,2189.52875435299
"Alaska",2049,18577.7931859868,2114.93648027187,6396.24647965649,15237.9485835843,10652,2096,-896.972437669124,1198.96473277991,838.129375717281,164.919186209484,12748,27088.9761459152,2202.01329470667
"Alaska",2050,18799.8943851687,2088.15699199028,6267.74481730997,14423.7686321382,11455,2174,-896.972437669199,1134.90275996475,901.311678449254,171.056446001631,13629,27155.796194469,2207.27088441563
"Arizona",2020,8089.95687331537,1534.15141380359,239949,313531.065341536,13,6,0,20651.0081038261,0.85625679566169,0.395195444151549,19,249573.108287119,20652.2595560659
"Arizona",2021,14769.0359026142,4133.45387062566,248745,307156.042596282,23,10,0,23482.8401072985,1.75840695791802,0.764524764312183,33,267647.48977324,23485.3630390207
"Arizona",2022,22592.6162344837,4575.63887609397,239516,301375.766586292,38,18,0,23217.5498083857,2.92746461572595,1.38669376534387,56,266684.255110578,23221.8639667667
"Arizona",2023,30636.7855434262,6430.38304517568,254068,296046.684075578,67,28,0,24786.0078487489,5.60946166666817,2.34425263681655,95,291135.168588602,24793.9615630524
"Arizona",2024,34571.6525899187,7402.58337981037,249480,291248.052084968,107,50,0,26344.3789630859,9.67851468489076,4.52267041350036,157,291454.235969729,26358.5801481843
"Arizona",2025,29716.0860839684,6035.3725075085,297491.12835554,286937.347854201,178,74,46053.2390928162,22577.0390750107,14.0055415769504,5.82252852075468,252,333242.586947017,22596.8671451084
"Arizona",2026,39156.4895641873,7929.23496290772,282880.956440908,283384.441875186,357,172,46053.2390928169,22297.4864210327,28.0897659717489,13.5334446698622,529,329966.680968003,22339.1096316743
"Arizona",2027,51370.2055168789,11441.9084077974,264512.422395464,280379.297227324,610,282,46053.2390928162,22061.0331720979,47.996518887302,22.1885546331462,892,327324.53632014,22131.2182456183
"Arizona",2028,63559.0641743216,11893.0704303202,249921.879900107,277886.775411932,967,467,46053.2390928162,21864.9145321152,76.086284859051,36.7448759350329,1434,325374.014504749,21977.7456929093
"Arizona",2029,75567.8670757695,15330.9013006733,233173.246595312,275861.775878938,1467,690,46053.2390928169,21705.5818627183,115.427693783069,54.2911443151449,2157,324072.014971755,21875.3007008165
"Arizona",2030,88025.226785865,17201.6784622184,218329.187635608,274204.853790875,2329,969,46053.2390928162,21575.2105638748,183.252282768076,76.243650494747,3298,323556.092883692,21834.7064971377
"Arizona",2031,101109.66090172,21212.3861115617,199126.619538134,272812.619069276,3385,1216,44035.0474821397,21465.6656128735,266.341338415602,95.678306503212,4601,321448.666551416,21827.6852577923
"Arizona",2032,113711.170626778,25078.6066209133,183034.708363544,271551.438129095,4758,1480,44035.0474821397,21366.4323426839,374.372847320956,116.450570415093,6238,321824.485611235,21857.2557604199
"Arizona",2033,133812.71452137,27760.6281544361,161472.600442284,270320.89563595,6780,1910,44035.0474821397,21269.6097918415,533.469505009685,150.284182089749,8690,323045.94311809,21953.3634789409
"Arizona",2034,145207.189243239,28756.9875912744,151085.336617111,268997.465969484,9599,2418,44035.0474821397,21165.4786164602,755.276368523299,190.255053556551,12017,325049.513451624,22111.0100385401
"Arizona",2035,155789.203751788,29234.4989959348,142949.677896936,267533.33316252,13296,3109,44035.0474821397,21050.2765215045,1046.16674610749,244.624880689544,16405,327973.380644659,22341.0681483015
"Arizona",2036,165664.432419221,29494.687863283,136306.053087363,265859.125887727,17623,3948,44035.0474821397,20918.5451754622,1386.62729893594,310.639764864047,21571,331465.173369867,22615.8122392622
"Arizona",2037,174299.777376187,29460.4839544282,130834.305314379,263906.519162854,21891,4762,44035.0474821397,20764.9085762001,1722.44556551136,374.687578592348,26653,334594.566644994,22862.0417203038
"Arizona",2038,182305.650560347,29295.3299913666,126488.365101316,261606.29817089,26757,5691,44035.0474821397,20583.9207068792,2105.3161571599,447.783916373174,32448,338089.345653029,23137.0207804122
"Arizona",2039,189872.0175427,29106.1386618702,123089.948335003,258887.057057434,32318,6828,44035.0474821397,20369.9631536642,2542.87130721283,537.246280266391,39146,342068.104539573,23450.0807411434
"Arizona",2040,196875.790742827,28910.3272716506,120713.25199169,255676.322524028,38756,8032,44035.0474821397,20117.3335132139,3049.43128851849,631.980392955426,46788,346499.370006168,23798.7451946878
"Arizona",2041,201203.734847164,28421.5612655247,117585.912571195,251963.007636532,46266,9503,39479.2010473527,19825.1594343086,3640.33925055724,747.722818009888,55769,347211.208683884,24213.2215028757
"Arizona",2042,208327.806262059,28383.4066890607,116537.524601399,247614.536505165,54991,11164,39479.2010473534,19483.0094723618,4326.84683628136,878.414978455476,66155,353248.737552518,24688.2712870986
"Arizona",2043,215551.553017087,28420.6239173615,116168.047204952,242594.023092048,64915,13152,39479.201047352,19087.9813299739,5107.69512060527,1034.83642033737,78067,360140.2241394,25230.5128709166
"Arizona",2044,222912.474165655,28497.6441289807,116212.356101155,236892.273348437,75817,15434,39479.2010473534,18639.3515934822,5965.49520078456,1214.39061066659,91251,367622.47439579,25819.2374049334
"Arizona",2045,230455.171029432,28641.428715092,116721.748608663,230542.147305833,87912,17885,39479.2010473534,18139.70578276,6917.16388265655,1407.24219721213,105797,375818.348353187,26464.1118626287
"Arizona",2046,238046.316496109,28756.9858780853,117090.421290202,223613.522617045,100470,20331,39479.201047352,17594.5420684346,7905.26270919219,1599.70036966842,120801,383893.723664397,27099.5051472952
"Arizona",2047,245409.504352429,28873.136977314,117194.941572869,216194.381855259,113202,22602,39479.2010473534,17010.7831672861,8907.05234603339,1778.38904900131,135804,391477.582902612,27696.2245623208
"Arizona",2048,252060.243679394,28920.8399698245,117270.562148187,208426.444750052,125766,24580,39479.2010473534,16399.5799869821,9895.62326947611,1934.02366270473,150346,398251.645797406,28229.226919163
"Arizona",2049,257946.965825287,28917.514720687,117048.255329011,200448.534827632,137820,26165,39479.201047352,15771.8555537483,10844.0659558163,2058.73592899387,163985,403912.735874984,28674.6574385585
"Arizona",2050,263045.062781198,28801.0734962712,116503.734516119,192420.669746235,149123,27327,39479.2010473534,15140.2005078401,11733.4178459527,2150.16536333328,176450,408349.870793589,29023.7837171261
"Arkansas",2020,365.171664420485,150.675585284281,95486,117284.33763822,0,0,0,7725.03931749276,0,0,0,96001.8472497048,7725.03931749276
"Arkansas",2021,870.901380006732,480.013997879109,102050,117176.202483626,0,0,0,8958.41085867906,0,0,0,103400.915377886,8958.41085867906
"Arkansas",2022,1751.09943458764,560.740058344849,96204,116889.315770925,0,1,0,9004.9825230474,0,0.0770385425191041,1,98515.8394929325,9005.05956158992
"Arkansas",2023,2422.28482581655,803.797880646961,102762,116398.613949543,0,1,0,9745.27705975025,0,0.083723308457734,1,105988.082706464,9745.36078305871
"Arkansas",2024,2733.39346757709,925.322922476297,100907,115780.076706308,2,3,0,10472.7025478484,0.180906816540014,0.271360224810021,5,104565.716390053,10473.1548148897
"Arkansas",2025,9456.86655903938,2044.51007142868,108708.293062048,115041.255959603,8,6,5154.41373291379,9051.77018767872,0.629462542784289,0.472096907088217,14,120209.669692516,9052.87174712859
"Arkansas",2026,12530.2097681046,2703.78971090897,104217.839484409,114264.425230508,16,17,5154.41373291412,8990.64695692264,1.25892508556858,1.33760790341661,33,119451.838963423,8993.24348991163
"Arkansas",2027,16507.7892547302,3926.0781966449,98219.7808517456,113430.234570207,37,32,5154.41373291412,8925.01048514758,2.91126426037734,2.51785017113716,69,118653.648303121,8930.43959957909
"Arkansas",2028,20571.907089115,4111.81313978441,93133.4665134305,112550.773009416,61,51,5154.41373291412,8855.81197135553,4.7996518887302,4.01282371024984,112,117817.18674233,8864.62444695451
"Arkansas",2029,24546.2959138024,5314.01597638608,87111.3619923117,111637.260149586,97,83,5154.41373291412,8783.9342054037,7.6322333312595,6.530673881387,180,116971.6738825,8798.09711261635
"Arkansas",2030,28648.7512334126,5958.90023035179,81505.8473573013,110687.085088152,160,112,5154.41373291412,8709.1717541211,12.5892508556858,8.81247559898005,272,116113.498821066,8730.57348057577
"Arkansas",2031,31206.6602766629,6954.99981983247,70402.4864548748,109699.181844735,246,144,-1525.03529336485,8631.44074316788,19.3559731906169,11.3303257701172,390,108564.14655137,8662.12704212861
"Arkansas",2032,34981.9143494853,8176.87284610238,64521.7883250444,108648.610813997,371,186,-1525.03529336517,8548.77885411992,29.1913254216214,14.6350041197347,557,107680.575520632,8592.60518366127
"Arkansas",2033,40962.61028832,8991.45997175803,56882.2889747331,107550.394528176,567,244,-1525.03529336485,8462.36810214489,44.6131577198365,19.1986075549208,811,106836.359234811,8526.17986741965
"Arkansas",2034,43983.2858978076,9200.64250596882,52905.9362812764,106395.899978418,894,325,-1525.03529336485,8371.5292177797,70.3424391561443,25.5719158006117,1219,106089.864685053,8467.44357273646
"Arkansas",2035,46700.5928809834,9240.40200776753,49539.1911955998,105195.221377716,1365,445,-1525.03529336517,8277.05644214666,107.402046362569,35.0138539423761,1810,105480.186084351,8419.4723424516
"Arkansas",2036,49195.713164039,9214.31667928738,46594.1012352909,103944.166371982,1981,604,-1525.03529336485,8178.61990901264,155.87066215696,47.5244219802138,2585,105004.131078617,8382.01499314981
"Arkansas",2037,51585.5960742346,9159.16000317758,44405.1994520252,102630.990822802,3184,860,-1525.03529336485,8075.29555647401,250.526092028147,67.6672233493111,4044,105149.955529437,8393.48887185147
"Arkansas",2038,53905.0044422569,9088.32955551104,42753.8273030953,101237.196594228,4828,1207,-1525.03529336485,7965.62789906948,379.880644570319,94.9701611425796,6035,105747.161300863,8440.47870478238
"Arkansas",2039,56267.2931736202,9034.6461452102,41601.0875235584,99736.062135754,7010,1682,-1525.03529336517,7847.51440990795,551.566553114733,132.344499620397,8692,106903.026842389,8531.42546264308
"Arkansas",2040,58547.5086675637,8992.33088529777,40956.7039091687,98095.5787553951,9712,2214,-1525.03529336485,7718.43655490844,764.167526940127,174.203758715552,11926,108496.54346203,8656.80784056412
"Arkansas",2041,59509.3338787456,8777.73605889653,39675.8042333385,96285.4125956668,12840,2859,-4021.53842468617,7576.00758068786,1010.28738116878,224.954176227535,15699,107962.874170981,8811.24913808417
"Arkansas",2042,61853.0373620547,8786.83545110433,39444.5048479944,94266.9160858396,16286,3553,-4021.53842468617,7417.18658747823,1281.42837147312,279.560051814072,19839,110084.377661153,8978.17501076542
"Arkansas",2043,64072.144270715,8796.0151948828,39275.4388396446,92019.1367299286,19847,4299,-4021.53842468617,7240.3249738545,1561.61788582997,338.257433928707,24146,112143.598305242,9140.20029361319
"Arkansas",2044,66186.5701238854,8792.92912748589,39109.3212760311,89529.3589520886,23485,5096,-4021.53842468617,7044.42224247863,1847.86597716113,400.967639753592,28581,114088.820527402,9293.25585939335
"Arkansas",2045,68177.1163788787,8790.05965353102,39011.44762964,86805.1620867359,27291,5904,-4021.53842468617,6830.07475673989,2147.33278189075,464.543356574805,33195,115978.62366205,9441.95089520545
"Arkansas",2046,69989.6677928713,8759.59208970559,38839.6143114307,83872.412618694,31065,6673,-4021.53842468649,6599.31776455203,2444.28173644924,525.050443499945,37738,117588.874194008,9568.64994450122
"Arkansas",2047,71548.2673292321,8712.35876624638,38612.4765126136,80759.6410327783,34771,7364,-4021.53842468617,6354.39612485488,2735.88025939406,579.420270632938,42135,118873.102608092,9669.69665488189
"Arkansas",2048,72920.9250997503,8646.00788698017,38213.2483119206,77520.7197233372,38342,7939,-4021.53842468617,6099.54866944001,3016.8566019294,624.662890895559,46281,119780.181298651,9741.06816226497
"Arkansas",2049,74030.9766049008,8561.91664465648,37690.6500804133,74207.0817546567,41719,8379,-4021.53842468617,5838.82229673598,3282.56847780222,659.283330748695,50098,120283.543329971,9780.6741052869
"Arkansas",2050,74909.3890153821,8445.57794728952,37057.6801597415,70880.1855470993,44870,8684,-4021.53842468617,5577.05272843742,3530.49803684138,683.281590192346,53554,120412.647122413,9790.83235547115
"California",2020,89400,26644,1371700,1659886.4816221,243,196,0,109329.9292243,16.0054154881377,12.9097178422839,439,1487744,109358.84435763
"California",2021,160313,52605,1463602,1658330.2052545,403,316,0,126783.450932397,30.810348001781,24.158982552265,719,1676520,126838.420262951
"California",2022,262668,43200,1262686,1656744.52462367,672,508,0,127633.183503513,51.7699005728379,39.1355795997049,1180,1568554,127724.088983686
"California",2023,374385,62775,1311480,1654010.39649208,1118,804,0,138479.222617805,93.6026588557466,67.3135400000181,1922,1748640,138640.138816661
"California",2024,378910,63864,1307122,1651277.07498437,1838,1264,0,149363.639430464,166.253364400273,114.333108053289,3102,1749896,149644.225902918
"California",2025,702086,114650,1374899,1648661.65736156,2942,1968,142350.116499198,129721.344879221,231.484850108922,154.847785524935,4910,2191635,130107.677514855
"California",2026,216518.2870994,43487.6520872601,1540111.82706158,1646660.64974904,6376,4731,142350.116499204,129563.899961732,501.681646599078,372.248411239059,11107,1800117.76624824,130437.83001957
"California",2027,286891.770102842,63641.2705588405,1456681.47639563,1645827.40055811,11080,7957,142350.116499204,129498.337567421,871.80562175624,626.079181616824,19037,1807214.51705732,130996.222370794
"California",2028,359682.511957981,67113.0893309191,1390195.90557812,1644861.39036782,17346,12434,142350.116499204,129422.329163578,1364.83215839203,978.342157122481,29780,1816991.50686702,131765.503479093
"California",2029,431684.965669166,87332.3256762386,1310015.53061158,1643214.70545779,25524,17944,142350.116499198,129292.76335475,2008.30024275327,1411.88448346516,43468,1829032.82195699,132712.948080968
"California",2030,507230.01226518,98846.4164730924,1238502.35289833,1640067.6651374,37563,24598,142350.116499204,129045.14535446,2955.56268682578,1935.43995342599,62161,1844578.7816366,133936.147994712
"California",2031,565542.421930726,118248.716616556,1099817.24053052,1634681.25905156,51284,30349,67294.1200262454,128621.327745552,4035.16963051869,2387.94483887005,81633,1783608.3790778,135044.442214941
"California",2032,638294.154612287,140308.502914352,1015515.54255109,1626131.08005149,66405,34288,67294.1200262454,127948.575568721,5224.93251919884,2697.87645837346,100693,1794118.20007773,135871.384546294
"California",2033,753231.312352473,155675.836464995,898672.332106582,1614189.3608978,87453,38643,67294.1200262454,127008.96745576,6881.0484692643,3040.54013010166,126096,1807579.48092405,136930.556055126
"California",2034,820427.707810554,161898.257740139,842272.282492009,1598578.12801646,117137,41589,67294.1200262454,125780.631662573,9216.66923426541,3272.33971148198,158726,1824598.2480427,138269.640608321
"California",2035,883634.106080447,165206.731102976,800579.809931207,1579645.52708838,157253,45228,67294.1200262454,124290.96127236,12373.1091550572,3558.66648563098,202481,1849420.64711463,140222.736913049
"California",2036,942161.879370999,167295.10115775,766238.585794993,1557772.4462975,201678,48951,67294.1200262454,122569.925640716,15868.5933379562,3851.60261647922,250629,1875695.56632374,142290.121595151
"California",2037,1007926.34962775,169907.817371206,745949.394165977,1533400.44113869,266965,56124,67294.1200262454,120652.267598214,21005.558466801,4415.99446890318,323089,1923783.56116493,146073.820533918
"California",2038,1051565.66787578,168541.287896861,717750.505470172,1506983.34121657,303845,59735,67294.1200262454,118573.695736968,23907.3807890365,4700.11812415244,363580,1937857.46124281,147181.194650157
"California",2039,1086609.56643007,166145.950439248,692607.126074927,1478791.522918,335375,63902,67294.1200262454,116355.484032977,26388.2500357851,5027.98942612521,399277,1945362.64294425,147771.723494887
"California",2040,1111861.05194699,162785.390094347,669395.670224309,1448977.9922394,360212,67558,67294.1200262454,114009.671429186,28342.4951826768,5315.65380817763,427770,1944042.11226564,147667.82042004
"California",2041,1107415.81844537,155882.668058043,634798.13904359,1417621.12202377,380260,71794,28421.5035232385,111542.424521725,29919.9283148942,5648.95422458191,452054,1898096.625547,147111.307061201
"California",2042,1122686.77281737,152404.932563908,615807.21913901,1384437.42099705,401373,76667,28421.5035232385,108931.437418315,31581.1586481198,6032.37559595539,478040,1890898.92452028,146544.971662391
"California",2043,1139584.98263738,149683.59827894,601064.34104278,1349232.41843586,429210,83469,28421.5035232385,106161.408614454,33771.4522485556,6567.57612295773,512679,1890332.9219591,146500.436985967
"California",2044,1160943.56541732,147898.476611421,592256.540214046,1311831.07871955,468062,92784,28421.5035232385,103218.565814283,36828.4370875875,7300.50657121219,560846,1901098.58224279,147347.509473083
"California",2045,1189759.52976503,147277.247970389,588126.38830567,1272191.66251784,520425,104125,28421.5035232444,100099.624849682,40948.5054785642,8192.84840842676,624550,1925163.16604109,149240.978736673
"California",2046,1233564.47061226,147185.637701393,575747.774400179,1230450.37919059,581312,116314,28421.5035232385,96815.3030569002,45739.2662088776,9151.91327517648,697626,1956497.88271383,151706.482540954
"California",2047,1268850.30784025,147460.156953192,574587.100163339,1186801.06143354,647439,128236,28421.5035232385,93380.8517386315,50942.3249047147,10089.9698295608,775675,1990897.56495678,154413.146472907
"California",2048,1303558.72911113,147709.179830969,573271.431133348,1141819.83655221,715361,138937,28421.5035232385,89841.6022147118,56286.619258589,10931.9546633526,854298,2024539.34007545,157060.176136653
"California",2049,1336271.25781326,147879.03787839,571219.774362656,1096093.56653107,782986,147869,28421.5035232385,86243.7304397687,61607.5448155624,11634.7495923713,930855,2055370.07005431,159486.024847702
"California",2050,1364104.05403565,147431.712834021,569024.697931933,1050335.96127837,847228,154575,28421.5035232385,82643.3931205078,66662.286399756,12162.3965688602,1001803,2080560.46480161,161468.076089124
"Colorado",2020,6938.26162398922,1479.36029188203,196730,246497.351395452,13,6,0,16235.771711151,0.85625679566169,0.395195444151549,19,205147.621915871,16237.0231633908
"Colorado",2021,13426.3962751038,4293.45853658537,205665,243050.493480024,24,6,0,18581.8121243775,1.83485943434924,0.45871485858731,30,223384.854811689,18584.1056986704
"Colorado",2022,20566.834535647,5383.10456011055,197426,239899.127156473,38,18,0,18481.4791077399,2.92746461572595,1.38669376534387,56,223375.939095758,18485.793266121
"Colorado",2023,30739.1356064889,9419.50641383157,209814,236969.905758215,65,24,0,19839.9045149952,5.44201504975271,2.00935940298561,89,249972.64202032,19847.3558894479
"Colorado",2024,34687.1480885487,10843.6279977691,206025,234349.811306092,110,45,0,21197.7391600691,9.94987490970078,4.07040337215032,155,251555.776086318,21211.7594383509
"Colorado",2025,31987.3448595036,6376.99239082925,240593.977138039,232002.183950523,182,71,46703.1304378483,18254.5855801256,14.3202728483426,5.58648006721057,253,278958.314388372,18274.4923330412
"Colorado",2026,41309.3390341124,8299.40862523866,227737.043288865,230112.660510367,373,157,46703.130437849,18105.9125514642,29.3486910573175,12.3532024021417,530,277345.790948216,18147.6144449236
"Colorado",2027,42700.3995269768,9473.15427072604,223934.999467015,228501.42282687,645,259,46703.1304378483,17979.1358303037,50.7504175119833,20.3788498226414,904,276108.553264718,18050.2650976383
"Colorado",2028,52684.938077098,9847.09932953563,212786.890201607,227174.797170392,1017,424,46703.1304378483,17874.7531854225,80.0204257514528,33.3615147675673,1441,275318.927608241,17988.1351259415
"Colorado",2029,62632.1984455251,12718.0625957754,199583.916641369,226058.047244821,1534,639,46703.1304378483,17786.884154447,120.699442578887,50.2783206048951,2173,274934.177682669,17957.8619176308
"Colorado",2030,72808.7149052878,14270.3301594079,187989.076530969,225076.991157816,2379,909,46703.1304378483,17709.6918970545,187.186423660478,71.5226814238649,3288,275068.121595664,17968.4010021388
"Colorado",2031,86020.6196350657,18079.2814333631,175090.519598936,224164.762717567,3401,1163,50461.6579497975,17637.9151928546,267.600263501171,91.508117157266,4564,279190.420667365,17997.023573513
"Colorado",2032,97109.9523194735,21430.9296237536,161256.799815612,223247.023809042,4640,1449,50461.6579497975,17565.704909483,365.088274814888,114.011403061804,6089,279797.681758839,18044.8045873597
"Colorado",2033,115014.966423013,23834.0279007536,142291.531373116,222259.867747085,6487,1932,50461.6579497967,17488.0326888725,510.41543938021,152.015204082406,8419,281140.525696882,18150.4633323351
"Colorado",2034,125003.862468804,24748.0692677457,133438.534590464,221133.808377216,9045,2550,50461.6579497975,17399.431164587,711.686087435487,200.641185512492,11595,283190.466327013,18311.758437535
"Colorado",2035,135123.780847519,25327.4155989864,125984.906218835,219867.444715543,12603,3504,50461.6579497975,17299.7901032662,991.6395533388,275.704593739519,16107,286436.10266534,18567.1342503445
"Colorado",2036,144606.975695262,25687.4588728389,120098.91218378,218438.688802083,16819,4674,50461.6579497975,17187.3715619782,1323.36631338612,367.763490621721,21493,290393.346751881,18878.501365986
"Colorado",2037,152800.476287183,25759.3683410803,115496.871594114,216828.05827258,21125,5642,50461.6579497975,17060.6426134048,1662.17452703976,443.92845829862,26767,294056.716222378,19166.7455987432
"Colorado",2038,160307.953398418,25713.4477590646,112115.835625358,215011.578833044,26024,6640,50461.6579497967,16917.7168925391,2047.64165167729,522.45391051096,32664,298137.236782841,19487.8124547274
"Colorado",2039,167022.493211398,25591.499395226,109242.367729837,212956.702386664,30874,7564,50461.6579497975,16756.0334234083,2429.25331824027,595.156834202545,38438,301856.360336461,19780.4435758511
"Colorado",2040,173154.038355755,25413.9405707255,107057.321343216,210618.642319899,36169,8376,50461.6579497975,16572.0682690573,2845.87883874562,659.047282295151,44545,305625.300269697,20076.9943900981
"Colorado",2041,178122.612583474,25128.3354415187,104789.197587186,207970.141885498,42022,9291,48757.003726681,16363.6767918069,3306.40937161017,731.042060626104,51313,308040.145612179,20401.1282240431
"Colorado",2042,183895.053545249,25020.0360677864,103748.373483677,204926.459370031,48648,10332,48757.003726681,16124.1912748551,3827.76172267126,812.950874005909,58980,312663.463096712,20764.9038715323
"Colorado",2043,189635.394208534,24993.8299123448,103653.162019023,201440.382413221,56375,11710,48757.003726681,15849.8969166582,4435.74385618304,921.375797000503,68085,318282.386139902,21207.0165698418
"Colorado",2044,195880.449981491,25039.416367099,103852.896434556,197482.759056465,65103,13430,48757.003726681,15538.4999589674,5122.4874903607,1056.71024369913,78533,324772.762783146,21717.6976930272
"Colorado",2045,202639.79578785,25184.7368704094,104528.154392389,193049.683323969,75151,15395,48757.0037266803,15189.6930686009,5913.09244409776,1211.32198077052,90546,332352.687050649,22314.1074934692
"Colorado",2046,209989.036072739,25358.1995980353,104898.08719884,188169.319142934,85882,17437,48757.003726681,14805.6922627125,6757.43776242504,1371.99229481621,103319,340245.322869615,22935.1223199537
"Colorado",2047,217085.893449059,25539.5168763599,105445.862630352,182882.26922909,97036,19396,48757.003726681,14389.692277388,7635.06591270204,1526.13193498051,116432,348071.272955772,23550.8901250706
"Colorado",2048,223955.728857909,25690.1176978989,105769.711529506,177276.554358633,108240,21142,48757.003726681,13948.6188353278,8516.62820387143,1663.51213494318,129382,355415.558085314,24128.7591741424
"Colorado",2049,230787.706230452,25824.873349241,105279.593220605,171441.169073617,119119,22575,48757.003726681,13489.4742778738,9372.61857924022,1776.26461291942,141694,361892.172800298,24638.3574700334
"Colorado",2050,236667.014240462,25839.6468617519,104824.437712563,165490.095088096,129426,23658,48757.003726681,13021.2270074708,10183.6023827999,1861.47810464884,153084,367331.098814777,25066.3074949196
"Connecticut",2020,2528.11152291105,849.262389784129,118548,133158.75520576,3,3,0,8770.62223436792,0.197597722075775,0.197597722075775,6,121925.373912695,8771.01742981207
"Connecticut",2021,4826.24514753731,2453.40487804878,118525,134277.277275993,6,6,0,10265.830376191,0.45871485858731,0.45871485858731,12,125804.650025586,10266.7478059082
"Connecticut",2022,7553.76226684864,2938.27790572701,114963,135326.195003803,16,9,0,10425.3328277491,1.23261668030567,0.693346882671937,25,125455.040172576,10427.258791312
"Connecticut",2023,10780.873309268,4621.83781372002,120982,136261.861307311,27,19,0,11408.2938452569,2.26052932835882,1.59074286069695,46,136384.711122988,11412.145117446
"Connecticut",2024,12165.5258556952,5320.60680423871,118798,137110.091018964,41,29,0,12402.0750408762,3.70858973907029,2.62314883983021,70,136284.132659934,12408.4067794551
"Connecticut",2025,12763.1167567721,2640.57398687041,124314.524443356,137839.53046242,68,50,1760.68472457842,10845.6026676334,5.35043161366646,3.93414089240181,118,139718.215186998,10854.8872401395
"Connecticut",2026,17030.4562840192,3512.78809135433,119962.123692191,138496.683342986,139,109,1760.68472457876,10897.3093080333,10.936911680877,8.57642714543594,248,140505.368067564,10916.8226468596
"Connecticut",2027,20358.7618260899,4621.32656804972,116229.83633197,139025.240001531,243,181,1760.68472457876,10938.89763532,19.1199247370728,14.2415900304945,424,141209.92472611,10972.2591500875
"Connecticut",2028,25756.5602798835,4905.91458641169,111187.843527704,139410.63366942,384,295,1760.68472457876,10969.2214950903,30.2142020536459,23.2114312651707,679,141850.318393999,11022.6471284091
"Connecticut",2029,30958.9803941335,6392.29078667544,105056.791754345,139622.378210576,577,448,1760.68472457842,10985.8821522523,45.3999858983169,35.2499023959202,1025,142408.062935154,11066.5320405466
"Connecticut",2030,36354.1164540017,7233.94435877521,99329.9586742747,139625.334762473,907,625,1760.68472457876,10986.1147820867,71.3653157881688,49.1767611550226,1532,142918.019487052,11106.6568590299
"Connecticut",2031,39422.7286932396,8423.49891294365,85629.4833566352,139390.552590057,1288,773,-7975.84162723877,10967.6414591806,101.343469388271,60.8218181965319,2061,133475.710962818,11129.8067467654
"Connecticut",2032,44510.203059145,9998.2603207409,79055.9681402991,138859.273147423,1755,926,-7975.84162723843,10925.8388955694,138.088345323303,72.8602893272815,2681,133564.431520185,11136.78753022
"Connecticut",2033,52625.3261399947,11114.0737137015,69938.208980547,138037.450461482,2440,1176,-7975.84162723877,10861.1755708681,191.986075549208,92.5309937892905,3616,133677.608834243,11145.6926402066
"Connecticut",2034,57056.1327773517,11501.2867852725,65250.8693899289,136905.130579791,3397,1482,-7975.84162723843,10772.0814518713,267.285532229779,116.60793605079,4879,133808.288952553,11155.9749201519
"Connecticut",2035,61029.320509929,11658.0985064999,61446.5421043241,135476.802747992,4710,1923,-7975.84162723877,10659.6965932546,370.59607206425,151.307058721774,6633,134133.961120753,11181.5997240406
"Connecticut",2036,64523.148192117,11700.8588970961,58293.301458864,133760.150175316,6271,2462,-7975.84162723877,10524.6255315703,493.419950725035,193.717097541865,8733,134517.308548077,11211.7625798372
"Connecticut",2037,67456.9191224417,11616.2701635673,55591.8868281508,131763.917741398,8017,2860,-7975.84162723843,10367.5563385901,630.800150687706,225.032859045383,10877,134665.07611416,11223.3893483231
"Connecticut",2038,70034.347175086,11471.2379454452,53374.0890589238,129495.515806694,10101,3259,-7975.84162723877,10189.0720823556,794.775143083013,256.42730336675,13360,134879.674179455,11240.2745288053
"Connecticut",2039,72313.9133279821,11300.2473717405,51503.050521202,126960.052848163,12473,3660,-7975.84162723843,9989.57471222906,981.410787018555,287.979113323812,16133,135117.211220925,11258.9646125714
"Connecticut",2040,74296.617603375,11120.2233937666,50038.2783902934,124159.961014674,15252,4019,-7975.84162723877,9769.25559653684,1200.07033781825,316.226244931257,19271,135455.119387435,11285.5521792863
"Connecticut",2041,74726.7536261908,10753.94285789,47866.7734147127,121107.012397044,18460,4450,-10669.54249825,9529.04099655643,1452.48481747475,350.138539423761,22910,133347.469898794,11331.6643534549
"Connecticut",2042,76642.6248733225,10636.4744519464,46945.3609511546,117789.002774674,22132,4973,-10669.54249825,9267.97064982146,1741.40812461274,391.289653158284,27105,134224.460276424,11400.6684275925
"Connecticut",2043,78471.527177262,10538.6710259343,46260.359886093,114218.10058754,26092,5630,-10669.5424982504,8987.00200347805,2052.99208329096,442.984264484443,31722,135270.558089289,11482.9783512535
"Connecticut",2044,80301.3575220031,10457.1391155308,45787.813764292,110412.852900076,30366,6437,-10669.54249825,8687.59439281868,2389.28244677347,506.481298487809,36803,136546.310401826,11583.35813808
"Connecticut",2045,82164.6486297703,10402.5787609552,45541.2104876718,106403.980376647,35033,7341,-10669.54249825,8372.16500628175,2756.49515767025,577.610565822433,42374,138108.437878397,11706.2707297744
"Connecticut",2046,83924.8375524166,10337.5029271593,45387.9588939384,102235.841871764,39834,8250,-10669.54249825,8044.20412353666,3134.25136615867,649.133247246298,48084,139650.299373514,11827.5887369416
"Connecticut",2047,85579.9277534875,10277.7619361418,45208.8932027185,97957.1253905979,44669,9110,-10669.54249825,7707.54265402565,3514.68279045393,716.800470595609,53779,141066.582892348,11939.0259150752
"Connecticut",2048,87086.013507844,10206.1609125547,44923.2088825874,93630.9258012364,49402,9852,-10669.5424982504,7367.14507976167,3887.08856732868,775.183121438852,59254,142215.383302986,12029.4167685292
"Connecticut",2049,88465.7036910188,10128.382554509,44389.6048642918,89318.2336080695,53904,10431,-10669.54249825,7027.81030549207,4241.31861328054,820.740472972865,64335,142983.69110982,12089.8693917455
"Connecticut",2050,89560.9703231691,10011.8755438789,43734.6001568243,85080.9885221224,58054,10842,-10669.54249825,6694.41192221701,4567.85230734989,853.079111108408,68896,143307.446023872,12115.3433406753
"Delaware",2020,533.712432614555,205.466707205838,35891,39176.9942328824,0,0,0,2580.42827273111,0,0,0,36630.1791398204,2580.42827273111
"Delaware",2021,1088.62672500841,533.348886532343,36591,39711.213772561,0,0,0,3036.02063500179,0,0,0,38212.9756115408,3036.02063500179
"Delaware",2022,1854.10528368103,628.02886534623,34687,40209.5807702911,0,1,0,3097.68749784742,0,0.0770385425191041,1,37169.1341490273,3097.76453638994
"Delaware",2023,2865.80176575479,954.509983268266,36647,40659.229744924,1,2,0,3404.12523358815,0.083723308457734,0.167446616915468,3,40467.3117490231,3404.37640351352
"Delaware",2024,3233.8739616405,1098.8209704406,35985,41073.9681607873,5,6,0,3715.28041131697,0.452267041350036,0.542720449620043,11,40317.6949320811,3716.27539880794
"Delaware",2025,4883.18750943787,1004.70691914073,41522.6879509181,41444.6324694307,9,8,5948.94991006598,3260.98046737102,0.708145360632325,0.629462542784289,17,47410.5823794967,3262.31807527443
"Delaware",2026,6503.57969214299,1333.72450476732,39964.8986637552,41800.2529505996,27,26,5948.94991006598,3288.96168891386,2.12443608189698,2.04575326404894,53,47802.2028606656,3293.13187825981
"Delaware",2027,7410.61058670054,1671.28184703066,39064.8222939763,42109.7648176416,45,43,5948.94991006598,3313.31495477013,3.54072680316163,3.38336116746555,88,48146.7147277075,3320.23904274076
"Delaware",2028,9353.61619743784,1767.68245326698,37334.5193521664,42368.8680928052,71,67,5948.94991006598,3333.70193057367,5.58648006721057,5.27174879581842,138,48455.8180028712,3344.5601594367
"Delaware",2029,11248.5788971629,2298.07291213977,35178.7049359312,42564.406835168,107,105,5948.94991006588,3349.08746982123,8.41906150973987,8.2616958740438,212,48725.3567452339,3365.76822720501
"Delaware",2030,13201.0876062483,2596.75350023799,33156.8388860448,42682.730082465,173,150,5948.94991006607,3358.39747633549,13.6121274877103,11.8024226772054,323,48954.6799925311,3383.8120265004
"Delaware",2031,15084.7962869802,3184.68912224766,30025.8241183733,42713.0389589974,252,183,5147.27056860372,3360.78226414687,19.8280700977051,14.3989556661906,435,48295.3095276011,3395.00928991076
"Delaware",2032,17007.6800227605,3771.99601680807,27593.1835419758,42642.5890129407,365,218,5147.27056860372,3355.23906387388,28.7192285145332,17.1528542908719,583,48372.8595815444,3401.11114667929
"Delaware",2033,20021.1371544566,4173.59706800496,24244.5488216126,42470.0124754705,547,275,5147.27056860372,3341.66025561127,43.0395013628758,21.6377749082099,822,48439.2830440742,3406.33753188235
"Delaware",2034,21659.7127246999,4306.52135833252,22527.9108774803,42192.874391909,811,343,5147.27056860372,3319.85425026365,63.8117652747573,26.9882065218764,1154,48494.1449605128,3410.65422206028
"Delaware",2035,23129.0645465592,4352.67048889383,21136.3273913083,41822.7918581576,1202,446,5147.27056860372,3290.73511367174,94.5767470533394,35.0925367602241,1648,48618.0624267613,3420.40439748531
"Delaware",2036,24417.596272589,4360.4381754562,19992.8448497072,41369.6087291486,1683,571,5147.27056860391,3255.07738808012,132.423182438245,44.9278889912286,2254,48770.8792977525,3432.4284595096
"Delaware",2037,25588.6615283758,4337.64245673641,19097.1995711354,40843.232987644,2335,698,5147.27056860372,3213.66066149169,183.724379675164,54.9206068579292,3033,49023.5035562477,3452.30564802478
"Delaware",2038,26687.1043701322,4302.22485381264,18421.8520312207,40251.9106865618,3157,855,5147.27056860372,3167.13375658616,248.40165594625,67.2738092600709,4012,49411.1812551655,3482.80922179249
"Delaware",2039,27721.7187608629,4265.54267535814,17906.6619785742,39600.6528461915,4111,1035,5147.27056860372,3115.8909545602,323.465064173277,81.4367164727174,5146,49893.9234147952,3520.7927352062
"Delaware",2040,28714.1353578168,4231.32884533742,17555.4672206502,38890.6608552007,5237,1226,5147.27056860372,3060.02678405951,412.061917070165,96.4651346816923,6463,50500.9314238044,3568.55383581136
"Delaware",2041,29242.2122962865,4142.5036503107,17031.4852151375,38117.2246341908,6529,1444,4325.97652754388,2999.17064276471,513.720117729828,113.617988972564,7973,50416.2011617347,3626.5087494671
"Delaware",2042,30275.1552087486,4133.74811351741,16857.8061170225,37278.7329117444,7967,1695,4325.97652754407,2933.19575130038,626.866009795304,133.367376252421,9662,51266.7094392885,3693.4291373481
"Delaware",2043,31295.1770477488,4134.85499853676,16793.6029193353,36371.658438077,9540,1986,4325.97652754388,2861.8245757142,750.634082270265,156.2640762462,11526,52223.6349656209,3768.72273423066
"Delaware",2044,32267.8849311098,4138.0461663013,16862.8154766165,35393.7700464837,11225,2324,4325.97652754388,2784.88156152276,883.214630344206,182.858868678836,13549,53268.7465740276,3850.9550605458
"Delaware",2045,33273.1151878777,4155.20241730967,17001.0095655708,34347.3506432143,13066,2690,4325.97652754388,2702.54633422265,1028.06969800244,211.656780011217,15756,54429.3271707581,3942.27281223631
"Delaware",2046,34251.3969092824,4165.89501156366,17153.0157989793,33239.3311922814,14955,3050,4325.97652754407,2615.36424159282,1176.70154091738,239.98259443651,18005,55570.3077198254,4032.04837694671
"Delaware",2047,35255.772412459,4179.10896823698,17210.6649313478,32079.5697844999,16852,3388,4325.97652754388,2524.11094599717,1325.9628463751,266.577386869146,20240,56645.5463120438,4116.65117924142
"Delaware",2048,36185.3117553052,4186.71115864069,17216.6635208005,30884.7099072025,18696,3682,4325.97652754388,2430.09600391785,1471.05396248688,289.710135316469,22378,57588.6864347464,4190.8601017212
"Delaware",2049,37064.2577886381,4186.62177627581,17090.1476835219,29671.0507208917,20446,3898,4325.97652754407,2334.60187923176,1608.74889372095,306.705623971645,24344,58341.0272484358,4250.05639692435
"Delaware",2050,37807.7821284499,4169.41297851025,16935.1949527804,28458.4135321966,22065,4063,4325.97652754388,2239.18816819792,1736.13637581692,319.688288916571,26128,58912.3900597405,4295.0128329314
"District of Columbia",2020,674.16307277628,219.164487686227,13027,13603.9779886133,0,0,0,896.038353906324,0,0,0,13920.3275604625,896.038353906324
"District of Columbia",2021,1342.63962751038,666.68610816543,13275,13896.1050386265,1,0,0,1062.39164295133,0.0764524764312183,0,1,15284.3257356758,1062.46809542776
"District of Columbia",2022,2025.78169883668,717.747274681406,12319,14199.2524640202,2,1,0,1093.88971468891,0.154077085038208,0.0770385425191041,3,15062.5289735181,1094.12083031647
"District of Columbia",2023,2763.45170269212,929.391299498048,12630,14501.2799692988,4,1,0,1214.09513590156,0.334893233830936,0.083723308457734,5,16322.8430021902,1214.51375244385
"District of Columbia",2024,3118.37846301048,1069.90462911322,12402,14799.7174062962,9,5,0,1338.68488083245,0.814080674430064,0.452267041350036,14,16590.2830921237,1339.95122854823
"District of Columbia",2025,1791.53822650202,361.142235272816,16025.9925938509,15084.7087240808,19,7,3067.96433154498,1186.90738882753,1.49497353911269,0.550779724936253,26,18178.6730556257,1188.95314209158
"District of Columbia",2026,2393.87214057871,485.612407900451,15611.7689073532,15366.2891242873,38,19,3067.96433154498,1209.06292816656,2.98994707822537,1.49497353911269,57,18491.2534558323,1213.5478487839
"District of Columbia",2027,2855.4844310643,639.24637734148,15291.0108904223,15619.7773672831,65,33,3067.96433154503,1229.00809741681,5.11438316012235,2.59653298898519,98,18785.7416988281,1236.71901356592
"District of Columbia",2028,3621.87562629654,681.955428183717,14755.379848155,15836.2465710903,101,54,3067.96433154498,1246.04050434969,7.94696460265165,4.24887216379395,155,19059.2109026353,1258.23634111613
"District of Columbia",2029,4378.96056068189,893.984756328297,14037.0861893766,16006.0671748418,154,82,3067.96433154503,1259.40246798151,12.1171539485976,6.45199106353896,236,19310.0315063868,1277.97161299364
"District of Columbia",2030,5172.27464978015,1017.07251062319,13349.945484842,16121.3283137003,236,114,3067.96433154498,1268.47153917527,18.5691450121365,8.96984123467612,350,19539.2926452453,1296.01052542208
"District of Columbia",2031,6113.58118693446,1290.15376770165,12533.2559813449,16177.8591804734,320,148,3291.13175550757,1272.91954706837,25.1785017113716,11.6450570415094,468,19936.990935981,1309.74310582125
"District of Columbia",2032,6942.43476585162,1539.19877556446,11604.9972284659,16174.4990143744,437,184,3291.13175550757,1272.65515973126,34.3843913995918,14.4776384840387,621,20086.630769882,1321.51718961489
"District of Columbia",2033,8250.13905837656,1719.00082156895,10286.9019823612,16113.9101067992,601,250,3291.13175550757,1267.88785375291,47.2883735266697,19.670704462009,851,20256.0418623067,1334.84693174159
"District of Columbia",2034,9015.67111886099,1791.74515998604,9644.3848515118,16000.6693748513,832,328,3291.13175550757,1258.97775386807,65.4641044495661,25.8079642541559,1160,20451.8011303588,1350.24982257179
"District of Columbia",2035,9715.82596781801,1829.5919147924,9149.52213411769,15845.8082612205,1141,417,3291.13175550757,1246.79284507252,89.7770951646092,32.8107350426311,1558,20694.9400167281,1369.38067527976
"District of Columbia",2036,10350.6138123295,1850.89564951827,8770.84981314871,15659.2275194889,1496,526,3291.13175550757,1232.1121465569,117.709495500662,41.387162188067,2022,20972.3592749965,1391.20880424563
"District of Columbia",2037,10850.3991542387,1843.323658365,8401.37258392121,15449.9636410174,1770,584,3291.13175550757,1215.64667492495,139.268587591024,45.9507656232531,2354,21095.0953965249,1400.86602813923
"District of Columbia",2038,11290.0285292163,1824.64048273475,8085.14536785238,15224.6826242958,2055,629,3291.13175550757,1197.92092972163,161.693190677714,49.4914924264147,2684,21199.8143798034,1409.10561282576
"District of Columbia",2039,11669.0666627585,1799.26980480096,7797.18442043963,14987.3891324915,2324,663,3291.13175550757,1179.25000912947,182.858868678836,52.166708233248,2987,21265.5208879991,1414.27558604155
"District of Columbia",2040,11982.4422507035,1769.9388547863,7576.78383697232,14739.0331869546,2619,680,3291.13175550757,1159.7086635053,206.070299944007,53.5043161366646,3299,21329.1649424621,1419.28327958598
"District of Columbia",2041,12208.0657811163,1734.43321352232,7372.24507632289,14478.6520696256,2960,710,3166.09200133592,1139.22114347944,232.901140830187,55.8648006721057,3670,21314.7440709615,1427.98708498174
"District of Columbia",2042,12536.4211656905,1718.69095142226,7268.14938662036,14202.1695023972,3392,763,3166.09200133592,1117.46671600406,266.892118140539,60.0349900180516,4155,21523.2615037332,1444.39382416265
"District of Columbia",2043,12921.6177989812,1714.31061412983,7206.39969139037,13906.2361031655,3927,843,3166.09200133587,1094.18184225715,308.987425689238,66.3296154458945,4770,21842.3281045014,1469.49888339229
"District of Columbia",2044,13357.3755030852,1718.30463898359,7196.11653242544,13587.7046731583,4556,962,3166.09200133592,1069.11889177102,358.478918115653,75.6928707698108,5518,22271.7966744942,1503.29068065649
"District of Columbia",2045,13845.9781424742,1730.84971187473,7228.15404690922,13244.8898999222,5295,1099,3166.09200133592,1042.14525941287,416.625520505351,86.4724168149917,6394,22804.9819012581,1545.24319673322
"District of Columbia",2046,14390.0280337016,1744.4526910399,7241.09212581729,12878.4808492228,6086,1245,3166.09200133592,1013.31516281882,478.863629423148,97.960108220805,7331,23375.5728505587,1590.13890046277
"District of Columbia",2047,14898.6914277623,1760.19475046419,7298.23966979843,12491.033846689,6908,1392,3166.09200133592,982.829740892684,543.540905694234,109.526482444466,8300,23957.1258480249,1635.89712903138
"District of Columbia",2048,15382.2736647955,1772.29997367503,7335.48053407183,12087.9621712065,7718,1518,3166.09200133587,951.114925670994,607.273988151143,119.440517493319,9236,24490.0541725424,1677.82943131546
"District of Columbia",2049,15832.8515942813,1781.76284025592,7343.14457243534,11675.6670056366,8495,1621,3166.09200133592,918.674380258832,668.410537619067,127.544847731667,10116,24957.7590069725,1714.62976560957
"District of Columbia",2050,16217.5635311878,1782.4822841792,7333.4662240338,11261.4200380649,9214,1692,3166.09200133592,886.080261565284,724.983483651805,133.131327798877,10906,25333.5120394008,1744.19507301597
"Florida",2020,16348.4545148248,3068.30282760717,684705,663421.312977855,29,15,0,43696.8467403145,1.91011131339915,0.987988610378873,44,704121.757342432,43699.7448402383
"Florida",2021,34690.9049702682,8586.91707317073,714753,680128.935714879,51,24,0,51997.5414279314,3.89907629799213,1.83485943434924,75,758030.822043439,52003.2753636637
"Florida",2022,57683.2754922987,10272.7578688776,688942,696890.993279035,87,43,0,53687.4664169076,6.70235319916205,3.31265732832147,130,756898.033361176,53697.4814274351
"Florida",2023,86963.436915583,14393.0058003346,744961,713434.262832539,147,68,0,59731.0768514447,12.3073263432869,5.69318497512591,215,846317.442715918,59749.0773627631
"Florida",2024,98132.6753359719,16569.0635805912,731508,730066.283725372,255,108,0,66036.9836259779,23.0656191088518,9.76896809316077,363,846209.738916563,66069.8182131799
"Florida",2025,76402.7457218824,16065.7329428314,814135.996978927,746520.677071492,422,172,159489.798572149,58738.3504538088,33.2041491318713,13.5334446698622,594,906604.475643641,58785.0880476106
"Florida",2026,104025.57930059,21785.4731886987,798112.094016691,763185.347933831,859,389,159489.798572149,60049.5737157677,67.588540531463,30.6076161428861,1248,923923.14650598,60147.769872442
"Florida",2027,140385.524586319,32322.9914222908,768390.238220891,779482.955657352,1477,649,159489.798572149,61331.9154156363,116.214521961549,51.0651487833755,2126,941098.754229501,61499.1950863812
"Florida",2028,179422.517941327,34603.7490442314,743916.54424651,795045.012659922,2344,1064,159489.798572146,62556.3819121103,184.432525035797,83.7185181903104,3408,957942.811232069,62824.5329553364
"Florida",2029,218891.234456794,45621.8282872608,709542.713696706,809461.977868612,3517,1587,159489.798572149,63690.7493595471,276.727470371543,124.869631924833,5104,974055.776440761,64092.3464618435
"Florida",2030,260416.318651484,52138.7940011721,676856.635987489,822197.950067997,5507,2217,159489.798572149,64692.8515402289,433.306277889135,174.439807169096,7724,989411.748640145,65300.5976252871
"Florida",2031,309854.763943991,66409.8307573033,638038.931636558,832756.702643682,7917,2767,170862.82369417,65523.643945844,622.931868902902,217.715356985516,10684,1014303.52633785,66364.2911717324
"Florida",2032,353176.785332753,79371.9360875362,593379.589178389,840675.486904505,11053,3337,170862.823694172,66146.7162054163,869.681185674344,262.564563158897,14390,1025928.31059868,67278.9619542495
"Florida",2033,419258.360891915,88384.2206589346,529087.688129078,845610.445985757,15976,4281,170862.82369417,66535.012691894,1257.03669794023,336.841143207443,20257,1036730.26967993,68128.8905330416
"Florida",2034,456532.64771842,91732.7838479461,498619.902319132,847307.510191326,23265,5450,170862.823694172,66668.5424856571,1830.55575723456,428.821357271797,28715,1046885.3338855,68927.9196001635
"Florida",2035,489825.281232768,93292.7662805841,474297.210076675,845881.433895857,33603,7068,170862.82369417,66556.3347842633,2643.97872814756,556.130156549919,40671,1057415.25759003,69756.4436689608
"Florida",2036,520775.23448413,94160.9288202749,452538.95185714,841495.291467375,46043,9074,170862.82369417,66211.2207385075,3622.79298217713,713.96788915308,55117,1067475.11516154,70547.9816098377
"Florida",2037,547604.576706902,93992.3149947901,433080.006599114,834399.074606634,58130,11285,170862.823694172,65652.8703998437,4573.83220150634,887.935599415088,69415,1074676.89830081,71114.6382007651
"Florida",2038,571279.9832598,93287.4874310935,417180.450266423,824891.097263146,72003,13991,170862.82369417,64904.7559504228,5665.39893351215,1100.85130451187,85994,1081747.92095732,71671.0061884468
"Florida",2039,593876.552599361,92514.8008420406,403361.255190759,813272.784937988,88104,17513,170862.823694172,63990.5943980408,6932.27098368338,1377.97218897266,105617,1089752.60863216,72300.8375706968
"Florida",2040,614566.17646695,91677.1371945433,392861.687087205,799802.177054529,107011,21429,170862.82369417,62930.6890116442,8419.9270207362,1686.09410366557,128440,1099105.0007487,73036.710136046
"Florida",2041,631740.082853103,90527.2482608767,382571.604532232,784710.121044086,129575,26316,164237.814602125,61743.2035176222,10195.3261226593,2070.61703448892,155891,1104838.93564621,74009.1466747704
"Florida",2042,651202.30201562,90085.4059806301,379454.764432328,768102.657826453,156482,31920,164237.814602125,60436.4815143512,12312.4447024964,2511.55554570931,188402,1120742.47242858,75260.4817625569
"Florida",2043,672106.778630281,90009.4412124639,379082.089612573,750101.494853193,188184,38675,164237.814602125,59020.0992870734,14806.8473939148,3043.0579802728,226859,1141198.30945532,76870.004661261
"Florida",2044,694972.248985234,90236.0296109264,380061.900267309,730816.364261345,223808,46408,164237.814602125,57502.6908695394,17609.8440969333,3651.51221069166,270216,1165270.17886347,78764.0471771643
"Florida",2045,720960.846668246,90904.4945280158,381392.825662903,710370.35225704,263897,54753,164237.814602125,55893.941031286,20764.1595816432,4308.12032563352,318650,1193258.16685917,80966.2209385627
"Florida",2046,746562.6768298,91547.241197455,383941.68605014,688936.78947527,305824,63053,164237.814602125,54207.4879150935,24063.0940855578,4961.18771377222,368877,1222051.6040774,83231.7697144235
"Florida",2047,771563.135621347,92218.6600779337,386294.528588158,666716.509685313,348326,70796,164237.814602125,52459.1336878479,27407.271209735,5570.42877236957,419122,1250076.32428744,85436.8336699526
"Florida",2048,795228.866411226,92702.7170643213,387824.129550083,643993.898423506,390005,77519,164237.814602125,50671.2546049034,30686.6923748233,6099.41335676191,467524,1275755.71302563,87457.3603364886
"Florida",2049,817073.302769708,93025.9503901074,387704.656751652,621068.095309342,429608,82890,164237.814602125,48867.3878144517,33802.7680100591,6522.01877142372,512498,1297803.90991147,89192.1745959345
"Florida",2050,835669.149476577,92924.0515008494,386995.632303263,598274.018678564,466266,86811,164237.814602125,47073.885634898,36687.1227467324,6830.53410020587,553077,1315588.83328069,90591.5424818363
"Georgia",2020,6601.18008760108,1287.59136515658,350795,475633.78968749,33,6,0,31328.051128172,2.17357494283352,0.395195444151549,39,358683.771452758,31330.619898559
"Georgia",2021,12337.7695500954,3626.77242841994,371320,464604.838270307,55,9,0,35520.1904476906,4.20488620371701,0.688072287880965,64,387284.541978515,35525.0834061822
"Georgia",2022,20635.5051017092,4059.7580224167,355500,454686.126526628,88,16,0,35028.3564912684,6.77939174168116,1.23261668030567,104,380195.263124126,35036.3684996903
"Georgia",2023,31523.8194233027,5701.94121583938,379511,445583.534790576,144,25,0,37305.7277269588,12.0561564179137,2.09308271144335,169,416736.760639142,37319.8769660881
"Georgia",2024,35572.6135780455,6564.00948131623,372658,437366.001661055,231,44,0,39561.245511668,20.8947373103716,3.97994996388031,275,414794.623059362,39586.1201989423
"Georgia",2025,41674.1871083301,8832.95067644258,439747.855777305,429888.804124153,366,67,59933.1894379247,33824.8624698108,28.7979113323812,5.27174879581842,433,490254.993562078,33858.932129939
"Georgia",2026,55236.0041643445,11664.8471766389,417509.965562184,423467.627465243,857,153,59933.1894379247,33319.6261963877,67.431174895767,12.0384711307495,1010,484410.816903168,33399.0958424143
"Georgia",2027,72374.2662895705,16804.5369259616,390289.753204719,417743.366982326,1533,259,59933.1894379247,32869.2252514957,120.620759761039,20.3788498226414,1792,479468.556420251,33010.2248610794
"Georgia",2028,89837.9419809062,17478.7170628239,368089.820708954,412633.290314761,2416,424,59933.1894379233,32467.1500198721,190.097687920855,33.3615147675673,2840,475406.479752684,32690.6092225606
"Georgia",2029,106972.719747904,22464.3226530158,342506.880646926,408064.733609922,3310,636,59933.1894379247,32107.6831048369,260.440127077,50.042272151351,3946,471943.923047847,32418.1655040652
"Georgia",2030,123888.058075298,25009.9303816934,320278.931237555,403916.730256622,4436,891,59933.1894379247,31781.3065125562,349.036979973888,70.1063907026002,5327,469176.919694547,32200.4498832326
"Georgia",2031,140263.854288199,30356.4078684017,289122.849689059,400093.609135551,5485,1120,53044.5027101085,31480.492569776,431.575255896478,88.1247559898005,6605,459743.11184566,32000.1925816622
"Georgia",2032,157197.878000746,35718.5006563528,264555.471810956,396464.347757946,6590,1373,53044.5027101085,31194.9320578789,518.519769618558,108.031508905354,7963,457471.850468055,31821.4833364028
"Georgia",2033,185423.905356864,39486.1614146305,231056.486029883,392975.050091269,8163,1784,53044.5027101085,30920.3842851542,642.287842093519,140.370147040896,9947,455966.552801377,31703.0422742886
"Georgia",2034,200612.230463372,40619.1202721319,214185.889557236,389527.737582632,10559,2286,53044.5027101085,30649.1400229718,830.811873657414,179.868921600611,12845,455417.24029274,31659.8208182299
"Georgia",2035,213852.687060967,40937.5626927019,201508.853617897,386127.600661457,14153,2974,53044.5027101085,30381.6076689447,1113.59792100326,234.00270028006,17127,456299.103371566,31729.208290228
"Georgia",2036,225728.099504378,40950.3737563889,191618.483390058,382729.453940715,18683,3840,53044.5027101099,30114.2319094956,1470.03108585486,302.142020536459,22523,458296.956650825,31886.4050158869
"Georgia",2037,237333.777914611,40807.1987481605,183413.520930658,379259.994883321,24277,4973,53044.5027101085,29841.2450944515,1910.18276889677,391.289653158284,29250,461554.49759343,32142.7175165065
"Georgia",2038,248601.257582663,40577.1067006811,177146.305906271,375610.167479507,31269,6401,53044.5027101085,29554.0663896604,2460.33303129024,503.648717045279,37670,466324.670189615,32518.0481379959
"Georgia",2039,259700.64019061,40390.2644585528,172704.718584499,371639.120523553,39826,8286,53044.5027101085,29241.6132253591,3133.62190361589,651.965828688828,48112,472795.623233662,33027.2009576638
"Georgia",2040,270491.30386211,40243.5811363731,169868.766064678,367182.148353052,50009,10368,53044.5027101085,28890.9260959138,3934.84903776244,815.783455448439,60377,480603.651063161,33641.5585891247
"Georgia",2041,277073.632546367,39574.9187755677,165446.137403696,362140.858076883,61813,12882,45258.8306487477,28494.2631713949,4863.62101964066,1013.5920595184,74695,482094.688725631,34371.476250554
"Georgia",2042,288341.020431432,39612.543812751,164292.196410019,356252.930005454,75126,15608,45258.8306487477,28030.9843994483,5911.12537365156,1228.08142097215,90734,492245.760654202,35170.191194072
"Georgia",2043,299360.503111011,39707.7827047928,163972.017372605,349396.47253966,89693,18692,45258.8306487477,27491.4990055845,7057.29798124391,1470.73923121549,108385,503040.303188408,36019.5362180439
"Georgia",2044,310199.619968124,39840.3870561312,164022.383301117,341504.559676624,105226,22073,45258.8306487477,26870.5410633096,8279.47819087745,1736.7658383597,127299,514062.390325372,36886.7850925468
"Georgia",2045,321029.994913075,40075.6961311624,164471.531812415,332587.392207906,122131,25600,45258.8306487463,26168.913199648,9609.6112265985,2014.28013690973,147731,525577.222856652,37792.8045631563
"Georgia",2046,331347.042991546,40223.144498616,164872.746385912,322726.103227326,139425,29033,45258.8306487477,25392.9991950422,10970.3518784624,2284.39825058203,168458,536442.933876073,38647.7493240867
"Georgia",2047,340870.380429117,40332.2856464341,165003.442766819,312041.278193623,156749,32157,45258.8306487477,24552.2870531772,12333.4530148618,2530.2033735393,188906,546206.108842371,39415.9434415783
"Georgia",2048,349478.890466827,40326.747437888,164667.106871493,300741.91412746,173655,34817,45258.8306487477,23663.2212485606,13663.6647334007,2739.49966901507,208472,554472.744776207,40066.3856509764
"Georgia",2049,357007.280462767,40240.4961808599,163737.283642005,289045.229636884,189792,36889,45258.8306487477,22742.8931533628,14933.3693650145,2902.5304675962,226681,560985.060285632,40578.7929859734
"Georgia",2050,363301.741209649,39987.6028802646,162458.316884708,277204.830325874,204906,38378,45258.8306487477,21811.2571711265,16122.5814739697,3019.68918337193,243284,565747.660974622,40953.5278284682
"Hawaii",2020,3005.64369946092,438.328975372453,43982,52133.9771532516,9,0,0,3433.851709411,0.592793166227324,0,9,47425.9726748334,3434.44450257722
"Hawaii",2021,5152.83316503983,1200.03499469777,44866,51930.7276391419,16,1,0,3970.23273088751,1.22323962289949,0.0764524764312183,17,51218.8681597376,3971.53242298684
"Hawaii",2022,6798.38604016378,1256.05773069246,42251,51769.6241133495,26,4,0,3988.25638845431,2.00300210549671,0.308154170076416,30,50305.4437708562,3990.56754472988
"Hawaii",2023,8733.87204801461,1833.66391522588,44443,51624.9347223733,41,6,0,4322.21033387164,3.43265564676709,0.502339850746404,47,55010.5359632405,4326.14532936916
"Hawaii",2024,9855.61588309486,2110.89291689905,43640,51508.851238144,66,12,0,4659.15115056291,5.96992494582047,1.08544089924009,78,55606.5087999939,4666.20651640797
"Hawaii",2025,5262.42415617384,1116.92792399225,50221.2177782291,51408.7089621962,106,22,5063.86089619898,4044.98208307519,8.34037869189183,1.7310219926568,128,56600.5698583952,4055.05348375974
"Hawaii",2026,7000.92382013774,1483.33832796298,48211.8533050005,51357.2545569023,230,45,5063.86089619898,4040.93350547596,18.0970481050483,3.54072680316163,275,56696.1154531012,4062.57128038417
"Hawaii",2027,9109.42244056813,2126.2211488263,45625.8124371082,51317.5951303038,400,80,5063.86089619882,4037.81299003696,31.4731271392145,6.29462542784289,480,56861.4560265026,4075.58074260402
"Hawaii",2028,11465.0540646067,2245.77849382768,43387.4222579879,51278.3939202233,631,125,5063.86089619898,4034.72852836477,49.6488580621108,9.83535223100452,756,57098.2548164222,4094.21273865789
"Hawaii",2029,13785.3118746224,2922.11986353143,40683.9371616921,51227.5080036471,911,189,5063.86089619882,4030.72468105978,71.6800470595609,14.8710525732788,1100,57391.3688998459,4117.27578069261
"Hawaii",2030,16259.5630897585,3313.30395253588,38226.8762290012,51146.8823750966,1316,273,5063.86089619898,4024.38082941466,103.546588288016,21.4804092725139,1589,57799.7432712956,4149.40782697519
"Hawaii",2031,18311.3950829185,3998.2974367788,33758.3287202712,51020.6385073338,1731,347,2969.38273263475,4014.44760616304,136.199957694951,27.3029377932685,2078,56068.0212399685,4177.95050165126
"Hawaii",2032,20776.6884679122,4759.44432657807,30850.596900394,50825.3469622495,2170,422,2969.38273263475,3999.08151709391,170.741714730238,33.2041491318712,2592,56386.7296948842,4203.02738095602
"Hawaii",2033,24698.5796082194,5310.24705273055,26811.596070849,50554.0399991642,2754,543,2969.38273263475,3977.73432073657,216.692480353492,42.7247700914836,3297,56820.422731799,4237.15157118155
"Hawaii",2034,26958.1867550975,5521.80536803864,24822.1630416588,50193.7724321602,3464,675,2969.38273263475,3949.38745338544,272.557281025597,53.1109020474244,4139,57302.155164795,4275.05563645846
"Hawaii",2035,29078.8246704119,5632.57451623805,23208.5127436586,49747.5291976738,4346,857,2969.38273263475,3914.27577825042,341.955526367565,67.431174895767,5203,57919.9119303085,4323.66247951376
"Hawaii",2036,31023.7435749053,5691.66640563639,21866.416401867,49215.4436497738,5328,1069,2969.38273263491,3872.40978800544,419.222053494337,84.1119322795506,6397,58581.8263824087,4375.74377377933
"Hawaii",2037,32537.1687591141,5659.92975368172,20634.7853573042,48598.5011374653,6035,1229,2969.38273263475,3823.86701268676,474.850805712898,96.7011831352364,7264,58831.8838701,4395.41900153489
"Hawaii",2038,33819.3353365166,5586.85485851394,19582.0366969514,47896.8441593473,6733,1389,2969.38273263475,3768.6586644857,529.771412570827,109.290433990922,8122,58988.226891982,4407.72051104745
"Hawaii",2039,34923.4492739858,5497.56555484297,18684.667487167,47109.2995833611,7462,1565,2969.38273263475,3706.69243806617,587.131186782046,123.138609932177,9027,59105.6823159958,4416.96223478039
"Hawaii",2040,35850.0207477565,5398.53768064757,17956.5129895153,46232.6886852847,8265,1738,2969.38273263475,3637.71822244922,650.313489514019,136.750737419887,10003,59205.0714179194,4424.78244938312
"Hawaii",2041,35991.1597193072,5206.79262237421,17062.7330983427,45266.812639897,9277,1951,1765.87280012706,3561.7203735062,729.940501176231,153.510177621519,11228,58260.6854400241,4445.17105230395
"Hawaii",2042,36979.6943298272,5152.82036295976,16629.364757857,44200.006650517,10576,2220,1765.8728001269,3477.78107216462,832.14948156083,174.67585562264,12796,58761.8794506439,4484.60640934809
"Hawaii",2043,38042.5353083535,5123.98866157328,16352.4177335796,43029.0689033793,12164,2560,1765.87280012706,3385.64839069519,957.097796303512,201.428013690973,14724,59518.9417035064,4544.17420068968
"Hawaii",2044,39259.7876986981,5118.72193772941,16131.5874457381,41753.2242820387,14024,2967,1765.8728001269,3285.26134075185,1103.44783750086,233.451920555123,16991,60510.0970821656,4622.16109880784
"Hawaii",2045,40566.9759832198,5135.47283468468,16047.8046345416,40377.380652319,16182,3425,1765.87280012706,3177.00608704724,1273.24535841692,269.488651129524,19607,61750.2534524461,4719.74009659368
"Hawaii",2046,41896.1578329921,5152.18172390269,15999.1579087951,38912.6246655628,18482,3887,1765.87280012706,3061.75495854948,1454.2158394674,305.840112975317,22369,63047.4974656899,4821.8109109922
"Hawaii",2047,43193.8550211702,5171.44841820331,15942.2688187648,37372.6994580114,20855,4314,1765.8728001269,2940.58930394411,1640.93016622079,339.437676196428,25169,64307.5722581383,4920.95714636133
"Hawaii",2048,44435.8275262407,5183.27423573519,15841.6451059333,35779.8740677822,23219,4696,1765.87280012706,2815.26131390098,1826.93634761355,369.494512614378,27915,65460.7468679092,5011.6921741289
"Hawaii",2049,45545.5360052657,5185.00311887047,15681.1130052568,34156.779329266,25488,5001,1765.8728001269,2687.5516462402,2005.46766131075,393.492772058029,30489,66411.6521293929,5086.51207960898
"Hawaii",2050,46475.640496024,5162.17972668828,15494.632516655,32529.5799392403,27614,5223,1765.87280012706,2559.51901303237,2172.74733205567,410.960357620293,32837,67132.4527393673,5143.22670270834
"Idaho",2020,646.072944743935,232.862268166616,67938,98368.4647838361,0,0,0,6479.12818845902,0,0,0,68816.9352129106,6479.12818845902
"Idaho",2021,1270.06451250982,666.68610816543,70918,95102.9430141154,0,0,0,7270.85550932616,0,0,0,72854.7506206752,7270.85550932616
"Idaho",2022,2025.78169883668,785.036081682788,67340,92008.3740450694,1,1,0,7088.19103598471,0.0770385425191041,0.0770385425191041,2,70150.8177805195,7088.34511306975
"Idaho",2023,2899.91845344235,1155.45945343001,72570,89058.050746275,3,1,0,7456.23465327491,0.251169925373202,0.083723308457734,4,76625.3779068724,7456.56954650874
"Idaho",2024,3272.37246118384,1330.15170105968,71259,86294.77549285,7,5,0,7805.65655922337,0.63317385789005,0.452267041350036,12,75861.5241622435,7806.7420001226
"Idaho",2025,8770.53805847396,1867.07944785099,91747.3369981126,83716.0128241539,16,7,18645.9416802837,6587.01178800676,1.25892508556858,0.550779724936253,23,102384.954504438,6588.82149281726
"Idaho",2026,11496.8892388131,2440.62534412517,86203.6755126204,81439.2484152747,32,24,18645.9416802839,6407.86954874003,2.51785017113716,1.88838762835287,56,100141.190095559,6412.27578653952
"Idaho",2027,15017.7602079115,3504.88818613182,79614.2208176475,79395.9275314071,58,37,18645.9416802837,6247.09530382958,4.5636034351861,2.91126426037734,95,98136.8692116908,6254.57017152515
"Idaho",2028,18433.1533021945,3606.48651564675,74366.3110978322,77598.0092353898,94,68,18645.9416802837,6105.6300260384,7.3961848777154,5.35043161366646,162,96405.9509156735,6118.37664252978
"Idaho",2029,21752.4172625942,4601.53133094421,68600.5044060381,76058.5113192927,148,102,18645.9416802839,5984.4979919287,11.6450570415094,8.02564742049969,250,94954.4529995765,6004.16869639071
"Idaho",2030,25168.8632791734,5111.44511224519,63524.119735115,74775.4864462499,240,143,18645.9416802837,5883.54597954858,18.8838762835287,11.2516429522692,383,93804.4281265336,5913.68149878438
"Idaho",2031,29902.4886141177,6486.38062262672,59597.9974617696,73743.1612542262,354,183,21706.7054442879,5802.31972450464,27.8537175182048,14.3989556661906,537,95986.8666985141,5844.57239768903
"Idaho",2032,33514.876616642,7617.56549831394,54263.4731045307,72950.209775199,504,235,21706.7054442877,5739.92806771801,39.6561401954102,18.4904621942885,739,95395.9152194867,5798.07467010771
"Idaho",2033,39267.8605229721,8376.30624665638,47479.6909240141,72368.1522493549,737,312,21706.7054442877,5694.13014143494,57.9892367540026,24.5490391685873,1049,95123.8576936426,5776.66841735753
"Idaho",2034,42430.7952680037,8620.52026602288,44116.2556096709,71958.8656994094,1083,419,21706.705444288,5661.92632237792,85.2134917294231,32.9681006783271,1502,95167.5711436974,5780.10791478567
"Idaho",2035,45372.7813691125,8716.17834853227,41450.797782741,71694.0520560981,1571,568,21706.7054442877,5641.09003871759,123.610706839265,44.6918405376845,2139,95539.7575003857,5809.39258609454
"Idaho",2036,48131.0884154064,8756.51123768217,39294.3240197414,71529.2182285423,2196,750,21706.7054442877,5628.12044868882,172.787467994287,59.0121133860271,2946,96181.92367283,5859.92003006914
"Idaho",2037,50910.8627533739,8773.60474458213,37741.4724234516,71413.23447712,3309,997,21706.7054442877,5618.99452030233,260.361444259152,78.446769394492,4306,97425.9399214076,5957.80273395597
"Idaho",2038,53708.9187931833,8781.46725012821,36606.0956414341,71291.776240458,4795,1303,21706.7054442877,5609.43784399091,377.284111581333,102.523711655991,6098,99096.4816847457,6089.24566722823
"Idaho",2039,56569.0480584017,8805.09530648165,35896.7502787988,71109.1881993941,6749,1706,21706.705444288,5595.07130241464,531.030337656396,134.23288724875,8455,101270.893643682,6260.33452731979
"Idaho",2040,59394.650285979,8839.4208754552,35561.0684069198,70812.4341240663,9130,2146,21706.7054442877,5571.72185555997,718.37412695257,168.853327101886,11276,103795.139568354,6458.94930961442
"Idaho",2041,62408.8340480545,8917.83247019506,35536.9866369681,70363.5470903959,11878,2666,21956.1060648218,5536.40215885534,934.594510398973,209.768392382864,14544,106863.653155218,6680.76506163717
"Idaho",2042,65302.616674841,8985.88019998562,35529.1392511414,69713.5300611467,14910,3238,21956.1060648214,5485.2569873448,1173.16081411422,254.774964191941,18148,109817.636125968,6913.19276565096
"Idaho",2043,68155.6962211511,9062.33626943668,35683.1572182082,68832.0836439743,18221,3892,21956.1060648218,5415.90229945962,1433.67962400907,306.233527064557,22113,112901.189708796,7155.81545053324
"Idaho",2044,71015.8458422848,9135.94573485157,35823.775320154,67705.460832469,21694,4620,21956.1060648214,5327.2564419985,1706.9450503953,363.514618457927,26314,115975.56689729,7397.71611085173
"Idaho",2045,73821.8365924924,9213.02058177284,36066.4490919064,66337.2002013498,25432,5376,21956.1060648218,5219.59783999151,2001.06142351126,422.998828751042,30808,119101.306266172,7643.65809225381
"Idaho",2046,76523.1332472678,9270.09841846036,36264.8218751752,64743.9474760816,29236,6122,21956.1060648218,5094.23622602334,2300.37086260518,481.696210865677,35358,122058.053540903,7876.30329949421
"Idaho",2047,79045.1868481225,9318.69676986467,36399.1570544828,62948.9346076486,33051,6807,21956.1060648214,4952.99955546156,2600.54581269544,535.593941091582,39858,124763.04067247,8089.13930924858
"Idaho",2048,81410.2096147631,9343.33297480469,36381.8824947412,60998.3190194872,36787,7394,21956.1060648218,4799.51962444671,2894.50482017571,581.780755168379,44181,127135.425084309,8275.8051997908
"Idaho",2049,83582.4085196941,9351.17038081309,36190.6192172426,58933.0920529284,40375,7860,21956.1060648214,4637.02174722212,3176.81877061446,618.446948285564,48235,129124.19811775,8432.28746612214
"Idaho",2050,85460.5785782082,9319.41744027741,35970.6341372012,56807.5240908651,43782,8205,21956.1060648218,4469.77607043946,3444.89113102272,645.592520443137,51987,130750.630155687,8560.25972190532
"Illinois",2020,7303.43328840971,1780.71146245059,393667,393800.526193831,15,6,0,25938.0289760475,0.987988610378873,0.395195444151549,21,402751.14475086,25939.412160102
"Illinois",2021,13244.9584876024,4880.14231177094,399257,403188.552732447,24,15,0,30824.7633251144,1.83485943434924,1.14678714646827,39,417382.100799373,30827.7449716952
"Illinois",2022,22970.3043478261,5764.40779978504,376732,412293.060996633,39,24,0,31762.4565099207,3.00450315824506,1.8489250204585,63,405466.712147611,31767.3099380994
"Illinois",2023,33980.2209368068,8389.64037925265,398145,420933.304888243,69,38,0,35241.9289252917,5.77690828358364,3.18148572139389,107,440514.86131606,35250.8873192967
"Illinois",2024,38344.5055451659,9658.05800334635,390955,429251.942744534,119,63,0,38827.3012277651,10.7639555841308,5.69856472101045,182,438957.563548512,38843.7637480702
"Illinois",2025,36058.4755263007,7762.73041882382,392686.241297247,437143.274006425,194,99,-928.826764053335,34395.6646021417,15.264466662519,7.78959896695558,293,436507.447242372,34418.7186677712
"Illinois",2026,48711.1772241629,10445.4878295601,385204.22117978,444658.712997555,403,228,-928.826764052061,34987.0005193288,31.7091755927586,17.9396824693522,631,444360.886233503,35036.6493773909
"Illinois",2027,65893.460487961,15533.2340296921,370385.636776863,451665.15805857,696,380,-928.826764053335,35538.2873598269,54.7632412222332,29.8994707822537,1076,451812.331294516,35622.9500718314
"Illinois",2028,84215.445820302,16602.9704844145,357982.169763149,458002.412831919,1106,621,-928.826764053335,36036.9204228149,87.023196539928,48.8620298836304,1727,458800.586067865,36172.8056492385
"Illinois",2029,102848.398852965,21903.7399227268,340387.916735577,463486.882275322,1662,920,-928.826764052061,36468.4539330233,130.770843263436,72.3881924201932,2582,465140.05551127,36671.6129687069
"Illinois",2030,121935.744896817,24945.2180071952,323926.555591133,467864.345259198,2592,1280,-928.826764053335,36812.8850556202,203.94586386211,100.714006845486,3872,470807.518495145,37117.5449263278
"Illinois",2031,132739.31535302,29100.3133747925,279395.137143095,470893.086753059,3688,1590,-34936.320882151,37051.1949708904,290.182232223557,125.105680378377,5278,441234.765870908,37466.4828834923
"Illinois",2032,150889.973202004,34693.1135473553,258670.230980918,472233.638612428,5051,1905,-34936.320882151,37156.673368657,397.426912950431,149.890768000509,6956,444253.317730277,37703.991049608
"Illinois",2033,179307.066251899,38591.9878063231,228409.677895193,471794.052835566,7035,2416,-34936.320882151,37122.0855210475,553.533623560934,190.097687920855,9451,446308.731953415,37865.7168325293
"Illinois",2034,194300.657771153,39810.7230195833,213397.679727248,469440.381400136,9956,3049,-34936.320882151,36936.8920202195,783.366134495048,239.903911618662,13005,447509.060517985,37960.1620663332
"Illinois",2035,207238.270458901,40135.5824027702,200918.622910181,465221.796654003,14064,3943,-34936.320882151,36604.961885063,1106.59515021478,310.246350774807,18007,448292.475771852,38021.8033860526
"Illinois",2036,217822.898422634,40018.3880176325,190525.314252185,459228.921574604,19032,5042,-34936.3208821523,36133.4255868046,1497.49138928382,396.718767589798,24074,448366.600692451,38027.6357436782
"Illinois",2037,226955.909378846,39503.1141511149,180681.945879148,451617.29029126,24341,6119,-34936.320882151,35534.5209890109,1915.21846923905,481.460162412133,30460,447140.969409109,37931.199620662
"Illinois",2038,234598.051689599,38755.1975027806,172389.41751461,442576.98758914,30713,7389,-34936.320882151,34823.2044982089,2416.58538456673,581.387341079139,38102,445742.666706989,37821.1772238547
"Illinois",2039,241331.426252426,37966.3751018788,165440.77585977,432312.898096225,38365,8997,-34936.320882151,34015.5970142619,3018.66630673991,707.909312178781,47362,444738.577214074,37742.1726331806
"Illinois",2040,247151.904952407,37177.7766041731,160013.287201323,421017.289640055,47540,10722,-34936.320882151,33126.8267116223,3740.58116049564,843.637172966643,58262,444342.968757904,37711.0450450846
"Illinois",2041,248271.553883153,35862.7244951427,153096.401620518,408877.035320914,58469,12882,-42997.3553221003,32171.5972924005,4600.50567675683,1013.5920595184,71351,437230.679998814,37785.6950286757
"Illinois",2042,254143.005869929,35378.1666388431,150068.884765028,395991.412595902,71241,15355,-42997.3553221016,31157.7201866699,5605.44262631194,1208.1746680566,86596,439590.057273801,37971.3374810384
"Illinois",2043,259976.04643317,35025.0496323552,147857.001749613,382480.45313724,85170,18205,-42997.3553221016,30094.6398246318,6701.41559611724,1432.4206989235,103375,442858.097815138,38228.4761196725
"Illinois",2044,266617.154909206,34804.6384830306,145759.620862644,368442.769576981,100301,21435,-42997.3553221003,28990.1153260515,7891.96531297587,1686.56620057265,121736,447181.41425488,38568.6468396
"Illinois",2045,273733.913933178,34705.2567982552,144258.115723817,353984.641777351,116837,24873,-42997.3553221003,27852.5090899697,9193.064388911,1957.0777283342,141710,452697.286455251,39002.6512072149
"Illinois",2046,279846.000495805,34510.3247677165,143836.040866551,339231.721452174,133729,28229,-42997.3553221016,26691.7077472971,10522.174548,2221.13726503221,161958,458192.366130072,39435.0195603294
"Illinois",2047,285852.592964592,34356.4813356784,142987.17237606,324308.601998432,150589,31296,-42997.3553221016,25517.5146575939,11848.7668569179,2462.45746737214,181885,463196.24667633,39828.7389818839
"Illinois",2048,291045.135563985,34126.0425780371,141968.901980941,309379.435445063,166875,33883,-42997.3553221003,24342.8457650522,13130.195228391,2666.00991714501,200758,467140.080122963,40139.0509105882
"Illinois",2049,295730.68312753,33867.026573965,140012.765859215,294600.83088281,182134,35873,-42997.3553221003,23180.0235142322,14330.8163459342,2822.5887246626,218007,469610.475560709,40333.428584829
"Illinois",2050,298879.890531356,33426.2874755534,138020.95839116,280143.491720172,195980,37201,-42997.3553221016,22042.4793303311,15420.2586418581,2927.07950676479,233181,470327.13639807,40389.817478954
"Indiana",2020,1966.30896226415,725.982365460626,225257,285114.481493874,2,2,0,18779.3240246684,0.131731814717183,0.131731814717183,4,227949.291327725,18779.5874882978
"Indiana",2021,3773.90598002917,2000.05832449629,235681,284022.025213126,4,6,0,21714.1871885534,0.305809905724873,0.45871485858731,10,241454.964304525,21714.9517133177
"Indiana",2022,6077.34509651004,2265.38983571319,222098,282688.272305301,7,6,0,21777.892485644,0.539269797633728,0.462231255114624,13,230440.734932223,21778.8939866967
"Indiana",2023,8904.45548645239,3240.31020635806,237891,280989.707945459,19,17,0,23525.3879917662,1.59074286069695,1.42329624378148,36,250035.76569281,23528.4020308707
"Indiana",2024,10048.1083808116,3730.20803123257,233595,279040.127023976,31,25,0,25240.1305334144,2.80405565637022,2.26133520675018,56,247373.316412044,25245.1959242775
"Indiana",2025,23842.1099322316,5201.56991359168,265049.667759588,276798.461606125,47,41,17206.8859992859,21779.2829351714,3.6980924388577,3.22599553176948,88,294093.347605411,21786.207023142
"Indiana",2026,31406.824953527,6835.35168022414,253631.880986324,274474.17162079,100,93,17206.8859992852,21596.4012496292,7.86828178480361,7.31750205986736,193,291874.057620075,21611.5870334739
"Indiana",2027,41323.0249618059,9899.67927316175,238248.431882046,271941.250117728,174,149,17206.8859992852,21397.1038483805,13.6908103055583,11.7237398593574,323,289471.136117014,21422.5183985454
"Indiana",2028,51456.0270529012,10341.7663034582,225166.22937482,269214.136731894,290,253,17206.8859992852,21182.5268825919,22.8180171759305,19.9067529155531,543,286964.022731179,21225.2516526834
"Indiana",2029,60845.5948799607,13242.2075494114,210262.894751488,266324.811181574,443,376,17206.8859992859,20955.1866066124,34.85648830668,29.5847395108616,819,284350.69718086,21019.6278344299
"Indiana",2030,70303.7258867467,14717.1202281792,196724.764948369,263289.72506401,716,533,17206.8859992852,20716.377478471,56.3368975791939,41.9379419130033,1249,281745.611063295,20814.6523179632
"Indiana",2031,76735.9486184871,17205.9059658285,171116.334539263,260142.97934985,1051,660,3204.20977372847,20468.7826586297,82.695641558286,51.9306597797039,1711,265058.189123579,20603.4089599677
"Indiana",2032,86189.4567828572,20245.0382652594,155946.0123047,256872.297579088,1500,804,3204.20977372847,20211.4362006219,118.024226772054,63.2609855498211,2304,262380.507352816,20392.7214129438
"Indiana",2033,101432.688233656,22329.5563869213,136198.209139547,253553.243986396,2180,1023,3204.20977372847,19950.2837113603,171.528542908719,80.492522658541,3203,259960.453760125,20202.3047769275
"Indiana",2034,109232.056560473,22898.1673551005,125756.762082316,250204.776224161,3176,1302,3204.20977372847,19686.8168323543,249.896629485363,102.445028838143,4478,257886.985997889,20039.1584906778
"Indiana",2035,116082.092796096,22999.1977442135,117294.797959625,246884.878726206,4591,1696,3204.20977372847,19425.5979422485,361.232816740334,133.446059070269,6287,256376.088499934,19920.2768180591
"Indiana",2036,122015.538013869,22897.319285102,110487.603174717,243603.250699959,6403,2190,3204.20977372916,19167.3902020144,503.806082680975,172.315371087199,8593,255400.460473688,19843.5116557825
"Indiana",2037,127838.436845467,22734.9748765179,105274.583076772,240336.785025028,9454,2853,3204.20977372847,18910.3754783069,743.867359935334,224.482079320447,12307,255847.994798756,19878.7249175627
"Indiana",2038,133503.414885421,22535.7766006547,101395.637378549,237028.619090896,13515,3687,3204.20977372847,18650.0796607005,1063.39828321621,290.103549405709,17202,257434.828864625,20003.5814933224
"Indiana",2039,139393.784973992,22410.3707022046,98600.3378223364,233591.283724805,18805,4804,3204.20977372847,18379.6204282077,1479.63038963232,377.992256941966,23609,260404.493498533,20237.243074782
"Indiana",2040,145177.689287609,22319.1180562116,96951.9357437292,229916.533313822,25296,6032,3204.20977372847,18090.4807109834,1990.36056028392,474.614757259354,31328,264448.74308755,20555.4560285266
"Indiana",2041,147680.673315336,21801.7471838925,93807.3159891041,225910.633836729,32778,7518,-2916.89734839656,17775.2852521098,2579.06540342293,591.537424581536,40296,263289.736488333,20945.8880801142
"Indiana",2042,153569.446210191,21830.0119079856,93247.9770106077,221432.332477181,41008,9124,-2916.89734839725,17422.9198819678,3226.62499431227,717.902030045482,50132,268647.435128784,21367.4469063256
"Indiana",2043,159114.796851699,21856.6139429181,92945.2789725248,216405.587115539,49551,10877,-2916.89734839725,17027.4013923093,3898.81230718804,855.833009733089,60428,273916.689767142,21782.0467092304
"Indiana",2044,164505.070879917,21866.3869329506,92617.0159344992,210779.371095764,58354,12772,-2916.89734839656,16584.7148620516,4591.4571527043,1004.93694955512,71126,278988.473747367,22181.108964311
"Indiana",2045,169663.935292229,21884.3222276108,92436.7984002228,204558.953268459,67617,14726,-2916.89734839656,16095.2748592071,5320.29609443066,1158.68317563018,82343,283985.055920063,22574.254129268
"Indiana",2046,174369.866329566,21838.5245765866,92176.4635062484,197792.751760799,76907,16602,-2916.89734839725,15562.8910584568,6051.25947223891,1306.2921419131,93509,288384.854412401,22920.4426726088
"Indiana",2047,178528.907728464,21760.3097834093,91717.7765491701,190555.891409441,86072,18296,-2916.89734839725,14993.4744936392,6772.38749781617,1439.58083534767,104368,292006.994061044,23205.442826803
"Indiana",2048,182179.476149095,21621.48429485,90925.9389511018,182979.796743443,94950,19714,-2916.89734839656,14397.366017035,7470.93355467103,1551.15307105618,114664,294726.899395047,23419.4526427623
"Indiana",2049,185224.955723179,21441.545331878,89793.4145828516,175196.812986305,103371,20809,-2916.89734839656,13784.9789237579,8133.52156376934,1637.31075659978,124180,296459.915637909,23555.811244127
"Indiana",2050,187559.18851691,21170.8154466158,88488.0384887452,167360.939800669,111208,21566,-2916.89734839725,13168.4303412122,8750.1588072444,1696.87364971075,132774,297218.042452271,23615.4627981673
"Iowa",2020,646.072944743935,356.142292490118,110038,146285.884389873,0,0,0,9635.25250909302,0,0,0,111040.215237234,9635.25250909302
"Iowa",2021,1342.63962751038,960.027995758218,115559,143358.72852184,0,1,0,10960.1298135254,0,0.0764524764312183,1,117861.667623269,10960.2062660018
"Iowa",2022,2128.78754793007,1099.0505143559,109391,140706.31559934,1,3,0,10839.8094770062,0.0770385425191041,0.231115627557312,4,112618.838062286,10840.1176311763
"Iowa",2023,3070.50189188014,1532.23970998327,117143,138228.788298159,3,6,0,11572.9714804256,0.251169925373202,0.502339850746404,9,121745.741601863,11573.7249902017
"Iowa",2024,3464.86495890054,1763.89682097044,115028,135945.727580394,8,11,0,12296.7543993926,0.723627266160057,0.994987490970078,19,120256.761779871,12298.4730141497
"Iowa",2025,11464.1268052413,2533.37787724251,128380.699661421,133808.974796994,16,20,8533.22954691119,10528.4671903843,1.25892508556858,1.57365635696072,36,142378.204343905,10531.2997718268
"Iowa",2026,15065.22453464,3317.41162373502,122113.225909205,131887.632520669,33,42,8533.22954691154,10377.2905660325,2.59653298898519,3.30467834961752,75,140495.86206758,10383.1917773711
"Iowa",2027,19719.795639851,4778.42406145809,114271.301106764,130100.291261162,59,77,8533.22954691119,10236.6575192785,4.64228625303413,6.05857697429878,136,138769.520808073,10247.3583825058
"Iowa",2028,24478.3746326418,4970.88345871482,107739.560013864,128431.588558309,99,125,8533.22954691119,10105.3592884674,7.78959896695558,9.83535223100452,224,137188.81810522,10122.9842396653
"Iowa",2029,29064.2078346885,6384.10886217591,100295.465639487,126872.55278944,154,184,8533.22954691154,9982.68996104685,12.1171539485976,14.4776384840386,338,135743.782336352,10009.2847534795
"Iowa",2030,33776.7980256789,7125.65211364269,93545.1988457975,125403.419438208,254,257,8533.22954691119,9867.09440917739,19.9854357334012,20.2214841869453,511,134447.648985119,9907.30132909773
"Iowa",2031,36959.701614427,8351.20899988445,81148.2355780409,124010.140776878,379,325,1745.00541547427,9757.46731805641,29.8207879644057,25.5719158006117,704,126459.146192352,9812.86002182143
"Iowa",2032,41380.5551758134,9802.86133163783,74150.4619702269,122654.873062204,545,389,1745.00541547462,9650.83103532736,42.8821357271797,30.6076161428861,934,125333.878477678,9724.32078719742
"Iowa",2033,48501.2894211464,10782.6579866707,65117.2531617891,121341.195154132,815,500,1745.00541547427,9547.46715577556,64.1264965461495,39.3414089240181,1315,124401.200569606,9650.93506124573
"Iowa",2034,52194.9853205658,11053.2844146271,60386.7792922925,120046.043612011,1211,633,1745.00541547427,9445.56098290127,95.2848924139718,49.8062236978069,1844,123635.049027485,9590.65209901305
"Iowa",2035,55488.2168990905,11111.1137289873,56511.963435949,118766.288648553,1778,822,1745.00541547427,9344.86625622134,139.898050133808,64.6772762710857,2600,123111.294064027,9549.44158262624
"Iowa",2036,58474.2274071236,11076.9944949359,53254.7812256533,117480.997712238,2529,1051,1745.00541547462,9243.73594359758,198.988846337683,82.695641558286,3580,122806.003127713,9525.42043149355
"Iowa",2037,61360.4121555133,11018.2960521614,50854.9940472922,116159.696839493,3959,1370,1745.00541547427,9139.7722677049,311.505275860375,107.79546045181,5329,123233.702254967,9559.07300401708
"Iowa",2038,64156.366884818,10939.0864296076,49105.5742605622,114764.022159514,5911,1781,1745.00541547427,9029.95665108499,465.094136299742,140.134098587352,7692,124201.027574988,9635.18488597208
"Iowa",2039,66989.918975794,10899.0314164211,47919.9784890273,113247.923465768,8500,2316,1745.00541547462,8910.66573372535,668.803951708307,182.229406136052,10816,125808.928881242,9761.69909156971
"Iowa",2040,69840.7302404883,10871.187229441,47193.8792151147,111561.79126957,11688,2911,1745.00541547427,8777.99610126419,919.644775007846,229.045682755633,14599,127905.796685044,9926.68655902767
"Iowa",2041,71113.0777924979,10625.0107320306,45691.0020601491,109678.340228425,15372,3626,-1247.24964374753,8629.80086606811,1209.51227596001,285.303897516979,18998,127429.090584678,10124.6170395451
"Iowa",2042,74018.0793763679,10643.5040533315,45442.1194993611,107526.952572808,19419,4405,-1247.24964374718,8460.52362304064,1527.94163979101,346.597812620599,23824,130103.70292906,10335.0630754523
"Iowa",2043,76689.2911745775,10653.5891624516,45341.2971715065,105081.427152283,23598,5252,-1247.24964374753,8268.10279183477,1856.75713557796,413.242159337886,28850,132684.177508536,10538.1020867506
"Iowa",2044,79233.7262354212,10655.1991561059,45242.2664485842,102329.441483859,27877,6172,-1247.24964374753,8051.56880476574,2193.4409131497,485.630351758079,34049,135131.191840111,10730.6400696735
"Iowa",2045,81680.6318463915,10659.4180065024,45176.2992243876,99283.5987210289,32360,7120,-1247.24964374753,7811.91331346423,2546.17598556245,560.221663078017,39480,137516.349077281,10918.3109621047
"Iowa",2046,83904.9163990625,10632.0437681951,45039.474333597,95975.6841446019,36818,8030,-1247.24964374718,7551.63727339036,2896.94398752899,631.82302731973,44848,139576.434500855,11080.4042882391
"Iowa",2047,85878.2364827217,10588.4503816137,44800.567412683,92446.5039207659,41223,8845,-1247.24964374753,7273.95142868538,3243.54180014959,695.94952386588,50068,141267.254277018,11213.4427527009
"Iowa",2048,87612.6857155027,10515.4684685728,44403.3749502893,88763.7787781124,45479,9536,-1247.24964374753,6984.18423710159,3578.41587291084,750.319350998873,55015,142531.529134365,11312.9194610113
"Iowa",2049,89060.3643397246,10424.8358820622,43855.7883707903,84992.2382363243,49529,10067,-1247.24964374718,6687.42879964559,3897.08128519538,792.09992727618,59596,143340.988592577,11376.6100121172
"Iowa",2050,90141.8566069865,10291.0534217686,43261.2812099611,81206.4408824637,53297,10438,-1247.24964374753,6389.55159604221,4193.55814284678,821.291252697801,63735,143694.191238716,11404.4009915868
"Kansas",2020,870.793969002696,328.74673152934,95698,128949.995037236,0,0,0,8493.40842701341,0,0,0,96897.540700532,8493.40842701341
"Kansas",2021,1632.94008751262,880.025662778367,98841,127084.268711048,1,1,0,9715.90705840998,0.0764524764312183,0.0764524764312183,2,101353.965750291,9716.05996336284
"Kansas",2022,2609.48151036589,964.47290035314,93761,125227.203098454,3,2,0,9647.32121044872,0.231115627557312,0.154077085038208,5,97334.954410719,9647.70640316131
"Kansas",2023,3855.18570869395,1406.64629113218,99877,123342.204544689,5,6,0,10326.6174369519,0.41861654228867,0.502339850746404,11,105138.831999826,10327.5383933449
"Kansas",2024,4350.33044839734,1619.31511433352,98074,121473.22992869,12,6,0,10987.6676606162,1.08544089924009,0.542720449620043,18,104043.645562731,10989.2958219651
"Kansas",2025,10619.6004988467,2224.47066783565,111487.548849834,119599.4862955,22,18,4692.13372101589,9410.42459490755,1.7310219926568,1.41629072126465,40,124331.620016516,9413.57190762148
"Kansas",2026,13928.0804925419,2908.78585888458,105736.29049796,117799.023128371,46,36,4692.13372101589,9268.75907948621,3.61940962100966,2.8325814425293,82,122573.156849387,9275.21107054975
"Kansas",2027,18136.8419218758,4167.66044754977,98536.1678237058,116003.536472116,82,63,4692.13372101555,9127.4851299635,6.45199106353896,4.95701752442628,145,120840.670193131,9138.89413855147
"Kansas",2028,22366.0580635145,4309.9480507324,92459.1474342563,114207.019827487,128,108,4692.13372101589,8986.13013805323,10.0714006845486,8.4977443275879,236,119135.153548503,9004.69928306537
"Kansas",2029,26406.424454303,5494.16113901717,85564.4253007162,112411.877173021,204,157,4692.13372101555,8844.88325556061,16.0512948409994,12.3532024021417,361,117465.010894036,8873.28775280375
"Kansas",2030,30490.6254737401,6091.06007063958,79287.2330570453,110615.784880409,336,225,4692.13372101589,8703.56165286278,26.4374267969401,17.7036340158081,561,115868.918601425,8747.70271367553
"Kansas",2031,32744.2915774504,7009.1465715692,67664.2371588375,108827.295999364,477,284,-2170.62069150661,8562.83830801225,37.5317041135132,22.3459202688423,761,107417.675307857,8622.7159323946
"Kansas",2032,36323.3003022146,8175.83167316447,61397.6813474249,107037.43401431,685,345,-2170.62069150627,8422.00692346916,53.8977302259048,27.1455721575725,1030,105896.813322804,8503.05022585264
"Kansas",2033,42033.2667723159,8905.52452385394,53592.6960306315,105281.108018308,979,442,-2170.62069150661,8283.81424504394,77.0304786732274,34.777805488832,1421,104531.487326801,8395.622529206
"Kansas",2034,44969.6359516216,9085.33247942473,49312.4911125034,103569.080235056,1406,563,-2170.62069150661,8149.10707482357,110.628041894339,44.2984264484443,1969,103367.45954355,8304.03354316636
"Kansas",2035,47578.1241165874,9087.2715214215,45841.2037156068,101925.220045122,2017,735,-2170.62069150661,8019.76352293136,158.703243599489,57.8318711183066,2752,102506.599353616,8236.29863764916
"Kansas",2036,50037.5277477332,9039.9683163547,42845.6158563087,100352.732611903,2798,943,-2170.62069150627,7896.03578065503,220.154524338805,74.1978972306981,3741,101923.111920397,8190.38820222453
"Kansas",2037,52316.4346194065,8954.19611339159,40748.4537688922,98837.7051931968,4134,1218,-2170.62069150661,7776.8291542342,325.274768983781,95.835672138908,5352,102019.08450169,8197.93959535689
"Kansas",2038,54565.3555055333,8861.88385146071,39250.0814050296,97350.9414535302,5919,1578,-2170.62069150661,7659.84639372295,465.723598842526,124.161486564201,7497,102677.320762024,8249.73147912968
"Kansas",2039,56890.9625364593,8801.41986597198,38252.407792094,95847.4108860315,8228,2040,-2170.62069150627,7541.54437195149,647.402225253641,160.512948409994,10268,103944.790194525,8349.45954561513
"Kansas",2040,58908.4945421974,8745.74461265601,38042.0281357683,94271.8879821283,11047,2548,-2170.62069150661,7417.57779028827,869.209088767255,200.483819876796,13595,105696.267290622,8487.27069893232
"Kansas",2041,59842.966642042,8544.06608417191,36975.4056232235,92574.3210490168,14275,3158,-4644.88269957938,7284.00844050541,1123.19722478072,248.480338764098,17433,105362.438349437,8655.68600405022
"Kansas",2042,62474.363641407,8585.24883735462,36598.314279393,90687.8094577336,17811,3804,-4644.88269957904,7135.57239260027,1401.41966869137,299.30943909393,21615,107657.926758155,8836.30150038557
"Kansas",2043,65293.7130784468,8641.13071383293,35902.7902787049,88570.516770564,21408,4504,-4644.88269957938,6968.97783776472,1684.44176449076,354.387411587555,25912,109837.634070985,9007.80701384303
"Kansas",2044,67598.0429064084,8658.37401270153,35612.4635653082,86193.7631839972,25062,5258,-4644.88269957904,6781.96816824322,1971.94878090748,413.714256244974,30320,111868.880484418,9167.63120539567
"Kansas",2045,69425.2375052412,8649.6202081114,35665.2748586355,83558.0152715674,28812,6015,-4644.88269957938,6574.58009535616,2267.00934783762,473.277149355937,34827,113740.132571988,9314.86659254972
"Kansas",2046,71014.1758423803,8612.25121403467,35659.2157438478,80683.5254998421,32512,6735,-4644.88269957938,6348.40714024146,2558.13577387535,529.928778206523,39247,115285.642800263,9436.47169232333
"Kansas",2047,72452.8242549085,8563.94881457924,35418.8567418885,77600.5125109553,36106,7374,-4644.88269957904,6105.82699081374,2840.92182122119,580.207098811419,43480,116435.629811376,9526.95591084635
"Kansas",2048,73668.2068864506,8488.76925210706,35030.6079219388,74367.4667600758,39565,7900,-4644.88269957938,5851.44184090293,3113.08568815755,621.594260999486,47465,117187.584060496,9586.12179005996
"Kansas",2049,74578.3782907557,8394.17132483239,34543.6002925463,71042.0326077135,42824,8295,-4644.88269957904,5589.78731122696,3369.5129915243,652.67397404946,51119,117516.149908134,9611.97427680072
"Kansas",2050,75178.5204343432,8265.6779079833,34025.8544021584,67692.9354440643,45860,8562,-4644.88269957938,5326.27090914418,3608.39402651094,673.682286414886,54422,117470.052744485,9608.34722207
"Kentucky",2020,730.343328840971,287.653390088173,149927,202003.066101286,0,0,0,13305.1152379788,0,0,0,150944.996718929,13305.1152379788
"Kentucky",2021,1524.07741501178,826.690774125133,156209,199590.22314523,0,1,0,15259.1668309123,0,0.0764524764312183,1,158559.768189137,15259.2432833887
"Kentucky",2022,2609.48151036589,986.902502686934,145772,197031.804566346,1,1,0,15179.0430537002,0.0770385425191041,0.0770385425191041,2,149368.384013053,15179.1971307852
"Kentucky",2023,3957.53577175662,1406.64629113218,156729,194270.312478496,3,4,0,16264.9532958175,0.251169925373202,0.334893233830936,7,162093.182062889,16265.5393589767
"Kentucky",2024,4465.82594702736,1619.31511433352,153899,191409.101696491,9,6,0,17313.605622348,0.814080674430064,0.542720449620043,15,159984.141061361,17314.962423472
"Kentucky",2025,15607.3556904169,3477.55006790919,178839.48640459,188435.019693502,19,15,9455.37246941474,14826.5983307349,1.49497353911269,1.18024226772054,34,197924.392162917,14829.2735465417
"Kentucky",2026,20484.2227221021,4552.04949380046,170011.808753298,185514.708499786,43,35,9455.37246941474,14596.8200170202,3.38336116746555,2.75389862468126,78,195048.0809692,14602.9572768123
"Kentucky",2027,26806.7165657451,6553.73433007674,158784.528956027,182557.607382434,72,60,9455.37246941474,14364.1469684454,5.6651628850586,4.72096907088217,132,192144.979851849,14374.5331004013
"Kentucky",2028,33230.073323943,6814.21360828423,149211.870451021,179582.784913835,121,97,9455.37246941405,14130.0795540183,9.52062095961237,7.63223333125951,218,189256.157383249,14147.2324083092
"Kentucky",2029,39316.7666384128,8709.86437068627,138383.034063912,176620.292603597,190,144,9455.37246941474,13896.9823111956,14.9497353911269,11.3303257701172,334,186409.665073011,13923.2623723569
"Kentucky",2030,45329.7043383395,9652.93530512094,128675.468438437,173688.735612482,307,207,9455.37246941474,13666.3191464527,24.1556250793471,16.2873432945435,514,183658.108081897,13706.7621148265
"Kentucky",2031,49015.1425078036,11180.506824825,110786.915423009,170818.226303594,466,269,-570.66154795622,13440.4593853703,36.6661931171848,21.1656780011217,735,170982.564755638,13498.2912564886
"Kentucky",2032,54527.1299353849,13056.3218515676,100848.181843837,168004.295178746,671,327,-570.661547956908,13219.051355237,52.7961707760323,25.7292814363078,998,168431.633630789,13297.5768074493
"Kentucky",2033,63855.2569518522,14345.0331326814,87971.1697031753,165302.121335665,1002,438,-570.66154795622,13006.4367029481,78.8401834837322,34.4630742174398,1440,166171.459787709,13119.7399606493
"Kentucky",2034,68446.6649413104,14658.0718983776,81134.6048988913,162722.003286536,1514,574,-570.66154795622,12803.425744462,119.125786221927,45.1639374447727,2088,164239.341738579,12967.7154681287
"Kentucky",2035,72424.1568820963,14671.780855958,75668.0699352775,160294.669221289,2259,781,-570.661547956908,12612.4362603499,177.744485518714,61.4512807393162,3040,162764.007673332,12851.6320266079
"Kentucky",2036,76086.49255671,14598.2981467702,71052.4747431731,158014.92699461,3246,1047,-570.66154795622,12433.0597179876,255.404426734725,82.3809102868938,4293,161737.265446653,12770.8450550092
"Kentucky",2037,79827.7445221188,14509.8147319917,67620.3485295964,155850.569331663,5197,1481,-570.66154795622,12262.761958236,408.914604356244,116.529253232942,6678,161957.907783707,12788.2058158252
"Kentucky",2038,83484.4472107222,14399.701867492,65200.3138998953,153745.124526066,7857,2053,-570.66154795622,12097.0996281081,618.21089983202,161.535825042018,9910,163084.46297811,12876.8463529821
"Kentucky",2039,87265.6508564281,14335.5113024019,63667.0573127094,151619.881019496,11384,2835,-570.661547956908,11929.8794803979,895.725198382043,223.065788599182,14219,165268.219471539,13048.6704673792
"Kentucky",2040,91194.2247902258,14318.3757473915,62738.6277424536,149381.889828027,15729,3711,-570.66154795622,11753.7880271341,1237.60204193176,291.991937034062,19440,168251.228280071,13283.3820060999
"Kentucky",2041,93185.3811450813,14034.4780387795,60620.0625464904,146945.961836256,20711,4749,-4566.04010590491,11562.1223486666,1629.59984045068,373.664701960324,25460,167839.921730351,13565.3868910776
"Kentucky",2042,97255.2107290323,14097.9116246124,60301.621220486,144200.783680035,26150,5870,-4566.04010590423,11346.1239958403,2057.55568672615,461.868140767972,32020,171654.743574131,13865.5478233344
"Kentucky",2043,100968.523738879,14135.995537491,60151.1108612249,141078.6702435,31692,7051,-4566.04010590491,11100.4673130125,2493.61586323996,554.792548646503,38743,175255.630137595,14148.8757248989
"Kentucky",2044,104441.119117494,14147.4983599721,59970.1564253843,137534.814008754,37295,8295,-4566.04010590423,10821.6267184143,2934.47569164251,652.67397404946,45590,178558.77390285,14408.7763841063
"Kentucky",2045,107648.674614083,14148.6769024024,59867.2542001772,133566.645822567,43108,9556,-4566.04010590491,10509.4000638302,3391.85891179314,751.893007355833,52664,181664.605716662,14653.1519829792
"Kentucky",2046,110462.239537085,14098.6083007483,59659.2160674199,129203.104011158,48841,10742,-4566.04010590491,10166.0642983108,3842.94750651593,845.210829323604,59583,184220.063905253,14854.2226341503
"Kentucky",2047,112860.78727748,14019.3085128468,59310.1470824215,124493.282978653,54454,11809,-4566.04010590423,9795.48230791335,4284.59416309696,929.165395967459,66263,186190.242872748,15009.2418669778
"Kentucky",2048,114889.31025259,13898.6106011793,58725.2833745973,119528.244334272,59863,12688,-4566.04010590491,9404.81907664905,4710.18952483699,998.327592855883,72551,187513.204228367,15113.3361943419
"Kentucky",2049,116502.27354291,13749.3053501183,57920.6246236157,114401.243622548,64979,13358,-4566.04010590423,9001.41221354178,5112.73082094754,1051.04508081407,78337,188172.203516644,15165.1881153034
"Kentucky",2050,117680.380283513,13544.8290960864,57023.5830276855,109220.83251319,69771,13823,-4566.04010590491,8593.80286984615,5489.77888407533,1087.6325911134,83594,188248.792407285,15171.2143450349
"Louisiana",2020,561.8025606469,164.37336576467,138110,155559.121267396,0,0,0,10246.0426701822,0,0,0,138836.175926412,10246.0426701822
"Louisiana",2021,1161.20184000898,533.348886532343,144509,156109.245240812,0,0,0,11934.9383924685,0,0,0,146203.550726541,11934.9383924685
"Louisiana",2022,2025.78169883668,650.458467680024,135803,156797.169721379,1,1,0,12079.4254264556,0.0770385425191041,0.0770385425191041,2,138479.240166517,12079.5795035407
"Louisiana",2023,2797.56839037968,1004.7473508087,143267,157511.5865738,3,1,0,13187.3911483853,0.251169925373202,0.083723308457734,4,147069.315741188,13187.7260416192
"Louisiana",2024,3156.87696255382,1156.65365309537,140680,158275.684589831,7,4,0,14316.5751174189,0.63317385789005,0.361813633080029,11,144993.530615649,14317.5701049099
"Louisiana",2025,13017.302318099,2932.36033954132,149347.291549849,159030.116276869,12,6,6248.83793061978,12512.9376713649,0.944193814176434,0.472096907088217,18,165296.954207489,12514.3539620862
"Louisiana",2026,17503.8920451297,3936.70761370769,144667.208855272,159809.97058349,30,19,6248.83793061978,12574.2988057207,2.36048453544108,1.49497353911269,49,166107.808514109,12578.1542637953
"Louisiana",2027,23316.429302249,5772.53792957577,137783.372311391,160529.501612595,59,35,6248.83793062039,12630.9135346199,4.64228625303413,2.75389862468126,94,166872.339543216,12638.3097194976
"Louisiana",2028,29404.9300695688,6108.68447323682,132028.380849417,161137.157461603,99,57,6248.83793061978,12678.7256091016,7.78959896695558,4.48492061733806,156,167541.995392223,12691.0001286859
"Louisiana",2029,35454.3265801629,7968.74479463299,124650.102286654,161582.335730829,153,89,6248.83793062039,12713.753489769,12.0384711307495,7.00277078847522,242,168073.173661449,12732.7947316883
"Louisiana",2030,41745.2811909546,9013.18571168338,117662.821408094,161798.450380113,247,127,6248.83793061978,12730.7579993529,19.4346560084649,9.99271786670059,374,168421.288310732,12760.1853732281
"Louisiana",2031,45714.7206066382,10575.1472537043,102170.964706102,161729.085945362,372,165,-3805.25337891773,12725.3002101683,29.2700082394694,12.982664944926,537,158460.832566444,12767.5528833527
"Louisiana",2032,51634.5084145449,12521.3739604121,94086.0711370578,161293.206890933,540,214,-3805.25337891773,12691.0040179248,42.4887216379395,16.8381230194797,754,158241.953512015,12750.3308625823
"Louisiana",2033,60966.9104406542,13869.4096998758,82939.7449157047,160485.318435152,806,290,-3805.25337891773,12627.4370777172,63.4183511855171,22.8180171759305,1096,157776.065056235,12713.6734460786
"Louisiana",2034,65701.1526524198,14240.9618529515,77149.114485766,159282.482370055,1216,398,-3805.25337891773,12532.7945467061,95.678306503212,31.3157615035184,1614,157091.228991137,12659.7886147128
"Louisiana",2035,69766.6030695188,14303.7052698446,72205.2098457902,157710.771564071,1813,557,-3805.25337891711,12409.127911649,142.65194875849,43.8263295413561,2370,156275.518185154,12595.6061899489
"Louisiana",2036,73291.311661758,14227.4956642974,67851.1946910838,155793.255396057,2609,773,-3805.25337891773,12258.2523362805,205.283471765526,60.8218181965319,3382,155370.002017139,12524.3576262426
"Louisiana",2037,76632.4159454456,14095.381296505,64429.5401935841,153556.590814452,4256,1150,-3805.25337891773,12082.265264419,334.874072761242,90.4852405252416,5406,155157.337435535,12507.6245777055
"Louisiana",2038,79706.9926048909,13911.8980932561,61830.4189095164,151026.562986581,6559,1669,-3805.25337891773,11883.1955456881,516.080602265269,131.321622988372,8228,155449.309607663,12530.5977709418
"Louisiana",2039,82709.9809421946,13746.9365594953,60009.5467583046,148221.717638912,9672,2378,-3805.25337891773,11662.5024101056,761.020214226206,187.10774084263,12050,156466.464259995,12610.6303651744
"Louisiana",2040,85735.1028009585,13624.0510830511,58759.3951820579,145151.802444985,13576,3196,-3805.25337891773,11420.9528320929,1068.19793510494,251.470285842324,16772,158118.549066068,12740.6210530402
"Louisiana",2041,86922.8649595978,13264.3278474084,56649.1125258418,141831.076770707,18155,4184,-7333.77143785947,11159.6687787404,1428.4865580311,329.208909876183,22339,156836.305332848,12917.3642466477
"Louisiana",2042,90213.786770162,13247.6527052955,55955.060429307,138236.271342624,23259,5255,-7333.77143785947,10876.8193580434,1830.08366032747,413.47820779143,28514,159416.499904764,13120.3812261623
"Louisiana",2043,93155.8313637665,13219.0970994868,55646.8059271609,134367.505828274,28564,6424,-7333.77143785947,10572.413985781,2247.4960090113,505.458421855784,34988,162021.734390414,13325.3684166481
"Louisiana",2044,96081.001189272,13192.9901960692,55341.0299722752,130229.792795476,34052,7667,-7333.77143785947,10246.8470649139,2679.30731336133,603.261164440893,41719,164615.021357616,13529.4155427161
"Louisiana",2045,98834.2894277684,13175.8474495359,55274.1793105529,125843.087625717,39834,8941,-7333.77143785947,9901.68874108871,3134.25136615867,703.503074379291,48775,167284.316187857,13739.4431816267
"Louisiana",2046,101511.658976209,13136.9593823443,55025.8399909027,121242.229787315,45607,10159,-7333.77143785947,9539.68028184505,3588.48727359538,799.338746518199,55766,169674.458349456,13927.5063019586
"Louisiana",2047,103864.477127929,13080.2507021698,54735.7841458496,116469.283413808,51283,11262,-7333.77143785947,9164.13141173997,4035.09094770084,886.125894604583,62545,171680.511975949,14085.3482540454
"Louisiana",2048,105955.243353357,12989.46524825,54228.187825216,111588.667864683,56743,12175,-7333.77143785947,8780.11082750185,4464.69913315112,957.96330729984,68918,173172.896426823,14202.7732679528
"Louisiana",2049,107628.602250673,12872.5752322387,53562.4607998731,106664.409720644,61860,12873,-7333.77143785947,8392.65632091776,4867.31911207952,1012.88391415777,74733,174063.638282785,14272.859347155
"Louisiana",2050,108898.571642398,12700.3079611902,52754.4516208609,101771.102662309,66561,13355,-7333.77143785947,8007.63713297222,5237.20703878313,1050.80903236052,79916,174353.331224449,14295.6532041159
"Maine",2020,533.712432614555,383.537853450897,46211,45443.3159824452,0,0,0,2993.16524056694,0,0,0,47128.2502860654,2993.16524056694
"Maine",2021,1088.62672500841,1120.03266171792,48143,47205.9069246398,0,1,0,3609.00848657031,0,0.0764524764312183,1,50351.6593867263,3609.08493904674
"Maine",2022,1716.76415155651,1278.48733302625,44992,48845.8850387441,0,2,0,3763.01579144055,0,0.154077085038208,2,47987.2514845828,3763.16986852559
"Maine",2023,2524.63488887922,1909.01996653653,48147,50312.7229664425,1,6,0,4212.34762426798,0.083723308457734,0.502339850746404,7,52580.6548554158,4212.93368742718
"Maine",2024,2848.88896620711,2197.6419408812,47278,51607.4312999017,4,7,0,4668.06805313636,0.361813633080029,0.63317385789005,11,52324.5309070883,4669.06304062733
"Maine",2025,4630.19260486237,933.38317546796,49126.5577566792,52703.7320913683,9,19,1958.40144564127,4146.87815205683,0.708145360632325,1.49497353911269,28,54690.1335370096,4149.08127095657
"Maine",2026,6272.28798672858,1264.34982088319,48097.8456311039,53614.0819930743,26,36,1958.40144564145,4218.50704755074,2.04575326404894,2.8325814425293,62,55634.4834387157,4223.38538225731
"Maine",2027,8434.35300141328,1871.8862200413,46086.2733378659,54325.111113679,44,65,1958.40144564145,4274.45282233193,3.46204398531359,5.11438316012235,109,56392.5125593205,4283.02924947737
"Maine",2028,10693.7372819069,1996.33013520913,44283.0801487746,54838.7461202492,71,105,1958.40144564145,4314.86707199426,5.58648006721057,8.2616958740438,176,56973.1475658906,4328.71524793552
"Maine",2029,12903.6080865075,2610.59252099827,41875.2731198983,55164.0722817628,110,157,1958.40144564127,4340.46465110184,8.65510996328398,12.3532024021417,267,57389.4737274041,4361.47296346727
"Maine",2030,15196.6610449355,2955.33838130783,39517.5404818456,55309.1384624475,175,227,1958.40144564145,4351.87886697257,13.7694931234063,17.8609996515042,402,57669.539908089,4383.50935974748
"Maine",2031,16607.3292207828,3460.46863489144,34295.1423191266,55285.8083301281,253,286,-1461.86815532732,4350.04318642091,19.9067529155531,22.5032859045383,539,54362.9401748008,4392.453225241
"Maine",2032,18737.7362842649,4096.06158799021,31520.4739388309,55095.1399664134,369,352,-1461.86815532749,4335.04086228936,29.0339597859253,27.6963518825087,721,54354.2718110859,4391.7711739578
"Maine",2033,22097.3529105295,4531.6780540243,27678.8070549244,54757.7061748055,546,466,-1461.86815532732,4308.49062072851,42.9608185450277,36.6661931171848,1012,54307.8380194782,4388.11763239072
"Maine",2034,23889.0257691987,4661.90307132795,25670.5899583031,54281.386954157,799,603,-1461.86815532732,4271.0124822527,62.8675714605809,47.4457391623658,1402,54221.5187988297,4381.32579287565
"Maine",2035,25451.4126350186,4698.76617052683,24026.6806245495,53683.7275854225,1161,794,-1461.86815532749,4223.98695900739,91.35075152157,62.4741573713407,1955,54176.859430095,4377.8118679003
"Maine",2036,26770.6902177807,4688.55586829832,22688.7552417532,52975.8694831595,1609,1025,-1461.86815532732,4168.29068888478,126.60065391749,80.649888294237,2634,54148.0013278322,4375.54123109651
"Maine",2037,27719.5180268044,4621.32861278431,21787.8736792977,52166.5884742138,2245,1179,-1461.86815532732,4104.61417867002,176.642926068841,92.7670422428346,3424,54128.7203188865,4374.0241469817
"Maine",2038,28764.4957862474,4562.27672491953,20868.1397583596,51262.7804248539,3071,1323,-1461.86815532732,4033.50001455265,241.634933611319,104.097368012952,4394,54194.9122695266,4379.23231617692
"Maine",2039,29747.0058772839,4501.78070509309,20161.486489062,50267.1412267665,4128,1477,-1461.86815532749,3955.16031688718,324.802672076693,116.214521961549,5605,54410.273071439,4396.17751092542
"Maine",2040,30710.1642940561,4451.47788000886,19595.4503662702,49180.9606956624,5427,1611,-1461.86815532732,3869.69657200823,427.011652461292,126.758019553186,7038,54757.0925403351,4423.46624402271
"Maine",2041,31026.7897612864,4323.83240461467,18760.3845068243,48004.9549439239,6956,1786,-2635.9482711985,3777.16512565595,547.317680950939,140.527512676593,8742,54111.0066727254,4465.01031928348
"Maine",2042,31987.4162492247,4301.38516927769,18498.7135260795,46735.4632157804,8691,1997,-2635.9482711985,3677.27793925084,683.832369917282,157.129587242528,10688,54787.5149445819,4518.23989641065
"Maine",2043,32929.5003490609,4284.4146405115,18316.9825401661,45374.8458009371,10520,2272,-2635.94827119867,3570.22072703786,827.74324376134,178.767362150738,12792,55530.8975297384,4576.73133294994
"Maine",2044,33901.7051380048,4274.404812073,18179.4993413412,43926.5575626175,12456,2609,-2635.9482711985,3456.26532739071,980.073179115138,205.283471765526,15065,56355.609291419,4641.62197827137
"Maine",2045,34901.3330849675,4276.33650673578,18089.1571283609,42398.7749912627,14518,2986,-2635.9482711985,3336.05508961739,1142.31714951779,234.946894094236,17504,57266.8267200642,4713.31913322942
"Maine",2046,35842.8362414174,4267.67947336497,18009.3238108577,40804.7877968386,16591,3360,-2635.9482711985,3210.63568554642,1305.42663091677,264.374267969401,19951,58119.8395256401,4780.43658443259
"Maine",2047,36691.3105409587,4258.88903464489,17920.3353568658,39160.4832036679,18645,3701,-2635.9482711985,3081.25716675528,1467.04113877663,291.205108855582,22346,58870.5349324694,4839.50341438749
"Maine",2048,37462.4776352159,4238.08153767182,17769.2028473372,37487.7102914236,20623,3995,-2635.94827119867,2949.63868040003,1622.67575248005,314.337857302904,24618,59469.7620202249,4886.65229018299
"Maine",2049,38085.0482751528,4207.39917998001,17561.5650196064,35808.9607459378,22463,4218,-2635.9482711985,2817.5499357001,1767.45213732044,331.884125683016,26681,59854.0124747392,4916.88619870355
"Maine",2050,38564.2355614384,4158.83293839402,17305.4754498102,34147.492220841,24145,4372,-2635.9482711985,2686.82091037967,1899.79663694083,344.001279631614,28517,60028.5439496426,4930.61882695211
"Maryland",2020,5056.2230458221,1630.03587716631,191581,203453.396202411,6,6,0,13400.6425460588,0.395195444151549,0.395195444151549,12,198267.258922988,13401.4329369471
"Maryland",2021,9289.61472007181,4586.80042417815,203024,206178.449494623,15,11,0,15762.8530506128,1.14678714646827,0.840977240743401,26,216900.41514425,15764.840815
"Maryland",2022,15828.565477351,5136.37893443881,192403,209241.412889406,25,20,0,16119.6534836379,1.9259635629776,1.54077085038208,45,213367.94441179,16123.1202180513
"Maryland",2023,24598.1318227286,7862.14802007808,202388,212410.588247211,42,32,0,17783.71719951,3.51637895522483,2.67914587064749,74,234848.279842807,17789.9127243359
"Maryland",2024,27757.4181707476,9050.81483547128,198733,215641.700998987,75,53,0,19505.5268205001,6.78400562025053,4.79403063831038,128,235541.233006219,19517.1048567587
"Maryland",2025,27103.185599913,5399.64616812697,208415.294220303,218781.079176319,121,84,21932.0468120247,17214.311801427,9.52062095961237,6.60935669923504,205,240918.125988343,17230.4417790859
"Maryland",2026,35844.0655258615,7193.27245509689,201136.461056061,221807.752224994,243,191,21932.0468120254,17452.4589656016,19.1199247370728,15.0284182089749,434,244173.79903702,17486.6073085476
"Maryland",2027,39059.8611619732,8656.73582497692,199503.60778219,224545.157957114,423,320,21932.0468120254,17667.8457621981,33.2828319497193,25.1785017113716,743,247220.20476914,17726.3070958592
"Maryland",2028,49054.6088563529,9153.35628608796,191831.869752573,226915.788082989,668,524,21932.0468120254,17854.3736205774,52.5601223224881,41.2297965523709,1192,250039.834895014,17948.1635394522
"Maryland",2029,59011.4130924264,11948.696220055,181555.67080468,228799.733305136,1006,778,21932.0468120254,18002.6077393273,79.1549147551244,61.2152322857721,1784,252515.780117162,18142.9778863682
"Maryland",2030,69626.4457944115,13565.5309405381,171518.530858474,230098.460781398,1597,1083,21932.0468120254,18104.7952767762,125.656460103314,85.2134917294231,2680,254710.507593424,18315.665228609
"Maryland",2031,78320.6384977896,16362.5005611673,152626.857779391,230745.719943442,2336,1341,12887.2768949066,18155.7234515238,183.803062493012,105.513658734216,3677,247309.996838348,18445.040172751
"Maryland",2032,88177.5932807498,19379.1818633083,140890.711612156,230667.209861308,3277,1616,12887.2768949059,18149.546057032,257.843594088014,127.151433642426,4893,248447.486756214,18534.5410847625
"Maryland",2033,103917.633200732,21491.2826226531,124102.289394142,229881.928322621,4666,2076,12887.2768949066,18087.7578927641,367.134028078937,163.345529852523,6742,249511.205217528,18618.2374506956
"Maryland",2034,113029.114736923,22281.4622316496,115311.049420486,228393.349494153,6713,2628,12887.2768949066,17970.6323159513,528.197756213867,206.778445304639,9341,250621.626389059,18705.6085174698
"Maryland",2035,121777.110934651,22667.0781858453,107777.336386055,226277.248611644,9641,3416,12887.2768949066,17804.1315356648,758.581046872916,268.780505768891,13057,252221.525506551,18831.4930883066
"Maryland",2036,129046.503828292,22772.5919703745,102171.576510144,223597.395413905,13152,4354,12887.2768949059,17593.2731346476,1034.83642033737,342.584988910349,17506,253990.672308811,18970.6945438953
"Maryland",2037,134786.903377963,22617.4640946229,97962.7084647523,220419.799042432,16939,5121,12887.2768949066,17343.2508981564,1332.80825152788,402.934710199793,22060,255367.075937338,19078.9938598841
"Maryland",2038,140268.638215914,22399.2894715785,94306.919712455,216799.570505041,21365,5923,12887.2768949066,17058.4011155806,1681.05840332329,466.038330113918,27288,256974.847399948,19205.4978490178
"Maryland",2039,145446.151216897,22126.9559314698,90802.450844864,212773.281098325,26008,6707,12887.2768949059,16741.6013195885,2046.38272659172,527.725659306778,32715,258375.557993231,19315.709705487
"Maryland",2040,149754.838908688,21815.7946138724,88356.2794694215,208359.636097076,31238,7442,12887.2768949066,16394.3232939093,2457.89386393695,585.557530425085,38680,259926.912991982,19437.7746882713
"Maryland",2041,150541.015179053,21104.3292377068,85089.3274345148,203587.361752562,37140,8324,7683.31009871283,16018.8273009391,2922.27985487606,654.955775767053,45464,256734.671851275,19596.0629315822
"Maryland",2042,154328.401016387,20898.6933425288,84102.8019953813,198428.586255583,43866,9352,7683.31009871348,15612.9203081914,3451.50048772195,735.841712514834,53218,259329.896354297,19800.2625084282
"Maryland",2043,158544.277823569,20784.7599337363,83254.6300967081,192891.3577553,51345,10664,7683.31009871283,15177.2355667207,4039.96928240742,839.073569531457,62009,262583.667854013,20056.2784186595
"Maryland",2044,163066.940228044,20726.3007351684,82699.3753102184,186986.306174718,59570,12253,7683.31009871283,14712.6094688225,4687.13545920751,964.100567091987,71823,266492.616273431,20363.845495122
"Maryland",2045,167921.298352099,20742.9778760863,82553.4416183958,180745.407747868,68754,14035,7683.31009871283,14221.5579946946,5409.75845832388,1104.31334849719,82789,271217.717846581,20735.6298015156
"Maryland",2046,172726.576820262,20750.1498843495,82630.8003507371,174222.216956635,78354,15848,7683.31009871348,13708.29496188,6165.11350966502,1246.96529725568,94202,276107.527055349,21120.3737688007
"Maryland",2047,177364.485957957,20768.5839900595,82754.5197900642,167482.279639368,88166,17556,7683.31009871283,13177.9777016382,6937.14931838995,1381.35555014012,105722,280887.589738081,21496.4825701683
"Maryland",2048,181775.755689488,20754.7175362652,82652.5446267031,160618.707753744,97837,19044,7683.31009871283,12637.9325251748,7698.09084979831,1498.435583098,116881,285183.017852457,21834.4589580711
"Maryland",2049,185564.75625769,20704.8959109206,82407.5040743748,153724.846144272,107048,20221,7683.31009871348,12095.5040678871,8422.83828499657,1591.04525970514,127269,288677.156242985,22109.3876125888
"Maryland",2050,188673.033928339,20567.1966052474,82000.1170953532,146904.037530227,115593,21060,7683.31009871283,11558.8236261319,9095.18296350804,1657.06014387964,136653,291240.347628939,22311.0667335196
"Massachusetts",2020,5898.92688679245,2136.85375494071,217477,189726.428619257,9,6,0,12496.5033709124,0.592793166227324,0.395195444151549,15,225512.780641733,12497.4913595228
"Massachusetts",2021,11067.7050375856,5920.17264050901,222991,195677.237062188,17,14,0,14960.0093546228,1.29969209933071,1.07033467003706,31,239978.877678095,14962.3793813922
"Massachusetts",2022,16961.6298173783,6841.02871180715,210115,202171.962069891,28,22,0,15575.033296092,2.15707919053491,1.69484793542029,50,233917.658529185,15578.8852232179
"Massachusetts",2023,25178.1155134171,11001.9834913553,224087,208940.092073284,51,39,0,17493.1557778389,4.26988873134443,3.26520902985162,90,260267.099004772,17500.6908756001
"Massachusetts",2024,28411.8926629844,12665.3575013943,220040,215925.741557071,85,61,0,19531.2192570658,7.6885397029506,5.51765790447043,146,261117.250164379,19544.4254546732
"Massachusetts",2025,28359.7149630011,5735.0283039436,215297.741720296,222941.484858942,139,98,26214.000128299,17541.6642439268,10.936911680877,7.71091614910754,237,249392.484987241,17560.3120717568
"Massachusetts",2026,37998.1481034142,7736.83701745822,210881.909453136,229911.894445709,275,216,26214.0001282997,18090.1157117686,21.6377749082099,16.9954886551758,491,256616.894574009,18128.748975332
"Massachusetts",2027,40639.737203642,9133.25143663938,213972.641305743,236703.629817724,473,355,26214.0001282997,18624.508588917,37.2169728421211,27.9324003360528,828,263745.629946024,18689.6579620952
"Massachusetts",2028,52302.5266823116,9869.35620577779,208617.9453569,243237.828116689,754,584,26214.0001282997,19138.6377234574,59.3268446574193,45.9507656232531,1338,270789.828244989,19243.9153337381
"Massachusetts",2029,63739.7245160475,13042.7665780826,200818.917769316,249358.408735147,1143,886,26214.000128299,19620.2222533837,89.9344608003053,69.71297661336,2029,277601.408863446,19779.8696907973
"Massachusetts",2030,75769.6536675169,14944.4148679963,193526.496823614,254910.565230827,1834,1282,26214.0001282997,20057.0815715971,144.304287933298,100.871372481182,3116,284240.565359127,20302.2572320116
"Massachusetts",2031,86166.8559844024,18260.3036323287,176100.851053615,259737.401153884,2647,1628,16515.6095164613,20436.8706233134,208.273418843752,128.095627456603,4275,280528.010670346,20773.2396696137
"Massachusetts",2032,98686.1365236589,21988.7635086299,165181.645473085,263634.935988913,3701,2005,16515.6095164613,20743.5396467943,291.205108855582,157.759049785312,5706,285856.545505374,21192.5038054352
"Massachusetts",2033,118640.491636041,24839.4411842505,147402.78743978,266470.110743611,5268,2629,16515.6095164607,20966.6191855855,414.501084423454,206.857128122487,7897,290882.720260071,21587.9773981315
"Massachusetts",2034,130932.95956223,26114.3271964161,138386.931197161,268083.608439345,7462,3373,16515.6095164613,21093.5737308773,587.131186782046,265.397144601426,10835,295434.217955807,21946.1020622607
"Massachusetts",2035,142209.020705971,26819.6603348394,130857.255108053,268412.326632403,10505,4453,16515.6095164613,21119.4382045849,826.56300149362,350.374587877305,14958,299885.936148864,22296.3757939558
"Massachusetts",2036,151482.055055037,27110.4680950556,125193.941456235,267416.855089866,14119,5735,16515.6095164613,21041.1116985306,1110.92270519642,451.245960358487,19854,303786.464606327,22603.2803640855
"Massachusetts",2037,158785.891448712,27014.0245201451,120487.354765462,265112.661217858,18018,6641,16515.6095164613,20859.8112318128,1417.70701198592,522.532593328808,24659,306287.270734319,22800.0508371276
"Massachusetts",2038,164986.198075123,26722.1935511943,116508.873109422,261564.655219279,22643,7494,16515.6095164607,20580.6441221029,1781.61504453308,589.649036953183,30137,308217.26473574,22951.9082035892
"Massachusetts",2039,170293.33800858,26314.1271255926,112515.484199925,256881.339817636,27484,8242,16515.6095164613,20212.1476694305,2162.51856573543,648.503784703514,35726,309122.949334097,23023.1700198694
"Massachusetts",2040,174627.310567318,25844.5387069347,109207.729666506,251200.969424297,33090,8873,16515.6095164613,19765.200120462,2603.61444259152,698.152642765625,41963,309679.578940758,23066.9672058192
"Massachusetts",2041,175098.532395592,24929.8472194913,104528.74215957,244704.513913886,39557,9638,10657.607860767,19254.0406948785,3112.45622561477,758.344998419372,49195,304557.121774653,23124.8419189127
"Massachusetts",2042,178734.050026711,24563.1824800411,102543.380250369,237522.004896355,47058,10603,10657.6078607663,18688.9006461603,3702.65604229288,834.273917642727,57661,305840.612757122,23225.8306060959
"Massachusetts",2043,182544.494806363,24292.3623999633,101132.538118081,229820.787463641,55535,11956,10657.6078607663,18082.9471576939,4369.65028919069,940.73177019112,67491,307969.395324407,23393.3292170757
"Massachusetts",2044,186912.768057047,24119.0554835686,100158.177472752,221749.393152601,65065,13718,10657.607860767,17447.8671093387,5119.49754328247,1079.37089523936,78783,311190.001013368,23646.7355478605
"Massachusetts",2045,191968.042916233,24076.5266393595,99777.1724211996,213444.134116025,75930,15790,10657.607860767,16794.385925383,5974.38635920138,1242.40169382049,91720,315821.741976792,24011.1739784049
"Massachusetts",2046,197368.802097149,24073.7508655278,99759.0262404655,205028.971342376,87540,17975,10657.6078607663,16132.2572057024,6887.89387441708,1414.32365081845,105515,321201.579203143,24434.474730938
"Massachusetts",2047,203010.661213055,24131.088404713,99819.7528426374,196617.894599639,99589,20097,10657.6078607663,15470.4499864478,7835.94314666807,1581.28859029198,119686,326961.502460405,24887.6817234078
"Massachusetts",2048,208675.162055817,24195.8412932443,99718.9200983826,188309.315586677,111637,21986,10657.607860767,14816.7075773949,8783.91373610121,1729.92043320692,133623,332589.923447444,25330.541746703
"Massachusetts",2049,214219.34242226,24247.5242743295,99113.4678671038,180195.726702926,123190,23537,10657.607860767,14178.3075411608,9692.93633069957,1851.95748368923,146727,337580.334563693,25723.2013555496
"Massachusetts",2050,219035.50981698,24203.4553854153,98361.1746177634,172354.531959393,133904,24684,10657.6078607663,13561.3402434444,10535.9440411234,1942.20667576092,158588,341600.139820159,26039.4909603288
"Michigan",2020,2977.55357142857,1712.22256004865,307833,327704.838177478,3,17,0,21584.57651236,0.197597722075775,1.11972042509606,20,312522.776131477,21585.8938305072
"Michigan",2021,6350.32256254908,4586.80042417815,322831,332709.454672927,5,22,0,25436.4617418254,0.382262382156092,1.6819544814868,27,333768.122986727,25438.5259586891
"Michigan",2022,11364.9786833041,5450.39336711193,306247,337252.153958223,13,40,0,25981.41440237,1.00150105274835,3.08154170076416,53,323062.372050416,25985.4974451235
"Michigan",2023,17160.6939068412,7309.5369771333,327569,341117.455029617,25,65,0,28559.4819077618,2.09308271144335,5.44201504975271,90,352039.230883975,28567.017005523
"Michigan",2024,19364.7452702997,8414.65532626882,321654,344416.703880566,42,104,0,31153.664731119,3.7990431473403,9.40715446008074,146,349433.400596568,31166.8709287264
"Michigan",2025,29010.6566799171,6059.64689893965,322239.016772471,347086.953527916,68,158,9996.36682341209,27309.7795418668,5.35043161366646,12.4318852199897,226,357309.320351328,27327.5618587005
"Michigan",2026,38889.79041451,8115.20669832555,312783.844512066,349265.474801489,140,387,9996.36682341209,27481.1917344134,11.0155944987251,30.45025050719,527,359788.841624901,27522.6575794193
"Michigan",2027,51904.8986027311,11934.1778697742,298016.346116988,350970.055766081,242,647,9996.36682341209,27615.3129679577,19.0412419192247,50.9077831476794,889,361855.422589494,27685.2619930246
"Michigan",2028,65559.8281029232,12668.0066465355,285497.000959505,352269.46888555,394,1065,9996.36682341336,27717.5544537462,31.0010302321262,83.7972010081585,1459,363724.835708964,27832.3526849865
"Michigan",2029,78644.7743644544,16457.9077423264,270269.543285051,353246.85856842,611,1518,9996.36682341209,27794.4582281299,48.0752017051501,119.440517493319,2129,365372.225391832,27961.9739473284
"Michigan",2030,92159.6108779776,18543.7333739226,256186.12592838,353942.103356868,981,1970,9996.36682341209,27849.1620471793,77.1878443089234,155.005151160631,2951,366889.47018028,28081.3550426488
"Michigan",2031,100633.857829195,21697.4450847338,222094.961586593,354375.737261685,1455,2284,-13688.4727611642,27883.2815847247,114.483499968893,179.711555964915,3739,344426.264500521,28177.4766406585
"Michigan",2032,114417.388672794,25859.1347190941,205119.591266937,354443.58741999,2121,2520,-13688.4727611642,27888.6202263715,166.886256655685,198.280700977051,4641,345396.114658826,28253.7871840043
"Michigan",2033,135980.702733618,28830.1182206314,181698.126062254,354133.419777669,3188,2876,-13688.4727611642,27864.2153622684,250.840823299539,226.291784130952,6064,346508.947016504,28341.3479696989
"Michigan",2034,147451.176017868,29794.44996031,170522.384489175,353311.483228517,4846,3299,-13688.4727611642,27799.5430784888,381.296935291583,259.574616080671,8145,347768.010467352,28440.4146298611
"Michigan",2035,158918.592638455,30334.7184755582,160089.982756183,351883.766631361,7238,3910,-13688.4727611642,27687.2063135362,569.506235584086,307.649817785821,11148,349343.293870196,28564.3623669061
"Michigan",2036,169121.066915348,30550.6259717869,151277.254208123,349703.419856423,10231,4703,-13688.4727611655,27515.6504853983,805.003909403258,370.045292339314,14934,350948.947095258,28690.6996871408
"Michigan",2037,178431.390058716,30518.4980423355,143730.515998418,346630.876860633,14290,5448,-13688.4727611642,27273.8941445302,1124.37746704844,428.663991636101,19738,352680.404099469,28826.9356032148
"Michigan",2038,186282.828924789,30251.0170448147,138120.870168225,342549.188898993,19467,6327,-13688.4727611642,26952.735434132,1531.71841504772,497.826188524525,25794,354654.716137829,28982.2800377043
"Michigan",2039,193442.440003222,29931.146940238,133746.707875335,337382.76757996,25984,7442,-13688.4727611642,26546.2268465603,2044.49433896337,585.557530425085,33426,357120.294818795,29176.2787159487
"Michigan",2040,199987.746000954,29598.7960542745,130345.201000455,331101.215816848,33894,8625,-13688.4727611642,26051.9766533804,2666.87542814134,678.639303939312,42519,359931.743055684,29397.491385461
"Michigan",2041,200325.902798428,28532.8512945474,126893.949278404,323742.896595689,43128,10121,-21239.1932243091,25473.0033624342,3393.4325681501,796.348799439974,53249,355752.70337138,29662.7847300243
"Michigan",2042,206552.957370995,28324.0208716162,124630.849329394,315338.020796315,53557,11852,-21239.1932243104,24811.6840508767,4214.01567548727,932.548757134924,65409,359507.827572005,29958.2484834989
"Michigan",2043,212179.990829136,28119.1346459443,122944.777820068,305987.096519458,64622,13874,-21239.1932243091,24075.92697929,5084.64105497579,1091.64541482365,78496,363243.903295149,30252.2134490894
"Michigan",2044,217862.892679355,27941.6681528972,121330.694317838,295814.448374399,76356,16204,-21239.1932243091,23275.5143582601,6007.90523960465,1274.97638040958,92560,367135.25515009,30558.3959782743
"Michigan",2045,223372.655248833,27803.119530601,120300.911571009,284978.879574753,89022,18715,-21239.1932243091,22422.9412721177,7004.50181046787,1472.548936026,107737,371476.686350444,30899.9920186116
"Michigan",2046,228549.652971118,27617.3857232803,119359.615914755,273655.847833463,101914,21196,-21239.1932243104,21532.0132281303,8018.88069816476,1667.76100710697,123110,375526.654609153,31218.654933402
"Michigan",2047,233773.130572222,27505.3752454955,117945.651650567,262017.350692593,114940,23506,-21239.1932243091,20616.2634775703,9043.80308345327,1849.51831633594,138446,379224.157468284,31509.5848773595
"Michigan",2048,238470.277016144,27347.0955388277,116503.748351949,250256.31413123,127794,25510,-21239.1932243091,19690.8719801085,10055.1920240719,2007.1986833034,153304,382321.120906921,31753.2626874838
"Michigan",2049,241927.411662453,27114.143040297,115559.301329423,238545.049256484,140182,27113,-21239.1932243104,18769.3966591987,11029.9147715734,2133.3272403138,167295,384600.856032173,31932.6386710859
"Michigan",2050,244581.534412793,26778.3324855953,114533.775202884,227061.835325582,151791,28280,-21239.1932243091,17865.8650291635,11943.3436039713,2225.15008874246,180071,385893.642101272,32034.3587218772
"Minnesota",2020,2921.37331536388,917.751292186074,191604,220441.57565898,3,2,0,14519.5844003363,0.197597722075775,0.131731814717183,5,195443.12460755,14519.9137298731
"Minnesota",2021,5443.13362504207,2373.40254506893,199716,222205.444114149,5,6,0,16988.1564790254,0.382262382156092,0.45871485858731,11,207532.536170111,16988.9974562661
"Minnesota",2022,8343.47377656464,2669.12267772148,182430,223561.9671625,14,6,0,17222.8881129028,1.07853959526746,0.462231255114624,20,193442.596454286,17224.4288837532
"Minnesota",2023,12657.2911320837,4044.10808700502,195510,224419.338347907,24,19,0,18789.1294883824,2.00935940298561,1.59074286069695,43,212211.399219089,18792.729590646
"Minnesota",2024,14282.9433305789,4655.53095370887,191979,224923.567943344,36,24,0,20345.103320726,3.25632269772026,2.17088179848017,60,210917.474284288,20350.5305252222
"Minnesota",2025,20305.3245075672,4341.21070404647,224232.057900126,225073.381420196,62,45,23698.2116915434,17709.4078727269,4.87833470657824,3.54072680316163,107,248878.59311174,17717.8269342366
"Minnesota",2026,26844.5958427169,5722.81647127524,216453.284739367,225098.485361816,129,95,23698.2116915427,17711.3831215926,10.1500835023967,7.47486769556343,224,249020.697053359,17729.0080727906
"Minnesota",2027,35666.592460834,8368.75535630192,204944.158777987,224897.29490358,227,157,23698.2116915434,17695.5528894144,17.8609996515042,12.3532024021417,384,248979.506595123,17725.7670914681
"Minnesota",2028,44756.8088509122,8808.64333290711,195245.472155671,224489.712647947,362,261,23698.2116915434,17663.4831690364,28.4831800609891,20.5362154583374,623,248810.92433949,17712.5025645557
"Minnesota",2029,53893.4781156162,11466.4814752227,183176.914668924,223897.662568219,554,387,23698.2116915434,17616.8990004563,43.590281087812,30.45025050719,941,248536.874259763,17690.9395320513
"Minnesota",2030,63383.6625747989,12953.2020265687,171930.738797833,223113.391707657,901,555,23698.2116915434,17555.1903591911,70.8932188810806,43.6689639056601,1456,248267.6033992,17669.7525419779
"Minnesota",2031,71149.0847295975,15572.7283369168,152955.619013968,222133.167279224,1347,706,15491.2648012576,17478.0635390385,105.985755641305,55.5500694007135,2053,239677.432080482,17639.5993640806
"Minnesota",2032,79893.4528686894,18359.4088770966,140954.825884332,220917.42282886,1926,873,15491.2648012576,17382.4053399008,151.543107175318,68.6900999813355,2799,239207.687630118,17602.6385470574
"Minnesota",2033,94375.9706566012,20338.7812657602,124182.061627948,219481.548749052,2785,1139,15491.2648012569,17269.4267212266,219.131647706781,89.6197295289132,3924,238896.813550309,17578.1780984622
"Minnesota",2034,102056.822073252,20953.3390525721,115737.04230174,217799.938626306,3994,1462,15491.2648012576,17137.1128982471,314.259174485056,115.034279693829,5456,238747.203427564,17566.406352426
"Minnesota",2035,109277.100901613,21199.5918421198,108512.362442265,215894.790384739,5698,1905,15491.2648012576,16987.2104661824,448.33469609811,149.890768000509,7603,238989.055185997,17585.435930281
"Minnesota",2036,115244.549115091,21189.4868900805,103071.161739813,213760.932943727,7791,2462,15491.2648012576,16819.3125498375,613.01783385405,193.717097541865,10253,239505.197744984,17626.0474812334
"Minnesota",2037,121321.781427051,21119.5357343467,98049.2604174186,211388.312777559,10557,3054,15491.2648012576,16632.6281094803,830.654508021718,240.297325707902,13611,240490.577578816,17703.57994321
"Minnesota",2038,127261.412718874,20997.5552058906,93781.3746833303,208753.077806838,14045,3751,15491.2648012569,16425.2803962924,1105.10017667567,295.139249747984,17796,242040.342608095,17825.519822716
"Minnesota",2039,132684.880642585,20847.8438171161,90849.5446449099,205823.004303354,18428,4640,15491.2648012576,16194.7339565363,1449.96696730361,365.088274814888,23068,244382.269104611,18009.7891986548
"Minnesota",2040,137722.930330741,20683.1841850102,88983.1364701709,202560.986184664,23740,5597,15491.2648012576,15938.0691790865,1867.93009571238,440.387731495458,29337,247389.250985922,18246.3870062943
"Minnesota",2041,139003.315681449,20092.590097403,86968.418276819,198937.488397326,29973,6772,10381.8356583448,15652.9621627126,2358.36009935919,532.840042466901,36745,246064.324055671,18544.1623045387
"Minnesota",2042,144296.985825117,20085.8859708203,86030.826178966,194895.862316557,37047,8089,10381.8356583455,15334.9556339896,2914.96235281619,636.465313572764,45136,250413.697974903,18886.3833003786
"Minnesota",2043,149559.204447231,20123.0874613499,85458.285987413,190410.742237649,44730,9618,10381.8356583448,14982.0537477943,3519.48244234266,756.771342062412,54348,255140.577895994,19258.3075321994
"Minnesota",2044,154769.427207025,20158.0527217125,85142.0163173584,185470.660587751,52888,11329,10381.8356583448,14593.3542031809,4161.37687034694,891.397643400401,64217,260069.496246095,19646.1287169283
"Minnesota",2045,159952.616638225,20217.61716493,85153.0908137708,180094.488958581,61700,13147,10381.8356583455,14170.3418701632,4854.72986122383,1034.44300624813,74847,265323.324616926,20059.5147376351
"Minnesota",2046,164884.769622623,20236.5015723257,85163.1859247728,174328.621461377,70652,14922,10381.8356583448,13716.6671681447,5559.09844659945,1174.1050079284,85574,270284.457119722,20449.8706226726
"Minnesota",2047,169502.036763634,20239.4971372062,85042.4051114864,168232.103353982,79620,16550,10381.8356583448,13236.9759443933,6264.72595706064,1302.200635385,96170,274783.939012327,20803.902536839
"Minnesota",2048,173723.059713172,20189.2602135513,84646.7378779352,161904.222146314,88339,17934,10381.8356583448,12739.0804199664,6950.76144587766,1411.09765528668,106273,278559.057804659,21100.9395211307
"Minnesota",2049,177410.156847628,20122.4342844854,83967.8748986169,155440.630372385,96652,19026,10381.8356583455,12230.5068057743,7604.85171064839,1497.01929237674,115678,281500.466030731,21332.3778087994
"Minnesota",2050,180471.760199861,19974.198951574,83131.0477624585,148957.171255549,104435,19803,10381.8356583448,11720.3699730591,8217.24008195966,1558.15584184466,124238,283577.006913893,21495.7658968634
"Mississippi",2020,224.72102425876,95.8844633627242,99885,126841.667618879,0,0,0,8354.54152859433,0,0,0,100205.605487621,8354.54152859433
"Mississippi",2021,471.738247503646,293.341887592789,103890,127352.665043609,0,0,0,9736.42662269935,0,0,0,104655.080135096,9736.42662269935
"Mississippi",2022,824.046792747125,358.873637340703,97804,127414.914506839,0,0,0,9815.8593088031,0,0,0,98986.9204300878,9815.8593088031
"Mississippi",2023,1228.20075675205,502.37367540435,103694,127024.059909514,0,0,0,10634.874549358,0,0,0,105424.574432156,10634.874549358
"Mississippi",2024,1385.94598356021,578.326826547686,101822,126276.077010057,0,0,0,11422.1015485256,0,0,0,103786.272810108,11422.1015485256
"Mississippi",2025,10487.5629231333,2262.81242526873,112119.1053943,125205.643706037,0,1,-337.162963334962,9851.53285726822,0,0.0786828178480361,1,124869.480742702,9851.61154008607
"Mississippi",2026,13907.9580963878,2997.01131589192,106705.773450081,123934.905825695,7,6,-337.162963334613,9751.54762009667,0.550779724936253,0.472096907088217,13,123610.74286236,9752.5704967287
"Mississippi",2027,18132.4787517233,4307.46907754097,99715.2281477224,122462.338940321,19,11,-337.162963334613,9635.68190808576,1.49497353911269,0.865510996328398,30,122155.175976987,9638.04239262121
"Mississippi",2028,22325.5973517465,4462.78751084004,93773.9217659857,120830.469591907,41,28,-337.162963334613,9507.28182939268,3.22599553176948,2.20311889974501,69,120562.306628572,9512.71094382419
"Mississippi",2029,26437.1163539817,5720.76246338185,86696.3852359815,119082.42701668,68,41,-337.162963334613,9369.74091385546,5.35043161366646,3.22599553176948,109,118854.264053345,9378.3173410009
"Mississippi",2030,30569.1741988348,6354.47090211019,80162.5877915257,117246.395855805,115,62,-337.162963334613,9225.27680846107,9.04852405252416,4.87833470657824,177,117086.232892471,9239.20366722018
"Mississippi",2031,32334.2771566318,7203.44442817497,67123.0048989031,115353.492502025,180,85,-8957.76601831491,9076.33783867162,14.1629072126465,6.68803951708307,265,106660.72648371,9097.18878540135
"Mississippi",2032,35850.3036800386,8372.77739368768,60618.1128170072,113404.959909048,281,113,-8957.76601831491,8923.0218035875,22.1098718152982,8.89115841682808,394,104841.193890734,8954.02283381963
"Mississippi",2033,41544.5964793912,9105.66498178438,52440.2639789622,111449.291458453,437,162,-8957.76601831491,8769.14429911813,34.3843913995918,12.7466164913819,599,103090.525440138,8816.2753070091
"Mississippi",2034,44250.7568056612,9233.96865199819,47974.7833081153,109502.27478409,678,237,-8957.76601831491,8615.94754078212,53.3469505009685,18.6478278299846,915,101459.508765775,8687.94231911307
"Mississippi",2035,46523.73124701,9177.50105949635,44312.0886605545,107592.086985375,1043,336,-8957.76601831456,8465.64858216035,82.0661790155017,26.4374267969401,1379,100013.320967061,8574.1521879728
"Mississippi",2036,48460.9032180022,9051.62523586851,41274.1281319684,105724.422604154,1556,464,-8957.76601831491,8318.69548585144,122.430464571544,36.5088274814888,2020,98786.656585839,8477.63477790447
"Mississippi",2037,50420.3568692709,8931.91760722532,39144.1516296304,103888.192124441,2820,746,-8957.76601831491,8174.21569748921,221.885546331462,58.697382114635,3566,98496.4261061266,8454.79862593531
"Mississippi",2038,52443.0827828649,8820.57034795183,37584.2848527678,102056.704001899,4620,1129,-8957.76601831491,8030.1090511524,363.514618457927,88.8329013504328,5749,98847.9379835845,8482.45657096076
"Mississippi",2039,54667.5905897294,8755.28514734711,36533.1066070317,100187.748362423,7063,1663,-8957.76601831491,7883.05435500542,555.736742460679,130.849526081284,8726,99955.9823441082,8569.64062354739
"Mississippi",2040,56946.9945770112,8722.17098321345,35957.6901287405,98229.6217072801,10083,2272,-8957.76601831491,7728.98343207541,793.358852361748,178.767362150738,12355,101626.855688965,8701.1096465879
"Mississippi",2041,58164.4459490912,8554.26681115876,34977.7003148929,96131.3782447289,13551,2995,-10980.965169586,7563.88772391067,1066.23086465874,235.655039454868,16546,101696.413075143,8865.77362802428
"Mississippi",2042,60526.7548972566,8571.55406743405,34812.0926949544,93835.3668292307,17300,3756,-10980.9651695856,7383.23107592801,1361.21274877103,295.532663837224,21056,103910.401659645,9039.97648853626
"Mississippi",2043,62613.4239411138,8573.35971816134,34717.7697747474,91305.5186036081,21033,4547,-10980.9651695856,7184.17548880817,1654.93570779774,357.77077275502,25580,105904.553434022,9196.88196936094
"Mississippi",2044,64595.6683943051,8558.19277320184,34488.2395337985,88520.0658708914,24738,5365,-10980.965169586,6965.00821881551,1946.45554792472,422.133317754714,30103,107642.100701305,9333.59708449494
"Mississippi",2045,66336.6674104905,8529.78208299064,34276.2057921962,85479.6204552633,28489,6155,-10980.965169586,6725.77740600075,2241.5947976727,484.292743854662,34644,109142.655285677,9451.66494752811
"Mississippi",2046,67849.9078339038,8464.85910789916,33918.9977819196,82208.7298933082,32111,6895,-10980.9651695856,6468.41451971357,2526.58396391829,542.518029062209,39006,110233.764723723,9537.51651269407
"Mississippi",2047,68995.9370345965,8373.71975916252,33523.3691520767,78741.9911154214,35594,7538,-10980.9651695856,6195.64174392638,2800.636218483,593.111080938496,43132,110893.025945836,9589.38904334787
"Mississippi",2048,69892.6017160548,8255.49534996199,32937.188865583,75144.2511011858,38874,8048,-10980.965169586,5912.56142172169,3058.71586102456,633.239318040995,46922,111085.2859316,9604.51660078724
"Mississippi",2049,70451.1597678207,8118.32717533313,32277.7985285321,71475.2506412719,41932,8421,-10980.965169586,5623.87412684992,3299.32791800385,662.588009098312,50353,110847.285471686,9585.79005395209
"Mississippi",2050,70758.7819936538,7947.07967108941,31513.4917216687,67806.3185559975,44737,8657,-10980.9651695856,5335.19221188746,3520.03322206759,681.157154110449,53394,110219.353386412,9536.3825880655
"Missouri",2020,1882.03857816712,725.982365460626,203954,253777.525855871,3,1,0,16715.2870077154,0.197597722075775,0.0658659073585915,4,206562.020943628,16715.5504713448
"Missouri",2021,3628.75575002805,1920.05599151644,210053,248658.001075847,4,5,0,19010.519966685,0.305809905724873,0.382262382156092,9,215601.811741544,19011.2080389729
"Missouri",2022,6146.0156625723,2332.67864271457,193238,244577.51105712,9,6,0,18841.8949847906,0.693346882671937,0.462231255114624,15,201716.694305287,18843.0505629284
"Missouri",2023,9177.38898795285,3491.49704406023,212560,241246.102129946,19,15,0,20197.9218228515,1.59074286069695,1.25584962686601,34,225228.886032013,20200.768415339
"Missouri",2024,10356.0963771583,4019.37144450641,208721,238652.06752967,32,24,0,21586.8928987426,2.89450906464023,2.17088179848017,56,223096.467821665,21591.9582896057
"Missouri",2025,20841.8740064344,4356.41825896672,220829.13933491,236608.829281832,48,35,9335.6023184793,18617.0494156194,3.77677525670573,2.75389862468126,83,246027.431600311,18623.5800895008
"Missouri",2026,27703.3703354442,5773.56109439273,211160.936337222,235115.265448581,102,85,9335.60231847861,18499.5316045833,8.02564742049969,6.68803951708307,187,244637.867767059,18514.2452915209
"Missouri",2027,36580.7032728687,8392.50055105032,198685.711875287,233998.313380727,184,141,9335.6023184793,18411.6466684834,14.4776384840386,11.0942773165731,325,243658.915699206,18437.218584284
"Missouri",2028,45794.6283663863,8814.21791967836,188410.120001162,233159.363968747,293,231,9335.6023184793,18345.6357647169,23.0540656294746,18.1757309228963,524,243018.966287226,18386.8655612693
"Missouri",2029,54164.9257490517,11283.799374213,177206.736478903,232510.859283689,454,355,9335.60231847861,18294.6095887089,35.7219993030084,27.9324003360528,809,242655.461602168,18358.2639883479
"Missouri",2030,62805.0680731005,12588.1952042647,167113.304334704,231947.96529359,718,505,9335.6023184793,18250.3195034181,56.49426321489,39.7348230132583,1223,242506.567612069,18346.5485896463
"Missouri",2031,67815.4097665824,14572.319141886,145165.279771713,231372.036514314,1047,640,-5506.02783413281,18205.0038041849,82.3809102868938,50.3570034227431,1687,227553.008680181,18337.7417178946
"Missouri",2032,76536.9484509843,17260.4043373239,133583.134084164,230634.514706605,1473,779,-5506.02783413281,18146.97351013,115.899790690157,61.2939151036202,2252,227380.486872472,18324.1672159238
"Missouri",2033,90721.7273962847,19197.2790266433,117364.574107266,229674.608364326,2113,1002,-5506.02783413281,18071.4453742493,166.2567941129,78.8401834837322,3115,227283.580530194,18316.542351846
"Missouri",2034,98634.8028982566,19910.00816604,108681.945028117,228386.783926546,3068,1278,-5506.02783413281,17970.1157185912,241.398885157775,100.55664120979,4346,227226.756092413,18312.0712449588
"Missouri",2035,105590.05161189,20169.8929901023,101560.145682823,226722.118118949,4429,1675,-5506.02783413349,17839.1351220742,348.486200248952,131.793719895461,6104,227320.090284815,18319.4150422186
"Missouri",2036,111504.969215474,20145.3189812953,95808.8982556168,224624.214286519,6173,2168,-5506.02783413281,17674.0661369644,485.709034575927,170.584349094542,8341,227459.186452386,18330.3595206349
"Missouri",2037,116756.832147019,19964.5887996324,91459.1813210561,222048.63010184,8896,2742,-5506.02783413281,17471.4119157091,699.96234757613,215.748286539315,11638,228180.602267708,18387.1225498245
"Missouri",2038,121446.461546583,19705.7127878572,88253.211241227,218963.4134098,12498,3450,-5506.02783413281,17228.6583727076,983.377857464756,271.455721575725,15948,229405.385575668,18483.491951748
"Missouri",2039,126014.525975805,19478.8033431634,85855.4495180516,215346.806671153,17139,4369,-5506.02783413281,16944.0935634626,1348.54481509749,343.76523117807,21508,231348.77883702,18636.4036097381
"Missouri",2040,130707.119927743,19301.795221497,83864.1646330861,211186.107616459,22823,5370,-5506.02783413281,16616.7180376216,1795.77795174573,422.526731843954,28193,233873.079782327,18835.0227212113
"Missouri",2041,132870.332094183,18792.7961910399,80094.0128580748,206528.181114119,29391,6570,-10732.0399708209,16250.2192550884,2312.56669937163,516.946113261597,35961,231757.141143298,19079.7320677217
"Missouri",2042,137762.804740164,18729.2283323349,78622.8581220193,201307.93116534,36652,7887,-10732.0399708216,15839.4752792474,2883.88263976622,620.571384367461,44539,235114.891194518,19343.9293033811
"Missouri",2043,141867.43433351,18637.0887425835,77842.5030023275,195557.066049242,44184,9338,-10732.0399708209,15386.9810068489,3476.52162379763,734.740153064962,53522,238347.026078421,19598.2427837115
"Missouri",2044,145877.750246357,18567.817260775,77074.8054075293,189309.412885483,52004,10939,-10732.0399708216,14895.3980509871,4091.82125936927,860.711344439667,62943,241520.372914662,19847.9306547961
"Missouri",2045,149343.95807271,18489.9502278131,76982.9662665159,182631.91453786,60307,12610,-10732.0399708209,14369.9936648206,4745.12469596152,992.190333063736,72917,244816.874567039,20107.3086938458
"Missouri",2046,152752.300754134,18393.3720285788,76691.2182140991,175606.930967633,68718,14244,-10732.0399708209,13817.2481621789,5406.92587688135,1120.75805742743,82962,247836.890996812,20344.9320964877
"Missouri",2047,155337.813130105,18265.5778355749,76872.1068095844,168321.537746086,77135,15751,-10732.0399708216,13244.0128943766,6069.19915470827,1239.33306392442,92886,250475.497775265,20552.5451130093
"Missouri",2048,158350.284097104,18155.6489509455,76081.5990060487,160894.572024919,85389,17036,-10732.0399708209,12659.6383033745,6718.64713322596,1340.44048485914,102425,252587.532054098,20718.7259214596
"Missouri",2049,160843.355527914,18019.114379421,75137.7385564275,153434.248434584,93258,18040,-10732.0399708216,12072.6390212287,7337.80222687215,1419.43803397857,111298,254000.208463762,20829.8792820794
"Missouri",2050,162778.697883536,17806.0179281486,74072.0581286126,146058.813911118,100582,18748,-10732.0399708209,11492.3190500687,7914.07518479117,1475.14546901498,119330,254656.773940298,20881.5397038749
"Montana",2020,252.811152291105,82.186682882335,32724,59764.1910526057,0,0,0,3936.42267123209,0,0,0,33058.9978351734,3936.42267123209
"Montana",2021,580.600920004488,293.341887592789,34908,55227.8480025121,0,0,0,4222.30574775896,0,0,0,35781.9428075973,4222.30574775896
"Montana",2022,1133.0643400273,381.303239674497,33308,51238.9147954351,0,0,0,3947.37131610088,0,0,0,34822.3675797018,3947.37131610088
"Montana",2023,1569.36763362763,627.967094255438,36089,47731.2898920398,0,0,0,3996.22150671676,0,0,0,38286.3347278831,3996.22150671676
"Montana",2024,1770.93097899361,722.908533184607,35437,44676.9765532114,1,0,0,4041.18480043717,0.0904534082700071,0,1,37930.8395121782,4041.27525384544
"Montana",2025,3906.62623306371,848.920815021986,42346.6355034387,42027.7504892967,3,1,5070.43206222763,3306.86183631205,0.236048453544108,0.0786828178480361,4,47102.1825515244,3307.17656758344
"Montana",2026,4966.43843348063,1077.53473017206,38828.8605734601,39784.401674885,13,5,5070.43206222778,3130.34883017808,1.02287663202447,0.393414089240181,18,44872.8337371127,3131.76512089934
"Montana",2027,6327.70226912014,1508.29574538971,35154.8931425448,37880.459094827,27,13,5070.43206222763,2980.54126295826,2.12443608189698,1.02287663202447,40,42990.8911570546,2983.68857567218
"Montana",2028,7680.15963264829,1532.96259097487,32209.2662746655,36285.9564360611,45,21,5070.43206222763,2855.08130070037,3.54072680316163,1.65233917480876,66,41422.3884982887,2860.27436667834
"Montana",2029,8925.22178908304,1925.91706375909,29297.5823407649,34974.2891313794,70,34,5070.43206222763,2751.87562108887,5.50779724936253,2.67521580683323,104,40148.721193607,2760.05863414507
"Montana",2030,10194.9696572423,2115.12571548474,26835.6575152127,33916.3208257121,109,50,5070.43206222763,2668.63169360506,8.57642714543594,3.93414089240181,159,39145.7528879397,2681.1422616429
"Montana",2031,11335.1610066181,2519.09338378826,23622.3844313406,33084.3943408134,159,68,4165.24448093348,2603.17337353082,12.5105680378377,5.35043161366646,227,37476.6388217469,2621.03437318232
"Montana",2032,12599.0538210224,2935.10849190642,21389.4727020646,32446.3905340599,226,86,4165.24448093348,2552.97343621768,17.7823168336562,6.76672233493111,312,36923.6350149934,2577.52247538627
"Montana",2033,14743.4847623132,3220.635604609,18631.472518676,31976.3484046648,329,125,4165.24448093348,2515.98919696958,25.8866470720039,9.83535223100452,454,36595.5928855983,2551.71119627259
"Montana",2034,15933.3256718679,3311.31260992758,17245.3277217996,31642.7215226616,501,181,4165.24448093348,2489.73849378372,39.4200917418661,14.2415900304945,682,36489.9660035951,2543.40017555608
"Montana",2035,17050.6017636627,3347.72240585275,16177.0305073457,31420.1101959274,740,250,4165.24448093364,2472.22280731138,58.2252852075467,19.670704462009,990,36575.3546768611,2550.11879698094
"Montana",2036,18103.8319651607,3365.92215710926,15369.2020363079,31278.7116776444,1049,346,4165.24448093348,2461.09717345334,82.5382759225899,27.2242549754205,1395,36838.9561585779,2570.85970435135
"Montana",2037,19163.8900832882,3377.11666322663,14818.5297199184,31187.2919854997,1544,463,4165.24448093348,2453.90401446859,121.486270757368,36.4301446636407,2007,37359.5364664332,2611.8204298896
"Montana",2038,20235.0388210577,3384.14348684895,14445.7468244597,31113.6846514328,2179,607,4165.24448093348,2448.11238200993,171.449860090871,47.7604704337579,2786,38064.9291323663,2667.32271253456
"Montana",2039,21337.3551586361,3398.32248082802,14221.8813648525,31025.3145233831,2992,775,4165.24448093348,2441.15917132138,235.418991001324,60.979183832228,3767,38957.5590043166,2737.55734615494
"Montana",2040,22419.6516904208,3415.19922434569,14127.1355025999,30890.7419364328,3950,956,4165.24448093348,2430.57062097503,310.797130499743,75.2207738627226,4906,39961.9864173663,2816.5885253375
"Montana",2041,23064.9860460224,3371.56957961557,13838.9916276135,30699.3189542218,5036,1163,3377.22829902969,2415.5089213338,396.24667068271,91.508117157266,6199,40275.5472532515,2903.26370917377
"Montana",2042,24122.3700517934,3394.90717692862,13849.7138300233,30405.7627597158,6203,1381,3377.22829902953,2392.41109275332,488.069519111368,108.660971448138,7584,41366.9910587453,2989.14158331283
"Montana",2043,25110.3393942203,3415.92687538664,13884.2961345851,29993.3341051624,7418,1622,3377.22829902953,2359.96004405179,583.669142796732,127.623530549515,9040,42410.562404192,3071.25271739803
"Montana",2044,26052.3676710597,3429.82260990338,13901.0888931436,29453.050875077,8667,1886,3377.22829902969,2317.44903707263,681.943982288929,148.395794461396,10553,43383.2791741067,3147.78881382295
"Montana",2045,26953.0132042062,3442.94517158399,13908.3141069004,28787.044183661,9980,2160,3377.22829902969,2265.04575388637,785.254522123401,169.954886551758,12140,44304.2724826907,3220.25516256153
"Montana",2046,27802.165736407,3445.38305679913,13874.5160590908,28004.8365532674,11315,2425,3377.22829902953,2203.49945338477,890.296083950529,190.805833281488,13740,45122.064852297,3284.60137061678
"Montana",2047,28583.3828985568,3443.90180769102,13793.979160873,27119.0355680912,12656,2669,3377.22829902953,2133.80213581854,995.809742684745,210.004440836408,15325,45821.2638671208,3339.61631933969
"Montana",2048,29256.0780277317,3430.76196868438,13696.2581277883,26154.8698251747,13977,2874,3377.22829902969,2057.93885829332,1099.749745062,226.134418495256,16851,46383.0981242044,3383.82302185057
"Montana",2049,29835.1601147123,3412.84103640384,13571.0226204818,25134.7954725683,15268,3039,3377.22829902969,1977.67653381573,1201.32926290382,239.117083440182,18307,46819.023771598,3418.12288015973
"Montana",2050,30301.5740895483,3380.36822672066,13456.4337550118,24087.1477722512,16506,3168,3377.22829902953,1895.24466064277,1298.73859139968,249.267166942578,19674,47138.3760712807,3443.25041898504
"Nebraska",2020,505.62230458221,178.071146245059,67807,97300.9714423345,0,0,0,6408.81677092176,0,0,0,68490.6934508273,6408.81677092176
"Nebraska",2021,979.764052507574,533.348886532343,71939,93629.9314754194,0,0,0,7158.24012938108,0,0,0,73452.1129390399,7158.24012938108
"Nebraska",2022,1579.42301943199,650.458467680024,68285,90445.4900645754,0,1,0,6967.788732001,0,0.0770385425191041,1,70514.881487112,6967.86577054352
"Nebraska",2023,2354.05145044144,954.509983268266,73501,87643.1397776163,2,1,0,7337.77362580567,0.167446616915468,0.083723308457734,3,76809.5614337097,7338.02479573104
"Nebraska",2024,2656.39646849041,1098.8209704406,72174,85198.8022079902,4,5,0,7706.52204023492,0.361813633080029,0.452267041350036,9,75929.217438931,7707.33612090935
"Nebraska",2025,7503.17391783451,1630.14547783346,82095.7029156234,83047.9592507469,9,6,8166.06306054452,6534.44745037765,0.708145360632325,0.472096907088217,15,91229.0223112914,6535.62769264537
"Nebraska",2026,9774.55626872766,2118.23156594519,77533.303915722,81211.0286898503,26,23,8166.06306054452,6389.91257765513,2.04575326404894,1.80970481050483,49,89426.0917503949,6393.76803572968
"Nebraska",2027,12729.8423542344,3035.10592900037,72087.7663927513,79605.6516154414,44,37,8166.0630605447,6263.596985732,3.46204398531359,2.91126426037734,81,87852.7146759861,6269.97029397769
"Nebraska",2028,15744.22130312,3147.80280394776,67611.3674217663,78202.3284682895,72,63,8166.06306054452,6153.17956616272,5.6651628850586,4.95701752442628,135,86503.391528834,6163.8017465722
"Nebraska",2029,18623.3168418341,4027.3528815149,62704.7103586437,76979.317021448,115,95,8166.0630605447,6056.94957926482,9.04852405252416,7.47486769556343,210,85355.3800819927,6073.47297101291
"Nebraska",2030,21591.3601239004,4484.4946134767,58321.0282123311,75910.8198891637,188,132,8166.06306054452,5972.87721403415,14.7923697554308,10.3861319559408,320,84396.8829497083,5998.05571574552
"Nebraska",2031,23929.1027008828,5324.47605497591,51344.1852404494,74976.1389374807,277,169,5175.62505882737,5899.33388296684,21.795140543906,13.2973962163181,446,80597.763996308,5934.42641972707
"Nebraska",2032,26722.851891972,6238.87155870852,46970.868853121,74143.9672449743,405,208,5175.62505882719,5833.85626926707,31.8665412284546,16.3660261123915,613,79932.5923038015,5882.08883660792
"Nebraska",2033,31363.4257776527,6869.06155999178,41212.0361189317,73402.8983977488,595,271,5175.62505882737,5775.54688414797,46.8162766195815,21.3230436368178,866,79444.5234565762,5843.68620440437
"Nebraska",2034,33860.000084928,7060.61236002114,38207.6564204152,72726.6438065372,871,355,5175.62505882719,5722.33726732877,68.5327343456395,27.9324003360528,1226,79128.2688653644,5818.80240201047
"Nebraska",2035,36138.9614628168,7124.63636069995,35760.7230459843,72101.6958106739,1270,477,5175.62505882719,5673.16459800576,99.9271786670059,37.5317041135132,1747,79024.3208695011,5810.62348078628
"Nebraska",2036,38159.0639982989,7117.57539840211,33818.1878891034,71503.2022269769,1790,626,5175.62505882755,5626.07343637651,140.842243947985,49.2554439728706,2416,79094.8272858044,5816.17112429737
"Nebraska",2037,40139.2107503558,7093.47870720695,32410.017316971,70901.0817157066,2733,833,5175.62505882719,5578.69689786567,215.040141178683,65.5427872674141,3566,79642.7067745338,5859.27982631176
"Nebraska",2038,42093.4216794177,7058.08888765993,31387.9257371448,70260.8112453952,4001,1102,5175.62505882719,5528.31861307668,314.809954209993,86.7084652685358,5103,80539.4363042224,5929.83703255521
"Nebraska",2039,44076.6101103262,7043.62424625315,30715.7716306954,69544.3809284471,5663,1453,5175.62505882755,5471.94785694744,445.580797473429,114.326134333197,7116,81836.0059872747,6031.85478875407
"Nebraska",2040,46092.9259060152,7044.06261680287,30269.0346591325,68713.3981231234,7681,1836,5175.62505882719,5406.56378824131,604.362723890766,144.461653568994,9517,83406.0231819506,6155.38816570107
"Nebraska",2041,47082.3044734182,6908.9812162628,29429.6475373355,67750.0086031015,10018,2292,3360.92462391494,5330.76158612072,788.244469201626,180.341018507699,12310,83420.9332270165,6299.34707383004
"Nebraska",2042,49064.7294959997,6934.81019329442,29333.2050013495,66601.820066729,12582,2788,3360.92462391459,5240.41887665812,989.987214163991,219.367696160325,15370,85332.7446906436,6449.77378698244
"Nebraska",2043,50874.6942149631,6951.98575239187,29369.9169947229,65250.672338163,15253,3332,3360.92462391494,5134.10676604557,1200.1490206361,262.171149069656,18585,87196.5969620779,6596.42693575132
"Nebraska",2044,52675.539246772,6965.32033470067,29321.5162098091,63688.4511673668,17994,3919,3360.92462391494,5011.18680222547,1415.81862435756,308.357963146454,21913,88962.3757912817,6735.36338972948
"Nebraska",2045,54412.9944974906,6980.12847965547,29304.2289823137,61924.4273355453,20890,4522,3360.92462391459,4872.38843638666,1643.68406484547,355.803702308819,25412,90697.3519594599,6871.87620354095
"Nebraska",2046,56016.7725077529,6974.17504416418,29254.306493083,59979.3294210852,23797,5108,3360.92462391494,4719.3426514866,1872.41501632972,401.911833567769,28905,92245.2540450001,6993.66950138408
"Nebraska",2047,57444.5695709854,6960.18205654961,29162.4396163709,57880.2666199909,26687,5639,3360.92462391494,4554.18247545651,2099.80835991054,443.692409845076,32326,93567.1912439059,7097.68324521213
"Nebraska",2048,58724.509094203,6928.4530549217,28970.125084368,55672.1626095777,29503,6087,3360.92462391494,4380.44262981565,2321.37917497061,478.942312240996,35590,94623.0872334927,7180.76411702726
"Nebraska",2049,59823.9759662508,6882.33811291119,28686.3832068588,53396.7726621062,32194,6441,3360.92462391459,4201.4085370455,2533.11463779968,506.796029759201,38635,95392.6972860208,7241.31920460438
"Nebraska",2050,60691.9988554188,6810.79807343604,28381.6323213141,51103.504626254,34729,6691,3360.92462391494,4020.96774590381,2732.57558104445,526.46673422121,41420,95884.4292501689,7280.01006116947
"Nevada",2020,3089.91408355795,575.306780176345,93825,112267.025898064,4,1,0,7394.56952722647,0.263463629434366,0.0658659073585915,5,97490.2208637343,7394.89885676327
"Nevada",2021,6314.03500504881,1680.04899257688,98594,111685.722107879,7,1,0,8538.65003715619,0.535167335018528,0.0764524764312183,8,106588.083997626,8539.26165696764
"Nevada",2022,11296.3081172418,1973.80500537387,94361,111208.789736847,17,5,0,8567.36307664022,1.30965522282477,0.38519271259552,22,107631.113122616,8569.05792457564
"Nevada",2023,16171.309963902,2662.58047964306,100773,110792.656535022,29,7,0,9275.92775793339,2.42797594527428,0.586063159204138,36,119606.890443545,9278.94179703787
"Nevada",2024,18248.2887835428,3065.13218070273,98953,110481.068117925,47,17,0,9993.38916057716,4.25131018869033,1.53770794059012,64,120266.420964246,9999.17817870644
"Nevada",2025,12035.4661694554,2422.48939289258,118379.623172642,110251.432862129,78,24,22484.1458728615,8674.89340937588,6.13725979214682,1.88838762835287,102,132837.57873499,8682.91905679638
"Nevada",2026,15944.3520939488,3216.59141463654,113737.334166576,110201.1318023,156,57,22484.1458728615,8670.93558024781,12.2745195842936,4.48492061733806,213,132898.277675162,8687.69502044944
"Nevada",2027,21178.9154364311,4715.11784229477,107174.699673276,110230.587079141,261,93,22484.1458728615,8673.25320443012,20.5362154583374,7.31750205986736,354,133068.732952002,8701.10692194833
"Nevada",2028,26416.5497531261,4944.56375350559,102007.834310649,110303.801944419,421,160,22484.1458728615,8679.01395633861,33.1254663140232,12.5892508556858,581,133368.947817281,8724.72867350832
"Nevada",2029,31474.4872680761,6389.69871251556,95873.6394775058,110383.679585236,633,237,22484.1458728615,8685.29895420111,49.8062236978069,18.6478278299846,870,133737.825458097,8753.7530057289
"Nevada",2030,36683.4033697194,7175.91395375205,90383.2375749037,110417.409025514,999,342,22484.1458728615,8687.95288160659,78.6041350301881,26.9095237040284,1341,134242.554898375,8793.46654034081
"Nevada",2031,43187.0965517177,9059.38268975625,84425.9387615522,110360.053944004,1453,436,24423.3640590224,8683.44002217549,114.326134333197,34.3057085817438,1889,136672.418003026,8832.07186509043
"Nevada",2032,48870.2750304873,10771.0875048961,77529.0189961949,110172.017472556,2031,544,24423.3640590227,8668.64478274375,159.804803049361,42.8034529093317,2575,137170.381531578,8871.25303870244
"Nevada",2033,57615.999741554,11939.0712601183,68335.9739562024,109825.680898852,2916,726,24423.3640590227,8641.3940452009,229.439096844873,57.1237257576742,3642,137891.044957875,8927.95686780345
"Nevada",2034,62605.0975113672,12380.6546627078,63954.0274102441,109301.415525297,4265,950,24423.3640590224,8600.14336830943,335.582218121874,74.7486769556343,5215,138939.779584319,9010.47426338694
"Nevada",2035,67383.8294684066,12611.0135956622,60423.3913352436,108618.87034029,6124,1252,24423.3640590224,8546.43878984449,481.853576501373,98.5108879457412,7376,140418.234399312,9126.80325429161
"Nevada",2036,71936.8279344055,12765.7045018842,57444.466173919,107790.634551186,8326,1607,24423.3640590227,8481.27086411519,655.113141402749,126.443288281794,9933,142146.998610209,9262.82729379974
"Nevada",2037,75661.2819387838,12755.6494933377,55054.514470392,106828.081843491,10266,1954,24423.3640590224,8405.5345047465,807.757808027939,153.746226075063,12220,143471.445902513,9367.0385388495
"Nevada",2038,79002.4363704556,12665.4199099413,53176.8156885224,105737.307909897,12345,2339,24423.3640590227,8319.7093380161,971.339386334006,184.039110946557,14684,144844.671968919,9475.08783529666
"Nevada",2039,82137.3201642665,12557.4506380121,51654.5714859578,104514.978229214,14599,2812,24423.3640590224,8223.53299440071,1148.69045776348,221.256083788678,17411,146349.342288236,9593.47953595287
"Nevada",2040,84986.9125431403,12444.9226809784,50550.0091842216,103147.480349318,17095,3316,24423.3640590227,8115.93440780924,1345.08277111218,260.912223984088,20411,147981.84440834,9721.9294029055
"Nevada",2041,87353.7201630139,12303.1684460773,49565.2421935101,101623.211077583,19991,3933,23674.9197250185,7996.00060634998,1572.94821160009,309.459522596326,23924,149222.130802601,9878.4083405464
"Nevada",2042,90262.2147406494,12264.8140313039,49111.1210254689,99906.2300724035,23418,4639,23674.9197250188,7860.90370267092,1842.59422836531,365.00959199704,28057,151638.149797422,10068.5075230333
"Nevada",2043,93359.3978770399,12282.0252604914,49008.0568121745,97973.5602246873,27504,5497,23674.9197250185,7708.83579308267,2164.09222209239,432.519449710655,33001,154649.479949706,10305.4474648857
"Nevada",2044,96725.7652082981,12335.0096801976,49038.0086483738,95810.8638118508,32119,6494,23674.9197250188,7538.66874517085,2527.21342646107,510.966219105147,38613,158098.78353687,10576.8483907371
"Nevada",2045,100277.737466435,12429.2261906666,49303.9736599866,93418.01759207,37346,7572,23674.9197250185,7350.39286192148,2938.48851535276,595.78629674533,44918,162010.937317088,10884.6676740196
"Nevada",2046,103871.353841795,12515.8207217603,49588.9605355675,90811.2153741045,42843,8647,23674.9197250185,7145.28231783945,3371.00796506341,680.370325931969,51490,165976.135099123,11196.6606088348
"Nevada",2047,107323.3250671,12602.6820788802,49895.4658659312,88015.553286893,48470,9661,23674.9197250188,6925.31174706672,3813.75618109431,760.154703229877,58131,169821.473011912,11499.2226313909
"Nevada",2048,110589.881599983,12667.534084069,50087.5049466528,85078.0009056865,54048,10544,23674.9197250185,6694.17684813718,4252.64893905066,829.631631389693,64592,173344.920630705,11776.4574185775
"Nevada",2049,113601.61449827,12707.775448293,50062.7372568053,82048.2074783499,59398,11251,23674.9197250188,6455.78416377688,4673.60201453765,885.260383608255,70649,176372.127203369,12014.6465619228
"Nevada",2050,116188.311953092,12690.5368529673,49947.7814106093,78985.7104916504,64394,11772,23674.9197250185,6214.81827121225,5066.70137250644,926.254131707082,76166,178826.630216669,12207.7737754258
"New Hampshire",2020,758.433456873316,342.444512009729,53377,57956.5030801866,0,0,0,3817.35766270749,0,0,0,54477.877968883,3817.35766270749
"New Hampshire",2021,1451.50230001122,933.360551431601,54650,58538.0016149627,0,1,0,4475.37518879855,0,0.0764524764312183,1,57034.8628514428,4475.45164127498
"New Hampshire",2022,2403.46981217911,1076.62091202211,51582,59225.4392031448,1,2,0,4562.64151626408,0.0770385425191041,0.154077085038208,3,55062.0907242012,4562.87263189164
"New Hampshire",2023,3377.55208106815,1657.83312883436,55007,59946.2910531417,3,6,0,5018.90181673928,0.251169925373202,0.502339850746404,9,60042.3852099025,5019.6553265154
"New Hampshire",2024,3811.35145479059,1908.47852760736,54013,60682.7643725879,8,6,0,5488.96286074633,0.723627266160057,0.542720449620043,14,59732.829982398,5490.22920846211
"New Hampshire",2025,5256.66101883994,1104.24979799976,59135.4115540068,61388.5039719801,17,19,4071.81839886636,4830.22047599076,1.33760790341661,1.49497353911269,36,65496.3223708465,4833.05305743329
"New Hampshire",2026,7076.10788264213,1482.43240590013,57652.256984851,62066.978874527,35,37,4071.81839886636,4883.60479316231,2.75389862468126,2.91126426037734,72,66210.7972733933,4889.26995604737
"New Hampshire",2027,9497.51814221932,2193.40341908519,55173.9920622789,62671.0952247169,56,66,4071.81839886656,4931.13836990333,4.40623779949002,5.19306597797039,122,66864.9136235834,4940.73767368079
"New Hampshire",2028,12066.9274551377,2340.1704255694,53034.8240826029,63173.1035644437,91,106,4071.81839886636,4970.63780065624,7.16013642417129,8.34037869189183,197,67441.92196331,4986.13831577231
"New Hampshire",2029,14587.9018643789,3062.99817833062,50274.9506135029,63548.0322573459,142,164,4071.81839886656,5000.13824670587,11.1729601344211,12.9039821270779,306,67925.8506562124,5024.21518896737
"New Hampshire",2030,17219.2656403624,3474.2528404262,47608.1209539653,63766.8210358875,229,234,4071.81839886636,5017.35316431505,18.0183652872003,18.4117793764405,463,68301.6394347538,5053.78330897869
"New Hampshire",2031,19123.314930323,4134.7010835322,41927.3650111141,63805.9868829299,344,293,742.394142039382,5020.43484352376,27.0668893397244,23.0540656294746,637,65185.3810249693,5070.55579849296
"New Hampshire",2032,21654.8832217978,4907.06854954753,38665.0254580176,63636.5830873235,496,352,742.394142039382,5007.10567553129,39.0266776526259,27.6963518825087,848,65226.9772293629,5073.82870506643
"New Hampshire",2033,25603.9433805666,5443.45870353769,34128.3639148995,63260.3718569643,722,451,742.394142039583,4977.50431582055,56.8089944862821,35.4859508494643,1173,65175.7659990038,5069.7992611563
"New Hampshire",2034,27718.7707964692,5610.68689038565,31719.5226776389,62678.5862224544,1062,566,742.394142039382,4931.72778271381,83.5611525546144,44.5344749019885,1628,65048.9803644938,5059.82341017041
"New Hampshire",2035,29549.4729375913,5656.37625641695,29707.9218945296,61917.3769464984,1524,730,742.394142039382,4871.83369190953,119.912614400407,57.4384570290664,2254,64913.7710885378,5049.184763339
"New Hampshire",2036,31120.9629296327,5642.68843872222,28008.6168496646,61005.8740759801,2093,931,742.394142039382,4800.11407758057,164.68313775594,73.2537034165217,3024,64772.2682180195,5038.05091875303
"New Hampshire",2037,32452.1861868727,5579.73350952111,26599.7868905691,59976.3124449235,2823,1090,742.394142039382,4719.10526730082,222.121594785006,85.7642714543594,3913,64631.7065869629,5026.99113354019
"New Hampshire",2038,33649.4243678626,5494.53749284209,25467.9570656567,58858.5247843218,3744,1267,742.394142039583,4631.15458440891,294.588470023047,99.6911302134618,5011,64611.9189263614,5025.43418464542
"New Hampshire",2039,34805.0795367973,5412.97787971774,24585.4754945003,57675.138768976,4914,1472,742.394142039382,4538.04243811954,386.64736690525,115.821107872309,6386,64803.5329110153,5040.5109128971
"New Hampshire",2040,35898.6325834303,5338.93449474844,23957.7634723002,56438.9364084395,6335,1679,742.394142039382,4440.77455296214,498.455651067309,132.108451166853,8014,65195.3305504789,5071.3386551963
"New Hampshire",2041,36237.7396644058,5175.44505797337,23006.7901647333,55165.4632129019,8024,1941,-710.48832578939,4340.5740934833,631.350930412642,152.723349443038,9965,64419.9748871125,5124.64837333898
"New Hampshire",2042,37462.4482124655,5150.45099527594,22698.7906110563,53832.1781445873,9947,2243,-710.48832578959,4235.6674673136,782.657989134416,176.485560433145,12190,65311.6898187977,5194.81101688116
"New Hampshire",2043,38701.3602640173,5140.31071242298,22523.0629552412,52431.2222574708,12032,2612,-710.48832578939,4125.43631043447,946.711664347571,205.51952021907,14644,66364.7339316814,5277.66749500112
"New Hampshire",2044,39979.7939494521,5144.03226465754,22422.451579726,50952.7661196253,14252,3052,-710.48832578959,4009.10721544406,1121.38751997021,240.139960072206,17304,67546.2777938357,5370.63469548648
"New Hampshire",2045,41242.0568480342,5157.75359854956,22448.4609671625,49392.7597395357,16648,3518,-710.48832578939,3886.3615175977,1309.91155153411,276.806153189391,20166,68848.2714137463,5473.07922232119
"New Hampshire",2046,42444.6896801449,5163.21355703022,22504.9586519458,47753.3502149103,19082,3988,-710.48832578939,3757.36815659326,1501.42553017623,313.787077577968,23070,70112.8618891209,5572.58076434746
"New Hampshire",2047,43556.5402523644,5162.35057737692,22536.7678277231,46040.1469832541,21507,4419,-710.48832578959,3622.56849878019,1692.23136345771,347.699372070472,25926,71255.6586574645,5662.49923430837
"New Hampshire",2048,44548.6554648869,5149.82457174093,22498.3438284955,44271.3121909127,23855,4781,-710.48832578939,3483.39159301113,1876.9786197649,376.182552131461,28636,72196.8238651233,5736.55276490749
"New Hampshire",2049,45392.3771472996,5127.28515902286,22353.945469983,42468.0961020951,26049,5067,-710.48832578959,3341.50946995404,2049.60872212349,398.685838035999,31116,72873.6077763055,5789.80403011354
"New Hampshire",2050,46058.5263178551,5080.48707446745,22121.7621045197,40655.2638226317,28061,5255,-710.48832578939,3198.87071791998,2207.91855163374,413.47820779143,33316,73260.7754968423,5820.26747734515
"New Jersey",2020,8539.39892183289,1753.31590148981,285718,276282.751399185,11,6,0,18197.6141084355,0.724524980944507,0.395195444151549,17,296010.714823323,18198.7338288606
"New Jersey",2021,17345.4524851341,4933.47720042418,291051,285042.985977659,22,14,0,21792.2421673411,1.6819544814868,1.07033467003706,36,313329.929685558,21794.9944564926
"New Jersey",2022,29871.6962370833,6011.13342545678,275918,293464.208791174,38,23,0,22608.0549267941,2.92746461572595,1.77188647793939,61,311800.82966254,22612.7542778877
"New Jersey",2023,45989.2950028269,10273.541662019,297390,301394.864564271,67,38,0,25233.7752134914,5.60946166666817,3.18148572139389,105,353652.836664846,25242.5661608795
"New Jersey",2024,51895.9773844214,11826.7836029002,292020,308935.769558072,113,61,0,27944.2932930452,10.2212351345108,5.51765790447043,174,355742.760987322,27960.0321860842
"New Jersey",2025,33547.0261129543,6896.4540514854,302366.245400813,315969.010880229,192,97,26551.7146850237,24861.3321287132,15.1071010268229,7.63223333125951,289,342809.725565252,24884.0714630713
"New Jersey",2026,46023.1104022443,9441.84919758668,294245.59945164,322570.844366447,370,218,26551.7146850237,25380.7829903724,29.1126426037734,17.1528542908719,588,349710.559051471,25427.048487267
"New Jersey",2027,54723.1252149416,12343.6815246786,289083.61995441,328602.712009007,631,365,26551.7146850237,25855.3873333754,49.6488580621108,28.7192285145332,996,356150.42669403,25933.755419952
"New Jersey",2028,69042.5943116991,13074.4491373943,280032.918672237,334006.247436306,998,594,26551.714685025,26280.5527271369,78.5254522123401,46.7375938017335,1592,362149.962121331,26405.815773151
"New Jersey",2029,83054.2101953831,17027.0283769544,267570.665375337,338667.189262651,1532,901,26551.7146850237,26647.2887638596,120.542076943191,70.8932188810806,2433,367651.903947675,26838.7240596838
"New Jersey",2030,97780.32449662,19281.7748625469,255700.776363818,342448.161037961,2486,1277,26551.7146850237,26944.7862773448,195.605485170218,100.477958391942,3763,372762.875722984,27240.869720907
"New Jersey",2031,110135.792400403,23255.3997506974,227601.749654658,345219.312044541,3680,1595,10498.6297612179,27162.828247225,289.552769680773,125.499094467618,5275,360992.941805759,27577.8801113734
"New Jersey",2032,125524.809083818,27781.9812548231,211184.161378421,346792.321955844,5271,1929,10498.6297612179,27286.5970995492,414.737132876998,151.779155628862,7200,364490.951717062,27853.113388055
"New Jersey",2033,149947.375105436,31093.6514826191,186776.183676223,347113.580503062,7742,2463,10498.6297612166,27311.874627302,609.162375779496,193.795780359713,10205,367817.210264279,28114.8327834413
"New Jersey",2034,163720.975399077,32346.3956741321,175074.17043728,346101.911749272,11422,3119,10498.6297612179,27232.273679025,898.715145460269,245.411708868025,14541,371141.54151049,28376.4005333533
"New Jersey",2035,176405.955164322,33011.001865883,165683.841070504,343808.168339491,16661,4133,10498.6297612179,27051.7954841231,1310.93442816613,325.196086165933,20794,375100.798100708,28687.9259984551
"New Jersey",2036,187270.442843886,33283.7094506528,158499.597057879,340298.1195912,22880,5377,10498.6297612179,26775.6149578237,1800.26287236307,423.07751156889,28257,379053.749352418,28998.9553417556
"New Jersey",2037,196303.86848493,33134.6639138785,151470.836322117,335675.738959707,28311,6424,10498.6297612179,26411.9130245715,2227.58925609575,505.458421855784,34735,380909.368720925,29144.9607025231
"New Jersey",2038,203990.518117395,32750.8937969051,145546.467995969,330059.250149053,34185,7545,10498.6297612166,25969.9918585373,2689.77212813512,593.661860663433,41730,382287.879910269,29253.4258473359
"New Jersey",2039,211343.289290541,32324.0925431913,139290.934906788,323573.686979303,40128,8758,10498.6297612179,25459.68947301,3157.38411460599,689.1041187131,48886,382958.316740521,29306.177706329
"New Jersey",2040,216618.180578255,31737.35891174,134961.757391212,316328.667119989,46567,9923,10498.6297612179,24889.6308951142,3664.0227787295,780.769601506063,56490,383317.296881207,29334.4232753497
"New Jersey",2041,216954.294814449,30579.7336206399,128776.030240339,308429.844065272,53926,11319,2635.21461015574,24268.129239486,4243.0496352732,890.610815221921,65245,376310.058675428,29401.7896899811
"New Jersey",2042,221135.547228602,30115.0058854401,126927.192781071,299941.531284959,62659,12942,2635.21461015446,23600.2448711554,4930.1866835401,1018.31302858928,75601,378177.745895113,29548.7445832848
"New Jersey",2043,226576.2249117,29854.035199545,124860.989831298,290941.035332389,72781,14934,2635.21461015446,22892.0604875774,5726.61416579792,1175.04920174257,87715,381291.249942543,29793.7238551179
"New Jersey",2044,232658.973440944,29709.1190813558,123421.424324582,281490.302236726,84338,17326,2635.21461015574,22148.4501768809,6635.95149166767,1363.25850203507,101664,385789.516846882,30147.6601705837
"New Jersey",2045,239203.3187686,29687.7731748398,122984.387838804,271662.265172089,97591,19987,2635.21461015574,21375.1525267203,7678.7348766077,1572.6334803287,117578,391875.479782244,30626.5208836567
"New Jersey",2046,245597.011952881,29659.128087328,123273.787267614,261548.712697669,111661,22685,2635.21461015446,20579.389719579,8785.80212372957,1784.9197228827,134346,398529.927307823,31150.1115661913
"New Jersey",2047,251976.612243125,29670.2917199183,123624.892940521,251247.582293409,126148,25241,2635.21461015446,19768.8677523518,9925.68010589406,1986.03300530228,151389,405271.796903564,31680.5808635481
"New Jersey",2048,258247.848021894,29662.7773767757,123622.836788709,240881.247577224,140527,27490,2635.21461015574,18953.2153261264,11057.060343731,2162.99066264251,168017,411533.462187379,32173.2663324999
"New Jersey",2049,263993.631314862,29621.3484026651,123146.160579899,230571.925687271,154269,29285,2635.21461015574,18142.0488297224,12138.3196265987,2304.22632067974,183554,416761.140297426,32584.5947770009
"New Jersey",2050,268731.167561919,29450.4290010147,122478.290641842,220445.672594622,166993,30586,2635.21461015446,17345.2867021504,13139.4798008971,2406.59266670003,197579,420659.887204776,32891.3591697476
"New Mexico",2020,730.343328840971,260.257829127394,68552,94266.2579456518,0,0,0,6208.93261288939,0,0,0,69542.6011579684,6208.93261288939
"New Mexico",2021,1524.07741501178,746.688441145281,72083,92033.9704540335,0,0,0,7036.22495700844,0,0,0,74353.7658561571,7036.22495700844
"New Mexico",2022,2437.80509521024,874.754491017964,69047,89960.1413978896,2,1,0,6930.39817810593,0.154077085038208,0.0770385425191041,3,72359.5595862282,6930.62929373349
"New Mexico",2023,3514.01883181838,1230.81550474066,73902,88006.8981190598,3,2,0,7368.22867763041,0.251169925373202,0.167446616915468,5,78646.834336559,7368.6472941727
"New Mexico",2024,3965.34545296395,1416.90072504183,72567,86201.4382528279,9,5,0,7797.21388774485,0.814080674430064,0.452267041350036,14,77949.2461780058,7798.48023546063
"New Mexico",2025,7589.28806345524,1602.11934572186,78569.7669832183,84526.0712182571,20,7,3208.10317413824,6650.74946507626,1.57365635696072,0.550779724936253,27,87761.1743923954,6652.87390115815
"New Mexico",2026,9961.40883856776,2098.61141261961,74234.8810357311,83019.7981127802,41,26,3208.10317413824,6532.23165268862,3.22599553176948,2.04575326404894,67,86294.9012869184,6537.50340148444
"New Mexico",2027,12961.5268588549,3004.97811572947,68988.9480756529,81642.349876099,66,39,3208.10317413824,6423.85014398673,5.19306597797039,3.06862989607341,105,84955.4530502372,6432.11183986078
"New Mexico",2028,16008.3043686921,3116.28325043873,64638.8649900507,80381.349435043,106,68,3208.10317413858,6324.63107597683,8.34037869189183,5.35043161366646,174,83763.4526091816,6338.32188628239
"New Mexico",2029,19056.280096251,4014.32761159695,59633.9619381169,79224.4664718266,163,109,3208.10317413824,6233.60426451058,12.8252993092299,8.57642714543594,272,82704.5696459649,6255.00599096525
"New Mexico",2030,22068.6227730052,4469.33377670753,55238.4939591226,78149.3473346971,265,154,3208.10317413824,6149.01086127888,20.8509467297296,12.1171539485976,419,81776.4505088353,6181.9789619572
"New Mexico",2031,23750.90918513,5148.84845665808,47066.0000226335,77137.4118272266,385,203,-1759.65416280508,6069.38892407062,30.2928848714939,15.9726120231513,588,75965.7576644216,6115.65442096527
"New Mexico",2032,26465.5661108158,6011.48443791742,42721.710038283,76154.414749821,550,254,-1759.65416280475,5992.04394408396,43.2755498164199,19.9854357334012,804,75198.7605870163,6055.30492963378
"New Mexico",2033,30863.918686255,6573.30079560072,37140.5401793745,75197.4138240353,803,337,-1759.65416280508,5916.74441455997,63.182302731973,26.5161096147882,1140,74577.7596612302,6006.44282690673
"New Mexico",2034,33034.9821081216,6704.47444599268,34364.4359146478,74248.5466315668,1167,448,-1759.65416280475,5842.08487009299,91.8228484286582,35.2499023959202,1615,74103.8924687621,5969.15762091757
"New Mexico",2035,34991.5009904499,6717.28037148273,32117.8466344984,73306.2821592361,1685,595,-1759.65416280508,5767.94484625192,132.580548073941,46.8162766195815,2280,73826.627996431,5947.34167094544
"New Mexico",2036,36706.6977082638,6667.59903773812,30331.833515141,72359.784423948,2334,772,-1759.65416280508,5693.47173735266,183.645696857316,60.7431353786839,3106,73706.1302611429,5937.86056958866
"New Mexico",2037,38430.759540094,6605.07617490215,28905.0714511194,71393.5613289203,3320,987,-1759.65416280475,5617.44658156603,261.22695525548,77.6599412160117,4307,73940.9071661155,5956.33347803752
"New Mexico",2038,40091.076619112,6534.92644464547,27844.2736536821,70385.9308802447,4599,1245,-1759.65416280508,5538.16337851476,361.862279283118,97.960108220805,5844,74470.2767174396,5997.98576601868
"New Mexico",2039,41778.2069918065,6485.16441072208,27082.5711810385,69309.5967463718,6226,1570,-1759.65416280475,5453.47437591561,489.879223921873,123.532024021417,7796,75345.942583567,6066.8856238589
"New Mexico",2040,43431.9924153719,6446.1884407826,26607.6229382091,68133.4579571686,8187,1925,-1759.65416280508,5360.93246180073,644.176229721872,151.46442435747,10112,76485.8037943636,6156.57311588007
"New Mexico",2041,44115.2124650864,6288.33783644873,25714.1665754782,66838.5111414216,10452,2349,-3521.79426440821,5259.04239737441,822.392812147674,184.825939125037,12801,76117.7168770134,6266.26114864712
"New Mexico",2042,45823.6887135975,6287.33562868026,25502.6916889217,65379.5102956077,12951,2805,-3521.79426440821,5144.24409958311,1019.02117394992,220.705304063741,15756,77613.7160311995,6383.97057759676
"New Mexico",2043,47380.8732853982,6284.86499810207,25390.7623712759,63738.2949191844,15528,3312,-3521.79426440821,5015.10864907059,1221.78679554431,260.597492712696,18840,79056.5006547762,6497.4929373276
"New Mexico",2044,48873.2139577536,6273.55616175976,25264.1577081924,61905.722092114,18172,3855,-3521.79426440821,4870.91665512496,1429.82416593451,303.322262804179,22027,80410.9278277058,6604.06308386365
"New Mexico",2045,50268.3817377988,6263.59249376271,25192.8827026116,59888.6511985813,20943,4415,-3521.79426440821,4712.20783342254,1647.85425419142,347.38464079908,25358,81724.8569341731,6707.44672841305
"New Mexico",2046,51545.6121818486,6234.51960699029,25037.1139133975,57708.0399666446,23678,4953,-3521.79426440821,4540.63119706268,1863.0517610058,389.715996801323,28631,82817.2457022363,6793.3989548698
"New Mexico",2047,52597.8441665841,6190.75729313343,24864.4783202489,55388.8740443747,26360,5426,-3521.79426440821,4358.15268724135,2074.07907847423,426.932969643444,31786,83653.0797799664,6859.16473535902
"New Mexico",2048,53465.2746996958,6126.91538767849,24613.5007800596,52976.4851318421,28935,5816,-3521.79426440821,4168.33912985793,2276.68733443293,457.619268604178,34751,84205.6908674339,6902.64573289503
"New Mexico",2049,54153.3205058623,6054.68427680544,24267.8101947605,50512.6092418367,31365,6120,-3521.79426440838,3974.47443200446,2467.88658180365,481.538845229981,37485,84475.8149774283,6923.8998590381
"New Mexico",2050,54635.9867979473,5956.58972369698,23877.2303908754,48046.6011769278,33626,6319,-3521.79426440821,3780.44196862145,2645.78843295806,497.19672598174,39945,84469.8069125196,6923.42712756125
"New York",2020,9157.38173854448,4465.47643660687,455003,414334.944181956,15,20,0,27290.5470489159,0.987988610378873,1.31731814717183,35,468625.858175151,27292.8523556734
"New York",2021,18833.2423426456,11893.6801696713,465224,424925.440169676,26,32,0,32486.6021995972,1.98776438721168,2.44647924579899,58,495950.922512317,32491.0364432302
"New York",2022,29081.9847273673,13412.9021956088,436176,436599.674587586,46,51,0,33635.0025945428,3.54377295587879,3.92896566847431,97,478670.886922976,33642.4753331671
"New York",2023,44795.2109337624,23184.5451199108,459980,448792.080275057,83,84,0,37574.3577702567,6.94903460199192,7.03275791044965,167,527959.756053673,37588.3395627691
"New York",2024,50548.5299004045,26689.7830451757,451673,461379.197616747,139,139,0,41733.3209293159,12.573023749531,12.573023749531,278,528911.31294558,41758.466976815
"New York",2025,45069.8645196395,9124.94883409259,452149.326317404,474005.900226906,227,218,31893.2394442302,37296.119906448,17.8609996515042,17.1528542908719,445,506344.139671136,37331.1337603904
"New York",2026,60457.99167533,12292.7657464634,446668.288506601,486575.806484164,463,487,31893.2394442302,38285.1555508548,36.4301446636407,38.3185322919936,950,519419.045928395,38359.9042278104
"New York",2027,77611.9025545917,17434.0468472202,437273.614333312,498831.324290894,791,804,31893.2394442302,39249.4542260751,62.2381089177966,63.2609855498211,1595,532319.563735124,39374.9533205427
"New York",2028,99318.141225652,18793.8545938344,426907.319073028,510562.075448284,1258,1306,31893.2394442302,40172.4627826126,98.9829848528295,102.759760109535,2564,545019.314892514,40374.205527575
"New York",2029,121582.660494554,24972.4345979904,410748.910958493,521532.766606807,1910,1968,31893.2394442302,41035.6676767057,150.284182089749,154.847785524935,3878,557304.006051037,41340.7996443204
"New York",2030,145594.155812864,28804.4433762094,394752.845788377,531445.205533221,3016,2797,31893.2394442302,41815.6063031825,237.307378629677,220.075841520957,5813,569151.444977451,42272.9895233331
"New York",2031,163245.351428429,34696.1062143209,352312.886246111,539986.95181822,4358,3513,2396.39207064139,42487.6949702293,342.899720181741,276.412739100151,7871,550254.343888861,43107.0074295112
"New York",2032,189271.406914088,42217.4189541717,327990.75344883,546719.187246446,6086,4278,2396.39207064326,43017.4062241385,478.863629423148,336.605094753899,10364,559479.579317089,43832.8749483155
"New York",2033,226945.851388245,47577.5256021147,293515.22877392,551378.213693638,8758,5506,2396.39207064139,43383.9915534321,689.1041187131,433.227595071287,14264,568038.60576428,44506.3232672165
"New York",2034,249078.499594702,49817.7213318571,276620.250584621,553644.079440537,12548,6928,2396.39207064326,43562.2762552635,987.311998357158,545.114562051194,19476,575516.47151118,45094.7028156718
"New York",2035,269317.291183319,51013.3836839795,262492.27331037,553380.556107027,17948,9098,2396.39207064139,43541.5414968141,1412.19921473655,715.856276781433,27046,582822.948177668,45669.5969883321
"New York",2036,286957.665844787,51576.0788810723,250501.051671174,550504.404326392,24436,11698,2396.39207064139,43315.2377701551,1922.69333693461,920.431603186327,36134,589034.796397033,46158.3627102761
"New York",2037,300882.149539745,51360.7680563561,239651.195050175,545042.720575632,31140,13315,2396.39207064326,42885.4971024505,2450.18294778785,1047.6617196466,44455,591894.112646275,46383.341769885
"New York",2038,312384.65429995,50721.3380604765,230152.560795986,537127.161085771,39014,14721,2396.39207064139,42262.6785769445,3069.73145552328,1158.28976154094,53735,593258.553156413,46490.6997940087
"New York",2039,321547.038807803,49834.5872511444,222060.185966189,526978.419954493,48080,15987,2396.39207064326,41464.1470271253,3783.06988213358,1257.90220893655,64067,593441.812025136,46505.1191181954
"New York",2040,328936.767812908,48839.8035252979,215294.699635855,514878.87890342,58792,17004,2396.39207064139,40512.1210425589,4625.92022692174,1337.92263468801,75796,593071.270974062,46475.9639041686
"New York",2041,328636.501052334,46942.1345761537,205494.682342303,501188.529380912,71502,18303,-9920.21141012153,39434.9257648034,5625.97884177028,1440.13161507261,89805,581073.31797079,46501.0362216463
"New York",2042,335663.646507981,46245.9743725853,200954.203183195,486151.035473883,86545,20088,-9920.21141012153,38251.7333708257,6809.60447065829,1580.58044493135,106633,582863.824063762,46641.9182864154
"New York",2043,342837.342278147,45717.4800490887,197725.791757558,470079.825494917,103474,22647,-9920.2114101234,36987.2052834532,8141.62589400769,1781.92977580447,126121,586280.614084794,46910.7609532654
"New York",2044,350968.467336758,45376.3975658741,195529.028888418,453254.105201172,122473,26067,-9920.21141012153,35663.3101984184,9636.52075030253,2051.02501284476,148540,591873.893791051,47350.8559615657
"New York",2045,360121.528496124,45260.8543347311,194555.509964897,435930.104205874,143838,30090,-9920.21141012153,34300.2089837062,11317.5791536258,2367.56598904741,173928,599937.892795752,47985.3541263794
"New York",2046,369538.898028863,45174.0295104276,194343.749357698,418353.88830711,166331,34292,-9920.21141012153,32917.262789686,13087.3917754817,2698.19118964486,200623,609056.676896989,48702.8457548126
"New York",2047,379042.23873763,45167.0710370624,194328.290749442,400734.811934256,189373,38350,-9920.21141012153,31530.9442127901,14900.4012643361,3017.48606447219,227723,618537.600524135,49448.8315415984
"New York",2048,388379.055207219,45140.7065854236,194013.819795843,383285.792998608,212218,41950,-9920.2114101234,30158.0062342496,16697.9102380745,3300.74420872512,254168,627533.581588485,50156.6606810492
"New York",2049,397171.967134098,45093.1495384383,192898.750607256,366192.078689914,234028,44864,-9920.21141012153,28813.0246249522,18413.9824953402,3530.02593993429,278892,635163.867279793,50757.0330602267
"New York",2050,404261.772883415,44832.8954947458,191725.165161926,349626.044950208,254118,46996,-9920.21141012153,27509.5624097465,19994.7203059072,3697.77770758631,301114,640819.833540087,51202.0604232401
"North Carolina",2020,4550.60074123989,1273.89358467619,338878,489763.16182657,6,5,0,32258.6950445197,0.395195444151549,0.329329536792958,11,344702.494325916,32259.4195695006
"North Carolina",2021,9144.46449007068,3600.10498409332,352694,472803.524112288,14,6,0,36147.0002837917,1.07033467003706,0.45871485858731,20,365438.569474164,36148.5293333203
"North Carolina",2022,15656.8890621954,4216.76523875326,335234,456938.723204906,25,16,0,35201.8932562463,1.9259635629776,1.23261668030567,41,355107.654300949,35205.0518364896
"North Carolina",2023,23949.9147566651,5953.12805354155,358937,442111.372748268,38,23,0,37015.0268332754,3.18148572139389,1.92563609452788,61,388840.042810207,37020.1339550913
"North Carolina",2024,27025.9466794242,6853.17289459007,352455,428588.784544193,67,42,0,38767.316308322,6.06037835409048,3.7990431473403,109,386334.119574014,38777.1757298235
"North Carolina",2025,39135.6473770533,8303.90356960436,421157.497529559,416393.378585656,113,63,52027.6698905609,32763.0043603835,8.89115841682808,4.95701752442628,176,468597.048476216,32776.8525363248
"North Carolina",2026,51172.9078717938,10827.012710836,396361.585524831,405961.836216899,230,142,52027.6698905622,31942.2212123085,18.0970481050483,11.1729601344211,372,458361.506107461,31971.491220548
"North Carolina",2027,66897.8156208114,15576.1407869588,367223.175032601,397028.461549809,401,240,52027.6698905622,31239.3181206096,31.5518099570625,18.8838762835287,641,449697.131440371,31289.7538068502
"North Carolina",2028,82691.6217056764,16147.3025101447,343775.388709271,389558.64303453,640,388,52027.6698905622,30651.5717510141,50.3570034227431,30.528933325038,1028,442614.312925092,30732.4576877619
"North Carolina",2029,97650.4088511168,20621.0837455496,318800.42615702,383477.248863124,980,587,52027.6698905622,30173.0705211632,77.1091614910754,46.1868140767972,1567,437071.918753686,30296.3664967311
"North Carolina",2030,113216.356353701,22971.9464500396,296843.600330122,378612.2332433,1562,830,52027.6698905622,29790.2773833207,122.902561478632,65.30673881387,2392,433031.903133862,29978.4866836132
"North Carolina",2031,127606.572852994,27726.2082763878,265124.468434674,374757.426307902,2291,1045,42363.8232561541,29486.9703113835,180.262335689851,82.2235446511978,3336,420457.249564057,29749.4561917246
"North Carolina",2032,143306.247814838,32641.6525133347,242597.29554373,371627.372615748,3258,1296,42363.8232561555,29240.6888668691,256.348620548902,101.972931931055,4554,418545.195871903,29599.0104193491
"North Carolina",2033,168750.68755238,36042.9652660782,213028.456729424,369003.286291728,4747,1708,42363.8232561541,29034.2183606188,373.507336324628,134.390252884446,6455,417822.109547882,29542.1159498279
"North Carolina",2034,182875.147558445,37185.1559688449,198121.619004261,366619.099275396,6976,2223,42363.8232561541,28846.6238078971,548.8913373079,174.911904076184,9199,418181.922531551,29570.4270492812
"North Carolina",2035,195860.285840996,37648.8329275049,186314.539540093,364317.83505244,10201,2941,42363.8232561541,28665.553854222,802.643424867817,231.406167291074,13142,419823.658308594,29699.6034463809
"North Carolina",2036,207637.295568007,37805.1035959821,176859.792416519,361930.368324353,14189,3819,42363.8232561555,28477.7012445377,1116.43050244578,300.48968136165,18008,422302.191580508,29894.6214283451
"North Carolina",2037,218781.935934653,37753.7123693722,169556.335719299,359306.160767169,19518,4904,42363.8232561541,28271.2211993204,1535.73123875797,385.860538726769,24422,426091.984023323,30192.8129768051
"North Carolina",2038,229469.56157349,37582.8376963038,164051.997938445,356306.573952084,26195,6239,42363.8232561541,28035.2052563297,2061.09641352931,490.902100553898,32434,431104.397208238,30587.2037704129
"North Carolina",2039,240044.603313629,37440.2089460603,160090.967939387,352795.95694292,34455,7961,42363.8232561555,27758.9800176634,2711.01648895409,626.393912888216,42416,437575.780199076,31096.3904195057
"North Carolina",2040,250249.458458514,37318.5246600437,157560.231463709,348639.391326113,44294,9831,42363.8232561541,27431.9297223628,3485.17673376091,773.530782264043,54125,445128.214582267,31690.6372383877
"North Carolina",2041,255780.275034568,36619.7315498233,153179.906734711,343791.867485798,55579,12076,34133.0458333047,27050.5128870212,4373.112333176,950.173708332884,67655,445579.913319103,32373.7989285301
"North Carolina",2042,266019.733987534,36670.2600324183,152155.969477662,338021.917664309,68171,14520,34133.0458333047,26596.5169762247,5363.88637551847,1142.47451515348,82691,454845.963497614,33102.8778668967
"North Carolina",2043,275911.896029387,36750.3634201337,151725.932399345,331252.146015561,81720,17283,34133.0458333047,26063.8522667135,6429.95987454151,1359.87514086761,99003,464388.191848866,33853.6872821226
"North Carolina",2044,285729.442834731,36826.8870394357,151375.992698131,323433.276738993,96041,20325,34133.0458333047,25448.6415996477,7556.77650894324,1599.22827276133,116366,473932.322572298,34604.6463813522
"North Carolina",2045,295448.101747486,36947.5125007314,151354.0029788,314614.571393713,111487,23515,34133.0458333047,24754.7610133094,8772.11131342401,1850.22646169657,135002,483749.617227017,35377.09878843
"North Carolina",2046,304610.998685655,36980.2028020675,151333.548020574,304886.703674991,127277,26628,34133.0458333047,23989.3449695475,10014.5130072445,2095.16607365751,153905,492924.749508296,36099.0240504495
"North Carolina",2047,313069.558981621,36983.7735129551,151093.763639687,294363.050300958,143167,29484,34133.0458333047,23161.3142680226,11264.7829828498,2319.8842014315,172651,501147.096134263,36745.9814523039
"North Carolina",2048,320762.954513634,36898.2670745737,150441.200777414,283255.376532316,158773,31941,34133.0458333047,22287.3311961691,12492.7070381862,2513.20788488412,190714,508102.422365621,37293.2461192395
"North Carolina",2049,327535.093369836,36749.6470114044,149302.495012082,271781.189560018,173787,33886,34133.0458333047,21384.5098326735,13674.0508653567,2666.24596559855,207673,513587.235393323,37724.8066636287
"North Carolina",2050,333192.727415872,36453.5059903736,147905.959502253,260181.147075194,187937,35301,34133.0458333047,20471.7858028106,14787.4127379064,2777.58215285352,223238,517552.192908498,38036.7806935705
"North Dakota",2020,56.18025606469,41.0933414411675,25793,32589.4728160686,0,0,0,2146.53519736851,0,0,0,25890.2735975059,2146.53519736851
"North Dakota",2021,145.150230001122,106.669777306469,27559,31915.962700901,0,0,0,2440.05438617027,0,0,0,27810.8200073076,2440.05438617027
"North Dakota",2022,206.011698186781,134.577614002764,26429,31313.4117672754,0,0,0,2412.33960385146,0,0,0,26769.5893121895,2412.33960385146
"North Dakota",2023,341.166876875571,200.94947016174,28514,30774.4881998179,0,0,0,2576.54196818225,0,0,0,29056.1163470373,2576.54196818225
"North Dakota",2024,384.984995433393,231.330730619074,27999,30314.5044338827,0,0,0,2742.05024606093,0,0,0,28615.3157260525,2742.05024606093
"North Dakota",2025,3116.8127220484,666.239333178601,32629.236253148,29927.595109408,0,0,6484.693198967,2354.78751462333,0,0,0,36412.288308375,2354.78751462333
"North Dakota",2026,4094.39432510033,870.871173910229,31159.6406217358,29637.2129217793,1,2,6484.693198967,2331.93942584783,0.0786828178480361,0.157365635696072,3,36124.9061207463,2332.17547430137
"North Dakota",2027,5382.56149726846,1264.03792593403,29261.6779613691,29417.5841856045,2,4,6484.69319896709,2314.65841800519,0.157365635696072,0.314731271392145,6,35908.2773845716,2315.13051491228
"North Dakota",2028,6717.25957591631,1323.86254106723,27715.804797713,29259.2337157296,6,7,6484.693198967,2302.19895682787,0.472096907088217,0.550779724936253,13,35756.9269146966,2303.22183345989
"North Dakota",2029,7920.32831881395,1690.50485856108,26055.6887737109,29151.8287521188,17,13,6484.69319896709,2293.74803164011,1.33760790341661,1.02287663202447,30,35666.5219510859,2296.10851617555
"North Dakota",2030,9285.19553249953,1903.69838053257,24433.9065017701,29081.1072158352,31,26,6484.693198967,2288.18346188277,2.43916735328912,2.04575326404894,57,35622.8004148022,2292.66838250011
"North Dakota",2031,10952.6263070584,2409.32484006307,22999.2505073737,29032.6518384864,55,32,7241.54981600872,2284.37085625308,4.32755498164199,2.51785017113716,87,36361.2016544952,2291.21626140586
"North Dakota",2032,12356.949088256,2855.23995765365,21155.8784058818,28993.5176357829,86,47,7241.54981600864,2281.29166691013,6.76672233493111,3.6980924388577,133,36368.0674517915,2291.75648168392
"North Dakota",2033,14609.4135273899,3168.45773301779,18606.0621926025,28950.3836370015,130,62,7241.54981600872,2277.89776234096,10.2287663202447,4.87833470657824,192,36383.9334530102,2293.00486336778
"North Dakota",2034,15849.2568472895,3272.16501334514,17296.6205900847,28890.4926347106,201,85,7241.54981600872,2273.18536951696,15.8152463874553,6.68803951708307,286,36418.0424507193,2295.6886554215
"North Dakota",2035,16955.1860937805,3308.40476179483,16215.8430578113,28809.8840973779,312,116,7241.54981600872,2266.84286265702,24.5490391685873,9.12720687037219,428,36479.4339133866,2300.51910869598
"North Dakota",2036,17931.3501791305,3312.93006247675,15321.9141523714,28702.64457797,460,162,7241.54981600864,2258.40495508534,36.1940962100966,12.7466164913819,622,36566.1943939786,2307.34566778681
"North Dakota",2037,18887.4762490751,3307.48432011453,14687.8415531402,28563.2523063211,834,244,7241.54981600872,2247.43717836576,65.6214700852621,19.1986075549208,1078,36882.8021223298,2332.25725600594
"North Dakota",2038,19840.4819485792,3298.92222334792,14228.5582802084,28386.4126361268,1380,360,7241.54981600872,2233.52293480756,108.58228863029,28.325814425293,1740,37367.9624521355,2370.43103786314
"North Dakota",2039,20820.6919771204,3296.97906117772,13929.0239299324,28166.1451522219,2122,517,7241.54981600864,2216.19166849362,166.964939473533,40.6790168274347,2639,38046.6949682305,2423.83562479459
"North Dakota",2040,21802.8241188373,3300.14743847397,13772.5724647512,27895.9942060537,3042,696,7241.54981600872,2194.9354308048,239.353131893726,54.7632412222331,3738,38875.5440220625,2489.05180392076
"North Dakota",2041,22757.5531153281,3307.46149619359,13673.4502880114,27572.3386175988,4114,913,7139.12628193424,2169.4692970929,323.701112626821,71.837412695257,5027,39738.464899533,2565.00782241498
"North Dakota",2042,23806.986373321,3330.78634850621,13625.3403668205,27184.9868067134,5298,1141,7139.12628193433,2138.9913651139,416.861568958895,89.7770951646092,6439,40763.1130886478,2645.6300292374
"North Dakota",2043,24814.8913296458,3351.07658114163,13678.485317569,26729.3269464221,6571,1405,7139.12628193433,2103.13876332593,517.024796079445,110.549359076491,7976,41844.4532283564,2730.71291848187
"North Dakota",2044,25811.072469079,3368.16051853749,13748.438227152,26202.5449328343,7895,1691,7139.12628193424,2061.69007010518,621.200846910245,133.052644981029,9586,42927.6712147685,2815.94356199645
"North Dakota",2045,26787.8926472392,3394.56063292888,13873.116464669,25607.4434629028,9316,1993,7139.12628193424,2014.86580954547,733.009131072305,156.814855971136,11309,44055.569744837,2904.68979658891
"North Dakota",2046,27750.428622897,3415.32767481183,13971.470936939,24949.1009527135,10763,2286,7139.12628193433,1963.06556573462,846.863168498413,179.868921600611,13049,45137.2272346478,2989.79765583365
"North Dakota",2047,28674.693700021,3432.73334701913,14030.5305151034,24233.8312802093,12215,2550,7139.12628193433,1906.78613238075,961.110620013761,200.641185512492,14765,46137.9575621436,3068.537937907
"North Dakota",2048,29552.6837252814,3443.56179043044,14029.3258128648,23475.4450466424,13631,2780,7139.12628193424,1847.11416650654,1072.52549008658,218.73823361754,16411,47025.5713285766,3138.37789021066
"North Dakota",2049,30321.0488076687,3448.40547836793,13987.8466641131,22686.1746682155,14975,2957,7139.12628193424,1785.01214908793,1178.27519727434,232.665092376643,17932,47757.3009501497,3195.95243873892
"North Dakota",2050,30998.2669397191,3436.90806154667,13920.2120313285,21882.2607506599,16244,3090,7139.12628193433,1721.7579367474,1278.1236931235,243.129907150432,19334,48355.3870325942,3243.01153702133
"Ohio",2020,4073.06856469003,1301.28914563697,397764,496193.899621534,5,6,0,32682.2614243702,0.329329536792958,0.395195444151549,11,403138.357710327,32682.9859493512
"Ohio",2021,7692.96219005946,3493.43520678685,412343,495093.378033008,11,10,0,37851.1148153208,0.840977240743401,0.764524764312183,21,423529.397396846,37852.7203173258
"Ohio",2022,11708.3315136154,3992.46921541532,384543,493769.559498432,21,16,0,38039.2872040592,1.61780939290119,1.23261668030567,37,400243.800729031,38042.1376301324
"Ohio",2023,17194.8105945288,6028.4841048522,408745,491909.839836595,33,27,0,41184.3192540338,2.76286917910522,2.26052932835882,60,431968.294699381,41189.3426525412
"Ohio",2024,19403.243769843,6939.92191857223,401364,489644.059255174,57,47,0,44289.9739987918,5.15584427139041,4.25131018869033,104,427707.165688415,44299.3811532519
"Ohio",2025,41257.8886357312,8888.43674927482,451880.215325781,486858.160618588,98,73,14997.3800921993,38307.3719697823,7.71091614910754,5.74384570290664,171,502026.540710787,38320.8267316343
"Ohio",2026,54929.1993313601,11789.0284397319,432514.095578225,483869.943257117,196,169,14997.3800921993,38072.2506074393,15.4218322982151,13.2973962163181,365,499232.323349316,38100.9698359539
"Ohio",2027,72538.4575236008,17103.2354251068,406428.118961182,480441.431817689,349,282,14997.3800922007,37802.4856663609,27.4603034289646,22.1885546331462,631,496069.811909889,37852.134524423
"Ohio",2028,89876.7339758854,17758.3999196869,384955.288458504,476575.042261877,561,457,14997.3800921993,37498.2672412114,44.1410608127483,35.9580477565525,1018,492590.422354076,37578.3663497807
"Ohio",2029,106489.407142315,22747.2687640334,359607.270580987,472304.566395135,860,682,14997.3800922007,37162.2541664641,67.6672233493111,53.6616817723607,1542,488843.946487336,37283.5830715858
"Ohio",2030,123670.489328771,25392.2407672598,335881.966594307,467626.316598138,1369,952,14997.3800921993,36794.1562898394,107.716777633961,74.9060425913304,2321,484944.696690338,36976.7791100647
"Ohio",2031,133989.246487068,29444.4183389298,287374.906939479,462562.074322072,2018,1184,-14955.5025565961,36395.6874372934,158.781926417337,93.1604563320748,3202,450808.571765476,36647.6298200428
"Ohio",2032,150042.043113825,34562.0585972831,261794.785144997,457037.389412701,2886,1431,-14955.5025565961,35960.9896609015,227.078612309432,112.59511234054,4317,446398.886856105,36300.6633855515
"Ohio",2033,175693.525074954,37948.043652169,228586.417651849,451170.488935568,4186,1827,-14955.5025565961,35499.3653993267,329.366275511879,143.753508208362,6013,442227.986378972,35972.485183047
"Ohio",2034,188776.438940725,38812.6408626081,210802.41330876,444977.995668689,6057,2312,-14955.5025565961,35012.1225795837,476.581827705555,181.91467486466,8369,438391.493112093,35670.6190821539
"Ohio",2035,200245.816759693,38904.9336666229,196173.738302125,438558.991285037,8697,3024,-14955.5025565961,34507.057226899,684.30446682437,237.936841172461,11721,435324.488728441,35429.2985348959
"Ohio",2036,210094.820062789,38648.7663604514,184188.628204248,431948.717184084,12028,3911,-14955.5025565961,33986.9422338882,946.396933076179,307.728500603669,15939,432932.214627488,35241.067667568
"Ohio",2037,219397.160115857,38241.3771511454,174964.392120218,425142.431943817,17360,5056,-14955.5025565961,33451.4045321064,1365.93371784191,397.820327039671,22416,432602.92938722,35215.158576988
"Ohio",2038,228327.952084947,37774.3517062151,167959.939185953,418089.745533711,24419,6509,-14955.5025565961,32896.4792919608,1921.35572903119,512.146461372867,30928,434062.242977115,35329.9814823648
"Ohio",2039,237411.719112201,37413.8261488119,162915.668011425,410692.715829034,33588,8416,-14955.5025565961,32314.4601510911,2642.79848587984,662.194595009072,42004,437741.213272438,35619.45323198
"Ohio",2040,246404.496467141,37129.5715184267,159611.414578639,402817.985120802,44775,10508,-14955.5025565961,31694.854149173,3523.02316914582,826.799049947164,55283,443145.482564206,36044.676368266
"Ohio",2041,249989.660171362,36166.0353697167,154023.000386722,394355.983355077,57698,13017,-24892.2874272771,31029.0400056107,4539.84122419599,1024.21423992789,70715,440178.6959278,36593.0954697346
"Ohio",2042,259187.55542887,36110.6124348936,152645.381626225,385100.836917265,71995,15740,-24892.2874272757,30300.8190042874,5664.76947096936,1238.46755292809,87735,447943.549489989,37204.0560281849
"Ohio",2043,267803.027366527,36057.3222835699,151698.226048346,374952.863125719,86786,18712,-24892.2874272771,29502.3478309206,6828.56702975966,1472.31288757245,105498,455558.575698442,37803.2277482527
"Ohio",2044,276072.182480115,35984.1689059554,150820.064349213,363851.70316256,101997,21920,-24892.2874272771,28628.8772836375,8025.41137204614,1724.72736722895,123917,462876.415735283,38379.0160229126
"Ohio",2045,283997.091630237,35923.133247094,150174.945614493,351819.457919101,117948,25220,-24892.2874272771,27682.1463228434,9280.48099954017,1984.38066612747,143168,470095.170491824,38947.0079885111
"Ohio",2046,291055.615800184,35753.9474465566,149445.110939125,338955.961613142,133829,28362,-24892.2874272757,26670.0101861128,10530.0428297848,2231.602079806,162191,476254.674185866,39431.6550957036
"Ohio",2047,297257.902063873,35537.362019351,148328.286871344,325403.838381845,149434,31178,-24892.2874272771,25603.6909424505,11757.8882023034,2453.17289486607,180612,481123.550954568,39814.75203962
"Ohio",2048,302388.231194256,35241.8751742029,146833.239545741,311389.633341477,164448,33518,-24892.2874272771,24501.0137999742,12939.2320294738,2637.29068863048,197966,484463.3459142,40077.5365180785
"Ohio",2049,306462.091674361,34884.6390703817,144765.877731502,297145.895903521,178576,35283,-24892.2874272757,23380.2764016683,14050.8628800309,2776.16586213226,213859,486112.608476246,40207.3051438314
"Ohio",2050,309207.187198717,34375.6372838666,142539.183684577,282931.295594437,191610,36473,-24892.2874272771,22261.831594766,15076.4147278622,2869.79841537142,228083,486122.00816716,40208.0447379996
"Oklahoma",2020,955.064353099731,246.560048647005,142419,143965.670493473,1,0,0,9482.42951554062,0.0658659073585915,0,1,143620.624401747,9482.49538144798
"Oklahoma",2021,2576.41658251991,1840.05365853659,156083,143279.370636964,2,0,0,10954.0627067023,0.152904952862437,0,2,160499.470241056,10954.2156116551
"Oklahoma",2022,5596.65113407422,2579.4042683863,152604,143127.577895024,4,1,0,11026.3399953222,0.308154170076416,0.0770385425191041,5,160780.055402461,11026.7251880348
"Oklahoma",2023,7778.60479276301,8289.16564417178,163112,143434.610302409,10,4,0,12008.8201218634,0.83723308457734,0.334893233830936,14,179179.770436935,12009.9922481819
"Oklahoma",2024,8777.65789588136,9542.39263803681,160166,144257.968584543,18,10,0,13048.6249285795,1.62816134886013,0.904534082700071,28,178486.050533918,13051.1576240111
"Oklahoma",2025,13437.488032264,2869.7520338668,142221.386541555,145566.032248148,31,15,12916.5943595372,11453.5456002424,2.43916735328912,1.18024226772054,46,158528.626607686,11457.1650098634
"Oklahoma",2026,18131.8938706984,3860.48549087514,138345.440099325,147318.225101362,64,39,12916.5943595372,11591.4130713464,5.03570034227431,3.06862989607341,103,160337.819460899,11599.5174015848
"Oklahoma",2027,24300.6695524186,5690.90431755542,132648.882244734,149548.86175517,111,64,12916.5943595372,11766.9258488632,8.73379278113201,5.03570034227431,175,162640.456114708,11780.6953419866
"Oklahoma",2028,30936.0799140896,6077.05023239922,128404.587098489,152219.122885441,176,106,12916.5943595372,11977.029518983,13.8481759412544,8.34037869189183,282,165417.717244978,11999.2180736161
"Oklahoma",2029,37797.4478266986,8026.99592118919,122799.546844747,155265.396233098,282,160,12916.5943595372,12216.718889912,22.1885546331462,12.5892508556858,442,168623.990592635,12251.4966954008
"Oklahoma",2030,45207.3753915705,9228.14731543781,117795.982174804,158569.910522275,507,238,12916.5943595372,12476.7273858036,39.8921886489543,18.7265106478326,745,172231.504881813,12535.3460851004
"Oklahoma",2031,51108.7856223586,11180.606781112,105624.482331178,161976.531910464,758,323,4856.34282418442,12744.7699559676,59.6415759288114,25.4145501649157,1081,167913.874734648,12829.8260820614
"Oklahoma",2032,58858.8780675047,13511.0308261605,99248.5966900264,165257.162759507,1066,439,4856.34282418479,13002.8992354895,83.8758838260065,34.5417570352879,1505,171618.505583692,13121.3168763508
"Oklahoma",2033,70846.7248163699,15257.5014933931,89176.917582738,168203.801068317,1535,686,4856.34282418442,13234.7490408057,120.778125396735,53.9764130437528,2221,175281.143892501,13409.5035792461
"Oklahoma",2034,78267.7335714977,16039.5701773117,84484.9125724439,170568.873497068,2306,1061,4856.34282418479,13420.8396039146,181.442577957571,83.4824697367663,3367,178792.216321253,13685.7646516089
"Oklahoma",2035,85165.1542201733,16488.3177717725,80629.5064106774,172160.635578439,3390,1876,4856.34282418442,13546.0839298204,266.734752504843,147.608966282916,5266,182282.978402623,13960.4276486082
"Oklahoma",2036,91321.1305365657,16734.4980523772,77287.6102053767,172819.895970135,4758,2909,4856.34282418442,13597.9563951347,374.372847320956,228.888317119937,7667,185343.23879432,14201.2175595756
"Oklahoma",2037,96453.2083028197,16757.7230457449,74366.3796812575,172451.968205637,6646,3623,4856.34282418479,13569.0068018595,522.926007418048,285.067849063435,10269,187577.311029822,14377.000658341
"Oklahoma",2038,100815.23426563,16640.8915506407,71813.172772229,171033.955764316,9091,4288,4856.34282418442,13457.4335872327,715.305497056497,337.391922932379,13379,189269.2985885,14510.1310072216
"Oklahoma",2039,104587.531124928,16445.0350705313,69522.9568538087,168609.180225083,12197,4893,4856.34282418479,13266.6454151569,959.694329292497,384.995027730441,17090,190555.523049268,14611.3347721799
"Oklahoma",2040,107740.173455206,16190.9939247741,67558.2054989674,165273.030054763,16003,5357,4856.34282418442,13004.147718992,1259.16113402212,421.50385521193,21360,191489.372878948,14684.812708226
"Oklahoma",2041,108370.535603849,15620.2206117524,64525.9677641241,161174.212819998,20538,5847,957.511159727923,12681.6412291165,1615.98771296297,460.058435957467,26385,188516.723979726,14757.687378037
"Oklahoma",2042,111104.148208096,15407.0628607933,63082.3099240598,156431.009833221,25750,6455,957.511159728295,12308.4326524917,2026.08255958693,507.897589209073,32205,189593.52099295,14842.4128012877
"Oklahoma",2043,113655.479465593,15227.3487032064,62054.6950442367,151195.012053308,31499,7286,957.511159727923,11896.4495929221,2478.43007939529,573.283010840791,38785,190937.523213036,14948.1626831582
"Oklahoma",2044,116369.472347929,15089.7036123057,61237.6682997328,145606.333100239,37743,8390,957.511159728295,11456.7165848466,2969.72559403843,660.148841745023,46133,192696.844259967,15086.59102063
"Oklahoma",2045,119297.538363182,15012.681061808,60781.0561631087,139795.764428371,44654,9684,957.511159727923,10999.5246684445,3513.50254818621,761.964408040382,54338,195091.275588099,15274.991624671
"Oklahoma",2046,122365.722077508,14946.2886094269,60450.4682556397,133877.967782847,51885,11042,957.511159727923,10533.895752923,4082.45800404536,868.815674678015,62927,197762.478942575,15485.1694316464
"Oklahoma",2047,125491.763972513,14909.0410278385,60175.3102444641,127942.604085088,59324,12352,957.511159728295,10066.8846122304,4667.7794860169,971.890166058942,71676,200576.115244816,15706.5542643062
"Oklahoma",2048,128667.333676649,14876.9274434141,59786.634903002,122079.384863337,66759,13535,957.511159727923,9605.55000220224,5252.78623671704,1064.97193957317,80294,203330.896023065,15923.3081784925
"Oklahoma",2049,131623.381398467,14836.105488524,59322.2785130685,116354.254240331,73964,14506,957.511159728295,9155.08059223608,5819.69593931215,1141.37295570361,88470,205781.76540006,16116.1494872518
"Oklahoma",2050,134117.592827826,14741.2660790306,58887.6387955421,110828.986542671,80718,15242,957.511159727923,8720.33696041942,6351.11969105778,1199.28350963977,95960,207746.497702399,16270.740161117
"Oregon",2020,6404.54919137466,1616.33809668592,139716,255770.992843587,18,6,0,16846.5885196507,1.18558633245465,0.395195444151549,24,147736.887288061,16848.1693014273
"Oregon",2021,10995.129922585,4506.7980911983,144810,237435.524514861,30,9,0,18152.5338419064,2.29357429293655,0.688072287880965,39,160311.928013783,18155.5154884872
"Oregon",2022,16137.5830246312,5046.66052510364,136395,221179.141773867,47,18,0,17039.318717885,3.62081149839789,1.38669376534387,65,157579.243549735,17044.3262231487
"Oregon",2023,21971.1468707868,7234.18092582265,145436,206793.271845264,82,29,0,17313.4168856851,6.86531129353418,2.42797594527428,111,174641.327796609,17322.7101729239
"Oregon",2024,24793.0337059105,8327.90630228667,142810,194193.864558186,129,49,0,17565.496914412,11.6684896668309,4.43221700523035,178,175930.940008197,17581.5976210841
"Oregon",2025,22411.7362584052,4495.37733090104,180676.211514929,183198.776157207,207,77,24100.5489470281,14414.5959343607,16.2873432945435,6.05857697429878,284,207583.325104235,14436.9418546295
"Oregon",2026,27947.3792466768,5649.73973989423,164964.32934814,173844.899387684,446,170,24100.5489470274,13678.6065523313,35.0925367602241,13.3760790341661,616,198561.448334711,13727.0751681257
"Oregon",2027,29980.0007310398,6688.14210408574,154304.077298288,165810.671186386,777,284,24100.5489470274,13046.450838219,61.1365494679241,22.3459202688423,1061,190972.220133413,13129.9333079558
"Oregon",2028,36239.2277931943,6794.85521122393,141742.696275539,158982.23033293,1229,465,24100.5489470274,12509.1698703604,96.7011831352364,36.5875102993368,1694,184776.779279957,12642.458563795
"Oregon",2029,42100.8993629793,8556.16561112216,129160.300496431,153225.816523505,1793,698,24100.5489470274,12056.2390111356,141.078292401529,54.9206068579292,2491,179817.365470533,12252.237910395
"Oregon",2030,48110.2919718478,9419.98636219649,118629.259988576,148420.989375593,2653,985,24100.5489470274,11678.1816718651,208.74551575084,77.5025755803156,3638,176159.538322621,11964.4297631963
"Oregon",2031,53912.7583431593,11327.5811297391,105424.525540998,144465.242050226,3580,1247,21372.6229636703,11366.9323256104,281.684487895969,98.1174738565011,4827,170664.865013896,11746.7342873629
"Oregon",2032,59934.4290680557,13235.3086718587,95576.5933096962,141247.70808594,4606,1520,21372.6229636703,11113.7676867786,362.413059008054,119.597883129015,6126,168746.331049611,11595.7786289157
"Oregon",2033,70079.1305661146,14544.3546497837,83416.729308722,138687.591560949,6005,1975,21372.622963671,10912.330504573,472.490321177457,155.398565249871,7980,168040.21452462,11540.2193910003
"Oregon",2034,75802.6006649686,15011.4700755064,77590.7668065436,136686.214583348,7842,2504,21372.6229636703,10754.8565243992,617.030657564299,197.021775891482,10346,168404.837547019,11568.908957855
"Oregon",2035,81396.6221626273,15267.9993673208,73339.6016453108,135175.600211589,10238,3218,21372.6229636703,10635.9971289474,805.554689128194,253.20130783498,13456,170004.223175259,11694.7531259106
"Oregon",2036,86269.2511734802,15403.0211045471,70848.6115146242,134064.260828981,13024,4060,21372.6229636703,10548.5538147383,1024.76501965282,319.452240463027,17084,172520.883792652,11892.7710748542
"Oregon",2037,91247.6548195681,15471.7325459022,68380.1673627152,133249.931764515,15797,4680,21372.6229636703,10484.4801092906,1242.95247354543,368.235587528809,20477,175099.554728185,12095.6681703648
"Oregon",2038,96170.5200501445,15505.8640731484,66453.3820917204,132611.143251342,18886,5260,21372.622963671,10434.2184290652,1486.00369787801,413.87162188067,24146,178129.766215013,12334.0937488239
"Oregon",2039,100642.747199621,15487.8674178921,64997.2579407271,132017.24959457,21965,5773,21372.6229636703,10387.4892026483,1728.26809403211,454.235907436713,27738,181127.87255824,12569.9932041171
"Oregon",2040,104749.855744346,15440.9488292907,63983.7327101161,131332.914320083,25291,6178,21372.6229636703,10333.6437748988,1989.96714619468,486.102448665167,31469,184174.537283753,12809.7133697587
"Oregon",2041,106468.198232721,15096.1520508872,62715.3301395673,130460.289129621,28924,6636,18259.3912935546,10264.9831659881,2275.8218234366,522.139179239568,35560,184279.680423176,13062.9441686643
"Oregon",2042,110328.410332084,15093.8865718731,62264.2975447693,129251.203155171,32997,7179,18259.3912935553,10169.8488744979,2596.29694053165,564.863949331051,40176,187686.594448727,13331.0097643606
"Oregon",2043,114286.904098239,15130.3905919296,61906.3777778271,127608.281174441,37545,7911,18259.3912935546,10040.5791435495,2954.14639610452,622.459771995814,45456,191323.672467996,13617.1853116499
"Oregon",2044,118126.826555146,15168.6147401908,61849.9911955304,125475.041197312,42565,8846,18259.3912935546,9872.72981100295,3349.13414170166,696.028206683728,51411,195145.432490867,13917.8921593883
"Oregon",2045,122150.606973226,15237.4349857345,61863.3642035802,122835.014868985,48233,9924,18259.3912935553,9665.00510029716,3795.10835326433,780.848284323911,58157,199251.40616254,14240.9617378854
"Oregon",2046,127177.30142941,15294.5441017918,60750.2386414356,119715.692879083,54208,11039,18259.3912935546,9419.56805635634,4265.23818990634,868.579626224471,65247,203222.084172638,14553.3858724872
"Oregon",2047,130794.571575971,15328.936535272,60772.0284939803,116158.145311669,60375,12103,18259.3912935546,9139.65018912374,4750.47512757518,952.298144414782,72478,206895.536605223,14842.4234611137
"Oregon",2048,134096.169947431,15328.1490389019,60672.5950519196,112260.522744698,66544,13033,18259.3912935546,8832.97426264636,5235.86943087972,1025.47316501345,79577,210096.914038252,15094.3168585395
"Oregon",2049,137110.49085802,15304.9911241493,60332.2553391713,108111.346027785,72577,13800,18259.3912935553,8506.5053468102,5710.56287095692,1085.8228863029,86377,212747.73732134,15302.89110407
"Oregon",2050,139642.993382205,15223.4601063379,59977.2382268586,103833.300421846,78375,14376,18259.3912935546,8169.89666365256,6166.76584883983,1131.14418938337,92751,214843.691715401,15467.8067018758
"Pennsylvania",2020,4915.77240566038,1753.31590148981,402606,568427.04969972,6,6,0,37439.9633956392,0.395195444151549,0.395195444151549,12,409275.08830715,37440.7537865275
"Pennsylvania",2021,9725.06541007517,4746.80509013786,414179,559496.756631709,15,13,0,42774.9125997288,1.14678714646827,0.993882193605838,28,428650.870500213,42777.0532690689
"Pennsylvania",2022,16274.9241567557,5697.11899278366,386863,549687.97521509,26,21,0,42347.1604508479,2.00300210549671,1.61780939290119,47,408835.043149539,42350.7812623463
"Pennsylvania",2023,23949.9147566651,9771.16798661461,411022,539082.827645765,44,36,0,45133.7978632538,3.68382557214029,3.01403910447842,80,444743.08274328,45140.4957279304
"Pennsylvania",2024,27025.9466794242,11248.4567763525,403600,528137.965393813,71,59,0,47771.8790066575,6.42219198717051,5.33675108793042,130,441874.403455777,47783.6379497326
"Pennsylvania",2025,56666.0323937803,12029.8187068933,464276.86153852,517006.029606899,121,93,15752.6830322944,40679.491253896,9.52062095961237,7.31750205986736,214,532972.712639193,40696.3293769155
"Pennsylvania",2026,72605.7792961946,15371.0085227977,434437.065007176,506201.169793874,247,213,15752.6830322944,39829.3344373542,19.4346560084649,16.7594402016317,460,522413.852826169,39865.5285335643
"Pennsylvania",2027,76889.1790875291,17901.6326639119,417326.792839772,495569.921558918,438,357,15752.6830322944,38992.8378689859,34.4630742174398,28.0897659717489,795,512117.604591213,39055.3907091751
"Pennsylvania",2028,94947.1438063036,18513.3442939869,388822.822223482,485244.627291478,705,581,15752.6830322944,38180.4146209136,55.4713865828655,45.714717169709,1286,502283.310323772,38281.6007246661
"Pennsylvania",2029,111761.777965608,23544.9425736835,357607.701809584,475208.739316582,1074,879,15752.6830322944,37390.7626754415,84.5053463687908,69.1621968884238,1953,492914.422348876,37544.4302186987
"Pennsylvania",2030,128402.136916684,25984.7512682341,329740.564913763,465439.770066386,1706,1229,15752.6830322944,36622.1126473653,134.23288724875,96.7011831352364,2935,484127.453098681,36853.0467177493
"Pennsylvania",2031,137064.695143876,29687.9848851063,278821.207523248,455936.972320331,2503,1546,-14412.0847681013,35874.4057432657,196.943093073634,121.643636393064,4049,445573.88755223,36192.9924727324
"Pennsylvania",2032,151660.480445618,34437.6843922151,251558.276212924,446614.525818859,3568,1886,-14412.0847681026,35140.8893832923,280.740294081793,148.395794461396,5454,437656.441050757,35570.0254718355
"Pennsylvania",2033,175885.279888062,37438.4947260044,217480.306954587,437592.166336755,5195,2429,-14412.0847681013,34430.9847156024,408.757238720548,191.12056455288,7624,430804.081568654,35030.8625188759
"Pennsylvania",2034,187858.969639691,38048.3695655136,199334.460440151,428903.884413458,7638,3112,-14412.0847681026,33747.3662116193,600.9793627233,244.860929143088,10750,425241.799645356,34593.2065034857
"Pennsylvania",2035,198514.038300077,37992.6412186981,185025.617218604,420671.38150548,11099,4174,-14412.0847681013,33099.6096848774,873.300595295353,328.422081697703,15273,421532.296737379,34301.3323618705
"Pennsylvania",2036,208034.914966802,37705.2977629033,173712.745609789,412944.043107595,15423,5498,-14412.0847681013,32491.6009252665,1213.52509967026,432.598132528503,20921,419452.958339494,34137.7241574652
"Pennsylvania",2037,217653.276283873,37390.8442321957,165616.109447479,405707.31473165,22333,7032,-14412.0847681026,31922.1947446463,1757.22337100019,553.29757510739,29365,420660.229963547,34232.7156907539
"Pennsylvania",2038,227421.309524893,37098.8274058879,159943.90730146,398869.129000342,31162,8845,-14412.0847681013,31384.1470223388,2451.9139697805,695.94952386588,40007,424464.044232241,34532.0105159851
"Pennsylvania",2039,237142.109401306,36863.4154726368,155889.562289353,392254.171931398,41210,10843,-14412.0847681026,30863.6635602104,3242.51892351757,853.157793926256,52053,429895.087163295,34959.3402776543
"Pennsylvania",2040,246842.776761771,36705.4174682392,153468.94084708,385619.219845192,52942,12868,-14412.0847681013,30341.606833781,4165.62574251073,1012.49050006853,65810,437017.13507709,35519.7230763603
"Pennsylvania",2041,250832.642262457,35814.7344194652,148524.690132919,378679.220471907,65866,15151,-24524.153657067,29795.5481272274,5182.52248037875,1192.1233732156,81017,435172.06681484,36170.1939808218
"Pennsylvania",2042,260399.301503279,35807.3139902184,147629.013150497,371148.782301061,79666,17545,-24524.153657067,29203.0320323148,6268.34536668165,1380.49003914379,97211,443835.628643994,36851.8674381403
"Pennsylvania",2043,269053.754093283,35801.8377336746,147094.363046261,362791.108530287,93553,20130,-24524.1536570683,28545.4267093757,7361.01365813733,1583.88512328097,113683,451949.954873219,37490.325490794
"Pennsylvania",2044,277179.396160475,35759.815478869,146576.876673716,353417.241970127,107663,22960,-24524.153657067,27807.8644742908,8471.22821797312,1806.55749779091,130623,459516.08831306,38085.6501900549
"Pennsylvania",2045,284860.214480733,35717.5887820757,146170.231189231,342931.188109107,122442,25899,-24524.153657067,26982.7922083995,9634.08158294924,2037.80629944629,148341,466748.03445204,38654.680090795
"Pennsylvania",2046,291589.183435525,35555.5292666603,145600.489584308,331383.35594356,137172,28714,-24524.153657067,26074.176233578,10793.0794898508,2259.29843168851,165886,472745.202286493,39126.5541551174
"Pennsylvania",2047,298059.186506251,35379.9949463142,143825.423156358,318882.75826599,151674,31232,-24524.153657067,25090.5939835222,11934.137714283,2457.42176702986,182906,477264.604608923,39482.1534648351
"Pennsylvania",2048,303034.54520884,35061.7170751944,141988.252370922,305619.668312025,165675,33314,-24524.1536570683,24047.0166925723,13035.7758469734,2621.23939378948,198989,480084.514654956,39704.0319333351
"Pennsylvania",2049,306661.269767208,34651.3690840849,139851.602721422,291852.395229782,178964,34872,-24524.153657067,22963.768852378,14081.3918133559,2743.82722399672,213836,481164.241572715,39788.9878897307
"Pennsylvania",2050,308989.80292238,34095.6546796762,137567.725373572,277854.336632695,191403,35920,-24524.153657067,21862.3621575573,15060.1273845677,2826.28681710146,227323,480653.182975628,39748.7763592264
"Rhode Island",2020,449.44204851752,219.164487686227,36076,36713.6545558943,0,0,0,2418.17816977386,0,0,0,36744.6065362037,2418.17816977386
"Rhode Island",2021,907.188937507012,640.018663838812,36559,37230.7588501609,0,0,0,2846.3837135083,0,0,0,38106.2076013458,2846.3837135083
"Rhode Island",2022,1476.4171703386,762.606479348994,34100,37802.5167429987,0,1,0,2912.25079343465,0,0.0770385425191041,1,36339.0236496876,2912.32783197717
"Rhode Island",2023,2183.46801200365,1281.05287228109,36193,38389.3758510018,1,1,0,3214.08555587331,0.083723308457734,0.083723308457734,2,39657.5208842847,3214.25300249022
"Rhode Island",2024,2463.90397077372,1474.7334076966,35539,38991.3190048667,3,5,0,3526.89769693329,0.271360224810021,0.452267041350036,8,39477.6373784703,3527.62132419945
"Rhode Island",2025,3501.86985505507,721.095094413707,37909.2952652263,39589.0862187718,9,6,2528.17399592331,3114.98085972182,0.708145360632325,0.472096907088217,15,42132.2602146951,3116.16110198954
"Rhode Island",2026,4745.0140923474,985.759969889072,37037.0070042644,40192.6070705776,23,24,2528.17399592331,3162.46758097195,1.80970481050483,1.88838762835287,47,42767.7810665009,3166.1656734108
"Rhode Island",2027,5819.10524444411,1335.11938508891,36235.0561415403,40783.10677515,41,37,2528.17399592331,3208.92976166614,3.22599553176948,2.91126426037734,78,43389.2807710733,3215.06702145829
"Rhode Island",2028,7506.64711100953,1450.243691019,35048.6113566061,41352.3281627111,61,64,2528.17399592348,3253.71770441882,4.7996518887302,5.03570034227431,125,44005.5021586346,3263.55305664982
"Rhode Island",2029,9140.87853795464,1915.33292155747,33549.15002,41885.1874835889,96,96,2528.17399592331,3295.64457730207,7.55355051341147,7.55355051341147,192,44605.3614795122,3310.75167832889
"Rhode Island",2030,10881.5565580523,2197.73169853577,32096.3077688693,42361.4220295341,149,137,2528.17399592331,3333.11605333362,11.7237398593574,10.779546045181,286,45175.5960254574,3355.61933923816
"Rhode Island",2031,12184.9934249556,2642.06021357368,28520.3339553546,42758.2080283097,217,175,197.179565574111,3364.33629379993,17.0741714730238,13.7694931234063,392,43347.3875938838,3395.17995839636
"Rhode Island",2032,13942.6218089792,3176.82596740327,26643.7490888955,43042.0172997037,311,213,197.179565574282,3386.66720700461,24.4703563507392,16.7594402016317,524,43763.196865278,3427.89700355698
"Rhode Island",2033,16710.2259142204,3579.58238681631,23840.4731151955,43195.1018506579,453,285,197.179565574282,3398.71233084269,35.6433164851604,22.4246030866903,738,44130.2814162322,3456.78025041454
"Rhode Island",2034,18250.7594053065,3732.78123886688,22438.0021121041,43194.3631907034,659,371,197.179565574111,3398.65421099603,51.8519769618558,29.1913254216214,1030,44421.5427562775,3479.69751337951
"Rhode Island",2035,19585.1779451884,3796.81015328091,21301.798857798,43032.6073906933,956,498,197.179565574111,3385.92680884797,75.2207738627226,39.184043288322,1454,44683.7869562674,3500.33162599902
"Rhode Island",2036,20716.0864802269,3816.50162650376,20352.6101348455,42707.0186760019,1324,657,197.179565574282,3360.30857131654,104.1760508308,51.6946113261597,1981,44885.1982415762,3516.1792334735
"Rhode Island",2037,21708.2558943256,3798.89330598793,19490.6905335945,42222.6601683339,1805,773,197.179565574111,3322.19787908455,142.022486215705,60.8218181965319,2578,44997.839733908,3525.04218349679
"Rhode Island",2038,22606.9682424103,3763.72588684657,18730.4331327972,41590.9476964797,2417,896,197.179565574282,3272.49296172931,190.176370738703,70.4998047918404,3313,45101.127262054,3533.16913725986
"Rhode Island",2039,23433.357526365,3721.72048579472,18038.701212982,40827.5996595676,3152,1017,197.179565574111,3212.4305871863,248.00824185701,80.0204257514528,4169,45193.7792251417,3540.45925479476
"Rhode Island",2040,24105.7748799993,3669.2876410839,17569.0295094162,39949.9124649251,4059,1138,197.179565574282,3143.37168552269,319.373557645179,89.5410467110651,5197,45344.0920304994,3552.28628987893
"Rhode Island",2041,24211.2763749387,3543.35596950798,16842.367830387,38982.1980861928,5109,1283,-777.197911359119,3067.22919133197,401.990516385617,100.95005529903,6392,44597.0001748337,3570.16976301662
"Rhode Island",2042,24790.592727074,3501.76562330483,16636.3677824544,37929.9240441926,6318,1458,-777.197911359289,2984.43330455905,497.118043163892,114.719548422437,7776,44928.7261328333,3596.27089614538
"Rhode Island",2043,25459.7280742753,3480.020729658,16414.0645749181,36808.0112902105,7645,1678,-777.197911359119,2896.15804769609,601.530142448236,132.029768349005,9323,45353.8133788514,3629.71795849333
"Rhode Island",2044,26108.5801637287,3462.87275024246,16312.1111527886,35627.7619781188,9074,1959,-777.197911359119,2803.29270605751,713.96788915308,154.139640164303,11033,45883.5640667597,3671.40023537489
"Rhode Island",2045,26834.7240735495,3459.29736312434,16249.4352272488,34401.6545752817,10653,2266,-777.197911359119,2706.81912061795,838.208058535129,178.29526524365,12919,46543.4566639226,3723.32244439673
"Rhode Island",2046,27547.1116658868,3454.27854602758,16244.2260305274,33141.814153801,12297,2584,-777.197911359289,2607.69132621699,967.5626110773,203.316401319325,14881,47245.6162424417,3778.57033861362
"Rhode Island",2047,28268.8080264661,3454.46584726096,16201.5873178256,31860.0591029117,13954,2888,-777.197911359119,2506.83922702207,1097.9400402515,227.235977945128,16842,47924.8611915526,3832.0152452187
"Rhode Island",2048,28937.085808842,3449.75134148864,16140.345477604,30571.3805392937,15582,3151,-777.197911359119,2405.44236633624,1226.0356677081,247.929559039162,18733,48527.1826279346,3879.40759308351
"Rhode Island",2049,29551.0398152853,3441.05622823199,15999.0745985235,29290.3685534,17122,3356,-777.197911359289,2304.64873358902,1347.20720719407,264.059536698009,20478,48991.1706420407,3915.9154774811
"Rhode Island",2050,30084.1640906712,3418.56262670645,15800.1818430535,28032.1064717903,18539,3509,-777.197911359119,2205.64512741663,1458.70076008474,276.098007828759,22048,49302.9085604312,3940.44389533013
"South Carolina",2020,1235.96563342318,410.933414411675,182922,250724.791250551,0,0,0,16514.215873011,0,0,0,184568.899047835,16514.215873011
"South Carolina",2021,2685.27925502076,1253.36988335101,191616,245005.521039889,1,1,0,18731.2788228205,0.0764524764312183,0.0764524764312183,2,195554.649138372,18731.4317277733
"South Carolina",2022,4635.26320920258,1502.78335636419,183950,239748.34237112,3,4,0,18469.8628676422,0.231115627557312,0.308154170076416,7,190088.046565567,18470.4021374399
"South Carolina",2023,7130.38772669943,2260.68153931958,198409,234825.275278454,8,6,0,19660.3489558103,0.669786467661872,0.502339850746404,14,207800.069266019,19661.5210821287
"South Carolina",2024,8046.18640455791,2602.47071946458,194826,230286.73865268,21,14,0,20830.2203905193,1.89952157367015,1.2663477157801,35,205474.657124022,20833.3862598088
"South Carolina",2025,21524.9173970167,4680.32799287219,231333.317685709,226057.043320985,34,21,31426.5197546126,17786.8051628907,2.67521580683323,1.65233917480876,55,257538.563075598,17791.1327178724
"South Carolina",2026,28229.4451676985,6119.98418270968,219510.547858586,222316.457454381,71,46,31426.5197546126,17492.4853265038,5.58648006721057,3.61940962100966,117,253859.977208994,17501.691216192
"South Carolina",2027,36922.5488367777,8811.21880101284,204777.77717692,218882.025060099,120,83,31426.5197546119,17222.254508013,9.44193814176434,6.530673881387,203,250511.54481471,17238.2271200362
"South Carolina",2028,45736.8909156117,9154.9086602812,192586.574425798,215727.854247078,193,131,31426.5197546126,16974.0754604705,15.185783844671,10.3074491380927,324,247478.374001691,16999.5686934533
"South Carolina",2029,54054.2305441708,11700.8277693385,179016.322958809,212839.861517706,304,201,31426.5197546119,16746.8400545989,23.919576625803,15.8152463874553,505,244771.381272318,16786.5748776122
"South Carolina",2030,62578.478460081,13018.198140229,166794.361851871,210184.518697568,492,288,31426.5197546126,16537.9101991579,38.7119463812338,22.6606515402344,780,242391.038452181,16599.2827970794
"South Carolina",2031,70819.8832763304,15795.7291788403,150201.274670762,207738.788367845,733,369,27976.0987580884,16345.4732451188,57.6745054826105,29.0339597859253,1102,236816.887125933,16432.1817103874
"South Carolina",2032,79357.4951749034,18574.0964281694,137033.107260271,205460.600105256,1065,463,27976.0987580877,16166.21897303,83.7972010081585,36.4301446636407,1528,234964.698863343,16286.4463187018
"South Carolina",2033,93158.3499747117,20462.1985124815,119922.89572358,203340.345452685,1596,631,27976.0987580884,15999.3913624104,125.577777285466,49.6488580621108,2227,233543.444210774,16174.6179977579
"South Carolina",2034,100577.668359571,21016.156074939,110963.246070187,201339.971746608,2406,835,27976.0987580884,15841.9963224671,189.310859742375,65.7001529031102,3241,232557.070504697,16097.0073351126
"South Carolina",2035,107216.941251558,21161.7823668275,103812.379620489,199461.004480786,3604,1150,27976.0987580884,15694.153883348,283.572875524322,90.4852405252416,4754,232191.103238875,16068.2119993976
"South Carolina",2036,113129.336641147,21138.7893428372,98086.5982579704,197670.625483866,5158,1550,27976.0987580877,15553.2818188544,405.84597446017,121.958367664456,6708,232354.724241954,16081.0861609791
"South Carolina",2037,118971.948999646,21063.9576193976,93923.1805145413,195915.988375497,7919,2148,27976.0987580884,15415.2220268672,623.089234538598,169.010692737582,10067,233959.087133585,16207.3219541434
"South Carolina",2038,124797.03645036,20967.3259513763,90881.1676934304,194124.431337078,11618,2927,27976.0987580884,15274.2572707489,914.136977758484,230.304607841202,14545,236645.530095167,16418.6988563486
"South Carolina",2039,130812.9183186,20932.530451095,88854.2436518881,192203.593663495,16447,3973,27976.0987580877,15123.1203499627,1294.09630514665,312.606835310248,20420,240599.692421583,16729.8234904196
"South Carolina",2040,136827.40957171,20938.2331427647,87741.880659058,190049.424615444,22344,5138,27976.0987580884,14953.6242591411,1758.08888199652,404.27231810321,27482,245507.523373533,17115.9854592408
"South Carolina",2041,140725.031283789,20674.0114768197,85808.1285137,187584.048394302,29139,6523,23961.1228800072,14759.641511006,2292.73862927393,513.24802082274,35662,247207.171274309,17565.6281611027
"South Carolina",2042,146906.110222814,20777.3956465152,85568.7613305916,184673.144319915,36600,8018,23961.1228800064,14530.6033759479,2879.79113323812,630.878833505554,44618,253252.267199921,18041.2733426916
"South Carolina",2043,152846.392089748,20875.8879799742,85653.3373924297,181244.494582145,44503,9667,23961.1228800072,14260.8275531663,3501.62144269115,760.626800136965,54170,259375.617462152,18523.0757959944
"South Carolina",2044,158671.887973725,20962.9944830329,85726.0140730881,177255.773649838,52692,11452,23961.1228800072,13946.983750603,4145.95503804872,901.07562999571,64144,265360.896529846,18994.0144186474
"South Carolina",2045,164374.60694404,21068.0759159119,85897.2209048268,172710.780884771,61371,13297,23961.1228800072,13589.3709127485,4828.84321415183,1046.24542892534,74668,271339.903764778,19464.4595558257
"South Carolina",2046,169703.3578918,21123.5045200154,85994.5802089183,167651.319740728,70134,15075,23961.1228800064,13191.2782531425,5518.34074695417,1186.14347905914,85209,276821.442620734,19895.7624791558
"South Carolina",2047,174562.430621304,21148.1593301769,85934.2160556092,162143.683127083,78846,16694,23961.1228800072,12757.9218846979,6203.82545604626,1313.53096115512,95540,281644.80600709,20275.2783018993
"South Carolina",2048,178936.791381912,21112.8754367315,85583.9097125889,156300.453651226,87317,18055,23961.1228800072,12298.1601242048,6870.34760603697,1420.61827624629,105372,285633.576531233,20589.1260064881
"South Carolina",2049,182730.298280751,21035.7421262343,84944.0706014543,150237.988128433,95399,19112,23961.1228800064,11821.1482537649,7506.2621398848,1503.78601471167,114511,288710.11100844,20831.1964083614
"South Carolina",2050,185885.395627398,20871.5905288111,84149.297299966,144091.160576168,102977,19877,23961.1228800072,11337.4985411267,8102.52053353722,1563.97837036541,122854,290906.283456175,21003.9974450294
"South Dakota",2020,112.36051212938,68.4889024019459,31388,44243.7132653929,0,0,0,2914.15231913845,0,0,0,31568.8494145313,2914.15231913845
"South Dakota",2021,254.012902501963,186.67211028632,33072,42941.4275976994,0,0,0,3282.97848133598,0,0,0,33512.6850127883,3282.97848133598
"South Dakota",2022,412.023396373562,224.29602333794,31912,41720.0293140254,0,0,0,3214.05025220681,0,0,0,32548.3194197115,3214.05025220681
"South Dakota",2023,579.98369068847,326.542889012828,32866,40567.3800323064,0,0,0,3396.4352717669,0,0,0,33772.5265797013,3396.4352717669
"South Dakota",2024,654.474492236768,375.912437255996,32273,39493.9715117993,0,0,0,3572.36432936081,0,0,0,33303.3869294928,3572.36432936081
"South Dakota",2025,3509.18761106033,777.515718846454,38738.4248319932,38500.124073779,0,1,4524.00408812095,3029.29824962395,0,0.0786828178480361,1,43025.1281619,3029.37693244179
"South Dakota",2026,4586.04110257143,1013.51760485636,36554.705852767,37623.2604720739,3,4,4524.00408812095,2960.30415057341,0.236048453544108,0.314731271392145,7,42154.2645601948,2960.85493029834
"South Dakota",2027,5970.82437701148,1451.63368837404,33956.4583050739,36835.9122823385,9,10,4524.00408812095,2898.35337637748,0.708145360632325,0.786828178480361,19,41378.9163704594,2899.84834991659
"South Dakota",2028,7371.88750971598,1504.0276495658,31823.6947346124,36136.6058057732,21,18,4524.00408812095,2843.32997226194,1.65233917480876,1.41629072126465,39,40699.6098938942,2846.39860215801
"South Dakota",2029,8717.39622563113,1921.85346435101,29469.2000763884,35523.4456782496,34,27,4524.00408812095,2795.08480563632,2.67521580683323,2.12443608189698,61,40108.4497663705,2799.88445752505
"South Dakota",2030,10101.2919696028,2138.9347749842,27366.8654704699,34989.0881269359,55,39,4524.00408812095,2753.04004776058,4.32755498164199,3.06862989607341,94,39607.0922150569,2760.4362326383
"South Dakota",2031,11317.0850883767,2567.85322473108,24266.654185603,34525.9167509449,82,54,3489.67574776592,2716.59641875106,6.45199106353896,4.24887216379395,136,38151.5924987108,2727.29728197839
"South Dakota",2032,12671.2399702046,3012.08746627587,22114.7766685215,34120.428357236,121,67,3489.67574776592,2684.69144932937,9.52062095961237,5.27174879581842,188,37798.104105002,2699.4838190848
"South Dakota",2033,14875.2255311384,3315.40678962747,19339.5143620774,33765.4709350774,183,92,3489.67574776592,2656.76239913785,14.3989556661906,7.23881924201932,275,37530.1466828433,2678.40017404606
"South Dakota",2034,16051.4060862532,3405.10151637623,17886.8855419888,33447.7173968523,280,126,3489.67574776592,2631.76065536912,22.0311889974501,9.91403504885255,406,37343.3931446183,2663.70587941542
"South Dakota",2035,17098.0298148109,3428.46176826768,16712.1697265004,33159.985561813,416,173,3489.67574776601,2609.12110380364,32.732052224783,13.6121274877103,589,37238.661309579,2655.46528351613
"South Dakota",2036,18033.2921361751,3422.92774671294,15761.8272160219,32890.371351144,602,236,3489.67574776592,2587.90709797633,47.3670563445178,18.5691450121365,838,37218.04709891,2653.84329933299
"South Dakota",2037,18976.7536337631,3413.08518592862,15086.8867018617,32625.0497737875,1028,334,3489.67574776592,2567.03084863403,80.8859367477812,26.2800611612441,1362,37476.7255215534,2674.19684654306
"South Dakota",2038,19923.8471232882,3401.27174938968,14602.23001974,32348.673144652,1628,461,3489.67574776592,2545.28475666631,128.095627456603,36.2727790279447,2089,37927.3488924179,2709.65316315086
"South Dakota",2039,20910.0446722481,3402.02259767184,14291.9140284103,32044.3055505644,2432,638,3489.67574776592,2521.33625670187,191.356613006424,50.1996377870471,3070,38603.9812983303,2762.89250749534
"South Dakota",2040,21903.3245710097,3406.26835290598,14134.6043237391,31694.5214998888,3429,831,3489.67574776592,2493.81426195642,269.803382400916,65.385421631718,4260,39444.1972476547,2829.00306598905
"South Dakota",2041,22476.0980863292,3356.38451168892,13786.6954007841,31288.1934518427,4568,1062,2700.98454695956,2461.84322616545,359.423111929829,83.5611525546144,5630,39619.1779988022,2904.8274906499
"South Dakota",2042,23493.5666310016,3378.86487197484,13755.3919120331,30802.8388680499,5813,1311,2700.98454695956,2423.65415985718,457.383220150634,103.153174198775,7124,40627.8234150095,2984.19055420659
"South Dakota",2043,24448.9492591133,3398.36141153137,13768.0650071923,30228.3911308775,7106,1580,2700.98454695956,2378.45499319002,559.120103628145,124.318852199897,8686,41615.375677837,3061.89394901806
"South Dakota",2044,25379.4841033821,3414.23959903985,13772.8879697619,29558.6271252243,8436,1871,2700.98454695956,2325.75607393205,663.768251366033,147.215552193676,10307,42566.6116721839,3136.73987749175
"South Dakota",2045,26267.5479249243,3429.50875776848,13796.397462367,28795.4695981002,9827,2170,2700.98454695956,2265.70868923598,773.216050992651,170.741714730238,11997,43493.4541450598,3209.66645495887
"South Dakota",2046,27087.9049665545,3433.7108822334,13802.3537767877,27945.985078616,11223,2454,2700.98454695956,2198.86885352468,883.05726470851,193.087634999081,13677,44323.9696255756,3275.01375323227
"South Dakota",2047,27825.283256534,3433.05035967848,13781.4123995011,27019.761468754,12605,2714,2700.98454695956,2125.99096994336,991.796918974496,213.54516763957,15319,45039.7460157136,3331.33305655743
"South Dakota",2048,28487.9915372806,3422.31977543569,13710.4335509041,26036.7603166609,13953,2930,2700.98454695956,2048.6456693488,1097.86135743365,230.540656294746,16883,45620.7448636204,3377.0476830772
"South Dakota",2049,29049.4615368333,3404.1787114332,13590.872219214,25014.5279205209,15229,3100,2700.98454695956,1968.21354392496,1198.26063300774,243.916735328912,18329,46044.5124674805,3410.39091226162
"South Dakota",2050,29520.3397387557,3371.81432811882,13449.8187078605,23975.9882277755,16441,3224,2700.98454695956,1886.49831445272,1293.62420823956,253.673404742068,19665,46341.972774735,3433.79592743435
"Tennessee",2020,2191.02998652291,589.004560656734,238573,305600.810700992,4,1,0,20128.674686342,0.263463629434366,0.0658659073585915,5,241353.03454718,20129.0040158788
"Tennessee",2021,4427.08201503422,1680.04899257688,246423,303055.316273176,6,2,0,23169.3294247304,0.45871485858731,0.152904952862437,8,252530.131007611,23169.9410445419
"Tennessee",2022,7553.76226684864,1996.23460770766,239652,300415.247549507,16,6,0,23143.5528217299,1.23261668030567,0.462231255114624,22,249201.996874556,23145.2476696653
"Tennessee",2023,11326.7403122689,2763.05521472393,258078,297624.387686416,26,10,0,24918.098414814,2.17680601990108,0.83723308457734,36,272167.795526993,24921.1124539185
"Tennessee",2024,12781.5018483886,3180.79754601227,253418,294803.335142865,45,19,0,26665.9664330373,4.07040337215032,1.71861475713014,64,269380.299394401,26671.7554511666
"Tennessee",2025,26562.9046011294,5687.6419611802,294164.25436227,291907.310089905,76,27,34404.490834675,22968.0897083142,5.97989415645075,2.12443608189698,103,326414.80092458,22976.1940385525
"Tennessee",2026,35156.7157655957,7513.10857380556,281140.812354292,289179.145859019,159,68,34404.490834675,22753.4300590758,12.5105680378377,5.35043161366646,227,323810.636693694,22771.2910587273
"Tennessee",2027,46104.4506091355,10850.2820745978,264288.17150809,286445.413357148,284,109,34404.490834675,22538.3322825859,22.3459202688423,8.57642714543594,393,321242.904191823,22569.2546300002
"Tennessee",2028,57239.4857390914,11315.2052309585,250188.649653938,283698.849789314,456,184,34404.4908346743,22322.22492167,35.8793649387045,14.4776384840386,640,318743.340623988,22372.5819250927
"Tennessee",2029,68113.8378580618,14573.1547108708,233606.483411107,280944.985145365,666,278,34404.490834675,22105.543091512,52.4027566867921,21.873823361754,944,316293.47598004,22179.8196715605
"Tennessee",2030,79568.8922281012,16352.0123773328,218029.557033166,278165.970803925,989,391,34404.490834675,21886.8824122874,77.8173068517077,30.7649817785821,1380,313950.4616386,21995.4647009177
"Tennessee",2031,89601.8667789107,19727.4301110642,194430.589303071,275361.515219458,1376,495,26527.3709735883,21666.2199443718,108.267557358898,38.9479948347779,1871,303759.886193046,21813.4354965655
"Tennessee",2032,100560.437888515,23208.4525161231,177759.189297338,272504.708728387,1873,623,26527.370973589,21441.4383596078,147.372917829372,49.0193955193265,2496,301528.079701976,21637.8306729565
"Tennessee",2033,118116.158225649,25573.6041025926,155934.794252465,269633.185607118,2633,831,26527.3709735883,21215.4988289106,207.171859393879,65.385421631718,3464,299624.556580706,21488.0561099362
"Tennessee",2034,127470.342911787,26275.4784636235,144426.277274931,266742.727676753,3801,1101,26527.370973589,20988.0694540783,299.073390640385,86.6297824506878,4902,298172.098650342,21373.7726271694
"Tennessee",2035,135894.983132294,26472.198736823,135014.002856751,263880.81375228,5492,1481,26527.3709735883,20762.8860020622,432.126035621415,116.529253232942,6973,297381.184725868,21311.5412909165
"Tennessee",2036,143391.11196442,26440.9675319302,127372.807801055,261049.516323817,7663,1965,26527.3709735883,20540.1115422248,602.946433169501,154.611737071391,9628,297204.887297405,21297.6697124657
"Tennessee",2037,150531.067870879,26313.7341353857,121721.030820368,258222.461853044,11123,2693,26527.370973589,20317.6709302546,875.188982923706,211.892828464761,13816,298565.832826633,21404.752741643
"Tennessee",2038,157588.007181608,26150.9716217753,117479.985873904,255342.5937037,15707,3642,26527.3709735883,20091.0747892333,1235.8710199391,286.562822602548,19349,301218.964677288,21613.508631775
"Tennessee",2039,164818.604841432,26047.9298832559,114504.253667052,252320.417418151,21605,4918,26527.370973589,19853.2814430528,1699.94227960682,386.962098176642,26523,305370.78839174,21940.1858208363
"Tennessee",2040,171988.120028304,25992.2663581967,112747.200181262,249043.215594175,28803,6354,26527.3709735883,19595.4219688856,2266.30120247699,499.950624606422,35157,310727.586567763,22361.673795969
"Tennessee",2041,175903.48009703,25527.2519389231,109709.305319847,245407.684622367,37131,8076,20525.3527334326,19309.36814765,2921.57170951543,635.44243694074,45207,311140.0373558,22866.3822941062
"Tennessee",2042,183328.265547921,25615.9208477146,109198.748477956,241262.582140159,46411,9944,20525.3527334326,18983.219804081,3651.74825914521,782.421940680871,56355,318142.934873592,23417.3900039071
"Tennessee",2043,190452.737365702,25719.6744559221,109175.845256849,236513.904345042,56294,12015,20525.3527334318,18609.5804541088,4429.37054793735,945.374056444154,68309,325348.257078474,23984.3250584903
"Tennessee",2044,197552.597648389,25817.4676518323,109130.358792303,231101.071359092,66619,14255,20525.3527334326,18183.6835022334,5241.77064221832,1121.62356842376,80874,332500.424092524,24547.0777128755
"Tennessee",2045,204478.634390881,25938.2866089223,109342.876803684,225016.445070054,77638,16580,20525.3527334326,17704.9279602597,6108.77661208583,1304.56111992044,94218,339759.797803487,25118.265692266
"Tennessee",2046,211036.945496396,25985.2836883771,109380.231286921,218306.107738261,88762,18809,20525.3527334326,17176.9397102833,6984.04427782738,1479.94512090371,107571,346402.460471694,25640.9291090144
"Tennessee",2047,216937.708887732,25992.4229407135,109297.46735772,211038.246452733,99825,20839,20525.3527334326,16605.0839046093,7854.51229168021,1639.67124113523,120664,352227.599186165,26099.2674374248
"Tennessee",2048,222303.691376149,25930.3441228954,108750.175070818,203348.85783643,110559,22551,20525.3527334318,16000.06114075,8699.09365846103,1774.37622529106,133110,356984.210569862,26473.5310245021
"Tennessee",2049,226875.988379632,25814.6753647875,107854.027179248,195378.338190235,120762,23879,20525.3527334326,15372.9181952743,9501.89444896454,1878.86700739326,144641,360544.690923668,26753.6796516321
"Tennessee",2050,230637.454361304,25585.9017226441,106707.455010938,187294.458361453,130290,24821,20525.3527334326,14736.8557512008,10251.5843374206,1952.9862218061,155111,362930.811094885,26941.4263104275
"Texas",2020,14663.0468328841,2794.34721799939,896695,859868.591396836,29,11,0,56636.0249815066,1.91011131339915,0.724524980944507,40,914152.394050883,56638.6596178009
"Texas",2021,29356.6340177269,8160.23796394486,940700,886952.882563426,50,20,0,67809.7443497815,3.82262382156092,1.52904952862437,70,978216.871981672,67815.0960231316
"Texas",2022,51159.571716384,9599.86979886381,912091,914032.28596981,85,35,0,70415.7151265191,6.54827611412385,2.69634898816864,120,972850.441515248,70424.9597516214
"Texas",2023,78502.4983690688,13890.6321249303,982924,940409.593539567,144,56,0,78734.2024765254,12.0561564179137,4.6885052736331,200,1075317.130494,78750.9471382169
"Texas",2024,88585.0474492237,15990.7367540435,965174,966103.308096342,242,87,0,87387.3369582429,21.8897248013417,7.86944651949062,329,1069749.78420327,87417.0961295637
"Texas",2025,109979.880579568,23252.9531110932,1084850.94600391,990477.655261115,403,142,227061.12443346,77933.5729314603,31.7091755927586,11.1729601344211,545,1218083.77969458,77976.4550671874
"Texas",2026,149906.768415577,31595.1709866559,1060550.81689035,1013834.63185912,837,320,227061.124433463,79771.3656666023,65.8575185388063,25.1785017113716,1157,1242052.75629259,79862.4016868525
"Texas",2027,201191.214731577,46643.4114647079,1016485.37919144,1035258.88095426,1463,537,227061.124433463,81457.0859556861,115.112962511677,42.2526731843954,2000,1264320.00538773,81614.4515913822
"Texas",2028,254801.431710648,49499.6320098719,980228.034317889,1054251.97360495,2334,882,227061.124433463,82951.5160050906,183.645696857316,69.3982453419679,3216,1284529.09803841,83204.5599472899
"Texas",2029,308853.8354503,64816.2997817446,928643.549581198,1070396.56037978,3521,1335,227061.12443346,84221.8175855268,277.042201642935,105.041561827128,4856,1302313.68481324,84603.9013489969
"Texas",2030,364783.959933411,73523.8894161805,879296.257167482,1083219.98208361,5427,1896,227061.124433463,85230.8005396378,427.011652461292,149.182622639877,7323,1317604.10651707,85806.9948147389
"Texas",2031,434214.026257477,93583.0120716859,828933.341882772,1092406.28548056,7790,2419,254115.09473137,85953.604776517,612.939151036202,190.333736374399,10209,1356730.38021194,86756.8776639276
"Texas",2032,490561.750008891,110800.230036512,764384.492486382,1097775.37780042,10847,3009,254115.094731368,86376.0600895293,853.472525197648,236.756598904741,13856,1365746.47253179,87466.2892136317
"Texas",2033,574447.335710226,122030.142858075,676442.813629819,1099269.19746675,15524,4012,254115.09473137,86493.5980302331,1221.47206427291,315.675465206321,19536,1372920.29219812,88030.7455597123
"Texas",2034,620664.392779771,125808.363063929,632465.396665636,1096948.05777797,22599,5276,254115.09473137,86310.9642189007,1778.15300054777,415.130546966239,27875,1378938.15250934,88504.2477664147
"Texas",2035,663595.273039357,127303.39365332,594431.121406424,1091263.69336773,32861,7090,254115.09473137,85863.7024094283,2585.59607730432,557.861178542576,39951,1385329.7880991,89007.1596652752
"Texas",2036,704694.465406242,127798.322813608,559182.828847755,1082624.52233624,45570,9366,254115.09473137,85183.9480887991,3585.57600933501,736.943271964707,54936,1391675.61706761,89506.4673700988
"Texas",2037,736670.412475272,126890.94144673,535894.592540929,1071444.85173157,61412,12484,254115.094731365,84304.3001030109,4832.0692096836,982.276298014883,73896,1399455.94646293,90118.6456107094
"Texas",2038,765873.385781333,125496.049602895,518785.221359469,1058133.56201233,81375,16531,254115.09473137,83256.9303187096,6402.81430238394,1300.70566184589,97906,1410154.6567437,90960.4502829394
"Texas",2039,796118.626605532,124295.379315322,504949.60166968,1042993.51285916,106264,21991,254115.09473137,82065.668588981,8361.15095580371,1730.31384729616,128255,1425363.60759053,92157.1333920808
"Texas",2040,828374.856394648,123490.613963486,493121.888214972,1026206.26384174,136492,28174,254115.09473137,80744.800532373,10739.5751737141,2216.80971005057,164666,1444987.35857311,93701.1854161377
"Texas",2041,857285.911545976,122725.005649143,486734.565616555,1007883.25811472,172244,35763,250855.224696956,79303.0948103255,13552.6432774171,2813.93361469932,208007,1466745.48281167,95669.671702442
"Texas",2042,888973.087177,122632.997863159,484823.737296407,987963.597639615,213398,44213,250855.224696951,77735.7597935683,16790.7559631352,3478.80342551522,257611,1496429.82233657,98005.3191822187
"Texas",2043,923638.401769845,122982.040737653,484865.547482529,966395.765293071,260155,54080,250855.224696956,76038.7419696682,20469.7284772558,4255.1667892218,314235,1531485.98999003,100763.637236146
"Texas",2044,961602.876573636,123576.090426716,484740.858544564,943133.600847964,310873,65058,250855.224696951,74208.4093218828,24460.3636328725,5118.94676355754,375931,1569919.82554492,103787.719718313
"Texas",2045,1000076.14943011,124512.714319125,487298.999378246,918195.638430521,366237,76600,250855.224696956,72246.22016749,28816.5591602112,6027.10384715957,442837,1611887.86312748,107089.883174861
"Texas",2046,1036884.21754094,125284.246465974,491194.792180198,891707.031490159,422926,87875,250855.224696956,70162.0219325532,33277.0094211985,6914.25261839618,510801,1653363.25618712,110353.283972148
"Texas",2047,1072433.81031703,126102.395014396,493957.953058632,863859.93369311,479560,98219,250855.224696951,67970.9338089916,37733.1321272042,7728.14768621626,577779,1692494.15839006,113432.213622412
"Texas",2048,1106534.17530999,126644.373642288,494275.189727218,835003.51398254,534569,107026,250855.224696956,65700.4293931583,42061.3952542068,8421.10726300392,641595,1727453.7386795,116182.931910369
"Texas",2049,1136777.62148536,126872.089663979,492894.575698239,805512.062150622,586286,113891,250855.224696951,63379.9588605934,46130.6345448537,8961.26480753068,700177,1756544.28684757,118471.858212978
"Texas",2050,1162556.3541804,126492.959268303,490231.436812605,775859.525564355,633824,118742,250855.224696956,61046.8137256439,49871.0583397137,9342.95515691151,752566,1779280.75026131,120260.827222269
"Utah",2020,3146.09433962264,712.284584980237,108107,136703.297442666,5,1,0,9004.08672497264,0.329329536792958,0.0658659073585915,6,111965.378924603,9004.48192041679
"Utah",2021,5987.44698754628,2000.05832449629,111936,135359.185022048,8,3,0,10348.544902647,0.611619811449746,0.229357429293655,11,119923.505312043,10349.3858798878
"Utah",2022,9613.87924871645,2287.81943804698,107437,134069.316517631,19,6,0,10328.5047410508,1.46373230786298,0.462231255114624,25,119338.698686763,10330.4307046137
"Utah",2023,13646.6750750228,3265.42889012828,116252,132794.963168922,29,11,0,11118.0336630251,2.42797594527428,0.920956393035073,40,133164.103965151,11121.3825953634
"Utah",2024,15399.3998173357,3759.12437255996,114153,131590.33202744,49,20,0,11902.7940272638,4.43221700523035,1.80906816540014,69,133311.524189896,11909.0353124344
"Utah",2025,14413.6087739925,2855.78688454524,144781.833988305,130425.04301278,80,31,31515.1866340632,10262.2099021968,6.29462542784289,2.43916735328912,111,162051.229646843,10270.943694978
"Utah",2026,18617.045097529,3717.95147605471,138870.604077629,129451.414017149,170,69,31515.1866340632,10185.6020292821,13.3760790341661,5.42911443151449,239,161205.600651213,10204.4072227477
"Utah",2027,24295.9523164932,5365.08984422077,130800.554032833,128537.409559484,296,113,31515.1866340629,10113.6855830273,23.2901140830187,8.89115841682808,409,160461.596193547,10145.8668555272
"Utah",2028,30207.7373422516,5617.64916372456,124013.508741477,127665.70861339,467,191,31515.1866340632,10045.0976962678,36.7448759350329,15.0284182089749,658,159838.895247453,10096.8709904118
"Utah",2029,36120.2163475267,7293.12565049788,115916.945668288,126826.101032249,701,288,31515.1866340632,9979.03500589709,55.1566553114733,22.6606515402344,989,159330.287666312,10056.8523127488
"Utah",2030,42290.4209488228,8222.22999599776,108502.729168481,125998.193479238,1086,416,31515.1866340632,9913.89290670849,85.4495401829672,32.732052224783,1502,159015.380113301,10032.0744991162
"Utah",2031,50926.3426896495,10621.7414975299,103346.947520743,125173.838707604,1538,527,37656.1930003183,9849.03035036984,121.01417385028,41.465845005915,2065,164895.031707922,10011.510369226
"Utah",2032,57148.5455896897,12528.0091125209,95098.6729254466,124360.034627339,2101,658,37656.1930003187,9784.99795215835,165.312600298724,51.7732941440078,2759,164775.227627657,10002.0838466011
"Utah",2033,66786.6373617301,13794.3838856066,84439.5667641015,123551.39501112,2943,870,37656.1930003183,9721.37190853071,231.56353292677,68.4540515277914,3813,165020.588011438,10021.3894929853
"Utah",2034,72370.1677134349,14281.0820369055,79029.9990981068,122746.055848129,4142,1137,37656.1930003187,9658.00555386317,325.904231526566,89.4623638932171,5279,165681.248848447,10073.372149283
"Utah",2035,77825.4562560484,14546.0956299698,74532.442191346,121968.801077046,5780,1499,37656.1930003183,9596.84895828856,454.786687161649,117.945543954206,7279,166903.994077364,10169.5811894044
"Utah",2036,83188.6746646002,14740.0426412053,70615.7912446344,121221.315550122,7740,1927,37656.1930003183,9538.03469072953,609.0050101438,151.621789993166,9667,168544.50855044,10298.6614908665
"Utah",2037,87624.6132991057,14748.1291125585,67894.0537516339,120490.603162979,9793,2327,37656.1930003187,9480.54018107272,770.540835185818,183.09491713238,12120,170266.796163298,10434.1759333909
"Utah",2038,91812.9589005802,14700.5325694645,65831.4909659595,119750.789435686,12162,2776,37656.1930003183,9422.3295523266,956.940430667816,218.423502346148,14938,172344.982436004,10597.6934853406
"Utah",2039,95886.7674439399,14650.9365432108,64307.9902207492,118959.501207581,14914,3316,37656.1930003187,9360.06876480935,1173.47554538561,260.912223984088,18230,174845.6942079,10794.4565341791
"Utah",2040,99852.4420106405,14615.1655163188,63257.5052283516,118062.919754993,18128,3878,37656.1930003183,9289.52320968939,1426.3621219492,305.131967614684,22006,177725.112755311,11021.0172992533
"Utah",2041,104424.919295259,14697.778375093,63043.2345952481,117007.906273522,21875,4567,38716.0259920776,9206.51177609963,1721.18664042579,359.344429111981,26442,182165.9322656,11287.0428456374
"Utah",2042,108569.19245045,14742.8199659324,62722.0529239864,115731.03934829,26226,5361,38716.0259920783,9106.04428840542,2063.5355808826,421.818586483322,31587,186034.065340368,11591.3984557713
"Utah",2043,112841.631173469,14834.033198286,62878.7508412315,114180.389220909,31308,6350,38716.0259920776,8984.03476688664,2463.40166118632,499.63589333503,37658,190554.415212986,11947.072321408
"Utah",2044,117384.721781324,14954.1732947804,63121.3808578447,112323.249941872,36922,7499,38716.0259920776,8837.90981527575,2905.12700058519,590.042451042423,44421,195460.27593395,12333.0792669034
"Utah",2045,122051.002232861,15110.0728921383,63609.0789596318,110149.128092553,43154,8751,38716.0259920783,8666.84378182635,3395.47832141415,688.553338988164,51905,200770.154084631,12750.8754422287
"Utah",2046,126738.960543595,15246.1878539758,64047.0035583035,107671.125963797,49641,10004,38716.0259920776,8471.86759170237,3905.89376079436,787.142909751754,59645,206032.151955874,13164.9042622485
"Utah",2047,131181.610008619,15375.3328801031,64472.3165300814,104915.233426726,56220,11178,38716.0259920776,8255.0262011993,4423.54801941659,879.516537905348,67398,211029.259418804,13558.0907585212
"Utah",2048,135370.183969472,15471.5516737805,64714.9312266409,101938.640877815,62708,12194,38716.0259920776,8020.81951186551,4934.04214161465,959.458280838953,74902,215556.666869893,13914.3199343191
"Utah",2049,139203.930406154,15539.2829008151,64712.0226231495,98800.2099380407,68923,13016,38716.0259920783,7773.87892190259,5423.0558545402,1024.13555711004,81939,219455.235930119,14221.0703335528
"Utah",2050,142549.066312422,15536.9214224495,64609.8859869039,95574.8477296981,74773,13632,38716.0259920776,7520.09833476963,5883.35033895121,1072.60417290443,88405,222695.873721776,14476.0528466253
"Vermont",2020,617.98281671159,315.048951048951,23234,20321.0537332041,0,0,0,1338.46464262018,0,0,0,24167.0317677605,1338.46464262018
"Vermont",2021,1233.77695500954,853.35821845175,23747,21065.9518969756,0,1,0,1610.54419090471,0,0.0764524764312183,1,25834.1351734613,1610.62064338114
"Vermont",2022,1819.7700006499,942.043298019346,22105,21830.7095723474,0,4,0,1681.8060476115,0,0.308154170076416,4,24866.8132986692,1682.11420178158
"Vermont",2023,2661.10163962945,1431.7649749024,23239,22593.6599577253,2,6,0,1891.61596182978,0.167446616915468,0.502339850746404,8,27331.8666145318,1892.28574829745
"Vermont",2024,3002.88296438046,1648.2314556609,22819,23354.14697172,4,11,0,2112.46219083074,0.361813633080029,0.994987490970078,15,27470.1144200414,2113.81899195479
"Vermont",2025,2510.09367102536,501.016700803466,22187.5245950815,24098.0943038631,12,19,1069.54066304718,1896.10596459566,0.944193814176434,1.49497353911269,31,25198.6349669103,1898.54513194895
"Vermont",2026,3374.63099245844,679.025977981386,21903.0719237166,24819.1882311092,26,42,1069.54066304718,1952.84366672449,2.04575326404894,3.30467834961752,68,25956.7288941564,1958.19409833815
"Vermont",2027,3945.6269190442,877.38626393041,21874.5974194793,25507.0699394067,46,75,1069.54066304718,2006.96813787946,3.61940962100966,5.90121133860271,121,26697.6106024539,2016.48875883907
"Vermont",2028,5067.12919693863,949.089781378328,21398.3855751097,26152.0638903796,74,119,1069.54066304709,2057.71807943694,5.82252852075468,9.3632553239163,193,27414.6045534267,2072.90386328161
"Vermont",2029,6218.17324754732,1264.20849220923,20619.8631373827,26739.704214092,117,176,1069.54066304718,2103.95527598777,9.20588968822023,13.8481759412544,293,28102.2448771392,2127.00934161724
"Vermont",2030,7441.50122172591,1457.98301714556,19855.0277041902,27253.9712800144,189,242,1069.54066304718,2144.41925786098,14.8710525732788,19.0412419192247,431,28754.5119430616,2178.33155235349
"Vermont",2031,8292.34903743007,1745.48014714744,17586.6353194463,27679.050994625,279,298,-631.586490601213,2177.86572761658,21.9525061796021,23.4474797187148,577,27624.4645040238,2223.2657135149
"Vermont",2032,9508.46375619902,2103.19307929416,16486.1475300708,27993.3908561652,391,345,-631.586490601213,2202.59887368452,30.7649817785821,27.1455721575725,736,28097.8043655639,2260.50942762068
"Vermont",2033,11389.9650009221,2371.44635304947,14785.0766931581,28187.0745377309,565,426,-631.586490601213,2217.8384515213,44.4557920841404,33.5188804032634,991,28546.4880471297,2295.8131240087
"Vermont",2034,12508.4535421716,2484.83515269394,13927.5825899902,28247.4577754569,793,512,-631.586490601213,2222.58957481637,62.3954745534927,40.2856027381945,1305,28920.8712848557,2325.27065210806
"Vermont",2035,13512.0356041134,2542.57263038715,13232.8726242431,28172.0673493449,1111,636,-631.586490601213,2216.65764365111,87.4166106291682,50.042272151351,1747,29287.4808587437,2354.11652643163
"Vermont",2036,14399.1543892098,2570.491246086,12618.5250142445,27961.7571401415,1481,777,-631.586490601213,2200.10984376878,116.529253232942,61.1365494679241,2258,29588.1706495403,2377.77564646964
"Vermont",2037,15067.5181494904,2556.0968289314,12058.4073820265,27622.6088510495,1837,854,-631.586490601213,2173.42470071468,144.540336386842,67.1951264422229,2691,29682.0223604483,2385.16016354375
"Vermont",2038,15626.7865683952,2520.71373691521,11560.3263795905,27165.4131755022,2257,917,-631.586490601213,2137.45125665468,177.587119883018,72.1521439666491,3174,29707.826684901,2387.19052050435
"Vermont",2039,16049.6450038437,2471.88358443139,11111.2926949687,26604.407773845,2702,958,-631.586490601213,2093.30977082432,212.600973825394,75.3781394984186,3660,29632.8212832438,2381.28888414813
"Vermont",2040,16373.9288058391,2415.64994813001,10728.4852463512,25955.6504909216,3210,984,-631.586490601213,2042.26371970447,252.571845292196,77.4238927624676,4194,29518.0640003204,2372.25945775914
"Vermont",2041,16331.6865769527,2317.87819039648,10196.585223224,25236.6581854657,3819,1021,-1230.50819489249,1985.69137910015,300.48968136165,80.3351570228449,4840,28846.1499905732,2366.51621748464
"Vermont",2042,16642.6071255337,2277.30080456318,9921.60384502216,24461.0199700115,4536,1075,-1230.50819489249,1924.66197867759,356.905261758692,84.5840291866389,5611,28841.511775119,2366.15126962292
"Vermont",2043,16971.4119979075,2246.74554470935,9732.46983097207,23643.1355684814,5356,1182,-1230.50819489249,1860.30852929124,421.425172394082,93.0030906963787,6538,28950.6273735889,2374.7367923817
"Vermont",2044,17350.0396757737,2227.26569214645,9603.47585967074,22795.2894224833,6279,1337,-1230.50819489249,1793.59760542252,494.049413267819,105.198927462824,7616,29180.7812275909,2392.84594615317
"Vermont",2045,17764.2477926027,2217.30064097368,9564.37024737017,21928.426875839,7323,1525,-1230.50819489249,1725.39041756562,576.194275101169,119.991297218255,8848,29545.9186809465,2421.57598988505
"Vermont",2046,18220.1259101958,2211.25601106341,9543.99921108804,21052.8893272397,8431,1722,-1230.5081948924,1656.50065611006,663.374837276793,135.491812334318,10153,29975.3811323473,2455.36730572117
"Vermont",2047,18674.4757436141,2210.52280384742,9542.35139438625,20176.8581367402,9561,1920,-1230.50819489249,1587.5720535188,752.286421445074,151.071010268229,11481,30427.3499418477,2490.9294852321
"Vermont",2048,19130.467796789,2207.26072398128,9519.30397845432,19309.5406941171,10685,2093,-1230.50819489249,1519.32907316445,840.725908706266,164.68313775594,12778,30857.0324992246,2524.73811962666
"Vermont",2049,19544.6612153828,2203.47451883369,9473.88865317157,18458.5325822806,11756,2238,-1230.50819489249,1452.36935691362,924.995206621513,176.092146343905,13994,31222.0243873881,2553.45670987904
"Vermont",2050,19904.56616621,2191.2080090686,9392.01612509762,17631.2984952687,12744,2343,-1230.50819489249,1387.28024792758,1002.73383065537,184.353842217949,15087,31487.7903003762,2574.3679208009
"Virginia",2020,5758.47624663073,1534.15141380359,307034,369422.259039371,9,6,0,24332.3322900888,0.592793166227324,0.395195444151549,15,314326.627660434,24333.3202786992
"Virginia",2021,11140.2801525861,4213.45620360551,307697,368184.704029946,16,9,0,28148.6324071845,1.22323962289949,0.688072287880965,25,323050.736356192,28150.5437190953
"Virginia",2022,19433.7701956197,4867.22370643329,291225,366965.407269592,27,18,0,28270.4801309788,2.08004064801581,1.38669376534387,45,315525.993902053,28273.9468653921
"Virginia",2023,28965.067846736,6731.8072504183,310542,365645.963354958,48,29,0,30613.0897762924,4.01871880597123,2.42797594527428,77,346238.875097154,30619.5364710437
"Virginia",2024,32685.2261122951,7749.57947573898,304934,364353.054413844,81,48,0,32956.9755853195,7.32672606987058,4.34176359696034,129,345368.805588034,32968.6440749863
"Virginia",2025,37434.6829059298,7945.35777097615,357252.723627766,363014.504993462,133,75,39410.2593112105,28563.0041725956,10.4648147737888,5.90121133860271,208,402632.764304672,28579.370198708
"Virginia",2026,49610.3255329542,10511.3123948124,341641.445965777,361917.824582332,267,168,39410.259311212,28476.7142675691,21.0083123654257,13.2187133984701,435,401763.083893544,28510.941293333
"Virginia",2027,64236.0674043798,14993.2760198248,321735.300147842,360820.384260836,456,278,39410.2593112105,28390.3645706537,35.8793649387045,21.873823361754,734,400964.643572046,28448.1177589542
"Virginia",2028,80375.2975554746,15743.9392494725,304165.767950125,359685.745443862,730,459,39410.2593112105,28301.0879912945,57.4384570290664,36.1154133922486,1189,400285.004755072,28394.6418617158
"Virginia",2029,96008.0903916608,20351.1643802312,283344.123951158,358474.119411838,1125,694,39410.259311212,28205.7538409168,88.5181700790407,54.6058755865371,1819,399703.37872305,28348.8778865824
"Virginia",2030,112336.826087451,22891.5160780262,264108.323396999,357102.406251266,1837,987,39410.2593112105,28097.8235841637,144.540336386842,77.6599412160117,2824,399336.665562476,28320.0238617666
"Virginia",2031,126185.488694566,27552.6312288898,232631.713083013,355495.690246521,2730,1250,26894.1427599474,27971.4026414289,214.804092725139,98.3535223100452,3980,386369.833006469,28284.5602564641
"Virginia",2032,142170.742097173,32567.9298183067,211104.491567251,353525.020722783,3892,1532,26894.1427599474,27816.344810254,306.233527064557,120.542076943191,5424,385843.163482731,28243.1204142617
"Virginia",2033,167651.444265266,36045.416453802,181994.384925637,351156.102884756,5638,2003,26894.1427599489,27629.9516795075,443.613727027228,157.601684149616,7641,385691.245644705,28231.1670906843
"Virginia",2034,181602.092608878,37197.2870031824,167212.90613478,348305.142986893,8249,2564,26894.1427599474,27405.6301211719,649.05456442845,201.742744962365,10813,386012.285746841,28256.4274305627
"Virginia",2035,194367.524328724,37649.0307544038,155129.418622155,344987.830945335,11930,3334,26894.1427599474,27144.6146620609,938.686016927071,262.328514705353,15264,387145.973705283,28345.6291936933
"Virginia",2036,205890.092553868,37772.9309234659,145117.190191176,341190.070908563,16422,4274,26894.1427599474,26845.796200857,1292.12923470045,336.290363482507,20696,388780.213668511,28474.21579904
"Virginia",2037,216145.554946812,37599.1121608214,137077.603932995,336896.128280681,21708,5324,26894.1427599474,26507.9366952174,1708.04660984517,418.907322222944,27032,390822.271040628,28634.8906272856
"Virginia",2038,225728.78122772,37289.7316153586,130701.246301153,332082.616384282,28151,6592,26894.1427599489,26129.1960154638,2215.00000524007,518.677135254254,34743,393719.759144231,28862.8731559581
"Virginia",2039,234967.328750715,36987.9928789166,125711.706584643,326711.885454327,35866,8195,26894.1427599474,25706.6117719913,2822.03794493766,644.805692264656,44061,397667.028214275,29173.4554091936
"Virginia",2040,243750.39873381,36705.5774247966,122089.391017636,320732.224416295,44990,9929,26894.1427599474,25236.1151917428,3539.93997498315,781.241698413151,54919,402545.367176242,29557.2968651391
"Virginia",2041,247417.779210754,35793.5970245407,117296.123919928,314113.131657522,55567,12047,18780.3684976995,24715.306321885,4372.16813936182,947.891906615291,67614,400507.500155222,30035.3663678622
"Virginia",2042,256459.120609802,35735.4976263029,115326.866254267,306754.115992673,67583,14404,18780.3684976995,24136.2782327868,5317.62087862383,1133.34730828311,81987,407521.484490372,30587.2464196938
"Virginia",2043,265392.518765125,35745.994476879,114077.815661809,298615.960406113,80711,17109,18780.3684976995,23495.9452191506,6350.56891133284,1346.18433056205,97820,415216.328903813,31192.6984610455
"Virginia",2044,274710.47360767,35816.9671871722,112876.719081423,289684.791378565,94805,20134,18780.3684976995,22793.215673386,7459.52454608307,1584.19985455236,114939,423404.159876265,31836.9400740214
"Virginia",2045,283986.813978953,35950.5862404145,112341.745941459,279996.777663128,110161,23341,18780.3684976995,22030.9354549049,8667.77789695751,1836.53565139101,133502,432279.146160827,32535.2490032535
"Virginia",2046,292915.937823156,36021.3494399207,111857.711676489,269634.630441867,125900,26480,18780.368497698,21215.6125125799,9906.16676706775,2083.521016616,152380,440794.998939565,33205.3002962637
"Virginia",2047,301301.322105768,36073.7481024269,111206.250752685,258704.952463181,141725,29371,18780.3684976995,20355.6346510453,11151.3223595129,2310.99304301467,171096,448581.32096088,33817.9500535729
"Virginia",2048,309014.047888882,36045.3409347857,110165.403727718,247380.424053686,157224,31840,18780.3684976995,19464.5888449861,12370.8273533396,2505.26092028147,189064,455224.792551386,34340.6771186072
"Virginia",2049,315747.769145429,35945.4144442644,108710.466126796,235834.281218789,172006,33783,18780.3684976995,18556.1057914605,13533.9167667693,2658.14163536021,205789,460403.649716489,34748.16419359
"Virginia",2050,321241.656934775,35681.2117293642,107099.576684081,224267.07685052,185799,35176,18780.3684976995,17645.965557141,14619.1888733473,2767.74680062252,220975,464022.44534822,35032.9012311108
"Washington",2020,14185.5146563342,2520.39160839161,266179,391672.872059444,34,9,0,25797.8891059408,2.23944085019211,0.592793166227324,43,282884.906264726,25800.7213399573
"Washington",2021,24240.0884101874,6480.18897136797,271448,378467.683106443,58,18,0,28934.7916226731,4.43424363301066,1.37614457576193,76,302168.277381555,28940.6020108819
"Washington",2022,35743.0296354065,7042.8951328113,252030,365838.150996921,96,26,0,28183.6379506867,7.39570008183399,2.00300210549671,122,294815.924768218,28193.036652874
"Washington",2023,51891.4819727743,10348.8977133296,265118,353823.684925182,162,46,0,29623.2895126431,13.5631759701529,3.85127218905576,208,327358.379686104,29640.7039608023
"Washington",2024,58556.2178054191,11913.5326268823,260330,342686.276062994,268,72,0,30997.1416372544,24.2415134163619,6.51264539544051,340,330799.750432301,31027.8957960662
"Washington",2025,36186.4083056945,7255.08887071373,352105.192597528,332491.191541026,428,119,62508.4982329109,26161.343860099,33.6762460389595,9.3632553239163,547,395546.689773937,26204.3833614619
"Washington",2026,46599.9328122647,9399.23190120684,331429.197240042,323751.863720603,909,259,62508.4982329109,25473.7089210904,71.5226814238649,20.3788498226414,1168,387428.361953514,25565.6104523369
"Washington",2027,60464.0799192567,13446.9621008231,306718.437343219,316115.981130388,1571,434,62508.4982329109,24872.8961621356,123.610706839265,34.1483429460477,2005,380629.479363299,25030.6552119209
"Washington",2028,74516.1498956241,13922.1630810015,286791.067491085,309545.882234799,2471,704,62508.4982329116,24355.9422674903,194.425242902497,55.3927037650174,3175,375229.38046771,24605.7602141578
"Washington",2029,88059.4110206338,17813.0487093139,265333.713841696,303977.675338733,3654,1066,62508.4982329102,23917.820058547,287.507016416724,83.8758838260065,4720,371206.173571644,24289.2029587897
"Washington",2030,102019.000227503,19875.5635903477,246937.203479541,299278.26906448,5512,1533,62508.4982329116,23548.057530676,433.699691978375,120.620759761039,7045,368831.767297391,24102.3779824154
"Washington",2031,118949.615791334,24860.5938572912,227983.720538726,295306.228808878,7521,1936,67030.7013784731,23235.5262107595,591.77347303508,152.329935353798,9457,371793.930187352,23979.6296191483
"Washington",2032,133540.942071407,29304.7707629727,208254.427276153,291902.438732058,9802,2365,67030.7013784745,22967.7064161521,771.24898054645,186.084864210605,12167,371100.140110533,23925.0402609091
"Washington",2033,157194.084661296,32387.0606274333,182305.161334415,288919.605244671,12902,3034,67030.7013784731,22733.008672193,1015.16571587536,238.723669350942,15936,371886.306623144,23986.8980574193
"Washington",2034,170624.940253697,33527.2435403928,169865.095537155,286209.577952771,16983,3794,67030.7013784745,22519.7760884212,1336.2702955132,298.522610915449,20777,374017.279331245,24154.5689948498
"Washington",2035,181324.302258814,33988.9144576306,162721.655288671,283724.170626642,22453,4827,67030.7013784731,22324.2172365012,1766.66530914196,379.80196175247,27280,378034.872005115,24470.6845073956
"Washington",2036,192929.881756834,34358.6493613246,156003.13858647,281406.968326155,28797,6057,67030.7013784731,22141.893229975,2265.8291055699,476.581827705555,34854,383291.669704628,24884.3041632504
"Washington",2037,202997.181348125,34346.1095359402,149930.906063687,279187.495569279,33999,7057,67030.7013784745,21967.2588593269,2675.13712401538,555.264645553591,41056,387274.196947753,25197.6606288959
"Washington",2038,212166.530992792,34167.5138835174,145204.525610785,276984.869108622,39419,8104,67030.7013784731,21793.9500027358,3101.59799675174,637.645555840485,47523,391538.570487095,25533.193555328
"Washington",2039,220555.923185732,33935.5008078926,141671.900489674,274698.623104824,45136,9298,67030.7013784745,21614.0617248632,3551.42766638896,731.59284035104,54434,396163.324483299,25897.0822316032
"Washington",2040,228326.52447167,33680.1533107436,139071.996181276,272203.972585217,51378,10466,67030.7013784731,21417.7755924344,4042.5658153964,823.494371597546,61844,401078.67396369,26283.8357794284
"Washington",2041,234989.012384541,33317.4539578512,136058.765622656,269353.684950634,58640,11902,64469.5470144144,21193.506929668,4613.96043860884,936.482898027326,70542,404365.231965048,26743.9502663042
"Washington",2042,243404.721224434,33275.4160103582,134739.690815608,266012.281035986,67364,13574,64469.5470144144,20930.5958540951,5300.38934151511,1068.04056946924,80938,411419.8280504,27299.0257650794
"Washington",2043,252454.809211108,33378.3305747621,134239.995038277,262040.587809734,77868,15695,64469.547014413,20618.0918394256,6126.87366019088,1234.92682612493,93563,420073.134824146,27979.8923257414
"Washington",2044,262025.25102154,33568.3867711493,134294.34212054,257346.432898815,89861,18211,64469.5470144144,20248.7425036193,7070.51669464238,1432.89279583059,108072,429887.979913229,28752.1519940923
"Washington",2045,272406.824483855,33870.6268281405,134630.649010706,251894.553308287,103562,20982,64469.5470144144,19819.7732548684,8148.54998197832,1650.92288408749,124544,440908.100322702,29619.2461209342
"Washington",2046,284821.282595417,34160.2763224193,132996.339006476,245704.350909898,118031,23773,64469.5470144144,19332.7106871135,9287.01167342156,1870.52662870136,141804,451977.897924313,30490.2489892364
"Washington",2047,294549.416304979,34397.4663994014,133444.082903601,238822.418593567,132708,26391,64469.5470144144,18791.2208602251,10441.8393909772,2076.51824582752,159099,462390.965607982,31309.5784970298
"Washington",2048,303462.838412465,34549.9062244726,133743.614527667,231394.812150192,147215,28677,64469.547014413,18206.7958553941,11583.2910294986,2256.38716742813,175892,471756.359164605,32046.4740523208
"Washington",2049,311565.312641218,34631.6092790907,133465.832239313,223570.207145207,161118,30505,64469.5470144144,17591.133885054,12677.2182460399,2400.21935845434,191623,479662.754159621,32668.5714895483
"Washington",2050,318213.658365185,34578.7766826287,133174.830566363,215526.718599763,174121,31850,64469.5470144144,16958.2495409701,13700.3309265179,2506.04774845995,205971,485967.265614178,33164.628215948
"West Virginia",2020,168.54076819407,95.8844633627242,55430,67081.9970610977,0,0,0,4418.41660385557,0,0,0,55694.4252315568,4418.41660385557
"West Virginia",2021,362.875575002805,266.674443266172,57728,66433.9557056246,0,0,0,5079.04043281687,0,0,0,58357.550018269,5079.04043281687
"West Virginia",2022,652.370377591474,314.014432673115,54732,65857.2350698057,0,0,0,5073.54540411586,0,0,0,55698.3848102646,5073.54540411586
"West Virginia",2023,955.267255251598,452.136307863915,58689,65328.6489680768,0,0,0,5469.53062868132,0,0,0,60096.4035631155,5469.53062868132
"West Virginia",2024,1077.9579872135,520.494143892917,57629,64875.5651690478,0,1,0,5868.21598298334,0,0.0904534082700071,1,59227.4521311064,5868.30643639161
"West Virginia",2025,5266.94294712252,1132.93509617738,55104.0346779043,64484.8075169877,0,2,-2982.8947957835,5073.84636382482,0,0.157365635696072,2,61503.9127212042,5074.00372946051
"West Virginia",2026,6955.35507882933,1490.60331371009,52742.5932886237,64157.4464769468,4,10,-2982.89479578366,5048.08867474073,0.314731271392145,0.786828178480361,14,61188.5516811631,5049.1902341906
"West Virginia",2027,9182.22736758602,2165.77478457772,49582.618387057,63883.5153350042,15,15,-2982.8947957835,5026.53500059636,1.18024226772054,1.18024226772054,30,60930.6205392207,5028.8954851318
"West Virginia",2028,11488.1817175001,2274.42789558588,46957.6526646829,63647.1570735524,27,29,-2982.8947957835,5007.93766656367,2.12443608189698,2.28180171759305,56,60720.2622777689,5012.34390436316
"West Virginia",2029,13091.0705243471,2811.30452173424,44636.0680319178,63430.3378737826,42,49,-2982.8947957835,4990.87772096222,3.30467834961752,3.85545807455377,91,60538.4430779991,4998.03785738639
"West Virginia",2030,15481.6402468267,3190.7505458619,41694.1463394578,63209.4319279299,70,70,-2982.8947957835,4973.49621866315,5.50779724936253,5.50779724936253,140,60366.5371321464,4984.51181316187
"West Virginia",2031,16499.458780468,3639.49547189516,34701.0625520434,62955.1310976099,114,87,-8316.11429320332,4953.48711275248,8.96984123467612,6.84540515277914,201,54840.0168044066,4969.30235913993
"West Virginia",2032,18548.7499759256,4290.86913397861,31744.6560536691,62624.3894567768,169,107,-8316.11429320348,4927.46342847205,13.2973962163181,8.41906150973987,276,54584.2751635734,4949.1798861981
"West Virginia",2033,21790.9244663285,4726.3281948156,27776.7968501652,62206.1638045128,265,139,-8316.11429320348,4894.55625565558,20.8509467297296,10.936911680877,404,54294.0495113093,4926.34411406618
"West Virginia",2034,23488.2160151023,4843.2197504323,25631.8706692986,61676.4207280365,415,188,-8316.11429320332,4852.87457766294,32.653369406935,14.7923697554308,603,53963.3064348332,4900.3203168253
"West Virginia",2035,24919.8448221299,4853.25874120873,23824.0113797496,61026.2292362915,633,254,-8316.11429320332,4801.71567895162,49.8062236978069,19.9854357334012,887,53597.1149430882,4871.50733838283
"West Virginia",2036,26092.4140525507,4808.96061686024,22289.7079686588,60246.1969312732,925,336,-8316.11429320348,4740.34053918029,72.7816065094334,26.4374267969401,1261,53191.0826380698,4839.55957248666
"West Virginia",2037,27178.0609624512,4749.00039887889,21146.0176685206,59330.1933230542,1575,484,-8316.11429320348,4668.26679412664,123.925438110657,38.0824838384495,2059,53073.0790298507,4830.27471607575
"West Virginia",2038,28190.3579154053,4677.53975653362,20250.0898101785,58275.1017753207,2491,668,-8316.11429320332,4585.24921806332,195.998899259458,52.5601223224881,3159,53117.9874821174,4833.80823964527
"West Virginia",2039,29196.6092225842,4617.37970909133,19582.9977416398,57079.1009665186,3709,925,-8316.11429320332,4491.14450427825,291.834571398366,72.7816065094334,4634,53396.9866733153,4855.76068218605
"West Virginia",2040,30140.2907171938,4562.27361405746,19168.0997408183,55741.778365273,5227,1218,-8316.11429320348,4385.92019364037,411.275088891685,95.835672138908,6445,53870.6640720695,4893.03095467097
"West Virginia",2041,29900.4447639765,4385.60239875543,19529.7849739784,54271.4255896634,6945,1557,-8957.59345295302,4270.22869402473,546.452169954611,122.509147389392,8502,53815.8321367104,4939.19001136874
"West Virginia",2042,30579.1581564326,4326.49692326905,19551.7735849239,52666.0221175785,8822,1927,-8957.59345295286,4143.91102505807,694.139819055375,151.621789993166,10749,54457.4286646256,4989.67263410661
"West Virginia",2043,31311.0597407478,4283.77961773128,19414.6668158212,50931.0996272533,10722,2314,-8957.59345295302,4007.40243477135,843.637172966643,182.072040500356,13036,55009.5061743003,5033.11164823835
"West Virginia",2044,32914.9766939146,4327.62065463182,18243.4752229111,49076.6660244106,12641,2726,-8957.59345295302,3861.4903733876,994.629500417025,214.489361453747,15367,55486.0725714576,5070.60923525837
"West Virginia",2045,33889.1885873187,4307.2451103186,17728.3432360696,47117.3703866598,14629,3136,-8957.59345295286,3707.32747161201,1151.05094229892,246.749316771441,17765,55924.776933707,5105.12773068237
"West Virginia",2046,34648.7894464208,4267.18698385966,17337.8498173037,45079.4197005372,16600,3532,-8957.59345295302,3546.97576899254,1306.1347762774,277.907712639264,20132,56253.8262475842,5131.0182579092
"West Virginia",2047,35171.6650742835,4214.25740882458,17057.6175899341,42987.1335259953,18533,3881,-8957.59345295302,3382.34879703509,1458.22866317765,305.368016068228,22414,56443.5400730422,5145.94547628097
"West Virginia",2048,35582.1810704482,4151.94865848105,16747.8968686381,40873.6200505204,20393,4173,-8957.59345295302,3216.05160122493,1604.578704375,328.343398879855,24566,56482.0265975674,5148.97370447979
"West Virginia",2049,35846.4477621075,4081.83169707791,16400.2500298078,38768.1229419461,22131,4387,-8957.59345295286,3050.38515575141,1741.32944179489,345.181521899335,26518,56328.5294889932,5136.89611944564
"West Virginia",2050,35974.020634643,3993.63871946257,16031.5805804313,36701.8333874899,23728,4527,-8957.59345295302,2887.80367111684,1866.9859018982,356.19711639806,28255,55999.2399345369,5110.9866894131
"Wisconsin",2020,1769.67806603774,808.169048342961,206535,244528.273359494,4,2,0,16106.0765996528,0.263463629434366,0.131731814717183,6,209112.847114381,16106.4717950969
"Wisconsin",2021,3374.74284752609,2053.39321314952,212974,244789.903840431,5,6,0,18714.7943539607,0.382262382156092,0.45871485858731,11,218402.136060676,18715.6353312015
"Wisconsin",2022,5390.63943588744,2242.9602333794,199320,244906.873949527,15,9,0,18867.2686219815,1.15557813778656,0.693346882671937,24,206953.599669267,18869.117547002
"Wisconsin",2023,8495.05523420171,3139.83547127719,212821,244761.179872397,26,16,0,20492.2157609356,2.17680601990108,1.33957293532374,42,224455.890705479,20495.7321398908
"Wisconsin",2024,9586.12638629149,3614.54266592304,208978,244452.801553395,43,26,0,22111.5890616563,3.88949655561031,2.35178861502019,69,222178.669052215,22117.8303468269
"Wisconsin",2025,19470.855207622,4249.672490226,232700.215516486,243946.850582042,65,43,12365.8926322919,19194.4256089489,5.11438316012235,3.38336116746555,108,256420.743214334,19202.9233532765
"Wisconsin",2026,25845.4152977304,5630.89769025787,224547.23666978,243413.657025475,145,99,12365.8926322927,19152.4724374598,11.4090085879652,7.78959896695558,244,256023.549657768,19171.6710450147
"Wisconsin",2027,34032.0145208398,8166.88231935403,213340.397362598,242748.401570499,260,165,12365.8926322927,19100.1282636735,20.4575326404894,12.982664944926,425,255539.294202792,19133.5684612589
"Wisconsin",2028,42746.8330769865,8625.16502138652,203630.188325129,241947.29379121,419,270,12365.8926322927,19037.094846199,32.9681006783271,21.2443608189698,689,255002.186423502,19091.3073076963
"Wisconsin",2029,51576.7250307819,11264.8418050668,191541.586665408,241007.260868964,607,403,12365.8926322919,18963.1304070069,47.7604704337579,31.7091755927586,1010,254383.153501256,19042.6000530334
"Wisconsin",2030,60761.3362888383,12750.0635102345,180201.222412321,239899.729579101,884,563,12365.8926322927,18875.9867242656,69.555610977664,44.2984264484443,1447,253712.622211394,18989.8407616917
"Wisconsin",2031,66789.9048240784,15021.0502798896,156996.117851615,238604.171514151,1195,705,-1697.09855856838,18774.0485650295,94.0259673284032,55.4713865828655,1900,238807.072955583,18923.5459189408
"Wisconsin",2032,75349.4046038538,17770.4448989067,144653.00711272,237051.955174048,1573,845,-1697.09855856765,18651.9158094804,123.768072474961,66.4869810815905,2418,237772.85661548,18842.170863037
"Wisconsin",2033,89240.5516577021,19743.9615119565,127783.690890238,235263.302618465,2132,1070,-1697.09855856838,18511.1795862561,167.751767652013,84.1906150973987,3202,236768.204059897,18763.1219690055
"Wisconsin",2034,96733.099677473,20375.6151468102,118694.175723893,233208.989106744,2964,1327,-1697.09855856765,18349.5404104106,233.215872101579,104.412099284344,4291,235802.890548177,18687.1683817965
"Wisconsin",2035,103316.207805068,20573.4473108764,111195.213086726,230906.96676124,4195,1680,-1697.09855856838,18168.4108055171,330.074420872512,132.187133984701,5875,235084.868202671,18630.6723603744
"Wisconsin",2036,109028.105965831,20562.1457011926,104963.317890135,228351.668115727,5780,2119,-1697.09855856838,17967.3527076449,454.786687161649,166.728891019989,7899,234553.569557158,18588.8682858266
"Wisconsin",2037,114270.026472735,20429.8385137179,100101.857313913,225528.820858933,8311,2659,-1697.09855856765,17745.2431311258,653.932899135028,209.217612657928,10970,234801.722300366,18608.3936429188
"Wisconsin",2038,119199.404070434,20230.5537723533,96300.8225498004,222414.878951156,11677,3336,-1697.09855856838,17500.2294072068,918.779264011518,262.485880341049,15013,235730.780392588,18681.4945515594
"Wisconsin",2039,124022.164535045,20053.2972053089,93463.9310660706,218975.491364992,16040,4221,-1697.09855856765,17229.6087002559,1262.0723982825,332.120174136561,20261,237539.392806425,18823.801272675
"Wisconsin",2040,128681.521195813,19896.5272805858,91520.0976831596,215169.244718127,21410,5216,-1697.09855856838,16930.1224886559,1684.59913012645,410.409577895357,26626,240098.146159559,19025.1311966777
"Wisconsin",2041,130369.356520104,19359.0647323383,88192.4876427849,210974.791895829,27691,6429,-7173.88300060181,16600.0911212668,2178.80590902997,505.851835945024,34120,237920.908895227,19284.7488662418
"Wisconsin",2042,135071.673895009,19314.8185612371,87297.6976554458,206318.073112294,34749,7791,-7173.88300060254,16233.6873654525,2734.14923740141,613.01783385405,42540,241684.190111692,19580.8544367079
"Wisconsin",2043,139502.070933576,19277.5073915474,86746.5995841889,201182.060909915,42206,9312,-7173.88300060181,15829.5714528673,3320.88701009421,732.694399800913,51518,245526.177909313,19883.1528627624
"Wisconsin",2044,143905.634739738,19249.2257220691,86274.6729337036,195561.416396114,50039,11003,-7173.88300060254,15387.3233043993,3937.20952229788,865.747044781942,61042,249429.533395511,20190.2798714792
"Wisconsin",2045,148237.438340311,19243.3954548951,86010.0937764147,189483.810572223,58406,12775,-7173.88300060181,14909.120152406,4595.5486592324,1005.17299800866,71181,253490.927571621,20509.841809647
"Wisconsin",2046,152280.816549889,19193.6720847962,85728.3107953111,183006.682430598,66876,14494,-7173.88300060181,14399.4814586601,5261.99212640527,1140.42876188944,81370,257202.799429996,20801.9023469548
"Wisconsin",2047,155962.08891483,19127.0667592131,85322.5319036405,176201.570578286,75313,16071,-7173.88300060254,13864.0360823491,5925.83906058915,1264.51156563579,91384,260411.687577683,21054.3867085741
"Wisconsin",2048,159253.699790261,19018.8774092337,84667.7147649314,169178.174965028,83527,17409,-7173.88300060181,13311.4155246365,6572.13972639291,1369.78917591646,100936,262940.291964426,21253.3444269458
"Wisconsin",2049,162028.024438269,18876.2927540553,83732.1537245232,162044.35391745,91314,18452,-7173.88300060254,12750.1063825894,7184.84282897557,1451.85535493196,109766,264636.470916847,21386.8045664969
"Wisconsin",2050,164213.866311081,18654.7732274354,82615.5788078746,154923.101346993,98546,19189,-7173.88300060181,12189.7861637383,7753.87696765257,1509.84459168597,117735,265484.218346391,21453.5077230768
"Wyoming",2020,84.2703840970351,41.0933414411675,20797,30584.0127344784,0,0,0,2014.44374942314,0,0,0,20922.3637255382,2014.44374942314
"Wyoming",2021,181.437787501402,106.669777306469,21965,29378.5810078719,0,0,0,2246.06527208697,0,0,0,22253.1075648079,2246.06527208697
"Wyoming",2022,274.682264249042,134.577614002764,20853,28286.7550390499,0,0,0,2179.17038080333,0,0,0,21262.2598782518,2179.17038080333
"Wyoming",2023,375.283564563128,200.94947016174,22393,27290.9353819812,0,0,0,2284.8874010857,0,0,0,22969.2330347249,2284.8874010857
"Wyoming",2024,423.483494976732,231.330730619074,21988,26394.5157686913,0,0,0,2387.47391091457,0,0,0,22642.8142255958,2387.47391091457
"Wyoming",2025,2304.47335136856,480.809872075662,23608.0492217979,25587.3863844421,0,0,805.946060800041,2013.28766209438,0,0,0,26393.3324452421,2013.28766209438
"Wyoming",2026,2908.71579028327,607.586190597924,22170.0228098718,24876.3787299528,2,2,805.946060800134,1957.34357632764,0.157365635696072,0.157365635696072,4,25686.324790753,1957.65830759903
"Wyoming",2027,3760.4614809619,866.367804094402,20436.7129248035,24246.5961490598,8,3,805.946060800041,1907.79050823137,0.629462542784289,0.236048453544108,11,25063.5422098598,1908.6560192277
"Wyoming",2028,4616.28586591008,891.811786490724,19008.9940039569,23692.1455955577,13,6,805.946060800041,1864.16477632442,1.02287663202447,0.472096907088217,19,24517.0916563577,1865.65974986353
"Wyoming",2029,5425.54884429858,1135.34633223285,17489.859538357,23207.8086540883,26,11,805.946060800134,1826.0557809817,2.04575326404894,0.865510996328398,37,24050.7547148884,1828.96704524208
"Wyoming",2030,6256.75815950378,1258.72698533043,16142.1902064054,22785.7292904396,45,21,805.946060800041,1792.84538729432,3.54072680316163,1.65233917480876,66,23657.6753512397,1798.03845327229
"Wyoming",2031,6689.43990776593,1443.26185825579,13626.5534573542,22418.1612159506,65,27,-750.905992574628,1763.92409544255,5.11438316012235,2.12443608189698,92,21759.255223376,1771.16291468457
"Wyoming",2032,7441.50422223901,1684.40949230336,12342.0070027379,22091.8267098549,88,39,-750.905992574628,1738.24717694189,6.92408797062718,3.06862989607341,127,21467.9207172803,1748.23989480859
"Wyoming",2033,8673.06806309762,1842.18317383394,10715.5832132823,21801.7404427886,129,51,-750.905992574721,1715.4223720301,10.1500835023967,4.01282371024984,180,21230.8344502138,1729.58527924274
"Wyoming",2034,9306.49485556377,1882.74250764631,9855.44939082283,21537.5927466075,186,72,-750.905992574628,1694.63848696651,14.6350041197347,5.6651628850586,258,21044.6867540329,1714.9386539713
"Wyoming",2035,9869.24980884511,1886.11387800561,9163.54652640031,21292.8162058257,277,100,-750.905992574628,1675.37877899469,21.795140543906,7.86828178480361,377,20918.910213251,1705.0422013234
"Wyoming",2036,10367.2653993383,1874.2603843149,8598.06445360604,21058.4962298338,394,138,-750.905992574628,1656.94182300557,31.0010302321262,10.858228863029,532,20839.5902372592,1698.80108210073
"Wyoming",2037,10870.5026706931,1864.23452521736,8202.21203831557,20824.8552268007,665,198,-750.905992574628,1638.55829052208,52.324073868944,15.5791979339112,863,20936.949234226,1706.46156232494
"Wyoming",2038,11367.289530105,1850.2929565132,7928.0206177707,20581.5090969637,1043,272,-750.905992574721,1619.41113131409,82.0661790155017,21.4017264546658,1315,21145.6031043889,1722.87903678426
"Wyoming",2039,11902.1527725258,1843.21607671805,7741.08183720964,20317.3566790281,1543,377,-750.905992574628,1598.62687472955,121.40758793952,29.6634223287096,1920,21486.4506864535,1749.69788499778
"Wyoming",2040,12437.4051426357,1841.14127089806,7642.67658704172,20021.1289931501,2154,497,-750.905992574628,1575.31884568007,169.48278964467,39.105360470474,2651,21921.2230005755,1783.90699579521
"Wyoming",2041,12708.603865545,1805.43034211749,7390.71307110892,19688.4125787375,2859,629,-1271.66529996602,1549.13978064978,224.954176227535,49.4914924264147,3488,21904.7472787714,1823.58544930373
"Wyoming",2042,13247.3467051256,1810.50694099583,7363.74251631919,19302.2614624066,3618,773,-1271.66529996602,1518.75632270171,284.674434974195,60.8218181965319,4391,22421.5961624406,1864.25257587243
"Wyoming",2043,13688.5616112509,1808.25568509043,7387.1980119285,18856.6806082359,4376,923,-1271.66529996602,1483.69676551642,344.316010903006,72.6242408737374,5299,22884.0153082699,1900.63701729316
"Wyoming",2044,14096.614942704,1801.32072163126,7403.45043192082,18349.0513962221,5141,1083,-1271.66529996602,1443.7550686932,404.508366556754,85.2134917294231,6224,23301.3860962561,1933.47692697937
"Wyoming",2045,14448.0986288791,1792.82975686821,7424.87317331278,17781.466859026,5917,1239,-1271.66529996592,1399.09591793964,465.56623320683,97.4880113137168,7156,23665.8015590601,1962.15016246018
"Wyoming",2046,14742.5369490408,1779.19404059613,7445.58923824151,17159.9855278445,6686,1393,-1271.66529996602,1350.19601556232,526.07332013197,109.605165262314,8079,23967.3202278785,1985.87450095661
"Wyoming",2047,15054.6787192495,1765.04682456881,7366.36889029226,16491.7597340766,7437,1529,-1271.66529996602,1297.61812714992,585.164116335845,120.306028489647,8966,24186.0944341106,2003.08827197542
"Wyoming",2048,15312.7232224425,1749.25660713315,7263.90019295419,15790.5453224958,8169,1638,-1271.66529996602,1242.4446013311,642.759939000607,128.882455635083,9807,24325.8800225298,2014.08699596679
"Wyoming",2049,15506.9966094749,1726.46045465602,7134.99829649725,15068.1206605942,8855,1717,-1271.66529996602,1185.60219324976,696.73635204436,135.098398245078,10572,24368.4553606281,2017.4369435392
"Wyoming",2050,15645.525411424,1698.78278728824,7012.98023716012,14339.9537358384,9509,1780,-1271.66529996602,1128.30796774624,748.194914916976,140.055415769504,11289,24357.2884358724,2016.55829843272
